[1;38;2;49;54;149m    [INFO][0m - [38;2;116;173;209minputfiles.py:from_file:136[0m - Loading the reduction file
[1;38;2;49;54;149m    [INFO][0m - [38;2;116;173;209minputfiles.py:from_file:214[0m - PypeIt input file loaded successfully.
[1;38;2;49;54;149m    [INFO][0m - [38;2;116;173;209minputfiles.py:vet:685[0m - PypeIt file successfully vetted.
[1;38;2;49;54;149m    [INFO][0m - [38;2;116;173;209mpypeit.py:__init__:82[0m - Loaded spectrograph keck_kcrm
[1;38;2;49;54;149m    [INFO][0m - [38;2;116;173;209mpypeit.py:__init__:83[0m - Setting configuration-specific parameters using KR.20240402.20507.99.fits.
[1;38;2;253;174;97m [WARNING][0m - [38;2;116;173;209mparset.py:to_config:662[0m - Selected configuration file already exists and will be overwritten!
[1;38;2;49;54;149m    [INFO][0m - [38;2;116;173;209mpypeit.py:__init__:99[0m - Compiling metadata
[1;38;2;49;54;149m    [INFO][0m - [38;2;116;173;209mmetadata.py:_build:206[0m - Building metadata for 27 files.
[1;38;2;49;54;149m    [INFO][0m - [38;2;116;173;209mmetadata.py:_build:235[0m - Adding metadata for KR.20240402.13979.69.fits
[1;38;2;49;54;149m    [INFO][0m - [38;2;116;173;209mmetadata.py:_build:235[0m - Adding metadata for KR.20240402.14084.79.fits
[1;38;2;49;54;149m    [INFO][0m - [38;2;116;173;209mmetadata.py:_build:235[0m - Adding metadata for KR.20240402.14189.85.fits
[1;38;2;49;54;149m    [INFO][0m - [38;2;116;173;209mmetadata.py:_build:235[0m - Adding metadata for KR.20240402.14274.51.fits
[1;38;2;49;54;149m    [INFO][0m - [38;2;116;173;209mmetadata.py:_build:235[0m - Adding metadata for KR.20240402.14324.49.fits
[1;38;2;49;54;149m    [INFO][0m - [38;2;116;173;209mmetadata.py:_build:235[0m - Adding metadata for KR.20240402.14374.47.fits
[1;38;2;49;54;149m    [INFO][0m - [38;2;116;173;209mmetadata.py:_build:235[0m - Adding metadata for KR.20240402.03407.50.fits
[1;38;2;49;54;149m    [INFO][0m - [38;2;116;173;209mmetadata.py:_build:235[0m - Adding metadata for KR.20240402.07499.97.fits
[1;38;2;49;54;149m    [INFO][0m - [38;2;116;173;209mmetadata.py:_build:235[0m - Adding metadata for KR.20240402.07601.97.fits
[1;38;2;49;54;149m    [INFO][0m - [38;2;116;173;209mmetadata.py:_build:235[0m - Adding metadata for KR.20240402.07703.98.fits
[1;38;2;49;54;149m    [INFO][0m - [38;2;116;173;209mmetadata.py:_build:235[0m - Adding metadata for KR.20240402.07805.98.fits
[1;38;2;49;54;149m    [INFO][0m - [38;2;116;173;209mmetadata.py:_build:235[0m - Adding metadata for KR.20240402.07906.96.fits
[1;38;2;49;54;149m    [INFO][0m - [38;2;116;173;209mmetadata.py:_build:235[0m - Adding metadata for KR.20240402.08007.94.fits
[1;38;2;49;54;149m    [INFO][0m - [38;2;116;173;209mmetadata.py:_build:235[0m - Adding metadata for KR.20240402.08109.94.fits
[1;38;2;49;54;149m    [INFO][0m - [38;2;116;173;209mmetadata.py:_build:235[0m - Adding metadata for KR.20240402.16138.10.fits
[1;38;2;49;54;149m    [INFO][0m - [38;2;116;173;209mmetadata.py:_build:235[0m - Adding metadata for KR.20240402.16538.97.fits
[1;38;2;49;54;149m    [INFO][0m - [38;2;116;173;209mmetadata.py:_build:235[0m - Adding metadata for KR.20240402.14698.84.fits
[1;38;2;49;54;149m    [INFO][0m - [38;2;116;173;209mmetadata.py:_build:235[0m - Adding metadata for KR.20240402.14864.90.fits
[1;38;2;49;54;149m    [INFO][0m - [38;2;116;173;209mmetadata.py:_build:235[0m - Adding metadata for KR.20240402.15030.35.fits
[1;38;2;49;54;149m    [INFO][0m - [38;2;116;173;209mmetadata.py:_build:235[0m - Adding metadata for KR.20240402.15196.61.fits
[1;38;2;49;54;149m    [INFO][0m - [38;2;116;173;209mmetadata.py:_build:235[0m - Adding metadata for KR.20240402.15361.85.fits
[1;38;2;49;54;149m    [INFO][0m - [38;2;116;173;209mmetadata.py:_build:235[0m - Adding metadata for KR.20240402.15528.13.fits
[1;38;2;49;54;149m    [INFO][0m - [38;2;116;173;209mmetadata.py:_build:235[0m - Adding metadata for KR.20240402.20507.99.fits
[1;38;2;49;54;149m    [INFO][0m - [38;2;116;173;209mmetadata.py:_build:235[0m - Adding metadata for KR.20240402.20808.91.fits
[1;38;2;49;54;149m    [INFO][0m - [38;2;116;173;209mmetadata.py:_build:235[0m - Adding metadata for KR.20240402.14443.83.fits
[1;38;2;49;54;149m    [INFO][0m - [38;2;116;173;209mmetadata.py:_build:235[0m - Adding metadata for KR.20240402.14493.81.fits
[1;38;2;49;54;149m    [INFO][0m - [38;2;116;173;209mmetadata.py:_build:235[0m - Adding metadata for KR.20240402.14543.79.fits
[1;38;2;253;174;97m [WARNING][0m - [38;2;116;173;209mmetadata.py:_vet_instrument:180[0m - The instrument name in the headers of the raw files does not match the expected one! Found KCWI, expected KCRM.  You may have chosen the wrong PypeIt spectrograph name!
[1;38;2;253;174;97m [WARNING][0m - [38;2;116;173;209mmetadata.py:get_frame_types:1384[0m - Removing existing frametype and framebit columns.
[1;38;2;49;54;149m    [INFO][0m - [38;2;116;173;209mmetadata.py:get_frame_types:1391[0m - Typing files
[1;38;2;49;54;149m    [INFO][0m - [38;2;116;173;209mmetadata.py:get_frame_types:1401[0m - Using user-provided frame types.
[1;38;2;49;54;149m    [INFO][0m - [38;2;116;173;209mmetadata.py:unique_configurations:696[0m - Setup column already set.  Finding unique configurations.
[1;38;2;49;54;149m    [INFO][0m - [38;2;116;173;209mmetadata.py:unique_configurations:706[0m - Found 1 unique configurations.
[1;38;2;49;54;149m    [INFO][0m - [38;2;116;173;209mcalibrations.py:association_summary:1731[0m - Calibration association file written to: /Users/kaiwenzhang/PycharmProjects/KCWI/KCWI_RED_channel_characterization/RM1 pypeit run/2024-04-01/pypeit_run/keck_kcrm_B/keck_kcrm_B.calib
[1;38;2;49;54;149m    [INFO][0m - [38;2;116;173;209mpypeit.py:__init__:133[0m - Setting reduction path to /Users/kaiwenzhang/PycharmProjects/KCWI/KCWI_RED_channel_characterization/RM1 pypeit run/2024-04-01/pypeit_run/keck_kcrm_B
[1;38;2;49;54;149m    [INFO][0m - [38;2;116;173;209mpypeit.py:__init__:134[0m - Calibration frames saved to: /Users/kaiwenzhang/PycharmProjects/KCWI/KCWI_RED_channel_characterization/RM1 pypeit run/2024-04-01/pypeit_run/keck_kcrm_B/Calibrations
[1;38;2;49;54;149m    [INFO][0m - [38;2;116;173;209mpypeit.py:__init__:135[0m - Science data output to: /Users/kaiwenzhang/PycharmProjects/KCWI/KCWI_RED_channel_characterization/RM1 pypeit run/2024-04-01/pypeit_run/keck_kcrm_B/Science
[1;38;2;49;54;149m    [INFO][0m - [38;2;116;173;209mpypeit.py:__init__:136[0m - Quality assessment plots output to: /Users/kaiwenzhang/PycharmProjects/KCWI/KCWI_RED_channel_characterization/RM1 pypeit run/2024-04-01/pypeit_run/keck_kcrm_B/QA
[1;38;2;49;54;149m    [INFO][0m - [38;2;116;173;209mpypeit.py:calib_all:183[0m - Detectors to work on: [1]
[1;38;2;49;54;149m    [INFO][0m - [38;2;116;173;209mpypeit.py:calib_all:187[0m - Working on detector 1
[1;38;2;49;54;149m    [INFO][0m - [38;2;116;173;209mpypeit_steps.py:calib_one:173[0m - Building/loading calibrations for detector 1
[1;38;2;49;54;149m    [INFO][0m - [38;2;116;173;209mcalibrations.py:get_bias:569[0m - Preparing a Bias calibration frame.
[1;38;2;49;54;149m    [INFO][0m - [38;2;116;173;209mkeck_kcwi.py:get_rawimage:1426[0m - Reading KCWI file: /Users/kaiwenzhang/PycharmProjects/KCWI/KCWI_RED_channel_characterization/fits/by_night/RM1/2024-04-01/KR.20240402.03407.50.fits
[1;38;2;49;54;149m    [INFO][0m - [38;2;116;173;209mrawimage.py:process:564[0m - Performing basic image processing on KR.20240402.03407.50.fits.
[1;38;2;49;54;149m    [INFO][0m - [38;2;116;173;209mrawimage.py:estimate_readnoise:359[0m - Estimated readnoise of amplifier 1 = 3.996 e-
[1;38;2;49;54;149m    [INFO][0m - [38;2;116;173;209mrawimage.py:estimate_readnoise:359[0m - Estimated readnoise of amplifier 2 = 3.977 e-
[1;38;2;49;54;149m    [INFO][0m - [38;2;116;173;209mkeck_kcwi.py:get_rawimage:1426[0m - Reading KCWI file: /Users/kaiwenzhang/PycharmProjects/KCWI/KCWI_RED_channel_characterization/fits/by_night/RM1/2024-04-01/KR.20240402.03407.50.fits
[1;38;2;49;54;149m    [INFO][0m - [38;2;116;173;209mkeck_kcwi.py:get_rawimage:1426[0m - Reading KCWI file: /Users/kaiwenzhang/PycharmProjects/KCWI/KCWI_RED_channel_characterization/fits/by_night/RM1/2024-04-01/KR.20240402.07499.97.fits
[1;38;2;49;54;149m    [INFO][0m - [38;2;116;173;209mrawimage.py:process:564[0m - Performing basic image processing on KR.20240402.07499.97.fits.
[1;38;2;49;54;149m    [INFO][0m - [38;2;116;173;209mrawimage.py:estimate_readnoise:359[0m - Estimated readnoise of amplifier 1 = 4.257 e-
[1;38;2;49;54;149m    [INFO][0m - [38;2;116;173;209mrawimage.py:estimate_readnoise:359[0m - Estimated readnoise of amplifier 2 = 4.198 e-
[1;38;2;49;54;149m    [INFO][0m - [38;2;116;173;209mkeck_kcwi.py:get_rawimage:1426[0m - Reading KCWI file: /Users/kaiwenzhang/PycharmProjects/KCWI/KCWI_RED_channel_characterization/fits/by_night/RM1/2024-04-01/KR.20240402.07499.97.fits
[1;38;2;49;54;149m    [INFO][0m - [38;2;116;173;209mkeck_kcwi.py:get_rawimage:1426[0m - Reading KCWI file: /Users/kaiwenzhang/PycharmProjects/KCWI/KCWI_RED_channel_characterization/fits/by_night/RM1/2024-04-01/KR.20240402.07601.97.fits
[1;38;2;49;54;149m    [INFO][0m - [38;2;116;173;209mrawimage.py:process:564[0m - Performing basic image processing on KR.20240402.07601.97.fits.
[1;38;2;49;54;149m    [INFO][0m - [38;2;116;173;209mrawimage.py:estimate_readnoise:359[0m - Estimated readnoise of amplifier 1 = 4.246 e-
[1;38;2;49;54;149m    [INFO][0m - [38;2;116;173;209mrawimage.py:estimate_readnoise:359[0m - Estimated readnoise of amplifier 2 = 4.193 e-
[1;38;2;49;54;149m    [INFO][0m - [38;2;116;173;209mkeck_kcwi.py:get_rawimage:1426[0m - Reading KCWI file: /Users/kaiwenzhang/PycharmProjects/KCWI/KCWI_RED_channel_characterization/fits/by_night/RM1/2024-04-01/KR.20240402.07601.97.fits
[1;38;2;49;54;149m    [INFO][0m - [38;2;116;173;209mkeck_kcwi.py:get_rawimage:1426[0m - Reading KCWI file: /Users/kaiwenzhang/PycharmProjects/KCWI/KCWI_RED_channel_characterization/fits/by_night/RM1/2024-04-01/KR.20240402.07703.98.fits
[1;38;2;49;54;149m    [INFO][0m - [38;2;116;173;209mrawimage.py:process:564[0m - Performing basic image processing on KR.20240402.07703.98.fits.
[1;38;2;49;54;149m    [INFO][0m - [38;2;116;173;209mrawimage.py:estimate_readnoise:359[0m - Estimated readnoise of amplifier 1 = 4.251 e-
[1;38;2;49;54;149m    [INFO][0m - [38;2;116;173;209mrawimage.py:estimate_readnoise:359[0m - Estimated readnoise of amplifier 2 = 4.166 e-
[1;38;2;49;54;149m    [INFO][0m - [38;2;116;173;209mkeck_kcwi.py:get_rawimage:1426[0m - Reading KCWI file: /Users/kaiwenzhang/PycharmProjects/KCWI/KCWI_RED_channel_characterization/fits/by_night/RM1/2024-04-01/KR.20240402.07703.98.fits
[1;38;2;49;54;149m    [INFO][0m - [38;2;116;173;209mkeck_kcwi.py:get_rawimage:1426[0m - Reading KCWI file: /Users/kaiwenzhang/PycharmProjects/KCWI/KCWI_RED_channel_characterization/fits/by_night/RM1/2024-04-01/KR.20240402.07805.98.fits
[1;38;2;49;54;149m    [INFO][0m - [38;2;116;173;209mrawimage.py:process:564[0m - Performing basic image processing on KR.20240402.07805.98.fits.
[1;38;2;49;54;149m    [INFO][0m - [38;2;116;173;209mrawimage.py:estimate_readnoise:359[0m - Estimated readnoise of amplifier 1 = 4.246 e-
[1;38;2;49;54;149m    [INFO][0m - [38;2;116;173;209mrawimage.py:estimate_readnoise:359[0m - Estimated readnoise of amplifier 2 = 4.176 e-
[1;38;2;49;54;149m    [INFO][0m - [38;2;116;173;209mkeck_kcwi.py:get_rawimage:1426[0m - Reading KCWI file: /Users/kaiwenzhang/PycharmProjects/KCWI/KCWI_RED_channel_characterization/fits/by_night/RM1/2024-04-01/KR.20240402.07805.98.fits
[1;38;2;49;54;149m    [INFO][0m - [38;2;116;173;209mkeck_kcwi.py:get_rawimage:1426[0m - Reading KCWI file: /Users/kaiwenzhang/PycharmProjects/KCWI/KCWI_RED_channel_characterization/fits/by_night/RM1/2024-04-01/KR.20240402.07906.96.fits
[1;38;2;49;54;149m    [INFO][0m - [38;2;116;173;209mrawimage.py:process:564[0m - Performing basic image processing on KR.20240402.07906.96.fits.
[1;38;2;49;54;149m    [INFO][0m - [38;2;116;173;209mrawimage.py:estimate_readnoise:359[0m - Estimated readnoise of amplifier 1 = 4.243 e-
[1;38;2;49;54;149m    [INFO][0m - [38;2;116;173;209mrawimage.py:estimate_readnoise:359[0m - Estimated readnoise of amplifier 2 = 4.182 e-
[1;38;2;49;54;149m    [INFO][0m - [38;2;116;173;209mkeck_kcwi.py:get_rawimage:1426[0m - Reading KCWI file: /Users/kaiwenzhang/PycharmProjects/KCWI/KCWI_RED_channel_characterization/fits/by_night/RM1/2024-04-01/KR.20240402.07906.96.fits
[1;38;2;49;54;149m    [INFO][0m - [38;2;116;173;209mkeck_kcwi.py:get_rawimage:1426[0m - Reading KCWI file: /Users/kaiwenzhang/PycharmProjects/KCWI/KCWI_RED_channel_characterization/fits/by_night/RM1/2024-04-01/KR.20240402.08007.94.fits
[1;38;2;49;54;149m    [INFO][0m - [38;2;116;173;209mrawimage.py:process:564[0m - Performing basic image processing on KR.20240402.08007.94.fits.
[1;38;2;49;54;149m    [INFO][0m - [38;2;116;173;209mrawimage.py:estimate_readnoise:359[0m - Estimated readnoise of amplifier 1 = 4.251 e-
[1;38;2;49;54;149m    [INFO][0m - [38;2;116;173;209mrawimage.py:estimate_readnoise:359[0m - Estimated readnoise of amplifier 2 = 4.184 e-
[1;38;2;49;54;149m    [INFO][0m - [38;2;116;173;209mkeck_kcwi.py:get_rawimage:1426[0m - Reading KCWI file: /Users/kaiwenzhang/PycharmProjects/KCWI/KCWI_RED_channel_characterization/fits/by_night/RM1/2024-04-01/KR.20240402.08007.94.fits
[1;38;2;49;54;149m    [INFO][0m - [38;2;116;173;209mkeck_kcwi.py:get_rawimage:1426[0m - Reading KCWI file: /Users/kaiwenzhang/PycharmProjects/KCWI/KCWI_RED_channel_characterization/fits/by_night/RM1/2024-04-01/KR.20240402.08109.94.fits
[1;38;2;49;54;149m    [INFO][0m - [38;2;116;173;209mrawimage.py:process:564[0m - Performing basic image processing on KR.20240402.08109.94.fits.
[1;38;2;49;54;149m    [INFO][0m - [38;2;116;173;209mrawimage.py:estimate_readnoise:359[0m - Estimated readnoise of amplifier 1 = 4.254 e-
[1;38;2;49;54;149m    [INFO][0m - [38;2;116;173;209mrawimage.py:estimate_readnoise:359[0m - Estimated readnoise of amplifier 2 = 4.181 e-
[1;38;2;49;54;149m    [INFO][0m - [38;2;116;173;209mkeck_kcwi.py:get_rawimage:1426[0m - Reading KCWI file: /Users/kaiwenzhang/PycharmProjects/KCWI/KCWI_RED_channel_characterization/fits/by_night/RM1/2024-04-01/KR.20240402.08109.94.fits
[1;38;2;49;54;149m    [INFO][0m - [38;2;116;173;209mio.py:write_to_fits:672[0m - File written to: /Users/kaiwenzhang/PycharmProjects/KCWI/KCWI_RED_channel_characterization/RM1 pypeit run/2024-04-01/pypeit_run/keck_kcrm_B/Calibrations/Bias_B_1_DET01.fits
[1;38;2;253;174;97m [WARNING][0m - [38;2;116;173;209mcalibrations.py:get_dark:606[0m - No raw dark frames found and unable to identify a relevant processed calibration frame.  Continuing...
[1;38;2;49;54;149m    [INFO][0m - [38;2;116;173;209mkeck_kcwi.py:get_rawimage:1426[0m - Reading KCWI file: /Users/kaiwenzhang/PycharmProjects/KCWI/KCWI_RED_channel_characterization/fits/by_night/RM1/2024-04-01/KR.20240402.13979.69.fits
[1;38;2;253;174;97m [WARNING][0m - [38;2;116;173;209mkeck_kcwi.py:bpm:820[0m - KCRM bad pixel mask is not available for ampmode=L2U2L1U1 binning=1,1
[1;38;2;49;54;149m    [INFO][0m - [38;2;116;173;209mkeck_kcwi.py:get_rawimage:1426[0m - Reading KCWI file: /Users/kaiwenzhang/PycharmProjects/KCWI/KCWI_RED_channel_characterization/fits/by_night/RM1/2024-04-01/KR.20240402.14274.51.fits
[1;38;2;253;174;97m [WARNING][0m - [38;2;116;173;209mkeck_kcwi.py:bpm:820[0m - KCRM bad pixel mask is not available for ampmode=L2U2L1U1 binning=1,1
[1;38;2;49;54;149m    [INFO][0m - [38;2;116;173;209mcalibrations.py:get_arc:387[0m - Preparing a Arc calibration frame.
[1;38;2;49;54;149m    [INFO][0m - [38;2;116;173;209mkeck_kcwi.py:get_rawimage:1426[0m - Reading KCWI file: /Users/kaiwenzhang/PycharmProjects/KCWI/KCWI_RED_channel_characterization/fits/by_night/RM1/2024-04-01/KR.20240402.14274.51.fits
[1;38;2;49;54;149m    [INFO][0m - [38;2;116;173;209mrawimage.py:process:564[0m - Performing basic image processing on KR.20240402.14274.51.fits.
[1;38;2;49;54;149m    [INFO][0m - [38;2;116;173;209mrawimage.py:estimate_readnoise:359[0m - Estimated readnoise of amplifier 1 = 8.226 e-
[1;38;2;49;54;149m    [INFO][0m - [38;2;116;173;209mrawimage.py:estimate_readnoise:359[0m - Estimated readnoise of amplifier 2 = 8.409 e-
[1;38;2;49;54;149m    [INFO][0m - [38;2;116;173;209mrawimage.py:estimate_readnoise:359[0m - Estimated readnoise of amplifier 3 = 8.513 e-
[1;38;2;49;54;149m    [INFO][0m - [38;2;116;173;209mrawimage.py:estimate_readnoise:359[0m - Estimated readnoise of amplifier 4 = 7.987 e-
[1;38;2;49;54;149m    [INFO][0m - [38;2;116;173;209mkeck_kcwi.py:get_rawimage:1426[0m - Reading KCWI file: /Users/kaiwenzhang/PycharmProjects/KCWI/KCWI_RED_channel_characterization/fits/by_night/RM1/2024-04-01/KR.20240402.14324.49.fits
[1;38;2;49;54;149m    [INFO][0m - [38;2;116;173;209mrawimage.py:process:564[0m - Performing basic image processing on KR.20240402.14324.49.fits.
[1;38;2;49;54;149m    [INFO][0m - [38;2;116;173;209mrawimage.py:estimate_readnoise:359[0m - Estimated readnoise of amplifier 1 = 7.574 e-
[1;38;2;49;54;149m    [INFO][0m - [38;2;116;173;209mrawimage.py:estimate_readnoise:359[0m - Estimated readnoise of amplifier 2 = 7.722 e-
[1;38;2;49;54;149m    [INFO][0m - [38;2;116;173;209mrawimage.py:estimate_readnoise:359[0m - Estimated readnoise of amplifier 3 = 7.872 e-
[1;38;2;49;54;149m    [INFO][0m - [38;2;116;173;209mrawimage.py:estimate_readnoise:359[0m - Estimated readnoise of amplifier 4 = 7.426 e-
[1;38;2;49;54;149m    [INFO][0m - [38;2;116;173;209mkeck_kcwi.py:get_rawimage:1426[0m - Reading KCWI file: /Users/kaiwenzhang/PycharmProjects/KCWI/KCWI_RED_channel_characterization/fits/by_night/RM1/2024-04-01/KR.20240402.14374.47.fits
[1;38;2;49;54;149m    [INFO][0m - [38;2;116;173;209mrawimage.py:process:564[0m - Performing basic image processing on KR.20240402.14374.47.fits.
[1;38;2;49;54;149m    [INFO][0m - [38;2;116;173;209mrawimage.py:estimate_readnoise:359[0m - Estimated readnoise of amplifier 1 = 8.215 e-
[1;38;2;49;54;149m    [INFO][0m - [38;2;116;173;209mrawimage.py:estimate_readnoise:359[0m - Estimated readnoise of amplifier 2 = 8.393 e-
[1;38;2;49;54;149m    [INFO][0m - [38;2;116;173;209mrawimage.py:estimate_readnoise:359[0m - Estimated readnoise of amplifier 3 = 8.512 e-
[1;38;2;49;54;149m    [INFO][0m - [38;2;116;173;209mrawimage.py:estimate_readnoise:359[0m - Estimated readnoise of amplifier 4 = 7.967 e-
[1;38;2;253;174;97m [WARNING][0m - [38;2;116;173;209mcombineimage.py:run:195[0m - Exposure time is not consistent for all images being combined!  Using the average.
[1;38;2;49;54;149m    [INFO][0m - [38;2;116;173;209mio.py:write_to_fits:672[0m - File written to: /Users/kaiwenzhang/PycharmProjects/KCWI/KCWI_RED_channel_characterization/RM1 pypeit run/2024-04-01/pypeit_run/keck_kcrm_B/Calibrations/Arc_B_1_DET01.fits
[1;38;2;49;54;149m    [INFO][0m - [38;2;116;173;209mkeck_kcwi.py:get_rawimage:1426[0m - Reading KCWI file: /Users/kaiwenzhang/PycharmProjects/KCWI/KCWI_RED_channel_characterization/fits/by_night/RM1/2024-04-01/KR.20240402.14443.83.fits
[1;38;2;253;174;97m [WARNING][0m - [38;2;116;173;209mkeck_kcwi.py:bpm:820[0m - KCRM bad pixel mask is not available for ampmode=L2U2L1U1 binning=1,1
[1;38;2;49;54;149m    [INFO][0m - [38;2;116;173;209mcalibrations.py:get_tiltimg:439[0m - Preparing a Tiltimg calibration frame.
[1;38;2;49;54;149m    [INFO][0m - [38;2;116;173;209mkeck_kcwi.py:get_rawimage:1426[0m - Reading KCWI file: /Users/kaiwenzhang/PycharmProjects/KCWI/KCWI_RED_channel_characterization/fits/by_night/RM1/2024-04-01/KR.20240402.14443.83.fits
[1;38;2;49;54;149m    [INFO][0m - [38;2;116;173;209mrawimage.py:process:564[0m - Performing basic image processing on KR.20240402.14443.83.fits.
[1;38;2;49;54;149m    [INFO][0m - [38;2;116;173;209mrawimage.py:estimate_readnoise:359[0m - Estimated readnoise of amplifier 1 = 7.595 e-
[1;38;2;49;54;149m    [INFO][0m - [38;2;116;173;209mrawimage.py:estimate_readnoise:359[0m - Estimated readnoise of amplifier 2 = 7.762 e-
[1;38;2;49;54;149m    [INFO][0m - [38;2;116;173;209mrawimage.py:estimate_readnoise:359[0m - Estimated readnoise of amplifier 3 = 7.854 e-
[1;38;2;49;54;149m    [INFO][0m - [38;2;116;173;209mrawimage.py:estimate_readnoise:359[0m - Estimated readnoise of amplifier 4 = 7.442 e-
[1;38;2;49;54;149m    [INFO][0m - [38;2;116;173;209mkeck_kcwi.py:get_rawimage:1426[0m - Reading KCWI file: /Users/kaiwenzhang/PycharmProjects/KCWI/KCWI_RED_channel_characterization/fits/by_night/RM1/2024-04-01/KR.20240402.14493.81.fits
[1;38;2;49;54;149m    [INFO][0m - [38;2;116;173;209mrawimage.py:process:564[0m - Performing basic image processing on KR.20240402.14493.81.fits.
[1;38;2;49;54;149m    [INFO][0m - [38;2;116;173;209mrawimage.py:estimate_readnoise:359[0m - Estimated readnoise of amplifier 1 = 8.234 e-
[1;38;2;49;54;149m    [INFO][0m - [38;2;116;173;209mrawimage.py:estimate_readnoise:359[0m - Estimated readnoise of amplifier 2 = 8.437 e-
[1;38;2;49;54;149m    [INFO][0m - [38;2;116;173;209mrawimage.py:estimate_readnoise:359[0m - Estimated readnoise of amplifier 3 = 8.498 e-
[1;38;2;49;54;149m    [INFO][0m - [38;2;116;173;209mrawimage.py:estimate_readnoise:359[0m - Estimated readnoise of amplifier 4 = 7.998 e-
[1;38;2;49;54;149m    [INFO][0m - [38;2;116;173;209mkeck_kcwi.py:get_rawimage:1426[0m - Reading KCWI file: /Users/kaiwenzhang/PycharmProjects/KCWI/KCWI_RED_channel_characterization/fits/by_night/RM1/2024-04-01/KR.20240402.14543.79.fits
[1;38;2;49;54;149m    [INFO][0m - [38;2;116;173;209mrawimage.py:process:564[0m - Performing basic image processing on KR.20240402.14543.79.fits.
[1;38;2;49;54;149m    [INFO][0m - [38;2;116;173;209mrawimage.py:estimate_readnoise:359[0m - Estimated readnoise of amplifier 1 = 7.625 e-
[1;38;2;49;54;149m    [INFO][0m - [38;2;116;173;209mrawimage.py:estimate_readnoise:359[0m - Estimated readnoise of amplifier 2 = 7.767 e-
[1;38;2;49;54;149m    [INFO][0m - [38;2;116;173;209mrawimage.py:estimate_readnoise:359[0m - Estimated readnoise of amplifier 3 = 7.905 e-
[1;38;2;49;54;149m    [INFO][0m - [38;2;116;173;209mrawimage.py:estimate_readnoise:359[0m - Estimated readnoise of amplifier 4 = 7.446 e-
[1;38;2;253;174;97m [WARNING][0m - [38;2;116;173;209mcombineimage.py:run:195[0m - Exposure time is not consistent for all images being combined!  Using the average.
[1;38;2;49;54;149m    [INFO][0m - [38;2;116;173;209mio.py:write_to_fits:672[0m - File written to: /Users/kaiwenzhang/PycharmProjects/KCWI/KCWI_RED_channel_characterization/RM1 pypeit run/2024-04-01/pypeit_run/keck_kcrm_B/Calibrations/Tiltimg_B_1_DET01.fits
[1;38;2;49;54;149m    [INFO][0m - [38;2;116;173;209mcalibrations.py:get_slits:1076[0m - Creating edge tracing calibration frame using files: 
[1;38;2;49;54;149m    [INFO][0m - [38;2;116;173;209mcalibrations.py:get_slits:1078[0m -         KR.20240402.16138.10.fits
[1;38;2;49;54;149m    [INFO][0m - [38;2;116;173;209mcalibrations.py:get_slits:1078[0m -         KR.20240402.16538.97.fits
[1;38;2;49;54;149m    [INFO][0m - [38;2;116;173;209mkeck_kcwi.py:get_rawimage:1426[0m - Reading KCWI file: /Users/kaiwenzhang/PycharmProjects/KCWI/KCWI_RED_channel_characterization/fits/by_night/RM1/2024-04-01/KR.20240402.16138.10.fits
[1;38;2;49;54;149m    [INFO][0m - [38;2;116;173;209mkeck_kcwi.py:get_rawimage:1426[0m - Reading KCWI file: /Users/kaiwenzhang/PycharmProjects/KCWI/KCWI_RED_channel_characterization/fits/by_night/RM1/2024-04-01/KR.20240402.16138.10.fits
[1;38;2;49;54;149m    [INFO][0m - [38;2;116;173;209mrawimage.py:process:564[0m - Performing basic image processing on KR.20240402.16138.10.fits.
[1;38;2;49;54;149m    [INFO][0m - [38;2;116;173;209mrawimage.py:estimate_readnoise:359[0m - Estimated readnoise of amplifier 1 = 3.829 e-
[1;38;2;49;54;149m    [INFO][0m - [38;2;116;173;209mrawimage.py:estimate_readnoise:359[0m - Estimated readnoise of amplifier 2 = 3.828 e-
[1;38;2;49;54;149m    [INFO][0m - [38;2;116;173;209mkeck_kcwi.py:get_rawimage:1426[0m - Reading KCWI file: /Users/kaiwenzhang/PycharmProjects/KCWI/KCWI_RED_channel_characterization/fits/by_night/RM1/2024-04-01/KR.20240402.16538.97.fits
[1;38;2;49;54;149m    [INFO][0m - [38;2;116;173;209mrawimage.py:process:564[0m - Performing basic image processing on KR.20240402.16538.97.fits.
[1;38;2;49;54;149m    [INFO][0m - [38;2;116;173;209mrawimage.py:estimate_readnoise:359[0m - Estimated readnoise of amplifier 1 = 3.746 e-
[1;38;2;49;54;149m    [INFO][0m - [38;2;116;173;209mrawimage.py:estimate_readnoise:359[0m - Estimated readnoise of amplifier 2 = 3.767 e-
[1;38;2;253;174;97m [WARNING][0m - [38;2;116;173;209mcombine.py:weighted_combine:147[0m - Sigma clipping requested, but you cannot sigma clip with less than 3 images.  Proceeding without sigma clipping
[1;38;2;49;54;149m    [INFO][0m - [38;2;116;173;209medgetrace.py:initial_trace:901[0m - --------------------------------------------------
[1;38;2;49;54;149m    [INFO][0m - [38;2;116;173;209medgetrace.py:initial_trace:902[0m -              Initialize Edge Tracing              
[1;38;2;49;54;149m    [INFO][0m - [38;2;116;173;209medgetrace.py:initial_trace:903[0m - --------------------------------------------------
[1;38;2;49;54;149m    [INFO][0m - [38;2;116;173;209mtrace.py:detect_slit_edges:90[0m - Detecting slit edges in the trace image
[1;38;2;49;54;149m    [INFO][0m - [38;2;116;173;209mtrace.py:detect_slit_edges:133[0m - Applying bad pixel mask
[1;38;2;49;54;149m    [INFO][0m - [38;2;116;173;209mtrace.py:identify_traces:174[0m - Finding unique traces among detected edges.
[1;38;2;49;54;149m    [INFO][0m - [38;2;116;173;209medgetrace.py:centroid_refine:1782[0m - --------------------------------------------------
[1;38;2;49;54;149m    [INFO][0m - [38;2;116;173;209medgetrace.py:centroid_refine:1783[0m -              Edge Centroid Refinement             
[1;38;2;49;54;149m    [INFO][0m - [38;2;116;173;209medgetrace.py:centroid_refine:1784[0m - --------------------------------------------------
[1;38;2;49;54;149m    [INFO][0m - [38;2;116;173;209medgetrace.py:centroid_refine:1785[0m - Width of window for centroiding the edges: 6.0
[1;38;2;49;54;149m    [INFO][0m - [38;2;116;173;209medgetrace.py:centroid_refine:1786[0m - Max shift between spectrally adjacent pixels: 0.15
[1;38;2;49;54;149m    [INFO][0m - [38;2;116;173;209medgetrace.py:centroid_refine:1787[0m - Max centroid error: None
[1;38;2;49;54;149m    [INFO][0m - [38;2;116;173;209medgetrace.py:centroid_refine:1788[0m - Minimum spectral pixels for a valid trace: 1362.24
[1;38;2;49;54;149m    [INFO][0m - [38;2;116;173;209medgetrace.py:centroid_refine:1827[0m - Found 32 left edge trace(s) to refine
[1;38;2;49;54;149m    [INFO][0m - [38;2;116;173;209medgetrace.py:centroid_refine:1847[0m - Following 28 left edge(s) from row 1019; 4 trace(s) remain.
[1;38;2;49;54;149m    [INFO][0m - [38;2;116;173;209medgetrace.py:centroid_refine:1847[0m - Following 1 left edge(s) from row 1264; 3 trace(s) remain.
[1;38;2;49;54;149m    [INFO][0m - [38;2;116;173;209medgetrace.py:centroid_refine:1847[0m - Following 1 left edge(s) from row 2543; 2 trace(s) remain.
[1;38;2;49;54;149m    [INFO][0m - [38;2;116;173;209medgetrace.py:centroid_refine:1847[0m - Following 1 left edge(s) from row 3302; 1 trace(s) remain.
[1;38;2;49;54;149m    [INFO][0m - [38;2;116;173;209medgetrace.py:centroid_refine:1847[0m - Following 1 left edge(s) from row 3742; 0 trace(s) remain.
[1;38;2;49;54;149m    [INFO][0m - [38;2;116;173;209medgetrace.py:check_traces:2024[0m - Tolerance for finding repeat traces: 3.0
[1;38;2;49;54;149m    [INFO][0m - [38;2;116;173;209medgetrace.py:check_traces:2045[0m - Minimum spectral length of any trace (pixels): 1362.24
[1;38;2;49;54;149m    [INFO][0m - [38;2;116;173;209medgetrace.py:check_traces:2050[0m - Found 8 short trace(s).
[1;38;2;49;54;149m    [INFO][0m - [38;2;116;173;209medgetrace.py:check_traces:2086[0m - Identified 8 bad trace(s) in all.
[1;38;2;49;54;149m    [INFO][0m - [38;2;116;173;209medgetrace.py:centroid_refine:1827[0m - Found 35 right edge trace(s) to refine
[1;38;2;49;54;149m    [INFO][0m - [38;2;116;173;209medgetrace.py:centroid_refine:1847[0m - Following 29 right edge(s) from row 981; 6 trace(s) remain.
[1;38;2;49;54;149m    [INFO][0m - [38;2;116;173;209medgetrace.py:centroid_refine:1847[0m - Following 1 right edge(s) from row 817; 5 trace(s) remain.
[1;38;2;49;54;149m    [INFO][0m - [38;2;116;173;209medgetrace.py:centroid_refine:1847[0m - Following 1 right edge(s) from row 1020; 4 trace(s) remain.
[1;38;2;49;54;149m    [INFO][0m - [38;2;116;173;209medgetrace.py:centroid_refine:1847[0m - Following 1 right edge(s) from row 1264; 3 trace(s) remain.
[1;38;2;49;54;149m    [INFO][0m - [38;2;116;173;209medgetrace.py:centroid_refine:1847[0m - Following 1 right edge(s) from row 2543; 2 trace(s) remain.
[1;38;2;49;54;149m    [INFO][0m - [38;2;116;173;209medgetrace.py:centroid_refine:1847[0m - Following 1 right edge(s) from row 3271; 1 trace(s) remain.
[1;38;2;49;54;149m    [INFO][0m - [38;2;116;173;209medgetrace.py:centroid_refine:1847[0m - Following 1 right edge(s) from row 3742; 0 trace(s) remain.
[1;38;2;49;54;149m    [INFO][0m - [38;2;116;173;209medgetrace.py:check_traces:2024[0m - Tolerance for finding repeat traces: 3.0
[1;38;2;49;54;149m    [INFO][0m - [38;2;116;173;209medgetrace.py:check_traces:2045[0m - Minimum spectral length of any trace (pixels): 1362.24
[1;38;2;49;54;149m    [INFO][0m - [38;2;116;173;209medgetrace.py:check_traces:2050[0m - Found 11 short trace(s).
[1;38;2;49;54;149m    [INFO][0m - [38;2;116;173;209medgetrace.py:check_traces:2086[0m - Identified 11 bad trace(s) in all.
[1;38;2;49;54;149m    [INFO][0m - [38;2;116;173;209medgetrace.py:remove_traces:2735[0m - Removing 19 edge traces.
[1;38;2;253;174;97m [WARNING][0m - [38;2;116;173;209medgetrace.py:spatial_sort:2908[0m - Fit data is not available; cannot use it for spatially sorting the edges.
[1;38;2;49;54;149m    [INFO][0m - [38;2;116;173;209medgetrace.py:spatial_sort:2928[0m - Re-sorting edges based on where they cross row 2064
[1;38;2;49;54;149m    [INFO][0m - [38;2;116;173;209medgetrace.py:fit_refine:3032[0m - --------------------------------------------------
[1;38;2;49;54;149m    [INFO][0m - [38;2;116;173;209medgetrace.py:fit_refine:3033[0m -          Fitting Polynomial to Edge Trace         
[1;38;2;49;54;149m    [INFO][0m - [38;2;116;173;209medgetrace.py:fit_refine:3034[0m - --------------------------------------------------
[1;38;2;49;54;149m    [INFO][0m - [38;2;116;173;209medgetrace.py:fit_refine:3035[0m - Max shift btwn input and remeasured edge centroids: 0.50
[1;38;2;49;54;149m    [INFO][0m - [38;2;116;173;209medgetrace.py:fit_refine:3036[0m - Max centroid error: None
[1;38;2;49;54;149m    [INFO][0m - [38;2;116;173;209medgetrace.py:fit_refine:3037[0m - Trace fitting function: legendre
[1;38;2;49;54;149m    [INFO][0m - [38;2;116;173;209medgetrace.py:fit_refine:3038[0m - Trace fitting order: 4
[1;38;2;49;54;149m    [INFO][0m - [38;2;116;173;209medgetrace.py:fit_refine:3039[0m - Weighting for remeasuring edge centroids: uniform
[1;38;2;49;54;149m    [INFO][0m - [38;2;116;173;209medgetrace.py:fit_refine:3040[0m - FWHM parameter for remeasuring edge centroids: 3.0
[1;38;2;49;54;149m    [INFO][0m - [38;2;116;173;209medgetrace.py:fit_refine:3041[0m - Maximum deviation for fitted data: 5.0
[1;38;2;49;54;149m    [INFO][0m - [38;2;116;173;209medgetrace.py:fit_refine:3042[0m - Maximum number of rejection iterations: 25
[1;38;2;49;54;149m    [INFO][0m - [38;2;116;173;209medgetrace.py:fit_refine:3043[0m - Number of remeasuring and refitting iterations: 1
[1;38;2;49;54;149m    [INFO][0m - [38;2;116;173;209medgetrace.py:check_traces:2045[0m - Minimum spectral length of any trace (pixels): 2476.80
[1;38;2;49;54;149m    [INFO][0m - [38;2;116;173;209medgetrace.py:check_traces:2086[0m - Identified 0 bad trace(s) in all.
[1;38;2;253;174;97m [WARNING][0m - [38;2;116;173;209mpolyutils.py:_fit:662[0m - RankWarning: The fit may be poorly conditioned
[1;38;2;49;54;149m    [INFO][0m - [38;2;116;173;209medgetrace.py:merge_traces:2179[0m - No traces merged.
[1;38;2;49;54;149m    [INFO][0m - [38;2;116;173;209medgetrace.py:can_pca:3133[0m - Minimum length of traces to include in the PCA: 2476.7999999999997
[1;38;2;49;54;149m    [INFO][0m - [38;2;116;173;209medgetrace.py:check_traces:2045[0m - Minimum spectral length of any trace (pixels): 2476.80
[1;38;2;49;54;149m    [INFO][0m - [38;2;116;173;209medgetrace.py:check_traces:2086[0m - Identified 0 bad trace(s) in all.
[1;38;2;49;54;149m    [INFO][0m - [38;2;116;173;209medgetrace.py:build_pca:3262[0m - --------------------------------------------------
[1;38;2;49;54;149m    [INFO][0m - [38;2;116;173;209medgetrace.py:build_pca:3263[0m -           Constructing PCA interpolator           
[1;38;2;49;54;149m    [INFO][0m - [38;2;116;173;209medgetrace.py:build_pca:3264[0m - --------------------------------------------------
[1;38;2;49;54;149m    [INFO][0m - [38;2;116;173;209medgetrace.py:build_pca:3265[0m - PCA composition of the left and right traces is done simultaneously.
[1;38;2;49;54;149m    [INFO][0m - [38;2;116;173;209medgetrace.py:build_pca:3270[0m - Requested pecentage of variance explained by PCA: 99.8
[1;38;2;49;54;149m    [INFO][0m - [38;2;116;173;209medgetrace.py:build_pca:3272[0m - Function fit to PCA coefficients: polynomial
[1;38;2;49;54;149m    [INFO][0m - [38;2;116;173;209medgetrace.py:build_pca:3273[0m - Lower sigma rejection: 2.0
[1;38;2;49;54;149m    [INFO][0m - [38;2;116;173;209medgetrace.py:build_pca:3274[0m - Upper sigma rejection: 2.0
[1;38;2;49;54;149m    [INFO][0m - [38;2;116;173;209medgetrace.py:build_pca:3275[0m - Maximum number of rejections per iteration: 1
[1;38;2;49;54;149m    [INFO][0m - [38;2;116;173;209medgetrace.py:build_pca:3276[0m - Maximum number of rejection iterations: 25
[1;38;2;49;54;149m    [INFO][0m - [38;2;116;173;209medgetrace.py:can_pca:3133[0m - Minimum length of traces to include in the PCA: 2476.7999999999997
[1;38;2;49;54;149m    [INFO][0m - [38;2;116;173;209medgetrace.py:check_traces:2045[0m - Minimum spectral length of any trace (pixels): 2476.80
[1;38;2;49;54;149m    [INFO][0m - [38;2;116;173;209medgetrace.py:check_traces:2086[0m - Identified 0 bad trace(s) in all.
[1;38;2;49;54;149m    [INFO][0m - [38;2;116;173;209mpca.py:pca_decomposition:101[0m - The unconstrained PCA yields 48 components.
[1;38;2;49;54;149m    [INFO][0m - [38;2;116;173;209mpca.py:pca_decomposition:115[0m - PCA will include 1 component(s), containing 99.933% of the total variance.
[1;38;2;49;54;149m    [INFO][0m - [38;2;116;173;209medgetrace.py:build_pca:3335[0m - Order of function fit to each component: [2]
[1;38;2;49;54;149m    [INFO][0m - [38;2;116;173;209medgetrace.py:peak_refine:3492[0m - --------------------------------------------------
[1;38;2;49;54;149m    [INFO][0m - [38;2;116;173;209medgetrace.py:peak_refine:3493[0m -    Refining traces using collapsed Sobel image    
[1;38;2;49;54;149m    [INFO][0m - [38;2;116;173;209medgetrace.py:peak_refine:3494[0m - --------------------------------------------------
[1;38;2;49;54;149m    [INFO][0m - [38;2;116;173;209medgetrace.py:peak_refine:3495[0m - Threshold for peak detection: 5.0
[1;38;2;49;54;149m    [INFO][0m - [38;2;116;173;209medgetrace.py:peak_refine:3496[0m - Detector range (spectral axis) collapsed: [0.0, 1.0]
[1;38;2;49;54;149m    [INFO][0m - [38;2;116;173;209medgetrace.py:peak_refine:3497[0m - Image fraction for trace mask filter: None
[1;38;2;49;54;149m    [INFO][0m - [38;2;116;173;209medgetrace.py:peak_refine:3498[0m - Threshold for trace masking: None
[1;38;2;49;54;149m    [INFO][0m - [38;2;116;173;209medgetrace.py:peak_refine:3499[0m - Trace fitting function: legendre
[1;38;2;49;54;149m    [INFO][0m - [38;2;116;173;209medgetrace.py:peak_refine:3500[0m - Trace fitting order: 4
[1;38;2;49;54;149m    [INFO][0m - [38;2;116;173;209medgetrace.py:peak_refine:3501[0m - FWHM parameter for uniform-weighted centroids: 3.0
[1;38;2;49;54;149m    [INFO][0m - [38;2;116;173;209medgetrace.py:peak_refine:3502[0m - Number of uniform-weighted iterations: 9.0
[1;38;2;49;54;149m    [INFO][0m - [38;2;116;173;209medgetrace.py:peak_refine:3503[0m - FWHM parameter for Gaussian-weighted centroids: 3.0
[1;38;2;49;54;149m    [INFO][0m - [38;2;116;173;209medgetrace.py:peak_refine:3504[0m - Number of Gaussian-weighted iterations: 6.0
[1;38;2;49;54;149m    [INFO][0m - [38;2;116;173;209medgetrace.py:peak_refine:3505[0m - Minimum separation between any two subsequent edges of the same side: 15.0 pixels
[1;38;2;49;54;149m    [INFO][0m - [38;2;116;173;209medgetrace.py:peak_refine:3507[0m - Maximum deviation for fitted data: 5.0
[1;38;2;49;54;149m    [INFO][0m - [38;2;116;173;209medgetrace.py:peak_refine:3508[0m - Maximum number of rejection iterations: 25
[1;38;2;49;54;149m    [INFO][0m - [38;2;116;173;209mtrace.py:peak_trace:1426[0m - Rectifying image by extracting along trace for each spatial pixel
[1;38;2;49;54;149m    [INFO][0m - [38;2;116;173;209mtrace.py:peak_trace:1434[0m - Collapsing image spectrally between pixels 0:4128
[1;38;2;49;54;149m    [INFO][0m - [38;2;116;173;209mtrace.py:peak_trace:1463[0m - Searching for peaks.
[1;38;2;49;54;149m    [INFO][0m - [38;2;116;173;209mtrace.py:peak_trace:1472[0m - Found 24 good peak(s) in the rectified, collapsed image
[1;38;2;253;174;97m [WARNING][0m - [38;2;116;173;209mpolyutils.py:_fit:662[0m - RankWarning: The fit may be poorly conditioned
[1;38;2;49;54;149m    [INFO][0m - [38;2;116;173;209mtrace.py:peak_trace:1463[0m - Searching for peaks.
[1;38;2;49;54;149m    [INFO][0m - [38;2;116;173;209mtrace.py:peak_trace:1472[0m - Found 24 good trough(s) in the rectified, collapsed image
[1;38;2;49;54;149m    [INFO][0m - [38;2;116;173;209medgetrace.py:spatial_sort:2928[0m - Re-sorting edges based on where they cross row 2064
[1;38;2;49;54;149m    [INFO][0m - [38;2;116;173;209medgetrace.py:can_pca:3133[0m - Minimum length of traces to include in the PCA: 2476.7999999999997
[1;38;2;49;54;149m    [INFO][0m - [38;2;116;173;209medgetrace.py:check_traces:2045[0m - Minimum spectral length of any trace (pixels): 2476.80
[1;38;2;49;54;149m    [INFO][0m - [38;2;116;173;209medgetrace.py:check_traces:2086[0m - Identified 0 bad trace(s) in all.
[1;38;2;49;54;149m    [INFO][0m - [38;2;116;173;209medgetrace.py:build_pca:3262[0m - --------------------------------------------------
[1;38;2;49;54;149m    [INFO][0m - [38;2;116;173;209medgetrace.py:build_pca:3263[0m -           Constructing PCA interpolator           
[1;38;2;49;54;149m    [INFO][0m - [38;2;116;173;209medgetrace.py:build_pca:3264[0m - --------------------------------------------------
[1;38;2;49;54;149m    [INFO][0m - [38;2;116;173;209medgetrace.py:build_pca:3265[0m - PCA composition of the left and right traces is done simultaneously.
[1;38;2;49;54;149m    [INFO][0m - [38;2;116;173;209medgetrace.py:build_pca:3270[0m - Requested pecentage of variance explained by PCA: 99.8
[1;38;2;49;54;149m    [INFO][0m - [38;2;116;173;209medgetrace.py:build_pca:3272[0m - Function fit to PCA coefficients: polynomial
[1;38;2;49;54;149m    [INFO][0m - [38;2;116;173;209medgetrace.py:build_pca:3273[0m - Lower sigma rejection: 2.0
[1;38;2;49;54;149m    [INFO][0m - [38;2;116;173;209medgetrace.py:build_pca:3274[0m - Upper sigma rejection: 2.0
[1;38;2;49;54;149m    [INFO][0m - [38;2;116;173;209medgetrace.py:build_pca:3275[0m - Maximum number of rejections per iteration: 1
[1;38;2;49;54;149m    [INFO][0m - [38;2;116;173;209medgetrace.py:build_pca:3276[0m - Maximum number of rejection iterations: 25
[1;38;2;253;174;97m [WARNING][0m - [38;2;116;173;209medgetrace.py:build_pca:3280[0m - PCA model already exists and will be overwritten.
[1;38;2;49;54;149m    [INFO][0m - [38;2;116;173;209medgetrace.py:can_pca:3133[0m - Minimum length of traces to include in the PCA: 2476.7999999999997
[1;38;2;49;54;149m    [INFO][0m - [38;2;116;173;209medgetrace.py:check_traces:2045[0m - Minimum spectral length of any trace (pixels): 2476.80
[1;38;2;49;54;149m    [INFO][0m - [38;2;116;173;209medgetrace.py:check_traces:2086[0m - Identified 0 bad trace(s) in all.
[1;38;2;49;54;149m    [INFO][0m - [38;2;116;173;209mpca.py:pca_decomposition:101[0m - The unconstrained PCA yields 48 components.
[1;38;2;49;54;149m    [INFO][0m - [38;2;116;173;209mpca.py:pca_decomposition:115[0m - PCA will include 2 component(s), containing 99.992% of the total variance.
[1;38;2;49;54;149m    [INFO][0m - [38;2;116;173;209medgetrace.py:build_pca:3335[0m - Order of function fit to each component: [2 1]
[1;38;2;49;54;149m    [INFO][0m - [38;2;116;173;209medgetrace.py:can_pca:3133[0m - Minimum length of traces to include in the PCA: 2476.7999999999997
[1;38;2;49;54;149m    [INFO][0m - [38;2;116;173;209medgetrace.py:check_traces:2045[0m - Minimum spectral length of any trace (pixels): 2476.80
[1;38;2;49;54;149m    [INFO][0m - [38;2;116;173;209medgetrace.py:check_traces:2086[0m - Identified 0 bad trace(s) in all.
[1;38;2;49;54;149m    [INFO][0m - [38;2;116;173;209medgetrace.py:spatial_sort:2928[0m - Re-sorting edges based on where they cross row 2064
[1;38;2;49;54;149m    [INFO][0m - [38;2;116;173;209medgetrace.py:can_pca:3133[0m - Minimum length of traces to include in the PCA: 2476.7999999999997
[1;38;2;49;54;149m    [INFO][0m - [38;2;116;173;209medgetrace.py:check_traces:2045[0m - Minimum spectral length of any trace (pixels): 2476.80
[1;38;2;49;54;149m    [INFO][0m - [38;2;116;173;209medgetrace.py:check_traces:2086[0m - Identified 0 bad trace(s) in all.
[1;38;2;49;54;149m    [INFO][0m - [38;2;116;173;209medgetrace.py:check_synced:2466[0m - Minimum slit gap (binned pixels): None
[1;38;2;49;54;149m    [INFO][0m - [38;2;116;173;209medgetrace.py:check_synced:2467[0m - Minimum change in slit length (binned pixels): None
[1;38;2;49;54;149m    [INFO][0m - [38;2;116;173;209medgetrace.py:check_synced:2468[0m - Range in the change in slit length not limited
[1;38;2;49;54;149m    [INFO][0m - [38;2;116;173;209medgetrace.py:check_synced:2470[0m - Minimum slit length (binned pixels): None
[1;38;2;49;54;149m    [INFO][0m - [38;2;116;173;209medgetrace.py:check_synced:2471[0m - Minimum science slit length (binned pixels): None
[1;38;2;49;54;149m    [INFO][0m - [38;2;116;173;209medgetrace.py:check_synced:2472[0m - Range in slit length not limited
[1;38;2;253;174;97m [WARNING][0m - [38;2;116;173;209medgetrace.py:remove_traces:2727[0m - No trace to remove.
[1;38;2;49;54;149m    [INFO][0m - [38;2;116;173;209mio.py:write_to_fits:670[0m - Compressing file: /Users/kaiwenzhang/PycharmProjects/KCWI/KCWI_RED_channel_characterization/RM1 pypeit run/2024-04-01/pypeit_run/keck_kcrm_B/Calibrations/Edges_B_1_DET01.fits
[1;38;2;49;54;149m    [INFO][0m - [38;2;116;173;209mio.py:write_to_fits:672[0m - File written to: /Users/kaiwenzhang/PycharmProjects/KCWI/KCWI_RED_channel_characterization/RM1 pypeit run/2024-04-01/pypeit_run/keck_kcrm_B/Calibrations/Edges_B_1_DET01.fits.gz
[1;38;2;49;54;149m    [INFO][0m - [38;2;116;173;209mio.py:write_to_fits:670[0m - Compressing file: /Users/kaiwenzhang/PycharmProjects/KCWI/KCWI_RED_channel_characterization/RM1 pypeit run/2024-04-01/pypeit_run/keck_kcrm_B/Calibrations/Slits_B_1_DET01.fits
[1;38;2;49;54;149m    [INFO][0m - [38;2;116;173;209mio.py:write_to_fits:672[0m - File written to: /Users/kaiwenzhang/PycharmProjects/KCWI/KCWI_RED_channel_characterization/RM1 pypeit run/2024-04-01/pypeit_run/keck_kcrm_B/Calibrations/Slits_B_1_DET01.fits.gz
[1;38;2;49;54;149m    [INFO][0m - [38;2;116;173;209mcalibrations.py:get_wv_calib:1263[0m - Preparing a WaveCalib calibration frame.
[1;38;2;49;54;149m    [INFO][0m - [38;2;116;173;209marc.py:get_censpec:491[0m - Extracting approximate arc spectrum of slit 1/24
[1;38;2;49;54;149m    [INFO][0m - [38;2;116;173;209marc.py:get_censpec:491[0m - Extracting approximate arc spectrum of slit 2/24
[1;38;2;49;54;149m    [INFO][0m - [38;2;116;173;209marc.py:get_censpec:491[0m - Extracting approximate arc spectrum of slit 3/24
[1;38;2;49;54;149m    [INFO][0m - [38;2;116;173;209marc.py:get_censpec:491[0m - Extracting approximate arc spectrum of slit 4/24
[1;38;2;49;54;149m    [INFO][0m - [38;2;116;173;209marc.py:get_censpec:491[0m - Extracting approximate arc spectrum of slit 5/24
[1;38;2;49;54;149m    [INFO][0m - [38;2;116;173;209marc.py:get_censpec:491[0m - Extracting approximate arc spectrum of slit 6/24
[1;38;2;49;54;149m    [INFO][0m - [38;2;116;173;209marc.py:get_censpec:491[0m - Extracting approximate arc spectrum of slit 7/24
[1;38;2;49;54;149m    [INFO][0m - [38;2;116;173;209marc.py:get_censpec:491[0m - Extracting approximate arc spectrum of slit 8/24
[1;38;2;49;54;149m    [INFO][0m - [38;2;116;173;209marc.py:get_censpec:491[0m - Extracting approximate arc spectrum of slit 9/24
[1;38;2;49;54;149m    [INFO][0m - [38;2;116;173;209marc.py:get_censpec:491[0m - Extracting approximate arc spectrum of slit 10/24
[1;38;2;49;54;149m    [INFO][0m - [38;2;116;173;209marc.py:get_censpec:491[0m - Extracting approximate arc spectrum of slit 11/24
[1;38;2;49;54;149m    [INFO][0m - [38;2;116;173;209marc.py:get_censpec:491[0m - Extracting approximate arc spectrum of slit 12/24
[1;38;2;49;54;149m    [INFO][0m - [38;2;116;173;209marc.py:get_censpec:491[0m - Extracting approximate arc spectrum of slit 13/24
[1;38;2;49;54;149m    [INFO][0m - [38;2;116;173;209marc.py:get_censpec:491[0m - Extracting approximate arc spectrum of slit 14/24
[1;38;2;49;54;149m    [INFO][0m - [38;2;116;173;209marc.py:get_censpec:491[0m - Extracting approximate arc spectrum of slit 15/24
[1;38;2;49;54;149m    [INFO][0m - [38;2;116;173;209marc.py:get_censpec:491[0m - Extracting approximate arc spectrum of slit 16/24
[1;38;2;49;54;149m    [INFO][0m - [38;2;116;173;209marc.py:get_censpec:491[0m - Extracting approximate arc spectrum of slit 17/24
[1;38;2;49;54;149m    [INFO][0m - [38;2;116;173;209marc.py:get_censpec:491[0m - Extracting approximate arc spectrum of slit 18/24
[1;38;2;49;54;149m    [INFO][0m - [38;2;116;173;209marc.py:get_censpec:491[0m - Extracting approximate arc spectrum of slit 19/24
[1;38;2;49;54;149m    [INFO][0m - [38;2;116;173;209marc.py:get_censpec:491[0m - Extracting approximate arc spectrum of slit 20/24
[1;38;2;49;54;149m    [INFO][0m - [38;2;116;173;209marc.py:get_censpec:491[0m - Extracting approximate arc spectrum of slit 21/24
[1;38;2;49;54;149m    [INFO][0m - [38;2;116;173;209marc.py:get_censpec:491[0m - Extracting approximate arc spectrum of slit 22/24
[1;38;2;49;54;149m    [INFO][0m - [38;2;116;173;209marc.py:get_censpec:491[0m - Extracting approximate arc spectrum of slit 23/24
[1;38;2;49;54;149m    [INFO][0m - [38;2;116;173;209marc.py:get_censpec:491[0m - Extracting approximate arc spectrum of slit 24/24
[1;38;2;49;54;149m    [INFO][0m - [38;2;116;173;209mautoid.py:map_fwhm:931[0m - Calculating spectral resolution of slit 1/24
[1;38;2;49;54;149m    [INFO][0m - [38;2;116;173;209mautoid.py:map_fwhm:931[0m - Calculating spectral resolution of slit 2/24
[1;38;2;49;54;149m    [INFO][0m - [38;2;116;173;209mautoid.py:map_fwhm:931[0m - Calculating spectral resolution of slit 3/24
[1;38;2;49;54;149m    [INFO][0m - [38;2;116;173;209mautoid.py:map_fwhm:931[0m - Calculating spectral resolution of slit 4/24
[1;38;2;49;54;149m    [INFO][0m - [38;2;116;173;209mautoid.py:map_fwhm:931[0m - Calculating spectral resolution of slit 5/24
[1;38;2;49;54;149m    [INFO][0m - [38;2;116;173;209mautoid.py:map_fwhm:931[0m - Calculating spectral resolution of slit 6/24
[1;38;2;49;54;149m    [INFO][0m - [38;2;116;173;209mautoid.py:map_fwhm:931[0m - Calculating spectral resolution of slit 7/24
[1;38;2;49;54;149m    [INFO][0m - [38;2;116;173;209mautoid.py:map_fwhm:931[0m - Calculating spectral resolution of slit 8/24
[1;38;2;49;54;149m    [INFO][0m - [38;2;116;173;209mautoid.py:map_fwhm:931[0m - Calculating spectral resolution of slit 9/24
[1;38;2;49;54;149m    [INFO][0m - [38;2;116;173;209mautoid.py:map_fwhm:931[0m - Calculating spectral resolution of slit 10/24
[1;38;2;49;54;149m    [INFO][0m - [38;2;116;173;209mautoid.py:map_fwhm:931[0m - Calculating spectral resolution of slit 11/24
[1;38;2;49;54;149m    [INFO][0m - [38;2;116;173;209mautoid.py:map_fwhm:931[0m - Calculating spectral resolution of slit 12/24
[1;38;2;49;54;149m    [INFO][0m - [38;2;116;173;209mautoid.py:map_fwhm:931[0m - Calculating spectral resolution of slit 13/24
[1;38;2;49;54;149m    [INFO][0m - [38;2;116;173;209mautoid.py:map_fwhm:931[0m - Calculating spectral resolution of slit 14/24
[1;38;2;49;54;149m    [INFO][0m - [38;2;116;173;209mautoid.py:map_fwhm:931[0m - Calculating spectral resolution of slit 15/24
[1;38;2;49;54;149m    [INFO][0m - [38;2;116;173;209mautoid.py:map_fwhm:931[0m - Calculating spectral resolution of slit 16/24
[1;38;2;49;54;149m    [INFO][0m - [38;2;116;173;209mautoid.py:map_fwhm:931[0m - Calculating spectral resolution of slit 17/24
[1;38;2;49;54;149m    [INFO][0m - [38;2;116;173;209mautoid.py:map_fwhm:931[0m - Calculating spectral resolution of slit 18/24
[1;38;2;49;54;149m    [INFO][0m - [38;2;116;173;209mautoid.py:map_fwhm:931[0m - Calculating spectral resolution of slit 19/24
[1;38;2;49;54;149m    [INFO][0m - [38;2;116;173;209mautoid.py:map_fwhm:931[0m - Calculating spectral resolution of slit 20/24
[1;38;2;49;54;149m    [INFO][0m - [38;2;116;173;209mautoid.py:map_fwhm:931[0m - Calculating spectral resolution of slit 21/24
[1;38;2;49;54;149m    [INFO][0m - [38;2;116;173;209mautoid.py:map_fwhm:931[0m - Calculating spectral resolution of slit 22/24
[1;38;2;49;54;149m    [INFO][0m - [38;2;116;173;209mautoid.py:map_fwhm:931[0m - Calculating spectral resolution of slit 23/24
[1;38;2;49;54;149m    [INFO][0m - [38;2;116;173;209mautoid.py:map_fwhm:931[0m - Calculating spectral resolution of slit 24/24
[1;38;2;49;54;149m    [INFO][0m - [38;2;116;173;209mwaveio.py:load_line_lists:223[0m - Arc lamps used: FeI, ArI, ArII
[1;38;2;49;54;149m    [INFO][0m - [38;2;116;173;209mautoid.py:full_template:1142[0m - Processing slit/order 121 (1/24)
[1;38;2;49;54;149m    [INFO][0m - [38;2;116;173;209mautoid.py:full_template:1143[0m - Using sigdetect = 5.0
[1;38;2;49;54;149m    [INFO][0m - [38;2;116;173;209mautoid.py:set_fwhm:1029[0m - Measured arc lines FWHM: 3.0 pixels
[1;38;2;253;174;97m [WARNING][0m - [38;2;116;173;209m_minpack_py.py:curve_fit:1071[0m - OptimizeWarning: Covariance of the parameters could not be estimated
[1;38;2;49;54;149m    [INFO][0m - [38;2;116;173;209mautoid.py:full_template:1244[0m - Shift = -94.51; cc = 0.3705
[1;38;2;49;54;149m    [INFO][0m - [38;2;116;173;209mautoid.py:reidentify:595[0m - Cross-correlating with arxiv slit # 0
[1;38;2;49;54;149m    [INFO][0m - [38;2;116;173;209mautoid.py:reidentify:603[0m - shift = -1.423, stretch = 0.999, cc = 0.996
[1;38;2;253;174;97m [WARNING][0m - [38;2;116;173;209m_minpack_py.py:curve_fit:1071[0m - OptimizeWarning: Covariance of the parameters could not be estimated
[1;38;2;49;54;149m    [INFO][0m - [38;2;116;173;209mautoid.py:reidentify:595[0m - Cross-correlating with arxiv slit # 0
[1;38;2;253;174;97m [WARNING][0m - [38;2;116;173;209m_minpack_py.py:curve_fit:1071[0m - OptimizeWarning: Covariance of the parameters could not be estimated
[1;38;2;49;54;149m    [INFO][0m - [38;2;116;173;209mautoid.py:reidentify:603[0m - shift = 0.019, stretch = 1.006, cc = 0.999
[1;38;2;49;54;149m    [INFO][0m - [38;2;116;173;209mwv_fitting.py:iterative_fitting:462[0m - RMS of the final wavelength fit: 0.169283 pixels
[1;38;2;49;54;149m    [INFO][0m - [38;2;116;173;209mautoid.py:full_template:1142[0m - Processing slit/order 280 (2/24)
[1;38;2;49;54;149m    [INFO][0m - [38;2;116;173;209mautoid.py:full_template:1143[0m - Using sigdetect = 5.0
[1;38;2;49;54;149m    [INFO][0m - [38;2;116;173;209mautoid.py:set_fwhm:1029[0m - Measured arc lines FWHM: 3.1 pixels
[1;38;2;253;174;97m [WARNING][0m - [38;2;116;173;209m_minpack_py.py:curve_fit:1071[0m - OptimizeWarning: Covariance of the parameters could not be estimated
[1;38;2;49;54;149m    [INFO][0m - [38;2;116;173;209mautoid.py:full_template:1244[0m - Shift = 143.26; cc = 0.7101
[1;38;2;49;54;149m    [INFO][0m - [38;2;116;173;209mautoid.py:reidentify:595[0m - Cross-correlating with arxiv slit # 0
[1;38;2;49;54;149m    [INFO][0m - [38;2;116;173;209mautoid.py:reidentify:603[0m - shift = 6.186, stretch = 0.996, cc = 0.992
[1;38;2;49;54;149m    [INFO][0m - [38;2;116;173;209mautoid.py:reidentify:595[0m - Cross-correlating with arxiv slit # 0
[1;38;2;49;54;149m    [INFO][0m - [38;2;116;173;209mautoid.py:reidentify:603[0m - shift = -0.501, stretch = 1.000, cc = 1.000
[1;38;2;49;54;149m    [INFO][0m - [38;2;116;173;209mwv_fitting.py:iterative_fitting:462[0m - RMS of the final wavelength fit: 0.105751 pixels
[1;38;2;49;54;149m    [INFO][0m - [38;2;116;173;209mautoid.py:full_template:1142[0m - Processing slit/order 436 (3/24)
[1;38;2;49;54;149m    [INFO][0m - [38;2;116;173;209mautoid.py:full_template:1143[0m - Using sigdetect = 5.0
[1;38;2;49;54;149m    [INFO][0m - [38;2;116;173;209mautoid.py:set_fwhm:1029[0m - Measured arc lines FWHM: 3.0 pixels
[1;38;2;253;174;97m [WARNING][0m - [38;2;116;173;209m_minpack_py.py:curve_fit:1071[0m - OptimizeWarning: Covariance of the parameters could not be estimated
[1;38;2;49;54;149m    [INFO][0m - [38;2;116;173;209mautoid.py:full_template:1244[0m - Shift = -106.83; cc = 0.4350
[1;38;2;49;54;149m    [INFO][0m - [38;2;116;173;209mautoid.py:reidentify:595[0m - Cross-correlating with arxiv slit # 0
[1;38;2;49;54;149m    [INFO][0m - [38;2;116;173;209mautoid.py:reidentify:603[0m - shift = -0.632, stretch = 1.000, cc = 0.997
[1;38;2;253;174;97m [WARNING][0m - [38;2;116;173;209m_minpack_py.py:curve_fit:1071[0m - OptimizeWarning: Covariance of the parameters could not be estimated
[1;38;2;49;54;149m    [INFO][0m - [38;2;116;173;209mautoid.py:reidentify:595[0m - Cross-correlating with arxiv slit # 0
[1;38;2;253;174;97m [WARNING][0m - [38;2;116;173;209m_minpack_py.py:curve_fit:1071[0m - OptimizeWarning: Covariance of the parameters could not be estimated
[1;38;2;49;54;149m    [INFO][0m - [38;2;116;173;209mautoid.py:reidentify:603[0m - shift = 0.268, stretch = 1.005, cc = 1.000
[1;38;2;49;54;149m    [INFO][0m - [38;2;116;173;209mwv_fitting.py:iterative_fitting:462[0m - RMS of the final wavelength fit: 0.099993 pixels
[1;38;2;49;54;149m    [INFO][0m - [38;2;116;173;209mautoid.py:full_template:1142[0m - Processing slit/order 592 (4/24)
[1;38;2;49;54;149m    [INFO][0m - [38;2;116;173;209mautoid.py:full_template:1143[0m - Using sigdetect = 5.0
[1;38;2;49;54;149m    [INFO][0m - [38;2;116;173;209mautoid.py:set_fwhm:1029[0m - Measured arc lines FWHM: 3.0 pixels
[1;38;2;253;174;97m [WARNING][0m - [38;2;116;173;209m_minpack_py.py:curve_fit:1071[0m - OptimizeWarning: Covariance of the parameters could not be estimated
[1;38;2;49;54;149m    [INFO][0m - [38;2;116;173;209mautoid.py:full_template:1244[0m - Shift = 113.11; cc = 0.7179
[1;38;2;49;54;149m    [INFO][0m - [38;2;116;173;209mautoid.py:reidentify:595[0m - Cross-correlating with arxiv slit # 0
[1;38;2;49;54;149m    [INFO][0m - [38;2;116;173;209mautoid.py:reidentify:603[0m - shift = 5.970, stretch = 0.997, cc = 0.994
[1;38;2;49;54;149m    [INFO][0m - [38;2;116;173;209mautoid.py:reidentify:595[0m - Cross-correlating with arxiv slit # 0
[1;38;2;49;54;149m    [INFO][0m - [38;2;116;173;209mautoid.py:reidentify:603[0m - shift = -0.472, stretch = 1.000, cc = 1.000
[1;38;2;49;54;149m    [INFO][0m - [38;2;116;173;209mwv_fitting.py:iterative_fitting:462[0m - RMS of the final wavelength fit: 0.0683377 pixels
[1;38;2;49;54;149m    [INFO][0m - [38;2;116;173;209mautoid.py:full_template:1142[0m - Processing slit/order 743 (5/24)
[1;38;2;49;54;149m    [INFO][0m - [38;2;116;173;209mautoid.py:full_template:1143[0m - Using sigdetect = 5.0
[1;38;2;49;54;149m    [INFO][0m - [38;2;116;173;209mautoid.py:set_fwhm:1029[0m - Measured arc lines FWHM: 2.9 pixels
[1;38;2;253;174;97m [WARNING][0m - [38;2;116;173;209m_minpack_py.py:curve_fit:1071[0m - OptimizeWarning: Covariance of the parameters could not be estimated
[1;38;2;49;54;149m    [INFO][0m - [38;2;116;173;209mautoid.py:full_template:1244[0m - Shift = -112.30; cc = 0.4696
[1;38;2;49;54;149m    [INFO][0m - [38;2;116;173;209mautoid.py:reidentify:595[0m - Cross-correlating with arxiv slit # 0
[1;38;2;49;54;149m    [INFO][0m - [38;2;116;173;209mautoid.py:reidentify:603[0m - shift = -1.007, stretch = 1.000, cc = 0.997
[1;38;2;253;174;97m [WARNING][0m - [38;2;116;173;209m_minpack_py.py:curve_fit:1071[0m - OptimizeWarning: Covariance of the parameters could not be estimated
[1;38;2;49;54;149m    [INFO][0m - [38;2;116;173;209mautoid.py:reidentify:595[0m - Cross-correlating with arxiv slit # 0
[1;38;2;253;174;97m [WARNING][0m - [38;2;116;173;209m_minpack_py.py:curve_fit:1071[0m - OptimizeWarning: Covariance of the parameters could not be estimated
[1;38;2;49;54;149m    [INFO][0m - [38;2;116;173;209mautoid.py:reidentify:603[0m - shift = -0.549, stretch = 1.005, cc = 1.000
[1;38;2;49;54;149m    [INFO][0m - [38;2;116;173;209mwv_fitting.py:iterative_fitting:462[0m - RMS of the final wavelength fit: 0.118565 pixels
[1;38;2;49;54;149m    [INFO][0m - [38;2;116;173;209mautoid.py:full_template:1142[0m - Processing slit/order 893 (6/24)
[1;38;2;49;54;149m    [INFO][0m - [38;2;116;173;209mautoid.py:full_template:1143[0m - Using sigdetect = 5.0
[1;38;2;49;54;149m    [INFO][0m - [38;2;116;173;209mautoid.py:set_fwhm:1029[0m - Measured arc lines FWHM: 3.0 pixels
[1;38;2;253;174;97m [WARNING][0m - [38;2;116;173;209m_minpack_py.py:curve_fit:1071[0m - OptimizeWarning: Covariance of the parameters could not be estimated
[1;38;2;49;54;149m    [INFO][0m - [38;2;116;173;209mautoid.py:full_template:1244[0m - Shift = 89.03; cc = 0.7308
[1;38;2;49;54;149m    [INFO][0m - [38;2;116;173;209mautoid.py:reidentify:595[0m - Cross-correlating with arxiv slit # 0
[1;38;2;49;54;149m    [INFO][0m - [38;2;116;173;209mautoid.py:reidentify:603[0m - shift = 5.886, stretch = 0.997, cc = 0.995
[1;38;2;49;54;149m    [INFO][0m - [38;2;116;173;209mautoid.py:reidentify:595[0m - Cross-correlating with arxiv slit # 0
[1;38;2;49;54;149m    [INFO][0m - [38;2;116;173;209mautoid.py:reidentify:603[0m - shift = -0.667, stretch = 1.000, cc = 0.996
[1;38;2;49;54;149m    [INFO][0m - [38;2;116;173;209mwv_fitting.py:iterative_fitting:462[0m - RMS of the final wavelength fit: 0.213609 pixels
[1;38;2;49;54;149m    [INFO][0m - [38;2;116;173;209mautoid.py:full_template:1142[0m - Processing slit/order 1040 (7/24)
[1;38;2;49;54;149m    [INFO][0m - [38;2;116;173;209mautoid.py:full_template:1143[0m - Using sigdetect = 5.0
[1;38;2;49;54;149m    [INFO][0m - [38;2;116;173;209mautoid.py:set_fwhm:1029[0m - Measured arc lines FWHM: 2.9 pixels
[1;38;2;253;174;97m [WARNING][0m - [38;2;116;173;209m_minpack_py.py:curve_fit:1071[0m - OptimizeWarning: Covariance of the parameters could not be estimated
[1;38;2;49;54;149m    [INFO][0m - [38;2;116;173;209mautoid.py:full_template:1244[0m - Shift = -113.89; cc = 0.4820
[1;38;2;49;54;149m    [INFO][0m - [38;2;116;173;209mautoid.py:reidentify:595[0m - Cross-correlating with arxiv slit # 0
[1;38;2;49;54;149m    [INFO][0m - [38;2;116;173;209mautoid.py:reidentify:603[0m - shift = -0.003, stretch = 1.000, cc = 1.000
[1;38;2;253;174;97m [WARNING][0m - [38;2;116;173;209m_minpack_py.py:curve_fit:1071[0m - OptimizeWarning: Covariance of the parameters could not be estimated
[1;38;2;49;54;149m    [INFO][0m - [38;2;116;173;209mautoid.py:reidentify:595[0m - Cross-correlating with arxiv slit # 0
[1;38;2;253;174;97m [WARNING][0m - [38;2;116;173;209m_minpack_py.py:curve_fit:1071[0m - OptimizeWarning: Covariance of the parameters could not be estimated
[1;38;2;49;54;149m    [INFO][0m - [38;2;116;173;209mautoid.py:reidentify:603[0m - shift = -0.294, stretch = 1.004, cc = 0.999
[1;38;2;49;54;149m    [INFO][0m - [38;2;116;173;209mwv_fitting.py:iterative_fitting:462[0m - RMS of the final wavelength fit: 0.100529 pixels
[1;38;2;49;54;149m    [INFO][0m - [38;2;116;173;209mautoid.py:full_template:1142[0m - Processing slit/order 1187 (8/24)
[1;38;2;49;54;149m    [INFO][0m - [38;2;116;173;209mautoid.py:full_template:1143[0m - Using sigdetect = 5.0
[1;38;2;49;54;149m    [INFO][0m - [38;2;116;173;209mautoid.py:set_fwhm:1029[0m - Measured arc lines FWHM: 3.0 pixels
[1;38;2;253;174;97m [WARNING][0m - [38;2;116;173;209m_minpack_py.py:curve_fit:1071[0m - OptimizeWarning: Covariance of the parameters could not be estimated
[1;38;2;49;54;149m    [INFO][0m - [38;2;116;173;209mautoid.py:full_template:1244[0m - Shift = 70.70; cc = 0.6618
[1;38;2;49;54;149m    [INFO][0m - [38;2;116;173;209mautoid.py:reidentify:595[0m - Cross-correlating with arxiv slit # 0
[1;38;2;49;54;149m    [INFO][0m - [38;2;116;173;209mautoid.py:reidentify:603[0m - shift = 5.268, stretch = 0.997, cc = 0.996
[1;38;2;49;54;149m    [INFO][0m - [38;2;116;173;209mautoid.py:reidentify:595[0m - Cross-correlating with arxiv slit # 0
[1;38;2;49;54;149m    [INFO][0m - [38;2;116;173;209mautoid.py:reidentify:603[0m - shift = -1.229, stretch = 1.000, cc = 0.932
[1;38;2;49;54;149m    [INFO][0m - [38;2;116;173;209mwv_fitting.py:iterative_fitting:462[0m - RMS of the final wavelength fit: 0.127628 pixels
[1;38;2;49;54;149m    [INFO][0m - [38;2;116;173;209mautoid.py:full_template:1142[0m - Processing slit/order 1335 (9/24)
[1;38;2;49;54;149m    [INFO][0m - [38;2;116;173;209mautoid.py:full_template:1143[0m - Using sigdetect = 5.0
[1;38;2;49;54;149m    [INFO][0m - [38;2;116;173;209mautoid.py:set_fwhm:1029[0m - Measured arc lines FWHM: 2.9 pixels
[1;38;2;253;174;97m [WARNING][0m - [38;2;116;173;209m_minpack_py.py:curve_fit:1071[0m - OptimizeWarning: Covariance of the parameters could not be estimated
[1;38;2;49;54;149m    [INFO][0m - [38;2;116;173;209mautoid.py:full_template:1244[0m - Shift = -110.18; cc = 0.5466
[1;38;2;49;54;149m    [INFO][0m - [38;2;116;173;209mautoid.py:reidentify:595[0m - Cross-correlating with arxiv slit # 0
[1;38;2;49;54;149m    [INFO][0m - [38;2;116;173;209mautoid.py:reidentify:603[0m - shift = -0.013, stretch = 1.000, cc = 0.995
[1;38;2;253;174;97m [WARNING][0m - [38;2;116;173;209m_minpack_py.py:curve_fit:1071[0m - OptimizeWarning: Covariance of the parameters could not be estimated
[1;38;2;49;54;149m    [INFO][0m - [38;2;116;173;209mautoid.py:reidentify:595[0m - Cross-correlating with arxiv slit # 0
[1;38;2;253;174;97m [WARNING][0m - [38;2;116;173;209m_minpack_py.py:curve_fit:1071[0m - OptimizeWarning: Covariance of the parameters could not be estimated
[1;38;2;49;54;149m    [INFO][0m - [38;2;116;173;209mautoid.py:reidentify:603[0m - shift = -1.071, stretch = 1.003, cc = 0.999
[1;38;2;49;54;149m    [INFO][0m - [38;2;116;173;209mwv_fitting.py:iterative_fitting:462[0m - RMS of the final wavelength fit: 0.167264 pixels
[1;38;2;49;54;149m    [INFO][0m - [38;2;116;173;209mautoid.py:full_template:1142[0m - Processing slit/order 1483 (10/24)
[1;38;2;49;54;149m    [INFO][0m - [38;2;116;173;209mautoid.py:full_template:1143[0m - Using sigdetect = 5.0
[1;38;2;49;54;149m    [INFO][0m - [38;2;116;173;209mautoid.py:set_fwhm:1029[0m - Measured arc lines FWHM: 2.9 pixels
[1;38;2;253;174;97m [WARNING][0m - [38;2;116;173;209m_minpack_py.py:curve_fit:1071[0m - OptimizeWarning: Covariance of the parameters could not be estimated
[1;38;2;49;54;149m    [INFO][0m - [38;2;116;173;209mautoid.py:full_template:1244[0m - Shift = 56.85; cc = 0.6874
[1;38;2;49;54;149m    [INFO][0m - [38;2;116;173;209mautoid.py:reidentify:595[0m - Cross-correlating with arxiv slit # 0
[1;38;2;49;54;149m    [INFO][0m - [38;2;116;173;209mautoid.py:reidentify:603[0m - shift = 4.934, stretch = 0.998, cc = 0.995
[1;38;2;49;54;149m    [INFO][0m - [38;2;116;173;209mautoid.py:reidentify:595[0m - Cross-correlating with arxiv slit # 0
[1;38;2;49;54;149m    [INFO][0m - [38;2;116;173;209mautoid.py:reidentify:603[0m - shift = -1.766, stretch = 1.000, cc = 0.998
[1;38;2;49;54;149m    [INFO][0m - [38;2;116;173;209mwv_fitting.py:iterative_fitting:462[0m - RMS of the final wavelength fit: 0.174525 pixels
[1;38;2;49;54;149m    [INFO][0m - [38;2;116;173;209mautoid.py:full_template:1142[0m - Processing slit/order 1631 (11/24)
[1;38;2;49;54;149m    [INFO][0m - [38;2;116;173;209mautoid.py:full_template:1143[0m - Using sigdetect = 5.0
[1;38;2;49;54;149m    [INFO][0m - [38;2;116;173;209mautoid.py:set_fwhm:1029[0m - Measured arc lines FWHM: 2.8 pixels
[1;38;2;253;174;97m [WARNING][0m - [38;2;116;173;209m_minpack_py.py:curve_fit:1071[0m - OptimizeWarning: Covariance of the parameters could not be estimated
[1;38;2;49;54;149m    [INFO][0m - [38;2;116;173;209mautoid.py:full_template:1244[0m - Shift = -103.98; cc = 0.6011
[1;38;2;49;54;149m    [INFO][0m - [38;2;116;173;209mautoid.py:reidentify:595[0m - Cross-correlating with arxiv slit # 0
[1;38;2;49;54;149m    [INFO][0m - [38;2;116;173;209mautoid.py:reidentify:603[0m - shift = 1.303, stretch = 1.000, cc = 0.995
[1;38;2;253;174;97m [WARNING][0m - [38;2;116;173;209m_minpack_py.py:curve_fit:1071[0m - OptimizeWarning: Covariance of the parameters could not be estimated
[1;38;2;49;54;149m    [INFO][0m - [38;2;116;173;209mautoid.py:reidentify:595[0m - Cross-correlating with arxiv slit # 0
[1;38;2;253;174;97m [WARNING][0m - [38;2;116;173;209m_minpack_py.py:curve_fit:1071[0m - OptimizeWarning: Covariance of the parameters could not be estimated
[1;38;2;49;54;149m    [INFO][0m - [38;2;116;173;209mautoid.py:reidentify:603[0m - shift = -0.360, stretch = 1.003, cc = 1.000
[1;38;2;49;54;149m    [INFO][0m - [38;2;116;173;209mwv_fitting.py:iterative_fitting:462[0m - RMS of the final wavelength fit: 0.0635246 pixels
[1;38;2;49;54;149m    [INFO][0m - [38;2;116;173;209mautoid.py:full_template:1142[0m - Processing slit/order 1779 (12/24)
[1;38;2;49;54;149m    [INFO][0m - [38;2;116;173;209mautoid.py:full_template:1143[0m - Using sigdetect = 5.0
[1;38;2;49;54;149m    [INFO][0m - [38;2;116;173;209mautoid.py:set_fwhm:1029[0m - Measured arc lines FWHM: 2.9 pixels
[1;38;2;253;174;97m [WARNING][0m - [38;2;116;173;209m_minpack_py.py:curve_fit:1071[0m - OptimizeWarning: Covariance of the parameters could not be estimated
[1;38;2;49;54;149m    [INFO][0m - [38;2;116;173;209mautoid.py:full_template:1244[0m - Shift = 110.69; cc = 0.6011
[1;38;2;49;54;149m    [INFO][0m - [38;2;116;173;209mautoid.py:reidentify:595[0m - Cross-correlating with arxiv slit # 0
[1;38;2;49;54;149m    [INFO][0m - [38;2;116;173;209mautoid.py:reidentify:603[0m - shift = 8.931, stretch = 0.997, cc = 0.996
[1;38;2;49;54;149m    [INFO][0m - [38;2;116;173;209mautoid.py:reidentify:595[0m - Cross-correlating with arxiv slit # 0
[1;38;2;49;54;149m    [INFO][0m - [38;2;116;173;209mautoid.py:reidentify:603[0m - shift = 0.501, stretch = 0.998, cc = 1.000
[1;38;2;49;54;149m    [INFO][0m - [38;2;116;173;209mwv_fitting.py:iterative_fitting:462[0m - RMS of the final wavelength fit: 0.115362 pixels
[1;38;2;49;54;149m    [INFO][0m - [38;2;116;173;209mautoid.py:full_template:1142[0m - Processing slit/order 2336 (13/24)
[1;38;2;49;54;149m    [INFO][0m - [38;2;116;173;209mautoid.py:full_template:1143[0m - Using sigdetect = 5.0
[1;38;2;49;54;149m    [INFO][0m - [38;2;116;173;209mautoid.py:set_fwhm:1029[0m - Measured arc lines FWHM: 2.9 pixels
[1;38;2;253;174;97m [WARNING][0m - [38;2;116;173;209m_minpack_py.py:curve_fit:1071[0m - OptimizeWarning: Covariance of the parameters could not be estimated
[1;38;2;49;54;149m    [INFO][0m - [38;2;116;173;209mautoid.py:full_template:1244[0m - Shift = -116.43; cc = 0.5468
[1;38;2;49;54;149m    [INFO][0m - [38;2;116;173;209mautoid.py:reidentify:595[0m - Cross-correlating with arxiv slit # 0
[1;38;2;49;54;149m    [INFO][0m - [38;2;116;173;209mautoid.py:reidentify:603[0m - shift = 0.478, stretch = 1.000, cc = 0.995
[1;38;2;253;174;97m [WARNING][0m - [38;2;116;173;209m_minpack_py.py:curve_fit:1071[0m - OptimizeWarning: Covariance of the parameters could not be estimated
[1;38;2;49;54;149m    [INFO][0m - [38;2;116;173;209mautoid.py:reidentify:595[0m - Cross-correlating with arxiv slit # 0
[1;38;2;253;174;97m [WARNING][0m - [38;2;116;173;209m_minpack_py.py:curve_fit:1071[0m - OptimizeWarning: Covariance of the parameters could not be estimated
[1;38;2;49;54;149m    [INFO][0m - [38;2;116;173;209mautoid.py:reidentify:603[0m - shift = -0.932, stretch = 1.003, cc = 1.000
[1;38;2;49;54;149m    [INFO][0m - [38;2;116;173;209mwv_fitting.py:iterative_fitting:462[0m - RMS of the final wavelength fit: 0.106204 pixels
[1;38;2;49;54;149m    [INFO][0m - [38;2;116;173;209mautoid.py:full_template:1142[0m - Processing slit/order 2483 (14/24)
[1;38;2;49;54;149m    [INFO][0m - [38;2;116;173;209mautoid.py:full_template:1143[0m - Using sigdetect = 5.0
[1;38;2;49;54;149m    [INFO][0m - [38;2;116;173;209mautoid.py:set_fwhm:1029[0m - Measured arc lines FWHM: 3.0 pixels
[1;38;2;253;174;97m [WARNING][0m - [38;2;116;173;209m_minpack_py.py:curve_fit:1071[0m - OptimizeWarning: Covariance of the parameters could not be estimated
[1;38;2;49;54;149m    [INFO][0m - [38;2;116;173;209mautoid.py:full_template:1244[0m - Shift = 100.38; cc = 0.6372
[1;38;2;49;54;149m    [INFO][0m - [38;2;116;173;209mautoid.py:reidentify:595[0m - Cross-correlating with arxiv slit # 0
[1;38;2;49;54;149m    [INFO][0m - [38;2;116;173;209mautoid.py:reidentify:603[0m - shift = 8.457, stretch = 0.997, cc = 0.996
[1;38;2;49;54;149m    [INFO][0m - [38;2;116;173;209mautoid.py:reidentify:595[0m - Cross-correlating with arxiv slit # 0
[1;38;2;49;54;149m    [INFO][0m - [38;2;116;173;209mautoid.py:reidentify:603[0m - shift = 0.388, stretch = 0.998, cc = 1.000
[1;38;2;49;54;149m    [INFO][0m - [38;2;116;173;209mwv_fitting.py:iterative_fitting:462[0m - RMS of the final wavelength fit: 0.106367 pixels
[1;38;2;49;54;149m    [INFO][0m - [38;2;116;173;209mautoid.py:full_template:1142[0m - Processing slit/order 2631 (15/24)
[1;38;2;49;54;149m    [INFO][0m - [38;2;116;173;209mautoid.py:full_template:1143[0m - Using sigdetect = 5.0
[1;38;2;49;54;149m    [INFO][0m - [38;2;116;173;209mautoid.py:set_fwhm:1029[0m - Measured arc lines FWHM: 2.9 pixels
[1;38;2;253;174;97m [WARNING][0m - [38;2;116;173;209m_minpack_py.py:curve_fit:1071[0m - OptimizeWarning: Covariance of the parameters could not be estimated
[1;38;2;49;54;149m    [INFO][0m - [38;2;116;173;209mautoid.py:full_template:1244[0m - Shift = -48.35; cc = 0.6242
[1;38;2;49;54;149m    [INFO][0m - [38;2;116;173;209mautoid.py:reidentify:595[0m - Cross-correlating with arxiv slit # 0
[1;38;2;49;54;149m    [INFO][0m - [38;2;116;173;209mautoid.py:reidentify:603[0m - shift = 1.802, stretch = 0.999, cc = 0.996
[1;38;2;49;54;149m    [INFO][0m - [38;2;116;173;209mautoid.py:reidentify:595[0m - Cross-correlating with arxiv slit # 0
[1;38;2;49;54;149m    [INFO][0m - [38;2;116;173;209mautoid.py:reidentify:603[0m - shift = -1.455, stretch = 1.002, cc = 1.000
[1;38;2;49;54;149m    [INFO][0m - [38;2;116;173;209mwv_fitting.py:iterative_fitting:462[0m - RMS of the final wavelength fit: 0.114309 pixels
[1;38;2;49;54;149m    [INFO][0m - [38;2;116;173;209mautoid.py:full_template:1142[0m - Processing slit/order 2777 (16/24)
[1;38;2;49;54;149m    [INFO][0m - [38;2;116;173;209mautoid.py:full_template:1143[0m - Using sigdetect = 5.0
[1;38;2;49;54;149m    [INFO][0m - [38;2;116;173;209mautoid.py:set_fwhm:1029[0m - Measured arc lines FWHM: 3.0 pixels
[1;38;2;253;174;97m [WARNING][0m - [38;2;116;173;209m_minpack_py.py:curve_fit:1071[0m - OptimizeWarning: Covariance of the parameters could not be estimated
[1;38;2;49;54;149m    [INFO][0m - [38;2;116;173;209mautoid.py:full_template:1244[0m - Shift = 128.72; cc = 0.5917
[1;38;2;49;54;149m    [INFO][0m - [38;2;116;173;209mautoid.py:reidentify:595[0m - Cross-correlating with arxiv slit # 0
[1;38;2;49;54;149m    [INFO][0m - [38;2;116;173;209mautoid.py:reidentify:603[0m - shift = 9.062, stretch = 0.997, cc = 0.994
[1;38;2;49;54;149m    [INFO][0m - [38;2;116;173;209mautoid.py:reidentify:595[0m - Cross-correlating with arxiv slit # 0
[1;38;2;49;54;149m    [INFO][0m - [38;2;116;173;209mautoid.py:reidentify:603[0m - shift = 0.492, stretch = 0.998, cc = 1.000
[1;38;2;49;54;149m    [INFO][0m - [38;2;116;173;209mwv_fitting.py:iterative_fitting:462[0m - RMS of the final wavelength fit: 0.0892185 pixels
[1;38;2;49;54;149m    [INFO][0m - [38;2;116;173;209mautoid.py:full_template:1142[0m - Processing slit/order 2924 (17/24)
[1;38;2;49;54;149m    [INFO][0m - [38;2;116;173;209mautoid.py:full_template:1143[0m - Using sigdetect = 5.0
[1;38;2;49;54;149m    [INFO][0m - [38;2;116;173;209mautoid.py:set_fwhm:1029[0m - Measured arc lines FWHM: 3.0 pixels
[1;38;2;253;174;97m [WARNING][0m - [38;2;116;173;209m_minpack_py.py:curve_fit:1071[0m - OptimizeWarning: Covariance of the parameters could not be estimated
[1;38;2;49;54;149m    [INFO][0m - [38;2;116;173;209mautoid.py:full_template:1244[0m - Shift = -37.96; cc = 0.6134
[1;38;2;49;54;149m    [INFO][0m - [38;2;116;173;209mautoid.py:reidentify:595[0m - Cross-correlating with arxiv slit # 0
[1;38;2;49;54;149m    [INFO][0m - [38;2;116;173;209mautoid.py:reidentify:603[0m - shift = 2.257, stretch = 0.999, cc = 0.997
[1;38;2;49;54;149m    [INFO][0m - [38;2;116;173;209mautoid.py:reidentify:595[0m - Cross-correlating with arxiv slit # 0
[1;38;2;49;54;149m    [INFO][0m - [38;2;116;173;209mautoid.py:reidentify:603[0m - shift = -0.813, stretch = 1.002, cc = 1.000
[1;38;2;49;54;149m    [INFO][0m - [38;2;116;173;209mwv_fitting.py:iterative_fitting:462[0m - RMS of the final wavelength fit: 0.0602911 pixels
[1;38;2;49;54;149m    [INFO][0m - [38;2;116;173;209mautoid.py:full_template:1142[0m - Processing slit/order 3071 (18/24)
[1;38;2;49;54;149m    [INFO][0m - [38;2;116;173;209mautoid.py:full_template:1143[0m - Using sigdetect = 5.0
[1;38;2;49;54;149m    [INFO][0m - [38;2;116;173;209mautoid.py:set_fwhm:1029[0m - Measured arc lines FWHM: 3.0 pixels
[1;38;2;253;174;97m [WARNING][0m - [38;2;116;173;209m_minpack_py.py:curve_fit:1071[0m - OptimizeWarning: Covariance of the parameters could not be estimated
[1;38;2;49;54;149m    [INFO][0m - [38;2;116;173;209mautoid.py:full_template:1244[0m - Shift = 165.14; cc = 0.5037
[1;38;2;49;54;149m    [INFO][0m - [38;2;116;173;209mautoid.py:reidentify:595[0m - Cross-correlating with arxiv slit # 0
[1;38;2;49;54;149m    [INFO][0m - [38;2;116;173;209mautoid.py:reidentify:603[0m - shift = 10.950, stretch = 0.996, cc = 0.993
[1;38;2;49;54;149m    [INFO][0m - [38;2;116;173;209mautoid.py:reidentify:595[0m - Cross-correlating with arxiv slit # 0
[1;38;2;49;54;149m    [INFO][0m - [38;2;116;173;209mautoid.py:reidentify:603[0m - shift = 1.629, stretch = 0.998, cc = 0.999
[1;38;2;49;54;149m    [INFO][0m - [38;2;116;173;209mwv_fitting.py:iterative_fitting:462[0m - RMS of the final wavelength fit: 0.0878898 pixels
[1;38;2;49;54;149m    [INFO][0m - [38;2;116;173;209mautoid.py:full_template:1142[0m - Processing slit/order 3219 (19/24)
[1;38;2;49;54;149m    [INFO][0m - [38;2;116;173;209mautoid.py:full_template:1143[0m - Using sigdetect = 5.0
[1;38;2;49;54;149m    [INFO][0m - [38;2;116;173;209mautoid.py:set_fwhm:1029[0m - Measured arc lines FWHM: 3.0 pixels
[1;38;2;253;174;97m [WARNING][0m - [38;2;116;173;209m_minpack_py.py:curve_fit:1071[0m - OptimizeWarning: Covariance of the parameters could not be estimated
[1;38;2;49;54;149m    [INFO][0m - [38;2;116;173;209mautoid.py:full_template:1244[0m - Shift = -20.51; cc = 0.6309
[1;38;2;49;54;149m    [INFO][0m - [38;2;116;173;209mautoid.py:reidentify:595[0m - Cross-correlating with arxiv slit # 0
[1;38;2;49;54;149m    [INFO][0m - [38;2;116;173;209mautoid.py:reidentify:603[0m - shift = 1.871, stretch = 0.998, cc = 0.995
[1;38;2;49;54;149m    [INFO][0m - [38;2;116;173;209mautoid.py:reidentify:595[0m - Cross-correlating with arxiv slit # 0
[1;38;2;49;54;149m    [INFO][0m - [38;2;116;173;209mautoid.py:reidentify:603[0m - shift = -1.228, stretch = 1.002, cc = 1.000
[1;38;2;49;54;149m    [INFO][0m - [38;2;116;173;209mwv_fitting.py:iterative_fitting:462[0m - RMS of the final wavelength fit: 0.119609 pixels
[1;38;2;49;54;149m    [INFO][0m - [38;2;116;173;209mautoid.py:full_template:1142[0m - Processing slit/order 3367 (20/24)
[1;38;2;49;54;149m    [INFO][0m - [38;2;116;173;209mautoid.py:full_template:1143[0m - Using sigdetect = 5.0
[1;38;2;49;54;149m    [INFO][0m - [38;2;116;173;209mautoid.py:set_fwhm:1029[0m - Measured arc lines FWHM: 3.0 pixels
[1;38;2;253;174;97m [WARNING][0m - [38;2;116;173;209m_minpack_py.py:curve_fit:1071[0m - OptimizeWarning: Covariance of the parameters could not be estimated
[1;38;2;49;54;149m    [INFO][0m - [38;2;116;173;209mautoid.py:full_template:1244[0m - Shift = 210.47; cc = 0.3725
[1;38;2;49;54;149m    [INFO][0m - [38;2;116;173;209mautoid.py:reidentify:595[0m - Cross-correlating with arxiv slit # 0
[1;38;2;49;54;149m    [INFO][0m - [38;2;116;173;209mautoid.py:reidentify:603[0m - shift = 12.076, stretch = 0.995, cc = 0.993
[1;38;2;49;54;149m    [INFO][0m - [38;2;116;173;209mautoid.py:reidentify:595[0m - Cross-correlating with arxiv slit # 0
[1;38;2;49;54;149m    [INFO][0m - [38;2;116;173;209mautoid.py:reidentify:603[0m - shift = 1.929, stretch = 0.997, cc = 1.000
[1;38;2;49;54;149m    [INFO][0m - [38;2;116;173;209mwv_fitting.py:iterative_fitting:462[0m - RMS of the final wavelength fit: 0.104923 pixels
[1;38;2;49;54;149m    [INFO][0m - [38;2;116;173;209mautoid.py:full_template:1142[0m - Processing slit/order 3517 (21/24)
[1;38;2;49;54;149m    [INFO][0m - [38;2;116;173;209mautoid.py:full_template:1143[0m - Using sigdetect = 5.0
[1;38;2;49;54;149m    [INFO][0m - [38;2;116;173;209mautoid.py:set_fwhm:1029[0m - Measured arc lines FWHM: 3.1 pixels
[1;38;2;253;174;97m [WARNING][0m - [38;2;116;173;209m_minpack_py.py:curve_fit:1071[0m - OptimizeWarning: Covariance of the parameters could not be estimated
[1;38;2;49;54;149m    [INFO][0m - [38;2;116;173;209mautoid.py:full_template:1244[0m - Shift = 5.85; cc = 0.6336
[1;38;2;49;54;149m    [INFO][0m - [38;2;116;173;209mautoid.py:reidentify:595[0m - Cross-correlating with arxiv slit # 0
[1;38;2;49;54;149m    [INFO][0m - [38;2;116;173;209mautoid.py:reidentify:603[0m - shift = 0.730, stretch = 0.998, cc = 0.995
[1;38;2;49;54;149m    [INFO][0m - [38;2;116;173;209mautoid.py:reidentify:595[0m - Cross-correlating with arxiv slit # 0
[1;38;2;49;54;149m    [INFO][0m - [38;2;116;173;209mautoid.py:reidentify:603[0m - shift = -2.517, stretch = 1.002, cc = 0.997
[1;38;2;49;54;149m    [INFO][0m - [38;2;116;173;209mwv_fitting.py:iterative_fitting:462[0m - RMS of the final wavelength fit: 0.102951 pixels
[1;38;2;49;54;149m    [INFO][0m - [38;2;116;173;209mautoid.py:full_template:1142[0m - Processing slit/order 3669 (22/24)
[1;38;2;49;54;149m    [INFO][0m - [38;2;116;173;209mautoid.py:full_template:1143[0m - Using sigdetect = 5.0
[1;38;2;49;54;149m    [INFO][0m - [38;2;116;173;209mautoid.py:set_fwhm:1029[0m - Measured arc lines FWHM: 3.0 pixels
[1;38;2;253;174;97m [WARNING][0m - [38;2;116;173;209m_minpack_py.py:curve_fit:1071[0m - OptimizeWarning: Covariance of the parameters could not be estimated
[1;38;2;49;54;149m    [INFO][0m - [38;2;116;173;209mautoid.py:full_template:1244[0m - Shift = 263.58; cc = 0.2866
[1;38;2;49;54;149m    [INFO][0m - [38;2;116;173;209mautoid.py:reidentify:595[0m - Cross-correlating with arxiv slit # 0
[1;38;2;49;54;149m    [INFO][0m - [38;2;116;173;209mautoid.py:reidentify:603[0m - shift = 14.224, stretch = 0.994, cc = 0.987
[1;38;2;49;54;149m    [INFO][0m - [38;2;116;173;209mautoid.py:reidentify:595[0m - Cross-correlating with arxiv slit # 0
[1;38;2;49;54;149m    [INFO][0m - [38;2;116;173;209mautoid.py:reidentify:603[0m - shift = 3.123, stretch = 0.997, cc = 0.999
[1;38;2;49;54;149m    [INFO][0m - [38;2;116;173;209mwv_fitting.py:iterative_fitting:462[0m - RMS of the final wavelength fit: 0.135316 pixels
[1;38;2;49;54;149m    [INFO][0m - [38;2;116;173;209mautoid.py:full_template:1142[0m - Processing slit/order 3824 (23/24)
[1;38;2;49;54;149m    [INFO][0m - [38;2;116;173;209mautoid.py:full_template:1143[0m - Using sigdetect = 5.0
[1;38;2;49;54;149m    [INFO][0m - [38;2;116;173;209mautoid.py:set_fwhm:1029[0m - Measured arc lines FWHM: 3.1 pixels
[1;38;2;253;174;97m [WARNING][0m - [38;2;116;173;209m_minpack_py.py:curve_fit:1071[0m - OptimizeWarning: Covariance of the parameters could not be estimated
[1;38;2;49;54;149m    [INFO][0m - [38;2;116;173;209mautoid.py:full_template:1244[0m - Shift = 40.67; cc = 0.6429
[1;38;2;49;54;149m    [INFO][0m - [38;2;116;173;209mautoid.py:reidentify:595[0m - Cross-correlating with arxiv slit # 0
[1;38;2;49;54;149m    [INFO][0m - [38;2;116;173;209mautoid.py:reidentify:603[0m - shift = 0.905, stretch = 0.998, cc = 0.995
[1;38;2;49;54;149m    [INFO][0m - [38;2;116;173;209mautoid.py:reidentify:595[0m - Cross-correlating with arxiv slit # 0
[1;38;2;49;54;149m    [INFO][0m - [38;2;116;173;209mautoid.py:reidentify:603[0m - shift = -2.840, stretch = 1.004, cc = 0.928
[1;38;2;49;54;149m    [INFO][0m - [38;2;116;173;209mwv_fitting.py:iterative_fitting:462[0m - RMS of the final wavelength fit: 0.224702 pixels
[1;38;2;49;54;149m    [INFO][0m - [38;2;116;173;209mautoid.py:full_template:1142[0m - Processing slit/order 3983 (24/24)
[1;38;2;49;54;149m    [INFO][0m - [38;2;116;173;209mautoid.py:full_template:1143[0m - Using sigdetect = 5.0
[1;38;2;49;54;149m    [INFO][0m - [38;2;116;173;209mautoid.py:set_fwhm:1029[0m - Measured arc lines FWHM: 3.0 pixels
[1;38;2;253;174;97m [WARNING][0m - [38;2;116;173;209m_minpack_py.py:curve_fit:1071[0m - OptimizeWarning: Covariance of the parameters could not be estimated
[1;38;2;49;54;149m    [INFO][0m - [38;2;116;173;209mautoid.py:full_template:1244[0m - Shift = 333.38; cc = 0.2770
[1;38;2;49;54;149m    [INFO][0m - [38;2;116;173;209mautoid.py:reidentify:595[0m - Cross-correlating with arxiv slit # 0
[1;38;2;49;54;149m    [INFO][0m - [38;2;116;173;209mautoid.py:reidentify:603[0m - shift = 19.117, stretch = 0.992, cc = 0.983
[1;38;2;49;54;149m    [INFO][0m - [38;2;116;173;209mautoid.py:reidentify:595[0m - Cross-correlating with arxiv slit # 0
[1;38;2;49;54;149m    [INFO][0m - [38;2;116;173;209mautoid.py:reidentify:603[0m - shift = 6.340, stretch = 0.996, cc = 1.000
[1;38;2;49;54;149m    [INFO][0m - [38;2;116;173;209mwv_fitting.py:iterative_fitting:462[0m - RMS of the final wavelength fit: 0.0662805 pixels
[1;38;2;49;54;149m    [INFO][0m - [38;2;116;173;209mwavecalib.py:build_wv_calib:795[0m - Preparing wavelength calibration QA for slit 1/24
[1;38;2;49;54;149m    [INFO][0m - [38;2;116;173;209mwavecalib.py:build_wv_calib:795[0m - Preparing wavelength calibration QA for slit 2/24
[1;38;2;49;54;149m    [INFO][0m - [38;2;116;173;209mwavecalib.py:build_wv_calib:795[0m - Preparing wavelength calibration QA for slit 3/24
[1;38;2;49;54;149m    [INFO][0m - [38;2;116;173;209mwavecalib.py:build_wv_calib:795[0m - Preparing wavelength calibration QA for slit 4/24
[1;38;2;49;54;149m    [INFO][0m - [38;2;116;173;209mwavecalib.py:build_wv_calib:795[0m - Preparing wavelength calibration QA for slit 5/24
[1;38;2;49;54;149m    [INFO][0m - [38;2;116;173;209mwavecalib.py:build_wv_calib:795[0m - Preparing wavelength calibration QA for slit 6/24
[1;38;2;49;54;149m    [INFO][0m - [38;2;116;173;209mwavecalib.py:build_wv_calib:795[0m - Preparing wavelength calibration QA for slit 7/24
[1;38;2;49;54;149m    [INFO][0m - [38;2;116;173;209mwavecalib.py:build_wv_calib:795[0m - Preparing wavelength calibration QA for slit 8/24
[1;38;2;49;54;149m    [INFO][0m - [38;2;116;173;209mwavecalib.py:build_wv_calib:795[0m - Preparing wavelength calibration QA for slit 9/24
[1;38;2;49;54;149m    [INFO][0m - [38;2;116;173;209mwavecalib.py:build_wv_calib:795[0m - Preparing wavelength calibration QA for slit 10/24
[1;38;2;49;54;149m    [INFO][0m - [38;2;116;173;209mwavecalib.py:build_wv_calib:795[0m - Preparing wavelength calibration QA for slit 11/24
[1;38;2;49;54;149m    [INFO][0m - [38;2;116;173;209mwavecalib.py:build_wv_calib:795[0m - Preparing wavelength calibration QA for slit 12/24
[1;38;2;49;54;149m    [INFO][0m - [38;2;116;173;209mwavecalib.py:build_wv_calib:795[0m - Preparing wavelength calibration QA for slit 13/24
[1;38;2;49;54;149m    [INFO][0m - [38;2;116;173;209mwavecalib.py:build_wv_calib:795[0m - Preparing wavelength calibration QA for slit 14/24
[1;38;2;49;54;149m    [INFO][0m - [38;2;116;173;209mwavecalib.py:build_wv_calib:795[0m - Preparing wavelength calibration QA for slit 15/24
[1;38;2;49;54;149m    [INFO][0m - [38;2;116;173;209mwavecalib.py:build_wv_calib:795[0m - Preparing wavelength calibration QA for slit 16/24
[1;38;2;49;54;149m    [INFO][0m - [38;2;116;173;209mwavecalib.py:build_wv_calib:795[0m - Preparing wavelength calibration QA for slit 17/24
[1;38;2;49;54;149m    [INFO][0m - [38;2;116;173;209mwavecalib.py:build_wv_calib:795[0m - Preparing wavelength calibration QA for slit 18/24
[1;38;2;49;54;149m    [INFO][0m - [38;2;116;173;209mwavecalib.py:build_wv_calib:795[0m - Preparing wavelength calibration QA for slit 19/24
[1;38;2;49;54;149m    [INFO][0m - [38;2;116;173;209mwavecalib.py:build_wv_calib:795[0m - Preparing wavelength calibration QA for slit 20/24
[1;38;2;49;54;149m    [INFO][0m - [38;2;116;173;209mwavecalib.py:build_wv_calib:795[0m - Preparing wavelength calibration QA for slit 21/24
[1;38;2;49;54;149m    [INFO][0m - [38;2;116;173;209mwavecalib.py:build_wv_calib:795[0m - Preparing wavelength calibration QA for slit 22/24
[1;38;2;49;54;149m    [INFO][0m - [38;2;116;173;209mwavecalib.py:build_wv_calib:795[0m - Preparing wavelength calibration QA for slit 23/24
[1;38;2;49;54;149m    [INFO][0m - [38;2;116;173;209mwavecalib.py:build_wv_calib:795[0m - Preparing wavelength calibration QA for slit 24/24
[1;38;2;49;54;149m    [INFO][0m - [38;2;116;173;209mio.py:write_to_fits:672[0m - File written to: /Users/kaiwenzhang/PycharmProjects/KCWI/KCWI_RED_channel_characterization/RM1 pypeit run/2024-04-01/pypeit_run/keck_kcrm_B/Calibrations/WaveCalib_B_1_DET01.fits
[1;38;2;49;54;149m    [INFO][0m - [38;2;116;173;209marc.py:get_censpec:491[0m - Extracting approximate arc spectrum of slit 1/24
[1;38;2;49;54;149m    [INFO][0m - [38;2;116;173;209marc.py:get_censpec:491[0m - Extracting approximate arc spectrum of slit 2/24
[1;38;2;49;54;149m    [INFO][0m - [38;2;116;173;209marc.py:get_censpec:491[0m - Extracting approximate arc spectrum of slit 3/24
[1;38;2;49;54;149m    [INFO][0m - [38;2;116;173;209marc.py:get_censpec:491[0m - Extracting approximate arc spectrum of slit 4/24
[1;38;2;49;54;149m    [INFO][0m - [38;2;116;173;209marc.py:get_censpec:491[0m - Extracting approximate arc spectrum of slit 5/24
[1;38;2;49;54;149m    [INFO][0m - [38;2;116;173;209marc.py:get_censpec:491[0m - Extracting approximate arc spectrum of slit 6/24
[1;38;2;49;54;149m    [INFO][0m - [38;2;116;173;209marc.py:get_censpec:491[0m - Extracting approximate arc spectrum of slit 7/24
[1;38;2;49;54;149m    [INFO][0m - [38;2;116;173;209marc.py:get_censpec:491[0m - Extracting approximate arc spectrum of slit 8/24
[1;38;2;49;54;149m    [INFO][0m - [38;2;116;173;209marc.py:get_censpec:491[0m - Extracting approximate arc spectrum of slit 9/24
[1;38;2;49;54;149m    [INFO][0m - [38;2;116;173;209marc.py:get_censpec:491[0m - Extracting approximate arc spectrum of slit 10/24
[1;38;2;49;54;149m    [INFO][0m - [38;2;116;173;209marc.py:get_censpec:491[0m - Extracting approximate arc spectrum of slit 11/24
[1;38;2;49;54;149m    [INFO][0m - [38;2;116;173;209marc.py:get_censpec:491[0m - Extracting approximate arc spectrum of slit 12/24
[1;38;2;49;54;149m    [INFO][0m - [38;2;116;173;209marc.py:get_censpec:491[0m - Extracting approximate arc spectrum of slit 13/24
[1;38;2;49;54;149m    [INFO][0m - [38;2;116;173;209marc.py:get_censpec:491[0m - Extracting approximate arc spectrum of slit 14/24
[1;38;2;49;54;149m    [INFO][0m - [38;2;116;173;209marc.py:get_censpec:491[0m - Extracting approximate arc spectrum of slit 15/24
[1;38;2;49;54;149m    [INFO][0m - [38;2;116;173;209marc.py:get_censpec:491[0m - Extracting approximate arc spectrum of slit 16/24
[1;38;2;49;54;149m    [INFO][0m - [38;2;116;173;209marc.py:get_censpec:491[0m - Extracting approximate arc spectrum of slit 17/24
[1;38;2;49;54;149m    [INFO][0m - [38;2;116;173;209marc.py:get_censpec:491[0m - Extracting approximate arc spectrum of slit 18/24
[1;38;2;49;54;149m    [INFO][0m - [38;2;116;173;209marc.py:get_censpec:491[0m - Extracting approximate arc spectrum of slit 19/24
[1;38;2;49;54;149m    [INFO][0m - [38;2;116;173;209marc.py:get_censpec:491[0m - Extracting approximate arc spectrum of slit 20/24
[1;38;2;49;54;149m    [INFO][0m - [38;2;116;173;209marc.py:get_censpec:491[0m - Extracting approximate arc spectrum of slit 21/24
[1;38;2;49;54;149m    [INFO][0m - [38;2;116;173;209marc.py:get_censpec:491[0m - Extracting approximate arc spectrum of slit 22/24
[1;38;2;49;54;149m    [INFO][0m - [38;2;116;173;209marc.py:get_censpec:491[0m - Extracting approximate arc spectrum of slit 23/24
[1;38;2;49;54;149m    [INFO][0m - [38;2;116;173;209marc.py:get_censpec:491[0m - Extracting approximate arc spectrum of slit 24/24
[1;38;2;49;54;149m    [INFO][0m - [38;2;116;173;209mwavetilts.py:run:748[0m - Computing tilts for slit/order 121 (1/24)
[1;38;2;49;54;149m    [INFO][0m - [38;2;116;173;209mautoid.py:set_fwhm:1029[0m - Measured arc lines FWHM: 3.0 pixels
[1;38;2;49;54;149m    [INFO][0m - [38;2;116;173;209mwavetilts.py:run:752[0m - Finding lines for tilt analysis
[1;38;2;49;54;149m    [INFO][0m - [38;2;116;173;209mtracewave.py:tilts_find_lines:82[0m - Rejecting 20 lines below sigma threshold.
[1;38;2;49;54;149m    [INFO][0m - [38;2;116;173;209mtracewave.py:tilts_find_lines:103[0m - Removed 0 lines that were too close to neighboring lines.
[1;38;2;49;54;149m    [INFO][0m - [38;2;116;173;209mtracewave.py:tilts_find_lines:125[0m - Modeling arc line tilts with 25 arc lines
[1;38;2;49;54;149m    [INFO][0m - [38;2;116;173;209mwavetilts.py:run:769[0m - Trace the tilts
[1;38;2;49;54;149m    [INFO][0m - [38;2;116;173;209mtracewave.py:trace_tilts_work:482[0m - Number of usable arc lines for tilts: 25/25
[1;38;2;49;54;149m    [INFO][0m - [38;2;116;173;209mtracewave.py:trace_tilts:638[0m - PCA modeling 25 good tilts
[1;38;2;49;54;149m    [INFO][0m - [38;2;116;173;209mpca.py:pca_decomposition:101[0m - The unconstrained PCA yields 25 components.
[1;38;2;49;54;149m    [INFO][0m - [38;2;116;173;209mpca.py:pca_decomposition:115[0m - PCA will include 2 component(s), containing 96.644% of the total variance.
[1;38;2;49;54;149m    [INFO][0m - [38;2;116;173;209mtracepca.py:pca_trace_object:410[0m - Order of function fit to each component: [2 1]
[1;38;2;49;54;149m    [INFO][0m - [38;2;116;173;209mtracewave.py:trace_tilts_work:482[0m - Number of usable arc lines for tilts: 25/25
[1;38;2;49;54;149m    [INFO][0m - [38;2;116;173;209mtracewave.py:fit_tilts:706[0m - Fitting tilts with a low order, 2D legendre2d
[1;38;2;49;54;149m    [INFO][0m - [38;2;116;173;209mtracewave.py:fit_tilts:743[0m - Residuals: 2D Legendre Fit
[1;38;2;49;54;149m    [INFO][0m - [38;2;116;173;209mtracewave.py:fit_tilts:744[0m - RMS (pixels): 0.06430114047300405
[1;38;2;49;54;149m    [INFO][0m - [38;2;116;173;209mtracewave.py:fit_tilts:745[0m - RMS/FWHM: 0.02124891778841954
[1;38;2;49;54;149m    [INFO][0m - [38;2;116;173;209mtracewave.py:fit_tilts:747[0m - Inverting the fit to generate the tilts image
[1;38;2;49;54;149m    [INFO][0m - [38;2;116;173;209mtracewave.py:fit_tilts:806[0m - Rejected 0/624460 pixels in final inversion tilts image fit
[1;38;2;49;54;149m    [INFO][0m - [38;2;116;173;209mwavetilts.py:run:748[0m - Computing tilts for slit/order 280 (2/24)
[1;38;2;49;54;149m    [INFO][0m - [38;2;116;173;209mautoid.py:set_fwhm:1029[0m - Measured arc lines FWHM: 3.1 pixels
[1;38;2;49;54;149m    [INFO][0m - [38;2;116;173;209mwavetilts.py:run:752[0m - Finding lines for tilt analysis
[1;38;2;49;54;149m    [INFO][0m - [38;2;116;173;209mtracewave.py:tilts_find_lines:82[0m - Rejecting 16 lines below sigma threshold.
[1;38;2;49;54;149m    [INFO][0m - [38;2;116;173;209mtracewave.py:tilts_find_lines:103[0m - Removed 0 lines that were too close to neighboring lines.
[1;38;2;49;54;149m    [INFO][0m - [38;2;116;173;209mtracewave.py:tilts_find_lines:125[0m - Modeling arc line tilts with 27 arc lines
[1;38;2;49;54;149m    [INFO][0m - [38;2;116;173;209mwavetilts.py:run:769[0m - Trace the tilts
[1;38;2;49;54;149m    [INFO][0m - [38;2;116;173;209mtracewave.py:trace_tilts_work:482[0m - Number of usable arc lines for tilts: 26/27
[1;38;2;49;54;149m    [INFO][0m - [38;2;116;173;209mtracewave.py:trace_tilts:638[0m - PCA modeling 26 good tilts
[1;38;2;49;54;149m    [INFO][0m - [38;2;116;173;209mpca.py:pca_decomposition:101[0m - The unconstrained PCA yields 26 components.
[1;38;2;49;54;149m    [INFO][0m - [38;2;116;173;209mpca.py:pca_decomposition:115[0m - PCA will include 2 component(s), containing 99.449% of the total variance.
[1;38;2;49;54;149m    [INFO][0m - [38;2;116;173;209mtracepca.py:pca_trace_object:410[0m - Order of function fit to each component: [2 1]
[1;38;2;49;54;149m    [INFO][0m - [38;2;116;173;209mtracewave.py:trace_tilts_work:482[0m - Number of usable arc lines for tilts: 26/27
[1;38;2;49;54;149m    [INFO][0m - [38;2;116;173;209mtracewave.py:fit_tilts:706[0m - Fitting tilts with a low order, 2D legendre2d
[1;38;2;49;54;149m    [INFO][0m - [38;2;116;173;209mtracewave.py:fit_tilts:743[0m - Residuals: 2D Legendre Fit
[1;38;2;49;54;149m    [INFO][0m - [38;2;116;173;209mtracewave.py:fit_tilts:744[0m - RMS (pixels): 0.06256039144557546
[1;38;2;49;54;149m    [INFO][0m - [38;2;116;173;209mtracewave.py:fit_tilts:745[0m - RMS/FWHM: 0.020403552493263435
[1;38;2;49;54;149m    [INFO][0m - [38;2;116;173;209mtracewave.py:fit_tilts:747[0m - Inverting the fit to generate the tilts image
[1;38;2;49;54;149m    [INFO][0m - [38;2;116;173;209mtracewave.py:fit_tilts:806[0m - Rejected 0/625160 pixels in final inversion tilts image fit
[1;38;2;253;174;97m [WARNING][0m - [38;2;116;173;209m_methods.py:_var:155[0m - RuntimeWarning: Degrees of freedom <= 0 for slice
[1;38;2;253;174;97m [WARNING][0m - [38;2;116;173;209m_methods.py:_var:178[0m - RuntimeWarning: invalid value encountered in divide
[1;38;2;253;174;97m [WARNING][0m - [38;2;116;173;209m_methods.py:_var:211[0m - RuntimeWarning: invalid value encountered in scalar divide
[1;38;2;49;54;149m    [INFO][0m - [38;2;116;173;209mwavetilts.py:run:748[0m - Computing tilts for slit/order 436 (3/24)
[1;38;2;49;54;149m    [INFO][0m - [38;2;116;173;209mautoid.py:set_fwhm:1029[0m - Measured arc lines FWHM: 3.0 pixels
[1;38;2;49;54;149m    [INFO][0m - [38;2;116;173;209mwavetilts.py:run:752[0m - Finding lines for tilt analysis
[1;38;2;49;54;149m    [INFO][0m - [38;2;116;173;209mtracewave.py:tilts_find_lines:82[0m - Rejecting 19 lines below sigma threshold.
[1;38;2;49;54;149m    [INFO][0m - [38;2;116;173;209mtracewave.py:tilts_find_lines:103[0m - Removed 1 lines that were too close to neighboring lines.
[1;38;2;49;54;149m    [INFO][0m - [38;2;116;173;209mtracewave.py:tilts_find_lines:125[0m - Modeling arc line tilts with 26 arc lines
[1;38;2;49;54;149m    [INFO][0m - [38;2;116;173;209mwavetilts.py:run:769[0m - Trace the tilts
[1;38;2;49;54;149m    [INFO][0m - [38;2;116;173;209mtracewave.py:trace_tilts_work:482[0m - Number of usable arc lines for tilts: 26/26
[1;38;2;49;54;149m    [INFO][0m - [38;2;116;173;209mtracewave.py:trace_tilts:638[0m - PCA modeling 26 good tilts
[1;38;2;49;54;149m    [INFO][0m - [38;2;116;173;209mpca.py:pca_decomposition:101[0m - The unconstrained PCA yields 26 components.
[1;38;2;49;54;149m    [INFO][0m - [38;2;116;173;209mpca.py:pca_decomposition:115[0m - PCA will include 2 component(s), containing 98.793% of the total variance.
[1;38;2;49;54;149m    [INFO][0m - [38;2;116;173;209mtracepca.py:pca_trace_object:410[0m - Order of function fit to each component: [2 1]
[1;38;2;49;54;149m    [INFO][0m - [38;2;116;173;209mtracewave.py:trace_tilts_work:482[0m - Number of usable arc lines for tilts: 26/26
[1;38;2;49;54;149m    [INFO][0m - [38;2;116;173;209mtracewave.py:fit_tilts:706[0m - Fitting tilts with a low order, 2D legendre2d
[1;38;2;49;54;149m    [INFO][0m - [38;2;116;173;209mtracewave.py:fit_tilts:743[0m - Residuals: 2D Legendre Fit
[1;38;2;49;54;149m    [INFO][0m - [38;2;116;173;209mtracewave.py:fit_tilts:744[0m - RMS (pixels): 0.06726339494736883
[1;38;2;49;54;149m    [INFO][0m - [38;2;116;173;209mtracewave.py:fit_tilts:745[0m - RMS/FWHM: 0.0222926931586185
[1;38;2;49;54;149m    [INFO][0m - [38;2;116;173;209mtracewave.py:fit_tilts:747[0m - Inverting the fit to generate the tilts image
[1;38;2;49;54;149m    [INFO][0m - [38;2;116;173;209mtracewave.py:fit_tilts:806[0m - Rejected 0/625423 pixels in final inversion tilts image fit
[1;38;2;49;54;149m    [INFO][0m - [38;2;116;173;209mwavetilts.py:run:748[0m - Computing tilts for slit/order 592 (4/24)
[1;38;2;49;54;149m    [INFO][0m - [38;2;116;173;209mautoid.py:set_fwhm:1029[0m - Measured arc lines FWHM: 3.0 pixels
[1;38;2;49;54;149m    [INFO][0m - [38;2;116;173;209mwavetilts.py:run:752[0m - Finding lines for tilt analysis
[1;38;2;49;54;149m    [INFO][0m - [38;2;116;173;209mtracewave.py:tilts_find_lines:82[0m - Rejecting 16 lines below sigma threshold.
[1;38;2;49;54;149m    [INFO][0m - [38;2;116;173;209mtracewave.py:tilts_find_lines:103[0m - Removed 0 lines that were too close to neighboring lines.
[1;38;2;49;54;149m    [INFO][0m - [38;2;116;173;209mtracewave.py:tilts_find_lines:125[0m - Modeling arc line tilts with 26 arc lines
[1;38;2;49;54;149m    [INFO][0m - [38;2;116;173;209mwavetilts.py:run:769[0m - Trace the tilts
[1;38;2;49;54;149m    [INFO][0m - [38;2;116;173;209mtracewave.py:trace_tilts_work:482[0m - Number of usable arc lines for tilts: 21/26
[1;38;2;49;54;149m    [INFO][0m - [38;2;116;173;209mtracewave.py:trace_tilts:638[0m - PCA modeling 21 good tilts
[1;38;2;49;54;149m    [INFO][0m - [38;2;116;173;209mpca.py:pca_decomposition:101[0m - The unconstrained PCA yields 21 components.
[1;38;2;49;54;149m    [INFO][0m - [38;2;116;173;209mpca.py:pca_decomposition:115[0m - PCA will include 2 component(s), containing 96.515% of the total variance.
[1;38;2;49;54;149m    [INFO][0m - [38;2;116;173;209mtracepca.py:pca_trace_object:410[0m - Order of function fit to each component: [2 1]
[1;38;2;49;54;149m    [INFO][0m - [38;2;116;173;209mtracewave.py:trace_tilts_work:482[0m - Number of usable arc lines for tilts: 21/26
[1;38;2;49;54;149m    [INFO][0m - [38;2;116;173;209mtracewave.py:fit_tilts:706[0m - Fitting tilts with a low order, 2D legendre2d
[1;38;2;49;54;149m    [INFO][0m - [38;2;116;173;209mtracewave.py:fit_tilts:743[0m - Residuals: 2D Legendre Fit
[1;38;2;49;54;149m    [INFO][0m - [38;2;116;173;209mtracewave.py:fit_tilts:744[0m - RMS (pixels): 0.04072511438114343
[1;38;2;49;54;149m    [INFO][0m - [38;2;116;173;209mtracewave.py:fit_tilts:745[0m - RMS/FWHM: 0.013405202740145878
[1;38;2;49;54;149m    [INFO][0m - [38;2;116;173;209mtracewave.py:fit_tilts:747[0m - Inverting the fit to generate the tilts image
[1;38;2;49;54;149m    [INFO][0m - [38;2;116;173;209mtracewave.py:fit_tilts:806[0m - Rejected 0/627650 pixels in final inversion tilts image fit
[1;38;2;253;174;97m [WARNING][0m - [38;2;116;173;209m_methods.py:_var:155[0m - RuntimeWarning: Degrees of freedom <= 0 for slice
[1;38;2;253;174;97m [WARNING][0m - [38;2;116;173;209m_methods.py:_var:178[0m - RuntimeWarning: invalid value encountered in divide
[1;38;2;253;174;97m [WARNING][0m - [38;2;116;173;209m_methods.py:_var:211[0m - RuntimeWarning: invalid value encountered in scalar divide
[1;38;2;49;54;149m    [INFO][0m - [38;2;116;173;209mwavetilts.py:run:748[0m - Computing tilts for slit/order 743 (5/24)
[1;38;2;49;54;149m    [INFO][0m - [38;2;116;173;209mautoid.py:set_fwhm:1029[0m - Measured arc lines FWHM: 2.9 pixels
[1;38;2;49;54;149m    [INFO][0m - [38;2;116;173;209mwavetilts.py:run:752[0m - Finding lines for tilt analysis
[1;38;2;49;54;149m    [INFO][0m - [38;2;116;173;209mtracewave.py:tilts_find_lines:82[0m - Rejecting 19 lines below sigma threshold.
[1;38;2;49;54;149m    [INFO][0m - [38;2;116;173;209mtracewave.py:tilts_find_lines:103[0m - Removed 0 lines that were too close to neighboring lines.
[1;38;2;49;54;149m    [INFO][0m - [38;2;116;173;209mtracewave.py:tilts_find_lines:125[0m - Modeling arc line tilts with 27 arc lines
[1;38;2;49;54;149m    [INFO][0m - [38;2;116;173;209mwavetilts.py:run:769[0m - Trace the tilts
[1;38;2;49;54;149m    [INFO][0m - [38;2;116;173;209mtracewave.py:trace_tilts_work:482[0m - Number of usable arc lines for tilts: 27/27
[1;38;2;49;54;149m    [INFO][0m - [38;2;116;173;209mtracewave.py:trace_tilts:638[0m - PCA modeling 27 good tilts
[1;38;2;49;54;149m    [INFO][0m - [38;2;116;173;209mpca.py:pca_decomposition:101[0m - The unconstrained PCA yields 27 components.
[1;38;2;49;54;149m    [INFO][0m - [38;2;116;173;209mpca.py:pca_decomposition:115[0m - PCA will include 2 component(s), containing 94.773% of the total variance.
[1;38;2;49;54;149m    [INFO][0m - [38;2;116;173;209mtracepca.py:pca_trace_object:410[0m - Order of function fit to each component: [2 1]
[1;38;2;49;54;149m    [INFO][0m - [38;2;116;173;209mtracewave.py:trace_tilts_work:482[0m - Number of usable arc lines for tilts: 27/27
[1;38;2;49;54;149m    [INFO][0m - [38;2;116;173;209mtracewave.py:fit_tilts:706[0m - Fitting tilts with a low order, 2D legendre2d
[1;38;2;49;54;149m    [INFO][0m - [38;2;116;173;209mtracewave.py:fit_tilts:743[0m - Residuals: 2D Legendre Fit
[1;38;2;49;54;149m    [INFO][0m - [38;2;116;173;209mtracewave.py:fit_tilts:744[0m - RMS (pixels): 0.0682299198139011
[1;38;2;49;54;149m    [INFO][0m - [38;2;116;173;209mtracewave.py:fit_tilts:745[0m - RMS/FWHM: 0.02327926177326699
[1;38;2;49;54;149m    [INFO][0m - [38;2;116;173;209mtracewave.py:fit_tilts:747[0m - Inverting the fit to generate the tilts image
[1;38;2;49;54;149m    [INFO][0m - [38;2;116;173;209mtracewave.py:fit_tilts:806[0m - Rejected 0/625692 pixels in final inversion tilts image fit
[1;38;2;49;54;149m    [INFO][0m - [38;2;116;173;209mwavetilts.py:run:748[0m - Computing tilts for slit/order 893 (6/24)
[1;38;2;49;54;149m    [INFO][0m - [38;2;116;173;209mautoid.py:set_fwhm:1029[0m - Measured arc lines FWHM: 3.0 pixels
[1;38;2;49;54;149m    [INFO][0m - [38;2;116;173;209mwavetilts.py:run:752[0m - Finding lines for tilt analysis
[1;38;2;49;54;149m    [INFO][0m - [38;2;116;173;209mtracewave.py:tilts_find_lines:82[0m - Rejecting 16 lines below sigma threshold.
[1;38;2;49;54;149m    [INFO][0m - [38;2;116;173;209mtracewave.py:tilts_find_lines:103[0m - Removed 0 lines that were too close to neighboring lines.
[1;38;2;49;54;149m    [INFO][0m - [38;2;116;173;209mtracewave.py:tilts_find_lines:125[0m - Modeling arc line tilts with 29 arc lines
[1;38;2;49;54;149m    [INFO][0m - [38;2;116;173;209mwavetilts.py:run:769[0m - Trace the tilts
[1;38;2;49;54;149m    [INFO][0m - [38;2;116;173;209mtracewave.py:trace_tilts_work:482[0m - Number of usable arc lines for tilts: 29/29
[1;38;2;49;54;149m    [INFO][0m - [38;2;116;173;209mtracewave.py:trace_tilts:638[0m - PCA modeling 29 good tilts
[1;38;2;49;54;149m    [INFO][0m - [38;2;116;173;209mpca.py:pca_decomposition:101[0m - The unconstrained PCA yields 29 components.
[1;38;2;49;54;149m    [INFO][0m - [38;2;116;173;209mpca.py:pca_decomposition:115[0m - PCA will include 2 component(s), containing 99.100% of the total variance.
[1;38;2;49;54;149m    [INFO][0m - [38;2;116;173;209mtracepca.py:pca_trace_object:410[0m - Order of function fit to each component: [2 1]
[1;38;2;49;54;149m    [INFO][0m - [38;2;116;173;209mtracewave.py:trace_tilts_work:482[0m - Number of usable arc lines for tilts: 29/29
[1;38;2;49;54;149m    [INFO][0m - [38;2;116;173;209mtracewave.py:fit_tilts:706[0m - Fitting tilts with a low order, 2D legendre2d
[1;38;2;49;54;149m    [INFO][0m - [38;2;116;173;209mtracewave.py:fit_tilts:743[0m - Residuals: 2D Legendre Fit
[1;38;2;49;54;149m    [INFO][0m - [38;2;116;173;209mtracewave.py:fit_tilts:744[0m - RMS (pixels): 0.07423335523749695
[1;38;2;49;54;149m    [INFO][0m - [38;2;116;173;209mtracewave.py:fit_tilts:745[0m - RMS/FWHM: 0.0247101050069178
[1;38;2;49;54;149m    [INFO][0m - [38;2;116;173;209mtracewave.py:fit_tilts:747[0m - Inverting the fit to generate the tilts image
[1;38;2;49;54;149m    [INFO][0m - [38;2;116;173;209mtracewave.py:fit_tilts:806[0m - Rejected 0/626097 pixels in final inversion tilts image fit
[1;38;2;49;54;149m    [INFO][0m - [38;2;116;173;209mwavetilts.py:run:748[0m - Computing tilts for slit/order 1040 (7/24)
[1;38;2;49;54;149m    [INFO][0m - [38;2;116;173;209mautoid.py:set_fwhm:1029[0m - Measured arc lines FWHM: 2.9 pixels
[1;38;2;49;54;149m    [INFO][0m - [38;2;116;173;209mwavetilts.py:run:752[0m - Finding lines for tilt analysis
[1;38;2;49;54;149m    [INFO][0m - [38;2;116;173;209mtracewave.py:tilts_find_lines:82[0m - Rejecting 21 lines below sigma threshold.
[1;38;2;49;54;149m    [INFO][0m - [38;2;116;173;209mtracewave.py:tilts_find_lines:103[0m - Removed 1 lines that were too close to neighboring lines.
[1;38;2;49;54;149m    [INFO][0m - [38;2;116;173;209mtracewave.py:tilts_find_lines:125[0m - Modeling arc line tilts with 26 arc lines
[1;38;2;49;54;149m    [INFO][0m - [38;2;116;173;209mwavetilts.py:run:769[0m - Trace the tilts
[1;38;2;49;54;149m    [INFO][0m - [38;2;116;173;209mtracewave.py:trace_tilts_work:482[0m - Number of usable arc lines for tilts: 26/26
[1;38;2;49;54;149m    [INFO][0m - [38;2;116;173;209mtracewave.py:trace_tilts:638[0m - PCA modeling 26 good tilts
[1;38;2;49;54;149m    [INFO][0m - [38;2;116;173;209mpca.py:pca_decomposition:101[0m - The unconstrained PCA yields 26 components.
[1;38;2;49;54;149m    [INFO][0m - [38;2;116;173;209mpca.py:pca_decomposition:115[0m - PCA will include 2 component(s), containing 99.259% of the total variance.
[1;38;2;49;54;149m    [INFO][0m - [38;2;116;173;209mtracepca.py:pca_trace_object:410[0m - Order of function fit to each component: [2 1]
[1;38;2;49;54;149m    [INFO][0m - [38;2;116;173;209mtracewave.py:trace_tilts_work:482[0m - Number of usable arc lines for tilts: 26/26
[1;38;2;49;54;149m    [INFO][0m - [38;2;116;173;209mtracewave.py:fit_tilts:706[0m - Fitting tilts with a low order, 2D legendre2d
[1;38;2;49;54;149m    [INFO][0m - [38;2;116;173;209mtracewave.py:fit_tilts:743[0m - Residuals: 2D Legendre Fit
[1;38;2;49;54;149m    [INFO][0m - [38;2;116;173;209mtracewave.py:fit_tilts:744[0m - RMS (pixels): 0.061840209411836954
[1;38;2;49;54;149m    [INFO][0m - [38;2;116;173;209mtracewave.py:fit_tilts:745[0m - RMS/FWHM: 0.02121365476656937
[1;38;2;49;54;149m    [INFO][0m - [38;2;116;173;209mtracewave.py:fit_tilts:747[0m - Inverting the fit to generate the tilts image
[1;38;2;49;54;149m    [INFO][0m - [38;2;116;173;209mtracewave.py:fit_tilts:806[0m - Rejected 0/625727 pixels in final inversion tilts image fit
[1;38;2;49;54;149m    [INFO][0m - [38;2;116;173;209mwavetilts.py:run:748[0m - Computing tilts for slit/order 1187 (8/24)
[1;38;2;49;54;149m    [INFO][0m - [38;2;116;173;209mautoid.py:set_fwhm:1029[0m - Measured arc lines FWHM: 3.0 pixels
[1;38;2;49;54;149m    [INFO][0m - [38;2;116;173;209mwavetilts.py:run:752[0m - Finding lines for tilt analysis
[1;38;2;49;54;149m    [INFO][0m - [38;2;116;173;209mtracewave.py:tilts_find_lines:82[0m - Rejecting 19 lines below sigma threshold.
[1;38;2;49;54;149m    [INFO][0m - [38;2;116;173;209mtracewave.py:tilts_find_lines:103[0m - Removed 0 lines that were too close to neighboring lines.
[1;38;2;49;54;149m    [INFO][0m - [38;2;116;173;209mtracewave.py:tilts_find_lines:125[0m - Modeling arc line tilts with 27 arc lines
[1;38;2;49;54;149m    [INFO][0m - [38;2;116;173;209mwavetilts.py:run:769[0m - Trace the tilts
[1;38;2;49;54;149m    [INFO][0m - [38;2;116;173;209mtracewave.py:trace_tilts_work:482[0m - Number of usable arc lines for tilts: 26/27
[1;38;2;49;54;149m    [INFO][0m - [38;2;116;173;209mtracewave.py:trace_tilts:638[0m - PCA modeling 26 good tilts
[1;38;2;49;54;149m    [INFO][0m - [38;2;116;173;209mpca.py:pca_decomposition:101[0m - The unconstrained PCA yields 26 components.
[1;38;2;49;54;149m    [INFO][0m - [38;2;116;173;209mpca.py:pca_decomposition:115[0m - PCA will include 2 component(s), containing 98.255% of the total variance.
[1;38;2;49;54;149m    [INFO][0m - [38;2;116;173;209mtracepca.py:pca_trace_object:410[0m - Order of function fit to each component: [2 1]
[1;38;2;49;54;149m    [INFO][0m - [38;2;116;173;209mtracewave.py:trace_tilts_work:482[0m - Number of usable arc lines for tilts: 26/27
[1;38;2;49;54;149m    [INFO][0m - [38;2;116;173;209mtracewave.py:fit_tilts:706[0m - Fitting tilts with a low order, 2D legendre2d
[1;38;2;49;54;149m    [INFO][0m - [38;2;116;173;209mtracewave.py:fit_tilts:743[0m - Residuals: 2D Legendre Fit
[1;38;2;49;54;149m    [INFO][0m - [38;2;116;173;209mtracewave.py:fit_tilts:744[0m - RMS (pixels): 0.061896572812895415
[1;38;2;49;54;149m    [INFO][0m - [38;2;116;173;209mtracewave.py:fit_tilts:745[0m - RMS/FWHM: 0.020575159359479563
[1;38;2;49;54;149m    [INFO][0m - [38;2;116;173;209mtracewave.py:fit_tilts:747[0m - Inverting the fit to generate the tilts image
[1;38;2;49;54;149m    [INFO][0m - [38;2;116;173;209mtracewave.py:fit_tilts:806[0m - Rejected 0/625588 pixels in final inversion tilts image fit
[1;38;2;253;174;97m [WARNING][0m - [38;2;116;173;209m_methods.py:_var:155[0m - RuntimeWarning: Degrees of freedom <= 0 for slice
[1;38;2;253;174;97m [WARNING][0m - [38;2;116;173;209m_methods.py:_var:178[0m - RuntimeWarning: invalid value encountered in divide
[1;38;2;253;174;97m [WARNING][0m - [38;2;116;173;209m_methods.py:_var:211[0m - RuntimeWarning: invalid value encountered in scalar divide
[1;38;2;49;54;149m    [INFO][0m - [38;2;116;173;209mwavetilts.py:run:748[0m - Computing tilts for slit/order 1335 (9/24)
[1;38;2;49;54;149m    [INFO][0m - [38;2;116;173;209mautoid.py:set_fwhm:1029[0m - Measured arc lines FWHM: 2.9 pixels
[1;38;2;49;54;149m    [INFO][0m - [38;2;116;173;209mwavetilts.py:run:752[0m - Finding lines for tilt analysis
[1;38;2;49;54;149m    [INFO][0m - [38;2;116;173;209mtracewave.py:tilts_find_lines:82[0m - Rejecting 21 lines below sigma threshold.
[1;38;2;49;54;149m    [INFO][0m - [38;2;116;173;209mtracewave.py:tilts_find_lines:103[0m - Removed 0 lines that were too close to neighboring lines.
[1;38;2;49;54;149m    [INFO][0m - [38;2;116;173;209mtracewave.py:tilts_find_lines:125[0m - Modeling arc line tilts with 27 arc lines
[1;38;2;49;54;149m    [INFO][0m - [38;2;116;173;209mwavetilts.py:run:769[0m - Trace the tilts
[1;38;2;49;54;149m    [INFO][0m - [38;2;116;173;209mtracewave.py:trace_tilts_work:482[0m - Number of usable arc lines for tilts: 27/27
[1;38;2;49;54;149m    [INFO][0m - [38;2;116;173;209mtracewave.py:trace_tilts:638[0m - PCA modeling 27 good tilts
[1;38;2;49;54;149m    [INFO][0m - [38;2;116;173;209mpca.py:pca_decomposition:101[0m - The unconstrained PCA yields 27 components.
[1;38;2;49;54;149m    [INFO][0m - [38;2;116;173;209mpca.py:pca_decomposition:115[0m - PCA will include 2 component(s), containing 99.342% of the total variance.
[1;38;2;49;54;149m    [INFO][0m - [38;2;116;173;209mtracepca.py:pca_trace_object:410[0m - Order of function fit to each component: [2 1]
[1;38;2;49;54;149m    [INFO][0m - [38;2;116;173;209mtracewave.py:trace_tilts_work:482[0m - Number of usable arc lines for tilts: 27/27
[1;38;2;49;54;149m    [INFO][0m - [38;2;116;173;209mtracewave.py:fit_tilts:706[0m - Fitting tilts with a low order, 2D legendre2d
[1;38;2;49;54;149m    [INFO][0m - [38;2;116;173;209mtracewave.py:fit_tilts:743[0m - Residuals: 2D Legendre Fit
[1;38;2;49;54;149m    [INFO][0m - [38;2;116;173;209mtracewave.py:fit_tilts:744[0m - RMS (pixels): 0.06402340221914667
[1;38;2;49;54;149m    [INFO][0m - [38;2;116;173;209mtracewave.py:fit_tilts:745[0m - RMS/FWHM: 0.021905406061358164
[1;38;2;49;54;149m    [INFO][0m - [38;2;116;173;209mtracewave.py:fit_tilts:747[0m - Inverting the fit to generate the tilts image
[1;38;2;49;54;149m    [INFO][0m - [38;2;116;173;209mtracewave.py:fit_tilts:806[0m - Rejected 0/626433 pixels in final inversion tilts image fit
[1;38;2;49;54;149m    [INFO][0m - [38;2;116;173;209mwavetilts.py:run:748[0m - Computing tilts for slit/order 1483 (10/24)
[1;38;2;49;54;149m    [INFO][0m - [38;2;116;173;209mautoid.py:set_fwhm:1029[0m - Measured arc lines FWHM: 2.9 pixels
[1;38;2;49;54;149m    [INFO][0m - [38;2;116;173;209mwavetilts.py:run:752[0m - Finding lines for tilt analysis
[1;38;2;49;54;149m    [INFO][0m - [38;2;116;173;209mtracewave.py:tilts_find_lines:82[0m - Rejecting 18 lines below sigma threshold.
[1;38;2;49;54;149m    [INFO][0m - [38;2;116;173;209mtracewave.py:tilts_find_lines:103[0m - Removed 1 lines that were too close to neighboring lines.
[1;38;2;49;54;149m    [INFO][0m - [38;2;116;173;209mtracewave.py:tilts_find_lines:125[0m - Modeling arc line tilts with 27 arc lines
[1;38;2;49;54;149m    [INFO][0m - [38;2;116;173;209mwavetilts.py:run:769[0m - Trace the tilts
[1;38;2;49;54;149m    [INFO][0m - [38;2;116;173;209mtracewave.py:trace_tilts_work:482[0m - Number of usable arc lines for tilts: 27/27
[1;38;2;49;54;149m    [INFO][0m - [38;2;116;173;209mtracewave.py:trace_tilts:638[0m - PCA modeling 27 good tilts
[1;38;2;49;54;149m    [INFO][0m - [38;2;116;173;209mpca.py:pca_decomposition:101[0m - The unconstrained PCA yields 27 components.
[1;38;2;49;54;149m    [INFO][0m - [38;2;116;173;209mpca.py:pca_decomposition:115[0m - PCA will include 2 component(s), containing 99.302% of the total variance.
[1;38;2;49;54;149m    [INFO][0m - [38;2;116;173;209mtracepca.py:pca_trace_object:410[0m - Order of function fit to each component: [2 1]
[1;38;2;49;54;149m    [INFO][0m - [38;2;116;173;209mtracewave.py:trace_tilts_work:482[0m - Number of usable arc lines for tilts: 27/27
[1;38;2;49;54;149m    [INFO][0m - [38;2;116;173;209mtracewave.py:fit_tilts:706[0m - Fitting tilts with a low order, 2D legendre2d
[1;38;2;49;54;149m    [INFO][0m - [38;2;116;173;209mtracewave.py:fit_tilts:743[0m - Residuals: 2D Legendre Fit
[1;38;2;49;54;149m    [INFO][0m - [38;2;116;173;209mtracewave.py:fit_tilts:744[0m - RMS (pixels): 0.06280915001867989
[1;38;2;49;54;149m    [INFO][0m - [38;2;116;173;209mtracewave.py:fit_tilts:745[0m - RMS/FWHM: 0.021915863861708098
[1;38;2;49;54;149m    [INFO][0m - [38;2;116;173;209mtracewave.py:fit_tilts:747[0m - Inverting the fit to generate the tilts image
[1;38;2;49;54;149m    [INFO][0m - [38;2;116;173;209mtracewave.py:fit_tilts:806[0m - Rejected 0/625410 pixels in final inversion tilts image fit
[1;38;2;49;54;149m    [INFO][0m - [38;2;116;173;209mwavetilts.py:run:748[0m - Computing tilts for slit/order 1631 (11/24)
[1;38;2;49;54;149m    [INFO][0m - [38;2;116;173;209mautoid.py:set_fwhm:1029[0m - Measured arc lines FWHM: 2.8 pixels
[1;38;2;49;54;149m    [INFO][0m - [38;2;116;173;209mwavetilts.py:run:752[0m - Finding lines for tilt analysis
[1;38;2;49;54;149m    [INFO][0m - [38;2;116;173;209mtracewave.py:tilts_find_lines:82[0m - Rejecting 20 lines below sigma threshold.
[1;38;2;49;54;149m    [INFO][0m - [38;2;116;173;209mtracewave.py:tilts_find_lines:103[0m - Removed 0 lines that were too close to neighboring lines.
[1;38;2;49;54;149m    [INFO][0m - [38;2;116;173;209mtracewave.py:tilts_find_lines:125[0m - Modeling arc line tilts with 26 arc lines
[1;38;2;49;54;149m    [INFO][0m - [38;2;116;173;209mwavetilts.py:run:769[0m - Trace the tilts
[1;38;2;49;54;149m    [INFO][0m - [38;2;116;173;209mtracewave.py:trace_tilts_work:482[0m - Number of usable arc lines for tilts: 26/26
[1;38;2;49;54;149m    [INFO][0m - [38;2;116;173;209mtracewave.py:trace_tilts:638[0m - PCA modeling 26 good tilts
[1;38;2;49;54;149m    [INFO][0m - [38;2;116;173;209mpca.py:pca_decomposition:101[0m - The unconstrained PCA yields 26 components.
[1;38;2;49;54;149m    [INFO][0m - [38;2;116;173;209mpca.py:pca_decomposition:115[0m - PCA will include 2 component(s), containing 92.798% of the total variance.
[1;38;2;49;54;149m    [INFO][0m - [38;2;116;173;209mtracepca.py:pca_trace_object:410[0m - Order of function fit to each component: [2 1]
[1;38;2;49;54;149m    [INFO][0m - [38;2;116;173;209mtracewave.py:trace_tilts_work:482[0m - Number of usable arc lines for tilts: 26/26
[1;38;2;49;54;149m    [INFO][0m - [38;2;116;173;209mtracewave.py:fit_tilts:706[0m - Fitting tilts with a low order, 2D legendre2d
[1;38;2;49;54;149m    [INFO][0m - [38;2;116;173;209mtracewave.py:fit_tilts:743[0m - Residuals: 2D Legendre Fit
[1;38;2;49;54;149m    [INFO][0m - [38;2;116;173;209mtracewave.py:fit_tilts:744[0m - RMS (pixels): 0.06083601092366701
[1;38;2;49;54;149m    [INFO][0m - [38;2;116;173;209mtracewave.py:fit_tilts:745[0m - RMS/FWHM: 0.02137997149837296
[1;38;2;49;54;149m    [INFO][0m - [38;2;116;173;209mtracewave.py:fit_tilts:747[0m - Inverting the fit to generate the tilts image
[1;38;2;49;54;149m    [INFO][0m - [38;2;116;173;209mtracewave.py:fit_tilts:806[0m - Rejected 0/625373 pixels in final inversion tilts image fit
[1;38;2;49;54;149m    [INFO][0m - [38;2;116;173;209mwavetilts.py:run:748[0m - Computing tilts for slit/order 1779 (12/24)
[1;38;2;49;54;149m    [INFO][0m - [38;2;116;173;209mautoid.py:set_fwhm:1029[0m - Measured arc lines FWHM: 2.9 pixels
[1;38;2;49;54;149m    [INFO][0m - [38;2;116;173;209mwavetilts.py:run:752[0m - Finding lines for tilt analysis
[1;38;2;49;54;149m    [INFO][0m - [38;2;116;173;209mtracewave.py:tilts_find_lines:82[0m - Rejecting 18 lines below sigma threshold.
[1;38;2;49;54;149m    [INFO][0m - [38;2;116;173;209mtracewave.py:tilts_find_lines:103[0m - Removed 0 lines that were too close to neighboring lines.
[1;38;2;49;54;149m    [INFO][0m - [38;2;116;173;209mtracewave.py:tilts_find_lines:125[0m - Modeling arc line tilts with 27 arc lines
[1;38;2;49;54;149m    [INFO][0m - [38;2;116;173;209mwavetilts.py:run:769[0m - Trace the tilts
[1;38;2;49;54;149m    [INFO][0m - [38;2;116;173;209mtracewave.py:trace_tilts_work:482[0m - Number of usable arc lines for tilts: 21/27
[1;38;2;49;54;149m    [INFO][0m - [38;2;116;173;209mtracewave.py:trace_tilts:638[0m - PCA modeling 21 good tilts
[1;38;2;49;54;149m    [INFO][0m - [38;2;116;173;209mpca.py:pca_decomposition:101[0m - The unconstrained PCA yields 21 components.
[1;38;2;49;54;149m    [INFO][0m - [38;2;116;173;209mpca.py:pca_decomposition:115[0m - PCA will include 2 component(s), containing 91.417% of the total variance.
[1;38;2;49;54;149m    [INFO][0m - [38;2;116;173;209mtracepca.py:pca_trace_object:410[0m - Order of function fit to each component: [2 1]
[1;38;2;49;54;149m    [INFO][0m - [38;2;116;173;209mtracewave.py:trace_tilts_work:482[0m - Number of usable arc lines for tilts: 21/27
[1;38;2;49;54;149m    [INFO][0m - [38;2;116;173;209mtracewave.py:fit_tilts:706[0m - Fitting tilts with a low order, 2D legendre2d
[1;38;2;49;54;149m    [INFO][0m - [38;2;116;173;209mtracewave.py:fit_tilts:743[0m - Residuals: 2D Legendre Fit
[1;38;2;49;54;149m    [INFO][0m - [38;2;116;173;209mtracewave.py:fit_tilts:744[0m - RMS (pixels): 0.03597211694742626
[1;38;2;49;54;149m    [INFO][0m - [38;2;116;173;209mtracewave.py:fit_tilts:745[0m - RMS/FWHM: 0.012422505822923821
[1;38;2;49;54;149m    [INFO][0m - [38;2;116;173;209mtracewave.py:fit_tilts:747[0m - Inverting the fit to generate the tilts image
[1;38;2;49;54;149m    [INFO][0m - [38;2;116;173;209mtracewave.py:fit_tilts:806[0m - Rejected 0/626029 pixels in final inversion tilts image fit
[1;38;2;253;174;97m [WARNING][0m - [38;2;116;173;209m_methods.py:_var:155[0m - RuntimeWarning: Degrees of freedom <= 0 for slice
[1;38;2;253;174;97m [WARNING][0m - [38;2;116;173;209m_methods.py:_var:178[0m - RuntimeWarning: invalid value encountered in divide
[1;38;2;253;174;97m [WARNING][0m - [38;2;116;173;209m_methods.py:_var:211[0m - RuntimeWarning: invalid value encountered in scalar divide
[1;38;2;49;54;149m    [INFO][0m - [38;2;116;173;209mwavetilts.py:run:748[0m - Computing tilts for slit/order 2336 (13/24)
[1;38;2;49;54;149m    [INFO][0m - [38;2;116;173;209mautoid.py:set_fwhm:1029[0m - Measured arc lines FWHM: 2.9 pixels
[1;38;2;49;54;149m    [INFO][0m - [38;2;116;173;209mwavetilts.py:run:752[0m - Finding lines for tilt analysis
[1;38;2;49;54;149m    [INFO][0m - [38;2;116;173;209mtracewave.py:tilts_find_lines:82[0m - Rejecting 19 lines below sigma threshold.
[1;38;2;49;54;149m    [INFO][0m - [38;2;116;173;209mtracewave.py:tilts_find_lines:103[0m - Removed 1 lines that were too close to neighboring lines.
[1;38;2;49;54;149m    [INFO][0m - [38;2;116;173;209mtracewave.py:tilts_find_lines:125[0m - Modeling arc line tilts with 28 arc lines
[1;38;2;49;54;149m    [INFO][0m - [38;2;116;173;209mwavetilts.py:run:769[0m - Trace the tilts
[1;38;2;49;54;149m    [INFO][0m - [38;2;116;173;209mtracewave.py:trace_tilts_work:482[0m - Number of usable arc lines for tilts: 28/28
[1;38;2;49;54;149m    [INFO][0m - [38;2;116;173;209mtracewave.py:trace_tilts:638[0m - PCA modeling 28 good tilts
[1;38;2;49;54;149m    [INFO][0m - [38;2;116;173;209mpca.py:pca_decomposition:101[0m - The unconstrained PCA yields 28 components.
[1;38;2;49;54;149m    [INFO][0m - [38;2;116;173;209mpca.py:pca_decomposition:115[0m - PCA will include 2 component(s), containing 99.111% of the total variance.
[1;38;2;49;54;149m    [INFO][0m - [38;2;116;173;209mtracepca.py:pca_trace_object:410[0m - Order of function fit to each component: [2 1]
[1;38;2;49;54;149m    [INFO][0m - [38;2;116;173;209mtracewave.py:trace_tilts_work:482[0m - Number of usable arc lines for tilts: 28/28
[1;38;2;49;54;149m    [INFO][0m - [38;2;116;173;209mtracewave.py:fit_tilts:706[0m - Fitting tilts with a low order, 2D legendre2d
[1;38;2;49;54;149m    [INFO][0m - [38;2;116;173;209mtracewave.py:fit_tilts:743[0m - Residuals: 2D Legendre Fit
[1;38;2;49;54;149m    [INFO][0m - [38;2;116;173;209mtracewave.py:fit_tilts:744[0m - RMS (pixels): 0.06646704506855344
[1;38;2;49;54;149m    [INFO][0m - [38;2;116;173;209mtracewave.py:fit_tilts:745[0m - RMS/FWHM: 0.023213398787664954
[1;38;2;49;54;149m    [INFO][0m - [38;2;116;173;209mtracewave.py:fit_tilts:747[0m - Inverting the fit to generate the tilts image
[1;38;2;49;54;149m    [INFO][0m - [38;2;116;173;209mtracewave.py:fit_tilts:806[0m - Rejected 0/626515 pixels in final inversion tilts image fit
[1;38;2;49;54;149m    [INFO][0m - [38;2;116;173;209mwavetilts.py:run:748[0m - Computing tilts for slit/order 2483 (14/24)
[1;38;2;49;54;149m    [INFO][0m - [38;2;116;173;209mautoid.py:set_fwhm:1029[0m - Measured arc lines FWHM: 3.0 pixels
[1;38;2;49;54;149m    [INFO][0m - [38;2;116;173;209mwavetilts.py:run:752[0m - Finding lines for tilt analysis
[1;38;2;49;54;149m    [INFO][0m - [38;2;116;173;209mtracewave.py:tilts_find_lines:82[0m - Rejecting 17 lines below sigma threshold.
[1;38;2;49;54;149m    [INFO][0m - [38;2;116;173;209mtracewave.py:tilts_find_lines:103[0m - Removed 1 lines that were too close to neighboring lines.
[1;38;2;49;54;149m    [INFO][0m - [38;2;116;173;209mtracewave.py:tilts_find_lines:125[0m - Modeling arc line tilts with 27 arc lines
[1;38;2;49;54;149m    [INFO][0m - [38;2;116;173;209mwavetilts.py:run:769[0m - Trace the tilts
[1;38;2;49;54;149m    [INFO][0m - [38;2;116;173;209mtracewave.py:trace_tilts_work:482[0m - Number of usable arc lines for tilts: 16/27
[1;38;2;49;54;149m    [INFO][0m - [38;2;116;173;209mtracewave.py:trace_tilts:638[0m - PCA modeling 16 good tilts
[1;38;2;49;54;149m    [INFO][0m - [38;2;116;173;209mpca.py:pca_decomposition:101[0m - The unconstrained PCA yields 16 components.
[1;38;2;49;54;149m    [INFO][0m - [38;2;116;173;209mpca.py:pca_decomposition:115[0m - PCA will include 2 component(s), containing 98.266% of the total variance.
[1;38;2;49;54;149m    [INFO][0m - [38;2;116;173;209mtracepca.py:pca_trace_object:410[0m - Order of function fit to each component: [2 1]
[1;38;2;49;54;149m    [INFO][0m - [38;2;116;173;209mtracewave.py:trace_tilts_work:482[0m - Number of usable arc lines for tilts: 16/27
[1;38;2;49;54;149m    [INFO][0m - [38;2;116;173;209mtracewave.py:fit_tilts:706[0m - Fitting tilts with a low order, 2D legendre2d
[1;38;2;49;54;149m    [INFO][0m - [38;2;116;173;209mtracewave.py:fit_tilts:743[0m - Residuals: 2D Legendre Fit
[1;38;2;49;54;149m    [INFO][0m - [38;2;116;173;209mtracewave.py:fit_tilts:744[0m - RMS (pixels): 0.023777629057781004
[1;38;2;49;54;149m    [INFO][0m - [38;2;116;173;209mtracewave.py:fit_tilts:745[0m - RMS/FWHM: 0.008023948355662608
[1;38;2;49;54;149m    [INFO][0m - [38;2;116;173;209mtracewave.py:fit_tilts:747[0m - Inverting the fit to generate the tilts image
[1;38;2;49;54;149m    [INFO][0m - [38;2;116;173;209mtracewave.py:fit_tilts:806[0m - Rejected 0/626073 pixels in final inversion tilts image fit
[1;38;2;253;174;97m [WARNING][0m - [38;2;116;173;209m_methods.py:_var:155[0m - RuntimeWarning: Degrees of freedom <= 0 for slice
[1;38;2;253;174;97m [WARNING][0m - [38;2;116;173;209m_methods.py:_var:178[0m - RuntimeWarning: invalid value encountered in divide
[1;38;2;253;174;97m [WARNING][0m - [38;2;116;173;209m_methods.py:_var:211[0m - RuntimeWarning: invalid value encountered in scalar divide
[1;38;2;49;54;149m    [INFO][0m - [38;2;116;173;209mwavetilts.py:run:748[0m - Computing tilts for slit/order 2631 (15/24)
[1;38;2;49;54;149m    [INFO][0m - [38;2;116;173;209mautoid.py:set_fwhm:1029[0m - Measured arc lines FWHM: 2.9 pixels
[1;38;2;49;54;149m    [INFO][0m - [38;2;116;173;209mwavetilts.py:run:752[0m - Finding lines for tilt analysis
[1;38;2;49;54;149m    [INFO][0m - [38;2;116;173;209mtracewave.py:tilts_find_lines:82[0m - Rejecting 19 lines below sigma threshold.
[1;38;2;49;54;149m    [INFO][0m - [38;2;116;173;209mtracewave.py:tilts_find_lines:103[0m - Removed 0 lines that were too close to neighboring lines.
[1;38;2;49;54;149m    [INFO][0m - [38;2;116;173;209mtracewave.py:tilts_find_lines:125[0m - Modeling arc line tilts with 28 arc lines
[1;38;2;49;54;149m    [INFO][0m - [38;2;116;173;209mwavetilts.py:run:769[0m - Trace the tilts
[1;38;2;49;54;149m    [INFO][0m - [38;2;116;173;209mtracewave.py:trace_tilts_work:482[0m - Number of usable arc lines for tilts: 28/28
[1;38;2;49;54;149m    [INFO][0m - [38;2;116;173;209mtracewave.py:trace_tilts:638[0m - PCA modeling 28 good tilts
[1;38;2;49;54;149m    [INFO][0m - [38;2;116;173;209mpca.py:pca_decomposition:101[0m - The unconstrained PCA yields 28 components.
[1;38;2;49;54;149m    [INFO][0m - [38;2;116;173;209mpca.py:pca_decomposition:115[0m - PCA will include 2 component(s), containing 99.192% of the total variance.
[1;38;2;49;54;149m    [INFO][0m - [38;2;116;173;209mtracepca.py:pca_trace_object:410[0m - Order of function fit to each component: [2 1]
[1;38;2;49;54;149m    [INFO][0m - [38;2;116;173;209mtracewave.py:trace_tilts_work:482[0m - Number of usable arc lines for tilts: 28/28
[1;38;2;49;54;149m    [INFO][0m - [38;2;116;173;209mtracewave.py:fit_tilts:706[0m - Fitting tilts with a low order, 2D legendre2d
[1;38;2;49;54;149m    [INFO][0m - [38;2;116;173;209mtracewave.py:fit_tilts:743[0m - Residuals: 2D Legendre Fit
[1;38;2;49;54;149m    [INFO][0m - [38;2;116;173;209mtracewave.py:fit_tilts:744[0m - RMS (pixels): 0.06860325754795271
[1;38;2;49;54;149m    [INFO][0m - [38;2;116;173;209mtracewave.py:fit_tilts:745[0m - RMS/FWHM: 0.023353391917963352
[1;38;2;49;54;149m    [INFO][0m - [38;2;116;173;209mtracewave.py:fit_tilts:747[0m - Inverting the fit to generate the tilts image
[1;38;2;49;54;149m    [INFO][0m - [38;2;116;173;209mtracewave.py:fit_tilts:806[0m - Rejected 0/625851 pixels in final inversion tilts image fit
[1;38;2;49;54;149m    [INFO][0m - [38;2;116;173;209mwavetilts.py:run:748[0m - Computing tilts for slit/order 2777 (16/24)
[1;38;2;49;54;149m    [INFO][0m - [38;2;116;173;209mautoid.py:set_fwhm:1029[0m - Measured arc lines FWHM: 3.0 pixels
[1;38;2;49;54;149m    [INFO][0m - [38;2;116;173;209mwavetilts.py:run:752[0m - Finding lines for tilt analysis
[1;38;2;49;54;149m    [INFO][0m - [38;2;116;173;209mtracewave.py:tilts_find_lines:82[0m - Rejecting 16 lines below sigma threshold.
[1;38;2;49;54;149m    [INFO][0m - [38;2;116;173;209mtracewave.py:tilts_find_lines:103[0m - Removed 0 lines that were too close to neighboring lines.
[1;38;2;49;54;149m    [INFO][0m - [38;2;116;173;209mtracewave.py:tilts_find_lines:125[0m - Modeling arc line tilts with 29 arc lines
[1;38;2;49;54;149m    [INFO][0m - [38;2;116;173;209mwavetilts.py:run:769[0m - Trace the tilts
[1;38;2;49;54;149m    [INFO][0m - [38;2;116;173;209mtracewave.py:trace_tilts_work:482[0m - Number of usable arc lines for tilts: 29/29
[1;38;2;49;54;149m    [INFO][0m - [38;2;116;173;209mtracewave.py:trace_tilts:638[0m - PCA modeling 29 good tilts
[1;38;2;49;54;149m    [INFO][0m - [38;2;116;173;209mpca.py:pca_decomposition:101[0m - The unconstrained PCA yields 29 components.
[1;38;2;49;54;149m    [INFO][0m - [38;2;116;173;209mpca.py:pca_decomposition:115[0m - PCA will include 2 component(s), containing 97.405% of the total variance.
[1;38;2;49;54;149m    [INFO][0m - [38;2;116;173;209mtracepca.py:pca_trace_object:410[0m - Order of function fit to each component: [2 1]
[1;38;2;49;54;149m    [INFO][0m - [38;2;116;173;209mtracewave.py:trace_tilts_work:482[0m - Number of usable arc lines for tilts: 29/29
[1;38;2;49;54;149m    [INFO][0m - [38;2;116;173;209mtracewave.py:fit_tilts:706[0m - Fitting tilts with a low order, 2D legendre2d
[1;38;2;49;54;149m    [INFO][0m - [38;2;116;173;209mtracewave.py:fit_tilts:743[0m - Residuals: 2D Legendre Fit
[1;38;2;49;54;149m    [INFO][0m - [38;2;116;173;209mtracewave.py:fit_tilts:744[0m - RMS (pixels): 0.0714269618037527
[1;38;2;49;54;149m    [INFO][0m - [38;2;116;173;209mtracewave.py:fit_tilts:745[0m - RMS/FWHM: 0.02381880701118639
[1;38;2;49;54;149m    [INFO][0m - [38;2;116;173;209mtracewave.py:fit_tilts:747[0m - Inverting the fit to generate the tilts image
[1;38;2;49;54;149m    [INFO][0m - [38;2;116;173;209mtracewave.py:fit_tilts:806[0m - Rejected 0/625913 pixels in final inversion tilts image fit
[1;38;2;49;54;149m    [INFO][0m - [38;2;116;173;209mwavetilts.py:run:748[0m - Computing tilts for slit/order 2924 (17/24)
[1;38;2;49;54;149m    [INFO][0m - [38;2;116;173;209mautoid.py:set_fwhm:1029[0m - Measured arc lines FWHM: 3.0 pixels
[1;38;2;49;54;149m    [INFO][0m - [38;2;116;173;209mwavetilts.py:run:752[0m - Finding lines for tilt analysis
[1;38;2;49;54;149m    [INFO][0m - [38;2;116;173;209mtracewave.py:tilts_find_lines:82[0m - Rejecting 19 lines below sigma threshold.
[1;38;2;49;54;149m    [INFO][0m - [38;2;116;173;209mtracewave.py:tilts_find_lines:103[0m - Removed 1 lines that were too close to neighboring lines.
[1;38;2;49;54;149m    [INFO][0m - [38;2;116;173;209mtracewave.py:tilts_find_lines:125[0m - Modeling arc line tilts with 28 arc lines
[1;38;2;49;54;149m    [INFO][0m - [38;2;116;173;209mwavetilts.py:run:769[0m - Trace the tilts
[1;38;2;49;54;149m    [INFO][0m - [38;2;116;173;209mtracewave.py:trace_tilts_work:482[0m - Number of usable arc lines for tilts: 28/28
[1;38;2;49;54;149m    [INFO][0m - [38;2;116;173;209mtracewave.py:trace_tilts:638[0m - PCA modeling 28 good tilts
[1;38;2;49;54;149m    [INFO][0m - [38;2;116;173;209mpca.py:pca_decomposition:101[0m - The unconstrained PCA yields 28 components.
[1;38;2;49;54;149m    [INFO][0m - [38;2;116;173;209mpca.py:pca_decomposition:115[0m - PCA will include 2 component(s), containing 99.391% of the total variance.
[1;38;2;49;54;149m    [INFO][0m - [38;2;116;173;209mtracepca.py:pca_trace_object:410[0m - Order of function fit to each component: [2 1]
[1;38;2;49;54;149m    [INFO][0m - [38;2;116;173;209mtracewave.py:trace_tilts_work:482[0m - Number of usable arc lines for tilts: 28/28
[1;38;2;49;54;149m    [INFO][0m - [38;2;116;173;209mtracewave.py:fit_tilts:706[0m - Fitting tilts with a low order, 2D legendre2d
[1;38;2;49;54;149m    [INFO][0m - [38;2;116;173;209mtracewave.py:fit_tilts:743[0m - Residuals: 2D Legendre Fit
[1;38;2;49;54;149m    [INFO][0m - [38;2;116;173;209mtracewave.py:fit_tilts:744[0m - RMS (pixels): 0.07033724656471452
[1;38;2;49;54;149m    [INFO][0m - [38;2;116;173;209mtracewave.py:fit_tilts:745[0m - RMS/FWHM: 0.02356873519081298
[1;38;2;49;54;149m    [INFO][0m - [38;2;116;173;209mtracewave.py:fit_tilts:747[0m - Inverting the fit to generate the tilts image
[1;38;2;49;54;149m    [INFO][0m - [38;2;116;173;209mtracewave.py:fit_tilts:806[0m - Rejected 0/625281 pixels in final inversion tilts image fit
[1;38;2;49;54;149m    [INFO][0m - [38;2;116;173;209mwavetilts.py:run:748[0m - Computing tilts for slit/order 3071 (18/24)
[1;38;2;49;54;149m    [INFO][0m - [38;2;116;173;209mautoid.py:set_fwhm:1029[0m - Measured arc lines FWHM: 3.0 pixels
[1;38;2;49;54;149m    [INFO][0m - [38;2;116;173;209mwavetilts.py:run:752[0m - Finding lines for tilt analysis
[1;38;2;49;54;149m    [INFO][0m - [38;2;116;173;209mtracewave.py:tilts_find_lines:82[0m - Rejecting 16 lines below sigma threshold.
[1;38;2;49;54;149m    [INFO][0m - [38;2;116;173;209mtracewave.py:tilts_find_lines:103[0m - Removed 0 lines that were too close to neighboring lines.
[1;38;2;49;54;149m    [INFO][0m - [38;2;116;173;209mtracewave.py:tilts_find_lines:125[0m - Modeling arc line tilts with 28 arc lines
[1;38;2;49;54;149m    [INFO][0m - [38;2;116;173;209mwavetilts.py:run:769[0m - Trace the tilts
[1;38;2;49;54;149m    [INFO][0m - [38;2;116;173;209mtracewave.py:trace_tilts_work:482[0m - Number of usable arc lines for tilts: 28/28
[1;38;2;49;54;149m    [INFO][0m - [38;2;116;173;209mtracewave.py:trace_tilts:638[0m - PCA modeling 28 good tilts
[1;38;2;49;54;149m    [INFO][0m - [38;2;116;173;209mpca.py:pca_decomposition:101[0m - The unconstrained PCA yields 28 components.
[1;38;2;49;54;149m    [INFO][0m - [38;2;116;173;209mpca.py:pca_decomposition:115[0m - PCA will include 2 component(s), containing 99.486% of the total variance.
[1;38;2;49;54;149m    [INFO][0m - [38;2;116;173;209mtracepca.py:pca_trace_object:410[0m - Order of function fit to each component: [2 1]
[1;38;2;49;54;149m    [INFO][0m - [38;2;116;173;209mtracewave.py:trace_tilts_work:482[0m - Number of usable arc lines for tilts: 28/28
[1;38;2;49;54;149m    [INFO][0m - [38;2;116;173;209mtracewave.py:fit_tilts:706[0m - Fitting tilts with a low order, 2D legendre2d
[1;38;2;49;54;149m    [INFO][0m - [38;2;116;173;209mtracewave.py:fit_tilts:743[0m - Residuals: 2D Legendre Fit
[1;38;2;49;54;149m    [INFO][0m - [38;2;116;173;209mtracewave.py:fit_tilts:744[0m - RMS (pixels): 0.06913758147242687
[1;38;2;49;54;149m    [INFO][0m - [38;2;116;173;209mtracewave.py:fit_tilts:745[0m - RMS/FWHM: 0.02303413796557601
[1;38;2;49;54;149m    [INFO][0m - [38;2;116;173;209mtracewave.py:fit_tilts:747[0m - Inverting the fit to generate the tilts image
[1;38;2;49;54;149m    [INFO][0m - [38;2;116;173;209mtracewave.py:fit_tilts:806[0m - Rejected 0/625659 pixels in final inversion tilts image fit
[1;38;2;49;54;149m    [INFO][0m - [38;2;116;173;209mwavetilts.py:run:748[0m - Computing tilts for slit/order 3219 (19/24)
[1;38;2;49;54;149m    [INFO][0m - [38;2;116;173;209mautoid.py:set_fwhm:1029[0m - Measured arc lines FWHM: 3.0 pixels
[1;38;2;49;54;149m    [INFO][0m - [38;2;116;173;209mwavetilts.py:run:752[0m - Finding lines for tilt analysis
[1;38;2;49;54;149m    [INFO][0m - [38;2;116;173;209mtracewave.py:tilts_find_lines:82[0m - Rejecting 18 lines below sigma threshold.
[1;38;2;49;54;149m    [INFO][0m - [38;2;116;173;209mtracewave.py:tilts_find_lines:103[0m - Removed 0 lines that were too close to neighboring lines.
[1;38;2;49;54;149m    [INFO][0m - [38;2;116;173;209mtracewave.py:tilts_find_lines:125[0m - Modeling arc line tilts with 27 arc lines
[1;38;2;49;54;149m    [INFO][0m - [38;2;116;173;209mwavetilts.py:run:769[0m - Trace the tilts
[1;38;2;49;54;149m    [INFO][0m - [38;2;116;173;209mtracewave.py:trace_tilts_work:482[0m - Number of usable arc lines for tilts: 27/27
[1;38;2;49;54;149m    [INFO][0m - [38;2;116;173;209mtracewave.py:trace_tilts:638[0m - PCA modeling 27 good tilts
[1;38;2;49;54;149m    [INFO][0m - [38;2;116;173;209mpca.py:pca_decomposition:101[0m - The unconstrained PCA yields 27 components.
[1;38;2;49;54;149m    [INFO][0m - [38;2;116;173;209mpca.py:pca_decomposition:115[0m - PCA will include 2 component(s), containing 99.619% of the total variance.
[1;38;2;49;54;149m    [INFO][0m - [38;2;116;173;209mtracepca.py:pca_trace_object:410[0m - Order of function fit to each component: [2 1]
[1;38;2;49;54;149m    [INFO][0m - [38;2;116;173;209mtracewave.py:trace_tilts_work:482[0m - Number of usable arc lines for tilts: 27/27
[1;38;2;49;54;149m    [INFO][0m - [38;2;116;173;209mtracewave.py:fit_tilts:706[0m - Fitting tilts with a low order, 2D legendre2d
[1;38;2;49;54;149m    [INFO][0m - [38;2;116;173;209mtracewave.py:fit_tilts:743[0m - Residuals: 2D Legendre Fit
[1;38;2;49;54;149m    [INFO][0m - [38;2;116;173;209mtracewave.py:fit_tilts:744[0m - RMS (pixels): 0.06972118195479166
[1;38;2;49;54;149m    [INFO][0m - [38;2;116;173;209mtracewave.py:fit_tilts:745[0m - RMS/FWHM: 0.023119606231256
[1;38;2;49;54;149m    [INFO][0m - [38;2;116;173;209mtracewave.py:fit_tilts:747[0m - Inverting the fit to generate the tilts image
[1;38;2;49;54;149m    [INFO][0m - [38;2;116;173;209mtracewave.py:fit_tilts:806[0m - Rejected 0/625375 pixels in final inversion tilts image fit
[1;38;2;49;54;149m    [INFO][0m - [38;2;116;173;209mwavetilts.py:run:748[0m - Computing tilts for slit/order 3367 (20/24)
[1;38;2;49;54;149m    [INFO][0m - [38;2;116;173;209mautoid.py:set_fwhm:1029[0m - Measured arc lines FWHM: 3.0 pixels
[1;38;2;49;54;149m    [INFO][0m - [38;2;116;173;209mwavetilts.py:run:752[0m - Finding lines for tilt analysis
[1;38;2;49;54;149m    [INFO][0m - [38;2;116;173;209mtracewave.py:tilts_find_lines:82[0m - Rejecting 17 lines below sigma threshold.
[1;38;2;49;54;149m    [INFO][0m - [38;2;116;173;209mtracewave.py:tilts_find_lines:103[0m - Removed 1 lines that were too close to neighboring lines.
[1;38;2;49;54;149m    [INFO][0m - [38;2;116;173;209mtracewave.py:tilts_find_lines:125[0m - Modeling arc line tilts with 27 arc lines
[1;38;2;49;54;149m    [INFO][0m - [38;2;116;173;209mwavetilts.py:run:769[0m - Trace the tilts
[1;38;2;49;54;149m    [INFO][0m - [38;2;116;173;209mtracewave.py:trace_tilts_work:482[0m - Number of usable arc lines for tilts: 23/27
[1;38;2;49;54;149m    [INFO][0m - [38;2;116;173;209mtracewave.py:trace_tilts:638[0m - PCA modeling 23 good tilts
[1;38;2;49;54;149m    [INFO][0m - [38;2;116;173;209mpca.py:pca_decomposition:101[0m - The unconstrained PCA yields 23 components.
[1;38;2;49;54;149m    [INFO][0m - [38;2;116;173;209mpca.py:pca_decomposition:115[0m - PCA will include 2 component(s), containing 99.349% of the total variance.
[1;38;2;49;54;149m    [INFO][0m - [38;2;116;173;209mtracepca.py:pca_trace_object:410[0m - Order of function fit to each component: [2 1]
[1;38;2;49;54;149m    [INFO][0m - [38;2;116;173;209mtracewave.py:trace_tilts_work:482[0m - Number of usable arc lines for tilts: 23/27
[1;38;2;49;54;149m    [INFO][0m - [38;2;116;173;209mtracewave.py:fit_tilts:706[0m - Fitting tilts with a low order, 2D legendre2d
[1;38;2;49;54;149m    [INFO][0m - [38;2;116;173;209mtracewave.py:fit_tilts:743[0m - Residuals: 2D Legendre Fit
[1;38;2;49;54;149m    [INFO][0m - [38;2;116;173;209mtracewave.py:fit_tilts:744[0m - RMS (pixels): 0.04479209548629543
[1;38;2;49;54;149m    [INFO][0m - [38;2;116;173;209mtracewave.py:fit_tilts:745[0m - RMS/FWHM: 0.014975328876957057
[1;38;2;49;54;149m    [INFO][0m - [38;2;116;173;209mtracewave.py:fit_tilts:747[0m - Inverting the fit to generate the tilts image
[1;38;2;49;54;149m    [INFO][0m - [38;2;116;173;209mtracewave.py:fit_tilts:806[0m - Rejected 0/624676 pixels in final inversion tilts image fit
[1;38;2;253;174;97m [WARNING][0m - [38;2;116;173;209m_methods.py:_var:155[0m - RuntimeWarning: Degrees of freedom <= 0 for slice
[1;38;2;253;174;97m [WARNING][0m - [38;2;116;173;209m_methods.py:_var:178[0m - RuntimeWarning: invalid value encountered in divide
[1;38;2;253;174;97m [WARNING][0m - [38;2;116;173;209m_methods.py:_var:211[0m - RuntimeWarning: invalid value encountered in scalar divide
[1;38;2;49;54;149m    [INFO][0m - [38;2;116;173;209mwavetilts.py:run:748[0m - Computing tilts for slit/order 3517 (21/24)
[1;38;2;49;54;149m    [INFO][0m - [38;2;116;173;209mautoid.py:set_fwhm:1029[0m - Measured arc lines FWHM: 3.1 pixels
[1;38;2;49;54;149m    [INFO][0m - [38;2;116;173;209mwavetilts.py:run:752[0m - Finding lines for tilt analysis
[1;38;2;49;54;149m    [INFO][0m - [38;2;116;173;209mtracewave.py:tilts_find_lines:82[0m - Rejecting 19 lines below sigma threshold.
[1;38;2;49;54;149m    [INFO][0m - [38;2;116;173;209mtracewave.py:tilts_find_lines:103[0m - Removed 1 lines that were too close to neighboring lines.
[1;38;2;49;54;149m    [INFO][0m - [38;2;116;173;209mtracewave.py:tilts_find_lines:125[0m - Modeling arc line tilts with 26 arc lines
[1;38;2;49;54;149m    [INFO][0m - [38;2;116;173;209mwavetilts.py:run:769[0m - Trace the tilts
[1;38;2;49;54;149m    [INFO][0m - [38;2;116;173;209mtracewave.py:trace_tilts_work:482[0m - Number of usable arc lines for tilts: 26/26
[1;38;2;49;54;149m    [INFO][0m - [38;2;116;173;209mtracewave.py:trace_tilts:638[0m - PCA modeling 26 good tilts
[1;38;2;49;54;149m    [INFO][0m - [38;2;116;173;209mpca.py:pca_decomposition:101[0m - The unconstrained PCA yields 26 components.
[1;38;2;49;54;149m    [INFO][0m - [38;2;116;173;209mpca.py:pca_decomposition:115[0m - PCA will include 2 component(s), containing 99.038% of the total variance.
[1;38;2;49;54;149m    [INFO][0m - [38;2;116;173;209mtracepca.py:pca_trace_object:410[0m - Order of function fit to each component: [2 1]
[1;38;2;49;54;149m    [INFO][0m - [38;2;116;173;209mtracewave.py:trace_tilts_work:482[0m - Number of usable arc lines for tilts: 26/26
[1;38;2;49;54;149m    [INFO][0m - [38;2;116;173;209mtracewave.py:fit_tilts:706[0m - Fitting tilts with a low order, 2D legendre2d
[1;38;2;49;54;149m    [INFO][0m - [38;2;116;173;209mtracewave.py:fit_tilts:743[0m - Residuals: 2D Legendre Fit
[1;38;2;49;54;149m    [INFO][0m - [38;2;116;173;209mtracewave.py:fit_tilts:744[0m - RMS (pixels): 0.06943243713023792
[1;38;2;49;54;149m    [INFO][0m - [38;2;116;173;209mtracewave.py:fit_tilts:745[0m - RMS/FWHM: 0.022705869198231112
[1;38;2;49;54;149m    [INFO][0m - [38;2;116;173;209mtracewave.py:fit_tilts:747[0m - Inverting the fit to generate the tilts image
[1;38;2;49;54;149m    [INFO][0m - [38;2;116;173;209mtracewave.py:fit_tilts:806[0m - Rejected 0/625037 pixels in final inversion tilts image fit
[1;38;2;49;54;149m    [INFO][0m - [38;2;116;173;209mwavetilts.py:run:748[0m - Computing tilts for slit/order 3669 (22/24)
[1;38;2;49;54;149m    [INFO][0m - [38;2;116;173;209mautoid.py:set_fwhm:1029[0m - Measured arc lines FWHM: 3.0 pixels
[1;38;2;49;54;149m    [INFO][0m - [38;2;116;173;209mwavetilts.py:run:752[0m - Finding lines for tilt analysis
[1;38;2;49;54;149m    [INFO][0m - [38;2;116;173;209mtracewave.py:tilts_find_lines:82[0m - Rejecting 19 lines below sigma threshold.
[1;38;2;49;54;149m    [INFO][0m - [38;2;116;173;209mtracewave.py:tilts_find_lines:103[0m - Removed 0 lines that were too close to neighboring lines.
[1;38;2;49;54;149m    [INFO][0m - [38;2;116;173;209mtracewave.py:tilts_find_lines:125[0m - Modeling arc line tilts with 24 arc lines
[1;38;2;49;54;149m    [INFO][0m - [38;2;116;173;209mwavetilts.py:run:769[0m - Trace the tilts
[1;38;2;49;54;149m    [INFO][0m - [38;2;116;173;209mtracewave.py:trace_tilts_work:482[0m - Number of usable arc lines for tilts: 16/24
[1;38;2;49;54;149m    [INFO][0m - [38;2;116;173;209mtracewave.py:trace_tilts:638[0m - PCA modeling 16 good tilts
[1;38;2;49;54;149m    [INFO][0m - [38;2;116;173;209mpca.py:pca_decomposition:101[0m - The unconstrained PCA yields 16 components.
[1;38;2;49;54;149m    [INFO][0m - [38;2;116;173;209mpca.py:pca_decomposition:115[0m - PCA will include 2 component(s), containing 99.585% of the total variance.
[1;38;2;49;54;149m    [INFO][0m - [38;2;116;173;209mtracepca.py:pca_trace_object:410[0m - Order of function fit to each component: [2 1]
[1;38;2;49;54;149m    [INFO][0m - [38;2;116;173;209mtracewave.py:trace_tilts_work:482[0m - Number of usable arc lines for tilts: 16/24
[1;38;2;49;54;149m    [INFO][0m - [38;2;116;173;209mtracewave.py:fit_tilts:706[0m - Fitting tilts with a low order, 2D legendre2d
[1;38;2;49;54;149m    [INFO][0m - [38;2;116;173;209mtracewave.py:fit_tilts:743[0m - Residuals: 2D Legendre Fit
[1;38;2;49;54;149m    [INFO][0m - [38;2;116;173;209mtracewave.py:fit_tilts:744[0m - RMS (pixels): 0.026121413921018303
[1;38;2;49;54;149m    [INFO][0m - [38;2;116;173;209mtracewave.py:fit_tilts:745[0m - RMS/FWHM: 0.008772843718464087
[1;38;2;49;54;149m    [INFO][0m - [38;2;116;173;209mtracewave.py:fit_tilts:747[0m - Inverting the fit to generate the tilts image
[1;38;2;49;54;149m    [INFO][0m - [38;2;116;173;209mtracewave.py:fit_tilts:806[0m - Rejected 0/624917 pixels in final inversion tilts image fit
[1;38;2;253;174;97m [WARNING][0m - [38;2;116;173;209m_methods.py:_var:155[0m - RuntimeWarning: Degrees of freedom <= 0 for slice
[1;38;2;253;174;97m [WARNING][0m - [38;2;116;173;209m_methods.py:_var:178[0m - RuntimeWarning: invalid value encountered in divide
[1;38;2;253;174;97m [WARNING][0m - [38;2;116;173;209m_methods.py:_var:211[0m - RuntimeWarning: invalid value encountered in scalar divide
[1;38;2;49;54;149m    [INFO][0m - [38;2;116;173;209mwavetilts.py:run:748[0m - Computing tilts for slit/order 3824 (23/24)
[1;38;2;49;54;149m    [INFO][0m - [38;2;116;173;209mautoid.py:set_fwhm:1029[0m - Measured arc lines FWHM: 3.1 pixels
[1;38;2;49;54;149m    [INFO][0m - [38;2;116;173;209mwavetilts.py:run:752[0m - Finding lines for tilt analysis
[1;38;2;49;54;149m    [INFO][0m - [38;2;116;173;209mtracewave.py:tilts_find_lines:82[0m - Rejecting 19 lines below sigma threshold.
[1;38;2;49;54;149m    [INFO][0m - [38;2;116;173;209mtracewave.py:tilts_find_lines:103[0m - Removed 0 lines that were too close to neighboring lines.
[1;38;2;49;54;149m    [INFO][0m - [38;2;116;173;209mtracewave.py:tilts_find_lines:125[0m - Modeling arc line tilts with 27 arc lines
[1;38;2;49;54;149m    [INFO][0m - [38;2;116;173;209mwavetilts.py:run:769[0m - Trace the tilts
[1;38;2;49;54;149m    [INFO][0m - [38;2;116;173;209mtracewave.py:trace_tilts_work:482[0m - Number of usable arc lines for tilts: 27/27
[1;38;2;49;54;149m    [INFO][0m - [38;2;116;173;209mtracewave.py:trace_tilts:638[0m - PCA modeling 27 good tilts
[1;38;2;49;54;149m    [INFO][0m - [38;2;116;173;209mpca.py:pca_decomposition:101[0m - The unconstrained PCA yields 27 components.
[1;38;2;49;54;149m    [INFO][0m - [38;2;116;173;209mpca.py:pca_decomposition:115[0m - PCA will include 2 component(s), containing 97.321% of the total variance.
[1;38;2;49;54;149m    [INFO][0m - [38;2;116;173;209mtracepca.py:pca_trace_object:410[0m - Order of function fit to each component: [2 1]
[1;38;2;49;54;149m    [INFO][0m - [38;2;116;173;209mtracewave.py:trace_tilts_work:482[0m - Number of usable arc lines for tilts: 27/27
[1;38;2;49;54;149m    [INFO][0m - [38;2;116;173;209mtracewave.py:fit_tilts:706[0m - Fitting tilts with a low order, 2D legendre2d
[1;38;2;49;54;149m    [INFO][0m - [38;2;116;173;209mtracewave.py:fit_tilts:743[0m - Residuals: 2D Legendre Fit
[1;38;2;49;54;149m    [INFO][0m - [38;2;116;173;209mtracewave.py:fit_tilts:744[0m - RMS (pixels): 0.07713544435094404
[1;38;2;49;54;149m    [INFO][0m - [38;2;116;173;209mtracewave.py:fit_tilts:745[0m - RMS/FWHM: 0.024877965706818203
[1;38;2;49;54;149m    [INFO][0m - [38;2;116;173;209mtracewave.py:fit_tilts:747[0m - Inverting the fit to generate the tilts image
[1;38;2;49;54;149m    [INFO][0m - [38;2;116;173;209mtracewave.py:fit_tilts:806[0m - Rejected 0/624190 pixels in final inversion tilts image fit
[1;38;2;49;54;149m    [INFO][0m - [38;2;116;173;209mwavetilts.py:run:748[0m - Computing tilts for slit/order 3983 (24/24)
[1;38;2;49;54;149m    [INFO][0m - [38;2;116;173;209mautoid.py:set_fwhm:1029[0m - Measured arc lines FWHM: 3.0 pixels
[1;38;2;49;54;149m    [INFO][0m - [38;2;116;173;209mwavetilts.py:run:752[0m - Finding lines for tilt analysis
[1;38;2;49;54;149m    [INFO][0m - [38;2;116;173;209mtracewave.py:tilts_find_lines:82[0m - Rejecting 20 lines below sigma threshold.
[1;38;2;49;54;149m    [INFO][0m - [38;2;116;173;209mtracewave.py:tilts_find_lines:103[0m - Removed 1 lines that were too close to neighboring lines.
[1;38;2;49;54;149m    [INFO][0m - [38;2;116;173;209mtracewave.py:tilts_find_lines:125[0m - Modeling arc line tilts with 24 arc lines
[1;38;2;49;54;149m    [INFO][0m - [38;2;116;173;209mwavetilts.py:run:769[0m - Trace the tilts
[1;38;2;49;54;149m    [INFO][0m - [38;2;116;173;209mtracewave.py:trace_tilts_work:482[0m - Number of usable arc lines for tilts: 21/24
[1;38;2;49;54;149m    [INFO][0m - [38;2;116;173;209mtracewave.py:trace_tilts:638[0m - PCA modeling 21 good tilts
[1;38;2;49;54;149m    [INFO][0m - [38;2;116;173;209mpca.py:pca_decomposition:101[0m - The unconstrained PCA yields 21 components.
[1;38;2;49;54;149m    [INFO][0m - [38;2;116;173;209mpca.py:pca_decomposition:115[0m - PCA will include 2 component(s), containing 99.567% of the total variance.
[1;38;2;49;54;149m    [INFO][0m - [38;2;116;173;209mtracepca.py:pca_trace_object:410[0m - Order of function fit to each component: [2 1]
[1;38;2;49;54;149m    [INFO][0m - [38;2;116;173;209mtracewave.py:trace_tilts_work:482[0m - Number of usable arc lines for tilts: 21/24
[1;38;2;49;54;149m    [INFO][0m - [38;2;116;173;209mtracewave.py:fit_tilts:706[0m - Fitting tilts with a low order, 2D legendre2d
[1;38;2;49;54;149m    [INFO][0m - [38;2;116;173;209mtracewave.py:fit_tilts:743[0m - Residuals: 2D Legendre Fit
[1;38;2;49;54;149m    [INFO][0m - [38;2;116;173;209mtracewave.py:fit_tilts:744[0m - RMS (pixels): 0.04679623027445032
[1;38;2;49;54;149m    [INFO][0m - [38;2;116;173;209mtracewave.py:fit_tilts:745[0m - RMS/FWHM: 0.015843253373965305
[1;38;2;49;54;149m    [INFO][0m - [38;2;116;173;209mtracewave.py:fit_tilts:747[0m - Inverting the fit to generate the tilts image
[1;38;2;49;54;149m    [INFO][0m - [38;2;116;173;209mtracewave.py:fit_tilts:806[0m - Rejected 0/623993 pixels in final inversion tilts image fit
[1;38;2;253;174;97m [WARNING][0m - [38;2;116;173;209m_methods.py:_var:155[0m - RuntimeWarning: Degrees of freedom <= 0 for slice
[1;38;2;253;174;97m [WARNING][0m - [38;2;116;173;209m_methods.py:_var:178[0m - RuntimeWarning: invalid value encountered in divide
[1;38;2;253;174;97m [WARNING][0m - [38;2;116;173;209m_methods.py:_var:211[0m - RuntimeWarning: invalid value encountered in scalar divide
[1;38;2;49;54;149m    [INFO][0m - [38;2;116;173;209mio.py:write_to_fits:672[0m - File written to: /Users/kaiwenzhang/PycharmProjects/KCWI/KCWI_RED_channel_characterization/RM1 pypeit run/2024-04-01/pypeit_run/keck_kcrm_B/Calibrations/Tilts_B_1_DET01.fits
[1;38;2;49;54;149m    [INFO][0m - [38;2;116;173;209mkeck_kcwi.py:get_rawimage:1426[0m - Reading KCWI file: /Users/kaiwenzhang/PycharmProjects/KCWI/KCWI_RED_channel_characterization/fits/by_night/RM1/2024-04-01/KR.20240402.13979.69.fits
[1;38;2;253;174;97m [WARNING][0m - [38;2;116;173;209mkeck_kcwi.py:bpm:820[0m - KCRM bad pixel mask is not available for ampmode=L2U2L1U1 binning=1,1
[1;38;2;49;54;149m    [INFO][0m - [38;2;116;173;209mcalibrations.py:get_align:499[0m - Preparing a Alignment calibration frame.
[1;38;2;49;54;149m    [INFO][0m - [38;2;116;173;209mkeck_kcwi.py:get_rawimage:1426[0m - Reading KCWI file: /Users/kaiwenzhang/PycharmProjects/KCWI/KCWI_RED_channel_characterization/fits/by_night/RM1/2024-04-01/KR.20240402.13979.69.fits
[1;38;2;49;54;149m    [INFO][0m - [38;2;116;173;209mrawimage.py:process:564[0m - Performing basic image processing on KR.20240402.13979.69.fits.
[1;38;2;49;54;149m    [INFO][0m - [38;2;116;173;209mrawimage.py:estimate_readnoise:359[0m - Estimated readnoise of amplifier 1 = 7.650 e-
[1;38;2;49;54;149m    [INFO][0m - [38;2;116;173;209mrawimage.py:estimate_readnoise:359[0m - Estimated readnoise of amplifier 2 = 7.773 e-
[1;38;2;49;54;149m    [INFO][0m - [38;2;116;173;209mrawimage.py:estimate_readnoise:359[0m - Estimated readnoise of amplifier 3 = 7.892 e-
[1;38;2;49;54;149m    [INFO][0m - [38;2;116;173;209mrawimage.py:estimate_readnoise:359[0m - Estimated readnoise of amplifier 4 = 7.458 e-
[1;38;2;49;54;149m    [INFO][0m - [38;2;116;173;209mkeck_kcwi.py:get_rawimage:1426[0m - Reading KCWI file: /Users/kaiwenzhang/PycharmProjects/KCWI/KCWI_RED_channel_characterization/fits/by_night/RM1/2024-04-01/KR.20240402.14084.79.fits
[1;38;2;49;54;149m    [INFO][0m - [38;2;116;173;209mrawimage.py:process:564[0m - Performing basic image processing on KR.20240402.14084.79.fits.
[1;38;2;49;54;149m    [INFO][0m - [38;2;116;173;209mrawimage.py:estimate_readnoise:359[0m - Estimated readnoise of amplifier 1 = 8.243 e-
[1;38;2;49;54;149m    [INFO][0m - [38;2;116;173;209mrawimage.py:estimate_readnoise:359[0m - Estimated readnoise of amplifier 2 = 8.381 e-
[1;38;2;49;54;149m    [INFO][0m - [38;2;116;173;209mrawimage.py:estimate_readnoise:359[0m - Estimated readnoise of amplifier 3 = 8.501 e-
[1;38;2;49;54;149m    [INFO][0m - [38;2;116;173;209mrawimage.py:estimate_readnoise:359[0m - Estimated readnoise of amplifier 4 = 7.981 e-
[1;38;2;49;54;149m    [INFO][0m - [38;2;116;173;209mkeck_kcwi.py:get_rawimage:1426[0m - Reading KCWI file: /Users/kaiwenzhang/PycharmProjects/KCWI/KCWI_RED_channel_characterization/fits/by_night/RM1/2024-04-01/KR.20240402.14189.85.fits
[1;38;2;49;54;149m    [INFO][0m - [38;2;116;173;209mrawimage.py:process:564[0m - Performing basic image processing on KR.20240402.14189.85.fits.
[1;38;2;49;54;149m    [INFO][0m - [38;2;116;173;209mrawimage.py:estimate_readnoise:359[0m - Estimated readnoise of amplifier 1 = 7.626 e-
[1;38;2;49;54;149m    [INFO][0m - [38;2;116;173;209mrawimage.py:estimate_readnoise:359[0m - Estimated readnoise of amplifier 2 = 7.741 e-
[1;38;2;49;54;149m    [INFO][0m - [38;2;116;173;209mrawimage.py:estimate_readnoise:359[0m - Estimated readnoise of amplifier 3 = 7.837 e-
[1;38;2;49;54;149m    [INFO][0m - [38;2;116;173;209mrawimage.py:estimate_readnoise:359[0m - Estimated readnoise of amplifier 4 = 7.401 e-
[1;38;2;49;54;149m    [INFO][0m - [38;2;116;173;209malignframe.py:build_traces:198[0m - Fitting alignment traces in slit 1/24
[1;38;2;49;54;149m    [INFO][0m - [38;2;116;173;209mfindobj_skymask.py:objs_in_slit:2073[0m - Using slit edges as crutch for object tracing
[1;38;2;49;54;149m    [INFO][0m - [38;2;116;173;209mfindobj_skymask.py:objs_in_slit:2098[0m - Automatic finding routine found 5 objects
[1;38;2;49;54;149m    [INFO][0m - [38;2;116;173;209mfindobj_skymask.py:objs_in_slit:2102[0m - Fitting the traces
[1;38;2;253;174;97m [WARNING][0m - [38;2;116;173;209mpolyutils.py:_fit:662[0m - RankWarning: The fit may be poorly conditioned
[1;38;2;49;54;149m    [INFO][0m - [38;2;116;173;209mfindobj_skymask.py:objs_in_slit:2254[0m - Successfully traced a total of 5 objects
[1;38;2;49;54;149m    [INFO][0m - [38;2;116;173;209malignframe.py:build_traces:198[0m - Fitting alignment traces in slit 2/24
[1;38;2;49;54;149m    [INFO][0m - [38;2;116;173;209mfindobj_skymask.py:objs_in_slit:2073[0m - Using slit edges as crutch for object tracing
[1;38;2;49;54;149m    [INFO][0m - [38;2;116;173;209mfindobj_skymask.py:objs_in_slit:2098[0m - Automatic finding routine found 5 objects
[1;38;2;49;54;149m    [INFO][0m - [38;2;116;173;209mfindobj_skymask.py:objs_in_slit:2102[0m - Fitting the traces
[1;38;2;253;174;97m [WARNING][0m - [38;2;116;173;209mpolyutils.py:_fit:662[0m - RankWarning: The fit may be poorly conditioned
[1;38;2;49;54;149m    [INFO][0m - [38;2;116;173;209mfindobj_skymask.py:objs_in_slit:2254[0m - Successfully traced a total of 5 objects
[1;38;2;49;54;149m    [INFO][0m - [38;2;116;173;209malignframe.py:build_traces:198[0m - Fitting alignment traces in slit 3/24
[1;38;2;49;54;149m    [INFO][0m - [38;2;116;173;209mfindobj_skymask.py:objs_in_slit:2073[0m - Using slit edges as crutch for object tracing
[1;38;2;49;54;149m    [INFO][0m - [38;2;116;173;209mfindobj_skymask.py:objs_in_slit:2098[0m - Automatic finding routine found 5 objects
[1;38;2;49;54;149m    [INFO][0m - [38;2;116;173;209mfindobj_skymask.py:objs_in_slit:2102[0m - Fitting the traces
[1;38;2;253;174;97m [WARNING][0m - [38;2;116;173;209mpolyutils.py:_fit:662[0m - RankWarning: The fit may be poorly conditioned
[1;38;2;49;54;149m    [INFO][0m - [38;2;116;173;209mfindobj_skymask.py:objs_in_slit:2254[0m - Successfully traced a total of 5 objects
[1;38;2;49;54;149m    [INFO][0m - [38;2;116;173;209malignframe.py:build_traces:198[0m - Fitting alignment traces in slit 4/24
[1;38;2;49;54;149m    [INFO][0m - [38;2;116;173;209mfindobj_skymask.py:objs_in_slit:2073[0m - Using slit edges as crutch for object tracing
[1;38;2;49;54;149m    [INFO][0m - [38;2;116;173;209mfindobj_skymask.py:objs_in_slit:2098[0m - Automatic finding routine found 5 objects
[1;38;2;49;54;149m    [INFO][0m - [38;2;116;173;209mfindobj_skymask.py:objs_in_slit:2102[0m - Fitting the traces
[1;38;2;253;174;97m [WARNING][0m - [38;2;116;173;209mpolyutils.py:_fit:662[0m - RankWarning: The fit may be poorly conditioned
[1;38;2;49;54;149m    [INFO][0m - [38;2;116;173;209mfindobj_skymask.py:objs_in_slit:2254[0m - Successfully traced a total of 5 objects
[1;38;2;49;54;149m    [INFO][0m - [38;2;116;173;209malignframe.py:build_traces:198[0m - Fitting alignment traces in slit 5/24
[1;38;2;49;54;149m    [INFO][0m - [38;2;116;173;209mfindobj_skymask.py:objs_in_slit:2073[0m - Using slit edges as crutch for object tracing
[1;38;2;49;54;149m    [INFO][0m - [38;2;116;173;209mfindobj_skymask.py:objs_in_slit:2098[0m - Automatic finding routine found 5 objects
[1;38;2;49;54;149m    [INFO][0m - [38;2;116;173;209mfindobj_skymask.py:objs_in_slit:2102[0m - Fitting the traces
[1;38;2;253;174;97m [WARNING][0m - [38;2;116;173;209mpolyutils.py:_fit:662[0m - RankWarning: The fit may be poorly conditioned
[1;38;2;49;54;149m    [INFO][0m - [38;2;116;173;209mfindobj_skymask.py:objs_in_slit:2254[0m - Successfully traced a total of 5 objects
[1;38;2;49;54;149m    [INFO][0m - [38;2;116;173;209malignframe.py:build_traces:198[0m - Fitting alignment traces in slit 6/24
[1;38;2;49;54;149m    [INFO][0m - [38;2;116;173;209mfindobj_skymask.py:objs_in_slit:2073[0m - Using slit edges as crutch for object tracing
[1;38;2;49;54;149m    [INFO][0m - [38;2;116;173;209mfindobj_skymask.py:objs_in_slit:2098[0m - Automatic finding routine found 5 objects
[1;38;2;49;54;149m    [INFO][0m - [38;2;116;173;209mfindobj_skymask.py:objs_in_slit:2102[0m - Fitting the traces
[1;38;2;253;174;97m [WARNING][0m - [38;2;116;173;209mpolyutils.py:_fit:662[0m - RankWarning: The fit may be poorly conditioned
[1;38;2;49;54;149m    [INFO][0m - [38;2;116;173;209mfindobj_skymask.py:objs_in_slit:2254[0m - Successfully traced a total of 5 objects
[1;38;2;49;54;149m    [INFO][0m - [38;2;116;173;209malignframe.py:build_traces:198[0m - Fitting alignment traces in slit 7/24
[1;38;2;49;54;149m    [INFO][0m - [38;2;116;173;209mfindobj_skymask.py:objs_in_slit:2073[0m - Using slit edges as crutch for object tracing
[1;38;2;49;54;149m    [INFO][0m - [38;2;116;173;209mfindobj_skymask.py:objs_in_slit:2098[0m - Automatic finding routine found 5 objects
[1;38;2;49;54;149m    [INFO][0m - [38;2;116;173;209mfindobj_skymask.py:objs_in_slit:2102[0m - Fitting the traces
[1;38;2;253;174;97m [WARNING][0m - [38;2;116;173;209mpolyutils.py:_fit:662[0m - RankWarning: The fit may be poorly conditioned
[1;38;2;49;54;149m    [INFO][0m - [38;2;116;173;209mfindobj_skymask.py:objs_in_slit:2254[0m - Successfully traced a total of 5 objects
[1;38;2;49;54;149m    [INFO][0m - [38;2;116;173;209malignframe.py:build_traces:198[0m - Fitting alignment traces in slit 8/24
[1;38;2;49;54;149m    [INFO][0m - [38;2;116;173;209mfindobj_skymask.py:objs_in_slit:2073[0m - Using slit edges as crutch for object tracing
[1;38;2;49;54;149m    [INFO][0m - [38;2;116;173;209mfindobj_skymask.py:objs_in_slit:2098[0m - Automatic finding routine found 5 objects
[1;38;2;49;54;149m    [INFO][0m - [38;2;116;173;209mfindobj_skymask.py:objs_in_slit:2102[0m - Fitting the traces
[1;38;2;253;174;97m [WARNING][0m - [38;2;116;173;209mpolyutils.py:_fit:662[0m - RankWarning: The fit may be poorly conditioned
[1;38;2;49;54;149m    [INFO][0m - [38;2;116;173;209mfindobj_skymask.py:objs_in_slit:2254[0m - Successfully traced a total of 5 objects
[1;38;2;49;54;149m    [INFO][0m - [38;2;116;173;209malignframe.py:build_traces:198[0m - Fitting alignment traces in slit 9/24
[1;38;2;49;54;149m    [INFO][0m - [38;2;116;173;209mfindobj_skymask.py:objs_in_slit:2073[0m - Using slit edges as crutch for object tracing
[1;38;2;49;54;149m    [INFO][0m - [38;2;116;173;209mfindobj_skymask.py:objs_in_slit:2098[0m - Automatic finding routine found 5 objects
[1;38;2;49;54;149m    [INFO][0m - [38;2;116;173;209mfindobj_skymask.py:objs_in_slit:2102[0m - Fitting the traces
[1;38;2;253;174;97m [WARNING][0m - [38;2;116;173;209mpolyutils.py:_fit:662[0m - RankWarning: The fit may be poorly conditioned
[1;38;2;49;54;149m    [INFO][0m - [38;2;116;173;209mfindobj_skymask.py:objs_in_slit:2254[0m - Successfully traced a total of 5 objects
[1;38;2;49;54;149m    [INFO][0m - [38;2;116;173;209malignframe.py:build_traces:198[0m - Fitting alignment traces in slit 10/24
[1;38;2;49;54;149m    [INFO][0m - [38;2;116;173;209mfindobj_skymask.py:objs_in_slit:2073[0m - Using slit edges as crutch for object tracing
[1;38;2;49;54;149m    [INFO][0m - [38;2;116;173;209mfindobj_skymask.py:objs_in_slit:2098[0m - Automatic finding routine found 5 objects
[1;38;2;49;54;149m    [INFO][0m - [38;2;116;173;209mfindobj_skymask.py:objs_in_slit:2102[0m - Fitting the traces
[1;38;2;253;174;97m [WARNING][0m - [38;2;116;173;209mpolyutils.py:_fit:662[0m - RankWarning: The fit may be poorly conditioned
[1;38;2;49;54;149m    [INFO][0m - [38;2;116;173;209mfindobj_skymask.py:objs_in_slit:2254[0m - Successfully traced a total of 5 objects
[1;38;2;49;54;149m    [INFO][0m - [38;2;116;173;209malignframe.py:build_traces:198[0m - Fitting alignment traces in slit 11/24
[1;38;2;49;54;149m    [INFO][0m - [38;2;116;173;209mfindobj_skymask.py:objs_in_slit:2073[0m - Using slit edges as crutch for object tracing
[1;38;2;49;54;149m    [INFO][0m - [38;2;116;173;209mfindobj_skymask.py:objs_in_slit:2098[0m - Automatic finding routine found 5 objects
[1;38;2;49;54;149m    [INFO][0m - [38;2;116;173;209mfindobj_skymask.py:objs_in_slit:2102[0m - Fitting the traces
[1;38;2;253;174;97m [WARNING][0m - [38;2;116;173;209mpolyutils.py:_fit:662[0m - RankWarning: The fit may be poorly conditioned
[1;38;2;49;54;149m    [INFO][0m - [38;2;116;173;209mfindobj_skymask.py:objs_in_slit:2254[0m - Successfully traced a total of 5 objects
[1;38;2;49;54;149m    [INFO][0m - [38;2;116;173;209malignframe.py:build_traces:198[0m - Fitting alignment traces in slit 12/24
[1;38;2;49;54;149m    [INFO][0m - [38;2;116;173;209mfindobj_skymask.py:objs_in_slit:2073[0m - Using slit edges as crutch for object tracing
[1;38;2;49;54;149m    [INFO][0m - [38;2;116;173;209mfindobj_skymask.py:objs_in_slit:2098[0m - Automatic finding routine found 5 objects
[1;38;2;49;54;149m    [INFO][0m - [38;2;116;173;209mfindobj_skymask.py:objs_in_slit:2102[0m - Fitting the traces
[1;38;2;253;174;97m [WARNING][0m - [38;2;116;173;209mpolyutils.py:_fit:662[0m - RankWarning: The fit may be poorly conditioned
[1;38;2;49;54;149m    [INFO][0m - [38;2;116;173;209mfindobj_skymask.py:objs_in_slit:2254[0m - Successfully traced a total of 5 objects
[1;38;2;49;54;149m    [INFO][0m - [38;2;116;173;209malignframe.py:build_traces:198[0m - Fitting alignment traces in slit 13/24
[1;38;2;49;54;149m    [INFO][0m - [38;2;116;173;209mfindobj_skymask.py:objs_in_slit:2073[0m - Using slit edges as crutch for object tracing
[1;38;2;49;54;149m    [INFO][0m - [38;2;116;173;209mfindobj_skymask.py:objs_in_slit:2098[0m - Automatic finding routine found 5 objects
[1;38;2;49;54;149m    [INFO][0m - [38;2;116;173;209mfindobj_skymask.py:objs_in_slit:2102[0m - Fitting the traces
[1;38;2;253;174;97m [WARNING][0m - [38;2;116;173;209mpolyutils.py:_fit:662[0m - RankWarning: The fit may be poorly conditioned
[1;38;2;49;54;149m    [INFO][0m - [38;2;116;173;209mfindobj_skymask.py:objs_in_slit:2254[0m - Successfully traced a total of 5 objects
[1;38;2;49;54;149m    [INFO][0m - [38;2;116;173;209malignframe.py:build_traces:198[0m - Fitting alignment traces in slit 14/24
[1;38;2;49;54;149m    [INFO][0m - [38;2;116;173;209mfindobj_skymask.py:objs_in_slit:2073[0m - Using slit edges as crutch for object tracing
[1;38;2;49;54;149m    [INFO][0m - [38;2;116;173;209mfindobj_skymask.py:objs_in_slit:2098[0m - Automatic finding routine found 5 objects
[1;38;2;49;54;149m    [INFO][0m - [38;2;116;173;209mfindobj_skymask.py:objs_in_slit:2102[0m - Fitting the traces
[1;38;2;253;174;97m [WARNING][0m - [38;2;116;173;209mpolyutils.py:_fit:662[0m - RankWarning: The fit may be poorly conditioned
[1;38;2;49;54;149m    [INFO][0m - [38;2;116;173;209mfindobj_skymask.py:objs_in_slit:2254[0m - Successfully traced a total of 5 objects
[1;38;2;49;54;149m    [INFO][0m - [38;2;116;173;209malignframe.py:build_traces:198[0m - Fitting alignment traces in slit 15/24
[1;38;2;49;54;149m    [INFO][0m - [38;2;116;173;209mfindobj_skymask.py:objs_in_slit:2073[0m - Using slit edges as crutch for object tracing
[1;38;2;49;54;149m    [INFO][0m - [38;2;116;173;209mfindobj_skymask.py:objs_in_slit:2098[0m - Automatic finding routine found 5 objects
[1;38;2;49;54;149m    [INFO][0m - [38;2;116;173;209mfindobj_skymask.py:objs_in_slit:2102[0m - Fitting the traces
[1;38;2;253;174;97m [WARNING][0m - [38;2;116;173;209mpolyutils.py:_fit:662[0m - RankWarning: The fit may be poorly conditioned
[1;38;2;49;54;149m    [INFO][0m - [38;2;116;173;209mfindobj_skymask.py:objs_in_slit:2254[0m - Successfully traced a total of 5 objects
[1;38;2;49;54;149m    [INFO][0m - [38;2;116;173;209malignframe.py:build_traces:198[0m - Fitting alignment traces in slit 16/24
[1;38;2;49;54;149m    [INFO][0m - [38;2;116;173;209mfindobj_skymask.py:objs_in_slit:2073[0m - Using slit edges as crutch for object tracing
[1;38;2;49;54;149m    [INFO][0m - [38;2;116;173;209mfindobj_skymask.py:objs_in_slit:2098[0m - Automatic finding routine found 5 objects
[1;38;2;49;54;149m    [INFO][0m - [38;2;116;173;209mfindobj_skymask.py:objs_in_slit:2102[0m - Fitting the traces
[1;38;2;253;174;97m [WARNING][0m - [38;2;116;173;209mpolyutils.py:_fit:662[0m - RankWarning: The fit may be poorly conditioned
[1;38;2;49;54;149m    [INFO][0m - [38;2;116;173;209mfindobj_skymask.py:objs_in_slit:2254[0m - Successfully traced a total of 5 objects
[1;38;2;49;54;149m    [INFO][0m - [38;2;116;173;209malignframe.py:build_traces:198[0m - Fitting alignment traces in slit 17/24
[1;38;2;49;54;149m    [INFO][0m - [38;2;116;173;209mfindobj_skymask.py:objs_in_slit:2073[0m - Using slit edges as crutch for object tracing
[1;38;2;49;54;149m    [INFO][0m - [38;2;116;173;209mfindobj_skymask.py:objs_in_slit:2098[0m - Automatic finding routine found 5 objects
[1;38;2;49;54;149m    [INFO][0m - [38;2;116;173;209mfindobj_skymask.py:objs_in_slit:2102[0m - Fitting the traces
[1;38;2;253;174;97m [WARNING][0m - [38;2;116;173;209mpolyutils.py:_fit:662[0m - RankWarning: The fit may be poorly conditioned
[1;38;2;49;54;149m    [INFO][0m - [38;2;116;173;209mfindobj_skymask.py:objs_in_slit:2254[0m - Successfully traced a total of 5 objects
[1;38;2;49;54;149m    [INFO][0m - [38;2;116;173;209malignframe.py:build_traces:198[0m - Fitting alignment traces in slit 18/24
[1;38;2;49;54;149m    [INFO][0m - [38;2;116;173;209mfindobj_skymask.py:objs_in_slit:2073[0m - Using slit edges as crutch for object tracing
[1;38;2;49;54;149m    [INFO][0m - [38;2;116;173;209mfindobj_skymask.py:objs_in_slit:2098[0m - Automatic finding routine found 5 objects
[1;38;2;49;54;149m    [INFO][0m - [38;2;116;173;209mfindobj_skymask.py:objs_in_slit:2102[0m - Fitting the traces
[1;38;2;253;174;97m [WARNING][0m - [38;2;116;173;209mpolyutils.py:_fit:662[0m - RankWarning: The fit may be poorly conditioned
[1;38;2;49;54;149m    [INFO][0m - [38;2;116;173;209mfindobj_skymask.py:objs_in_slit:2254[0m - Successfully traced a total of 5 objects
[1;38;2;49;54;149m    [INFO][0m - [38;2;116;173;209malignframe.py:build_traces:198[0m - Fitting alignment traces in slit 19/24
[1;38;2;49;54;149m    [INFO][0m - [38;2;116;173;209mfindobj_skymask.py:objs_in_slit:2073[0m - Using slit edges as crutch for object tracing
[1;38;2;49;54;149m    [INFO][0m - [38;2;116;173;209mfindobj_skymask.py:objs_in_slit:2098[0m - Automatic finding routine found 5 objects
[1;38;2;49;54;149m    [INFO][0m - [38;2;116;173;209mfindobj_skymask.py:objs_in_slit:2102[0m - Fitting the traces
[1;38;2;253;174;97m [WARNING][0m - [38;2;116;173;209mpolyutils.py:_fit:662[0m - RankWarning: The fit may be poorly conditioned
[1;38;2;49;54;149m    [INFO][0m - [38;2;116;173;209mfindobj_skymask.py:objs_in_slit:2254[0m - Successfully traced a total of 5 objects
[1;38;2;49;54;149m    [INFO][0m - [38;2;116;173;209malignframe.py:build_traces:198[0m - Fitting alignment traces in slit 20/24
[1;38;2;49;54;149m    [INFO][0m - [38;2;116;173;209mfindobj_skymask.py:objs_in_slit:2073[0m - Using slit edges as crutch for object tracing
[1;38;2;49;54;149m    [INFO][0m - [38;2;116;173;209mfindobj_skymask.py:objs_in_slit:2098[0m - Automatic finding routine found 5 objects
[1;38;2;49;54;149m    [INFO][0m - [38;2;116;173;209mfindobj_skymask.py:objs_in_slit:2102[0m - Fitting the traces
[1;38;2;253;174;97m [WARNING][0m - [38;2;116;173;209mpolyutils.py:_fit:662[0m - RankWarning: The fit may be poorly conditioned
[1;38;2;49;54;149m    [INFO][0m - [38;2;116;173;209mfindobj_skymask.py:objs_in_slit:2254[0m - Successfully traced a total of 5 objects
[1;38;2;49;54;149m    [INFO][0m - [38;2;116;173;209malignframe.py:build_traces:198[0m - Fitting alignment traces in slit 21/24
[1;38;2;49;54;149m    [INFO][0m - [38;2;116;173;209mfindobj_skymask.py:objs_in_slit:2073[0m - Using slit edges as crutch for object tracing
[1;38;2;49;54;149m    [INFO][0m - [38;2;116;173;209mfindobj_skymask.py:objs_in_slit:2098[0m - Automatic finding routine found 5 objects
[1;38;2;49;54;149m    [INFO][0m - [38;2;116;173;209mfindobj_skymask.py:objs_in_slit:2102[0m - Fitting the traces
[1;38;2;253;174;97m [WARNING][0m - [38;2;116;173;209mpolyutils.py:_fit:662[0m - RankWarning: The fit may be poorly conditioned
[1;38;2;49;54;149m    [INFO][0m - [38;2;116;173;209mfindobj_skymask.py:objs_in_slit:2254[0m - Successfully traced a total of 5 objects
[1;38;2;49;54;149m    [INFO][0m - [38;2;116;173;209malignframe.py:build_traces:198[0m - Fitting alignment traces in slit 22/24
[1;38;2;49;54;149m    [INFO][0m - [38;2;116;173;209mfindobj_skymask.py:objs_in_slit:2073[0m - Using slit edges as crutch for object tracing
[1;38;2;49;54;149m    [INFO][0m - [38;2;116;173;209mfindobj_skymask.py:objs_in_slit:2098[0m - Automatic finding routine found 5 objects
[1;38;2;49;54;149m    [INFO][0m - [38;2;116;173;209mfindobj_skymask.py:objs_in_slit:2102[0m - Fitting the traces
[1;38;2;253;174;97m [WARNING][0m - [38;2;116;173;209mpolyutils.py:_fit:662[0m - RankWarning: The fit may be poorly conditioned
[1;38;2;49;54;149m    [INFO][0m - [38;2;116;173;209mfindobj_skymask.py:objs_in_slit:2254[0m - Successfully traced a total of 5 objects
[1;38;2;49;54;149m    [INFO][0m - [38;2;116;173;209malignframe.py:build_traces:198[0m - Fitting alignment traces in slit 23/24
[1;38;2;49;54;149m    [INFO][0m - [38;2;116;173;209mfindobj_skymask.py:objs_in_slit:2073[0m - Using slit edges as crutch for object tracing
[1;38;2;49;54;149m    [INFO][0m - [38;2;116;173;209mfindobj_skymask.py:objs_in_slit:2098[0m - Automatic finding routine found 5 objects
[1;38;2;49;54;149m    [INFO][0m - [38;2;116;173;209mfindobj_skymask.py:objs_in_slit:2102[0m - Fitting the traces
[1;38;2;253;174;97m [WARNING][0m - [38;2;116;173;209mpolyutils.py:_fit:662[0m - RankWarning: The fit may be poorly conditioned
[1;38;2;49;54;149m    [INFO][0m - [38;2;116;173;209mfindobj_skymask.py:objs_in_slit:2254[0m - Successfully traced a total of 5 objects
[1;38;2;49;54;149m    [INFO][0m - [38;2;116;173;209malignframe.py:build_traces:198[0m - Fitting alignment traces in slit 24/24
[1;38;2;49;54;149m    [INFO][0m - [38;2;116;173;209mfindobj_skymask.py:objs_in_slit:2073[0m - Using slit edges as crutch for object tracing
[1;38;2;49;54;149m    [INFO][0m - [38;2;116;173;209mfindobj_skymask.py:objs_in_slit:2098[0m - Automatic finding routine found 5 objects
[1;38;2;49;54;149m    [INFO][0m - [38;2;116;173;209mfindobj_skymask.py:objs_in_slit:2102[0m - Fitting the traces
[1;38;2;253;174;97m [WARNING][0m - [38;2;116;173;209mpolyutils.py:_fit:662[0m - RankWarning: The fit may be poorly conditioned
[1;38;2;49;54;149m    [INFO][0m - [38;2;116;173;209mfindobj_skymask.py:objs_in_slit:2254[0m - Successfully traced a total of 5 objects
[1;38;2;49;54;149m    [INFO][0m - [38;2;116;173;209mio.py:write_to_fits:672[0m - File written to: /Users/kaiwenzhang/PycharmProjects/KCWI/KCWI_RED_channel_characterization/RM1 pypeit run/2024-04-01/pypeit_run/keck_kcrm_B/Calibrations/Alignment_B_1_DET01.fits
[1;38;2;49;54;149m    [INFO][0m - [38;2;116;173;209mcalibrations.py:get_scattlight:710[0m - Creating scattered light calibration frame using files: 
[1;38;2;49;54;149m    [INFO][0m - [38;2;116;173;209mcalibrations.py:get_scattlight:712[0m -         KR.20240402.14698.84.fits
[1;38;2;49;54;149m    [INFO][0m - [38;2;116;173;209mcalibrations.py:get_scattlight:712[0m -         KR.20240402.14864.90.fits
[1;38;2;49;54;149m    [INFO][0m - [38;2;116;173;209mcalibrations.py:get_scattlight:712[0m -         KR.20240402.15030.35.fits
[1;38;2;49;54;149m    [INFO][0m - [38;2;116;173;209mcalibrations.py:get_scattlight:712[0m -         KR.20240402.15196.61.fits
[1;38;2;49;54;149m    [INFO][0m - [38;2;116;173;209mcalibrations.py:get_scattlight:712[0m -         KR.20240402.15361.85.fits
[1;38;2;49;54;149m    [INFO][0m - [38;2;116;173;209mcalibrations.py:get_scattlight:712[0m -         KR.20240402.15528.13.fits
[1;38;2;49;54;149m    [INFO][0m - [38;2;116;173;209mkeck_kcwi.py:get_rawimage:1426[0m - Reading KCWI file: /Users/kaiwenzhang/PycharmProjects/KCWI/KCWI_RED_channel_characterization/fits/by_night/RM1/2024-04-01/KR.20240402.14698.84.fits
[1;38;2;49;54;149m    [INFO][0m - [38;2;116;173;209mkeck_kcwi.py:get_rawimage:1426[0m - Reading KCWI file: /Users/kaiwenzhang/PycharmProjects/KCWI/KCWI_RED_channel_characterization/fits/by_night/RM1/2024-04-01/KR.20240402.14698.84.fits
[1;38;2;49;54;149m    [INFO][0m - [38;2;116;173;209mrawimage.py:process:564[0m - Performing basic image processing on KR.20240402.14698.84.fits.
[1;38;2;49;54;149m    [INFO][0m - [38;2;116;173;209mrawimage.py:estimate_readnoise:359[0m - Estimated readnoise of amplifier 1 = 3.843 e-
[1;38;2;49;54;149m    [INFO][0m - [38;2;116;173;209mrawimage.py:estimate_readnoise:359[0m - Estimated readnoise of amplifier 2 = 3.848 e-
[1;38;2;49;54;149m    [INFO][0m - [38;2;116;173;209mkeck_kcwi.py:get_rawimage:1426[0m - Reading KCWI file: /Users/kaiwenzhang/PycharmProjects/KCWI/KCWI_RED_channel_characterization/fits/by_night/RM1/2024-04-01/KR.20240402.14864.90.fits
[1;38;2;49;54;149m    [INFO][0m - [38;2;116;173;209mrawimage.py:process:564[0m - Performing basic image processing on KR.20240402.14864.90.fits.
[1;38;2;49;54;149m    [INFO][0m - [38;2;116;173;209mrawimage.py:estimate_readnoise:359[0m - Estimated readnoise of amplifier 1 = 3.764 e-
[1;38;2;49;54;149m    [INFO][0m - [38;2;116;173;209mrawimage.py:estimate_readnoise:359[0m - Estimated readnoise of amplifier 2 = 3.778 e-
[1;38;2;49;54;149m    [INFO][0m - [38;2;116;173;209mkeck_kcwi.py:get_rawimage:1426[0m - Reading KCWI file: /Users/kaiwenzhang/PycharmProjects/KCWI/KCWI_RED_channel_characterization/fits/by_night/RM1/2024-04-01/KR.20240402.15030.35.fits
[1;38;2;49;54;149m    [INFO][0m - [38;2;116;173;209mrawimage.py:process:564[0m - Performing basic image processing on KR.20240402.15030.35.fits.
[1;38;2;49;54;149m    [INFO][0m - [38;2;116;173;209mrawimage.py:estimate_readnoise:359[0m - Estimated readnoise of amplifier 1 = 3.846 e-
[1;38;2;49;54;149m    [INFO][0m - [38;2;116;173;209mrawimage.py:estimate_readnoise:359[0m - Estimated readnoise of amplifier 2 = 3.846 e-
[1;38;2;49;54;149m    [INFO][0m - [38;2;116;173;209mkeck_kcwi.py:get_rawimage:1426[0m - Reading KCWI file: /Users/kaiwenzhang/PycharmProjects/KCWI/KCWI_RED_channel_characterization/fits/by_night/RM1/2024-04-01/KR.20240402.15196.61.fits
[1;38;2;49;54;149m    [INFO][0m - [38;2;116;173;209mrawimage.py:process:564[0m - Performing basic image processing on KR.20240402.15196.61.fits.
[1;38;2;49;54;149m    [INFO][0m - [38;2;116;173;209mrawimage.py:estimate_readnoise:359[0m - Estimated readnoise of amplifier 1 = 3.758 e-
[1;38;2;49;54;149m    [INFO][0m - [38;2;116;173;209mrawimage.py:estimate_readnoise:359[0m - Estimated readnoise of amplifier 2 = 3.767 e-
[1;38;2;49;54;149m    [INFO][0m - [38;2;116;173;209mkeck_kcwi.py:get_rawimage:1426[0m - Reading KCWI file: /Users/kaiwenzhang/PycharmProjects/KCWI/KCWI_RED_channel_characterization/fits/by_night/RM1/2024-04-01/KR.20240402.15361.85.fits
[1;38;2;49;54;149m    [INFO][0m - [38;2;116;173;209mrawimage.py:process:564[0m - Performing basic image processing on KR.20240402.15361.85.fits.
[1;38;2;49;54;149m    [INFO][0m - [38;2;116;173;209mrawimage.py:estimate_readnoise:359[0m - Estimated readnoise of amplifier 1 = 3.851 e-
[1;38;2;49;54;149m    [INFO][0m - [38;2;116;173;209mrawimage.py:estimate_readnoise:359[0m - Estimated readnoise of amplifier 2 = 3.847 e-
[1;38;2;49;54;149m    [INFO][0m - [38;2;116;173;209mkeck_kcwi.py:get_rawimage:1426[0m - Reading KCWI file: /Users/kaiwenzhang/PycharmProjects/KCWI/KCWI_RED_channel_characterization/fits/by_night/RM1/2024-04-01/KR.20240402.15528.13.fits
[1;38;2;49;54;149m    [INFO][0m - [38;2;116;173;209mrawimage.py:process:564[0m - Performing basic image processing on KR.20240402.15528.13.fits.
[1;38;2;49;54;149m    [INFO][0m - [38;2;116;173;209mrawimage.py:estimate_readnoise:359[0m - Estimated readnoise of amplifier 1 = 3.743 e-
[1;38;2;49;54;149m    [INFO][0m - [38;2;116;173;209mrawimage.py:estimate_readnoise:359[0m - Estimated readnoise of amplifier 2 = 3.777 e-
[1;38;2;253;174;97m [WARNING][0m - [38;2;116;173;209mspectrograph.py:scattered_light_archive:2221[0m - Initial scattered light model parameters have not been setup for grating RM1 of keck_kcrm
[1;38;2;49;54;149m    [INFO][0m - [38;2;116;173;209mutils.py:replace_bad:1503[0m - Replacing bad pixels
[1;38;2;49;54;149m    [INFO][0m - [38;2;116;173;209mscattlight.py:scattered_light:224[0m - Performing a least-squares fit to the scattered light
[1;38;2;49;54;149m    [INFO][0m - [38;2;116;173;209mscattlight.py:scattered_light:231[0m - Generating best-fitting scattered light model
[1;38;2;49;54;149m    [INFO][0m - [38;2;116;173;209mio.py:write_to_fits:670[0m - Compressing file: /Users/kaiwenzhang/PycharmProjects/KCWI/KCWI_RED_channel_characterization/RM1 pypeit run/2024-04-01/pypeit_run/keck_kcrm_B/Calibrations/ScatteredLight_B_1_DET01.fits
[1;38;2;49;54;149m    [INFO][0m - [38;2;116;173;209mio.py:write_to_fits:672[0m - File written to: /Users/kaiwenzhang/PycharmProjects/KCWI/KCWI_RED_channel_characterization/RM1 pypeit run/2024-04-01/pypeit_run/keck_kcrm_B/Calibrations/ScatteredLight_B_1_DET01.fits.gz
[1;38;2;49;54;149m    [INFO][0m - [38;2;116;173;209mkeck_kcwi.py:get_rawimage:1426[0m - Reading KCWI file: /Users/kaiwenzhang/PycharmProjects/KCWI/KCWI_RED_channel_characterization/fits/by_night/RM1/2024-04-01/KR.20240402.14698.84.fits
[1;38;2;49;54;149m    [INFO][0m - [38;2;116;173;209mcalibrations.py:get_flats:888[0m - Creating pixel-flat calibration frame using files: 
[1;38;2;49;54;149m    [INFO][0m - [38;2;116;173;209mcalibrations.py:get_flats:890[0m -         KR.20240402.14698.84.fits
[1;38;2;49;54;149m    [INFO][0m - [38;2;116;173;209mcalibrations.py:get_flats:890[0m -         KR.20240402.14864.90.fits
[1;38;2;49;54;149m    [INFO][0m - [38;2;116;173;209mcalibrations.py:get_flats:890[0m -         KR.20240402.15030.35.fits
[1;38;2;49;54;149m    [INFO][0m - [38;2;116;173;209mcalibrations.py:get_flats:890[0m -         KR.20240402.15196.61.fits
[1;38;2;49;54;149m    [INFO][0m - [38;2;116;173;209mcalibrations.py:get_flats:890[0m -         KR.20240402.15361.85.fits
[1;38;2;49;54;149m    [INFO][0m - [38;2;116;173;209mcalibrations.py:get_flats:890[0m -         KR.20240402.15528.13.fits
[1;38;2;49;54;149m    [INFO][0m - [38;2;116;173;209mkeck_kcwi.py:get_rawimage:1426[0m - Reading KCWI file: /Users/kaiwenzhang/PycharmProjects/KCWI/KCWI_RED_channel_characterization/fits/by_night/RM1/2024-04-01/KR.20240402.14698.84.fits
[1;38;2;49;54;149m    [INFO][0m - [38;2;116;173;209mrawimage.py:process:564[0m - Performing basic image processing on KR.20240402.14698.84.fits.
[1;38;2;49;54;149m    [INFO][0m - [38;2;116;173;209mrawimage.py:estimate_readnoise:359[0m - Estimated readnoise of amplifier 1 = 3.843 e-
[1;38;2;49;54;149m    [INFO][0m - [38;2;116;173;209mrawimage.py:estimate_readnoise:359[0m - Estimated readnoise of amplifier 2 = 3.848 e-
[1;38;2;49;54;149m    [INFO][0m - [38;2;116;173;209mkeck_kcwi.py:get_rawimage:1426[0m - Reading KCWI file: /Users/kaiwenzhang/PycharmProjects/KCWI/KCWI_RED_channel_characterization/fits/by_night/RM1/2024-04-01/KR.20240402.14864.90.fits
[1;38;2;49;54;149m    [INFO][0m - [38;2;116;173;209mrawimage.py:process:564[0m - Performing basic image processing on KR.20240402.14864.90.fits.
[1;38;2;49;54;149m    [INFO][0m - [38;2;116;173;209mrawimage.py:estimate_readnoise:359[0m - Estimated readnoise of amplifier 1 = 3.764 e-
[1;38;2;49;54;149m    [INFO][0m - [38;2;116;173;209mrawimage.py:estimate_readnoise:359[0m - Estimated readnoise of amplifier 2 = 3.778 e-
[1;38;2;49;54;149m    [INFO][0m - [38;2;116;173;209mkeck_kcwi.py:get_rawimage:1426[0m - Reading KCWI file: /Users/kaiwenzhang/PycharmProjects/KCWI/KCWI_RED_channel_characterization/fits/by_night/RM1/2024-04-01/KR.20240402.15030.35.fits
[1;38;2;49;54;149m    [INFO][0m - [38;2;116;173;209mrawimage.py:process:564[0m - Performing basic image processing on KR.20240402.15030.35.fits.
[1;38;2;49;54;149m    [INFO][0m - [38;2;116;173;209mrawimage.py:estimate_readnoise:359[0m - Estimated readnoise of amplifier 1 = 3.846 e-
[1;38;2;49;54;149m    [INFO][0m - [38;2;116;173;209mrawimage.py:estimate_readnoise:359[0m - Estimated readnoise of amplifier 2 = 3.846 e-
[1;38;2;49;54;149m    [INFO][0m - [38;2;116;173;209mkeck_kcwi.py:get_rawimage:1426[0m - Reading KCWI file: /Users/kaiwenzhang/PycharmProjects/KCWI/KCWI_RED_channel_characterization/fits/by_night/RM1/2024-04-01/KR.20240402.15196.61.fits
[1;38;2;49;54;149m    [INFO][0m - [38;2;116;173;209mrawimage.py:process:564[0m - Performing basic image processing on KR.20240402.15196.61.fits.
[1;38;2;49;54;149m    [INFO][0m - [38;2;116;173;209mrawimage.py:estimate_readnoise:359[0m - Estimated readnoise of amplifier 1 = 3.758 e-
[1;38;2;49;54;149m    [INFO][0m - [38;2;116;173;209mrawimage.py:estimate_readnoise:359[0m - Estimated readnoise of amplifier 2 = 3.767 e-
[1;38;2;49;54;149m    [INFO][0m - [38;2;116;173;209mkeck_kcwi.py:get_rawimage:1426[0m - Reading KCWI file: /Users/kaiwenzhang/PycharmProjects/KCWI/KCWI_RED_channel_characterization/fits/by_night/RM1/2024-04-01/KR.20240402.15361.85.fits
[1;38;2;49;54;149m    [INFO][0m - [38;2;116;173;209mrawimage.py:process:564[0m - Performing basic image processing on KR.20240402.15361.85.fits.
[1;38;2;49;54;149m    [INFO][0m - [38;2;116;173;209mrawimage.py:estimate_readnoise:359[0m - Estimated readnoise of amplifier 1 = 3.851 e-
[1;38;2;49;54;149m    [INFO][0m - [38;2;116;173;209mrawimage.py:estimate_readnoise:359[0m - Estimated readnoise of amplifier 2 = 3.847 e-
[1;38;2;49;54;149m    [INFO][0m - [38;2;116;173;209mkeck_kcwi.py:get_rawimage:1426[0m - Reading KCWI file: /Users/kaiwenzhang/PycharmProjects/KCWI/KCWI_RED_channel_characterization/fits/by_night/RM1/2024-04-01/KR.20240402.15528.13.fits
[1;38;2;49;54;149m    [INFO][0m - [38;2;116;173;209mrawimage.py:process:564[0m - Performing basic image processing on KR.20240402.15528.13.fits.
[1;38;2;49;54;149m    [INFO][0m - [38;2;116;173;209mrawimage.py:estimate_readnoise:359[0m - Estimated readnoise of amplifier 1 = 3.743 e-
[1;38;2;49;54;149m    [INFO][0m - [38;2;116;173;209mrawimage.py:estimate_readnoise:359[0m - Estimated readnoise of amplifier 2 = 3.777 e-
[1;38;2;49;54;149m    [INFO][0m - [38;2;116;173;209mflatfield.py:build_waveimg:704[0m - Generating wavelength image
[1;38;2;49;54;149m    [INFO][0m - [38;2;116;173;209mwavetilts.py:fit2tiltimg:143[0m - Generating a tilts image from the fit parameters
[1;38;2;49;54;149m    [INFO][0m - [38;2;116;173;209mflatfield.py:fit:924[0m - Modeling the flat-field response for slit spat_id=121: 1/24
[1;38;2;49;54;149m    [INFO][0m - [38;2;116;173;209mflatfield.py:fit:1008[0m - Spectral fit of flatfield for 553159/577927  pixels in the slit.
[1;38;2;49;54;149m    [INFO][0m - [38;2;116;173;209mfitting.py:bspline_profile:1156[0m - B-spline fit:
[1;38;2;49;54;149m    [INFO][0m - [38;2;116;173;209mfitting.py:bspline_profile:1157[0m -     npoly = 1 profile basis functions
[1;38;2;49;54;149m    [INFO][0m - [38;2;116;173;209mfitting.py:bspline_profile:1158[0m -     ngood = 553159/553159 measurements
[1;38;2;49;54;149m    [INFO][0m - [38;2;116;173;209mfitting.py:bspline_profile:1159[0m - ***************** Iter     Chi^2    N Rej  R. Fac *****************
[1;38;2;49;54;149m    [INFO][0m - [38;2;116;173;209mfitting.py:bspline_profile:1163[0m -                   ----  --------  -------  ------                  
[1;38;2;49;54;149m    [INFO][0m - [38;2;116;173;209mfitting.py:bspline_profile:1257[0m -                      1     0.013       80    1.00                  
[1;38;2;49;54;149m    [INFO][0m - [38;2;116;173;209mfitting.py:bspline_profile:1257[0m -                      2     0.013       98    1.00                  
[1;38;2;49;54;149m    [INFO][0m - [38;2;116;173;209mfitting.py:bspline_profile:1257[0m -                      3     0.013      107    1.00                  
[1;38;2;49;54;149m    [INFO][0m - [38;2;116;173;209mfitting.py:bspline_profile:1257[0m -                      4     0.013      109    1.00                  
[1;38;2;49;54;149m    [INFO][0m - [38;2;116;173;209mfitting.py:bspline_profile:1257[0m -                      5     0.013      109    1.00                  
[1;38;2;49;54;149m    [INFO][0m - [38;2;116;173;209mfitting.py:bspline_profile:1272[0m -                   DONE     0.013      109    1.00                  
[1;38;2;49;54;149m    [INFO][0m - [38;2;116;173;209mfitting.py:bspline_profile:1275[0m - *******************************************************************
[1;38;2;49;54;149m    [INFO][0m - [38;2;116;173;209mflatfield.py:fit:1097[0m - Spatial fit of flatfield for 619207/619207  pixels in the slit.
[1;38;2;49;54;149m    [INFO][0m - [38;2;116;173;209mfitting.py:bspline_profile:1156[0m - B-spline fit:
[1;38;2;49;54;149m    [INFO][0m - [38;2;116;173;209mfitting.py:bspline_profile:1157[0m -     npoly = 1 profile basis functions
[1;38;2;49;54;149m    [INFO][0m - [38;2;116;173;209mfitting.py:bspline_profile:1158[0m -     ngood = 619207/619207 measurements
[1;38;2;49;54;149m    [INFO][0m - [38;2;116;173;209mfitting.py:bspline_profile:1159[0m - ***************** Iter     Chi^2    N Rej  R. Fac *****************
[1;38;2;49;54;149m    [INFO][0m - [38;2;116;173;209mfitting.py:bspline_profile:1163[0m -                   ----  --------  -------  ------                  
[1;38;2;49;54;149m    [INFO][0m - [38;2;116;173;209mfitting.py:bspline_profile:1257[0m -                      1     0.000        0    1.00                  
[1;38;2;49;54;149m    [INFO][0m - [38;2;116;173;209mfitting.py:bspline_profile:1272[0m -                   DONE     0.000        0    1.00                  
[1;38;2;49;54;149m    [INFO][0m - [38;2;116;173;209mfitting.py:bspline_profile:1275[0m - *******************************************************************
[1;38;2;253;174;97m [WARNING][0m - [38;2;116;173;209mflat.py:tweak_slit_edges_gradient:538[0m - Left slit edge shift of 0.7% exceeds the maximum allowed of 0.0%
The left edge will not be tweaked.
[1;38;2;253;174;97m [WARNING][0m - [38;2;116;173;209mflat.py:tweak_slit_edges_gradient:547[0m - Right slit edge shift of -1.0% exceeds the maximum allowed of 0.0%
The right edge will not be tweaked.
[1;38;2;49;54;149m    [INFO][0m - [38;2;116;173;209mfitting.py:bspline_profile:1156[0m - B-spline fit:
[1;38;2;49;54;149m    [INFO][0m - [38;2;116;173;209mfitting.py:bspline_profile:1157[0m -     npoly = 1 profile basis functions
[1;38;2;49;54;149m    [INFO][0m - [38;2;116;173;209mfitting.py:bspline_profile:1158[0m -     ngood = 619207/619207 measurements
[1;38;2;49;54;149m    [INFO][0m - [38;2;116;173;209mfitting.py:bspline_profile:1159[0m - ***************** Iter     Chi^2    N Rej  R. Fac *****************
[1;38;2;49;54;149m    [INFO][0m - [38;2;116;173;209mfitting.py:bspline_profile:1163[0m -                   ----  --------  -------  ------                  
[1;38;2;49;54;149m    [INFO][0m - [38;2;116;173;209mfitting.py:bspline_profile:1257[0m -                      1     0.000        0    1.00                  
[1;38;2;49;54;149m    [INFO][0m - [38;2;116;173;209mfitting.py:bspline_profile:1272[0m -                   DONE     0.000        0    1.00                  
[1;38;2;49;54;149m    [INFO][0m - [38;2;116;173;209mfitting.py:bspline_profile:1275[0m - *******************************************************************
[1;38;2;49;54;149m    [INFO][0m - [38;2;116;173;209mflatfield.py:spatial_fit_finecorr:1477[0m - Performing a fine correction to the spatial illumination (slit 121)
[1;38;2;253;174;97m [WARNING][0m - [38;2;116;173;209mfitting.py:robust_fit:456[0m - Maximum number of iterations maxiter=10 reached in robust_polyfit_djs
[1;38;2;49;54;149m    [INFO][0m - [38;2;116;173;209mflatfield.py:spatillum_finecorr_qa:1966[0m - Generating QA for spatial illumination fine correction
[1;38;2;49;54;149m    [INFO][0m - [38;2;116;173;209mflatfield.py:spatillum_finecorr_qa:2047[0m - Saved QA:
/Users/kaiwenzhang/PycharmProjects/KCWI/KCWI_RED_channel_characterization/RM1 pypeit run/2024-04-01/pypeit_run/keck_kcrm_B/QA/PNGs/Spatillum_FineCorr_B_1_DET01_S0121_spatillum_finecorr.png
[1;38;2;49;54;149m    [INFO][0m - [38;2;116;173;209mflatfield.py:fit:1218[0m - Performing 2D illumination + scattered light flat field fit
[1;38;2;49;54;149m    [INFO][0m - [38;2;116;173;209mfitting.py:bspline_profile:1156[0m - B-spline fit:
[1;38;2;49;54;149m    [INFO][0m - [38;2;116;173;209mfitting.py:bspline_profile:1157[0m -     npoly = 7 profile basis functions
[1;38;2;49;54;149m    [INFO][0m - [38;2;116;173;209mfitting.py:bspline_profile:1158[0m -     ngood = 577722/577927 measurements
[1;38;2;49;54;149m    [INFO][0m - [38;2;116;173;209mfitting.py:bspline_profile:1159[0m - ***************** Iter     Chi^2    N Rej  R. Fac *****************
[1;38;2;49;54;149m    [INFO][0m - [38;2;116;173;209mfitting.py:bspline_profile:1163[0m -                   ----  --------  -------  ------                  
[1;38;2;49;54;149m    [INFO][0m - [38;2;116;173;209mfitting.py:bspline_profile:1257[0m -                      1     1.643     9599    1.00                  
[1;38;2;49;54;149m    [INFO][0m - [38;2;116;173;209mfitting.py:bspline_profile:1257[0m -                      2     0.614    11154    1.00                  
[1;38;2;49;54;149m    [INFO][0m - [38;2;116;173;209mfitting.py:bspline_profile:1257[0m -                      3     0.526    11741    1.00                  
[1;38;2;49;54;149m    [INFO][0m - [38;2;116;173;209mfitting.py:bspline_profile:1257[0m -                      4     0.499    11986    1.00                  
[1;38;2;49;54;149m    [INFO][0m - [38;2;116;173;209mfitting.py:bspline_profile:1257[0m -                      5     0.490    12120    1.00                  
[1;38;2;49;54;149m    [INFO][0m - [38;2;116;173;209mfitting.py:bspline_profile:1257[0m -                      6     0.485    12223    1.00                  
[1;38;2;49;54;149m    [INFO][0m - [38;2;116;173;209mfitting.py:bspline_profile:1257[0m -                      7     0.481    12304    1.00                  
[1;38;2;49;54;149m    [INFO][0m - [38;2;116;173;209mfitting.py:bspline_profile:1257[0m -                      8     0.478    12348    1.00                  
[1;38;2;49;54;149m    [INFO][0m - [38;2;116;173;209mfitting.py:bspline_profile:1257[0m -                      9     0.477    12379    1.00                  
[1;38;2;49;54;149m    [INFO][0m - [38;2;116;173;209mfitting.py:bspline_profile:1257[0m -                     10     0.476    12403    1.00                  
[1;38;2;49;54;149m    [INFO][0m - [38;2;116;173;209mfitting.py:bspline_profile:1257[0m -                     11     0.475    12426    1.00                  
[1;38;2;49;54;149m    [INFO][0m - [38;2;116;173;209mfitting.py:bspline_profile:1257[0m -                     12     0.474    12448    1.00                  
[1;38;2;49;54;149m    [INFO][0m - [38;2;116;173;209mfitting.py:bspline_profile:1257[0m -                     13     0.473    12461    1.00                  
[1;38;2;49;54;149m    [INFO][0m - [38;2;116;173;209mfitting.py:bspline_profile:1257[0m -                     14     0.473    12468    1.00                  
[1;38;2;49;54;149m    [INFO][0m - [38;2;116;173;209mfitting.py:bspline_profile:1257[0m -                     15     0.473    12475    1.00                  
[1;38;2;49;54;149m    [INFO][0m - [38;2;116;173;209mfitting.py:bspline_profile:1257[0m -                     16     0.473    12478    1.00                  
[1;38;2;49;54;149m    [INFO][0m - [38;2;116;173;209mfitting.py:bspline_profile:1257[0m -                     17     0.473    12481    1.00                  
[1;38;2;49;54;149m    [INFO][0m - [38;2;116;173;209mfitting.py:bspline_profile:1257[0m -                     18     0.472    12482    1.00                  
[1;38;2;49;54;149m    [INFO][0m - [38;2;116;173;209mfitting.py:bspline_profile:1257[0m -                     19     0.472    12484    1.00                  
[1;38;2;49;54;149m    [INFO][0m - [38;2;116;173;209mfitting.py:bspline_profile:1257[0m -                     20     0.472    12485    1.00                  
[1;38;2;49;54;149m    [INFO][0m - [38;2;116;173;209mfitting.py:bspline_profile:1257[0m -                     21     0.472    12485    1.00                  
[1;38;2;49;54;149m    [INFO][0m - [38;2;116;173;209mfitting.py:bspline_profile:1272[0m -                   DONE     0.472    12485    1.00                  
[1;38;2;49;54;149m    [INFO][0m - [38;2;116;173;209mfitting.py:bspline_profile:1275[0m - *******************************************************************
[1;38;2;49;54;149m    [INFO][0m - [38;2;116;173;209mflatfield.py:fit:924[0m - Modeling the flat-field response for slit spat_id=280: 2/24
[1;38;2;49;54;149m    [INFO][0m - [38;2;116;173;209mflatfield.py:fit:1008[0m - Spectral fit of flatfield for 553800/578568  pixels in the slit.
[1;38;2;49;54;149m    [INFO][0m - [38;2;116;173;209mfitting.py:bspline_profile:1156[0m - B-spline fit:
[1;38;2;49;54;149m    [INFO][0m - [38;2;116;173;209mfitting.py:bspline_profile:1157[0m -     npoly = 1 profile basis functions
[1;38;2;49;54;149m    [INFO][0m - [38;2;116;173;209mfitting.py:bspline_profile:1158[0m -     ngood = 553800/553800 measurements
[1;38;2;49;54;149m    [INFO][0m - [38;2;116;173;209mfitting.py:bspline_profile:1159[0m - ***************** Iter     Chi^2    N Rej  R. Fac *****************
[1;38;2;49;54;149m    [INFO][0m - [38;2;116;173;209mfitting.py:bspline_profile:1163[0m -                   ----  --------  -------  ------                  
[1;38;2;49;54;149m    [INFO][0m - [38;2;116;173;209mfitting.py:bspline_profile:1257[0m -                      1     0.005       20    1.00                  
[1;38;2;49;54;149m    [INFO][0m - [38;2;116;173;209mfitting.py:bspline_profile:1257[0m -                      2     0.005       25    1.00                  
[1;38;2;49;54;149m    [INFO][0m - [38;2;116;173;209mfitting.py:bspline_profile:1257[0m -                      3     0.005       29    1.00                  
[1;38;2;49;54;149m    [INFO][0m - [38;2;116;173;209mfitting.py:bspline_profile:1257[0m -                      4     0.005       30    1.00                  
[1;38;2;49;54;149m    [INFO][0m - [38;2;116;173;209mfitting.py:bspline_profile:1257[0m -                      5     0.005       30    1.00                  
[1;38;2;49;54;149m    [INFO][0m - [38;2;116;173;209mfitting.py:bspline_profile:1272[0m -                   DONE     0.005       30    1.00                  
[1;38;2;49;54;149m    [INFO][0m - [38;2;116;173;209mfitting.py:bspline_profile:1275[0m - *******************************************************************
[1;38;2;49;54;149m    [INFO][0m - [38;2;116;173;209mflatfield.py:fit:1097[0m - Spatial fit of flatfield for 619848/619848  pixels in the slit.
[1;38;2;49;54;149m    [INFO][0m - [38;2;116;173;209mfitting.py:bspline_profile:1156[0m - B-spline fit:
[1;38;2;49;54;149m    [INFO][0m - [38;2;116;173;209mfitting.py:bspline_profile:1157[0m -     npoly = 1 profile basis functions
[1;38;2;49;54;149m    [INFO][0m - [38;2;116;173;209mfitting.py:bspline_profile:1158[0m -     ngood = 619848/619848 measurements
[1;38;2;49;54;149m    [INFO][0m - [38;2;116;173;209mfitting.py:bspline_profile:1159[0m - ***************** Iter     Chi^2    N Rej  R. Fac *****************
[1;38;2;49;54;149m    [INFO][0m - [38;2;116;173;209mfitting.py:bspline_profile:1163[0m -                   ----  --------  -------  ------                  
[1;38;2;49;54;149m    [INFO][0m - [38;2;116;173;209mfitting.py:bspline_profile:1257[0m -                      1     0.000        0    1.00                  
[1;38;2;49;54;149m    [INFO][0m - [38;2;116;173;209mfitting.py:bspline_profile:1272[0m -                   DONE     0.000        0    1.00                  
[1;38;2;49;54;149m    [INFO][0m - [38;2;116;173;209mfitting.py:bspline_profile:1275[0m - *******************************************************************
[1;38;2;253;174;97m [WARNING][0m - [38;2;116;173;209mflat.py:tweak_slit_edges_gradient:538[0m - Left slit edge shift of 0.7% exceeds the maximum allowed of 0.0%
The left edge will not be tweaked.
[1;38;2;253;174;97m [WARNING][0m - [38;2;116;173;209mflat.py:tweak_slit_edges_gradient:547[0m - Right slit edge shift of -1.0% exceeds the maximum allowed of 0.0%
The right edge will not be tweaked.
[1;38;2;49;54;149m    [INFO][0m - [38;2;116;173;209mfitting.py:bspline_profile:1156[0m - B-spline fit:
[1;38;2;49;54;149m    [INFO][0m - [38;2;116;173;209mfitting.py:bspline_profile:1157[0m -     npoly = 1 profile basis functions
[1;38;2;49;54;149m    [INFO][0m - [38;2;116;173;209mfitting.py:bspline_profile:1158[0m -     ngood = 619848/619848 measurements
[1;38;2;49;54;149m    [INFO][0m - [38;2;116;173;209mfitting.py:bspline_profile:1159[0m - ***************** Iter     Chi^2    N Rej  R. Fac *****************
[1;38;2;49;54;149m    [INFO][0m - [38;2;116;173;209mfitting.py:bspline_profile:1163[0m -                   ----  --------  -------  ------                  
[1;38;2;49;54;149m    [INFO][0m - [38;2;116;173;209mfitting.py:bspline_profile:1257[0m -                      1     0.000        0    1.00                  
[1;38;2;49;54;149m    [INFO][0m - [38;2;116;173;209mfitting.py:bspline_profile:1272[0m -                   DONE     0.000        0    1.00                  
[1;38;2;49;54;149m    [INFO][0m - [38;2;116;173;209mfitting.py:bspline_profile:1275[0m - *******************************************************************
[1;38;2;49;54;149m    [INFO][0m - [38;2;116;173;209mflatfield.py:spatial_fit_finecorr:1477[0m - Performing a fine correction to the spatial illumination (slit 280)
[1;38;2;49;54;149m    [INFO][0m - [38;2;116;173;209mflatfield.py:spatillum_finecorr_qa:1966[0m - Generating QA for spatial illumination fine correction
[1;38;2;49;54;149m    [INFO][0m - [38;2;116;173;209mflatfield.py:spatillum_finecorr_qa:2047[0m - Saved QA:
/Users/kaiwenzhang/PycharmProjects/KCWI/KCWI_RED_channel_characterization/RM1 pypeit run/2024-04-01/pypeit_run/keck_kcrm_B/QA/PNGs/Spatillum_FineCorr_B_1_DET01_S0280_spatillum_finecorr.png
[1;38;2;49;54;149m    [INFO][0m - [38;2;116;173;209mflatfield.py:fit:1218[0m - Performing 2D illumination + scattered light flat field fit
[1;38;2;49;54;149m    [INFO][0m - [38;2;116;173;209mfitting.py:bspline_profile:1156[0m - B-spline fit:
[1;38;2;49;54;149m    [INFO][0m - [38;2;116;173;209mfitting.py:bspline_profile:1157[0m -     npoly = 7 profile basis functions
[1;38;2;49;54;149m    [INFO][0m - [38;2;116;173;209mfitting.py:bspline_profile:1158[0m -     ngood = 578519/578568 measurements
[1;38;2;49;54;149m    [INFO][0m - [38;2;116;173;209mfitting.py:bspline_profile:1159[0m - ***************** Iter     Chi^2    N Rej  R. Fac *****************
[1;38;2;49;54;149m    [INFO][0m - [38;2;116;173;209mfitting.py:bspline_profile:1163[0m -                   ----  --------  -------  ------                  
[1;38;2;49;54;149m    [INFO][0m - [38;2;116;173;209mfitting.py:bspline_profile:1257[0m -                      1     1.472     8305    1.00                  
[1;38;2;49;54;149m    [INFO][0m - [38;2;116;173;209mfitting.py:bspline_profile:1257[0m -                      2     0.611     9964    1.00                  
[1;38;2;49;54;149m    [INFO][0m - [38;2;116;173;209mfitting.py:bspline_profile:1257[0m -                      3     0.509    10475    1.00                  
[1;38;2;49;54;149m    [INFO][0m - [38;2;116;173;209mfitting.py:bspline_profile:1257[0m -                      4     0.487    10681    1.00                  
[1;38;2;49;54;149m    [INFO][0m - [38;2;116;173;209mfitting.py:bspline_profile:1257[0m -                      5     0.480    10786    1.00                  
[1;38;2;49;54;149m    [INFO][0m - [38;2;116;173;209mfitting.py:bspline_profile:1257[0m -                      6     0.477    10849    1.00                  
[1;38;2;49;54;149m    [INFO][0m - [38;2;116;173;209mfitting.py:bspline_profile:1257[0m -                      7     0.475    10903    1.00                  
[1;38;2;49;54;149m    [INFO][0m - [38;2;116;173;209mfitting.py:bspline_profile:1257[0m -                      8     0.473    10946    1.00                  
[1;38;2;49;54;149m    [INFO][0m - [38;2;116;173;209mfitting.py:bspline_profile:1257[0m -                      9     0.472    10977    1.00                  
[1;38;2;49;54;149m    [INFO][0m - [38;2;116;173;209mfitting.py:bspline_profile:1257[0m -                     10     0.471    10996    1.00                  
[1;38;2;49;54;149m    [INFO][0m - [38;2;116;173;209mfitting.py:bspline_profile:1257[0m -                     11     0.470    11020    1.00                  
[1;38;2;49;54;149m    [INFO][0m - [38;2;116;173;209mfitting.py:bspline_profile:1257[0m -                     12     0.470    11038    1.00                  
[1;38;2;49;54;149m    [INFO][0m - [38;2;116;173;209mfitting.py:bspline_profile:1257[0m -                     13     0.469    11047    1.00                  
[1;38;2;49;54;149m    [INFO][0m - [38;2;116;173;209mfitting.py:bspline_profile:1257[0m -                     14     0.469    11052    1.00                  
[1;38;2;49;54;149m    [INFO][0m - [38;2;116;173;209mfitting.py:bspline_profile:1257[0m -                     15     0.469    11057    1.00                  
[1;38;2;49;54;149m    [INFO][0m - [38;2;116;173;209mfitting.py:bspline_profile:1257[0m -                     16     0.469    11061    1.00                  
[1;38;2;49;54;149m    [INFO][0m - [38;2;116;173;209mfitting.py:bspline_profile:1257[0m -                     17     0.468    11065    1.00                  
[1;38;2;49;54;149m    [INFO][0m - [38;2;116;173;209mfitting.py:bspline_profile:1257[0m -                     18     0.468    11066    1.00                  
[1;38;2;49;54;149m    [INFO][0m - [38;2;116;173;209mfitting.py:bspline_profile:1257[0m -                     19     0.468    11067    1.00                  
[1;38;2;49;54;149m    [INFO][0m - [38;2;116;173;209mfitting.py:bspline_profile:1257[0m -                     20     0.468    11068    1.00                  
[1;38;2;49;54;149m    [INFO][0m - [38;2;116;173;209mfitting.py:bspline_profile:1257[0m -                     21     0.468    11068    1.00                  
[1;38;2;49;54;149m    [INFO][0m - [38;2;116;173;209mfitting.py:bspline_profile:1272[0m -                   DONE     0.468    11068    1.00                  
[1;38;2;49;54;149m    [INFO][0m - [38;2;116;173;209mfitting.py:bspline_profile:1275[0m - *******************************************************************
[1;38;2;49;54;149m    [INFO][0m - [38;2;116;173;209mflatfield.py:fit:924[0m - Modeling the flat-field response for slit spat_id=436: 3/24
[1;38;2;49;54;149m    [INFO][0m - [38;2;116;173;209mflatfield.py:fit:1008[0m - Spectral fit of flatfield for 554063/578831  pixels in the slit.
[1;38;2;49;54;149m    [INFO][0m - [38;2;116;173;209mfitting.py:bspline_profile:1156[0m - B-spline fit:
[1;38;2;49;54;149m    [INFO][0m - [38;2;116;173;209mfitting.py:bspline_profile:1157[0m -     npoly = 1 profile basis functions
[1;38;2;49;54;149m    [INFO][0m - [38;2;116;173;209mfitting.py:bspline_profile:1158[0m -     ngood = 554063/554063 measurements
[1;38;2;49;54;149m    [INFO][0m - [38;2;116;173;209mfitting.py:bspline_profile:1159[0m - ***************** Iter     Chi^2    N Rej  R. Fac *****************
[1;38;2;49;54;149m    [INFO][0m - [38;2;116;173;209mfitting.py:bspline_profile:1163[0m -                   ----  --------  -------  ------                  
[1;38;2;49;54;149m    [INFO][0m - [38;2;116;173;209mfitting.py:bspline_profile:1257[0m -                      1     0.012       66    1.00                  
[1;38;2;49;54;149m    [INFO][0m - [38;2;116;173;209mfitting.py:bspline_profile:1257[0m -                      2     0.012       78    1.00                  
[1;38;2;49;54;149m    [INFO][0m - [38;2;116;173;209mfitting.py:bspline_profile:1257[0m -                      3     0.012       84    1.00                  
[1;38;2;49;54;149m    [INFO][0m - [38;2;116;173;209mfitting.py:bspline_profile:1257[0m -                      4     0.012       86    1.00                  
[1;38;2;49;54;149m    [INFO][0m - [38;2;116;173;209mfitting.py:bspline_profile:1257[0m -                      5     0.012       87    1.00                  
[1;38;2;49;54;149m    [INFO][0m - [38;2;116;173;209mfitting.py:bspline_profile:1257[0m -                      6     0.012       88    1.00                  
[1;38;2;49;54;149m    [INFO][0m - [38;2;116;173;209mfitting.py:bspline_profile:1257[0m -                      7     0.012       88    1.00                  
[1;38;2;49;54;149m    [INFO][0m - [38;2;116;173;209mfitting.py:bspline_profile:1272[0m -                   DONE     0.012       88    1.00                  
[1;38;2;49;54;149m    [INFO][0m - [38;2;116;173;209mfitting.py:bspline_profile:1275[0m - *******************************************************************
[1;38;2;49;54;149m    [INFO][0m - [38;2;116;173;209mflatfield.py:fit:1097[0m - Spatial fit of flatfield for 620111/620111  pixels in the slit.
[1;38;2;49;54;149m    [INFO][0m - [38;2;116;173;209mfitting.py:bspline_profile:1156[0m - B-spline fit:
[1;38;2;49;54;149m    [INFO][0m - [38;2;116;173;209mfitting.py:bspline_profile:1157[0m -     npoly = 1 profile basis functions
[1;38;2;49;54;149m    [INFO][0m - [38;2;116;173;209mfitting.py:bspline_profile:1158[0m -     ngood = 620111/620111 measurements
[1;38;2;49;54;149m    [INFO][0m - [38;2;116;173;209mfitting.py:bspline_profile:1159[0m - ***************** Iter     Chi^2    N Rej  R. Fac *****************
[1;38;2;49;54;149m    [INFO][0m - [38;2;116;173;209mfitting.py:bspline_profile:1163[0m -                   ----  --------  -------  ------                  
[1;38;2;49;54;149m    [INFO][0m - [38;2;116;173;209mfitting.py:bspline_profile:1257[0m -                      1     0.000        0    1.00                  
[1;38;2;49;54;149m    [INFO][0m - [38;2;116;173;209mfitting.py:bspline_profile:1272[0m -                   DONE     0.000        0    1.00                  
[1;38;2;49;54;149m    [INFO][0m - [38;2;116;173;209mfitting.py:bspline_profile:1275[0m - *******************************************************************
[1;38;2;253;174;97m [WARNING][0m - [38;2;116;173;209mflat.py:tweak_slit_edges_gradient:538[0m - Left slit edge shift of 0.6% exceeds the maximum allowed of 0.0%
The left edge will not be tweaked.
[1;38;2;253;174;97m [WARNING][0m - [38;2;116;173;209mflat.py:tweak_slit_edges_gradient:547[0m - Right slit edge shift of -1.0% exceeds the maximum allowed of 0.0%
The right edge will not be tweaked.
[1;38;2;49;54;149m    [INFO][0m - [38;2;116;173;209mfitting.py:bspline_profile:1156[0m - B-spline fit:
[1;38;2;49;54;149m    [INFO][0m - [38;2;116;173;209mfitting.py:bspline_profile:1157[0m -     npoly = 1 profile basis functions
[1;38;2;49;54;149m    [INFO][0m - [38;2;116;173;209mfitting.py:bspline_profile:1158[0m -     ngood = 620111/620111 measurements
[1;38;2;49;54;149m    [INFO][0m - [38;2;116;173;209mfitting.py:bspline_profile:1159[0m - ***************** Iter     Chi^2    N Rej  R. Fac *****************
[1;38;2;49;54;149m    [INFO][0m - [38;2;116;173;209mfitting.py:bspline_profile:1163[0m -                   ----  --------  -------  ------                  
[1;38;2;49;54;149m    [INFO][0m - [38;2;116;173;209mfitting.py:bspline_profile:1257[0m -                      1     0.000        0    1.00                  
[1;38;2;49;54;149m    [INFO][0m - [38;2;116;173;209mfitting.py:bspline_profile:1272[0m -                   DONE     0.000        0    1.00                  
[1;38;2;49;54;149m    [INFO][0m - [38;2;116;173;209mfitting.py:bspline_profile:1275[0m - *******************************************************************
[1;38;2;49;54;149m    [INFO][0m - [38;2;116;173;209mflatfield.py:spatial_fit_finecorr:1477[0m - Performing a fine correction to the spatial illumination (slit 436)
[1;38;2;253;174;97m [WARNING][0m - [38;2;116;173;209mfitting.py:robust_fit:456[0m - Maximum number of iterations maxiter=10 reached in robust_polyfit_djs
[1;38;2;49;54;149m    [INFO][0m - [38;2;116;173;209mflatfield.py:spatillum_finecorr_qa:1966[0m - Generating QA for spatial illumination fine correction
[1;38;2;49;54;149m    [INFO][0m - [38;2;116;173;209mflatfield.py:spatillum_finecorr_qa:2047[0m - Saved QA:
/Users/kaiwenzhang/PycharmProjects/KCWI/KCWI_RED_channel_characterization/RM1 pypeit run/2024-04-01/pypeit_run/keck_kcrm_B/QA/PNGs/Spatillum_FineCorr_B_1_DET01_S0436_spatillum_finecorr.png
[1;38;2;49;54;149m    [INFO][0m - [38;2;116;173;209mflatfield.py:fit:1218[0m - Performing 2D illumination + scattered light flat field fit
[1;38;2;49;54;149m    [INFO][0m - [38;2;116;173;209mfitting.py:bspline_profile:1156[0m - B-spline fit:
[1;38;2;49;54;149m    [INFO][0m - [38;2;116;173;209mfitting.py:bspline_profile:1157[0m -     npoly = 7 profile basis functions
[1;38;2;49;54;149m    [INFO][0m - [38;2;116;173;209mfitting.py:bspline_profile:1158[0m -     ngood = 578746/578831 measurements
[1;38;2;49;54;149m    [INFO][0m - [38;2;116;173;209mfitting.py:bspline_profile:1159[0m - ***************** Iter     Chi^2    N Rej  R. Fac *****************
[1;38;2;49;54;149m    [INFO][0m - [38;2;116;173;209mfitting.py:bspline_profile:1163[0m -                   ----  --------  -------  ------                  
[1;38;2;49;54;149m    [INFO][0m - [38;2;116;173;209mfitting.py:bspline_profile:1257[0m -                      1     1.516     9461    1.00                  
[1;38;2;49;54;149m    [INFO][0m - [38;2;116;173;209mfitting.py:bspline_profile:1257[0m -                      2     0.620    11272    1.00                  
[1;38;2;49;54;149m    [INFO][0m - [38;2;116;173;209mfitting.py:bspline_profile:1257[0m -                      3     0.512    11800    1.00                  
[1;38;2;49;54;149m    [INFO][0m - [38;2;116;173;209mfitting.py:bspline_profile:1257[0m -                      4     0.489    12104    1.00                  
[1;38;2;49;54;149m    [INFO][0m - [38;2;116;173;209mfitting.py:bspline_profile:1257[0m -                      5     0.478    12259    1.00                  
[1;38;2;49;54;149m    [INFO][0m - [38;2;116;173;209mfitting.py:bspline_profile:1257[0m -                      6     0.473    12363    1.00                  
[1;38;2;49;54;149m    [INFO][0m - [38;2;116;173;209mfitting.py:bspline_profile:1257[0m -                      7     0.469    12433    1.00                  
[1;38;2;49;54;149m    [INFO][0m - [38;2;116;173;209mfitting.py:bspline_profile:1257[0m -                      8     0.467    12469    1.00                  
[1;38;2;49;54;149m    [INFO][0m - [38;2;116;173;209mfitting.py:bspline_profile:1257[0m -                      9     0.466    12502    1.00                  
[1;38;2;49;54;149m    [INFO][0m - [38;2;116;173;209mfitting.py:bspline_profile:1257[0m -                     10     0.465    12533    1.00                  
[1;38;2;49;54;149m    [INFO][0m - [38;2;116;173;209mfitting.py:bspline_profile:1257[0m -                     11     0.464    12557    1.00                  
[1;38;2;49;54;149m    [INFO][0m - [38;2;116;173;209mfitting.py:bspline_profile:1257[0m -                     12     0.463    12573    1.00                  
[1;38;2;49;54;149m    [INFO][0m - [38;2;116;173;209mfitting.py:bspline_profile:1257[0m -                     13     0.462    12591    1.00                  
[1;38;2;49;54;149m    [INFO][0m - [38;2;116;173;209mfitting.py:bspline_profile:1257[0m -                     14     0.462    12604    1.00                  
[1;38;2;49;54;149m    [INFO][0m - [38;2;116;173;209mfitting.py:bspline_profile:1257[0m -                     15     0.461    12613    1.00                  
[1;38;2;49;54;149m    [INFO][0m - [38;2;116;173;209mfitting.py:bspline_profile:1257[0m -                     16     0.461    12619    1.00                  
[1;38;2;49;54;149m    [INFO][0m - [38;2;116;173;209mfitting.py:bspline_profile:1257[0m -                     17     0.461    12625    1.00                  
[1;38;2;49;54;149m    [INFO][0m - [38;2;116;173;209mfitting.py:bspline_profile:1257[0m -                     18     0.461    12632    1.00                  
[1;38;2;49;54;149m    [INFO][0m - [38;2;116;173;209mfitting.py:bspline_profile:1257[0m -                     19     0.460    12637    1.00                  
[1;38;2;49;54;149m    [INFO][0m - [38;2;116;173;209mfitting.py:bspline_profile:1257[0m -                     20     0.460    12640    1.00                  
[1;38;2;49;54;149m    [INFO][0m - [38;2;116;173;209mfitting.py:bspline_profile:1257[0m -                     21     0.460    12641    1.00                  
[1;38;2;49;54;149m    [INFO][0m - [38;2;116;173;209mfitting.py:bspline_profile:1257[0m -                     22     0.460    12642    1.00                  
[1;38;2;49;54;149m    [INFO][0m - [38;2;116;173;209mfitting.py:bspline_profile:1257[0m -                     23     0.460    12644    1.00                  
[1;38;2;49;54;149m    [INFO][0m - [38;2;116;173;209mfitting.py:bspline_profile:1257[0m -                     24     0.460    12646    1.00                  
[1;38;2;49;54;149m    [INFO][0m - [38;2;116;173;209mfitting.py:bspline_profile:1257[0m -                     25     0.460    12647    1.00                  
[1;38;2;49;54;149m    [INFO][0m - [38;2;116;173;209mfitting.py:bspline_profile:1257[0m -                     26     0.460    12648    1.00                  
[1;38;2;49;54;149m    [INFO][0m - [38;2;116;173;209mfitting.py:bspline_profile:1272[0m -                   DONE     0.460    12648    1.00                  
[1;38;2;49;54;149m    [INFO][0m - [38;2;116;173;209mfitting.py:bspline_profile:1275[0m - *******************************************************************
[1;38;2;49;54;149m    [INFO][0m - [38;2;116;173;209mflatfield.py:fit:924[0m - Modeling the flat-field response for slit spat_id=592: 4/24
[1;38;2;49;54;149m    [INFO][0m - [38;2;116;173;209mflatfield.py:fit:1008[0m - Spectral fit of flatfield for 554507/581117  pixels in the slit.
[1;38;2;49;54;149m    [INFO][0m - [38;2;116;173;209mfitting.py:bspline_profile:1156[0m - B-spline fit:
[1;38;2;49;54;149m    [INFO][0m - [38;2;116;173;209mfitting.py:bspline_profile:1157[0m -     npoly = 1 profile basis functions
[1;38;2;49;54;149m    [INFO][0m - [38;2;116;173;209mfitting.py:bspline_profile:1158[0m -     ngood = 554507/554507 measurements
[1;38;2;49;54;149m    [INFO][0m - [38;2;116;173;209mfitting.py:bspline_profile:1159[0m - ***************** Iter     Chi^2    N Rej  R. Fac *****************
[1;38;2;49;54;149m    [INFO][0m - [38;2;116;173;209mfitting.py:bspline_profile:1163[0m -                   ----  --------  -------  ------                  
[1;38;2;49;54;149m    [INFO][0m - [38;2;116;173;209mfitting.py:bspline_profile:1257[0m -                      1     0.121     1641    1.00                  
[1;38;2;49;54;149m    [INFO][0m - [38;2;116;173;209mfitting.py:bspline_profile:1257[0m -                      2     0.005     1657    1.00                  
[1;38;2;49;54;149m    [INFO][0m - [38;2;116;173;209mfitting.py:bspline_profile:1257[0m -                      3     0.005     1658    1.00                  
[1;38;2;49;54;149m    [INFO][0m - [38;2;116;173;209mfitting.py:bspline_profile:1257[0m -                      4     0.005     1658    1.00                  
[1;38;2;49;54;149m    [INFO][0m - [38;2;116;173;209mfitting.py:bspline_profile:1272[0m -                   DONE     0.005     1658    1.00                  
[1;38;2;49;54;149m    [INFO][0m - [38;2;116;173;209mfitting.py:bspline_profile:1275[0m - *******************************************************************
[1;38;2;49;54;149m    [INFO][0m - [38;2;116;173;209mflatfield.py:fit:1097[0m - Spatial fit of flatfield for 619760/621602  pixels in the slit.
[1;38;2;49;54;149m    [INFO][0m - [38;2;116;173;209mfitting.py:bspline_profile:1156[0m - B-spline fit:
[1;38;2;49;54;149m    [INFO][0m - [38;2;116;173;209mfitting.py:bspline_profile:1157[0m -     npoly = 1 profile basis functions
[1;38;2;49;54;149m    [INFO][0m - [38;2;116;173;209mfitting.py:bspline_profile:1158[0m -     ngood = 619760/619760 measurements
[1;38;2;49;54;149m    [INFO][0m - [38;2;116;173;209mfitting.py:bspline_profile:1159[0m - ***************** Iter     Chi^2    N Rej  R. Fac *****************
[1;38;2;49;54;149m    [INFO][0m - [38;2;116;173;209mfitting.py:bspline_profile:1163[0m -                   ----  --------  -------  ------                  
[1;38;2;49;54;149m    [INFO][0m - [38;2;116;173;209mfitting.py:bspline_profile:1257[0m -                      1     0.000        0    1.00                  
[1;38;2;49;54;149m    [INFO][0m - [38;2;116;173;209mfitting.py:bspline_profile:1272[0m -                   DONE     0.000        0    1.00                  
[1;38;2;49;54;149m    [INFO][0m - [38;2;116;173;209mfitting.py:bspline_profile:1275[0m - *******************************************************************
[1;38;2;253;174;97m [WARNING][0m - [38;2;116;173;209mflat.py:tweak_slit_edges_gradient:538[0m - Left slit edge shift of 0.7% exceeds the maximum allowed of 0.0%
The left edge will not be tweaked.
[1;38;2;253;174;97m [WARNING][0m - [38;2;116;173;209mflat.py:tweak_slit_edges_gradient:547[0m - Right slit edge shift of -1.2% exceeds the maximum allowed of 0.0%
The right edge will not be tweaked.
[1;38;2;49;54;149m    [INFO][0m - [38;2;116;173;209mfitting.py:bspline_profile:1156[0m - B-spline fit:
[1;38;2;49;54;149m    [INFO][0m - [38;2;116;173;209mfitting.py:bspline_profile:1157[0m -     npoly = 1 profile basis functions
[1;38;2;49;54;149m    [INFO][0m - [38;2;116;173;209mfitting.py:bspline_profile:1158[0m -     ngood = 619760/619760 measurements
[1;38;2;49;54;149m    [INFO][0m - [38;2;116;173;209mfitting.py:bspline_profile:1159[0m - ***************** Iter     Chi^2    N Rej  R. Fac *****************
[1;38;2;49;54;149m    [INFO][0m - [38;2;116;173;209mfitting.py:bspline_profile:1163[0m -                   ----  --------  -------  ------                  
[1;38;2;49;54;149m    [INFO][0m - [38;2;116;173;209mfitting.py:bspline_profile:1257[0m -                      1     0.000        0    1.00                  
[1;38;2;49;54;149m    [INFO][0m - [38;2;116;173;209mfitting.py:bspline_profile:1272[0m -                   DONE     0.000        0    1.00                  
[1;38;2;49;54;149m    [INFO][0m - [38;2;116;173;209mfitting.py:bspline_profile:1275[0m - *******************************************************************
[1;38;2;49;54;149m    [INFO][0m - [38;2;116;173;209mflatfield.py:spatial_fit_finecorr:1477[0m - Performing a fine correction to the spatial illumination (slit 592)
[1;38;2;253;174;97m [WARNING][0m - [38;2;116;173;209mfitting.py:robust_fit:456[0m - Maximum number of iterations maxiter=10 reached in robust_polyfit_djs
[1;38;2;49;54;149m    [INFO][0m - [38;2;116;173;209mflatfield.py:spatillum_finecorr_qa:1966[0m - Generating QA for spatial illumination fine correction
[1;38;2;49;54;149m    [INFO][0m - [38;2;116;173;209mflatfield.py:spatillum_finecorr_qa:2047[0m - Saved QA:
/Users/kaiwenzhang/PycharmProjects/KCWI/KCWI_RED_channel_characterization/RM1 pypeit run/2024-04-01/pypeit_run/keck_kcrm_B/QA/PNGs/Spatillum_FineCorr_B_1_DET01_S0592_spatillum_finecorr.png
[1;38;2;49;54;149m    [INFO][0m - [38;2;116;173;209mflatfield.py:fit:1218[0m - Performing 2D illumination + scattered light flat field fit
[1;38;2;49;54;149m    [INFO][0m - [38;2;116;173;209mfitting.py:bspline_profile:1156[0m - B-spline fit:
[1;38;2;49;54;149m    [INFO][0m - [38;2;116;173;209mfitting.py:bspline_profile:1157[0m -     npoly = 7 profile basis functions
[1;38;2;49;54;149m    [INFO][0m - [38;2;116;173;209mfitting.py:bspline_profile:1158[0m -     ngood = 571904/581117 measurements
[1;38;2;49;54;149m    [INFO][0m - [38;2;116;173;209mfitting.py:bspline_profile:1159[0m - ***************** Iter     Chi^2    N Rej  R. Fac *****************
[1;38;2;49;54;149m    [INFO][0m - [38;2;116;173;209mfitting.py:bspline_profile:1163[0m -                   ----  --------  -------  ------                  
[1;38;2;49;54;149m    [INFO][0m - [38;2;116;173;209mfitting.py:bspline_profile:1257[0m -                      1     3.151    26624    1.00                  
[1;38;2;49;54;149m    [INFO][0m - [38;2;116;173;209mfitting.py:bspline_profile:1257[0m -                      2     0.631    28950    1.00                  
[1;38;2;49;54;149m    [INFO][0m - [38;2;116;173;209mfitting.py:bspline_profile:1257[0m -                      3     0.480    29846    1.00                  
[1;38;2;49;54;149m    [INFO][0m - [38;2;116;173;209mfitting.py:bspline_profile:1257[0m -                      4     0.431    30182    1.00                  
[1;38;2;49;54;149m    [INFO][0m - [38;2;116;173;209mfitting.py:bspline_profile:1257[0m -                      5     0.417    30372    1.00                  
[1;38;2;49;54;149m    [INFO][0m - [38;2;116;173;209mfitting.py:bspline_profile:1257[0m -                      6     0.409    30500    1.00                  
[1;38;2;49;54;149m    [INFO][0m - [38;2;116;173;209mfitting.py:bspline_profile:1257[0m -                      7     0.404    30590    1.00                  
[1;38;2;49;54;149m    [INFO][0m - [38;2;116;173;209mfitting.py:bspline_profile:1257[0m -                      8     0.401    30657    1.00                  
[1;38;2;49;54;149m    [INFO][0m - [38;2;116;173;209mfitting.py:bspline_profile:1257[0m -                      9     0.399    30693    1.00                  
[1;38;2;49;54;149m    [INFO][0m - [38;2;116;173;209mfitting.py:bspline_profile:1257[0m -                     10     0.398    30724    1.00                  
[1;38;2;49;54;149m    [INFO][0m - [38;2;116;173;209mfitting.py:bspline_profile:1257[0m -                     11     0.397    30757    1.00                  
[1;38;2;49;54;149m    [INFO][0m - [38;2;116;173;209mfitting.py:bspline_profile:1257[0m -                     12     0.395    30787    1.00                  
[1;38;2;49;54;149m    [INFO][0m - [38;2;116;173;209mfitting.py:bspline_profile:1257[0m -                     13     0.394    30813    1.00                  
[1;38;2;49;54;149m    [INFO][0m - [38;2;116;173;209mfitting.py:bspline_profile:1257[0m -                     14     0.393    30826    1.00                  
[1;38;2;49;54;149m    [INFO][0m - [38;2;116;173;209mfitting.py:bspline_profile:1257[0m -                     15     0.393    30838    1.00                  
[1;38;2;49;54;149m    [INFO][0m - [38;2;116;173;209mfitting.py:bspline_profile:1257[0m -                     16     0.393    30849    1.00                  
[1;38;2;49;54;149m    [INFO][0m - [38;2;116;173;209mfitting.py:bspline_profile:1257[0m -                     17     0.392    30859    1.00                  
[1;38;2;49;54;149m    [INFO][0m - [38;2;116;173;209mfitting.py:bspline_profile:1257[0m -                     18     0.392    30867    1.00                  
[1;38;2;49;54;149m    [INFO][0m - [38;2;116;173;209mfitting.py:bspline_profile:1257[0m -                     19     0.392    30873    1.00                  
[1;38;2;49;54;149m    [INFO][0m - [38;2;116;173;209mfitting.py:bspline_profile:1257[0m -                     20     0.391    30879    1.00                  
[1;38;2;49;54;149m    [INFO][0m - [38;2;116;173;209mfitting.py:bspline_profile:1257[0m -                     21     0.391    30885    1.00                  
[1;38;2;49;54;149m    [INFO][0m - [38;2;116;173;209mfitting.py:bspline_profile:1257[0m -                     22     0.391    30887    1.00                  
[1;38;2;49;54;149m    [INFO][0m - [38;2;116;173;209mfitting.py:bspline_profile:1257[0m -                     23     0.391    30889    1.00                  
[1;38;2;49;54;149m    [INFO][0m - [38;2;116;173;209mfitting.py:bspline_profile:1257[0m -                     24     0.391    30889    1.00                  
[1;38;2;49;54;149m    [INFO][0m - [38;2;116;173;209mfitting.py:bspline_profile:1272[0m -                   DONE     0.391    30889    1.00                  
[1;38;2;49;54;149m    [INFO][0m - [38;2;116;173;209mfitting.py:bspline_profile:1275[0m - *******************************************************************
[1;38;2;49;54;149m    [INFO][0m - [38;2;116;173;209mflatfield.py:fit:924[0m - Modeling the flat-field response for slit spat_id=743: 5/24
[1;38;2;49;54;149m    [INFO][0m - [38;2;116;173;209mflatfield.py:fit:1008[0m - Spectral fit of flatfield for 554391/579159  pixels in the slit.
[1;38;2;49;54;149m    [INFO][0m - [38;2;116;173;209mfitting.py:bspline_profile:1156[0m - B-spline fit:
[1;38;2;49;54;149m    [INFO][0m - [38;2;116;173;209mfitting.py:bspline_profile:1157[0m -     npoly = 1 profile basis functions
[1;38;2;49;54;149m    [INFO][0m - [38;2;116;173;209mfitting.py:bspline_profile:1158[0m -     ngood = 554391/554391 measurements
[1;38;2;49;54;149m    [INFO][0m - [38;2;116;173;209mfitting.py:bspline_profile:1159[0m - ***************** Iter     Chi^2    N Rej  R. Fac *****************
[1;38;2;49;54;149m    [INFO][0m - [38;2;116;173;209mfitting.py:bspline_profile:1163[0m -                   ----  --------  -------  ------                  
[1;38;2;49;54;149m    [INFO][0m - [38;2;116;173;209mfitting.py:bspline_profile:1257[0m -                      1     0.011       42    1.00                  
[1;38;2;49;54;149m    [INFO][0m - [38;2;116;173;209mfitting.py:bspline_profile:1257[0m -                      2     0.011       48    1.00                  
[1;38;2;49;54;149m    [INFO][0m - [38;2;116;173;209mfitting.py:bspline_profile:1257[0m -                      3     0.011       50    1.00                  
[1;38;2;49;54;149m    [INFO][0m - [38;2;116;173;209mfitting.py:bspline_profile:1257[0m -                      4     0.011       51    1.00                  
[1;38;2;49;54;149m    [INFO][0m - [38;2;116;173;209mfitting.py:bspline_profile:1257[0m -                      5     0.011       51    1.00                  
[1;38;2;49;54;149m    [INFO][0m - [38;2;116;173;209mfitting.py:bspline_profile:1272[0m -                   DONE     0.011       51    1.00                  
[1;38;2;49;54;149m    [INFO][0m - [38;2;116;173;209mfitting.py:bspline_profile:1275[0m - *******************************************************************
[1;38;2;49;54;149m    [INFO][0m - [38;2;116;173;209mflatfield.py:fit:1097[0m - Spatial fit of flatfield for 617706/617706  pixels in the slit.
[1;38;2;49;54;149m    [INFO][0m - [38;2;116;173;209mfitting.py:bspline_profile:1156[0m - B-spline fit:
[1;38;2;49;54;149m    [INFO][0m - [38;2;116;173;209mfitting.py:bspline_profile:1157[0m -     npoly = 1 profile basis functions
[1;38;2;49;54;149m    [INFO][0m - [38;2;116;173;209mfitting.py:bspline_profile:1158[0m -     ngood = 617706/617706 measurements
[1;38;2;49;54;149m    [INFO][0m - [38;2;116;173;209mfitting.py:bspline_profile:1159[0m - ***************** Iter     Chi^2    N Rej  R. Fac *****************
[1;38;2;49;54;149m    [INFO][0m - [38;2;116;173;209mfitting.py:bspline_profile:1163[0m -                   ----  --------  -------  ------                  
[1;38;2;49;54;149m    [INFO][0m - [38;2;116;173;209mfitting.py:bspline_profile:1257[0m -                      1     0.000        0    1.00                  
[1;38;2;49;54;149m    [INFO][0m - [38;2;116;173;209mfitting.py:bspline_profile:1272[0m -                   DONE     0.000        0    1.00                  
[1;38;2;49;54;149m    [INFO][0m - [38;2;116;173;209mfitting.py:bspline_profile:1275[0m - *******************************************************************
[1;38;2;253;174;97m [WARNING][0m - [38;2;116;173;209mflat.py:tweak_slit_edges_gradient:538[0m - Left slit edge shift of 0.7% exceeds the maximum allowed of 0.0%
The left edge will not be tweaked.
[1;38;2;253;174;97m [WARNING][0m - [38;2;116;173;209mflat.py:tweak_slit_edges_gradient:547[0m - Right slit edge shift of -0.9% exceeds the maximum allowed of 0.0%
The right edge will not be tweaked.
[1;38;2;49;54;149m    [INFO][0m - [38;2;116;173;209mfitting.py:bspline_profile:1156[0m - B-spline fit:
[1;38;2;49;54;149m    [INFO][0m - [38;2;116;173;209mfitting.py:bspline_profile:1157[0m -     npoly = 1 profile basis functions
[1;38;2;49;54;149m    [INFO][0m - [38;2;116;173;209mfitting.py:bspline_profile:1158[0m -     ngood = 617706/617706 measurements
[1;38;2;49;54;149m    [INFO][0m - [38;2;116;173;209mfitting.py:bspline_profile:1159[0m - ***************** Iter     Chi^2    N Rej  R. Fac *****************
[1;38;2;49;54;149m    [INFO][0m - [38;2;116;173;209mfitting.py:bspline_profile:1163[0m -                   ----  --------  -------  ------                  
[1;38;2;49;54;149m    [INFO][0m - [38;2;116;173;209mfitting.py:bspline_profile:1257[0m -                      1     0.000        0    1.00                  
[1;38;2;49;54;149m    [INFO][0m - [38;2;116;173;209mfitting.py:bspline_profile:1272[0m -                   DONE     0.000        0    1.00                  
[1;38;2;49;54;149m    [INFO][0m - [38;2;116;173;209mfitting.py:bspline_profile:1275[0m - *******************************************************************
[1;38;2;49;54;149m    [INFO][0m - [38;2;116;173;209mflatfield.py:spatial_fit_finecorr:1477[0m - Performing a fine correction to the spatial illumination (slit 743)
[1;38;2;253;174;97m [WARNING][0m - [38;2;116;173;209mfitting.py:robust_fit:456[0m - Maximum number of iterations maxiter=10 reached in robust_polyfit_djs
[1;38;2;49;54;149m    [INFO][0m - [38;2;116;173;209mflatfield.py:spatillum_finecorr_qa:1966[0m - Generating QA for spatial illumination fine correction
[1;38;2;49;54;149m    [INFO][0m - [38;2;116;173;209mflatfield.py:spatillum_finecorr_qa:2047[0m - Saved QA:
/Users/kaiwenzhang/PycharmProjects/KCWI/KCWI_RED_channel_characterization/RM1 pypeit run/2024-04-01/pypeit_run/keck_kcrm_B/QA/PNGs/Spatillum_FineCorr_B_1_DET01_S0743_spatillum_finecorr.png
[1;38;2;49;54;149m    [INFO][0m - [38;2;116;173;209mflatfield.py:fit:1218[0m - Performing 2D illumination + scattered light flat field fit
[1;38;2;49;54;149m    [INFO][0m - [38;2;116;173;209mfitting.py:bspline_profile:1156[0m - B-spline fit:
[1;38;2;49;54;149m    [INFO][0m - [38;2;116;173;209mfitting.py:bspline_profile:1157[0m -     npoly = 7 profile basis functions
[1;38;2;49;54;149m    [INFO][0m - [38;2;116;173;209mfitting.py:bspline_profile:1158[0m -     ngood = 579028/579159 measurements
[1;38;2;49;54;149m    [INFO][0m - [38;2;116;173;209mfitting.py:bspline_profile:1159[0m - ***************** Iter     Chi^2    N Rej  R. Fac *****************
[1;38;2;49;54;149m    [INFO][0m - [38;2;116;173;209mfitting.py:bspline_profile:1163[0m -                   ----  --------  -------  ------                  
[1;38;2;49;54;149m    [INFO][0m - [38;2;116;173;209mfitting.py:bspline_profile:1257[0m -                      1     1.607     9197    1.00                  
[1;38;2;49;54;149m    [INFO][0m - [38;2;116;173;209mfitting.py:bspline_profile:1257[0m -                      2     0.617    11146    1.00                  
[1;38;2;49;54;149m    [INFO][0m - [38;2;116;173;209mfitting.py:bspline_profile:1257[0m -                      3     0.505    11948    1.00                  
[1;38;2;49;54;149m    [INFO][0m - [38;2;116;173;209mfitting.py:bspline_profile:1257[0m -                      4     0.467    12305    1.00                  
[1;38;2;49;54;149m    [INFO][0m - [38;2;116;173;209mfitting.py:bspline_profile:1257[0m -                      5     0.453    12496    1.00                  
[1;38;2;49;54;149m    [INFO][0m - [38;2;116;173;209mfitting.py:bspline_profile:1257[0m -                      6     0.446    12617    1.00                  
[1;38;2;49;54;149m    [INFO][0m - [38;2;116;173;209mfitting.py:bspline_profile:1257[0m -                      7     0.442    12694    1.00                  
[1;38;2;49;54;149m    [INFO][0m - [38;2;116;173;209mfitting.py:bspline_profile:1257[0m -                      8     0.440    12752    1.00                  
[1;38;2;49;54;149m    [INFO][0m - [38;2;116;173;209mfitting.py:bspline_profile:1257[0m -                      9     0.438    12787    1.00                  
[1;38;2;49;54;149m    [INFO][0m - [38;2;116;173;209mfitting.py:bspline_profile:1257[0m -                     10     0.437    12814    1.00                  
[1;38;2;49;54;149m    [INFO][0m - [38;2;116;173;209mfitting.py:bspline_profile:1257[0m -                     11     0.436    12831    1.00                  
[1;38;2;49;54;149m    [INFO][0m - [38;2;116;173;209mfitting.py:bspline_profile:1257[0m -                     12     0.435    12854    1.00                  
[1;38;2;49;54;149m    [INFO][0m - [38;2;116;173;209mfitting.py:bspline_profile:1257[0m -                     13     0.435    12881    1.00                  
[1;38;2;49;54;149m    [INFO][0m - [38;2;116;173;209mfitting.py:bspline_profile:1257[0m -                     14     0.434    12903    1.00                  
[1;38;2;49;54;149m    [INFO][0m - [38;2;116;173;209mfitting.py:bspline_profile:1257[0m -                     15     0.433    12919    1.00                  
[1;38;2;49;54;149m    [INFO][0m - [38;2;116;173;209mfitting.py:bspline_profile:1257[0m -                     16     0.432    12929    1.00                  
[1;38;2;49;54;149m    [INFO][0m - [38;2;116;173;209mfitting.py:bspline_profile:1257[0m -                     17     0.432    12937    1.00                  
[1;38;2;49;54;149m    [INFO][0m - [38;2;116;173;209mfitting.py:bspline_profile:1257[0m -                     18     0.432    12942    1.00                  
[1;38;2;49;54;149m    [INFO][0m - [38;2;116;173;209mfitting.py:bspline_profile:1257[0m -                     19     0.432    12950    1.00                  
[1;38;2;49;54;149m    [INFO][0m - [38;2;116;173;209mfitting.py:bspline_profile:1257[0m -                     20     0.431    12960    1.00                  
[1;38;2;49;54;149m    [INFO][0m - [38;2;116;173;209mfitting.py:bspline_profile:1257[0m -                     21     0.431    12969    1.00                  
[1;38;2;49;54;149m    [INFO][0m - [38;2;116;173;209mfitting.py:bspline_profile:1257[0m -                     22     0.431    12975    1.00                  
[1;38;2;49;54;149m    [INFO][0m - [38;2;116;173;209mfitting.py:bspline_profile:1257[0m -                     23     0.431    12977    1.00                  
[1;38;2;49;54;149m    [INFO][0m - [38;2;116;173;209mfitting.py:bspline_profile:1257[0m -                     24     0.431    12980    1.00                  
[1;38;2;49;54;149m    [INFO][0m - [38;2;116;173;209mfitting.py:bspline_profile:1257[0m -                     25     0.430    12983    1.00                  
[1;38;2;49;54;149m    [INFO][0m - [38;2;116;173;209mfitting.py:bspline_profile:1257[0m -                     26     0.430    12987    1.00                  
[1;38;2;49;54;149m    [INFO][0m - [38;2;116;173;209mfitting.py:bspline_profile:1272[0m -                   DONE     0.430    12987    1.00                  
[1;38;2;49;54;149m    [INFO][0m - [38;2;116;173;209mfitting.py:bspline_profile:1275[0m - *******************************************************************
[1;38;2;49;54;149m    [INFO][0m - [38;2;116;173;209mflatfield.py:fit:924[0m - Modeling the flat-field response for slit spat_id=893: 6/24
[1;38;2;49;54;149m    [INFO][0m - [38;2;116;173;209mflatfield.py:fit:1008[0m - Spectral fit of flatfield for 554796/579564  pixels in the slit.
[1;38;2;49;54;149m    [INFO][0m - [38;2;116;173;209mfitting.py:bspline_profile:1156[0m - B-spline fit:
[1;38;2;49;54;149m    [INFO][0m - [38;2;116;173;209mfitting.py:bspline_profile:1157[0m -     npoly = 1 profile basis functions
[1;38;2;49;54;149m    [INFO][0m - [38;2;116;173;209mfitting.py:bspline_profile:1158[0m -     ngood = 554796/554796 measurements
[1;38;2;49;54;149m    [INFO][0m - [38;2;116;173;209mfitting.py:bspline_profile:1159[0m - ***************** Iter     Chi^2    N Rej  R. Fac *****************
[1;38;2;49;54;149m    [INFO][0m - [38;2;116;173;209mfitting.py:bspline_profile:1163[0m -                   ----  --------  -------  ------                  
[1;38;2;49;54;149m    [INFO][0m - [38;2;116;173;209mfitting.py:bspline_profile:1257[0m -                      1     0.005       36    1.00                  
[1;38;2;49;54;149m    [INFO][0m - [38;2;116;173;209mfitting.py:bspline_profile:1257[0m -                      2     0.004       39    1.00                  
[1;38;2;49;54;149m    [INFO][0m - [38;2;116;173;209mfitting.py:bspline_profile:1257[0m -                      3     0.004       41    1.00                  
[1;38;2;49;54;149m    [INFO][0m - [38;2;116;173;209mfitting.py:bspline_profile:1257[0m -                      4     0.004       41    1.00                  
[1;38;2;49;54;149m    [INFO][0m - [38;2;116;173;209mfitting.py:bspline_profile:1272[0m -                   DONE     0.004       41    1.00                  
[1;38;2;49;54;149m    [INFO][0m - [38;2;116;173;209mfitting.py:bspline_profile:1275[0m - *******************************************************************
[1;38;2;49;54;149m    [INFO][0m - [38;2;116;173;209mflatfield.py:fit:1097[0m - Spatial fit of flatfield for 610551/610551  pixels in the slit.
[1;38;2;49;54;149m    [INFO][0m - [38;2;116;173;209mfitting.py:bspline_profile:1156[0m - B-spline fit:
[1;38;2;49;54;149m    [INFO][0m - [38;2;116;173;209mfitting.py:bspline_profile:1157[0m -     npoly = 1 profile basis functions
[1;38;2;49;54;149m    [INFO][0m - [38;2;116;173;209mfitting.py:bspline_profile:1158[0m -     ngood = 610551/610551 measurements
[1;38;2;49;54;149m    [INFO][0m - [38;2;116;173;209mfitting.py:bspline_profile:1159[0m - ***************** Iter     Chi^2    N Rej  R. Fac *****************
[1;38;2;49;54;149m    [INFO][0m - [38;2;116;173;209mfitting.py:bspline_profile:1163[0m -                   ----  --------  -------  ------                  
[1;38;2;49;54;149m    [INFO][0m - [38;2;116;173;209mfitting.py:bspline_profile:1257[0m -                      1     0.000        0    1.00                  
[1;38;2;49;54;149m    [INFO][0m - [38;2;116;173;209mfitting.py:bspline_profile:1272[0m -                   DONE     0.000        0    1.00                  
[1;38;2;49;54;149m    [INFO][0m - [38;2;116;173;209mfitting.py:bspline_profile:1275[0m - *******************************************************************
[1;38;2;253;174;97m [WARNING][0m - [38;2;116;173;209mflat.py:tweak_slit_edges_gradient:538[0m - Left slit edge shift of 0.8% exceeds the maximum allowed of 0.0%
The left edge will not be tweaked.
[1;38;2;253;174;97m [WARNING][0m - [38;2;116;173;209mflat.py:tweak_slit_edges_gradient:547[0m - Right slit edge shift of -0.8% exceeds the maximum allowed of 0.0%
The right edge will not be tweaked.
[1;38;2;49;54;149m    [INFO][0m - [38;2;116;173;209mfitting.py:bspline_profile:1156[0m - B-spline fit:
[1;38;2;49;54;149m    [INFO][0m - [38;2;116;173;209mfitting.py:bspline_profile:1157[0m -     npoly = 1 profile basis functions
[1;38;2;49;54;149m    [INFO][0m - [38;2;116;173;209mfitting.py:bspline_profile:1158[0m -     ngood = 610551/610551 measurements
[1;38;2;49;54;149m    [INFO][0m - [38;2;116;173;209mfitting.py:bspline_profile:1159[0m - ***************** Iter     Chi^2    N Rej  R. Fac *****************
[1;38;2;49;54;149m    [INFO][0m - [38;2;116;173;209mfitting.py:bspline_profile:1163[0m -                   ----  --------  -------  ------                  
[1;38;2;49;54;149m    [INFO][0m - [38;2;116;173;209mfitting.py:bspline_profile:1257[0m -                      1     0.000        0    1.00                  
[1;38;2;49;54;149m    [INFO][0m - [38;2;116;173;209mfitting.py:bspline_profile:1272[0m -                   DONE     0.000        0    1.00                  
[1;38;2;49;54;149m    [INFO][0m - [38;2;116;173;209mfitting.py:bspline_profile:1275[0m - *******************************************************************
[1;38;2;49;54;149m    [INFO][0m - [38;2;116;173;209mflatfield.py:spatial_fit_finecorr:1477[0m - Performing a fine correction to the spatial illumination (slit 893)
[1;38;2;253;174;97m [WARNING][0m - [38;2;116;173;209mfitting.py:robust_fit:456[0m - Maximum number of iterations maxiter=10 reached in robust_polyfit_djs
[1;38;2;49;54;149m    [INFO][0m - [38;2;116;173;209mflatfield.py:spatillum_finecorr_qa:1966[0m - Generating QA for spatial illumination fine correction
[1;38;2;49;54;149m    [INFO][0m - [38;2;116;173;209mflatfield.py:spatillum_finecorr_qa:2047[0m - Saved QA:
/Users/kaiwenzhang/PycharmProjects/KCWI/KCWI_RED_channel_characterization/RM1 pypeit run/2024-04-01/pypeit_run/keck_kcrm_B/QA/PNGs/Spatillum_FineCorr_B_1_DET01_S0893_spatillum_finecorr.png
[1;38;2;49;54;149m    [INFO][0m - [38;2;116;173;209mflatfield.py:fit:1218[0m - Performing 2D illumination + scattered light flat field fit
[1;38;2;49;54;149m    [INFO][0m - [38;2;116;173;209mfitting.py:bspline_profile:1156[0m - B-spline fit:
[1;38;2;49;54;149m    [INFO][0m - [38;2;116;173;209mfitting.py:bspline_profile:1157[0m -     npoly = 7 profile basis functions
[1;38;2;49;54;149m    [INFO][0m - [38;2;116;173;209mfitting.py:bspline_profile:1158[0m -     ngood = 579481/579564 measurements
[1;38;2;49;54;149m    [INFO][0m - [38;2;116;173;209mfitting.py:bspline_profile:1159[0m - ***************** Iter     Chi^2    N Rej  R. Fac *****************
[1;38;2;49;54;149m    [INFO][0m - [38;2;116;173;209mfitting.py:bspline_profile:1163[0m -                   ----  --------  -------  ------                  
[1;38;2;49;54;149m    [INFO][0m - [38;2;116;173;209mfitting.py:bspline_profile:1257[0m -                      1     1.148     6220    1.00                  
[1;38;2;49;54;149m    [INFO][0m - [38;2;116;173;209mfitting.py:bspline_profile:1257[0m -                      2     0.538     7645    1.00                  
[1;38;2;49;54;149m    [INFO][0m - [38;2;116;173;209mfitting.py:bspline_profile:1257[0m -                      3     0.472     8339    1.00                  
[1;38;2;49;54;149m    [INFO][0m - [38;2;116;173;209mfitting.py:bspline_profile:1257[0m -                      4     0.445     8649    1.00                  
[1;38;2;49;54;149m    [INFO][0m - [38;2;116;173;209mfitting.py:bspline_profile:1257[0m -                      5     0.434     8815    1.00                  
[1;38;2;49;54;149m    [INFO][0m - [38;2;116;173;209mfitting.py:bspline_profile:1257[0m -                      6     0.428     8915    1.00                  
[1;38;2;49;54;149m    [INFO][0m - [38;2;116;173;209mfitting.py:bspline_profile:1257[0m -                      7     0.424     8971    1.00                  
[1;38;2;49;54;149m    [INFO][0m - [38;2;116;173;209mfitting.py:bspline_profile:1257[0m -                      8     0.422     9005    1.00                  
[1;38;2;49;54;149m    [INFO][0m - [38;2;116;173;209mfitting.py:bspline_profile:1257[0m -                      9     0.421     9025    1.00                  
[1;38;2;49;54;149m    [INFO][0m - [38;2;116;173;209mfitting.py:bspline_profile:1257[0m -                     10     0.421     9045    1.00                  
[1;38;2;49;54;149m    [INFO][0m - [38;2;116;173;209mfitting.py:bspline_profile:1257[0m -                     11     0.420     9066    1.00                  
[1;38;2;49;54;149m    [INFO][0m - [38;2;116;173;209mfitting.py:bspline_profile:1257[0m -                     12     0.419     9079    1.00                  
[1;38;2;49;54;149m    [INFO][0m - [38;2;116;173;209mfitting.py:bspline_profile:1257[0m -                     13     0.419     9088    1.00                  
[1;38;2;49;54;149m    [INFO][0m - [38;2;116;173;209mfitting.py:bspline_profile:1257[0m -                     14     0.419     9093    1.00                  
[1;38;2;49;54;149m    [INFO][0m - [38;2;116;173;209mfitting.py:bspline_profile:1257[0m -                     15     0.418     9096    1.00                  
[1;38;2;49;54;149m    [INFO][0m - [38;2;116;173;209mfitting.py:bspline_profile:1257[0m -                     16     0.418     9096    1.00                  
[1;38;2;49;54;149m    [INFO][0m - [38;2;116;173;209mfitting.py:bspline_profile:1272[0m -                   DONE     0.418     9096    1.00                  
[1;38;2;49;54;149m    [INFO][0m - [38;2;116;173;209mfitting.py:bspline_profile:1275[0m - *******************************************************************
[1;38;2;49;54;149m    [INFO][0m - [38;2;116;173;209mflatfield.py:fit:924[0m - Modeling the flat-field response for slit spat_id=1040: 7/24
[1;38;2;49;54;149m    [INFO][0m - [38;2;116;173;209mflatfield.py:fit:1008[0m - Spectral fit of flatfield for 554426/579194  pixels in the slit.
[1;38;2;49;54;149m    [INFO][0m - [38;2;116;173;209mfitting.py:bspline_profile:1156[0m - B-spline fit:
[1;38;2;49;54;149m    [INFO][0m - [38;2;116;173;209mfitting.py:bspline_profile:1157[0m -     npoly = 1 profile basis functions
[1;38;2;49;54;149m    [INFO][0m - [38;2;116;173;209mfitting.py:bspline_profile:1158[0m -     ngood = 554426/554426 measurements
[1;38;2;49;54;149m    [INFO][0m - [38;2;116;173;209mfitting.py:bspline_profile:1159[0m - ***************** Iter     Chi^2    N Rej  R. Fac *****************
[1;38;2;49;54;149m    [INFO][0m - [38;2;116;173;209mfitting.py:bspline_profile:1163[0m -                   ----  --------  -------  ------                  
[1;38;2;49;54;149m    [INFO][0m - [38;2;116;173;209mfitting.py:bspline_profile:1257[0m -                      1     0.011       24    1.00                  
[1;38;2;49;54;149m    [INFO][0m - [38;2;116;173;209mfitting.py:bspline_profile:1257[0m -                      2     0.011       30    1.00                  
[1;38;2;49;54;149m    [INFO][0m - [38;2;116;173;209mfitting.py:bspline_profile:1257[0m -                      3     0.011       33    1.00                  
[1;38;2;49;54;149m    [INFO][0m - [38;2;116;173;209mfitting.py:bspline_profile:1257[0m -                      4     0.011       34    1.00                  
[1;38;2;49;54;149m    [INFO][0m - [38;2;116;173;209mfitting.py:bspline_profile:1257[0m -                      5     0.011       34    1.00                  
[1;38;2;49;54;149m    [INFO][0m - [38;2;116;173;209mfitting.py:bspline_profile:1272[0m -                   DONE     0.011       34    1.00                  
[1;38;2;49;54;149m    [INFO][0m - [38;2;116;173;209mfitting.py:bspline_profile:1275[0m - *******************************************************************
[1;38;2;49;54;149m    [INFO][0m - [38;2;116;173;209mflatfield.py:fit:1097[0m - Spatial fit of flatfield for 608160/608160  pixels in the slit.
[1;38;2;49;54;149m    [INFO][0m - [38;2;116;173;209mfitting.py:bspline_profile:1156[0m - B-spline fit:
[1;38;2;49;54;149m    [INFO][0m - [38;2;116;173;209mfitting.py:bspline_profile:1157[0m -     npoly = 1 profile basis functions
[1;38;2;49;54;149m    [INFO][0m - [38;2;116;173;209mfitting.py:bspline_profile:1158[0m -     ngood = 608160/608160 measurements
[1;38;2;49;54;149m    [INFO][0m - [38;2;116;173;209mfitting.py:bspline_profile:1159[0m - ***************** Iter     Chi^2    N Rej  R. Fac *****************
[1;38;2;49;54;149m    [INFO][0m - [38;2;116;173;209mfitting.py:bspline_profile:1163[0m -                   ----  --------  -------  ------                  
[1;38;2;49;54;149m    [INFO][0m - [38;2;116;173;209mfitting.py:bspline_profile:1257[0m -                      1     0.000        0    1.00                  
[1;38;2;49;54;149m    [INFO][0m - [38;2;116;173;209mfitting.py:bspline_profile:1272[0m -                   DONE     0.000        0    1.00                  
[1;38;2;49;54;149m    [INFO][0m - [38;2;116;173;209mfitting.py:bspline_profile:1275[0m - *******************************************************************
[1;38;2;253;174;97m [WARNING][0m - [38;2;116;173;209mflat.py:tweak_slit_edges_gradient:538[0m - Left slit edge shift of 0.7% exceeds the maximum allowed of 0.0%
The left edge will not be tweaked.
[1;38;2;253;174;97m [WARNING][0m - [38;2;116;173;209mflat.py:tweak_slit_edges_gradient:547[0m - Right slit edge shift of -0.8% exceeds the maximum allowed of 0.0%
The right edge will not be tweaked.
[1;38;2;49;54;149m    [INFO][0m - [38;2;116;173;209mfitting.py:bspline_profile:1156[0m - B-spline fit:
[1;38;2;49;54;149m    [INFO][0m - [38;2;116;173;209mfitting.py:bspline_profile:1157[0m -     npoly = 1 profile basis functions
[1;38;2;49;54;149m    [INFO][0m - [38;2;116;173;209mfitting.py:bspline_profile:1158[0m -     ngood = 608160/608160 measurements
[1;38;2;49;54;149m    [INFO][0m - [38;2;116;173;209mfitting.py:bspline_profile:1159[0m - ***************** Iter     Chi^2    N Rej  R. Fac *****************
[1;38;2;49;54;149m    [INFO][0m - [38;2;116;173;209mfitting.py:bspline_profile:1163[0m -                   ----  --------  -------  ------                  
[1;38;2;49;54;149m    [INFO][0m - [38;2;116;173;209mfitting.py:bspline_profile:1257[0m -                      1     0.000        0    1.00                  
[1;38;2;49;54;149m    [INFO][0m - [38;2;116;173;209mfitting.py:bspline_profile:1272[0m -                   DONE     0.000        0    1.00                  
[1;38;2;49;54;149m    [INFO][0m - [38;2;116;173;209mfitting.py:bspline_profile:1275[0m - *******************************************************************
[1;38;2;49;54;149m    [INFO][0m - [38;2;116;173;209mflatfield.py:spatial_fit_finecorr:1477[0m - Performing a fine correction to the spatial illumination (slit 1040)
[1;38;2;253;174;97m [WARNING][0m - [38;2;116;173;209mfitting.py:robust_fit:456[0m - Maximum number of iterations maxiter=10 reached in robust_polyfit_djs
[1;38;2;49;54;149m    [INFO][0m - [38;2;116;173;209mflatfield.py:spatillum_finecorr_qa:1966[0m - Generating QA for spatial illumination fine correction
[1;38;2;49;54;149m    [INFO][0m - [38;2;116;173;209mflatfield.py:spatillum_finecorr_qa:2047[0m - Saved QA:
/Users/kaiwenzhang/PycharmProjects/KCWI/KCWI_RED_channel_characterization/RM1 pypeit run/2024-04-01/pypeit_run/keck_kcrm_B/QA/PNGs/Spatillum_FineCorr_B_1_DET01_S1040_spatillum_finecorr.png
[1;38;2;49;54;149m    [INFO][0m - [38;2;116;173;209mflatfield.py:fit:1218[0m - Performing 2D illumination + scattered light flat field fit
[1;38;2;49;54;149m    [INFO][0m - [38;2;116;173;209mfitting.py:bspline_profile:1156[0m - B-spline fit:
[1;38;2;49;54;149m    [INFO][0m - [38;2;116;173;209mfitting.py:bspline_profile:1157[0m -     npoly = 7 profile basis functions
[1;38;2;49;54;149m    [INFO][0m - [38;2;116;173;209mfitting.py:bspline_profile:1158[0m -     ngood = 579154/579194 measurements
[1;38;2;49;54;149m    [INFO][0m - [38;2;116;173;209mfitting.py:bspline_profile:1159[0m - ***************** Iter     Chi^2    N Rej  R. Fac *****************
[1;38;2;49;54;149m    [INFO][0m - [38;2;116;173;209mfitting.py:bspline_profile:1163[0m -                   ----  --------  -------  ------                  
[1;38;2;49;54;149m    [INFO][0m - [38;2;116;173;209mfitting.py:bspline_profile:1257[0m -                      1     1.023     5386    1.00                  
[1;38;2;49;54;149m    [INFO][0m - [38;2;116;173;209mfitting.py:bspline_profile:1257[0m -                      2     0.513     6471    1.00                  
[1;38;2;49;54;149m    [INFO][0m - [38;2;116;173;209mfitting.py:bspline_profile:1257[0m -                      3     0.462     6875    1.00                  
[1;38;2;49;54;149m    [INFO][0m - [38;2;116;173;209mfitting.py:bspline_profile:1257[0m -                      4     0.447     7078    1.00                  
[1;38;2;49;54;149m    [INFO][0m - [38;2;116;173;209mfitting.py:bspline_profile:1257[0m -                      5     0.440     7177    1.00                  
[1;38;2;49;54;149m    [INFO][0m - [38;2;116;173;209mfitting.py:bspline_profile:1257[0m -                      6     0.437     7240    1.00                  
[1;38;2;49;54;149m    [INFO][0m - [38;2;116;173;209mfitting.py:bspline_profile:1257[0m -                      7     0.435     7290    1.00                  
[1;38;2;49;54;149m    [INFO][0m - [38;2;116;173;209mfitting.py:bspline_profile:1257[0m -                      8     0.433     7342    1.00                  
[1;38;2;49;54;149m    [INFO][0m - [38;2;116;173;209mfitting.py:bspline_profile:1257[0m -                      9     0.431     7386    1.00                  
[1;38;2;49;54;149m    [INFO][0m - [38;2;116;173;209mfitting.py:bspline_profile:1257[0m -                     10     0.430     7419    1.00                  
[1;38;2;49;54;149m    [INFO][0m - [38;2;116;173;209mfitting.py:bspline_profile:1257[0m -                     11     0.429     7446    1.00                  
[1;38;2;49;54;149m    [INFO][0m - [38;2;116;173;209mfitting.py:bspline_profile:1257[0m -                     12     0.428     7473    1.00                  
[1;38;2;49;54;149m    [INFO][0m - [38;2;116;173;209mfitting.py:bspline_profile:1257[0m -                     13     0.427     7485    1.00                  
[1;38;2;49;54;149m    [INFO][0m - [38;2;116;173;209mfitting.py:bspline_profile:1257[0m -                     14     0.427     7494    1.00                  
[1;38;2;49;54;149m    [INFO][0m - [38;2;116;173;209mfitting.py:bspline_profile:1257[0m -                     15     0.426     7499    1.00                  
[1;38;2;49;54;149m    [INFO][0m - [38;2;116;173;209mfitting.py:bspline_profile:1257[0m -                     16     0.426     7504    1.00                  
[1;38;2;49;54;149m    [INFO][0m - [38;2;116;173;209mfitting.py:bspline_profile:1257[0m -                     17     0.426     7512    1.00                  
[1;38;2;49;54;149m    [INFO][0m - [38;2;116;173;209mfitting.py:bspline_profile:1257[0m -                     18     0.426     7518    1.00                  
[1;38;2;49;54;149m    [INFO][0m - [38;2;116;173;209mfitting.py:bspline_profile:1257[0m -                     19     0.426     7524    1.00                  
[1;38;2;49;54;149m    [INFO][0m - [38;2;116;173;209mfitting.py:bspline_profile:1257[0m -                     20     0.425     7532    1.00                  
[1;38;2;49;54;149m    [INFO][0m - [38;2;116;173;209mfitting.py:bspline_profile:1257[0m -                     21     0.425     7537    1.00                  
[1;38;2;49;54;149m    [INFO][0m - [38;2;116;173;209mfitting.py:bspline_profile:1257[0m -                     22     0.425     7545    1.00                  
[1;38;2;49;54;149m    [INFO][0m - [38;2;116;173;209mfitting.py:bspline_profile:1257[0m -                     23     0.425     7549    1.00                  
[1;38;2;49;54;149m    [INFO][0m - [38;2;116;173;209mfitting.py:bspline_profile:1257[0m -                     24     0.425     7550    1.00                  
[1;38;2;49;54;149m    [INFO][0m - [38;2;116;173;209mfitting.py:bspline_profile:1257[0m -                     25     0.425     7551    1.00                  
[1;38;2;49;54;149m    [INFO][0m - [38;2;116;173;209mfitting.py:bspline_profile:1257[0m -                     26     0.425     7552    1.00                  
[1;38;2;49;54;149m    [INFO][0m - [38;2;116;173;209mfitting.py:bspline_profile:1272[0m -                   DONE     0.425     7552    1.00                  
[1;38;2;49;54;149m    [INFO][0m - [38;2;116;173;209mfitting.py:bspline_profile:1275[0m - *******************************************************************
[1;38;2;49;54;149m    [INFO][0m - [38;2;116;173;209mflatfield.py:fit:924[0m - Modeling the flat-field response for slit spat_id=1187: 8/24
[1;38;2;49;54;149m    [INFO][0m - [38;2;116;173;209mflatfield.py:fit:1008[0m - Spectral fit of flatfield for 554346/579114  pixels in the slit.
[1;38;2;49;54;149m    [INFO][0m - [38;2;116;173;209mfitting.py:bspline_profile:1156[0m - B-spline fit:
[1;38;2;49;54;149m    [INFO][0m - [38;2;116;173;209mfitting.py:bspline_profile:1157[0m -     npoly = 1 profile basis functions
[1;38;2;49;54;149m    [INFO][0m - [38;2;116;173;209mfitting.py:bspline_profile:1158[0m -     ngood = 554346/554346 measurements
[1;38;2;49;54;149m    [INFO][0m - [38;2;116;173;209mfitting.py:bspline_profile:1159[0m - ***************** Iter     Chi^2    N Rej  R. Fac *****************
[1;38;2;49;54;149m    [INFO][0m - [38;2;116;173;209mfitting.py:bspline_profile:1163[0m -                   ----  --------  -------  ------                  
[1;38;2;49;54;149m    [INFO][0m - [38;2;116;173;209mfitting.py:bspline_profile:1257[0m -                      1     0.004       20    1.00                  
[1;38;2;49;54;149m    [INFO][0m - [38;2;116;173;209mfitting.py:bspline_profile:1257[0m -                      2     0.004       24    1.00                  
[1;38;2;49;54;149m    [INFO][0m - [38;2;116;173;209mfitting.py:bspline_profile:1257[0m -                      3     0.004       25    1.00                  
[1;38;2;49;54;149m    [INFO][0m - [38;2;116;173;209mfitting.py:bspline_profile:1257[0m -                      4     0.004       25    1.00                  
[1;38;2;49;54;149m    [INFO][0m - [38;2;116;173;209mfitting.py:bspline_profile:1272[0m -                   DONE     0.004       25    1.00                  
[1;38;2;49;54;149m    [INFO][0m - [38;2;116;173;209mfitting.py:bspline_profile:1275[0m - *******************************************************************
[1;38;2;49;54;149m    [INFO][0m - [38;2;116;173;209mflatfield.py:fit:1097[0m - Spatial fit of flatfield for 608916/608916  pixels in the slit.
[1;38;2;49;54;149m    [INFO][0m - [38;2;116;173;209mfitting.py:bspline_profile:1156[0m - B-spline fit:
[1;38;2;49;54;149m    [INFO][0m - [38;2;116;173;209mfitting.py:bspline_profile:1157[0m -     npoly = 1 profile basis functions
[1;38;2;49;54;149m    [INFO][0m - [38;2;116;173;209mfitting.py:bspline_profile:1158[0m -     ngood = 608916/608916 measurements
[1;38;2;49;54;149m    [INFO][0m - [38;2;116;173;209mfitting.py:bspline_profile:1159[0m - ***************** Iter     Chi^2    N Rej  R. Fac *****************
[1;38;2;49;54;149m    [INFO][0m - [38;2;116;173;209mfitting.py:bspline_profile:1163[0m -                   ----  --------  -------  ------                  
[1;38;2;49;54;149m    [INFO][0m - [38;2;116;173;209mfitting.py:bspline_profile:1257[0m -                      1     0.000        0    1.00                  
[1;38;2;49;54;149m    [INFO][0m - [38;2;116;173;209mfitting.py:bspline_profile:1272[0m -                   DONE     0.000        0    1.00                  
[1;38;2;49;54;149m    [INFO][0m - [38;2;116;173;209mfitting.py:bspline_profile:1275[0m - *******************************************************************
[1;38;2;253;174;97m [WARNING][0m - [38;2;116;173;209mflat.py:tweak_slit_edges_gradient:538[0m - Left slit edge shift of 0.7% exceeds the maximum allowed of 0.0%
The left edge will not be tweaked.
[1;38;2;253;174;97m [WARNING][0m - [38;2;116;173;209mflat.py:tweak_slit_edges_gradient:547[0m - Right slit edge shift of -0.7% exceeds the maximum allowed of 0.0%
The right edge will not be tweaked.
[1;38;2;49;54;149m    [INFO][0m - [38;2;116;173;209mfitting.py:bspline_profile:1156[0m - B-spline fit:
[1;38;2;49;54;149m    [INFO][0m - [38;2;116;173;209mfitting.py:bspline_profile:1157[0m -     npoly = 1 profile basis functions
[1;38;2;49;54;149m    [INFO][0m - [38;2;116;173;209mfitting.py:bspline_profile:1158[0m -     ngood = 608916/608916 measurements
[1;38;2;49;54;149m    [INFO][0m - [38;2;116;173;209mfitting.py:bspline_profile:1159[0m - ***************** Iter     Chi^2    N Rej  R. Fac *****************
[1;38;2;49;54;149m    [INFO][0m - [38;2;116;173;209mfitting.py:bspline_profile:1163[0m -                   ----  --------  -------  ------                  
[1;38;2;49;54;149m    [INFO][0m - [38;2;116;173;209mfitting.py:bspline_profile:1257[0m -                      1     0.000        0    1.00                  
[1;38;2;49;54;149m    [INFO][0m - [38;2;116;173;209mfitting.py:bspline_profile:1272[0m -                   DONE     0.000        0    1.00                  
[1;38;2;49;54;149m    [INFO][0m - [38;2;116;173;209mfitting.py:bspline_profile:1275[0m - *******************************************************************
[1;38;2;49;54;149m    [INFO][0m - [38;2;116;173;209mflatfield.py:spatial_fit_finecorr:1477[0m - Performing a fine correction to the spatial illumination (slit 1187)
[1;38;2;253;174;97m [WARNING][0m - [38;2;116;173;209mfitting.py:robust_fit:456[0m - Maximum number of iterations maxiter=10 reached in robust_polyfit_djs
[1;38;2;49;54;149m    [INFO][0m - [38;2;116;173;209mflatfield.py:spatillum_finecorr_qa:1966[0m - Generating QA for spatial illumination fine correction
[1;38;2;49;54;149m    [INFO][0m - [38;2;116;173;209mflatfield.py:spatillum_finecorr_qa:2047[0m - Saved QA:
/Users/kaiwenzhang/PycharmProjects/KCWI/KCWI_RED_channel_characterization/RM1 pypeit run/2024-04-01/pypeit_run/keck_kcrm_B/QA/PNGs/Spatillum_FineCorr_B_1_DET01_S1187_spatillum_finecorr.png
[1;38;2;49;54;149m    [INFO][0m - [38;2;116;173;209mflatfield.py:fit:1218[0m - Performing 2D illumination + scattered light flat field fit
[1;38;2;49;54;149m    [INFO][0m - [38;2;116;173;209mfitting.py:bspline_profile:1156[0m - B-spline fit:
[1;38;2;49;54;149m    [INFO][0m - [38;2;116;173;209mfitting.py:bspline_profile:1157[0m -     npoly = 7 profile basis functions
[1;38;2;49;54;149m    [INFO][0m - [38;2;116;173;209mfitting.py:bspline_profile:1158[0m -     ngood = 579113/579114 measurements
[1;38;2;49;54;149m    [INFO][0m - [38;2;116;173;209mfitting.py:bspline_profile:1159[0m - ***************** Iter     Chi^2    N Rej  R. Fac *****************
[1;38;2;49;54;149m    [INFO][0m - [38;2;116;173;209mfitting.py:bspline_profile:1163[0m -                   ----  --------  -------  ------                  
[1;38;2;49;54;149m    [INFO][0m - [38;2;116;173;209mfitting.py:bspline_profile:1257[0m -                      1     0.925     4129    1.00                  
[1;38;2;49;54;149m    [INFO][0m - [38;2;116;173;209mfitting.py:bspline_profile:1257[0m -                      2     0.506     5230    1.00                  
[1;38;2;49;54;149m    [INFO][0m - [38;2;116;173;209mfitting.py:bspline_profile:1257[0m -                      3     0.452     5598    1.00                  
[1;38;2;49;54;149m    [INFO][0m - [38;2;116;173;209mfitting.py:bspline_profile:1257[0m -                      4     0.436     5736    1.00                  
[1;38;2;49;54;149m    [INFO][0m - [38;2;116;173;209mfitting.py:bspline_profile:1257[0m -                      5     0.432     5798    1.00                  
[1;38;2;49;54;149m    [INFO][0m - [38;2;116;173;209mfitting.py:bspline_profile:1257[0m -                      6     0.430     5834    1.00                  
[1;38;2;49;54;149m    [INFO][0m - [38;2;116;173;209mfitting.py:bspline_profile:1257[0m -                      7     0.429     5855    1.00                  
[1;38;2;49;54;149m    [INFO][0m - [38;2;116;173;209mfitting.py:bspline_profile:1257[0m -                      8     0.428     5862    1.00                  
[1;38;2;49;54;149m    [INFO][0m - [38;2;116;173;209mfitting.py:bspline_profile:1257[0m -                      9     0.428     5867    1.00                  
[1;38;2;49;54;149m    [INFO][0m - [38;2;116;173;209mfitting.py:bspline_profile:1257[0m -                     10     0.428     5869    1.00                  
[1;38;2;49;54;149m    [INFO][0m - [38;2;116;173;209mfitting.py:bspline_profile:1257[0m -                     11     0.428     5871    1.00                  
[1;38;2;49;54;149m    [INFO][0m - [38;2;116;173;209mfitting.py:bspline_profile:1257[0m -                     12     0.428     5871    1.00                  
[1;38;2;49;54;149m    [INFO][0m - [38;2;116;173;209mfitting.py:bspline_profile:1272[0m -                   DONE     0.428     5871    1.00                  
[1;38;2;49;54;149m    [INFO][0m - [38;2;116;173;209mfitting.py:bspline_profile:1275[0m - *******************************************************************
[1;38;2;49;54;149m    [INFO][0m - [38;2;116;173;209mflatfield.py:fit:924[0m - Modeling the flat-field response for slit spat_id=1335: 9/24
[1;38;2;49;54;149m    [INFO][0m - [38;2;116;173;209mflatfield.py:fit:1008[0m - Spectral fit of flatfield for 555191/579959  pixels in the slit.
[1;38;2;49;54;149m    [INFO][0m - [38;2;116;173;209mfitting.py:bspline_profile:1156[0m - B-spline fit:
[1;38;2;49;54;149m    [INFO][0m - [38;2;116;173;209mfitting.py:bspline_profile:1157[0m -     npoly = 1 profile basis functions
[1;38;2;49;54;149m    [INFO][0m - [38;2;116;173;209mfitting.py:bspline_profile:1158[0m -     ngood = 555191/555191 measurements
[1;38;2;49;54;149m    [INFO][0m - [38;2;116;173;209mfitting.py:bspline_profile:1159[0m - ***************** Iter     Chi^2    N Rej  R. Fac *****************
[1;38;2;49;54;149m    [INFO][0m - [38;2;116;173;209mfitting.py:bspline_profile:1163[0m -                   ----  --------  -------  ------                  
[1;38;2;49;54;149m    [INFO][0m - [38;2;116;173;209mfitting.py:bspline_profile:1257[0m -                      1     0.011       13    1.00                  
[1;38;2;49;54;149m    [INFO][0m - [38;2;116;173;209mfitting.py:bspline_profile:1257[0m -                      2     0.011       16    1.00                  
[1;38;2;49;54;149m    [INFO][0m - [38;2;116;173;209mfitting.py:bspline_profile:1257[0m -                      3     0.011       17    1.00                  
[1;38;2;49;54;149m    [INFO][0m - [38;2;116;173;209mfitting.py:bspline_profile:1257[0m -                      4     0.011       18    1.00                  
[1;38;2;49;54;149m    [INFO][0m - [38;2;116;173;209mfitting.py:bspline_profile:1257[0m -                      5     0.011       19    1.00                  
[1;38;2;49;54;149m    [INFO][0m - [38;2;116;173;209mfitting.py:bspline_profile:1257[0m -                      6     0.011       19    1.00                  
[1;38;2;49;54;149m    [INFO][0m - [38;2;116;173;209mfitting.py:bspline_profile:1272[0m -                   DONE     0.011       19    1.00                  
[1;38;2;49;54;149m    [INFO][0m - [38;2;116;173;209mfitting.py:bspline_profile:1275[0m - *******************************************************************
[1;38;2;49;54;149m    [INFO][0m - [38;2;116;173;209mflatfield.py:fit:1097[0m - Spatial fit of flatfield for 613666/613666  pixels in the slit.
[1;38;2;49;54;149m    [INFO][0m - [38;2;116;173;209mfitting.py:bspline_profile:1156[0m - B-spline fit:
[1;38;2;49;54;149m    [INFO][0m - [38;2;116;173;209mfitting.py:bspline_profile:1157[0m -     npoly = 1 profile basis functions
[1;38;2;49;54;149m    [INFO][0m - [38;2;116;173;209mfitting.py:bspline_profile:1158[0m -     ngood = 613666/613666 measurements
[1;38;2;49;54;149m    [INFO][0m - [38;2;116;173;209mfitting.py:bspline_profile:1159[0m - ***************** Iter     Chi^2    N Rej  R. Fac *****************
[1;38;2;49;54;149m    [INFO][0m - [38;2;116;173;209mfitting.py:bspline_profile:1163[0m -                   ----  --------  -------  ------                  
[1;38;2;49;54;149m    [INFO][0m - [38;2;116;173;209mfitting.py:bspline_profile:1257[0m -                      1     0.000        0    1.00                  
[1;38;2;49;54;149m    [INFO][0m - [38;2;116;173;209mfitting.py:bspline_profile:1272[0m -                   DONE     0.000        0    1.00                  
[1;38;2;49;54;149m    [INFO][0m - [38;2;116;173;209mfitting.py:bspline_profile:1275[0m - *******************************************************************
[1;38;2;253;174;97m [WARNING][0m - [38;2;116;173;209mflat.py:tweak_slit_edges_gradient:538[0m - Left slit edge shift of 0.7% exceeds the maximum allowed of 0.0%
The left edge will not be tweaked.
[1;38;2;253;174;97m [WARNING][0m - [38;2;116;173;209mflat.py:tweak_slit_edges_gradient:547[0m - Right slit edge shift of -0.7% exceeds the maximum allowed of 0.0%
The right edge will not be tweaked.
[1;38;2;49;54;149m    [INFO][0m - [38;2;116;173;209mfitting.py:bspline_profile:1156[0m - B-spline fit:
[1;38;2;49;54;149m    [INFO][0m - [38;2;116;173;209mfitting.py:bspline_profile:1157[0m -     npoly = 1 profile basis functions
[1;38;2;49;54;149m    [INFO][0m - [38;2;116;173;209mfitting.py:bspline_profile:1158[0m -     ngood = 613666/613666 measurements
[1;38;2;49;54;149m    [INFO][0m - [38;2;116;173;209mfitting.py:bspline_profile:1159[0m - ***************** Iter     Chi^2    N Rej  R. Fac *****************
[1;38;2;49;54;149m    [INFO][0m - [38;2;116;173;209mfitting.py:bspline_profile:1163[0m -                   ----  --------  -------  ------                  
[1;38;2;49;54;149m    [INFO][0m - [38;2;116;173;209mfitting.py:bspline_profile:1257[0m -                      1     0.000        0    1.00                  
[1;38;2;49;54;149m    [INFO][0m - [38;2;116;173;209mfitting.py:bspline_profile:1272[0m -                   DONE     0.000        0    1.00                  
[1;38;2;49;54;149m    [INFO][0m - [38;2;116;173;209mfitting.py:bspline_profile:1275[0m - *******************************************************************
[1;38;2;49;54;149m    [INFO][0m - [38;2;116;173;209mflatfield.py:spatial_fit_finecorr:1477[0m - Performing a fine correction to the spatial illumination (slit 1335)
[1;38;2;253;174;97m [WARNING][0m - [38;2;116;173;209mfitting.py:robust_fit:456[0m - Maximum number of iterations maxiter=10 reached in robust_polyfit_djs
[1;38;2;49;54;149m    [INFO][0m - [38;2;116;173;209mflatfield.py:spatillum_finecorr_qa:1966[0m - Generating QA for spatial illumination fine correction
[1;38;2;49;54;149m    [INFO][0m - [38;2;116;173;209mflatfield.py:spatillum_finecorr_qa:2047[0m - Saved QA:
/Users/kaiwenzhang/PycharmProjects/KCWI/KCWI_RED_channel_characterization/RM1 pypeit run/2024-04-01/pypeit_run/keck_kcrm_B/QA/PNGs/Spatillum_FineCorr_B_1_DET01_S1335_spatillum_finecorr.png
[1;38;2;49;54;149m    [INFO][0m - [38;2;116;173;209mflatfield.py:fit:1218[0m - Performing 2D illumination + scattered light flat field fit
[1;38;2;49;54;149m    [INFO][0m - [38;2;116;173;209mfitting.py:bspline_profile:1156[0m - B-spline fit:
[1;38;2;49;54;149m    [INFO][0m - [38;2;116;173;209mfitting.py:bspline_profile:1157[0m -     npoly = 7 profile basis functions
[1;38;2;49;54;149m    [INFO][0m - [38;2;116;173;209mfitting.py:bspline_profile:1158[0m -     ngood = 579957/579959 measurements
[1;38;2;49;54;149m    [INFO][0m - [38;2;116;173;209mfitting.py:bspline_profile:1159[0m - ***************** Iter     Chi^2    N Rej  R. Fac *****************
[1;38;2;49;54;149m    [INFO][0m - [38;2;116;173;209mfitting.py:bspline_profile:1163[0m -                   ----  --------  -------  ------                  
[1;38;2;49;54;149m    [INFO][0m - [38;2;116;173;209mfitting.py:bspline_profile:1257[0m -                      1     0.769     3363    1.00                  
[1;38;2;49;54;149m    [INFO][0m - [38;2;116;173;209mfitting.py:bspline_profile:1257[0m -                      2     0.488     3996    1.00                  
[1;38;2;49;54;149m    [INFO][0m - [38;2;116;173;209mfitting.py:bspline_profile:1257[0m -                      3     0.461     4236    1.00                  
[1;38;2;49;54;149m    [INFO][0m - [38;2;116;173;209mfitting.py:bspline_profile:1257[0m -                      4     0.453     4350    1.00                  
[1;38;2;49;54;149m    [INFO][0m - [38;2;116;173;209mfitting.py:bspline_profile:1257[0m -                      5     0.450     4411    1.00                  
[1;38;2;49;54;149m    [INFO][0m - [38;2;116;173;209mfitting.py:bspline_profile:1257[0m -                      6     0.448     4443    1.00                  
[1;38;2;49;54;149m    [INFO][0m - [38;2;116;173;209mfitting.py:bspline_profile:1257[0m -                      7     0.447     4465    1.00                  
[1;38;2;49;54;149m    [INFO][0m - [38;2;116;173;209mfitting.py:bspline_profile:1257[0m -                      8     0.446     4475    1.00                  
[1;38;2;49;54;149m    [INFO][0m - [38;2;116;173;209mfitting.py:bspline_profile:1257[0m -                      9     0.446     4484    1.00                  
[1;38;2;49;54;149m    [INFO][0m - [38;2;116;173;209mfitting.py:bspline_profile:1257[0m -                     10     0.446     4490    1.00                  
[1;38;2;49;54;149m    [INFO][0m - [38;2;116;173;209mfitting.py:bspline_profile:1257[0m -                     11     0.446     4492    1.00                  
[1;38;2;49;54;149m    [INFO][0m - [38;2;116;173;209mfitting.py:bspline_profile:1257[0m -                     12     0.445     4494    1.00                  
[1;38;2;49;54;149m    [INFO][0m - [38;2;116;173;209mfitting.py:bspline_profile:1257[0m -                     13     0.445     4497    1.00                  
[1;38;2;49;54;149m    [INFO][0m - [38;2;116;173;209mfitting.py:bspline_profile:1257[0m -                     14     0.445     4498    1.00                  
[1;38;2;49;54;149m    [INFO][0m - [38;2;116;173;209mfitting.py:bspline_profile:1257[0m -                     15     0.445     4499    1.00                  
[1;38;2;49;54;149m    [INFO][0m - [38;2;116;173;209mfitting.py:bspline_profile:1257[0m -                     16     0.445     4500    1.00                  
[1;38;2;49;54;149m    [INFO][0m - [38;2;116;173;209mfitting.py:bspline_profile:1257[0m -                     17     0.445     4501    1.00                  
[1;38;2;49;54;149m    [INFO][0m - [38;2;116;173;209mfitting.py:bspline_profile:1257[0m -                     18     0.445     4501    1.00                  
[1;38;2;49;54;149m    [INFO][0m - [38;2;116;173;209mfitting.py:bspline_profile:1272[0m -                   DONE     0.445     4501    1.00                  
[1;38;2;49;54;149m    [INFO][0m - [38;2;116;173;209mfitting.py:bspline_profile:1275[0m - *******************************************************************
[1;38;2;49;54;149m    [INFO][0m - [38;2;116;173;209mflatfield.py:fit:924[0m - Modeling the flat-field response for slit spat_id=1483: 10/24
[1;38;2;49;54;149m    [INFO][0m - [38;2;116;173;209mflatfield.py:fit:1008[0m - Spectral fit of flatfield for 554168/578936  pixels in the slit.
[1;38;2;49;54;149m    [INFO][0m - [38;2;116;173;209mfitting.py:bspline_profile:1156[0m - B-spline fit:
[1;38;2;49;54;149m    [INFO][0m - [38;2;116;173;209mfitting.py:bspline_profile:1157[0m -     npoly = 1 profile basis functions
[1;38;2;49;54;149m    [INFO][0m - [38;2;116;173;209mfitting.py:bspline_profile:1158[0m -     ngood = 554168/554168 measurements
[1;38;2;49;54;149m    [INFO][0m - [38;2;116;173;209mfitting.py:bspline_profile:1159[0m - ***************** Iter     Chi^2    N Rej  R. Fac *****************
[1;38;2;49;54;149m    [INFO][0m - [38;2;116;173;209mfitting.py:bspline_profile:1163[0m -                   ----  --------  -------  ------                  
[1;38;2;49;54;149m    [INFO][0m - [38;2;116;173;209mfitting.py:bspline_profile:1257[0m -                      1     0.004        1    1.00                  
[1;38;2;49;54;149m    [INFO][0m - [38;2;116;173;209mfitting.py:bspline_profile:1257[0m -                      2     0.004        1    1.00                  
[1;38;2;49;54;149m    [INFO][0m - [38;2;116;173;209mfitting.py:bspline_profile:1272[0m -                   DONE     0.004        1    1.00                  
[1;38;2;49;54;149m    [INFO][0m - [38;2;116;173;209mfitting.py:bspline_profile:1275[0m - *******************************************************************
[1;38;2;49;54;149m    [INFO][0m - [38;2;116;173;209mflatfield.py:fit:1097[0m - Spatial fit of flatfield for 610312/610312  pixels in the slit.
[1;38;2;49;54;149m    [INFO][0m - [38;2;116;173;209mfitting.py:bspline_profile:1156[0m - B-spline fit:
[1;38;2;49;54;149m    [INFO][0m - [38;2;116;173;209mfitting.py:bspline_profile:1157[0m -     npoly = 1 profile basis functions
[1;38;2;49;54;149m    [INFO][0m - [38;2;116;173;209mfitting.py:bspline_profile:1158[0m -     ngood = 610312/610312 measurements
[1;38;2;49;54;149m    [INFO][0m - [38;2;116;173;209mfitting.py:bspline_profile:1159[0m - ***************** Iter     Chi^2    N Rej  R. Fac *****************
[1;38;2;49;54;149m    [INFO][0m - [38;2;116;173;209mfitting.py:bspline_profile:1163[0m -                   ----  --------  -------  ------                  
[1;38;2;49;54;149m    [INFO][0m - [38;2;116;173;209mfitting.py:bspline_profile:1257[0m -                      1     0.000        0    1.00                  
[1;38;2;49;54;149m    [INFO][0m - [38;2;116;173;209mfitting.py:bspline_profile:1272[0m -                   DONE     0.000        0    1.00                  
[1;38;2;49;54;149m    [INFO][0m - [38;2;116;173;209mfitting.py:bspline_profile:1275[0m - *******************************************************************
[1;38;2;253;174;97m [WARNING][0m - [38;2;116;173;209mflat.py:tweak_slit_edges_gradient:538[0m - Left slit edge shift of 0.7% exceeds the maximum allowed of 0.0%
The left edge will not be tweaked.
[1;38;2;253;174;97m [WARNING][0m - [38;2;116;173;209mflat.py:tweak_slit_edges_gradient:547[0m - Right slit edge shift of -0.7% exceeds the maximum allowed of 0.0%
The right edge will not be tweaked.
[1;38;2;49;54;149m    [INFO][0m - [38;2;116;173;209mfitting.py:bspline_profile:1156[0m - B-spline fit:
[1;38;2;49;54;149m    [INFO][0m - [38;2;116;173;209mfitting.py:bspline_profile:1157[0m -     npoly = 1 profile basis functions
[1;38;2;49;54;149m    [INFO][0m - [38;2;116;173;209mfitting.py:bspline_profile:1158[0m -     ngood = 610312/610312 measurements
[1;38;2;49;54;149m    [INFO][0m - [38;2;116;173;209mfitting.py:bspline_profile:1159[0m - ***************** Iter     Chi^2    N Rej  R. Fac *****************
[1;38;2;49;54;149m    [INFO][0m - [38;2;116;173;209mfitting.py:bspline_profile:1163[0m -                   ----  --------  -------  ------                  
[1;38;2;49;54;149m    [INFO][0m - [38;2;116;173;209mfitting.py:bspline_profile:1257[0m -                      1     0.000        0    1.00                  
[1;38;2;49;54;149m    [INFO][0m - [38;2;116;173;209mfitting.py:bspline_profile:1272[0m -                   DONE     0.000        0    1.00                  
[1;38;2;49;54;149m    [INFO][0m - [38;2;116;173;209mfitting.py:bspline_profile:1275[0m - *******************************************************************
[1;38;2;49;54;149m    [INFO][0m - [38;2;116;173;209mflatfield.py:spatial_fit_finecorr:1477[0m - Performing a fine correction to the spatial illumination (slit 1483)
[1;38;2;253;174;97m [WARNING][0m - [38;2;116;173;209mfitting.py:robust_fit:456[0m - Maximum number of iterations maxiter=10 reached in robust_polyfit_djs
[1;38;2;49;54;149m    [INFO][0m - [38;2;116;173;209mflatfield.py:spatillum_finecorr_qa:1966[0m - Generating QA for spatial illumination fine correction
[1;38;2;49;54;149m    [INFO][0m - [38;2;116;173;209mflatfield.py:spatillum_finecorr_qa:2047[0m - Saved QA:
/Users/kaiwenzhang/PycharmProjects/KCWI/KCWI_RED_channel_characterization/RM1 pypeit run/2024-04-01/pypeit_run/keck_kcrm_B/QA/PNGs/Spatillum_FineCorr_B_1_DET01_S1483_spatillum_finecorr.png
[1;38;2;49;54;149m    [INFO][0m - [38;2;116;173;209mflatfield.py:fit:1218[0m - Performing 2D illumination + scattered light flat field fit
[1;38;2;49;54;149m    [INFO][0m - [38;2;116;173;209mfitting.py:bspline_profile:1156[0m - B-spline fit:
[1;38;2;49;54;149m    [INFO][0m - [38;2;116;173;209mfitting.py:bspline_profile:1157[0m -     npoly = 7 profile basis functions
[1;38;2;49;54;149m    [INFO][0m - [38;2;116;173;209mfitting.py:bspline_profile:1158[0m -     ngood = 578936/578936 measurements
[1;38;2;49;54;149m    [INFO][0m - [38;2;116;173;209mfitting.py:bspline_profile:1159[0m - ***************** Iter     Chi^2    N Rej  R. Fac *****************
[1;38;2;49;54;149m    [INFO][0m - [38;2;116;173;209mfitting.py:bspline_profile:1163[0m -                   ----  --------  -------  ------                  
[1;38;2;49;54;149m    [INFO][0m - [38;2;116;173;209mfitting.py:bspline_profile:1257[0m -                      1     0.636     2699    1.00                  
[1;38;2;49;54;149m    [INFO][0m - [38;2;116;173;209mfitting.py:bspline_profile:1257[0m -                      2     0.470     3348    1.00                  
[1;38;2;49;54;149m    [INFO][0m - [38;2;116;173;209mfitting.py:bspline_profile:1257[0m -                      3     0.442     3570    1.00                  
[1;38;2;49;54;149m    [INFO][0m - [38;2;116;173;209mfitting.py:bspline_profile:1257[0m -                      4     0.434     3682    1.00                  
[1;38;2;49;54;149m    [INFO][0m - [38;2;116;173;209mfitting.py:bspline_profile:1257[0m -                      5     0.431     3742    1.00                  
[1;38;2;49;54;149m    [INFO][0m - [38;2;116;173;209mfitting.py:bspline_profile:1257[0m -                      6     0.429     3769    1.00                  
[1;38;2;49;54;149m    [INFO][0m - [38;2;116;173;209mfitting.py:bspline_profile:1257[0m -                      7     0.428     3793    1.00                  
[1;38;2;49;54;149m    [INFO][0m - [38;2;116;173;209mfitting.py:bspline_profile:1257[0m -                      8     0.428     3814    1.00                  
[1;38;2;49;54;149m    [INFO][0m - [38;2;116;173;209mfitting.py:bspline_profile:1257[0m -                      9     0.427     3823    1.00                  
[1;38;2;49;54;149m    [INFO][0m - [38;2;116;173;209mfitting.py:bspline_profile:1257[0m -                     10     0.427     3825    1.00                  
[1;38;2;49;54;149m    [INFO][0m - [38;2;116;173;209mfitting.py:bspline_profile:1257[0m -                     11     0.427     3826    1.00                  
[1;38;2;49;54;149m    [INFO][0m - [38;2;116;173;209mfitting.py:bspline_profile:1257[0m -                     12     0.427     3826    1.00                  
[1;38;2;49;54;149m    [INFO][0m - [38;2;116;173;209mfitting.py:bspline_profile:1272[0m -                   DONE     0.427     3826    1.00                  
[1;38;2;49;54;149m    [INFO][0m - [38;2;116;173;209mfitting.py:bspline_profile:1275[0m - *******************************************************************
[1;38;2;49;54;149m    [INFO][0m - [38;2;116;173;209mflatfield.py:fit:924[0m - Modeling the flat-field response for slit spat_id=1631: 11/24
[1;38;2;49;54;149m    [INFO][0m - [38;2;116;173;209mflatfield.py:fit:1008[0m - Spectral fit of flatfield for 554131/578899  pixels in the slit.
[1;38;2;49;54;149m    [INFO][0m - [38;2;116;173;209mfitting.py:bspline_profile:1156[0m - B-spline fit:
[1;38;2;49;54;149m    [INFO][0m - [38;2;116;173;209mfitting.py:bspline_profile:1157[0m -     npoly = 1 profile basis functions
[1;38;2;49;54;149m    [INFO][0m - [38;2;116;173;209mfitting.py:bspline_profile:1158[0m -     ngood = 554131/554131 measurements
[1;38;2;49;54;149m    [INFO][0m - [38;2;116;173;209mfitting.py:bspline_profile:1159[0m - ***************** Iter     Chi^2    N Rej  R. Fac *****************
[1;38;2;49;54;149m    [INFO][0m - [38;2;116;173;209mfitting.py:bspline_profile:1163[0m -                   ----  --------  -------  ------                  
[1;38;2;49;54;149m    [INFO][0m - [38;2;116;173;209mfitting.py:bspline_profile:1257[0m -                      1     0.011       20    1.00                  
[1;38;2;49;54;149m    [INFO][0m - [38;2;116;173;209mfitting.py:bspline_profile:1257[0m -                      2     0.011       21    1.00                  
[1;38;2;49;54;149m    [INFO][0m - [38;2;116;173;209mfitting.py:bspline_profile:1257[0m -                      3     0.011       21    1.00                  
[1;38;2;49;54;149m    [INFO][0m - [38;2;116;173;209mfitting.py:bspline_profile:1272[0m -                   DONE     0.011       21    1.00                  
[1;38;2;49;54;149m    [INFO][0m - [38;2;116;173;209mfitting.py:bspline_profile:1275[0m - *******************************************************************
[1;38;2;49;54;149m    [INFO][0m - [38;2;116;173;209mflatfield.py:fit:1097[0m - Spatial fit of flatfield for 611485/611485  pixels in the slit.
[1;38;2;49;54;149m    [INFO][0m - [38;2;116;173;209mfitting.py:bspline_profile:1156[0m - B-spline fit:
[1;38;2;49;54;149m    [INFO][0m - [38;2;116;173;209mfitting.py:bspline_profile:1157[0m -     npoly = 1 profile basis functions
[1;38;2;49;54;149m    [INFO][0m - [38;2;116;173;209mfitting.py:bspline_profile:1158[0m -     ngood = 611485/611485 measurements
[1;38;2;49;54;149m    [INFO][0m - [38;2;116;173;209mfitting.py:bspline_profile:1159[0m - ***************** Iter     Chi^2    N Rej  R. Fac *****************
[1;38;2;49;54;149m    [INFO][0m - [38;2;116;173;209mfitting.py:bspline_profile:1163[0m -                   ----  --------  -------  ------                  
[1;38;2;49;54;149m    [INFO][0m - [38;2;116;173;209mfitting.py:bspline_profile:1257[0m -                      1     0.000        0    1.00                  
[1;38;2;49;54;149m    [INFO][0m - [38;2;116;173;209mfitting.py:bspline_profile:1272[0m -                   DONE     0.000        0    1.00                  
[1;38;2;49;54;149m    [INFO][0m - [38;2;116;173;209mfitting.py:bspline_profile:1275[0m - *******************************************************************
[1;38;2;253;174;97m [WARNING][0m - [38;2;116;173;209mflat.py:tweak_slit_edges_gradient:538[0m - Left slit edge shift of 0.7% exceeds the maximum allowed of 0.0%
The left edge will not be tweaked.
[1;38;2;253;174;97m [WARNING][0m - [38;2;116;173;209mflat.py:tweak_slit_edges_gradient:547[0m - Right slit edge shift of -0.6% exceeds the maximum allowed of 0.0%
The right edge will not be tweaked.
[1;38;2;49;54;149m    [INFO][0m - [38;2;116;173;209mfitting.py:bspline_profile:1156[0m - B-spline fit:
[1;38;2;49;54;149m    [INFO][0m - [38;2;116;173;209mfitting.py:bspline_profile:1157[0m -     npoly = 1 profile basis functions
[1;38;2;49;54;149m    [INFO][0m - [38;2;116;173;209mfitting.py:bspline_profile:1158[0m -     ngood = 611485/611485 measurements
[1;38;2;49;54;149m    [INFO][0m - [38;2;116;173;209mfitting.py:bspline_profile:1159[0m - ***************** Iter     Chi^2    N Rej  R. Fac *****************
[1;38;2;49;54;149m    [INFO][0m - [38;2;116;173;209mfitting.py:bspline_profile:1163[0m -                   ----  --------  -------  ------                  
[1;38;2;49;54;149m    [INFO][0m - [38;2;116;173;209mfitting.py:bspline_profile:1257[0m -                      1     0.000        0    1.00                  
[1;38;2;49;54;149m    [INFO][0m - [38;2;116;173;209mfitting.py:bspline_profile:1272[0m -                   DONE     0.000        0    1.00                  
[1;38;2;49;54;149m    [INFO][0m - [38;2;116;173;209mfitting.py:bspline_profile:1275[0m - *******************************************************************
[1;38;2;49;54;149m    [INFO][0m - [38;2;116;173;209mflatfield.py:spatial_fit_finecorr:1477[0m - Performing a fine correction to the spatial illumination (slit 1631)
[1;38;2;253;174;97m [WARNING][0m - [38;2;116;173;209mfitting.py:robust_fit:456[0m - Maximum number of iterations maxiter=10 reached in robust_polyfit_djs
[1;38;2;49;54;149m    [INFO][0m - [38;2;116;173;209mflatfield.py:spatillum_finecorr_qa:1966[0m - Generating QA for spatial illumination fine correction
[1;38;2;49;54;149m    [INFO][0m - [38;2;116;173;209mflatfield.py:spatillum_finecorr_qa:2047[0m - Saved QA:
/Users/kaiwenzhang/PycharmProjects/KCWI/KCWI_RED_channel_characterization/RM1 pypeit run/2024-04-01/pypeit_run/keck_kcrm_B/QA/PNGs/Spatillum_FineCorr_B_1_DET01_S1631_spatillum_finecorr.png
[1;38;2;49;54;149m    [INFO][0m - [38;2;116;173;209mflatfield.py:fit:1218[0m - Performing 2D illumination + scattered light flat field fit
[1;38;2;49;54;149m    [INFO][0m - [38;2;116;173;209mfitting.py:bspline_profile:1156[0m - B-spline fit:
[1;38;2;49;54;149m    [INFO][0m - [38;2;116;173;209mfitting.py:bspline_profile:1157[0m -     npoly = 7 profile basis functions
[1;38;2;49;54;149m    [INFO][0m - [38;2;116;173;209mfitting.py:bspline_profile:1158[0m -     ngood = 578898/578899 measurements
[1;38;2;49;54;149m    [INFO][0m - [38;2;116;173;209mfitting.py:bspline_profile:1159[0m - ***************** Iter     Chi^2    N Rej  R. Fac *****************
[1;38;2;49;54;149m    [INFO][0m - [38;2;116;173;209mfitting.py:bspline_profile:1163[0m -                   ----  --------  -------  ------                  
[1;38;2;49;54;149m    [INFO][0m - [38;2;116;173;209mfitting.py:bspline_profile:1257[0m -                      1     0.617     2025    1.00                  
[1;38;2;49;54;149m    [INFO][0m - [38;2;116;173;209mfitting.py:bspline_profile:1257[0m -                      2     0.461     2447    1.00                  
[1;38;2;49;54;149m    [INFO][0m - [38;2;116;173;209mfitting.py:bspline_profile:1257[0m -                      3     0.443     2566    1.00                  
[1;38;2;49;54;149m    [INFO][0m - [38;2;116;173;209mfitting.py:bspline_profile:1257[0m -                      4     0.439     2633    1.00                  
[1;38;2;49;54;149m    [INFO][0m - [38;2;116;173;209mfitting.py:bspline_profile:1257[0m -                      5     0.437     2673    1.00                  
[1;38;2;49;54;149m    [INFO][0m - [38;2;116;173;209mfitting.py:bspline_profile:1257[0m -                      6     0.436     2698    1.00                  
[1;38;2;49;54;149m    [INFO][0m - [38;2;116;173;209mfitting.py:bspline_profile:1257[0m -                      7     0.435     2707    1.00                  
[1;38;2;49;54;149m    [INFO][0m - [38;2;116;173;209mfitting.py:bspline_profile:1257[0m -                      8     0.435     2713    1.00                  
[1;38;2;49;54;149m    [INFO][0m - [38;2;116;173;209mfitting.py:bspline_profile:1257[0m -                      9     0.435     2717    1.00                  
[1;38;2;49;54;149m    [INFO][0m - [38;2;116;173;209mfitting.py:bspline_profile:1257[0m -                     10     0.435     2722    1.00                  
[1;38;2;49;54;149m    [INFO][0m - [38;2;116;173;209mfitting.py:bspline_profile:1257[0m -                     11     0.434     2725    1.00                  
[1;38;2;49;54;149m    [INFO][0m - [38;2;116;173;209mfitting.py:bspline_profile:1257[0m -                     12     0.434     2725    1.00                  
[1;38;2;49;54;149m    [INFO][0m - [38;2;116;173;209mfitting.py:bspline_profile:1272[0m -                   DONE     0.434     2725    1.00                  
[1;38;2;49;54;149m    [INFO][0m - [38;2;116;173;209mfitting.py:bspline_profile:1275[0m - *******************************************************************
[1;38;2;49;54;149m    [INFO][0m - [38;2;116;173;209mflatfield.py:fit:924[0m - Modeling the flat-field response for slit spat_id=1779: 12/24
[1;38;2;49;54;149m    [INFO][0m - [38;2;116;173;209mflatfield.py:fit:1008[0m - Spectral fit of flatfield for 554728/579496  pixels in the slit.
[1;38;2;49;54;149m    [INFO][0m - [38;2;116;173;209mfitting.py:bspline_profile:1156[0m - B-spline fit:
[1;38;2;49;54;149m    [INFO][0m - [38;2;116;173;209mfitting.py:bspline_profile:1157[0m -     npoly = 1 profile basis functions
[1;38;2;49;54;149m    [INFO][0m - [38;2;116;173;209mfitting.py:bspline_profile:1158[0m -     ngood = 554728/554728 measurements
[1;38;2;49;54;149m    [INFO][0m - [38;2;116;173;209mfitting.py:bspline_profile:1159[0m - ***************** Iter     Chi^2    N Rej  R. Fac *****************
[1;38;2;49;54;149m    [INFO][0m - [38;2;116;173;209mfitting.py:bspline_profile:1163[0m -                   ----  --------  -------  ------                  
[1;38;2;49;54;149m    [INFO][0m - [38;2;116;173;209mfitting.py:bspline_profile:1257[0m -                      1     0.005        0    1.00                  
[1;38;2;49;54;149m    [INFO][0m - [38;2;116;173;209mfitting.py:bspline_profile:1272[0m -                   DONE     0.005        0    1.00                  
[1;38;2;49;54;149m    [INFO][0m - [38;2;116;173;209mfitting.py:bspline_profile:1275[0m - *******************************************************************
[1;38;2;49;54;149m    [INFO][0m - [38;2;116;173;209mflatfield.py:fit:1097[0m - Spatial fit of flatfield for 620776/620776  pixels in the slit.
[1;38;2;49;54;149m    [INFO][0m - [38;2;116;173;209mfitting.py:bspline_profile:1156[0m - B-spline fit:
[1;38;2;49;54;149m    [INFO][0m - [38;2;116;173;209mfitting.py:bspline_profile:1157[0m -     npoly = 1 profile basis functions
[1;38;2;49;54;149m    [INFO][0m - [38;2;116;173;209mfitting.py:bspline_profile:1158[0m -     ngood = 620776/620776 measurements
[1;38;2;49;54;149m    [INFO][0m - [38;2;116;173;209mfitting.py:bspline_profile:1159[0m - ***************** Iter     Chi^2    N Rej  R. Fac *****************
[1;38;2;49;54;149m    [INFO][0m - [38;2;116;173;209mfitting.py:bspline_profile:1163[0m -                   ----  --------  -------  ------                  
[1;38;2;49;54;149m    [INFO][0m - [38;2;116;173;209mfitting.py:bspline_profile:1257[0m -                      1     0.000        0    1.00                  
[1;38;2;49;54;149m    [INFO][0m - [38;2;116;173;209mfitting.py:bspline_profile:1272[0m -                   DONE     0.000        0    1.00                  
[1;38;2;49;54;149m    [INFO][0m - [38;2;116;173;209mfitting.py:bspline_profile:1275[0m - *******************************************************************
[1;38;2;253;174;97m [WARNING][0m - [38;2;116;173;209mflat.py:tweak_slit_edges_gradient:538[0m - Left slit edge shift of 0.7% exceeds the maximum allowed of 0.0%
The left edge will not be tweaked.
[1;38;2;253;174;97m [WARNING][0m - [38;2;116;173;209mflat.py:tweak_slit_edges_gradient:547[0m - Right slit edge shift of -0.7% exceeds the maximum allowed of 0.0%
The right edge will not be tweaked.
[1;38;2;49;54;149m    [INFO][0m - [38;2;116;173;209mfitting.py:bspline_profile:1156[0m - B-spline fit:
[1;38;2;49;54;149m    [INFO][0m - [38;2;116;173;209mfitting.py:bspline_profile:1157[0m -     npoly = 1 profile basis functions
[1;38;2;49;54;149m    [INFO][0m - [38;2;116;173;209mfitting.py:bspline_profile:1158[0m -     ngood = 620776/620776 measurements
[1;38;2;49;54;149m    [INFO][0m - [38;2;116;173;209mfitting.py:bspline_profile:1159[0m - ***************** Iter     Chi^2    N Rej  R. Fac *****************
[1;38;2;49;54;149m    [INFO][0m - [38;2;116;173;209mfitting.py:bspline_profile:1163[0m -                   ----  --------  -------  ------                  
[1;38;2;49;54;149m    [INFO][0m - [38;2;116;173;209mfitting.py:bspline_profile:1257[0m -                      1     0.000        0    1.00                  
[1;38;2;49;54;149m    [INFO][0m - [38;2;116;173;209mfitting.py:bspline_profile:1272[0m -                   DONE     0.000        0    1.00                  
[1;38;2;49;54;149m    [INFO][0m - [38;2;116;173;209mfitting.py:bspline_profile:1275[0m - *******************************************************************
[1;38;2;49;54;149m    [INFO][0m - [38;2;116;173;209mflatfield.py:spatial_fit_finecorr:1477[0m - Performing a fine correction to the spatial illumination (slit 1779)
[1;38;2;49;54;149m    [INFO][0m - [38;2;116;173;209mflatfield.py:spatillum_finecorr_qa:1966[0m - Generating QA for spatial illumination fine correction
[1;38;2;49;54;149m    [INFO][0m - [38;2;116;173;209mflatfield.py:spatillum_finecorr_qa:2047[0m - Saved QA:
/Users/kaiwenzhang/PycharmProjects/KCWI/KCWI_RED_channel_characterization/RM1 pypeit run/2024-04-01/pypeit_run/keck_kcrm_B/QA/PNGs/Spatillum_FineCorr_B_1_DET01_S1779_spatillum_finecorr.png
[1;38;2;49;54;149m    [INFO][0m - [38;2;116;173;209mflatfield.py:fit:1218[0m - Performing 2D illumination + scattered light flat field fit
[1;38;2;49;54;149m    [INFO][0m - [38;2;116;173;209mfitting.py:bspline_profile:1156[0m - B-spline fit:
[1;38;2;49;54;149m    [INFO][0m - [38;2;116;173;209mfitting.py:bspline_profile:1157[0m -     npoly = 7 profile basis functions
[1;38;2;49;54;149m    [INFO][0m - [38;2;116;173;209mfitting.py:bspline_profile:1158[0m -     ngood = 579496/579496 measurements
[1;38;2;49;54;149m    [INFO][0m - [38;2;116;173;209mfitting.py:bspline_profile:1159[0m - ***************** Iter     Chi^2    N Rej  R. Fac *****************
[1;38;2;49;54;149m    [INFO][0m - [38;2;116;173;209mfitting.py:bspline_profile:1163[0m -                   ----  --------  -------  ------                  
[1;38;2;49;54;149m    [INFO][0m - [38;2;116;173;209mfitting.py:bspline_profile:1257[0m -                      1     0.552     1637    1.00                  
[1;38;2;49;54;149m    [INFO][0m - [38;2;116;173;209mfitting.py:bspline_profile:1257[0m -                      2     0.438     2034    1.00                  
[1;38;2;49;54;149m    [INFO][0m - [38;2;116;173;209mfitting.py:bspline_profile:1257[0m -                      3     0.422     2142    1.00                  
[1;38;2;49;54;149m    [INFO][0m - [38;2;116;173;209mfitting.py:bspline_profile:1257[0m -                      4     0.419     2175    1.00                  
[1;38;2;49;54;149m    [INFO][0m - [38;2;116;173;209mfitting.py:bspline_profile:1257[0m -                      5     0.418     2182    1.00                  
[1;38;2;49;54;149m    [INFO][0m - [38;2;116;173;209mfitting.py:bspline_profile:1257[0m -                      6     0.418     2185    1.00                  
[1;38;2;49;54;149m    [INFO][0m - [38;2;116;173;209mfitting.py:bspline_profile:1257[0m -                      7     0.417     2186    1.00                  
[1;38;2;49;54;149m    [INFO][0m - [38;2;116;173;209mfitting.py:bspline_profile:1257[0m -                      8     0.417     2186    1.00                  
[1;38;2;49;54;149m    [INFO][0m - [38;2;116;173;209mfitting.py:bspline_profile:1272[0m -                   DONE     0.417     2186    1.00                  
[1;38;2;49;54;149m    [INFO][0m - [38;2;116;173;209mfitting.py:bspline_profile:1275[0m - *******************************************************************
[1;38;2;49;54;149m    [INFO][0m - [38;2;116;173;209mflatfield.py:fit:924[0m - Modeling the flat-field response for slit spat_id=2336: 13/24
[1;38;2;49;54;149m    [INFO][0m - [38;2;116;173;209mflatfield.py:fit:1008[0m - Spectral fit of flatfield for 555214/579982  pixels in the slit.
[1;38;2;49;54;149m    [INFO][0m - [38;2;116;173;209mfitting.py:bspline_profile:1156[0m - B-spline fit:
[1;38;2;49;54;149m    [INFO][0m - [38;2;116;173;209mfitting.py:bspline_profile:1157[0m -     npoly = 1 profile basis functions
[1;38;2;49;54;149m    [INFO][0m - [38;2;116;173;209mfitting.py:bspline_profile:1158[0m -     ngood = 555214/555214 measurements
[1;38;2;49;54;149m    [INFO][0m - [38;2;116;173;209mfitting.py:bspline_profile:1159[0m - ***************** Iter     Chi^2    N Rej  R. Fac *****************
[1;38;2;49;54;149m    [INFO][0m - [38;2;116;173;209mfitting.py:bspline_profile:1163[0m -                   ----  --------  -------  ------                  
[1;38;2;49;54;149m    [INFO][0m - [38;2;116;173;209mfitting.py:bspline_profile:1257[0m -                      1     0.014       55    1.00                  
[1;38;2;49;54;149m    [INFO][0m - [38;2;116;173;209mfitting.py:bspline_profile:1257[0m -                      2     0.014       56    1.00                  
[1;38;2;49;54;149m    [INFO][0m - [38;2;116;173;209mfitting.py:bspline_profile:1257[0m -                      3     0.014       56    1.00                  
[1;38;2;49;54;149m    [INFO][0m - [38;2;116;173;209mfitting.py:bspline_profile:1272[0m -                   DONE     0.014       56    1.00                  
[1;38;2;49;54;149m    [INFO][0m - [38;2;116;173;209mfitting.py:bspline_profile:1275[0m - *******************************************************************
[1;38;2;49;54;149m    [INFO][0m - [38;2;116;173;209mflatfield.py:fit:1097[0m - Spatial fit of flatfield for 607477/607477  pixels in the slit.
[1;38;2;49;54;149m    [INFO][0m - [38;2;116;173;209mfitting.py:bspline_profile:1156[0m - B-spline fit:
[1;38;2;49;54;149m    [INFO][0m - [38;2;116;173;209mfitting.py:bspline_profile:1157[0m -     npoly = 1 profile basis functions
[1;38;2;49;54;149m    [INFO][0m - [38;2;116;173;209mfitting.py:bspline_profile:1158[0m -     ngood = 607477/607477 measurements
[1;38;2;49;54;149m    [INFO][0m - [38;2;116;173;209mfitting.py:bspline_profile:1159[0m - ***************** Iter     Chi^2    N Rej  R. Fac *****************
[1;38;2;49;54;149m    [INFO][0m - [38;2;116;173;209mfitting.py:bspline_profile:1163[0m -                   ----  --------  -------  ------                  
[1;38;2;49;54;149m    [INFO][0m - [38;2;116;173;209mfitting.py:bspline_profile:1257[0m -                      1     0.000        0    1.00                  
[1;38;2;49;54;149m    [INFO][0m - [38;2;116;173;209mfitting.py:bspline_profile:1272[0m -                   DONE     0.000        0    1.00                  
[1;38;2;49;54;149m    [INFO][0m - [38;2;116;173;209mfitting.py:bspline_profile:1275[0m - *******************************************************************
[1;38;2;253;174;97m [WARNING][0m - [38;2;116;173;209mflat.py:tweak_slit_edges_gradient:538[0m - Left slit edge shift of 0.8% exceeds the maximum allowed of 0.0%
The left edge will not be tweaked.
[1;38;2;253;174;97m [WARNING][0m - [38;2;116;173;209mflat.py:tweak_slit_edges_gradient:547[0m - Right slit edge shift of -0.7% exceeds the maximum allowed of 0.0%
The right edge will not be tweaked.
[1;38;2;49;54;149m    [INFO][0m - [38;2;116;173;209mfitting.py:bspline_profile:1156[0m - B-spline fit:
[1;38;2;49;54;149m    [INFO][0m - [38;2;116;173;209mfitting.py:bspline_profile:1157[0m -     npoly = 1 profile basis functions
[1;38;2;49;54;149m    [INFO][0m - [38;2;116;173;209mfitting.py:bspline_profile:1158[0m -     ngood = 607477/607477 measurements
[1;38;2;49;54;149m    [INFO][0m - [38;2;116;173;209mfitting.py:bspline_profile:1159[0m - ***************** Iter     Chi^2    N Rej  R. Fac *****************
[1;38;2;49;54;149m    [INFO][0m - [38;2;116;173;209mfitting.py:bspline_profile:1163[0m -                   ----  --------  -------  ------                  
[1;38;2;49;54;149m    [INFO][0m - [38;2;116;173;209mfitting.py:bspline_profile:1257[0m -                      1     0.000        0    1.00                  
[1;38;2;49;54;149m    [INFO][0m - [38;2;116;173;209mfitting.py:bspline_profile:1272[0m -                   DONE     0.000        0    1.00                  
[1;38;2;49;54;149m    [INFO][0m - [38;2;116;173;209mfitting.py:bspline_profile:1275[0m - *******************************************************************
[1;38;2;49;54;149m    [INFO][0m - [38;2;116;173;209mflatfield.py:spatial_fit_finecorr:1477[0m - Performing a fine correction to the spatial illumination (slit 2336)
[1;38;2;253;174;97m [WARNING][0m - [38;2;116;173;209mfitting.py:robust_fit:456[0m - Maximum number of iterations maxiter=10 reached in robust_polyfit_djs
[1;38;2;49;54;149m    [INFO][0m - [38;2;116;173;209mflatfield.py:spatillum_finecorr_qa:1966[0m - Generating QA for spatial illumination fine correction
[1;38;2;49;54;149m    [INFO][0m - [38;2;116;173;209mflatfield.py:spatillum_finecorr_qa:2047[0m - Saved QA:
/Users/kaiwenzhang/PycharmProjects/KCWI/KCWI_RED_channel_characterization/RM1 pypeit run/2024-04-01/pypeit_run/keck_kcrm_B/QA/PNGs/Spatillum_FineCorr_B_1_DET01_S2336_spatillum_finecorr.png
[1;38;2;49;54;149m    [INFO][0m - [38;2;116;173;209mflatfield.py:fit:1218[0m - Performing 2D illumination + scattered light flat field fit
[1;38;2;49;54;149m    [INFO][0m - [38;2;116;173;209mfitting.py:bspline_profile:1156[0m - B-spline fit:
[1;38;2;49;54;149m    [INFO][0m - [38;2;116;173;209mfitting.py:bspline_profile:1157[0m -     npoly = 7 profile basis functions
[1;38;2;49;54;149m    [INFO][0m - [38;2;116;173;209mfitting.py:bspline_profile:1158[0m -     ngood = 579982/579982 measurements
[1;38;2;49;54;149m    [INFO][0m - [38;2;116;173;209mfitting.py:bspline_profile:1159[0m - ***************** Iter     Chi^2    N Rej  R. Fac *****************
[1;38;2;49;54;149m    [INFO][0m - [38;2;116;173;209mfitting.py:bspline_profile:1163[0m -                   ----  --------  -------  ------                  
[1;38;2;49;54;149m    [INFO][0m - [38;2;116;173;209mfitting.py:bspline_profile:1257[0m -                      1     0.521     1468    1.00                  
[1;38;2;49;54;149m    [INFO][0m - [38;2;116;173;209mfitting.py:bspline_profile:1257[0m -                      2     0.432     1910    1.00                  
[1;38;2;49;54;149m    [INFO][0m - [38;2;116;173;209mfitting.py:bspline_profile:1257[0m -                      3     0.414     2069    1.00                  
[1;38;2;49;54;149m    [INFO][0m - [38;2;116;173;209mfitting.py:bspline_profile:1257[0m -                      4     0.409     2136    1.00                  
[1;38;2;49;54;149m    [INFO][0m - [38;2;116;173;209mfitting.py:bspline_profile:1257[0m -                      5     0.407     2156    1.00                  
[1;38;2;49;54;149m    [INFO][0m - [38;2;116;173;209mfitting.py:bspline_profile:1257[0m -                      6     0.406     2161    1.00                  
[1;38;2;49;54;149m    [INFO][0m - [38;2;116;173;209mfitting.py:bspline_profile:1257[0m -                      7     0.406     2165    1.00                  
[1;38;2;49;54;149m    [INFO][0m - [38;2;116;173;209mfitting.py:bspline_profile:1257[0m -                      8     0.406     2165    1.00                  
[1;38;2;49;54;149m    [INFO][0m - [38;2;116;173;209mfitting.py:bspline_profile:1272[0m -                   DONE     0.406     2165    1.00                  
[1;38;2;49;54;149m    [INFO][0m - [38;2;116;173;209mfitting.py:bspline_profile:1275[0m - *******************************************************************
[1;38;2;49;54;149m    [INFO][0m - [38;2;116;173;209mflatfield.py:fit:924[0m - Modeling the flat-field response for slit spat_id=2483: 14/24
[1;38;2;49;54;149m    [INFO][0m - [38;2;116;173;209mflatfield.py:fit:1008[0m - Spectral fit of flatfield for 554772/579540  pixels in the slit.
[1;38;2;49;54;149m    [INFO][0m - [38;2;116;173;209mfitting.py:bspline_profile:1156[0m - B-spline fit:
[1;38;2;49;54;149m    [INFO][0m - [38;2;116;173;209mfitting.py:bspline_profile:1157[0m -     npoly = 1 profile basis functions
[1;38;2;49;54;149m    [INFO][0m - [38;2;116;173;209mfitting.py:bspline_profile:1158[0m -     ngood = 554772/554772 measurements
[1;38;2;49;54;149m    [INFO][0m - [38;2;116;173;209mfitting.py:bspline_profile:1159[0m - ***************** Iter     Chi^2    N Rej  R. Fac *****************
[1;38;2;49;54;149m    [INFO][0m - [38;2;116;173;209mfitting.py:bspline_profile:1163[0m -                   ----  --------  -------  ------                  
[1;38;2;49;54;149m    [INFO][0m - [38;2;116;173;209mfitting.py:bspline_profile:1257[0m -                      1     0.005        0    1.00                  
[1;38;2;49;54;149m    [INFO][0m - [38;2;116;173;209mfitting.py:bspline_profile:1272[0m -                   DONE     0.005        0    1.00                  
[1;38;2;49;54;149m    [INFO][0m - [38;2;116;173;209mfitting.py:bspline_profile:1275[0m - *******************************************************************
[1;38;2;49;54;149m    [INFO][0m - [38;2;116;173;209mflatfield.py:fit:1097[0m - Spatial fit of flatfield for 610524/610524  pixels in the slit.
[1;38;2;49;54;149m    [INFO][0m - [38;2;116;173;209mfitting.py:bspline_profile:1156[0m - B-spline fit:
[1;38;2;49;54;149m    [INFO][0m - [38;2;116;173;209mfitting.py:bspline_profile:1157[0m -     npoly = 1 profile basis functions
[1;38;2;49;54;149m    [INFO][0m - [38;2;116;173;209mfitting.py:bspline_profile:1158[0m -     ngood = 610524/610524 measurements
[1;38;2;49;54;149m    [INFO][0m - [38;2;116;173;209mfitting.py:bspline_profile:1159[0m - ***************** Iter     Chi^2    N Rej  R. Fac *****************
[1;38;2;49;54;149m    [INFO][0m - [38;2;116;173;209mfitting.py:bspline_profile:1163[0m -                   ----  --------  -------  ------                  
[1;38;2;49;54;149m    [INFO][0m - [38;2;116;173;209mfitting.py:bspline_profile:1257[0m -                      1     0.000        0    1.00                  
[1;38;2;49;54;149m    [INFO][0m - [38;2;116;173;209mfitting.py:bspline_profile:1272[0m -                   DONE     0.000        0    1.00                  
[1;38;2;49;54;149m    [INFO][0m - [38;2;116;173;209mfitting.py:bspline_profile:1275[0m - *******************************************************************
[1;38;2;253;174;97m [WARNING][0m - [38;2;116;173;209mflat.py:tweak_slit_edges_gradient:538[0m - Left slit edge shift of 0.8% exceeds the maximum allowed of 0.0%
The left edge will not be tweaked.
[1;38;2;253;174;97m [WARNING][0m - [38;2;116;173;209mflat.py:tweak_slit_edges_gradient:547[0m - Right slit edge shift of -0.6% exceeds the maximum allowed of 0.0%
The right edge will not be tweaked.
[1;38;2;49;54;149m    [INFO][0m - [38;2;116;173;209mfitting.py:bspline_profile:1156[0m - B-spline fit:
[1;38;2;49;54;149m    [INFO][0m - [38;2;116;173;209mfitting.py:bspline_profile:1157[0m -     npoly = 1 profile basis functions
[1;38;2;49;54;149m    [INFO][0m - [38;2;116;173;209mfitting.py:bspline_profile:1158[0m -     ngood = 610524/610524 measurements
[1;38;2;49;54;149m    [INFO][0m - [38;2;116;173;209mfitting.py:bspline_profile:1159[0m - ***************** Iter     Chi^2    N Rej  R. Fac *****************
[1;38;2;49;54;149m    [INFO][0m - [38;2;116;173;209mfitting.py:bspline_profile:1163[0m -                   ----  --------  -------  ------                  
[1;38;2;49;54;149m    [INFO][0m - [38;2;116;173;209mfitting.py:bspline_profile:1257[0m -                      1     0.000        0    1.00                  
[1;38;2;49;54;149m    [INFO][0m - [38;2;116;173;209mfitting.py:bspline_profile:1272[0m -                   DONE     0.000        0    1.00                  
[1;38;2;49;54;149m    [INFO][0m - [38;2;116;173;209mfitting.py:bspline_profile:1275[0m - *******************************************************************
[1;38;2;49;54;149m    [INFO][0m - [38;2;116;173;209mflatfield.py:spatial_fit_finecorr:1477[0m - Performing a fine correction to the spatial illumination (slit 2483)
[1;38;2;253;174;97m [WARNING][0m - [38;2;116;173;209mfitting.py:robust_fit:456[0m - Maximum number of iterations maxiter=10 reached in robust_polyfit_djs
[1;38;2;49;54;149m    [INFO][0m - [38;2;116;173;209mflatfield.py:spatillum_finecorr_qa:1966[0m - Generating QA for spatial illumination fine correction
[1;38;2;49;54;149m    [INFO][0m - [38;2;116;173;209mflatfield.py:spatillum_finecorr_qa:2047[0m - Saved QA:
/Users/kaiwenzhang/PycharmProjects/KCWI/KCWI_RED_channel_characterization/RM1 pypeit run/2024-04-01/pypeit_run/keck_kcrm_B/QA/PNGs/Spatillum_FineCorr_B_1_DET01_S2483_spatillum_finecorr.png
[1;38;2;49;54;149m    [INFO][0m - [38;2;116;173;209mflatfield.py:fit:1218[0m - Performing 2D illumination + scattered light flat field fit
[1;38;2;49;54;149m    [INFO][0m - [38;2;116;173;209mfitting.py:bspline_profile:1156[0m - B-spline fit:
[1;38;2;49;54;149m    [INFO][0m - [38;2;116;173;209mfitting.py:bspline_profile:1157[0m -     npoly = 7 profile basis functions
[1;38;2;49;54;149m    [INFO][0m - [38;2;116;173;209mfitting.py:bspline_profile:1158[0m -     ngood = 579540/579540 measurements
[1;38;2;49;54;149m    [INFO][0m - [38;2;116;173;209mfitting.py:bspline_profile:1159[0m - ***************** Iter     Chi^2    N Rej  R. Fac *****************
[1;38;2;49;54;149m    [INFO][0m - [38;2;116;173;209mfitting.py:bspline_profile:1163[0m -                   ----  --------  -------  ------                  
[1;38;2;49;54;149m    [INFO][0m - [38;2;116;173;209mfitting.py:bspline_profile:1257[0m -                      1     0.530     1587    1.00                  
[1;38;2;49;54;149m    [INFO][0m - [38;2;116;173;209mfitting.py:bspline_profile:1257[0m -                      2     0.424     2027    1.00                  
[1;38;2;49;54;149m    [INFO][0m - [38;2;116;173;209mfitting.py:bspline_profile:1257[0m -                      3     0.405     2171    1.00                  
[1;38;2;49;54;149m    [INFO][0m - [38;2;116;173;209mfitting.py:bspline_profile:1257[0m -                      4     0.400     2240    1.00                  
[1;38;2;49;54;149m    [INFO][0m - [38;2;116;173;209mfitting.py:bspline_profile:1257[0m -                      5     0.398     2271    1.00                  
[1;38;2;49;54;149m    [INFO][0m - [38;2;116;173;209mfitting.py:bspline_profile:1257[0m -                      6     0.397     2286    1.00                  
[1;38;2;49;54;149m    [INFO][0m - [38;2;116;173;209mfitting.py:bspline_profile:1257[0m -                      7     0.396     2289    1.00                  
[1;38;2;49;54;149m    [INFO][0m - [38;2;116;173;209mfitting.py:bspline_profile:1257[0m -                      8     0.396     2289    1.00                  
[1;38;2;49;54;149m    [INFO][0m - [38;2;116;173;209mfitting.py:bspline_profile:1272[0m -                   DONE     0.396     2289    1.00                  
[1;38;2;49;54;149m    [INFO][0m - [38;2;116;173;209mfitting.py:bspline_profile:1275[0m - *******************************************************************
[1;38;2;49;54;149m    [INFO][0m - [38;2;116;173;209mflatfield.py:fit:924[0m - Modeling the flat-field response for slit spat_id=2631: 15/24
[1;38;2;49;54;149m    [INFO][0m - [38;2;116;173;209mflatfield.py:fit:1008[0m - Spectral fit of flatfield for 554550/579318  pixels in the slit.
[1;38;2;49;54;149m    [INFO][0m - [38;2;116;173;209mfitting.py:bspline_profile:1156[0m - B-spline fit:
[1;38;2;49;54;149m    [INFO][0m - [38;2;116;173;209mfitting.py:bspline_profile:1157[0m -     npoly = 1 profile basis functions
[1;38;2;49;54;149m    [INFO][0m - [38;2;116;173;209mfitting.py:bspline_profile:1158[0m -     ngood = 554550/554550 measurements
[1;38;2;49;54;149m    [INFO][0m - [38;2;116;173;209mfitting.py:bspline_profile:1159[0m - ***************** Iter     Chi^2    N Rej  R. Fac *****************
[1;38;2;49;54;149m    [INFO][0m - [38;2;116;173;209mfitting.py:bspline_profile:1163[0m -                   ----  --------  -------  ------                  
[1;38;2;49;54;149m    [INFO][0m - [38;2;116;173;209mfitting.py:bspline_profile:1257[0m -                      1     0.007        1    1.00                  
[1;38;2;49;54;149m    [INFO][0m - [38;2;116;173;209mfitting.py:bspline_profile:1257[0m -                      2     0.007        1    1.00                  
[1;38;2;49;54;149m    [INFO][0m - [38;2;116;173;209mfitting.py:bspline_profile:1272[0m -                   DONE     0.007        1    1.00                  
[1;38;2;49;54;149m    [INFO][0m - [38;2;116;173;209mfitting.py:bspline_profile:1275[0m - *******************************************************************
[1;38;2;49;54;149m    [INFO][0m - [38;2;116;173;209mflatfield.py:fit:1097[0m - Spatial fit of flatfield for 604880/604880  pixels in the slit.
[1;38;2;49;54;149m    [INFO][0m - [38;2;116;173;209mfitting.py:bspline_profile:1156[0m - B-spline fit:
[1;38;2;49;54;149m    [INFO][0m - [38;2;116;173;209mfitting.py:bspline_profile:1157[0m -     npoly = 1 profile basis functions
[1;38;2;49;54;149m    [INFO][0m - [38;2;116;173;209mfitting.py:bspline_profile:1158[0m -     ngood = 604880/604880 measurements
[1;38;2;49;54;149m    [INFO][0m - [38;2;116;173;209mfitting.py:bspline_profile:1159[0m - ***************** Iter     Chi^2    N Rej  R. Fac *****************
[1;38;2;49;54;149m    [INFO][0m - [38;2;116;173;209mfitting.py:bspline_profile:1163[0m -                   ----  --------  -------  ------                  
[1;38;2;49;54;149m    [INFO][0m - [38;2;116;173;209mfitting.py:bspline_profile:1257[0m -                      1     0.000        0    1.00                  
[1;38;2;49;54;149m    [INFO][0m - [38;2;116;173;209mfitting.py:bspline_profile:1272[0m -                   DONE     0.000        0    1.00                  
[1;38;2;49;54;149m    [INFO][0m - [38;2;116;173;209mfitting.py:bspline_profile:1275[0m - *******************************************************************
[1;38;2;253;174;97m [WARNING][0m - [38;2;116;173;209mflat.py:tweak_slit_edges_gradient:538[0m - Left slit edge shift of 0.8% exceeds the maximum allowed of 0.0%
The left edge will not be tweaked.
[1;38;2;253;174;97m [WARNING][0m - [38;2;116;173;209mflat.py:tweak_slit_edges_gradient:547[0m - Right slit edge shift of -0.7% exceeds the maximum allowed of 0.0%
The right edge will not be tweaked.
[1;38;2;49;54;149m    [INFO][0m - [38;2;116;173;209mfitting.py:bspline_profile:1156[0m - B-spline fit:
[1;38;2;49;54;149m    [INFO][0m - [38;2;116;173;209mfitting.py:bspline_profile:1157[0m -     npoly = 1 profile basis functions
[1;38;2;49;54;149m    [INFO][0m - [38;2;116;173;209mfitting.py:bspline_profile:1158[0m -     ngood = 604880/604880 measurements
[1;38;2;49;54;149m    [INFO][0m - [38;2;116;173;209mfitting.py:bspline_profile:1159[0m - ***************** Iter     Chi^2    N Rej  R. Fac *****************
[1;38;2;49;54;149m    [INFO][0m - [38;2;116;173;209mfitting.py:bspline_profile:1163[0m -                   ----  --------  -------  ------                  
[1;38;2;49;54;149m    [INFO][0m - [38;2;116;173;209mfitting.py:bspline_profile:1257[0m -                      1     0.000        0    1.00                  
[1;38;2;49;54;149m    [INFO][0m - [38;2;116;173;209mfitting.py:bspline_profile:1272[0m -                   DONE     0.000        0    1.00                  
[1;38;2;49;54;149m    [INFO][0m - [38;2;116;173;209mfitting.py:bspline_profile:1275[0m - *******************************************************************
[1;38;2;49;54;149m    [INFO][0m - [38;2;116;173;209mflatfield.py:spatial_fit_finecorr:1477[0m - Performing a fine correction to the spatial illumination (slit 2631)
[1;38;2;253;174;97m [WARNING][0m - [38;2;116;173;209mfitting.py:robust_fit:456[0m - Maximum number of iterations maxiter=10 reached in robust_polyfit_djs
[1;38;2;49;54;149m    [INFO][0m - [38;2;116;173;209mflatfield.py:spatillum_finecorr_qa:1966[0m - Generating QA for spatial illumination fine correction
[1;38;2;49;54;149m    [INFO][0m - [38;2;116;173;209mflatfield.py:spatillum_finecorr_qa:2047[0m - Saved QA:
/Users/kaiwenzhang/PycharmProjects/KCWI/KCWI_RED_channel_characterization/RM1 pypeit run/2024-04-01/pypeit_run/keck_kcrm_B/QA/PNGs/Spatillum_FineCorr_B_1_DET01_S2631_spatillum_finecorr.png
[1;38;2;49;54;149m    [INFO][0m - [38;2;116;173;209mflatfield.py:fit:1218[0m - Performing 2D illumination + scattered light flat field fit
[1;38;2;49;54;149m    [INFO][0m - [38;2;116;173;209mfitting.py:bspline_profile:1156[0m - B-spline fit:
[1;38;2;49;54;149m    [INFO][0m - [38;2;116;173;209mfitting.py:bspline_profile:1157[0m -     npoly = 7 profile basis functions
[1;38;2;49;54;149m    [INFO][0m - [38;2;116;173;209mfitting.py:bspline_profile:1158[0m -     ngood = 579318/579318 measurements
[1;38;2;49;54;149m    [INFO][0m - [38;2;116;173;209mfitting.py:bspline_profile:1159[0m - ***************** Iter     Chi^2    N Rej  R. Fac *****************
[1;38;2;49;54;149m    [INFO][0m - [38;2;116;173;209mfitting.py:bspline_profile:1163[0m -                   ----  --------  -------  ------                  
[1;38;2;49;54;149m    [INFO][0m - [38;2;116;173;209mfitting.py:bspline_profile:1257[0m -                      1     0.883     3917    1.00                  
[1;38;2;49;54;149m    [INFO][0m - [38;2;116;173;209mfitting.py:bspline_profile:1257[0m -                      2     0.436     4277    1.00                  
[1;38;2;49;54;149m    [INFO][0m - [38;2;116;173;209mfitting.py:bspline_profile:1257[0m -                      3     0.421     4385    1.00                  
[1;38;2;49;54;149m    [INFO][0m - [38;2;116;173;209mfitting.py:bspline_profile:1257[0m -                      4     0.417     4438    1.00                  
[1;38;2;49;54;149m    [INFO][0m - [38;2;116;173;209mfitting.py:bspline_profile:1257[0m -                      5     0.415     4459    1.00                  
[1;38;2;49;54;149m    [INFO][0m - [38;2;116;173;209mfitting.py:bspline_profile:1257[0m -                      6     0.414     4465    1.00                  
[1;38;2;49;54;149m    [INFO][0m - [38;2;116;173;209mfitting.py:bspline_profile:1257[0m -                      7     0.414     4468    1.00                  
[1;38;2;49;54;149m    [INFO][0m - [38;2;116;173;209mfitting.py:bspline_profile:1257[0m -                      8     0.414     4469    1.00                  
[1;38;2;49;54;149m    [INFO][0m - [38;2;116;173;209mfitting.py:bspline_profile:1257[0m -                      9     0.414     4469    1.00                  
[1;38;2;49;54;149m    [INFO][0m - [38;2;116;173;209mfitting.py:bspline_profile:1272[0m -                   DONE     0.414     4469    1.00                  
[1;38;2;49;54;149m    [INFO][0m - [38;2;116;173;209mfitting.py:bspline_profile:1275[0m - *******************************************************************
[1;38;2;49;54;149m    [INFO][0m - [38;2;116;173;209mflatfield.py:fit:924[0m - Modeling the flat-field response for slit spat_id=2777: 16/24
[1;38;2;49;54;149m    [INFO][0m - [38;2;116;173;209mflatfield.py:fit:1008[0m - Spectral fit of flatfield for 554612/579380  pixels in the slit.
[1;38;2;49;54;149m    [INFO][0m - [38;2;116;173;209mfitting.py:bspline_profile:1156[0m - B-spline fit:
[1;38;2;49;54;149m    [INFO][0m - [38;2;116;173;209mfitting.py:bspline_profile:1157[0m -     npoly = 1 profile basis functions
[1;38;2;49;54;149m    [INFO][0m - [38;2;116;173;209mfitting.py:bspline_profile:1158[0m -     ngood = 554612/554612 measurements
[1;38;2;49;54;149m    [INFO][0m - [38;2;116;173;209mfitting.py:bspline_profile:1159[0m - ***************** Iter     Chi^2    N Rej  R. Fac *****************
[1;38;2;49;54;149m    [INFO][0m - [38;2;116;173;209mfitting.py:bspline_profile:1163[0m -                   ----  --------  -------  ------                  
[1;38;2;49;54;149m    [INFO][0m - [38;2;116;173;209mfitting.py:bspline_profile:1257[0m -                      1     0.005        1    1.00                  
[1;38;2;49;54;149m    [INFO][0m - [38;2;116;173;209mfitting.py:bspline_profile:1257[0m -                      2     0.005        1    1.00                  
[1;38;2;49;54;149m    [INFO][0m - [38;2;116;173;209mfitting.py:bspline_profile:1272[0m -                   DONE     0.005        1    1.00                  
[1;38;2;49;54;149m    [INFO][0m - [38;2;116;173;209mfitting.py:bspline_profile:1275[0m - *******************************************************************
[1;38;2;49;54;149m    [INFO][0m - [38;2;116;173;209mflatfield.py:fit:1097[0m - Spatial fit of flatfield for 607820/607820  pixels in the slit.
[1;38;2;49;54;149m    [INFO][0m - [38;2;116;173;209mfitting.py:bspline_profile:1156[0m - B-spline fit:
[1;38;2;49;54;149m    [INFO][0m - [38;2;116;173;209mfitting.py:bspline_profile:1157[0m -     npoly = 1 profile basis functions
[1;38;2;49;54;149m    [INFO][0m - [38;2;116;173;209mfitting.py:bspline_profile:1158[0m -     ngood = 607820/607820 measurements
[1;38;2;49;54;149m    [INFO][0m - [38;2;116;173;209mfitting.py:bspline_profile:1159[0m - ***************** Iter     Chi^2    N Rej  R. Fac *****************
[1;38;2;49;54;149m    [INFO][0m - [38;2;116;173;209mfitting.py:bspline_profile:1163[0m -                   ----  --------  -------  ------                  
[1;38;2;49;54;149m    [INFO][0m - [38;2;116;173;209mfitting.py:bspline_profile:1257[0m -                      1     0.000        0    1.00                  
[1;38;2;49;54;149m    [INFO][0m - [38;2;116;173;209mfitting.py:bspline_profile:1272[0m -                   DONE     0.000        0    1.00                  
[1;38;2;49;54;149m    [INFO][0m - [38;2;116;173;209mfitting.py:bspline_profile:1275[0m - *******************************************************************
[1;38;2;253;174;97m [WARNING][0m - [38;2;116;173;209mflat.py:tweak_slit_edges_gradient:538[0m - Left slit edge shift of 0.8% exceeds the maximum allowed of 0.0%
The left edge will not be tweaked.
[1;38;2;253;174;97m [WARNING][0m - [38;2;116;173;209mflat.py:tweak_slit_edges_gradient:547[0m - Right slit edge shift of -0.6% exceeds the maximum allowed of 0.0%
The right edge will not be tweaked.
[1;38;2;49;54;149m    [INFO][0m - [38;2;116;173;209mfitting.py:bspline_profile:1156[0m - B-spline fit:
[1;38;2;49;54;149m    [INFO][0m - [38;2;116;173;209mfitting.py:bspline_profile:1157[0m -     npoly = 1 profile basis functions
[1;38;2;49;54;149m    [INFO][0m - [38;2;116;173;209mfitting.py:bspline_profile:1158[0m -     ngood = 607820/607820 measurements
[1;38;2;49;54;149m    [INFO][0m - [38;2;116;173;209mfitting.py:bspline_profile:1159[0m - ***************** Iter     Chi^2    N Rej  R. Fac *****************
[1;38;2;49;54;149m    [INFO][0m - [38;2;116;173;209mfitting.py:bspline_profile:1163[0m -                   ----  --------  -------  ------                  
[1;38;2;49;54;149m    [INFO][0m - [38;2;116;173;209mfitting.py:bspline_profile:1257[0m -                      1     0.000        0    1.00                  
[1;38;2;49;54;149m    [INFO][0m - [38;2;116;173;209mfitting.py:bspline_profile:1272[0m -                   DONE     0.000        0    1.00                  
[1;38;2;49;54;149m    [INFO][0m - [38;2;116;173;209mfitting.py:bspline_profile:1275[0m - *******************************************************************
[1;38;2;49;54;149m    [INFO][0m - [38;2;116;173;209mflatfield.py:spatial_fit_finecorr:1477[0m - Performing a fine correction to the spatial illumination (slit 2777)
[1;38;2;253;174;97m [WARNING][0m - [38;2;116;173;209mfitting.py:robust_fit:456[0m - Maximum number of iterations maxiter=10 reached in robust_polyfit_djs
[1;38;2;49;54;149m    [INFO][0m - [38;2;116;173;209mflatfield.py:spatillum_finecorr_qa:1966[0m - Generating QA for spatial illumination fine correction
[1;38;2;49;54;149m    [INFO][0m - [38;2;116;173;209mflatfield.py:spatillum_finecorr_qa:2047[0m - Saved QA:
/Users/kaiwenzhang/PycharmProjects/KCWI/KCWI_RED_channel_characterization/RM1 pypeit run/2024-04-01/pypeit_run/keck_kcrm_B/QA/PNGs/Spatillum_FineCorr_B_1_DET01_S2777_spatillum_finecorr.png
[1;38;2;49;54;149m    [INFO][0m - [38;2;116;173;209mflatfield.py:fit:1218[0m - Performing 2D illumination + scattered light flat field fit
[1;38;2;49;54;149m    [INFO][0m - [38;2;116;173;209mfitting.py:bspline_profile:1156[0m - B-spline fit:
[1;38;2;49;54;149m    [INFO][0m - [38;2;116;173;209mfitting.py:bspline_profile:1157[0m -     npoly = 7 profile basis functions
[1;38;2;49;54;149m    [INFO][0m - [38;2;116;173;209mfitting.py:bspline_profile:1158[0m -     ngood = 579380/579380 measurements
[1;38;2;49;54;149m    [INFO][0m - [38;2;116;173;209mfitting.py:bspline_profile:1159[0m - ***************** Iter     Chi^2    N Rej  R. Fac *****************
[1;38;2;49;54;149m    [INFO][0m - [38;2;116;173;209mfitting.py:bspline_profile:1163[0m -                   ----  --------  -------  ------                  
[1;38;2;49;54;149m    [INFO][0m - [38;2;116;173;209mfitting.py:bspline_profile:1257[0m -                      1     0.698     2834    1.00                  
[1;38;2;49;54;149m    [INFO][0m - [38;2;116;173;209mfitting.py:bspline_profile:1257[0m -                      2     0.478     3475    1.00                  
[1;38;2;49;54;149m    [INFO][0m - [38;2;116;173;209mfitting.py:bspline_profile:1257[0m -                      3     0.450     3682    1.00                  
[1;38;2;49;54;149m    [INFO][0m - [38;2;116;173;209mfitting.py:bspline_profile:1257[0m -                      4     0.443     3760    1.00                  
[1;38;2;49;54;149m    [INFO][0m - [38;2;116;173;209mfitting.py:bspline_profile:1257[0m -                      5     0.441     3792    1.00                  
[1;38;2;49;54;149m    [INFO][0m - [38;2;116;173;209mfitting.py:bspline_profile:1257[0m -                      6     0.440     3805    1.00                  
[1;38;2;49;54;149m    [INFO][0m - [38;2;116;173;209mfitting.py:bspline_profile:1257[0m -                      7     0.439     3814    1.00                  
[1;38;2;49;54;149m    [INFO][0m - [38;2;116;173;209mfitting.py:bspline_profile:1257[0m -                      8     0.439     3818    1.00                  
[1;38;2;49;54;149m    [INFO][0m - [38;2;116;173;209mfitting.py:bspline_profile:1257[0m -                      9     0.439     3820    1.00                  
[1;38;2;49;54;149m    [INFO][0m - [38;2;116;173;209mfitting.py:bspline_profile:1257[0m -                     10     0.439     3821    1.00                  
[1;38;2;49;54;149m    [INFO][0m - [38;2;116;173;209mfitting.py:bspline_profile:1257[0m -                     11     0.439     3821    1.00                  
[1;38;2;49;54;149m    [INFO][0m - [38;2;116;173;209mfitting.py:bspline_profile:1272[0m -                   DONE     0.439     3821    1.00                  
[1;38;2;49;54;149m    [INFO][0m - [38;2;116;173;209mfitting.py:bspline_profile:1275[0m - *******************************************************************
[1;38;2;49;54;149m    [INFO][0m - [38;2;116;173;209mflatfield.py:fit:924[0m - Modeling the flat-field response for slit spat_id=2924: 17/24
[1;38;2;49;54;149m    [INFO][0m - [38;2;116;173;209mflatfield.py:fit:1008[0m - Spectral fit of flatfield for 553980/578748  pixels in the slit.
[1;38;2;49;54;149m    [INFO][0m - [38;2;116;173;209mfitting.py:bspline_profile:1156[0m - B-spline fit:
[1;38;2;49;54;149m    [INFO][0m - [38;2;116;173;209mfitting.py:bspline_profile:1157[0m -     npoly = 1 profile basis functions
[1;38;2;49;54;149m    [INFO][0m - [38;2;116;173;209mfitting.py:bspline_profile:1158[0m -     ngood = 553980/553980 measurements
[1;38;2;49;54;149m    [INFO][0m - [38;2;116;173;209mfitting.py:bspline_profile:1159[0m - ***************** Iter     Chi^2    N Rej  R. Fac *****************
[1;38;2;49;54;149m    [INFO][0m - [38;2;116;173;209mfitting.py:bspline_profile:1163[0m -                   ----  --------  -------  ------                  
[1;38;2;49;54;149m    [INFO][0m - [38;2;116;173;209mfitting.py:bspline_profile:1257[0m -                      1     0.006        0    1.00                  
[1;38;2;49;54;149m    [INFO][0m - [38;2;116;173;209mfitting.py:bspline_profile:1272[0m -                   DONE     0.006        0    1.00                  
[1;38;2;49;54;149m    [INFO][0m - [38;2;116;173;209mfitting.py:bspline_profile:1275[0m - *******************************************************************
[1;38;2;49;54;149m    [INFO][0m - [38;2;116;173;209mflatfield.py:fit:1097[0m - Spatial fit of flatfield for 607853/607853  pixels in the slit.
[1;38;2;49;54;149m    [INFO][0m - [38;2;116;173;209mfitting.py:bspline_profile:1156[0m - B-spline fit:
[1;38;2;49;54;149m    [INFO][0m - [38;2;116;173;209mfitting.py:bspline_profile:1157[0m -     npoly = 1 profile basis functions
[1;38;2;49;54;149m    [INFO][0m - [38;2;116;173;209mfitting.py:bspline_profile:1158[0m -     ngood = 607853/607853 measurements
[1;38;2;49;54;149m    [INFO][0m - [38;2;116;173;209mfitting.py:bspline_profile:1159[0m - ***************** Iter     Chi^2    N Rej  R. Fac *****************
[1;38;2;49;54;149m    [INFO][0m - [38;2;116;173;209mfitting.py:bspline_profile:1163[0m -                   ----  --------  -------  ------                  
[1;38;2;49;54;149m    [INFO][0m - [38;2;116;173;209mfitting.py:bspline_profile:1257[0m -                      1     0.000        0    1.00                  
[1;38;2;49;54;149m    [INFO][0m - [38;2;116;173;209mfitting.py:bspline_profile:1272[0m -                   DONE     0.000        0    1.00                  
[1;38;2;49;54;149m    [INFO][0m - [38;2;116;173;209mfitting.py:bspline_profile:1275[0m - *******************************************************************
[1;38;2;253;174;97m [WARNING][0m - [38;2;116;173;209mflat.py:tweak_slit_edges_gradient:538[0m - Left slit edge shift of 0.7% exceeds the maximum allowed of 0.0%
The left edge will not be tweaked.
[1;38;2;253;174;97m [WARNING][0m - [38;2;116;173;209mflat.py:tweak_slit_edges_gradient:547[0m - Right slit edge shift of -0.5% exceeds the maximum allowed of 0.0%
The right edge will not be tweaked.
[1;38;2;49;54;149m    [INFO][0m - [38;2;116;173;209mfitting.py:bspline_profile:1156[0m - B-spline fit:
[1;38;2;49;54;149m    [INFO][0m - [38;2;116;173;209mfitting.py:bspline_profile:1157[0m -     npoly = 1 profile basis functions
[1;38;2;49;54;149m    [INFO][0m - [38;2;116;173;209mfitting.py:bspline_profile:1158[0m -     ngood = 607853/607853 measurements
[1;38;2;49;54;149m    [INFO][0m - [38;2;116;173;209mfitting.py:bspline_profile:1159[0m - ***************** Iter     Chi^2    N Rej  R. Fac *****************
[1;38;2;49;54;149m    [INFO][0m - [38;2;116;173;209mfitting.py:bspline_profile:1163[0m -                   ----  --------  -------  ------                  
[1;38;2;49;54;149m    [INFO][0m - [38;2;116;173;209mfitting.py:bspline_profile:1257[0m -                      1     0.000        0    1.00                  
[1;38;2;49;54;149m    [INFO][0m - [38;2;116;173;209mfitting.py:bspline_profile:1272[0m -                   DONE     0.000        0    1.00                  
[1;38;2;49;54;149m    [INFO][0m - [38;2;116;173;209mfitting.py:bspline_profile:1275[0m - *******************************************************************
[1;38;2;49;54;149m    [INFO][0m - [38;2;116;173;209mflatfield.py:spatial_fit_finecorr:1477[0m - Performing a fine correction to the spatial illumination (slit 2924)
[1;38;2;253;174;97m [WARNING][0m - [38;2;116;173;209mfitting.py:robust_fit:456[0m - Maximum number of iterations maxiter=10 reached in robust_polyfit_djs
[1;38;2;49;54;149m    [INFO][0m - [38;2;116;173;209mflatfield.py:spatillum_finecorr_qa:1966[0m - Generating QA for spatial illumination fine correction
[1;38;2;49;54;149m    [INFO][0m - [38;2;116;173;209mflatfield.py:spatillum_finecorr_qa:2047[0m - Saved QA:
/Users/kaiwenzhang/PycharmProjects/KCWI/KCWI_RED_channel_characterization/RM1 pypeit run/2024-04-01/pypeit_run/keck_kcrm_B/QA/PNGs/Spatillum_FineCorr_B_1_DET01_S2924_spatillum_finecorr.png
[1;38;2;49;54;149m    [INFO][0m - [38;2;116;173;209mflatfield.py:fit:1218[0m - Performing 2D illumination + scattered light flat field fit
[1;38;2;49;54;149m    [INFO][0m - [38;2;116;173;209mfitting.py:bspline_profile:1156[0m - B-spline fit:
[1;38;2;49;54;149m    [INFO][0m - [38;2;116;173;209mfitting.py:bspline_profile:1157[0m -     npoly = 7 profile basis functions
[1;38;2;49;54;149m    [INFO][0m - [38;2;116;173;209mfitting.py:bspline_profile:1158[0m -     ngood = 578748/578748 measurements
[1;38;2;49;54;149m    [INFO][0m - [38;2;116;173;209mfitting.py:bspline_profile:1159[0m - ***************** Iter     Chi^2    N Rej  R. Fac *****************
[1;38;2;49;54;149m    [INFO][0m - [38;2;116;173;209mfitting.py:bspline_profile:1163[0m -                   ----  --------  -------  ------                  
[1;38;2;49;54;149m    [INFO][0m - [38;2;116;173;209mfitting.py:bspline_profile:1257[0m -                      1     0.883     3815    1.00                  
[1;38;2;49;54;149m    [INFO][0m - [38;2;116;173;209mfitting.py:bspline_profile:1257[0m -                      2     0.506     4675    1.00                  
[1;38;2;49;54;149m    [INFO][0m - [38;2;116;173;209mfitting.py:bspline_profile:1257[0m -                      3     0.470     5073    1.00                  
[1;38;2;49;54;149m    [INFO][0m - [38;2;116;173;209mfitting.py:bspline_profile:1257[0m -                      4     0.455     5251    1.00                  
[1;38;2;49;54;149m    [INFO][0m - [38;2;116;173;209mfitting.py:bspline_profile:1257[0m -                      5     0.449     5341    1.00                  
[1;38;2;49;54;149m    [INFO][0m - [38;2;116;173;209mfitting.py:bspline_profile:1257[0m -                      6     0.447     5391    1.00                  
[1;38;2;49;54;149m    [INFO][0m - [38;2;116;173;209mfitting.py:bspline_profile:1257[0m -                      7     0.445     5414    1.00                  
[1;38;2;49;54;149m    [INFO][0m - [38;2;116;173;209mfitting.py:bspline_profile:1257[0m -                      8     0.444     5431    1.00                  
[1;38;2;49;54;149m    [INFO][0m - [38;2;116;173;209mfitting.py:bspline_profile:1257[0m -                      9     0.444     5444    1.00                  
[1;38;2;49;54;149m    [INFO][0m - [38;2;116;173;209mfitting.py:bspline_profile:1257[0m -                     10     0.443     5454    1.00                  
[1;38;2;49;54;149m    [INFO][0m - [38;2;116;173;209mfitting.py:bspline_profile:1257[0m -                     11     0.443     5458    1.00                  
[1;38;2;49;54;149m    [INFO][0m - [38;2;116;173;209mfitting.py:bspline_profile:1257[0m -                     12     0.443     5461    1.00                  
[1;38;2;49;54;149m    [INFO][0m - [38;2;116;173;209mfitting.py:bspline_profile:1257[0m -                     13     0.443     5464    1.00                  
[1;38;2;49;54;149m    [INFO][0m - [38;2;116;173;209mfitting.py:bspline_profile:1257[0m -                     14     0.443     5469    1.00                  
[1;38;2;49;54;149m    [INFO][0m - [38;2;116;173;209mfitting.py:bspline_profile:1257[0m -                     15     0.443     5473    1.00                  
[1;38;2;49;54;149m    [INFO][0m - [38;2;116;173;209mfitting.py:bspline_profile:1257[0m -                     16     0.442     5478    1.00                  
[1;38;2;49;54;149m    [INFO][0m - [38;2;116;173;209mfitting.py:bspline_profile:1257[0m -                     17     0.442     5480    1.00                  
[1;38;2;49;54;149m    [INFO][0m - [38;2;116;173;209mfitting.py:bspline_profile:1257[0m -                     18     0.442     5482    1.00                  
[1;38;2;49;54;149m    [INFO][0m - [38;2;116;173;209mfitting.py:bspline_profile:1257[0m -                     19     0.442     5483    1.00                  
[1;38;2;49;54;149m    [INFO][0m - [38;2;116;173;209mfitting.py:bspline_profile:1257[0m -                     20     0.442     5483    1.00                  
[1;38;2;49;54;149m    [INFO][0m - [38;2;116;173;209mfitting.py:bspline_profile:1272[0m -                   DONE     0.442     5483    1.00                  
[1;38;2;49;54;149m    [INFO][0m - [38;2;116;173;209mfitting.py:bspline_profile:1275[0m - *******************************************************************
[1;38;2;49;54;149m    [INFO][0m - [38;2;116;173;209mflatfield.py:fit:924[0m - Modeling the flat-field response for slit spat_id=3071: 18/24
[1;38;2;49;54;149m    [INFO][0m - [38;2;116;173;209mflatfield.py:fit:1008[0m - Spectral fit of flatfield for 554299/579067  pixels in the slit.
[1;38;2;49;54;149m    [INFO][0m - [38;2;116;173;209mfitting.py:bspline_profile:1156[0m - B-spline fit:
[1;38;2;49;54;149m    [INFO][0m - [38;2;116;173;209mfitting.py:bspline_profile:1157[0m -     npoly = 1 profile basis functions
[1;38;2;49;54;149m    [INFO][0m - [38;2;116;173;209mfitting.py:bspline_profile:1158[0m -     ngood = 554299/554299 measurements
[1;38;2;49;54;149m    [INFO][0m - [38;2;116;173;209mfitting.py:bspline_profile:1159[0m - ***************** Iter     Chi^2    N Rej  R. Fac *****************
[1;38;2;49;54;149m    [INFO][0m - [38;2;116;173;209mfitting.py:bspline_profile:1163[0m -                   ----  --------  -------  ------                  
[1;38;2;49;54;149m    [INFO][0m - [38;2;116;173;209mfitting.py:bspline_profile:1257[0m -                      1     0.007        1    1.00                  
[1;38;2;49;54;149m    [INFO][0m - [38;2;116;173;209mfitting.py:bspline_profile:1257[0m -                      2     0.007        1    1.00                  
[1;38;2;49;54;149m    [INFO][0m - [38;2;116;173;209mfitting.py:bspline_profile:1272[0m -                   DONE     0.007        1    1.00                  
[1;38;2;49;54;149m    [INFO][0m - [38;2;116;173;209mfitting.py:bspline_profile:1275[0m - *******************************************************************
[1;38;2;49;54;149m    [INFO][0m - [38;2;116;173;209mflatfield.py:fit:1097[0m - Spatial fit of flatfield for 609174/609174  pixels in the slit.
[1;38;2;49;54;149m    [INFO][0m - [38;2;116;173;209mfitting.py:bspline_profile:1156[0m - B-spline fit:
[1;38;2;49;54;149m    [INFO][0m - [38;2;116;173;209mfitting.py:bspline_profile:1157[0m -     npoly = 1 profile basis functions
[1;38;2;49;54;149m    [INFO][0m - [38;2;116;173;209mfitting.py:bspline_profile:1158[0m -     ngood = 609174/609174 measurements
[1;38;2;49;54;149m    [INFO][0m - [38;2;116;173;209mfitting.py:bspline_profile:1159[0m - ***************** Iter     Chi^2    N Rej  R. Fac *****************
[1;38;2;49;54;149m    [INFO][0m - [38;2;116;173;209mfitting.py:bspline_profile:1163[0m -                   ----  --------  -------  ------                  
[1;38;2;49;54;149m    [INFO][0m - [38;2;116;173;209mfitting.py:bspline_profile:1257[0m -                      1     0.000        0    1.00                  
[1;38;2;49;54;149m    [INFO][0m - [38;2;116;173;209mfitting.py:bspline_profile:1272[0m -                   DONE     0.000        0    1.00                  
[1;38;2;49;54;149m    [INFO][0m - [38;2;116;173;209mfitting.py:bspline_profile:1275[0m - *******************************************************************
[1;38;2;253;174;97m [WARNING][0m - [38;2;116;173;209mflat.py:tweak_slit_edges_gradient:538[0m - Left slit edge shift of 0.9% exceeds the maximum allowed of 0.0%
The left edge will not be tweaked.
[1;38;2;253;174;97m [WARNING][0m - [38;2;116;173;209mflat.py:tweak_slit_edges_gradient:547[0m - Right slit edge shift of -0.6% exceeds the maximum allowed of 0.0%
The right edge will not be tweaked.
[1;38;2;49;54;149m    [INFO][0m - [38;2;116;173;209mfitting.py:bspline_profile:1156[0m - B-spline fit:
[1;38;2;49;54;149m    [INFO][0m - [38;2;116;173;209mfitting.py:bspline_profile:1157[0m -     npoly = 1 profile basis functions
[1;38;2;49;54;149m    [INFO][0m - [38;2;116;173;209mfitting.py:bspline_profile:1158[0m -     ngood = 609174/609174 measurements
[1;38;2;49;54;149m    [INFO][0m - [38;2;116;173;209mfitting.py:bspline_profile:1159[0m - ***************** Iter     Chi^2    N Rej  R. Fac *****************
[1;38;2;49;54;149m    [INFO][0m - [38;2;116;173;209mfitting.py:bspline_profile:1163[0m -                   ----  --------  -------  ------                  
[1;38;2;49;54;149m    [INFO][0m - [38;2;116;173;209mfitting.py:bspline_profile:1257[0m -                      1     0.000        0    1.00                  
[1;38;2;49;54;149m    [INFO][0m - [38;2;116;173;209mfitting.py:bspline_profile:1272[0m -                   DONE     0.000        0    1.00                  
[1;38;2;49;54;149m    [INFO][0m - [38;2;116;173;209mfitting.py:bspline_profile:1275[0m - *******************************************************************
[1;38;2;49;54;149m    [INFO][0m - [38;2;116;173;209mflatfield.py:spatial_fit_finecorr:1477[0m - Performing a fine correction to the spatial illumination (slit 3071)
[1;38;2;253;174;97m [WARNING][0m - [38;2;116;173;209mfitting.py:robust_fit:456[0m - Maximum number of iterations maxiter=10 reached in robust_polyfit_djs
[1;38;2;49;54;149m    [INFO][0m - [38;2;116;173;209mflatfield.py:spatillum_finecorr_qa:1966[0m - Generating QA for spatial illumination fine correction
[1;38;2;49;54;149m    [INFO][0m - [38;2;116;173;209mflatfield.py:spatillum_finecorr_qa:2047[0m - Saved QA:
/Users/kaiwenzhang/PycharmProjects/KCWI/KCWI_RED_channel_characterization/RM1 pypeit run/2024-04-01/pypeit_run/keck_kcrm_B/QA/PNGs/Spatillum_FineCorr_B_1_DET01_S3071_spatillum_finecorr.png
[1;38;2;49;54;149m    [INFO][0m - [38;2;116;173;209mflatfield.py:fit:1218[0m - Performing 2D illumination + scattered light flat field fit
[1;38;2;49;54;149m    [INFO][0m - [38;2;116;173;209mfitting.py:bspline_profile:1156[0m - B-spline fit:
[1;38;2;49;54;149m    [INFO][0m - [38;2;116;173;209mfitting.py:bspline_profile:1157[0m -     npoly = 7 profile basis functions
[1;38;2;49;54;149m    [INFO][0m - [38;2;116;173;209mfitting.py:bspline_profile:1158[0m -     ngood = 579061/579067 measurements
[1;38;2;49;54;149m    [INFO][0m - [38;2;116;173;209mfitting.py:bspline_profile:1159[0m - ***************** Iter     Chi^2    N Rej  R. Fac *****************
[1;38;2;49;54;149m    [INFO][0m - [38;2;116;173;209mfitting.py:bspline_profile:1163[0m -                   ----  --------  -------  ------                  
[1;38;2;49;54;149m    [INFO][0m - [38;2;116;173;209mfitting.py:bspline_profile:1257[0m -                      1     1.099     5170    1.00                  
[1;38;2;49;54;149m    [INFO][0m - [38;2;116;173;209mfitting.py:bspline_profile:1257[0m -                      2     0.548     6398    1.00                  
[1;38;2;49;54;149m    [INFO][0m - [38;2;116;173;209mfitting.py:bspline_profile:1257[0m -                      3     0.492     6864    1.00                  
[1;38;2;49;54;149m    [INFO][0m - [38;2;116;173;209mfitting.py:bspline_profile:1257[0m -                      4     0.474     7037    1.00                  
[1;38;2;49;54;149m    [INFO][0m - [38;2;116;173;209mfitting.py:bspline_profile:1257[0m -                      5     0.468     7108    1.00                  
[1;38;2;49;54;149m    [INFO][0m - [38;2;116;173;209mfitting.py:bspline_profile:1257[0m -                      6     0.466     7143    1.00                  
[1;38;2;49;54;149m    [INFO][0m - [38;2;116;173;209mfitting.py:bspline_profile:1257[0m -                      7     0.465     7160    1.00                  
[1;38;2;49;54;149m    [INFO][0m - [38;2;116;173;209mfitting.py:bspline_profile:1257[0m -                      8     0.464     7168    1.00                  
[1;38;2;49;54;149m    [INFO][0m - [38;2;116;173;209mfitting.py:bspline_profile:1257[0m -                      9     0.464     7172    1.00                  
[1;38;2;49;54;149m    [INFO][0m - [38;2;116;173;209mfitting.py:bspline_profile:1257[0m -                     10     0.464     7175    1.00                  
[1;38;2;49;54;149m    [INFO][0m - [38;2;116;173;209mfitting.py:bspline_profile:1257[0m -                     11     0.464     7177    1.00                  
[1;38;2;49;54;149m    [INFO][0m - [38;2;116;173;209mfitting.py:bspline_profile:1257[0m -                     12     0.464     7178    1.00                  
[1;38;2;49;54;149m    [INFO][0m - [38;2;116;173;209mfitting.py:bspline_profile:1257[0m -                     13     0.464     7178    1.00                  
[1;38;2;49;54;149m    [INFO][0m - [38;2;116;173;209mfitting.py:bspline_profile:1272[0m -                   DONE     0.464     7178    1.00                  
[1;38;2;49;54;149m    [INFO][0m - [38;2;116;173;209mfitting.py:bspline_profile:1275[0m - *******************************************************************
[1;38;2;49;54;149m    [INFO][0m - [38;2;116;173;209mflatfield.py:fit:924[0m - Modeling the flat-field response for slit spat_id=3219: 19/24
[1;38;2;49;54;149m    [INFO][0m - [38;2;116;173;209mflatfield.py:fit:1008[0m - Spectral fit of flatfield for 554074/578842  pixels in the slit.
[1;38;2;49;54;149m    [INFO][0m - [38;2;116;173;209mfitting.py:bspline_profile:1156[0m - B-spline fit:
[1;38;2;49;54;149m    [INFO][0m - [38;2;116;173;209mfitting.py:bspline_profile:1157[0m -     npoly = 1 profile basis functions
[1;38;2;49;54;149m    [INFO][0m - [38;2;116;173;209mfitting.py:bspline_profile:1158[0m -     ngood = 554074/554074 measurements
[1;38;2;49;54;149m    [INFO][0m - [38;2;116;173;209mfitting.py:bspline_profile:1159[0m - ***************** Iter     Chi^2    N Rej  R. Fac *****************
[1;38;2;49;54;149m    [INFO][0m - [38;2;116;173;209mfitting.py:bspline_profile:1163[0m -                   ----  --------  -------  ------                  
[1;38;2;49;54;149m    [INFO][0m - [38;2;116;173;209mfitting.py:bspline_profile:1257[0m -                      1     0.006       36    1.00                  
[1;38;2;49;54;149m    [INFO][0m - [38;2;116;173;209mfitting.py:bspline_profile:1257[0m -                      2     0.006       36    1.00                  
[1;38;2;49;54;149m    [INFO][0m - [38;2;116;173;209mfitting.py:bspline_profile:1272[0m -                   DONE     0.006       36    1.00                  
[1;38;2;49;54;149m    [INFO][0m - [38;2;116;173;209mfitting.py:bspline_profile:1275[0m - *******************************************************************
[1;38;2;49;54;149m    [INFO][0m - [38;2;116;173;209mflatfield.py:fit:1097[0m - Spatial fit of flatfield for 611267/611267  pixels in the slit.
[1;38;2;49;54;149m    [INFO][0m - [38;2;116;173;209mfitting.py:bspline_profile:1156[0m - B-spline fit:
[1;38;2;49;54;149m    [INFO][0m - [38;2;116;173;209mfitting.py:bspline_profile:1157[0m -     npoly = 1 profile basis functions
[1;38;2;49;54;149m    [INFO][0m - [38;2;116;173;209mfitting.py:bspline_profile:1158[0m -     ngood = 611267/611267 measurements
[1;38;2;49;54;149m    [INFO][0m - [38;2;116;173;209mfitting.py:bspline_profile:1159[0m - ***************** Iter     Chi^2    N Rej  R. Fac *****************
[1;38;2;49;54;149m    [INFO][0m - [38;2;116;173;209mfitting.py:bspline_profile:1163[0m -                   ----  --------  -------  ------                  
[1;38;2;49;54;149m    [INFO][0m - [38;2;116;173;209mfitting.py:bspline_profile:1257[0m -                      1     0.000        0    1.00                  
[1;38;2;49;54;149m    [INFO][0m - [38;2;116;173;209mfitting.py:bspline_profile:1272[0m -                   DONE     0.000        0    1.00                  
[1;38;2;49;54;149m    [INFO][0m - [38;2;116;173;209mfitting.py:bspline_profile:1275[0m - *******************************************************************
[1;38;2;253;174;97m [WARNING][0m - [38;2;116;173;209mflat.py:tweak_slit_edges_gradient:538[0m - Left slit edge shift of 0.8% exceeds the maximum allowed of 0.0%
The left edge will not be tweaked.
[1;38;2;253;174;97m [WARNING][0m - [38;2;116;173;209mflat.py:tweak_slit_edges_gradient:547[0m - Right slit edge shift of -0.5% exceeds the maximum allowed of 0.0%
The right edge will not be tweaked.
[1;38;2;49;54;149m    [INFO][0m - [38;2;116;173;209mfitting.py:bspline_profile:1156[0m - B-spline fit:
[1;38;2;49;54;149m    [INFO][0m - [38;2;116;173;209mfitting.py:bspline_profile:1157[0m -     npoly = 1 profile basis functions
[1;38;2;49;54;149m    [INFO][0m - [38;2;116;173;209mfitting.py:bspline_profile:1158[0m -     ngood = 611267/611267 measurements
[1;38;2;49;54;149m    [INFO][0m - [38;2;116;173;209mfitting.py:bspline_profile:1159[0m - ***************** Iter     Chi^2    N Rej  R. Fac *****************
[1;38;2;49;54;149m    [INFO][0m - [38;2;116;173;209mfitting.py:bspline_profile:1163[0m -                   ----  --------  -------  ------                  
[1;38;2;49;54;149m    [INFO][0m - [38;2;116;173;209mfitting.py:bspline_profile:1257[0m -                      1     0.000        0    1.00                  
[1;38;2;49;54;149m    [INFO][0m - [38;2;116;173;209mfitting.py:bspline_profile:1272[0m -                   DONE     0.000        0    1.00                  
[1;38;2;49;54;149m    [INFO][0m - [38;2;116;173;209mfitting.py:bspline_profile:1275[0m - *******************************************************************
[1;38;2;49;54;149m    [INFO][0m - [38;2;116;173;209mflatfield.py:spatial_fit_finecorr:1477[0m - Performing a fine correction to the spatial illumination (slit 3219)
[1;38;2;253;174;97m [WARNING][0m - [38;2;116;173;209mfitting.py:robust_fit:456[0m - Maximum number of iterations maxiter=10 reached in robust_polyfit_djs
[1;38;2;49;54;149m    [INFO][0m - [38;2;116;173;209mflatfield.py:spatillum_finecorr_qa:1966[0m - Generating QA for spatial illumination fine correction
[1;38;2;49;54;149m    [INFO][0m - [38;2;116;173;209mflatfield.py:spatillum_finecorr_qa:2047[0m - Saved QA:
/Users/kaiwenzhang/PycharmProjects/KCWI/KCWI_RED_channel_characterization/RM1 pypeit run/2024-04-01/pypeit_run/keck_kcrm_B/QA/PNGs/Spatillum_FineCorr_B_1_DET01_S3219_spatillum_finecorr.png
[1;38;2;49;54;149m    [INFO][0m - [38;2;116;173;209mflatfield.py:fit:1218[0m - Performing 2D illumination + scattered light flat field fit
[1;38;2;49;54;149m    [INFO][0m - [38;2;116;173;209mfitting.py:bspline_profile:1156[0m - B-spline fit:
[1;38;2;49;54;149m    [INFO][0m - [38;2;116;173;209mfitting.py:bspline_profile:1157[0m -     npoly = 7 profile basis functions
[1;38;2;49;54;149m    [INFO][0m - [38;2;116;173;209mfitting.py:bspline_profile:1158[0m -     ngood = 578840/578842 measurements
[1;38;2;49;54;149m    [INFO][0m - [38;2;116;173;209mfitting.py:bspline_profile:1159[0m - ***************** Iter     Chi^2    N Rej  R. Fac *****************
[1;38;2;49;54;149m    [INFO][0m - [38;2;116;173;209mfitting.py:bspline_profile:1163[0m -                   ----  --------  -------  ------                  
[1;38;2;49;54;149m    [INFO][0m - [38;2;116;173;209mfitting.py:bspline_profile:1257[0m -                      1     1.145     5675    1.00                  
[1;38;2;49;54;149m    [INFO][0m - [38;2;116;173;209mfitting.py:bspline_profile:1257[0m -                      2     0.563     6894    1.00                  
[1;38;2;49;54;149m    [INFO][0m - [38;2;116;173;209mfitting.py:bspline_profile:1257[0m -                      3     0.504     7255    1.00                  
[1;38;2;49;54;149m    [INFO][0m - [38;2;116;173;209mfitting.py:bspline_profile:1257[0m -                      4     0.490     7375    1.00                  
[1;38;2;49;54;149m    [INFO][0m - [38;2;116;173;209mfitting.py:bspline_profile:1257[0m -                      5     0.486     7424    1.00                  
[1;38;2;49;54;149m    [INFO][0m - [38;2;116;173;209mfitting.py:bspline_profile:1257[0m -                      6     0.485     7449    1.00                  
[1;38;2;49;54;149m    [INFO][0m - [38;2;116;173;209mfitting.py:bspline_profile:1257[0m -                      7     0.484     7467    1.00                  
[1;38;2;49;54;149m    [INFO][0m - [38;2;116;173;209mfitting.py:bspline_profile:1257[0m -                      8     0.484     7476    1.00                  
[1;38;2;49;54;149m    [INFO][0m - [38;2;116;173;209mfitting.py:bspline_profile:1257[0m -                      9     0.483     7484    1.00                  
[1;38;2;49;54;149m    [INFO][0m - [38;2;116;173;209mfitting.py:bspline_profile:1257[0m -                     10     0.483     7490    1.00                  
[1;38;2;49;54;149m    [INFO][0m - [38;2;116;173;209mfitting.py:bspline_profile:1257[0m -                     11     0.483     7490    1.00                  
[1;38;2;49;54;149m    [INFO][0m - [38;2;116;173;209mfitting.py:bspline_profile:1272[0m -                   DONE     0.483     7490    1.00                  
[1;38;2;49;54;149m    [INFO][0m - [38;2;116;173;209mfitting.py:bspline_profile:1275[0m - *******************************************************************
[1;38;2;49;54;149m    [INFO][0m - [38;2;116;173;209mflatfield.py:fit:924[0m - Modeling the flat-field response for slit spat_id=3367: 20/24
[1;38;2;49;54;149m    [INFO][0m - [38;2;116;173;209mflatfield.py:fit:1008[0m - Spectral fit of flatfield for 553434/578202  pixels in the slit.
[1;38;2;49;54;149m    [INFO][0m - [38;2;116;173;209mfitting.py:bspline_profile:1156[0m - B-spline fit:
[1;38;2;49;54;149m    [INFO][0m - [38;2;116;173;209mfitting.py:bspline_profile:1157[0m -     npoly = 1 profile basis functions
[1;38;2;49;54;149m    [INFO][0m - [38;2;116;173;209mfitting.py:bspline_profile:1158[0m -     ngood = 553434/553434 measurements
[1;38;2;49;54;149m    [INFO][0m - [38;2;116;173;209mfitting.py:bspline_profile:1159[0m - ***************** Iter     Chi^2    N Rej  R. Fac *****************
[1;38;2;49;54;149m    [INFO][0m - [38;2;116;173;209mfitting.py:bspline_profile:1163[0m -                   ----  --------  -------  ------                  
[1;38;2;49;54;149m    [INFO][0m - [38;2;116;173;209mfitting.py:bspline_profile:1257[0m -                      1     0.009        9    1.00                  
[1;38;2;49;54;149m    [INFO][0m - [38;2;116;173;209mfitting.py:bspline_profile:1257[0m -                      2     0.009       11    1.00                  
[1;38;2;49;54;149m    [INFO][0m - [38;2;116;173;209mfitting.py:bspline_profile:1257[0m -                      3     0.009       12    1.00                  
[1;38;2;49;54;149m    [INFO][0m - [38;2;116;173;209mfitting.py:bspline_profile:1257[0m -                      4     0.009       12    1.00                  
[1;38;2;49;54;149m    [INFO][0m - [38;2;116;173;209mfitting.py:bspline_profile:1272[0m -                   DONE     0.009       12    1.00                  
[1;38;2;49;54;149m    [INFO][0m - [38;2;116;173;209mfitting.py:bspline_profile:1275[0m - *******************************************************************
[1;38;2;49;54;149m    [INFO][0m - [38;2;116;173;209mflatfield.py:fit:1097[0m - Spatial fit of flatfield for 619482/619482  pixels in the slit.
[1;38;2;49;54;149m    [INFO][0m - [38;2;116;173;209mfitting.py:bspline_profile:1156[0m - B-spline fit:
[1;38;2;49;54;149m    [INFO][0m - [38;2;116;173;209mfitting.py:bspline_profile:1157[0m -     npoly = 1 profile basis functions
[1;38;2;49;54;149m    [INFO][0m - [38;2;116;173;209mfitting.py:bspline_profile:1158[0m -     ngood = 619482/619482 measurements
[1;38;2;49;54;149m    [INFO][0m - [38;2;116;173;209mfitting.py:bspline_profile:1159[0m - ***************** Iter     Chi^2    N Rej  R. Fac *****************
[1;38;2;49;54;149m    [INFO][0m - [38;2;116;173;209mfitting.py:bspline_profile:1163[0m -                   ----  --------  -------  ------                  
[1;38;2;49;54;149m    [INFO][0m - [38;2;116;173;209mfitting.py:bspline_profile:1257[0m -                      1     0.000        0    1.00                  
[1;38;2;49;54;149m    [INFO][0m - [38;2;116;173;209mfitting.py:bspline_profile:1272[0m -                   DONE     0.000        0    1.00                  
[1;38;2;49;54;149m    [INFO][0m - [38;2;116;173;209mfitting.py:bspline_profile:1275[0m - *******************************************************************
[1;38;2;253;174;97m [WARNING][0m - [38;2;116;173;209mflat.py:tweak_slit_edges_gradient:538[0m - Left slit edge shift of 0.8% exceeds the maximum allowed of 0.0%
The left edge will not be tweaked.
[1;38;2;253;174;97m [WARNING][0m - [38;2;116;173;209mflat.py:tweak_slit_edges_gradient:547[0m - Right slit edge shift of -0.5% exceeds the maximum allowed of 0.0%
The right edge will not be tweaked.
[1;38;2;49;54;149m    [INFO][0m - [38;2;116;173;209mfitting.py:bspline_profile:1156[0m - B-spline fit:
[1;38;2;49;54;149m    [INFO][0m - [38;2;116;173;209mfitting.py:bspline_profile:1157[0m -     npoly = 1 profile basis functions
[1;38;2;49;54;149m    [INFO][0m - [38;2;116;173;209mfitting.py:bspline_profile:1158[0m -     ngood = 619482/619482 measurements
[1;38;2;49;54;149m    [INFO][0m - [38;2;116;173;209mfitting.py:bspline_profile:1159[0m - ***************** Iter     Chi^2    N Rej  R. Fac *****************
[1;38;2;49;54;149m    [INFO][0m - [38;2;116;173;209mfitting.py:bspline_profile:1163[0m -                   ----  --------  -------  ------                  
[1;38;2;49;54;149m    [INFO][0m - [38;2;116;173;209mfitting.py:bspline_profile:1257[0m -                      1     0.000        0    1.00                  
[1;38;2;49;54;149m    [INFO][0m - [38;2;116;173;209mfitting.py:bspline_profile:1272[0m -                   DONE     0.000        0    1.00                  
[1;38;2;49;54;149m    [INFO][0m - [38;2;116;173;209mfitting.py:bspline_profile:1275[0m - *******************************************************************
[1;38;2;49;54;149m    [INFO][0m - [38;2;116;173;209mflatfield.py:spatial_fit_finecorr:1477[0m - Performing a fine correction to the spatial illumination (slit 3367)
[1;38;2;253;174;97m [WARNING][0m - [38;2;116;173;209mfitting.py:robust_fit:456[0m - Maximum number of iterations maxiter=10 reached in robust_polyfit_djs
[1;38;2;49;54;149m    [INFO][0m - [38;2;116;173;209mflatfield.py:spatillum_finecorr_qa:1966[0m - Generating QA for spatial illumination fine correction
[1;38;2;49;54;149m    [INFO][0m - [38;2;116;173;209mflatfield.py:spatillum_finecorr_qa:2047[0m - Saved QA:
/Users/kaiwenzhang/PycharmProjects/KCWI/KCWI_RED_channel_characterization/RM1 pypeit run/2024-04-01/pypeit_run/keck_kcrm_B/QA/PNGs/Spatillum_FineCorr_B_1_DET01_S3367_spatillum_finecorr.png
[1;38;2;49;54;149m    [INFO][0m - [38;2;116;173;209mflatfield.py:fit:1218[0m - Performing 2D illumination + scattered light flat field fit
[1;38;2;49;54;149m    [INFO][0m - [38;2;116;173;209mfitting.py:bspline_profile:1156[0m - B-spline fit:
[1;38;2;49;54;149m    [INFO][0m - [38;2;116;173;209mfitting.py:bspline_profile:1157[0m -     npoly = 7 profile basis functions
[1;38;2;49;54;149m    [INFO][0m - [38;2;116;173;209mfitting.py:bspline_profile:1158[0m -     ngood = 578187/578202 measurements
[1;38;2;49;54;149m    [INFO][0m - [38;2;116;173;209mfitting.py:bspline_profile:1159[0m - ***************** Iter     Chi^2    N Rej  R. Fac *****************
[1;38;2;49;54;149m    [INFO][0m - [38;2;116;173;209mfitting.py:bspline_profile:1163[0m -                   ----  --------  -------  ------                  
[1;38;2;49;54;149m    [INFO][0m - [38;2;116;173;209mfitting.py:bspline_profile:1257[0m -                      1     1.392     7347    1.00                  
[1;38;2;49;54;149m    [INFO][0m - [38;2;116;173;209mfitting.py:bspline_profile:1257[0m -                      2     0.559     8677    1.00                  
[1;38;2;49;54;149m    [INFO][0m - [38;2;116;173;209mfitting.py:bspline_profile:1257[0m -                      3     0.494     9220    1.00                  
[1;38;2;49;54;149m    [INFO][0m - [38;2;116;173;209mfitting.py:bspline_profile:1257[0m -                      4     0.472     9394    1.00                  
[1;38;2;49;54;149m    [INFO][0m - [38;2;116;173;209mfitting.py:bspline_profile:1257[0m -                      5     0.466     9459    1.00                  
[1;38;2;49;54;149m    [INFO][0m - [38;2;116;173;209mfitting.py:bspline_profile:1257[0m -                      6     0.464     9495    1.00                  
[1;38;2;49;54;149m    [INFO][0m - [38;2;116;173;209mfitting.py:bspline_profile:1257[0m -                      7     0.463     9529    1.00                  
[1;38;2;49;54;149m    [INFO][0m - [38;2;116;173;209mfitting.py:bspline_profile:1257[0m -                      8     0.462     9549    1.00                  
[1;38;2;49;54;149m    [INFO][0m - [38;2;116;173;209mfitting.py:bspline_profile:1257[0m -                      9     0.461     9557    1.00                  
[1;38;2;49;54;149m    [INFO][0m - [38;2;116;173;209mfitting.py:bspline_profile:1257[0m -                     10     0.461     9562    1.00                  
[1;38;2;49;54;149m    [INFO][0m - [38;2;116;173;209mfitting.py:bspline_profile:1257[0m -                     11     0.461     9563    1.00                  
[1;38;2;49;54;149m    [INFO][0m - [38;2;116;173;209mfitting.py:bspline_profile:1257[0m -                     12     0.461     9563    1.00                  
[1;38;2;49;54;149m    [INFO][0m - [38;2;116;173;209mfitting.py:bspline_profile:1272[0m -                   DONE     0.461     9563    1.00                  
[1;38;2;49;54;149m    [INFO][0m - [38;2;116;173;209mfitting.py:bspline_profile:1275[0m - *******************************************************************
[1;38;2;49;54;149m    [INFO][0m - [38;2;116;173;209mflatfield.py:fit:924[0m - Modeling the flat-field response for slit spat_id=3517: 21/24
[1;38;2;49;54;149m    [INFO][0m - [38;2;116;173;209mflatfield.py:fit:1008[0m - Spectral fit of flatfield for 553677/578445  pixels in the slit.
[1;38;2;49;54;149m    [INFO][0m - [38;2;116;173;209mfitting.py:bspline_profile:1156[0m - B-spline fit:
[1;38;2;49;54;149m    [INFO][0m - [38;2;116;173;209mfitting.py:bspline_profile:1157[0m -     npoly = 1 profile basis functions
[1;38;2;49;54;149m    [INFO][0m - [38;2;116;173;209mfitting.py:bspline_profile:1158[0m -     ngood = 553677/553677 measurements
[1;38;2;49;54;149m    [INFO][0m - [38;2;116;173;209mfitting.py:bspline_profile:1159[0m - ***************** Iter     Chi^2    N Rej  R. Fac *****************
[1;38;2;49;54;149m    [INFO][0m - [38;2;116;173;209mfitting.py:bspline_profile:1163[0m -                   ----  --------  -------  ------                  
[1;38;2;49;54;149m    [INFO][0m - [38;2;116;173;209mfitting.py:bspline_profile:1257[0m -                      1     0.006       50    1.00                  
[1;38;2;49;54;149m    [INFO][0m - [38;2;116;173;209mfitting.py:bspline_profile:1257[0m -                      2     0.006       52    1.00                  
[1;38;2;49;54;149m    [INFO][0m - [38;2;116;173;209mfitting.py:bspline_profile:1257[0m -                      3     0.006       52    1.00                  
[1;38;2;49;54;149m    [INFO][0m - [38;2;116;173;209mfitting.py:bspline_profile:1272[0m -                   DONE     0.006       52    1.00                  
[1;38;2;49;54;149m    [INFO][0m - [38;2;116;173;209mfitting.py:bspline_profile:1275[0m - *******************************************************************
[1;38;2;49;54;149m    [INFO][0m - [38;2;116;173;209mflatfield.py:fit:1097[0m - Spatial fit of flatfield for 619725/619725  pixels in the slit.
[1;38;2;49;54;149m    [INFO][0m - [38;2;116;173;209mfitting.py:bspline_profile:1156[0m - B-spline fit:
[1;38;2;49;54;149m    [INFO][0m - [38;2;116;173;209mfitting.py:bspline_profile:1157[0m -     npoly = 1 profile basis functions
[1;38;2;49;54;149m    [INFO][0m - [38;2;116;173;209mfitting.py:bspline_profile:1158[0m -     ngood = 619725/619725 measurements
[1;38;2;49;54;149m    [INFO][0m - [38;2;116;173;209mfitting.py:bspline_profile:1159[0m - ***************** Iter     Chi^2    N Rej  R. Fac *****************
[1;38;2;49;54;149m    [INFO][0m - [38;2;116;173;209mfitting.py:bspline_profile:1163[0m -                   ----  --------  -------  ------                  
[1;38;2;49;54;149m    [INFO][0m - [38;2;116;173;209mfitting.py:bspline_profile:1257[0m -                      1     0.000        0    1.00                  
[1;38;2;49;54;149m    [INFO][0m - [38;2;116;173;209mfitting.py:bspline_profile:1272[0m -                   DONE     0.000        0    1.00                  
[1;38;2;49;54;149m    [INFO][0m - [38;2;116;173;209mfitting.py:bspline_profile:1275[0m - *******************************************************************
[1;38;2;253;174;97m [WARNING][0m - [38;2;116;173;209mflat.py:tweak_slit_edges_gradient:538[0m - Left slit edge shift of 0.9% exceeds the maximum allowed of 0.0%
The left edge will not be tweaked.
[1;38;2;253;174;97m [WARNING][0m - [38;2;116;173;209mflat.py:tweak_slit_edges_gradient:547[0m - Right slit edge shift of -0.6% exceeds the maximum allowed of 0.0%
The right edge will not be tweaked.
[1;38;2;49;54;149m    [INFO][0m - [38;2;116;173;209mfitting.py:bspline_profile:1156[0m - B-spline fit:
[1;38;2;49;54;149m    [INFO][0m - [38;2;116;173;209mfitting.py:bspline_profile:1157[0m -     npoly = 1 profile basis functions
[1;38;2;49;54;149m    [INFO][0m - [38;2;116;173;209mfitting.py:bspline_profile:1158[0m -     ngood = 619725/619725 measurements
[1;38;2;49;54;149m    [INFO][0m - [38;2;116;173;209mfitting.py:bspline_profile:1159[0m - ***************** Iter     Chi^2    N Rej  R. Fac *****************
[1;38;2;49;54;149m    [INFO][0m - [38;2;116;173;209mfitting.py:bspline_profile:1163[0m -                   ----  --------  -------  ------                  
[1;38;2;49;54;149m    [INFO][0m - [38;2;116;173;209mfitting.py:bspline_profile:1257[0m -                      1     0.000        0    1.00                  
[1;38;2;49;54;149m    [INFO][0m - [38;2;116;173;209mfitting.py:bspline_profile:1272[0m -                   DONE     0.000        0    1.00                  
[1;38;2;49;54;149m    [INFO][0m - [38;2;116;173;209mfitting.py:bspline_profile:1275[0m - *******************************************************************
[1;38;2;49;54;149m    [INFO][0m - [38;2;116;173;209mflatfield.py:spatial_fit_finecorr:1477[0m - Performing a fine correction to the spatial illumination (slit 3517)
[1;38;2;253;174;97m [WARNING][0m - [38;2;116;173;209mfitting.py:robust_fit:456[0m - Maximum number of iterations maxiter=10 reached in robust_polyfit_djs
[1;38;2;49;54;149m    [INFO][0m - [38;2;116;173;209mflatfield.py:spatillum_finecorr_qa:1966[0m - Generating QA for spatial illumination fine correction
[1;38;2;49;54;149m    [INFO][0m - [38;2;116;173;209mflatfield.py:spatillum_finecorr_qa:2047[0m - Saved QA:
/Users/kaiwenzhang/PycharmProjects/KCWI/KCWI_RED_channel_characterization/RM1 pypeit run/2024-04-01/pypeit_run/keck_kcrm_B/QA/PNGs/Spatillum_FineCorr_B_1_DET01_S3517_spatillum_finecorr.png
[1;38;2;49;54;149m    [INFO][0m - [38;2;116;173;209mflatfield.py:fit:1218[0m - Performing 2D illumination + scattered light flat field fit
[1;38;2;49;54;149m    [INFO][0m - [38;2;116;173;209mfitting.py:bspline_profile:1156[0m - B-spline fit:
[1;38;2;49;54;149m    [INFO][0m - [38;2;116;173;209mfitting.py:bspline_profile:1157[0m -     npoly = 7 profile basis functions
[1;38;2;49;54;149m    [INFO][0m - [38;2;116;173;209mfitting.py:bspline_profile:1158[0m -     ngood = 578301/578445 measurements
[1;38;2;49;54;149m    [INFO][0m - [38;2;116;173;209mfitting.py:bspline_profile:1159[0m - ***************** Iter     Chi^2    N Rej  R. Fac *****************
[1;38;2;49;54;149m    [INFO][0m - [38;2;116;173;209mfitting.py:bspline_profile:1163[0m -                   ----  --------  -------  ------                  
[1;38;2;49;54;149m    [INFO][0m - [38;2;116;173;209mfitting.py:bspline_profile:1257[0m -                      1     2.115    11742    1.00                  
[1;38;2;49;54;149m    [INFO][0m - [38;2;116;173;209mfitting.py:bspline_profile:1257[0m -                      2     0.666    14181    1.00                  
[1;38;2;49;54;149m    [INFO][0m - [38;2;116;173;209mfitting.py:bspline_profile:1257[0m -                      3     0.529    15162    1.00                  
[1;38;2;49;54;149m    [INFO][0m - [38;2;116;173;209mfitting.py:bspline_profile:1257[0m -                      4     0.481    15387    1.00                  
[1;38;2;49;54;149m    [INFO][0m - [38;2;116;173;209mfitting.py:bspline_profile:1257[0m -                      5     0.473    15480    1.00                  
[1;38;2;49;54;149m    [INFO][0m - [38;2;116;173;209mfitting.py:bspline_profile:1257[0m -                      6     0.470    15524    1.00                  
[1;38;2;49;54;149m    [INFO][0m - [38;2;116;173;209mfitting.py:bspline_profile:1257[0m -                      7     0.469    15545    1.00                  
[1;38;2;49;54;149m    [INFO][0m - [38;2;116;173;209mfitting.py:bspline_profile:1257[0m -                      8     0.468    15559    1.00                  
[1;38;2;49;54;149m    [INFO][0m - [38;2;116;173;209mfitting.py:bspline_profile:1257[0m -                      9     0.468    15567    1.00                  
[1;38;2;49;54;149m    [INFO][0m - [38;2;116;173;209mfitting.py:bspline_profile:1257[0m -                     10     0.467    15571    1.00                  
[1;38;2;49;54;149m    [INFO][0m - [38;2;116;173;209mfitting.py:bspline_profile:1257[0m -                     11     0.467    15573    1.00                  
[1;38;2;49;54;149m    [INFO][0m - [38;2;116;173;209mfitting.py:bspline_profile:1257[0m -                     12     0.467    15573    1.00                  
[1;38;2;49;54;149m    [INFO][0m - [38;2;116;173;209mfitting.py:bspline_profile:1272[0m -                   DONE     0.467    15573    1.00                  
[1;38;2;49;54;149m    [INFO][0m - [38;2;116;173;209mfitting.py:bspline_profile:1275[0m - *******************************************************************
[1;38;2;49;54;149m    [INFO][0m - [38;2;116;173;209mflatfield.py:fit:924[0m - Modeling the flat-field response for slit spat_id=3669: 22/24
[1;38;2;49;54;149m    [INFO][0m - [38;2;116;173;209mflatfield.py:fit:1008[0m - Spectral fit of flatfield for 553557/578325  pixels in the slit.
[1;38;2;49;54;149m    [INFO][0m - [38;2;116;173;209mfitting.py:bspline_profile:1156[0m - B-spline fit:
[1;38;2;49;54;149m    [INFO][0m - [38;2;116;173;209mfitting.py:bspline_profile:1157[0m -     npoly = 1 profile basis functions
[1;38;2;49;54;149m    [INFO][0m - [38;2;116;173;209mfitting.py:bspline_profile:1158[0m -     ngood = 553557/553557 measurements
[1;38;2;49;54;149m    [INFO][0m - [38;2;116;173;209mfitting.py:bspline_profile:1159[0m - ***************** Iter     Chi^2    N Rej  R. Fac *****************
[1;38;2;49;54;149m    [INFO][0m - [38;2;116;173;209mfitting.py:bspline_profile:1163[0m -                   ----  --------  -------  ------                  
[1;38;2;49;54;149m    [INFO][0m - [38;2;116;173;209mfitting.py:bspline_profile:1257[0m -                      1     0.015       23    1.00                  
[1;38;2;49;54;149m    [INFO][0m - [38;2;116;173;209mfitting.py:bspline_profile:1257[0m -                      2     0.015       30    1.00                  
[1;38;2;49;54;149m    [INFO][0m - [38;2;116;173;209mfitting.py:bspline_profile:1257[0m -                      3     0.015       33    1.00                  
[1;38;2;49;54;149m    [INFO][0m - [38;2;116;173;209mfitting.py:bspline_profile:1257[0m -                      4     0.015       36    1.00                  
[1;38;2;49;54;149m    [INFO][0m - [38;2;116;173;209mfitting.py:bspline_profile:1257[0m -                      5     0.015       38    1.00                  
[1;38;2;49;54;149m    [INFO][0m - [38;2;116;173;209mfitting.py:bspline_profile:1257[0m -                      6     0.015       39    1.00                  
[1;38;2;49;54;149m    [INFO][0m - [38;2;116;173;209mfitting.py:bspline_profile:1257[0m -                      7     0.015       40    1.00                  
[1;38;2;49;54;149m    [INFO][0m - [38;2;116;173;209mfitting.py:bspline_profile:1257[0m -                      8     0.015       42    1.00                  
[1;38;2;49;54;149m    [INFO][0m - [38;2;116;173;209mfitting.py:bspline_profile:1257[0m -                      9     0.015       45    1.00                  
[1;38;2;49;54;149m    [INFO][0m - [38;2;116;173;209mfitting.py:bspline_profile:1257[0m -                     10     0.015       46    1.00                  
[1;38;2;49;54;149m    [INFO][0m - [38;2;116;173;209mfitting.py:bspline_profile:1257[0m -                     11     0.015       46    1.00                  
[1;38;2;49;54;149m    [INFO][0m - [38;2;116;173;209mfitting.py:bspline_profile:1272[0m -                   DONE     0.015       46    1.00                  
[1;38;2;49;54;149m    [INFO][0m - [38;2;116;173;209mfitting.py:bspline_profile:1275[0m - *******************************************************************
[1;38;2;49;54;149m    [INFO][0m - [38;2;116;173;209mflatfield.py:fit:1097[0m - Spatial fit of flatfield for 619605/619605  pixels in the slit.
[1;38;2;49;54;149m    [INFO][0m - [38;2;116;173;209mfitting.py:bspline_profile:1156[0m - B-spline fit:
[1;38;2;49;54;149m    [INFO][0m - [38;2;116;173;209mfitting.py:bspline_profile:1157[0m -     npoly = 1 profile basis functions
[1;38;2;49;54;149m    [INFO][0m - [38;2;116;173;209mfitting.py:bspline_profile:1158[0m -     ngood = 619605/619605 measurements
[1;38;2;49;54;149m    [INFO][0m - [38;2;116;173;209mfitting.py:bspline_profile:1159[0m - ***************** Iter     Chi^2    N Rej  R. Fac *****************
[1;38;2;49;54;149m    [INFO][0m - [38;2;116;173;209mfitting.py:bspline_profile:1163[0m -                   ----  --------  -------  ------                  
[1;38;2;49;54;149m    [INFO][0m - [38;2;116;173;209mfitting.py:bspline_profile:1257[0m -                      1     0.000        0    1.00                  
[1;38;2;49;54;149m    [INFO][0m - [38;2;116;173;209mfitting.py:bspline_profile:1272[0m -                   DONE     0.000        0    1.00                  
[1;38;2;49;54;149m    [INFO][0m - [38;2;116;173;209mfitting.py:bspline_profile:1275[0m - *******************************************************************
[1;38;2;253;174;97m [WARNING][0m - [38;2;116;173;209mflat.py:tweak_slit_edges_gradient:538[0m - Left slit edge shift of 0.9% exceeds the maximum allowed of 0.0%
The left edge will not be tweaked.
[1;38;2;253;174;97m [WARNING][0m - [38;2;116;173;209mflat.py:tweak_slit_edges_gradient:547[0m - Right slit edge shift of -0.5% exceeds the maximum allowed of 0.0%
The right edge will not be tweaked.
[1;38;2;49;54;149m    [INFO][0m - [38;2;116;173;209mfitting.py:bspline_profile:1156[0m - B-spline fit:
[1;38;2;49;54;149m    [INFO][0m - [38;2;116;173;209mfitting.py:bspline_profile:1157[0m -     npoly = 1 profile basis functions
[1;38;2;49;54;149m    [INFO][0m - [38;2;116;173;209mfitting.py:bspline_profile:1158[0m -     ngood = 619605/619605 measurements
[1;38;2;49;54;149m    [INFO][0m - [38;2;116;173;209mfitting.py:bspline_profile:1159[0m - ***************** Iter     Chi^2    N Rej  R. Fac *****************
[1;38;2;49;54;149m    [INFO][0m - [38;2;116;173;209mfitting.py:bspline_profile:1163[0m -                   ----  --------  -------  ------                  
[1;38;2;49;54;149m    [INFO][0m - [38;2;116;173;209mfitting.py:bspline_profile:1257[0m -                      1     0.000        0    1.00                  
[1;38;2;49;54;149m    [INFO][0m - [38;2;116;173;209mfitting.py:bspline_profile:1272[0m -                   DONE     0.000        0    1.00                  
[1;38;2;49;54;149m    [INFO][0m - [38;2;116;173;209mfitting.py:bspline_profile:1275[0m - *******************************************************************
[1;38;2;49;54;149m    [INFO][0m - [38;2;116;173;209mflatfield.py:spatial_fit_finecorr:1477[0m - Performing a fine correction to the spatial illumination (slit 3669)
[1;38;2;253;174;97m [WARNING][0m - [38;2;116;173;209mfitting.py:robust_fit:456[0m - Maximum number of iterations maxiter=10 reached in robust_polyfit_djs
[1;38;2;49;54;149m    [INFO][0m - [38;2;116;173;209mflatfield.py:spatillum_finecorr_qa:1966[0m - Generating QA for spatial illumination fine correction
[1;38;2;49;54;149m    [INFO][0m - [38;2;116;173;209mflatfield.py:spatillum_finecorr_qa:2047[0m - Saved QA:
/Users/kaiwenzhang/PycharmProjects/KCWI/KCWI_RED_channel_characterization/RM1 pypeit run/2024-04-01/pypeit_run/keck_kcrm_B/QA/PNGs/Spatillum_FineCorr_B_1_DET01_S3669_spatillum_finecorr.png
[1;38;2;49;54;149m    [INFO][0m - [38;2;116;173;209mflatfield.py:fit:1218[0m - Performing 2D illumination + scattered light flat field fit
[1;38;2;49;54;149m    [INFO][0m - [38;2;116;173;209mfitting.py:bspline_profile:1156[0m - B-spline fit:
[1;38;2;49;54;149m    [INFO][0m - [38;2;116;173;209mfitting.py:bspline_profile:1157[0m -     npoly = 7 profile basis functions
[1;38;2;49;54;149m    [INFO][0m - [38;2;116;173;209mfitting.py:bspline_profile:1158[0m -     ngood = 578163/578325 measurements
[1;38;2;49;54;149m    [INFO][0m - [38;2;116;173;209mfitting.py:bspline_profile:1159[0m - ***************** Iter     Chi^2    N Rej  R. Fac *****************
[1;38;2;49;54;149m    [INFO][0m - [38;2;116;173;209mfitting.py:bspline_profile:1163[0m -                   ----  --------  -------  ------                  
[1;38;2;49;54;149m    [INFO][0m - [38;2;116;173;209mfitting.py:bspline_profile:1257[0m -                      1     1.545     8301    1.00                  
[1;38;2;49;54;149m    [INFO][0m - [38;2;116;173;209mfitting.py:bspline_profile:1257[0m -                      2     0.662    10017    1.00                  
[1;38;2;49;54;149m    [INFO][0m - [38;2;116;173;209mfitting.py:bspline_profile:1257[0m -                      3     0.569    10481    1.00                  
[1;38;2;49;54;149m    [INFO][0m - [38;2;116;173;209mfitting.py:bspline_profile:1257[0m -                      4     0.550    10665    1.00                  
[1;38;2;49;54;149m    [INFO][0m - [38;2;116;173;209mfitting.py:bspline_profile:1257[0m -                      5     0.544    10759    1.00                  
[1;38;2;49;54;149m    [INFO][0m - [38;2;116;173;209mfitting.py:bspline_profile:1257[0m -                      6     0.541    10794    1.00                  
[1;38;2;49;54;149m    [INFO][0m - [38;2;116;173;209mfitting.py:bspline_profile:1257[0m -                      7     0.540    10808    1.00                  
[1;38;2;49;54;149m    [INFO][0m - [38;2;116;173;209mfitting.py:bspline_profile:1257[0m -                      8     0.540    10822    1.00                  
[1;38;2;49;54;149m    [INFO][0m - [38;2;116;173;209mfitting.py:bspline_profile:1257[0m -                      9     0.539    10826    1.00                  
[1;38;2;49;54;149m    [INFO][0m - [38;2;116;173;209mfitting.py:bspline_profile:1257[0m -                     10     0.539    10832    1.00                  
[1;38;2;49;54;149m    [INFO][0m - [38;2;116;173;209mfitting.py:bspline_profile:1257[0m -                     11     0.539    10837    1.00                  
[1;38;2;49;54;149m    [INFO][0m - [38;2;116;173;209mfitting.py:bspline_profile:1257[0m -                     12     0.539    10840    1.00                  
[1;38;2;49;54;149m    [INFO][0m - [38;2;116;173;209mfitting.py:bspline_profile:1257[0m -                     13     0.539    10843    1.00                  
[1;38;2;49;54;149m    [INFO][0m - [38;2;116;173;209mfitting.py:bspline_profile:1257[0m -                     14     0.539    10845    1.00                  
[1;38;2;49;54;149m    [INFO][0m - [38;2;116;173;209mfitting.py:bspline_profile:1257[0m -                     15     0.539    10848    1.00                  
[1;38;2;49;54;149m    [INFO][0m - [38;2;116;173;209mfitting.py:bspline_profile:1257[0m -                     16     0.538    10850    1.00                  
[1;38;2;49;54;149m    [INFO][0m - [38;2;116;173;209mfitting.py:bspline_profile:1257[0m -                     17     0.538    10850    1.00                  
[1;38;2;49;54;149m    [INFO][0m - [38;2;116;173;209mfitting.py:bspline_profile:1272[0m -                   DONE     0.538    10850    1.00                  
[1;38;2;49;54;149m    [INFO][0m - [38;2;116;173;209mfitting.py:bspline_profile:1275[0m - *******************************************************************
[1;38;2;49;54;149m    [INFO][0m - [38;2;116;173;209mflatfield.py:fit:924[0m - Modeling the flat-field response for slit spat_id=3824: 23/24
[1;38;2;49;54;149m    [INFO][0m - [38;2;116;173;209mflatfield.py:fit:1008[0m - Spectral fit of flatfield for 552830/577598  pixels in the slit.
[1;38;2;49;54;149m    [INFO][0m - [38;2;116;173;209mfitting.py:bspline_profile:1156[0m - B-spline fit:
[1;38;2;49;54;149m    [INFO][0m - [38;2;116;173;209mfitting.py:bspline_profile:1157[0m -     npoly = 1 profile basis functions
[1;38;2;49;54;149m    [INFO][0m - [38;2;116;173;209mfitting.py:bspline_profile:1158[0m -     ngood = 552830/552830 measurements
[1;38;2;49;54;149m    [INFO][0m - [38;2;116;173;209mfitting.py:bspline_profile:1159[0m - ***************** Iter     Chi^2    N Rej  R. Fac *****************
[1;38;2;49;54;149m    [INFO][0m - [38;2;116;173;209mfitting.py:bspline_profile:1163[0m -                   ----  --------  -------  ------                  
[1;38;2;49;54;149m    [INFO][0m - [38;2;116;173;209mfitting.py:bspline_profile:1257[0m -                      1     0.006      225    1.00                  
[1;38;2;49;54;149m    [INFO][0m - [38;2;116;173;209mfitting.py:bspline_profile:1257[0m -                      2     0.006      227    1.00                  
[1;38;2;49;54;149m    [INFO][0m - [38;2;116;173;209mfitting.py:bspline_profile:1257[0m -                      3     0.006      227    1.00                  
[1;38;2;49;54;149m    [INFO][0m - [38;2;116;173;209mfitting.py:bspline_profile:1272[0m -                   DONE     0.006      227    1.00                  
[1;38;2;49;54;149m    [INFO][0m - [38;2;116;173;209mfitting.py:bspline_profile:1275[0m - *******************************************************************
[1;38;2;49;54;149m    [INFO][0m - [38;2;116;173;209mflatfield.py:fit:1097[0m - Spatial fit of flatfield for 618878/618878  pixels in the slit.
[1;38;2;49;54;149m    [INFO][0m - [38;2;116;173;209mfitting.py:bspline_profile:1156[0m - B-spline fit:
[1;38;2;49;54;149m    [INFO][0m - [38;2;116;173;209mfitting.py:bspline_profile:1157[0m -     npoly = 1 profile basis functions
[1;38;2;49;54;149m    [INFO][0m - [38;2;116;173;209mfitting.py:bspline_profile:1158[0m -     ngood = 618878/618878 measurements
[1;38;2;49;54;149m    [INFO][0m - [38;2;116;173;209mfitting.py:bspline_profile:1159[0m - ***************** Iter     Chi^2    N Rej  R. Fac *****************
[1;38;2;49;54;149m    [INFO][0m - [38;2;116;173;209mfitting.py:bspline_profile:1163[0m -                   ----  --------  -------  ------                  
[1;38;2;49;54;149m    [INFO][0m - [38;2;116;173;209mfitting.py:bspline_profile:1257[0m -                      1     0.000        0    1.00                  
[1;38;2;49;54;149m    [INFO][0m - [38;2;116;173;209mfitting.py:bspline_profile:1272[0m -                   DONE     0.000        0    1.00                  
[1;38;2;49;54;149m    [INFO][0m - [38;2;116;173;209mfitting.py:bspline_profile:1275[0m - *******************************************************************
[1;38;2;253;174;97m [WARNING][0m - [38;2;116;173;209mflat.py:tweak_slit_edges_gradient:538[0m - Left slit edge shift of 0.9% exceeds the maximum allowed of 0.0%
The left edge will not be tweaked.
[1;38;2;253;174;97m [WARNING][0m - [38;2;116;173;209mflat.py:tweak_slit_edges_gradient:547[0m - Right slit edge shift of -0.6% exceeds the maximum allowed of 0.0%
The right edge will not be tweaked.
[1;38;2;49;54;149m    [INFO][0m - [38;2;116;173;209mfitting.py:bspline_profile:1156[0m - B-spline fit:
[1;38;2;49;54;149m    [INFO][0m - [38;2;116;173;209mfitting.py:bspline_profile:1157[0m -     npoly = 1 profile basis functions
[1;38;2;49;54;149m    [INFO][0m - [38;2;116;173;209mfitting.py:bspline_profile:1158[0m -     ngood = 618878/618878 measurements
[1;38;2;49;54;149m    [INFO][0m - [38;2;116;173;209mfitting.py:bspline_profile:1159[0m - ***************** Iter     Chi^2    N Rej  R. Fac *****************
[1;38;2;49;54;149m    [INFO][0m - [38;2;116;173;209mfitting.py:bspline_profile:1163[0m -                   ----  --------  -------  ------                  
[1;38;2;49;54;149m    [INFO][0m - [38;2;116;173;209mfitting.py:bspline_profile:1257[0m -                      1     0.000        0    1.00                  
[1;38;2;49;54;149m    [INFO][0m - [38;2;116;173;209mfitting.py:bspline_profile:1272[0m -                   DONE     0.000        0    1.00                  
[1;38;2;49;54;149m    [INFO][0m - [38;2;116;173;209mfitting.py:bspline_profile:1275[0m - *******************************************************************
[1;38;2;49;54;149m    [INFO][0m - [38;2;116;173;209mflatfield.py:spatial_fit_finecorr:1477[0m - Performing a fine correction to the spatial illumination (slit 3824)
[1;38;2;253;174;97m [WARNING][0m - [38;2;116;173;209mfitting.py:robust_fit:456[0m - Maximum number of iterations maxiter=10 reached in robust_polyfit_djs
[1;38;2;49;54;149m    [INFO][0m - [38;2;116;173;209mflatfield.py:spatillum_finecorr_qa:1966[0m - Generating QA for spatial illumination fine correction
[1;38;2;49;54;149m    [INFO][0m - [38;2;116;173;209mflatfield.py:spatillum_finecorr_qa:2047[0m - Saved QA:
/Users/kaiwenzhang/PycharmProjects/KCWI/KCWI_RED_channel_characterization/RM1 pypeit run/2024-04-01/pypeit_run/keck_kcrm_B/QA/PNGs/Spatillum_FineCorr_B_1_DET01_S3824_spatillum_finecorr.png
[1;38;2;49;54;149m    [INFO][0m - [38;2;116;173;209mflatfield.py:fit:1218[0m - Performing 2D illumination + scattered light flat field fit
[1;38;2;49;54;149m    [INFO][0m - [38;2;116;173;209mfitting.py:bspline_profile:1156[0m - B-spline fit:
[1;38;2;49;54;149m    [INFO][0m - [38;2;116;173;209mfitting.py:bspline_profile:1157[0m -     npoly = 7 profile basis functions
[1;38;2;49;54;149m    [INFO][0m - [38;2;116;173;209mfitting.py:bspline_profile:1158[0m -     ngood = 577567/577598 measurements
[1;38;2;49;54;149m    [INFO][0m - [38;2;116;173;209mfitting.py:bspline_profile:1159[0m - ***************** Iter     Chi^2    N Rej  R. Fac *****************
[1;38;2;49;54;149m    [INFO][0m - [38;2;116;173;209mfitting.py:bspline_profile:1163[0m -                   ----  --------  -------  ------                  
[1;38;2;49;54;149m    [INFO][0m - [38;2;116;173;209mfitting.py:bspline_profile:1257[0m -                      1     1.636    10492    1.00                  
[1;38;2;49;54;149m    [INFO][0m - [38;2;116;173;209mfitting.py:bspline_profile:1257[0m -                      2     0.832    12441    1.00                  
[1;38;2;49;54;149m    [INFO][0m - [38;2;116;173;209mfitting.py:bspline_profile:1257[0m -                      3     0.745    13018    1.00                  
[1;38;2;49;54;149m    [INFO][0m - [38;2;116;173;209mfitting.py:bspline_profile:1257[0m -                      4     0.724    13252    1.00                  
[1;38;2;49;54;149m    [INFO][0m - [38;2;116;173;209mfitting.py:bspline_profile:1257[0m -                      5     0.716    13386    1.00                  
[1;38;2;49;54;149m    [INFO][0m - [38;2;116;173;209mfitting.py:bspline_profile:1257[0m -                      6     0.711    13488    1.00                  
[1;38;2;49;54;149m    [INFO][0m - [38;2;116;173;209mfitting.py:bspline_profile:1257[0m -                      7     0.708    13563    1.00                  
[1;38;2;49;54;149m    [INFO][0m - [38;2;116;173;209mfitting.py:bspline_profile:1257[0m -                      8     0.706    13599    1.00                  
[1;38;2;49;54;149m    [INFO][0m - [38;2;116;173;209mfitting.py:bspline_profile:1257[0m -                      9     0.704    13625    1.00                  
[1;38;2;49;54;149m    [INFO][0m - [38;2;116;173;209mfitting.py:bspline_profile:1257[0m -                     10     0.704    13640    1.00                  
[1;38;2;49;54;149m    [INFO][0m - [38;2;116;173;209mfitting.py:bspline_profile:1257[0m -                     11     0.703    13655    1.00                  
[1;38;2;49;54;149m    [INFO][0m - [38;2;116;173;209mfitting.py:bspline_profile:1257[0m -                     12     0.703    13665    1.00                  
[1;38;2;49;54;149m    [INFO][0m - [38;2;116;173;209mfitting.py:bspline_profile:1257[0m -                     13     0.702    13669    1.00                  
[1;38;2;49;54;149m    [INFO][0m - [38;2;116;173;209mfitting.py:bspline_profile:1257[0m -                     14     0.702    13671    1.00                  
[1;38;2;49;54;149m    [INFO][0m - [38;2;116;173;209mfitting.py:bspline_profile:1257[0m -                     15     0.702    13672    1.00                  
[1;38;2;49;54;149m    [INFO][0m - [38;2;116;173;209mfitting.py:bspline_profile:1257[0m -                     16     0.702    13673    1.00                  
[1;38;2;49;54;149m    [INFO][0m - [38;2;116;173;209mfitting.py:bspline_profile:1257[0m -                     17     0.702    13673    1.00                  
[1;38;2;49;54;149m    [INFO][0m - [38;2;116;173;209mfitting.py:bspline_profile:1272[0m -                   DONE     0.702    13673    1.00                  
[1;38;2;49;54;149m    [INFO][0m - [38;2;116;173;209mfitting.py:bspline_profile:1275[0m - *******************************************************************
[1;38;2;49;54;149m    [INFO][0m - [38;2;116;173;209mflatfield.py:fit:924[0m - Modeling the flat-field response for slit spat_id=3983: 24/24
[1;38;2;49;54;149m    [INFO][0m - [38;2;116;173;209mflatfield.py:fit:1008[0m - Spectral fit of flatfield for 552633/577401  pixels in the slit.
[1;38;2;49;54;149m    [INFO][0m - [38;2;116;173;209mfitting.py:bspline_profile:1156[0m - B-spline fit:
[1;38;2;49;54;149m    [INFO][0m - [38;2;116;173;209mfitting.py:bspline_profile:1157[0m -     npoly = 1 profile basis functions
[1;38;2;49;54;149m    [INFO][0m - [38;2;116;173;209mfitting.py:bspline_profile:1158[0m -     ngood = 552633/552633 measurements
[1;38;2;49;54;149m    [INFO][0m - [38;2;116;173;209mfitting.py:bspline_profile:1159[0m - ***************** Iter     Chi^2    N Rej  R. Fac *****************
[1;38;2;49;54;149m    [INFO][0m - [38;2;116;173;209mfitting.py:bspline_profile:1163[0m -                   ----  --------  -------  ------                  
[1;38;2;49;54;149m    [INFO][0m - [38;2;116;173;209mfitting.py:bspline_profile:1257[0m -                      1     0.032       65    1.00                  
[1;38;2;49;54;149m    [INFO][0m - [38;2;116;173;209mfitting.py:bspline_profile:1257[0m -                      2     0.031       74    1.00                  
[1;38;2;49;54;149m    [INFO][0m - [38;2;116;173;209mfitting.py:bspline_profile:1257[0m -                      3     0.031       82    1.00                  
[1;38;2;49;54;149m    [INFO][0m - [38;2;116;173;209mfitting.py:bspline_profile:1257[0m -                      4     0.031       86    1.00                  
[1;38;2;49;54;149m    [INFO][0m - [38;2;116;173;209mfitting.py:bspline_profile:1257[0m -                      5     0.031       89    1.00                  
[1;38;2;49;54;149m    [INFO][0m - [38;2;116;173;209mfitting.py:bspline_profile:1257[0m -                      6     0.031       92    1.00                  
[1;38;2;49;54;149m    [INFO][0m - [38;2;116;173;209mfitting.py:bspline_profile:1257[0m -                      7     0.031       93    1.00                  
[1;38;2;49;54;149m    [INFO][0m - [38;2;116;173;209mfitting.py:bspline_profile:1257[0m -                      8     0.031       93    1.00                  
[1;38;2;49;54;149m    [INFO][0m - [38;2;116;173;209mfitting.py:bspline_profile:1272[0m -                   DONE     0.031       93    1.00                  
[1;38;2;49;54;149m    [INFO][0m - [38;2;116;173;209mfitting.py:bspline_profile:1275[0m - *******************************************************************
[1;38;2;49;54;149m    [INFO][0m - [38;2;116;173;209mflatfield.py:fit:1097[0m - Spatial fit of flatfield for 618681/618681  pixels in the slit.
[1;38;2;49;54;149m    [INFO][0m - [38;2;116;173;209mfitting.py:bspline_profile:1156[0m - B-spline fit:
[1;38;2;49;54;149m    [INFO][0m - [38;2;116;173;209mfitting.py:bspline_profile:1157[0m -     npoly = 1 profile basis functions
[1;38;2;49;54;149m    [INFO][0m - [38;2;116;173;209mfitting.py:bspline_profile:1158[0m -     ngood = 618681/618681 measurements
[1;38;2;49;54;149m    [INFO][0m - [38;2;116;173;209mfitting.py:bspline_profile:1159[0m - ***************** Iter     Chi^2    N Rej  R. Fac *****************
[1;38;2;49;54;149m    [INFO][0m - [38;2;116;173;209mfitting.py:bspline_profile:1163[0m -                   ----  --------  -------  ------                  
[1;38;2;49;54;149m    [INFO][0m - [38;2;116;173;209mfitting.py:bspline_profile:1257[0m -                      1     0.000        0    1.00                  
[1;38;2;49;54;149m    [INFO][0m - [38;2;116;173;209mfitting.py:bspline_profile:1272[0m -                   DONE     0.000        0    1.00                  
[1;38;2;49;54;149m    [INFO][0m - [38;2;116;173;209mfitting.py:bspline_profile:1275[0m - *******************************************************************
[1;38;2;253;174;97m [WARNING][0m - [38;2;116;173;209mflat.py:tweak_slit_edges_gradient:538[0m - Left slit edge shift of 0.9% exceeds the maximum allowed of 0.0%
The left edge will not be tweaked.
[1;38;2;253;174;97m [WARNING][0m - [38;2;116;173;209mflat.py:tweak_slit_edges_gradient:547[0m - Right slit edge shift of -0.6% exceeds the maximum allowed of 0.0%
The right edge will not be tweaked.
[1;38;2;49;54;149m    [INFO][0m - [38;2;116;173;209mfitting.py:bspline_profile:1156[0m - B-spline fit:
[1;38;2;49;54;149m    [INFO][0m - [38;2;116;173;209mfitting.py:bspline_profile:1157[0m -     npoly = 1 profile basis functions
[1;38;2;49;54;149m    [INFO][0m - [38;2;116;173;209mfitting.py:bspline_profile:1158[0m -     ngood = 618681/618681 measurements
[1;38;2;49;54;149m    [INFO][0m - [38;2;116;173;209mfitting.py:bspline_profile:1159[0m - ***************** Iter     Chi^2    N Rej  R. Fac *****************
[1;38;2;49;54;149m    [INFO][0m - [38;2;116;173;209mfitting.py:bspline_profile:1163[0m -                   ----  --------  -------  ------                  
[1;38;2;49;54;149m    [INFO][0m - [38;2;116;173;209mfitting.py:bspline_profile:1257[0m -                      1     0.000        0    1.00                  
[1;38;2;49;54;149m    [INFO][0m - [38;2;116;173;209mfitting.py:bspline_profile:1272[0m -                   DONE     0.000        0    1.00                  
[1;38;2;49;54;149m    [INFO][0m - [38;2;116;173;209mfitting.py:bspline_profile:1275[0m - *******************************************************************
[1;38;2;49;54;149m    [INFO][0m - [38;2;116;173;209mflatfield.py:spatial_fit_finecorr:1477[0m - Performing a fine correction to the spatial illumination (slit 3983)
[1;38;2;253;174;97m [WARNING][0m - [38;2;116;173;209mfitting.py:robust_fit:456[0m - Maximum number of iterations maxiter=10 reached in robust_polyfit_djs
[1;38;2;49;54;149m    [INFO][0m - [38;2;116;173;209mflatfield.py:spatillum_finecorr_qa:1966[0m - Generating QA for spatial illumination fine correction
[1;38;2;49;54;149m    [INFO][0m - [38;2;116;173;209mflatfield.py:spatillum_finecorr_qa:2047[0m - Saved QA:
/Users/kaiwenzhang/PycharmProjects/KCWI/KCWI_RED_channel_characterization/RM1 pypeit run/2024-04-01/pypeit_run/keck_kcrm_B/QA/PNGs/Spatillum_FineCorr_B_1_DET01_S3983_spatillum_finecorr.png
[1;38;2;49;54;149m    [INFO][0m - [38;2;116;173;209mflatfield.py:fit:1218[0m - Performing 2D illumination + scattered light flat field fit
[1;38;2;49;54;149m    [INFO][0m - [38;2;116;173;209mfitting.py:bspline_profile:1156[0m - B-spline fit:
[1;38;2;49;54;149m    [INFO][0m - [38;2;116;173;209mfitting.py:bspline_profile:1157[0m -     npoly = 7 profile basis functions
[1;38;2;49;54;149m    [INFO][0m - [38;2;116;173;209mfitting.py:bspline_profile:1158[0m -     ngood = 577311/577401 measurements
[1;38;2;49;54;149m    [INFO][0m - [38;2;116;173;209mfitting.py:bspline_profile:1159[0m - ***************** Iter     Chi^2    N Rej  R. Fac *****************
[1;38;2;49;54;149m    [INFO][0m - [38;2;116;173;209mfitting.py:bspline_profile:1163[0m -                   ----  --------  -------  ------                  
[1;38;2;49;54;149m    [INFO][0m - [38;2;116;173;209mfitting.py:bspline_profile:1257[0m -                      1     2.134    12939    1.00                  
[1;38;2;49;54;149m    [INFO][0m - [38;2;116;173;209mfitting.py:bspline_profile:1257[0m -                      2     0.798    14707    1.00                  
[1;38;2;49;54;149m    [INFO][0m - [38;2;116;173;209mfitting.py:bspline_profile:1257[0m -                      3     0.703    15305    1.00                  
[1;38;2;49;54;149m    [INFO][0m - [38;2;116;173;209mfitting.py:bspline_profile:1257[0m -                      4     0.678    15629    1.00                  
[1;38;2;49;54;149m    [INFO][0m - [38;2;116;173;209mfitting.py:bspline_profile:1257[0m -                      5     0.667    15831    1.00                  
[1;38;2;49;54;149m    [INFO][0m - [38;2;116;173;209mfitting.py:bspline_profile:1257[0m -                      6     0.660    15956    1.00                  
[1;38;2;49;54;149m    [INFO][0m - [38;2;116;173;209mfitting.py:bspline_profile:1257[0m -                      7     0.656    16033    1.00                  
[1;38;2;49;54;149m    [INFO][0m - [38;2;116;173;209mfitting.py:bspline_profile:1257[0m -                      8     0.654    16083    1.00                  
[1;38;2;49;54;149m    [INFO][0m - [38;2;116;173;209mfitting.py:bspline_profile:1257[0m -                      9     0.652    16112    1.00                  
[1;38;2;49;54;149m    [INFO][0m - [38;2;116;173;209mfitting.py:bspline_profile:1257[0m -                     10     0.651    16137    1.00                  
[1;38;2;49;54;149m    [INFO][0m - [38;2;116;173;209mfitting.py:bspline_profile:1257[0m -                     11     0.651    16161    1.00                  
[1;38;2;49;54;149m    [INFO][0m - [38;2;116;173;209mfitting.py:bspline_profile:1257[0m -                     12     0.650    16180    1.00                  
[1;38;2;49;54;149m    [INFO][0m - [38;2;116;173;209mfitting.py:bspline_profile:1257[0m -                     13     0.649    16193    1.00                  
[1;38;2;49;54;149m    [INFO][0m - [38;2;116;173;209mfitting.py:bspline_profile:1257[0m -                     14     0.649    16202    1.00                  
[1;38;2;49;54;149m    [INFO][0m - [38;2;116;173;209mfitting.py:bspline_profile:1257[0m -                     15     0.649    16209    1.00                  
[1;38;2;49;54;149m    [INFO][0m - [38;2;116;173;209mfitting.py:bspline_profile:1257[0m -                     16     0.648    16214    1.00                  
[1;38;2;49;54;149m    [INFO][0m - [38;2;116;173;209mfitting.py:bspline_profile:1257[0m -                     17     0.648    16216    1.00                  
[1;38;2;49;54;149m    [INFO][0m - [38;2;116;173;209mfitting.py:bspline_profile:1257[0m -                     18     0.648    16222    1.00                  
[1;38;2;49;54;149m    [INFO][0m - [38;2;116;173;209mfitting.py:bspline_profile:1257[0m -                     19     0.648    16224    1.00                  
[1;38;2;49;54;149m    [INFO][0m - [38;2;116;173;209mfitting.py:bspline_profile:1257[0m -                     20     0.648    16224    1.00                  
[1;38;2;49;54;149m    [INFO][0m - [38;2;116;173;209mfitting.py:bspline_profile:1272[0m -                   DONE     0.648    16224    1.00                  
[1;38;2;49;54;149m    [INFO][0m - [38;2;116;173;209mfitting.py:bspline_profile:1275[0m - *******************************************************************
[1;38;2;49;54;149m    [INFO][0m - [38;2;116;173;209mflatfield.py:spectral_illumination:1640[0m - Deriving spectral illumination profile
[1;38;2;49;54;149m    [INFO][0m - [38;2;116;173;209mflatfield.py:spectral_illumination:1645[0m - Performing a joint fit to the flat-field response
[1;38;2;49;54;149m    [INFO][0m - [38;2;116;173;209mflatfield.py:illum_profile_spectral:2202[0m - Performing relative spectral sensitivity correction (reference slit = 14)
[1;38;2;49;54;149m    [INFO][0m - [38;2;116;173;209mflatfield.py:illum_profile_spectral:2206[0m - Using 'smooth_weights' algorithm for relative spectral sensitivity
[1;38;2;49;54;149m    [INFO][0m - [38;2;116;173;209mflatfield.py:illum_profile_spectral:2300[0m - Iteration 1 :: Minimum/Maximum scales = 0.87173, 1.04264
[1;38;2;49;54;149m    [INFO][0m - [38;2;116;173;209mflatfield.py:illum_profile_spectral:2300[0m - Iteration 2 :: Minimum/Maximum scales = 0.97378, 1.00888
[1;38;2;49;54;149m    [INFO][0m - [38;2;116;173;209mflatfield.py:illum_profile_spectral:2300[0m - Iteration 3 :: Minimum/Maximum scales = 0.97751, 1.00706
[1;38;2;49;54;149m    [INFO][0m - [38;2;116;173;209mflatfield.py:illum_profile_spectral:2300[0m - Iteration 4 :: Minimum/Maximum scales = 0.97996, 1.00600
[1;38;2;49;54;149m    [INFO][0m - [38;2;116;173;209mflatfield.py:illum_profile_spectral:2300[0m - Iteration 5 :: Minimum/Maximum scales = 0.98150, 1.00546
[1;38;2;49;54;149m    [INFO][0m - [38;2;116;173;209mkeck_kcwi.py:get_rawimage:1426[0m - Reading KCWI file: /Users/kaiwenzhang/PycharmProjects/KCWI/KCWI_RED_channel_characterization/fits/by_night/RM1/2024-04-01/KR.20240402.16138.10.fits
[1;38;2;49;54;149m    [INFO][0m - [38;2;116;173;209mcalibrations.py:get_flats:942[0m - Creating slit-illumination flat calibration frame using files: 
[1;38;2;49;54;149m    [INFO][0m - [38;2;116;173;209mcalibrations.py:get_flats:944[0m -         KR.20240402.16138.10.fits
[1;38;2;49;54;149m    [INFO][0m - [38;2;116;173;209mcalibrations.py:get_flats:944[0m -         KR.20240402.16538.97.fits
[1;38;2;49;54;149m    [INFO][0m - [38;2;116;173;209mkeck_kcwi.py:get_rawimage:1426[0m - Reading KCWI file: /Users/kaiwenzhang/PycharmProjects/KCWI/KCWI_RED_channel_characterization/fits/by_night/RM1/2024-04-01/KR.20240402.16138.10.fits
[1;38;2;49;54;149m    [INFO][0m - [38;2;116;173;209mrawimage.py:process:564[0m - Performing basic image processing on KR.20240402.16138.10.fits.
[1;38;2;49;54;149m    [INFO][0m - [38;2;116;173;209mrawimage.py:estimate_readnoise:359[0m - Estimated readnoise of amplifier 1 = 3.829 e-
[1;38;2;49;54;149m    [INFO][0m - [38;2;116;173;209mrawimage.py:estimate_readnoise:359[0m - Estimated readnoise of amplifier 2 = 3.828 e-
[1;38;2;49;54;149m    [INFO][0m - [38;2;116;173;209mkeck_kcwi.py:get_rawimage:1426[0m - Reading KCWI file: /Users/kaiwenzhang/PycharmProjects/KCWI/KCWI_RED_channel_characterization/fits/by_night/RM1/2024-04-01/KR.20240402.16538.97.fits
[1;38;2;49;54;149m    [INFO][0m - [38;2;116;173;209mrawimage.py:process:564[0m - Performing basic image processing on KR.20240402.16538.97.fits.
[1;38;2;49;54;149m    [INFO][0m - [38;2;116;173;209mrawimage.py:estimate_readnoise:359[0m - Estimated readnoise of amplifier 1 = 3.746 e-
[1;38;2;49;54;149m    [INFO][0m - [38;2;116;173;209mrawimage.py:estimate_readnoise:359[0m - Estimated readnoise of amplifier 2 = 3.767 e-
[1;38;2;253;174;97m [WARNING][0m - [38;2;116;173;209mcombine.py:weighted_combine:147[0m - Sigma clipping requested, but you cannot sigma clip with less than 3 images.  Proceeding without sigma clipping
[1;38;2;49;54;149m    [INFO][0m - [38;2;116;173;209mflatfield.py:build_waveimg:704[0m - Generating wavelength image
[1;38;2;49;54;149m    [INFO][0m - [38;2;116;173;209mwavetilts.py:fit2tiltimg:143[0m - Generating a tilts image from the fit parameters
[1;38;2;49;54;149m    [INFO][0m - [38;2;116;173;209mflatfield.py:fit:924[0m - Modeling the flat-field response for slit spat_id=121: 1/24
[1;38;2;49;54;149m    [INFO][0m - [38;2;116;173;209mflatfield.py:fit:1008[0m - Spectral fit of flatfield for 553159/577927  pixels in the slit.
[1;38;2;49;54;149m    [INFO][0m - [38;2;116;173;209mfitting.py:bspline_profile:1156[0m - B-spline fit:
[1;38;2;49;54;149m    [INFO][0m - [38;2;116;173;209mfitting.py:bspline_profile:1157[0m -     npoly = 1 profile basis functions
[1;38;2;49;54;149m    [INFO][0m - [38;2;116;173;209mfitting.py:bspline_profile:1158[0m -     ngood = 553159/553159 measurements
[1;38;2;49;54;149m    [INFO][0m - [38;2;116;173;209mfitting.py:bspline_profile:1159[0m - ***************** Iter     Chi^2    N Rej  R. Fac *****************
[1;38;2;49;54;149m    [INFO][0m - [38;2;116;173;209mfitting.py:bspline_profile:1163[0m -                   ----  --------  -------  ------                  
[1;38;2;49;54;149m    [INFO][0m - [38;2;116;173;209mfitting.py:bspline_profile:1257[0m -                      1     0.003        0    1.00                  
[1;38;2;49;54;149m    [INFO][0m - [38;2;116;173;209mfitting.py:bspline_profile:1272[0m -                   DONE     0.003        0    1.00                  
[1;38;2;49;54;149m    [INFO][0m - [38;2;116;173;209mfitting.py:bspline_profile:1275[0m - *******************************************************************
[1;38;2;49;54;149m    [INFO][0m - [38;2;116;173;209mflatfield.py:fit:1097[0m - Spatial fit of flatfield for 619207/619207  pixels in the slit.
[1;38;2;49;54;149m    [INFO][0m - [38;2;116;173;209mfitting.py:bspline_profile:1156[0m - B-spline fit:
[1;38;2;49;54;149m    [INFO][0m - [38;2;116;173;209mfitting.py:bspline_profile:1157[0m -     npoly = 1 profile basis functions
[1;38;2;49;54;149m    [INFO][0m - [38;2;116;173;209mfitting.py:bspline_profile:1158[0m -     ngood = 619207/619207 measurements
[1;38;2;49;54;149m    [INFO][0m - [38;2;116;173;209mfitting.py:bspline_profile:1159[0m - ***************** Iter     Chi^2    N Rej  R. Fac *****************
[1;38;2;49;54;149m    [INFO][0m - [38;2;116;173;209mfitting.py:bspline_profile:1163[0m -                   ----  --------  -------  ------                  
[1;38;2;49;54;149m    [INFO][0m - [38;2;116;173;209mfitting.py:bspline_profile:1257[0m -                      1     0.000        0    1.00                  
[1;38;2;49;54;149m    [INFO][0m - [38;2;116;173;209mfitting.py:bspline_profile:1272[0m -                   DONE     0.000        0    1.00                  
[1;38;2;49;54;149m    [INFO][0m - [38;2;116;173;209mfitting.py:bspline_profile:1275[0m - *******************************************************************
[1;38;2;253;174;97m [WARNING][0m - [38;2;116;173;209mflat.py:tweak_slit_edges_gradient:538[0m - Left slit edge shift of 0.6% exceeds the maximum allowed of 0.0%
The left edge will not be tweaked.
[1;38;2;253;174;97m [WARNING][0m - [38;2;116;173;209mflat.py:tweak_slit_edges_gradient:547[0m - Right slit edge shift of -0.9% exceeds the maximum allowed of 0.0%
The right edge will not be tweaked.
[1;38;2;49;54;149m    [INFO][0m - [38;2;116;173;209mfitting.py:bspline_profile:1156[0m - B-spline fit:
[1;38;2;49;54;149m    [INFO][0m - [38;2;116;173;209mfitting.py:bspline_profile:1157[0m -     npoly = 1 profile basis functions
[1;38;2;49;54;149m    [INFO][0m - [38;2;116;173;209mfitting.py:bspline_profile:1158[0m -     ngood = 619207/619207 measurements
[1;38;2;49;54;149m    [INFO][0m - [38;2;116;173;209mfitting.py:bspline_profile:1159[0m - ***************** Iter     Chi^2    N Rej  R. Fac *****************
[1;38;2;49;54;149m    [INFO][0m - [38;2;116;173;209mfitting.py:bspline_profile:1163[0m -                   ----  --------  -------  ------                  
[1;38;2;49;54;149m    [INFO][0m - [38;2;116;173;209mfitting.py:bspline_profile:1257[0m -                      1     0.000        0    1.00                  
[1;38;2;49;54;149m    [INFO][0m - [38;2;116;173;209mfitting.py:bspline_profile:1272[0m -                   DONE     0.000        0    1.00                  
[1;38;2;49;54;149m    [INFO][0m - [38;2;116;173;209mfitting.py:bspline_profile:1275[0m - *******************************************************************
[1;38;2;49;54;149m    [INFO][0m - [38;2;116;173;209mflatfield.py:spatial_fit_finecorr:1477[0m - Performing a fine correction to the spatial illumination (slit 121)
[1;38;2;253;174;97m [WARNING][0m - [38;2;116;173;209mfitting.py:robust_fit:456[0m - Maximum number of iterations maxiter=10 reached in robust_polyfit_djs
[1;38;2;49;54;149m    [INFO][0m - [38;2;116;173;209mflatfield.py:spatillum_finecorr_qa:1966[0m - Generating QA for spatial illumination fine correction
[1;38;2;49;54;149m    [INFO][0m - [38;2;116;173;209mflatfield.py:spatillum_finecorr_qa:2047[0m - Saved QA:
/Users/kaiwenzhang/PycharmProjects/KCWI/KCWI_RED_channel_characterization/RM1 pypeit run/2024-04-01/pypeit_run/keck_kcrm_B/QA/PNGs/Spatillum_FineCorr_illumflat_B_1_DET01_S0121_spatillum_finecorr.png
[1;38;2;49;54;149m    [INFO][0m - [38;2;116;173;209mflatfield.py:fit:924[0m - Modeling the flat-field response for slit spat_id=280: 2/24
[1;38;2;49;54;149m    [INFO][0m - [38;2;116;173;209mflatfield.py:fit:1008[0m - Spectral fit of flatfield for 553800/578568  pixels in the slit.
[1;38;2;49;54;149m    [INFO][0m - [38;2;116;173;209mfitting.py:bspline_profile:1156[0m - B-spline fit:
[1;38;2;49;54;149m    [INFO][0m - [38;2;116;173;209mfitting.py:bspline_profile:1157[0m -     npoly = 1 profile basis functions
[1;38;2;49;54;149m    [INFO][0m - [38;2;116;173;209mfitting.py:bspline_profile:1158[0m -     ngood = 553800/553800 measurements
[1;38;2;49;54;149m    [INFO][0m - [38;2;116;173;209mfitting.py:bspline_profile:1159[0m - ***************** Iter     Chi^2    N Rej  R. Fac *****************
[1;38;2;49;54;149m    [INFO][0m - [38;2;116;173;209mfitting.py:bspline_profile:1163[0m -                   ----  --------  -------  ------                  
[1;38;2;49;54;149m    [INFO][0m - [38;2;116;173;209mfitting.py:bspline_profile:1257[0m -                      1     0.002        0    1.00                  
[1;38;2;49;54;149m    [INFO][0m - [38;2;116;173;209mfitting.py:bspline_profile:1272[0m -                   DONE     0.002        0    1.00                  
[1;38;2;49;54;149m    [INFO][0m - [38;2;116;173;209mfitting.py:bspline_profile:1275[0m - *******************************************************************
[1;38;2;49;54;149m    [INFO][0m - [38;2;116;173;209mflatfield.py:fit:1097[0m - Spatial fit of flatfield for 619848/619848  pixels in the slit.
[1;38;2;49;54;149m    [INFO][0m - [38;2;116;173;209mfitting.py:bspline_profile:1156[0m - B-spline fit:
[1;38;2;49;54;149m    [INFO][0m - [38;2;116;173;209mfitting.py:bspline_profile:1157[0m -     npoly = 1 profile basis functions
[1;38;2;49;54;149m    [INFO][0m - [38;2;116;173;209mfitting.py:bspline_profile:1158[0m -     ngood = 619848/619848 measurements
[1;38;2;49;54;149m    [INFO][0m - [38;2;116;173;209mfitting.py:bspline_profile:1159[0m - ***************** Iter     Chi^2    N Rej  R. Fac *****************
[1;38;2;49;54;149m    [INFO][0m - [38;2;116;173;209mfitting.py:bspline_profile:1163[0m -                   ----  --------  -------  ------                  
[1;38;2;49;54;149m    [INFO][0m - [38;2;116;173;209mfitting.py:bspline_profile:1257[0m -                      1     0.000        0    1.00                  
[1;38;2;49;54;149m    [INFO][0m - [38;2;116;173;209mfitting.py:bspline_profile:1272[0m -                   DONE     0.000        0    1.00                  
[1;38;2;49;54;149m    [INFO][0m - [38;2;116;173;209mfitting.py:bspline_profile:1275[0m - *******************************************************************
[1;38;2;253;174;97m [WARNING][0m - [38;2;116;173;209mflat.py:tweak_slit_edges_gradient:538[0m - Left slit edge shift of 0.6% exceeds the maximum allowed of 0.0%
The left edge will not be tweaked.
[1;38;2;253;174;97m [WARNING][0m - [38;2;116;173;209mflat.py:tweak_slit_edges_gradient:547[0m - Right slit edge shift of -0.9% exceeds the maximum allowed of 0.0%
The right edge will not be tweaked.
[1;38;2;49;54;149m    [INFO][0m - [38;2;116;173;209mfitting.py:bspline_profile:1156[0m - B-spline fit:
[1;38;2;49;54;149m    [INFO][0m - [38;2;116;173;209mfitting.py:bspline_profile:1157[0m -     npoly = 1 profile basis functions
[1;38;2;49;54;149m    [INFO][0m - [38;2;116;173;209mfitting.py:bspline_profile:1158[0m -     ngood = 619848/619848 measurements
[1;38;2;49;54;149m    [INFO][0m - [38;2;116;173;209mfitting.py:bspline_profile:1159[0m - ***************** Iter     Chi^2    N Rej  R. Fac *****************
[1;38;2;49;54;149m    [INFO][0m - [38;2;116;173;209mfitting.py:bspline_profile:1163[0m -                   ----  --------  -------  ------                  
[1;38;2;49;54;149m    [INFO][0m - [38;2;116;173;209mfitting.py:bspline_profile:1257[0m -                      1     0.000        0    1.00                  
[1;38;2;49;54;149m    [INFO][0m - [38;2;116;173;209mfitting.py:bspline_profile:1272[0m -                   DONE     0.000        0    1.00                  
[1;38;2;49;54;149m    [INFO][0m - [38;2;116;173;209mfitting.py:bspline_profile:1275[0m - *******************************************************************
[1;38;2;49;54;149m    [INFO][0m - [38;2;116;173;209mflatfield.py:spatial_fit_finecorr:1477[0m - Performing a fine correction to the spatial illumination (slit 280)
[1;38;2;253;174;97m [WARNING][0m - [38;2;116;173;209mfitting.py:robust_fit:456[0m - Maximum number of iterations maxiter=10 reached in robust_polyfit_djs
[1;38;2;49;54;149m    [INFO][0m - [38;2;116;173;209mflatfield.py:spatillum_finecorr_qa:1966[0m - Generating QA for spatial illumination fine correction
[1;38;2;49;54;149m    [INFO][0m - [38;2;116;173;209mflatfield.py:spatillum_finecorr_qa:2047[0m - Saved QA:
/Users/kaiwenzhang/PycharmProjects/KCWI/KCWI_RED_channel_characterization/RM1 pypeit run/2024-04-01/pypeit_run/keck_kcrm_B/QA/PNGs/Spatillum_FineCorr_illumflat_B_1_DET01_S0280_spatillum_finecorr.png
[1;38;2;49;54;149m    [INFO][0m - [38;2;116;173;209mflatfield.py:fit:924[0m - Modeling the flat-field response for slit spat_id=436: 3/24
[1;38;2;49;54;149m    [INFO][0m - [38;2;116;173;209mflatfield.py:fit:1008[0m - Spectral fit of flatfield for 554063/578831  pixels in the slit.
[1;38;2;49;54;149m    [INFO][0m - [38;2;116;173;209mfitting.py:bspline_profile:1156[0m - B-spline fit:
[1;38;2;49;54;149m    [INFO][0m - [38;2;116;173;209mfitting.py:bspline_profile:1157[0m -     npoly = 1 profile basis functions
[1;38;2;49;54;149m    [INFO][0m - [38;2;116;173;209mfitting.py:bspline_profile:1158[0m -     ngood = 554063/554063 measurements
[1;38;2;49;54;149m    [INFO][0m - [38;2;116;173;209mfitting.py:bspline_profile:1159[0m - ***************** Iter     Chi^2    N Rej  R. Fac *****************
[1;38;2;49;54;149m    [INFO][0m - [38;2;116;173;209mfitting.py:bspline_profile:1163[0m -                   ----  --------  -------  ------                  
[1;38;2;49;54;149m    [INFO][0m - [38;2;116;173;209mfitting.py:bspline_profile:1257[0m -                      1     0.002        0    1.00                  
[1;38;2;49;54;149m    [INFO][0m - [38;2;116;173;209mfitting.py:bspline_profile:1272[0m -                   DONE     0.002        0    1.00                  
[1;38;2;49;54;149m    [INFO][0m - [38;2;116;173;209mfitting.py:bspline_profile:1275[0m - *******************************************************************
[1;38;2;49;54;149m    [INFO][0m - [38;2;116;173;209mflatfield.py:fit:1097[0m - Spatial fit of flatfield for 620111/620111  pixels in the slit.
[1;38;2;49;54;149m    [INFO][0m - [38;2;116;173;209mfitting.py:bspline_profile:1156[0m - B-spline fit:
[1;38;2;49;54;149m    [INFO][0m - [38;2;116;173;209mfitting.py:bspline_profile:1157[0m -     npoly = 1 profile basis functions
[1;38;2;49;54;149m    [INFO][0m - [38;2;116;173;209mfitting.py:bspline_profile:1158[0m -     ngood = 620111/620111 measurements
[1;38;2;49;54;149m    [INFO][0m - [38;2;116;173;209mfitting.py:bspline_profile:1159[0m - ***************** Iter     Chi^2    N Rej  R. Fac *****************
[1;38;2;49;54;149m    [INFO][0m - [38;2;116;173;209mfitting.py:bspline_profile:1163[0m -                   ----  --------  -------  ------                  
[1;38;2;49;54;149m    [INFO][0m - [38;2;116;173;209mfitting.py:bspline_profile:1257[0m -                      1     0.000        0    1.00                  
[1;38;2;49;54;149m    [INFO][0m - [38;2;116;173;209mfitting.py:bspline_profile:1272[0m -                   DONE     0.000        0    1.00                  
[1;38;2;49;54;149m    [INFO][0m - [38;2;116;173;209mfitting.py:bspline_profile:1275[0m - *******************************************************************
[1;38;2;253;174;97m [WARNING][0m - [38;2;116;173;209mflat.py:tweak_slit_edges_gradient:538[0m - Left slit edge shift of 0.6% exceeds the maximum allowed of 0.0%
The left edge will not be tweaked.
[1;38;2;253;174;97m [WARNING][0m - [38;2;116;173;209mflat.py:tweak_slit_edges_gradient:547[0m - Right slit edge shift of -0.9% exceeds the maximum allowed of 0.0%
The right edge will not be tweaked.
[1;38;2;49;54;149m    [INFO][0m - [38;2;116;173;209mfitting.py:bspline_profile:1156[0m - B-spline fit:
[1;38;2;49;54;149m    [INFO][0m - [38;2;116;173;209mfitting.py:bspline_profile:1157[0m -     npoly = 1 profile basis functions
[1;38;2;49;54;149m    [INFO][0m - [38;2;116;173;209mfitting.py:bspline_profile:1158[0m -     ngood = 620111/620111 measurements
[1;38;2;49;54;149m    [INFO][0m - [38;2;116;173;209mfitting.py:bspline_profile:1159[0m - ***************** Iter     Chi^2    N Rej  R. Fac *****************
[1;38;2;49;54;149m    [INFO][0m - [38;2;116;173;209mfitting.py:bspline_profile:1163[0m -                   ----  --------  -------  ------                  
[1;38;2;49;54;149m    [INFO][0m - [38;2;116;173;209mfitting.py:bspline_profile:1257[0m -                      1     0.000        0    1.00                  
[1;38;2;49;54;149m    [INFO][0m - [38;2;116;173;209mfitting.py:bspline_profile:1272[0m -                   DONE     0.000        0    1.00                  
[1;38;2;49;54;149m    [INFO][0m - [38;2;116;173;209mfitting.py:bspline_profile:1275[0m - *******************************************************************
[1;38;2;49;54;149m    [INFO][0m - [38;2;116;173;209mflatfield.py:spatial_fit_finecorr:1477[0m - Performing a fine correction to the spatial illumination (slit 436)
[1;38;2;253;174;97m [WARNING][0m - [38;2;116;173;209mfitting.py:robust_fit:456[0m - Maximum number of iterations maxiter=10 reached in robust_polyfit_djs
[1;38;2;49;54;149m    [INFO][0m - [38;2;116;173;209mflatfield.py:spatillum_finecorr_qa:1966[0m - Generating QA for spatial illumination fine correction
[1;38;2;49;54;149m    [INFO][0m - [38;2;116;173;209mflatfield.py:spatillum_finecorr_qa:2047[0m - Saved QA:
/Users/kaiwenzhang/PycharmProjects/KCWI/KCWI_RED_channel_characterization/RM1 pypeit run/2024-04-01/pypeit_run/keck_kcrm_B/QA/PNGs/Spatillum_FineCorr_illumflat_B_1_DET01_S0436_spatillum_finecorr.png
[1;38;2;49;54;149m    [INFO][0m - [38;2;116;173;209mflatfield.py:fit:924[0m - Modeling the flat-field response for slit spat_id=592: 4/24
[1;38;2;49;54;149m    [INFO][0m - [38;2;116;173;209mflatfield.py:fit:1008[0m - Spectral fit of flatfield for 554507/581117  pixels in the slit.
[1;38;2;49;54;149m    [INFO][0m - [38;2;116;173;209mfitting.py:bspline_profile:1156[0m - B-spline fit:
[1;38;2;49;54;149m    [INFO][0m - [38;2;116;173;209mfitting.py:bspline_profile:1157[0m -     npoly = 1 profile basis functions
[1;38;2;49;54;149m    [INFO][0m - [38;2;116;173;209mfitting.py:bspline_profile:1158[0m -     ngood = 554507/554507 measurements
[1;38;2;49;54;149m    [INFO][0m - [38;2;116;173;209mfitting.py:bspline_profile:1159[0m - ***************** Iter     Chi^2    N Rej  R. Fac *****************
[1;38;2;49;54;149m    [INFO][0m - [38;2;116;173;209mfitting.py:bspline_profile:1163[0m -                   ----  --------  -------  ------                  
[1;38;2;49;54;149m    [INFO][0m - [38;2;116;173;209mfitting.py:bspline_profile:1257[0m -                      1     0.067      749    1.00                  
[1;38;2;49;54;149m    [INFO][0m - [38;2;116;173;209mfitting.py:bspline_profile:1257[0m -                      2     0.001      749    1.00                  
[1;38;2;49;54;149m    [INFO][0m - [38;2;116;173;209mfitting.py:bspline_profile:1272[0m -                   DONE     0.001      749    1.00                  
[1;38;2;49;54;149m    [INFO][0m - [38;2;116;173;209mfitting.py:bspline_profile:1275[0m - *******************************************************************
[1;38;2;49;54;149m    [INFO][0m - [38;2;116;173;209mflatfield.py:fit:1097[0m - Spatial fit of flatfield for 619760/621602  pixels in the slit.
[1;38;2;49;54;149m    [INFO][0m - [38;2;116;173;209mfitting.py:bspline_profile:1156[0m - B-spline fit:
[1;38;2;49;54;149m    [INFO][0m - [38;2;116;173;209mfitting.py:bspline_profile:1157[0m -     npoly = 1 profile basis functions
[1;38;2;49;54;149m    [INFO][0m - [38;2;116;173;209mfitting.py:bspline_profile:1158[0m -     ngood = 619760/619760 measurements
[1;38;2;49;54;149m    [INFO][0m - [38;2;116;173;209mfitting.py:bspline_profile:1159[0m - ***************** Iter     Chi^2    N Rej  R. Fac *****************
[1;38;2;49;54;149m    [INFO][0m - [38;2;116;173;209mfitting.py:bspline_profile:1163[0m -                   ----  --------  -------  ------                  
[1;38;2;49;54;149m    [INFO][0m - [38;2;116;173;209mfitting.py:bspline_profile:1257[0m -                      1     0.000        0    1.00                  
[1;38;2;49;54;149m    [INFO][0m - [38;2;116;173;209mfitting.py:bspline_profile:1272[0m -                   DONE     0.000        0    1.00                  
[1;38;2;49;54;149m    [INFO][0m - [38;2;116;173;209mfitting.py:bspline_profile:1275[0m - *******************************************************************
[1;38;2;253;174;97m [WARNING][0m - [38;2;116;173;209mflat.py:tweak_slit_edges_gradient:538[0m - Left slit edge shift of 0.6% exceeds the maximum allowed of 0.0%
The left edge will not be tweaked.
[1;38;2;253;174;97m [WARNING][0m - [38;2;116;173;209mflat.py:tweak_slit_edges_gradient:547[0m - Right slit edge shift of -1.1% exceeds the maximum allowed of 0.0%
The right edge will not be tweaked.
[1;38;2;49;54;149m    [INFO][0m - [38;2;116;173;209mfitting.py:bspline_profile:1156[0m - B-spline fit:
[1;38;2;49;54;149m    [INFO][0m - [38;2;116;173;209mfitting.py:bspline_profile:1157[0m -     npoly = 1 profile basis functions
[1;38;2;49;54;149m    [INFO][0m - [38;2;116;173;209mfitting.py:bspline_profile:1158[0m -     ngood = 619760/619760 measurements
[1;38;2;49;54;149m    [INFO][0m - [38;2;116;173;209mfitting.py:bspline_profile:1159[0m - ***************** Iter     Chi^2    N Rej  R. Fac *****************
[1;38;2;49;54;149m    [INFO][0m - [38;2;116;173;209mfitting.py:bspline_profile:1163[0m -                   ----  --------  -------  ------                  
[1;38;2;49;54;149m    [INFO][0m - [38;2;116;173;209mfitting.py:bspline_profile:1257[0m -                      1     0.000        0    1.00                  
[1;38;2;49;54;149m    [INFO][0m - [38;2;116;173;209mfitting.py:bspline_profile:1272[0m -                   DONE     0.000        0    1.00                  
[1;38;2;49;54;149m    [INFO][0m - [38;2;116;173;209mfitting.py:bspline_profile:1275[0m - *******************************************************************
[1;38;2;49;54;149m    [INFO][0m - [38;2;116;173;209mflatfield.py:spatial_fit_finecorr:1477[0m - Performing a fine correction to the spatial illumination (slit 592)
[1;38;2;253;174;97m [WARNING][0m - [38;2;116;173;209mfitting.py:robust_fit:456[0m - Maximum number of iterations maxiter=10 reached in robust_polyfit_djs
[1;38;2;49;54;149m    [INFO][0m - [38;2;116;173;209mflatfield.py:spatillum_finecorr_qa:1966[0m - Generating QA for spatial illumination fine correction
[1;38;2;49;54;149m    [INFO][0m - [38;2;116;173;209mflatfield.py:spatillum_finecorr_qa:2047[0m - Saved QA:
/Users/kaiwenzhang/PycharmProjects/KCWI/KCWI_RED_channel_characterization/RM1 pypeit run/2024-04-01/pypeit_run/keck_kcrm_B/QA/PNGs/Spatillum_FineCorr_illumflat_B_1_DET01_S0592_spatillum_finecorr.png
[1;38;2;49;54;149m    [INFO][0m - [38;2;116;173;209mflatfield.py:fit:924[0m - Modeling the flat-field response for slit spat_id=743: 5/24
[1;38;2;49;54;149m    [INFO][0m - [38;2;116;173;209mflatfield.py:fit:1008[0m - Spectral fit of flatfield for 554391/579159  pixels in the slit.
[1;38;2;49;54;149m    [INFO][0m - [38;2;116;173;209mfitting.py:bspline_profile:1156[0m - B-spline fit:
[1;38;2;49;54;149m    [INFO][0m - [38;2;116;173;209mfitting.py:bspline_profile:1157[0m -     npoly = 1 profile basis functions
[1;38;2;49;54;149m    [INFO][0m - [38;2;116;173;209mfitting.py:bspline_profile:1158[0m -     ngood = 554391/554391 measurements
[1;38;2;49;54;149m    [INFO][0m - [38;2;116;173;209mfitting.py:bspline_profile:1159[0m - ***************** Iter     Chi^2    N Rej  R. Fac *****************
[1;38;2;49;54;149m    [INFO][0m - [38;2;116;173;209mfitting.py:bspline_profile:1163[0m -                   ----  --------  -------  ------                  
[1;38;2;49;54;149m    [INFO][0m - [38;2;116;173;209mfitting.py:bspline_profile:1257[0m -                      1     0.002        1    1.00                  
[1;38;2;49;54;149m    [INFO][0m - [38;2;116;173;209mfitting.py:bspline_profile:1257[0m -                      2     0.002        1    1.00                  
[1;38;2;49;54;149m    [INFO][0m - [38;2;116;173;209mfitting.py:bspline_profile:1272[0m -                   DONE     0.002        1    1.00                  
[1;38;2;49;54;149m    [INFO][0m - [38;2;116;173;209mfitting.py:bspline_profile:1275[0m - *******************************************************************
[1;38;2;49;54;149m    [INFO][0m - [38;2;116;173;209mflatfield.py:fit:1097[0m - Spatial fit of flatfield for 617706/617706  pixels in the slit.
[1;38;2;49;54;149m    [INFO][0m - [38;2;116;173;209mfitting.py:bspline_profile:1156[0m - B-spline fit:
[1;38;2;49;54;149m    [INFO][0m - [38;2;116;173;209mfitting.py:bspline_profile:1157[0m -     npoly = 1 profile basis functions
[1;38;2;49;54;149m    [INFO][0m - [38;2;116;173;209mfitting.py:bspline_profile:1158[0m -     ngood = 617706/617706 measurements
[1;38;2;49;54;149m    [INFO][0m - [38;2;116;173;209mfitting.py:bspline_profile:1159[0m - ***************** Iter     Chi^2    N Rej  R. Fac *****************
[1;38;2;49;54;149m    [INFO][0m - [38;2;116;173;209mfitting.py:bspline_profile:1163[0m -                   ----  --------  -------  ------                  
[1;38;2;49;54;149m    [INFO][0m - [38;2;116;173;209mfitting.py:bspline_profile:1257[0m -                      1     0.000        0    1.00                  
[1;38;2;49;54;149m    [INFO][0m - [38;2;116;173;209mfitting.py:bspline_profile:1272[0m -                   DONE     0.000        0    1.00                  
[1;38;2;49;54;149m    [INFO][0m - [38;2;116;173;209mfitting.py:bspline_profile:1275[0m - *******************************************************************
[1;38;2;253;174;97m [WARNING][0m - [38;2;116;173;209mflat.py:tweak_slit_edges_gradient:538[0m - Left slit edge shift of 0.6% exceeds the maximum allowed of 0.0%
The left edge will not be tweaked.
[1;38;2;253;174;97m [WARNING][0m - [38;2;116;173;209mflat.py:tweak_slit_edges_gradient:547[0m - Right slit edge shift of -0.8% exceeds the maximum allowed of 0.0%
The right edge will not be tweaked.
[1;38;2;49;54;149m    [INFO][0m - [38;2;116;173;209mfitting.py:bspline_profile:1156[0m - B-spline fit:
[1;38;2;49;54;149m    [INFO][0m - [38;2;116;173;209mfitting.py:bspline_profile:1157[0m -     npoly = 1 profile basis functions
[1;38;2;49;54;149m    [INFO][0m - [38;2;116;173;209mfitting.py:bspline_profile:1158[0m -     ngood = 617706/617706 measurements
[1;38;2;49;54;149m    [INFO][0m - [38;2;116;173;209mfitting.py:bspline_profile:1159[0m - ***************** Iter     Chi^2    N Rej  R. Fac *****************
[1;38;2;49;54;149m    [INFO][0m - [38;2;116;173;209mfitting.py:bspline_profile:1163[0m -                   ----  --------  -------  ------                  
[1;38;2;49;54;149m    [INFO][0m - [38;2;116;173;209mfitting.py:bspline_profile:1257[0m -                      1     0.000        0    1.00                  
[1;38;2;49;54;149m    [INFO][0m - [38;2;116;173;209mfitting.py:bspline_profile:1272[0m -                   DONE     0.000        0    1.00                  
[1;38;2;49;54;149m    [INFO][0m - [38;2;116;173;209mfitting.py:bspline_profile:1275[0m - *******************************************************************
[1;38;2;49;54;149m    [INFO][0m - [38;2;116;173;209mflatfield.py:spatial_fit_finecorr:1477[0m - Performing a fine correction to the spatial illumination (slit 743)
[1;38;2;253;174;97m [WARNING][0m - [38;2;116;173;209mfitting.py:robust_fit:456[0m - Maximum number of iterations maxiter=10 reached in robust_polyfit_djs
[1;38;2;49;54;149m    [INFO][0m - [38;2;116;173;209mflatfield.py:spatillum_finecorr_qa:1966[0m - Generating QA for spatial illumination fine correction
[1;38;2;49;54;149m    [INFO][0m - [38;2;116;173;209mflatfield.py:spatillum_finecorr_qa:2047[0m - Saved QA:
/Users/kaiwenzhang/PycharmProjects/KCWI/KCWI_RED_channel_characterization/RM1 pypeit run/2024-04-01/pypeit_run/keck_kcrm_B/QA/PNGs/Spatillum_FineCorr_illumflat_B_1_DET01_S0743_spatillum_finecorr.png
[1;38;2;49;54;149m    [INFO][0m - [38;2;116;173;209mflatfield.py:fit:924[0m - Modeling the flat-field response for slit spat_id=893: 6/24
[1;38;2;49;54;149m    [INFO][0m - [38;2;116;173;209mflatfield.py:fit:1008[0m - Spectral fit of flatfield for 554796/579564  pixels in the slit.
[1;38;2;49;54;149m    [INFO][0m - [38;2;116;173;209mfitting.py:bspline_profile:1156[0m - B-spline fit:
[1;38;2;49;54;149m    [INFO][0m - [38;2;116;173;209mfitting.py:bspline_profile:1157[0m -     npoly = 1 profile basis functions
[1;38;2;49;54;149m    [INFO][0m - [38;2;116;173;209mfitting.py:bspline_profile:1158[0m -     ngood = 554796/554796 measurements
[1;38;2;49;54;149m    [INFO][0m - [38;2;116;173;209mfitting.py:bspline_profile:1159[0m - ***************** Iter     Chi^2    N Rej  R. Fac *****************
[1;38;2;49;54;149m    [INFO][0m - [38;2;116;173;209mfitting.py:bspline_profile:1163[0m -                   ----  --------  -------  ------                  
[1;38;2;49;54;149m    [INFO][0m - [38;2;116;173;209mfitting.py:bspline_profile:1257[0m -                      1     0.001       13    1.00                  
[1;38;2;49;54;149m    [INFO][0m - [38;2;116;173;209mfitting.py:bspline_profile:1257[0m -                      2     0.001       13    1.00                  
[1;38;2;49;54;149m    [INFO][0m - [38;2;116;173;209mfitting.py:bspline_profile:1272[0m -                   DONE     0.001       13    1.00                  
[1;38;2;49;54;149m    [INFO][0m - [38;2;116;173;209mfitting.py:bspline_profile:1275[0m - *******************************************************************
[1;38;2;49;54;149m    [INFO][0m - [38;2;116;173;209mflatfield.py:fit:1097[0m - Spatial fit of flatfield for 610551/610551  pixels in the slit.
[1;38;2;49;54;149m    [INFO][0m - [38;2;116;173;209mfitting.py:bspline_profile:1156[0m - B-spline fit:
[1;38;2;49;54;149m    [INFO][0m - [38;2;116;173;209mfitting.py:bspline_profile:1157[0m -     npoly = 1 profile basis functions
[1;38;2;49;54;149m    [INFO][0m - [38;2;116;173;209mfitting.py:bspline_profile:1158[0m -     ngood = 610551/610551 measurements
[1;38;2;49;54;149m    [INFO][0m - [38;2;116;173;209mfitting.py:bspline_profile:1159[0m - ***************** Iter     Chi^2    N Rej  R. Fac *****************
[1;38;2;49;54;149m    [INFO][0m - [38;2;116;173;209mfitting.py:bspline_profile:1163[0m -                   ----  --------  -------  ------                  
[1;38;2;49;54;149m    [INFO][0m - [38;2;116;173;209mfitting.py:bspline_profile:1257[0m -                      1     0.000        0    1.00                  
[1;38;2;49;54;149m    [INFO][0m - [38;2;116;173;209mfitting.py:bspline_profile:1272[0m -                   DONE     0.000        0    1.00                  
[1;38;2;49;54;149m    [INFO][0m - [38;2;116;173;209mfitting.py:bspline_profile:1275[0m - *******************************************************************
[1;38;2;253;174;97m [WARNING][0m - [38;2;116;173;209mflat.py:tweak_slit_edges_gradient:538[0m - Left slit edge shift of 0.6% exceeds the maximum allowed of 0.0%
The left edge will not be tweaked.
[1;38;2;253;174;97m [WARNING][0m - [38;2;116;173;209mflat.py:tweak_slit_edges_gradient:547[0m - Right slit edge shift of -0.8% exceeds the maximum allowed of 0.0%
The right edge will not be tweaked.
[1;38;2;49;54;149m    [INFO][0m - [38;2;116;173;209mfitting.py:bspline_profile:1156[0m - B-spline fit:
[1;38;2;49;54;149m    [INFO][0m - [38;2;116;173;209mfitting.py:bspline_profile:1157[0m -     npoly = 1 profile basis functions
[1;38;2;49;54;149m    [INFO][0m - [38;2;116;173;209mfitting.py:bspline_profile:1158[0m -     ngood = 610551/610551 measurements
[1;38;2;49;54;149m    [INFO][0m - [38;2;116;173;209mfitting.py:bspline_profile:1159[0m - ***************** Iter     Chi^2    N Rej  R. Fac *****************
[1;38;2;49;54;149m    [INFO][0m - [38;2;116;173;209mfitting.py:bspline_profile:1163[0m -                   ----  --------  -------  ------                  
[1;38;2;49;54;149m    [INFO][0m - [38;2;116;173;209mfitting.py:bspline_profile:1257[0m -                      1     0.000        0    1.00                  
[1;38;2;49;54;149m    [INFO][0m - [38;2;116;173;209mfitting.py:bspline_profile:1272[0m -                   DONE     0.000        0    1.00                  
[1;38;2;49;54;149m    [INFO][0m - [38;2;116;173;209mfitting.py:bspline_profile:1275[0m - *******************************************************************
[1;38;2;49;54;149m    [INFO][0m - [38;2;116;173;209mflatfield.py:spatial_fit_finecorr:1477[0m - Performing a fine correction to the spatial illumination (slit 893)
[1;38;2;253;174;97m [WARNING][0m - [38;2;116;173;209mfitting.py:robust_fit:456[0m - Maximum number of iterations maxiter=10 reached in robust_polyfit_djs
[1;38;2;49;54;149m    [INFO][0m - [38;2;116;173;209mflatfield.py:spatillum_finecorr_qa:1966[0m - Generating QA for spatial illumination fine correction
[1;38;2;49;54;149m    [INFO][0m - [38;2;116;173;209mflatfield.py:spatillum_finecorr_qa:2047[0m - Saved QA:
/Users/kaiwenzhang/PycharmProjects/KCWI/KCWI_RED_channel_characterization/RM1 pypeit run/2024-04-01/pypeit_run/keck_kcrm_B/QA/PNGs/Spatillum_FineCorr_illumflat_B_1_DET01_S0893_spatillum_finecorr.png
[1;38;2;49;54;149m    [INFO][0m - [38;2;116;173;209mflatfield.py:fit:924[0m - Modeling the flat-field response for slit spat_id=1040: 7/24
[1;38;2;49;54;149m    [INFO][0m - [38;2;116;173;209mflatfield.py:fit:1008[0m - Spectral fit of flatfield for 554426/579194  pixels in the slit.
[1;38;2;49;54;149m    [INFO][0m - [38;2;116;173;209mfitting.py:bspline_profile:1156[0m - B-spline fit:
[1;38;2;49;54;149m    [INFO][0m - [38;2;116;173;209mfitting.py:bspline_profile:1157[0m -     npoly = 1 profile basis functions
[1;38;2;49;54;149m    [INFO][0m - [38;2;116;173;209mfitting.py:bspline_profile:1158[0m -     ngood = 554426/554426 measurements
[1;38;2;49;54;149m    [INFO][0m - [38;2;116;173;209mfitting.py:bspline_profile:1159[0m - ***************** Iter     Chi^2    N Rej  R. Fac *****************
[1;38;2;49;54;149m    [INFO][0m - [38;2;116;173;209mfitting.py:bspline_profile:1163[0m -                   ----  --------  -------  ------                  
[1;38;2;49;54;149m    [INFO][0m - [38;2;116;173;209mfitting.py:bspline_profile:1257[0m -                      1     0.002        0    1.00                  
[1;38;2;49;54;149m    [INFO][0m - [38;2;116;173;209mfitting.py:bspline_profile:1272[0m -                   DONE     0.002        0    1.00                  
[1;38;2;49;54;149m    [INFO][0m - [38;2;116;173;209mfitting.py:bspline_profile:1275[0m - *******************************************************************
[1;38;2;49;54;149m    [INFO][0m - [38;2;116;173;209mflatfield.py:fit:1097[0m - Spatial fit of flatfield for 608160/608160  pixels in the slit.
[1;38;2;49;54;149m    [INFO][0m - [38;2;116;173;209mfitting.py:bspline_profile:1156[0m - B-spline fit:
[1;38;2;49;54;149m    [INFO][0m - [38;2;116;173;209mfitting.py:bspline_profile:1157[0m -     npoly = 1 profile basis functions
[1;38;2;49;54;149m    [INFO][0m - [38;2;116;173;209mfitting.py:bspline_profile:1158[0m -     ngood = 608160/608160 measurements
[1;38;2;49;54;149m    [INFO][0m - [38;2;116;173;209mfitting.py:bspline_profile:1159[0m - ***************** Iter     Chi^2    N Rej  R. Fac *****************
[1;38;2;49;54;149m    [INFO][0m - [38;2;116;173;209mfitting.py:bspline_profile:1163[0m -                   ----  --------  -------  ------                  
[1;38;2;49;54;149m    [INFO][0m - [38;2;116;173;209mfitting.py:bspline_profile:1257[0m -                      1     0.000        0    1.00                  
[1;38;2;49;54;149m    [INFO][0m - [38;2;116;173;209mfitting.py:bspline_profile:1272[0m -                   DONE     0.000        0    1.00                  
[1;38;2;49;54;149m    [INFO][0m - [38;2;116;173;209mfitting.py:bspline_profile:1275[0m - *******************************************************************
[1;38;2;253;174;97m [WARNING][0m - [38;2;116;173;209mflat.py:tweak_slit_edges_gradient:538[0m - Left slit edge shift of 0.6% exceeds the maximum allowed of 0.0%
The left edge will not be tweaked.
[1;38;2;253;174;97m [WARNING][0m - [38;2;116;173;209mflat.py:tweak_slit_edges_gradient:547[0m - Right slit edge shift of -0.8% exceeds the maximum allowed of 0.0%
The right edge will not be tweaked.
[1;38;2;49;54;149m    [INFO][0m - [38;2;116;173;209mfitting.py:bspline_profile:1156[0m - B-spline fit:
[1;38;2;49;54;149m    [INFO][0m - [38;2;116;173;209mfitting.py:bspline_profile:1157[0m -     npoly = 1 profile basis functions
[1;38;2;49;54;149m    [INFO][0m - [38;2;116;173;209mfitting.py:bspline_profile:1158[0m -     ngood = 608160/608160 measurements
[1;38;2;49;54;149m    [INFO][0m - [38;2;116;173;209mfitting.py:bspline_profile:1159[0m - ***************** Iter     Chi^2    N Rej  R. Fac *****************
[1;38;2;49;54;149m    [INFO][0m - [38;2;116;173;209mfitting.py:bspline_profile:1163[0m -                   ----  --------  -------  ------                  
[1;38;2;49;54;149m    [INFO][0m - [38;2;116;173;209mfitting.py:bspline_profile:1257[0m -                      1     0.000        0    1.00                  
[1;38;2;49;54;149m    [INFO][0m - [38;2;116;173;209mfitting.py:bspline_profile:1272[0m -                   DONE     0.000        0    1.00                  
[1;38;2;49;54;149m    [INFO][0m - [38;2;116;173;209mfitting.py:bspline_profile:1275[0m - *******************************************************************
[1;38;2;49;54;149m    [INFO][0m - [38;2;116;173;209mflatfield.py:spatial_fit_finecorr:1477[0m - Performing a fine correction to the spatial illumination (slit 1040)
[1;38;2;253;174;97m [WARNING][0m - [38;2;116;173;209mfitting.py:robust_fit:456[0m - Maximum number of iterations maxiter=10 reached in robust_polyfit_djs
[1;38;2;49;54;149m    [INFO][0m - [38;2;116;173;209mflatfield.py:spatillum_finecorr_qa:1966[0m - Generating QA for spatial illumination fine correction
[1;38;2;49;54;149m    [INFO][0m - [38;2;116;173;209mflatfield.py:spatillum_finecorr_qa:2047[0m - Saved QA:
/Users/kaiwenzhang/PycharmProjects/KCWI/KCWI_RED_channel_characterization/RM1 pypeit run/2024-04-01/pypeit_run/keck_kcrm_B/QA/PNGs/Spatillum_FineCorr_illumflat_B_1_DET01_S1040_spatillum_finecorr.png
[1;38;2;49;54;149m    [INFO][0m - [38;2;116;173;209mflatfield.py:fit:924[0m - Modeling the flat-field response for slit spat_id=1187: 8/24
[1;38;2;49;54;149m    [INFO][0m - [38;2;116;173;209mflatfield.py:fit:1008[0m - Spectral fit of flatfield for 554346/579114  pixels in the slit.
[1;38;2;49;54;149m    [INFO][0m - [38;2;116;173;209mfitting.py:bspline_profile:1156[0m - B-spline fit:
[1;38;2;49;54;149m    [INFO][0m - [38;2;116;173;209mfitting.py:bspline_profile:1157[0m -     npoly = 1 profile basis functions
[1;38;2;49;54;149m    [INFO][0m - [38;2;116;173;209mfitting.py:bspline_profile:1158[0m -     ngood = 554346/554346 measurements
[1;38;2;49;54;149m    [INFO][0m - [38;2;116;173;209mfitting.py:bspline_profile:1159[0m - ***************** Iter     Chi^2    N Rej  R. Fac *****************
[1;38;2;49;54;149m    [INFO][0m - [38;2;116;173;209mfitting.py:bspline_profile:1163[0m -                   ----  --------  -------  ------                  
[1;38;2;49;54;149m    [INFO][0m - [38;2;116;173;209mfitting.py:bspline_profile:1257[0m -                      1     0.001        1    1.00                  
[1;38;2;49;54;149m    [INFO][0m - [38;2;116;173;209mfitting.py:bspline_profile:1257[0m -                      2     0.001        1    1.00                  
[1;38;2;49;54;149m    [INFO][0m - [38;2;116;173;209mfitting.py:bspline_profile:1272[0m -                   DONE     0.001        1    1.00                  
[1;38;2;49;54;149m    [INFO][0m - [38;2;116;173;209mfitting.py:bspline_profile:1275[0m - *******************************************************************
[1;38;2;49;54;149m    [INFO][0m - [38;2;116;173;209mflatfield.py:fit:1097[0m - Spatial fit of flatfield for 608916/608916  pixels in the slit.
[1;38;2;49;54;149m    [INFO][0m - [38;2;116;173;209mfitting.py:bspline_profile:1156[0m - B-spline fit:
[1;38;2;49;54;149m    [INFO][0m - [38;2;116;173;209mfitting.py:bspline_profile:1157[0m -     npoly = 1 profile basis functions
[1;38;2;49;54;149m    [INFO][0m - [38;2;116;173;209mfitting.py:bspline_profile:1158[0m -     ngood = 608916/608916 measurements
[1;38;2;49;54;149m    [INFO][0m - [38;2;116;173;209mfitting.py:bspline_profile:1159[0m - ***************** Iter     Chi^2    N Rej  R. Fac *****************
[1;38;2;49;54;149m    [INFO][0m - [38;2;116;173;209mfitting.py:bspline_profile:1163[0m -                   ----  --------  -------  ------                  
[1;38;2;49;54;149m    [INFO][0m - [38;2;116;173;209mfitting.py:bspline_profile:1257[0m -                      1     0.000        0    1.00                  
[1;38;2;49;54;149m    [INFO][0m - [38;2;116;173;209mfitting.py:bspline_profile:1272[0m -                   DONE     0.000        0    1.00                  
[1;38;2;49;54;149m    [INFO][0m - [38;2;116;173;209mfitting.py:bspline_profile:1275[0m - *******************************************************************
[1;38;2;253;174;97m [WARNING][0m - [38;2;116;173;209mflat.py:tweak_slit_edges_gradient:538[0m - Left slit edge shift of 0.6% exceeds the maximum allowed of 0.0%
The left edge will not be tweaked.
[1;38;2;253;174;97m [WARNING][0m - [38;2;116;173;209mflat.py:tweak_slit_edges_gradient:547[0m - Right slit edge shift of -0.7% exceeds the maximum allowed of 0.0%
The right edge will not be tweaked.
[1;38;2;49;54;149m    [INFO][0m - [38;2;116;173;209mfitting.py:bspline_profile:1156[0m - B-spline fit:
[1;38;2;49;54;149m    [INFO][0m - [38;2;116;173;209mfitting.py:bspline_profile:1157[0m -     npoly = 1 profile basis functions
[1;38;2;49;54;149m    [INFO][0m - [38;2;116;173;209mfitting.py:bspline_profile:1158[0m -     ngood = 608916/608916 measurements
[1;38;2;49;54;149m    [INFO][0m - [38;2;116;173;209mfitting.py:bspline_profile:1159[0m - ***************** Iter     Chi^2    N Rej  R. Fac *****************
[1;38;2;49;54;149m    [INFO][0m - [38;2;116;173;209mfitting.py:bspline_profile:1163[0m -                   ----  --------  -------  ------                  
[1;38;2;49;54;149m    [INFO][0m - [38;2;116;173;209mfitting.py:bspline_profile:1257[0m -                      1     0.000        0    1.00                  
[1;38;2;49;54;149m    [INFO][0m - [38;2;116;173;209mfitting.py:bspline_profile:1272[0m -                   DONE     0.000        0    1.00                  
[1;38;2;49;54;149m    [INFO][0m - [38;2;116;173;209mfitting.py:bspline_profile:1275[0m - *******************************************************************
[1;38;2;49;54;149m    [INFO][0m - [38;2;116;173;209mflatfield.py:spatial_fit_finecorr:1477[0m - Performing a fine correction to the spatial illumination (slit 1187)
[1;38;2;253;174;97m [WARNING][0m - [38;2;116;173;209mfitting.py:robust_fit:456[0m - Maximum number of iterations maxiter=10 reached in robust_polyfit_djs
[1;38;2;49;54;149m    [INFO][0m - [38;2;116;173;209mflatfield.py:spatillum_finecorr_qa:1966[0m - Generating QA for spatial illumination fine correction
[1;38;2;49;54;149m    [INFO][0m - [38;2;116;173;209mflatfield.py:spatillum_finecorr_qa:2047[0m - Saved QA:
/Users/kaiwenzhang/PycharmProjects/KCWI/KCWI_RED_channel_characterization/RM1 pypeit run/2024-04-01/pypeit_run/keck_kcrm_B/QA/PNGs/Spatillum_FineCorr_illumflat_B_1_DET01_S1187_spatillum_finecorr.png
[1;38;2;49;54;149m    [INFO][0m - [38;2;116;173;209mflatfield.py:fit:924[0m - Modeling the flat-field response for slit spat_id=1335: 9/24
[1;38;2;49;54;149m    [INFO][0m - [38;2;116;173;209mflatfield.py:fit:1008[0m - Spectral fit of flatfield for 555191/579959  pixels in the slit.
[1;38;2;49;54;149m    [INFO][0m - [38;2;116;173;209mfitting.py:bspline_profile:1156[0m - B-spline fit:
[1;38;2;49;54;149m    [INFO][0m - [38;2;116;173;209mfitting.py:bspline_profile:1157[0m -     npoly = 1 profile basis functions
[1;38;2;49;54;149m    [INFO][0m - [38;2;116;173;209mfitting.py:bspline_profile:1158[0m -     ngood = 555191/555191 measurements
[1;38;2;49;54;149m    [INFO][0m - [38;2;116;173;209mfitting.py:bspline_profile:1159[0m - ***************** Iter     Chi^2    N Rej  R. Fac *****************
[1;38;2;49;54;149m    [INFO][0m - [38;2;116;173;209mfitting.py:bspline_profile:1163[0m -                   ----  --------  -------  ------                  
[1;38;2;49;54;149m    [INFO][0m - [38;2;116;173;209mfitting.py:bspline_profile:1257[0m -                      1     0.002        0    1.00                  
[1;38;2;49;54;149m    [INFO][0m - [38;2;116;173;209mfitting.py:bspline_profile:1272[0m -                   DONE     0.002        0    1.00                  
[1;38;2;49;54;149m    [INFO][0m - [38;2;116;173;209mfitting.py:bspline_profile:1275[0m - *******************************************************************
[1;38;2;49;54;149m    [INFO][0m - [38;2;116;173;209mflatfield.py:fit:1097[0m - Spatial fit of flatfield for 613666/613666  pixels in the slit.
[1;38;2;49;54;149m    [INFO][0m - [38;2;116;173;209mfitting.py:bspline_profile:1156[0m - B-spline fit:
[1;38;2;49;54;149m    [INFO][0m - [38;2;116;173;209mfitting.py:bspline_profile:1157[0m -     npoly = 1 profile basis functions
[1;38;2;49;54;149m    [INFO][0m - [38;2;116;173;209mfitting.py:bspline_profile:1158[0m -     ngood = 613666/613666 measurements
[1;38;2;49;54;149m    [INFO][0m - [38;2;116;173;209mfitting.py:bspline_profile:1159[0m - ***************** Iter     Chi^2    N Rej  R. Fac *****************
[1;38;2;49;54;149m    [INFO][0m - [38;2;116;173;209mfitting.py:bspline_profile:1163[0m -                   ----  --------  -------  ------                  
[1;38;2;49;54;149m    [INFO][0m - [38;2;116;173;209mfitting.py:bspline_profile:1257[0m -                      1     0.000        0    1.00                  
[1;38;2;49;54;149m    [INFO][0m - [38;2;116;173;209mfitting.py:bspline_profile:1272[0m -                   DONE     0.000        0    1.00                  
[1;38;2;49;54;149m    [INFO][0m - [38;2;116;173;209mfitting.py:bspline_profile:1275[0m - *******************************************************************
[1;38;2;253;174;97m [WARNING][0m - [38;2;116;173;209mflat.py:tweak_slit_edges_gradient:538[0m - Left slit edge shift of 0.6% exceeds the maximum allowed of 0.0%
The left edge will not be tweaked.
[1;38;2;253;174;97m [WARNING][0m - [38;2;116;173;209mflat.py:tweak_slit_edges_gradient:547[0m - Right slit edge shift of -0.7% exceeds the maximum allowed of 0.0%
The right edge will not be tweaked.
[1;38;2;49;54;149m    [INFO][0m - [38;2;116;173;209mfitting.py:bspline_profile:1156[0m - B-spline fit:
[1;38;2;49;54;149m    [INFO][0m - [38;2;116;173;209mfitting.py:bspline_profile:1157[0m -     npoly = 1 profile basis functions
[1;38;2;49;54;149m    [INFO][0m - [38;2;116;173;209mfitting.py:bspline_profile:1158[0m -     ngood = 613666/613666 measurements
[1;38;2;49;54;149m    [INFO][0m - [38;2;116;173;209mfitting.py:bspline_profile:1159[0m - ***************** Iter     Chi^2    N Rej  R. Fac *****************
[1;38;2;49;54;149m    [INFO][0m - [38;2;116;173;209mfitting.py:bspline_profile:1163[0m -                   ----  --------  -------  ------                  
[1;38;2;49;54;149m    [INFO][0m - [38;2;116;173;209mfitting.py:bspline_profile:1257[0m -                      1     0.000        0    1.00                  
[1;38;2;49;54;149m    [INFO][0m - [38;2;116;173;209mfitting.py:bspline_profile:1272[0m -                   DONE     0.000        0    1.00                  
[1;38;2;49;54;149m    [INFO][0m - [38;2;116;173;209mfitting.py:bspline_profile:1275[0m - *******************************************************************
[1;38;2;49;54;149m    [INFO][0m - [38;2;116;173;209mflatfield.py:spatial_fit_finecorr:1477[0m - Performing a fine correction to the spatial illumination (slit 1335)
[1;38;2;253;174;97m [WARNING][0m - [38;2;116;173;209mfitting.py:robust_fit:456[0m - Maximum number of iterations maxiter=10 reached in robust_polyfit_djs
[1;38;2;49;54;149m    [INFO][0m - [38;2;116;173;209mflatfield.py:spatillum_finecorr_qa:1966[0m - Generating QA for spatial illumination fine correction
[1;38;2;49;54;149m    [INFO][0m - [38;2;116;173;209mflatfield.py:spatillum_finecorr_qa:2047[0m - Saved QA:
/Users/kaiwenzhang/PycharmProjects/KCWI/KCWI_RED_channel_characterization/RM1 pypeit run/2024-04-01/pypeit_run/keck_kcrm_B/QA/PNGs/Spatillum_FineCorr_illumflat_B_1_DET01_S1335_spatillum_finecorr.png
[1;38;2;49;54;149m    [INFO][0m - [38;2;116;173;209mflatfield.py:fit:924[0m - Modeling the flat-field response for slit spat_id=1483: 10/24
[1;38;2;49;54;149m    [INFO][0m - [38;2;116;173;209mflatfield.py:fit:1008[0m - Spectral fit of flatfield for 554168/578936  pixels in the slit.
[1;38;2;49;54;149m    [INFO][0m - [38;2;116;173;209mfitting.py:bspline_profile:1156[0m - B-spline fit:
[1;38;2;49;54;149m    [INFO][0m - [38;2;116;173;209mfitting.py:bspline_profile:1157[0m -     npoly = 1 profile basis functions
[1;38;2;49;54;149m    [INFO][0m - [38;2;116;173;209mfitting.py:bspline_profile:1158[0m -     ngood = 554168/554168 measurements
[1;38;2;49;54;149m    [INFO][0m - [38;2;116;173;209mfitting.py:bspline_profile:1159[0m - ***************** Iter     Chi^2    N Rej  R. Fac *****************
[1;38;2;49;54;149m    [INFO][0m - [38;2;116;173;209mfitting.py:bspline_profile:1163[0m -                   ----  --------  -------  ------                  
[1;38;2;49;54;149m    [INFO][0m - [38;2;116;173;209mfitting.py:bspline_profile:1257[0m -                      1     0.000        4    1.00                  
[1;38;2;49;54;149m    [INFO][0m - [38;2;116;173;209mfitting.py:bspline_profile:1257[0m -                      2     0.000        4    1.00                  
[1;38;2;49;54;149m    [INFO][0m - [38;2;116;173;209mfitting.py:bspline_profile:1272[0m -                   DONE     0.000        4    1.00                  
[1;38;2;49;54;149m    [INFO][0m - [38;2;116;173;209mfitting.py:bspline_profile:1275[0m - *******************************************************************
[1;38;2;49;54;149m    [INFO][0m - [38;2;116;173;209mflatfield.py:fit:1097[0m - Spatial fit of flatfield for 610312/610312  pixels in the slit.
[1;38;2;49;54;149m    [INFO][0m - [38;2;116;173;209mfitting.py:bspline_profile:1156[0m - B-spline fit:
[1;38;2;49;54;149m    [INFO][0m - [38;2;116;173;209mfitting.py:bspline_profile:1157[0m -     npoly = 1 profile basis functions
[1;38;2;49;54;149m    [INFO][0m - [38;2;116;173;209mfitting.py:bspline_profile:1158[0m -     ngood = 610312/610312 measurements
[1;38;2;49;54;149m    [INFO][0m - [38;2;116;173;209mfitting.py:bspline_profile:1159[0m - ***************** Iter     Chi^2    N Rej  R. Fac *****************
[1;38;2;49;54;149m    [INFO][0m - [38;2;116;173;209mfitting.py:bspline_profile:1163[0m -                   ----  --------  -------  ------                  
[1;38;2;49;54;149m    [INFO][0m - [38;2;116;173;209mfitting.py:bspline_profile:1257[0m -                      1     0.000        0    1.00                  
[1;38;2;49;54;149m    [INFO][0m - [38;2;116;173;209mfitting.py:bspline_profile:1272[0m -                   DONE     0.000        0    1.00                  
[1;38;2;49;54;149m    [INFO][0m - [38;2;116;173;209mfitting.py:bspline_profile:1275[0m - *******************************************************************
[1;38;2;253;174;97m [WARNING][0m - [38;2;116;173;209mflat.py:tweak_slit_edges_gradient:538[0m - Left slit edge shift of 0.6% exceeds the maximum allowed of 0.0%
The left edge will not be tweaked.
[1;38;2;253;174;97m [WARNING][0m - [38;2;116;173;209mflat.py:tweak_slit_edges_gradient:547[0m - Right slit edge shift of -0.7% exceeds the maximum allowed of 0.0%
The right edge will not be tweaked.
[1;38;2;49;54;149m    [INFO][0m - [38;2;116;173;209mfitting.py:bspline_profile:1156[0m - B-spline fit:
[1;38;2;49;54;149m    [INFO][0m - [38;2;116;173;209mfitting.py:bspline_profile:1157[0m -     npoly = 1 profile basis functions
[1;38;2;49;54;149m    [INFO][0m - [38;2;116;173;209mfitting.py:bspline_profile:1158[0m -     ngood = 610312/610312 measurements
[1;38;2;49;54;149m    [INFO][0m - [38;2;116;173;209mfitting.py:bspline_profile:1159[0m - ***************** Iter     Chi^2    N Rej  R. Fac *****************
[1;38;2;49;54;149m    [INFO][0m - [38;2;116;173;209mfitting.py:bspline_profile:1163[0m -                   ----  --------  -------  ------                  
[1;38;2;49;54;149m    [INFO][0m - [38;2;116;173;209mfitting.py:bspline_profile:1257[0m -                      1     0.000        0    1.00                  
[1;38;2;49;54;149m    [INFO][0m - [38;2;116;173;209mfitting.py:bspline_profile:1272[0m -                   DONE     0.000        0    1.00                  
[1;38;2;49;54;149m    [INFO][0m - [38;2;116;173;209mfitting.py:bspline_profile:1275[0m - *******************************************************************
[1;38;2;49;54;149m    [INFO][0m - [38;2;116;173;209mflatfield.py:spatial_fit_finecorr:1477[0m - Performing a fine correction to the spatial illumination (slit 1483)
[1;38;2;253;174;97m [WARNING][0m - [38;2;116;173;209mfitting.py:robust_fit:456[0m - Maximum number of iterations maxiter=10 reached in robust_polyfit_djs
[1;38;2;49;54;149m    [INFO][0m - [38;2;116;173;209mflatfield.py:spatillum_finecorr_qa:1966[0m - Generating QA for spatial illumination fine correction
[1;38;2;49;54;149m    [INFO][0m - [38;2;116;173;209mflatfield.py:spatillum_finecorr_qa:2047[0m - Saved QA:
/Users/kaiwenzhang/PycharmProjects/KCWI/KCWI_RED_channel_characterization/RM1 pypeit run/2024-04-01/pypeit_run/keck_kcrm_B/QA/PNGs/Spatillum_FineCorr_illumflat_B_1_DET01_S1483_spatillum_finecorr.png
[1;38;2;49;54;149m    [INFO][0m - [38;2;116;173;209mflatfield.py:fit:924[0m - Modeling the flat-field response for slit spat_id=1631: 11/24
[1;38;2;49;54;149m    [INFO][0m - [38;2;116;173;209mflatfield.py:fit:1008[0m - Spectral fit of flatfield for 554131/578899  pixels in the slit.
[1;38;2;49;54;149m    [INFO][0m - [38;2;116;173;209mfitting.py:bspline_profile:1156[0m - B-spline fit:
[1;38;2;49;54;149m    [INFO][0m - [38;2;116;173;209mfitting.py:bspline_profile:1157[0m -     npoly = 1 profile basis functions
[1;38;2;49;54;149m    [INFO][0m - [38;2;116;173;209mfitting.py:bspline_profile:1158[0m -     ngood = 554131/554131 measurements
[1;38;2;49;54;149m    [INFO][0m - [38;2;116;173;209mfitting.py:bspline_profile:1159[0m - ***************** Iter     Chi^2    N Rej  R. Fac *****************
[1;38;2;49;54;149m    [INFO][0m - [38;2;116;173;209mfitting.py:bspline_profile:1163[0m -                   ----  --------  -------  ------                  
[1;38;2;49;54;149m    [INFO][0m - [38;2;116;173;209mfitting.py:bspline_profile:1257[0m -                      1     0.002        0    1.00                  
[1;38;2;49;54;149m    [INFO][0m - [38;2;116;173;209mfitting.py:bspline_profile:1272[0m -                   DONE     0.002        0    1.00                  
[1;38;2;49;54;149m    [INFO][0m - [38;2;116;173;209mfitting.py:bspline_profile:1275[0m - *******************************************************************
[1;38;2;49;54;149m    [INFO][0m - [38;2;116;173;209mflatfield.py:fit:1097[0m - Spatial fit of flatfield for 611485/611485  pixels in the slit.
[1;38;2;49;54;149m    [INFO][0m - [38;2;116;173;209mfitting.py:bspline_profile:1156[0m - B-spline fit:
[1;38;2;49;54;149m    [INFO][0m - [38;2;116;173;209mfitting.py:bspline_profile:1157[0m -     npoly = 1 profile basis functions
[1;38;2;49;54;149m    [INFO][0m - [38;2;116;173;209mfitting.py:bspline_profile:1158[0m -     ngood = 611485/611485 measurements
[1;38;2;49;54;149m    [INFO][0m - [38;2;116;173;209mfitting.py:bspline_profile:1159[0m - ***************** Iter     Chi^2    N Rej  R. Fac *****************
[1;38;2;49;54;149m    [INFO][0m - [38;2;116;173;209mfitting.py:bspline_profile:1163[0m -                   ----  --------  -------  ------                  
[1;38;2;49;54;149m    [INFO][0m - [38;2;116;173;209mfitting.py:bspline_profile:1257[0m -                      1     0.000        0    1.00                  
[1;38;2;49;54;149m    [INFO][0m - [38;2;116;173;209mfitting.py:bspline_profile:1272[0m -                   DONE     0.000        0    1.00                  
[1;38;2;49;54;149m    [INFO][0m - [38;2;116;173;209mfitting.py:bspline_profile:1275[0m - *******************************************************************
[1;38;2;253;174;97m [WARNING][0m - [38;2;116;173;209mflat.py:tweak_slit_edges_gradient:538[0m - Left slit edge shift of 0.6% exceeds the maximum allowed of 0.0%
The left edge will not be tweaked.
[1;38;2;253;174;97m [WARNING][0m - [38;2;116;173;209mflat.py:tweak_slit_edges_gradient:547[0m - Right slit edge shift of -0.7% exceeds the maximum allowed of 0.0%
The right edge will not be tweaked.
[1;38;2;49;54;149m    [INFO][0m - [38;2;116;173;209mfitting.py:bspline_profile:1156[0m - B-spline fit:
[1;38;2;49;54;149m    [INFO][0m - [38;2;116;173;209mfitting.py:bspline_profile:1157[0m -     npoly = 1 profile basis functions
[1;38;2;49;54;149m    [INFO][0m - [38;2;116;173;209mfitting.py:bspline_profile:1158[0m -     ngood = 611485/611485 measurements
[1;38;2;49;54;149m    [INFO][0m - [38;2;116;173;209mfitting.py:bspline_profile:1159[0m - ***************** Iter     Chi^2    N Rej  R. Fac *****************
[1;38;2;49;54;149m    [INFO][0m - [38;2;116;173;209mfitting.py:bspline_profile:1163[0m -                   ----  --------  -------  ------                  
[1;38;2;49;54;149m    [INFO][0m - [38;2;116;173;209mfitting.py:bspline_profile:1257[0m -                      1     0.000        0    1.00                  
[1;38;2;49;54;149m    [INFO][0m - [38;2;116;173;209mfitting.py:bspline_profile:1272[0m -                   DONE     0.000        0    1.00                  
[1;38;2;49;54;149m    [INFO][0m - [38;2;116;173;209mfitting.py:bspline_profile:1275[0m - *******************************************************************
[1;38;2;49;54;149m    [INFO][0m - [38;2;116;173;209mflatfield.py:spatial_fit_finecorr:1477[0m - Performing a fine correction to the spatial illumination (slit 1631)
[1;38;2;253;174;97m [WARNING][0m - [38;2;116;173;209mfitting.py:robust_fit:456[0m - Maximum number of iterations maxiter=10 reached in robust_polyfit_djs
[1;38;2;49;54;149m    [INFO][0m - [38;2;116;173;209mflatfield.py:spatillum_finecorr_qa:1966[0m - Generating QA for spatial illumination fine correction
[1;38;2;49;54;149m    [INFO][0m - [38;2;116;173;209mflatfield.py:spatillum_finecorr_qa:2047[0m - Saved QA:
/Users/kaiwenzhang/PycharmProjects/KCWI/KCWI_RED_channel_characterization/RM1 pypeit run/2024-04-01/pypeit_run/keck_kcrm_B/QA/PNGs/Spatillum_FineCorr_illumflat_B_1_DET01_S1631_spatillum_finecorr.png
[1;38;2;49;54;149m    [INFO][0m - [38;2;116;173;209mflatfield.py:fit:924[0m - Modeling the flat-field response for slit spat_id=1779: 12/24
[1;38;2;49;54;149m    [INFO][0m - [38;2;116;173;209mflatfield.py:fit:1008[0m - Spectral fit of flatfield for 554728/579496  pixels in the slit.
[1;38;2;49;54;149m    [INFO][0m - [38;2;116;173;209mfitting.py:bspline_profile:1156[0m - B-spline fit:
[1;38;2;49;54;149m    [INFO][0m - [38;2;116;173;209mfitting.py:bspline_profile:1157[0m -     npoly = 1 profile basis functions
[1;38;2;49;54;149m    [INFO][0m - [38;2;116;173;209mfitting.py:bspline_profile:1158[0m -     ngood = 554728/554728 measurements
[1;38;2;49;54;149m    [INFO][0m - [38;2;116;173;209mfitting.py:bspline_profile:1159[0m - ***************** Iter     Chi^2    N Rej  R. Fac *****************
[1;38;2;49;54;149m    [INFO][0m - [38;2;116;173;209mfitting.py:bspline_profile:1163[0m -                   ----  --------  -------  ------                  
[1;38;2;49;54;149m    [INFO][0m - [38;2;116;173;209mfitting.py:bspline_profile:1257[0m -                      1     0.002        0    1.00                  
[1;38;2;49;54;149m    [INFO][0m - [38;2;116;173;209mfitting.py:bspline_profile:1272[0m -                   DONE     0.002        0    1.00                  
[1;38;2;49;54;149m    [INFO][0m - [38;2;116;173;209mfitting.py:bspline_profile:1275[0m - *******************************************************************
[1;38;2;49;54;149m    [INFO][0m - [38;2;116;173;209mflatfield.py:fit:1097[0m - Spatial fit of flatfield for 620776/620776  pixels in the slit.
[1;38;2;49;54;149m    [INFO][0m - [38;2;116;173;209mfitting.py:bspline_profile:1156[0m - B-spline fit:
[1;38;2;49;54;149m    [INFO][0m - [38;2;116;173;209mfitting.py:bspline_profile:1157[0m -     npoly = 1 profile basis functions
[1;38;2;49;54;149m    [INFO][0m - [38;2;116;173;209mfitting.py:bspline_profile:1158[0m -     ngood = 620776/620776 measurements
[1;38;2;49;54;149m    [INFO][0m - [38;2;116;173;209mfitting.py:bspline_profile:1159[0m - ***************** Iter     Chi^2    N Rej  R. Fac *****************
[1;38;2;49;54;149m    [INFO][0m - [38;2;116;173;209mfitting.py:bspline_profile:1163[0m -                   ----  --------  -------  ------                  
[1;38;2;49;54;149m    [INFO][0m - [38;2;116;173;209mfitting.py:bspline_profile:1257[0m -                      1     0.000        0    1.00                  
[1;38;2;49;54;149m    [INFO][0m - [38;2;116;173;209mfitting.py:bspline_profile:1272[0m -                   DONE     0.000        0    1.00                  
[1;38;2;49;54;149m    [INFO][0m - [38;2;116;173;209mfitting.py:bspline_profile:1275[0m - *******************************************************************
[1;38;2;253;174;97m [WARNING][0m - [38;2;116;173;209mflat.py:tweak_slit_edges_gradient:538[0m - Left slit edge shift of 0.6% exceeds the maximum allowed of 0.0%
The left edge will not be tweaked.
[1;38;2;253;174;97m [WARNING][0m - [38;2;116;173;209mflat.py:tweak_slit_edges_gradient:547[0m - Right slit edge shift of -0.7% exceeds the maximum allowed of 0.0%
The right edge will not be tweaked.
[1;38;2;49;54;149m    [INFO][0m - [38;2;116;173;209mfitting.py:bspline_profile:1156[0m - B-spline fit:
[1;38;2;49;54;149m    [INFO][0m - [38;2;116;173;209mfitting.py:bspline_profile:1157[0m -     npoly = 1 profile basis functions
[1;38;2;49;54;149m    [INFO][0m - [38;2;116;173;209mfitting.py:bspline_profile:1158[0m -     ngood = 620776/620776 measurements
[1;38;2;49;54;149m    [INFO][0m - [38;2;116;173;209mfitting.py:bspline_profile:1159[0m - ***************** Iter     Chi^2    N Rej  R. Fac *****************
[1;38;2;49;54;149m    [INFO][0m - [38;2;116;173;209mfitting.py:bspline_profile:1163[0m -                   ----  --------  -------  ------                  
[1;38;2;49;54;149m    [INFO][0m - [38;2;116;173;209mfitting.py:bspline_profile:1257[0m -                      1     0.000        0    1.00                  
[1;38;2;49;54;149m    [INFO][0m - [38;2;116;173;209mfitting.py:bspline_profile:1272[0m -                   DONE     0.000        0    1.00                  
[1;38;2;49;54;149m    [INFO][0m - [38;2;116;173;209mfitting.py:bspline_profile:1275[0m - *******************************************************************
[1;38;2;49;54;149m    [INFO][0m - [38;2;116;173;209mflatfield.py:spatial_fit_finecorr:1477[0m - Performing a fine correction to the spatial illumination (slit 1779)
[1;38;2;253;174;97m [WARNING][0m - [38;2;116;173;209mfitting.py:robust_fit:456[0m - Maximum number of iterations maxiter=10 reached in robust_polyfit_djs
[1;38;2;49;54;149m    [INFO][0m - [38;2;116;173;209mflatfield.py:spatillum_finecorr_qa:1966[0m - Generating QA for spatial illumination fine correction
[1;38;2;49;54;149m    [INFO][0m - [38;2;116;173;209mflatfield.py:spatillum_finecorr_qa:2047[0m - Saved QA:
/Users/kaiwenzhang/PycharmProjects/KCWI/KCWI_RED_channel_characterization/RM1 pypeit run/2024-04-01/pypeit_run/keck_kcrm_B/QA/PNGs/Spatillum_FineCorr_illumflat_B_1_DET01_S1779_spatillum_finecorr.png
[1;38;2;49;54;149m    [INFO][0m - [38;2;116;173;209mflatfield.py:fit:924[0m - Modeling the flat-field response for slit spat_id=2336: 13/24
[1;38;2;49;54;149m    [INFO][0m - [38;2;116;173;209mflatfield.py:fit:1008[0m - Spectral fit of flatfield for 555214/579982  pixels in the slit.
[1;38;2;49;54;149m    [INFO][0m - [38;2;116;173;209mfitting.py:bspline_profile:1156[0m - B-spline fit:
[1;38;2;49;54;149m    [INFO][0m - [38;2;116;173;209mfitting.py:bspline_profile:1157[0m -     npoly = 1 profile basis functions
[1;38;2;49;54;149m    [INFO][0m - [38;2;116;173;209mfitting.py:bspline_profile:1158[0m -     ngood = 555214/555214 measurements
[1;38;2;49;54;149m    [INFO][0m - [38;2;116;173;209mfitting.py:bspline_profile:1159[0m - ***************** Iter     Chi^2    N Rej  R. Fac *****************
[1;38;2;49;54;149m    [INFO][0m - [38;2;116;173;209mfitting.py:bspline_profile:1163[0m -                   ----  --------  -------  ------                  
[1;38;2;49;54;149m    [INFO][0m - [38;2;116;173;209mfitting.py:bspline_profile:1257[0m -                      1     0.005        0    1.00                  
[1;38;2;49;54;149m    [INFO][0m - [38;2;116;173;209mfitting.py:bspline_profile:1272[0m -                   DONE     0.005        0    1.00                  
[1;38;2;49;54;149m    [INFO][0m - [38;2;116;173;209mfitting.py:bspline_profile:1275[0m - *******************************************************************
[1;38;2;49;54;149m    [INFO][0m - [38;2;116;173;209mflatfield.py:fit:1097[0m - Spatial fit of flatfield for 607477/607477  pixels in the slit.
[1;38;2;49;54;149m    [INFO][0m - [38;2;116;173;209mfitting.py:bspline_profile:1156[0m - B-spline fit:
[1;38;2;49;54;149m    [INFO][0m - [38;2;116;173;209mfitting.py:bspline_profile:1157[0m -     npoly = 1 profile basis functions
[1;38;2;49;54;149m    [INFO][0m - [38;2;116;173;209mfitting.py:bspline_profile:1158[0m -     ngood = 607477/607477 measurements
[1;38;2;49;54;149m    [INFO][0m - [38;2;116;173;209mfitting.py:bspline_profile:1159[0m - ***************** Iter     Chi^2    N Rej  R. Fac *****************
[1;38;2;49;54;149m    [INFO][0m - [38;2;116;173;209mfitting.py:bspline_profile:1163[0m -                   ----  --------  -------  ------                  
[1;38;2;49;54;149m    [INFO][0m - [38;2;116;173;209mfitting.py:bspline_profile:1257[0m -                      1     0.000        0    1.00                  
[1;38;2;49;54;149m    [INFO][0m - [38;2;116;173;209mfitting.py:bspline_profile:1272[0m -                   DONE     0.000        0    1.00                  
[1;38;2;49;54;149m    [INFO][0m - [38;2;116;173;209mfitting.py:bspline_profile:1275[0m - *******************************************************************
[1;38;2;253;174;97m [WARNING][0m - [38;2;116;173;209mflat.py:tweak_slit_edges_gradient:538[0m - Left slit edge shift of 0.7% exceeds the maximum allowed of 0.0%
The left edge will not be tweaked.
[1;38;2;253;174;97m [WARNING][0m - [38;2;116;173;209mflat.py:tweak_slit_edges_gradient:547[0m - Right slit edge shift of -0.7% exceeds the maximum allowed of 0.0%
The right edge will not be tweaked.
[1;38;2;49;54;149m    [INFO][0m - [38;2;116;173;209mfitting.py:bspline_profile:1156[0m - B-spline fit:
[1;38;2;49;54;149m    [INFO][0m - [38;2;116;173;209mfitting.py:bspline_profile:1157[0m -     npoly = 1 profile basis functions
[1;38;2;49;54;149m    [INFO][0m - [38;2;116;173;209mfitting.py:bspline_profile:1158[0m -     ngood = 607477/607477 measurements
[1;38;2;49;54;149m    [INFO][0m - [38;2;116;173;209mfitting.py:bspline_profile:1159[0m - ***************** Iter     Chi^2    N Rej  R. Fac *****************
[1;38;2;49;54;149m    [INFO][0m - [38;2;116;173;209mfitting.py:bspline_profile:1163[0m -                   ----  --------  -------  ------                  
[1;38;2;49;54;149m    [INFO][0m - [38;2;116;173;209mfitting.py:bspline_profile:1257[0m -                      1     0.000        0    1.00                  
[1;38;2;49;54;149m    [INFO][0m - [38;2;116;173;209mfitting.py:bspline_profile:1272[0m -                   DONE     0.000        0    1.00                  
[1;38;2;49;54;149m    [INFO][0m - [38;2;116;173;209mfitting.py:bspline_profile:1275[0m - *******************************************************************
[1;38;2;49;54;149m    [INFO][0m - [38;2;116;173;209mflatfield.py:spatial_fit_finecorr:1477[0m - Performing a fine correction to the spatial illumination (slit 2336)
[1;38;2;253;174;97m [WARNING][0m - [38;2;116;173;209mfitting.py:robust_fit:456[0m - Maximum number of iterations maxiter=10 reached in robust_polyfit_djs
[1;38;2;49;54;149m    [INFO][0m - [38;2;116;173;209mflatfield.py:spatillum_finecorr_qa:1966[0m - Generating QA for spatial illumination fine correction
[1;38;2;49;54;149m    [INFO][0m - [38;2;116;173;209mflatfield.py:spatillum_finecorr_qa:2047[0m - Saved QA:
/Users/kaiwenzhang/PycharmProjects/KCWI/KCWI_RED_channel_characterization/RM1 pypeit run/2024-04-01/pypeit_run/keck_kcrm_B/QA/PNGs/Spatillum_FineCorr_illumflat_B_1_DET01_S2336_spatillum_finecorr.png
[1;38;2;49;54;149m    [INFO][0m - [38;2;116;173;209mflatfield.py:fit:924[0m - Modeling the flat-field response for slit spat_id=2483: 14/24
[1;38;2;49;54;149m    [INFO][0m - [38;2;116;173;209mflatfield.py:fit:1008[0m - Spectral fit of flatfield for 554772/579540  pixels in the slit.
[1;38;2;49;54;149m    [INFO][0m - [38;2;116;173;209mfitting.py:bspline_profile:1156[0m - B-spline fit:
[1;38;2;49;54;149m    [INFO][0m - [38;2;116;173;209mfitting.py:bspline_profile:1157[0m -     npoly = 1 profile basis functions
[1;38;2;49;54;149m    [INFO][0m - [38;2;116;173;209mfitting.py:bspline_profile:1158[0m -     ngood = 554772/554772 measurements
[1;38;2;49;54;149m    [INFO][0m - [38;2;116;173;209mfitting.py:bspline_profile:1159[0m - ***************** Iter     Chi^2    N Rej  R. Fac *****************
[1;38;2;49;54;149m    [INFO][0m - [38;2;116;173;209mfitting.py:bspline_profile:1163[0m -                   ----  --------  -------  ------                  
[1;38;2;49;54;149m    [INFO][0m - [38;2;116;173;209mfitting.py:bspline_profile:1257[0m -                      1     0.002        0    1.00                  
[1;38;2;49;54;149m    [INFO][0m - [38;2;116;173;209mfitting.py:bspline_profile:1272[0m -                   DONE     0.002        0    1.00                  
[1;38;2;49;54;149m    [INFO][0m - [38;2;116;173;209mfitting.py:bspline_profile:1275[0m - *******************************************************************
[1;38;2;49;54;149m    [INFO][0m - [38;2;116;173;209mflatfield.py:fit:1097[0m - Spatial fit of flatfield for 610524/610524  pixels in the slit.
[1;38;2;49;54;149m    [INFO][0m - [38;2;116;173;209mfitting.py:bspline_profile:1156[0m - B-spline fit:
[1;38;2;49;54;149m    [INFO][0m - [38;2;116;173;209mfitting.py:bspline_profile:1157[0m -     npoly = 1 profile basis functions
[1;38;2;49;54;149m    [INFO][0m - [38;2;116;173;209mfitting.py:bspline_profile:1158[0m -     ngood = 610524/610524 measurements
[1;38;2;49;54;149m    [INFO][0m - [38;2;116;173;209mfitting.py:bspline_profile:1159[0m - ***************** Iter     Chi^2    N Rej  R. Fac *****************
[1;38;2;49;54;149m    [INFO][0m - [38;2;116;173;209mfitting.py:bspline_profile:1163[0m -                   ----  --------  -------  ------                  
[1;38;2;49;54;149m    [INFO][0m - [38;2;116;173;209mfitting.py:bspline_profile:1257[0m -                      1     0.000        0    1.00                  
[1;38;2;49;54;149m    [INFO][0m - [38;2;116;173;209mfitting.py:bspline_profile:1272[0m -                   DONE     0.000        0    1.00                  
[1;38;2;49;54;149m    [INFO][0m - [38;2;116;173;209mfitting.py:bspline_profile:1275[0m - *******************************************************************
[1;38;2;253;174;97m [WARNING][0m - [38;2;116;173;209mflat.py:tweak_slit_edges_gradient:538[0m - Left slit edge shift of 0.6% exceeds the maximum allowed of 0.0%
The left edge will not be tweaked.
[1;38;2;253;174;97m [WARNING][0m - [38;2;116;173;209mflat.py:tweak_slit_edges_gradient:547[0m - Right slit edge shift of -0.6% exceeds the maximum allowed of 0.0%
The right edge will not be tweaked.
[1;38;2;49;54;149m    [INFO][0m - [38;2;116;173;209mfitting.py:bspline_profile:1156[0m - B-spline fit:
[1;38;2;49;54;149m    [INFO][0m - [38;2;116;173;209mfitting.py:bspline_profile:1157[0m -     npoly = 1 profile basis functions
[1;38;2;49;54;149m    [INFO][0m - [38;2;116;173;209mfitting.py:bspline_profile:1158[0m -     ngood = 610524/610524 measurements
[1;38;2;49;54;149m    [INFO][0m - [38;2;116;173;209mfitting.py:bspline_profile:1159[0m - ***************** Iter     Chi^2    N Rej  R. Fac *****************
[1;38;2;49;54;149m    [INFO][0m - [38;2;116;173;209mfitting.py:bspline_profile:1163[0m -                   ----  --------  -------  ------                  
[1;38;2;49;54;149m    [INFO][0m - [38;2;116;173;209mfitting.py:bspline_profile:1257[0m -                      1     0.000        0    1.00                  
[1;38;2;49;54;149m    [INFO][0m - [38;2;116;173;209mfitting.py:bspline_profile:1272[0m -                   DONE     0.000        0    1.00                  
[1;38;2;49;54;149m    [INFO][0m - [38;2;116;173;209mfitting.py:bspline_profile:1275[0m - *******************************************************************
[1;38;2;49;54;149m    [INFO][0m - [38;2;116;173;209mflatfield.py:spatial_fit_finecorr:1477[0m - Performing a fine correction to the spatial illumination (slit 2483)
[1;38;2;253;174;97m [WARNING][0m - [38;2;116;173;209mfitting.py:robust_fit:456[0m - Maximum number of iterations maxiter=10 reached in robust_polyfit_djs
[1;38;2;49;54;149m    [INFO][0m - [38;2;116;173;209mflatfield.py:spatillum_finecorr_qa:1966[0m - Generating QA for spatial illumination fine correction
[1;38;2;49;54;149m    [INFO][0m - [38;2;116;173;209mflatfield.py:spatillum_finecorr_qa:2047[0m - Saved QA:
/Users/kaiwenzhang/PycharmProjects/KCWI/KCWI_RED_channel_characterization/RM1 pypeit run/2024-04-01/pypeit_run/keck_kcrm_B/QA/PNGs/Spatillum_FineCorr_illumflat_B_1_DET01_S2483_spatillum_finecorr.png
[1;38;2;49;54;149m    [INFO][0m - [38;2;116;173;209mflatfield.py:fit:924[0m - Modeling the flat-field response for slit spat_id=2631: 15/24
[1;38;2;49;54;149m    [INFO][0m - [38;2;116;173;209mflatfield.py:fit:1008[0m - Spectral fit of flatfield for 554550/579318  pixels in the slit.
[1;38;2;49;54;149m    [INFO][0m - [38;2;116;173;209mfitting.py:bspline_profile:1156[0m - B-spline fit:
[1;38;2;49;54;149m    [INFO][0m - [38;2;116;173;209mfitting.py:bspline_profile:1157[0m -     npoly = 1 profile basis functions
[1;38;2;49;54;149m    [INFO][0m - [38;2;116;173;209mfitting.py:bspline_profile:1158[0m -     ngood = 554550/554550 measurements
[1;38;2;49;54;149m    [INFO][0m - [38;2;116;173;209mfitting.py:bspline_profile:1159[0m - ***************** Iter     Chi^2    N Rej  R. Fac *****************
[1;38;2;49;54;149m    [INFO][0m - [38;2;116;173;209mfitting.py:bspline_profile:1163[0m -                   ----  --------  -------  ------                  
[1;38;2;49;54;149m    [INFO][0m - [38;2;116;173;209mfitting.py:bspline_profile:1257[0m -                      1     0.001        0    1.00                  
[1;38;2;49;54;149m    [INFO][0m - [38;2;116;173;209mfitting.py:bspline_profile:1272[0m -                   DONE     0.001        0    1.00                  
[1;38;2;49;54;149m    [INFO][0m - [38;2;116;173;209mfitting.py:bspline_profile:1275[0m - *******************************************************************
[1;38;2;49;54;149m    [INFO][0m - [38;2;116;173;209mflatfield.py:fit:1097[0m - Spatial fit of flatfield for 604880/604880  pixels in the slit.
[1;38;2;49;54;149m    [INFO][0m - [38;2;116;173;209mfitting.py:bspline_profile:1156[0m - B-spline fit:
[1;38;2;49;54;149m    [INFO][0m - [38;2;116;173;209mfitting.py:bspline_profile:1157[0m -     npoly = 1 profile basis functions
[1;38;2;49;54;149m    [INFO][0m - [38;2;116;173;209mfitting.py:bspline_profile:1158[0m -     ngood = 604880/604880 measurements
[1;38;2;49;54;149m    [INFO][0m - [38;2;116;173;209mfitting.py:bspline_profile:1159[0m - ***************** Iter     Chi^2    N Rej  R. Fac *****************
[1;38;2;49;54;149m    [INFO][0m - [38;2;116;173;209mfitting.py:bspline_profile:1163[0m -                   ----  --------  -------  ------                  
[1;38;2;49;54;149m    [INFO][0m - [38;2;116;173;209mfitting.py:bspline_profile:1257[0m -                      1     0.000        0    1.00                  
[1;38;2;49;54;149m    [INFO][0m - [38;2;116;173;209mfitting.py:bspline_profile:1272[0m -                   DONE     0.000        0    1.00                  
[1;38;2;49;54;149m    [INFO][0m - [38;2;116;173;209mfitting.py:bspline_profile:1275[0m - *******************************************************************
[1;38;2;253;174;97m [WARNING][0m - [38;2;116;173;209mflat.py:tweak_slit_edges_gradient:538[0m - Left slit edge shift of 0.6% exceeds the maximum allowed of 0.0%
The left edge will not be tweaked.
[1;38;2;253;174;97m [WARNING][0m - [38;2;116;173;209mflat.py:tweak_slit_edges_gradient:547[0m - Right slit edge shift of -0.8% exceeds the maximum allowed of 0.0%
The right edge will not be tweaked.
[1;38;2;49;54;149m    [INFO][0m - [38;2;116;173;209mfitting.py:bspline_profile:1156[0m - B-spline fit:
[1;38;2;49;54;149m    [INFO][0m - [38;2;116;173;209mfitting.py:bspline_profile:1157[0m -     npoly = 1 profile basis functions
[1;38;2;49;54;149m    [INFO][0m - [38;2;116;173;209mfitting.py:bspline_profile:1158[0m -     ngood = 604880/604880 measurements
[1;38;2;49;54;149m    [INFO][0m - [38;2;116;173;209mfitting.py:bspline_profile:1159[0m - ***************** Iter     Chi^2    N Rej  R. Fac *****************
[1;38;2;49;54;149m    [INFO][0m - [38;2;116;173;209mfitting.py:bspline_profile:1163[0m -                   ----  --------  -------  ------                  
[1;38;2;49;54;149m    [INFO][0m - [38;2;116;173;209mfitting.py:bspline_profile:1257[0m -                      1     0.000        0    1.00                  
[1;38;2;49;54;149m    [INFO][0m - [38;2;116;173;209mfitting.py:bspline_profile:1272[0m -                   DONE     0.000        0    1.00                  
[1;38;2;49;54;149m    [INFO][0m - [38;2;116;173;209mfitting.py:bspline_profile:1275[0m - *******************************************************************
[1;38;2;49;54;149m    [INFO][0m - [38;2;116;173;209mflatfield.py:spatial_fit_finecorr:1477[0m - Performing a fine correction to the spatial illumination (slit 2631)
[1;38;2;253;174;97m [WARNING][0m - [38;2;116;173;209mfitting.py:robust_fit:456[0m - Maximum number of iterations maxiter=10 reached in robust_polyfit_djs
[1;38;2;49;54;149m    [INFO][0m - [38;2;116;173;209mflatfield.py:spatillum_finecorr_qa:1966[0m - Generating QA for spatial illumination fine correction
[1;38;2;49;54;149m    [INFO][0m - [38;2;116;173;209mflatfield.py:spatillum_finecorr_qa:2047[0m - Saved QA:
/Users/kaiwenzhang/PycharmProjects/KCWI/KCWI_RED_channel_characterization/RM1 pypeit run/2024-04-01/pypeit_run/keck_kcrm_B/QA/PNGs/Spatillum_FineCorr_illumflat_B_1_DET01_S2631_spatillum_finecorr.png
[1;38;2;49;54;149m    [INFO][0m - [38;2;116;173;209mflatfield.py:fit:924[0m - Modeling the flat-field response for slit spat_id=2777: 16/24
[1;38;2;49;54;149m    [INFO][0m - [38;2;116;173;209mflatfield.py:fit:1008[0m - Spectral fit of flatfield for 554612/579380  pixels in the slit.
[1;38;2;49;54;149m    [INFO][0m - [38;2;116;173;209mfitting.py:bspline_profile:1156[0m - B-spline fit:
[1;38;2;49;54;149m    [INFO][0m - [38;2;116;173;209mfitting.py:bspline_profile:1157[0m -     npoly = 1 profile basis functions
[1;38;2;49;54;149m    [INFO][0m - [38;2;116;173;209mfitting.py:bspline_profile:1158[0m -     ngood = 554612/554612 measurements
[1;38;2;49;54;149m    [INFO][0m - [38;2;116;173;209mfitting.py:bspline_profile:1159[0m - ***************** Iter     Chi^2    N Rej  R. Fac *****************
[1;38;2;49;54;149m    [INFO][0m - [38;2;116;173;209mfitting.py:bspline_profile:1163[0m -                   ----  --------  -------  ------                  
[1;38;2;49;54;149m    [INFO][0m - [38;2;116;173;209mfitting.py:bspline_profile:1257[0m -                      1     0.003        0    1.00                  
[1;38;2;49;54;149m    [INFO][0m - [38;2;116;173;209mfitting.py:bspline_profile:1272[0m -                   DONE     0.003        0    1.00                  
[1;38;2;49;54;149m    [INFO][0m - [38;2;116;173;209mfitting.py:bspline_profile:1275[0m - *******************************************************************
[1;38;2;49;54;149m    [INFO][0m - [38;2;116;173;209mflatfield.py:fit:1097[0m - Spatial fit of flatfield for 607820/607820  pixels in the slit.
[1;38;2;49;54;149m    [INFO][0m - [38;2;116;173;209mfitting.py:bspline_profile:1156[0m - B-spline fit:
[1;38;2;49;54;149m    [INFO][0m - [38;2;116;173;209mfitting.py:bspline_profile:1157[0m -     npoly = 1 profile basis functions
[1;38;2;49;54;149m    [INFO][0m - [38;2;116;173;209mfitting.py:bspline_profile:1158[0m -     ngood = 607820/607820 measurements
[1;38;2;49;54;149m    [INFO][0m - [38;2;116;173;209mfitting.py:bspline_profile:1159[0m - ***************** Iter     Chi^2    N Rej  R. Fac *****************
[1;38;2;49;54;149m    [INFO][0m - [38;2;116;173;209mfitting.py:bspline_profile:1163[0m -                   ----  --------  -------  ------                  
[1;38;2;49;54;149m    [INFO][0m - [38;2;116;173;209mfitting.py:bspline_profile:1257[0m -                      1     0.000        0    1.00                  
[1;38;2;49;54;149m    [INFO][0m - [38;2;116;173;209mfitting.py:bspline_profile:1272[0m -                   DONE     0.000        0    1.00                  
[1;38;2;49;54;149m    [INFO][0m - [38;2;116;173;209mfitting.py:bspline_profile:1275[0m - *******************************************************************
[1;38;2;253;174;97m [WARNING][0m - [38;2;116;173;209mflat.py:tweak_slit_edges_gradient:538[0m - Left slit edge shift of 0.6% exceeds the maximum allowed of 0.0%
The left edge will not be tweaked.
[1;38;2;253;174;97m [WARNING][0m - [38;2;116;173;209mflat.py:tweak_slit_edges_gradient:547[0m - Right slit edge shift of -0.6% exceeds the maximum allowed of 0.0%
The right edge will not be tweaked.
[1;38;2;49;54;149m    [INFO][0m - [38;2;116;173;209mfitting.py:bspline_profile:1156[0m - B-spline fit:
[1;38;2;49;54;149m    [INFO][0m - [38;2;116;173;209mfitting.py:bspline_profile:1157[0m -     npoly = 1 profile basis functions
[1;38;2;49;54;149m    [INFO][0m - [38;2;116;173;209mfitting.py:bspline_profile:1158[0m -     ngood = 607820/607820 measurements
[1;38;2;49;54;149m    [INFO][0m - [38;2;116;173;209mfitting.py:bspline_profile:1159[0m - ***************** Iter     Chi^2    N Rej  R. Fac *****************
[1;38;2;49;54;149m    [INFO][0m - [38;2;116;173;209mfitting.py:bspline_profile:1163[0m -                   ----  --------  -------  ------                  
[1;38;2;49;54;149m    [INFO][0m - [38;2;116;173;209mfitting.py:bspline_profile:1257[0m -                      1     0.000        0    1.00                  
[1;38;2;49;54;149m    [INFO][0m - [38;2;116;173;209mfitting.py:bspline_profile:1272[0m -                   DONE     0.000        0    1.00                  
[1;38;2;49;54;149m    [INFO][0m - [38;2;116;173;209mfitting.py:bspline_profile:1275[0m - *******************************************************************
[1;38;2;49;54;149m    [INFO][0m - [38;2;116;173;209mflatfield.py:spatial_fit_finecorr:1477[0m - Performing a fine correction to the spatial illumination (slit 2777)
[1;38;2;253;174;97m [WARNING][0m - [38;2;116;173;209mfitting.py:robust_fit:456[0m - Maximum number of iterations maxiter=10 reached in robust_polyfit_djs
[1;38;2;49;54;149m    [INFO][0m - [38;2;116;173;209mflatfield.py:spatillum_finecorr_qa:1966[0m - Generating QA for spatial illumination fine correction
[1;38;2;49;54;149m    [INFO][0m - [38;2;116;173;209mflatfield.py:spatillum_finecorr_qa:2047[0m - Saved QA:
/Users/kaiwenzhang/PycharmProjects/KCWI/KCWI_RED_channel_characterization/RM1 pypeit run/2024-04-01/pypeit_run/keck_kcrm_B/QA/PNGs/Spatillum_FineCorr_illumflat_B_1_DET01_S2777_spatillum_finecorr.png
[1;38;2;49;54;149m    [INFO][0m - [38;2;116;173;209mflatfield.py:fit:924[0m - Modeling the flat-field response for slit spat_id=2924: 17/24
[1;38;2;49;54;149m    [INFO][0m - [38;2;116;173;209mflatfield.py:fit:1008[0m - Spectral fit of flatfield for 553980/578748  pixels in the slit.
[1;38;2;49;54;149m    [INFO][0m - [38;2;116;173;209mfitting.py:bspline_profile:1156[0m - B-spline fit:
[1;38;2;49;54;149m    [INFO][0m - [38;2;116;173;209mfitting.py:bspline_profile:1157[0m -     npoly = 1 profile basis functions
[1;38;2;49;54;149m    [INFO][0m - [38;2;116;173;209mfitting.py:bspline_profile:1158[0m -     ngood = 553980/553980 measurements
[1;38;2;49;54;149m    [INFO][0m - [38;2;116;173;209mfitting.py:bspline_profile:1159[0m - ***************** Iter     Chi^2    N Rej  R. Fac *****************
[1;38;2;49;54;149m    [INFO][0m - [38;2;116;173;209mfitting.py:bspline_profile:1163[0m -                   ----  --------  -------  ------                  
[1;38;2;49;54;149m    [INFO][0m - [38;2;116;173;209mfitting.py:bspline_profile:1257[0m -                      1     0.000        0    1.00                  
[1;38;2;49;54;149m    [INFO][0m - [38;2;116;173;209mfitting.py:bspline_profile:1272[0m -                   DONE     0.000        0    1.00                  
[1;38;2;49;54;149m    [INFO][0m - [38;2;116;173;209mfitting.py:bspline_profile:1275[0m - *******************************************************************
[1;38;2;49;54;149m    [INFO][0m - [38;2;116;173;209mflatfield.py:fit:1097[0m - Spatial fit of flatfield for 607853/607853  pixels in the slit.
[1;38;2;49;54;149m    [INFO][0m - [38;2;116;173;209mfitting.py:bspline_profile:1156[0m - B-spline fit:
[1;38;2;49;54;149m    [INFO][0m - [38;2;116;173;209mfitting.py:bspline_profile:1157[0m -     npoly = 1 profile basis functions
[1;38;2;49;54;149m    [INFO][0m - [38;2;116;173;209mfitting.py:bspline_profile:1158[0m -     ngood = 607853/607853 measurements
[1;38;2;49;54;149m    [INFO][0m - [38;2;116;173;209mfitting.py:bspline_profile:1159[0m - ***************** Iter     Chi^2    N Rej  R. Fac *****************
[1;38;2;49;54;149m    [INFO][0m - [38;2;116;173;209mfitting.py:bspline_profile:1163[0m -                   ----  --------  -------  ------                  
[1;38;2;49;54;149m    [INFO][0m - [38;2;116;173;209mfitting.py:bspline_profile:1257[0m -                      1     0.000        0    1.00                  
[1;38;2;49;54;149m    [INFO][0m - [38;2;116;173;209mfitting.py:bspline_profile:1272[0m -                   DONE     0.000        0    1.00                  
[1;38;2;49;54;149m    [INFO][0m - [38;2;116;173;209mfitting.py:bspline_profile:1275[0m - *******************************************************************
[1;38;2;253;174;97m [WARNING][0m - [38;2;116;173;209mflat.py:tweak_slit_edges_gradient:538[0m - Left slit edge shift of 0.7% exceeds the maximum allowed of 0.0%
The left edge will not be tweaked.
[1;38;2;253;174;97m [WARNING][0m - [38;2;116;173;209mflat.py:tweak_slit_edges_gradient:547[0m - Right slit edge shift of -0.6% exceeds the maximum allowed of 0.0%
The right edge will not be tweaked.
[1;38;2;49;54;149m    [INFO][0m - [38;2;116;173;209mfitting.py:bspline_profile:1156[0m - B-spline fit:
[1;38;2;49;54;149m    [INFO][0m - [38;2;116;173;209mfitting.py:bspline_profile:1157[0m -     npoly = 1 profile basis functions
[1;38;2;49;54;149m    [INFO][0m - [38;2;116;173;209mfitting.py:bspline_profile:1158[0m -     ngood = 607853/607853 measurements
[1;38;2;49;54;149m    [INFO][0m - [38;2;116;173;209mfitting.py:bspline_profile:1159[0m - ***************** Iter     Chi^2    N Rej  R. Fac *****************
[1;38;2;49;54;149m    [INFO][0m - [38;2;116;173;209mfitting.py:bspline_profile:1163[0m -                   ----  --------  -------  ------                  
[1;38;2;49;54;149m    [INFO][0m - [38;2;116;173;209mfitting.py:bspline_profile:1257[0m -                      1     0.000        0    1.00                  
[1;38;2;49;54;149m    [INFO][0m - [38;2;116;173;209mfitting.py:bspline_profile:1272[0m -                   DONE     0.000        0    1.00                  
[1;38;2;49;54;149m    [INFO][0m - [38;2;116;173;209mfitting.py:bspline_profile:1275[0m - *******************************************************************
[1;38;2;49;54;149m    [INFO][0m - [38;2;116;173;209mflatfield.py:spatial_fit_finecorr:1477[0m - Performing a fine correction to the spatial illumination (slit 2924)
[1;38;2;253;174;97m [WARNING][0m - [38;2;116;173;209mfitting.py:robust_fit:456[0m - Maximum number of iterations maxiter=10 reached in robust_polyfit_djs
[1;38;2;49;54;149m    [INFO][0m - [38;2;116;173;209mflatfield.py:spatillum_finecorr_qa:1966[0m - Generating QA for spatial illumination fine correction
[1;38;2;49;54;149m    [INFO][0m - [38;2;116;173;209mflatfield.py:spatillum_finecorr_qa:2047[0m - Saved QA:
/Users/kaiwenzhang/PycharmProjects/KCWI/KCWI_RED_channel_characterization/RM1 pypeit run/2024-04-01/pypeit_run/keck_kcrm_B/QA/PNGs/Spatillum_FineCorr_illumflat_B_1_DET01_S2924_spatillum_finecorr.png
[1;38;2;49;54;149m    [INFO][0m - [38;2;116;173;209mflatfield.py:fit:924[0m - Modeling the flat-field response for slit spat_id=3071: 18/24
[1;38;2;49;54;149m    [INFO][0m - [38;2;116;173;209mflatfield.py:fit:1008[0m - Spectral fit of flatfield for 554299/579067  pixels in the slit.
[1;38;2;49;54;149m    [INFO][0m - [38;2;116;173;209mfitting.py:bspline_profile:1156[0m - B-spline fit:
[1;38;2;49;54;149m    [INFO][0m - [38;2;116;173;209mfitting.py:bspline_profile:1157[0m -     npoly = 1 profile basis functions
[1;38;2;49;54;149m    [INFO][0m - [38;2;116;173;209mfitting.py:bspline_profile:1158[0m -     ngood = 554299/554299 measurements
[1;38;2;49;54;149m    [INFO][0m - [38;2;116;173;209mfitting.py:bspline_profile:1159[0m - ***************** Iter     Chi^2    N Rej  R. Fac *****************
[1;38;2;49;54;149m    [INFO][0m - [38;2;116;173;209mfitting.py:bspline_profile:1163[0m -                   ----  --------  -------  ------                  
[1;38;2;49;54;149m    [INFO][0m - [38;2;116;173;209mfitting.py:bspline_profile:1257[0m -                      1     0.006        0    1.00                  
[1;38;2;49;54;149m    [INFO][0m - [38;2;116;173;209mfitting.py:bspline_profile:1272[0m -                   DONE     0.006        0    1.00                  
[1;38;2;49;54;149m    [INFO][0m - [38;2;116;173;209mfitting.py:bspline_profile:1275[0m - *******************************************************************
[1;38;2;49;54;149m    [INFO][0m - [38;2;116;173;209mflatfield.py:fit:1097[0m - Spatial fit of flatfield for 609174/609174  pixels in the slit.
[1;38;2;49;54;149m    [INFO][0m - [38;2;116;173;209mfitting.py:bspline_profile:1156[0m - B-spline fit:
[1;38;2;49;54;149m    [INFO][0m - [38;2;116;173;209mfitting.py:bspline_profile:1157[0m -     npoly = 1 profile basis functions
[1;38;2;49;54;149m    [INFO][0m - [38;2;116;173;209mfitting.py:bspline_profile:1158[0m -     ngood = 609174/609174 measurements
[1;38;2;49;54;149m    [INFO][0m - [38;2;116;173;209mfitting.py:bspline_profile:1159[0m - ***************** Iter     Chi^2    N Rej  R. Fac *****************
[1;38;2;49;54;149m    [INFO][0m - [38;2;116;173;209mfitting.py:bspline_profile:1163[0m -                   ----  --------  -------  ------                  
[1;38;2;49;54;149m    [INFO][0m - [38;2;116;173;209mfitting.py:bspline_profile:1257[0m -                      1     0.000        0    1.00                  
[1;38;2;49;54;149m    [INFO][0m - [38;2;116;173;209mfitting.py:bspline_profile:1272[0m -                   DONE     0.000        0    1.00                  
[1;38;2;49;54;149m    [INFO][0m - [38;2;116;173;209mfitting.py:bspline_profile:1275[0m - *******************************************************************
[1;38;2;253;174;97m [WARNING][0m - [38;2;116;173;209mflat.py:tweak_slit_edges_gradient:538[0m - Left slit edge shift of 0.6% exceeds the maximum allowed of 0.0%
The left edge will not be tweaked.
[1;38;2;253;174;97m [WARNING][0m - [38;2;116;173;209mflat.py:tweak_slit_edges_gradient:547[0m - Right slit edge shift of -0.6% exceeds the maximum allowed of 0.0%
The right edge will not be tweaked.
[1;38;2;49;54;149m    [INFO][0m - [38;2;116;173;209mfitting.py:bspline_profile:1156[0m - B-spline fit:
[1;38;2;49;54;149m    [INFO][0m - [38;2;116;173;209mfitting.py:bspline_profile:1157[0m -     npoly = 1 profile basis functions
[1;38;2;49;54;149m    [INFO][0m - [38;2;116;173;209mfitting.py:bspline_profile:1158[0m -     ngood = 609174/609174 measurements
[1;38;2;49;54;149m    [INFO][0m - [38;2;116;173;209mfitting.py:bspline_profile:1159[0m - ***************** Iter     Chi^2    N Rej  R. Fac *****************
[1;38;2;49;54;149m    [INFO][0m - [38;2;116;173;209mfitting.py:bspline_profile:1163[0m -                   ----  --------  -------  ------                  
[1;38;2;49;54;149m    [INFO][0m - [38;2;116;173;209mfitting.py:bspline_profile:1257[0m -                      1     0.000        0    1.00                  
[1;38;2;49;54;149m    [INFO][0m - [38;2;116;173;209mfitting.py:bspline_profile:1272[0m -                   DONE     0.000        0    1.00                  
[1;38;2;49;54;149m    [INFO][0m - [38;2;116;173;209mfitting.py:bspline_profile:1275[0m - *******************************************************************
[1;38;2;49;54;149m    [INFO][0m - [38;2;116;173;209mflatfield.py:spatial_fit_finecorr:1477[0m - Performing a fine correction to the spatial illumination (slit 3071)
[1;38;2;253;174;97m [WARNING][0m - [38;2;116;173;209mfitting.py:robust_fit:456[0m - Maximum number of iterations maxiter=10 reached in robust_polyfit_djs
[1;38;2;49;54;149m    [INFO][0m - [38;2;116;173;209mflatfield.py:spatillum_finecorr_qa:1966[0m - Generating QA for spatial illumination fine correction
[1;38;2;49;54;149m    [INFO][0m - [38;2;116;173;209mflatfield.py:spatillum_finecorr_qa:2047[0m - Saved QA:
/Users/kaiwenzhang/PycharmProjects/KCWI/KCWI_RED_channel_characterization/RM1 pypeit run/2024-04-01/pypeit_run/keck_kcrm_B/QA/PNGs/Spatillum_FineCorr_illumflat_B_1_DET01_S3071_spatillum_finecorr.png
[1;38;2;49;54;149m    [INFO][0m - [38;2;116;173;209mflatfield.py:fit:924[0m - Modeling the flat-field response for slit spat_id=3219: 19/24
[1;38;2;49;54;149m    [INFO][0m - [38;2;116;173;209mflatfield.py:fit:1008[0m - Spectral fit of flatfield for 554074/578842  pixels in the slit.
[1;38;2;49;54;149m    [INFO][0m - [38;2;116;173;209mfitting.py:bspline_profile:1156[0m - B-spline fit:
[1;38;2;49;54;149m    [INFO][0m - [38;2;116;173;209mfitting.py:bspline_profile:1157[0m -     npoly = 1 profile basis functions
[1;38;2;49;54;149m    [INFO][0m - [38;2;116;173;209mfitting.py:bspline_profile:1158[0m -     ngood = 554074/554074 measurements
[1;38;2;49;54;149m    [INFO][0m - [38;2;116;173;209mfitting.py:bspline_profile:1159[0m - ***************** Iter     Chi^2    N Rej  R. Fac *****************
[1;38;2;49;54;149m    [INFO][0m - [38;2;116;173;209mfitting.py:bspline_profile:1163[0m -                   ----  --------  -------  ------                  
[1;38;2;49;54;149m    [INFO][0m - [38;2;116;173;209mfitting.py:bspline_profile:1257[0m -                      1     0.001        0    1.00                  
[1;38;2;49;54;149m    [INFO][0m - [38;2;116;173;209mfitting.py:bspline_profile:1272[0m -                   DONE     0.001        0    1.00                  
[1;38;2;49;54;149m    [INFO][0m - [38;2;116;173;209mfitting.py:bspline_profile:1275[0m - *******************************************************************
[1;38;2;49;54;149m    [INFO][0m - [38;2;116;173;209mflatfield.py:fit:1097[0m - Spatial fit of flatfield for 611267/611267  pixels in the slit.
[1;38;2;49;54;149m    [INFO][0m - [38;2;116;173;209mfitting.py:bspline_profile:1156[0m - B-spline fit:
[1;38;2;49;54;149m    [INFO][0m - [38;2;116;173;209mfitting.py:bspline_profile:1157[0m -     npoly = 1 profile basis functions
[1;38;2;49;54;149m    [INFO][0m - [38;2;116;173;209mfitting.py:bspline_profile:1158[0m -     ngood = 611267/611267 measurements
[1;38;2;49;54;149m    [INFO][0m - [38;2;116;173;209mfitting.py:bspline_profile:1159[0m - ***************** Iter     Chi^2    N Rej  R. Fac *****************
[1;38;2;49;54;149m    [INFO][0m - [38;2;116;173;209mfitting.py:bspline_profile:1163[0m -                   ----  --------  -------  ------                  
[1;38;2;49;54;149m    [INFO][0m - [38;2;116;173;209mfitting.py:bspline_profile:1257[0m -                      1     0.000        0    1.00                  
[1;38;2;49;54;149m    [INFO][0m - [38;2;116;173;209mfitting.py:bspline_profile:1272[0m -                   DONE     0.000        0    1.00                  
[1;38;2;49;54;149m    [INFO][0m - [38;2;116;173;209mfitting.py:bspline_profile:1275[0m - *******************************************************************
[1;38;2;253;174;97m [WARNING][0m - [38;2;116;173;209mflat.py:tweak_slit_edges_gradient:538[0m - Left slit edge shift of 0.7% exceeds the maximum allowed of 0.0%
The left edge will not be tweaked.
[1;38;2;253;174;97m [WARNING][0m - [38;2;116;173;209mflat.py:tweak_slit_edges_gradient:547[0m - Right slit edge shift of -0.6% exceeds the maximum allowed of 0.0%
The right edge will not be tweaked.
[1;38;2;49;54;149m    [INFO][0m - [38;2;116;173;209mfitting.py:bspline_profile:1156[0m - B-spline fit:
[1;38;2;49;54;149m    [INFO][0m - [38;2;116;173;209mfitting.py:bspline_profile:1157[0m -     npoly = 1 profile basis functions
[1;38;2;49;54;149m    [INFO][0m - [38;2;116;173;209mfitting.py:bspline_profile:1158[0m -     ngood = 611267/611267 measurements
[1;38;2;49;54;149m    [INFO][0m - [38;2;116;173;209mfitting.py:bspline_profile:1159[0m - ***************** Iter     Chi^2    N Rej  R. Fac *****************
[1;38;2;49;54;149m    [INFO][0m - [38;2;116;173;209mfitting.py:bspline_profile:1163[0m -                   ----  --------  -------  ------                  
[1;38;2;49;54;149m    [INFO][0m - [38;2;116;173;209mfitting.py:bspline_profile:1257[0m -                      1     0.000        0    1.00                  
[1;38;2;49;54;149m    [INFO][0m - [38;2;116;173;209mfitting.py:bspline_profile:1272[0m -                   DONE     0.000        0    1.00                  
[1;38;2;49;54;149m    [INFO][0m - [38;2;116;173;209mfitting.py:bspline_profile:1275[0m - *******************************************************************
[1;38;2;49;54;149m    [INFO][0m - [38;2;116;173;209mflatfield.py:spatial_fit_finecorr:1477[0m - Performing a fine correction to the spatial illumination (slit 3219)
[1;38;2;253;174;97m [WARNING][0m - [38;2;116;173;209mfitting.py:robust_fit:456[0m - Maximum number of iterations maxiter=10 reached in robust_polyfit_djs
[1;38;2;49;54;149m    [INFO][0m - [38;2;116;173;209mflatfield.py:spatillum_finecorr_qa:1966[0m - Generating QA for spatial illumination fine correction
[1;38;2;49;54;149m    [INFO][0m - [38;2;116;173;209mflatfield.py:spatillum_finecorr_qa:2047[0m - Saved QA:
/Users/kaiwenzhang/PycharmProjects/KCWI/KCWI_RED_channel_characterization/RM1 pypeit run/2024-04-01/pypeit_run/keck_kcrm_B/QA/PNGs/Spatillum_FineCorr_illumflat_B_1_DET01_S3219_spatillum_finecorr.png
[1;38;2;49;54;149m    [INFO][0m - [38;2;116;173;209mflatfield.py:fit:924[0m - Modeling the flat-field response for slit spat_id=3367: 20/24
[1;38;2;49;54;149m    [INFO][0m - [38;2;116;173;209mflatfield.py:fit:1008[0m - Spectral fit of flatfield for 553434/578202  pixels in the slit.
[1;38;2;49;54;149m    [INFO][0m - [38;2;116;173;209mfitting.py:bspline_profile:1156[0m - B-spline fit:
[1;38;2;49;54;149m    [INFO][0m - [38;2;116;173;209mfitting.py:bspline_profile:1157[0m -     npoly = 1 profile basis functions
[1;38;2;49;54;149m    [INFO][0m - [38;2;116;173;209mfitting.py:bspline_profile:1158[0m -     ngood = 553434/553434 measurements
[1;38;2;49;54;149m    [INFO][0m - [38;2;116;173;209mfitting.py:bspline_profile:1159[0m - ***************** Iter     Chi^2    N Rej  R. Fac *****************
[1;38;2;49;54;149m    [INFO][0m - [38;2;116;173;209mfitting.py:bspline_profile:1163[0m -                   ----  --------  -------  ------                  
[1;38;2;49;54;149m    [INFO][0m - [38;2;116;173;209mfitting.py:bspline_profile:1257[0m -                      1     0.009        0    1.00                  
[1;38;2;49;54;149m    [INFO][0m - [38;2;116;173;209mfitting.py:bspline_profile:1272[0m -                   DONE     0.009        0    1.00                  
[1;38;2;49;54;149m    [INFO][0m - [38;2;116;173;209mfitting.py:bspline_profile:1275[0m - *******************************************************************
[1;38;2;49;54;149m    [INFO][0m - [38;2;116;173;209mflatfield.py:fit:1097[0m - Spatial fit of flatfield for 619482/619482  pixels in the slit.
[1;38;2;49;54;149m    [INFO][0m - [38;2;116;173;209mfitting.py:bspline_profile:1156[0m - B-spline fit:
[1;38;2;49;54;149m    [INFO][0m - [38;2;116;173;209mfitting.py:bspline_profile:1157[0m -     npoly = 1 profile basis functions
[1;38;2;49;54;149m    [INFO][0m - [38;2;116;173;209mfitting.py:bspline_profile:1158[0m -     ngood = 619482/619482 measurements
[1;38;2;49;54;149m    [INFO][0m - [38;2;116;173;209mfitting.py:bspline_profile:1159[0m - ***************** Iter     Chi^2    N Rej  R. Fac *****************
[1;38;2;49;54;149m    [INFO][0m - [38;2;116;173;209mfitting.py:bspline_profile:1163[0m -                   ----  --------  -------  ------                  
[1;38;2;49;54;149m    [INFO][0m - [38;2;116;173;209mfitting.py:bspline_profile:1257[0m -                      1     0.000        0    1.00                  
[1;38;2;49;54;149m    [INFO][0m - [38;2;116;173;209mfitting.py:bspline_profile:1272[0m -                   DONE     0.000        0    1.00                  
[1;38;2;49;54;149m    [INFO][0m - [38;2;116;173;209mfitting.py:bspline_profile:1275[0m - *******************************************************************
[1;38;2;253;174;97m [WARNING][0m - [38;2;116;173;209mflat.py:tweak_slit_edges_gradient:538[0m - Left slit edge shift of 0.7% exceeds the maximum allowed of 0.0%
The left edge will not be tweaked.
[1;38;2;253;174;97m [WARNING][0m - [38;2;116;173;209mflat.py:tweak_slit_edges_gradient:547[0m - Right slit edge shift of -0.6% exceeds the maximum allowed of 0.0%
The right edge will not be tweaked.
[1;38;2;49;54;149m    [INFO][0m - [38;2;116;173;209mfitting.py:bspline_profile:1156[0m - B-spline fit:
[1;38;2;49;54;149m    [INFO][0m - [38;2;116;173;209mfitting.py:bspline_profile:1157[0m -     npoly = 1 profile basis functions
[1;38;2;49;54;149m    [INFO][0m - [38;2;116;173;209mfitting.py:bspline_profile:1158[0m -     ngood = 619482/619482 measurements
[1;38;2;49;54;149m    [INFO][0m - [38;2;116;173;209mfitting.py:bspline_profile:1159[0m - ***************** Iter     Chi^2    N Rej  R. Fac *****************
[1;38;2;49;54;149m    [INFO][0m - [38;2;116;173;209mfitting.py:bspline_profile:1163[0m -                   ----  --------  -------  ------                  
[1;38;2;49;54;149m    [INFO][0m - [38;2;116;173;209mfitting.py:bspline_profile:1257[0m -                      1     0.000        0    1.00                  
[1;38;2;49;54;149m    [INFO][0m - [38;2;116;173;209mfitting.py:bspline_profile:1272[0m -                   DONE     0.000        0    1.00                  
[1;38;2;49;54;149m    [INFO][0m - [38;2;116;173;209mfitting.py:bspline_profile:1275[0m - *******************************************************************
[1;38;2;49;54;149m    [INFO][0m - [38;2;116;173;209mflatfield.py:spatial_fit_finecorr:1477[0m - Performing a fine correction to the spatial illumination (slit 3367)
[1;38;2;253;174;97m [WARNING][0m - [38;2;116;173;209mfitting.py:robust_fit:456[0m - Maximum number of iterations maxiter=10 reached in robust_polyfit_djs
[1;38;2;49;54;149m    [INFO][0m - [38;2;116;173;209mflatfield.py:spatillum_finecorr_qa:1966[0m - Generating QA for spatial illumination fine correction
[1;38;2;49;54;149m    [INFO][0m - [38;2;116;173;209mflatfield.py:spatillum_finecorr_qa:2047[0m - Saved QA:
/Users/kaiwenzhang/PycharmProjects/KCWI/KCWI_RED_channel_characterization/RM1 pypeit run/2024-04-01/pypeit_run/keck_kcrm_B/QA/PNGs/Spatillum_FineCorr_illumflat_B_1_DET01_S3367_spatillum_finecorr.png
[1;38;2;49;54;149m    [INFO][0m - [38;2;116;173;209mflatfield.py:fit:924[0m - Modeling the flat-field response for slit spat_id=3517: 21/24
[1;38;2;49;54;149m    [INFO][0m - [38;2;116;173;209mflatfield.py:fit:1008[0m - Spectral fit of flatfield for 553677/578445  pixels in the slit.
[1;38;2;49;54;149m    [INFO][0m - [38;2;116;173;209mfitting.py:bspline_profile:1156[0m - B-spline fit:
[1;38;2;49;54;149m    [INFO][0m - [38;2;116;173;209mfitting.py:bspline_profile:1157[0m -     npoly = 1 profile basis functions
[1;38;2;49;54;149m    [INFO][0m - [38;2;116;173;209mfitting.py:bspline_profile:1158[0m -     ngood = 553677/553677 measurements
[1;38;2;49;54;149m    [INFO][0m - [38;2;116;173;209mfitting.py:bspline_profile:1159[0m - ***************** Iter     Chi^2    N Rej  R. Fac *****************
[1;38;2;49;54;149m    [INFO][0m - [38;2;116;173;209mfitting.py:bspline_profile:1163[0m -                   ----  --------  -------  ------                  
[1;38;2;49;54;149m    [INFO][0m - [38;2;116;173;209mfitting.py:bspline_profile:1257[0m -                      1     0.000        0    1.00                  
[1;38;2;49;54;149m    [INFO][0m - [38;2;116;173;209mfitting.py:bspline_profile:1272[0m -                   DONE     0.000        0    1.00                  
[1;38;2;49;54;149m    [INFO][0m - [38;2;116;173;209mfitting.py:bspline_profile:1275[0m - *******************************************************************
[1;38;2;49;54;149m    [INFO][0m - [38;2;116;173;209mflatfield.py:fit:1097[0m - Spatial fit of flatfield for 619725/619725  pixels in the slit.
[1;38;2;49;54;149m    [INFO][0m - [38;2;116;173;209mfitting.py:bspline_profile:1156[0m - B-spline fit:
[1;38;2;49;54;149m    [INFO][0m - [38;2;116;173;209mfitting.py:bspline_profile:1157[0m -     npoly = 1 profile basis functions
[1;38;2;49;54;149m    [INFO][0m - [38;2;116;173;209mfitting.py:bspline_profile:1158[0m -     ngood = 619725/619725 measurements
[1;38;2;49;54;149m    [INFO][0m - [38;2;116;173;209mfitting.py:bspline_profile:1159[0m - ***************** Iter     Chi^2    N Rej  R. Fac *****************
[1;38;2;49;54;149m    [INFO][0m - [38;2;116;173;209mfitting.py:bspline_profile:1163[0m -                   ----  --------  -------  ------                  
[1;38;2;49;54;149m    [INFO][0m - [38;2;116;173;209mfitting.py:bspline_profile:1257[0m -                      1     0.000        0    1.00                  
[1;38;2;49;54;149m    [INFO][0m - [38;2;116;173;209mfitting.py:bspline_profile:1272[0m -                   DONE     0.000        0    1.00                  
[1;38;2;49;54;149m    [INFO][0m - [38;2;116;173;209mfitting.py:bspline_profile:1275[0m - *******************************************************************
[1;38;2;253;174;97m [WARNING][0m - [38;2;116;173;209mflat.py:tweak_slit_edges_gradient:538[0m - Left slit edge shift of 0.7% exceeds the maximum allowed of 0.0%
The left edge will not be tweaked.
[1;38;2;253;174;97m [WARNING][0m - [38;2;116;173;209mflat.py:tweak_slit_edges_gradient:547[0m - Right slit edge shift of -0.6% exceeds the maximum allowed of 0.0%
The right edge will not be tweaked.
[1;38;2;49;54;149m    [INFO][0m - [38;2;116;173;209mfitting.py:bspline_profile:1156[0m - B-spline fit:
[1;38;2;49;54;149m    [INFO][0m - [38;2;116;173;209mfitting.py:bspline_profile:1157[0m -     npoly = 1 profile basis functions
[1;38;2;49;54;149m    [INFO][0m - [38;2;116;173;209mfitting.py:bspline_profile:1158[0m -     ngood = 619725/619725 measurements
[1;38;2;49;54;149m    [INFO][0m - [38;2;116;173;209mfitting.py:bspline_profile:1159[0m - ***************** Iter     Chi^2    N Rej  R. Fac *****************
[1;38;2;49;54;149m    [INFO][0m - [38;2;116;173;209mfitting.py:bspline_profile:1163[0m -                   ----  --------  -------  ------                  
[1;38;2;49;54;149m    [INFO][0m - [38;2;116;173;209mfitting.py:bspline_profile:1257[0m -                      1     0.000        0    1.00                  
[1;38;2;49;54;149m    [INFO][0m - [38;2;116;173;209mfitting.py:bspline_profile:1272[0m -                   DONE     0.000        0    1.00                  
[1;38;2;49;54;149m    [INFO][0m - [38;2;116;173;209mfitting.py:bspline_profile:1275[0m - *******************************************************************
[1;38;2;49;54;149m    [INFO][0m - [38;2;116;173;209mflatfield.py:spatial_fit_finecorr:1477[0m - Performing a fine correction to the spatial illumination (slit 3517)
[1;38;2;253;174;97m [WARNING][0m - [38;2;116;173;209mfitting.py:robust_fit:456[0m - Maximum number of iterations maxiter=10 reached in robust_polyfit_djs
[1;38;2;49;54;149m    [INFO][0m - [38;2;116;173;209mflatfield.py:spatillum_finecorr_qa:1966[0m - Generating QA for spatial illumination fine correction
[1;38;2;49;54;149m    [INFO][0m - [38;2;116;173;209mflatfield.py:spatillum_finecorr_qa:2047[0m - Saved QA:
/Users/kaiwenzhang/PycharmProjects/KCWI/KCWI_RED_channel_characterization/RM1 pypeit run/2024-04-01/pypeit_run/keck_kcrm_B/QA/PNGs/Spatillum_FineCorr_illumflat_B_1_DET01_S3517_spatillum_finecorr.png
[1;38;2;49;54;149m    [INFO][0m - [38;2;116;173;209mflatfield.py:fit:924[0m - Modeling the flat-field response for slit spat_id=3669: 22/24
[1;38;2;49;54;149m    [INFO][0m - [38;2;116;173;209mflatfield.py:fit:1008[0m - Spectral fit of flatfield for 553557/578325  pixels in the slit.
[1;38;2;49;54;149m    [INFO][0m - [38;2;116;173;209mfitting.py:bspline_profile:1156[0m - B-spline fit:
[1;38;2;49;54;149m    [INFO][0m - [38;2;116;173;209mfitting.py:bspline_profile:1157[0m -     npoly = 1 profile basis functions
[1;38;2;49;54;149m    [INFO][0m - [38;2;116;173;209mfitting.py:bspline_profile:1158[0m -     ngood = 553557/553557 measurements
[1;38;2;49;54;149m    [INFO][0m - [38;2;116;173;209mfitting.py:bspline_profile:1159[0m - ***************** Iter     Chi^2    N Rej  R. Fac *****************
[1;38;2;49;54;149m    [INFO][0m - [38;2;116;173;209mfitting.py:bspline_profile:1163[0m -                   ----  --------  -------  ------                  
[1;38;2;49;54;149m    [INFO][0m - [38;2;116;173;209mfitting.py:bspline_profile:1257[0m -                      1     0.018        0    1.00                  
[1;38;2;49;54;149m    [INFO][0m - [38;2;116;173;209mfitting.py:bspline_profile:1272[0m -                   DONE     0.018        0    1.00                  
[1;38;2;49;54;149m    [INFO][0m - [38;2;116;173;209mfitting.py:bspline_profile:1275[0m - *******************************************************************
[1;38;2;49;54;149m    [INFO][0m - [38;2;116;173;209mflatfield.py:fit:1097[0m - Spatial fit of flatfield for 619605/619605  pixels in the slit.
[1;38;2;49;54;149m    [INFO][0m - [38;2;116;173;209mfitting.py:bspline_profile:1156[0m - B-spline fit:
[1;38;2;49;54;149m    [INFO][0m - [38;2;116;173;209mfitting.py:bspline_profile:1157[0m -     npoly = 1 profile basis functions
[1;38;2;49;54;149m    [INFO][0m - [38;2;116;173;209mfitting.py:bspline_profile:1158[0m -     ngood = 619605/619605 measurements
[1;38;2;49;54;149m    [INFO][0m - [38;2;116;173;209mfitting.py:bspline_profile:1159[0m - ***************** Iter     Chi^2    N Rej  R. Fac *****************
[1;38;2;49;54;149m    [INFO][0m - [38;2;116;173;209mfitting.py:bspline_profile:1163[0m -                   ----  --------  -------  ------                  
[1;38;2;49;54;149m    [INFO][0m - [38;2;116;173;209mfitting.py:bspline_profile:1257[0m -                      1     0.000        0    1.00                  
[1;38;2;49;54;149m    [INFO][0m - [38;2;116;173;209mfitting.py:bspline_profile:1272[0m -                   DONE     0.000        0    1.00                  
[1;38;2;49;54;149m    [INFO][0m - [38;2;116;173;209mfitting.py:bspline_profile:1275[0m - *******************************************************************
[1;38;2;253;174;97m [WARNING][0m - [38;2;116;173;209mflat.py:tweak_slit_edges_gradient:538[0m - Left slit edge shift of 0.6% exceeds the maximum allowed of 0.0%
The left edge will not be tweaked.
[1;38;2;253;174;97m [WARNING][0m - [38;2;116;173;209mflat.py:tweak_slit_edges_gradient:547[0m - Right slit edge shift of -0.6% exceeds the maximum allowed of 0.0%
The right edge will not be tweaked.
[1;38;2;49;54;149m    [INFO][0m - [38;2;116;173;209mfitting.py:bspline_profile:1156[0m - B-spline fit:
[1;38;2;49;54;149m    [INFO][0m - [38;2;116;173;209mfitting.py:bspline_profile:1157[0m -     npoly = 1 profile basis functions
[1;38;2;49;54;149m    [INFO][0m - [38;2;116;173;209mfitting.py:bspline_profile:1158[0m -     ngood = 619605/619605 measurements
[1;38;2;49;54;149m    [INFO][0m - [38;2;116;173;209mfitting.py:bspline_profile:1159[0m - ***************** Iter     Chi^2    N Rej  R. Fac *****************
[1;38;2;49;54;149m    [INFO][0m - [38;2;116;173;209mfitting.py:bspline_profile:1163[0m -                   ----  --------  -------  ------                  
[1;38;2;49;54;149m    [INFO][0m - [38;2;116;173;209mfitting.py:bspline_profile:1257[0m -                      1     0.000        0    1.00                  
[1;38;2;49;54;149m    [INFO][0m - [38;2;116;173;209mfitting.py:bspline_profile:1272[0m -                   DONE     0.000        0    1.00                  
[1;38;2;49;54;149m    [INFO][0m - [38;2;116;173;209mfitting.py:bspline_profile:1275[0m - *******************************************************************
[1;38;2;49;54;149m    [INFO][0m - [38;2;116;173;209mflatfield.py:spatial_fit_finecorr:1477[0m - Performing a fine correction to the spatial illumination (slit 3669)
[1;38;2;253;174;97m [WARNING][0m - [38;2;116;173;209mfitting.py:robust_fit:456[0m - Maximum number of iterations maxiter=10 reached in robust_polyfit_djs
[1;38;2;49;54;149m    [INFO][0m - [38;2;116;173;209mflatfield.py:spatillum_finecorr_qa:1966[0m - Generating QA for spatial illumination fine correction
[1;38;2;49;54;149m    [INFO][0m - [38;2;116;173;209mflatfield.py:spatillum_finecorr_qa:2047[0m - Saved QA:
/Users/kaiwenzhang/PycharmProjects/KCWI/KCWI_RED_channel_characterization/RM1 pypeit run/2024-04-01/pypeit_run/keck_kcrm_B/QA/PNGs/Spatillum_FineCorr_illumflat_B_1_DET01_S3669_spatillum_finecorr.png
[1;38;2;49;54;149m    [INFO][0m - [38;2;116;173;209mflatfield.py:fit:924[0m - Modeling the flat-field response for slit spat_id=3824: 23/24
[1;38;2;49;54;149m    [INFO][0m - [38;2;116;173;209mflatfield.py:fit:1008[0m - Spectral fit of flatfield for 552830/577598  pixels in the slit.
[1;38;2;49;54;149m    [INFO][0m - [38;2;116;173;209mfitting.py:bspline_profile:1156[0m - B-spline fit:
[1;38;2;49;54;149m    [INFO][0m - [38;2;116;173;209mfitting.py:bspline_profile:1157[0m -     npoly = 1 profile basis functions
[1;38;2;49;54;149m    [INFO][0m - [38;2;116;173;209mfitting.py:bspline_profile:1158[0m -     ngood = 552830/552830 measurements
[1;38;2;49;54;149m    [INFO][0m - [38;2;116;173;209mfitting.py:bspline_profile:1159[0m - ***************** Iter     Chi^2    N Rej  R. Fac *****************
[1;38;2;49;54;149m    [INFO][0m - [38;2;116;173;209mfitting.py:bspline_profile:1163[0m -                   ----  --------  -------  ------                  
[1;38;2;49;54;149m    [INFO][0m - [38;2;116;173;209mfitting.py:bspline_profile:1257[0m -                      1     0.001        0    1.00                  
[1;38;2;49;54;149m    [INFO][0m - [38;2;116;173;209mfitting.py:bspline_profile:1272[0m -                   DONE     0.001        0    1.00                  
[1;38;2;49;54;149m    [INFO][0m - [38;2;116;173;209mfitting.py:bspline_profile:1275[0m - *******************************************************************
[1;38;2;49;54;149m    [INFO][0m - [38;2;116;173;209mflatfield.py:fit:1097[0m - Spatial fit of flatfield for 618878/618878  pixels in the slit.
[1;38;2;49;54;149m    [INFO][0m - [38;2;116;173;209mfitting.py:bspline_profile:1156[0m - B-spline fit:
[1;38;2;49;54;149m    [INFO][0m - [38;2;116;173;209mfitting.py:bspline_profile:1157[0m -     npoly = 1 profile basis functions
[1;38;2;49;54;149m    [INFO][0m - [38;2;116;173;209mfitting.py:bspline_profile:1158[0m -     ngood = 618878/618878 measurements
[1;38;2;49;54;149m    [INFO][0m - [38;2;116;173;209mfitting.py:bspline_profile:1159[0m - ***************** Iter     Chi^2    N Rej  R. Fac *****************
[1;38;2;49;54;149m    [INFO][0m - [38;2;116;173;209mfitting.py:bspline_profile:1163[0m -                   ----  --------  -------  ------                  
[1;38;2;49;54;149m    [INFO][0m - [38;2;116;173;209mfitting.py:bspline_profile:1257[0m -                      1     0.000        0    1.00                  
[1;38;2;49;54;149m    [INFO][0m - [38;2;116;173;209mfitting.py:bspline_profile:1272[0m -                   DONE     0.000        0    1.00                  
[1;38;2;49;54;149m    [INFO][0m - [38;2;116;173;209mfitting.py:bspline_profile:1275[0m - *******************************************************************
[1;38;2;253;174;97m [WARNING][0m - [38;2;116;173;209mflat.py:tweak_slit_edges_gradient:538[0m - Left slit edge shift of 0.7% exceeds the maximum allowed of 0.0%
The left edge will not be tweaked.
[1;38;2;253;174;97m [WARNING][0m - [38;2;116;173;209mflat.py:tweak_slit_edges_gradient:547[0m - Right slit edge shift of -0.7% exceeds the maximum allowed of 0.0%
The right edge will not be tweaked.
[1;38;2;49;54;149m    [INFO][0m - [38;2;116;173;209mfitting.py:bspline_profile:1156[0m - B-spline fit:
[1;38;2;49;54;149m    [INFO][0m - [38;2;116;173;209mfitting.py:bspline_profile:1157[0m -     npoly = 1 profile basis functions
[1;38;2;49;54;149m    [INFO][0m - [38;2;116;173;209mfitting.py:bspline_profile:1158[0m -     ngood = 618878/618878 measurements
[1;38;2;49;54;149m    [INFO][0m - [38;2;116;173;209mfitting.py:bspline_profile:1159[0m - ***************** Iter     Chi^2    N Rej  R. Fac *****************
[1;38;2;49;54;149m    [INFO][0m - [38;2;116;173;209mfitting.py:bspline_profile:1163[0m -                   ----  --------  -------  ------                  
[1;38;2;49;54;149m    [INFO][0m - [38;2;116;173;209mfitting.py:bspline_profile:1257[0m -                      1     0.000        0    1.00                  
[1;38;2;49;54;149m    [INFO][0m - [38;2;116;173;209mfitting.py:bspline_profile:1272[0m -                   DONE     0.000        0    1.00                  
[1;38;2;49;54;149m    [INFO][0m - [38;2;116;173;209mfitting.py:bspline_profile:1275[0m - *******************************************************************
[1;38;2;49;54;149m    [INFO][0m - [38;2;116;173;209mflatfield.py:spatial_fit_finecorr:1477[0m - Performing a fine correction to the spatial illumination (slit 3824)
[1;38;2;253;174;97m [WARNING][0m - [38;2;116;173;209mfitting.py:robust_fit:456[0m - Maximum number of iterations maxiter=10 reached in robust_polyfit_djs
[1;38;2;49;54;149m    [INFO][0m - [38;2;116;173;209mflatfield.py:spatillum_finecorr_qa:1966[0m - Generating QA for spatial illumination fine correction
[1;38;2;49;54;149m    [INFO][0m - [38;2;116;173;209mflatfield.py:spatillum_finecorr_qa:2047[0m - Saved QA:
/Users/kaiwenzhang/PycharmProjects/KCWI/KCWI_RED_channel_characterization/RM1 pypeit run/2024-04-01/pypeit_run/keck_kcrm_B/QA/PNGs/Spatillum_FineCorr_illumflat_B_1_DET01_S3824_spatillum_finecorr.png
[1;38;2;49;54;149m    [INFO][0m - [38;2;116;173;209mflatfield.py:fit:924[0m - Modeling the flat-field response for slit spat_id=3983: 24/24
[1;38;2;49;54;149m    [INFO][0m - [38;2;116;173;209mflatfield.py:fit:1008[0m - Spectral fit of flatfield for 552633/577401  pixels in the slit.
[1;38;2;49;54;149m    [INFO][0m - [38;2;116;173;209mfitting.py:bspline_profile:1156[0m - B-spline fit:
[1;38;2;49;54;149m    [INFO][0m - [38;2;116;173;209mfitting.py:bspline_profile:1157[0m -     npoly = 1 profile basis functions
[1;38;2;49;54;149m    [INFO][0m - [38;2;116;173;209mfitting.py:bspline_profile:1158[0m -     ngood = 552633/552633 measurements
[1;38;2;49;54;149m    [INFO][0m - [38;2;116;173;209mfitting.py:bspline_profile:1159[0m - ***************** Iter     Chi^2    N Rej  R. Fac *****************
[1;38;2;49;54;149m    [INFO][0m - [38;2;116;173;209mfitting.py:bspline_profile:1163[0m -                   ----  --------  -------  ------                  
[1;38;2;49;54;149m    [INFO][0m - [38;2;116;173;209mfitting.py:bspline_profile:1257[0m -                      1     0.041       11    1.00                  
[1;38;2;49;54;149m    [INFO][0m - [38;2;116;173;209mfitting.py:bspline_profile:1257[0m -                      2     0.041       19    1.00                  
[1;38;2;49;54;149m    [INFO][0m - [38;2;116;173;209mfitting.py:bspline_profile:1257[0m -                      3     0.041       26    1.00                  
[1;38;2;49;54;149m    [INFO][0m - [38;2;116;173;209mfitting.py:bspline_profile:1257[0m -                      4     0.041       31    1.00                  
[1;38;2;49;54;149m    [INFO][0m - [38;2;116;173;209mfitting.py:bspline_profile:1257[0m -                      5     0.041       33    1.00                  
[1;38;2;49;54;149m    [INFO][0m - [38;2;116;173;209mfitting.py:bspline_profile:1257[0m -                      6     0.041       33    1.00                  
[1;38;2;49;54;149m    [INFO][0m - [38;2;116;173;209mfitting.py:bspline_profile:1272[0m -                   DONE     0.041       33    1.00                  
[1;38;2;49;54;149m    [INFO][0m - [38;2;116;173;209mfitting.py:bspline_profile:1275[0m - *******************************************************************
[1;38;2;49;54;149m    [INFO][0m - [38;2;116;173;209mflatfield.py:fit:1097[0m - Spatial fit of flatfield for 618681/618681  pixels in the slit.
[1;38;2;49;54;149m    [INFO][0m - [38;2;116;173;209mfitting.py:bspline_profile:1156[0m - B-spline fit:
[1;38;2;49;54;149m    [INFO][0m - [38;2;116;173;209mfitting.py:bspline_profile:1157[0m -     npoly = 1 profile basis functions
[1;38;2;49;54;149m    [INFO][0m - [38;2;116;173;209mfitting.py:bspline_profile:1158[0m -     ngood = 618681/618681 measurements
[1;38;2;49;54;149m    [INFO][0m - [38;2;116;173;209mfitting.py:bspline_profile:1159[0m - ***************** Iter     Chi^2    N Rej  R. Fac *****************
[1;38;2;49;54;149m    [INFO][0m - [38;2;116;173;209mfitting.py:bspline_profile:1163[0m -                   ----  --------  -------  ------                  
[1;38;2;49;54;149m    [INFO][0m - [38;2;116;173;209mfitting.py:bspline_profile:1257[0m -                      1     0.000        0    1.00                  
[1;38;2;49;54;149m    [INFO][0m - [38;2;116;173;209mfitting.py:bspline_profile:1272[0m -                   DONE     0.000        0    1.00                  
[1;38;2;49;54;149m    [INFO][0m - [38;2;116;173;209mfitting.py:bspline_profile:1275[0m - *******************************************************************
[1;38;2;253;174;97m [WARNING][0m - [38;2;116;173;209mflat.py:tweak_slit_edges_gradient:538[0m - Left slit edge shift of 0.7% exceeds the maximum allowed of 0.0%
The left edge will not be tweaked.
[1;38;2;253;174;97m [WARNING][0m - [38;2;116;173;209mflat.py:tweak_slit_edges_gradient:547[0m - Right slit edge shift of -0.7% exceeds the maximum allowed of 0.0%
The right edge will not be tweaked.
[1;38;2;49;54;149m    [INFO][0m - [38;2;116;173;209mfitting.py:bspline_profile:1156[0m - B-spline fit:
[1;38;2;49;54;149m    [INFO][0m - [38;2;116;173;209mfitting.py:bspline_profile:1157[0m -     npoly = 1 profile basis functions
[1;38;2;49;54;149m    [INFO][0m - [38;2;116;173;209mfitting.py:bspline_profile:1158[0m -     ngood = 618681/618681 measurements
[1;38;2;49;54;149m    [INFO][0m - [38;2;116;173;209mfitting.py:bspline_profile:1159[0m - ***************** Iter     Chi^2    N Rej  R. Fac *****************
[1;38;2;49;54;149m    [INFO][0m - [38;2;116;173;209mfitting.py:bspline_profile:1163[0m -                   ----  --------  -------  ------                  
[1;38;2;49;54;149m    [INFO][0m - [38;2;116;173;209mfitting.py:bspline_profile:1257[0m -                      1     0.000        0    1.00                  
[1;38;2;49;54;149m    [INFO][0m - [38;2;116;173;209mfitting.py:bspline_profile:1272[0m -                   DONE     0.000        0    1.00                  
[1;38;2;49;54;149m    [INFO][0m - [38;2;116;173;209mfitting.py:bspline_profile:1275[0m - *******************************************************************
[1;38;2;49;54;149m    [INFO][0m - [38;2;116;173;209mflatfield.py:spatial_fit_finecorr:1477[0m - Performing a fine correction to the spatial illumination (slit 3983)
[1;38;2;253;174;97m [WARNING][0m - [38;2;116;173;209mfitting.py:robust_fit:456[0m - Maximum number of iterations maxiter=10 reached in robust_polyfit_djs
[1;38;2;49;54;149m    [INFO][0m - [38;2;116;173;209mflatfield.py:spatillum_finecorr_qa:1966[0m - Generating QA for spatial illumination fine correction
[1;38;2;49;54;149m    [INFO][0m - [38;2;116;173;209mflatfield.py:spatillum_finecorr_qa:2047[0m - Saved QA:
/Users/kaiwenzhang/PycharmProjects/KCWI/KCWI_RED_channel_characterization/RM1 pypeit run/2024-04-01/pypeit_run/keck_kcrm_B/QA/PNGs/Spatillum_FineCorr_illumflat_B_1_DET01_S3983_spatillum_finecorr.png
[1;38;2;49;54;149m    [INFO][0m - [38;2;116;173;209mio.py:write_to_fits:672[0m - File written to: /Users/kaiwenzhang/PycharmProjects/KCWI/KCWI_RED_channel_characterization/RM1 pypeit run/2024-04-01/pypeit_run/keck_kcrm_B/Calibrations/Flat_B_1_DET01.fits
[1;38;2;49;54;149m    [INFO][0m - [38;2;116;173;209mio.py:write_to_fits:670[0m - Compressing file: /Users/kaiwenzhang/PycharmProjects/KCWI/KCWI_RED_channel_characterization/RM1 pypeit run/2024-04-01/pypeit_run/keck_kcrm_B/Calibrations/Slits_B_1_DET01.fits
[1;38;2;49;54;149m    [INFO][0m - [38;2;116;173;209mio.py:write_to_fits:672[0m - File written to: /Users/kaiwenzhang/PycharmProjects/KCWI/KCWI_RED_channel_characterization/RM1 pypeit run/2024-04-01/pypeit_run/keck_kcrm_B/Calibrations/Slits_B_1_DET01.fits.gz
[1;38;2;49;54;149m    [INFO][0m - [38;2;116;173;209mcalibrations.py:run_the_steps:1459[0m - Calibration complete and/or fully loaded!
[1;38;2;49;54;149m    [INFO][0m - [38;2;116;173;209mcalibrations.py:run_the_steps:1460[0m - #######################################################################
[1;38;2;49;54;149m    [INFO][0m - [38;2;116;173;209mpypeit.py:print_end_time:243[0m - Execution time: 38m 22.81s
[1;38;2;49;54;149m    [INFO][0m - [38;2;116;173;209mrun_pypeit.py:main:97[0m - Data reduction complete
[1;38;2;49;54;149m    [INFO][0m - [38;2;116;173;209mrun_pypeit.py:main:100[0m - Generating QA HTML
   Iteration     Total nfev        Cost      Cost reduction    Step norm     Optimality   
       0              1         1.1103e+10                                    2.17e+11    
       1              2         7.0588e+08      1.04e+10       8.81e+01       1.74e+10    
       2              3         6.2454e+08      8.13e+07       1.19e+02       1.60e+08    
       3              4         6.2453e+08      6.96e+03       7.87e-02       1.39e+04    
`ftol` termination condition is satisfied.
Function evaluations 4, initial cost 1.1103e+10, final cost 6.2453e+08, first-order optimality 1.39e+04.
Wrote: /Users/kaiwenzhang/PycharmProjects/KCWI/KCWI_RED_channel_characterization/RM1 pypeit run/2024-04-01/pypeit_run/keck_kcrm_B/QA/MF_B.html
