grating,wavelength_A,composite_pct,sd_pct,n_blazes,n_effective
RL,5585,12.588,,1,0.00
RL,5586,12.632,,1,0.00
RL,5587,12.675,,1,0.00
RL,5588,12.718,,1,0.00
RL,5589,12.761,,1,0.00
RL,5590,12.804,,1,0.00
RL,5591,12.847,,1,0.00
RL,5592,12.890,,1,0.00
RL,5593,12.932,,1,0.00
RL,5594,12.975,,1,0.00
RL,5595,13.017,,1,0.00
RL,5596,13.059,,1,0.01
RL,5597,13.101,,1,0.01
RL,5598,13.143,,1,0.01
RL,5599,13.185,,1,0.01
RL,5600,13.227,,1,0.01
RL,5601,13.268,,1,0.01
RL,5602,13.310,,1,0.01
RL,5603,13.351,,1,0.01
RL,5604,13.392,,1,0.02
RL,5605,13.433,,1,0.02
RL,5606,13.474,,1,0.02
RL,5607,13.515,,1,0.02
RL,5608,13.556,,1,0.02
RL,5609,13.597,,1,0.02
RL,5610,13.637,,1,0.03
RL,5611,13.677,,1,0.03
RL,5612,13.718,,1,0.03
RL,5613,13.758,,1,0.03
RL,5614,13.798,,1,0.04
RL,5615,13.838,,1,0.04
RL,5616,13.878,,1,0.04
RL,5617,13.918,,1,0.04
RL,5618,13.957,,1,0.04
RL,5619,13.997,,1,0.05
RL,5620,14.036,,1,0.05
RL,5621,14.075,,1,0.05
RL,5622,14.114,,1,0.06
RL,5623,14.153,,1,0.06
RL,5624,14.192,,1,0.06
RL,5625,14.231,,1,0.06
RL,5626,14.270,,1,0.07
RL,5627,14.308,,1,0.07
RL,5628,14.347,,1,0.07
RL,5629,14.385,,1,0.08
RL,5630,14.423,,1,0.08
RL,5631,14.462,0.438,2,0.08
RL,5632,14.500,0.438,2,0.09
RL,5633,14.537,0.437,2,0.09
RL,5634,14.575,0.437,2,0.10
RL,5635,14.613,0.436,2,0.10
RL,5636,14.650,0.436,2,0.10
RL,5637,14.688,0.435,2,0.11
RL,5638,14.725,0.435,2,0.11
RL,5639,14.762,0.434,2,0.12
RL,5640,14.800,0.434,2,0.12
RL,5641,14.837,0.434,2,0.13
RL,5642,14.873,0.433,2,0.13
RL,5643,14.910,0.433,2,0.14
RL,5644,14.947,0.432,2,0.14
RL,5645,14.983,0.432,2,0.15
RL,5646,15.020,0.431,2,0.15
RL,5647,15.056,0.431,2,0.16
RL,5648,15.093,0.431,2,0.17
RL,5649,15.129,0.430,2,0.17
RL,5650,15.165,0.430,2,0.18
RL,5651,15.201,0.430,2,0.18
RL,5652,15.236,0.429,2,0.19
RL,5653,15.272,0.429,2,0.20
RL,5654,15.308,0.428,2,0.20
RL,5655,15.343,0.428,2,0.21
RL,5656,15.378,0.428,2,0.22
RL,5657,15.414,0.427,2,0.22
RL,5658,15.449,0.427,2,0.23
RL,5659,15.484,0.427,2,0.24
RL,5660,15.519,0.426,2,0.25
RL,5661,15.554,0.426,2,0.25
RL,5662,15.588,0.426,2,0.26
RL,5663,15.623,0.425,2,0.27
RL,5664,15.658,0.425,2,0.28
RL,5665,15.692,0.425,2,0.28
RL,5666,15.726,0.424,2,0.29
RL,5667,15.760,0.424,2,0.30
RL,5668,15.795,0.424,2,0.31
RL,5669,15.829,0.423,2,0.32
RL,5670,15.862,0.423,2,0.33
RL,5671,15.896,0.423,2,0.33
RL,5672,15.930,0.422,2,0.34
RL,5673,15.963,0.422,2,0.35
RL,5674,15.997,0.422,2,0.36
RL,5675,16.030,0.422,2,0.37
RL,5676,16.063,0.421,2,0.38
RL,5677,16.097,0.421,2,0.39
RL,5678,16.130,0.421,2,0.40
RL,5679,16.163,0.420,2,0.41
RL,5680,16.195,0.420,2,0.42
RL,5681,16.228,0.420,2,0.43
RL,5682,16.261,0.420,2,0.44
RL,5683,16.293,0.419,2,0.45
RL,5684,16.326,0.419,2,0.46
RL,5685,16.358,0.419,2,0.47
RL,5686,16.390,0.419,2,0.48
RL,5687,16.422,0.418,2,0.49
RL,5688,16.454,0.418,2,0.50
RL,5689,16.486,0.418,2,0.51
RL,5690,16.518,0.418,2,0.52
RL,5691,16.550,0.418,2,0.53
RL,5692,16.582,0.417,2,0.54
RL,5693,16.613,0.417,2,0.55
RL,5694,16.644,0.417,2,0.56
RL,5695,16.676,0.417,2,0.57
RL,5696,16.707,0.417,2,0.58
RL,5697,16.738,0.416,2,0.59
RL,5698,16.769,0.416,2,0.60
RL,5699,16.800,0.416,2,0.61
RL,5700,16.831,0.416,2,0.62
RL,5701,16.862,0.416,2,0.64
RL,5702,16.892,0.415,2,0.65
RL,5703,16.923,0.415,2,0.66
RL,5704,16.953,0.415,2,0.67
RL,5705,16.984,0.415,2,0.68
RL,5706,17.014,0.415,2,0.69
RL,5707,17.044,0.415,2,0.70
RL,5708,17.074,0.414,2,0.72
RL,5709,17.104,0.414,2,0.73
RL,5710,17.134,0.414,2,0.74
RL,5711,17.163,0.414,2,0.75
RL,5712,17.193,0.414,2,0.76
RL,5713,17.223,0.414,2,0.77
RL,5714,17.252,0.414,2,0.78
RL,5715,17.281,0.414,2,0.80
RL,5716,17.311,0.413,2,0.81
RL,5717,17.340,0.413,2,0.82
RL,5718,17.369,0.413,2,0.83
RL,5719,17.398,0.413,2,0.84
RL,5720,17.427,0.413,2,0.86
RL,5721,17.456,0.413,2,0.87
RL,5722,17.484,0.413,2,0.88
RL,5723,17.513,0.413,2,0.89
RL,5724,17.541,0.413,2,0.90
RL,5725,17.570,0.413,2,0.92
RL,5726,17.598,0.412,2,0.93
RL,5727,17.626,0.412,2,0.94
RL,5728,17.654,0.412,2,0.95
RL,5729,17.682,0.412,2,0.96
RL,5730,17.710,0.412,3,0.98
RL,5731,17.738,0.412,3,0.99
RL,5732,17.766,0.412,3,1.00
RL,5733,17.794,0.412,3,1.01
RL,5734,17.821,0.412,3,1.02
RL,5735,17.849,0.412,3,1.04
RL,5736,17.876,0.412,3,1.05
RL,5737,17.903,0.412,3,1.06
RL,5738,17.931,0.412,3,1.07
RL,5739,17.958,0.412,3,1.09
RL,5740,17.985,0.412,3,1.10
RL,5741,18.012,0.412,3,1.11
RL,5742,18.038,0.412,3,1.13
RL,5743,18.065,0.412,3,1.14
RL,5744,18.092,0.412,3,1.15
RL,5745,18.118,0.412,3,1.17
RL,5746,18.145,0.412,3,1.18
RL,5747,18.171,0.412,3,1.19
RL,5748,18.197,0.412,3,1.20
RL,5749,18.224,0.412,3,1.22
RL,5750,18.250,0.412,3,1.23
RL,5751,18.276,0.412,3,1.24
RL,5752,18.302,0.412,3,1.26
RL,5753,18.328,0.412,3,1.27
RL,5754,18.353,0.412,3,1.29
RL,5755,18.379,0.412,3,1.30
RL,5756,18.405,0.412,3,1.31
RL,5757,18.430,0.412,3,1.33
RL,5758,18.456,0.412,3,1.34
RL,5759,18.481,0.412,3,1.35
RL,5760,18.506,0.412,3,1.37
RL,5761,18.531,0.412,3,1.38
RL,5762,18.556,0.412,3,1.39
RL,5763,18.581,0.412,3,1.41
RL,5764,18.606,0.412,3,1.42
RL,5765,18.631,0.412,3,1.44
RL,5766,18.656,0.412,3,1.45
RL,5767,18.680,0.412,3,1.46
RL,5768,18.705,0.412,3,1.48
RL,5769,18.729,0.412,3,1.49
RL,5770,18.754,0.413,3,1.50
RL,5771,18.778,0.413,3,1.52
RL,5772,18.802,0.413,3,1.53
RL,5773,18.826,0.413,3,1.55
RL,5774,18.850,0.413,3,1.56
RL,5775,18.874,0.413,3,1.57
RL,5776,18.898,0.413,3,1.59
RL,5777,18.922,0.413,3,1.60
RL,5778,18.945,0.413,3,1.61
RL,5779,18.969,0.413,3,1.63
RL,5780,18.993,0.414,3,1.64
RL,5781,19.016,0.414,3,1.66
RL,5782,19.039,0.414,3,1.67
RL,5783,19.063,0.414,3,1.68
RL,5784,19.086,0.414,3,1.70
RL,5785,19.109,0.414,3,1.71
RL,5786,19.132,0.414,3,1.72
RL,5787,19.155,0.415,3,1.74
RL,5788,19.178,0.415,3,1.75
RL,5789,19.201,0.415,3,1.76
RL,5790,19.223,0.415,3,1.78
RL,5791,19.246,0.415,3,1.79
RL,5792,19.268,0.415,3,1.80
RL,5793,19.291,0.415,3,1.82
RL,5794,19.313,0.416,3,1.83
RL,5795,19.336,0.416,3,1.84
RL,5796,19.358,0.416,3,1.86
RL,5797,19.380,0.416,3,1.87
RL,5798,19.402,0.416,3,1.88
RL,5799,19.424,0.416,3,1.89
RL,5800,19.446,0.417,3,1.91
RL,5801,19.468,0.417,3,1.92
RL,5802,19.489,0.417,3,1.93
RL,5803,19.511,0.417,3,1.95
RL,5804,19.533,0.417,3,1.96
RL,5805,19.554,0.418,3,1.97
RL,5806,19.576,0.418,3,1.98
RL,5807,19.597,0.418,3,2.00
RL,5808,19.618,0.418,3,2.01
RL,5809,19.639,0.418,3,2.02
RL,5810,19.660,0.419,3,2.03
RL,5811,19.682,0.419,3,2.04
RL,5812,19.702,0.419,3,2.06
RL,5813,19.723,0.419,3,2.07
RL,5814,19.744,0.420,3,2.08
RL,5815,19.765,0.420,3,2.09
RL,5816,19.786,0.420,3,2.10
RL,5817,19.806,0.420,3,2.11
RL,5818,19.827,0.421,3,2.13
RL,5819,19.847,0.421,3,2.14
RL,5820,19.867,0.421,3,2.15
RL,5821,19.888,0.421,3,2.16
RL,5822,19.908,0.422,3,2.17
RL,5823,19.928,0.422,3,2.18
RL,5824,19.948,0.422,3,2.19
RL,5825,19.968,0.422,3,2.20
RL,5826,19.988,0.423,3,2.21
RL,5827,20.008,0.423,3,2.22
RL,5828,20.027,0.423,3,2.23
RL,5829,20.047,0.424,3,2.24
RL,5830,20.067,0.424,3,2.25
RL,5831,20.086,0.424,3,2.26
RL,5832,20.106,0.424,3,2.27
RL,5833,20.125,0.425,3,2.28
RL,5834,20.144,0.425,3,2.29
RL,5835,20.164,0.425,3,2.30
RL,5836,20.183,0.426,3,2.31
RL,5837,20.202,0.426,3,2.32
RL,5838,20.221,0.426,3,2.33
RL,5839,20.240,0.427,3,2.34
RL,5840,20.259,0.427,3,2.35
RL,5841,20.277,0.427,3,2.36
RL,5842,20.296,0.428,3,2.37
RL,5843,20.315,0.428,3,2.38
RL,5844,20.333,0.428,3,2.39
RL,5845,20.352,0.429,3,2.39
RL,5846,20.370,0.429,3,2.40
RL,5847,20.389,0.429,3,2.41
RL,5848,20.407,0.430,3,2.42
RL,5849,20.425,0.430,3,2.43
RL,5850,20.444,0.430,3,2.44
RL,5851,20.462,0.431,3,2.45
RL,5852,20.480,0.431,3,2.46
RL,5853,20.498,0.431,3,2.46
RL,5854,20.516,0.432,3,2.47
RL,5855,20.533,0.432,3,2.48
RL,5856,20.551,0.432,3,2.49
RL,5857,20.569,0.433,3,2.50
RL,5858,20.586,0.433,3,2.50
RL,5859,20.604,0.434,3,2.51
RL,5860,20.621,0.434,3,2.52
RL,5861,20.639,0.434,3,2.53
RL,5862,20.656,0.435,3,2.54
RL,5863,20.673,0.435,3,2.54
RL,5864,20.691,0.436,3,2.55
RL,5865,20.708,0.436,3,2.56
RL,5866,20.725,0.436,3,2.57
RL,5867,20.742,0.437,3,2.57
RL,5868,20.759,0.437,3,2.58
RL,5869,20.776,0.438,3,2.59
RL,5870,20.793,0.438,3,2.59
RL,5871,20.809,0.438,3,2.60
RL,5872,20.826,0.439,3,2.61
RL,5873,20.843,0.439,3,2.61
RL,5874,20.859,0.440,3,2.62
RL,5875,20.876,0.440,3,2.63
RL,5876,20.892,0.440,3,2.63
RL,5877,20.908,0.441,3,2.64
RL,5878,20.925,0.441,3,2.65
RL,5879,20.941,0.442,3,2.65
RL,5880,20.957,0.442,3,2.66
RL,5881,20.973,0.443,3,2.66
RL,5882,20.989,0.443,3,2.67
RL,5883,21.005,0.444,3,2.68
RL,5884,21.021,0.444,3,2.68
RL,5885,21.037,0.444,3,2.69
RL,5886,21.053,0.445,3,2.69
RL,5887,21.069,0.445,3,2.70
RL,5888,21.084,0.446,3,2.71
RL,5889,21.100,0.446,3,2.71
RL,5890,21.115,0.447,3,2.72
RL,5891,21.131,0.447,3,2.72
RL,5892,21.146,0.448,3,2.73
RL,5893,21.162,0.448,3,2.73
RL,5894,21.177,0.449,3,2.74
RL,5895,21.192,0.449,3,2.75
RL,5896,21.207,0.450,3,2.75
RL,5897,21.222,0.450,3,2.76
RL,5898,21.237,0.451,3,2.76
RL,5899,21.252,0.451,3,2.77
RL,5900,21.267,0.452,3,2.77
RL,5901,21.282,0.452,3,2.78
RL,5902,21.297,0.453,3,2.78
RL,5903,21.312,0.453,3,2.79
RL,5904,21.327,0.454,3,2.79
RL,5905,21.341,0.454,3,2.80
RL,5906,21.356,0.455,3,2.80
RL,5907,21.370,0.455,3,2.81
RL,5908,21.385,0.456,3,2.81
RL,5909,21.399,0.456,3,2.82
RL,5910,21.413,0.457,3,2.82
RL,5911,21.428,0.457,3,2.83
RL,5912,21.442,0.458,3,2.83
RL,5913,21.456,0.459,3,2.84
RL,5914,21.470,0.459,3,2.84
RL,5915,21.484,0.460,3,2.85
RL,5916,21.498,0.460,3,2.85
RL,5917,21.512,0.461,3,2.85
RL,5918,21.526,0.461,3,2.86
RL,5919,21.540,0.462,3,2.86
RL,5920,21.554,0.462,3,2.87
RL,5921,21.567,0.463,3,2.87
RL,5922,21.581,0.463,3,2.88
RL,5923,21.595,0.464,3,2.88
RL,5924,21.608,0.465,3,2.88
RL,5925,21.622,0.465,3,2.89
RL,5926,21.635,0.466,3,2.89
RL,5927,21.649,0.466,3,2.90
RL,5928,21.662,0.467,3,2.90
RL,5929,21.675,0.468,3,2.90
RL,5930,21.688,0.468,3,2.91
RL,5931,21.702,0.469,3,2.91
RL,5932,21.715,0.469,3,2.91
RL,5933,21.728,0.470,3,2.92
RL,5934,21.741,0.470,3,2.92
RL,5935,21.754,0.471,3,2.92
RL,5936,21.767,0.472,3,2.93
RL,5937,21.780,0.472,3,2.93
RL,5938,21.792,0.473,3,2.93
RL,5939,21.805,0.473,3,2.94
RL,5940,21.818,0.474,3,2.94
RL,5941,21.830,0.475,3,2.94
RL,5942,21.843,0.475,3,2.95
RL,5943,21.856,0.476,3,2.95
RL,5944,21.868,0.477,3,2.95
RL,5945,21.881,0.477,3,2.95
RL,5946,21.893,0.478,3,2.96
RL,5947,21.905,0.478,3,2.96
RL,5948,21.918,0.479,3,2.96
RL,5949,21.930,0.480,3,2.96
RL,5950,21.942,0.480,3,2.97
RL,5951,21.954,0.481,3,2.97
RL,5952,21.966,0.482,3,2.97
RL,5953,21.978,0.482,3,2.97
RL,5954,21.990,0.483,3,2.98
RL,5955,22.002,0.484,3,2.98
RL,5956,22.014,0.484,3,2.98
RL,5957,22.026,0.485,3,2.98
RL,5958,22.038,0.486,3,2.98
RL,5959,22.049,0.486,3,2.98
RL,5960,22.061,0.487,3,2.99
RL,5961,22.073,0.488,3,2.99
RL,5962,22.084,0.488,3,2.99
RL,5963,22.096,0.489,3,2.99
RL,5964,22.107,0.490,3,2.99
RL,5965,22.119,0.490,3,2.99
RL,5966,22.130,0.491,3,2.99
RL,5967,22.142,0.492,3,2.99
RL,5968,22.153,0.492,3,3.00
RL,5969,22.164,0.493,3,3.00
RL,5970,22.175,0.494,3,3.00
RL,5971,22.187,0.494,3,3.00
RL,5972,22.198,0.495,3,3.00
RL,5973,22.209,0.496,3,3.00
RL,5974,22.220,0.496,3,3.00
RL,5975,22.231,0.497,3,3.00
RL,5976,22.242,0.498,3,3.00
RL,5977,22.253,0.499,3,3.00
RL,5978,22.264,0.499,3,3.00
RL,5979,22.274,0.500,3,3.00
RL,5980,22.285,0.501,3,3.00
RL,5981,22.296,0.501,3,3.00
RL,5982,22.307,0.502,3,3.00
RL,5983,22.317,0.503,3,3.00
RL,5984,22.328,0.504,3,3.00
RL,5985,22.338,0.504,3,3.00
RL,5986,22.349,0.505,3,3.00
RL,5987,22.359,0.506,3,3.00
RL,5988,22.370,0.507,3,3.00
RL,5989,22.380,0.507,3,3.00
RL,5990,22.391,0.508,3,3.00
RL,5991,22.401,0.509,3,3.00
RL,5992,22.411,0.509,3,3.00
RL,5993,22.421,0.510,3,3.00
RL,5994,22.431,0.511,3,3.00
RL,5995,22.442,0.512,3,3.00
RL,5996,22.452,0.512,3,3.00
RL,5997,22.462,0.513,3,3.00
RL,5998,22.472,0.514,3,3.00
RL,5999,22.482,0.515,3,3.00
RL,6000,22.492,0.516,3,3.00
RL,6001,22.502,0.516,3,3.00
RL,6002,22.511,0.517,3,3.00
RL,6003,22.521,0.518,3,3.00
RL,6004,22.531,0.519,3,3.00
RL,6005,22.541,0.519,3,3.00
RL,6006,22.550,0.520,3,3.00
RL,6007,22.560,0.521,3,3.00
RL,6008,22.570,0.522,3,3.00
RL,6009,22.579,0.522,3,3.00
RL,6010,22.589,0.523,3,3.00
RL,6011,22.598,0.524,3,3.00
RL,6012,22.608,0.525,3,3.00
RL,6013,22.617,0.526,3,3.00
RL,6014,22.627,0.526,3,3.00
RL,6015,22.636,0.527,3,3.00
RL,6016,22.645,0.528,3,3.00
RL,6017,22.654,0.529,3,3.00
RL,6018,22.664,0.530,3,3.00
RL,6019,22.673,0.530,3,3.00
RL,6020,22.682,0.531,3,3.00
RL,6021,22.691,0.532,3,3.00
RL,6022,22.700,0.533,3,3.00
RL,6023,22.709,0.534,3,3.00
RL,6024,22.718,0.535,3,3.00
RL,6025,22.727,0.535,3,3.00
RL,6026,22.736,0.536,3,3.00
RL,6027,22.745,0.537,3,3.00
RL,6028,22.754,0.538,3,3.00
RL,6029,22.763,0.539,3,3.00
RL,6030,22.772,0.539,3,3.00
RL,6031,22.781,0.540,3,3.00
RL,6032,22.789,0.541,3,3.00
RL,6033,22.798,0.542,3,3.00
RL,6034,22.807,0.543,3,3.00
RL,6035,22.815,0.544,3,3.00
RL,6036,22.824,0.544,3,3.00
RL,6037,22.832,0.545,3,3.00
RL,6038,22.841,0.546,3,3.00
RL,6039,22.850,0.547,3,3.00
RL,6040,22.858,0.548,3,3.00
RL,6041,22.866,0.549,3,3.00
RL,6042,22.875,0.550,3,3.00
RL,6043,22.883,0.550,3,3.00
RL,6044,22.892,0.551,3,3.00
RL,6045,22.900,0.552,3,3.00
RL,6046,22.908,0.553,3,3.00
RL,6047,22.916,0.554,3,3.00
RL,6048,22.925,0.555,3,3.00
RL,6049,22.933,0.556,3,3.00
RL,6050,22.941,0.557,3,3.00
RL,6051,22.949,0.557,3,3.00
RL,6052,22.957,0.558,3,3.00
RL,6053,22.965,0.559,3,3.00
RL,6054,22.973,0.560,3,3.00
RL,6055,22.981,0.561,3,3.00
RL,6056,22.989,0.562,3,3.00
RL,6057,22.997,0.563,3,3.00
RL,6058,23.005,0.564,3,3.00
RL,6059,23.013,0.564,3,3.00
RL,6060,23.021,0.565,3,3.00
RL,6061,23.029,0.566,3,3.00
RL,6062,23.037,0.567,3,3.00
RL,6063,23.044,0.568,3,3.00
RL,6064,23.052,0.569,3,3.00
RL,6065,23.060,0.570,3,3.00
RL,6066,23.068,0.571,3,3.00
RL,6067,23.075,0.572,3,3.00
RL,6068,23.083,0.573,3,3.00
RL,6069,23.091,0.573,3,3.00
RL,6070,23.098,0.574,3,3.00
RL,6071,23.106,0.575,3,3.00
RL,6072,23.113,0.576,3,3.00
RL,6073,23.121,0.577,3,3.00
RL,6074,23.128,0.578,3,3.00
RL,6075,23.136,0.579,3,3.00
RL,6076,23.143,0.580,3,3.00
RL,6077,23.151,0.581,3,3.00
RL,6078,23.158,0.582,3,3.00
RL,6079,23.165,0.583,3,3.00
RL,6080,23.173,0.584,3,3.00
RL,6081,23.180,0.585,3,3.00
RL,6082,23.187,0.585,3,3.00
RL,6083,23.195,0.586,3,3.00
RL,6084,23.202,0.587,3,3.00
RL,6085,23.209,0.588,3,3.00
RL,6086,23.216,0.589,3,3.00
RL,6087,23.223,0.590,3,3.00
RL,6088,23.231,0.591,3,3.00
RL,6089,23.238,0.592,3,3.00
RL,6090,23.245,0.593,3,3.00
RL,6091,23.252,0.594,3,3.00
RL,6092,23.259,0.595,3,3.00
RL,6093,23.266,0.596,3,3.00
RL,6094,23.273,0.597,3,3.00
RL,6095,23.280,0.598,3,3.00
RL,6096,23.287,0.599,3,3.00
RL,6097,23.294,0.600,3,3.00
RL,6098,23.301,0.601,3,3.00
RL,6099,23.308,0.602,3,3.00
RL,6100,23.315,0.603,3,3.00
RL,6101,23.322,0.604,3,3.00
RL,6102,23.328,0.605,3,3.00
RL,6103,23.335,0.606,3,3.00
RL,6104,23.342,0.607,3,3.00
RL,6105,23.349,0.607,3,3.00
RL,6106,23.356,0.608,3,3.00
RL,6107,23.362,0.609,3,3.00
RL,6108,23.369,0.610,3,3.00
RL,6109,23.376,0.611,3,3.00
RL,6110,23.382,0.612,3,3.00
RL,6111,23.389,0.613,3,3.00
RL,6112,23.396,0.614,3,3.00
RL,6113,23.402,0.615,3,3.00
RL,6114,23.409,0.616,3,3.00
RL,6115,23.416,0.617,3,3.00
RL,6116,23.422,0.618,3,3.00
RL,6117,23.429,0.619,3,3.00
RL,6118,23.435,0.620,3,3.00
RL,6119,23.442,0.621,3,3.00
RL,6120,23.448,0.622,3,3.00
RL,6121,23.455,0.623,3,3.00
RL,6122,23.461,0.624,3,3.00
RL,6123,23.468,0.625,3,3.00
RL,6124,23.474,0.626,3,3.00
RL,6125,23.481,0.627,3,3.00
RL,6126,23.487,0.628,3,3.00
RL,6127,23.494,0.629,3,3.00
RL,6128,23.500,0.630,3,3.00
RL,6129,23.506,0.631,3,3.00
RL,6130,23.513,0.632,3,3.00
RL,6131,23.519,0.634,3,3.00
RL,6132,23.525,0.635,3,3.00
RL,6133,23.532,0.636,3,3.00
RL,6134,23.538,0.637,3,3.00
RL,6135,23.544,0.638,3,3.00
RL,6136,23.550,0.639,3,3.00
RL,6137,23.557,0.640,3,3.00
RL,6138,23.563,0.641,3,3.00
RL,6139,23.569,0.642,3,3.00
RL,6140,23.575,0.643,3,3.00
RL,6141,23.582,0.644,3,3.00
RL,6142,23.588,0.645,3,3.00
RL,6143,23.594,0.646,3,3.00
RL,6144,23.600,0.647,3,3.00
RL,6145,23.606,0.648,3,3.00
RL,6146,23.612,0.649,3,3.00
RL,6147,23.619,0.650,3,3.00
RL,6148,23.625,0.651,3,3.00
RL,6149,23.631,0.652,3,3.00
RL,6150,23.637,0.653,3,3.00
RL,6151,23.643,0.654,3,3.00
RL,6152,23.649,0.655,3,3.00
RL,6153,23.655,0.656,3,3.00
RL,6154,23.661,0.657,3,3.00
RL,6155,23.667,0.658,3,3.00
RL,6156,23.673,0.660,3,3.00
RL,6157,23.679,0.661,3,3.00
RL,6158,23.685,0.662,3,3.00
RL,6159,23.691,0.663,3,3.00
RL,6160,23.697,0.664,3,3.00
RL,6161,23.703,0.665,3,3.00
RL,6162,23.709,0.666,3,3.00
RL,6163,23.715,0.667,3,3.00
RL,6164,23.721,0.668,3,3.00
RL,6165,23.727,0.669,3,3.00
RL,6166,23.733,0.670,3,3.00
RL,6167,23.739,0.671,3,3.00
RL,6168,23.745,0.672,3,3.00
RL,6169,23.751,0.673,3,3.00
RL,6170,23.757,0.675,3,3.00
RL,6171,23.763,0.676,3,3.00
RL,6172,23.769,0.677,3,3.00
RL,6173,23.775,0.678,3,3.00
RL,6174,23.781,0.679,3,3.00
RL,6175,23.787,0.680,3,3.00
RL,6176,23.792,0.681,3,3.00
RL,6177,23.798,0.682,3,3.00
RL,6178,23.804,0.683,3,3.00
RL,6179,23.810,0.684,3,3.00
RL,6180,23.816,0.685,3,3.00
RL,6181,23.822,0.687,3,3.00
RL,6182,23.828,0.688,3,3.00
RL,6183,23.833,0.689,3,3.00
RL,6184,23.839,0.690,3,3.00
RL,6185,23.845,0.691,3,3.00
RL,6186,23.851,0.692,3,3.00
RL,6187,23.857,0.693,3,3.00
RL,6188,23.863,0.694,3,3.00
RL,6189,23.869,0.695,3,3.00
RL,6190,23.874,0.696,3,3.00
RL,6191,23.880,0.698,3,3.00
RL,6192,23.886,0.699,3,3.00
RL,6193,23.892,0.700,3,3.00
RL,6194,23.898,0.701,3,3.00
RL,6195,23.903,0.702,3,3.00
RL,6196,23.909,0.703,3,3.00
RL,6197,23.915,0.704,3,3.00
RL,6198,23.921,0.705,3,3.00
RL,6199,23.927,0.706,3,3.00
RL,6200,23.932,0.708,3,3.00
RL,6201,23.938,0.709,3,3.00
RL,6202,23.944,0.710,3,3.00
RL,6203,23.950,0.711,3,3.00
RL,6204,23.956,0.712,3,3.00
RL,6205,23.961,0.713,3,3.00
RL,6206,23.967,0.714,3,3.00
RL,6207,23.973,0.715,3,3.00
RL,6208,23.979,0.717,3,3.00
RL,6209,23.985,0.718,3,3.00
RL,6210,23.990,0.719,3,3.00
RL,6211,23.996,0.720,3,3.00
RL,6212,24.002,0.721,3,3.00
RL,6213,24.008,0.722,3,3.00
RL,6214,24.014,0.723,3,3.00
RL,6215,24.019,0.725,3,3.00
RL,6216,24.025,0.726,3,3.00
RL,6217,24.031,0.727,3,3.00
RL,6218,24.037,0.728,3,3.00
RL,6219,24.042,0.729,3,3.00
RL,6220,24.048,0.730,3,3.00
RL,6221,24.054,0.731,3,3.00
RL,6222,24.060,0.733,3,3.00
RL,6223,24.065,0.734,3,3.00
RL,6224,24.071,0.735,3,3.00
RL,6225,24.077,0.736,3,3.00
RL,6226,24.083,0.737,3,3.00
RL,6227,24.089,0.738,3,3.00
RL,6228,24.094,0.739,3,3.00
RL,6229,24.100,0.741,3,3.00
RL,6230,24.106,0.742,3,3.00
RL,6231,24.112,0.743,3,3.00
RL,6232,24.117,0.744,3,3.00
RL,6233,24.123,0.745,3,3.00
RL,6234,24.129,0.746,3,3.00
RL,6235,24.135,0.748,3,3.00
RL,6236,24.140,0.749,3,3.00
RL,6237,24.146,0.750,3,3.00
RL,6238,24.152,0.751,3,3.00
RL,6239,24.157,0.752,3,3.00
RL,6240,24.163,0.753,3,3.00
RL,6241,24.169,0.754,3,3.00
RL,6242,24.175,0.756,3,3.00
RL,6243,24.180,0.757,3,3.00
RL,6244,24.186,0.758,3,3.00
RL,6245,24.192,0.759,3,3.00
RL,6246,24.198,0.760,3,3.00
RL,6247,24.203,0.762,3,3.00
RL,6248,24.209,0.763,3,3.00
RL,6249,24.215,0.764,3,3.00
RL,6250,24.220,0.765,3,3.00
RL,6251,24.226,0.766,3,3.00
RL,6252,24.232,0.767,3,3.00
RL,6253,24.238,0.769,3,3.00
RL,6254,24.243,0.770,3,3.00
RL,6255,24.249,0.771,3,3.00
RL,6256,24.255,0.772,3,3.00
RL,6257,24.260,0.773,3,3.00
RL,6258,24.266,0.774,3,3.00
RL,6259,24.272,0.776,3,3.00
RL,6260,24.277,0.777,3,3.00
RL,6261,24.283,0.778,3,3.00
RL,6262,24.289,0.779,3,3.00
RL,6263,24.295,0.780,3,3.00
RL,6264,24.300,0.782,3,3.00
RL,6265,24.306,0.783,3,3.00
RL,6266,24.312,0.784,3,3.00
RL,6267,24.317,0.785,3,3.00
RL,6268,24.323,0.786,3,3.00
RL,6269,24.329,0.788,3,3.00
RL,6270,24.334,0.789,3,3.00
RL,6271,24.340,0.790,3,3.00
RL,6272,24.346,0.791,3,3.00
RL,6273,24.351,0.792,3,3.00
RL,6274,24.357,0.794,3,3.00
RL,6275,24.363,0.795,3,3.00
RL,6276,24.368,0.796,3,3.00
RL,6277,24.374,0.797,3,3.00
RL,6278,24.380,0.798,3,3.00
RL,6279,24.385,0.800,4,3.00
RL,6280,24.391,0.801,4,3.00
RL,6281,24.397,0.802,4,3.00
RL,6282,24.402,0.803,4,3.00
RL,6283,24.408,0.804,4,3.00
RL,6284,24.414,0.806,4,3.00
RL,6285,24.419,0.807,4,3.00
RL,6286,24.425,0.808,4,3.00
RL,6287,24.431,0.809,4,3.00
RL,6288,24.436,0.810,4,3.00
RL,6289,24.442,0.812,4,3.00
RL,6290,24.448,0.813,4,3.01
RL,6291,24.453,0.814,4,3.01
RL,6292,24.459,0.815,4,3.01
RL,6293,24.465,0.816,4,3.01
RL,6294,24.470,0.818,4,3.01
RL,6295,24.476,0.819,4,3.01
RL,6296,24.481,0.820,4,3.01
RL,6297,24.487,0.821,4,3.01
RL,6298,24.493,0.822,4,3.02
RL,6299,24.498,0.824,4,3.02
RL,6300,24.504,0.825,4,3.02
RL,6301,24.510,0.826,4,3.02
RL,6302,24.515,0.827,4,3.02
RL,6303,24.521,0.829,4,3.02
RL,6304,24.527,0.830,4,3.03
RL,6305,24.532,0.831,4,3.03
RL,6306,24.538,0.832,4,3.03
RL,6307,24.543,0.833,4,3.03
RL,6308,24.549,0.835,4,3.03
RL,6309,24.555,0.836,4,3.04
RL,6310,24.560,0.837,4,3.04
RL,6311,24.566,0.838,4,3.04
RL,6312,24.571,0.840,4,3.04
RL,6313,24.577,0.841,4,3.05
RL,6314,24.583,0.842,4,3.05
RL,6315,24.588,0.843,4,3.05
RL,6316,24.594,0.844,4,3.05
RL,6317,24.600,0.846,4,3.06
RL,6318,24.605,0.847,4,3.06
RL,6319,24.611,0.848,4,3.06
RL,6320,24.616,0.849,4,3.07
RL,6321,24.622,0.851,4,3.07
RL,6322,24.627,0.852,4,3.07
RL,6323,24.633,0.853,4,3.08
RL,6324,24.639,0.854,4,3.08
RL,6325,24.644,0.856,4,3.08
RL,6326,24.650,0.857,4,3.09
RL,6327,24.655,0.858,4,3.09
RL,6328,24.661,0.859,4,3.09
RL,6329,24.667,0.860,4,3.10
RL,6330,24.672,0.862,4,3.10
RL,6331,24.678,0.863,4,3.11
RL,6332,24.683,0.864,4,3.11
RL,6333,24.689,0.865,4,3.11
RL,6334,24.695,0.867,4,3.12
RL,6335,24.700,0.868,4,3.12
RL,6336,24.706,0.869,4,3.13
RL,6337,24.711,0.870,4,3.13
RL,6338,24.717,0.872,4,3.13
RL,6339,24.722,0.873,4,3.14
RL,6340,24.728,0.874,4,3.14
RL,6341,24.733,0.875,4,3.15
RL,6342,24.739,0.877,4,3.15
RL,6343,24.745,0.878,4,3.16
RL,6344,24.750,0.879,4,3.16
RL,6345,24.756,0.880,4,3.16
RL,6346,24.761,0.882,4,3.17
RL,6347,24.767,0.883,4,3.17
RL,6348,24.772,0.884,4,3.18
RL,6349,24.778,0.885,4,3.18
RL,6350,24.783,0.886,4,3.19
RL,6351,24.789,0.888,4,3.19
RL,6352,24.795,0.889,4,3.20
RL,6353,24.800,0.890,4,3.20
RL,6354,24.806,0.891,4,3.21
RL,6355,24.811,0.893,4,3.21
RL,6356,24.817,0.894,4,3.22
RL,6357,24.822,0.895,4,3.22
RL,6358,24.828,0.896,4,3.23
RL,6359,24.833,0.898,4,3.23
RL,6360,24.839,0.899,4,3.24
RL,6361,24.844,0.900,4,3.25
RL,6362,24.850,0.901,4,3.25
RL,6363,24.856,0.903,4,3.26
RL,6364,24.861,0.904,4,3.26
RL,6365,24.867,0.905,4,3.27
RL,6366,24.872,0.906,4,3.27
RL,6367,24.878,0.908,4,3.28
RL,6368,24.883,0.909,4,3.28
RL,6369,24.889,0.910,4,3.29
RL,6370,24.894,0.911,4,3.30
RL,6371,24.900,0.913,4,3.30
RL,6372,24.905,0.914,4,3.31
RL,6373,24.911,0.915,4,3.31
RL,6374,24.916,0.916,4,3.32
RL,6375,24.922,0.918,4,3.32
RL,6376,24.927,0.919,4,3.33
RL,6377,24.933,0.920,4,3.34
RL,6378,24.938,0.921,4,3.34
RL,6379,24.944,0.923,4,3.35
RL,6380,24.949,0.924,4,3.35
RL,6381,24.955,0.925,4,3.36
RL,6382,24.960,0.926,4,3.37
RL,6383,24.966,0.928,4,3.37
RL,6384,24.971,0.929,4,3.38
RL,6385,24.977,0.930,4,3.39
RL,6386,24.982,0.931,4,3.39
RL,6387,24.988,0.933,4,3.40
RL,6388,24.993,0.934,4,3.40
RL,6389,24.999,0.935,4,3.41
RL,6390,25.004,0.936,4,3.42
RL,6391,25.010,0.938,4,3.42
RL,6392,25.015,0.939,4,3.43
RL,6393,25.021,0.940,4,3.43
RL,6394,25.026,0.941,4,3.44
RL,6395,25.032,0.943,4,3.45
RL,6396,25.037,0.944,4,3.45
RL,6397,25.043,0.945,4,3.46
RL,6398,25.048,0.946,4,3.47
RL,6399,25.054,0.948,4,3.47
RL,6400,25.059,0.949,4,3.48
RL,6401,25.065,0.950,4,3.48
RL,6402,25.070,0.951,4,3.49
RL,6403,25.075,0.953,4,3.50
RL,6404,25.081,0.954,4,3.50
RL,6405,25.086,0.955,4,3.51
RL,6406,25.092,0.956,4,3.52
RL,6407,25.097,0.958,4,3.52
RL,6408,25.103,0.959,4,3.53
RL,6409,25.108,0.960,4,3.53
RL,6410,25.114,0.961,4,3.54
RL,6411,25.119,0.962,4,3.55
RL,6412,25.125,0.964,4,3.55
RL,6413,25.130,0.965,4,3.56
RL,6414,25.136,0.966,4,3.57
RL,6415,25.141,0.967,4,3.57
RL,6416,25.146,0.969,4,3.58
RL,6417,25.152,0.970,4,3.58
RL,6418,25.157,0.971,4,3.59
RL,6419,25.163,0.972,4,3.60
RL,6420,25.168,0.974,4,3.60
RL,6421,25.174,0.975,4,3.61
RL,6422,25.179,0.976,4,3.62
RL,6423,25.185,0.977,4,3.62
RL,6424,25.190,0.979,4,3.63
RL,6425,25.195,0.980,4,3.63
RL,6426,25.201,0.981,4,3.64
RL,6427,25.206,0.982,4,3.65
RL,6428,25.212,0.984,4,3.65
RL,6429,25.217,0.985,4,3.66
RL,6430,25.223,0.986,4,3.66
RL,6431,25.228,0.987,4,3.67
RL,6432,25.233,0.989,4,3.68
RL,6433,25.239,0.990,4,3.68
RL,6434,25.244,0.991,4,3.69
RL,6435,25.250,0.992,4,3.69
RL,6436,25.255,0.993,4,3.70
RL,6437,25.261,0.995,4,3.70
RL,6438,25.266,0.996,4,3.71
RL,6439,25.271,0.997,4,3.72
RL,6440,25.277,0.998,4,3.72
RL,6441,25.282,1.000,4,3.73
RL,6442,25.288,1.001,4,3.73
RL,6443,25.293,1.002,4,3.74
RL,6444,25.298,1.003,4,3.74
RL,6445,25.304,1.005,4,3.75
RL,6446,25.309,1.006,4,3.75
RL,6447,25.315,1.007,4,3.76
RL,6448,25.320,1.008,4,3.77
RL,6449,25.325,1.009,4,3.77
RL,6450,25.331,1.011,4,3.78
RL,6451,25.336,1.012,4,3.78
RL,6452,25.342,1.013,4,3.79
RL,6453,25.347,1.014,4,3.79
RL,6454,25.352,1.016,4,3.80
RL,6455,25.358,1.017,4,3.80
RL,6456,25.363,1.018,4,3.81
RL,6457,25.369,1.019,4,3.81
RL,6458,25.374,1.020,4,3.82
RL,6459,25.379,1.022,4,3.82
RL,6460,25.385,1.023,4,3.83
RL,6461,25.390,1.024,4,3.83
RL,6462,25.396,1.025,4,3.84
RL,6463,25.401,1.027,4,3.84
RL,6464,25.406,1.028,4,3.84
RL,6465,25.412,1.029,4,3.85
RL,6466,25.417,1.030,4,3.85
RL,6467,25.423,1.031,4,3.86
RL,6468,25.428,1.033,4,3.86
RL,6469,25.433,1.034,4,3.87
RL,6470,25.439,1.035,4,3.87
RL,6471,25.444,1.036,4,3.88
RL,6472,25.449,1.037,5,3.88
RL,6473,25.455,1.039,5,3.88
RL,6474,25.460,1.040,5,3.89
RL,6475,25.465,1.041,5,3.89
RL,6476,25.471,1.042,5,3.90
RL,6477,25.476,1.043,5,3.90
RL,6478,25.482,1.045,5,3.90
RL,6479,25.487,1.046,5,3.91
RL,6480,25.492,1.047,5,3.91
RL,6481,25.498,1.048,5,3.92
RL,6482,25.503,1.049,5,3.92
RL,6483,25.508,1.051,5,3.93
RL,6484,25.514,1.052,5,3.93
RL,6485,25.519,1.053,5,3.93
RL,6486,25.524,1.054,5,3.94
RL,6487,25.530,1.055,5,3.94
RL,6488,25.535,1.057,5,3.95
RL,6489,25.541,1.058,5,3.95
RL,6490,25.546,1.059,5,3.96
RL,6491,25.551,1.060,5,3.96
RL,6492,25.557,1.061,5,3.96
RL,6493,25.562,1.063,5,3.97
RL,6494,25.567,1.064,5,3.97
RL,6495,25.573,1.065,5,3.98
RL,6496,25.578,1.066,5,3.98
RL,6497,25.583,1.067,5,3.99
RL,6498,25.589,1.068,5,3.99
RL,6499,25.594,1.070,5,4.00
RL,6500,25.599,1.071,5,4.00
RL,6501,25.605,1.072,5,4.00
RL,6502,25.610,1.073,5,4.01
RL,6503,25.615,1.074,5,4.01
RL,6504,25.621,1.076,5,4.02
RL,6505,25.626,1.077,5,4.02
RL,6506,25.631,1.078,5,4.03
RL,6507,25.637,1.079,5,4.03
RL,6508,25.642,1.080,5,4.04
RL,6509,25.647,1.081,5,4.04
RL,6510,25.653,1.083,5,4.04
RL,6511,25.658,1.084,5,4.05
RL,6512,25.663,1.085,5,4.05
RL,6513,25.668,1.086,5,4.06
RL,6514,25.674,1.087,5,4.06
RL,6515,25.679,1.088,5,4.07
RL,6516,25.684,1.090,5,4.07
RL,6517,25.690,1.091,5,4.07
RL,6518,25.695,1.092,5,4.08
RL,6519,25.700,1.093,5,4.08
RL,6520,25.706,1.094,5,4.09
RL,6521,25.711,1.095,5,4.09
RL,6522,25.716,1.097,5,4.10
RL,6523,25.722,1.098,5,4.10
RL,6524,25.727,1.099,5,4.10
RL,6525,25.732,1.100,5,4.11
RL,6526,25.738,1.101,5,4.11
RL,6527,25.743,1.102,5,4.12
RL,6528,25.748,1.103,5,4.12
RL,6529,25.753,1.105,5,4.12
RL,6530,25.759,1.106,5,4.13
RL,6531,25.764,1.107,5,4.13
RL,6532,25.769,1.108,5,4.14
RL,6533,25.775,1.109,5,4.14
RL,6534,25.780,1.110,5,4.15
RL,6535,25.785,1.111,5,4.15
RL,6536,25.790,1.113,5,4.16
RL,6537,25.796,1.114,5,4.16
RL,6538,25.801,1.115,5,4.16
RL,6539,25.806,1.116,5,4.17
RL,6540,25.812,1.117,5,4.17
RL,6541,25.817,1.118,5,4.18
RL,6542,25.822,1.119,5,4.18
RL,6543,25.827,1.120,5,4.19
RL,6544,25.833,1.122,5,4.19
RL,6545,25.838,1.123,5,4.20
RL,6546,25.843,1.124,5,4.20
RL,6547,25.849,1.125,5,4.21
RL,6548,25.854,1.126,5,4.21
RL,6549,25.859,1.127,5,4.22
RL,6550,25.864,1.128,5,4.22
RL,6551,25.870,1.129,5,4.23
RL,6552,25.875,1.130,5,4.23
RL,6553,25.880,1.132,5,4.24
RL,6554,25.885,1.133,5,4.25
RL,6555,25.891,1.134,5,4.25
RL,6556,25.896,1.135,5,4.26
RL,6557,25.901,1.136,5,4.26
RL,6558,25.906,1.137,5,4.27
RL,6559,25.912,1.138,5,4.27
RL,6560,25.917,1.139,5,4.28
RL,6561,25.922,1.140,5,4.28
RL,6562,25.928,1.141,5,4.29
RL,6563,25.933,1.143,5,4.30
RL,6564,25.938,1.144,5,4.30
RL,6565,25.943,1.145,5,4.31
RL,6566,25.949,1.146,5,4.31
RL,6567,25.954,1.147,5,4.32
RL,6568,25.959,1.148,5,4.32
RL,6569,25.964,1.149,5,4.33
RL,6570,25.970,1.150,5,4.34
RL,6571,25.975,1.151,5,4.34
RL,6572,25.980,1.152,5,4.35
RL,6573,25.985,1.153,5,4.35
RL,6574,25.991,1.154,5,4.36
RL,6575,25.996,1.155,5,4.37
RL,6576,26.001,1.157,5,4.37
RL,6577,26.006,1.158,6,4.38
RL,6578,26.011,1.159,6,4.38
RL,6579,26.017,1.160,6,4.39
RL,6580,26.022,1.161,6,4.40
RL,6581,26.027,1.162,6,4.40
RL,6582,26.032,1.163,6,4.41
RL,6583,26.038,1.164,6,4.42
RL,6584,26.043,1.165,6,4.42
RL,6585,26.048,1.166,6,4.43
RL,6586,26.053,1.167,6,4.44
RL,6587,26.059,1.168,6,4.44
RL,6588,26.064,1.169,6,4.45
RL,6589,26.069,1.170,6,4.46
RL,6590,26.074,1.171,6,4.47
RL,6591,26.079,1.172,6,4.47
RL,6592,26.085,1.173,6,4.48
RL,6593,26.090,1.174,6,4.49
RL,6594,26.095,1.175,6,4.50
RL,6595,26.100,1.176,6,4.50
RL,6596,26.106,1.177,6,4.51
RL,6597,26.111,1.178,6,4.52
RL,6598,26.116,1.180,6,4.53
RL,6599,26.121,1.181,6,4.54
RL,6600,26.126,1.182,6,4.54
RL,6601,26.132,1.183,6,4.55
RL,6602,26.137,1.184,6,4.56
RL,6603,26.142,1.185,6,4.57
RL,6604,26.147,1.186,6,4.58
RL,6605,26.152,1.187,6,4.59
RL,6606,26.158,1.188,6,4.59
RL,6607,26.163,1.189,6,4.60
RL,6608,26.168,1.190,6,4.61
RL,6609,26.173,1.191,6,4.62
RL,6610,26.178,1.192,6,4.63
RL,6611,26.184,1.193,6,4.64
RL,6612,26.189,1.194,6,4.65
RL,6613,26.194,1.195,6,4.65
RL,6614,26.199,1.196,6,4.66
RL,6615,26.204,1.197,6,4.67
RL,6616,26.210,1.198,6,4.68
RL,6617,26.215,1.199,6,4.69
RL,6618,26.220,1.200,6,4.70
RL,6619,26.225,1.201,6,4.71
RL,6620,26.230,1.201,6,4.72
RL,6621,26.236,1.202,6,4.73
RL,6622,26.241,1.203,6,4.74
RL,6623,26.246,1.204,6,4.75
RL,6624,26.251,1.205,6,4.76
RL,6625,26.256,1.206,6,4.77
RL,6626,26.262,1.207,6,4.78
RL,6627,26.267,1.208,6,4.78
RL,6628,26.272,1.209,6,4.79
RL,6629,26.277,1.210,6,4.80
RL,6630,26.282,1.211,6,4.81
RL,6631,26.287,1.212,6,4.82
RL,6632,26.293,1.213,6,4.83
RL,6633,26.298,1.214,6,4.84
RL,6634,26.303,1.215,6,4.85
RL,6635,26.308,1.216,6,4.86
RL,6636,26.313,1.217,6,4.87
RL,6637,26.318,1.218,6,4.88
RL,6638,26.324,1.219,6,4.89
RL,6639,26.329,1.220,6,4.90
RL,6640,26.334,1.221,6,4.91
RL,6641,26.339,1.221,6,4.92
RL,6642,26.344,1.222,6,4.93
RL,6643,26.349,1.223,6,4.94
RL,6644,26.355,1.224,6,4.95
RL,6645,26.360,1.225,6,4.96
RL,6646,26.365,1.226,6,4.97
RL,6647,26.370,1.227,6,4.98
RL,6648,26.375,1.228,6,4.99
RL,6649,26.380,1.229,6,5.00
RL,6650,26.386,1.230,6,5.01
RL,6651,26.391,1.231,6,5.02
RL,6652,26.396,1.231,6,5.03
RL,6653,26.401,1.232,6,5.04
RL,6654,26.406,1.233,6,5.05
RL,6655,26.411,1.234,6,5.06
RL,6656,26.417,1.235,6,5.07
RL,6657,26.422,1.236,6,5.08
RL,6658,26.427,1.237,6,5.09
RL,6659,26.432,1.238,6,5.10
RL,6660,26.437,1.239,6,5.11
RL,6661,26.442,1.239,6,5.12
RL,6662,26.447,1.240,6,5.13
RL,6663,26.453,1.241,6,5.14
RL,6664,26.458,1.242,6,5.15
RL,6665,26.463,1.243,6,5.16
RL,6666,26.468,1.244,6,5.17
RL,6667,26.473,1.245,6,5.18
RL,6668,26.478,1.245,6,5.19
RL,6669,26.483,1.246,6,5.20
RL,6670,26.489,1.247,6,5.21
RL,6671,26.494,1.248,6,5.22
RL,6672,26.499,1.249,6,5.23
RL,6673,26.504,1.250,6,5.24
RL,6674,26.509,1.251,6,5.25
RL,6675,26.514,1.251,6,5.25
RL,6676,26.519,1.252,6,5.26
RL,6677,26.524,1.253,6,5.27
RL,6678,26.530,1.254,6,5.28
RL,6679,26.535,1.255,6,5.29
RL,6680,26.540,1.256,6,5.30
RL,6681,26.545,1.256,6,5.31
RL,6682,26.550,1.257,6,5.32
RL,6683,26.555,1.258,6,5.33
RL,6684,26.560,1.259,6,5.34
RL,6685,26.565,1.260,6,5.35
RL,6686,26.571,1.260,6,5.36
RL,6687,26.576,1.261,6,5.36
RL,6688,26.581,1.262,6,5.37
RL,6689,26.586,1.263,6,5.38
RL,6690,26.591,1.264,6,5.39
RL,6691,26.596,1.264,6,5.40
RL,6692,26.601,1.265,6,5.41
RL,6693,26.606,1.266,6,5.42
RL,6694,26.612,1.267,6,5.42
RL,6695,26.617,1.268,6,5.43
RL,6696,26.622,1.268,6,5.44
RL,6697,26.627,1.269,6,5.45
RL,6698,26.632,1.270,6,5.46
RL,6699,26.637,1.271,6,5.47
RL,6700,26.642,1.271,6,5.47
RL,6701,26.647,1.272,6,5.48
RL,6702,26.652,1.273,6,5.49
RL,6703,26.658,1.274,6,5.50
RL,6704,26.663,1.274,6,5.51
RL,6705,26.668,1.275,6,5.51
RL,6706,26.673,1.276,6,5.52
RL,6707,26.678,1.277,6,5.53
RL,6708,26.683,1.277,6,5.53
RL,6709,26.688,1.278,6,5.54
RL,6710,26.693,1.279,6,5.55
RL,6711,26.698,1.280,6,5.56
RL,6712,26.703,1.280,6,5.56
RL,6713,26.709,1.281,6,5.57
RL,6714,26.714,1.282,6,5.58
RL,6715,26.719,1.282,6,5.58
RL,6716,26.724,1.283,6,5.59
RL,6717,26.729,1.284,6,5.60
RL,6718,26.734,1.285,6,5.60
RL,6719,26.739,1.285,6,5.61
RL,6720,26.744,1.286,6,5.62
RL,6721,26.749,1.287,6,5.62
RL,6722,26.754,1.287,6,5.63
RL,6723,26.759,1.288,6,5.63
RL,6724,26.764,1.289,6,5.64
RL,6725,26.770,1.289,6,5.65
RL,6726,26.775,1.290,6,5.65
RL,6727,26.780,1.291,6,5.66
RL,6728,26.785,1.291,6,5.66
RL,6729,26.790,1.292,6,5.67
RL,6730,26.795,1.293,6,5.68
RL,6731,26.800,1.293,6,5.68
RL,6732,26.805,1.294,6,5.69
RL,6733,26.810,1.295,6,5.69
RL,6734,26.815,1.295,6,5.70
RL,6735,26.820,1.296,6,5.71
RL,6736,26.825,1.297,6,5.71
RL,6737,26.831,1.297,6,5.72
RL,6738,26.836,1.298,6,5.72
RL,6739,26.841,1.299,6,5.73
RL,6740,26.846,1.299,6,5.73
RL,6741,26.851,1.300,6,5.74
RL,6742,26.856,1.301,6,5.74
RL,6743,26.861,1.301,6,5.75
RL,6744,26.866,1.302,6,5.76
RL,6745,26.871,1.302,6,5.76
RL,6746,26.876,1.303,6,5.77
RL,6747,26.881,1.304,6,5.77
RL,6748,26.886,1.304,6,5.78
RL,6749,26.891,1.305,6,5.78
RL,6750,26.896,1.305,6,5.79
RL,6751,26.901,1.306,6,5.79
RL,6752,26.907,1.307,6,5.80
RL,6753,26.912,1.307,6,5.80
RL,6754,26.917,1.308,6,5.81
RL,6755,26.922,1.308,6,5.81
RL,6756,26.927,1.309,6,5.82
RL,6757,26.932,1.310,6,5.82
RL,6758,26.937,1.310,6,5.83
RL,6759,26.942,1.311,6,5.83
RL,6760,26.947,1.311,6,5.84
RL,6761,26.952,1.312,6,5.84
RL,6762,26.957,1.312,6,5.85
RL,6763,26.962,1.313,6,5.85
RL,6764,26.967,1.313,6,5.85
RL,6765,26.972,1.314,6,5.86
RL,6766,26.977,1.315,6,5.86
RL,6767,26.982,1.315,6,5.87
RL,6768,26.987,1.316,6,5.87
RL,6769,26.992,1.316,6,5.88
RL,6770,26.997,1.317,6,5.88
RL,6771,27.002,1.317,6,5.88
RL,6772,27.008,1.318,6,5.89
RL,6773,27.013,1.318,6,5.89
RL,6774,27.018,1.319,6,5.90
RL,6775,27.023,1.319,6,5.90
RL,6776,27.028,1.320,6,5.90
RL,6777,27.033,1.320,6,5.91
RL,6778,27.038,1.321,6,5.91
RL,6779,27.043,1.321,6,5.91
RL,6780,27.048,1.322,6,5.92
RL,6781,27.053,1.322,6,5.92
RL,6782,27.058,1.323,6,5.92
RL,6783,27.063,1.323,6,5.93
RL,6784,27.068,1.324,6,5.93
RL,6785,27.073,1.324,6,5.93
RL,6786,27.078,1.325,6,5.94
RL,6787,27.083,1.325,6,5.94
RL,6788,27.088,1.326,6,5.94
RL,6789,27.093,1.326,6,5.95
RL,6790,27.098,1.326,6,5.95
RL,6791,27.103,1.327,6,5.95
RL,6792,27.108,1.327,6,5.95
RL,6793,27.113,1.328,6,5.96
RL,6794,27.118,1.328,6,5.96
RL,6795,27.123,1.329,6,5.96
RL,6796,27.128,1.329,6,5.96
RL,6797,27.133,1.329,6,5.97
RL,6798,27.138,1.330,6,5.97
RL,6799,27.143,1.330,6,5.97
RL,6800,27.148,1.331,6,5.97
RL,6801,27.153,1.331,6,5.97
RL,6802,27.158,1.332,6,5.98
RL,6803,27.163,1.332,6,5.98
RL,6804,27.168,1.332,6,5.98
RL,6805,27.173,1.333,6,5.98
RL,6806,27.178,1.333,6,5.98
RL,6807,27.184,1.333,6,5.99
RL,6808,27.189,1.334,6,5.99
RL,6809,27.194,1.334,6,5.99
RL,6810,27.199,1.335,6,5.99
RL,6811,27.204,1.335,6,5.99
RL,6812,27.209,1.335,6,5.99
RL,6813,27.214,1.336,6,5.99
RL,6814,27.219,1.336,6,5.99
RL,6815,27.224,1.336,6,5.99
RL,6816,27.229,1.337,6,6.00
RL,6817,27.234,1.337,6,6.00
RL,6818,27.239,1.337,6,6.00
RL,6819,27.244,1.338,6,6.00
RL,6820,27.249,1.338,6,6.00
RL,6821,27.254,1.338,6,6.00
RL,6822,27.259,1.339,6,6.00
RL,6823,27.264,1.339,6,6.00
RL,6824,27.269,1.339,6,6.00
RL,6825,27.274,1.340,6,6.00
RL,6826,27.279,1.340,6,6.00
RL,6827,27.284,1.340,6,6.00
RL,6828,27.289,1.341,6,6.00
RL,6829,27.294,1.341,6,6.00
RL,6830,27.299,1.341,6,6.00
RL,6831,27.304,1.341,6,6.00
RL,6832,27.309,1.342,6,6.00
RL,6833,27.314,1.342,6,6.00
RL,6834,27.319,1.342,6,6.00
RL,6835,27.324,1.343,6,6.00
RL,6836,27.329,1.343,6,6.00
RL,6837,27.334,1.343,6,6.00
RL,6838,27.339,1.343,6,6.00
RL,6839,27.343,1.344,6,6.00
RL,6840,27.348,1.344,6,6.00
RL,6841,27.353,1.344,6,6.00
RL,6842,27.358,1.344,6,6.00
RL,6843,27.363,1.345,6,6.00
RL,6844,27.368,1.345,6,6.00
RL,6845,27.373,1.345,6,6.00
RL,6846,27.378,1.345,6,6.00
RL,6847,27.383,1.345,6,6.00
RL,6848,27.388,1.346,6,6.00
RL,6849,27.393,1.346,6,6.00
RL,6850,27.398,1.346,6,6.00
RL,6851,27.403,1.346,6,6.00
RL,6852,27.408,1.346,6,6.00
RL,6853,27.413,1.347,6,6.00
RL,6854,27.418,1.347,6,6.00
RL,6855,27.423,1.347,6,6.00
RL,6856,27.428,1.347,6,6.00
RL,6857,27.433,1.347,6,6.00
RL,6858,27.438,1.347,6,6.00
RL,6859,27.443,1.348,6,6.00
RL,6860,27.448,1.348,6,6.00
RL,6861,27.453,1.348,6,6.00
RL,6862,27.458,1.348,6,6.00
RL,6863,27.463,1.348,6,6.00
RL,6864,27.468,1.348,6,6.00
RL,6865,27.473,1.348,6,6.00
RL,6866,27.478,1.349,6,6.00
RL,6867,27.482,1.349,6,6.00
RL,6868,27.487,1.349,6,6.00
RL,6869,27.492,1.349,6,6.00
RL,6870,27.497,1.349,6,6.00
RL,6871,27.502,1.349,6,6.00
RL,6872,27.507,1.349,6,6.00
RL,6873,27.512,1.349,6,6.00
RL,6874,27.517,1.349,6,6.00
RL,6875,27.522,1.350,6,6.00
RL,6876,27.527,1.350,6,6.00
RL,6877,27.532,1.350,6,6.00
RL,6878,27.537,1.350,6,6.00
RL,6879,27.542,1.350,6,6.00
RL,6880,27.547,1.350,6,6.00
RL,6881,27.552,1.350,6,6.00
RL,6882,27.556,1.350,6,6.00
RL,6883,27.561,1.350,6,6.00
RL,6884,27.566,1.350,6,6.00
RL,6885,27.571,1.350,6,6.00
RL,6886,27.576,1.350,6,6.00
RL,6887,27.581,1.350,6,6.00
RL,6888,27.586,1.350,6,6.00
RL,6889,27.591,1.350,6,6.00
RL,6890,27.596,1.350,6,6.00
RL,6891,27.601,1.350,6,6.00
RL,6892,27.606,1.350,6,6.00
RL,6893,27.610,1.350,6,6.00
RL,6894,27.615,1.350,6,6.00
RL,6895,27.620,1.350,6,6.00
RL,6896,27.625,1.350,6,6.00
RL,6897,27.630,1.350,6,6.00
RL,6898,27.635,1.350,6,6.00
RL,6899,27.640,1.350,6,6.00
RL,6900,27.645,1.350,6,6.00
RL,6901,27.650,1.350,6,6.00
RL,6902,27.654,1.350,6,6.00
RL,6903,27.659,1.350,6,6.00
RL,6904,27.664,1.350,6,6.00
RL,6905,27.669,1.350,6,6.00
RL,6906,27.674,1.350,6,6.00
RL,6907,27.679,1.350,6,6.00
RL,6908,27.684,1.350,6,6.00
RL,6909,27.689,1.350,6,6.00
RL,6910,27.693,1.349,6,6.00
RL,6911,27.698,1.349,6,6.00
RL,6912,27.703,1.349,6,6.00
RL,6913,27.708,1.349,6,6.00
RL,6914,27.713,1.349,6,6.00
RL,6915,27.718,1.349,6,6.00
RL,6916,27.723,1.349,6,6.00
RL,6917,27.727,1.349,6,6.00
RL,6918,27.732,1.349,6,6.00
RL,6919,27.737,1.349,6,6.00
RL,6920,27.742,1.348,6,6.00
RL,6921,27.747,1.348,6,6.00
RL,6922,27.752,1.348,6,6.00
RL,6923,27.756,1.348,6,6.00
RL,6924,27.761,1.348,6,6.00
RL,6925,27.766,1.348,6,6.00
RL,6926,27.771,1.347,6,6.00
RL,6927,27.776,1.347,6,6.00
RL,6928,27.781,1.347,6,6.00
RL,6929,27.785,1.347,6,6.00
RL,6930,27.790,1.347,6,6.00
RL,6931,27.795,1.347,6,6.00
RL,6932,27.800,1.346,6,6.00
RL,6933,27.805,1.346,6,6.00
RL,6934,27.810,1.346,6,6.00
RL,6935,27.814,1.346,6,6.00
RL,6936,27.819,1.345,6,6.00
RL,6937,27.824,1.345,6,6.00
RL,6938,27.829,1.345,6,6.00
RL,6939,27.834,1.345,6,6.00
RL,6940,27.838,1.345,6,6.00
RL,6941,27.843,1.344,6,6.00
RL,6942,27.848,1.344,6,6.00
RL,6943,27.853,1.344,6,6.00
RL,6944,27.858,1.344,6,6.00
RL,6945,27.862,1.343,6,6.00
RL,6946,27.867,1.343,6,6.00
RL,6947,27.872,1.343,6,6.00
RL,6948,27.877,1.342,6,6.00
RL,6949,27.881,1.342,6,6.00
RL,6950,27.886,1.342,6,6.00
RL,6951,27.891,1.342,6,6.00
RL,6952,27.896,1.341,6,6.00
RL,6953,27.901,1.341,6,6.00
RL,6954,27.905,1.341,6,6.00
RL,6955,27.910,1.340,6,6.00
RL,6956,27.915,1.340,6,6.00
RL,6957,27.920,1.340,6,6.00
RL,6958,27.924,1.339,6,6.00
RL,6959,27.929,1.339,6,6.00
RL,6960,27.934,1.339,6,6.00
RL,6961,27.939,1.338,6,6.00
RL,6962,27.943,1.338,6,6.00
RL,6963,27.948,1.338,6,6.00
RL,6964,27.953,1.337,6,6.00
RL,6965,27.957,1.337,6,6.00
RL,6966,27.962,1.336,6,6.00
RL,6967,27.967,1.336,6,6.00
RL,6968,27.972,1.336,6,6.00
RL,6969,27.976,1.335,6,6.00
RL,6970,27.981,1.335,6,6.00
RL,6971,27.986,1.334,6,6.00
RL,6972,27.990,1.334,6,6.00
RL,6973,27.995,1.334,6,6.00
RL,6974,28.000,1.333,6,6.00
RL,6975,28.005,1.333,6,6.00
RL,6976,28.009,1.332,6,6.00
RL,6977,28.014,1.332,6,6.00
RL,6978,28.019,1.331,6,6.00
RL,6979,28.023,1.331,6,6.00
RL,6980,28.028,1.330,6,6.00
RL,6981,28.033,1.330,6,6.00
RL,6982,28.037,1.330,6,6.00
RL,6983,28.042,1.329,6,6.00
RL,6984,28.047,1.329,6,6.00
RL,6985,28.051,1.328,6,6.00
RL,6986,28.056,1.328,6,6.00
RL,6987,28.061,1.327,6,6.00
RL,6988,28.065,1.327,6,6.00
RL,6989,28.070,1.326,6,6.00
RL,6990,28.075,1.326,6,6.00
RL,6991,28.079,1.325,6,6.00
RL,6992,28.084,1.324,6,6.00
RL,6993,28.089,1.324,6,6.00
RL,6994,28.093,1.323,6,6.00
RL,6995,28.098,1.323,6,6.00
RL,6996,28.103,1.322,6,6.00
RL,6997,28.107,1.322,6,6.00
RL,6998,28.112,1.321,6,6.00
RL,6999,28.117,1.321,6,6.00
RL,7000,28.121,1.320,6,6.00
RL,7001,28.126,1.319,6,6.00
RL,7002,28.130,1.319,6,6.00
RL,7003,28.135,1.318,6,6.00
RL,7004,28.140,1.318,6,6.00
RL,7005,28.144,1.317,6,6.00
RL,7006,28.149,1.316,6,6.00
RL,7007,28.153,1.316,6,6.00
RL,7008,28.158,1.315,6,6.00
RL,7009,28.163,1.315,6,6.00
RL,7010,28.167,1.314,6,6.00
RL,7011,28.172,1.313,6,6.00
RL,7012,28.176,1.313,6,6.00
RL,7013,28.181,1.312,6,6.00
RL,7014,28.186,1.311,6,6.00
RL,7015,28.190,1.311,6,6.00
RL,7016,28.195,1.310,6,6.00
RL,7017,28.199,1.309,6,6.00
RL,7018,28.204,1.309,6,6.00
RL,7019,28.208,1.308,6,6.00
RL,7020,28.213,1.307,6,6.00
RL,7021,28.218,1.307,6,6.00
RL,7022,28.222,1.306,6,6.00
RL,7023,28.227,1.305,6,6.00
RL,7024,28.231,1.304,6,6.00
RL,7025,28.236,1.304,6,6.00
RL,7026,28.240,1.303,6,6.00
RL,7027,28.245,1.302,6,6.00
RL,7028,28.249,1.301,6,6.00
RL,7029,28.254,1.301,6,6.00
RL,7030,28.258,1.300,6,6.00
RL,7031,28.263,1.299,6,6.00
RL,7032,28.267,1.298,6,6.00
RL,7033,28.272,1.298,6,6.00
RL,7034,28.276,1.297,6,6.00
RL,7035,28.281,1.296,6,6.00
RL,7036,28.285,1.295,6,6.00
RL,7037,28.290,1.295,6,6.00
RL,7038,28.294,1.294,6,6.00
RL,7039,28.299,1.293,6,6.00
RL,7040,28.303,1.292,6,6.00
RL,7041,28.308,1.291,6,6.00
RL,7042,28.312,1.291,6,6.00
RL,7043,28.317,1.290,6,6.00
RL,7044,28.321,1.289,6,6.00
RL,7045,28.326,1.288,6,6.00
RL,7046,28.330,1.287,6,6.00
RL,7047,28.335,1.286,6,6.00
RL,7048,28.339,1.286,6,6.00
RL,7049,28.344,1.285,6,6.00
RL,7050,28.348,1.284,6,6.00
RL,7051,28.352,1.283,6,6.00
RL,7052,28.357,1.282,6,6.00
RL,7053,28.361,1.281,6,6.00
RL,7054,28.366,1.280,6,6.00
RL,7055,28.370,1.279,6,6.00
RL,7056,28.375,1.279,6,6.00
RL,7057,28.379,1.278,6,6.00
RL,7058,28.383,1.277,6,6.00
RL,7059,28.388,1.276,6,6.00
RL,7060,28.392,1.275,6,6.00
RL,7061,28.397,1.274,6,6.00
RL,7062,28.401,1.273,6,6.00
RL,7063,28.406,1.272,6,6.00
RL,7064,28.410,1.271,6,6.00
RL,7065,28.414,1.270,6,6.00
RL,7066,28.419,1.269,6,6.00
RL,7067,28.423,1.269,6,6.00
RL,7068,28.427,1.268,6,6.00
RL,7069,28.432,1.267,6,6.00
RL,7070,28.436,1.266,6,6.00
RL,7071,28.441,1.265,6,6.00
RL,7072,28.445,1.264,6,6.00
RL,7073,28.449,1.263,6,6.00
RL,7074,28.454,1.262,6,6.00
RL,7075,28.458,1.261,6,6.00
RL,7076,28.462,1.260,6,6.00
RL,7077,28.467,1.259,6,6.00
RL,7078,28.471,1.258,6,6.00
RL,7079,28.475,1.257,6,6.00
RL,7080,28.480,1.256,6,6.00
RL,7081,28.484,1.255,6,6.00
RL,7082,28.488,1.254,6,6.00
RL,7083,28.493,1.253,6,6.00
RL,7084,28.497,1.252,6,6.00
RL,7085,28.501,1.251,6,6.00
RL,7086,28.505,1.250,6,6.00
RL,7087,28.510,1.249,6,6.00
RL,7088,28.514,1.248,6,6.00
RL,7089,28.518,1.247,6,6.00
RL,7090,28.523,1.246,6,6.00
RL,7091,28.527,1.244,6,6.00
RL,7092,28.531,1.243,6,6.00
RL,7093,28.535,1.242,6,6.00
RL,7094,28.540,1.241,6,6.00
RL,7095,28.544,1.240,6,6.00
RL,7096,28.548,1.239,6,6.00
RL,7097,28.552,1.238,6,6.00
RL,7098,28.557,1.237,6,6.00
RL,7099,28.561,1.236,6,6.00
RL,7100,28.565,1.235,6,6.00
RL,7101,28.569,1.234,6,6.00
RL,7102,28.574,1.233,6,6.00
RL,7103,28.578,1.232,6,6.00
RL,7104,28.582,1.230,6,6.00
RL,7105,28.586,1.229,6,6.00
RL,7106,28.591,1.228,6,6.00
RL,7107,28.595,1.227,6,6.00
RL,7108,28.599,1.226,6,6.00
RL,7109,28.603,1.225,6,6.00
RL,7110,28.607,1.224,6,6.00
RL,7111,28.612,1.223,6,6.00
RL,7112,28.616,1.221,6,6.00
RL,7113,28.620,1.220,6,6.00
RL,7114,28.624,1.219,6,6.00
RL,7115,28.628,1.218,6,6.00
RL,7116,28.632,1.217,6,6.00
RL,7117,28.637,1.216,6,6.00
RL,7118,28.641,1.214,6,6.00
RL,7119,28.645,1.213,6,6.00
RL,7120,28.649,1.212,6,6.00
RL,7121,28.653,1.211,6,6.00
RL,7122,28.657,1.210,6,6.00
RL,7123,28.661,1.209,6,6.00
RL,7124,28.666,1.207,6,6.00
RL,7125,28.670,1.206,6,6.00
RL,7126,28.674,1.205,6,6.00
RL,7127,28.678,1.204,6,6.00
RL,7128,28.682,1.203,6,6.00
RL,7129,28.686,1.201,6,6.00
RL,7130,28.690,1.200,6,6.00
RL,7131,28.694,1.199,6,6.00
RL,7132,28.698,1.198,6,6.00
RL,7133,28.702,1.197,6,6.00
RL,7134,28.707,1.195,6,6.00
RL,7135,28.711,1.194,6,6.00
RL,7136,28.715,1.193,6,6.00
RL,7137,28.719,1.192,6,6.00
RL,7138,28.723,1.190,6,6.00
RL,7139,28.727,1.189,6,6.00
RL,7140,28.731,1.188,6,6.00
RL,7141,28.735,1.187,6,6.00
RL,7142,28.739,1.185,6,6.00
RL,7143,28.743,1.184,6,6.00
RL,7144,28.747,1.183,6,6.00
RL,7145,28.751,1.182,6,6.00
RL,7146,28.755,1.180,6,6.00
RL,7147,28.759,1.179,6,6.00
RL,7148,28.763,1.178,6,6.00
RL,7149,28.767,1.177,6,6.00
RL,7150,28.771,1.175,6,6.00
RL,7151,28.775,1.174,6,6.00
RL,7152,28.779,1.173,6,6.00
RL,7153,28.783,1.171,6,6.00
RL,7154,28.787,1.170,6,6.00
RL,7155,28.791,1.169,6,6.00
RL,7156,28.795,1.168,6,6.00
RL,7157,28.799,1.166,6,6.00
RL,7158,28.803,1.165,6,6.00
RL,7159,28.807,1.164,6,6.00
RL,7160,28.811,1.162,6,6.00
RL,7161,28.815,1.161,6,6.00
RL,7162,28.819,1.160,6,6.00
RL,7163,28.823,1.158,6,6.00
RL,7164,28.826,1.157,6,6.00
RL,7165,28.830,1.156,6,6.00
RL,7166,28.834,1.154,6,6.00
RL,7167,28.838,1.153,6,6.00
RL,7168,28.842,1.152,6,6.00
RL,7169,28.846,1.150,6,6.00
RL,7170,28.850,1.149,6,6.00
RL,7171,28.854,1.148,6,6.00
RL,7172,28.858,1.146,6,6.00
RL,7173,28.862,1.145,6,6.00
RL,7174,28.865,1.144,6,6.00
RL,7175,28.869,1.142,6,6.00
RL,7176,28.873,1.141,6,6.00
RL,7177,28.877,1.140,6,6.00
RL,7178,28.881,1.138,6,6.00
RL,7179,28.885,1.137,6,6.00
RL,7180,28.888,1.136,6,6.00
RL,7181,28.892,1.134,6,6.00
RL,7182,28.896,1.133,6,6.00
RL,7183,28.900,1.131,6,6.00
RL,7184,28.904,1.130,6,6.00
RL,7185,28.908,1.129,6,6.00
RL,7186,28.911,1.127,6,6.00
RL,7187,28.915,1.126,6,6.00
RL,7188,28.919,1.125,6,6.00
RL,7189,28.923,1.123,6,6.00
RL,7190,28.927,1.122,6,6.00
RL,7191,28.930,1.120,6,6.00
RL,7192,28.934,1.119,6,6.00
RL,7193,28.938,1.118,6,6.00
RL,7194,28.942,1.116,6,6.00
RL,7195,28.945,1.115,6,6.00
RL,7196,28.949,1.113,6,6.00
RL,7197,28.953,1.112,6,6.00
RL,7198,28.957,1.111,6,6.00
RL,7199,28.960,1.109,6,6.00
RL,7200,28.964,1.108,6,6.00
RL,7201,28.968,1.106,6,6.00
RL,7202,28.971,1.105,6,6.00
RL,7203,28.975,1.103,6,6.00
RL,7204,28.979,1.102,6,6.00
RL,7205,28.983,1.101,6,6.00
RL,7206,28.986,1.099,6,6.00
RL,7207,28.990,1.098,6,6.00
RL,7208,28.994,1.096,6,6.00
RL,7209,28.997,1.095,6,6.00
RL,7210,29.001,1.093,6,6.00
RL,7211,29.005,1.092,6,6.00
RL,7212,29.008,1.091,6,6.00
RL,7213,29.012,1.089,6,6.00
RL,7214,29.016,1.088,6,6.00
RL,7215,29.019,1.086,6,6.00
RL,7216,29.023,1.085,6,6.00
RL,7217,29.026,1.083,6,6.00
RL,7218,29.030,1.082,6,6.00
RL,7219,29.034,1.080,6,6.00
RL,7220,29.037,1.079,6,6.00
RL,7221,29.041,1.077,6,6.00
RL,7222,29.044,1.076,6,6.00
RL,7223,29.048,1.075,6,6.00
RL,7224,29.052,1.073,6,6.00
RL,7225,29.055,1.072,6,6.00
RL,7226,29.059,1.070,6,6.00
RL,7227,29.062,1.069,6,6.00
RL,7228,29.066,1.067,6,6.00
RL,7229,29.069,1.066,6,6.00
RL,7230,29.073,1.064,6,6.00
RL,7231,29.076,1.063,6,6.00
RL,7232,29.080,1.061,6,6.00
RL,7233,29.084,1.060,6,6.00
RL,7234,29.087,1.058,6,6.00
RL,7235,29.091,1.057,6,6.00
RL,7236,29.094,1.055,6,6.00
RL,7237,29.098,1.054,6,6.00
RL,7238,29.101,1.052,6,6.00
RL,7239,29.105,1.051,6,6.00
RL,7240,29.108,1.049,6,6.00
RL,7241,29.112,1.048,6,6.00
RL,7242,29.115,1.046,6,6.00
RL,7243,29.118,1.045,6,6.00
RL,7244,29.122,1.043,6,6.00
RL,7245,29.125,1.042,6,6.00
RL,7246,29.129,1.040,6,6.00
RL,7247,29.132,1.039,6,6.00
RL,7248,29.136,1.037,6,6.00
RL,7249,29.139,1.036,6,6.00
RL,7250,29.143,1.034,6,6.00
RL,7251,29.146,1.033,6,6.00
RL,7252,29.149,1.031,6,6.00
RL,7253,29.153,1.030,6,6.00
RL,7254,29.156,1.028,6,6.00
RL,7255,29.160,1.027,6,6.00
RL,7256,29.163,1.025,6,6.00
RL,7257,29.166,1.024,6,6.00
RL,7258,29.170,1.022,6,6.00
RL,7259,29.173,1.021,6,6.00
RL,7260,29.176,1.019,6,6.00
RL,7261,29.180,1.018,6,6.00
RL,7262,29.183,1.016,6,6.00
RL,7263,29.186,1.015,6,6.00
RL,7264,29.190,1.013,6,6.00
RL,7265,29.193,1.012,6,6.00
RL,7266,29.196,1.010,6,6.00
RL,7267,29.200,1.009,6,6.00
RL,7268,29.203,1.007,6,6.00
RL,7269,29.206,1.006,6,6.00
RL,7270,29.209,1.004,6,6.00
RL,7271,29.213,1.002,6,6.00
RL,7272,29.216,1.001,6,6.00
RL,7273,29.219,0.999,6,6.00
RL,7274,29.223,0.998,6,6.00
RL,7275,29.226,0.996,6,6.00
RL,7276,29.229,0.995,6,6.00
RL,7277,29.232,0.993,6,6.00
RL,7278,29.236,0.992,6,6.00
RL,7279,29.239,0.990,6,6.00
RL,7280,29.242,0.989,6,6.00
RL,7281,29.245,0.987,6,6.00
RL,7282,29.248,0.986,6,6.00
RL,7283,29.252,0.984,6,6.00
RL,7284,29.255,0.982,6,6.00
RL,7285,29.258,0.981,6,6.00
RL,7286,29.261,0.979,6,6.00
RL,7287,29.264,0.978,6,6.00
RL,7288,29.267,0.976,6,6.00
RL,7289,29.271,0.975,6,6.00
RL,7290,29.274,0.973,6,6.00
RL,7291,29.277,0.972,6,6.00
RL,7292,29.280,0.970,6,6.00
RL,7293,29.283,0.969,6,6.00
RL,7294,29.286,0.967,6,6.00
RL,7295,29.289,0.965,6,6.00
RL,7296,29.293,0.964,6,6.00
RL,7297,29.296,0.962,6,6.00
RL,7298,29.299,0.961,6,6.00
RL,7299,29.302,0.959,6,6.00
RL,7300,29.305,0.958,6,6.00
RL,7301,29.308,0.956,6,6.00
RL,7302,29.311,0.955,6,6.00
RL,7303,29.314,0.953,6,6.00
RL,7304,29.317,0.951,6,6.00
RL,7305,29.320,0.950,6,6.00
RL,7306,29.323,0.948,6,6.00
RL,7307,29.326,0.947,6,6.00
RL,7308,29.329,0.945,6,6.00
RL,7309,29.332,0.944,6,6.00
RL,7310,29.335,0.942,6,6.00
RL,7311,29.338,0.941,6,6.00
RL,7312,29.341,0.939,6,6.00
RL,7313,29.344,0.937,6,6.00
RL,7314,29.347,0.936,6,6.00
RL,7315,29.350,0.934,6,6.00
RL,7316,29.353,0.933,6,6.00
RL,7317,29.356,0.931,6,6.00
RL,7318,29.359,0.930,6,6.00
RL,7319,29.362,0.928,6,6.00
RL,7320,29.365,0.927,6,6.00
RL,7321,29.368,0.925,6,6.00
RL,7322,29.371,0.923,6,6.00
RL,7323,29.374,0.922,6,6.00
RL,7324,29.377,0.920,6,6.00
RL,7325,29.380,0.919,6,6.00
RL,7326,29.383,0.917,6,6.00
RL,7327,29.385,0.916,6,6.00
RL,7328,29.388,0.914,6,6.00
RL,7329,29.391,0.913,6,6.00
RL,7330,29.394,0.911,6,6.00
RL,7331,29.397,0.909,6,6.00
RL,7332,29.400,0.908,6,6.00
RL,7333,29.403,0.906,6,6.00
RL,7334,29.405,0.905,6,6.00
RL,7335,29.408,0.903,6,6.00
RL,7336,29.411,0.902,6,6.00
RL,7337,29.414,0.900,6,6.00
RL,7338,29.417,0.899,6,6.00
RL,7339,29.419,0.897,6,6.00
RL,7340,29.422,0.895,6,6.00
RL,7341,29.425,0.894,6,6.00
RL,7342,29.428,0.892,6,6.00
RL,7343,29.431,0.891,6,6.00
RL,7344,29.433,0.889,6,6.00
RL,7345,29.436,0.888,6,6.00
RL,7346,29.439,0.886,6,6.00
RL,7347,29.442,0.885,6,6.00
RL,7348,29.444,0.883,6,6.00
RL,7349,29.447,0.882,6,6.00
RL,7350,29.450,0.880,6,6.00
RL,7351,29.452,0.878,6,6.00
RL,7352,29.455,0.877,6,6.00
RL,7353,29.458,0.875,6,6.00
RL,7354,29.460,0.874,6,6.00
RL,7355,29.463,0.872,6,6.00
RL,7356,29.466,0.871,6,6.00
RL,7357,29.468,0.869,6,6.00
RL,7358,29.471,0.868,6,6.00
RL,7359,29.474,0.866,6,6.00
RL,7360,29.476,0.865,6,6.00
RL,7361,29.479,0.863,6,6.00
RL,7362,29.482,0.861,6,6.00
RL,7363,29.484,0.860,6,6.00
RL,7364,29.487,0.858,6,6.00
RL,7365,29.489,0.857,6,6.00
RL,7366,29.492,0.855,6,6.00
RL,7367,29.495,0.854,6,6.00
RL,7368,29.497,0.852,6,6.00
RL,7369,29.500,0.851,6,6.00
RL,7370,29.502,0.849,6,6.00
RL,7371,29.505,0.848,6,6.00
RL,7372,29.507,0.846,6,6.00
RL,7373,29.510,0.845,6,6.00
RL,7374,29.512,0.843,6,6.00
RL,7375,29.515,0.841,6,6.00
RL,7376,29.517,0.840,6,6.00
RL,7377,29.520,0.838,6,6.00
RL,7378,29.522,0.837,6,6.00
RL,7379,29.525,0.835,6,6.00
RL,7380,29.527,0.834,6,6.00
RL,7381,29.530,0.832,6,6.00
RL,7382,29.532,0.831,6,6.00
RL,7383,29.535,0.829,6,6.00
RL,7384,29.537,0.828,6,6.00
RL,7385,29.540,0.826,6,6.00
RL,7386,29.542,0.825,6,6.00
RL,7387,29.545,0.823,6,6.00
RL,7388,29.547,0.822,6,6.00
RL,7389,29.549,0.820,6,6.00
RL,7390,29.552,0.819,6,6.00
RL,7391,29.554,0.817,6,6.00
RL,7392,29.556,0.816,6,6.00
RL,7393,29.559,0.814,6,6.00
RL,7394,29.561,0.813,6,6.00
RL,7395,29.564,0.811,6,6.00
RL,7396,29.566,0.810,6,6.00
RL,7397,29.568,0.808,6,6.00
RL,7398,29.571,0.807,6,6.00
RL,7399,29.573,0.805,6,6.00
RL,7400,29.575,0.804,6,6.00
RL,7401,29.578,0.802,6,6.00
RL,7402,29.580,0.801,6,6.00
RL,7403,29.582,0.799,6,6.00
RL,7404,29.584,0.798,6,6.00
RL,7405,29.587,0.796,6,6.00
RL,7406,29.589,0.795,6,6.00
RL,7407,29.591,0.793,6,6.00
RL,7408,29.593,0.792,6,6.00
RL,7409,29.596,0.790,6,6.00
RL,7410,29.598,0.789,6,6.00
RL,7411,29.600,0.787,6,6.00
RL,7412,29.602,0.786,6,6.00
RL,7413,29.605,0.784,6,6.00
RL,7414,29.607,0.783,6,6.00
RL,7415,29.609,0.781,6,6.00
RL,7416,29.611,0.780,6,6.00
RL,7417,29.613,0.778,6,6.00
RL,7418,29.615,0.777,6,6.00
RL,7419,29.618,0.775,6,6.00
RL,7420,29.620,0.774,6,6.00
RL,7421,29.622,0.773,6,6.00
RL,7422,29.624,0.771,6,6.00
RL,7423,29.626,0.770,6,6.00
RL,7424,29.628,0.768,6,6.00
RL,7425,29.630,0.767,6,6.00
RL,7426,29.632,0.765,6,6.00
RL,7427,29.634,0.764,6,6.00
RL,7428,29.637,0.762,6,6.00
RL,7429,29.639,0.761,6,6.00
RL,7430,29.641,0.759,6,6.00
RL,7431,29.643,0.758,6,6.00
RL,7432,29.645,0.757,6,6.00
RL,7433,29.647,0.755,6,6.00
RL,7434,29.649,0.754,6,6.00
RL,7435,29.651,0.752,6,6.00
RL,7436,29.653,0.751,6,6.00
RL,7437,29.655,0.749,6,6.00
RL,7438,29.657,0.748,6,6.00
RL,7439,29.659,0.747,6,6.00
RL,7440,29.661,0.745,6,6.00
RL,7441,29.663,0.744,6,6.00
RL,7442,29.665,0.742,6,6.00
RL,7443,29.667,0.741,6,6.00
RL,7444,29.669,0.739,6,6.00
RL,7445,29.671,0.738,6,6.00
RL,7446,29.672,0.737,6,6.00
RL,7447,29.674,0.735,6,6.00
RL,7448,29.676,0.734,6,6.00
RL,7449,29.678,0.732,6,6.00
RL,7450,29.680,0.731,6,6.00
RL,7451,29.682,0.730,6,6.00
RL,7452,29.684,0.728,6,6.00
RL,7453,29.686,0.727,6,6.00
RL,7454,29.688,0.725,6,6.00
RL,7455,29.689,0.724,6,6.00
RL,7456,29.691,0.723,6,6.00
RL,7457,29.693,0.721,6,6.00
RL,7458,29.695,0.720,6,6.00
RL,7459,29.697,0.719,6,6.00
RL,7460,29.699,0.717,6,6.00
RL,7461,29.700,0.716,6,6.00
RL,7462,29.702,0.714,6,6.00
RL,7463,29.704,0.713,6,6.00
RL,7464,29.706,0.712,6,6.00
RL,7465,29.707,0.710,6,6.00
RL,7466,29.709,0.709,6,6.00
RL,7467,29.711,0.708,6,6.00
RL,7468,29.713,0.706,6,6.00
RL,7469,29.714,0.705,6,6.00
RL,7470,29.716,0.704,6,6.00
RL,7471,29.718,0.702,6,6.00
RL,7472,29.720,0.701,6,6.00
RL,7473,29.721,0.700,6,6.00
RL,7474,29.723,0.698,6,6.00
RL,7475,29.725,0.697,6,6.00
RL,7476,29.726,0.696,6,6.00
RL,7477,29.728,0.694,6,6.00
RL,7478,29.730,0.693,6,6.00
RL,7479,29.731,0.692,6,6.00
RL,7480,29.733,0.690,6,6.00
RL,7481,29.735,0.689,6,6.00
RL,7482,29.736,0.688,6,6.00
RL,7483,29.738,0.686,6,6.00
RL,7484,29.740,0.685,6,6.00
RL,7485,29.741,0.684,6,6.00
RL,7486,29.743,0.682,6,6.00
RL,7487,29.744,0.681,6,6.00
RL,7488,29.746,0.680,6,6.00
RL,7489,29.747,0.679,6,6.00
RL,7490,29.749,0.677,6,6.00
RL,7491,29.751,0.676,6,6.00
RL,7492,29.752,0.675,6,6.00
RL,7493,29.754,0.673,6,6.00
RL,7494,29.755,0.672,6,6.00
RL,7495,29.757,0.671,6,6.00
RL,7496,29.758,0.670,6,6.00
RL,7497,29.760,0.668,6,6.00
RL,7498,29.761,0.667,6,6.00
RL,7499,29.763,0.666,6,6.00
RL,7500,29.764,0.665,6,6.00
RL,7501,29.766,0.663,6,6.00
RL,7502,29.767,0.662,6,6.00
RL,7503,29.769,0.661,6,6.00
RL,7504,29.770,0.660,6,6.00
RL,7505,29.772,0.658,6,6.00
RL,7506,29.773,0.657,6,6.00
RL,7507,29.774,0.656,6,6.00
RL,7508,29.776,0.655,6,6.00
RL,7509,29.777,0.653,6,6.00
RL,7510,29.779,0.652,6,6.00
RL,7511,29.780,0.651,6,6.00
RL,7512,29.782,0.650,6,6.00
RL,7513,29.783,0.649,6,6.00
RL,7514,29.784,0.647,6,6.00
RL,7515,29.786,0.646,6,6.00
RL,7516,29.787,0.645,6,6.00
RL,7517,29.788,0.644,6,6.00
RL,7518,29.790,0.643,6,6.00
RL,7519,29.791,0.641,6,6.00
RL,7520,29.792,0.640,6,6.00
RL,7521,29.794,0.639,6,6.00
RL,7522,29.795,0.638,6,6.00
RL,7523,29.796,0.637,6,6.00
RL,7524,29.798,0.635,6,6.00
RL,7525,29.799,0.634,6,6.00
RL,7526,29.800,0.633,6,6.00
RL,7527,29.802,0.632,6,6.00
RL,7528,29.803,0.631,6,6.00
RL,7529,29.804,0.630,6,6.00
RL,7530,29.805,0.629,6,6.00
RL,7531,29.807,0.627,6,6.00
RL,7532,29.808,0.626,6,6.00
RL,7533,29.809,0.625,6,6.00
RL,7534,29.810,0.624,6,6.00
RL,7535,29.811,0.623,6,6.00
RL,7536,29.813,0.622,6,6.00
RL,7537,29.814,0.621,6,6.00
RL,7538,29.815,0.620,6,6.00
RL,7539,29.816,0.618,6,6.00
RL,7540,29.817,0.617,6,6.00
RL,7541,29.819,0.616,6,6.00
RL,7542,29.820,0.615,6,6.00
RL,7543,29.821,0.614,6,6.00
RL,7544,29.822,0.613,6,6.00
RL,7545,29.823,0.612,6,6.00
RL,7546,29.824,0.611,6,6.00
RL,7547,29.826,0.610,6,6.00
RL,7548,29.827,0.609,6,6.00
RL,7549,29.828,0.608,6,6.00
RL,7550,29.829,0.606,6,6.00
RL,7551,29.830,0.605,6,6.00
RL,7552,29.831,0.604,6,6.00
RL,7553,29.832,0.603,6,6.00
RL,7554,29.833,0.602,6,6.00
RL,7555,29.834,0.601,6,6.00
RL,7556,29.835,0.600,6,6.00
RL,7557,29.836,0.599,6,6.00
RL,7558,29.837,0.598,6,6.00
RL,7559,29.838,0.597,6,6.00
RL,7560,29.840,0.596,6,6.00
RL,7561,29.841,0.595,6,6.00
RL,7562,29.842,0.594,6,6.00
RL,7563,29.843,0.593,6,6.00
RL,7564,29.844,0.592,6,6.00
RL,7565,29.845,0.591,6,6.00
RL,7566,29.846,0.590,6,6.00
RL,7567,29.847,0.589,6,6.00
RL,7568,29.848,0.588,6,6.00
RL,7569,29.848,0.587,6,6.00
RL,7570,29.849,0.586,6,6.00
RL,7571,29.850,0.585,6,6.00
RL,7572,29.851,0.584,6,6.00
RL,7573,29.852,0.583,6,6.00
RL,7574,29.853,0.582,6,6.00
RL,7575,29.854,0.581,6,6.00
RL,7576,29.855,0.580,6,6.00
RL,7577,29.856,0.579,6,6.00
RL,7578,29.857,0.579,6,6.00
RL,7579,29.858,0.578,6,6.00
RL,7580,29.859,0.577,6,6.00
RL,7581,29.859,0.576,6,6.00
RL,7582,29.860,0.575,6,6.00
RL,7583,29.861,0.574,6,6.00
RL,7584,29.862,0.573,6,6.00
RL,7585,29.863,0.572,6,6.00
RL,7586,29.864,0.571,6,6.00
RL,7587,29.865,0.570,6,6.00
RL,7588,29.865,0.569,6,6.00
RL,7589,29.866,0.569,6,6.00
RL,7590,29.867,0.568,6,6.00
RL,7591,29.868,0.567,6,6.00
RL,7592,29.869,0.566,6,6.00
RL,7593,29.869,0.565,6,6.00
RL,7594,29.870,0.564,6,6.00
RL,7595,29.871,0.563,6,6.00
RL,7596,29.872,0.563,6,6.00
RL,7597,29.873,0.562,6,6.00
RL,7598,29.873,0.561,6,6.00
RL,7599,29.874,0.560,6,6.00
RL,7600,29.875,0.559,6,6.00
RL,7601,29.876,0.558,6,6.00
RL,7602,29.876,0.558,6,6.00
RL,7603,29.877,0.557,6,6.00
RL,7604,29.878,0.556,6,6.00
RL,7605,29.878,0.555,6,6.00
RL,7606,29.879,0.554,6,6.00
RL,7607,29.880,0.554,6,6.00
RL,7608,29.881,0.553,6,6.00
RL,7609,29.881,0.552,6,6.00
RL,7610,29.882,0.551,6,6.00
RL,7611,29.883,0.551,6,6.00
RL,7612,29.883,0.550,6,6.00
RL,7613,29.884,0.549,6,6.00
RL,7614,29.885,0.548,6,6.00
RL,7615,29.885,0.548,6,6.00
RL,7616,29.886,0.547,6,6.00
RL,7617,29.886,0.546,6,6.00
RL,7618,29.887,0.545,6,6.00
RL,7619,29.888,0.545,6,6.00
RL,7620,29.888,0.544,6,6.00
RL,7621,29.889,0.543,6,6.00
RL,7622,29.889,0.543,6,6.00
RL,7623,29.890,0.542,6,6.00
RL,7624,29.891,0.541,6,6.00
RL,7625,29.891,0.540,6,6.00
RL,7626,29.892,0.540,6,6.00
RL,7627,29.892,0.539,6,6.00
RL,7628,29.893,0.538,6,6.00
RL,7629,29.893,0.538,6,6.00
RL,7630,29.894,0.537,6,6.00
RL,7631,29.894,0.536,6,6.00
RL,7632,29.895,0.536,6,6.00
RL,7633,29.896,0.535,6,6.00
RL,7634,29.896,0.535,6,6.00
RL,7635,29.897,0.534,6,6.00
RL,7636,29.897,0.533,6,6.00
RL,7637,29.898,0.533,6,6.00
RL,7638,29.898,0.532,6,6.00
RL,7639,29.898,0.532,6,6.00
RL,7640,29.899,0.531,6,6.00
RL,7641,29.899,0.530,6,6.00
RL,7642,29.900,0.530,6,6.00
RL,7643,29.900,0.529,6,6.00
RL,7644,29.901,0.529,6,6.00
RL,7645,29.901,0.528,6,6.00
RL,7646,29.902,0.527,6,6.00
RL,7647,29.902,0.527,6,6.00
RL,7648,29.902,0.526,6,6.00
RL,7649,29.903,0.526,6,6.00
RL,7650,29.903,0.525,6,6.00
RL,7651,29.904,0.525,6,6.00
RL,7652,29.904,0.524,6,6.00
RL,7653,29.904,0.524,6,6.00
RL,7654,29.905,0.523,6,6.00
RL,7655,29.905,0.523,6,6.00
RL,7656,29.906,0.522,6,6.00
RL,7657,29.906,0.522,6,6.00
RL,7658,29.906,0.521,6,6.00
RL,7659,29.907,0.521,6,6.00
RL,7660,29.907,0.520,6,6.00
RL,7661,29.907,0.520,6,6.00
RL,7662,29.908,0.519,6,6.00
RL,7663,29.908,0.519,6,6.00
RL,7664,29.908,0.518,6,6.00
RL,7665,29.909,0.518,6,6.00
RL,7666,29.909,0.518,6,6.00
RL,7667,29.909,0.517,6,6.00
RL,7668,29.909,0.517,6,6.00
RL,7669,29.910,0.516,6,6.00
RL,7670,29.910,0.516,6,6.00
RL,7671,29.910,0.516,6,6.00
RL,7672,29.910,0.515,6,6.00
RL,7673,29.911,0.515,6,6.00
RL,7674,29.911,0.514,6,6.00
RL,7675,29.911,0.514,6,6.00
RL,7676,29.911,0.514,6,6.00
RL,7677,29.912,0.513,6,6.00
RL,7678,29.912,0.513,6,6.00
RL,7679,29.912,0.513,6,6.00
RL,7680,29.912,0.512,6,6.00
RL,7681,29.912,0.512,6,6.00
RL,7682,29.913,0.512,6,6.00
RL,7683,29.913,0.511,6,6.00
RL,7684,29.913,0.511,6,6.00
RL,7685,29.913,0.511,6,6.00
RL,7686,29.913,0.510,6,6.00
RL,7687,29.914,0.510,6,6.00
RL,7688,29.914,0.510,6,6.00
RL,7689,29.914,0.509,6,6.00
RL,7690,29.914,0.509,6,6.00
RL,7691,29.914,0.509,6,6.00
RL,7692,29.914,0.509,6,6.00
RL,7693,29.914,0.508,6,6.00
RL,7694,29.915,0.508,6,6.00
RL,7695,29.915,0.508,6,6.00
RL,7696,29.915,0.508,6,6.00
RL,7697,29.915,0.507,6,6.00
RL,7698,29.915,0.507,6,6.00
RL,7699,29.915,0.507,6,6.00
RL,7700,29.915,0.507,6,6.00
RL,7701,29.915,0.507,6,6.00
RL,7702,29.915,0.506,6,6.00
RL,7703,29.915,0.506,6,6.00
RL,7704,29.915,0.506,6,6.00
RL,7705,29.915,0.506,6,6.00
RL,7706,29.915,0.506,6,6.00
RL,7707,29.916,0.506,6,6.00
RL,7708,29.916,0.505,6,6.00
RL,7709,29.916,0.505,6,6.00
RL,7710,29.916,0.505,6,6.00
RL,7711,29.916,0.505,6,6.00
RL,7712,29.916,0.505,6,6.00
RL,7713,29.916,0.505,6,6.00
RL,7714,29.916,0.505,6,6.00
RL,7715,29.916,0.505,6,6.00
RL,7716,29.916,0.505,6,6.00
RL,7717,29.916,0.504,6,6.00
RL,7718,29.916,0.504,6,6.00
RL,7719,29.915,0.504,6,6.00
RL,7720,29.915,0.504,6,6.00
RL,7721,29.915,0.504,6,6.00
RL,7722,29.915,0.504,6,6.00
RL,7723,29.915,0.504,6,6.00
RL,7724,29.915,0.504,6,6.00
RL,7725,29.915,0.504,6,6.00
RL,7726,29.915,0.504,6,6.00
RL,7727,29.915,0.504,6,6.00
RL,7728,29.915,0.504,6,6.00
RL,7729,29.915,0.504,6,6.00
RL,7730,29.915,0.504,6,6.00
RL,7731,29.915,0.504,6,6.00
RL,7732,29.914,0.504,6,6.00
RL,7733,29.914,0.504,6,6.00
RL,7734,29.914,0.504,6,6.00
RL,7735,29.914,0.504,6,6.00
RL,7736,29.914,0.504,6,6.00
RL,7737,29.914,0.504,6,6.00
RL,7738,29.914,0.504,6,6.00
RL,7739,29.914,0.504,6,6.00
RL,7740,29.913,0.504,6,6.00
RL,7741,29.913,0.504,6,6.00
RL,7742,29.913,0.504,6,6.00
RL,7743,29.913,0.505,6,6.00
RL,7744,29.913,0.505,6,6.00
RL,7745,29.912,0.505,6,6.00
RL,7746,29.912,0.505,6,6.00
RL,7747,29.912,0.505,6,6.00
RL,7748,29.912,0.505,6,6.00
RL,7749,29.912,0.505,6,6.00
RL,7750,29.911,0.505,6,6.00
RL,7751,29.911,0.505,6,6.00
RL,7752,29.911,0.506,6,6.00
RL,7753,29.911,0.506,6,6.00
RL,7754,29.910,0.506,6,6.00
RL,7755,29.910,0.506,6,6.00
RL,7756,29.910,0.506,6,6.00
RL,7757,29.910,0.506,6,6.00
RL,7758,29.909,0.507,6,6.00
RL,7759,29.909,0.507,6,6.00
RL,7760,29.909,0.507,6,6.00
RL,7761,29.909,0.507,6,6.00
RL,7762,29.908,0.507,6,6.00
RL,7763,29.908,0.508,6,6.00
RL,7764,29.908,0.508,6,6.00
RL,7765,29.907,0.508,6,6.00
RL,7766,29.907,0.508,6,6.00
RL,7767,29.907,0.508,6,6.00
RL,7768,29.906,0.509,6,6.00
RL,7769,29.906,0.509,6,6.00
RL,7770,29.906,0.509,6,6.00
RL,7771,29.905,0.509,6,6.00
RL,7772,29.905,0.510,6,6.00
RL,7773,29.905,0.510,6,6.00
RL,7774,29.904,0.510,6,6.00
RL,7775,29.904,0.510,6,6.00
RL,7776,29.904,0.511,6,6.00
RL,7777,29.903,0.511,6,6.00
RL,7778,29.903,0.511,6,6.00
RL,7779,29.903,0.512,6,6.00
RL,7780,29.902,0.512,6,6.00
RL,7781,29.902,0.512,6,6.00
RL,7782,29.901,0.513,6,6.00
RL,7783,29.901,0.513,6,6.00
RL,7784,29.901,0.513,6,6.00
RL,7785,29.900,0.513,6,6.00
RL,7786,29.900,0.514,6,6.00
RL,7787,29.899,0.514,6,6.00
RL,7788,29.899,0.515,6,6.00
RL,7789,29.898,0.515,6,6.00
RL,7790,29.898,0.515,6,6.00
RL,7791,29.898,0.516,6,6.00
RL,7792,29.897,0.516,6,6.00
RL,7793,29.897,0.516,6,6.00
RL,7794,29.896,0.517,6,6.00
RL,7795,29.896,0.517,6,6.00
RL,7796,29.895,0.517,6,6.00
RL,7797,29.895,0.518,6,6.00
RL,7798,29.894,0.518,6,6.00
RL,7799,29.894,0.519,6,6.00
RL,7800,29.893,0.519,6,6.00
RL,7801,29.893,0.520,6,6.00
RL,7802,29.892,0.520,6,6.00
RL,7803,29.892,0.520,6,6.00
RL,7804,29.891,0.521,6,6.00
RL,7805,29.891,0.521,6,6.00
RL,7806,29.890,0.522,6,6.00
RL,7807,29.890,0.522,6,6.00
RL,7808,29.889,0.523,6,6.00
RL,7809,29.888,0.523,6,6.00
RL,7810,29.888,0.524,6,6.00
RL,7811,29.887,0.524,6,6.00
RL,7812,29.887,0.524,6,6.00
RL,7813,29.886,0.525,6,6.00
RL,7814,29.886,0.525,6,6.00
RL,7815,29.885,0.526,6,6.00
RL,7816,29.884,0.526,6,6.00
RL,7817,29.884,0.527,6,6.00
RL,7818,29.883,0.527,6,6.00
RL,7819,29.883,0.528,6,6.00
RL,7820,29.882,0.528,6,6.00
RL,7821,29.881,0.529,6,6.00
RL,7822,29.881,0.529,6,6.00
RL,7823,29.880,0.530,6,6.00
RL,7824,29.880,0.531,6,6.00
RL,7825,29.879,0.531,6,6.00
RL,7826,29.878,0.532,6,6.00
RL,7827,29.878,0.532,6,6.00
RL,7828,29.877,0.533,6,6.00
RL,7829,29.876,0.533,6,6.00
RL,7830,29.876,0.534,6,6.00
RL,7831,29.875,0.534,6,6.00
RL,7832,29.874,0.535,6,6.00
RL,7833,29.874,0.536,6,6.00
RL,7834,29.873,0.536,6,6.00
RL,7835,29.872,0.537,6,6.00
RL,7836,29.872,0.537,6,6.00
RL,7837,29.871,0.538,6,6.00
RL,7838,29.870,0.539,6,6.00
RL,7839,29.870,0.539,6,6.00
RL,7840,29.869,0.540,6,6.00
RL,7841,29.868,0.540,6,6.00
RL,7842,29.867,0.541,6,6.00
RL,7843,29.867,0.542,6,6.00
RL,7844,29.866,0.542,6,6.00
RL,7845,29.865,0.543,6,6.00
RL,7846,29.865,0.544,6,6.00
RL,7847,29.864,0.544,6,6.00
RL,7848,29.863,0.545,6,6.00
RL,7849,29.862,0.545,6,6.00
RL,7850,29.862,0.546,6,6.00
RL,7851,29.861,0.547,6,6.00
RL,7852,29.860,0.547,6,6.00
RL,7853,29.859,0.548,6,6.00
RL,7854,29.858,0.549,6,6.00
RL,7855,29.858,0.549,6,6.00
RL,7856,29.857,0.550,6,6.00
RL,7857,29.856,0.551,6,6.00
RL,7858,29.855,0.552,6,6.00
RL,7859,29.854,0.552,6,6.00
RL,7860,29.854,0.553,6,6.00
RL,7861,29.853,0.554,6,6.00
RL,7862,29.852,0.554,6,6.00
RL,7863,29.851,0.555,6,6.00
RL,7864,29.850,0.556,6,6.00
RL,7865,29.850,0.556,6,6.00
RL,7866,29.849,0.557,6,6.00
RL,7867,29.848,0.558,6,6.00
RL,7868,29.847,0.559,6,6.00
RL,7869,29.846,0.559,6,6.00
RL,7870,29.845,0.560,6,6.00
RL,7871,29.844,0.561,6,6.00
RL,7872,29.844,0.562,6,6.00
RL,7873,29.843,0.562,6,6.00
RL,7874,29.842,0.563,6,6.00
RL,7875,29.841,0.564,6,6.00
RL,7876,29.840,0.565,6,6.00
RL,7877,29.839,0.565,6,6.00
RL,7878,29.838,0.566,6,6.00
RL,7879,29.837,0.567,6,6.00
RL,7880,29.836,0.568,6,6.00
RL,7881,29.836,0.569,6,6.00
RL,7882,29.835,0.569,6,6.00
RL,7883,29.834,0.570,6,6.00
RL,7884,29.833,0.571,6,6.00
RL,7885,29.832,0.572,6,6.00
RL,7886,29.831,0.573,6,6.00
RL,7887,29.830,0.573,6,6.00
RL,7888,29.829,0.574,6,6.00
RL,7889,29.828,0.575,6,6.00
RL,7890,29.827,0.576,6,6.00
RL,7891,29.826,0.577,6,6.00
RL,7892,29.825,0.578,6,6.00
RL,7893,29.824,0.578,6,6.00
RL,7894,29.823,0.579,6,6.00
RL,7895,29.822,0.580,6,6.00
RL,7896,29.821,0.581,6,6.00
RL,7897,29.820,0.582,6,6.00
RL,7898,29.819,0.583,6,6.00
RL,7899,29.818,0.583,6,6.00
RL,7900,29.817,0.584,6,6.00
RL,7901,29.816,0.585,6,6.00
RL,7902,29.815,0.586,6,6.00
RL,7903,29.814,0.587,6,6.00
RL,7904,29.813,0.588,6,6.00
RL,7905,29.812,0.589,6,6.00
RL,7906,29.811,0.589,6,6.00
RL,7907,29.810,0.590,6,6.00
RL,7908,29.809,0.591,6,6.00
RL,7909,29.808,0.592,6,6.00
RL,7910,29.807,0.593,6,6.00
RL,7911,29.806,0.594,6,6.00
RL,7912,29.805,0.595,6,6.00
RL,7913,29.804,0.596,6,6.00
RL,7914,29.803,0.597,6,6.00
RL,7915,29.802,0.598,6,6.00
RL,7916,29.801,0.598,6,6.00
RL,7917,29.800,0.599,6,6.00
RL,7918,29.799,0.600,6,6.00
RL,7919,29.797,0.601,6,6.00
RL,7920,29.796,0.602,6,6.00
RL,7921,29.795,0.603,6,6.00
RL,7922,29.794,0.604,6,6.00
RL,7923,29.793,0.605,6,6.00
RL,7924,29.792,0.606,6,6.00
RL,7925,29.791,0.607,6,6.00
RL,7926,29.790,0.608,6,6.00
RL,7927,29.789,0.609,6,6.00
RL,7928,29.788,0.610,6,6.00
RL,7929,29.786,0.611,6,6.00
RL,7930,29.785,0.612,6,6.00
RL,7931,29.784,0.613,6,6.00
RL,7932,29.783,0.614,6,6.00
RL,7933,29.782,0.615,6,6.00
RL,7934,29.781,0.616,6,6.00
RL,7935,29.780,0.616,6,6.00
RL,7936,29.778,0.617,6,6.00
RL,7937,29.777,0.618,6,6.00
RL,7938,29.776,0.619,6,6.00
RL,7939,29.775,0.620,6,6.00
RL,7940,29.774,0.621,6,6.00
RL,7941,29.772,0.622,6,6.00
RL,7942,29.771,0.623,6,6.00
RL,7943,29.770,0.624,6,6.00
RL,7944,29.769,0.625,6,6.00
RL,7945,29.768,0.626,6,6.00
RL,7946,29.767,0.627,6,6.00
RL,7947,29.765,0.628,6,6.00
RL,7948,29.764,0.629,6,6.00
RL,7949,29.763,0.630,6,6.00
RL,7950,29.762,0.631,6,6.00
RL,7951,29.760,0.632,6,6.00
RL,7952,29.759,0.634,6,6.00
RL,7953,29.758,0.635,6,6.00
RL,7954,29.757,0.636,6,6.00
RL,7955,29.756,0.637,6,6.00
RL,7956,29.754,0.638,6,6.00
RL,7957,29.753,0.639,6,6.00
RL,7958,29.752,0.640,6,6.00
RL,7959,29.751,0.641,6,6.00
RL,7960,29.749,0.642,6,6.00
RL,7961,29.748,0.643,6,6.00
RL,7962,29.747,0.644,6,6.00
RL,7963,29.745,0.645,6,6.00
RL,7964,29.744,0.646,6,6.00
RL,7965,29.743,0.647,6,6.00
RL,7966,29.742,0.648,6,6.00
RL,7967,29.740,0.649,6,6.00
RL,7968,29.739,0.650,6,6.00
RL,7969,29.738,0.651,6,6.00
RL,7970,29.736,0.652,6,6.00
RL,7971,29.735,0.653,6,6.00
RL,7972,29.734,0.655,6,6.00
RL,7973,29.733,0.656,6,6.00
RL,7974,29.731,0.657,6,6.00
RL,7975,29.730,0.658,6,6.00
RL,7976,29.729,0.659,6,6.00
RL,7977,29.727,0.660,6,6.00
RL,7978,29.726,0.661,6,6.00
RL,7979,29.725,0.662,6,6.00
RL,7980,29.723,0.663,6,6.00
RL,7981,29.722,0.664,6,6.00
RL,7982,29.721,0.665,6,6.00
RL,7983,29.719,0.667,6,6.00
RL,7984,29.718,0.668,6,6.00
RL,7985,29.716,0.669,6,6.00
RL,7986,29.715,0.670,6,6.00
RL,7987,29.714,0.671,6,6.00
RL,7988,29.712,0.672,6,6.00
RL,7989,29.711,0.673,6,6.00
RL,7990,29.710,0.674,6,6.00
RL,7991,29.708,0.675,6,6.00
RL,7992,29.707,0.677,6,6.00
RL,7993,29.705,0.678,6,6.00
RL,7994,29.704,0.679,6,6.00
RL,7995,29.703,0.680,6,6.00
RL,7996,29.701,0.681,6,6.00
RL,7997,29.700,0.682,6,6.00
RL,7998,29.698,0.683,6,6.00
RL,7999,29.697,0.684,6,6.00
RL,8000,29.696,0.686,6,6.00
RL,8001,29.694,0.687,6,6.00
RL,8002,29.693,0.688,6,6.00
RL,8003,29.691,0.689,6,6.00
RL,8004,29.690,0.690,6,6.00
RL,8005,29.688,0.691,6,6.00
RL,8006,29.687,0.693,6,6.00
RL,8007,29.686,0.694,6,6.00
RL,8008,29.684,0.695,6,6.00
RL,8009,29.683,0.696,6,6.00
RL,8010,29.681,0.697,6,6.00
RL,8011,29.680,0.698,6,6.00
RL,8012,29.678,0.699,6,6.00
RL,8013,29.677,0.701,6,6.00
RL,8014,29.675,0.702,6,6.00
RL,8015,29.674,0.703,6,6.00
RL,8016,29.672,0.704,6,6.00
RL,8017,29.671,0.705,6,6.00
RL,8018,29.669,0.706,6,6.00
RL,8019,29.668,0.708,6,6.00
RL,8020,29.666,0.709,6,6.00
RL,8021,29.665,0.710,6,6.00
RL,8022,29.663,0.711,6,6.00
RL,8023,29.662,0.712,6,6.00
RL,8024,29.660,0.713,6,6.00
RL,8025,29.659,0.715,6,6.00
RL,8026,29.657,0.716,6,6.00
RL,8027,29.656,0.717,6,6.00
RL,8028,29.654,0.718,6,6.00
RL,8029,29.653,0.719,6,6.00
RL,8030,29.651,0.721,6,6.00
RL,8031,29.650,0.722,6,6.00
RL,8032,29.648,0.723,6,6.00
RL,8033,29.647,0.724,6,6.00
RL,8034,29.645,0.725,6,6.00
RL,8035,29.644,0.727,6,6.00
RL,8036,29.642,0.728,6,6.00
RL,8037,29.641,0.729,6,6.00
RL,8038,29.639,0.730,6,6.00
RL,8039,29.637,0.731,6,6.00
RL,8040,29.636,0.733,6,6.00
RL,8041,29.634,0.734,6,6.00
RL,8042,29.633,0.735,6,6.00
RL,8043,29.631,0.736,6,6.00
RL,8044,29.630,0.737,6,6.00
RL,8045,29.628,0.739,6,6.00
RL,8046,29.627,0.740,6,6.00
RL,8047,29.625,0.741,6,6.00
RL,8048,29.623,0.742,6,6.00
RL,8049,29.622,0.743,6,6.00
RL,8050,29.620,0.745,6,6.00
RL,8051,29.619,0.746,6,6.00
RL,8052,29.617,0.747,6,6.00
RL,8053,29.615,0.748,6,6.00
RL,8054,29.614,0.750,6,6.00
RL,8055,29.612,0.751,6,6.00
RL,8056,29.611,0.752,6,6.00
RL,8057,29.609,0.753,6,6.00
RL,8058,29.607,0.754,6,6.00
RL,8059,29.606,0.756,6,6.00
RL,8060,29.604,0.757,6,6.00
RL,8061,29.603,0.758,6,6.00
RL,8062,29.601,0.759,6,6.00
RL,8063,29.599,0.761,6,6.00
RL,8064,29.598,0.762,6,6.00
RL,8065,29.596,0.763,6,6.00
RL,8066,29.595,0.764,6,6.00
RL,8067,29.593,0.765,6,6.00
RL,8068,29.591,0.767,6,6.00
RL,8069,29.590,0.768,6,6.00
RL,8070,29.588,0.769,6,6.00
RL,8071,29.587,0.770,6,6.00
RL,8072,29.585,0.772,6,6.00
RL,8073,29.583,0.773,6,6.00
RL,8074,29.582,0.774,6,6.00
RL,8075,29.580,0.775,6,6.00
RL,8076,29.578,0.777,6,6.00
RL,8077,29.577,0.778,6,6.00
RL,8078,29.575,0.779,6,6.00
RL,8079,29.574,0.780,6,6.00
RL,8080,29.572,0.782,6,6.00
RL,8081,29.570,0.783,6,6.00
RL,8082,29.569,0.784,6,6.00
RL,8083,29.567,0.785,6,6.00
RL,8084,29.565,0.787,6,6.00
RL,8085,29.564,0.788,6,6.00
RL,8086,29.562,0.789,6,6.00
RL,8087,29.561,0.790,6,6.00
RL,8088,29.559,0.792,6,6.00
RL,8089,29.557,0.793,6,6.00
RL,8090,29.556,0.794,6,6.00
RL,8091,29.554,0.795,6,6.00
RL,8092,29.552,0.797,6,6.00
RL,8093,29.551,0.798,6,6.00
RL,8094,29.549,0.799,6,6.00
RL,8095,29.548,0.800,6,6.00
RL,8096,29.546,0.802,6,6.00
RL,8097,29.544,0.803,6,6.00
RL,8098,29.543,0.804,6,6.00
RL,8099,29.541,0.805,6,6.00
RL,8100,29.539,0.807,6,6.00
RL,8101,29.538,0.808,6,6.00
RL,8102,29.536,0.809,6,6.00
RL,8103,29.535,0.810,6,6.00
RL,8104,29.533,0.812,6,6.00
RL,8105,29.531,0.813,6,6.00
RL,8106,29.530,0.814,6,6.00
RL,8107,29.528,0.815,6,6.00
RL,8108,29.526,0.817,6,6.00
RL,8109,29.525,0.818,6,6.00
RL,8110,29.523,0.819,6,6.00
RL,8111,29.522,0.820,6,6.00
RL,8112,29.520,0.822,6,6.00
RL,8113,29.518,0.823,6,6.00
RL,8114,29.517,0.824,6,6.00
RL,8115,29.515,0.825,6,6.00
RL,8116,29.513,0.827,6,6.00
RL,8117,29.512,0.828,6,6.00
RL,8118,29.510,0.829,6,6.00
RL,8119,29.509,0.830,6,6.00
RL,8120,29.507,0.832,6,6.00
RL,8121,29.505,0.833,6,6.00
RL,8122,29.504,0.834,6,6.00
RL,8123,29.502,0.835,6,6.00
RL,8124,29.501,0.837,6,6.00
RL,8125,29.499,0.838,6,6.00
RL,8126,29.497,0.839,6,6.00
RL,8127,29.496,0.840,6,6.00
RL,8128,29.494,0.842,6,6.00
RL,8129,29.493,0.843,6,6.00
RL,8130,29.491,0.844,6,6.00
RL,8131,29.490,0.845,6,6.00
RL,8132,29.488,0.847,6,6.00
RL,8133,29.486,0.848,6,6.00
RL,8134,29.485,0.849,6,6.00
RL,8135,29.483,0.850,6,6.00
RL,8136,29.482,0.852,6,6.00
RL,8137,29.480,0.853,6,6.00
RL,8138,29.479,0.854,6,6.00
RL,8139,29.477,0.855,6,6.00
RL,8140,29.475,0.857,6,6.00
RL,8141,29.474,0.858,6,6.00
RL,8142,29.472,0.859,6,6.00
RL,8143,29.471,0.860,6,6.00
RL,8144,29.469,0.862,6,6.00
RL,8145,29.468,0.863,6,6.00
RL,8146,29.466,0.864,6,6.00
RL,8147,29.465,0.865,6,6.00
RL,8148,29.463,0.867,6,6.00
RL,8149,29.462,0.868,6,6.00
RL,8150,29.460,0.869,6,6.00
RL,8151,29.458,0.870,6,6.00
RL,8152,29.457,0.872,6,6.00
RL,8153,29.455,0.873,6,6.00
RL,8154,29.454,0.874,6,6.00
RL,8155,29.452,0.875,6,6.00
RL,8156,29.451,0.876,6,6.00
RL,8157,29.449,0.878,6,6.00
RL,8158,29.448,0.879,6,6.00
RL,8159,29.446,0.880,6,6.00
RL,8160,29.445,0.881,6,6.00
RL,8161,29.443,0.883,6,6.00
RL,8162,29.442,0.884,6,6.00
RL,8163,29.440,0.885,6,6.00
RL,8164,29.439,0.886,6,6.00
RL,8165,29.437,0.888,6,6.00
RL,8166,29.436,0.889,6,6.00
RL,8167,29.435,0.890,6,6.00
RL,8168,29.433,0.891,6,6.00
RL,8169,29.432,0.893,6,6.00
RL,8170,29.430,0.894,6,6.00
RL,8171,29.429,0.895,6,6.00
RL,8172,29.427,0.896,6,6.00
RL,8173,29.426,0.897,6,6.00
RL,8174,29.424,0.899,6,6.00
RL,8175,29.423,0.900,6,6.00
RL,8176,29.422,0.901,6,6.00
RL,8177,29.420,0.902,6,6.00
RL,8178,29.419,0.904,6,6.00
RL,8179,29.417,0.905,6,6.00
RL,8180,29.416,0.906,6,6.00
RL,8181,29.415,0.907,6,6.00
RL,8182,29.413,0.908,6,6.00
RL,8183,29.412,0.910,6,6.00
RL,8184,29.410,0.911,6,6.00
RL,8185,29.409,0.912,6,6.00
RL,8186,29.408,0.913,6,6.00
RL,8187,29.406,0.915,6,6.00
RL,8188,29.405,0.916,6,6.00
RL,8189,29.404,0.917,6,6.00
RL,8190,29.402,0.918,6,6.00
RL,8191,29.401,0.919,6,6.00
RL,8192,29.400,0.921,6,6.00
RL,8193,29.398,0.922,6,6.00
RL,8194,29.397,0.923,6,6.00
RL,8195,29.396,0.924,6,6.00
RL,8196,29.394,0.925,6,6.00
RL,8197,29.393,0.927,6,6.00
RL,8198,29.392,0.928,6,6.00
RL,8199,29.390,0.929,6,6.00
RL,8200,29.389,0.930,6,6.00
RL,8201,29.388,0.931,6,6.00
RL,8202,29.386,0.933,6,6.00
RL,8203,29.385,0.934,6,6.00
RL,8204,29.384,0.935,6,6.00
RL,8205,29.383,0.936,6,6.00
RL,8206,29.381,0.937,6,6.00
RL,8207,29.380,0.938,6,6.00
RL,8208,29.379,0.940,6,6.00
RL,8209,29.378,0.941,6,6.00
RL,8210,29.376,0.942,6,6.00
RL,8211,29.375,0.943,6,6.00
RL,8212,29.374,0.944,6,6.00
RL,8213,29.373,0.946,6,6.00
RL,8214,29.372,0.947,6,6.00
RL,8215,29.370,0.948,6,6.00
RL,8216,29.369,0.949,6,6.00
RL,8217,29.368,0.950,6,6.00
RL,8218,29.367,0.951,6,6.00
RL,8219,29.366,0.953,6,6.00
RL,8220,29.365,0.954,6,6.00
RL,8221,29.363,0.955,6,6.00
RL,8222,29.362,0.956,6,6.00
RL,8223,29.361,0.957,6,6.00
RL,8224,29.360,0.958,6,6.00
RL,8225,29.359,0.960,6,6.00
RL,8226,29.358,0.961,6,6.00
RL,8227,29.357,0.962,6,6.00
RL,8228,29.356,0.963,6,6.00
RL,8229,29.354,0.964,6,6.00
RL,8230,29.353,0.965,6,6.00
RL,8231,29.352,0.966,6,6.00
RL,8232,29.351,0.968,6,6.00
RL,8233,29.350,0.969,6,6.00
RL,8234,29.349,0.970,6,6.00
RL,8235,29.348,0.971,6,6.00
RL,8236,29.347,0.972,6,6.00
RL,8237,29.346,0.973,6,6.00
RL,8238,29.345,0.974,6,6.00
RL,8239,29.344,0.976,6,6.00
RL,8240,29.343,0.977,6,6.00
RL,8241,29.342,0.978,6,6.00
RL,8242,29.341,0.979,6,6.00
RL,8243,29.340,0.980,6,6.00
RL,8244,29.339,0.981,6,6.00
RL,8245,29.338,0.982,6,6.00
RL,8246,29.337,0.983,6,6.00
RL,8247,29.336,0.985,6,6.00
RL,8248,29.335,0.986,6,6.00
RL,8249,29.334,0.987,6,6.00
RL,8250,29.333,0.988,6,6.00
RL,8251,29.333,0.989,6,6.00
RL,8252,29.332,0.990,6,6.00
RL,8253,29.331,0.991,6,6.00
RL,8254,29.330,0.992,6,6.00
RL,8255,29.329,0.993,6,6.00
RL,8256,29.328,0.994,6,6.00
RL,8257,29.327,0.996,6,6.00
RL,8258,29.326,0.997,6,6.00
RL,8259,29.326,0.998,6,6.00
RL,8260,29.325,0.999,6,6.00
RL,8261,29.324,1.000,6,6.00
RL,8262,29.323,1.001,6,6.00
RL,8263,29.322,1.002,6,6.00
RL,8264,29.322,1.003,6,6.00
RL,8265,29.321,1.004,6,6.00
RL,8266,29.320,1.005,6,6.00
RL,8267,29.319,1.006,6,6.00
RL,8268,29.319,1.007,6,6.00
RL,8269,29.318,1.008,6,6.00
RL,8270,29.317,1.009,6,6.00
RL,8271,29.316,1.011,6,6.00
RL,8272,29.316,1.012,6,6.00
RL,8273,29.315,1.013,6,6.00
RL,8274,29.314,1.014,6,6.00
RL,8275,29.314,1.015,6,6.00
RL,8276,29.313,1.016,6,6.00
RL,8277,29.312,1.017,6,6.00
RL,8278,29.312,1.018,6,6.00
RL,8279,29.311,1.019,6,6.00
RL,8280,29.310,1.020,6,6.00
RL,8281,29.310,1.021,6,6.00
RL,8282,29.309,1.022,6,6.00
RL,8283,29.309,1.023,6,6.00
RL,8284,29.308,1.024,6,6.00
RL,8285,29.307,1.025,6,6.00
RL,8286,29.307,1.026,6,6.00
RL,8287,29.306,1.027,6,6.00
RL,8288,29.306,1.028,6,6.00
RL,8289,29.305,1.029,6,6.00
RL,8290,29.305,1.030,6,6.00
RL,8291,29.304,1.031,6,6.00
RL,8292,29.304,1.032,6,6.00
RL,8293,29.303,1.033,6,6.00
RL,8294,29.303,1.034,6,6.00
RL,8295,29.302,1.035,6,6.00
RL,8296,29.302,1.036,6,6.00
RL,8297,29.301,1.037,6,6.00
RL,8298,29.301,1.038,6,6.00
RL,8299,29.301,1.039,6,6.00
RL,8300,29.300,1.040,6,6.00
RL,8301,29.300,1.041,6,6.00
RL,8302,29.299,1.042,6,6.00
RL,8303,29.299,1.043,6,6.00
RL,8304,29.299,1.044,6,6.00
RL,8305,29.298,1.045,6,6.00
RL,8306,29.298,1.046,6,6.00
RL,8307,29.298,1.047,6,6.00
RL,8308,29.297,1.048,6,6.00
RL,8309,29.297,1.049,6,6.00
RL,8310,29.297,1.049,6,6.00
RL,8311,29.297,1.050,6,6.00
RL,8312,29.296,1.051,6,6.00
RL,8313,29.296,1.052,6,6.00
RL,8314,29.296,1.053,6,6.00
RL,8315,29.296,1.054,6,6.00
RL,8316,29.295,1.055,6,6.00
RL,8317,29.295,1.056,6,6.00
RL,8318,29.295,1.057,6,6.00
RL,8319,29.295,1.058,6,6.00
RL,8320,29.295,1.059,6,6.00
RL,8321,29.295,1.060,6,6.00
RL,8322,29.294,1.061,6,6.00
RL,8323,29.294,1.061,6,6.00
RL,8324,29.294,1.062,6,6.00
RL,8325,29.294,1.063,6,6.00
RL,8326,29.294,1.064,6,6.00
RL,8327,29.294,1.065,6,6.00
RL,8328,29.294,1.066,6,6.00
RL,8329,29.294,1.067,6,6.00
RL,8330,29.294,1.068,6,6.00
RL,8331,29.294,1.069,6,6.00
RL,8332,29.294,1.069,6,6.00
RL,8333,29.294,1.070,6,6.00
RL,8334,29.294,1.071,6,6.00
RL,8335,29.294,1.072,6,6.00
RL,8336,29.294,1.073,6,6.00
RL,8337,29.294,1.074,6,6.00
RL,8338,29.294,1.075,6,6.00
RL,8339,29.294,1.075,6,6.00
RL,8340,29.294,1.076,6,6.00
RL,8341,29.295,1.077,6,6.00
RL,8342,29.295,1.078,6,6.00
RL,8343,29.295,1.079,6,6.00
RL,8344,29.295,1.080,6,6.00
RL,8345,29.295,1.080,6,6.00
RL,8346,29.295,1.081,6,6.00
RL,8347,29.296,1.082,6,6.00
RL,8348,29.296,1.083,6,6.00
RL,8349,29.296,1.084,6,6.00
RL,8350,29.296,1.084,6,6.00
RL,8351,29.297,1.085,6,6.00
RL,8352,29.297,1.086,6,6.00
RL,8353,29.297,1.087,6,6.00
RL,8354,29.297,1.088,6,6.00
RL,8355,29.298,1.088,6,6.00
RL,8356,29.298,1.089,6,6.00
RL,8357,29.299,1.090,6,6.00
RL,8358,29.299,1.091,6,6.00
RL,8359,29.299,1.091,6,6.00
RL,8360,29.300,1.092,6,6.00
RL,8361,29.300,1.093,6,6.00
RL,8362,29.301,1.094,6,6.00
RL,8363,29.301,1.094,6,6.00
RL,8364,29.301,1.095,6,6.00
RL,8365,29.302,1.096,6,6.00
RL,8366,29.302,1.097,6,6.00
RL,8367,29.303,1.097,6,6.00
RL,8368,29.303,1.098,6,6.00
RL,8369,29.304,1.099,6,6.00
RL,8370,29.305,1.100,6,6.00
RL,8371,29.305,1.100,6,6.00
RL,8372,29.306,1.101,6,6.00
RL,8373,29.306,1.102,6,6.00
RL,8374,29.307,1.102,6,6.00
RL,8375,29.308,1.103,6,6.00
RL,8376,29.308,1.104,6,6.00
RL,8377,29.309,1.104,6,6.00
RL,8378,29.310,1.105,6,6.00
RL,8379,29.310,1.106,6,6.00
RL,8380,29.311,1.106,6,6.00
RL,8381,29.312,1.107,6,6.00
RL,8382,29.312,1.108,6,6.00
RL,8383,29.313,1.108,6,6.00
RL,8384,29.314,1.109,6,6.00
RL,8385,29.315,1.110,6,6.00
RL,8386,29.316,1.110,6,6.00
RL,8387,29.316,1.111,6,6.00
RL,8388,29.317,1.112,6,6.00
RL,8389,29.318,1.112,6,6.00
RL,8390,29.319,1.113,6,6.00
RL,8391,29.320,1.114,6,6.00
RL,8392,29.321,1.114,6,6.00
RL,8393,29.322,1.115,6,6.00
RL,8394,29.323,1.115,6,6.00
RL,8395,29.324,1.116,6,6.00
RL,8396,29.325,1.117,6,6.00
RL,8397,29.326,1.117,6,6.00
RL,8398,29.327,1.118,6,6.00
RL,8399,29.328,1.118,6,6.00
RL,8400,29.329,1.119,6,6.00
RL,8401,29.330,1.120,6,6.00
RL,8402,29.331,1.120,6,6.00
RL,8403,29.332,1.121,6,6.00
RL,8404,29.333,1.121,6,6.00
RL,8405,29.334,1.122,6,6.00
RL,8406,29.335,1.123,6,6.00
RL,8407,29.337,1.123,6,6.00
RL,8408,29.338,1.124,6,6.00
RL,8409,29.339,1.124,6,6.00
RL,8410,29.340,1.125,6,6.00
RL,8411,29.341,1.125,6,6.00
RL,8412,29.343,1.126,6,6.00
RL,8413,29.344,1.126,6,6.00
RL,8414,29.345,1.127,6,6.00
RL,8415,29.347,1.127,6,6.00
RL,8416,29.348,1.128,6,6.00
RL,8417,29.349,1.128,6,6.00
RL,8418,29.351,1.129,6,6.00
RL,8419,29.352,1.129,6,6.00
RL,8420,29.353,1.130,6,6.00
RL,8421,29.355,1.130,6,6.00
RL,8422,29.356,1.131,6,6.00
RL,8423,29.358,1.131,6,6.00
RL,8424,29.359,1.132,6,6.00
RL,8425,29.361,1.132,6,6.00
RL,8426,29.362,1.133,6,6.00
RL,8427,29.364,1.133,6,6.00
RL,8428,29.365,1.134,6,6.00
RL,8429,29.367,1.134,6,6.00
RL,8430,29.369,1.135,6,6.00
RL,8431,29.370,1.135,6,6.00
RL,8432,29.372,1.136,6,6.00
RL,8433,29.373,1.136,6,6.00
RL,8434,29.375,1.137,6,6.00
RL,8435,29.377,1.137,6,6.00
RL,8436,29.379,1.137,6,6.00
RL,8437,29.380,1.138,6,6.00
RL,8438,29.382,1.138,6,6.00
RL,8439,29.384,1.139,6,6.00
RL,8440,29.386,1.139,6,6.00
RL,8441,29.387,1.140,6,6.00
RL,8442,29.389,1.140,6,6.00
RL,8443,29.391,1.140,6,6.00
RL,8444,29.393,1.141,6,6.00
RL,8445,29.395,1.141,6,6.00
RL,8446,29.397,1.142,6,6.00
RL,8447,29.399,1.142,6,6.00
RL,8448,29.401,1.142,6,6.00
RL,8449,29.403,1.143,6,6.00
RL,8450,29.405,1.143,6,6.00
RL,8451,29.407,1.144,6,6.00
RL,8452,29.409,1.144,6,6.00
RL,8453,29.411,1.144,6,6.00
RL,8454,29.413,1.145,6,6.00
RL,8455,29.415,1.145,6,6.00
RL,8456,29.417,1.145,6,6.00
RL,8457,29.419,1.146,6,6.00
RL,8458,29.421,1.146,6,6.00
RL,8459,29.423,1.146,6,6.00
RL,8460,29.425,1.147,6,6.00
RL,8461,29.428,1.147,6,6.00
RL,8462,29.430,1.147,6,6.00
RL,8463,29.432,1.148,6,6.00
RL,8464,29.434,1.148,6,6.00
RL,8465,29.437,1.148,6,6.00
RL,8466,29.439,1.149,6,6.00
RL,8467,29.441,1.149,6,6.00
RL,8468,29.444,1.149,6,6.00
RL,8469,29.446,1.150,6,6.00
RL,8470,29.449,1.150,6,6.00
RL,8471,29.451,1.150,6,6.00
RL,8472,29.453,1.151,6,6.00
RL,8473,29.456,1.151,6,6.00
RL,8474,29.458,1.151,6,6.00
RL,8475,29.461,1.151,6,6.00
RL,8476,29.463,1.152,6,6.00
RL,8477,29.466,1.152,6,6.00
RL,8478,29.468,1.152,6,6.00
RL,8479,29.471,1.152,6,6.00
RL,8480,29.474,1.153,6,6.00
RL,8481,29.476,1.153,6,6.00
RL,8482,29.479,1.153,6,6.00
RL,8483,29.482,1.153,6,6.00
RL,8484,29.484,1.154,6,6.00
RL,8485,29.487,1.154,6,6.00
RL,8486,29.490,1.154,6,6.00
RL,8487,29.493,1.154,6,6.00
RL,8488,29.495,1.155,6,6.00
RL,8489,29.498,1.155,6,6.00
RL,8490,29.501,1.155,6,6.00
RL,8491,29.504,1.155,6,6.00
RL,8492,29.507,1.156,6,6.00
RL,8493,29.510,1.156,6,6.00
RL,8494,29.513,1.156,6,6.00
RL,8495,29.516,1.156,6,6.00
RL,8496,29.518,1.156,6,6.00
RL,8497,29.521,1.157,6,6.00
RL,8498,29.524,1.157,6,6.00
RL,8499,29.528,1.157,6,6.00
RL,8500,29.531,1.157,6,6.00
RL,8501,29.534,1.157,6,6.00
RL,8502,29.537,1.158,6,6.00
RL,8503,29.540,1.158,6,6.00
RL,8504,29.543,1.158,6,6.00
RL,8505,29.546,1.158,6,6.00
RL,8506,29.549,1.158,6,6.00
RL,8507,29.553,1.158,6,6.00
RL,8508,29.556,1.159,6,6.00
RL,8509,29.559,1.159,6,6.00
RL,8510,29.562,1.159,6,6.00
RL,8511,29.566,1.159,6,6.00
RL,8512,29.569,1.159,6,6.00
RL,8513,29.572,1.159,6,6.00
RL,8514,29.576,1.159,6,6.00
RL,8515,29.579,1.160,6,6.00
RL,8516,29.583,1.160,6,6.00
RL,8517,29.586,1.160,6,6.00
RL,8518,29.590,1.160,6,6.00
RL,8519,29.593,1.160,6,6.00
RL,8520,29.597,1.160,6,6.00
RL,8521,29.600,1.160,6,6.00
RL,8522,29.604,1.160,6,6.00
RL,8523,29.607,1.161,6,6.00
RL,8524,29.611,1.161,6,6.00
RL,8525,29.615,1.161,6,6.00
RL,8526,29.618,1.161,6,6.00
RL,8527,29.622,1.161,6,6.00
RL,8528,29.626,1.161,6,6.00
RL,8529,29.629,1.161,6,6.00
RL,8530,29.633,1.161,6,6.00
RL,8531,29.637,1.161,6,6.00
RL,8532,29.641,1.161,6,6.00
RL,8533,29.645,1.161,6,6.00
RL,8534,29.649,1.161,6,6.00
RL,8535,29.652,1.161,6,6.00
RL,8536,29.656,1.162,6,6.00
RL,8537,29.660,1.162,6,6.00
RL,8538,29.664,1.162,6,6.00
RL,8539,29.668,1.162,6,6.00
RL,8540,29.672,1.162,6,6.00
RL,8541,29.676,1.162,6,6.00
RL,8542,29.680,1.162,6,6.00
RL,8543,29.685,1.162,6,6.00
RL,8544,29.689,1.162,6,6.00
RL,8545,29.693,1.162,6,6.00
RL,8546,29.697,1.162,6,6.00
RL,8547,29.701,1.162,6,6.00
RL,8548,29.705,1.162,6,6.00
RL,8549,29.710,1.162,6,6.00
RL,8550,29.714,1.162,6,6.00
RL,8551,29.718,1.162,6,6.00
RL,8552,29.723,1.162,6,6.00
RL,8553,29.727,1.162,6,6.00
RL,8554,29.731,1.162,6,6.00
RL,8555,29.736,1.162,6,6.00
RL,8556,29.740,1.162,6,6.00
RL,8557,29.745,1.162,6,6.00
RL,8558,29.749,1.162,6,6.00
RL,8559,29.754,1.162,6,6.00
RL,8560,29.758,1.162,6,6.00
RL,8561,29.763,1.162,6,6.00
RL,8562,29.767,1.162,6,6.00
RL,8563,29.772,1.162,6,6.00
RL,8564,29.776,1.162,6,6.00
RL,8565,29.781,1.162,6,6.00
RL,8566,29.786,1.162,6,6.00
RL,8567,29.791,1.162,6,6.00
RL,8568,29.795,1.162,6,6.00
RL,8569,29.800,1.162,6,6.00
RL,8570,29.805,1.162,6,6.00
RL,8571,29.810,1.161,6,6.00
RL,8572,29.815,1.161,6,6.00
RL,8573,29.819,1.161,6,6.00
RL,8574,29.824,1.161,6,6.00
RL,8575,29.829,1.161,6,6.00
RL,8576,29.834,1.161,6,6.00
RL,8577,29.839,1.161,6,6.00
RL,8578,29.844,1.161,6,6.00
RL,8579,29.849,1.161,6,6.00
RL,8580,29.854,1.161,6,6.00
RL,8581,29.859,1.161,6,6.00
RL,8582,29.865,1.161,6,6.00
RL,8583,29.870,1.160,6,6.00
RL,8584,29.875,1.160,6,6.00
RL,8585,29.880,1.160,6,6.00
RL,8586,29.885,1.160,6,6.00
RL,8587,29.891,1.160,6,6.00
RL,8588,29.896,1.160,6,6.00
RL,8589,29.901,1.160,6,6.00
RL,8590,29.907,1.160,6,6.00
RL,8591,29.912,1.160,6,6.00
RL,8592,29.917,1.159,6,6.00
RL,8593,29.923,1.159,6,6.00
RL,8594,29.928,1.159,6,6.00
RL,8595,29.934,1.159,6,6.00
RL,8596,29.939,1.159,6,6.00
RL,8597,29.945,1.159,6,6.00
RL,8598,29.950,1.159,6,6.00
RL,8599,29.956,1.158,6,6.00
RL,8600,29.961,1.158,6,6.00
RL,8601,29.967,1.158,6,6.00
RL,8602,29.973,1.158,6,6.00
RL,8603,29.979,1.158,6,6.00
RL,8604,29.984,1.158,6,6.00
RL,8605,29.990,1.158,6,6.00
RL,8606,29.996,1.157,6,6.00
RL,8607,30.002,1.157,6,6.00
RL,8608,30.008,1.157,6,6.00
RL,8609,30.013,1.157,6,6.00
RL,8610,30.019,1.157,6,6.00
RL,8611,30.025,1.156,6,6.00
RL,8612,30.031,1.156,6,6.00
RL,8613,30.037,1.156,6,6.00
RL,8614,30.043,1.156,6,6.00
RL,8615,30.049,1.156,6,6.00
RL,8616,30.055,1.156,6,6.00
RL,8617,30.062,1.155,6,6.00
RL,8618,30.068,1.155,6,6.00
RL,8619,30.074,1.155,6,6.00
RL,8620,30.080,1.155,6,6.00
RL,8621,30.086,1.154,6,6.00
RL,8622,30.093,1.154,6,6.00
RL,8623,30.099,1.154,6,6.00
RL,8624,30.105,1.154,6,6.00
RL,8625,30.112,1.154,6,6.00
RL,8626,30.118,1.153,6,6.00
RL,8627,30.124,1.153,6,6.00
RL,8628,30.131,1.153,6,6.00
RL,8629,30.137,1.153,6,6.00
RL,8630,30.144,1.152,6,6.00
RL,8631,30.150,1.152,6,6.00
RL,8632,30.157,1.152,6,6.00
RL,8633,30.163,1.152,6,6.00
RL,8634,30.170,1.151,6,6.00
RL,8635,30.177,1.151,6,6.00
RL,8636,30.183,1.151,6,6.00
RL,8637,30.190,1.151,6,6.00
RL,8638,30.197,1.150,6,6.00
RL,8639,30.204,1.150,6,6.00
RL,8640,30.211,1.150,6,6.00
RL,8641,30.217,1.150,6,6.00
RL,8642,30.224,1.149,6,6.00
RL,8643,30.231,1.149,6,6.00
RL,8644,30.238,1.149,6,6.00
RL,8645,30.245,1.148,6,6.00
RL,8646,30.252,1.148,6,6.00
RL,8647,30.259,1.148,6,6.00
RL,8648,30.266,1.148,6,6.00
RL,8649,30.273,1.147,6,6.00
RL,8650,30.280,1.147,6,6.00
RL,8651,30.287,1.147,6,6.00
RL,8652,30.295,1.146,6,6.00
RL,8653,30.302,1.146,6,6.00
RL,8654,30.309,1.146,6,6.00
RL,8655,30.316,1.145,6,6.00
RL,8656,30.323,1.145,6,6.00
RL,8657,30.331,1.145,6,6.00
RL,8658,30.338,1.145,6,6.00
RL,8659,30.345,1.144,6,6.00
RL,8660,30.353,1.144,6,6.00
RL,8661,30.360,1.144,6,6.00
RL,8662,30.368,1.143,6,6.00
RL,8663,30.375,1.143,6,6.00
RL,8664,30.383,1.143,6,6.00
RL,8665,30.390,1.142,6,6.00
RL,8666,30.398,1.142,6,6.00
RL,8667,30.405,1.142,6,6.00
RL,8668,30.413,1.141,6,6.00
RL,8669,30.421,1.141,6,6.00
RL,8670,30.428,1.140,6,5.99
RL,8671,30.436,1.140,6,5.99
RL,8672,30.444,1.140,6,5.99
RL,8673,30.451,1.139,6,5.99
RL,8674,30.459,1.139,6,5.99
RL,8675,30.467,1.139,6,5.99
RL,8676,30.475,1.138,6,5.98
RL,8677,30.482,1.138,6,5.98
RL,8678,30.490,1.138,6,5.98
RL,8679,30.498,1.137,6,5.98
RL,8680,30.506,1.137,6,5.97
RL,8681,30.514,1.136,6,5.97
RL,8682,30.522,1.136,6,5.97
RL,8683,30.530,1.136,6,5.96
RL,8684,30.538,1.135,6,5.96
RL,8685,30.546,1.135,6,5.96
RL,8686,30.554,1.134,6,5.95
RL,8687,30.562,1.134,6,5.95
RL,8688,30.570,1.134,6,5.94
RL,8689,30.578,1.133,6,5.94
RL,8690,30.587,1.133,6,5.94
RL,8691,30.595,1.132,6,5.93
RL,8692,30.603,1.132,6,5.93
RL,8693,30.611,1.132,6,5.92
RL,8694,30.619,1.131,6,5.92
RL,8695,30.628,1.131,6,5.91
RL,8696,30.636,1.130,6,5.91
RL,8697,30.644,1.130,6,5.90
RL,8698,30.653,1.130,6,5.90
RL,8699,30.661,1.129,6,5.89
RL,8700,30.669,1.129,6,5.89
RL,8701,30.678,1.128,6,5.88
RL,8702,30.686,1.128,6,5.87
RL,8703,30.695,1.127,6,5.87
RL,8704,30.703,1.127,6,5.86
RL,8705,30.712,1.127,6,5.85
RL,8706,30.720,1.126,6,5.85
RL,8707,30.729,1.126,6,5.84
RL,8708,30.737,1.125,6,5.83
RL,8709,30.746,1.125,6,5.83
RL,8710,30.754,1.124,6,5.82
RL,8711,30.763,1.124,6,5.81
RL,8712,30.772,1.123,6,5.81
RL,8713,30.780,1.123,6,5.80
RL,8714,30.789,1.122,6,5.79
RL,8715,30.798,1.122,6,5.78
RL,8716,30.806,1.122,6,5.77
RL,8717,30.815,1.121,6,5.77
RL,8718,30.824,1.121,6,5.76
RL,8719,30.833,1.120,6,5.75
RL,8720,30.841,1.120,6,5.74
RL,8721,30.850,1.119,6,5.73
RL,8722,30.859,1.119,6,5.72
RL,8723,30.868,1.118,6,5.72
RL,8724,30.877,1.118,6,5.71
RL,8725,30.886,1.117,6,5.70
RL,8726,30.895,1.117,6,5.69
RL,8727,30.903,1.116,6,5.68
RL,8728,30.912,1.116,6,5.67
RL,8729,30.921,1.115,6,5.66
RL,8730,30.930,1.115,6,5.65
RL,8731,30.939,1.114,6,5.64
RL,8732,30.948,1.114,6,5.63
RL,8733,30.957,1.113,6,5.62
RL,8734,30.967,1.113,6,5.61
RL,8735,30.976,1.112,6,5.60
RL,8736,30.985,1.112,6,5.59
RL,8737,30.994,1.111,6,5.58
RL,8738,31.003,1.111,6,5.57
RL,8739,31.012,1.110,6,5.56
RL,8740,31.021,1.110,6,5.55
RL,8741,31.030,1.109,6,5.54
RL,8742,31.040,1.109,6,5.53
RL,8743,31.049,1.108,6,5.52
RL,8744,31.058,1.108,6,5.51
RL,8745,31.067,1.107,6,5.50
RL,8746,31.077,1.106,6,5.49
RL,8747,31.086,1.106,6,5.48
RL,8748,31.095,1.105,6,5.47
RL,8749,31.104,1.105,6,5.45
RL,8750,31.114,1.104,6,5.44
RL,8751,31.123,1.104,6,5.43
RL,8752,31.132,1.103,6,5.42
RL,8753,31.142,1.103,6,5.41
RL,8754,31.151,1.102,6,5.40
RL,8755,31.161,1.102,6,5.39
RL,8756,31.170,1.101,6,5.37
RL,8757,31.179,1.100,6,5.36
RL,8758,31.189,1.100,6,5.35
RL,8759,31.198,1.099,6,5.34
RL,8760,31.208,1.099,6,5.33
RL,8761,31.217,1.098,6,5.31
RL,8762,31.227,1.098,6,5.30
RL,8763,31.236,1.097,6,5.29
RL,8764,31.246,1.096,6,5.28
RL,8765,31.255,1.096,6,5.26
RL,8766,31.265,1.095,6,5.25
RL,8767,31.275,1.095,6,5.24
RL,8768,31.284,1.094,6,5.23
RL,8769,31.294,1.094,6,5.21
RL,8770,31.303,1.093,6,5.20
RL,8771,31.313,1.092,6,5.19
RL,8772,31.323,1.092,6,5.17
RL,8773,31.332,1.091,6,5.16
RL,8774,31.342,1.091,6,5.15
RL,8775,31.352,1.090,6,5.13
RL,8776,31.361,1.089,6,5.12
RL,8777,31.371,1.089,6,5.10
RL,8778,31.381,1.088,6,5.09
RL,8779,31.390,1.088,6,5.08
RL,8780,31.400,1.087,6,5.06
RL,8781,31.410,1.086,6,5.05
RL,8782,31.420,1.086,6,5.03
RL,8783,31.429,1.085,6,5.02
RL,8784,31.439,1.085,6,5.00
RL,8785,31.449,1.084,6,4.99
RL,8786,31.459,1.083,6,4.97
RL,8787,31.469,1.083,6,4.96
RL,8788,31.478,1.082,6,4.94
RL,8789,31.488,1.081,6,4.93
RL,8790,31.498,1.081,6,4.91
RL,8791,31.508,1.080,6,4.90
RL,8792,31.518,1.080,6,4.88
RL,8793,31.528,1.079,6,4.87
RL,8794,31.538,1.078,6,4.85
RL,8795,31.548,1.078,6,4.84
RL,8796,31.557,1.077,6,4.82
RL,8797,31.567,1.076,6,4.81
RL,8798,31.577,1.076,6,4.79
RL,8799,31.587,1.075,6,4.78
RL,8800,31.597,1.074,6,4.76
RL,8801,31.607,1.074,6,4.75
RL,8802,31.617,1.073,6,4.73
RL,8803,31.627,1.073,6,4.71
RL,8804,31.637,1.072,6,4.70
RL,8805,31.647,1.071,6,4.68
RL,8806,31.657,1.071,6,4.67
RL,8807,31.667,1.070,6,4.65
RL,8808,31.677,1.069,6,4.64
RL,8809,31.687,1.069,6,4.62
RL,8810,31.697,1.068,6,4.60
RL,8811,31.707,1.067,6,4.59
RL,8812,31.717,1.067,6,4.57
RL,8813,31.727,1.066,6,4.56
RL,8814,31.737,1.065,6,4.54
RL,8815,31.747,1.065,6,4.52
RL,8816,31.757,1.064,6,4.51
RL,8817,31.767,1.063,6,4.49
RL,8818,31.777,1.063,6,4.48
RL,8819,31.788,1.062,6,4.46
RL,8820,31.798,1.061,6,4.44
RL,8821,31.808,1.061,6,4.43
RL,8822,31.818,1.060,6,4.41
RL,8823,31.828,1.059,6,4.40
RL,8824,31.838,1.058,6,4.38
RL,8825,31.848,1.058,6,4.36
RL,8826,31.858,1.057,6,4.35
RL,8827,31.868,1.056,6,4.33
RL,8828,31.879,1.056,6,4.32
RL,8829,31.889,1.055,6,4.30
RL,8830,31.899,1.054,6,4.29
RL,8831,31.909,1.054,6,4.27
RL,8832,31.919,1.053,6,4.25
RL,8833,31.929,1.052,6,4.24
RL,8834,31.940,1.052,6,4.22
RL,8835,31.950,1.051,6,4.21
RL,8836,31.960,1.050,6,4.19
RL,8837,31.970,1.049,6,4.18
RL,8838,31.980,1.049,6,4.16
RL,8839,31.991,1.048,6,4.15
RL,8840,32.001,1.047,6,4.13
RL,8841,32.011,1.047,6,4.12
RL,8842,32.021,1.046,6,4.10
RL,8843,32.031,1.045,6,4.09
RL,8844,32.042,1.044,6,4.07
RL,8845,32.052,1.044,6,4.06
RL,8846,32.062,1.043,6,4.04
RL,8847,32.072,1.042,6,4.03
RL,8848,32.082,1.042,6,4.01
RL,8849,32.093,1.041,6,4.00
RL,8850,32.103,1.040,6,3.98
RL,8851,32.113,1.039,6,3.97
RL,8852,32.123,1.039,6,3.95
RL,8853,32.134,1.038,6,3.94
RL,8854,32.144,1.037,6,3.92
RL,8855,32.154,1.036,6,3.91
RL,8856,32.164,1.036,6,3.90
RL,8857,32.175,1.035,6,3.88
RL,8858,32.185,1.034,6,3.87
RL,8859,32.195,1.033,6,3.85
RL,8860,32.205,1.033,6,3.84
RL,8861,32.216,1.032,6,3.83
RL,8862,32.226,1.031,6,3.81
RL,8863,32.236,1.030,6,3.80
RL,8864,32.246,1.030,6,3.79
RL,8865,32.257,1.029,6,3.77
RL,8866,32.267,1.028,6,3.76
RL,8867,32.277,1.027,6,3.75
RL,8868,32.287,1.027,6,3.74
RL,8869,32.298,1.026,6,3.72
RL,8870,32.308,1.025,6,3.71
RL,8871,32.318,1.024,6,3.70
RL,8872,32.328,1.024,6,3.69
RL,8873,32.339,1.023,6,3.67
RL,8874,32.349,1.022,6,3.66
RL,8875,32.359,1.021,6,3.65
RL,8876,32.369,1.021,6,3.64
RL,8877,32.380,1.020,6,3.63
RL,8878,32.390,1.019,6,3.61
RL,8879,32.400,1.018,6,3.60
RL,8880,32.410,1.018,6,3.59
RL,8881,32.420,1.017,6,3.58
RL,8882,32.431,1.016,6,3.57
RL,8883,32.441,1.015,6,3.56
RL,8884,32.451,1.014,6,3.55
RL,8885,32.461,1.014,6,3.54
RL,8886,32.472,1.013,6,3.53
RL,8887,32.482,1.012,6,3.52
RL,8888,32.492,1.011,6,3.51
RL,8889,32.502,1.011,6,3.50
RL,8890,32.513,1.010,6,3.49
RL,8891,32.523,1.009,6,3.48
RL,8892,32.533,1.008,6,3.47
RL,8893,32.543,1.007,6,3.46
RL,8894,32.553,1.007,6,3.45
RL,8895,32.564,1.006,6,3.44
RL,8896,32.574,1.005,6,3.43
RL,8897,32.584,1.004,6,3.42
RL,8898,32.594,1.003,6,3.42
RL,8899,32.604,1.003,6,3.41
RL,8900,32.615,1.002,6,3.40
RL,8901,32.625,1.001,6,3.39
RL,8902,32.635,1.000,6,3.38
RL,8903,32.645,0.999,6,3.38
RL,8904,32.655,0.999,6,3.37
RL,8905,32.665,0.998,6,3.36
RL,8906,32.676,0.997,6,3.36
RL,8907,32.686,0.996,6,3.35
RL,8908,32.696,0.995,6,3.34
RL,8909,32.706,0.995,6,3.34
RL,8910,32.716,0.994,5,3.33
RL,8911,32.726,0.993,5,3.32
RL,8912,32.736,0.992,5,3.32
RL,8913,32.747,0.991,5,3.31
RL,8914,32.757,0.990,4,3.31
RL,8915,32.767,0.990,4,3.30
RL,8916,32.777,0.989,4,3.29
RL,8917,32.787,0.988,4,3.29
RL,8918,32.797,0.987,4,3.28
RL,8919,32.807,0.986,4,3.28
RL,8920,32.817,0.986,4,3.27
RL,8921,32.827,0.985,4,3.27
RL,8922,32.837,0.984,4,3.26
RL,8923,32.847,0.983,4,3.25
RL,8924,32.857,0.982,4,3.25
RL,8925,32.868,0.981,4,3.24
RL,8926,32.878,0.981,4,3.24
RL,8927,32.888,0.980,4,3.23
RL,8928,32.898,0.979,4,3.23
RL,8929,32.908,0.978,4,3.22
RL,8930,32.918,0.977,4,3.22
RL,8931,32.928,0.976,4,3.21
RL,8932,32.938,0.976,4,3.21
RL,8933,32.948,0.975,4,3.20
RL,8934,32.958,0.974,4,3.20
RL,8935,32.967,0.973,4,3.19
RL,8936,32.977,0.972,4,3.19
RL,8937,32.987,0.971,4,3.18
RL,8938,32.997,0.971,4,3.18
RL,8939,33.007,0.970,4,3.17
RL,8940,33.017,0.969,4,3.17
RL,8941,33.027,0.968,4,3.16
RL,8942,33.037,0.967,4,3.16
RL,8943,33.047,0.966,4,3.15
RL,8944,33.057,0.966,4,3.15
RL,8945,33.067,0.965,4,3.15
RL,8946,33.076,0.964,4,3.14
RL,8947,33.086,0.963,4,3.14
RL,8948,33.096,0.962,4,3.13
RL,8949,33.106,0.961,4,3.13
RL,8950,33.116,0.960,4,3.12
RL,8951,33.126,0.960,4,3.12
RL,8952,33.135,0.959,4,3.12
RL,8953,33.145,0.958,4,3.11
RL,8954,33.155,0.957,4,3.11
RL,8955,33.165,0.956,4,3.10
RL,8956,33.174,0.955,4,3.10
RL,8957,33.184,0.954,4,3.10
RL,8958,33.194,0.954,4,3.09
RL,8959,33.204,0.953,4,3.09
RL,8960,33.213,0.952,4,3.09
RL,8961,33.223,0.951,4,3.08
RL,8962,33.233,0.950,4,3.08
RL,8963,33.242,0.949,4,3.08
RL,8964,33.252,0.948,4,3.07
RL,8965,33.262,0.948,4,3.07
RL,8966,33.271,0.947,4,3.07
RL,8967,33.281,0.946,4,3.06
RL,8968,33.290,0.945,4,3.06
RL,8969,33.300,0.944,4,3.06
RL,8970,33.310,0.943,4,3.05
RL,8971,33.319,0.942,4,3.05
RL,8972,33.329,0.942,4,3.05
RL,8973,33.338,0.941,4,3.05
RL,8974,33.348,0.940,4,3.04
RL,8975,33.357,0.939,4,3.04
RL,8976,33.367,0.938,4,3.04
RL,8977,33.376,0.937,4,3.04
RL,8978,33.386,0.936,4,3.03
RL,8979,33.395,0.935,4,3.03
RL,8980,33.405,0.935,4,3.03
RL,8981,33.414,0.934,4,3.03
RL,8982,33.423,0.933,4,3.02
RL,8983,33.433,0.932,4,3.02
RL,8984,33.442,0.931,4,3.02
RL,8985,33.451,0.930,4,3.02
RL,8986,33.461,0.929,4,3.02
RL,8987,33.470,0.928,4,3.02
RL,8988,33.479,0.927,4,3.01
RL,8989,33.489,0.927,4,3.01
RL,8990,33.498,0.926,4,3.01
RL,8991,33.507,0.925,4,3.01
RL,8992,33.517,0.924,4,3.01
RL,8993,33.526,0.923,4,3.01
RL,8994,33.535,0.922,4,3.01
RL,8995,33.544,0.921,4,3.01
RL,8996,33.553,0.920,4,3.00
RL,8997,33.563,0.920,4,3.00
RL,8998,33.572,0.919,4,3.00
RL,8999,33.581,0.918,4,3.00
RL,9000,33.590,0.917,4,3.00
RL,9001,33.599,0.916,4,3.00
RL,9002,33.608,0.915,4,3.00
RL,9003,33.617,0.914,4,3.00
RL,9004,33.626,0.913,4,3.00
RL,9005,33.635,0.912,4,3.00
RL,9006,33.644,0.911,4,3.00
RL,9007,33.653,0.911,4,3.00
RL,9008,33.662,0.910,3,3.00
RL,9009,33.671,0.909,3,3.00
RL,9010,33.680,0.908,3,3.00
RL,9011,33.689,0.907,3,3.00
RL,9012,33.698,0.906,3,3.00
RL,9013,33.707,0.905,3,3.00
RL,9014,33.716,0.904,3,3.00
RL,9015,33.724,0.903,3,3.00
RL,9016,33.733,0.903,3,3.00
RL,9017,33.742,0.902,3,3.00
RL,9018,33.751,0.901,3,3.00
RL,9019,33.760,0.900,3,3.00
RL,9020,33.768,0.899,3,3.00
RL,9021,33.777,0.898,3,3.00
RL,9022,33.786,0.897,3,3.00
RL,9023,33.794,0.896,3,3.00
RL,9024,33.803,0.895,3,3.00
RL,9025,33.812,0.894,3,3.00
RL,9026,33.820,0.894,3,3.00
RL,9027,33.829,0.893,3,3.00
RL,9028,33.837,0.892,3,3.00
RL,9029,33.846,0.891,3,3.00
RL,9030,33.855,0.890,3,3.00
RL,9031,33.863,0.889,3,3.00
RL,9032,33.872,0.888,3,3.00
RL,9033,33.880,0.887,3,3.00
RL,9034,33.888,0.886,3,3.00
RL,9035,33.897,0.885,3,3.00
RL,9036,33.905,0.884,3,3.00
RL,9037,33.914,0.884,3,3.00
RL,9038,33.922,0.883,3,3.00
RL,9039,33.930,0.882,3,3.00
RL,9040,33.939,0.881,3,3.00
RL,9041,33.947,0.880,3,3.00
RL,9042,33.955,0.879,3,3.00
RL,9043,33.963,0.878,3,3.00
RL,9044,33.972,0.877,3,3.00
RL,9045,33.980,0.876,3,3.00
RL,9046,33.988,0.875,3,3.00
RL,9047,33.996,0.874,3,3.00
RL,9048,34.004,0.874,3,3.00
RL,9049,34.012,0.873,3,3.00
RL,9050,34.021,0.872,3,3.00
RL,9051,34.029,0.871,3,3.00
RL,9052,34.037,0.870,3,3.00
RL,9053,34.045,0.869,3,3.00
RL,9054,34.053,0.868,3,3.00
RL,9055,34.061,0.867,3,3.00
RL,9056,34.069,0.866,3,3.00
RL,9057,34.076,0.865,3,3.00
RL,9058,34.084,0.864,3,3.00
RL,9059,34.092,0.863,3,3.00
RL,9060,34.100,0.863,3,3.00
RL,9061,34.108,0.862,3,3.00
RL,9062,34.116,0.861,3,3.00
RL,9063,34.123,0.860,3,3.00
RL,9064,34.131,0.859,3,3.00
RL,9065,34.139,0.858,3,3.00
RL,9066,34.146,0.857,3,3.00
RL,9067,34.154,0.856,3,3.00
RL,9068,34.162,0.855,3,3.00
RL,9069,34.169,0.854,3,3.00
RL,9070,34.177,0.853,3,3.00
RL,9071,34.184,0.852,3,3.00
RL,9072,34.192,0.852,3,3.00
RL,9073,34.200,0.851,3,3.00
RL,9074,34.207,0.850,3,3.00
RL,9075,34.214,0.849,3,3.00
RL,9076,34.222,0.848,3,3.00
RL,9077,34.229,0.847,3,3.00
RL,9078,34.237,0.846,3,3.00
RL,9079,34.244,0.845,3,3.00
RL,9080,34.251,0.844,3,3.00
RL,9081,34.258,0.843,3,3.00
RL,9082,34.266,0.842,3,3.00
RL,9083,34.273,0.841,3,3.00
RL,9084,34.280,0.841,3,3.00
RL,9085,34.287,0.840,3,3.00
RL,9086,34.294,0.839,3,3.00
RL,9087,34.302,0.838,3,3.00
RL,9088,34.309,0.837,3,3.00
RL,9089,34.316,0.836,3,3.00
RL,9090,34.323,0.835,3,3.00
RL,9091,34.330,0.834,3,3.00
RL,9092,34.337,0.833,3,3.00
RL,9093,34.344,0.832,3,3.00
RL,9094,34.350,0.831,3,3.00
RL,9095,34.357,0.830,3,3.00
RL,9096,34.364,0.829,3,3.00
RL,9097,34.371,0.829,3,3.00
RL,9098,34.378,0.828,3,3.00
RL,9099,34.385,0.827,3,3.00
RL,9100,34.391,0.826,3,3.00
RL,9101,34.398,0.825,3,3.00
RL,9102,34.405,0.824,3,3.00
RL,9103,34.411,0.823,3,3.00
RL,9104,34.418,0.822,3,3.00
RL,9105,34.424,0.821,3,3.00
RL,9106,34.431,0.820,3,3.00
RL,9107,34.437,0.819,3,3.00
RL,9108,34.444,0.818,3,3.00
RL,9109,34.450,0.817,3,3.00
RL,9110,34.457,0.817,3,3.00
RL,9111,34.463,0.816,3,3.00
RL,9112,34.469,0.815,3,3.00
RL,9113,34.476,0.814,3,3.00
RL,9114,34.482,0.813,3,3.00
RL,9115,34.488,0.812,3,3.00
RL,9116,34.494,0.811,3,3.00
RL,9117,34.501,0.810,3,3.00
RL,9118,34.507,0.809,3,3.00
RL,9119,34.513,0.808,3,3.00
RL,9120,34.519,0.807,3,3.00
RL,9121,34.525,0.806,3,3.00
RL,9122,34.531,0.805,3,3.00
RL,9123,34.537,0.804,3,3.00
RL,9124,34.543,0.803,3,3.00
RL,9125,34.549,0.803,3,3.00
RL,9126,34.555,0.802,3,3.00
RL,9127,34.561,0.801,3,3.00
RL,9128,34.566,0.800,3,3.00
RL,9129,34.572,0.799,3,3.00
RL,9130,34.578,0.798,3,3.00
RL,9131,34.584,0.797,3,3.00
RL,9132,34.589,0.796,3,3.00
RL,9133,34.595,0.795,3,3.00
RL,9134,34.601,0.794,3,3.00
RL,9135,34.606,0.793,3,3.00
RL,9136,34.612,0.792,3,3.00
RL,9137,34.617,0.791,3,3.00
RL,9138,34.623,0.790,3,3.00
RL,9139,34.628,0.789,3,3.00
RL,9140,34.634,0.789,3,3.00
RL,9141,34.639,0.788,3,3.00
RL,9142,34.644,0.787,3,3.00
RL,9143,34.649,0.786,3,3.00
RL,9144,34.655,0.785,3,3.00
RL,9145,34.660,0.784,3,3.00
RL,9146,34.665,0.783,3,3.00
RL,9147,34.670,0.782,3,3.00
RL,9148,34.675,0.781,3,3.00
RL,9149,34.680,0.780,3,3.00
RL,9150,34.685,0.779,3,3.00
RL,9151,34.690,0.778,3,3.00
RL,9152,34.695,0.777,3,3.00
RL,9153,34.700,0.776,3,3.00
RL,9154,34.705,0.775,3,3.00
RL,9155,34.710,0.774,3,3.00
RL,9156,34.715,0.774,3,3.00
RL,9157,34.720,0.773,3,3.00
RL,9158,34.724,0.772,3,3.00
RL,9159,34.729,0.771,3,3.00
RL,9160,34.734,0.770,3,3.00
RL,9161,34.738,0.769,3,3.00
RL,9162,34.743,0.768,3,3.00
RL,9163,34.747,0.767,3,3.00
RL,9164,34.752,0.766,3,3.00
RL,9165,34.756,0.765,3,3.00
RL,9166,34.761,0.764,3,3.00
RL,9167,34.765,0.763,3,3.00
RL,9168,34.770,0.762,3,3.00
RL,9169,34.774,0.761,3,3.00
RL,9170,34.778,0.760,3,3.00
RL,9171,34.782,0.759,3,3.00
RL,9172,34.786,0.758,3,3.00
RL,9173,34.791,0.757,3,3.00
RL,9174,34.795,0.756,3,3.00
RL,9175,34.799,0.756,3,3.00
RL,9176,34.803,0.755,3,3.00
RL,9177,34.807,0.754,3,3.00
RL,9178,34.811,0.753,3,3.00
RL,9179,34.815,0.752,3,3.00
RL,9180,34.818,0.751,3,3.00
RL,9181,34.822,0.750,3,3.00
RL,9182,34.826,0.749,3,3.00
RL,9183,34.830,0.748,3,3.00
RL,9184,34.833,0.747,3,3.00
RL,9185,34.837,0.746,3,3.00
RL,9186,34.841,0.745,3,3.00
RL,9187,34.844,0.744,3,3.00
RL,9188,34.848,0.743,3,3.00
RL,9189,34.851,0.742,3,3.00
RL,9190,34.855,0.741,3,3.00
RL,9191,34.858,0.740,3,3.00
RL,9192,34.861,0.739,3,3.00
RL,9193,34.865,0.738,3,3.00
RL,9194,34.868,0.737,3,3.00
RL,9195,34.871,0.736,3,3.00
RL,9196,34.874,0.735,3,3.00
RL,9197,34.878,0.734,3,3.00
RL,9198,34.881,0.734,3,3.00
RL,9199,34.884,0.733,3,3.00
RL,9200,34.887,0.732,3,3.00
RL,9201,34.890,0.731,3,3.00
RL,9202,34.893,0.730,3,3.00
RL,9203,34.896,0.729,3,3.00
RL,9204,34.898,0.728,3,3.00
RL,9205,34.901,0.727,3,3.00
RL,9206,34.904,0.726,3,3.00
RL,9207,34.907,0.725,3,3.00
RL,9208,34.909,0.724,3,3.00
RL,9209,34.912,0.723,3,3.00
RL,9210,34.914,0.722,3,3.00
RL,9211,34.917,0.721,3,3.00
RL,9212,34.919,0.720,3,3.00
RL,9213,34.922,0.719,3,3.00
RL,9214,34.924,0.718,3,3.00
RL,9215,34.927,0.717,3,3.00
RL,9216,34.929,0.716,3,3.00
RL,9217,34.931,0.715,3,3.00
RL,9218,34.933,0.714,3,3.00
RL,9219,34.935,0.713,3,3.00
RL,9220,34.938,0.712,3,3.00
RL,9221,34.940,0.711,3,3.00
RL,9222,34.942,0.710,3,3.00
RL,9223,34.944,0.709,3,3.00
RL,9224,34.946,0.708,3,3.00
RL,9225,34.947,0.707,3,3.00
RL,9226,34.949,0.706,3,3.00
RL,9227,34.951,0.705,3,3.00
RL,9228,34.953,0.704,3,3.00
RL,9229,34.954,0.703,3,3.00
RL,9230,34.956,0.702,3,3.00
RL,9231,34.958,0.701,3,3.00
RL,9232,34.959,0.701,3,3.00
RL,9233,34.961,0.700,3,3.00
RL,9234,34.962,0.699,3,3.00
RL,9235,34.964,0.698,3,3.00
RL,9236,34.965,0.697,3,3.00
RL,9237,34.966,0.696,3,3.00
RL,9238,34.967,0.695,3,3.00
RL,9239,34.969,0.694,3,3.00
RL,9240,34.970,0.693,3,3.00
RL,9241,34.971,0.692,3,3.00
RL,9242,34.972,0.691,3,3.00
RL,9243,34.973,0.690,3,3.00
RL,9244,34.974,0.689,3,3.00
RL,9245,34.975,0.688,3,3.00
RL,9246,34.976,0.687,3,3.00
RL,9247,34.977,0.686,3,3.00
RL,9248,34.977,0.685,3,3.00
RL,9249,34.978,0.684,3,3.00
RL,9250,34.979,0.683,3,3.00
RL,9251,34.979,0.682,3,3.00
RL,9252,34.980,0.681,3,3.00
RL,9253,34.980,0.680,3,3.00
RL,9254,34.981,0.679,3,3.00
RL,9255,34.981,0.678,3,3.00
RL,9256,34.982,0.677,3,3.00
RL,9257,34.982,0.676,3,3.00
RL,9258,34.982,0.675,3,3.00
RL,9259,34.982,0.674,3,3.00
RL,9260,34.983,0.673,3,3.00
RL,9261,34.983,0.672,3,3.00
RL,9262,34.983,0.671,3,3.00
RL,9263,34.983,0.670,3,3.00
RL,9264,34.983,0.669,3,3.00
RL,9265,34.983,0.668,3,3.00
RL,9266,34.983,0.667,3,3.00
RL,9267,34.982,0.666,3,3.00
RL,9268,34.982,0.665,3,3.00
RL,9269,34.982,0.664,3,3.00
RL,9270,34.982,0.663,3,3.00
RL,9271,34.981,0.662,3,3.00
RL,9272,34.981,0.661,3,3.00
RL,9273,34.980,0.660,3,3.00
RL,9274,34.980,0.659,3,3.00
RL,9275,34.979,0.658,3,3.00
RL,9276,34.979,0.657,3,3.00
RL,9277,34.978,0.656,3,3.00
RL,9278,34.977,0.655,3,3.00
RL,9279,34.977,0.654,3,3.00
RL,9280,34.976,0.653,3,3.00
RL,9281,34.975,0.652,3,3.00
RL,9282,34.974,0.651,3,3.00
RL,9283,34.973,0.650,3,3.00
RL,9284,34.972,0.649,3,3.00
RL,9285,34.971,0.648,3,3.00
RL,9286,34.970,0.647,3,3.00
RL,9287,34.969,0.646,3,3.00
RL,9288,34.968,0.645,3,3.00
RL,9289,34.966,0.644,3,3.00
RL,9290,34.965,0.643,3,3.00
RL,9291,34.964,0.642,3,3.00
RL,9292,34.962,0.640,3,3.00
RL,9293,34.961,0.639,3,3.00
RL,9294,34.960,0.638,3,3.00
RL,9295,34.958,0.637,3,3.00
RL,9296,34.957,0.636,3,3.00
RL,9297,34.955,0.635,3,3.00
RL,9298,34.953,0.634,3,3.00
RL,9299,34.952,0.633,3,3.00
RL,9300,34.950,0.632,3,3.00
RL,9301,34.948,0.631,3,3.00
RL,9302,34.946,0.630,3,3.00
RL,9303,34.944,0.629,3,3.00
RL,9304,34.942,0.628,3,3.00
RL,9305,34.940,0.627,3,3.00
RL,9306,34.938,0.626,3,3.00
RL,9307,34.936,0.625,3,3.00
RL,9308,34.934,0.624,3,3.00
RL,9309,34.932,0.623,3,3.00
RL,9310,34.930,0.622,3,3.00
RL,9311,34.928,0.621,3,3.00
RL,9312,34.925,0.620,3,3.00
RL,9313,34.923,0.619,3,3.00
RL,9314,34.921,0.618,3,3.00
RL,9315,34.918,0.617,3,3.00
RL,9316,34.916,0.616,3,3.00
RL,9317,34.913,0.615,3,3.00
RL,9318,34.911,0.614,3,3.00
RL,9319,34.908,0.613,3,3.00
RL,9320,34.906,0.612,3,3.00
RL,9321,34.903,0.611,3,3.00
RL,9322,34.900,0.610,3,3.00
RL,9323,34.897,0.608,3,2.99
RL,9324,34.895,0.607,3,2.99
RL,9325,34.892,0.606,3,2.99
RL,9326,34.889,0.605,3,2.99
RL,9327,34.886,0.604,3,2.99
RL,9328,34.883,0.603,3,2.99
RL,9329,34.880,0.602,3,2.99
RL,9330,34.877,0.601,3,2.99
RL,9331,34.874,0.600,3,2.98
RL,9332,34.870,0.599,3,2.98
RL,9333,34.867,0.598,3,2.98
RL,9334,34.864,0.597,3,2.98
RL,9335,34.861,0.596,3,2.98
RL,9336,34.857,0.595,3,2.98
RL,9337,34.854,0.594,3,2.97
RL,9338,34.850,0.593,3,2.97
RL,9339,34.847,0.592,3,2.97
RL,9340,34.843,0.591,3,2.97
RL,9341,34.840,0.590,3,2.97
RL,9342,34.836,0.588,3,2.96
RL,9343,34.833,0.587,3,2.96
RL,9344,34.829,0.586,3,2.96
RL,9345,34.825,0.585,3,2.96
RL,9346,34.821,0.584,3,2.95
RL,9347,34.818,0.583,3,2.95
RL,9348,34.814,0.582,3,2.95
RL,9349,34.810,0.581,3,2.95
RL,9350,34.806,0.580,3,2.94
RL,9351,34.802,0.579,3,2.94
RL,9352,34.798,0.578,3,2.94
RL,9353,34.794,0.577,3,2.93
RL,9354,34.790,0.576,3,2.93
RL,9355,34.785,0.575,3,2.93
RL,9356,34.781,0.574,3,2.92
RL,9357,34.777,0.572,3,2.92
RL,9358,34.773,0.571,3,2.92
RL,9359,34.768,0.570,3,2.91
RL,9360,34.764,0.569,3,2.91
RL,9361,34.760,0.568,3,2.91
RL,9362,34.755,0.567,3,2.90
RL,9363,34.751,0.566,3,2.90
RL,9364,34.746,0.565,3,2.89
RL,9365,34.742,0.564,3,2.89
RL,9366,34.737,0.563,3,2.89
RL,9367,34.732,0.562,3,2.88
RL,9368,34.728,0.561,3,2.88
RL,9369,34.723,0.559,3,2.87
RL,9370,34.718,0.558,3,2.87
RL,9371,34.713,0.557,3,2.87
RL,9372,34.708,0.556,3,2.86
RL,9373,34.703,0.555,3,2.86
RL,9374,34.698,0.554,3,2.85
RL,9375,34.693,0.553,3,2.85
RL,9376,34.688,0.552,3,2.84
RL,9377,34.683,0.551,3,2.84
RL,9378,34.678,0.550,3,2.84
RL,9379,34.673,0.549,3,2.83
RL,9380,34.668,0.547,3,2.83
RL,9381,34.663,0.546,3,2.82
RL,9382,34.657,0.545,3,2.82
RL,9383,34.652,0.544,3,2.81
RL,9384,34.647,0.543,3,2.81
RL,9385,34.641,0.542,3,2.80
RL,9386,34.636,0.541,3,2.80
RL,9387,34.630,0.540,3,2.79
RL,9388,34.625,0.539,3,2.79
RL,9389,34.619,0.538,3,2.78
RL,9390,34.614,0.536,3,2.78
RL,9391,34.608,0.535,3,2.77
RL,9392,34.602,0.534,3,2.77
RL,9393,34.597,0.533,3,2.76
RL,9394,34.591,0.532,3,2.75
RL,9395,34.585,0.531,3,2.75
RL,9396,34.579,0.530,3,2.74
RL,9397,34.574,0.529,3,2.74
RL,9398,34.568,0.528,3,2.73
RL,9399,34.562,0.526,3,2.73
RL,9400,34.556,0.525,3,2.72
RL,9401,34.550,0.524,3,2.72
RL,9402,34.544,0.523,3,2.71
RL,9403,34.537,0.522,3,2.70
RL,9404,34.531,0.521,3,2.70
RL,9405,34.525,0.520,3,2.69
RL,9406,34.519,0.519,3,2.69
RL,9407,34.513,0.518,3,2.68
RL,9408,34.506,0.516,3,2.68
RL,9409,34.500,0.515,3,2.67
RL,9410,34.494,0.514,3,2.66
RL,9411,34.487,0.513,3,2.66
RL,9412,34.481,0.512,3,2.65
RL,9413,34.474,0.511,3,2.65
RL,9414,34.468,0.510,3,2.64
RL,9415,34.461,0.509,3,2.63
RL,9416,34.455,0.507,3,2.63
RL,9417,34.448,0.506,3,2.62
RL,9418,34.441,0.505,3,2.61
RL,9419,34.435,0.504,3,2.61
RL,9420,34.428,0.503,3,2.60
RL,9421,34.421,0.502,3,2.60
RL,9422,34.414,0.501,3,2.59
RL,9423,34.407,0.499,3,2.58
RL,9424,34.401,0.498,3,2.58
RL,9425,34.394,0.497,3,2.57
RL,9426,34.387,0.496,3,2.57
RL,9427,34.380,0.495,3,2.56
RL,9428,34.373,0.494,3,2.55
RL,9429,34.366,0.493,3,2.55
RL,9430,34.358,0.491,3,2.54
RL,9431,34.351,0.490,3,2.53
RL,9432,34.344,0.489,3,2.53
RL,9433,34.337,0.488,3,2.52
RL,9434,34.330,0.487,3,2.52
RL,9435,34.322,0.486,3,2.51
RL,9436,34.315,0.484,3,2.50
RL,9437,34.308,0.483,3,2.50
RL,9438,34.300,0.482,3,2.49
RL,9439,34.293,0.481,3,2.48
RL,9440,34.285,0.480,3,2.48
RL,9441,34.278,0.479,3,2.47
RL,9442,34.270,0.478,3,2.47
RL,9443,34.263,0.476,3,2.46
RL,9444,34.255,0.475,3,2.45
RL,9445,34.247,0.474,3,2.45
RL,9446,34.240,0.473,3,2.44
RL,9447,34.232,0.472,3,2.43
RL,9448,34.224,0.471,3,2.43
RL,9449,34.216,0.469,3,2.42
RL,9450,34.208,0.468,3,2.42
RL,9451,34.201,0.467,3,2.41
RL,9452,34.193,0.466,3,2.40
RL,9453,34.185,0.465,3,2.40
RL,9454,34.177,0.464,3,2.39
RL,9455,34.169,0.462,3,2.38
RL,9456,34.161,0.461,3,2.38
RL,9457,34.153,0.460,3,2.37
RL,9458,34.144,0.459,3,2.37
RL,9459,34.136,0.458,3,2.36
RL,9460,34.128,0.456,3,2.35
RL,9461,34.120,0.455,3,2.35
RL,9462,34.112,0.454,3,2.34
RL,9463,34.103,0.453,3,2.34
RL,9464,34.095,0.452,3,2.33
RL,9465,34.087,0.451,3,2.32
RL,9466,34.078,0.449,3,2.32
RL,9467,34.070,0.448,3,2.31
RL,9468,34.061,0.447,3,2.31
RL,9469,34.053,0.446,3,2.30
RL,9470,34.044,0.445,3,2.30
RL,9471,34.036,0.443,3,2.29
RL,9472,34.027,0.442,3,2.28
RL,9473,34.019,0.441,3,2.28
RL,9474,34.010,0.440,3,2.27
RL,9475,34.001,0.439,3,2.27
RL,9476,33.992,0.437,3,2.26
RL,9477,33.984,0.436,3,2.26
RL,9478,33.975,0.435,3,2.25
RL,9479,33.966,0.434,3,2.25
RL,9480,33.957,0.433,3,2.24
RL,9481,33.948,0.431,3,2.23
RL,9482,33.939,0.430,3,2.23
RL,9483,33.930,0.429,3,2.22
RL,9484,33.921,0.428,3,2.22
RL,9485,33.912,0.427,3,2.21
RL,9486,33.903,0.425,3,2.21
RL,9487,33.894,0.424,3,2.20
RL,9488,33.885,0.423,3,2.20
RL,9489,33.876,0.422,3,2.19
RL,9490,33.867,0.420,3,2.19
RL,9491,33.858,0.419,3,2.18
RL,9492,33.848,0.418,3,2.18
RL,9493,33.839,0.417,3,2.17
RL,9494,33.830,0.416,3,2.17
RL,9495,33.820,0.414,3,2.16
RL,9496,33.811,0.413,3,2.16
RL,9497,33.801,0.412,3,2.16
RL,9498,33.792,0.411,3,2.15
RL,9499,33.783,0.409,3,2.15
RL,9500,33.773,0.408,3,2.14
RL,9501,33.764,0.407,3,2.14
RL,9502,33.754,0.406,3,2.13
RL,9503,33.744,0.405,3,2.13
RL,9504,33.735,0.403,3,2.12
RL,9505,33.725,0.402,3,2.12
RL,9506,33.715,0.401,3,2.12
RL,9507,33.706,0.400,3,2.11
RL,9508,33.696,0.398,3,2.11
RL,9509,33.686,0.397,3,2.10
RL,9510,33.676,0.396,3,2.10
RL,9511,33.666,0.395,3,2.10
RL,9512,33.656,0.393,3,2.09
RL,9513,33.647,0.392,3,2.09
RL,9514,33.637,0.391,3,2.08
RL,9515,33.627,0.390,3,2.08
RL,9516,33.617,0.388,3,2.08
RL,9517,33.607,0.387,3,2.07
RL,9518,33.596,0.386,3,2.07
RL,9519,33.586,0.385,3,2.06
RL,9520,33.576,0.383,3,2.06
RL,9521,33.566,0.382,3,2.06
RL,9522,33.556,0.381,3,2.05
RL,9523,33.546,0.380,3,2.05
RL,9524,33.535,0.378,3,2.04
RL,9525,33.525,0.377,3,2.04
RL,9526,33.515,0.376,3,2.04
RL,9527,33.505,0.375,3,2.03
RL,9528,33.494,0.373,3,2.03
RL,9529,33.484,0.372,3,2.02
RL,9530,33.473,0.371,3,2.02
RL,9531,33.463,0.369,3,2.01
RL,9532,33.452,0.368,3,2.01
RL,9533,33.442,0.367,3,2.01
RL,9534,33.431,0.366,3,2.00
RL,9535,33.421,0.364,3,2.00
RL,9536,33.410,0.363,3,1.99
RL,9537,33.399,0.362,3,1.99
RL,9538,33.389,0.361,3,1.99
RL,9539,33.378,0.359,3,1.98
RL,9540,33.367,0.358,3,1.98
RL,9541,33.357,0.357,3,1.97
RL,9542,33.346,0.355,3,1.97
RL,9543,33.335,0.354,3,1.96
RL,9544,33.324,0.353,3,1.96
RL,9545,33.313,0.352,3,1.96
RL,9546,33.302,0.350,3,1.95
RL,9547,33.292,0.349,3,1.95
RL,9548,33.281,0.348,3,1.94
RL,9549,33.270,0.346,3,1.94
RL,9550,33.259,0.345,3,1.94
RL,9551,33.248,0.344,3,1.93
RL,9552,33.237,0.342,3,1.93
RL,9553,33.225,0.341,3,1.92
RL,9554,33.214,0.340,3,1.92
RL,9555,33.203,0.339,3,1.92
RL,9556,33.192,0.337,3,1.91
RL,9557,33.181,0.336,3,1.91
RL,9558,33.170,0.335,3,1.90
RL,9559,33.158,0.333,3,1.90
RL,9560,33.147,0.332,3,1.90
RL,9561,33.136,0.331,3,1.89
RL,9562,33.124,0.329,2,1.89
RL,9563,33.113,0.328,2,1.88
RL,9564,33.102,0.327,2,1.88
RL,9565,33.090,0.325,2,1.88
RL,9566,33.079,0.324,2,1.87
RL,9567,33.067,0.323,2,1.87
RL,9568,33.056,0.321,2,1.86
RL,9569,33.044,0.320,2,1.86
RL,9570,33.033,0.319,2,1.85
RL,9571,33.021,0.317,2,1.85
RL,9572,33.010,0.316,2,1.84
RL,9573,32.998,0.315,2,1.84
RL,9574,32.986,0.313,2,1.84
RL,9575,32.975,0.312,2,1.83
RL,9576,32.963,0.311,2,1.83
RL,9577,32.951,0.309,2,1.82
RL,9578,32.939,0.308,2,1.82
RL,9579,32.928,0.307,2,1.81
RL,9580,32.916,0.305,2,1.81
RL,9581,32.904,0.304,2,1.80
RL,9582,32.892,0.303,2,1.80
RL,9583,32.880,0.301,2,1.79
RL,9584,32.868,0.300,2,1.79
RL,9585,32.856,0.299,2,1.78
RL,9586,32.844,0.297,2,1.78
RL,9587,32.832,0.296,2,1.77
RL,9588,32.820,0.295,2,1.77
RL,9589,32.808,0.293,2,1.76
RL,9590,32.796,0.292,2,1.75
RL,9591,32.784,0.291,2,1.75
RL,9592,32.772,0.289,2,1.74
RL,9593,32.760,0.288,2,1.74
RL,9594,32.748,0.287,2,1.73
RL,9595,32.736,0.285,2,1.73
RL,9596,32.723,0.284,2,1.72
RL,9597,32.711,0.282,2,1.72
RL,9598,32.699,0.281,2,1.71
RL,9599,32.687,0.280,2,1.70
RL,9600,32.674,0.278,2,1.70
RL,9601,32.662,0.277,2,1.69
RL,9602,32.649,0.276,2,1.69
RL,9603,32.637,0.274,2,1.68
RL,9604,32.625,0.273,2,1.68
RL,9605,32.612,0.271,2,1.67
RL,9606,32.600,0.270,2,1.66
RL,9607,32.587,0.269,2,1.66
RL,9608,32.575,0.267,2,1.65
RL,9609,32.562,0.266,2,1.65
RL,9610,32.550,0.265,2,1.64
RL,9611,32.537,0.263,2,1.63
RL,9612,32.525,0.262,2,1.63
RL,9613,32.512,0.260,2,1.62
RL,9614,32.499,0.259,2,1.61
RL,9615,32.487,0.258,2,1.61
RL,9616,32.474,0.256,2,1.60
RL,9617,32.461,0.255,2,1.59
RL,9618,32.448,0.253,2,1.59
RL,9619,32.436,0.252,2,1.58
RL,9620,32.423,0.251,2,1.57
RL,9621,32.410,0.249,2,1.56
RL,9622,32.397,0.248,2,1.56
RL,9623,32.384,0.246,2,1.55
RL,9624,32.371,0.245,2,1.54
RL,9625,32.359,0.244,2,1.54
RL,9626,32.346,0.242,2,1.53
RL,9627,32.333,0.241,2,1.52
RL,9628,32.320,0.239,2,1.51
RL,9629,32.307,0.238,2,1.50
RL,9630,32.294,0.237,2,1.50
RL,9631,32.281,0.235,2,1.49
RL,9632,32.268,0.234,2,1.48
RL,9633,32.255,0.232,2,1.47
RL,9634,32.241,0.231,2,1.46
RL,9635,32.228,0.229,2,1.45
RL,9636,32.215,0.228,2,1.45
RL,9637,32.202,0.227,2,1.44
RL,9638,32.189,0.225,2,1.43
RL,9639,32.176,0.224,2,1.42
RL,9640,32.162,0.222,2,1.41
RL,9641,32.149,0.221,2,1.40
RL,9642,32.136,0.219,2,1.39
RL,9643,32.122,0.218,2,1.38
RL,9644,32.109,0.217,2,1.38
RL,9645,32.096,0.215,2,1.37
RL,9646,32.082,0.214,2,1.36
RL,9647,32.069,0.212,2,1.35
RL,9648,32.056,0.211,2,1.34
RL,9649,32.042,0.209,2,1.33
RL,9650,32.029,0.208,2,1.32
RL,9651,32.015,0.206,2,1.31
RL,9652,32.002,0.205,2,1.30
RL,9653,31.988,0.204,2,1.29
RL,9654,31.975,0.202,2,1.28
RL,9655,31.961,0.201,2,1.27
RL,9656,31.948,0.199,2,1.26
RL,9657,31.934,0.198,2,1.25
RL,9658,31.920,0.196,2,1.24
RL,9659,31.907,0.195,2,1.23
RL,9660,31.893,0.193,2,1.23
RL,9661,31.879,0.192,2,1.22
RL,9662,31.866,0.190,2,1.21
RL,9663,31.852,0.189,2,1.20
RL,9664,31.838,0.187,2,1.19
RL,9665,31.825,0.186,2,1.18
RL,9666,31.811,0.184,2,1.17
RL,9667,31.797,0.183,2,1.16
RL,9668,31.783,0.181,2,1.15
RL,9669,31.769,0.180,2,1.14
RL,9670,31.756,0.179,2,1.13
RL,9671,31.742,0.177,2,1.12
RL,9672,31.728,0.176,2,1.11
RL,9673,31.714,0.174,2,1.10
RL,9674,31.700,0.173,2,1.09
RL,9675,31.686,0.171,2,1.08
RL,9676,31.672,0.170,2,1.07
RL,9677,31.658,0.168,2,1.06
RL,9678,31.644,0.167,2,1.04
RL,9679,31.630,0.165,2,1.03
RL,9680,31.616,0.164,2,1.02
RL,9681,31.602,0.162,2,1.01
RL,9682,31.588,0.161,2,1.00
RL,9683,31.574,0.159,2,0.99
RL,9684,31.560,0.158,2,0.98
RL,9685,31.546,0.156,2,0.97
RL,9686,31.531,0.155,2,0.96
RL,9687,31.517,0.153,2,0.95
RL,9688,31.503,0.152,2,0.94
RL,9689,31.489,0.150,2,0.93
RL,9690,31.475,0.149,2,0.92
RL,9691,31.460,0.147,2,0.91
RL,9692,31.446,0.145,2,0.90
RL,9693,31.432,0.144,2,0.89
RL,9694,31.418,0.142,2,0.88
RL,9695,31.403,0.141,2,0.87
RL,9696,31.389,0.139,2,0.86
RL,9697,31.375,0.138,2,0.85
RL,9698,31.360,0.136,2,0.84
RL,9699,31.346,0.135,2,0.83
RL,9700,31.331,0.133,2,0.82
RL,9701,31.317,0.132,2,0.81
RL,9702,31.303,0.130,2,0.80
RL,9703,31.288,0.129,2,0.79
RL,9704,31.274,0.127,2,0.78
RL,9705,31.259,0.126,2,0.77
RL,9706,31.245,0.124,2,0.76
RL,9707,31.230,0.122,2,0.75
RL,9708,31.216,0.121,2,0.74
RL,9709,31.201,0.119,2,0.73
RL,9710,31.186,0.118,2,0.72
RL,9711,31.172,0.116,2,0.72
RL,9712,31.157,0.115,2,0.71
RL,9713,31.143,0.113,2,0.70
RL,9714,31.128,0.112,2,0.69
RL,9715,31.113,0.110,2,0.68
RL,9716,31.099,0.108,2,0.67
RL,9717,31.084,0.107,2,0.66
RL,9718,31.069,0.105,2,0.65
RL,9719,31.055,0.104,2,0.64
RL,9720,31.040,0.102,2,0.63
RL,9721,31.025,0.101,2,0.62
RL,9722,31.010,0.099,2,0.61
RL,9723,30.996,0.097,2,0.60
RL,9724,30.981,0.096,2,0.60
RL,9725,30.966,0.094,2,0.59
RL,9726,30.951,0.093,2,0.58
RL,9727,30.936,0.091,2,0.57
RL,9728,30.922,0.090,2,0.56
RL,9729,30.907,0.088,2,0.55
RL,9730,30.892,0.086,2,0.54
RL,9731,30.877,0.085,2,0.54
RL,9732,30.862,0.083,2,0.53
RL,9733,30.847,0.082,2,0.52
RL,9734,30.832,0.080,2,0.51
RL,9735,30.817,0.078,2,0.50
RL,9736,30.802,0.077,2,0.49
RL,9737,30.787,0.075,2,0.49
RL,9738,30.772,0.074,2,0.48
RL,9739,30.757,0.072,2,0.47
RL,9740,30.742,0.070,2,0.46
RL,9741,30.727,0.069,2,0.46
RL,9742,30.712,0.067,2,0.45
RL,9743,30.697,0.066,2,0.44
RL,9744,30.682,0.064,2,0.43
RL,9745,30.667,0.062,2,0.43
RL,9746,30.652,0.061,2,0.42
RL,9747,30.637,0.059,2,0.41
RL,9748,30.621,0.057,2,0.41
RL,9749,30.606,0.056,2,0.40
RL,9750,30.591,0.054,2,0.39
RL,9751,30.576,0.053,2,0.39
RL,9752,30.561,0.051,2,0.38
RL,9753,30.545,0.049,2,0.37
RL,9754,30.530,0.048,2,0.37
RL,9755,30.515,0.046,2,0.36
RL,9756,30.500,0.044,2,0.35
RL,9757,30.485,0.043,2,0.35
RL,9758,30.469,,1,0.34
RL,9759,30.454,,1,0.34
RL,9760,30.439,,1,0.33
RL,9761,30.423,,1,0.32
RL,9762,30.408,,1,0.32
RL,9763,30.393,,1,0.31
RL,9764,30.377,,1,0.31
RL,9765,30.362,,1,0.30
RL,9766,30.347,,1,0.29
RL,9767,30.331,,1,0.29
RL,9768,30.316,,1,0.28
RL,9769,30.300,,1,0.28
RL,9770,30.285,,1,0.27
RL,9771,30.269,,1,0.27
RL,9772,30.254,,1,0.26
RL,9773,30.239,,1,0.26
RL,9774,30.223,,1,0.25
RL,9775,30.208,,1,0.24
RL,9776,30.192,,1,0.24
RL,9777,30.177,,1,0.23
RL,9778,30.161,,1,0.23
RL,9779,30.146,,1,0.22
RL,9780,30.130,,1,0.22
RL,9781,30.114,,1,0.21
RL,9782,30.099,,1,0.21
RL,9783,30.083,,1,0.20
RL,9784,30.068,,1,0.20
RL,9785,30.052,,1,0.19
RL,9786,30.037,,1,0.19
RL,9787,30.021,,1,0.18
RL,9788,30.005,,1,0.18
RL,9789,29.990,,1,0.17
RL,9790,29.974,,1,0.17
RL,9791,29.958,,1,0.16
RL,9792,29.943,,1,0.16
RL,9793,29.927,,1,0.15
RL,9794,29.911,,1,0.15
RL,9795,29.896,,1,0.15
RL,9796,29.880,,1,0.14
RL,9797,29.864,,1,0.14
RL,9798,29.848,,1,0.13
RL,9799,29.833,,1,0.13
RL,9800,29.817,,1,0.12
RL,9801,29.801,,1,0.12
RL,9802,29.785,,1,0.12
RL,9803,29.770,,1,0.11
RL,9804,29.754,,1,0.11
RL,9805,29.738,,1,0.10
RL,9806,29.722,,1,0.10
RL,9807,29.706,,1,0.10
RL,9808,29.690,,1,0.09
RL,9809,29.675,,1,0.09
RL,9810,29.659,,1,0.09
RL,9811,29.643,,1,0.08
RL,9812,29.627,,1,0.08
RL,9813,29.611,,1,0.08
RL,9814,29.595,,1,0.07
RL,9815,29.579,,1,0.07
RL,9816,29.563,,1,0.07
RL,9817,29.547,,1,0.06
RL,9818,29.532,,1,0.06
RL,9819,29.516,,1,0.06
RL,9820,29.500,,1,0.05
RL,9821,29.484,,1,0.05
RL,9822,29.468,,1,0.05
RL,9823,29.452,,1,0.05
RL,9824,29.436,,1,0.04
RL,9825,29.420,,1,0.04
RL,9826,29.404,,1,0.04
RL,9827,29.388,,1,0.04
RL,9828,29.372,,1,0.03
RL,9829,29.356,,1,0.03
RL,9830,29.340,,1,0.03
RL,9831,29.324,,1,0.03
RL,9832,29.308,,1,0.03
RL,9833,29.292,,1,0.02
RL,9834,29.276,,1,0.02
RL,9835,29.260,,1,0.02
RL,9836,29.243,,1,0.02
RL,9837,29.227,,1,0.02
RL,9838,29.211,,1,0.01
RL,9839,29.195,,1,0.01
RL,9840,29.179,,1,0.01
RL,9841,29.163,,1,0.01
RL,9842,29.147,,1,0.01
RL,9843,29.131,,1,0.01
RL,9844,29.115,,1,0.01
RL,9845,29.099,,1,0.01
RL,9846,29.082,,1,0.01
RL,9847,29.066,,1,0.00
RL,9848,29.050,,1,0.00
RL,9849,29.034,,1,0.00
RL,9850,29.018,,1,0.00
RL,9851,29.002,,1,0.00
RL,9852,28.985,,1,0.00
RL,9853,28.969,,1,0.00
RL,9854,28.953,,1,0.00
RL,9855,28.937,,1,0.00
RL,9856,28.921,,1,0.00
RL,9857,28.904,,1,0.00
RM1,5543,9.362,,1,0.00
RM1,5544,9.452,,1,0.00
RM1,5545,9.541,,1,0.00
RM1,5546,9.629,,1,0.00
RM1,5547,9.718,,1,0.00
RM1,5548,9.806,,1,0.00
RM1,5549,9.894,,1,0.00
RM1,5550,9.981,,1,0.00
RM1,5551,10.069,,1,0.01
RM1,5552,10.156,,1,0.01
RM1,5553,10.243,,1,0.01
RM1,5554,10.329,,1,0.01
RM1,5555,10.416,,1,0.01
RM1,5556,10.502,,1,0.01
RM1,5557,10.588,,1,0.02
RM1,5558,10.673,,1,0.02
RM1,5559,10.759,,1,0.02
RM1,5560,10.844,,1,0.02
RM1,5561,10.928,,1,0.02
RM1,5562,11.013,,1,0.03
RM1,5563,11.097,,1,0.03
RM1,5564,11.181,,1,0.03
RM1,5565,11.265,0.380,2,0.04
RM1,5566,11.349,0.384,2,0.04
RM1,5567,11.432,0.387,2,0.04
RM1,5568,11.515,0.391,2,0.05
RM1,5569,11.598,0.394,2,0.05
RM1,5570,11.681,0.398,2,0.05
RM1,5571,11.763,0.402,2,0.06
RM1,5572,11.845,0.405,2,0.06
RM1,5573,11.927,0.409,2,0.07
RM1,5574,12.009,0.412,2,0.07
RM1,5575,12.090,0.416,2,0.08
RM1,5576,12.171,0.419,2,0.08
RM1,5577,12.252,0.423,2,0.09
RM1,5578,12.333,0.426,2,0.10
RM1,5579,12.413,0.430,2,0.10
RM1,5580,12.493,0.433,2,0.11
RM1,5581,12.573,0.436,2,0.12
RM1,5582,12.653,0.440,2,0.12
RM1,5583,12.732,0.443,2,0.13
RM1,5584,12.811,0.447,2,0.14
RM1,5585,12.890,0.450,2,0.15
RM1,5586,12.969,0.453,2,0.15
RM1,5587,13.048,0.457,2,0.16
RM1,5588,13.126,0.460,2,0.17
RM1,5589,13.204,0.463,2,0.18
RM1,5590,13.281,0.467,2,0.19
RM1,5591,13.359,0.470,2,0.20
RM1,5592,13.436,0.473,2,0.21
RM1,5593,13.513,0.476,2,0.22
RM1,5594,13.590,0.480,2,0.22
RM1,5595,13.667,0.483,2,0.23
RM1,5596,13.743,0.486,2,0.24
RM1,5597,13.819,0.489,2,0.26
RM1,5598,13.895,0.492,2,0.27
RM1,5599,13.970,0.496,2,0.28
RM1,5600,14.046,0.499,2,0.29
RM1,5601,14.121,0.502,2,0.30
RM1,5602,14.196,0.505,2,0.31
RM1,5603,14.270,0.508,2,0.32
RM1,5604,14.345,0.511,2,0.33
RM1,5605,14.419,0.514,2,0.34
RM1,5606,14.493,0.517,2,0.36
RM1,5607,14.567,0.520,2,0.37
RM1,5608,14.640,0.523,2,0.38
RM1,5609,14.713,0.526,2,0.39
RM1,5610,14.786,0.529,2,0.41
RM1,5611,14.859,0.532,2,0.42
RM1,5612,14.932,0.535,2,0.43
RM1,5613,15.004,0.538,2,0.44
RM1,5614,15.076,0.541,2,0.46
RM1,5615,15.148,0.544,2,0.47
RM1,5616,15.220,0.547,2,0.48
RM1,5617,15.291,0.550,2,0.50
RM1,5618,15.362,0.553,2,0.51
RM1,5619,15.433,0.556,2,0.52
RM1,5620,15.504,0.559,2,0.54
RM1,5621,15.574,0.561,2,0.55
RM1,5622,15.645,0.564,2,0.57
RM1,5623,15.715,0.567,2,0.58
RM1,5624,15.784,0.570,2,0.60
RM1,5625,15.854,0.573,2,0.61
RM1,5626,15.923,0.575,2,0.63
RM1,5627,15.993,0.578,2,0.64
RM1,5628,16.061,0.581,2,0.65
RM1,5629,16.130,0.584,2,0.67
RM1,5630,16.199,0.586,2,0.68
RM1,5631,16.267,0.589,2,0.70
RM1,5632,16.335,0.592,2,0.71
RM1,5633,16.403,0.595,2,0.73
RM1,5634,16.470,0.597,2,0.75
RM1,5635,16.538,0.600,2,0.76
RM1,5636,16.605,0.603,2,0.78
RM1,5637,16.672,0.605,2,0.79
RM1,5638,16.738,0.608,2,0.81
RM1,5639,16.805,0.610,2,0.82
RM1,5640,16.871,0.613,2,0.84
RM1,5641,16.937,0.616,2,0.85
RM1,5642,17.003,0.618,2,0.87
RM1,5643,17.068,0.621,2,0.89
RM1,5644,17.134,0.623,2,0.90
RM1,5645,17.199,0.626,2,0.92
RM1,5646,17.264,0.628,2,0.93
RM1,5647,17.329,0.631,2,0.95
RM1,5648,17.393,0.633,2,0.96
RM1,5649,17.457,0.636,2,0.98
RM1,5650,17.521,0.638,2,1.00
RM1,5651,17.585,0.641,2,1.01
RM1,5652,17.649,0.643,2,1.03
RM1,5653,17.712,0.646,2,1.04
RM1,5654,17.775,0.648,2,1.06
RM1,5655,17.838,0.650,2,1.08
RM1,5656,17.901,0.653,2,1.09
RM1,5657,17.964,0.655,2,1.11
RM1,5658,18.026,0.657,2,1.12
RM1,5659,18.088,0.660,2,1.14
RM1,5660,18.150,0.662,2,1.15
RM1,5661,18.212,0.665,2,1.17
RM1,5662,18.273,0.667,2,1.18
RM1,5663,18.335,0.669,2,1.20
RM1,5664,18.396,0.671,2,1.22
RM1,5665,18.457,0.674,2,1.23
RM1,5666,18.517,0.676,3,1.25
RM1,5667,18.578,0.678,3,1.26
RM1,5668,18.638,0.680,3,1.28
RM1,5669,18.698,0.683,3,1.29
RM1,5670,18.758,0.685,3,1.31
RM1,5671,18.817,0.687,3,1.32
RM1,5672,18.877,0.689,3,1.34
RM1,5673,18.936,0.691,3,1.36
RM1,5674,18.995,0.694,3,1.37
RM1,5675,19.054,0.696,3,1.39
RM1,5676,19.112,0.698,3,1.40
RM1,5677,19.171,0.700,3,1.42
RM1,5678,19.229,0.702,3,1.43
RM1,5679,19.287,0.704,3,1.45
RM1,5680,19.345,0.706,3,1.47
RM1,5681,19.402,0.708,3,1.48
RM1,5682,19.459,0.711,3,1.50
RM1,5683,19.517,0.713,3,1.51
RM1,5684,19.574,0.715,3,1.53
RM1,5685,19.630,0.717,3,1.54
RM1,5686,19.687,0.719,3,1.56
RM1,5687,19.743,0.721,3,1.58
RM1,5688,19.799,0.723,3,1.59
RM1,5689,19.855,0.725,3,1.61
RM1,5690,19.911,0.727,3,1.62
RM1,5691,19.966,0.729,3,1.64
RM1,5692,20.022,0.731,3,1.65
RM1,5693,20.077,0.733,3,1.67
RM1,5694,20.132,0.734,3,1.69
RM1,5695,20.187,0.736,3,1.70
RM1,5696,20.241,0.738,3,1.72
RM1,5697,20.295,0.740,3,1.73
RM1,5698,20.350,0.742,3,1.75
RM1,5699,20.404,0.744,3,1.76
RM1,5700,20.457,0.746,3,1.78
RM1,5701,20.511,0.748,3,1.79
RM1,5702,20.564,0.750,3,1.81
RM1,5703,20.617,0.751,3,1.82
RM1,5704,20.670,0.753,3,1.84
RM1,5705,20.723,0.755,3,1.85
RM1,5706,20.776,0.757,3,1.87
RM1,5707,20.828,0.759,3,1.88
RM1,5708,20.880,0.760,3,1.90
RM1,5709,20.932,0.762,3,1.91
RM1,5710,20.984,0.764,3,1.92
RM1,5711,21.036,0.766,3,1.94
RM1,5712,21.087,0.767,3,1.95
RM1,5713,21.138,0.769,3,1.97
RM1,5714,21.189,0.771,3,1.98
RM1,5715,21.240,0.772,3,1.99
RM1,5716,21.291,0.774,3,2.01
RM1,5717,21.341,0.776,3,2.02
RM1,5718,21.391,0.778,3,2.03
RM1,5719,21.442,0.779,3,2.05
RM1,5720,21.491,0.781,3,2.06
RM1,5721,21.541,0.782,3,2.07
RM1,5722,21.591,0.784,3,2.08
RM1,5723,21.640,0.786,3,2.10
RM1,5724,21.689,0.787,3,2.11
RM1,5725,21.738,0.789,3,2.12
RM1,5726,21.787,0.790,3,2.13
RM1,5727,21.835,0.792,3,2.14
RM1,5728,21.884,0.794,3,2.16
RM1,5729,21.932,0.795,3,2.17
RM1,5730,21.980,0.797,3,2.18
RM1,5731,22.028,0.798,3,2.19
RM1,5732,22.076,0.800,3,2.20
RM1,5733,22.123,0.801,3,2.21
RM1,5734,22.170,0.803,3,2.22
RM1,5735,22.217,0.804,3,2.23
RM1,5736,22.264,0.806,3,2.24
RM1,5737,22.311,0.807,3,2.25
RM1,5738,22.358,0.809,3,2.26
RM1,5739,22.404,0.810,3,2.27
RM1,5740,22.450,0.812,3,2.28
RM1,5741,22.496,0.813,3,2.29
RM1,5742,22.542,0.814,3,2.30
RM1,5743,22.588,0.816,3,2.31
RM1,5744,22.633,0.817,3,2.32
RM1,5745,22.678,0.819,3,2.33
RM1,5746,22.724,0.820,3,2.34
RM1,5747,22.769,0.821,3,2.35
RM1,5748,22.813,0.823,3,2.36
RM1,5749,22.858,0.824,3,2.37
RM1,5750,22.902,0.826,3,2.38
RM1,5751,22.946,0.827,3,2.39
RM1,5752,22.991,0.828,3,2.40
RM1,5753,23.034,0.830,3,2.41
RM1,5754,23.078,0.831,3,2.42
RM1,5755,23.122,0.832,3,2.43
RM1,5756,23.165,0.833,3,2.43
RM1,5757,23.208,0.835,3,2.44
RM1,5758,23.251,0.836,3,2.45
RM1,5759,23.294,0.837,3,2.46
RM1,5760,23.337,0.838,3,2.47
RM1,5761,23.379,0.840,3,2.48
RM1,5762,23.421,0.841,3,2.48
RM1,5763,23.464,0.842,3,2.49
RM1,5764,23.506,0.843,3,2.50
RM1,5765,23.547,0.845,3,2.51
RM1,5766,23.589,0.846,3,2.52
RM1,5767,23.630,0.847,3,2.52
RM1,5768,23.672,0.848,3,2.53
RM1,5769,23.713,0.849,3,2.54
RM1,5770,23.754,0.851,3,2.55
RM1,5771,23.795,0.852,3,2.56
RM1,5772,23.835,0.853,3,2.56
RM1,5773,23.876,0.854,3,2.57
RM1,5774,23.916,0.855,3,2.58
RM1,5775,23.956,0.856,3,2.59
RM1,5776,23.996,0.857,3,2.60
RM1,5777,24.036,0.858,3,2.60
RM1,5778,24.075,0.859,3,2.61
RM1,5779,24.115,0.861,3,2.62
RM1,5780,24.154,0.862,3,2.63
RM1,5781,24.193,0.863,3,2.63
RM1,5782,24.232,0.864,3,2.64
RM1,5783,24.271,0.865,3,2.65
RM1,5784,24.309,0.866,3,2.66
RM1,5785,24.348,0.867,3,2.66
RM1,5786,24.386,0.868,3,2.67
RM1,5787,24.424,0.869,3,2.68
RM1,5788,24.462,0.870,3,2.69
RM1,5789,24.500,0.871,3,2.69
RM1,5790,24.538,0.872,3,2.70
RM1,5791,24.575,0.873,3,2.71
RM1,5792,24.613,0.874,3,2.72
RM1,5793,24.650,0.875,3,2.72
RM1,5794,24.687,0.876,3,2.73
RM1,5795,24.724,0.877,3,2.74
RM1,5796,24.760,0.878,3,2.74
RM1,5797,24.797,0.879,3,2.75
RM1,5798,24.833,0.880,3,2.76
RM1,5799,24.869,0.880,3,2.77
RM1,5800,24.905,0.881,3,2.77
RM1,5801,24.941,0.882,3,2.78
RM1,5802,24.977,0.883,3,2.79
RM1,5803,25.013,0.884,3,2.79
RM1,5804,25.048,0.885,3,2.80
RM1,5805,25.083,0.886,3,2.80
RM1,5806,25.118,0.887,3,2.81
RM1,5807,25.153,0.888,3,2.82
RM1,5808,25.188,0.888,3,2.82
RM1,5809,25.223,0.889,3,2.83
RM1,5810,25.257,0.890,3,2.84
RM1,5811,25.292,0.891,3,2.84
RM1,5812,25.326,0.892,3,2.85
RM1,5813,25.360,0.892,3,2.85
RM1,5814,25.394,0.893,3,2.86
RM1,5815,25.427,0.894,3,2.86
RM1,5816,25.461,0.895,3,2.87
RM1,5817,25.494,0.896,3,2.87
RM1,5818,25.528,0.896,3,2.88
RM1,5819,25.561,0.897,3,2.88
RM1,5820,25.594,0.898,3,2.89
RM1,5821,25.627,0.899,3,2.89
RM1,5822,25.659,0.899,3,2.90
RM1,5823,25.692,0.900,3,2.90
RM1,5824,25.724,0.901,3,2.91
RM1,5825,25.756,0.902,3,2.91
RM1,5826,25.788,0.902,3,2.92
RM1,5827,25.820,0.903,3,2.92
RM1,5828,25.852,0.904,3,2.93
RM1,5829,25.884,0.904,3,2.93
RM1,5830,25.915,0.905,3,2.93
RM1,5831,25.947,0.906,3,2.94
RM1,5832,25.978,0.906,3,2.94
RM1,5833,26.009,0.907,3,2.95
RM1,5834,26.040,0.908,3,2.95
RM1,5835,26.071,0.908,3,2.95
RM1,5836,26.101,0.909,3,2.96
RM1,5837,26.132,0.910,3,2.96
RM1,5838,26.162,0.910,3,2.96
RM1,5839,26.192,0.911,3,2.97
RM1,5840,26.222,0.912,3,2.97
RM1,5841,26.252,0.912,3,2.97
RM1,5842,26.282,0.913,3,2.97
RM1,5843,26.312,0.913,3,2.98
RM1,5844,26.341,0.914,3,2.98
RM1,5845,26.371,0.915,3,2.98
RM1,5846,26.400,0.915,3,2.98
RM1,5847,26.429,0.916,3,2.99
RM1,5848,26.458,0.916,3,2.99
RM1,5849,26.487,0.917,4,2.99
RM1,5850,26.515,0.917,4,2.99
RM1,5851,26.544,0.918,4,2.99
RM1,5852,26.572,0.919,4,2.99
RM1,5853,26.601,0.919,4,3.00
RM1,5854,26.629,0.920,4,3.00
RM1,5855,26.657,0.920,4,3.00
RM1,5856,26.684,0.921,4,3.00
RM1,5857,26.712,0.921,4,3.00
RM1,5858,26.740,0.922,4,3.00
RM1,5859,26.767,0.922,4,3.01
RM1,5860,26.794,0.923,4,3.01
RM1,5861,26.822,0.923,4,3.01
RM1,5862,26.849,0.924,4,3.01
RM1,5863,26.876,0.924,4,3.01
RM1,5864,26.902,0.925,4,3.01
RM1,5865,26.929,0.925,4,3.02
RM1,5866,26.956,0.925,4,3.02
RM1,5867,26.982,0.926,4,3.02
RM1,5868,27.008,0.926,4,3.02
RM1,5869,27.034,0.927,4,3.03
RM1,5870,27.060,0.927,4,3.03
RM1,5871,27.086,0.928,4,3.03
RM1,5872,27.112,0.928,4,3.03
RM1,5873,27.137,0.929,4,3.04
RM1,5874,27.163,0.929,4,3.04
RM1,5875,27.188,0.929,4,3.04
RM1,5876,27.213,0.930,4,3.05
RM1,5877,27.239,0.930,4,3.05
RM1,5878,27.264,0.931,4,3.05
RM1,5879,27.288,0.931,4,3.06
RM1,5880,27.313,0.931,4,3.06
RM1,5881,27.338,0.932,4,3.07
RM1,5882,27.362,0.932,4,3.07
RM1,5883,27.386,0.932,4,3.07
RM1,5884,27.411,0.933,4,3.08
RM1,5885,27.435,0.933,4,3.08
RM1,5886,27.459,0.933,4,3.09
RM1,5887,27.482,0.934,4,3.09
RM1,5888,27.506,0.934,4,3.10
RM1,5889,27.530,0.934,4,3.10
RM1,5890,27.553,0.935,4,3.11
RM1,5891,27.577,0.935,4,3.11
RM1,5892,27.600,0.935,4,3.12
RM1,5893,27.623,0.936,4,3.12
RM1,5894,27.646,0.936,4,3.13
RM1,5895,27.669,0.936,4,3.13
RM1,5896,27.691,0.937,4,3.14
RM1,5897,27.714,0.937,4,3.14
RM1,5898,27.737,0.937,4,3.15
RM1,5899,27.759,0.938,4,3.15
RM1,5900,27.781,0.938,4,3.16
RM1,5901,27.803,0.938,4,3.17
RM1,5902,27.825,0.938,4,3.17
RM1,5903,27.847,0.939,4,3.18
RM1,5904,27.869,0.939,4,3.18
RM1,5905,27.891,0.939,4,3.19
RM1,5906,27.912,0.939,4,3.20
RM1,5907,27.934,0.940,4,3.20
RM1,5908,27.955,0.940,4,3.21
RM1,5909,27.976,0.940,4,3.22
RM1,5910,27.997,0.940,4,3.22
RM1,5911,28.018,0.941,4,3.23
RM1,5912,28.039,0.941,4,3.24
RM1,5913,28.060,0.941,4,3.24
RM1,5914,28.081,0.941,4,3.25
RM1,5915,28.101,0.941,4,3.26
RM1,5916,28.122,0.942,4,3.26
RM1,5917,28.142,0.942,4,3.27
RM1,5918,28.162,0.942,4,3.28
RM1,5919,28.182,0.942,4,3.29
RM1,5920,28.202,0.942,4,3.29
RM1,5921,28.222,0.943,4,3.30
RM1,5922,28.242,0.943,4,3.31
RM1,5923,28.261,0.943,4,3.31
RM1,5924,28.281,0.943,4,3.32
RM1,5925,28.300,0.943,4,3.33
RM1,5926,28.320,0.943,4,3.34
RM1,5927,28.339,0.944,4,3.34
RM1,5928,28.358,0.944,4,3.35
RM1,5929,28.377,0.944,4,3.36
RM1,5930,28.396,0.944,4,3.37
RM1,5931,28.415,0.944,4,3.38
RM1,5932,28.433,0.944,4,3.38
RM1,5933,28.452,0.945,4,3.39
RM1,5934,28.470,0.945,4,3.40
RM1,5935,28.489,0.945,4,3.41
RM1,5936,28.507,0.945,4,3.41
RM1,5937,28.525,0.945,4,3.42
RM1,5938,28.543,0.945,4,3.43
RM1,5939,28.561,0.945,4,3.44
RM1,5940,28.579,0.945,4,3.45
RM1,5941,28.597,0.946,4,3.45
RM1,5942,28.614,0.946,4,3.46
RM1,5943,28.632,0.946,4,3.47
RM1,5944,28.649,0.946,4,3.48
RM1,5945,28.667,0.946,4,3.49
RM1,5946,28.684,0.946,4,3.49
RM1,5947,28.701,0.946,4,3.50
RM1,5948,28.718,0.946,4,3.51
RM1,5949,28.735,0.946,4,3.52
RM1,5950,28.752,0.946,4,3.53
RM1,5951,28.769,0.947,4,3.53
RM1,5952,28.785,0.947,4,3.54
RM1,5953,28.802,0.947,4,3.55
RM1,5954,28.818,0.947,4,3.56
RM1,5955,28.835,0.947,4,3.57
RM1,5956,28.851,0.947,4,3.57
RM1,5957,28.867,0.947,4,3.58
RM1,5958,28.883,0.947,4,3.59
RM1,5959,28.899,0.947,4,3.60
RM1,5960,28.915,0.947,4,3.61
RM1,5961,28.931,0.947,4,3.61
RM1,5962,28.946,0.947,4,3.62
RM1,5963,28.962,0.947,4,3.63
RM1,5964,28.978,0.947,4,3.64
RM1,5965,28.993,0.947,4,3.64
RM1,5966,29.008,0.947,4,3.65
RM1,5967,29.023,0.947,4,3.66
RM1,5968,29.039,0.947,4,3.67
RM1,5969,29.054,0.947,4,3.68
RM1,5970,29.069,0.948,4,3.68
RM1,5971,29.083,0.948,4,3.69
RM1,5972,29.098,0.948,4,3.70
RM1,5973,29.113,0.948,4,3.70
RM1,5974,29.127,0.948,4,3.71
RM1,5975,29.142,0.948,4,3.72
RM1,5976,29.156,0.948,4,3.73
RM1,5977,29.171,0.948,4,3.73
RM1,5978,29.185,0.948,4,3.74
RM1,5979,29.199,0.948,4,3.75
RM1,5980,29.213,0.948,4,3.75
RM1,5981,29.227,0.948,4,3.76
RM1,5982,29.241,0.948,4,3.77
RM1,5983,29.255,0.948,4,3.78
RM1,5984,29.268,0.948,4,3.78
RM1,5985,29.282,0.948,4,3.79
RM1,5986,29.296,0.948,4,3.79
RM1,5987,29.309,0.948,4,3.80
RM1,5988,29.322,0.948,4,3.81
RM1,5989,29.336,0.948,4,3.81
RM1,5990,29.349,0.948,4,3.82
RM1,5991,29.362,0.948,4,3.83
RM1,5992,29.375,0.948,4,3.83
RM1,5993,29.388,0.948,4,3.84
RM1,5994,29.401,0.948,4,3.84
RM1,5995,29.414,0.948,4,3.85
RM1,5996,29.426,0.948,4,3.86
RM1,5997,29.439,0.948,4,3.86
RM1,5998,29.452,0.947,4,3.87
RM1,5999,29.464,0.947,4,3.87
RM1,6000,29.476,0.947,4,3.88
RM1,6001,29.489,0.947,5,3.88
RM1,6002,29.501,0.947,5,3.89
RM1,6003,29.513,0.947,5,3.89
RM1,6004,29.525,0.947,5,3.90
RM1,6005,29.537,0.947,5,3.90
RM1,6006,29.549,0.947,5,3.91
RM1,6007,29.561,0.947,5,3.91
RM1,6008,29.573,0.947,5,3.92
RM1,6009,29.584,0.947,5,3.93
RM1,6010,29.596,0.947,5,3.93
RM1,6011,29.608,0.947,5,3.94
RM1,6012,29.619,0.947,5,3.94
RM1,6013,29.630,0.947,5,3.95
RM1,6014,29.642,0.947,5,3.95
RM1,6015,29.653,0.947,5,3.96
RM1,6016,29.664,0.947,5,3.96
RM1,6017,29.675,0.947,5,3.97
RM1,6018,29.686,0.947,5,3.98
RM1,6019,29.697,0.947,5,3.98
RM1,6020,29.708,0.947,5,3.99
RM1,6021,29.719,0.947,5,3.99
RM1,6022,29.730,0.947,5,4.00
RM1,6023,29.740,0.946,5,4.00
RM1,6024,29.751,0.946,5,4.01
RM1,6025,29.762,0.946,5,4.02
RM1,6026,29.772,0.946,5,4.02
RM1,6027,29.782,0.946,5,4.03
RM1,6028,29.793,0.946,5,4.03
RM1,6029,29.803,0.946,5,4.04
RM1,6030,29.813,0.946,5,4.04
RM1,6031,29.823,0.946,5,4.05
RM1,6032,29.833,0.946,5,4.05
RM1,6033,29.843,0.946,5,4.06
RM1,6034,29.853,0.946,5,4.07
RM1,6035,29.863,0.946,5,4.07
RM1,6036,29.873,0.946,5,4.08
RM1,6037,29.883,0.946,5,4.08
RM1,6038,29.892,0.946,5,4.09
RM1,6039,29.902,0.946,5,4.09
RM1,6040,29.911,0.945,5,4.10
RM1,6041,29.921,0.945,5,4.10
RM1,6042,29.930,0.945,5,4.11
RM1,6043,29.940,0.945,5,4.11
RM1,6044,29.949,0.945,5,4.12
RM1,6045,29.958,0.945,5,4.13
RM1,6046,29.967,0.945,5,4.13
RM1,6047,29.976,0.945,5,4.14
RM1,6048,29.986,0.945,5,4.14
RM1,6049,29.995,0.945,5,4.15
RM1,6050,30.003,0.945,5,4.15
RM1,6051,30.012,0.945,5,4.16
RM1,6052,30.021,0.945,5,4.16
RM1,6053,30.030,0.945,5,4.17
RM1,6054,30.039,0.945,5,4.18
RM1,6055,30.047,0.945,5,4.18
RM1,6056,30.056,0.945,5,4.19
RM1,6057,30.064,0.944,5,4.20
RM1,6058,30.073,0.944,5,4.20
RM1,6059,30.081,0.944,5,4.21
RM1,6060,30.089,0.944,5,4.22
RM1,6061,30.098,0.944,5,4.22
RM1,6062,30.106,0.944,5,4.23
RM1,6063,30.114,0.944,5,4.24
RM1,6064,30.122,0.944,5,4.24
RM1,6065,30.130,0.944,5,4.25
RM1,6066,30.138,0.944,5,4.26
RM1,6067,30.146,0.944,5,4.26
RM1,6068,30.154,0.944,5,4.27
RM1,6069,30.162,0.944,5,4.28
RM1,6070,30.170,0.944,5,4.28
RM1,6071,30.178,0.944,5,4.29
RM1,6072,30.185,0.944,5,4.30
RM1,6073,30.193,0.944,5,4.31
RM1,6074,30.201,0.944,5,4.31
RM1,6075,30.208,0.944,5,4.32
RM1,6076,30.216,0.943,5,4.33
RM1,6077,30.223,0.943,5,4.34
RM1,6078,30.231,0.943,5,4.34
RM1,6079,30.238,0.943,5,4.35
RM1,6080,30.245,0.943,5,4.36
RM1,6081,30.253,0.943,5,4.37
RM1,6082,30.260,0.943,5,4.38
RM1,6083,30.267,0.943,5,4.38
RM1,6084,30.274,0.943,5,4.39
RM1,6085,30.281,0.943,5,4.40
RM1,6086,30.288,0.943,5,4.41
RM1,6087,30.295,0.943,5,4.41
RM1,6088,30.302,0.943,5,4.42
RM1,6089,30.309,0.943,5,4.43
RM1,6090,30.316,0.943,5,4.44
RM1,6091,30.323,0.943,5,4.45
RM1,6092,30.329,0.943,5,4.45
RM1,6093,30.336,0.943,5,4.46
RM1,6094,30.343,0.943,5,4.47
RM1,6095,30.349,0.943,5,4.48
RM1,6096,30.356,0.943,5,4.49
RM1,6097,30.363,0.943,5,4.49
RM1,6098,30.369,0.943,5,4.50
RM1,6099,30.376,0.943,5,4.51
RM1,6100,30.382,0.943,5,4.52
RM1,6101,30.388,0.943,5,4.53
RM1,6102,30.395,0.943,5,4.53
RM1,6103,30.401,0.943,5,4.54
RM1,6104,30.407,0.943,5,4.55
RM1,6105,30.414,0.943,5,4.56
RM1,6106,30.420,0.943,5,4.57
RM1,6107,30.426,0.943,5,4.57
RM1,6108,30.432,0.943,5,4.58
RM1,6109,30.438,0.943,5,4.59
RM1,6110,30.444,0.943,5,4.60
RM1,6111,30.450,0.943,5,4.61
RM1,6112,30.456,0.943,5,4.61
RM1,6113,30.462,0.943,5,4.62
RM1,6114,30.468,0.943,5,4.63
RM1,6115,30.474,0.943,5,4.64
RM1,6116,30.480,0.943,5,4.65
RM1,6117,30.486,0.943,5,4.65
RM1,6118,30.491,0.943,5,4.66
RM1,6119,30.497,0.943,5,4.67
RM1,6120,30.503,0.943,5,4.68
RM1,6121,30.509,0.943,5,4.68
RM1,6122,30.514,0.943,5,4.69
RM1,6123,30.520,0.943,5,4.70
RM1,6124,30.525,0.943,5,4.71
RM1,6125,30.531,0.943,5,4.71
RM1,6126,30.537,0.943,5,4.72
RM1,6127,30.542,0.943,5,4.73
RM1,6128,30.547,0.943,5,4.73
RM1,6129,30.553,0.943,5,4.74
RM1,6130,30.558,0.943,5,4.75
RM1,6131,30.564,0.943,5,4.76
RM1,6132,30.569,0.944,5,4.76
RM1,6133,30.574,0.944,5,4.77
RM1,6134,30.580,0.944,5,4.78
RM1,6135,30.585,0.944,5,4.78
RM1,6136,30.590,0.944,5,4.79
RM1,6137,30.595,0.944,5,4.80
RM1,6138,30.601,0.944,5,4.80
RM1,6139,30.606,0.944,5,4.81
RM1,6140,30.611,0.944,5,4.82
RM1,6141,30.616,0.944,5,4.82
RM1,6142,30.621,0.944,5,4.83
RM1,6143,30.626,0.944,5,4.83
RM1,6144,30.631,0.945,5,4.84
RM1,6145,30.636,0.945,5,4.85
RM1,6146,30.641,0.945,5,4.85
RM1,6147,30.646,0.945,5,4.86
RM1,6148,30.651,0.945,5,4.86
RM1,6149,30.656,0.945,5,4.87
RM1,6150,30.661,0.945,5,4.87
RM1,6151,30.666,0.945,5,4.88
RM1,6152,30.671,0.945,5,4.88
RM1,6153,30.676,0.946,5,4.89
RM1,6154,30.681,0.946,5,4.89
RM1,6155,30.686,0.946,5,4.90
RM1,6156,30.690,0.946,5,4.90
RM1,6157,30.695,0.946,5,4.91
RM1,6158,30.700,0.946,5,4.91
RM1,6159,30.705,0.946,5,4.92
RM1,6160,30.709,0.947,5,4.92
RM1,6161,30.714,0.947,5,4.93
RM1,6162,30.719,0.947,5,4.93
RM1,6163,30.723,0.947,5,4.93
RM1,6164,30.728,0.947,5,4.94
RM1,6165,30.733,0.947,5,4.94
RM1,6166,30.737,0.948,5,4.95
RM1,6167,30.742,0.948,5,4.95
RM1,6168,30.747,0.948,5,4.95
RM1,6169,30.751,0.948,5,4.96
RM1,6170,30.756,0.948,5,4.96
RM1,6171,30.760,0.949,5,4.96
RM1,6172,30.765,0.949,5,4.97
RM1,6173,30.770,0.949,5,4.97
RM1,6174,30.774,0.949,5,4.97
RM1,6175,30.779,0.949,5,4.97
RM1,6176,30.783,0.950,5,4.98
RM1,6177,30.788,0.950,5,4.98
RM1,6178,30.792,0.950,5,4.98
RM1,6179,30.797,0.950,5,4.98
RM1,6180,30.801,0.951,5,4.99
RM1,6181,30.806,0.951,5,4.99
RM1,6182,30.810,0.951,5,4.99
RM1,6183,30.815,0.951,5,4.99
RM1,6184,30.819,0.952,5,4.99
RM1,6185,30.824,0.952,5,4.99
RM1,6186,30.828,0.952,5,4.99
RM1,6187,30.832,0.952,5,5.00
RM1,6188,30.837,0.953,5,5.00
RM1,6189,30.841,0.953,5,5.00
RM1,6190,30.846,0.953,5,5.00
RM1,6191,30.850,0.953,5,5.00
RM1,6192,30.855,0.954,5,5.00
RM1,6193,30.859,0.954,5,5.00
RM1,6194,30.863,0.954,5,5.00
RM1,6195,30.868,0.955,5,5.00
RM1,6196,30.872,0.955,5,5.00
RM1,6197,30.877,0.955,5,5.00
RM1,6198,30.881,0.956,5,5.00
RM1,6199,30.885,0.956,5,5.00
RM1,6200,30.890,0.956,5,5.00
RM1,6201,30.894,0.957,5,5.00
RM1,6202,30.898,0.957,5,5.00
RM1,6203,30.903,0.957,5,5.00
RM1,6204,30.907,0.958,5,5.00
RM1,6205,30.912,0.958,5,5.00
RM1,6206,30.916,0.958,5,5.00
RM1,6207,30.920,0.959,5,5.00
RM1,6208,30.925,0.959,5,5.00
RM1,6209,30.929,0.959,5,5.00
RM1,6210,30.934,0.960,5,5.00
RM1,6211,30.938,0.960,5,5.00
RM1,6212,30.942,0.960,5,5.00
RM1,6213,30.947,0.961,5,5.00
RM1,6214,30.951,0.961,5,5.00
RM1,6215,30.955,0.962,5,5.00
RM1,6216,30.960,0.962,5,5.00
RM1,6217,30.964,0.962,5,5.00
RM1,6218,30.968,0.963,5,5.00
RM1,6219,30.973,0.963,5,5.00
RM1,6220,30.977,0.964,5,5.00
RM1,6221,30.982,0.964,5,5.00
RM1,6222,30.986,0.964,5,5.00
RM1,6223,30.990,0.965,5,5.00
RM1,6224,30.995,0.965,5,5.00
RM1,6225,30.999,0.966,5,5.00
RM1,6226,31.003,0.966,5,5.00
RM1,6227,31.008,0.967,5,5.00
RM1,6228,31.012,0.967,5,5.00
RM1,6229,31.016,0.967,5,5.00
RM1,6230,31.021,0.968,5,5.00
RM1,6231,31.025,0.968,5,5.00
RM1,6232,31.029,0.969,5,5.00
RM1,6233,31.034,0.969,5,5.00
RM1,6234,31.038,0.970,5,5.00
RM1,6235,31.042,0.970,5,5.00
RM1,6236,31.047,0.971,5,5.00
RM1,6237,31.051,0.971,5,5.00
RM1,6238,31.055,0.972,5,5.00
RM1,6239,31.060,0.972,5,5.00
RM1,6240,31.064,0.973,5,5.00
RM1,6241,31.068,0.973,5,5.00
RM1,6242,31.073,0.973,5,5.00
RM1,6243,31.077,0.974,5,5.00
RM1,6244,31.081,0.974,5,5.00
RM1,6245,31.086,0.975,5,5.00
RM1,6246,31.090,0.975,5,5.00
RM1,6247,31.094,0.976,5,5.00
RM1,6248,31.098,0.976,5,5.00
RM1,6249,31.103,0.977,5,5.00
RM1,6250,31.107,0.978,5,5.00
RM1,6251,31.111,0.978,5,5.00
RM1,6252,31.116,0.979,5,5.00
RM1,6253,31.120,0.979,5,5.00
RM1,6254,31.124,0.980,5,5.00
RM1,6255,31.129,0.980,5,5.00
RM1,6256,31.133,0.981,5,5.00
RM1,6257,31.137,0.981,5,5.00
RM1,6258,31.141,0.982,5,5.00
RM1,6259,31.146,0.982,5,5.00
RM1,6260,31.150,0.983,5,5.00
RM1,6261,31.154,0.983,5,5.00
RM1,6262,31.159,0.984,5,5.00
RM1,6263,31.163,0.984,5,5.00
RM1,6264,31.167,0.985,5,5.00
RM1,6265,31.171,0.986,5,5.00
RM1,6266,31.176,0.986,5,5.00
RM1,6267,31.180,0.987,5,5.00
RM1,6268,31.184,0.987,5,5.00
RM1,6269,31.189,0.988,5,5.00
RM1,6270,31.193,0.988,5,5.00
RM1,6271,31.197,0.989,5,5.00
RM1,6272,31.201,0.990,5,5.00
RM1,6273,31.206,0.990,5,5.00
RM1,6274,31.210,0.991,5,5.00
RM1,6275,31.214,0.991,5,5.00
RM1,6276,31.218,0.992,5,5.00
RM1,6277,31.223,0.993,5,5.00
RM1,6278,31.227,0.993,5,5.00
RM1,6279,31.231,0.994,5,5.00
RM1,6280,31.235,0.994,5,5.00
RM1,6281,31.240,0.995,5,5.00
RM1,6282,31.244,0.996,5,5.00
RM1,6283,31.248,0.996,5,5.00
RM1,6284,31.252,0.997,5,5.00
RM1,6285,31.257,0.997,5,5.00
RM1,6286,31.261,0.998,5,5.00
RM1,6287,31.265,0.999,5,5.00
RM1,6288,31.269,0.999,5,5.00
RM1,6289,31.274,1.000,5,5.00
RM1,6290,31.278,1.001,5,5.00
RM1,6291,31.282,1.001,5,5.00
RM1,6292,31.286,1.002,5,5.00
RM1,6293,31.290,1.002,5,5.00
RM1,6294,31.295,1.003,5,5.00
RM1,6295,31.299,1.004,5,5.00
RM1,6296,31.303,1.004,5,5.00
RM1,6297,31.307,1.005,5,5.00
RM1,6298,31.311,1.006,5,5.00
RM1,6299,31.316,1.006,5,5.00
RM1,6300,31.320,1.007,5,5.00
RM1,6301,31.324,1.008,5,5.00
RM1,6302,31.328,1.008,5,5.00
RM1,6303,31.333,1.009,5,5.00
RM1,6304,31.337,1.010,5,5.00
RM1,6305,31.341,1.010,5,5.00
RM1,6306,31.345,1.011,5,5.00
RM1,6307,31.349,1.012,5,5.00
RM1,6308,31.353,1.012,5,5.00
RM1,6309,31.358,1.013,5,5.00
RM1,6310,31.362,1.014,5,5.00
RM1,6311,31.366,1.014,5,5.00
RM1,6312,31.370,1.015,5,5.00
RM1,6313,31.374,1.016,5,5.00
RM1,6314,31.379,1.016,5,5.00
RM1,6315,31.383,1.017,5,5.00
RM1,6316,31.387,1.018,5,5.00
RM1,6317,31.391,1.018,5,5.00
RM1,6318,31.395,1.019,5,5.00
RM1,6319,31.399,1.020,5,5.00
RM1,6320,31.404,1.020,5,5.00
RM1,6321,31.408,1.021,5,5.00
RM1,6322,31.412,1.022,5,5.00
RM1,6323,31.416,1.023,5,5.00
RM1,6324,31.420,1.023,5,5.00
RM1,6325,31.424,1.024,5,5.00
RM1,6326,31.429,1.025,5,5.00
RM1,6327,31.433,1.025,5,5.00
RM1,6328,31.437,1.026,5,5.00
RM1,6329,31.441,1.027,5,5.00
RM1,6330,31.445,1.028,5,5.00
RM1,6331,31.449,1.028,5,5.00
RM1,6332,31.453,1.029,5,5.00
RM1,6333,31.457,1.030,5,5.00
RM1,6334,31.462,1.030,5,5.00
RM1,6335,31.466,1.031,5,5.00
RM1,6336,31.470,1.032,5,5.00
RM1,6337,31.474,1.033,5,5.00
RM1,6338,31.478,1.033,5,5.00
RM1,6339,31.482,1.034,5,5.00
RM1,6340,31.486,1.035,5,5.00
RM1,6341,31.490,1.035,5,5.00
RM1,6342,31.495,1.036,5,5.00
RM1,6343,31.499,1.037,5,5.00
RM1,6344,31.503,1.038,5,5.00
RM1,6345,31.507,1.038,5,5.00
RM1,6346,31.511,1.039,5,5.00
RM1,6347,31.515,1.040,5,5.00
RM1,6348,31.519,1.041,5,5.00
RM1,6349,31.523,1.041,5,5.00
RM1,6350,31.527,1.042,5,5.00
RM1,6351,31.531,1.043,5,5.00
RM1,6352,31.536,1.044,5,5.00
RM1,6353,31.540,1.044,5,5.00
RM1,6354,31.544,1.045,5,5.00
RM1,6355,31.548,1.046,5,5.00
RM1,6356,31.552,1.047,5,5.00
RM1,6357,31.556,1.047,5,5.00
RM1,6358,31.560,1.048,5,5.00
RM1,6359,31.564,1.049,5,5.00
RM1,6360,31.568,1.049,5,5.00
RM1,6361,31.572,1.050,5,5.00
RM1,6362,31.576,1.051,5,5.00
RM1,6363,31.580,1.052,5,5.00
RM1,6364,31.584,1.053,5,5.00
RM1,6365,31.589,1.053,5,5.00
RM1,6366,31.593,1.054,5,5.00
RM1,6367,31.597,1.055,5,5.00
RM1,6368,31.601,1.056,5,5.00
RM1,6369,31.605,1.056,5,5.00
RM1,6370,31.609,1.057,5,5.00
RM1,6371,31.613,1.058,5,5.00
RM1,6372,31.617,1.059,5,5.00
RM1,6373,31.621,1.059,5,5.00
RM1,6374,31.625,1.060,5,5.00
RM1,6375,31.629,1.061,5,5.00
RM1,6376,31.633,1.062,5,5.00
RM1,6377,31.637,1.062,5,5.00
RM1,6378,31.641,1.063,5,5.00
RM1,6379,31.645,1.064,5,5.00
RM1,6380,31.649,1.065,5,5.00
RM1,6381,31.653,1.065,5,5.00
RM1,6382,31.657,1.066,5,5.00
RM1,6383,31.661,1.067,5,5.00
RM1,6384,31.665,1.068,5,5.00
RM1,6385,31.669,1.069,5,5.00
RM1,6386,31.673,1.069,5,5.00
RM1,6387,31.677,1.070,5,5.00
RM1,6388,31.681,1.071,5,5.00
RM1,6389,31.685,1.072,5,5.00
RM1,6390,31.689,1.072,5,5.00
RM1,6391,31.693,1.073,5,5.00
RM1,6392,31.697,1.074,5,5.00
RM1,6393,31.701,1.075,5,5.00
RM1,6394,31.705,1.075,5,5.00
RM1,6395,31.709,1.076,5,5.00
RM1,6396,31.713,1.077,5,5.00
RM1,6397,31.717,1.078,5,5.00
RM1,6398,31.721,1.079,5,5.00
RM1,6399,31.725,1.079,5,5.00
RM1,6400,31.729,1.080,5,5.00
RM1,6401,31.733,1.081,5,5.00
RM1,6402,31.737,1.082,5,5.00
RM1,6403,31.741,1.082,5,5.00
RM1,6404,31.745,1.083,5,5.00
RM1,6405,31.749,1.084,5,5.00
RM1,6406,31.753,1.085,5,5.00
RM1,6407,31.757,1.086,5,5.00
RM1,6408,31.761,1.086,5,5.00
RM1,6409,31.765,1.087,5,5.00
RM1,6410,31.768,1.088,5,5.00
RM1,6411,31.772,1.089,5,5.00
RM1,6412,31.776,1.089,5,5.00
RM1,6413,31.780,1.090,5,5.00
RM1,6414,31.784,1.091,5,5.00
RM1,6415,31.788,1.092,5,5.00
RM1,6416,31.792,1.092,5,5.00
RM1,6417,31.796,1.093,5,5.00
RM1,6418,31.800,1.094,5,5.00
RM1,6419,31.804,1.095,5,5.00
RM1,6420,31.808,1.096,5,5.00
RM1,6421,31.812,1.096,5,5.00
RM1,6422,31.816,1.097,5,5.00
RM1,6423,31.819,1.098,5,5.00
RM1,6424,31.823,1.099,5,5.00
RM1,6425,31.827,1.099,5,5.00
RM1,6426,31.831,1.100,5,5.00
RM1,6427,31.835,1.101,5,5.00
RM1,6428,31.839,1.102,5,5.00
RM1,6429,31.843,1.103,5,5.00
RM1,6430,31.847,1.103,5,5.00
RM1,6431,31.851,1.104,5,5.00
RM1,6432,31.854,1.105,5,5.00
RM1,6433,31.858,1.106,5,5.00
RM1,6434,31.862,1.106,5,5.00
RM1,6435,31.866,1.107,5,5.00
RM1,6436,31.870,1.108,5,5.00
RM1,6437,31.874,1.109,5,5.00
RM1,6438,31.878,1.109,5,5.00
RM1,6439,31.882,1.110,5,5.00
RM1,6440,31.885,1.111,5,5.00
RM1,6441,31.889,1.112,5,5.00
RM1,6442,31.893,1.113,5,5.00
RM1,6443,31.897,1.113,5,5.00
RM1,6444,31.901,1.114,5,5.00
RM1,6445,31.905,1.115,5,5.00
RM1,6446,31.908,1.116,5,5.00
RM1,6447,31.912,1.116,5,5.00
RM1,6448,31.916,1.117,5,5.00
RM1,6449,31.920,1.118,5,5.00
RM1,6450,31.924,1.119,5,5.00
RM1,6451,31.928,1.119,5,5.00
RM1,6452,31.931,1.120,5,5.00
RM1,6453,31.935,1.121,5,5.00
RM1,6454,31.939,1.122,5,5.00
RM1,6455,31.943,1.122,5,5.00
RM1,6456,31.947,1.123,5,5.00
RM1,6457,31.950,1.124,5,5.00
RM1,6458,31.954,1.125,5,5.00
RM1,6459,31.958,1.125,5,5.00
RM1,6460,31.962,1.126,5,5.00
RM1,6461,31.966,1.127,5,5.00
RM1,6462,31.969,1.128,5,5.00
RM1,6463,31.973,1.128,5,5.00
RM1,6464,31.977,1.129,5,5.00
RM1,6465,31.981,1.130,5,5.00
RM1,6466,31.985,1.131,5,5.00
RM1,6467,31.988,1.131,5,5.00
RM1,6468,31.992,1.132,5,5.00
RM1,6469,31.996,1.133,5,5.00
RM1,6470,32.000,1.134,5,5.00
RM1,6471,32.003,1.134,5,5.00
RM1,6472,32.007,1.135,5,5.00
RM1,6473,32.011,1.136,5,5.00
RM1,6474,32.015,1.136,5,5.00
RM1,6475,32.018,1.137,5,5.00
RM1,6476,32.022,1.138,5,5.00
RM1,6477,32.026,1.139,5,5.00
RM1,6478,32.030,1.139,5,5.00
RM1,6479,32.033,1.140,5,5.00
RM1,6480,32.037,1.141,5,5.00
RM1,6481,32.041,1.142,5,5.00
RM1,6482,32.045,1.142,5,5.00
RM1,6483,32.048,1.143,5,5.00
RM1,6484,32.052,1.144,5,5.00
RM1,6485,32.056,1.144,5,5.00
RM1,6486,32.060,1.145,5,5.00
RM1,6487,32.063,1.146,5,5.00
RM1,6488,32.067,1.147,5,5.00
RM1,6489,32.071,1.147,5,5.00
RM1,6490,32.074,1.148,5,5.00
RM1,6491,32.078,1.149,5,5.00
RM1,6492,32.082,1.149,5,5.00
RM1,6493,32.085,1.150,5,5.00
RM1,6494,32.089,1.151,5,5.00
RM1,6495,32.093,1.151,5,5.00
RM1,6496,32.097,1.152,5,5.00
RM1,6497,32.100,1.153,5,5.00
RM1,6498,32.104,1.154,5,5.00
RM1,6499,32.108,1.154,5,5.00
RM1,6500,32.111,1.155,5,5.00
RM1,6501,32.115,1.156,5,5.00
RM1,6502,32.119,1.156,5,5.00
RM1,6503,32.122,1.157,5,5.00
RM1,6504,32.126,1.158,5,5.00
RM1,6505,32.130,1.158,5,5.00
RM1,6506,32.133,1.159,5,5.00
RM1,6507,32.137,1.160,5,5.00
RM1,6508,32.141,1.160,5,5.00
RM1,6509,32.144,1.161,5,5.00
RM1,6510,32.148,1.162,5,5.00
RM1,6511,32.151,1.162,5,5.00
RM1,6512,32.155,1.163,5,5.00
RM1,6513,32.159,1.164,5,5.00
RM1,6514,32.162,1.164,5,5.00
RM1,6515,32.166,1.165,5,5.00
RM1,6516,32.170,1.166,5,5.00
RM1,6517,32.173,1.166,5,5.00
RM1,6518,32.177,1.167,5,5.00
RM1,6519,32.180,1.168,5,5.00
RM1,6520,32.184,1.168,5,5.00
RM1,6521,32.188,1.169,5,5.00
RM1,6522,32.191,1.170,5,5.00
RM1,6523,32.195,1.170,5,5.00
RM1,6524,32.198,1.171,5,5.00
RM1,6525,32.202,1.171,5,5.00
RM1,6526,32.206,1.172,5,5.00
RM1,6527,32.209,1.173,5,5.00
RM1,6528,32.213,1.173,5,5.00
RM1,6529,32.216,1.174,5,5.00
RM1,6530,32.220,1.175,5,5.00
RM1,6531,32.224,1.175,5,5.00
RM1,6532,32.227,1.176,5,5.00
RM1,6533,32.231,1.176,5,5.00
RM1,6534,32.234,1.177,5,5.00
RM1,6535,32.238,1.178,5,5.00
RM1,6536,32.241,1.178,5,5.00
RM1,6537,32.245,1.179,5,5.00
RM1,6538,32.248,1.180,5,5.00
RM1,6539,32.252,1.180,5,5.00
RM1,6540,32.256,1.181,5,5.00
RM1,6541,32.259,1.181,5,5.00
RM1,6542,32.263,1.182,5,5.00
RM1,6543,32.266,1.182,5,5.00
RM1,6544,32.270,1.183,5,5.00
RM1,6545,32.273,1.184,5,5.00
RM1,6546,32.277,1.184,5,5.00
RM1,6547,32.280,1.185,5,5.00
RM1,6548,32.284,1.185,5,5.00
RM1,6549,32.287,1.186,5,5.00
RM1,6550,32.291,1.187,5,5.00
RM1,6551,32.294,1.187,5,5.00
RM1,6552,32.298,1.188,5,5.00
RM1,6553,32.301,1.188,5,5.00
RM1,6554,32.305,1.189,5,5.00
RM1,6555,32.308,1.189,5,5.00
RM1,6556,32.312,1.190,5,5.00
RM1,6557,32.315,1.190,5,5.00
RM1,6558,32.319,1.191,5,5.00
RM1,6559,32.322,1.192,5,5.00
RM1,6560,32.326,1.192,5,5.00
RM1,6561,32.329,1.193,5,5.00
RM1,6562,32.333,1.193,5,5.00
RM1,6563,32.336,1.194,5,5.00
RM1,6564,32.339,1.194,5,5.00
RM1,6565,32.343,1.195,5,5.00
RM1,6566,32.346,1.195,5,5.00
RM1,6567,32.350,1.196,5,5.00
RM1,6568,32.353,1.196,5,5.00
RM1,6569,32.357,1.197,5,5.00
RM1,6570,32.360,1.197,5,5.00
RM1,6571,32.364,1.198,5,5.00
RM1,6572,32.367,1.198,5,5.00
RM1,6573,32.370,1.199,5,5.00
RM1,6574,32.374,1.199,5,5.00
RM1,6575,32.377,1.200,5,5.00
RM1,6576,32.381,1.200,5,5.00
RM1,6577,32.384,1.201,5,5.00
RM1,6578,32.387,1.201,5,5.00
RM1,6579,32.391,1.202,5,5.00
RM1,6580,32.394,1.202,5,5.00
RM1,6581,32.398,1.203,5,5.00
RM1,6582,32.401,1.203,5,5.00
RM1,6583,32.404,1.204,5,5.00
RM1,6584,32.408,1.204,5,5.00
RM1,6585,32.411,1.204,5,5.00
RM1,6586,32.415,1.205,5,5.00
RM1,6587,32.418,1.205,5,5.00
RM1,6588,32.421,1.206,5,5.00
RM1,6589,32.425,1.206,5,5.00
RM1,6590,32.428,1.207,5,5.00
RM1,6591,32.431,1.207,5,5.00
RM1,6592,32.435,1.208,5,5.00
RM1,6593,32.438,1.208,5,5.00
RM1,6594,32.441,1.208,5,5.00
RM1,6595,32.445,1.209,5,5.00
RM1,6596,32.448,1.209,5,5.00
RM1,6597,32.451,1.210,5,5.00
RM1,6598,32.455,1.210,5,5.00
RM1,6599,32.458,1.210,5,5.00
RM1,6600,32.461,1.211,5,5.00
RM1,6601,32.465,1.211,5,5.00
RM1,6602,32.468,1.212,5,5.00
RM1,6603,32.471,1.212,5,5.00
RM1,6604,32.475,1.212,5,5.00
RM1,6605,32.478,1.213,5,5.00
RM1,6606,32.481,1.213,5,5.00
RM1,6607,32.485,1.213,5,5.00
RM1,6608,32.488,1.214,5,5.00
RM1,6609,32.491,1.214,5,5.00
RM1,6610,32.494,1.215,5,5.00
RM1,6611,32.498,1.215,5,5.00
RM1,6612,32.501,1.215,5,5.00
RM1,6613,32.504,1.216,5,5.00
RM1,6614,32.508,1.216,5,5.00
RM1,6615,32.511,1.216,5,5.00
RM1,6616,32.514,1.217,5,5.00
RM1,6617,32.517,1.217,5,5.00
RM1,6618,32.521,1.217,5,5.00
RM1,6619,32.524,1.218,5,5.00
RM1,6620,32.527,1.218,5,5.00
RM1,6621,32.530,1.218,5,5.00
RM1,6622,32.534,1.219,5,5.00
RM1,6623,32.537,1.219,5,5.00
RM1,6624,32.540,1.219,5,5.00
RM1,6625,32.543,1.219,5,5.00
RM1,6626,32.546,1.220,5,5.00
RM1,6627,32.550,1.220,5,5.00
RM1,6628,32.553,1.220,5,5.00
RM1,6629,32.556,1.221,5,5.00
RM1,6630,32.559,1.221,5,5.00
RM1,6631,32.563,1.221,5,5.00
RM1,6632,32.566,1.221,5,5.00
RM1,6633,32.569,1.222,5,4.99
RM1,6634,32.572,1.222,5,4.99
RM1,6635,32.575,1.222,5,4.99
RM1,6636,32.579,1.222,5,4.99
RM1,6637,32.582,1.223,5,4.99
RM1,6638,32.585,1.223,5,4.99
RM1,6639,32.588,1.223,5,4.98
RM1,6640,32.591,1.223,5,4.98
RM1,6641,32.594,1.223,5,4.98
RM1,6642,32.598,1.224,5,4.98
RM1,6643,32.601,1.224,5,4.98
RM1,6644,32.604,1.224,5,4.97
RM1,6645,32.607,1.224,5,4.97
RM1,6646,32.610,1.224,5,4.97
RM1,6647,32.613,1.225,5,4.96
RM1,6648,32.616,1.225,5,4.96
RM1,6649,32.620,1.225,5,4.96
RM1,6650,32.623,1.225,5,4.96
RM1,6651,32.626,1.225,5,4.95
RM1,6652,32.629,1.226,5,4.95
RM1,6653,32.632,1.226,5,4.94
RM1,6654,32.635,1.226,5,4.94
RM1,6655,32.638,1.226,5,4.94
RM1,6656,32.641,1.226,5,4.93
RM1,6657,32.644,1.226,5,4.93
RM1,6658,32.648,1.226,5,4.92
RM1,6659,32.651,1.227,5,4.92
RM1,6660,32.654,1.227,5,4.92
RM1,6661,32.657,1.227,5,4.91
RM1,6662,32.660,1.227,5,4.91
RM1,6663,32.663,1.227,5,4.90
RM1,6664,32.666,1.227,5,4.90
RM1,6665,32.669,1.227,5,4.89
RM1,6666,32.672,1.227,5,4.89
RM1,6667,32.675,1.227,5,4.88
RM1,6668,32.678,1.227,5,4.87
RM1,6669,32.681,1.228,5,4.87
RM1,6670,32.684,1.228,5,4.86
RM1,6671,32.687,1.228,5,4.86
RM1,6672,32.690,1.228,5,4.85
RM1,6673,32.693,1.228,5,4.85
RM1,6674,32.697,1.228,5,4.84
RM1,6675,32.700,1.228,5,4.83
RM1,6676,32.703,1.228,5,4.83
RM1,6677,32.706,1.228,5,4.82
RM1,6678,32.709,1.228,5,4.82
RM1,6679,32.712,1.228,5,4.81
RM1,6680,32.715,1.228,5,4.80
RM1,6681,32.718,1.228,5,4.80
RM1,6682,32.721,1.228,5,4.79
RM1,6683,32.724,1.228,5,4.78
RM1,6684,32.727,1.228,5,4.78
RM1,6685,32.730,1.228,5,4.77
RM1,6686,32.733,1.228,5,4.76
RM1,6687,32.736,1.228,5,4.75
RM1,6688,32.738,1.228,5,4.74
RM1,6689,32.741,1.228,5,4.74
RM1,6690,32.744,1.228,5,4.73
RM1,6691,32.747,1.228,5,4.72
RM1,6692,32.750,1.228,5,4.71
RM1,6693,32.753,1.228,5,4.70
RM1,6694,32.756,1.228,5,4.69
RM1,6695,32.759,1.228,5,4.68
RM1,6696,32.762,1.228,5,4.67
RM1,6697,32.765,1.227,5,4.66
RM1,6698,32.768,1.227,5,4.66
RM1,6699,32.771,1.227,5,4.65
RM1,6700,32.774,1.227,5,4.64
RM1,6701,32.777,1.227,5,4.62
RM1,6702,32.780,1.227,5,4.61
RM1,6703,32.783,1.227,5,4.60
RM1,6704,32.785,1.227,5,4.59
RM1,6705,32.788,1.227,5,4.58
RM1,6706,32.791,1.226,5,4.57
RM1,6707,32.794,1.226,5,4.56
RM1,6708,32.797,1.226,5,4.55
RM1,6709,32.800,1.226,5,4.54
RM1,6710,32.803,1.226,5,4.53
RM1,6711,32.806,1.226,5,4.51
RM1,6712,32.808,1.225,5,4.50
RM1,6713,32.811,1.225,5,4.49
RM1,6714,32.814,1.225,5,4.48
RM1,6715,32.817,1.225,5,4.47
RM1,6716,32.820,1.225,5,4.45
RM1,6717,32.823,1.225,5,4.44
RM1,6718,32.826,1.224,5,4.43
RM1,6719,32.828,1.224,5,4.42
RM1,6720,32.831,1.224,5,4.40
RM1,6721,32.834,1.224,5,4.39
RM1,6722,32.837,1.223,5,4.38
RM1,6723,32.840,1.223,5,4.36
RM1,6724,32.843,1.223,5,4.35
RM1,6725,32.845,1.223,5,4.34
RM1,6726,32.848,1.222,5,4.32
RM1,6727,32.851,1.222,5,4.31
RM1,6728,32.854,1.222,5,4.30
RM1,6729,32.857,1.222,5,4.28
RM1,6730,32.859,1.221,5,4.27
RM1,6731,32.862,1.221,5,4.26
RM1,6732,32.865,1.221,5,4.24
RM1,6733,32.868,1.220,5,4.23
RM1,6734,32.870,1.220,5,4.21
RM1,6735,32.873,1.220,5,4.20
RM1,6736,32.876,1.219,5,4.19
RM1,6737,32.879,1.219,5,4.17
RM1,6738,32.881,1.219,5,4.16
RM1,6739,32.884,1.218,5,4.14
RM1,6740,32.887,1.218,5,4.13
RM1,6741,32.890,1.218,5,4.11
RM1,6742,32.892,1.217,5,4.10
RM1,6743,32.895,1.217,5,4.09
RM1,6744,32.898,1.217,5,4.07
RM1,6745,32.901,1.216,5,4.06
RM1,6746,32.903,1.216,5,4.04
RM1,6747,32.906,1.215,5,4.03
RM1,6748,32.909,1.215,5,4.01
RM1,6749,32.911,1.214,5,4.00
RM1,6750,32.914,1.214,5,3.99
RM1,6751,32.917,1.214,5,3.97
RM1,6752,32.920,1.213,5,3.96
RM1,6753,32.922,1.213,5,3.94
RM1,6754,32.925,1.212,5,3.93
RM1,6755,32.928,1.212,5,3.91
RM1,6756,32.930,1.211,5,3.90
RM1,6757,32.933,1.211,5,3.89
RM1,6758,32.936,1.210,5,3.87
RM1,6759,32.938,1.210,5,3.86
RM1,6760,32.941,1.209,5,3.84
RM1,6761,32.943,1.209,5,3.83
RM1,6762,32.946,1.208,5,3.82
RM1,6763,32.949,1.208,5,3.80
RM1,6764,32.951,1.207,5,3.79
RM1,6765,32.954,1.207,5,3.77
RM1,6766,32.957,1.206,5,3.76
RM1,6767,32.959,1.206,5,3.75
RM1,6768,32.962,1.205,5,3.73
RM1,6769,32.964,1.205,5,3.72
RM1,6770,32.967,1.204,5,3.71
RM1,6771,32.970,1.203,5,3.69
RM1,6772,32.972,1.203,5,3.68
RM1,6773,32.975,1.202,5,3.67
RM1,6774,32.977,1.202,5,3.65
RM1,6775,32.980,1.201,5,3.64
RM1,6776,32.983,1.200,5,3.63
RM1,6777,32.985,1.200,5,3.61
RM1,6778,32.988,1.199,5,3.60
RM1,6779,32.990,1.199,5,3.59
RM1,6780,32.993,1.198,5,3.58
RM1,6781,32.995,1.197,5,3.56
RM1,6782,32.998,1.197,5,3.55
RM1,6783,33.000,1.196,5,3.54
RM1,6784,33.003,1.195,5,3.53
RM1,6785,33.006,1.195,5,3.51
RM1,6786,33.008,1.194,6,3.50
RM1,6787,33.011,1.193,6,3.49
RM1,6788,33.013,1.192,6,3.48
RM1,6789,33.016,1.192,6,3.47
RM1,6790,33.018,1.191,6,3.45
RM1,6791,33.021,1.190,6,3.44
RM1,6792,33.023,1.190,6,3.43
RM1,6793,33.026,1.189,6,3.42
RM1,6794,33.028,1.188,6,3.41
RM1,6795,33.031,1.187,6,3.40
RM1,6796,33.033,1.186,6,3.39
RM1,6797,33.036,1.186,6,3.38
RM1,6798,33.038,1.185,6,3.37
RM1,6799,33.040,1.184,6,3.36
RM1,6800,33.043,1.183,6,3.35
RM1,6801,33.045,1.183,6,3.34
RM1,6802,33.048,1.182,6,3.33
RM1,6803,33.050,1.181,6,3.32
RM1,6804,33.053,1.180,6,3.31
RM1,6805,33.055,1.179,6,3.30
RM1,6806,33.058,1.178,6,3.29
RM1,6807,33.060,1.177,6,3.28
RM1,6808,33.062,1.177,6,3.27
RM1,6809,33.065,1.176,6,3.26
RM1,6810,33.067,1.175,6,3.26
RM1,6811,33.070,1.174,6,3.25
RM1,6812,33.072,1.173,6,3.24
RM1,6813,33.074,1.172,6,3.23
RM1,6814,33.077,1.171,6,3.23
RM1,6815,33.079,1.170,5,3.22
RM1,6816,33.082,1.169,5,3.21
RM1,6817,33.084,1.168,5,3.20
RM1,6818,33.086,1.167,5,3.20
RM1,6819,33.089,1.167,5,3.19
RM1,6820,33.091,1.166,5,3.18
RM1,6821,33.093,1.165,5,3.18
RM1,6822,33.096,1.164,5,3.17
RM1,6823,33.098,1.163,5,3.17
RM1,6824,33.100,1.162,5,3.16
RM1,6825,33.103,1.161,5,3.15
RM1,6826,33.105,1.160,5,3.15
RM1,6827,33.107,1.159,5,3.14
RM1,6828,33.110,1.158,5,3.14
RM1,6829,33.112,1.157,5,3.13
RM1,6830,33.114,1.155,5,3.12
RM1,6831,33.117,1.154,5,3.12
RM1,6832,33.119,1.153,5,3.11
RM1,6833,33.121,1.152,5,3.11
RM1,6834,33.124,1.151,5,3.10
RM1,6835,33.126,1.150,5,3.10
RM1,6836,33.128,1.149,5,3.09
RM1,6837,33.130,1.148,5,3.09
RM1,6838,33.133,1.147,5,3.08
RM1,6839,33.135,1.146,5,3.08
RM1,6840,33.137,1.145,5,3.07
RM1,6841,33.139,1.144,5,3.07
RM1,6842,33.142,1.142,5,3.06
RM1,6843,33.144,1.141,5,3.06
RM1,6844,33.146,1.140,5,3.06
RM1,6845,33.148,1.139,5,3.05
RM1,6846,33.151,1.138,5,3.05
RM1,6847,33.153,1.137,5,3.04
RM1,6848,33.155,1.135,5,3.04
RM1,6849,33.157,1.134,5,3.04
RM1,6850,33.160,1.133,5,3.03
RM1,6851,33.162,1.132,5,3.03
RM1,6852,33.164,1.131,5,3.03
RM1,6853,33.166,1.130,5,3.03
RM1,6854,33.168,1.128,5,3.02
RM1,6855,33.171,1.127,5,3.02
RM1,6856,33.173,1.126,5,3.02
RM1,6857,33.175,1.125,5,3.01
RM1,6858,33.177,1.123,5,3.01
RM1,6859,33.179,1.122,5,3.01
RM1,6860,33.181,1.121,5,3.01
RM1,6861,33.184,1.120,5,3.01
RM1,6862,33.186,1.118,5,3.00
RM1,6863,33.188,1.117,5,3.00
RM1,6864,33.190,1.116,5,3.00
RM1,6865,33.192,1.115,5,3.00
RM1,6866,33.194,1.113,5,3.00
RM1,6867,33.196,1.112,5,3.00
RM1,6868,33.198,1.111,5,3.00
RM1,6869,33.201,1.109,5,2.99
RM1,6870,33.203,1.108,5,2.99
RM1,6871,33.205,1.107,5,2.99
RM1,6872,33.207,1.105,5,2.99
RM1,6873,33.209,1.104,5,2.99
RM1,6874,33.211,1.103,5,2.99
RM1,6875,33.213,1.101,5,2.99
RM1,6876,33.215,1.100,5,2.99
RM1,6877,33.217,1.099,5,2.99
RM1,6878,33.219,1.097,4,2.99
RM1,6879,33.221,1.096,4,2.99
RM1,6880,33.223,1.095,4,2.99
RM1,6881,33.225,1.093,4,2.99
RM1,6882,33.227,1.092,4,2.99
RM1,6883,33.229,1.090,4,2.99
RM1,6884,33.231,1.089,4,2.99
RM1,6885,33.233,1.088,4,2.99
RM1,6886,33.236,1.086,4,2.99
RM1,6887,33.238,1.085,4,3.00
RM1,6888,33.240,1.083,5,3.00
RM1,6889,33.242,1.082,5,3.00
RM1,6890,33.243,1.081,5,3.00
RM1,6891,33.245,1.079,5,3.00
RM1,6892,33.247,1.078,5,3.00
RM1,6893,33.249,1.076,5,3.00
RM1,6894,33.251,1.075,5,3.00
RM1,6895,33.253,1.073,5,3.00
RM1,6896,33.255,1.072,5,3.00
RM1,6897,33.257,1.070,5,3.00
RM1,6898,33.259,1.069,5,3.01
RM1,6899,33.261,1.068,5,3.01
RM1,6900,33.263,1.066,5,3.01
RM1,6901,33.265,1.065,5,3.01
RM1,6902,33.267,1.063,5,3.01
RM1,6903,33.269,1.062,5,3.02
RM1,6904,33.271,1.060,5,3.02
RM1,6905,33.273,1.059,5,3.02
RM1,6906,33.275,1.057,5,3.02
RM1,6907,33.276,1.056,5,3.03
RM1,6908,33.278,1.054,5,3.03
RM1,6909,33.280,1.052,5,3.03
RM1,6910,33.282,1.051,5,3.04
RM1,6911,33.284,1.049,5,3.04
RM1,6912,33.286,1.048,5,3.04
RM1,6913,33.288,1.046,5,3.05
RM1,6914,33.289,1.045,5,3.05
RM1,6915,33.291,1.043,5,3.05
RM1,6916,33.293,1.042,5,3.06
RM1,6917,33.295,1.040,5,3.06
RM1,6918,33.297,1.039,5,3.07
RM1,6919,33.299,1.037,5,3.07
RM1,6920,33.300,1.035,5,3.07
RM1,6921,33.302,1.034,5,3.08
RM1,6922,33.304,1.032,5,3.08
RM1,6923,33.306,1.031,5,3.09
RM1,6924,33.308,1.029,5,3.09
RM1,6925,33.309,1.027,5,3.10
RM1,6926,33.311,1.026,5,3.10
RM1,6927,33.313,1.024,5,3.11
RM1,6928,33.315,1.023,5,3.11
RM1,6929,33.316,1.021,5,3.12
RM1,6930,33.318,1.019,5,3.12
RM1,6931,33.320,1.018,5,3.13
RM1,6932,33.322,1.016,5,3.13
RM1,6933,33.323,1.014,5,3.14
RM1,6934,33.325,1.013,5,3.15
RM1,6935,33.327,1.011,5,3.15
RM1,6936,33.328,1.010,5,3.16
RM1,6937,33.330,1.008,5,3.16
RM1,6938,33.332,1.006,5,3.17
RM1,6939,33.333,1.005,5,3.18
RM1,6940,33.335,1.003,5,3.18
RM1,6941,33.337,1.001,5,3.19
RM1,6942,33.338,1.000,5,3.19
RM1,6943,33.340,0.998,5,3.20
RM1,6944,33.342,0.996,5,3.21
RM1,6945,33.343,0.995,5,3.21
RM1,6946,33.345,0.993,5,3.22
RM1,6947,33.347,0.991,5,3.23
RM1,6948,33.348,0.990,5,3.23
RM1,6949,33.350,0.988,5,3.24
RM1,6950,33.351,0.986,5,3.25
RM1,6951,33.353,0.984,5,3.25
RM1,6952,33.355,0.983,5,3.26
RM1,6953,33.356,0.981,5,3.27
RM1,6954,33.358,0.979,5,3.28
RM1,6955,33.359,0.978,5,3.28
RM1,6956,33.361,0.976,5,3.29
RM1,6957,33.362,0.974,5,3.30
RM1,6958,33.364,0.972,5,3.31
RM1,6959,33.366,0.971,5,3.31
RM1,6960,33.367,0.969,5,3.32
RM1,6961,33.369,0.967,5,3.33
RM1,6962,33.370,0.966,5,3.33
RM1,6963,33.372,0.964,5,3.34
RM1,6964,33.373,0.962,5,3.35
RM1,6965,33.375,0.960,5,3.36
RM1,6966,33.376,0.959,5,3.36
RM1,6967,33.378,0.957,5,3.37
RM1,6968,33.379,0.955,5,3.37
RM1,6969,33.381,0.953,5,3.38
RM1,6970,33.382,0.952,5,3.39
RM1,6971,33.384,0.950,5,3.39
RM1,6972,33.385,0.948,5,3.40
RM1,6973,33.386,0.946,5,3.41
RM1,6974,33.388,0.944,5,3.41
RM1,6975,33.389,0.943,5,3.42
RM1,6976,33.391,0.941,5,3.42
RM1,6977,33.392,0.939,5,3.43
RM1,6978,33.394,0.937,4,3.44
RM1,6979,33.395,0.936,4,3.44
RM1,6980,33.396,0.934,4,3.45
RM1,6981,33.398,0.932,4,3.45
RM1,6982,33.399,0.930,4,3.46
RM1,6983,33.400,0.928,4,3.46
RM1,6984,33.402,0.927,4,3.47
RM1,6985,33.403,0.925,4,3.47
RM1,6986,33.404,0.923,4,3.48
RM1,6987,33.406,0.921,4,3.48
RM1,6988,33.407,0.919,4,3.49
RM1,6989,33.408,0.918,4,3.49
RM1,6990,33.410,0.916,4,3.50
RM1,6991,33.411,0.914,4,3.50
RM1,6992,33.412,0.912,4,3.50
RM1,6993,33.414,0.910,4,3.51
RM1,6994,33.415,0.909,4,3.51
RM1,6995,33.416,0.907,4,3.52
RM1,6996,33.417,0.905,4,3.52
RM1,6997,33.419,0.903,4,3.52
RM1,6998,33.420,0.901,4,3.53
RM1,6999,33.421,0.899,4,3.53
RM1,7000,33.422,0.898,4,3.53
RM1,7001,33.424,0.896,4,3.54
RM1,7002,33.425,0.894,4,3.54
RM1,7003,33.426,0.892,4,3.54
RM1,7004,33.427,0.890,4,3.54
RM1,7005,33.429,0.888,4,3.55
RM1,7006,33.430,0.887,4,3.55
RM1,7007,33.431,0.885,4,3.55
RM1,7008,33.432,0.883,4,3.55
RM1,7009,33.433,0.881,4,3.55
RM1,7010,33.434,0.879,4,3.56
RM1,7011,33.436,0.877,4,3.56
RM1,7012,33.437,0.876,4,3.56
RM1,7013,33.438,0.874,4,3.56
RM1,7014,33.439,0.872,4,3.56
RM1,7015,33.440,0.870,4,3.56
RM1,7016,33.441,0.868,4,3.56
RM1,7017,33.442,0.866,4,3.56
RM1,7018,33.443,0.864,4,3.56
RM1,7019,33.444,0.863,4,3.56
RM1,7020,33.445,0.861,4,3.56
RM1,7021,33.447,0.859,4,3.56
RM1,7022,33.448,0.857,4,3.56
RM1,7023,33.449,0.855,4,3.56
RM1,7024,33.450,0.853,4,3.56
RM1,7025,33.451,0.851,4,3.56
RM1,7026,33.452,0.850,4,3.56
RM1,7027,33.453,0.848,4,3.56
RM1,7028,33.454,0.846,4,3.56
RM1,7029,33.455,0.844,4,3.56
RM1,7030,33.456,0.842,4,3.56
RM1,7031,33.457,0.840,4,3.56
RM1,7032,33.458,0.838,4,3.55
RM1,7033,33.459,0.837,4,3.55
RM1,7034,33.460,0.835,4,3.55
RM1,7035,33.461,0.833,4,3.55
RM1,7036,33.462,0.831,4,3.55
RM1,7037,33.462,0.829,4,3.54
RM1,7038,33.463,0.827,4,3.54
RM1,7039,33.464,0.825,4,3.54
RM1,7040,33.465,0.823,4,3.54
RM1,7041,33.466,0.822,4,3.53
RM1,7042,33.467,0.820,4,3.53
RM1,7043,33.468,0.818,4,3.53
RM1,7044,33.469,0.816,4,3.52
RM1,7045,33.470,0.814,4,3.52
RM1,7046,33.470,0.812,4,3.52
RM1,7047,33.471,0.810,4,3.51
RM1,7048,33.472,0.808,4,3.51
RM1,7049,33.473,0.807,4,3.50
RM1,7050,33.474,0.805,4,3.50
RM1,7051,33.475,0.803,4,3.50
RM1,7052,33.475,0.801,4,3.49
RM1,7053,33.476,0.799,4,3.49
RM1,7054,33.477,0.797,4,3.48
RM1,7055,33.478,0.795,4,3.48
RM1,7056,33.478,0.793,4,3.47
RM1,7057,33.479,0.792,4,3.47
RM1,7058,33.480,0.790,4,3.46
RM1,7059,33.481,0.788,4,3.46
RM1,7060,33.481,0.786,4,3.45
RM1,7061,33.482,0.784,4,3.45
RM1,7062,33.483,0.782,4,3.44
RM1,7063,33.484,0.780,4,3.43
RM1,7064,33.484,0.778,4,3.43
RM1,7065,33.485,0.777,4,3.42
RM1,7066,33.486,0.775,4,3.42
RM1,7067,33.486,0.773,4,3.41
RM1,7068,33.487,0.771,4,3.40
RM1,7069,33.488,0.769,4,3.40
RM1,7070,33.488,0.767,4,3.39
RM1,7071,33.489,0.765,4,3.38
RM1,7072,33.490,0.763,4,3.38
RM1,7073,33.490,0.762,4,3.37
RM1,7074,33.491,0.760,4,3.36
RM1,7075,33.491,0.758,4,3.36
RM1,7076,33.492,0.756,4,3.35
RM1,7077,33.492,0.754,4,3.34
RM1,7078,33.493,0.752,4,3.33
RM1,7079,33.494,0.750,4,3.33
RM1,7080,33.494,0.748,4,3.32
RM1,7081,33.495,0.747,4,3.31
RM1,7082,33.495,0.745,4,3.30
RM1,7083,33.496,0.743,4,3.30
RM1,7084,33.496,0.741,4,3.29
RM1,7085,33.497,0.739,4,3.28
RM1,7086,33.497,0.737,4,3.27
RM1,7087,33.498,0.735,4,3.27
RM1,7088,33.498,0.734,4,3.26
RM1,7089,33.499,0.732,4,3.25
RM1,7090,33.499,0.730,4,3.25
RM1,7091,33.500,0.728,4,3.24
RM1,7092,33.500,0.726,4,3.23
RM1,7093,33.500,0.724,4,3.23
RM1,7094,33.501,0.722,4,3.22
RM1,7095,33.501,0.721,4,3.21
RM1,7096,33.502,0.719,4,3.21
RM1,7097,33.502,0.717,4,3.20
RM1,7098,33.502,0.715,4,3.19
RM1,7099,33.503,0.713,4,3.19
RM1,7100,33.503,0.711,4,3.18
RM1,7101,33.503,0.710,4,3.17
RM1,7102,33.504,0.708,4,3.17
RM1,7103,33.504,0.706,4,3.16
RM1,7104,33.504,0.704,4,3.16
RM1,7105,33.505,0.702,4,3.15
RM1,7106,33.505,0.700,4,3.15
RM1,7107,33.505,0.699,4,3.14
RM1,7108,33.506,0.697,4,3.13
RM1,7109,33.506,0.695,4,3.13
RM1,7110,33.506,0.693,4,3.12
RM1,7111,33.506,0.691,4,3.12
RM1,7112,33.507,0.689,4,3.11
RM1,7113,33.507,0.688,4,3.10
RM1,7114,33.507,0.686,4,3.10
RM1,7115,33.507,0.684,4,3.09
RM1,7116,33.507,0.682,4,3.09
RM1,7117,33.508,0.680,4,3.08
RM1,7118,33.508,0.679,4,3.07
RM1,7119,33.508,0.677,4,3.07
RM1,7120,33.508,0.675,4,3.06
RM1,7121,33.508,0.673,4,3.06
RM1,7122,33.508,0.671,4,3.05
RM1,7123,33.509,0.670,4,3.04
RM1,7124,33.509,0.668,4,3.04
RM1,7125,33.509,0.666,4,3.03
RM1,7126,33.509,0.664,4,3.03
RM1,7127,33.509,0.662,4,3.02
RM1,7128,33.509,0.661,4,3.01
RM1,7129,33.509,0.659,4,3.01
RM1,7130,33.509,0.657,4,3.00
RM1,7131,33.509,0.655,4,3.00
RM1,7132,33.509,0.653,4,2.99
RM1,7133,33.509,0.652,4,2.98
RM1,7134,33.509,0.650,4,2.98
RM1,7135,33.509,0.648,4,2.97
RM1,7136,33.509,0.646,4,2.96
RM1,7137,33.509,0.645,4,2.96
RM1,7138,33.509,0.643,4,2.95
RM1,7139,33.509,0.641,4,2.95
RM1,7140,33.509,0.639,4,2.94
RM1,7141,33.509,0.638,4,2.93
RM1,7142,33.509,0.636,4,2.93
RM1,7143,33.509,0.634,4,2.92
RM1,7144,33.509,0.632,4,2.92
RM1,7145,33.509,0.631,4,2.91
RM1,7146,33.509,0.629,4,2.90
RM1,7147,33.509,0.627,4,2.90
RM1,7148,33.508,0.625,4,2.89
RM1,7149,33.508,0.624,4,2.89
RM1,7150,33.508,0.622,4,2.88
RM1,7151,33.508,0.620,4,2.87
RM1,7152,33.508,0.619,4,2.87
RM1,7153,33.508,0.617,4,2.86
RM1,7154,33.507,0.615,4,2.86
RM1,7155,33.507,0.613,3,2.85
RM1,7156,33.507,0.612,3,2.85
RM1,7157,33.507,0.610,3,2.84
RM1,7158,33.507,0.608,3,2.83
RM1,7159,33.506,0.607,3,2.83
RM1,7160,33.506,0.605,3,2.82
RM1,7161,33.506,0.603,3,2.82
RM1,7162,33.505,0.602,3,2.81
RM1,7163,33.505,0.600,3,2.80
RM1,7164,33.505,0.598,3,2.80
RM1,7165,33.505,0.596,3,2.79
RM1,7166,33.504,0.595,3,2.78
RM1,7167,33.504,0.593,3,2.78
RM1,7168,33.504,0.591,3,2.77
RM1,7169,33.503,0.590,3,2.76
RM1,7170,33.503,0.588,3,2.76
RM1,7171,33.502,0.587,3,2.75
RM1,7172,33.502,0.585,3,2.74
RM1,7173,33.502,0.583,3,2.74
RM1,7174,33.501,0.582,3,2.73
RM1,7175,33.501,0.580,3,2.72
RM1,7176,33.500,0.578,3,2.71
RM1,7177,33.500,0.577,3,2.71
RM1,7178,33.500,0.575,3,2.70
RM1,7179,33.499,0.573,3,2.69
RM1,7180,33.499,0.572,3,2.68
RM1,7181,33.498,0.570,3,2.68
RM1,7182,33.498,0.569,3,2.67
RM1,7183,33.497,0.567,3,2.66
RM1,7184,33.497,0.565,3,2.65
RM1,7185,33.496,0.564,3,2.65
RM1,7186,33.495,0.562,3,2.64
RM1,7187,33.495,0.561,3,2.63
RM1,7188,33.494,0.559,3,2.62
RM1,7189,33.494,0.558,3,2.62
RM1,7190,33.493,0.556,3,2.61
RM1,7191,33.493,0.554,3,2.60
RM1,7192,33.492,0.553,3,2.59
RM1,7193,33.491,0.551,3,2.58
RM1,7194,33.491,0.550,3,2.58
RM1,7195,33.490,0.548,3,2.57
RM1,7196,33.489,0.547,3,2.56
RM1,7197,33.489,0.545,3,2.55
RM1,7198,33.488,0.544,3,2.54
RM1,7199,33.487,0.542,3,2.54
RM1,7200,33.487,0.541,3,2.53
RM1,7201,33.486,0.539,3,2.52
RM1,7202,33.485,0.537,3,2.51
RM1,7203,33.484,0.536,3,2.50
RM1,7204,33.484,0.534,3,2.50
RM1,7205,33.483,0.533,3,2.49
RM1,7206,33.482,0.531,3,2.48
RM1,7207,33.481,0.530,3,2.47
RM1,7208,33.481,0.528,3,2.46
RM1,7209,33.480,0.527,3,2.46
RM1,7210,33.479,0.526,3,2.45
RM1,7211,33.478,0.524,3,2.44
RM1,7212,33.477,0.523,3,2.43
RM1,7213,33.476,0.521,3,2.42
RM1,7214,33.476,0.520,3,2.42
RM1,7215,33.475,0.518,3,2.41
RM1,7216,33.474,0.517,3,2.40
RM1,7217,33.473,0.515,3,2.39
RM1,7218,33.472,0.514,3,2.38
RM1,7219,33.471,0.513,3,2.38
RM1,7220,33.470,0.511,3,2.37
RM1,7221,33.469,0.510,3,2.36
RM1,7222,33.468,0.508,3,2.35
RM1,7223,33.467,0.507,3,2.35
RM1,7224,33.466,0.505,3,2.34
RM1,7225,33.465,0.504,3,2.33
RM1,7226,33.464,0.503,3,2.32
RM1,7227,33.463,0.501,3,2.32
RM1,7228,33.462,0.500,3,2.31
RM1,7229,33.461,0.499,3,2.30
RM1,7230,33.460,0.497,3,2.29
RM1,7231,33.459,0.496,3,2.29
RM1,7232,33.458,0.494,3,2.28
RM1,7233,33.457,0.493,3,2.27
RM1,7234,33.456,0.492,3,2.26
RM1,7235,33.454,0.490,3,2.26
RM1,7236,33.453,0.489,3,2.25
RM1,7237,33.452,0.488,3,2.24
RM1,7238,33.451,0.487,3,2.24
RM1,7239,33.450,0.485,3,2.23
RM1,7240,33.449,0.484,3,2.22
RM1,7241,33.448,0.483,3,2.22
RM1,7242,33.446,0.481,3,2.21
RM1,7243,33.445,0.480,3,2.20
RM1,7244,33.444,0.479,3,2.20
RM1,7245,33.443,0.477,3,2.19
RM1,7246,33.441,0.476,3,2.18
RM1,7247,33.440,0.475,3,2.18
RM1,7248,33.439,0.474,3,2.17
RM1,7249,33.438,0.472,3,2.17
RM1,7250,33.436,0.471,3,2.16
RM1,7251,33.435,0.470,3,2.15
RM1,7252,33.434,0.469,3,2.15
RM1,7253,33.432,0.468,3,2.14
RM1,7254,33.431,0.466,3,2.14
RM1,7255,33.429,0.465,3,2.13
RM1,7256,33.428,0.464,3,2.13
RM1,7257,33.427,0.463,3,2.12
RM1,7258,33.425,0.462,3,2.12
RM1,7259,33.424,0.460,3,2.11
RM1,7260,33.422,0.459,3,2.11
RM1,7261,33.421,0.458,3,2.10
RM1,7262,33.420,0.457,3,2.10
RM1,7263,33.418,0.456,3,2.09
RM1,7264,33.417,0.455,3,2.09
RM1,7265,33.415,0.453,3,2.08
RM1,7266,33.414,0.452,3,2.08
RM1,7267,33.412,0.451,3,2.07
RM1,7268,33.411,0.450,3,2.07
RM1,7269,33.409,0.449,3,2.07
RM1,7270,33.407,0.448,3,2.06
RM1,7271,33.406,0.447,3,2.06
RM1,7272,33.404,0.446,3,2.05
RM1,7273,33.403,0.445,3,2.05
RM1,7274,33.401,0.443,3,2.05
RM1,7275,33.399,0.442,3,2.04
RM1,7276,33.398,0.441,3,2.04
RM1,7277,33.396,0.440,3,2.04
RM1,7278,33.395,0.439,3,2.03
RM1,7279,33.393,0.438,3,2.03
RM1,7280,33.391,0.437,3,2.03
RM1,7281,33.389,0.436,3,2.03
RM1,7282,33.388,0.435,3,2.02
RM1,7283,33.386,0.434,3,2.02
RM1,7284,33.384,0.433,3,2.02
RM1,7285,33.383,0.432,3,2.02
RM1,7286,33.381,0.431,3,2.01
RM1,7287,33.379,0.430,3,2.01
RM1,7288,33.377,0.429,3,2.01
RM1,7289,33.375,0.428,3,2.01
RM1,7290,33.374,0.427,3,2.01
RM1,7291,33.372,0.426,3,2.01
RM1,7292,33.370,0.425,3,2.01
RM1,7293,33.368,0.424,3,2.00
RM1,7294,33.366,0.424,3,2.00
RM1,7295,33.364,0.423,3,2.00
RM1,7296,33.362,0.422,3,2.00
RM1,7297,33.360,0.421,3,2.00
RM1,7298,33.359,0.420,3,2.00
RM1,7299,33.357,0.419,3,2.00
RM1,7300,33.355,0.418,3,2.00
RM1,7301,33.353,0.417,3,2.00
RM1,7302,33.351,0.416,2,2.00
RM1,7303,33.349,0.416,2,2.00
RM1,7304,33.347,0.415,2,2.00
RM1,7305,33.345,0.414,2,2.00
RM1,7306,33.343,0.413,2,2.00
RM1,7307,33.341,0.412,2,2.00
RM1,7308,33.339,0.412,2,2.00
RM1,7309,33.336,0.411,2,2.00
RM1,7310,33.334,0.410,2,2.00
RM1,7311,33.332,0.409,2,2.00
RM1,7312,33.330,0.408,2,2.00
RM1,7313,33.328,0.408,2,2.00
RM1,7314,33.326,0.407,2,2.00
RM1,7315,33.324,0.406,2,2.00
RM1,7316,33.322,0.405,2,2.00
RM1,7317,33.319,0.405,2,2.00
RM1,7318,33.317,0.404,2,2.00
RM1,7319,33.315,0.403,2,2.00
RM1,7320,33.313,0.403,2,2.00
RM1,7321,33.311,0.402,2,2.00
RM1,7322,33.308,0.401,2,2.00
RM1,7323,33.306,0.400,2,2.00
RM1,7324,33.304,0.400,2,2.00
RM1,7325,33.301,0.399,2,2.00
RM1,7326,33.299,0.398,2,2.00
RM1,7327,33.297,0.398,2,2.00
RM1,7328,33.295,0.397,2,2.00
RM1,7329,33.292,0.397,2,2.00
RM1,7330,33.290,0.396,2,2.00
RM1,7331,33.287,0.395,2,2.00
RM1,7332,33.285,0.395,2,2.00
RM1,7333,33.283,0.394,2,2.00
RM1,7334,33.280,0.394,2,2.00
RM1,7335,33.278,0.393,2,2.00
RM1,7336,33.275,0.392,2,2.00
RM1,7337,33.273,0.392,2,2.00
RM1,7338,33.270,0.391,2,2.00
RM1,7339,33.268,0.391,2,2.00
RM1,7340,33.265,0.390,2,2.00
RM1,7341,33.263,0.390,2,2.00
RM1,7342,33.260,0.389,2,2.00
RM1,7343,33.258,0.389,2,2.00
RM1,7344,33.255,0.388,2,2.00
RM1,7345,33.253,0.388,2,2.00
RM1,7346,33.250,0.387,2,2.00
RM1,7347,33.248,0.387,2,2.00
RM1,7348,33.245,0.387,2,2.00
RM1,7349,33.242,0.386,2,2.00
RM1,7350,33.240,0.386,2,2.00
RM1,7351,33.237,0.385,2,2.00
RM1,7352,33.234,0.385,2,2.00
RM1,7353,33.232,0.384,2,2.00
RM1,7354,33.229,0.384,2,2.00
RM1,7355,33.226,0.384,2,2.00
RM1,7356,33.223,0.383,2,2.00
RM1,7357,33.221,0.383,2,2.00
RM1,7358,33.218,0.383,2,2.00
RM1,7359,33.215,0.382,2,2.00
RM1,7360,33.212,0.382,2,2.00
RM1,7361,33.210,0.382,2,2.00
RM1,7362,33.207,0.381,2,2.00
RM1,7363,33.204,0.381,2,2.00
RM1,7364,33.201,0.381,2,2.00
RM1,7365,33.198,0.381,2,2.00
RM1,7366,33.195,0.380,2,2.00
RM1,7367,33.192,0.380,2,2.00
RM1,7368,33.190,0.380,2,2.00
RM1,7369,33.187,0.380,2,2.00
RM1,7370,33.184,0.379,2,2.00
RM1,7371,33.181,0.379,2,2.00
RM1,7372,33.178,0.379,2,2.00
RM1,7373,33.175,0.379,2,2.00
RM1,7374,33.172,0.379,2,2.00
RM1,7375,33.169,0.378,2,2.00
RM1,7376,33.166,0.378,2,2.00
RM1,7377,33.163,0.378,2,2.00
RM1,7378,33.160,0.378,2,2.00
RM1,7379,33.157,0.378,2,2.00
RM1,7380,33.154,0.378,2,2.00
RM1,7381,33.151,0.378,2,2.00
RM1,7382,33.147,0.377,2,2.00
RM1,7383,33.144,0.377,2,2.00
RM1,7384,33.141,0.377,2,2.00
RM1,7385,33.138,0.377,2,2.00
RM1,7386,33.135,0.377,2,2.00
RM1,7387,33.132,0.377,2,2.00
RM1,7388,33.128,0.377,2,2.00
RM1,7389,33.125,0.377,2,2.00
RM1,7390,33.122,0.377,2,2.00
RM1,7391,33.119,0.377,2,2.00
RM1,7392,33.115,0.377,2,2.00
RM1,7393,33.112,0.377,2,2.00
RM1,7394,33.109,0.377,2,2.00
RM1,7395,33.106,0.377,2,2.00
RM1,7396,33.102,0.377,2,2.00
RM1,7397,33.099,0.377,2,2.00
RM1,7398,33.096,0.378,2,2.00
RM1,7399,33.092,0.378,2,2.00
RM1,7400,33.089,0.378,2,2.00
RM1,7401,33.085,0.378,2,2.00
RM1,7402,33.082,0.378,2,2.00
RM1,7403,33.079,0.378,2,2.00
RM1,7404,33.075,0.378,2,2.00
RM1,7405,33.072,0.378,2,2.00
RM1,7406,33.068,0.379,2,2.00
RM1,7407,33.065,0.379,2,2.00
RM1,7408,33.061,0.379,2,2.00
RM1,7409,33.058,0.379,2,2.00
RM1,7410,33.054,0.379,2,2.00
RM1,7411,33.051,0.380,2,2.00
RM1,7412,33.047,0.380,2,2.00
RM1,7413,33.044,0.380,2,2.00
RM1,7414,33.040,0.380,2,2.00
RM1,7415,33.036,0.381,2,2.00
RM1,7416,33.033,0.381,2,2.00
RM1,7417,33.029,0.381,2,2.00
RM1,7418,33.025,0.382,2,2.00
RM1,7419,33.022,0.382,2,2.00
RM1,7420,33.018,0.382,2,2.00
RM1,7421,33.014,0.383,2,2.00
RM1,7422,33.011,0.383,2,2.00
RM1,7423,33.007,0.383,2,2.00
RM1,7424,33.003,0.384,2,2.00
RM1,7425,32.999,0.384,2,2.00
RM1,7426,32.996,0.385,2,2.00
RM1,7427,32.992,0.385,2,2.00
RM1,7428,32.988,0.386,2,2.00
RM1,7429,32.984,0.386,2,2.00
RM1,7430,32.980,0.387,2,2.00
RM1,7431,32.976,0.387,2,2.00
RM1,7432,32.973,0.387,2,2.00
RM1,7433,32.969,0.388,2,2.00
RM1,7434,32.965,0.389,2,2.00
RM1,7435,32.961,0.389,2,2.00
RM1,7436,32.957,0.390,2,2.00
RM1,7437,32.953,0.390,2,2.00
RM1,7438,32.949,0.391,2,2.00
RM1,7439,32.945,0.391,2,2.00
RM1,7440,32.941,0.392,2,2.00
RM1,7441,32.937,0.392,2,2.00
RM1,7442,32.933,0.393,2,2.00
RM1,7443,32.929,0.394,2,2.00
RM1,7444,32.925,0.394,2,2.00
RM1,7445,32.921,0.395,2,2.00
RM1,7446,32.917,0.396,2,2.00
RM1,7447,32.912,0.396,2,2.00
RM1,7448,32.908,0.397,2,2.00
RM1,7449,32.904,0.398,2,2.00
RM1,7450,32.900,0.398,2,2.00
RM1,7451,32.896,0.399,2,2.00
RM1,7452,32.892,0.400,2,2.00
RM1,7453,32.887,0.401,2,2.00
RM1,7454,32.883,0.401,2,2.00
RM1,7455,32.879,0.402,2,2.00
RM1,7456,32.875,0.403,2,2.00
RM1,7457,32.870,0.404,2,2.00
RM1,7458,32.866,0.404,2,2.00
RM1,7459,32.862,0.405,2,2.00
RM1,7460,32.857,0.406,2,2.00
RM1,7461,32.853,0.407,2,2.00
RM1,7462,32.849,0.408,2,2.00
RM1,7463,32.844,0.408,2,2.00
RM1,7464,32.840,0.409,2,2.00
RM1,7465,32.836,0.410,2,2.00
RM1,7466,32.831,0.411,2,2.00
RM1,7467,32.827,0.412,2,2.00
RM1,7468,32.822,0.413,2,2.00
RM1,7469,32.818,0.414,2,2.00
RM1,7470,32.813,0.415,2,2.00
RM1,7471,32.809,0.416,2,2.00
RM1,7472,32.804,0.416,2,2.00
RM1,7473,32.800,0.417,2,2.00
RM1,7474,32.795,0.418,2,2.00
RM1,7475,32.791,0.419,2,2.00
RM1,7476,32.786,0.420,2,2.00
RM1,7477,32.781,0.421,2,2.00
RM1,7478,32.777,0.422,2,2.00
RM1,7479,32.772,0.423,2,2.00
RM1,7480,32.768,0.424,2,2.00
RM1,7481,32.763,0.425,2,2.00
RM1,7482,32.758,0.426,2,2.00
RM1,7483,32.753,0.427,2,2.00
RM1,7484,32.749,0.428,2,2.00
RM1,7485,32.744,0.429,2,2.00
RM1,7486,32.739,0.430,2,2.00
RM1,7487,32.734,0.431,2,2.00
RM1,7488,32.730,0.433,2,2.00
RM1,7489,32.725,0.434,2,2.00
RM1,7490,32.720,0.435,2,2.00
RM1,7491,32.715,0.436,2,2.00
RM1,7492,32.710,0.437,2,2.00
RM1,7493,32.705,0.438,2,2.00
RM1,7494,32.701,0.439,2,2.00
RM1,7495,32.696,0.440,2,2.00
RM1,7496,32.691,0.441,2,2.00
RM1,7497,32.686,0.443,2,2.00
RM1,7498,32.681,0.444,2,2.00
RM1,7499,32.676,0.445,2,2.00
RM1,7500,32.671,0.446,2,2.00
RM1,7501,32.666,0.447,2,2.00
RM1,7502,32.661,0.448,2,2.00
RM1,7503,32.656,0.450,2,2.00
RM1,7504,32.651,0.451,2,2.00
RM1,7505,32.646,0.452,2,2.00
RM1,7506,32.641,0.453,2,2.00
RM1,7507,32.635,0.455,2,2.00
RM1,7508,32.630,0.456,2,2.00
RM1,7509,32.625,0.457,2,2.00
RM1,7510,32.620,0.458,2,2.00
RM1,7511,32.615,0.459,2,2.00
RM1,7512,32.610,0.461,2,2.00
RM1,7513,32.604,0.462,2,2.00
RM1,7514,32.599,0.463,2,2.00
RM1,7515,32.594,0.465,2,2.00
RM1,7516,32.589,0.466,2,2.00
RM1,7517,32.583,0.467,2,2.00
RM1,7518,32.578,0.468,2,2.00
RM1,7519,32.573,0.470,2,2.00
RM1,7520,32.567,0.471,2,2.00
RM1,7521,32.562,0.472,2,2.00
RM1,7522,32.557,0.474,2,2.00
RM1,7523,32.551,0.475,2,2.00
RM1,7524,32.546,0.476,2,2.00
RM1,7525,32.540,0.478,2,2.00
RM1,7526,32.535,0.479,2,2.00
RM1,7527,32.530,0.480,2,2.00
RM1,7528,32.524,0.482,2,2.00
RM1,7529,32.519,0.483,2,2.00
RM1,7530,32.513,0.485,2,2.00
RM1,7531,32.508,0.486,2,2.00
RM1,7532,32.502,0.487,2,2.00
RM1,7533,32.497,0.489,2,2.00
RM1,7534,32.491,0.490,2,2.00
RM1,7535,32.485,0.492,2,2.00
RM1,7536,32.480,0.493,2,2.00
RM1,7537,32.474,0.494,2,2.00
RM1,7538,32.469,0.496,2,2.00
RM1,7539,32.463,0.497,2,2.00
RM1,7540,32.457,0.499,2,2.00
RM1,7541,32.452,0.500,2,2.00
RM1,7542,32.446,0.502,2,2.00
RM1,7543,32.440,0.503,2,2.00
RM1,7544,32.435,0.505,2,2.00
RM1,7545,32.429,0.506,2,2.00
RM1,7546,32.423,0.507,2,2.00
RM1,7547,32.417,0.509,2,2.00
RM1,7548,32.412,0.510,2,2.00
RM1,7549,32.406,0.512,2,2.00
RM1,7550,32.400,0.513,2,2.00
RM1,7551,32.394,0.515,2,2.00
RM1,7552,32.388,0.516,2,2.00
RM1,7553,32.382,0.518,2,2.00
RM1,7554,32.377,0.519,2,2.00
RM1,7555,32.371,0.521,2,2.00
RM1,7556,32.365,0.522,2,2.00
RM1,7557,32.359,0.524,2,2.00
RM1,7558,32.353,0.525,2,2.00
RM1,7559,32.347,0.527,2,2.00
RM1,7560,32.341,0.528,2,2.00
RM1,7561,32.335,0.530,2,2.00
RM1,7562,32.329,0.531,2,2.00
RM1,7563,32.323,0.533,2,2.00
RM1,7564,32.317,0.535,2,2.00
RM1,7565,32.311,0.536,2,2.00
RM1,7566,32.305,0.538,2,2.00
RM1,7567,32.299,0.539,2,2.00
RM1,7568,32.293,0.541,2,2.00
RM1,7569,32.287,0.542,2,2.00
RM1,7570,32.281,0.544,2,2.00
RM1,7571,32.275,0.545,2,2.00
RM1,7572,32.269,0.547,2,2.00
RM1,7573,32.262,0.549,2,2.00
RM1,7574,32.256,0.550,2,2.00
RM1,7575,32.250,0.552,2,2.00
RM1,7576,32.244,0.553,2,2.00
RM1,7577,32.238,0.555,2,2.00
RM1,7578,32.232,0.557,2,2.00
RM1,7579,32.225,0.558,2,2.00
RM1,7580,32.219,0.560,2,2.00
RM1,7581,32.213,0.561,2,2.00
RM1,7582,32.207,0.563,2,2.00
RM1,7583,32.200,0.565,2,2.00
RM1,7584,32.194,0.566,2,2.00
RM1,7585,32.188,0.568,2,2.00
RM1,7586,32.182,0.569,2,2.00
RM1,7587,32.175,0.571,2,2.00
RM1,7588,32.169,0.573,2,2.00
RM1,7589,32.162,0.574,2,2.00
RM1,7590,32.156,0.576,2,2.00
RM1,7591,32.150,0.577,2,2.00
RM1,7592,32.143,0.579,2,2.00
RM1,7593,32.137,0.581,2,2.00
RM1,7594,32.131,0.582,2,2.00
RM1,7595,32.124,0.584,2,2.00
RM1,7596,32.118,0.586,2,2.00
RM1,7597,32.111,0.587,2,2.00
RM1,7598,32.105,0.589,2,2.00
RM1,7599,32.098,0.591,2,2.00
RM1,7600,32.092,0.592,2,2.00
RM1,7601,32.085,0.594,2,2.00
RM1,7602,32.079,0.595,2,2.00
RM1,7603,32.072,0.597,2,2.00
RM1,7604,32.066,0.599,2,2.00
RM1,7605,32.059,0.600,2,2.00
RM1,7606,32.053,0.602,2,2.00
RM1,7607,32.046,0.604,2,2.00
RM1,7608,32.040,0.605,2,2.00
RM1,7609,32.033,0.607,2,2.00
RM1,7610,32.026,0.609,2,2.00
RM1,7611,32.020,0.610,2,2.00
RM1,7612,32.013,0.612,2,2.00
RM1,7613,32.006,0.614,2,2.00
RM1,7614,32.000,0.615,2,2.00
RM1,7615,31.993,0.617,2,2.00
RM1,7616,31.986,0.619,2,2.00
RM1,7617,31.980,0.620,2,2.00
RM1,7618,31.973,0.622,2,2.00
RM1,7619,31.966,0.624,2,2.00
RM1,7620,31.960,0.625,2,2.00
RM1,7621,31.953,0.627,2,2.00
RM1,7622,31.946,0.628,2,2.00
RM1,7623,31.939,0.630,2,2.00
RM1,7624,31.933,0.632,2,2.00
RM1,7625,31.926,0.633,2,2.00
RM1,7626,31.919,0.635,2,2.00
RM1,7627,31.912,0.637,2,2.00
RM1,7628,31.906,0.638,2,2.00
RM1,7629,31.899,0.640,2,2.00
RM1,7630,31.892,0.642,2,2.00
RM1,7631,31.885,0.643,2,2.00
RM1,7632,31.878,0.645,2,2.00
RM1,7633,31.871,0.647,2,2.00
RM1,7634,31.864,0.648,2,2.00
RM1,7635,31.858,0.650,2,2.00
RM1,7636,31.851,0.652,2,2.00
RM1,7637,31.844,0.653,2,2.00
RM1,7638,31.837,0.655,2,2.00
RM1,7639,31.830,0.657,2,2.00
RM1,7640,31.823,0.658,2,2.00
RM1,7641,31.816,0.660,2,2.00
RM1,7642,31.809,0.662,2,2.00
RM1,7643,31.802,0.663,2,2.00
RM1,7644,31.795,0.665,2,2.00
RM1,7645,31.788,0.666,2,2.00
RM1,7646,31.781,0.668,2,2.00
RM1,7647,31.774,0.670,2,2.00
RM1,7648,31.767,0.671,2,2.00
RM1,7649,31.760,0.673,2,2.00
RM1,7650,31.753,0.675,2,2.00
RM1,7651,31.746,0.676,2,2.00
RM1,7652,31.739,0.678,2,2.00
RM1,7653,31.732,0.680,2,2.00
RM1,7654,31.725,0.681,2,2.00
RM1,7655,31.718,0.683,2,2.00
RM1,7656,31.711,0.684,2,2.00
RM1,7657,31.704,0.686,2,2.00
RM1,7658,31.697,0.688,2,2.00
RM1,7659,31.689,0.689,2,2.00
RM1,7660,31.682,0.691,2,2.00
RM1,7661,31.675,0.693,2,2.00
RM1,7662,31.668,0.694,2,2.00
RM1,7663,31.661,0.696,2,2.00
RM1,7664,31.654,0.697,2,2.00
RM1,7665,31.647,0.699,2,2.00
RM1,7666,31.639,0.701,2,2.00
RM1,7667,31.632,0.702,2,2.00
RM1,7668,31.625,0.704,2,2.00
RM1,7669,31.618,0.705,2,2.00
RM1,7670,31.611,0.707,2,2.00
RM1,7671,31.603,0.708,2,2.00
RM1,7672,31.596,0.710,2,2.00
RM1,7673,31.589,0.712,2,2.00
RM1,7674,31.582,0.713,2,2.00
RM1,7675,31.574,0.715,2,2.00
RM1,7676,31.567,0.716,2,2.00
RM1,7677,31.560,0.718,2,2.00
RM1,7678,31.553,0.720,2,2.00
RM1,7679,31.545,0.721,2,2.00
RM1,7680,31.538,0.723,2,2.00
RM1,7681,31.531,0.724,2,2.00
RM1,7682,31.523,0.726,2,2.00
RM1,7683,31.516,0.727,2,2.00
RM1,7684,31.509,0.729,2,2.00
RM1,7685,31.501,0.730,2,2.00
RM1,7686,31.494,0.732,2,2.00
RM1,7687,31.487,0.733,2,2.00
RM1,7688,31.479,0.735,2,2.00
RM1,7689,31.472,0.736,2,2.00
RM1,7690,31.465,0.738,2,2.00
RM1,7691,31.457,0.739,2,2.00
RM1,7692,31.450,0.741,2,2.00
RM1,7693,31.442,0.742,2,2.00
RM1,7694,31.435,0.744,2,2.00
RM1,7695,31.428,0.745,2,2.00
RM1,7696,31.420,0.747,2,2.00
RM1,7697,31.413,0.748,2,2.00
RM1,7698,31.405,0.750,2,2.00
RM1,7699,31.398,0.751,2,2.00
RM1,7700,31.391,0.753,2,2.00
RM1,7701,31.383,0.754,2,2.00
RM1,7702,31.376,0.756,2,2.00
RM1,7703,31.368,0.757,2,2.00
RM1,7704,31.361,0.759,2,2.00
RM1,7705,31.353,0.760,2,2.00
RM1,7706,31.346,0.762,2,2.00
RM1,7707,31.338,0.763,2,2.00
RM1,7708,31.331,0.764,2,2.00
RM1,7709,31.323,0.766,2,2.00
RM1,7710,31.316,0.767,2,2.00
RM1,7711,31.308,0.769,2,2.00
RM1,7712,31.301,0.770,2,2.00
RM1,7713,31.293,0.772,2,2.00
RM1,7714,31.286,0.773,2,2.00
RM1,7715,31.278,0.774,2,2.00
RM1,7716,31.271,0.776,2,2.00
RM1,7717,31.263,0.777,2,2.00
RM1,7718,31.255,0.779,2,2.00
RM1,7719,31.248,0.780,2,2.00
RM1,7720,31.240,0.781,2,2.00
RM1,7721,31.233,0.783,2,2.00
RM1,7722,31.225,0.784,2,2.00
RM1,7723,31.218,0.785,2,2.00
RM1,7724,31.210,0.787,2,2.00
RM1,7725,31.202,0.788,2,2.00
RM1,7726,31.195,0.789,2,2.00
RM1,7727,31.187,0.791,2,2.00
RM1,7728,31.180,0.792,2,2.00
RM1,7729,31.172,0.793,2,2.00
RM1,7730,31.164,0.795,2,2.00
RM1,7731,31.157,0.796,2,2.00
RM1,7732,31.149,0.797,2,2.00
RM1,7733,31.141,0.798,2,2.00
RM1,7734,31.134,0.800,2,2.00
RM1,7735,31.126,0.801,2,2.00
RM1,7736,31.118,0.802,2,2.00
RM1,7737,31.111,0.803,2,2.00
RM1,7738,31.103,0.805,2,2.00
RM1,7739,31.095,0.806,2,2.00
RM1,7740,31.088,0.807,2,2.00
RM1,7741,31.080,0.808,2,2.00
RM1,7742,31.072,0.810,2,2.00
RM1,7743,31.065,0.811,2,2.00
RM1,7744,31.057,0.812,2,2.00
RM1,7745,31.049,0.813,2,2.00
RM1,7746,31.042,0.814,2,2.00
RM1,7747,31.034,0.816,2,2.00
RM1,7748,31.026,0.817,2,2.00
RM1,7749,31.018,0.818,2,2.00
RM1,7750,31.011,0.819,2,2.00
RM1,7751,31.003,0.820,2,2.00
RM1,7752,30.995,0.821,2,2.00
RM1,7753,30.988,0.822,2,2.00
RM1,7754,30.980,0.824,2,2.00
RM1,7755,30.972,0.825,2,2.00
RM1,7756,30.964,0.826,2,2.00
RM1,7757,30.957,0.827,2,2.00
RM1,7758,30.949,0.828,2,2.00
RM1,7759,30.941,0.829,2,2.00
RM1,7760,30.933,0.830,2,2.00
RM1,7761,30.925,0.831,2,2.00
RM1,7762,30.918,0.832,2,2.00
RM1,7763,30.910,0.833,2,2.00
RM1,7764,30.902,0.834,2,2.00
RM1,7765,30.894,0.835,2,2.00
RM1,7766,30.887,0.836,2,2.00
RM1,7767,30.879,0.837,2,2.00
RM1,7768,30.871,0.838,2,2.00
RM1,7769,30.863,0.839,2,2.00
RM1,7770,30.855,0.840,2,2.00
RM1,7771,30.848,0.841,2,2.00
RM1,7772,30.840,0.842,2,2.00
RM1,7773,30.832,0.843,2,2.00
RM1,7774,30.824,0.844,2,2.00
RM1,7775,30.816,0.845,2,2.00
RM1,7776,30.809,0.846,2,2.00
RM1,7777,30.801,0.847,2,2.00
RM1,7778,30.793,0.848,2,2.00
RM1,7779,30.785,0.849,2,2.00
RM1,7780,30.777,0.850,2,2.00
RM1,7781,30.769,0.850,2,2.00
RM1,7782,30.762,0.851,2,2.00
RM1,7783,30.754,0.852,2,2.00
RM1,7784,30.746,0.853,2,2.00
RM1,7785,30.738,0.854,2,2.00
RM1,7786,30.730,0.855,2,2.00
RM1,7787,30.722,0.855,2,2.00
RM1,7788,30.715,0.856,2,2.00
RM1,7789,30.707,0.857,2,2.00
RM1,7790,30.699,0.858,2,2.00
RM1,7791,30.691,0.859,2,2.00
RM1,7792,30.683,0.859,2,2.00
RM1,7793,30.675,0.860,2,2.00
RM1,7794,30.668,0.861,2,2.00
RM1,7795,30.660,0.862,2,2.00
RM1,7796,30.652,0.862,2,2.00
RM1,7797,30.644,0.863,2,2.00
RM1,7798,30.636,0.864,2,2.00
RM1,7799,30.628,0.864,2,2.00
RM1,7800,30.620,0.865,2,2.00
RM1,7801,30.612,0.866,2,2.00
RM1,7802,30.605,0.866,2,2.00
RM1,7803,30.597,0.867,2,2.00
RM1,7804,30.589,0.868,2,2.00
RM1,7805,30.581,0.868,2,2.00
RM1,7806,30.573,0.869,2,2.00
RM1,7807,30.565,0.869,2,2.00
RM1,7808,30.557,0.870,2,2.00
RM1,7809,30.549,0.871,2,2.00
RM1,7810,30.542,0.871,2,2.00
RM1,7811,30.534,0.872,2,2.00
RM1,7812,30.526,0.872,2,2.00
RM1,7813,30.518,0.873,2,2.00
RM1,7814,30.510,0.873,2,2.00
RM1,7815,30.502,0.874,2,2.00
RM1,7816,30.494,0.874,2,2.00
RM1,7817,30.486,0.875,2,2.00
RM1,7818,30.479,0.875,2,2.00
RM1,7819,30.471,0.876,2,2.00
RM1,7820,30.463,0.876,2,2.00
RM1,7821,30.455,0.876,2,2.00
RM1,7822,30.447,0.877,2,2.00
RM1,7823,30.439,0.877,2,2.00
RM1,7824,30.431,0.878,2,2.00
RM1,7825,30.423,0.878,2,2.00
RM1,7826,30.415,0.878,2,2.00
RM1,7827,30.407,0.879,2,2.00
RM1,7828,30.400,0.879,2,2.00
RM1,7829,30.392,0.879,2,2.00
RM1,7830,30.384,0.880,2,2.00
RM1,7831,30.376,0.880,2,2.00
RM1,7832,30.368,0.880,2,2.00
RM1,7833,30.360,0.881,2,2.00
RM1,7834,30.352,0.881,2,2.00
RM1,7835,30.344,0.881,2,2.00
RM1,7836,30.336,0.881,2,2.00
RM1,7837,30.329,0.881,2,2.00
RM1,7838,30.321,0.882,2,2.00
RM1,7839,30.313,0.882,2,2.00
RM1,7840,30.305,0.882,2,2.00
RM1,7841,30.297,0.882,2,2.00
RM1,7842,30.289,0.882,2,2.00
RM1,7843,30.281,0.882,2,2.00
RM1,7844,30.273,0.883,2,2.00
RM1,7845,30.266,0.883,2,2.00
RM1,7846,30.258,0.883,2,2.00
RM1,7847,30.250,0.883,2,2.00
RM1,7848,30.242,0.883,2,2.00
RM1,7849,30.234,0.883,2,2.00
RM1,7850,30.226,0.883,2,2.00
RM1,7851,30.218,0.883,2,2.00
RM1,7852,30.210,0.883,2,2.00
RM1,7853,30.202,0.883,2,2.00
RM1,7854,30.195,0.883,2,2.00
RM1,7855,30.187,0.883,2,2.00
RM1,7856,30.179,0.883,2,2.00
RM1,7857,30.171,0.883,2,2.00
RM1,7858,30.163,0.883,2,2.00
RM1,7859,30.155,0.883,2,2.00
RM1,7860,30.147,0.883,2,2.00
RM1,7861,30.140,0.882,2,2.00
RM1,7862,30.132,0.882,2,2.00
RM1,7863,30.124,0.882,2,2.00
RM1,7864,30.116,0.882,2,2.00
RM1,7865,30.108,0.882,2,2.00
RM1,7866,30.100,0.882,2,2.00
RM1,7867,30.092,0.881,2,2.00
RM1,7868,30.085,0.881,2,1.99
RM1,7869,30.077,0.881,2,1.99
RM1,7870,30.069,0.881,2,1.99
RM1,7871,30.061,0.880,2,1.99
RM1,7872,30.053,0.880,2,1.99
RM1,7873,30.045,0.880,2,1.99
RM1,7874,30.037,0.879,2,1.98
RM1,7875,30.030,0.879,2,1.98
RM1,7876,30.022,0.879,2,1.98
RM1,7877,30.014,0.878,2,1.98
RM1,7878,30.006,0.878,2,1.98
RM1,7879,29.998,0.877,2,1.97
RM1,7880,29.990,0.877,2,1.97
RM1,7881,29.983,0.877,2,1.97
RM1,7882,29.975,0.876,2,1.96
RM1,7883,29.967,0.876,2,1.96
RM1,7884,29.959,0.875,2,1.96
RM1,7885,29.951,0.875,2,1.95
RM1,7886,29.944,0.874,2,1.95
RM1,7887,29.936,0.874,2,1.95
RM1,7888,29.928,0.873,2,1.94
RM1,7889,29.920,0.873,2,1.94
RM1,7890,29.912,0.872,2,1.93
RM1,7891,29.905,0.871,2,1.93
RM1,7892,29.897,0.871,2,1.93
RM1,7893,29.889,0.870,2,1.92
RM1,7894,29.881,0.869,2,1.92
RM1,7895,29.874,0.869,2,1.91
RM1,7896,29.866,0.868,2,1.91
RM1,7897,29.858,0.867,2,1.90
RM1,7898,29.850,0.867,2,1.90
RM1,7899,29.842,0.866,2,1.89
RM1,7900,29.835,0.865,2,1.89
RM1,7901,29.827,0.864,2,1.88
RM1,7902,29.819,0.864,2,1.88
RM1,7903,29.811,0.863,2,1.87
RM1,7904,29.804,0.862,2,1.87
RM1,7905,29.796,0.861,2,1.86
RM1,7906,29.788,0.860,2,1.85
RM1,7907,29.780,0.859,2,1.85
RM1,7908,29.773,0.858,2,1.84
RM1,7909,29.765,0.857,2,1.84
RM1,7910,29.757,0.857,2,1.83
RM1,7911,29.750,0.856,2,1.82
RM1,7912,29.742,0.855,2,1.82
RM1,7913,29.734,0.854,2,1.81
RM1,7914,29.726,0.853,2,1.81
RM1,7915,29.719,0.852,2,1.80
RM1,7916,29.711,0.850,2,1.79
RM1,7917,29.703,0.849,2,1.79
RM1,7918,29.696,0.848,2,1.78
RM1,7919,29.688,0.847,2,1.77
RM1,7920,29.680,0.846,2,1.76
RM1,7921,29.673,0.845,2,1.76
RM1,7922,29.665,0.844,2,1.75
RM1,7923,29.657,0.843,2,1.74
RM1,7924,29.650,0.841,2,1.74
RM1,7925,29.642,0.840,2,1.73
RM1,7926,29.634,0.839,2,1.72
RM1,7927,29.627,0.838,2,1.71
RM1,7928,29.619,0.836,2,1.71
RM1,7929,29.612,0.835,2,1.70
RM1,7930,29.604,0.834,2,1.69
RM1,7931,29.596,0.832,2,1.68
RM1,7932,29.589,0.831,2,1.68
RM1,7933,29.581,0.830,2,1.67
RM1,7934,29.574,0.828,2,1.66
RM1,7935,29.566,0.827,2,1.65
RM1,7936,29.558,0.826,2,1.64
RM1,7937,29.551,0.824,2,1.64
RM1,7938,29.543,0.823,2,1.63
RM1,7939,29.536,0.821,2,1.62
RM1,7940,29.528,0.820,2,1.61
RM1,7941,29.520,0.818,2,1.60
RM1,7942,29.513,0.817,2,1.60
RM1,7943,29.505,0.815,2,1.59
RM1,7944,29.498,0.813,2,1.58
RM1,7945,29.490,0.812,2,1.57
RM1,7946,29.483,0.810,2,1.56
RM1,7947,29.475,0.808,2,1.55
RM1,7948,29.468,0.807,2,1.55
RM1,7949,29.460,0.805,2,1.54
RM1,7950,29.453,0.803,2,1.53
RM1,7951,29.445,0.802,2,1.52
RM1,7952,29.438,0.800,2,1.51
RM1,7953,29.430,0.798,2,1.50
RM1,7954,29.423,0.796,2,1.50
RM1,7955,29.415,0.794,2,1.49
RM1,7956,29.408,0.793,2,1.48
RM1,7957,29.400,0.791,2,1.47
RM1,7958,29.393,0.789,2,1.46
RM1,7959,29.386,0.787,2,1.46
RM1,7960,29.378,0.785,2,1.45
RM1,7961,29.371,0.783,2,1.44
RM1,7962,29.363,0.781,2,1.43
RM1,7963,29.356,0.779,2,1.42
RM1,7964,29.348,0.777,2,1.41
RM1,7965,29.341,0.775,2,1.41
RM1,7966,29.334,0.773,2,1.40
RM1,7967,29.326,0.771,2,1.39
RM1,7968,29.319,0.769,2,1.38
RM1,7969,29.311,0.767,2,1.37
RM1,7970,29.304,0.765,2,1.37
RM1,7971,29.297,0.762,2,1.36
RM1,7972,29.289,0.760,2,1.35
RM1,7973,29.282,0.758,2,1.34
RM1,7974,29.275,0.756,2,1.33
RM1,7975,29.267,0.754,2,1.33
RM1,7976,29.260,0.751,2,1.32
RM1,7977,29.253,0.749,2,1.31
RM1,7978,29.246,0.747,2,1.30
RM1,7979,29.238,0.744,2,1.29
RM1,7980,29.231,0.742,2,1.28
RM1,7981,29.224,0.740,2,1.27
RM1,7982,29.216,0.737,2,1.27
RM1,7983,29.209,0.735,2,1.26
RM1,7984,29.202,0.732,2,1.25
RM1,7985,29.195,0.730,2,1.24
RM1,7986,29.187,0.727,2,1.23
RM1,7987,29.180,0.725,2,1.22
RM1,7988,29.173,0.722,2,1.21
RM1,7989,29.166,0.720,2,1.20
RM1,7990,29.159,0.717,2,1.19
RM1,7991,29.151,0.714,2,1.18
RM1,7992,29.144,0.712,2,1.17
RM1,7993,29.137,0.709,2,1.16
RM1,7994,29.130,0.706,2,1.15
RM1,7995,29.123,0.704,2,1.15
RM1,7996,29.116,0.701,2,1.14
RM1,7997,29.108,0.698,2,1.13
RM1,7998,29.101,0.696,2,1.12
RM1,7999,29.094,0.693,2,1.11
RM1,8000,29.087,0.690,2,1.10
RM1,8001,29.080,0.687,2,1.09
RM1,8002,29.073,0.684,2,1.08
RM1,8003,29.066,0.681,2,1.07
RM1,8004,29.059,0.678,2,1.06
RM1,8005,29.052,0.675,2,1.05
RM1,8006,29.045,0.672,2,1.04
RM1,8007,29.037,0.669,2,1.03
RM1,8008,29.030,0.666,2,1.02
RM1,8009,29.023,0.663,2,1.01
RM1,8010,29.016,0.660,2,1.00
RM1,8011,29.009,0.657,2,0.99
RM1,8012,29.002,0.654,2,0.98
RM1,8013,28.995,0.651,2,0.97
RM1,8014,28.988,0.648,2,0.96
RM1,8015,28.981,0.645,2,0.95
RM1,8016,28.974,0.641,2,0.94
RM1,8017,28.968,0.638,2,0.93
RM1,8018,28.961,0.635,2,0.92
RM1,8019,28.954,0.632,2,0.91
RM1,8020,28.947,0.628,2,0.90
RM1,8021,28.940,0.625,2,0.89
RM1,8022,28.933,0.622,2,0.88
RM1,8023,28.926,0.618,2,0.87
RM1,8024,28.919,0.615,2,0.86
RM1,8025,28.912,0.611,2,0.85
RM1,8026,28.905,0.608,2,0.84
RM1,8027,28.899,0.604,2,0.83
RM1,8028,28.892,0.601,2,0.83
RM1,8029,28.885,0.597,2,0.82
RM1,8030,28.878,0.594,2,0.81
RM1,8031,28.871,0.590,2,0.80
RM1,8032,28.864,0.586,2,0.79
RM1,8033,28.858,0.583,2,0.78
RM1,8034,28.851,0.579,2,0.77
RM1,8035,28.844,0.575,2,0.76
RM1,8036,28.837,0.572,2,0.75
RM1,8037,28.831,0.568,2,0.74
RM1,8038,28.824,0.564,2,0.74
RM1,8039,28.817,0.560,2,0.73
RM1,8040,28.811,0.557,2,0.72
RM1,8041,28.804,0.553,2,0.71
RM1,8042,28.797,0.549,2,0.70
RM1,8043,28.790,0.545,2,0.69
RM1,8044,28.784,0.541,2,0.68
RM1,8045,28.777,0.537,2,0.68
RM1,8046,28.771,0.533,2,0.67
RM1,8047,28.764,0.529,2,0.66
RM1,8048,28.757,0.525,2,0.65
RM1,8049,28.751,,1,0.64
RM1,8050,28.744,,1,0.64
RM1,8051,28.738,,1,0.63
RM1,8052,28.731,,1,0.62
RM1,8053,28.724,,1,0.61
RM1,8054,28.718,,1,0.60
RM1,8055,28.711,,1,0.60
RM1,8056,28.705,,1,0.59
RM1,8057,28.698,,1,0.58
RM1,8058,28.692,,1,0.57
RM1,8059,28.685,,1,0.56
RM1,8060,28.679,,1,0.56
RM1,8061,28.672,,1,0.55
RM1,8062,28.666,,1,0.54
RM1,8063,28.660,,1,0.53
RM1,8064,28.653,,1,0.52
RM1,8065,28.647,,1,0.51
RM1,8066,28.640,,1,0.51
RM1,8067,28.634,,1,0.50
RM1,8068,28.628,,1,0.49
RM1,8069,28.621,,1,0.48
RM1,8070,28.615,,1,0.47
RM1,8071,28.609,,1,0.47
RM1,8072,28.602,,1,0.46
RM1,8073,28.596,,1,0.45
RM1,8074,28.590,,1,0.44
RM1,8075,28.583,,1,0.43
RM1,8076,28.577,,1,0.42
RM1,8077,28.571,,1,0.42
RM1,8078,28.565,,1,0.41
RM1,8079,28.558,,1,0.40
RM1,8080,28.552,,1,0.39
RM1,8081,28.546,,1,0.38
RM1,8082,28.540,,1,0.38
RM1,8083,28.534,,1,0.37
RM1,8084,28.527,,1,0.36
RM1,8085,28.521,,1,0.35
RM1,8086,28.515,,1,0.34
RM1,8087,28.509,,1,0.34
RM1,8088,28.503,,1,0.33
RM1,8089,28.497,,1,0.32
RM1,8090,28.491,,1,0.31
RM1,8091,28.485,,1,0.31
RM1,8092,28.479,,1,0.30
RM1,8093,28.473,,1,0.29
RM1,8094,28.467,,1,0.28
RM1,8095,28.461,,1,0.28
RM1,8096,28.455,,1,0.27
RM1,8097,28.449,,1,0.26
RM1,8098,28.443,,1,0.25
RM1,8099,28.437,,1,0.25
RM1,8100,28.431,,1,0.24
RM1,8101,28.425,,1,0.23
RM1,8102,28.419,,1,0.23
RM1,8103,28.413,,1,0.22
RM1,8104,28.407,,1,0.21
RM1,8105,28.401,,1,0.21
RM1,8106,28.395,,1,0.20
RM1,8107,28.390,,1,0.19
RM1,8108,28.384,,1,0.19
RM1,8109,28.378,,1,0.18
RM1,8110,28.372,,1,0.17
RM1,8111,28.366,,1,0.17
RM1,8112,28.361,,1,0.16
RM1,8113,28.355,,1,0.16
RM1,8114,28.349,,1,0.15
RM1,8115,28.343,,1,0.14
RM1,8116,28.338,,1,0.14
RM1,8117,28.332,,1,0.13
RM1,8118,28.326,,1,0.13
RM1,8119,28.321,,1,0.12
RM1,8120,28.315,,1,0.12
RM1,8121,28.310,,1,0.11
RM1,8122,28.304,,1,0.11
RM1,8123,28.298,,1,0.10
RM1,8124,28.293,,1,0.10
RM1,8125,28.287,,1,0.09
RM1,8126,28.282,,1,0.09
RM1,8127,28.276,,1,0.08
RM1,8128,28.271,,1,0.08
RM1,8129,28.265,,1,0.07
RM1,8130,28.260,,1,0.07
RM1,8131,28.254,,1,0.07
RM1,8132,28.249,,1,0.06
RM1,8133,28.243,,1,0.06
RM1,8134,28.238,,1,0.05
RM1,8135,28.233,,1,0.05
RM1,8136,28.227,,1,0.05
RM1,8137,28.222,,1,0.04
RM1,8138,28.216,,1,0.04
RM1,8139,28.211,,1,0.04
RM1,8140,28.206,,1,0.03
RM1,8141,28.201,,1,0.03
RM1,8142,28.195,,1,0.03
RM1,8143,28.190,,1,0.03
RM1,8144,28.185,,1,0.02
RM1,8145,28.179,,1,0.02
RM1,8146,28.174,,1,0.02
RM1,8147,28.169,,1,0.02
RM1,8148,28.164,,1,0.01
RM1,8149,28.159,,1,0.01
RM1,8150,28.154,,1,0.01
RM1,8151,28.148,,1,0.01
RM1,8152,28.143,,1,0.01
RM1,8153,28.138,,1,0.01
RM1,8154,28.133,,1,0.00
RM1,8155,28.128,,1,0.00
RM1,8156,28.123,,1,0.00
RM1,8157,28.118,,1,0.00
RM1,8158,28.113,,1,0.00
RM1,8159,28.108,,1,0.00
RM1,8160,28.103,,1,0.00
RM1,8161,28.098,,1,0.00
RM1,8162,28.093,,1,0.00
RM2,6928,26.502,,1,0.00
RM2,6929,26.518,,1,0.00
RM2,6930,26.535,,1,0.00
RM2,6931,26.551,,1,0.00
RM2,6932,26.567,,1,0.00
RM2,6933,26.583,,1,0.00
RM2,6934,26.599,,1,0.00
RM2,6935,26.615,,1,0.00
RM2,6936,26.631,,1,0.00
RM2,6937,26.647,,1,0.00
RM2,6938,26.663,,1,0.00
RM2,6939,26.679,,1,0.01
RM2,6940,26.695,,1,0.01
RM2,6941,26.711,,1,0.01
RM2,6942,26.726,,1,0.01
RM2,6943,26.742,,1,0.01
RM2,6944,26.758,,1,0.01
RM2,6945,26.773,,1,0.01
RM2,6946,26.789,,1,0.01
RM2,6947,26.805,,1,0.02
RM2,6948,26.820,,1,0.02
RM2,6949,26.836,,1,0.02
RM2,6950,26.851,,1,0.02
RM2,6951,26.867,,1,0.02
RM2,6952,26.882,,1,0.02
RM2,6953,26.898,,1,0.03
RM2,6954,26.913,,1,0.03
RM2,6955,26.929,,1,0.03
RM2,6956,26.944,,1,0.03
RM2,6957,26.959,,1,0.04
RM2,6958,26.974,,1,0.04
RM2,6959,26.990,,1,0.04
RM2,6960,27.005,,1,0.04
RM2,6961,27.020,,1,0.04
RM2,6962,27.035,,1,0.05
RM2,6963,27.050,,1,0.05
RM2,6964,27.065,,1,0.05
RM2,6965,27.080,,1,0.06
RM2,6966,27.095,,1,0.06
RM2,6967,27.110,,1,0.06
RM2,6968,27.125,,1,0.06
RM2,6969,27.140,,1,0.07
RM2,6970,27.155,,1,0.07
RM2,6971,27.170,,1,0.07
RM2,6972,27.185,,1,0.08
RM2,6973,27.199,,1,0.08
RM2,6974,27.214,,1,0.08
RM2,6975,27.229,,1,0.09
RM2,6976,27.243,,1,0.09
RM2,6977,27.258,,1,0.10
RM2,6978,27.273,,1,0.10
RM2,6979,27.287,,1,0.10
RM2,6980,27.302,,1,0.11
RM2,6981,27.316,,1,0.11
RM2,6982,27.331,,1,0.11
RM2,6983,27.345,,1,0.12
RM2,6984,27.360,,1,0.12
RM2,6985,27.374,,1,0.13
RM2,6986,27.388,,1,0.13
RM2,6987,27.403,,1,0.14
RM2,6988,27.417,,1,0.14
RM2,6989,27.431,,1,0.14
RM2,6990,27.445,,1,0.15
RM2,6991,27.460,,1,0.15
RM2,6992,27.474,,1,0.16
RM2,6993,27.488,,1,0.16
RM2,6994,27.502,,1,0.17
RM2,6995,27.516,,1,0.17
RM2,6996,27.530,,1,0.18
RM2,6997,27.544,,1,0.18
RM2,6998,27.558,,1,0.19
RM2,6999,27.572,,1,0.19
RM2,7000,27.586,,1,0.20
RM2,7001,27.600,,1,0.20
RM2,7002,27.614,,1,0.21
RM2,7003,27.627,,1,0.21
RM2,7004,27.641,,1,0.22
RM2,7005,27.655,,1,0.22
RM2,7006,27.669,,1,0.23
RM2,7007,27.682,,1,0.23
RM2,7008,27.696,,1,0.24
RM2,7009,27.709,,1,0.24
RM2,7010,27.723,,1,0.25
RM2,7011,27.737,,1,0.25
RM2,7012,27.750,,1,0.26
RM2,7013,27.764,,1,0.26
RM2,7014,27.777,,1,0.27
RM2,7015,27.790,,1,0.28
RM2,7016,27.804,,1,0.28
RM2,7017,27.817,,1,0.29
RM2,7018,27.831,,1,0.29
RM2,7019,27.844,,1,0.30
RM2,7020,27.857,,1,0.30
RM2,7021,27.870,,1,0.31
RM2,7022,27.884,,1,0.32
RM2,7023,27.897,,1,0.32
RM2,7024,27.910,,1,0.33
RM2,7025,27.923,,1,0.33
RM2,7026,27.936,,1,0.34
RM2,7027,27.949,,1,0.35
RM2,7028,27.962,,1,0.35
RM2,7029,27.975,,1,0.36
RM2,7030,27.988,,1,0.36
RM2,7031,28.001,,1,0.37
RM2,7032,28.014,,1,0.38
RM2,7033,28.027,,1,0.38
RM2,7034,28.040,,1,0.39
RM2,7035,28.052,,1,0.39
RM2,7036,28.065,,1,0.40
RM2,7037,28.078,,1,0.41
RM2,7038,28.091,,1,0.41
RM2,7039,28.103,,1,0.42
RM2,7040,28.116,,1,0.42
RM2,7041,28.129,,1,0.43
RM2,7042,28.141,,1,0.44
RM2,7043,28.154,,1,0.44
RM2,7044,28.166,,1,0.45
RM2,7045,28.179,,1,0.46
RM2,7046,28.191,,1,0.46
RM2,7047,28.204,,1,0.47
RM2,7048,28.216,,1,0.47
RM2,7049,28.228,,1,0.48
RM2,7050,28.241,,1,0.49
RM2,7051,28.253,,1,0.49
RM2,7052,28.265,,1,0.50
RM2,7053,28.278,,1,0.51
RM2,7054,28.290,,1,0.51
RM2,7055,28.302,,1,0.52
RM2,7056,28.314,,1,0.53
RM2,7057,28.326,,1,0.53
RM2,7058,28.338,,1,0.54
RM2,7059,28.351,,1,0.54
RM2,7060,28.363,,1,0.55
RM2,7061,28.375,,1,0.56
RM2,7062,28.387,,1,0.56
RM2,7063,28.398,,1,0.57
RM2,7064,28.410,,1,0.58
RM2,7065,28.422,,1,0.58
RM2,7066,28.434,,1,0.59
RM2,7067,28.446,,1,0.59
RM2,7068,28.458,,1,0.60
RM2,7069,28.470,,1,0.61
RM2,7070,28.481,,1,0.61
RM2,7071,28.493,,1,0.62
RM2,7072,28.505,,1,0.62
RM2,7073,28.516,,1,0.63
RM2,7074,28.528,,1,0.64
RM2,7075,28.540,,1,0.64
RM2,7076,28.551,,1,0.65
RM2,7077,28.563,,1,0.65
RM2,7078,28.574,,1,0.66
RM2,7079,28.586,,1,0.67
RM2,7080,28.597,,1,0.67
RM2,7081,28.609,,1,0.68
RM2,7082,28.620,,1,0.68
RM2,7083,28.631,,1,0.69
RM2,7084,28.643,,1,0.70
RM2,7085,28.654,,1,0.70
RM2,7086,28.665,,1,0.71
RM2,7087,28.676,,1,0.71
RM2,7088,28.688,,1,0.72
RM2,7089,28.699,,1,0.72
RM2,7090,28.710,,1,0.73
RM2,7091,28.721,,1,0.74
RM2,7092,28.732,,1,0.74
RM2,7093,28.743,,1,0.75
RM2,7094,28.754,,1,0.75
RM2,7095,28.765,,1,0.76
RM2,7096,28.776,,1,0.76
RM2,7097,28.787,,1,0.77
RM2,7098,28.798,,1,0.77
RM2,7099,28.809,,1,0.78
RM2,7100,28.820,,1,0.78
RM2,7101,28.831,,1,0.79
RM2,7102,28.842,,1,0.79
RM2,7103,28.852,,1,0.80
RM2,7104,28.863,,1,0.80
RM2,7105,28.874,,1,0.81
RM2,7106,28.885,,1,0.81
RM2,7107,28.895,,1,0.82
RM2,7108,28.906,,1,0.82
RM2,7109,28.916,,1,0.83
RM2,7110,28.927,,1,0.83
RM2,7111,28.938,,1,0.84
RM2,7112,28.948,,1,0.84
RM2,7113,28.959,,1,0.85
RM2,7114,28.969,,1,0.85
RM2,7115,28.979,,1,0.86
RM2,7116,28.990,,1,0.86
RM2,7117,29.000,,1,0.86
RM2,7118,29.011,,1,0.87
RM2,7119,29.021,,1,0.87
RM2,7120,29.031,,1,0.88
RM2,7121,29.042,,1,0.88
RM2,7122,29.052,,1,0.89
RM2,7123,29.062,,1,0.89
RM2,7124,29.072,,1,0.89
RM2,7125,29.082,,1,0.90
RM2,7126,29.092,,1,0.90
RM2,7127,29.103,,1,0.90
RM2,7128,29.113,,1,0.91
RM2,7129,29.123,,1,0.91
RM2,7130,29.133,,1,0.92
RM2,7131,29.143,,1,0.92
RM2,7132,29.153,,1,0.92
RM2,7133,29.163,,1,0.93
RM2,7134,29.172,,1,0.93
RM2,7135,29.182,,1,0.93
RM2,7136,29.192,,1,0.94
RM2,7137,29.202,,1,0.94
RM2,7138,29.212,,1,0.94
RM2,7139,29.222,,1,0.94
RM2,7140,29.231,,1,0.95
RM2,7141,29.241,,1,0.95
RM2,7142,29.251,,1,0.95
RM2,7143,29.260,,1,0.96
RM2,7144,29.270,,1,0.96
RM2,7145,29.280,,1,0.96
RM2,7146,29.289,,1,0.96
RM2,7147,29.299,,1,0.96
RM2,7148,29.308,,1,0.97
RM2,7149,29.318,,1,0.97
RM2,7150,29.327,,1,0.97
RM2,7151,29.337,,1,0.97
RM2,7152,29.346,,1,0.98
RM2,7153,29.355,,1,0.98
RM2,7154,29.365,,1,0.98
RM2,7155,29.374,,1,0.98
RM2,7156,29.383,,1,0.98
RM2,7157,29.393,,1,0.98
RM2,7158,29.402,,1,0.99
RM2,7159,29.411,,1,0.99
RM2,7160,29.420,,1,0.99
RM2,7161,29.429,,1,0.99
RM2,7162,29.438,,1,0.99
RM2,7163,29.448,,1,0.99
RM2,7164,29.457,,1,0.99
RM2,7165,29.466,,1,0.99
RM2,7166,29.475,,1,1.00
RM2,7167,29.484,,1,1.00
RM2,7168,29.493,,1,1.00
RM2,7169,29.502,,1,1.00
RM2,7170,29.511,,1,1.00
RM2,7171,29.520,,1,1.00
RM2,7172,29.528,,1,1.00
RM2,7173,29.537,,1,1.00
RM2,7174,29.546,,1,1.00
RM2,7175,29.555,,1,1.00
RM2,7176,29.564,,1,1.00
RM2,7177,29.572,,1,1.00
RM2,7178,29.581,,1,1.00
RM2,7179,29.590,,1,1.00
RM2,7180,29.598,,1,1.00
RM2,7181,29.607,,1,1.00
RM2,7182,29.616,,1,1.00
RM2,7183,29.624,,1,1.00
RM2,7184,29.633,,1,1.00
RM2,7185,29.641,,1,1.00
RM2,7186,29.650,,1,1.00
RM2,7187,29.658,,1,1.00
RM2,7188,29.667,,1,1.00
RM2,7189,29.675,,1,1.00
RM2,7190,29.683,,1,1.00
RM2,7191,29.692,,1,1.00
RM2,7192,29.700,,1,1.00
RM2,7193,29.708,,1,1.00
RM2,7194,29.717,,1,1.00
RM2,7195,29.725,,1,1.00
RM2,7196,29.733,,1,1.00
RM2,7197,29.741,,1,1.00
RM2,7198,29.750,,1,1.00
RM2,7199,29.758,,1,1.00
RM2,7200,29.766,,1,1.00
RM2,7201,29.774,,1,1.00
RM2,7202,29.782,,1,1.00
RM2,7203,29.790,,1,1.00
RM2,7204,29.798,,1,1.00
RM2,7205,29.806,,1,1.00
RM2,7206,29.814,,1,1.00
RM2,7207,29.822,,1,1.00
RM2,7208,29.830,,1,1.00
RM2,7209,29.838,,1,1.00
RM2,7210,29.846,,1,1.00
RM2,7211,29.854,,1,1.00
RM2,7212,29.861,,1,1.00
RM2,7213,29.869,,1,1.00
RM2,7214,29.877,,1,1.00
RM2,7215,29.885,,1,1.00
RM2,7216,29.893,,1,1.00
RM2,7217,29.900,,1,1.00
RM2,7218,29.908,,1,1.00
RM2,7219,29.916,,1,1.00
RM2,7220,29.923,,1,1.00
RM2,7221,29.931,,1,1.00
RM2,7222,29.938,,1,1.00
RM2,7223,29.946,,1,1.00
RM2,7224,29.953,,1,1.00
RM2,7225,29.961,,1,1.00
RM2,7226,29.968,,1,1.00
RM2,7227,29.976,,1,1.00
RM2,7228,29.983,,1,1.00
RM2,7229,29.991,,1,1.00
RM2,7230,29.998,,1,1.00
RM2,7231,30.005,,1,1.00
RM2,7232,30.013,,1,1.00
RM2,7233,30.020,,1,1.00
RM2,7234,30.027,,1,1.00
RM2,7235,30.034,,1,1.00
RM2,7236,30.042,,1,1.00
RM2,7237,30.049,,1,1.00
RM2,7238,30.056,,1,1.00
RM2,7239,30.063,,1,1.00
RM2,7240,30.070,,1,1.00
RM2,7241,30.077,,1,1.00
RM2,7242,30.084,,1,1.00
RM2,7243,30.092,,1,1.00
RM2,7244,30.099,,1,1.00
RM2,7245,30.106,,1,1.00
RM2,7246,30.113,,1,1.00
RM2,7247,30.119,,1,1.00
RM2,7248,30.126,,1,1.00
RM2,7249,30.133,,1,1.00
RM2,7250,30.140,,1,1.00
RM2,7251,30.147,,1,1.00
RM2,7252,30.154,,1,1.00
RM2,7253,30.161,,1,1.00
RM2,7254,30.167,,1,1.00
RM2,7255,30.174,,1,1.00
RM2,7256,30.181,,1,1.00
RM2,7257,30.188,,1,1.00
RM2,7258,30.194,,1,1.00
RM2,7259,30.201,,1,1.00
RM2,7260,30.208,,1,1.00
RM2,7261,30.214,,1,1.00
RM2,7262,30.221,,1,1.00
RM2,7263,30.227,,1,1.00
RM2,7264,30.234,,1,1.00
RM2,7265,30.240,,1,1.00
RM2,7266,30.247,,1,1.00
RM2,7267,30.253,,1,1.00
RM2,7268,30.260,,1,1.00
RM2,7269,30.266,,1,1.00
RM2,7270,30.273,,1,1.00
RM2,7271,30.279,,1,1.00
RM2,7272,30.285,,1,1.00
RM2,7273,30.292,,1,1.00
RM2,7274,30.298,,1,1.00
RM2,7275,30.304,,1,1.00
RM2,7276,30.310,,1,1.00
RM2,7277,30.317,,1,1.00
RM2,7278,30.323,,1,1.00
RM2,7279,30.329,,1,1.00
RM2,7280,30.335,,1,1.00
RM2,7281,30.341,,1,1.00
RM2,7282,30.347,,1,1.00
RM2,7283,30.354,,1,1.00
RM2,7284,30.360,,1,1.00
RM2,7285,30.366,,1,1.00
RM2,7286,30.372,,1,1.00
RM2,7287,30.378,,1,1.00
RM2,7288,30.384,,1,1.00
RM2,7289,30.390,,1,1.00
RM2,7290,30.396,,1,1.00
RM2,7291,30.401,,1,1.00
RM2,7292,30.407,,1,1.00
RM2,7293,30.413,,1,1.00
RM2,7294,30.419,,1,1.00
RM2,7295,30.425,,1,1.00
RM2,7296,30.431,,1,1.00
RM2,7297,30.436,,1,1.00
RM2,7298,30.442,,1,1.00
RM2,7299,30.448,,1,1.00
RM2,7300,30.454,,1,1.00
RM2,7301,30.459,,1,1.00
RM2,7302,30.465,,1,1.00
RM2,7303,30.470,,1,1.00
RM2,7304,30.476,,1,1.00
RM2,7305,30.482,,1,1.00
RM2,7306,30.487,,1,1.00
RM2,7307,30.493,,1,1.00
RM2,7308,30.498,,1,1.00
RM2,7309,30.504,,1,1.00
RM2,7310,30.509,,1,1.00
RM2,7311,30.515,,1,1.00
RM2,7312,30.520,,1,1.00
RM2,7313,30.525,,1,1.00
RM2,7314,30.531,,1,1.00
RM2,7315,30.536,,1,1.00
RM2,7316,30.542,,1,1.00
RM2,7317,30.547,,1,1.00
RM2,7318,30.552,,1,1.00
RM2,7319,30.557,,1,1.00
RM2,7320,30.563,,1,1.00
RM2,7321,30.568,,1,1.00
RM2,7322,30.573,,1,1.00
RM2,7323,30.578,,1,1.00
RM2,7324,30.583,,1,1.00
RM2,7325,30.589,,1,1.00
RM2,7326,30.594,,1,1.00
RM2,7327,30.599,,1,1.00
RM2,7328,30.604,,1,1.00
RM2,7329,30.609,,1,1.00
RM2,7330,30.614,,1,1.00
RM2,7331,30.619,,1,1.00
RM2,7332,30.624,,1,1.00
RM2,7333,30.629,,1,1.00
RM2,7334,30.634,,1,1.00
RM2,7335,30.639,,1,1.00
RM2,7336,30.644,,1,1.00
RM2,7337,30.648,,1,1.00
RM2,7338,30.653,,1,1.00
RM2,7339,30.658,,1,1.00
RM2,7340,30.663,,1,1.00
RM2,7341,30.668,,1,1.00
RM2,7342,30.672,,1,1.00
RM2,7343,30.677,,1,1.00
RM2,7344,30.682,,1,1.00
RM2,7345,30.687,,1,1.00
RM2,7346,30.691,,1,1.00
RM2,7347,30.696,,1,1.00
RM2,7348,30.701,,1,1.00
RM2,7349,30.705,,1,1.00
RM2,7350,30.710,,1,1.00
RM2,7351,30.714,,1,1.00
RM2,7352,30.719,,1,1.00
RM2,7353,30.723,,1,1.00
RM2,7354,30.728,,1,1.00
RM2,7355,30.732,,1,1.00
RM2,7356,30.737,,1,1.00
RM2,7357,30.741,,1,1.00
RM2,7358,30.746,,1,1.00
RM2,7359,30.750,,1,1.00
RM2,7360,30.754,,1,1.00
RM2,7361,30.759,,1,1.00
RM2,7362,30.763,,1,1.00
RM2,7363,30.767,,1,1.00
RM2,7364,30.772,,1,1.00
RM2,7365,30.776,,1,1.00
RM2,7366,30.780,,1,1.00
RM2,7367,30.785,,1,1.00
RM2,7368,30.789,,1,1.00
RM2,7369,30.793,,1,1.00
RM2,7370,30.797,,1,1.00
RM2,7371,30.801,,1,1.00
RM2,7372,30.805,,1,1.00
RM2,7373,30.809,,1,1.00
RM2,7374,30.814,,1,1.00
RM2,7375,30.818,,1,1.00
RM2,7376,30.822,,1,1.00
RM2,7377,30.826,,1,1.00
RM2,7378,30.830,,1,1.00
RM2,7379,30.834,,1,1.00
RM2,7380,30.838,,1,1.00
RM2,7381,30.842,,1,1.00
RM2,7382,30.845,,1,1.00
RM2,7383,30.849,,1,1.00
RM2,7384,30.853,,1,1.00
RM2,7385,30.857,,1,1.00
RM2,7386,30.861,,1,1.00
RM2,7387,30.865,,1,1.00
RM2,7388,30.869,,1,1.00
RM2,7389,30.872,,1,1.00
RM2,7390,30.876,,1,1.00
RM2,7391,30.880,,1,1.00
RM2,7392,30.884,,1,1.00
RM2,7393,30.887,,1,1.00
RM2,7394,30.891,,1,1.00
RM2,7395,30.895,,1,1.00
RM2,7396,30.898,,1,1.00
RM2,7397,30.902,,1,1.00
RM2,7398,30.905,,1,1.00
RM2,7399,30.909,,1,1.00
RM2,7400,30.913,,1,1.00
RM2,7401,30.916,,1,1.00
RM2,7402,30.920,,1,1.00
RM2,7403,30.923,,1,1.00
RM2,7404,30.927,,1,1.00
RM2,7405,30.930,,1,1.00
RM2,7406,30.933,,1,1.00
RM2,7407,30.937,,1,1.00
RM2,7408,30.940,,1,1.00
RM2,7409,30.944,,1,1.00
RM2,7410,30.947,,1,1.00
RM2,7411,30.950,,1,1.00
RM2,7412,30.954,,1,1.00
RM2,7413,30.957,,1,1.00
RM2,7414,30.960,,1,1.00
RM2,7415,30.964,,1,1.00
RM2,7416,30.967,,1,1.00
RM2,7417,30.970,,1,1.00
RM2,7418,30.973,,1,1.00
RM2,7419,30.976,,1,1.00
RM2,7420,30.980,,1,1.00
RM2,7421,30.983,,1,1.00
RM2,7422,30.986,,1,1.00
RM2,7423,30.989,,1,1.00
RM2,7424,30.992,,1,1.00
RM2,7425,30.995,,1,1.00
RM2,7426,30.998,,1,1.00
RM2,7427,31.001,,1,1.00
RM2,7428,31.004,,1,1.00
RM2,7429,31.007,,1,1.00
RM2,7430,31.010,,1,1.00
RM2,7431,31.013,,1,1.00
RM2,7432,31.016,,1,1.00
RM2,7433,31.019,,1,1.00
RM2,7434,31.022,,1,1.00
RM2,7435,31.025,,1,1.00
RM2,7436,31.028,,1,1.00
RM2,7437,31.030,,1,1.00
RM2,7438,31.033,,1,1.00
RM2,7439,31.036,,1,1.00
RM2,7440,31.039,,1,1.00
RM2,7441,31.042,,1,1.00
RM2,7442,31.044,,1,1.00
RM2,7443,31.047,,1,1.00
RM2,7444,31.050,,1,1.00
RM2,7445,31.052,,1,1.00
RM2,7446,31.055,,1,1.00
RM2,7447,31.058,,1,1.00
RM2,7448,31.060,,1,1.00
RM2,7449,31.063,,1,1.00
RM2,7450,31.066,,1,1.00
RM2,7451,31.068,,1,1.00
RM2,7452,31.071,,1,1.00
RM2,7453,31.073,,1,1.00
RM2,7454,31.076,,1,1.00
RM2,7455,31.078,,1,1.00
RM2,7456,31.081,,1,1.00
RM2,7457,31.083,,1,1.00
RM2,7458,31.086,,1,1.00
RM2,7459,31.088,,1,1.00
RM2,7460,31.091,,1,1.00
RM2,7461,31.093,,1,1.00
RM2,7462,31.095,,1,1.00
RM2,7463,31.098,,1,1.00
RM2,7464,31.100,,1,1.00
RM2,7465,31.102,,1,1.00
RM2,7466,31.105,,1,1.00
RM2,7467,31.107,,1,1.00
RM2,7468,31.109,,1,1.00
RM2,7469,31.112,,1,1.00
RM2,7470,31.114,,1,1.00
RM2,7471,31.116,,1,1.00
RM2,7472,31.118,,1,1.00
RM2,7473,31.120,,1,1.00
RM2,7474,31.123,,1,1.00
RM2,7475,31.125,,1,1.00
RM2,7476,31.127,,1,1.00
RM2,7477,31.129,,1,1.00
RM2,7478,31.131,,1,1.00
RM2,7479,31.133,,1,1.00
RM2,7480,31.135,,1,1.00
RM2,7481,31.137,,1,1.00
RM2,7482,31.139,,1,1.00
RM2,7483,31.141,,1,1.00
RM2,7484,31.143,,1,1.00
RM2,7485,31.145,,1,1.00
RM2,7486,31.147,,1,1.00
RM2,7487,31.149,,1,1.00
RM2,7488,31.151,,1,1.00
RM2,7489,31.153,,1,1.00
RM2,7490,31.155,,1,1.00
RM2,7491,31.157,,1,1.00
RM2,7492,31.159,,1,1.00
RM2,7493,31.160,,1,1.00
RM2,7494,31.162,,1,1.00
RM2,7495,31.164,,1,1.00
RM2,7496,31.166,,1,1.00
RM2,7497,31.168,,1,1.00
RM2,7498,31.169,,1,1.00
RM2,7499,31.171,,1,1.00
RM2,7500,31.173,,1,1.00
RM2,7501,31.175,,1,1.00
RM2,7502,31.176,,1,1.00
RM2,7503,31.178,,1,1.00
RM2,7504,31.180,,1,1.00
RM2,7505,31.181,,1,1.00
RM2,7506,31.183,,1,1.00
RM2,7507,31.184,,1,1.00
RM2,7508,31.186,,1,1.00
RM2,7509,31.187,,1,1.00
RM2,7510,31.189,,1,1.00
RM2,7511,31.191,,1,1.00
RM2,7512,31.192,,1,1.00
RM2,7513,31.194,,1,1.00
RM2,7514,31.195,,1,1.00
RM2,7515,31.197,,1,1.00
RM2,7516,31.198,,1,1.00
RM2,7517,31.199,,1,1.00
RM2,7518,31.201,,1,1.00
RM2,7519,31.202,,1,1.00
RM2,7520,31.204,,1,1.00
RM2,7521,31.205,,1,1.00
RM2,7522,31.206,,1,1.00
RM2,7523,31.208,,1,1.00
RM2,7524,31.209,,1,1.00
RM2,7525,31.210,,1,1.00
RM2,7526,31.212,,1,1.00
RM2,7527,31.213,,1,1.00
RM2,7528,31.214,,1,1.00
RM2,7529,31.215,,1,1.00
RM2,7530,31.217,,1,1.00
RM2,7531,31.218,,1,1.00
RM2,7532,31.219,,1,1.00
RM2,7533,31.220,,1,1.00
RM2,7534,31.221,,1,1.00
RM2,7535,31.222,,1,1.00
RM2,7536,31.224,,1,1.00
RM2,7537,31.225,,1,1.00
RM2,7538,31.226,,1,1.00
RM2,7539,31.227,,1,1.00
RM2,7540,31.228,,1,1.00
RM2,7541,31.229,,1,1.00
RM2,7542,31.230,,1,1.00
RM2,7543,31.231,,1,1.00
RM2,7544,31.232,,1,1.00
RM2,7545,31.233,,1,1.00
RM2,7546,31.234,,1,1.00
RM2,7547,31.235,,1,1.00
RM2,7548,31.236,,1,1.00
RM2,7549,31.237,,1,1.00
RM2,7550,31.238,,1,1.00
RM2,7551,31.239,,1,1.00
RM2,7552,31.239,,1,1.00
RM2,7553,31.240,,1,1.00
RM2,7554,31.241,,1,1.00
RM2,7555,31.242,,1,1.00
RM2,7556,31.243,,1,1.00
RM2,7557,31.244,,1,1.00
RM2,7558,31.244,,1,1.00
RM2,7559,31.245,,1,1.00
RM2,7560,31.246,,1,1.00
RM2,7561,31.247,,1,1.00
RM2,7562,31.247,,1,1.00
RM2,7563,31.248,,1,1.00
RM2,7564,31.249,,1,1.00
RM2,7565,31.249,,1,1.00
RM2,7566,31.250,,1,1.00
RM2,7567,31.251,,1,1.00
RM2,7568,31.251,,1,1.00
RM2,7569,31.252,,1,1.00
RM2,7570,31.253,,1,1.00
RM2,7571,31.253,,1,1.00
RM2,7572,31.254,,1,1.00
RM2,7573,31.254,,1,1.00
RM2,7574,31.255,,1,1.00
RM2,7575,31.255,,1,1.00
RM2,7576,31.256,,1,1.00
RM2,7577,31.256,,1,1.00
RM2,7578,31.257,,1,1.00
RM2,7579,31.257,,1,1.00
RM2,7580,31.258,,1,1.00
RM2,7581,31.258,,1,1.00
RM2,7582,31.259,,1,1.00
RM2,7583,31.259,,1,1.00
RM2,7584,31.260,,1,1.00
RM2,7585,31.260,,1,1.00
RM2,7586,31.260,,1,1.00
RM2,7587,31.261,,1,1.00
RM2,7588,31.261,,1,1.00
RM2,7589,31.261,,1,1.00
RM2,7590,31.262,,1,1.00
RM2,7591,31.262,,1,1.00
RM2,7592,31.262,,1,1.00
RM2,7593,31.263,,1,1.00
RM2,7594,31.263,,1,1.00
RM2,7595,31.263,,1,1.00
RM2,7596,31.263,,1,1.00
RM2,7597,31.263,,1,1.00
RM2,7598,31.264,,1,1.00
RM2,7599,31.264,,1,1.00
RM2,7600,31.264,,1,1.00
RM2,7601,31.264,,1,1.00
RM2,7602,31.264,,1,1.00
RM2,7603,31.264,,1,1.00
RM2,7604,31.265,,1,1.00
RM2,7605,31.265,,1,1.00
RM2,7606,31.265,,1,1.00
RM2,7607,31.265,,1,1.00
RM2,7608,31.265,,1,1.00
RM2,7609,31.265,,1,1.00
RM2,7610,31.265,,1,1.00
RM2,7611,31.265,,1,1.00
RM2,7612,31.265,,1,1.00
RM2,7613,31.265,,1,1.00
RM2,7614,31.265,,1,1.00
RM2,7615,31.265,,1,1.00
RM2,7616,31.265,,1,1.00
RM2,7617,31.265,,1,1.00
RM2,7618,31.265,,1,1.00
RM2,7619,31.265,,1,1.00
RM2,7620,31.265,,1,1.00
RM2,7621,31.264,,1,1.00
RM2,7622,31.264,,1,1.00
RM2,7623,31.264,,1,1.00
RM2,7624,31.264,,1,1.00
RM2,7625,31.264,,1,1.00
RM2,7626,31.264,,1,1.00
RM2,7627,31.264,,1,1.00
RM2,7628,31.263,,1,1.00
RM2,7629,31.263,,1,1.00
RM2,7630,31.263,,1,1.00
RM2,7631,31.263,,1,1.00
RM2,7632,31.262,,1,1.00
RM2,7633,31.262,,1,1.00
RM2,7634,31.262,,1,1.00
RM2,7635,31.262,,1,1.00
RM2,7636,31.261,,1,1.00
RM2,7637,31.261,,1,1.00
RM2,7638,31.261,,1,1.00
RM2,7639,31.260,,1,1.00
RM2,7640,31.260,,1,1.00
RM2,7641,31.259,,1,1.00
RM2,7642,31.259,,1,1.00
RM2,7643,31.259,,1,1.00
RM2,7644,31.258,,1,1.00
RM2,7645,31.258,,1,1.00
RM2,7646,31.257,,1,1.00
RM2,7647,31.257,,1,1.00
RM2,7648,31.257,,1,1.00
RM2,7649,31.256,,1,1.00
RM2,7650,31.256,,1,1.00
RM2,7651,31.255,,1,1.00
RM2,7652,31.255,,1,1.00
RM2,7653,31.254,,1,1.00
RM2,7654,31.253,,1,1.00
RM2,7655,31.253,,1,1.00
RM2,7656,31.252,,1,1.00
RM2,7657,31.252,,1,1.00
RM2,7658,31.251,,1,1.00
RM2,7659,31.251,,1,1.00
RM2,7660,31.250,,1,1.00
RM2,7661,31.249,,1,1.00
RM2,7662,31.249,,1,1.00
RM2,7663,31.248,,1,1.00
RM2,7664,31.247,,1,1.00
RM2,7665,31.247,,1,1.00
RM2,7666,31.246,,1,1.00
RM2,7667,31.245,,1,1.00
RM2,7668,31.245,,1,1.00
RM2,7669,31.244,,1,1.00
RM2,7670,31.243,,1,1.00
RM2,7671,31.243,,1,1.00
RM2,7672,31.242,,1,1.00
RM2,7673,31.241,,1,1.00
RM2,7674,31.240,,1,1.00
RM2,7675,31.239,,1,1.00
RM2,7676,31.239,,1,1.00
RM2,7677,31.238,,1,1.00
RM2,7678,31.237,,1,1.00
RM2,7679,31.236,,1,1.00
RM2,7680,31.235,,1,1.00
RM2,7681,31.234,,1,1.00
RM2,7682,31.234,,1,1.00
RM2,7683,31.233,,1,1.00
RM2,7684,31.232,,1,1.00
RM2,7685,31.231,,1,1.00
RM2,7686,31.230,,1,1.00
RM2,7687,31.229,,1,1.00
RM2,7688,31.228,,1,1.00
RM2,7689,31.227,,1,1.00
RM2,7690,31.226,,1,1.00
RM2,7691,31.225,,1,1.00
RM2,7692,31.224,,1,1.00
RM2,7693,31.223,,1,1.00
RM2,7694,31.222,,1,1.00
RM2,7695,31.221,,1,1.00
RM2,7696,31.220,,1,1.00
RM2,7697,31.219,,1,1.00
RM2,7698,31.218,,1,1.00
RM2,7699,31.217,,1,1.00
RM2,7700,31.216,,1,1.00
RM2,7701,31.215,,1,1.00
RM2,7702,31.214,,1,1.00
RM2,7703,31.213,,1,1.00
RM2,7704,31.212,,1,1.00
RM2,7705,31.211,,1,1.00
RM2,7706,31.210,,1,1.00
RM2,7707,31.208,,1,1.00
RM2,7708,31.207,,1,1.00
RM2,7709,31.206,,1,1.00
RM2,7710,31.205,,1,1.00
RM2,7711,31.204,,1,1.00
RM2,7712,31.203,,1,1.00
RM2,7713,31.201,,1,1.00
RM2,7714,31.200,,1,1.00
RM2,7715,31.199,,1,1.00
RM2,7716,31.198,,1,1.00
RM2,7717,31.197,,1,1.00
RM2,7718,31.195,,1,1.00
RM2,7719,31.194,,1,1.00
RM2,7720,31.193,,1,1.00
RM2,7721,31.192,,1,1.00
RM2,7722,31.190,,1,1.00
RM2,7723,31.189,,1,1.00
RM2,7724,31.188,,1,1.00
RM2,7725,31.187,,1,1.00
RM2,7726,31.185,,1,1.00
RM2,7727,31.184,,1,1.00
RM2,7728,31.183,,1,1.00
RM2,7729,31.181,,1,1.00
RM2,7730,31.180,,1,1.00
RM2,7731,31.179,,1,1.00
RM2,7732,31.177,,1,1.00
RM2,7733,31.176,,1,1.00
RM2,7734,31.175,,1,1.00
RM2,7735,31.173,,1,1.00
RM2,7736,31.172,,1,1.00
RM2,7737,31.170,,1,1.00
RM2,7738,31.169,,1,1.00
RM2,7739,31.168,,1,1.00
RM2,7740,31.166,,1,1.00
RM2,7741,31.165,,1,1.00
RM2,7742,31.163,,1,1.00
RM2,7743,31.162,,1,1.00
RM2,7744,31.161,,1,1.00
RM2,7745,31.159,,1,1.00
RM2,7746,31.158,,1,1.00
RM2,7747,31.156,,1,1.00
RM2,7748,31.155,,1,1.00
RM2,7749,31.153,,1,1.00
RM2,7750,31.152,,1,1.00
RM2,7751,31.150,,1,1.00
RM2,7752,31.149,,1,1.00
RM2,7753,31.147,,1,1.00
RM2,7754,31.146,,1,1.00
RM2,7755,31.144,,1,1.00
RM2,7756,31.143,,1,1.00
RM2,7757,31.141,,1,1.00
RM2,7758,31.140,,1,1.00
RM2,7759,31.138,,1,1.00
RM2,7760,31.136,,1,1.00
RM2,7761,31.135,,1,1.00
RM2,7762,31.133,,1,1.00
RM2,7763,31.132,,1,1.00
RM2,7764,31.130,,1,1.00
RM2,7765,31.129,,1,1.00
RM2,7766,31.127,,1,1.00
RM2,7767,31.125,,1,1.00
RM2,7768,31.124,,1,1.00
RM2,7769,31.122,,1,1.00
RM2,7770,31.121,,1,1.00
RM2,7771,31.119,,1,1.00
RM2,7772,31.117,,1,1.00
RM2,7773,31.116,,1,1.00
RM2,7774,31.114,,1,1.00
RM2,7775,31.112,,1,1.00
RM2,7776,31.111,,1,1.00
RM2,7777,31.109,,1,1.00
RM2,7778,31.107,,1,1.00
RM2,7779,31.106,,1,1.00
RM2,7780,31.104,,1,1.00
RM2,7781,31.102,,1,1.00
RM2,7782,31.101,,1,1.00
RM2,7783,31.099,,1,1.00
RM2,7784,31.097,,1,1.00
RM2,7785,31.096,,1,1.00
RM2,7786,31.094,,1,1.00
RM2,7787,31.092,,1,1.00
RM2,7788,31.091,,1,1.00
RM2,7789,31.089,,1,1.00
RM2,7790,31.087,,1,1.00
RM2,7791,31.085,,1,1.00
RM2,7792,31.084,,1,1.00
RM2,7793,31.082,,1,1.00
RM2,7794,31.080,,1,1.00
RM2,7795,31.079,,1,1.00
RM2,7796,31.077,,1,1.00
RM2,7797,31.075,,1,1.00
RM2,7798,31.073,,1,1.00
RM2,7799,31.072,,1,1.00
RM2,7800,31.070,,1,1.00
RM2,7801,31.068,,1,1.00
RM2,7802,31.066,,1,1.00
RM2,7803,31.064,,1,1.00
RM2,7804,31.063,,1,1.00
RM2,7805,31.061,,1,1.00
RM2,7806,31.059,,1,1.00
RM2,7807,31.057,,1,1.00
RM2,7808,31.056,,1,1.00
RM2,7809,31.054,,1,1.00
RM2,7810,31.052,,1,1.00
RM2,7811,31.050,,1,1.00
RM2,7812,31.048,,1,1.00
RM2,7813,31.047,,1,1.00
RM2,7814,31.045,,1,1.00
RM2,7815,31.043,,1,1.00
RM2,7816,31.041,,1,1.00
RM2,7817,31.039,,1,1.00
RM2,7818,31.037,,1,1.00
RM2,7819,31.036,,1,1.00
RM2,7820,31.034,,1,1.00
RM2,7821,31.032,,1,1.00
RM2,7822,31.030,,1,1.00
RM2,7823,31.028,,1,1.00
RM2,7824,31.026,,1,1.00
RM2,7825,31.025,,1,1.00
RM2,7826,31.023,,1,1.00
RM2,7827,31.021,,1,1.00
RM2,7828,31.019,,1,1.00
RM2,7829,31.017,,1,1.00
RM2,7830,31.015,,1,1.00
RM2,7831,31.014,,1,1.00
RM2,7832,31.012,,1,1.00
RM2,7833,31.010,,1,1.00
RM2,7834,31.008,,1,1.00
RM2,7835,31.006,,1,1.00
RM2,7836,31.004,,1,1.00
RM2,7837,31.002,,1,1.00
RM2,7838,31.000,,1,1.00
RM2,7839,30.999,,1,1.00
RM2,7840,30.997,,1,1.00
RM2,7841,30.995,,1,1.00
RM2,7842,30.993,,1,1.00
RM2,7843,30.991,,1,1.00
RM2,7844,30.989,,1,1.00
RM2,7845,30.987,,1,1.00
RM2,7846,30.985,,1,1.00
RM2,7847,30.984,,1,1.00
RM2,7848,30.982,,1,1.00
RM2,7849,30.980,,1,1.00
RM2,7850,30.978,,1,1.00
RM2,7851,30.976,,1,1.00
RM2,7852,30.974,,1,1.00
RM2,7853,30.972,,1,1.00
RM2,7854,30.970,,1,1.00
RM2,7855,30.969,,1,1.00
RM2,7856,30.967,,1,1.00
RM2,7857,30.965,,1,1.00
RM2,7858,30.963,,1,1.00
RM2,7859,30.961,,1,1.00
RM2,7860,30.959,,1,1.00
RM2,7861,30.957,,1,1.00
RM2,7862,30.955,,1,1.00
RM2,7863,30.953,,1,1.00
RM2,7864,30.952,,1,1.00
RM2,7865,30.950,,1,1.00
RM2,7866,30.948,,1,1.00
RM2,7867,30.946,,1,1.00
RM2,7868,30.944,,1,1.00
RM2,7869,30.942,,1,1.00
RM2,7870,30.940,,1,1.00
RM2,7871,30.938,,1,1.00
RM2,7872,30.936,,1,1.00
RM2,7873,30.934,,1,1.00
RM2,7874,30.933,,1,1.00
RM2,7875,30.931,,1,1.00
RM2,7876,30.929,,1,1.00
RM2,7877,30.927,,1,1.00
RM2,7878,30.925,,1,1.00
RM2,7879,30.923,,1,1.00
RM2,7880,30.921,,1,1.00
RM2,7881,30.919,,1,1.00
RM2,7882,30.918,,1,1.00
RM2,7883,30.916,,1,1.00
RM2,7884,30.914,,1,1.00
RM2,7885,30.912,,1,1.00
RM2,7886,30.910,,1,1.00
RM2,7887,30.908,,1,1.00
RM2,7888,30.906,,1,1.00
RM2,7889,30.904,,1,1.00
RM2,7890,30.902,,1,1.00
RM2,7891,30.901,,1,1.00
RM2,7892,30.899,,1,1.00
RM2,7893,30.897,,1,1.00
RM2,7894,30.895,,1,1.00
RM2,7895,30.893,,1,1.00
RM2,7896,30.891,,1,1.00
RM2,7897,30.889,,1,1.00
RM2,7898,30.888,,1,1.00
RM2,7899,30.886,,1,1.00
RM2,7900,30.884,,1,1.00
RM2,7901,30.882,,1,1.00
RM2,7902,30.880,,1,1.00
RM2,7903,30.878,,1,1.00
RM2,7904,30.876,,1,1.00
RM2,7905,30.875,,1,1.00
RM2,7906,30.873,,1,1.00
RM2,7907,30.871,,1,1.00
RM2,7908,30.869,,1,1.00
RM2,7909,30.867,,1,1.00
RM2,7910,30.865,,1,1.00
RM2,7911,30.864,,1,1.00
RM2,7912,30.862,,1,1.00
RM2,7913,30.860,,1,1.00
RM2,7914,30.858,,1,1.00
RM2,7915,30.856,,1,1.00
RM2,7916,30.854,,1,1.00
RM2,7917,30.853,,1,1.00
RM2,7918,30.851,,1,1.00
RM2,7919,30.849,,1,1.00
RM2,7920,30.847,,1,1.00
RM2,7921,30.845,,1,1.00
RM2,7922,30.844,,1,1.00
RM2,7923,30.842,,1,1.00
RM2,7924,30.840,,1,1.00
RM2,7925,30.838,,1,1.00
RM2,7926,30.837,,1,1.00
RM2,7927,30.835,,1,1.00
RM2,7928,30.833,,1,1.00
RM2,7929,30.831,,1,1.00
RM2,7930,30.829,,1,1.00
RM2,7931,30.828,,1,1.00
RM2,7932,30.826,,1,1.00
RM2,7933,30.824,,1,1.00
RM2,7934,30.822,,1,1.00
RM2,7935,30.821,,1,1.00
RM2,7936,30.819,,1,1.00
RM2,7937,30.817,,1,1.00
RM2,7938,30.815,,1,1.00
RM2,7939,30.814,,1,1.00
RM2,7940,30.812,,1,1.00
RM2,7941,30.810,,1,1.00
RM2,7942,30.809,,1,1.00
RM2,7943,30.807,,1,1.00
RM2,7944,30.805,,1,1.00
RM2,7945,30.803,,1,1.00
RM2,7946,30.802,,1,1.00
RM2,7947,30.800,,1,1.00
RM2,7948,30.798,,1,1.00
RM2,7949,30.797,,1,1.00
RM2,7950,30.795,,1,1.00
RM2,7951,30.793,,1,1.00
RM2,7952,30.792,,1,1.00
RM2,7953,30.790,,1,1.00
RM2,7954,30.788,,1,1.00
RM2,7955,30.787,,1,1.00
RM2,7956,30.785,,1,1.00
RM2,7957,30.783,,1,1.00
RM2,7958,30.782,,1,1.00
RM2,7959,30.780,,1,1.00
RM2,7960,30.779,,1,1.00
RM2,7961,30.777,,1,1.00
RM2,7962,30.775,,1,1.00
RM2,7963,30.774,,1,1.00
RM2,7964,30.772,,1,1.00
RM2,7965,30.771,,1,1.00
RM2,7966,30.769,,1,1.00
RM2,7967,30.767,,1,1.00
RM2,7968,30.766,,1,1.00
RM2,7969,30.764,,1,1.00
RM2,7970,30.763,,1,1.00
RM2,7971,30.761,,1,1.00
RM2,7972,30.760,,1,1.00
RM2,7973,30.758,,1,1.00
RM2,7974,30.756,,1,1.00
RM2,7975,30.755,,1,1.00
RM2,7976,30.753,,1,1.00
RM2,7977,30.752,,1,1.00
RM2,7978,30.750,,1,1.00
RM2,7979,30.749,,1,1.00
RM2,7980,30.747,,1,1.00
RM2,7981,30.746,,1,1.00
RM2,7982,30.744,,1,1.00
RM2,7983,30.743,,1,1.00
RM2,7984,30.742,,1,1.00
RM2,7985,30.740,,1,1.00
RM2,7986,30.739,,1,1.00
RM2,7987,30.737,,1,1.00
RM2,7988,30.736,,1,1.00
RM2,7989,30.734,,1,1.00
RM2,7990,30.733,,1,1.00
RM2,7991,30.731,,1,1.00
RM2,7992,30.730,,1,1.00
RM2,7993,30.729,,1,1.00
RM2,7994,30.727,,1,1.00
RM2,7995,30.726,,1,1.00
RM2,7996,30.724,,1,1.00
RM2,7997,30.723,,1,1.00
RM2,7998,30.722,,1,1.00
RM2,7999,30.720,,1,1.00
RM2,8000,30.719,,1,1.00
RM2,8001,30.718,,1,1.00
RM2,8002,30.716,,1,1.00
RM2,8003,30.715,,1,1.00
RM2,8004,30.714,,1,1.00
RM2,8005,30.712,,1,1.00
RM2,8006,30.711,,1,1.00
RM2,8007,30.710,,1,1.00
RM2,8008,30.709,,1,1.00
RM2,8009,30.707,,1,1.00
RM2,8010,30.706,,1,1.00
RM2,8011,30.705,,1,1.00
RM2,8012,30.704,,1,1.00
RM2,8013,30.702,,1,1.00
RM2,8014,30.701,,1,1.00
RM2,8015,30.700,,1,1.00
RM2,8016,30.699,,1,1.00
RM2,8017,30.698,,1,1.00
RM2,8018,30.696,,1,1.00
RM2,8019,30.695,,1,1.00
RM2,8020,30.694,,1,1.00
RM2,8021,30.693,,1,1.00
RM2,8022,30.692,,1,1.00
RM2,8023,30.691,,1,1.00
RM2,8024,30.689,,1,1.00
RM2,8025,30.688,,1,1.00
RM2,8026,30.687,,1,1.00
RM2,8027,30.686,,1,1.00
RM2,8028,30.685,,1,1.00
RM2,8029,30.684,,1,1.00
RM2,8030,30.683,0.475,2,1.00
RM2,8031,30.682,0.474,2,1.00
RM2,8032,30.681,0.473,2,1.00
RM2,8033,30.680,0.473,2,1.00
RM2,8034,30.679,0.472,2,1.00
RM2,8035,30.678,0.472,2,1.00
RM2,8036,30.677,0.471,2,1.00
RM2,8037,30.676,0.471,2,1.00
RM2,8038,30.675,0.470,2,1.00
RM2,8039,30.674,0.470,2,1.00
RM2,8040,30.673,0.469,2,1.00
RM2,8041,30.672,0.469,2,1.01
RM2,8042,30.671,0.468,2,1.01
RM2,8043,30.670,0.468,2,1.01
RM2,8044,30.669,0.468,2,1.01
RM2,8045,30.668,0.467,2,1.01
RM2,8046,30.667,0.467,2,1.01
RM2,8047,30.666,0.466,2,1.01
RM2,8048,30.665,0.466,2,1.01
RM2,8049,30.664,0.465,2,1.02
RM2,8050,30.664,0.465,2,1.02
RM2,8051,30.663,0.465,2,1.02
RM2,8052,30.662,0.464,2,1.02
RM2,8053,30.661,0.464,2,1.02
RM2,8054,30.660,0.463,2,1.02
RM2,8055,30.659,0.463,2,1.03
RM2,8056,30.659,0.463,2,1.03
RM2,8057,30.658,0.462,2,1.03
RM2,8058,30.657,0.462,2,1.03
RM2,8059,30.656,0.461,2,1.03
RM2,8060,30.656,0.461,2,1.04
RM2,8061,30.655,0.461,2,1.04
RM2,8062,30.654,0.460,2,1.04
RM2,8063,30.653,0.460,2,1.04
RM2,8064,30.653,0.460,2,1.05
RM2,8065,30.652,0.459,2,1.05
RM2,8066,30.651,0.459,2,1.05
RM2,8067,30.651,0.459,2,1.06
RM2,8068,30.650,0.459,2,1.06
RM2,8069,30.649,0.458,2,1.06
RM2,8070,30.649,0.458,2,1.06
RM2,8071,30.648,0.458,2,1.07
RM2,8072,30.648,0.457,2,1.07
RM2,8073,30.647,0.457,2,1.07
RM2,8074,30.646,0.457,2,1.08
RM2,8075,30.646,0.457,2,1.08
RM2,8076,30.645,0.456,2,1.08
RM2,8077,30.645,0.456,2,1.09
RM2,8078,30.644,0.456,2,1.09
RM2,8079,30.644,0.456,2,1.09
RM2,8080,30.643,0.456,2,1.10
RM2,8081,30.643,0.455,2,1.10
RM2,8082,30.642,0.455,3,1.11
RM2,8083,30.642,0.455,3,1.11
RM2,8084,30.641,0.455,3,1.11
RM2,8085,30.641,0.454,3,1.12
RM2,8086,30.641,0.454,3,1.12
RM2,8087,30.640,0.454,3,1.13
RM2,8088,30.640,0.454,3,1.13
RM2,8089,30.639,0.454,3,1.14
RM2,8090,30.639,0.454,3,1.14
RM2,8091,30.639,0.453,3,1.15
RM2,8092,30.638,0.453,3,1.15
RM2,8093,30.638,0.453,3,1.16
RM2,8094,30.638,0.453,3,1.16
RM2,8095,30.637,0.453,3,1.17
RM2,8096,30.637,0.453,3,1.17
RM2,8097,30.637,0.453,3,1.18
RM2,8098,30.637,0.453,3,1.19
RM2,8099,30.636,0.452,3,1.19
RM2,8100,30.636,0.452,3,1.20
RM2,8101,30.636,0.452,3,1.21
RM2,8102,30.636,0.452,3,1.21
RM2,8103,30.636,0.452,3,1.22
RM2,8104,30.635,0.452,3,1.23
RM2,8105,30.635,0.452,3,1.23
RM2,8106,30.635,0.452,3,1.24
RM2,8107,30.635,0.452,3,1.25
RM2,8108,30.635,0.452,3,1.25
RM2,8109,30.635,0.452,3,1.26
RM2,8110,30.635,0.452,3,1.27
RM2,8111,30.635,0.452,3,1.28
RM2,8112,30.635,0.452,3,1.28
RM2,8113,30.635,0.452,3,1.29
RM2,8114,30.635,0.451,3,1.30
RM2,8115,30.634,0.451,3,1.31
RM2,8116,30.635,0.451,3,1.32
RM2,8117,30.635,0.451,3,1.32
RM2,8118,30.635,0.451,3,1.33
RM2,8119,30.635,0.451,3,1.34
RM2,8120,30.635,0.451,3,1.35
RM2,8121,30.635,0.451,3,1.36
RM2,8122,30.635,0.451,3,1.37
RM2,8123,30.635,0.452,3,1.38
RM2,8124,30.635,0.452,3,1.39
RM2,8125,30.635,0.452,3,1.39
RM2,8126,30.635,0.452,3,1.40
RM2,8127,30.636,0.452,3,1.41
RM2,8128,30.636,0.452,3,1.42
RM2,8129,30.636,0.452,3,1.43
RM2,8130,30.636,0.452,3,1.44
RM2,8131,30.637,0.452,4,1.45
RM2,8132,30.637,0.452,4,1.46
RM2,8133,30.637,0.452,4,1.47
RM2,8134,30.637,0.452,4,1.48
RM2,8135,30.638,0.452,4,1.49
RM2,8136,30.638,0.452,4,1.50
RM2,8137,30.638,0.452,4,1.51
RM2,8138,30.639,0.452,4,1.52
RM2,8139,30.639,0.453,4,1.53
RM2,8140,30.639,0.453,4,1.55
RM2,8141,30.640,0.453,4,1.56
RM2,8142,30.640,0.453,4,1.57
RM2,8143,30.641,0.453,4,1.58
RM2,8144,30.641,0.453,4,1.59
RM2,8145,30.642,0.453,4,1.60
RM2,8146,30.642,0.453,4,1.62
RM2,8147,30.643,0.454,4,1.63
RM2,8148,30.643,0.454,4,1.64
RM2,8149,30.644,0.454,4,1.65
RM2,8150,30.644,0.454,4,1.66
RM2,8151,30.645,0.454,4,1.68
RM2,8152,30.645,0.454,4,1.69
RM2,8153,30.646,0.455,4,1.70
RM2,8154,30.647,0.455,4,1.72
RM2,8155,30.647,0.455,4,1.73
RM2,8156,30.648,0.455,4,1.74
RM2,8157,30.649,0.455,4,1.76
RM2,8158,30.649,0.456,4,1.77
RM2,8159,30.650,0.456,4,1.78
RM2,8160,30.651,0.456,4,1.80
RM2,8161,30.652,0.456,4,1.81
RM2,8162,30.652,0.456,4,1.82
RM2,8163,30.653,0.457,4,1.84
RM2,8164,30.654,0.457,4,1.85
RM2,8165,30.655,0.457,4,1.87
RM2,8166,30.656,0.457,4,1.88
RM2,8167,30.657,0.458,4,1.90
RM2,8168,30.657,0.458,4,1.91
RM2,8169,30.658,0.458,4,1.93
RM2,8170,30.659,0.458,4,1.94
RM2,8171,30.660,0.458,4,1.95
RM2,8172,30.661,0.459,4,1.97
RM2,8173,30.662,0.459,4,1.98
RM2,8174,30.663,0.459,4,2.00
RM2,8175,30.664,0.460,4,2.02
RM2,8176,30.665,0.460,4,2.03
RM2,8177,30.666,0.460,4,2.05
RM2,8178,30.667,0.460,4,2.06
RM2,8179,30.668,0.461,4,2.08
RM2,8180,30.669,0.461,4,2.09
RM2,8181,30.671,0.461,4,2.11
RM2,8182,30.672,0.462,4,2.12
RM2,8183,30.673,0.462,4,2.14
RM2,8184,30.674,0.462,4,2.15
RM2,8185,30.675,0.463,4,2.17
RM2,8186,30.677,0.463,4,2.19
RM2,8187,30.678,0.463,4,2.20
RM2,8188,30.679,0.463,4,2.22
RM2,8189,30.680,0.464,4,2.23
RM2,8190,30.682,0.464,4,2.25
RM2,8191,30.683,0.464,4,2.27
RM2,8192,30.684,0.465,4,2.28
RM2,8193,30.686,0.465,4,2.30
RM2,8194,30.687,0.465,4,2.32
RM2,8195,30.688,0.466,4,2.33
RM2,8196,30.690,0.466,4,2.35
RM2,8197,30.691,0.467,4,2.36
RM2,8198,30.693,0.467,4,2.38
RM2,8199,30.694,0.467,4,2.40
RM2,8200,30.696,0.468,4,2.41
RM2,8201,30.697,0.468,4,2.43
RM2,8202,30.699,0.468,4,2.45
RM2,8203,30.700,0.469,4,2.46
RM2,8204,30.702,0.469,4,2.48
RM2,8205,30.704,0.470,4,2.50
RM2,8206,30.705,0.470,4,2.51
RM2,8207,30.707,0.470,4,2.53
RM2,8208,30.708,0.471,4,2.54
RM2,8209,30.710,0.471,4,2.56
RM2,8210,30.712,0.472,4,2.58
RM2,8211,30.714,0.472,4,2.59
RM2,8212,30.715,0.472,4,2.61
RM2,8213,30.717,0.473,4,2.63
RM2,8214,30.719,0.473,4,2.64
RM2,8215,30.721,0.474,4,2.66
RM2,8216,30.723,0.474,4,2.68
RM2,8217,30.724,0.475,4,2.69
RM2,8218,30.726,0.475,4,2.71
RM2,8219,30.728,0.475,4,2.72
RM2,8220,30.730,0.476,4,2.74
RM2,8221,30.732,0.476,4,2.76
RM2,8222,30.734,0.477,4,2.77
RM2,8223,30.736,0.477,4,2.79
RM2,8224,30.738,0.478,4,2.80
RM2,8225,30.740,0.478,4,2.82
RM2,8226,30.742,0.479,4,2.84
RM2,8227,30.744,0.479,4,2.85
RM2,8228,30.746,0.480,4,2.87
RM2,8229,30.748,0.480,4,2.88
RM2,8230,30.750,0.480,4,2.90
RM2,8231,30.753,0.481,4,2.91
RM2,8232,30.755,0.481,4,2.93
RM2,8233,30.757,0.482,4,2.95
RM2,8234,30.759,0.482,4,2.96
RM2,8235,30.761,0.483,4,2.98
RM2,8236,30.764,0.483,4,2.99
RM2,8237,30.766,0.484,4,3.01
RM2,8238,30.768,0.484,4,3.02
RM2,8239,30.771,0.485,4,3.04
RM2,8240,30.773,0.485,4,3.05
RM2,8241,30.775,0.486,4,3.07
RM2,8242,30.778,0.486,4,3.08
RM2,8243,30.780,0.487,4,3.10
RM2,8244,30.783,0.487,4,3.11
RM2,8245,30.785,0.488,4,3.12
RM2,8246,30.788,0.488,4,3.14
RM2,8247,30.790,0.489,4,3.15
RM2,8248,30.793,0.490,4,3.17
RM2,8249,30.795,0.490,4,3.18
RM2,8250,30.798,0.491,4,3.20
RM2,8251,30.801,0.491,4,3.21
RM2,8252,30.803,0.492,4,3.22
RM2,8253,30.806,0.492,4,3.24
RM2,8254,30.809,0.493,4,3.25
RM2,8255,30.811,0.493,4,3.26
RM2,8256,30.814,0.494,4,3.28
RM2,8257,30.817,0.494,4,3.29
RM2,8258,30.820,0.495,4,3.30
RM2,8259,30.822,0.496,4,3.32
RM2,8260,30.825,0.496,4,3.33
RM2,8261,30.828,0.497,4,3.34
RM2,8262,30.831,0.497,4,3.35
RM2,8263,30.834,0.498,4,3.37
RM2,8264,30.837,0.498,4,3.38
RM2,8265,30.840,0.499,4,3.39
RM2,8266,30.843,0.500,4,3.40
RM2,8267,30.846,0.500,4,3.41
RM2,8268,30.849,0.501,4,3.43
RM2,8269,30.852,0.501,4,3.44
RM2,8270,30.855,0.502,4,3.45
RM2,8271,30.858,0.502,4,3.46
RM2,8272,30.861,0.503,4,3.47
RM2,8273,30.864,0.504,4,3.48
RM2,8274,30.867,0.504,4,3.49
RM2,8275,30.870,0.505,4,3.50
RM2,8276,30.874,0.505,4,3.51
RM2,8277,30.877,0.506,4,3.52
RM2,8278,30.880,0.507,4,3.53
RM2,8279,30.884,0.507,4,3.54
RM2,8280,30.887,0.508,4,3.55
RM2,8281,30.890,0.508,4,3.56
RM2,8282,30.894,0.509,4,3.57
RM2,8283,30.897,0.510,4,3.58
RM2,8284,30.900,0.510,4,3.59
RM2,8285,30.904,0.511,4,3.60
RM2,8286,30.907,0.512,4,3.61
RM2,8287,30.911,0.512,4,3.62
RM2,8288,30.914,0.513,4,3.63
RM2,8289,30.918,0.513,4,3.64
RM2,8290,30.921,0.514,4,3.65
RM2,8291,30.925,0.515,4,3.65
RM2,8292,30.929,0.515,4,3.66
RM2,8293,30.932,0.516,4,3.67
RM2,8294,30.936,0.517,4,3.68
RM2,8295,30.940,0.517,4,3.69
RM2,8296,30.943,0.518,4,3.70
RM2,8297,30.947,0.519,4,3.70
RM2,8298,30.951,0.519,4,3.71
RM2,8299,30.955,0.520,4,3.72
RM2,8300,30.959,0.520,4,3.73
RM2,8301,30.962,0.521,4,3.74
RM2,8302,30.966,0.522,4,3.74
RM2,8303,30.970,0.522,4,3.75
RM2,8304,30.974,0.523,4,3.76
RM2,8305,30.978,0.524,4,3.77
RM2,8306,30.982,0.524,4,3.77
RM2,8307,30.986,0.525,4,3.78
RM2,8308,30.990,0.526,4,3.79
RM2,8309,30.994,0.526,4,3.79
RM2,8310,30.998,0.527,4,3.80
RM2,8311,31.003,0.528,4,3.81
RM2,8312,31.007,0.528,4,3.81
RM2,8313,31.011,0.529,4,3.82
RM2,8314,31.015,0.530,4,3.82
RM2,8315,31.019,0.530,4,3.83
RM2,8316,31.024,0.531,4,3.84
RM2,8317,31.028,0.532,4,3.84
RM2,8318,31.032,0.532,4,3.85
RM2,8319,31.037,0.533,4,3.85
RM2,8320,31.041,0.534,4,3.86
RM2,8321,31.045,0.534,4,3.86
RM2,8322,31.050,0.535,4,3.87
RM2,8323,31.054,0.536,4,3.87
RM2,8324,31.059,0.536,4,3.88
RM2,8325,31.063,0.537,4,3.88
RM2,8326,31.068,0.538,4,3.89
RM2,8327,31.072,0.539,4,3.89
RM2,8328,31.077,0.539,4,3.90
RM2,8329,31.081,0.540,4,3.90
RM2,8330,31.086,0.541,4,3.90
RM2,8331,31.091,0.541,4,3.91
RM2,8332,31.096,0.542,4,3.91
RM2,8333,31.100,0.543,4,3.91
RM2,8334,31.105,0.543,4,3.92
RM2,8335,31.110,0.544,4,3.92
RM2,8336,31.115,0.545,4,3.92
RM2,8337,31.119,0.545,4,3.93
RM2,8338,31.124,0.546,4,3.93
RM2,8339,31.129,0.547,4,3.93
RM2,8340,31.134,0.548,4,3.94
RM2,8341,31.139,0.548,4,3.94
RM2,8342,31.144,0.549,4,3.94
RM2,8343,31.149,0.550,4,3.95
RM2,8344,31.154,0.550,4,3.95
RM2,8345,31.159,0.551,4,3.95
RM2,8346,31.164,0.552,4,3.95
RM2,8347,31.170,0.553,4,3.96
RM2,8348,31.175,0.553,4,3.96
RM2,8349,31.180,0.554,4,3.96
RM2,8350,31.185,0.555,4,3.96
RM2,8351,31.190,0.555,4,3.97
RM2,8352,31.196,0.556,4,3.97
RM2,8353,31.201,0.557,4,3.97
RM2,8354,31.206,0.558,4,3.97
RM2,8355,31.212,0.558,4,3.97
RM2,8356,31.217,0.559,4,3.98
RM2,8357,31.223,0.560,4,3.98
RM2,8358,31.228,0.560,4,3.98
RM2,8359,31.234,0.561,4,3.98
RM2,8360,31.239,0.562,4,3.98
RM2,8361,31.245,0.563,4,3.99
RM2,8362,31.250,0.563,4,3.99
RM2,8363,31.256,0.564,4,3.99
RM2,8364,31.261,0.565,4,3.99
RM2,8365,31.267,0.565,4,3.99
RM2,8366,31.273,0.566,4,3.99
RM2,8367,31.279,0.567,4,3.99
RM2,8368,31.284,0.568,4,3.99
RM2,8369,31.290,0.568,4,3.99
RM2,8370,31.296,0.569,4,4.00
RM2,8371,31.302,0.570,4,4.00
RM2,8372,31.308,0.570,4,4.00
RM2,8373,31.314,0.571,4,4.00
RM2,8374,31.320,0.572,4,4.00
RM2,8375,31.326,0.573,4,4.00
RM2,8376,31.332,0.573,4,4.00
RM2,8377,31.338,0.574,4,4.00
RM2,8378,31.344,0.575,4,4.00
RM2,8379,31.350,0.576,4,4.00
RM2,8380,31.356,0.576,4,4.00
RM2,8381,31.362,0.577,4,4.00
RM2,8382,31.368,0.578,4,4.00
RM2,8383,31.375,0.578,4,4.00
RM2,8384,31.381,0.579,4,4.00
RM2,8385,31.387,0.580,4,4.00
RM2,8386,31.393,0.581,4,4.00
RM2,8387,31.400,0.581,4,4.00
RM2,8388,31.406,0.582,4,4.00
RM2,8389,31.413,0.583,4,4.00
RM2,8390,31.419,0.584,4,4.00
RM2,8391,31.426,0.584,4,4.00
RM2,8392,31.432,0.585,4,4.00
RM2,8393,31.439,0.586,4,4.00
RM2,8394,31.445,0.586,4,4.00
RM2,8395,31.452,0.587,4,4.00
RM2,8396,31.458,0.588,4,4.00
RM2,8397,31.465,0.589,4,4.00
RM2,8398,31.472,0.589,4,4.00
RM2,8399,31.479,0.590,4,4.00
RM2,8400,31.485,0.591,4,4.00
RM2,8401,31.492,0.592,4,4.00
RM2,8402,31.499,0.592,4,4.00
RM2,8403,31.506,0.593,4,4.00
RM2,8404,31.513,0.594,4,4.00
RM2,8405,31.520,0.594,4,4.00
RM2,8406,31.527,0.595,4,4.00
RM2,8407,31.534,0.596,4,4.00
RM2,8408,31.541,0.597,4,4.00
RM2,8409,31.548,0.597,4,4.00
RM2,8410,31.555,0.598,4,4.00
RM2,8411,31.562,0.599,4,4.00
RM2,8412,31.569,0.600,4,4.00
RM2,8413,31.576,0.600,4,4.00
RM2,8414,31.584,0.601,4,4.00
RM2,8415,31.591,0.602,4,4.00
RM2,8416,31.598,0.602,4,4.00
RM2,8417,31.606,0.603,4,4.00
RM2,8418,31.613,0.604,4,4.00
RM2,8419,31.620,0.605,4,4.00
RM2,8420,31.628,0.605,4,4.00
RM2,8421,31.635,0.606,4,4.00
RM2,8422,31.643,0.607,4,4.00
RM2,8423,31.650,0.607,4,4.00
RM2,8424,31.658,0.608,4,4.00
RM2,8425,31.665,0.609,4,4.00
RM2,8426,31.673,0.610,4,4.00
RM2,8427,31.681,0.610,4,4.00
RM2,8428,31.688,0.611,4,4.00
RM2,8429,31.696,0.612,4,4.00
RM2,8430,31.704,0.612,4,4.00
RM2,8431,31.712,0.613,4,4.00
RM2,8432,31.719,0.614,4,4.00
RM2,8433,31.727,0.615,4,4.00
RM2,8434,31.735,0.615,4,4.00
RM2,8435,31.743,0.616,4,4.00
RM2,8436,31.751,0.617,4,4.00
RM2,8437,31.759,0.617,4,4.00
RM2,8438,31.767,0.618,4,4.00
RM2,8439,31.775,0.619,4,4.00
RM2,8440,31.783,0.619,4,4.00
RM2,8441,31.791,0.620,4,4.00
RM2,8442,31.799,0.621,4,4.00
RM2,8443,31.807,0.622,4,4.00
RM2,8444,31.816,0.622,4,4.00
RM2,8445,31.824,0.623,4,4.00
RM2,8446,31.832,0.624,4,4.00
RM2,8447,31.840,0.624,4,4.00
RM2,8448,31.849,0.625,4,4.00
RM2,8449,31.857,0.626,4,4.00
RM2,8450,31.865,0.626,4,4.00
RM2,8451,31.874,0.627,4,4.00
RM2,8452,31.882,0.628,4,4.00
RM2,8453,31.891,0.629,4,4.00
RM2,8454,31.899,0.629,4,4.00
RM2,8455,31.908,0.630,4,4.00
RM2,8456,31.916,0.631,4,4.00
RM2,8457,31.925,0.631,4,4.00
RM2,8458,31.933,0.632,4,4.00
RM2,8459,31.942,0.633,4,4.00
RM2,8460,31.951,0.633,4,4.00
RM2,8461,31.959,0.634,4,4.00
RM2,8462,31.968,0.635,4,4.00
RM2,8463,31.977,0.635,4,4.00
RM2,8464,31.986,0.636,4,4.00
RM2,8465,31.994,0.637,4,4.00
RM2,8466,32.003,0.637,4,4.00
RM2,8467,32.012,0.638,4,4.00
RM2,8468,32.021,0.639,4,4.00
RM2,8469,32.030,0.639,4,4.00
RM2,8470,32.039,0.640,4,4.00
RM2,8471,32.048,0.641,4,4.00
RM2,8472,32.057,0.641,4,4.00
RM2,8473,32.066,0.642,4,4.00
RM2,8474,32.075,0.643,4,4.00
RM2,8475,32.084,0.643,4,4.00
RM2,8476,32.093,0.644,4,4.00
RM2,8477,32.102,0.645,4,4.00
RM2,8478,32.111,0.645,4,4.00
RM2,8479,32.120,0.646,4,4.00
RM2,8480,32.130,0.647,4,4.00
RM2,8481,32.139,0.647,4,4.00
RM2,8482,32.148,0.648,4,4.00
RM2,8483,32.157,0.648,4,4.00
RM2,8484,32.167,0.649,4,3.99
RM2,8485,32.176,0.650,4,3.99
RM2,8486,32.185,0.650,4,3.99
RM2,8487,32.195,0.651,4,3.99
RM2,8488,32.204,0.652,4,3.99
RM2,8489,32.214,0.652,4,3.99
RM2,8490,32.223,0.653,4,3.99
RM2,8491,32.233,0.653,4,3.99
RM2,8492,32.242,0.654,4,3.98
RM2,8493,32.252,0.655,4,3.98
RM2,8494,32.261,0.655,4,3.98
RM2,8495,32.271,0.656,4,3.98
RM2,8496,32.281,0.657,4,3.98
RM2,8497,32.290,0.657,4,3.98
RM2,8498,32.300,0.658,4,3.97
RM2,8499,32.310,0.658,4,3.97
RM2,8500,32.319,0.659,4,3.97
RM2,8501,32.329,0.660,4,3.97
RM2,8502,32.339,0.660,4,3.96
RM2,8503,32.349,0.661,4,3.96
RM2,8504,32.359,0.661,4,3.96
RM2,8505,32.368,0.662,4,3.96
RM2,8506,32.378,0.663,4,3.96
RM2,8507,32.388,0.663,4,3.95
RM2,8508,32.398,0.664,4,3.95
RM2,8509,32.408,0.664,4,3.95
RM2,8510,32.418,0.665,4,3.94
RM2,8511,32.428,0.666,4,3.94
RM2,8512,32.438,0.666,4,3.94
RM2,8513,32.448,0.667,4,3.94
RM2,8514,32.458,0.667,4,3.93
RM2,8515,32.468,0.668,4,3.93
RM2,8516,32.478,0.668,4,3.93
RM2,8517,32.489,0.669,4,3.92
RM2,8518,32.499,0.670,4,3.92
RM2,8519,32.509,0.670,4,3.92
RM2,8520,32.519,0.671,4,3.91
RM2,8521,32.529,0.671,4,3.91
RM2,8522,32.540,0.672,4,3.90
RM2,8523,32.550,0.672,4,3.90
RM2,8524,32.560,0.673,4,3.90
RM2,8525,32.571,0.673,4,3.89
RM2,8526,32.581,0.674,4,3.89
RM2,8527,32.591,0.674,4,3.89
RM2,8528,32.602,0.675,4,3.88
RM2,8529,32.612,0.676,4,3.88
RM2,8530,32.623,0.676,4,3.87
RM2,8531,32.633,0.677,4,3.87
RM2,8532,32.643,0.677,4,3.86
RM2,8533,32.654,0.678,4,3.86
RM2,8534,32.664,0.678,4,3.86
RM2,8535,32.675,0.679,4,3.85
RM2,8536,32.686,0.679,4,3.85
RM2,8537,32.696,0.680,4,3.84
RM2,8538,32.707,0.680,4,3.84
RM2,8539,32.717,0.681,4,3.83
RM2,8540,32.728,0.681,4,3.83
RM2,8541,32.739,0.682,4,3.82
RM2,8542,32.749,0.682,4,3.82
RM2,8543,32.760,0.683,4,3.81
RM2,8544,32.771,0.683,4,3.81
RM2,8545,32.782,0.684,4,3.80
RM2,8546,32.792,0.684,4,3.80
RM2,8547,32.803,0.685,4,3.79
RM2,8548,32.814,0.685,4,3.79
RM2,8549,32.825,0.686,4,3.78
RM2,8550,32.836,0.686,4,3.78
RM2,8551,32.847,0.687,4,3.77
RM2,8552,32.858,0.687,4,3.77
RM2,8553,32.868,0.687,4,3.76
RM2,8554,32.879,0.688,4,3.76
RM2,8555,32.890,0.688,4,3.75
RM2,8556,32.901,0.689,4,3.75
RM2,8557,32.912,0.689,4,3.74
RM2,8558,32.923,0.690,4,3.74
RM2,8559,32.934,0.690,4,3.73
RM2,8560,32.945,0.691,4,3.72
RM2,8561,32.957,0.691,4,3.72
RM2,8562,32.968,0.691,4,3.71
RM2,8563,32.979,0.692,4,3.71
RM2,8564,32.990,0.692,4,3.70
RM2,8565,33.001,0.693,4,3.70
RM2,8566,33.012,0.693,4,3.69
RM2,8567,33.023,0.694,4,3.68
RM2,8568,33.035,0.694,4,3.68
RM2,8569,33.046,0.694,4,3.67
RM2,8570,33.057,0.695,4,3.67
RM2,8571,33.068,0.695,4,3.66
RM2,8572,33.080,0.696,4,3.65
RM2,8573,33.091,0.696,4,3.65
RM2,8574,33.102,0.696,4,3.64
RM2,8575,33.114,0.697,4,3.64
RM2,8576,33.125,0.697,4,3.63
RM2,8577,33.136,0.697,4,3.62
RM2,8578,33.148,0.698,4,3.62
RM2,8579,33.159,0.698,4,3.61
RM2,8580,33.171,0.699,4,3.61
RM2,8581,33.182,0.699,4,3.60
RM2,8582,33.193,0.699,4,3.59
RM2,8583,33.205,0.700,4,3.59
RM2,8584,33.216,0.700,4,3.58
RM2,8585,33.228,0.700,4,3.58
RM2,8586,33.239,0.701,4,3.57
RM2,8587,33.251,0.701,4,3.56
RM2,8588,33.263,0.701,4,3.56
RM2,8589,33.274,0.702,4,3.55
RM2,8590,33.286,0.702,4,3.54
RM2,8591,33.297,0.702,4,3.54
RM2,8592,33.309,0.703,4,3.53
RM2,8593,33.321,0.703,4,3.53
RM2,8594,33.332,0.703,4,3.52
RM2,8595,33.344,0.704,4,3.51
RM2,8596,33.356,0.704,4,3.51
RM2,8597,33.367,0.704,4,3.50
RM2,8598,33.379,0.705,4,3.49
RM2,8599,33.391,0.705,4,3.49
RM2,8600,33.402,0.705,4,3.48
RM2,8601,33.414,0.705,4,3.47
RM2,8602,33.426,0.706,4,3.47
RM2,8603,33.438,0.706,4,3.46
RM2,8604,33.450,0.706,4,3.46
RM2,8605,33.461,0.706,4,3.45
RM2,8606,33.473,0.707,4,3.44
RM2,8607,33.485,0.707,4,3.44
RM2,8608,33.497,0.707,4,3.43
RM2,8609,33.509,0.708,4,3.42
RM2,8610,33.521,0.708,4,3.42
RM2,8611,33.533,0.708,4,3.41
RM2,8612,33.545,0.708,4,3.41
RM2,8613,33.557,0.708,4,3.40
RM2,8614,33.569,0.709,4,3.39
RM2,8615,33.581,0.709,4,3.39
RM2,8616,33.593,0.709,4,3.38
RM2,8617,33.605,0.709,4,3.38
RM2,8618,33.617,0.710,4,3.37
RM2,8619,33.629,0.710,4,3.36
RM2,8620,33.641,0.710,4,3.36
RM2,8621,33.653,0.710,4,3.35
RM2,8622,33.665,0.710,4,3.35
RM2,8623,33.677,0.711,4,3.34
RM2,8624,33.689,0.711,4,3.33
RM2,8625,33.701,0.711,4,3.33
RM2,8626,33.713,0.711,4,3.32
RM2,8627,33.725,0.711,4,3.32
RM2,8628,33.737,0.711,4,3.31
RM2,8629,33.750,0.712,4,3.30
RM2,8630,33.762,0.712,4,3.30
RM2,8631,33.774,0.712,4,3.29
RM2,8632,33.786,0.712,4,3.29
RM2,8633,33.798,0.712,4,3.28
RM2,8634,33.811,0.712,4,3.28
RM2,8635,33.823,0.712,4,3.27
RM2,8636,33.835,0.712,4,3.26
RM2,8637,33.847,0.713,4,3.26
RM2,8638,33.860,0.713,4,3.25
RM2,8639,33.872,0.713,4,3.25
RM2,8640,33.884,0.713,4,3.24
RM2,8641,33.896,0.713,4,3.24
RM2,8642,33.909,0.713,4,3.23
RM2,8643,33.921,0.713,4,3.23
RM2,8644,33.933,0.713,4,3.22
RM2,8645,33.946,0.713,4,3.22
RM2,8646,33.958,0.713,4,3.21
RM2,8647,33.971,0.714,4,3.21
RM2,8648,33.983,0.714,4,3.20
RM2,8649,33.995,0.714,4,3.20
RM2,8650,34.008,0.714,4,3.19
RM2,8651,34.020,0.714,4,3.19
RM2,8652,34.033,0.714,4,3.18
RM2,8653,34.045,0.714,4,3.18
RM2,8654,34.057,0.714,4,3.17
RM2,8655,34.070,0.714,4,3.17
RM2,8656,34.082,0.714,4,3.16
RM2,8657,34.095,0.714,4,3.16
RM2,8658,34.107,0.714,4,3.15
RM2,8659,34.120,0.714,4,3.15
RM2,8660,34.132,0.714,4,3.14
RM2,8661,34.145,0.714,4,3.14
RM2,8662,34.157,0.714,4,3.14
RM2,8663,34.170,0.714,4,3.13
RM2,8664,34.182,0.714,4,3.13
RM2,8665,34.195,0.714,4,3.12
RM2,8666,34.208,0.714,4,3.12
RM2,8667,34.220,0.714,4,3.11
RM2,8668,34.233,0.714,4,3.11
RM2,8669,34.245,0.714,4,3.11
RM2,8670,34.258,0.714,4,3.10
RM2,8671,34.271,0.714,4,3.10
RM2,8672,34.283,0.714,4,3.10
RM2,8673,34.296,0.714,4,3.09
RM2,8674,34.308,0.714,4,3.09
RM2,8675,34.321,0.714,4,3.08
RM2,8676,34.334,0.714,4,3.08
RM2,8677,34.346,0.714,4,3.08
RM2,8678,34.359,0.714,4,3.07
RM2,8679,34.372,0.713,4,3.07
RM2,8680,34.384,0.713,4,3.07
RM2,8681,34.397,0.713,4,3.06
RM2,8682,34.410,0.713,4,3.06
RM2,8683,34.422,0.713,4,3.06
RM2,8684,34.435,0.713,4,3.06
RM2,8685,34.448,0.713,4,3.05
RM2,8686,34.461,0.713,4,3.05
RM2,8687,34.473,0.713,4,3.05
RM2,8688,34.486,0.713,4,3.04
RM2,8689,34.499,0.713,4,3.04
RM2,8690,34.512,0.712,4,3.04
RM2,8691,34.524,0.712,4,3.04
RM2,8692,34.537,0.712,4,3.04
RM2,8693,34.550,0.712,4,3.03
RM2,8694,34.563,0.712,4,3.03
RM2,8695,34.576,0.712,4,3.03
RM2,8696,34.588,0.712,4,3.03
RM2,8697,34.601,0.712,4,3.02
RM2,8698,34.614,0.711,4,3.02
RM2,8699,34.627,0.711,4,3.02
RM2,8700,34.640,0.711,4,3.02
RM2,8701,34.652,0.711,4,3.02
RM2,8702,34.665,0.711,4,3.02
RM2,8703,34.678,0.711,4,3.01
RM2,8704,34.691,0.711,4,3.01
RM2,8705,34.704,0.710,4,3.01
RM2,8706,34.717,0.710,4,3.01
RM2,8707,34.729,0.710,4,3.01
RM2,8708,34.742,0.710,4,3.01
RM2,8709,34.755,0.710,4,3.01
RM2,8710,34.768,0.710,4,3.01
RM2,8711,34.781,0.709,4,3.00
RM2,8712,34.794,0.709,4,3.00
RM2,8713,34.807,0.709,4,3.00
RM2,8714,34.820,0.709,4,3.00
RM2,8715,34.833,0.709,4,3.00
RM2,8716,34.845,0.708,4,3.00
RM2,8717,34.858,0.708,4,3.00
RM2,8718,34.871,0.708,4,3.00
RM2,8719,34.884,0.708,4,3.00
RM2,8720,34.897,0.708,4,3.00
RM2,8721,34.910,0.707,4,3.00
RM2,8722,34.923,0.707,3,3.00
RM2,8723,34.936,0.707,3,3.00
RM2,8724,34.949,0.707,3,3.00
RM2,8725,34.962,0.706,3,3.00
RM2,8726,34.975,0.706,3,3.00
RM2,8727,34.988,0.706,3,3.00
RM2,8728,35.001,0.706,3,3.00
RM2,8729,35.014,0.706,3,3.00
RM2,8730,35.027,0.705,3,3.00
RM2,8731,35.039,0.705,3,3.00
RM2,8732,35.052,0.705,3,3.00
RM2,8733,35.065,0.705,3,3.00
RM2,8734,35.078,0.704,3,3.00
RM2,8735,35.091,0.704,3,3.00
RM2,8736,35.104,0.704,3,3.00
RM2,8737,35.117,0.704,3,3.00
RM2,8738,35.130,0.703,3,3.00
RM2,8739,35.143,0.703,3,3.00
RM2,8740,35.156,0.703,3,3.00
RM2,8741,35.169,0.702,3,3.00
RM2,8742,35.182,0.702,3,3.00
RM2,8743,35.195,0.702,3,3.00
RM2,8744,35.208,0.702,3,3.00
RM2,8745,35.221,0.701,3,3.00
RM2,8746,35.234,0.701,3,3.00
RM2,8747,35.247,0.701,3,3.00
RM2,8748,35.260,0.701,3,3.00
RM2,8749,35.273,0.700,3,3.00
RM2,8750,35.286,0.700,3,3.00
RM2,8751,35.299,0.700,3,3.00
RM2,8752,35.312,0.699,3,3.00
RM2,8753,35.325,0.699,3,3.00
RM2,8754,35.338,0.699,3,3.00
RM2,8755,35.351,0.698,3,3.00
RM2,8756,35.364,0.698,3,3.00
RM2,8757,35.377,0.698,3,3.00
RM2,8758,35.390,0.698,3,3.00
RM2,8759,35.403,0.697,3,3.00
RM2,8760,35.416,0.697,3,3.00
RM2,8761,35.429,0.697,3,3.00
RM2,8762,35.442,0.696,3,3.00
RM2,8763,35.455,0.696,3,3.00
RM2,8764,35.468,0.696,3,3.00
RM2,8765,35.481,0.695,3,3.00
RM2,8766,35.494,0.695,3,3.00
RM2,8767,35.507,0.695,3,3.00
RM2,8768,35.520,0.694,3,3.00
RM2,8769,35.533,0.694,3,3.00
RM2,8770,35.546,0.694,3,3.00
RM2,8771,35.559,0.693,3,3.00
RM2,8772,35.572,0.693,3,3.00
RM2,8773,35.585,0.693,3,3.00
RM2,8774,35.598,0.692,3,3.00
RM2,8775,35.611,0.692,3,3.00
RM2,8776,35.624,0.692,3,3.00
RM2,8777,35.637,0.691,3,3.00
RM2,8778,35.650,0.691,3,3.00
RM2,8779,35.663,0.691,3,3.00
RM2,8780,35.676,0.690,3,3.00
RM2,8781,35.689,0.690,3,3.00
RM2,8782,35.702,0.690,3,3.00
RM2,8783,35.715,0.689,3,3.00
RM2,8784,35.728,0.689,3,3.00
RM2,8785,35.741,0.689,3,3.00
RM2,8786,35.754,0.688,3,3.00
RM2,8787,35.767,0.688,3,3.00
RM2,8788,35.780,0.687,3,3.00
RM2,8789,35.793,0.687,3,3.00
RM2,8790,35.806,0.687,3,3.00
RM2,8791,35.819,0.686,3,3.00
RM2,8792,35.832,0.686,3,3.00
RM2,8793,35.845,0.686,3,3.00
RM2,8794,35.858,0.685,3,3.00
RM2,8795,35.871,0.685,3,3.00
RM2,8796,35.884,0.685,3,3.00
RM2,8797,35.897,0.684,3,3.00
RM2,8798,35.910,0.684,3,3.00
RM2,8799,35.923,0.683,3,3.00
RM2,8800,35.936,0.683,3,3.00
RM2,8801,35.949,0.683,3,3.00
RM2,8802,35.961,0.682,3,3.00
RM2,8803,35.974,0.682,3,3.00
RM2,8804,35.987,0.682,3,3.00
RM2,8805,36.000,0.681,3,3.00
RM2,8806,36.013,0.681,3,3.00
RM2,8807,36.026,0.680,3,3.00
RM2,8808,36.039,0.680,3,3.00
RM2,8809,36.052,0.680,3,3.00
RM2,8810,36.065,0.679,3,3.00
RM2,8811,36.078,0.679,3,3.00
RM2,8812,36.091,0.678,3,3.00
RM2,8813,36.103,0.678,3,3.00
RM2,8814,36.116,0.678,3,3.00
RM2,8815,36.129,0.677,3,3.00
RM2,8816,36.142,0.677,3,3.00
RM2,8817,36.155,0.677,3,3.00
RM2,8818,36.168,0.676,3,3.00
RM2,8819,36.181,0.676,3,3.00
RM2,8820,36.194,0.675,3,3.00
RM2,8821,36.206,0.675,3,3.00
RM2,8822,36.219,0.675,3,3.00
RM2,8823,36.232,0.674,3,3.00
RM2,8824,36.245,0.674,3,3.00
RM2,8825,36.258,0.673,3,3.00
RM2,8826,36.271,0.673,3,3.00
RM2,8827,36.283,0.673,3,3.00
RM2,8828,36.296,0.672,3,3.00
RM2,8829,36.309,0.672,3,3.00
RM2,8830,36.322,0.671,3,3.00
RM2,8831,36.334,0.671,3,3.00
RM2,8832,36.347,0.671,3,3.00
RM2,8833,36.360,0.670,3,3.00
RM2,8834,36.373,0.670,3,3.00
RM2,8835,36.386,0.669,3,3.00
RM2,8836,36.398,0.669,3,3.00
RM2,8837,36.411,0.669,3,3.00
RM2,8838,36.424,0.668,3,3.00
RM2,8839,36.437,0.668,3,3.00
RM2,8840,36.449,0.667,3,3.00
RM2,8841,36.462,0.667,3,3.00
RM2,8842,36.475,0.667,3,3.00
RM2,8843,36.487,0.666,3,3.00
RM2,8844,36.500,0.666,3,3.00
RM2,8845,36.513,0.665,3,3.00
RM2,8846,36.525,0.665,3,3.00
RM2,8847,36.538,0.665,3,3.00
RM2,8848,36.551,0.664,3,3.00
RM2,8849,36.563,0.664,3,3.00
RM2,8850,36.576,0.663,3,3.00
RM2,8851,36.589,0.663,3,3.00
RM2,8852,36.601,0.663,3,3.00
RM2,8853,36.614,0.662,3,3.00
RM2,8854,36.627,0.662,3,3.00
RM2,8855,36.639,0.661,3,3.00
RM2,8856,36.652,0.661,3,3.00
RM2,8857,36.664,0.661,3,3.00
RM2,8858,36.677,0.660,3,3.00
RM2,8859,36.689,0.660,3,3.00
RM2,8860,36.702,0.659,3,3.00
RM2,8861,36.715,0.659,3,3.00
RM2,8862,36.727,0.658,3,3.00
RM2,8863,36.740,0.658,3,3.00
RM2,8864,36.752,0.658,3,3.00
RM2,8865,36.765,0.657,3,3.00
RM2,8866,36.777,0.657,3,3.00
RM2,8867,36.790,0.656,3,3.00
RM2,8868,36.802,0.656,3,3.00
RM2,8869,36.815,0.656,3,3.00
RM2,8870,36.827,0.655,3,3.00
RM2,8871,36.839,0.655,3,3.00
RM2,8872,36.852,0.654,3,3.00
RM2,8873,36.864,0.654,3,3.00
RM2,8874,36.877,0.654,3,3.00
RM2,8875,36.889,0.653,3,3.00
RM2,8876,36.902,0.653,3,3.00
RM2,8877,36.914,0.653,3,3.00
RM2,8878,36.926,0.652,3,3.00
RM2,8879,36.939,0.652,3,3.00
RM2,8880,36.951,0.651,3,3.00
RM2,8881,36.963,0.651,3,3.00
RM2,8882,36.976,0.651,3,3.00
RM2,8883,36.988,0.650,3,3.00
RM2,8884,37.000,0.650,3,3.00
RM2,8885,37.013,0.649,3,3.00
RM2,8886,37.025,0.649,3,3.00
RM2,8887,37.037,0.649,3,3.00
RM2,8888,37.049,0.648,3,3.00
RM2,8889,37.062,0.648,3,3.00
RM2,8890,37.074,0.647,3,3.00
RM2,8891,37.086,0.647,3,3.00
RM2,8892,37.098,0.647,3,3.00
RM2,8893,37.111,0.646,3,3.00
RM2,8894,37.123,0.646,3,3.00
RM2,8895,37.135,0.646,3,3.00
RM2,8896,37.147,0.645,3,3.00
RM2,8897,37.159,0.645,3,3.00
RM2,8898,37.171,0.644,3,3.00
RM2,8899,37.183,0.644,3,3.00
RM2,8900,37.196,0.644,3,3.00
RM2,8901,37.208,0.643,3,3.00
RM2,8902,37.220,0.643,3,3.00
RM2,8903,37.232,0.643,3,3.00
RM2,8904,37.244,0.642,3,3.00
RM2,8905,37.256,0.642,3,3.00
RM2,8906,37.268,0.641,3,3.00
RM2,8907,37.280,0.641,3,3.00
RM2,8908,37.292,0.641,3,3.00
RM2,8909,37.304,0.640,3,3.00
RM2,8910,37.316,0.640,3,3.00
RM2,8911,37.328,0.640,3,3.00
RM2,8912,37.340,0.639,3,3.00
RM2,8913,37.352,0.639,3,3.00
RM2,8914,37.364,0.639,3,3.00
RM2,8915,37.376,0.638,3,3.00
RM2,8916,37.387,0.638,3,3.00
RM2,8917,37.399,0.638,3,3.00
RM2,8918,37.411,0.637,3,3.00
RM2,8919,37.423,0.637,3,3.00
RM2,8920,37.435,0.636,3,3.00
RM2,8921,37.447,0.636,3,3.00
RM2,8922,37.458,0.636,3,3.00
RM2,8923,37.470,0.635,3,3.00
RM2,8924,37.482,0.635,3,3.00
RM2,8925,37.494,0.635,3,3.00
RM2,8926,37.506,0.634,3,3.00
RM2,8927,37.517,0.634,3,3.00
RM2,8928,37.529,0.634,3,3.00
RM2,8929,37.541,0.633,3,3.00
RM2,8930,37.552,0.633,3,3.00
RM2,8931,37.564,0.633,3,3.00
RM2,8932,37.576,0.632,3,3.00
RM2,8933,37.587,0.632,3,3.00
RM2,8934,37.599,0.632,3,3.00
RM2,8935,37.610,0.631,3,3.00
RM2,8936,37.622,0.631,3,3.00
RM2,8937,37.634,0.631,3,3.00
RM2,8938,37.645,0.631,3,3.00
RM2,8939,37.657,0.630,3,3.00
RM2,8940,37.668,0.630,3,3.00
RM2,8941,37.680,0.630,3,3.00
RM2,8942,37.691,0.629,3,3.00
RM2,8943,37.703,0.629,3,3.00
RM2,8944,37.714,0.629,3,3.00
RM2,8945,37.725,0.628,3,3.00
RM2,8946,37.737,0.628,3,3.00
RM2,8947,37.748,0.628,3,3.00
RM2,8948,37.760,0.628,3,3.00
RM2,8949,37.771,0.627,3,3.00
RM2,8950,37.782,0.627,3,3.00
RM2,8951,37.794,0.627,3,3.00
RM2,8952,37.805,0.626,3,3.00
RM2,8953,37.816,0.626,3,3.00
RM2,8954,37.827,0.626,3,3.00
RM2,8955,37.839,0.626,3,3.00
RM2,8956,37.850,0.625,3,3.00
RM2,8957,37.861,0.625,3,3.00
RM2,8958,37.872,0.625,3,3.00
RM2,8959,37.884,0.624,3,3.00
RM2,8960,37.895,0.624,3,3.00
RM2,8961,37.906,0.624,3,3.00
RM2,8962,37.917,0.624,3,3.00
RM2,8963,37.928,0.623,3,3.00
RM2,8964,37.939,0.623,3,3.00
RM2,8965,37.950,0.623,3,3.00
RM2,8966,37.961,0.623,3,3.00
RM2,8967,37.972,0.622,3,3.00
RM2,8968,37.983,0.622,3,3.00
RM2,8969,37.994,0.622,3,3.00
RM2,8970,38.005,0.622,3,3.00
RM2,8971,38.016,0.622,3,3.00
RM2,8972,38.027,0.621,3,3.00
RM2,8973,38.038,0.621,3,3.00
RM2,8974,38.049,0.621,3,3.00
RM2,8975,38.060,0.621,3,3.00
RM2,8976,38.071,0.620,3,3.00
RM2,8977,38.081,0.620,3,3.00
RM2,8978,38.092,0.620,3,3.00
RM2,8979,38.103,0.620,3,3.00
RM2,8980,38.114,0.620,3,3.00
RM2,8981,38.124,0.619,3,3.00
RM2,8982,38.135,0.619,3,3.00
RM2,8983,38.146,0.619,3,3.00
RM2,8984,38.156,0.619,3,3.00
RM2,8985,38.167,0.619,3,3.00
RM2,8986,38.178,0.618,3,3.00
RM2,8987,38.188,0.618,3,3.00
RM2,8988,38.199,0.618,3,3.00
RM2,8989,38.210,0.618,3,3.00
RM2,8990,38.220,0.618,3,3.00
RM2,8991,38.231,0.618,3,3.00
RM2,8992,38.241,0.617,3,3.00
RM2,8993,38.252,0.617,3,3.00
RM2,8994,38.262,0.617,3,3.00
RM2,8995,38.273,0.617,3,3.00
RM2,8996,38.283,0.617,3,3.00
RM2,8997,38.293,0.617,3,3.00
RM2,8998,38.304,0.616,3,3.00
RM2,8999,38.314,0.616,3,3.00
RM2,9000,38.324,0.616,3,3.00
RM2,9001,38.335,0.616,3,3.00
RM2,9002,38.345,0.616,3,3.00
RM2,9003,38.355,0.616,3,3.00
RM2,9004,38.365,0.616,3,3.00
RM2,9005,38.376,0.615,3,3.00
RM2,9006,38.386,0.615,3,3.00
RM2,9007,38.396,0.615,3,3.00
RM2,9008,38.406,0.615,3,3.00
RM2,9009,38.416,0.615,3,3.00
RM2,9010,38.426,0.615,3,3.00
RM2,9011,38.436,0.615,3,3.00
RM2,9012,38.447,0.615,3,3.00
RM2,9013,38.457,0.615,3,3.00
RM2,9014,38.467,0.615,3,3.00
RM2,9015,38.477,0.614,3,3.00
RM2,9016,38.486,0.614,3,3.00
RM2,9017,38.496,0.614,3,3.00
RM2,9018,38.506,0.614,3,3.00
RM2,9019,38.516,0.614,3,3.00
RM2,9020,38.526,0.614,3,3.00
RM2,9021,38.536,0.614,3,3.00
RM2,9022,38.546,0.614,3,3.00
RM2,9023,38.555,0.614,3,3.00
RM2,9024,38.565,0.614,3,3.00
RM2,9025,38.575,0.614,3,3.00
RM2,9026,38.585,0.614,3,3.00
RM2,9027,38.594,0.614,3,3.00
RM2,9028,38.604,0.614,3,3.00
RM2,9029,38.614,0.614,3,3.00
RM2,9030,38.623,0.614,3,3.00
RM2,9031,38.633,0.614,3,3.00
RM2,9032,38.642,0.614,3,3.00
RM2,9033,38.652,0.614,3,3.00
RM2,9034,38.661,0.614,3,3.00
RM2,9035,38.671,0.614,3,3.00
RM2,9036,38.680,0.614,3,3.00
RM2,9037,38.690,0.614,3,3.00
RM2,9038,38.699,0.614,3,3.00
RM2,9039,38.709,0.614,3,3.00
RM2,9040,38.718,0.614,3,3.00
RM2,9041,38.727,0.614,3,3.00
RM2,9042,38.736,0.614,3,3.00
RM2,9043,38.746,0.614,3,3.00
RM2,9044,38.755,0.614,3,3.00
RM2,9045,38.764,0.614,3,3.00
RM2,9046,38.773,0.614,3,3.00
RM2,9047,38.783,0.614,3,3.00
RM2,9048,38.792,0.614,3,3.00
RM2,9049,38.801,0.614,3,3.00
RM2,9050,38.810,0.614,3,3.00
RM2,9051,38.819,0.614,3,3.00
RM2,9052,38.828,0.614,3,3.00
RM2,9053,38.837,0.614,3,3.00
RM2,9054,38.846,0.614,3,3.00
RM2,9055,38.855,0.614,3,3.00
RM2,9056,38.864,0.615,3,3.00
RM2,9057,38.873,0.615,3,3.00
RM2,9058,38.882,0.615,3,3.00
RM2,9059,38.890,0.615,3,3.00
RM2,9060,38.899,0.615,3,3.00
RM2,9061,38.908,0.615,3,3.00
RM2,9062,38.917,0.615,3,3.00
RM2,9063,38.925,0.615,3,3.00
RM2,9064,38.934,0.615,3,3.00
RM2,9065,38.943,0.616,3,3.00
RM2,9066,38.951,0.616,3,3.00
RM2,9067,38.960,0.616,3,3.00
RM2,9068,38.969,0.616,3,3.00
RM2,9069,38.977,0.616,3,3.00
RM2,9070,38.986,0.616,3,3.00
RM2,9071,38.994,0.616,3,3.00
RM2,9072,39.003,0.617,3,3.00
RM2,9073,39.011,0.617,3,3.00
RM2,9074,39.019,0.617,3,3.00
RM2,9075,39.028,0.617,3,3.00
RM2,9076,39.036,0.617,3,3.00
RM2,9077,39.044,0.618,3,3.00
RM2,9078,39.053,0.618,3,3.00
RM2,9079,39.061,0.618,3,3.00
RM2,9080,39.069,0.618,3,3.00
RM2,9081,39.077,0.618,3,3.00
RM2,9082,39.085,0.619,3,3.00
RM2,9083,39.094,0.619,3,3.00
RM2,9084,39.102,0.619,3,3.00
RM2,9085,39.110,0.619,3,3.00
RM2,9086,39.118,0.620,3,3.00
RM2,9087,39.126,0.620,3,3.00
RM2,9088,39.134,0.620,3,3.00
RM2,9089,39.142,0.620,3,3.00
RM2,9090,39.150,0.621,3,3.00
RM2,9091,39.157,0.621,3,3.00
RM2,9092,39.165,0.621,3,3.00
RM2,9093,39.173,0.621,3,3.00
RM2,9094,39.181,0.622,3,3.00
RM2,9095,39.189,0.622,3,3.00
RM2,9096,39.196,0.622,3,3.00
RM2,9097,39.204,0.623,3,3.00
RM2,9098,39.212,0.623,3,3.00
RM2,9099,39.219,0.623,3,3.00
RM2,9100,39.227,0.624,3,3.00
RM2,9101,39.235,0.624,3,3.00
RM2,9102,39.242,0.624,3,3.00
RM2,9103,39.250,0.625,3,3.00
RM2,9104,39.257,0.625,3,3.00
RM2,9105,39.264,0.625,3,3.00
RM2,9106,39.272,0.626,3,3.00
RM2,9107,39.279,0.626,3,3.00
RM2,9108,39.287,0.626,3,3.00
RM2,9109,39.294,0.627,3,3.00
RM2,9110,39.301,0.627,3,3.00
RM2,9111,39.308,0.628,3,3.00
RM2,9112,39.316,0.628,3,3.00
RM2,9113,39.323,0.628,3,3.00
RM2,9114,39.330,0.629,3,3.00
RM2,9115,39.337,0.629,3,3.00
RM2,9116,39.344,0.630,3,3.00
RM2,9117,39.351,0.630,3,3.00
RM2,9118,39.358,0.630,3,3.00
RM2,9119,39.365,0.631,3,3.00
RM2,9120,39.372,0.631,3,3.00
RM2,9121,39.379,0.632,3,3.00
RM2,9122,39.386,0.632,3,3.00
RM2,9123,39.393,0.633,3,3.00
RM2,9124,39.399,0.633,3,3.00
RM2,9125,39.406,0.634,3,3.00
RM2,9126,39.413,0.634,3,3.00
RM2,9127,39.420,0.635,3,3.00
RM2,9128,39.426,0.635,3,3.00
RM2,9129,39.433,0.636,3,3.00
RM2,9130,39.439,0.636,3,3.00
RM2,9131,39.446,0.637,3,3.00
RM2,9132,39.453,0.637,3,3.00
RM2,9133,39.459,0.638,3,3.00
RM2,9134,39.465,0.638,3,3.00
RM2,9135,39.472,0.639,3,3.00
RM2,9136,39.478,0.639,3,3.00
RM2,9137,39.485,0.640,3,3.00
RM2,9138,39.491,0.640,3,3.00
RM2,9139,39.497,0.641,3,3.00
RM2,9140,39.503,0.642,3,3.00
RM2,9141,39.510,0.642,3,3.00
RM2,9142,39.516,0.643,3,3.00
RM2,9143,39.522,0.643,3,3.00
RM2,9144,39.528,0.644,3,3.00
RM2,9145,39.534,0.645,3,3.00
RM2,9146,39.540,0.645,3,3.00
RM2,9147,39.546,0.646,3,3.00
RM2,9148,39.552,0.646,3,3.00
RM2,9149,39.558,0.647,3,3.00
RM2,9150,39.564,0.648,3,3.00
RM2,9151,39.570,0.648,3,3.00
RM2,9152,39.575,0.649,3,3.00
RM2,9153,39.581,0.650,3,3.00
RM2,9154,39.587,0.650,3,3.00
RM2,9155,39.593,0.651,3,3.00
RM2,9156,39.598,0.652,3,3.00
RM2,9157,39.604,0.652,3,3.00
RM2,9158,39.609,0.653,3,3.00
RM2,9159,39.615,0.654,3,3.00
RM2,9160,39.620,0.655,3,3.00
RM2,9161,39.626,0.655,3,3.00
RM2,9162,39.631,0.656,3,3.00
RM2,9163,39.637,0.657,3,3.00
RM2,9164,39.642,0.658,3,3.00
RM2,9165,39.647,0.658,3,3.00
RM2,9166,39.653,0.659,3,3.00
RM2,9167,39.658,0.660,3,3.00
RM2,9168,39.663,0.661,3,3.00
RM2,9169,39.668,0.661,3,3.00
RM2,9170,39.673,0.662,3,3.00
RM2,9171,39.678,0.663,3,3.00
RM2,9172,39.684,0.664,3,3.00
RM2,9173,39.689,0.665,3,3.00
RM2,9174,39.693,0.665,3,3.00
RM2,9175,39.698,0.666,3,3.00
RM2,9176,39.703,0.667,3,3.00
RM2,9177,39.708,0.668,3,3.00
RM2,9178,39.713,0.669,3,3.00
RM2,9179,39.718,0.670,3,3.00
RM2,9180,39.723,0.670,3,3.00
RM2,9181,39.727,0.671,3,3.00
RM2,9182,39.732,0.672,3,3.00
RM2,9183,39.737,0.673,3,3.00
RM2,9184,39.741,0.674,3,3.00
RM2,9185,39.746,0.675,3,3.00
RM2,9186,39.750,0.676,3,3.00
RM2,9187,39.755,0.677,3,3.00
RM2,9188,39.759,0.678,3,3.00
RM2,9189,39.764,0.679,3,3.00
RM2,9190,39.768,0.679,3,3.00
RM2,9191,39.772,0.680,3,3.00
RM2,9192,39.777,0.681,3,3.00
RM2,9193,39.781,0.682,3,3.00
RM2,9194,39.785,0.683,3,3.00
RM2,9195,39.789,0.684,3,3.00
RM2,9196,39.793,0.685,3,3.00
RM2,9197,39.797,0.686,3,3.00
RM2,9198,39.801,0.687,3,3.00
RM2,9199,39.805,0.688,3,3.00
RM2,9200,39.809,0.689,3,3.00
RM2,9201,39.813,0.690,3,3.00
RM2,9202,39.817,0.691,3,3.00
RM2,9203,39.821,0.692,3,3.00
RM2,9204,39.825,0.694,3,3.00
RM2,9205,39.829,0.695,3,3.00
RM2,9206,39.833,0.696,3,3.00
RM2,9207,39.836,0.697,3,3.00
RM2,9208,39.840,0.698,3,3.00
RM2,9209,39.844,0.699,3,3.00
RM2,9210,39.847,0.700,3,3.00
RM2,9211,39.851,0.701,3,3.00
RM2,9212,39.854,0.702,3,3.00
RM2,9213,39.858,0.703,3,3.00
RM2,9214,39.861,0.705,3,3.00
RM2,9215,39.865,0.706,3,3.00
RM2,9216,39.868,0.707,3,3.00
RM2,9217,39.871,0.708,3,3.00
RM2,9218,39.875,0.709,3,3.00
RM2,9219,39.878,0.710,3,3.00
RM2,9220,39.881,0.712,3,3.00
RM2,9221,39.884,0.713,3,3.00
RM2,9222,39.887,0.714,3,3.00
RM2,9223,39.890,0.715,3,3.00
RM2,9224,39.893,0.716,3,3.00
RM2,9225,39.896,0.718,3,3.00
RM2,9226,39.899,0.719,3,3.00
RM2,9227,39.902,0.720,3,3.00
RM2,9228,39.905,0.721,3,3.00
RM2,9229,39.908,0.723,3,3.00
RM2,9230,39.911,0.724,3,3.00
RM2,9231,39.914,0.725,3,3.00
RM2,9232,39.916,0.726,3,3.00
RM2,9233,39.919,0.728,3,3.00
RM2,9234,39.922,0.729,3,3.00
RM2,9235,39.924,0.730,3,3.00
RM2,9236,39.927,0.732,3,3.00
RM2,9237,39.930,0.733,3,3.00
RM2,9238,39.932,0.734,3,3.00
RM2,9239,39.935,0.736,3,3.00
RM2,9240,39.937,0.737,3,3.00
RM2,9241,39.939,0.738,3,3.00
RM2,9242,39.942,0.740,3,3.00
RM2,9243,39.944,0.741,3,3.00
RM2,9244,39.946,0.743,3,3.00
RM2,9245,39.949,0.744,3,3.00
RM2,9246,39.951,0.745,3,3.00
RM2,9247,39.953,0.747,3,3.00
RM2,9248,39.955,0.748,3,3.00
RM2,9249,39.957,0.750,3,3.00
RM2,9250,39.959,0.751,3,3.00
RM2,9251,39.961,0.753,3,3.00
RM2,9252,39.963,0.754,3,3.00
RM2,9253,39.965,0.756,3,3.00
RM2,9254,39.967,0.757,3,3.00
RM2,9255,39.969,0.759,3,3.00
RM2,9256,39.970,0.760,3,3.00
RM2,9257,39.972,0.762,3,3.00
RM2,9258,39.974,0.763,3,3.00
RM2,9259,39.976,0.765,3,3.00
RM2,9260,39.977,0.766,3,3.00
RM2,9261,39.979,0.768,3,3.00
RM2,9262,39.980,0.769,3,3.00
RM2,9263,39.982,0.771,3,3.00
RM2,9264,39.983,0.772,3,3.00
RM2,9265,39.985,0.774,3,3.00
RM2,9266,39.986,0.776,3,3.00
RM2,9267,39.988,0.777,3,3.00
RM2,9268,39.989,0.779,3,3.00
RM2,9269,39.990,0.780,3,3.00
RM2,9270,39.991,0.782,3,3.00
RM2,9271,39.993,0.784,3,3.00
RM2,9272,39.994,0.785,3,3.00
RM2,9273,39.995,0.787,3,3.00
RM2,9274,39.996,0.789,3,3.00
RM2,9275,39.997,0.790,3,3.00
RM2,9276,39.998,0.792,3,3.00
RM2,9277,39.999,0.793,3,3.00
RM2,9278,40.000,0.795,3,3.00
RM2,9279,40.001,0.797,3,3.00
RM2,9280,40.002,0.798,3,3.00
RM2,9281,40.002,0.800,3,3.00
RM2,9282,40.003,0.802,3,3.00
RM2,9283,40.004,0.804,3,3.00
RM2,9284,40.005,0.805,3,3.00
RM2,9285,40.005,0.807,3,3.00
RM2,9286,40.006,0.809,3,3.00
RM2,9287,40.006,0.810,3,3.00
RM2,9288,40.007,0.812,3,3.00
RM2,9289,40.007,0.814,3,3.00
RM2,9290,40.008,0.815,3,3.00
RM2,9291,40.008,0.817,3,3.00
RM2,9292,40.008,0.819,3,3.00
RM2,9293,40.009,0.821,3,3.00
RM2,9294,40.009,0.822,3,3.00
RM2,9295,40.009,0.824,3,3.00
RM2,9296,40.009,0.826,3,3.00
RM2,9297,40.010,0.828,3,3.00
RM2,9298,40.010,0.829,3,3.00
RM2,9299,40.010,0.831,3,3.00
RM2,9300,40.010,0.833,3,3.00
RM2,9301,40.010,0.835,3,3.00
RM2,9302,40.010,0.837,3,3.00
RM2,9303,40.010,0.838,3,3.00
RM2,9304,40.010,0.840,3,3.00
RM2,9305,40.009,0.842,3,3.00
RM2,9306,40.009,0.844,3,3.00
RM2,9307,40.009,0.845,3,3.00
RM2,9308,40.009,0.847,3,3.00
RM2,9309,40.008,0.849,3,3.00
RM2,9310,40.008,0.851,3,3.00
RM2,9311,40.007,0.853,3,3.00
RM2,9312,40.007,0.854,3,3.00
RM2,9313,40.006,0.856,3,3.00
RM2,9314,40.006,0.858,3,3.00
RM2,9315,40.005,0.860,3,3.00
RM2,9316,40.005,0.862,3,3.00
RM2,9317,40.004,0.864,3,3.00
RM2,9318,40.003,0.865,3,3.00
RM2,9319,40.003,0.867,3,3.00
RM2,9320,40.002,0.869,3,3.00
RM2,9321,40.001,0.871,3,3.00
RM2,9322,40.000,0.873,3,3.00
RM2,9323,39.999,0.875,3,3.00
RM2,9324,39.998,0.876,3,3.00
RM2,9325,39.997,0.878,3,3.00
RM2,9326,39.996,0.880,3,3.00
RM2,9327,39.995,0.882,3,3.00
RM2,9328,39.994,0.884,3,3.00
RM2,9329,39.993,0.886,3,3.00
RM2,9330,39.991,0.887,3,3.00
RM2,9331,39.990,0.889,3,3.00
RM2,9332,39.989,0.891,3,3.00
RM2,9333,39.988,0.893,3,3.00
RM2,9334,39.986,0.895,3,3.00
RM2,9335,39.985,0.897,3,3.00
RM2,9336,39.983,0.899,3,3.00
RM2,9337,39.982,0.900,3,3.00
RM2,9338,39.980,0.902,3,3.00
RM2,9339,39.979,0.904,3,3.00
RM2,9340,39.977,0.906,3,3.00
RM2,9341,39.975,0.908,3,3.00
RM2,9342,39.974,0.910,3,3.00
RM2,9343,39.972,0.912,3,3.00
RM2,9344,39.970,0.913,3,3.00
RM2,9345,39.968,0.915,3,3.00
RM2,9346,39.966,0.917,3,3.00
RM2,9347,39.965,0.919,3,3.00
RM2,9348,39.963,0.921,3,3.00
RM2,9349,39.961,0.923,3,3.00
RM2,9350,39.959,0.925,3,3.00
RM2,9351,39.956,0.926,3,3.00
RM2,9352,39.954,0.928,3,3.00
RM2,9353,39.952,0.930,3,3.00
RM2,9354,39.950,0.932,3,3.00
RM2,9355,39.948,0.934,3,3.00
RM2,9356,39.945,0.936,3,3.00
RM2,9357,39.943,0.937,3,3.00
RM2,9358,39.941,0.939,3,3.00
RM2,9359,39.938,0.941,3,3.00
RM2,9360,39.936,0.943,3,3.00
RM2,9361,39.933,0.945,3,3.00
RM2,9362,39.931,0.947,3,3.00
RM2,9363,39.928,0.949,3,3.00
RM2,9364,39.926,0.950,3,3.00
RM2,9365,39.923,0.952,3,3.00
RM2,9366,39.920,0.954,3,3.00
RM2,9367,39.917,0.956,3,3.00
RM2,9368,39.915,0.958,3,3.00
RM2,9369,39.912,0.960,3,3.00
RM2,9370,39.909,0.961,3,3.00
RM2,9371,39.906,0.963,3,3.00
RM2,9372,39.903,0.965,3,3.00
RM2,9373,39.900,0.967,3,3.00
RM2,9374,39.897,0.969,3,3.00
RM2,9375,39.894,0.970,3,3.00
RM2,9376,39.891,0.972,3,3.00
RM2,9377,39.887,0.974,3,3.00
RM2,9378,39.884,0.976,3,3.00
RM2,9379,39.881,0.978,3,3.00
RM2,9380,39.878,0.979,3,3.00
RM2,9381,39.874,0.981,3,3.00
RM2,9382,39.871,0.983,3,3.00
RM2,9383,39.867,0.985,3,3.00
RM2,9384,39.864,0.987,3,3.00
RM2,9385,39.860,0.988,3,3.00
RM2,9386,39.857,0.990,3,3.00
RM2,9387,39.853,0.992,3,3.00
RM2,9388,39.850,0.994,3,3.00
RM2,9389,39.846,0.995,3,3.00
RM2,9390,39.842,0.997,3,3.00
RM2,9391,39.838,0.999,3,3.00
RM2,9392,39.835,1.001,3,3.00
RM2,9393,39.831,1.002,3,3.00
RM2,9394,39.827,1.004,3,3.00
RM2,9395,39.823,1.006,3,3.00
RM2,9396,39.819,1.008,3,3.00
RM2,9397,39.815,1.009,3,3.00
RM2,9398,39.811,1.011,3,3.00
RM2,9399,39.807,1.013,3,3.00
RM2,9400,39.802,1.015,3,3.00
RM2,9401,39.798,1.016,3,3.00
RM2,9402,39.794,1.018,3,3.00
RM2,9403,39.790,1.020,3,3.00
RM2,9404,39.785,1.021,3,3.00
RM2,9405,39.781,1.023,3,3.00
RM2,9406,39.776,1.025,3,3.00
RM2,9407,39.772,1.026,3,3.00
RM2,9408,39.767,1.028,3,3.00
RM2,9409,39.763,1.030,3,3.00
RM2,9410,39.758,1.031,3,3.00
RM2,9411,39.754,1.033,3,3.00
RM2,9412,39.749,1.035,3,3.00
RM2,9413,39.744,1.036,3,3.00
RM2,9414,39.739,1.038,3,3.00
RM2,9415,39.735,1.039,3,3.00
RM2,9416,39.730,1.041,3,3.00
RM2,9417,39.725,1.043,3,3.00
RM2,9418,39.720,1.044,3,3.00
RM2,9419,39.715,1.046,3,3.00
RM2,9420,39.710,1.048,3,3.00
RM2,9421,39.705,1.049,3,3.00
RM2,9422,39.700,1.051,3,3.00
RM2,9423,39.694,1.052,3,3.00
RM2,9424,39.689,1.054,3,3.00
RM2,9425,39.684,1.055,3,3.00
RM2,9426,39.679,1.057,3,3.00
RM2,9427,39.673,1.058,3,3.00
RM2,9428,39.668,1.060,3,3.00
RM2,9429,39.663,1.061,3,3.00
RM2,9430,39.657,1.063,3,3.00
RM2,9431,39.652,1.064,3,3.00
RM2,9432,39.646,1.066,3,3.00
RM2,9433,39.640,1.067,3,3.00
RM2,9434,39.635,1.069,3,3.00
RM2,9435,39.629,1.070,3,3.00
RM2,9436,39.623,1.072,3,3.00
RM2,9437,39.618,1.073,3,3.00
RM2,9438,39.612,1.075,3,3.00
RM2,9439,39.606,1.076,3,3.00
RM2,9440,39.600,1.078,3,3.00
RM2,9441,39.594,1.079,3,3.00
RM2,9442,39.588,1.081,3,3.00
RM2,9443,39.582,1.082,3,3.00
RM2,9444,39.576,1.083,3,3.00
RM2,9445,39.570,1.085,3,3.00
RM2,9446,39.563,1.086,3,3.00
RM2,9447,39.557,1.087,3,3.00
RM2,9448,39.551,1.089,3,3.00
RM2,9449,39.545,1.090,3,3.00
RM2,9450,39.538,1.091,3,3.00
RM2,9451,39.532,1.093,3,3.00
RM2,9452,39.525,1.094,3,3.00
RM2,9453,39.519,1.095,3,3.00
RM2,9454,39.512,1.097,3,3.00
RM2,9455,39.506,1.098,3,3.00
RM2,9456,39.499,1.099,3,3.00
RM2,9457,39.493,1.101,3,3.00
RM2,9458,39.486,1.102,3,3.00
RM2,9459,39.479,1.103,3,3.00
RM2,9460,39.472,1.104,3,3.00
RM2,9461,39.465,1.106,3,3.00
RM2,9462,39.459,1.107,3,3.00
RM2,9463,39.452,1.108,3,3.00
RM2,9464,39.445,1.109,3,3.00
RM2,9465,39.438,1.110,3,3.00
RM2,9466,39.431,1.111,3,3.00
RM2,9467,39.423,1.113,3,3.00
RM2,9468,39.416,1.114,3,3.00
RM2,9469,39.409,1.115,3,3.00
RM2,9470,39.402,1.116,3,3.00
RM2,9471,39.395,1.117,3,3.00
RM2,9472,39.387,1.118,3,3.00
RM2,9473,39.380,1.119,3,3.00
RM2,9474,39.372,1.120,3,3.00
RM2,9475,39.365,1.121,3,3.00
RM2,9476,39.357,1.123,3,3.00
RM2,9477,39.350,1.124,3,3.00
RM2,9478,39.342,1.125,3,3.00
RM2,9479,39.335,1.126,3,3.00
RM2,9480,39.327,1.127,3,3.00
RM2,9481,39.319,1.128,3,3.00
RM2,9482,39.311,1.129,3,3.00
RM2,9483,39.303,1.130,3,3.00
RM2,9484,39.296,1.131,3,3.00
RM2,9485,39.288,1.131,3,3.00
RM2,9486,39.280,1.132,3,3.00
RM2,9487,39.272,1.133,3,3.00
RM2,9488,39.264,1.134,3,3.00
RM2,9489,39.256,1.135,3,3.00
RM2,9490,39.247,1.136,3,3.00
RM2,9491,39.239,1.137,3,3.00
RM2,9492,39.231,1.138,3,3.00
RM2,9493,39.223,1.138,3,3.00
RM2,9494,39.214,1.139,3,3.00
RM2,9495,39.206,1.140,3,3.00
RM2,9496,39.198,1.141,3,3.00
RM2,9497,39.189,1.142,3,3.00
RM2,9498,39.181,1.142,3,3.00
RM2,9499,39.172,1.143,3,3.00
RM2,9500,39.163,1.144,3,3.00
RM2,9501,39.155,1.145,3,3.00
RM2,9502,39.146,1.145,3,3.00
RM2,9503,39.137,1.146,3,3.00
RM2,9504,39.129,1.147,3,3.00
RM2,9505,39.120,1.147,3,3.00
RM2,9506,39.111,1.148,3,3.00
RM2,9507,39.102,1.149,3,3.00
RM2,9508,39.093,1.149,3,3.00
RM2,9509,39.084,1.150,3,3.00
RM2,9510,39.075,1.150,3,3.00
RM2,9511,39.066,1.151,3,3.00
RM2,9512,39.057,1.152,3,3.00
RM2,9513,39.047,1.152,3,3.00
RM2,9514,39.038,1.153,3,3.00
RM2,9515,39.029,1.153,3,3.00
RM2,9516,39.020,1.154,3,3.00
RM2,9517,39.010,1.154,3,3.00
RM2,9518,39.001,1.155,3,3.00
RM2,9519,38.991,1.155,3,3.00
RM2,9520,38.982,1.155,3,3.00
RM2,9521,38.972,1.156,3,3.00
RM2,9522,38.963,1.156,3,3.00
RM2,9523,38.953,1.157,3,3.00
RM2,9524,38.943,1.157,3,3.00
RM2,9525,38.933,1.157,3,3.00
RM2,9526,38.924,1.158,3,3.00
RM2,9527,38.914,1.158,3,3.00
RM2,9528,38.904,1.158,3,3.00
RM2,9529,38.894,1.159,3,3.00
RM2,9530,38.884,1.159,3,3.00
RM2,9531,38.874,1.159,3,3.00
RM2,9532,38.864,1.159,3,3.00
RM2,9533,38.854,1.160,3,3.00
RM2,9534,38.844,1.160,3,3.00
RM2,9535,38.833,1.160,3,3.00
RM2,9536,38.823,1.160,3,3.00
RM2,9537,38.813,1.160,3,3.00
RM2,9538,38.802,1.160,3,3.00
RM2,9539,38.792,1.160,3,3.00
RM2,9540,38.782,1.161,3,3.00
RM2,9541,38.771,1.161,3,3.00
RM2,9542,38.761,1.161,3,3.00
RM2,9543,38.750,1.161,3,3.00
RM2,9544,38.739,1.161,3,3.00
RM2,9545,38.729,1.161,3,3.00
RM2,9546,38.718,1.161,3,3.00
RM2,9547,38.707,1.161,3,3.00
RM2,9548,38.696,1.161,3,3.00
RM2,9549,38.686,1.161,3,3.00
RM2,9550,38.675,1.160,3,3.00
RM2,9551,38.664,1.160,3,3.00
RM2,9552,38.653,1.160,3,3.00
RM2,9553,38.642,1.160,3,3.00
RM2,9554,38.631,1.160,3,3.00
RM2,9555,38.619,1.160,3,3.00
RM2,9556,38.608,1.159,3,3.00
RM2,9557,38.597,1.159,3,3.00
RM2,9558,38.586,1.159,3,2.99
RM2,9559,38.574,1.159,3,2.99
RM2,9560,38.563,1.158,3,2.99
RM2,9561,38.552,1.158,3,2.99
RM2,9562,38.540,1.158,3,2.99
RM2,9563,38.529,1.157,3,2.99
RM2,9564,38.517,1.157,3,2.99
RM2,9565,38.505,1.157,3,2.99
RM2,9566,38.494,1.156,3,2.98
RM2,9567,38.482,1.156,3,2.98
RM2,9568,38.470,1.155,3,2.98
RM2,9569,38.458,1.155,3,2.98
RM2,9570,38.447,1.154,3,2.98
RM2,9571,38.435,1.154,3,2.98
RM2,9572,38.423,1.153,3,2.97
RM2,9573,38.411,1.153,3,2.97
RM2,9574,38.399,1.152,3,2.97
RM2,9575,38.387,1.152,3,2.97
RM2,9576,38.374,1.151,3,2.97
RM2,9577,38.362,1.150,3,2.96
RM2,9578,38.350,1.150,3,2.96
RM2,9579,38.338,1.149,3,2.96
RM2,9580,38.325,1.148,3,2.96
RM2,9581,38.313,1.148,3,2.95
RM2,9582,38.301,1.147,3,2.95
RM2,9583,38.288,1.146,3,2.95
RM2,9584,38.276,1.145,3,2.94
RM2,9585,38.263,1.144,3,2.94
RM2,9586,38.251,1.144,3,2.94
RM2,9587,38.238,1.143,3,2.94
RM2,9588,38.225,1.142,3,2.93
RM2,9589,38.212,1.141,3,2.93
RM2,9590,38.200,1.140,3,2.93
RM2,9591,38.187,1.139,3,2.92
RM2,9592,38.174,1.138,3,2.92
RM2,9593,38.161,1.137,3,2.92
RM2,9594,38.148,1.136,3,2.91
RM2,9595,38.135,1.135,3,2.91
RM2,9596,38.122,1.134,3,2.91
RM2,9597,38.109,1.133,3,2.90
RM2,9598,38.096,1.132,3,2.90
RM2,9599,38.082,1.131,3,2.89
RM2,9600,38.069,1.130,3,2.89
RM2,9601,38.056,1.128,3,2.89
RM2,9602,38.042,1.127,3,2.88
RM2,9603,38.029,1.126,3,2.88
RM2,9604,38.015,1.125,3,2.87
RM2,9605,38.002,1.123,3,2.87
RM2,9606,37.988,1.122,3,2.86
RM2,9607,37.975,1.121,3,2.86
RM2,9608,37.961,1.119,3,2.85
RM2,9609,37.947,1.118,3,2.85
RM2,9610,37.934,1.117,3,2.84
RM2,9611,37.920,1.115,3,2.84
RM2,9612,37.906,1.114,3,2.83
RM2,9613,37.892,1.112,3,2.83
RM2,9614,37.878,1.111,3,2.82
RM2,9615,37.864,1.109,3,2.82
RM2,9616,37.850,1.108,3,2.81
RM2,9617,37.836,1.106,3,2.80
RM2,9618,37.822,1.105,3,2.80
RM2,9619,37.808,1.103,3,2.79
RM2,9620,37.793,1.101,3,2.78
RM2,9621,37.779,1.100,3,2.78
RM2,9622,37.765,1.098,3,2.77
RM2,9623,37.750,1.096,3,2.76
RM2,9624,37.736,1.094,3,2.76
RM2,9625,37.722,1.093,3,2.75
RM2,9626,37.707,1.091,3,2.74
RM2,9627,37.692,1.089,3,2.74
RM2,9628,37.678,1.087,3,2.73
RM2,9629,37.663,1.085,3,2.72
RM2,9630,37.648,1.083,3,2.71
RM2,9631,37.634,1.082,3,2.71
RM2,9632,37.619,1.080,3,2.70
RM2,9633,37.604,1.078,3,2.69
RM2,9634,37.589,1.076,3,2.68
RM2,9635,37.574,1.074,3,2.67
RM2,9636,37.559,1.071,3,2.66
RM2,9637,37.544,1.069,3,2.66
RM2,9638,37.529,1.067,3,2.65
RM2,9639,37.514,1.065,3,2.64
RM2,9640,37.498,1.063,3,2.63
RM2,9641,37.483,1.061,3,2.62
RM2,9642,37.468,1.059,3,2.61
RM2,9643,37.453,1.056,3,2.60
RM2,9644,37.437,1.054,3,2.59
RM2,9645,37.422,1.052,3,2.58
RM2,9646,37.406,1.049,3,2.58
RM2,9647,37.391,1.047,3,2.57
RM2,9648,37.375,1.045,3,2.56
RM2,9649,37.359,1.042,3,2.55
RM2,9650,37.344,1.040,3,2.54
RM2,9651,37.328,1.037,3,2.53
RM2,9652,37.312,1.035,3,2.52
RM2,9653,37.296,1.032,3,2.51
RM2,9654,37.280,1.030,3,2.50
RM2,9655,37.264,1.027,3,2.48
RM2,9656,37.248,1.024,3,2.47
RM2,9657,37.232,1.022,3,2.46
RM2,9658,37.216,1.019,3,2.45
RM2,9659,37.200,1.016,3,2.44
RM2,9660,37.184,1.014,3,2.43
RM2,9661,37.168,1.011,3,2.42
RM2,9662,37.151,1.008,3,2.41
RM2,9663,37.135,1.005,3,2.39
RM2,9664,37.119,1.002,3,2.38
RM2,9665,37.102,1.000,3,2.37
RM2,9666,37.086,0.997,3,2.36
RM2,9667,37.069,0.994,3,2.35
RM2,9668,37.053,0.991,3,2.33
RM2,9669,37.036,0.988,3,2.32
RM2,9670,37.019,0.985,3,2.31
RM2,9671,37.003,0.982,3,2.29
RM2,9672,36.986,0.979,3,2.28
RM2,9673,36.969,0.976,3,2.27
RM2,9674,36.952,0.972,3,2.25
RM2,9675,36.935,0.969,3,2.24
RM2,9676,36.918,0.966,3,2.23
RM2,9677,36.901,0.963,3,2.21
RM2,9678,36.884,0.959,3,2.20
RM2,9679,36.867,0.956,3,2.19
RM2,9680,36.850,0.953,3,2.17
RM2,9681,36.833,0.949,3,2.16
RM2,9682,36.815,0.946,3,2.14
RM2,9683,36.798,0.943,3,2.13
RM2,9684,36.781,0.939,3,2.12
RM2,9685,36.763,0.936,3,2.10
RM2,9686,36.746,0.932,3,2.09
RM2,9687,36.728,0.929,3,2.07
RM2,9688,36.710,0.925,3,2.06
RM2,9689,36.693,0.921,3,2.04
RM2,9690,36.675,0.918,3,2.03
RM2,9691,36.657,0.914,3,2.01
RM2,9692,36.640,0.910,3,2.00
RM2,9693,36.622,0.907,3,1.98
RM2,9694,36.604,0.903,3,1.97
RM2,9695,36.586,0.899,3,1.95
RM2,9696,36.568,0.895,3,1.94
RM2,9697,36.550,0.891,3,1.92
RM2,9698,36.532,0.888,3,1.90
RM2,9699,36.514,0.884,3,1.89
RM2,9700,36.496,0.880,3,1.87
RM2,9701,36.477,0.876,3,1.86
RM2,9702,36.459,0.872,3,1.84
RM2,9703,36.441,0.868,3,1.83
RM2,9704,36.422,0.863,3,1.81
RM2,9705,36.404,0.859,3,1.79
RM2,9706,36.385,0.855,3,1.78
RM2,9707,36.367,0.851,3,1.76
RM2,9708,36.348,0.847,3,1.75
RM2,9709,36.330,0.842,3,1.73
RM2,9710,36.311,0.838,3,1.71
RM2,9711,36.292,0.834,3,1.70
RM2,9712,36.273,0.829,3,1.68
RM2,9713,36.255,0.825,3,1.66
RM2,9714,36.236,0.821,3,1.65
RM2,9715,36.217,0.816,3,1.63
RM2,9716,36.198,0.812,3,1.62
RM2,9717,36.179,0.807,3,1.60
RM2,9718,36.160,0.803,3,1.58
RM2,9719,36.140,0.798,3,1.57
RM2,9720,36.121,0.793,3,1.55
RM2,9721,36.102,0.789,3,1.53
RM2,9722,36.083,0.784,3,1.52
RM2,9723,36.063,0.779,3,1.50
RM2,9724,36.044,0.774,3,1.48
RM2,9725,36.025,0.770,3,1.47
RM2,9726,36.005,0.765,3,1.45
RM2,9727,35.986,0.760,3,1.44
RM2,9728,35.966,0.755,3,1.42
RM2,9729,35.946,0.750,3,1.40
RM2,9730,35.927,0.745,3,1.39
RM2,9731,35.907,0.740,3,1.37
RM2,9732,35.887,0.735,3,1.35
RM2,9733,35.867,0.730,3,1.34
RM2,9734,35.847,0.725,3,1.32
RM2,9735,35.827,0.720,3,1.30
RM2,9736,35.807,0.714,3,1.29
RM2,9737,35.787,0.709,3,1.27
RM2,9738,35.767,0.704,3,1.26
RM2,9739,35.747,0.699,3,1.24
RM2,9740,35.727,0.693,3,1.22
RM2,9741,35.706,0.688,3,1.21
RM2,9742,35.686,0.682,3,1.19
RM2,9743,35.666,0.677,3,1.18
RM2,9744,35.645,0.671,3,1.16
RM2,9745,35.625,0.666,3,1.14
RM2,9746,35.604,0.660,3,1.13
RM2,9747,35.584,0.655,3,1.11
RM2,9748,35.563,0.649,3,1.10
RM2,9749,35.542,0.643,3,1.08
RM2,9750,35.522,0.638,3,1.07
RM2,9751,35.501,0.632,3,1.05
RM2,9752,35.480,0.626,3,1.04
RM2,9753,35.459,0.620,3,1.02
RM2,9754,35.438,0.615,3,1.01
RM2,9755,35.417,0.609,3,0.99
RM2,9756,35.396,0.603,3,0.98
RM2,9757,35.375,0.597,3,0.96
RM2,9758,35.354,0.591,3,0.95
RM2,9759,35.333,0.585,3,0.93
RM2,9760,35.312,0.579,3,0.92
RM2,9761,35.290,0.572,3,0.90
RM2,9762,35.269,0.566,3,0.89
RM2,9763,35.248,0.560,3,0.87
RM2,9764,35.226,0.554,3,0.86
RM2,9765,35.205,0.548,3,0.84
RM2,9766,35.183,0.541,3,0.83
RM2,9767,35.161,0.535,3,0.82
RM2,9768,35.140,0.528,3,0.80
RM2,9769,35.118,0.522,3,0.79
RM2,9770,35.096,0.516,3,0.77
RM2,9771,35.075,0.509,3,0.76
RM2,9772,35.053,0.502,3,0.75
RM2,9773,35.031,0.496,3,0.73
RM2,9774,35.009,0.489,3,0.72
RM2,9775,34.987,0.483,3,0.71
RM2,9776,34.965,0.476,3,0.69
RM2,9777,34.943,0.469,3,0.68
RM2,9778,34.920,0.462,3,0.67
RM2,9779,34.898,0.455,3,0.66
RM2,9780,34.876,0.449,3,0.64
RM2,9781,34.854,0.442,3,0.63
RM2,9782,34.831,0.435,3,0.62
RM2,9783,34.809,0.428,3,0.61
RM2,9784,34.786,0.421,3,0.60
RM2,9785,34.764,0.414,3,0.58
RM2,9786,34.741,0.407,3,0.57
RM2,9787,34.718,0.399,3,0.56
RM2,9788,34.696,0.392,3,0.55
RM2,9789,34.673,0.385,3,0.54
RM2,9790,34.650,0.378,3,0.53
RM2,9791,34.627,0.370,3,0.52
RM2,9792,34.604,0.363,3,0.51
RM2,9793,34.581,0.356,3,0.50
RM2,9794,34.558,0.348,3,0.48
RM2,9795,34.535,0.341,3,0.47
RM2,9796,34.512,0.333,3,0.46
RM2,9797,34.489,0.326,2,0.45
RM2,9798,34.466,0.318,2,0.44
RM2,9799,34.443,0.310,2,0.44
RM2,9800,34.419,0.303,2,0.43
RM2,9801,34.396,0.295,2,0.42
RM2,9802,34.372,0.287,2,0.41
RM2,9803,34.349,0.279,2,0.40
RM2,9804,34.325,0.271,2,0.39
RM2,9805,34.302,0.264,2,0.38
RM2,9806,34.278,0.256,2,0.37
RM2,9807,34.254,0.248,2,0.36
RM2,9808,34.231,0.240,2,0.35
RM2,9809,34.207,0.232,2,0.34
RM2,9810,34.183,0.223,2,0.33
RM2,9811,34.159,0.215,2,0.33
RM2,9812,34.135,0.207,2,0.32
RM2,9813,34.111,0.199,2,0.31
RM2,9814,34.087,0.191,2,0.30
RM2,9815,34.063,0.182,2,0.29
RM2,9816,34.039,0.174,2,0.28
RM2,9817,34.015,0.165,2,0.28
RM2,9818,33.990,0.157,2,0.27
RM2,9819,33.966,0.148,2,0.26
RM2,9820,33.942,0.140,2,0.25
RM2,9821,33.917,0.131,2,0.25
RM2,9822,33.893,0.123,2,0.24
RM2,9823,33.868,0.114,2,0.23
RM2,9824,33.843,0.105,2,0.22
RM2,9825,33.819,0.097,2,0.22
RM2,9826,33.794,0.088,2,0.21
RM2,9827,33.769,0.079,2,0.20
RM2,9828,33.745,0.070,2,0.20
RM2,9829,33.720,0.061,2,0.19
RM2,9830,33.695,0.052,2,0.18
RM2,9831,33.670,0.043,2,0.18
RM2,9832,33.645,0.034,2,0.17
RM2,9833,33.620,0.025,2,0.17
RM2,9834,33.595,0.016,2,0.16
RM2,9835,33.569,0.006,2,0.15
RM2,9836,33.544,-0.003,2,0.15
RM2,9837,33.519,-0.012,2,0.14
RM2,9838,33.493,-0.021,2,0.14
RM2,9839,33.468,-0.031,2,0.13
RM2,9840,33.443,-0.040,2,0.13
RM2,9841,33.417,-0.050,2,0.12
RM2,9842,33.392,-0.059,2,0.12
RM2,9843,33.366,-0.069,2,0.11
RM2,9844,33.340,-0.079,2,0.11
RM2,9845,33.315,-0.088,2,0.11
RM2,9846,33.289,-0.098,2,0.10
RM2,9847,33.263,-0.108,2,0.10
RM2,9848,33.237,-0.117,2,0.09
RM2,9849,33.211,-0.127,2,0.09
RM2,9850,33.185,-0.137,2,0.09
RM2,9851,33.159,,1,0.08
RM2,9852,33.133,,1,0.08
RM2,9853,33.107,,1,0.08
RM2,9854,33.081,,1,0.07
RM2,9855,33.054,,1,0.07
RM2,9856,33.028,,1,0.07
RM2,9857,33.002,,1,0.06
RM2,9858,32.975,,1,0.06
RM2,9859,32.949,,1,0.06
RM2,9860,32.922,,1,0.05
RM2,9861,32.896,,1,0.05
RM2,9862,32.869,,1,0.05
RM2,9863,32.842,,1,0.05
RM2,9864,32.816,,1,0.04
RM2,9865,32.789,,1,0.04
RM2,9866,32.762,,1,0.04
RM2,9867,32.735,,1,0.04
RM2,9868,32.708,,1,0.03
RM2,9869,32.681,,1,0.03
RM2,9870,32.654,,1,0.03
RM2,9871,32.627,,1,0.03
RM2,9872,32.600,,1,0.03
RM2,9873,32.572,,1,0.02
RM2,9874,32.545,,1,0.02
RM2,9875,32.518,,1,0.02
RM2,9876,32.490,,1,0.02
RM2,9877,32.463,,1,0.02
RM2,9878,32.435,,1,0.01
RM2,9879,32.408,,1,0.01
RM2,9880,32.380,,1,0.01
RM2,9881,32.352,,1,0.01
RM2,9882,32.325,,1,0.01
RM2,9883,32.297,,1,0.01
RM2,9884,32.269,,1,0.01
RM2,9885,32.241,,1,0.01
RM2,9886,32.213,,1,0.01
RM2,9887,32.185,,1,0.00
RM2,9888,32.157,,1,0.00
RM2,9889,32.129,,1,0.00
RM2,9890,32.101,,1,0.00
RM2,9891,32.073,,1,0.00
RM2,9892,32.044,,1,0.00
RM2,9893,32.016,,1,0.00
RM2,9894,31.988,,1,0.00
RM2,9895,31.959,,1,0.00
RM2,9896,31.931,,1,0.00
RM2,9897,31.902,,1,0.00
RH1,5841,11.610,,1,0.00
RH1,5842,11.721,,1,0.00
RH1,5843,11.833,,1,0.00
RH1,5844,11.943,,1,0.01
RH1,5845,12.054,,1,0.01
RH1,5846,12.163,,1,0.01
RH1,5847,12.273,,1,0.02
RH1,5848,12.381,,1,0.02
RH1,5849,12.490,,1,0.03
RH1,5850,12.598,,1,0.03
RH1,5851,12.705,,1,0.04
RH1,5852,12.812,,1,0.04
RH1,5853,12.918,,1,0.05
RH1,5854,13.024,,1,0.06
RH1,5855,13.130,,1,0.07
RH1,5856,13.235,,1,0.08
RH1,5857,13.339,,1,0.09
RH1,5858,13.443,,1,0.10
RH1,5859,13.547,,1,0.11
RH1,5860,13.650,,1,0.12
RH1,5861,13.753,,1,0.13
RH1,5862,13.855,,1,0.15
RH1,5863,13.957,,1,0.16
RH1,5864,14.058,,1,0.17
RH1,5865,14.159,,1,0.18
RH1,5866,14.259,,1,0.20
RH1,5867,14.359,,1,0.21
RH1,5868,14.458,,1,0.23
RH1,5869,14.557,,1,0.24
RH1,5870,14.656,,1,0.26
RH1,5871,14.754,,1,0.27
RH1,5872,14.852,,1,0.29
RH1,5873,14.949,,1,0.31
RH1,5874,15.046,,1,0.32
RH1,5875,15.142,,1,0.34
RH1,5876,15.238,,1,0.36
RH1,5877,15.333,,1,0.37
RH1,5878,15.428,,1,0.39
RH1,5879,15.522,,1,0.41
RH1,5880,15.617,,1,0.43
RH1,5881,15.710,,1,0.44
RH1,5882,15.803,,1,0.46
RH1,5883,15.896,,1,0.48
RH1,5884,15.988,,1,0.50
RH1,5885,16.080,,1,0.51
RH1,5886,16.172,,1,0.53
RH1,5887,16.262,,1,0.55
RH1,5888,16.353,,1,0.57
RH1,5889,16.443,,1,0.59
RH1,5890,16.533,,1,0.60
RH1,5891,16.622,,1,0.62
RH1,5892,16.711,,1,0.64
RH1,5893,16.799,,1,0.65
RH1,5894,16.887,,1,0.67
RH1,5895,16.975,,1,0.69
RH1,5896,17.062,,1,0.70
RH1,5897,17.148,,1,0.72
RH1,5898,17.235,,1,0.74
RH1,5899,17.320,,1,0.75
RH1,5900,17.406,,1,0.77
RH1,5901,17.491,,1,0.78
RH1,5902,17.575,,1,0.80
RH1,5903,17.660,1.267,2,0.81
RH1,5904,17.743,1.264,2,0.82
RH1,5905,17.827,1.261,2,0.84
RH1,5906,17.909,1.258,2,0.85
RH1,5907,17.992,1.255,2,0.87
RH1,5908,18.074,1.252,2,0.89
RH1,5909,18.156,1.249,2,0.90
RH1,5910,18.237,1.247,2,0.92
RH1,5911,18.318,1.244,2,0.93
RH1,5912,18.398,1.241,2,0.95
RH1,5913,18.478,1.238,2,0.96
RH1,5914,18.558,1.235,2,0.98
RH1,5915,18.637,1.233,2,1.00
RH1,5916,18.716,1.230,2,1.01
RH1,5917,18.794,1.227,2,1.03
RH1,5918,18.872,1.224,2,1.04
RH1,5919,18.950,1.222,2,1.06
RH1,5920,19.027,1.219,2,1.08
RH1,5921,19.104,1.216,2,1.09
RH1,5922,19.180,1.213,2,1.11
RH1,5923,19.256,1.211,2,1.12
RH1,5924,19.332,1.208,2,1.14
RH1,5925,19.407,1.205,2,1.15
RH1,5926,19.482,1.203,2,1.17
RH1,5927,19.556,1.200,2,1.18
RH1,5928,19.630,1.197,2,1.20
RH1,5929,19.704,1.195,2,1.21
RH1,5930,19.777,1.192,2,1.23
RH1,5931,19.850,1.190,2,1.24
RH1,5932,19.922,1.187,2,1.26
RH1,5933,19.994,1.184,2,1.27
RH1,5934,20.066,1.182,2,1.29
RH1,5935,20.137,1.179,2,1.31
RH1,5936,20.208,1.177,2,1.32
RH1,5937,20.279,1.174,2,1.34
RH1,5938,20.349,1.172,2,1.36
RH1,5939,20.419,1.169,2,1.37
RH1,5940,20.488,1.166,2,1.39
RH1,5941,20.557,1.164,2,1.41
RH1,5942,20.626,1.161,2,1.43
RH1,5943,20.694,1.159,2,1.44
RH1,5944,20.762,1.156,2,1.46
RH1,5945,20.830,1.154,2,1.48
RH1,5946,20.897,1.152,2,1.50
RH1,5947,20.964,1.149,2,1.52
RH1,5948,21.030,1.147,2,1.53
RH1,5949,21.096,1.144,2,1.55
RH1,5950,21.162,1.142,2,1.57
RH1,5951,21.227,1.139,2,1.59
RH1,5952,21.292,1.137,2,1.60
RH1,5953,21.357,1.135,2,1.62
RH1,5954,21.421,1.132,2,1.64
RH1,5955,21.485,1.130,2,1.66
RH1,5956,21.548,1.128,2,1.67
RH1,5957,21.612,1.125,2,1.69
RH1,5958,21.674,1.123,2,1.71
RH1,5959,21.737,1.121,2,1.72
RH1,5960,21.799,1.119,2,1.74
RH1,5961,21.861,1.116,2,1.75
RH1,5962,21.922,1.114,2,1.77
RH1,5963,21.983,1.112,2,1.78
RH1,5964,22.044,1.110,2,1.80
RH1,5965,22.104,1.107,2,1.81
RH1,5966,22.164,1.105,2,1.83
RH1,5967,22.224,1.103,2,1.84
RH1,5968,22.283,1.101,2,1.85
RH1,5969,22.342,1.099,2,1.87
RH1,5970,22.401,1.096,2,1.88
RH1,5971,22.459,1.094,2,1.89
RH1,5972,22.517,1.092,2,1.90
RH1,5973,22.574,1.090,2,1.91
RH1,5974,22.632,1.088,2,1.92
RH1,5975,22.688,1.086,2,1.93
RH1,5976,22.745,1.084,2,1.94
RH1,5977,22.801,1.082,2,1.95
RH1,5978,22.857,1.080,2,1.96
RH1,5979,22.913,1.078,2,1.96
RH1,5980,22.968,1.076,2,1.97
RH1,5981,23.023,1.074,2,1.97
RH1,5982,23.077,1.072,2,1.98
RH1,5983,23.131,1.070,2,1.98
RH1,5984,23.185,1.068,2,1.99
RH1,5985,23.239,1.066,2,1.99
RH1,5986,23.292,1.064,2,2.00
RH1,5987,23.345,1.062,2,2.00
RH1,5988,23.398,1.060,2,2.00
RH1,5989,23.450,1.058,2,2.00
RH1,5990,23.502,1.057,2,2.00
RH1,5991,23.553,1.055,2,2.00
RH1,5992,23.605,1.053,2,2.00
RH1,5993,23.656,1.051,2,2.00
RH1,5994,23.706,1.049,2,2.00
RH1,5995,23.757,1.048,2,2.00
RH1,5996,23.807,1.046,2,2.00
RH1,5997,23.856,1.044,2,2.00
RH1,5998,23.906,1.042,2,2.00
RH1,5999,23.955,1.041,2,2.00
RH1,6000,24.004,1.039,2,2.00
RH1,6001,24.052,1.037,2,2.00
RH1,6002,24.100,1.036,2,2.00
RH1,6003,24.148,1.034,2,2.00
RH1,6004,24.196,1.032,2,2.00
RH1,6005,24.243,1.031,2,2.00
RH1,6006,24.290,1.029,2,2.00
RH1,6007,24.336,1.028,2,2.00
RH1,6008,24.383,1.026,2,2.00
RH1,6009,24.429,1.025,2,2.00
RH1,6010,24.474,1.023,2,2.00
RH1,6011,24.520,1.022,2,2.00
RH1,6012,24.565,1.020,2,2.00
RH1,6013,24.610,1.019,2,2.00
RH1,6014,24.654,1.017,2,2.00
RH1,6015,24.699,1.016,2,2.00
RH1,6016,24.742,1.014,2,2.00
RH1,6017,24.786,1.013,2,2.00
RH1,6018,24.829,1.012,2,2.00
RH1,6019,24.872,1.010,2,2.00
RH1,6020,24.915,1.009,2,2.00
RH1,6021,24.958,1.007,2,2.00
RH1,6022,25.000,1.006,2,2.00
RH1,6023,25.042,1.005,2,2.00
RH1,6024,25.083,1.004,2,2.00
RH1,6025,25.125,1.002,2,2.00
RH1,6026,25.166,1.001,2,2.00
RH1,6027,25.207,1.000,2,2.00
RH1,6028,25.247,0.999,2,2.00
RH1,6029,25.287,0.998,2,2.00
RH1,6030,25.327,0.996,2,2.00
RH1,6031,25.367,0.995,2,2.00
RH1,6032,25.406,0.994,2,2.00
RH1,6033,25.445,0.993,2,2.00
RH1,6034,25.484,0.992,2,2.00
RH1,6035,25.523,0.991,2,2.00
RH1,6036,25.561,0.990,2,2.00
RH1,6037,25.599,0.989,2,2.00
RH1,6038,25.637,0.988,2,2.00
RH1,6039,25.674,0.987,2,2.00
RH1,6040,25.711,0.986,2,2.00
RH1,6041,25.748,0.985,2,2.00
RH1,6042,25.785,0.984,2,2.00
RH1,6043,25.821,0.983,2,2.00
RH1,6044,25.858,0.982,2,2.00
RH1,6045,25.893,0.981,2,2.00
RH1,6046,25.929,0.981,2,2.00
RH1,6047,25.964,0.980,2,2.00
RH1,6048,26.000,0.979,2,2.00
RH1,6049,26.034,0.978,2,2.00
RH1,6050,26.069,0.978,2,2.00
RH1,6051,26.103,0.977,2,2.00
RH1,6052,26.137,0.976,2,2.00
RH1,6053,26.171,0.975,2,2.00
RH1,6054,26.205,0.975,2,2.00
RH1,6055,26.238,0.974,2,2.00
RH1,6056,26.271,0.973,2,2.00
RH1,6057,26.304,0.973,2,2.00
RH1,6058,26.337,0.972,2,2.00
RH1,6059,26.369,0.972,2,2.00
RH1,6060,26.401,0.971,2,2.00
RH1,6061,26.433,0.971,2,2.00
RH1,6062,26.465,0.970,2,2.00
RH1,6063,26.496,0.970,2,2.00
RH1,6064,26.527,0.969,2,2.00
RH1,6065,26.558,0.969,2,2.00
RH1,6066,26.588,0.968,2,2.00
RH1,6067,26.619,0.968,2,2.00
RH1,6068,26.649,0.968,2,2.00
RH1,6069,26.679,0.967,2,2.00
RH1,6070,26.709,0.967,2,2.00
RH1,6071,26.738,0.967,2,2.00
RH1,6072,26.767,0.966,2,2.00
RH1,6073,26.796,0.966,2,2.00
RH1,6074,26.825,0.966,2,2.00
RH1,6075,26.854,0.966,2,2.00
RH1,6076,26.882,0.966,2,2.00
RH1,6077,26.910,0.965,2,2.00
RH1,6078,26.938,0.965,2,2.00
RH1,6079,26.966,0.965,2,2.00
RH1,6080,26.993,0.965,2,2.00
RH1,6081,27.020,0.965,2,2.00
RH1,6082,27.047,0.965,2,2.00
RH1,6083,27.074,0.965,2,2.00
RH1,6084,27.100,0.965,2,2.00
RH1,6085,27.127,0.965,2,2.00
RH1,6086,27.153,0.965,2,2.00
RH1,6087,27.179,0.965,2,2.00
RH1,6088,27.204,0.965,2,2.00
RH1,6089,27.230,0.965,2,2.00
RH1,6090,27.255,0.966,2,2.00
RH1,6091,27.280,0.966,2,2.00
RH1,6092,27.305,0.966,2,2.00
RH1,6093,27.329,0.966,2,2.00
RH1,6094,27.354,0.966,2,2.00
RH1,6095,27.378,0.967,2,2.00
RH1,6096,27.402,0.967,2,2.00
RH1,6097,27.426,0.967,2,2.00
RH1,6098,27.449,0.968,2,2.00
RH1,6099,27.473,0.968,2,2.00
RH1,6100,27.496,0.968,2,2.00
RH1,6101,27.519,0.969,2,2.00
RH1,6102,27.542,0.969,2,2.00
RH1,6103,27.564,0.970,2,2.00
RH1,6104,27.587,0.970,2,2.00
RH1,6105,27.609,0.971,2,2.00
RH1,6106,27.631,0.971,2,2.00
RH1,6107,27.653,0.972,2,2.00
RH1,6108,27.674,0.973,2,2.00
RH1,6109,27.696,0.973,2,2.00
RH1,6110,27.717,0.974,2,2.00
RH1,6111,27.738,0.975,2,2.00
RH1,6112,27.759,0.975,2,2.00
RH1,6113,27.779,0.976,2,2.00
RH1,6114,27.800,0.977,2,2.00
RH1,6115,27.820,0.978,2,2.00
RH1,6116,27.840,0.978,2,2.00
RH1,6117,27.860,0.979,2,2.00
RH1,6118,27.880,0.980,2,2.00
RH1,6119,27.899,0.981,2,2.00
RH1,6120,27.919,0.982,2,2.00
RH1,6121,27.938,0.983,2,2.00
RH1,6122,27.957,0.984,2,2.00
RH1,6123,27.976,0.985,2,2.00
RH1,6124,27.995,0.986,2,2.00
RH1,6125,28.013,0.987,2,2.00
RH1,6126,28.031,0.988,2,2.00
RH1,6127,28.050,0.989,2,2.00
RH1,6128,28.068,0.990,2,2.00
RH1,6129,28.085,0.992,2,2.00
RH1,6130,28.103,0.993,2,2.00
RH1,6131,28.121,0.994,2,2.00
RH1,6132,28.138,0.995,2,2.00
RH1,6133,28.155,0.997,2,2.00
RH1,6134,28.172,0.998,2,2.00
RH1,6135,28.189,0.999,2,2.00
RH1,6136,28.205,1.001,2,2.00
RH1,6137,28.222,1.002,2,2.00
RH1,6138,28.238,1.003,2,2.00
RH1,6139,28.254,1.005,2,2.00
RH1,6140,28.271,1.006,2,2.00
RH1,6141,28.286,1.008,2,2.00
RH1,6142,28.302,1.009,2,2.00
RH1,6143,28.318,1.011,2,2.00
RH1,6144,28.333,1.013,2,2.00
RH1,6145,28.348,1.014,2,2.00
RH1,6146,28.363,1.016,2,2.00
RH1,6147,28.378,1.018,2,2.00
RH1,6148,28.393,1.019,2,2.00
RH1,6149,28.408,1.021,2,2.00
RH1,6150,28.422,1.023,2,2.00
RH1,6151,28.437,1.025,2,2.00
RH1,6152,28.451,1.026,2,2.00
RH1,6153,28.465,1.028,2,2.00
RH1,6154,28.479,1.030,2,2.00
RH1,6155,28.493,1.032,2,2.00
RH1,6156,28.506,1.034,2,2.00
RH1,6157,28.520,1.036,2,2.00
RH1,6158,28.533,1.038,2,2.00
RH1,6159,28.547,1.040,2,2.00
RH1,6160,28.560,1.042,2,2.00
RH1,6161,28.573,1.044,2,2.00
RH1,6162,28.586,1.047,2,2.00
RH1,6163,28.598,1.049,2,2.00
RH1,6164,28.611,1.051,2,2.00
RH1,6165,28.623,1.053,2,2.00
RH1,6166,28.636,1.055,2,2.00
RH1,6167,28.648,1.058,2,2.00
RH1,6168,28.660,1.060,2,2.00
RH1,6169,28.672,1.062,2,2.00
RH1,6170,28.684,1.065,2,2.00
RH1,6171,28.695,1.067,2,2.00
RH1,6172,28.707,1.070,2,2.00
RH1,6173,28.718,1.072,2,2.00
RH1,6174,28.730,1.075,2,2.00
RH1,6175,28.741,1.077,2,2.00
RH1,6176,28.752,1.080,2,2.00
RH1,6177,28.763,1.082,2,2.00
RH1,6178,28.774,1.085,2,2.00
RH1,6179,28.785,1.088,2,2.00
RH1,6180,28.795,1.090,2,2.00
RH1,6181,28.806,1.093,2,2.00
RH1,6182,28.816,1.096,2,2.00
RH1,6183,28.827,1.099,2,2.00
RH1,6184,28.837,1.102,2,2.00
RH1,6185,28.847,1.104,2,2.00
RH1,6186,28.857,1.107,2,2.00
RH1,6187,28.867,1.110,2,2.00
RH1,6188,28.877,1.113,2,2.00
RH1,6189,28.886,1.116,2,2.00
RH1,6190,28.896,1.119,2,2.00
RH1,6191,28.905,1.122,2,2.00
RH1,6192,28.915,1.125,2,2.00
RH1,6193,28.924,1.129,2,2.00
RH1,6194,28.933,1.132,2,2.00
RH1,6195,28.942,1.135,2,2.00
RH1,6196,28.951,1.138,2,2.00
RH1,6197,28.960,1.142,2,2.00
RH1,6198,28.969,1.145,2,2.00
RH1,6199,28.978,1.148,2,2.00
RH1,6200,28.986,1.152,2,2.00
RH1,6201,28.995,1.155,2,2.00
RH1,6202,29.003,1.158,2,2.00
RH1,6203,29.012,1.162,2,2.00
RH1,6204,29.020,1.165,2,2.00
RH1,6205,29.028,1.169,2,2.00
RH1,6206,29.036,1.173,2,2.00
RH1,6207,29.044,1.176,2,2.00
RH1,6208,29.052,1.180,2,2.00
RH1,6209,29.060,1.183,2,2.00
RH1,6210,29.068,1.187,2,2.00
RH1,6211,29.075,1.191,2,2.00
RH1,6212,29.083,1.195,2,2.00
RH1,6213,29.090,1.199,2,2.00
RH1,6214,29.098,1.202,2,2.00
RH1,6215,29.105,1.206,2,2.00
RH1,6216,29.112,1.210,2,2.00
RH1,6217,29.120,1.214,2,2.00
RH1,6218,29.127,1.218,2,2.00
RH1,6219,29.134,1.222,2,2.00
RH1,6220,29.141,1.226,2,2.00
RH1,6221,29.147,1.230,2,2.00
RH1,6222,29.154,1.235,2,2.00
RH1,6223,29.161,1.239,2,2.00
RH1,6224,29.168,1.243,2,2.00
RH1,6225,29.174,1.247,2,2.00
RH1,6226,29.181,1.252,2,2.00
RH1,6227,29.187,1.256,2,2.00
RH1,6228,29.193,1.260,2,2.00
RH1,6229,29.199,1.265,2,2.00
RH1,6230,29.206,1.269,2,2.00
RH1,6231,29.212,1.274,2,2.00
RH1,6232,29.218,1.278,2,2.00
RH1,6233,29.223,1.283,3,2.00
RH1,6234,29.229,1.287,3,2.00
RH1,6235,29.235,1.292,3,2.00
RH1,6236,29.241,1.296,3,2.00
RH1,6237,29.246,1.301,3,2.01
RH1,6238,29.252,1.306,3,2.01
RH1,6239,29.257,1.310,3,2.01
RH1,6240,29.263,1.315,3,2.02
RH1,6241,29.268,1.320,3,2.02
RH1,6242,29.273,1.325,3,2.03
RH1,6243,29.278,1.330,3,2.04
RH1,6244,29.283,1.334,3,2.05
RH1,6245,29.288,1.339,3,2.05
RH1,6246,29.293,1.344,3,2.06
RH1,6247,29.298,1.349,3,2.07
RH1,6248,29.303,1.354,3,2.08
RH1,6249,29.308,1.359,3,2.09
RH1,6250,29.312,1.364,3,2.10
RH1,6251,29.317,1.369,3,2.12
RH1,6252,29.321,1.374,3,2.13
RH1,6253,29.326,1.379,3,2.14
RH1,6254,29.330,1.385,3,2.15
RH1,6255,29.334,1.390,3,2.17
RH1,6256,29.339,1.395,3,2.18
RH1,6257,29.343,1.400,3,2.20
RH1,6258,29.347,1.405,3,2.21
RH1,6259,29.351,1.411,3,2.23
RH1,6260,29.355,1.416,3,2.24
RH1,6261,29.359,1.421,3,2.26
RH1,6262,29.362,1.427,3,2.28
RH1,6263,29.366,1.432,3,2.29
RH1,6264,29.370,1.437,3,2.31
RH1,6265,29.373,1.443,3,2.33
RH1,6266,29.377,1.448,3,2.35
RH1,6267,29.380,1.454,3,2.37
RH1,6268,29.384,1.459,3,2.38
RH1,6269,29.387,1.465,3,2.40
RH1,6270,29.390,1.470,3,2.42
RH1,6271,29.394,1.476,3,2.44
RH1,6272,29.397,1.481,3,2.46
RH1,6273,29.400,1.487,3,2.48
RH1,6274,29.403,1.492,3,2.50
RH1,6275,29.406,1.498,3,2.51
RH1,6276,29.409,1.503,3,2.53
RH1,6277,29.411,1.509,3,2.55
RH1,6278,29.414,1.515,3,2.57
RH1,6279,29.417,1.520,3,2.59
RH1,6280,29.419,1.526,3,2.61
RH1,6281,29.422,1.532,3,2.63
RH1,6282,29.424,1.537,3,2.64
RH1,6283,29.427,1.543,3,2.66
RH1,6284,29.429,1.549,3,2.68
RH1,6285,29.432,1.555,3,2.70
RH1,6286,29.434,1.561,3,2.71
RH1,6287,29.436,1.566,3,2.73
RH1,6288,29.438,1.572,3,2.75
RH1,6289,29.440,1.578,3,2.76
RH1,6290,29.442,1.584,3,2.78
RH1,6291,29.444,1.590,3,2.80
RH1,6292,29.446,1.595,3,2.81
RH1,6293,29.448,1.601,3,2.83
RH1,6294,29.449,1.607,3,2.84
RH1,6295,29.451,1.613,3,2.85
RH1,6296,29.453,1.619,3,2.87
RH1,6297,29.454,1.625,3,2.88
RH1,6298,29.456,1.631,3,2.89
RH1,6299,29.457,1.637,3,2.90
RH1,6300,29.459,1.643,3,2.91
RH1,6301,29.460,1.649,3,2.92
RH1,6302,29.461,1.655,3,2.93
RH1,6303,29.463,1.661,3,2.94
RH1,6304,29.464,1.667,3,2.95
RH1,6305,29.465,1.673,3,2.96
RH1,6306,29.466,1.679,3,2.97
RH1,6307,29.467,1.685,3,2.97
RH1,6308,29.468,1.691,3,2.98
RH1,6309,29.469,1.697,3,2.98
RH1,6310,29.470,1.703,3,2.99
RH1,6311,29.471,1.709,3,2.99
RH1,6312,29.471,1.715,3,2.99
RH1,6313,29.472,1.721,3,3.00
RH1,6314,29.473,1.727,3,3.00
RH1,6315,29.473,1.733,3,3.00
RH1,6316,29.474,1.739,4,3.00
RH1,6317,29.474,1.745,4,3.00
RH1,6318,29.475,1.751,4,3.00
RH1,6319,29.475,1.757,4,3.00
RH1,6320,29.475,1.763,4,3.01
RH1,6321,29.476,1.769,4,3.01
RH1,6322,29.476,1.775,4,3.02
RH1,6323,29.476,1.781,4,3.02
RH1,6324,29.476,1.787,4,3.03
RH1,6325,29.476,1.794,4,3.03
RH1,6326,29.476,1.800,4,3.04
RH1,6327,29.476,1.806,4,3.05
RH1,6328,29.476,1.812,4,3.06
RH1,6329,29.476,1.818,4,3.07
RH1,6330,29.476,1.824,4,3.08
RH1,6331,29.475,1.830,4,3.09
RH1,6332,29.475,1.836,4,3.10
RH1,6333,29.475,1.842,4,3.11
RH1,6334,29.474,1.848,4,3.12
RH1,6335,29.474,1.854,4,3.13
RH1,6336,29.474,1.860,4,3.15
RH1,6337,29.473,1.866,4,3.16
RH1,6338,29.472,1.873,4,3.18
RH1,6339,29.472,1.879,4,3.19
RH1,6340,29.471,1.885,4,3.21
RH1,6341,29.471,1.891,4,3.22
RH1,6342,29.470,1.897,4,3.24
RH1,6343,29.469,1.903,4,3.25
RH1,6344,29.468,1.909,4,3.27
RH1,6345,29.467,1.915,4,3.28
RH1,6346,29.466,1.921,4,3.30
RH1,6347,29.465,1.927,4,3.31
RH1,6348,29.464,1.933,4,3.32
RH1,6349,29.463,1.939,4,3.34
RH1,6350,29.462,1.945,4,3.35
RH1,6351,29.461,1.951,4,3.36
RH1,6352,29.460,1.957,4,3.37
RH1,6353,29.459,1.963,4,3.39
RH1,6354,29.457,1.969,4,3.40
RH1,6355,29.456,1.975,4,3.41
RH1,6356,29.455,1.981,4,3.42
RH1,6357,29.453,1.987,4,3.43
RH1,6358,29.452,1.993,4,3.44
RH1,6359,29.451,1.998,4,3.45
RH1,6360,29.449,2.004,4,3.45
RH1,6361,29.448,2.010,4,3.46
RH1,6362,29.446,2.016,4,3.47
RH1,6363,29.444,2.022,4,3.47
RH1,6364,29.443,2.028,4,3.48
RH1,6365,29.441,2.034,4,3.48
RH1,6366,29.439,2.039,4,3.49
RH1,6367,29.437,2.045,4,3.49
RH1,6368,29.436,2.051,4,3.50
RH1,6369,29.434,2.057,4,3.50
RH1,6370,29.432,2.063,4,3.50
RH1,6371,29.430,2.068,4,3.50
RH1,6372,29.428,2.074,4,3.50
RH1,6373,29.426,2.080,4,3.50
RH1,6374,29.424,2.086,4,3.50
RH1,6375,29.422,2.091,4,3.50
RH1,6376,29.420,2.097,4,3.49
RH1,6377,29.418,2.103,4,3.49
RH1,6378,29.416,2.108,4,3.49
RH1,6379,29.413,2.114,4,3.48
RH1,6380,29.411,2.119,4,3.48
RH1,6381,29.409,2.125,4,3.47
RH1,6382,29.407,2.131,4,3.46
RH1,6383,29.404,2.136,4,3.46
RH1,6384,29.402,2.142,4,3.45
RH1,6385,29.399,2.147,4,3.44
RH1,6386,29.397,2.153,4,3.43
RH1,6387,29.395,2.158,4,3.42
RH1,6388,29.392,2.164,4,3.41
RH1,6389,29.390,2.169,4,3.40
RH1,6390,29.387,2.175,4,3.39
RH1,6391,29.384,2.180,4,3.38
RH1,6392,29.382,2.185,4,3.36
RH1,6393,29.379,2.191,4,3.35
RH1,6394,29.376,2.196,4,3.34
RH1,6395,29.374,2.201,4,3.32
RH1,6396,29.371,2.206,4,3.31
RH1,6397,29.368,2.212,4,3.29
RH1,6398,29.365,2.217,4,3.27
RH1,6399,29.363,2.222,4,3.26
RH1,6400,29.360,2.227,4,3.24
RH1,6401,29.357,2.233,4,3.23
RH1,6402,29.354,2.238,4,3.21
RH1,6403,29.351,2.243,4,3.19
RH1,6404,29.348,2.248,4,3.18
RH1,6405,29.345,2.253,4,3.16
RH1,6406,29.342,2.258,5,3.14
RH1,6407,29.339,2.263,5,3.12
RH1,6408,29.336,2.268,5,3.11
RH1,6409,29.333,2.273,5,3.09
RH1,6410,29.330,2.278,5,3.08
RH1,6411,29.327,2.283,5,3.06
RH1,6412,29.323,2.287,5,3.05
RH1,6413,29.320,2.292,5,3.04
RH1,6414,29.317,2.297,5,3.02
RH1,6415,29.314,2.302,5,3.01
RH1,6416,29.311,2.307,5,3.00
RH1,6417,29.307,2.311,5,2.99
RH1,6418,29.304,2.316,5,2.98
RH1,6419,29.301,2.321,5,2.97
RH1,6420,29.297,2.325,5,2.97
RH1,6421,29.294,2.330,5,2.96
RH1,6422,29.291,2.334,5,2.95
RH1,6423,29.287,2.339,5,2.95
RH1,6424,29.284,2.343,5,2.94
RH1,6425,29.280,2.348,5,2.94
RH1,6426,29.277,2.352,5,2.94
RH1,6427,29.273,2.357,5,2.94
RH1,6428,29.270,2.361,5,2.93
RH1,6429,29.266,2.365,4,2.93
RH1,6430,29.263,2.369,4,2.93
RH1,6431,29.259,2.374,4,2.93
RH1,6432,29.256,2.378,4,2.94
RH1,6433,29.252,2.382,4,2.94
RH1,6434,29.248,2.386,4,2.94
RH1,6435,29.245,2.390,4,2.94
RH1,6436,29.241,2.394,4,2.94
RH1,6437,29.237,2.398,4,2.94
RH1,6438,29.234,2.402,4,2.94
RH1,6439,29.230,2.406,4,2.94
RH1,6440,29.226,2.410,4,2.95
RH1,6441,29.222,2.414,4,2.95
RH1,6442,29.219,2.418,4,2.95
RH1,6443,29.215,2.422,4,2.95
RH1,6444,29.211,2.425,4,2.95
RH1,6445,29.207,2.429,4,2.95
RH1,6446,29.203,2.433,4,2.96
RH1,6447,29.200,2.436,4,2.96
RH1,6448,29.196,2.440,4,2.96
RH1,6449,29.192,2.444,4,2.96
RH1,6450,29.188,2.447,4,2.97
RH1,6451,29.184,2.451,4,2.97
RH1,6452,29.180,2.454,4,2.97
RH1,6453,29.176,2.457,4,2.97
RH1,6454,29.172,2.461,4,2.97
RH1,6455,29.169,2.464,4,2.98
RH1,6456,29.165,2.467,4,2.98
RH1,6457,29.161,2.470,4,2.98
RH1,6458,29.157,2.473,4,2.98
RH1,6459,29.153,2.477,4,2.99
RH1,6460,29.149,2.480,4,2.99
RH1,6461,29.145,2.483,4,2.99
RH1,6462,29.141,2.486,4,2.99
RH1,6463,29.137,2.489,4,2.99
RH1,6464,29.133,2.491,4,2.99
RH1,6465,29.129,2.494,4,3.00
RH1,6466,29.125,2.497,4,3.00
RH1,6467,29.120,2.500,4,3.00
RH1,6468,29.116,2.502,4,3.00
RH1,6469,29.112,2.505,4,3.00
RH1,6470,29.108,2.508,4,3.00
RH1,6471,29.104,2.510,4,3.00
RH1,6472,29.100,2.513,4,3.00
RH1,6473,29.096,2.515,4,3.00
RH1,6474,29.092,2.518,4,3.01
RH1,6475,29.088,2.520,4,3.01
RH1,6476,29.084,2.522,4,3.01
RH1,6477,29.080,2.524,4,3.01
RH1,6478,29.075,2.527,4,3.01
RH1,6479,29.071,2.529,4,3.01
RH1,6480,29.067,2.531,4,3.01
RH1,6481,29.063,2.533,4,3.00
RH1,6482,29.059,2.535,4,3.00
RH1,6483,29.055,2.537,4,3.00
RH1,6484,29.051,2.539,4,3.00
RH1,6485,29.046,2.540,4,3.00
RH1,6486,29.042,2.542,4,3.00
RH1,6487,29.038,2.544,3,3.00
RH1,6488,29.034,2.545,3,3.00
RH1,6489,29.030,2.547,3,3.00
RH1,6490,29.026,2.549,3,3.00
RH1,6491,29.022,2.550,3,3.00
RH1,6492,29.017,2.551,3,3.00
RH1,6493,29.013,2.553,3,3.00
RH1,6494,29.009,2.554,3,3.00
RH1,6495,29.005,2.555,3,3.00
RH1,6496,29.001,2.557,3,3.00
RH1,6497,28.997,2.558,3,3.00
RH1,6498,28.992,2.559,3,3.00
RH1,6499,28.988,2.560,3,3.00
RH1,6500,28.984,2.561,3,3.00
RH1,6501,28.980,2.562,3,3.00
RH1,6502,28.976,2.562,3,3.00
RH1,6503,28.972,2.563,3,3.00
RH1,6504,28.967,2.564,3,3.00
RH1,6505,28.963,2.565,3,3.00
RH1,6506,28.959,2.565,3,3.00
RH1,6507,28.955,2.566,3,3.00
RH1,6508,28.951,2.566,3,3.00
RH1,6509,28.947,2.567,3,3.00
RH1,6510,28.943,2.567,3,3.00
RH1,6511,28.938,2.567,3,3.00
RH1,6512,28.934,2.567,3,3.00
RH1,6513,28.930,2.568,3,3.00
RH1,6514,28.926,2.568,3,3.00
RH1,6515,28.922,2.568,3,3.00
RH1,6516,28.918,2.568,3,3.00
RH1,6517,28.914,2.568,3,3.00
RH1,6518,28.910,2.567,3,3.00
RH1,6519,28.906,2.567,3,3.00
RH1,6520,28.902,2.567,3,3.00
RH1,6521,28.898,2.567,3,3.00
RH1,6522,28.893,2.566,3,3.00
RH1,6523,28.889,2.566,3,3.00
RH1,6524,28.885,2.565,3,3.00
RH1,6525,28.881,2.564,3,3.00
RH1,6526,28.877,2.564,3,3.00
RH1,6527,28.873,2.563,3,3.00
RH1,6528,28.869,2.562,3,3.00
RH1,6529,28.865,2.561,3,3.00
RH1,6530,28.861,2.560,3,3.00
RH1,6531,28.857,2.559,3,3.00
RH1,6532,28.853,2.558,3,3.00
RH1,6533,28.850,2.557,3,3.00
RH1,6534,28.846,2.555,3,3.00
RH1,6535,28.842,2.554,3,3.00
RH1,6536,28.838,2.553,3,3.00
RH1,6537,28.834,2.551,3,3.00
RH1,6538,28.830,2.550,3,3.00
RH1,6539,28.826,2.548,3,3.00
RH1,6540,28.822,2.546,3,3.00
RH1,6541,28.818,2.545,3,3.00
RH1,6542,28.815,2.543,3,3.00
RH1,6543,28.811,2.541,3,3.00
RH1,6544,28.807,2.539,3,3.00
RH1,6545,28.803,2.537,3,3.00
RH1,6546,28.799,2.535,3,3.00
RH1,6547,28.796,2.532,3,3.00
RH1,6548,28.792,2.530,3,3.00
RH1,6549,28.788,2.528,3,3.00
RH1,6550,28.784,2.525,3,3.00
RH1,6551,28.781,2.523,3,3.00
RH1,6552,28.777,2.520,3,3.00
RH1,6553,28.773,2.518,3,3.00
RH1,6554,28.770,2.515,3,3.00
RH1,6555,28.766,2.512,3,3.00
RH1,6556,28.763,2.509,3,3.00
RH1,6557,28.759,2.506,3,3.00
RH1,6558,28.755,2.503,3,3.00
RH1,6559,28.752,2.500,3,3.00
RH1,6560,28.748,2.497,3,3.00
RH1,6561,28.745,2.494,3,3.00
RH1,6562,28.741,2.491,3,3.00
RH1,6563,28.738,2.487,3,3.00
RH1,6564,28.734,2.484,3,3.00
RH1,6565,28.731,2.481,3,3.00
RH1,6566,28.728,2.477,3,3.00
RH1,6567,28.724,2.473,3,3.00
RH1,6568,28.721,2.470,3,3.00
RH1,6569,28.717,2.466,3,3.00
RH1,6570,28.714,2.462,3,3.00
RH1,6571,28.711,2.458,3,3.00
RH1,6572,28.708,2.455,3,3.00
RH1,6573,28.704,2.451,3,3.00
RH1,6574,28.701,2.447,3,3.00
RH1,6575,28.698,2.442,3,3.00
RH1,6576,28.694,2.438,3,3.00
RH1,6577,28.691,2.434,3,3.00
RH1,6578,28.688,2.430,3,3.00
RH1,6579,28.685,2.426,3,3.00
RH1,6580,28.682,2.421,3,3.00
RH1,6581,28.678,2.417,3,3.00
RH1,6582,28.675,2.412,3,3.00
RH1,6583,28.672,2.408,3,3.00
RH1,6584,28.669,2.403,3,3.00
RH1,6585,28.665,2.398,3,3.00
RH1,6586,28.662,2.394,3,3.00
RH1,6587,28.659,2.389,3,3.00
RH1,6588,28.656,2.384,3,3.00
RH1,6589,28.652,2.379,3,3.00
RH1,6590,28.649,2.374,3,3.00
RH1,6591,28.646,2.369,3,3.00
RH1,6592,28.642,2.364,3,3.00
RH1,6593,28.639,2.359,3,3.00
RH1,6594,28.636,2.354,3,3.00
RH1,6595,28.632,2.349,3,3.00
RH1,6596,28.629,2.343,3,3.00
RH1,6597,28.626,2.338,3,3.00
RH1,6598,28.622,2.333,3,3.00
RH1,6599,28.619,2.327,3,3.00
RH1,6600,28.615,2.322,3,3.00
RH1,6601,28.612,2.316,3,3.00
RH1,6602,28.608,2.310,3,3.00
RH1,6603,28.605,2.305,3,3.00
RH1,6604,28.601,2.299,3,3.00
RH1,6605,28.597,2.293,3,3.00
RH1,6606,28.594,2.288,3,3.00
RH1,6607,28.590,2.282,3,3.00
RH1,6608,28.586,2.276,3,3.00
RH1,6609,28.582,2.270,3,3.00
RH1,6610,28.578,2.264,3,3.00
RH1,6611,28.575,2.258,3,3.00
RH1,6612,28.571,2.252,3,3.00
RH1,6613,28.567,2.246,3,3.00
RH1,6614,28.563,2.240,3,3.00
RH1,6615,28.559,2.234,3,3.00
RH1,6616,28.554,2.227,3,3.00
RH1,6617,28.550,2.221,3,3.00
RH1,6618,28.546,2.215,3,3.00
RH1,6619,28.542,2.208,3,3.00
RH1,6620,28.537,2.202,3,3.00
RH1,6621,28.533,2.195,3,3.00
RH1,6622,28.528,2.189,3,3.00
RH1,6623,28.524,2.182,3,3.00
RH1,6624,28.519,2.176,3,3.00
RH1,6625,28.514,2.169,3,3.00
RH1,6626,28.510,2.162,3,3.00
RH1,6627,28.505,2.156,3,3.00
RH1,6628,28.500,2.149,3,3.00
RH1,6629,28.495,2.142,3,3.00
RH1,6630,28.490,2.135,3,3.00
RH1,6631,28.485,2.129,3,3.00
RH1,6632,28.480,2.122,3,3.00
RH1,6633,28.474,2.115,3,3.00
RH1,6634,28.469,2.108,3,3.00
RH1,6635,28.464,2.101,3,3.00
RH1,6636,28.458,2.094,3,3.00
RH1,6637,28.453,2.087,3,3.00
RH1,6638,28.447,2.080,3,3.00
RH1,6639,28.441,2.072,3,3.00
RH1,6640,28.435,2.065,3,3.00
RH1,6641,28.429,2.058,3,3.00
RH1,6642,28.423,2.051,3,3.00
RH1,6643,28.417,2.043,3,3.00
RH1,6644,28.411,2.036,3,3.00
RH1,6645,28.404,2.029,3,3.00
RH1,6646,28.398,2.021,3,3.00
RH1,6647,28.392,2.014,3,3.00
RH1,6648,28.385,2.006,3,3.00
RH1,6649,28.378,1.999,3,3.00
RH1,6650,28.371,1.992,3,3.00
RH1,6651,28.364,1.984,3,3.00
RH1,6652,28.357,1.976,3,3.00
RH1,6653,28.350,1.969,3,3.00
RH1,6654,28.343,1.961,3,3.00
RH1,6655,28.335,1.954,3,3.00
RH1,6656,28.328,1.946,3,3.00
RH1,6657,28.320,1.938,3,3.00
RH1,6658,28.313,1.930,3,3.00
RH1,6659,28.305,1.923,3,3.00
RH1,6660,28.297,1.915,3,3.00
RH1,6661,28.289,1.907,3,3.00
RH1,6662,28.280,1.899,3,3.00
RH1,6663,28.272,1.891,3,3.00
RH1,6664,28.264,1.883,3,3.00
RH1,6665,28.255,1.876,3,3.00
RH1,6666,28.246,1.868,3,3.00
RH1,6667,28.238,1.860,3,3.00
RH1,6668,28.229,1.852,3,3.00
RH1,6669,28.219,1.844,3,3.00
RH1,6670,28.210,1.836,3,3.00
RH1,6671,28.201,1.828,3,3.00
RH1,6672,28.191,1.819,3,3.00
RH1,6673,28.182,1.811,3,3.00
RH1,6674,28.172,1.803,3,3.00
RH1,6675,28.162,1.795,3,3.00
RH1,6676,28.152,1.787,3,3.00
RH1,6677,28.141,1.779,3,3.00
RH1,6678,28.131,1.771,3,3.00
RH1,6679,28.120,1.762,3,3.00
RH1,6680,28.110,1.754,3,3.00
RH1,6681,28.099,1.746,3,3.00
RH1,6682,28.088,1.738,3,3.00
RH1,6683,28.077,1.729,3,3.00
RH1,6684,28.065,1.721,3,3.00
RH1,6685,28.054,1.713,3,3.00
RH1,6686,28.042,1.704,3,3.00
RH1,6687,28.030,1.696,3,3.00
RH1,6688,28.019,1.688,3,3.00
RH1,6689,28.006,1.679,3,3.00
RH1,6690,27.994,1.671,3,3.00
RH1,6691,27.982,1.663,3,3.00
RH1,6692,27.969,1.654,3,3.00
RH1,6693,27.956,1.646,3,3.00
RH1,6694,27.943,1.637,3,3.00
RH1,6695,27.930,1.629,3,3.00
RH1,6696,27.917,1.620,3,3.00
RH1,6697,27.903,1.612,3,3.00
RH1,6698,27.890,1.603,3,3.00
RH1,6699,27.876,1.595,3,3.00
RH1,6700,27.862,1.586,3,3.00
RH1,6701,27.847,1.578,3,3.00
RH1,6702,27.833,1.569,3,3.00
RH1,6703,27.818,1.561,3,3.00
RH1,6704,27.804,1.552,3,3.00
RH1,6705,27.789,1.544,3,3.00
RH1,6706,27.774,1.535,3,3.00
RH1,6707,27.758,1.527,3,3.00
RH1,6708,27.743,1.518,3,3.00
RH1,6709,27.727,1.510,3,2.99
RH1,6710,27.711,1.501,3,2.99
RH1,6711,27.695,1.492,3,2.98
RH1,6712,27.678,1.484,3,2.98
RH1,6713,27.662,1.475,3,2.97
RH1,6714,27.645,1.467,3,2.97
RH1,6715,27.628,1.458,3,2.96
RH1,6716,27.611,1.449,3,2.95
RH1,6717,27.594,1.441,3,2.94
RH1,6718,27.576,1.432,3,2.94
RH1,6719,27.558,1.424,3,2.93
RH1,6720,27.540,1.415,3,2.92
RH1,6721,27.522,1.406,3,2.90
RH1,6722,27.504,1.398,3,2.89
RH1,6723,27.485,1.389,3,2.88
RH1,6724,27.466,1.381,3,2.87
RH1,6725,27.447,1.372,3,2.86
RH1,6726,27.428,1.363,3,2.84
RH1,6727,27.408,1.355,3,2.83
RH1,6728,27.389,1.346,3,2.81
RH1,6729,27.369,1.338,3,2.80
RH1,6730,27.348,1.329,3,2.78
RH1,6731,27.328,1.320,3,2.77
RH1,6732,27.307,1.312,3,2.75
RH1,6733,27.286,1.303,3,2.74
RH1,6734,27.265,1.295,3,2.72
RH1,6735,27.244,1.286,3,2.70
RH1,6736,27.222,1.277,3,2.68
RH1,6737,27.200,1.269,3,2.67
RH1,6738,27.178,1.260,3,2.65
RH1,6739,27.156,1.252,3,2.63
RH1,6740,27.133,1.243,3,2.61
RH1,6741,27.111,1.235,3,2.59
RH1,6742,27.087,1.226,3,2.58
RH1,6743,27.064,1.217,3,2.56
RH1,6744,27.041,1.209,3,2.54
RH1,6745,27.017,1.200,3,2.52
RH1,6746,26.993,1.192,3,2.50
RH1,6747,26.968,1.183,3,2.48
RH1,6748,26.944,1.175,3,2.46
RH1,6749,26.919,1.166,3,2.44
RH1,6750,26.894,1.158,3,2.42
RH1,6751,26.869,1.150,3,2.41
RH1,6752,26.843,1.141,3,2.39
RH1,6753,26.817,1.133,3,2.37
RH1,6754,26.791,1.124,3,2.35
RH1,6755,26.765,1.116,3,2.33
RH1,6756,26.738,1.107,3,2.32
RH1,6757,26.711,1.099,3,2.30
RH1,6758,26.684,1.091,3,2.28
RH1,6759,26.656,1.082,3,2.26
RH1,6760,26.628,1.074,3,2.25
RH1,6761,26.600,1.066,3,2.23
RH1,6762,26.572,1.057,3,2.22
RH1,6763,26.543,1.049,3,2.20
RH1,6764,26.515,1.041,3,2.19
RH1,6765,26.485,1.033,3,2.17
RH1,6766,26.456,1.024,3,2.16
RH1,6767,26.426,1.016,3,2.14
RH1,6768,26.396,1.008,3,2.13
RH1,6769,26.366,1.000,3,2.12
RH1,6770,26.335,0.992,3,2.11
RH1,6771,26.304,0.983,3,2.10
RH1,6772,26.273,0.975,3,2.08
RH1,6773,26.242,0.967,3,2.07
RH1,6774,26.210,0.959,3,2.06
RH1,6775,26.178,0.951,3,2.06
RH1,6776,26.146,0.943,3,2.05
RH1,6777,26.113,0.935,3,2.04
RH1,6778,26.080,0.927,3,2.03
RH1,6779,26.047,0.919,3,2.03
RH1,6780,26.013,0.911,3,2.02
RH1,6781,25.979,0.903,3,2.02
RH1,6782,25.945,0.895,3,2.01
RH1,6783,25.911,0.887,3,2.01
RH1,6784,25.876,0.879,3,2.00
RH1,6785,25.841,0.872,3,1.99
RH1,6786,25.805,0.864,3,1.99
RH1,6787,25.770,0.856,3,1.98
RH1,6788,25.733,0.848,2,1.98
RH1,6789,25.697,0.841,2,1.97
RH1,6790,25.660,0.833,2,1.97
RH1,6791,25.623,0.825,2,1.96
RH1,6792,25.586,0.818,2,1.95
RH1,6793,25.548,0.810,2,1.94
RH1,6794,25.510,0.802,2,1.93
RH1,6795,25.472,0.795,2,1.92
RH1,6796,25.433,0.787,2,1.91
RH1,6797,25.394,0.780,2,1.90
RH1,6798,25.355,0.772,2,1.89
RH1,6799,25.315,0.765,2,1.88
RH1,6800,25.275,0.757,2,1.87
RH1,6801,25.235,0.750,2,1.85
RH1,6802,25.194,0.743,2,1.84
RH1,6803,25.153,0.735,2,1.82
RH1,6804,25.112,0.728,2,1.81
RH1,6805,25.070,0.721,2,1.79
RH1,6806,25.028,0.714,2,1.78
RH1,6807,24.986,0.707,2,1.76
RH1,6808,24.943,0.699,2,1.75
RH1,6809,24.900,0.692,2,1.73
RH1,6810,24.857,0.685,2,1.71
RH1,6811,24.813,0.678,2,1.69
RH1,6812,24.769,0.671,2,1.68
RH1,6813,24.724,0.664,2,1.66
RH1,6814,24.679,0.657,2,1.64
RH1,6815,24.634,0.650,2,1.62
RH1,6816,24.589,0.644,2,1.60
RH1,6817,24.543,0.637,2,1.58
RH1,6818,24.496,0.630,2,1.57
RH1,6819,24.450,0.623,2,1.55
RH1,6820,24.403,0.617,2,1.53
RH1,6821,24.355,0.610,2,1.51
RH1,6822,24.308,0.603,2,1.49
RH1,6823,24.259,0.597,2,1.47
RH1,6824,24.211,0.590,2,1.45
RH1,6825,24.162,0.584,2,1.43
RH1,6826,24.113,0.577,2,1.41
RH1,6827,24.063,0.571,2,1.39
RH1,6828,24.013,0.565,2,1.38
RH1,6829,23.963,0.558,2,1.36
RH1,6830,23.912,0.552,2,1.34
RH1,6831,23.861,0.546,2,1.32
RH1,6832,23.809,0.540,2,1.30
RH1,6833,23.757,0.533,2,1.29
RH1,6834,23.705,0.527,2,1.27
RH1,6835,23.652,0.521,2,1.25
RH1,6836,23.599,0.515,2,1.23
RH1,6837,23.546,0.509,2,1.22
RH1,6838,23.492,0.503,2,1.20
RH1,6839,23.437,0.498,2,1.19
RH1,6840,23.383,0.492,2,1.17
RH1,6841,23.328,0.486,2,1.16
RH1,6842,23.272,0.480,2,1.15
RH1,6843,23.216,0.475,2,1.13
RH1,6844,23.160,0.469,2,1.12
RH1,6845,23.103,0.463,2,1.11
RH1,6846,23.046,0.458,2,1.10
RH1,6847,22.989,0.452,2,1.08
RH1,6848,22.931,0.447,2,1.07
RH1,6849,22.873,0.442,2,1.06
RH1,6850,22.814,0.436,2,1.06
RH1,6851,22.755,0.431,2,1.05
RH1,6852,22.695,0.426,2,1.04
RH1,6853,22.635,0.421,2,1.03
RH1,6854,22.575,0.416,2,1.02
RH1,6855,22.514,0.411,2,1.02
RH1,6856,22.453,0.406,2,1.01
RH1,6857,22.391,0.401,2,1.00
RH1,6858,22.329,0.396,2,0.99
RH1,6859,22.266,0.391,2,0.98
RH1,6860,22.203,0.386,2,0.98
RH1,6861,22.140,0.382,2,0.97
RH1,6862,22.076,0.377,2,0.96
RH1,6863,22.012,,1,0.95
RH1,6864,21.947,,1,0.94
RH1,6865,21.882,,1,0.93
RH1,6866,21.817,,1,0.92
RH1,6867,21.751,,1,0.91
RH1,6868,21.684,,1,0.90
RH1,6869,21.617,,1,0.89
RH1,6870,21.550,,1,0.88
RH1,6871,21.482,,1,0.86
RH1,6872,21.414,,1,0.85
RH1,6873,21.345,,1,0.83
RH1,6874,21.276,,1,0.82
RH1,6875,21.207,,1,0.80
RH1,6876,21.137,,1,0.79
RH1,6877,21.066,,1,0.77
RH1,6878,20.995,,1,0.75
RH1,6879,20.924,,1,0.74
RH1,6880,20.852,,1,0.72
RH1,6881,20.780,,1,0.70
RH1,6882,20.707,,1,0.68
RH1,6883,20.634,,1,0.66
RH1,6884,20.560,,1,0.64
RH1,6885,20.486,,1,0.62
RH1,6886,20.411,,1,0.60
RH1,6887,20.336,,1,0.59
RH1,6888,20.261,,1,0.57
RH1,6889,20.185,,1,0.55
RH1,6890,20.108,,1,0.53
RH1,6891,20.031,,1,0.51
RH1,6892,19.954,,1,0.49
RH1,6893,19.876,,1,0.47
RH1,6894,19.797,,1,0.45
RH1,6895,19.718,,1,0.43
RH1,6896,19.639,,1,0.41
RH1,6897,19.559,,1,0.39
RH1,6898,19.479,,1,0.37
RH1,6899,19.398,,1,0.35
RH1,6900,19.316,,1,0.33
RH1,6901,19.235,,1,0.31
RH1,6902,19.152,,1,0.29
RH1,6903,19.070,,1,0.27
RH1,6904,18.986,,1,0.26
RH1,6905,18.902,,1,0.24
RH1,6906,18.818,,1,0.22
RH1,6907,18.733,,1,0.21
RH1,6908,18.648,,1,0.19
RH1,6909,18.562,,1,0.18
RH1,6910,18.476,,1,0.16
RH1,6911,18.389,,1,0.15
RH1,6912,18.302,,1,0.13
RH1,6913,18.214,,1,0.12
RH1,6914,18.125,,1,0.11
RH1,6915,18.037,,1,0.09
RH1,6916,17.947,,1,0.08
RH1,6917,17.857,,1,0.07
RH1,6918,17.767,,1,0.06
RH1,6919,17.676,,1,0.05
RH1,6920,17.584,,1,0.04
RH1,6921,17.492,,1,0.04
RH1,6922,17.400,,1,0.03
RH1,6923,17.307,,1,0.02
RH1,6924,17.213,,1,0.02
RH1,6925,17.119,,1,0.01
RH1,6926,17.025,,1,0.01
RH1,6927,16.930,,1,0.01
RH1,6928,16.834,,1,0.00
RH1,6929,16.738,,1,0.00
RH1,6930,16.641,,1,0.00
RH2,6409,15.250,,1,0.00
RH2,6410,15.282,,1,0.00
RH2,6411,15.314,,1,0.00
RH2,6412,15.347,,1,0.00
RH2,6413,15.379,,1,0.01
RH2,6414,15.412,,1,0.01
RH2,6415,15.444,,1,0.01
RH2,6416,15.477,,1,0.01
RH2,6417,15.510,,1,0.02
RH2,6418,15.542,,1,0.02
RH2,6419,15.575,,1,0.03
RH2,6420,15.608,,1,0.03
RH2,6421,15.641,,1,0.04
RH2,6422,15.674,,1,0.04
RH2,6423,15.707,,1,0.05
RH2,6424,15.740,,1,0.05
RH2,6425,15.773,,1,0.06
RH2,6426,15.807,,1,0.07
RH2,6427,15.840,,1,0.07
RH2,6428,15.873,,1,0.08
RH2,6429,15.907,,1,0.09
RH2,6430,15.940,,1,0.10
RH2,6431,15.974,,1,0.11
RH2,6432,16.008,,1,0.12
RH2,6433,16.041,,1,0.13
RH2,6434,16.075,,1,0.14
RH2,6435,16.109,,1,0.15
RH2,6436,16.143,,1,0.16
RH2,6437,16.177,,1,0.17
RH2,6438,16.210,,1,0.18
RH2,6439,16.245,,1,0.19
RH2,6440,16.279,,1,0.20
RH2,6441,16.313,,1,0.21
RH2,6442,16.347,,1,0.22
RH2,6443,16.381,,1,0.24
RH2,6444,16.415,,1,0.25
RH2,6445,16.450,,1,0.26
RH2,6446,16.484,,1,0.27
RH2,6447,16.519,,1,0.29
RH2,6448,16.553,,1,0.30
RH2,6449,16.588,,1,0.31
RH2,6450,16.622,,1,0.33
RH2,6451,16.657,,1,0.34
RH2,6452,16.692,,1,0.36
RH2,6453,16.726,,1,0.37
RH2,6454,16.761,,1,0.38
RH2,6455,16.796,,1,0.40
RH2,6456,16.831,,1,0.41
RH2,6457,16.866,,1,0.43
RH2,6458,16.901,,1,0.44
RH2,6459,16.936,,1,0.46
RH2,6460,16.971,,1,0.47
RH2,6461,17.006,,1,0.48
RH2,6462,17.041,,1,0.50
RH2,6463,17.076,,1,0.51
RH2,6464,17.111,,1,0.53
RH2,6465,17.147,,1,0.54
RH2,6466,17.182,,1,0.56
RH2,6467,17.217,,1,0.57
RH2,6468,17.253,,1,0.59
RH2,6469,17.288,,1,0.60
RH2,6470,17.323,,1,0.61
RH2,6471,17.359,,1,0.63
RH2,6472,17.394,,1,0.64
RH2,6473,17.430,,1,0.66
RH2,6474,17.466,,1,0.67
RH2,6475,17.501,,1,0.68
RH2,6476,17.537,,1,0.70
RH2,6477,17.573,,1,0.71
RH2,6478,17.608,,1,0.72
RH2,6479,17.644,,1,0.74
RH2,6480,17.680,,1,0.75
RH2,6481,17.716,,1,0.76
RH2,6482,17.751,,1,0.77
RH2,6483,17.787,,1,0.79
RH2,6484,17.823,,1,0.80
RH2,6485,17.859,,1,0.81
RH2,6486,17.895,,1,0.82
RH2,6487,17.931,,1,0.83
RH2,6488,17.967,,1,0.84
RH2,6489,18.003,,1,0.85
RH2,6490,18.039,,1,0.86
RH2,6491,18.075,,1,0.87
RH2,6492,18.111,,1,0.88
RH2,6493,18.147,,1,0.89
RH2,6494,18.184,,1,0.90
RH2,6495,18.220,,1,0.91
RH2,6496,18.256,,1,0.92
RH2,6497,18.292,,1,0.92
RH2,6498,18.328,,1,0.93
RH2,6499,18.365,,1,0.94
RH2,6500,18.401,,1,0.95
RH2,6501,18.437,,1,0.95
RH2,6502,18.474,,1,0.96
RH2,6503,18.510,,1,0.96
RH2,6504,18.546,,1,0.97
RH2,6505,18.583,,1,0.97
RH2,6506,18.619,,1,0.98
RH2,6507,18.655,,1,0.98
RH2,6508,18.692,,1,0.99
RH2,6509,18.728,,1,0.99
RH2,6510,18.765,,1,0.99
RH2,6511,18.801,,1,0.99
RH2,6512,18.838,,1,1.00
RH2,6513,18.874,,1,1.00
RH2,6514,18.911,,1,1.00
RH2,6515,18.947,,1,1.00
RH2,6516,18.984,,1,1.00
RH2,6517,19.020,,1,1.00
RH2,6518,19.057,,1,1.00
RH2,6519,19.093,,1,1.00
RH2,6520,19.130,,1,1.00
RH2,6521,19.166,,1,1.00
RH2,6522,19.203,,1,1.00
RH2,6523,19.239,,1,1.00
RH2,6524,19.276,,1,1.00
RH2,6525,19.313,,1,1.00
RH2,6526,19.349,,1,1.00
RH2,6527,19.386,,1,1.00
RH2,6528,19.422,,1,1.00
RH2,6529,19.459,,1,1.00
RH2,6530,19.495,,1,1.00
RH2,6531,19.532,,1,1.00
RH2,6532,19.569,,1,1.00
RH2,6533,19.605,,1,1.00
RH2,6534,19.642,,1,1.00
RH2,6535,19.678,,1,1.00
RH2,6536,19.715,,1,1.00
RH2,6537,19.752,,1,1.00
RH2,6538,19.788,,1,1.00
RH2,6539,19.825,,1,1.00
RH2,6540,19.861,,1,1.00
RH2,6541,19.898,,1,1.00
RH2,6542,19.934,,1,1.00
RH2,6543,19.971,,1,1.00
RH2,6544,20.008,1.076,2,1.00
RH2,6545,20.044,1.076,2,1.00
RH2,6546,20.081,1.076,2,1.00
RH2,6547,20.117,1.076,2,1.00
RH2,6548,20.154,1.075,2,1.00
RH2,6549,20.190,1.075,2,1.01
RH2,6550,20.227,1.075,2,1.01
RH2,6551,20.263,1.074,2,1.01
RH2,6552,20.300,1.074,2,1.02
RH2,6553,20.336,1.074,2,1.02
RH2,6554,20.373,1.073,2,1.03
RH2,6555,20.409,1.073,2,1.03
RH2,6556,20.446,1.073,2,1.04
RH2,6557,20.482,1.072,2,1.04
RH2,6558,20.518,1.072,2,1.05
RH2,6559,20.555,1.071,2,1.06
RH2,6560,20.591,1.071,2,1.06
RH2,6561,20.627,1.070,2,1.07
RH2,6562,20.664,1.070,2,1.08
RH2,6563,20.700,1.069,2,1.09
RH2,6564,20.736,1.069,2,1.10
RH2,6565,20.773,1.068,2,1.11
RH2,6566,20.809,1.068,2,1.12
RH2,6567,20.845,1.067,2,1.13
RH2,6568,20.881,1.067,2,1.14
RH2,6569,20.918,1.066,2,1.15
RH2,6570,20.954,1.065,2,1.16
RH2,6571,20.990,1.065,2,1.17
RH2,6572,21.026,1.064,2,1.18
RH2,6573,21.062,1.064,2,1.20
RH2,6574,21.098,1.063,2,1.21
RH2,6575,21.134,1.062,2,1.22
RH2,6576,21.171,1.062,2,1.23
RH2,6577,21.207,1.061,2,1.25
RH2,6578,21.243,1.060,2,1.26
RH2,6579,21.279,1.060,2,1.28
RH2,6580,21.314,1.059,2,1.29
RH2,6581,21.350,1.058,2,1.30
RH2,6582,21.386,1.058,2,1.32
RH2,6583,21.422,1.057,2,1.33
RH2,6584,21.458,1.056,2,1.35
RH2,6585,21.494,1.056,2,1.36
RH2,6586,21.529,1.055,2,1.38
RH2,6587,21.565,1.054,2,1.39
RH2,6588,21.601,1.054,2,1.41
RH2,6589,21.637,1.053,2,1.42
RH2,6590,21.672,1.052,2,1.44
RH2,6591,21.708,1.052,2,1.46
RH2,6592,21.743,1.051,2,1.47
RH2,6593,21.779,1.050,2,1.49
RH2,6594,21.814,1.050,2,1.50
RH2,6595,21.850,1.049,2,1.52
RH2,6596,21.885,1.048,2,1.53
RH2,6597,21.921,1.048,2,1.55
RH2,6598,21.956,1.047,3,1.57
RH2,6599,21.991,1.046,3,1.58
RH2,6600,22.027,1.046,3,1.60
RH2,6601,22.062,1.045,3,1.61
RH2,6602,22.097,1.044,3,1.63
RH2,6603,22.132,1.044,3,1.65
RH2,6604,22.167,1.043,3,1.67
RH2,6605,22.202,1.042,3,1.69
RH2,6606,22.237,1.042,3,1.70
RH2,6607,22.272,1.041,3,1.72
RH2,6608,22.307,1.041,3,1.74
RH2,6609,22.342,1.040,3,1.76
RH2,6610,22.377,1.039,3,1.78
RH2,6611,22.412,1.039,3,1.80
RH2,6612,22.447,1.038,3,1.82
RH2,6613,22.481,1.038,3,1.84
RH2,6614,22.516,1.037,3,1.86
RH2,6615,22.551,1.037,3,1.88
RH2,6616,22.585,1.036,3,1.90
RH2,6617,22.620,1.035,3,1.92
RH2,6618,22.654,1.035,3,1.94
RH2,6619,22.689,1.034,3,1.96
RH2,6620,22.723,1.034,3,1.98
RH2,6621,22.757,1.034,3,2.00
RH2,6622,22.792,1.033,3,2.02
RH2,6623,22.826,1.033,3,2.04
RH2,6624,22.860,1.032,3,2.06
RH2,6625,22.894,1.032,3,2.08
RH2,6626,22.928,1.031,3,2.10
RH2,6627,22.962,1.031,3,2.12
RH2,6628,22.996,1.031,3,2.14
RH2,6629,23.030,1.030,3,2.16
RH2,6630,23.064,1.030,3,2.18
RH2,6631,23.098,1.030,3,2.20
RH2,6632,23.131,1.029,3,2.21
RH2,6633,23.165,1.029,3,2.23
RH2,6634,23.199,1.029,3,2.25
RH2,6635,23.232,1.028,3,2.27
RH2,6636,23.266,1.028,3,2.29
RH2,6637,23.299,1.028,3,2.30
RH2,6638,23.332,1.028,3,2.32
RH2,6639,23.366,1.028,3,2.34
RH2,6640,23.399,1.028,3,2.35
RH2,6641,23.432,1.027,3,2.37
RH2,6642,23.465,1.027,3,2.39
RH2,6643,23.498,1.027,3,2.40
RH2,6644,23.531,1.027,3,2.42
RH2,6645,23.564,1.027,3,2.43
RH2,6646,23.597,1.027,3,2.45
RH2,6647,23.630,1.027,3,2.46
RH2,6648,23.663,1.027,3,2.48
RH2,6649,23.695,1.027,3,2.49
RH2,6650,23.728,1.027,3,2.51
RH2,6651,23.760,1.028,3,2.52
RH2,6652,23.793,1.028,3,2.54
RH2,6653,23.825,1.028,3,2.55
RH2,6654,23.858,1.028,3,2.56
RH2,6655,23.890,1.028,3,2.58
RH2,6656,23.922,1.029,3,2.59
RH2,6657,23.954,1.029,3,2.61
RH2,6658,23.986,1.029,3,2.62
RH2,6659,24.018,1.030,3,2.64
RH2,6660,24.050,1.030,3,2.65
RH2,6661,24.082,1.030,3,2.67
RH2,6662,24.113,1.031,3,2.68
RH2,6663,24.145,1.031,3,2.69
RH2,6664,24.177,1.032,3,2.71
RH2,6665,24.208,1.032,3,2.72
RH2,6666,24.240,1.033,3,2.73
RH2,6667,24.271,1.033,3,2.75
RH2,6668,24.302,1.034,3,2.76
RH2,6669,24.333,1.035,3,2.77
RH2,6670,24.364,1.035,3,2.79
RH2,6671,24.395,1.036,3,2.80
RH2,6672,24.426,1.037,3,2.81
RH2,6673,24.457,1.038,3,2.82
RH2,6674,24.488,1.039,3,2.83
RH2,6675,24.519,1.040,3,2.84
RH2,6676,24.549,1.040,3,2.85
RH2,6677,24.580,1.041,3,2.86
RH2,6678,24.610,1.042,3,2.88
RH2,6679,24.641,1.043,3,2.88
RH2,6680,24.671,1.045,3,2.89
RH2,6681,24.701,1.046,3,2.90
RH2,6682,24.731,1.047,3,2.91
RH2,6683,24.761,1.048,3,2.92
RH2,6684,24.791,1.049,3,2.93
RH2,6685,24.821,1.051,3,2.94
RH2,6686,24.851,1.052,3,2.94
RH2,6687,24.880,1.053,3,2.95
RH2,6688,24.910,1.055,3,2.96
RH2,6689,24.939,1.056,3,2.96
RH2,6690,24.969,1.058,3,2.97
RH2,6691,24.998,1.059,3,2.97
RH2,6692,25.027,1.061,3,2.98
RH2,6693,25.056,1.062,3,2.98
RH2,6694,25.085,1.064,3,2.99
RH2,6695,25.114,1.066,3,2.99
RH2,6696,25.143,1.067,3,2.99
RH2,6697,25.172,1.069,3,2.99
RH2,6698,25.201,1.071,3,3.00
RH2,6699,25.229,1.073,3,3.00
RH2,6700,25.258,1.075,3,3.00
RH2,6701,25.286,1.077,3,3.00
RH2,6702,25.314,1.079,3,3.00
RH2,6703,25.342,1.081,3,3.00
RH2,6704,25.370,1.083,3,3.00
RH2,6705,25.398,1.085,3,3.00
RH2,6706,25.426,1.088,3,3.00
RH2,6707,25.454,1.090,3,3.00
RH2,6708,25.482,1.092,3,3.00
RH2,6709,25.509,1.095,3,3.00
RH2,6710,25.536,1.097,3,3.00
RH2,6711,25.564,1.100,3,3.00
RH2,6712,25.591,1.102,3,3.00
RH2,6713,25.618,1.105,3,3.00
RH2,6714,25.645,1.108,3,3.00
RH2,6715,25.672,1.110,3,3.00
RH2,6716,25.699,1.113,3,3.00
RH2,6717,25.726,1.116,3,3.00
RH2,6718,25.752,1.119,3,3.00
RH2,6719,25.779,1.122,3,3.00
RH2,6720,25.805,1.125,3,3.00
RH2,6721,25.831,1.128,3,3.00
RH2,6722,25.857,1.131,3,3.00
RH2,6723,25.884,1.134,3,3.00
RH2,6724,25.909,1.137,3,3.00
RH2,6725,25.935,1.141,3,3.00
RH2,6726,25.961,1.144,3,3.00
RH2,6727,25.987,1.147,3,3.00
RH2,6728,26.012,1.151,3,3.00
RH2,6729,26.037,1.154,3,3.00
RH2,6730,26.063,1.158,3,3.00
RH2,6731,26.088,1.162,3,3.00
RH2,6732,26.113,1.165,3,3.00
RH2,6733,26.138,1.169,3,3.00
RH2,6734,26.163,1.173,3,3.00
RH2,6735,26.187,1.177,3,3.00
RH2,6736,26.212,1.181,3,3.00
RH2,6737,26.236,1.185,3,3.00
RH2,6738,26.261,1.189,3,3.00
RH2,6739,26.285,1.193,3,3.00
RH2,6740,26.309,1.197,3,3.00
RH2,6741,26.333,1.202,3,3.00
RH2,6742,26.357,1.206,3,3.00
RH2,6743,26.380,1.210,3,3.00
RH2,6744,26.404,1.215,3,3.00
RH2,6745,26.427,1.219,3,3.00
RH2,6746,26.451,1.224,3,3.00
RH2,6747,26.474,1.229,3,3.00
RH2,6748,26.497,1.233,3,3.00
RH2,6749,26.520,1.238,3,3.00
RH2,6750,26.543,1.243,3,3.00
RH2,6751,26.566,1.248,3,3.00
RH2,6752,26.588,1.253,3,3.00
RH2,6753,26.611,1.258,3,3.00
RH2,6754,26.633,1.264,3,3.00
RH2,6755,26.655,1.269,3,3.00
RH2,6756,26.677,1.274,3,3.00
RH2,6757,26.699,1.279,3,3.00
RH2,6758,26.721,1.285,3,3.00
RH2,6759,26.743,1.291,3,3.00
RH2,6760,26.764,1.296,4,3.00
RH2,6761,26.786,1.302,4,3.00
RH2,6762,26.807,1.308,4,3.00
RH2,6763,26.828,1.313,4,3.00
RH2,6764,26.849,1.319,4,3.00
RH2,6765,26.870,1.325,4,3.01
RH2,6766,26.891,1.331,4,3.01
RH2,6767,26.912,1.338,4,3.01
RH2,6768,26.932,1.344,4,3.02
RH2,6769,26.953,1.350,4,3.02
RH2,6770,26.973,1.357,4,3.03
RH2,6771,26.993,1.363,4,3.03
RH2,6772,27.013,1.370,4,3.04
RH2,6773,27.033,1.376,4,3.04
RH2,6774,27.053,1.383,4,3.05
RH2,6775,27.073,1.390,4,3.06
RH2,6776,27.093,1.397,4,3.06
RH2,6777,27.112,1.404,4,3.07
RH2,6778,27.131,1.411,4,3.08
RH2,6779,27.151,1.418,4,3.09
RH2,6780,27.170,1.425,4,3.10
RH2,6781,27.189,1.432,4,3.11
RH2,6782,27.208,1.440,4,3.11
RH2,6783,27.227,1.447,4,3.12
RH2,6784,27.245,1.454,4,3.14
RH2,6785,27.264,1.462,4,3.15
RH2,6786,27.282,1.470,4,3.16
RH2,6787,27.301,1.478,4,3.17
RH2,6788,27.319,1.485,4,3.18
RH2,6789,27.337,1.493,4,3.19
RH2,6790,27.355,1.502,4,3.20
RH2,6791,27.373,1.510,4,3.22
RH2,6792,27.391,1.518,4,3.23
RH2,6793,27.408,1.526,4,3.24
RH2,6794,27.426,1.535,4,3.26
RH2,6795,27.443,1.543,4,3.27
RH2,6796,27.461,1.552,4,3.28
RH2,6797,27.478,1.560,4,3.30
RH2,6798,27.495,1.569,4,3.31
RH2,6799,27.512,1.578,4,3.33
RH2,6800,27.529,1.587,4,3.34
RH2,6801,27.546,1.596,4,3.36
RH2,6802,27.562,1.605,4,3.37
RH2,6803,27.579,1.614,4,3.38
RH2,6804,27.595,1.623,4,3.40
RH2,6805,27.612,1.633,4,3.41
RH2,6806,27.628,1.642,4,3.43
RH2,6807,27.644,1.652,4,3.45
RH2,6808,27.660,1.661,4,3.46
RH2,6809,27.676,1.671,4,3.48
RH2,6810,27.692,1.681,4,3.49
RH2,6811,27.708,1.691,4,3.51
RH2,6812,27.723,1.700,4,3.52
RH2,6813,27.739,1.710,4,3.54
RH2,6814,27.754,1.720,4,3.55
RH2,6815,27.770,1.730,4,3.57
RH2,6816,27.785,1.741,4,3.58
RH2,6817,27.800,1.751,4,3.60
RH2,6818,27.815,1.761,4,3.61
RH2,6819,27.830,1.771,4,3.63
RH2,6820,27.845,1.782,4,3.64
RH2,6821,27.859,1.792,4,3.66
RH2,6822,27.874,1.803,4,3.67
RH2,6823,27.888,1.813,4,3.69
RH2,6824,27.903,1.824,4,3.70
RH2,6825,27.917,1.835,4,3.72
RH2,6826,27.931,1.846,4,3.73
RH2,6827,27.946,1.856,4,3.74
RH2,6828,27.960,1.867,4,3.76
RH2,6829,27.974,1.878,4,3.77
RH2,6830,27.987,1.889,4,3.78
RH2,6831,28.001,1.900,4,3.79
RH2,6832,28.015,1.911,4,3.81
RH2,6833,28.028,1.923,4,3.82
RH2,6834,28.042,1.934,4,3.83
RH2,6835,28.055,1.945,4,3.84
RH2,6836,28.068,1.956,4,3.85
RH2,6837,28.082,1.968,4,3.86
RH2,6838,28.095,1.979,4,3.87
RH2,6839,28.108,1.990,4,3.88
RH2,6840,28.121,2.002,4,3.89
RH2,6841,28.133,2.013,4,3.90
RH2,6842,28.146,2.025,4,3.91
RH2,6843,28.159,2.036,4,3.92
RH2,6844,28.171,2.048,4,3.93
RH2,6845,28.184,2.060,4,3.94
RH2,6846,28.196,2.071,4,3.94
RH2,6847,28.208,2.083,4,3.95
RH2,6848,28.220,2.095,4,3.96
RH2,6849,28.233,2.107,4,3.96
RH2,6850,28.245,2.118,4,3.97
RH2,6851,28.256,2.130,4,3.97
RH2,6852,28.268,2.142,4,3.98
RH2,6853,28.280,2.154,4,3.98
RH2,6854,28.292,2.166,4,3.99
RH2,6855,28.303,2.178,4,3.99
RH2,6856,28.315,2.190,4,3.99
RH2,6857,28.326,2.202,4,4.00
RH2,6858,28.338,2.214,4,4.00
RH2,6859,28.349,2.226,4,4.00
RH2,6860,28.360,2.238,4,4.00
RH2,6861,28.371,2.250,4,4.00
RH2,6862,28.382,2.262,4,4.00
RH2,6863,28.393,2.274,4,4.00
RH2,6864,28.404,2.286,4,4.00
RH2,6865,28.414,2.298,4,4.00
RH2,6866,28.425,2.311,4,4.00
RH2,6867,28.436,2.323,4,4.00
RH2,6868,28.446,2.335,4,4.00
RH2,6869,28.457,2.347,4,4.00
RH2,6870,28.467,2.359,4,4.00
RH2,6871,28.477,2.372,4,4.00
RH2,6872,28.487,2.384,4,4.00
RH2,6873,28.498,2.396,4,4.00
RH2,6874,28.508,2.408,4,4.00
RH2,6875,28.518,2.420,4,4.00
RH2,6876,28.527,2.433,4,4.00
RH2,6877,28.537,2.445,4,4.00
RH2,6878,28.547,2.457,4,4.00
RH2,6879,28.557,2.469,4,4.00
RH2,6880,28.566,2.481,4,4.00
RH2,6881,28.576,2.494,4,4.00
RH2,6882,28.585,2.506,4,4.00
RH2,6883,28.594,2.518,4,4.00
RH2,6884,28.604,2.530,4,4.00
RH2,6885,28.613,2.542,4,4.00
RH2,6886,28.622,2.555,4,4.00
RH2,6887,28.631,2.567,4,4.00
RH2,6888,28.640,2.579,4,4.00
RH2,6889,28.649,2.591,4,4.00
RH2,6890,28.658,2.603,4,4.00
RH2,6891,28.667,2.615,4,4.00
RH2,6892,28.675,2.627,4,4.00
RH2,6893,28.684,2.640,4,4.00
RH2,6894,28.693,2.652,4,4.00
RH2,6895,28.701,2.664,4,4.00
RH2,6896,28.710,2.676,4,4.00
RH2,6897,28.718,2.688,4,4.00
RH2,6898,28.726,2.700,4,4.00
RH2,6899,28.735,2.712,4,4.00
RH2,6900,28.743,2.724,4,4.00
RH2,6901,28.751,2.735,4,4.00
RH2,6902,28.759,2.747,4,4.00
RH2,6903,28.767,2.759,4,4.00
RH2,6904,28.775,2.771,4,4.00
RH2,6905,28.783,2.783,4,4.00
RH2,6906,28.790,2.795,4,4.00
RH2,6907,28.798,2.806,4,4.00
RH2,6908,28.806,2.818,4,4.00
RH2,6909,28.813,2.830,4,4.00
RH2,6910,28.821,2.841,4,4.00
RH2,6911,28.828,2.853,4,4.00
RH2,6912,28.836,2.864,4,4.00
RH2,6913,28.843,2.876,4,4.00
RH2,6914,28.850,2.887,4,4.00
RH2,6915,28.858,2.899,4,4.00
RH2,6916,28.865,2.910,4,4.00
RH2,6917,28.872,2.922,4,4.00
RH2,6918,28.879,2.933,4,4.00
RH2,6919,28.886,2.944,4,4.00
RH2,6920,28.893,2.955,4,4.00
RH2,6921,28.900,2.967,4,4.00
RH2,6922,28.907,2.978,4,4.00
RH2,6923,28.913,2.989,4,4.00
RH2,6924,28.920,3.000,4,4.00
RH2,6925,28.927,3.011,4,4.00
RH2,6926,28.933,3.022,4,4.00
RH2,6927,28.940,3.032,4,4.00
RH2,6928,28.946,3.043,4,4.00
RH2,6929,28.953,3.054,4,4.00
RH2,6930,28.959,3.065,4,4.00
RH2,6931,28.965,3.075,4,4.00
RH2,6932,28.972,3.086,4,4.00
RH2,6933,28.978,3.096,4,4.00
RH2,6934,28.984,3.107,4,4.00
RH2,6935,28.990,3.117,4,4.00
RH2,6936,28.996,3.128,4,4.00
RH2,6937,29.002,3.138,4,4.00
RH2,6938,29.008,3.148,4,4.00
RH2,6939,29.014,3.158,4,4.00
RH2,6940,29.020,3.168,4,4.00
RH2,6941,29.026,3.178,4,4.00
RH2,6942,29.032,3.188,4,4.00
RH2,6943,29.037,3.198,4,4.00
RH2,6944,29.043,3.208,4,4.00
RH2,6945,29.049,3.217,4,4.00
RH2,6946,29.054,3.227,4,4.00
RH2,6947,29.060,3.237,4,4.00
RH2,6948,29.065,3.246,4,4.00
RH2,6949,29.071,3.255,4,4.00
RH2,6950,29.076,3.265,4,4.00
RH2,6951,29.081,3.274,4,4.00
RH2,6952,29.087,3.283,4,4.00
RH2,6953,29.092,3.292,4,4.00
RH2,6954,29.097,3.301,4,4.00
RH2,6955,29.102,3.310,4,4.00
RH2,6956,29.107,3.319,4,4.00
RH2,6957,29.113,3.328,4,4.00
RH2,6958,29.118,3.336,4,4.00
RH2,6959,29.123,3.345,4,4.00
RH2,6960,29.128,3.353,4,4.00
RH2,6961,29.132,3.362,4,4.00
RH2,6962,29.137,3.370,4,4.00
RH2,6963,29.142,3.378,4,4.00
RH2,6964,29.147,3.386,4,4.00
RH2,6965,29.152,3.394,4,4.00
RH2,6966,29.156,3.402,4,4.00
RH2,6967,29.161,3.410,4,4.00
RH2,6968,29.166,3.417,4,4.00
RH2,6969,29.170,3.425,4,4.00
RH2,6970,29.175,3.433,4,4.00
RH2,6971,29.180,3.440,4,4.00
RH2,6972,29.184,3.447,4,4.00
RH2,6973,29.189,3.454,4,4.00
RH2,6974,29.193,3.461,4,4.00
RH2,6975,29.197,3.468,4,4.00
RH2,6976,29.202,3.475,4,4.00
RH2,6977,29.206,3.482,4,4.00
RH2,6978,29.210,3.489,4,4.00
RH2,6979,29.215,3.495,4,4.00
RH2,6980,29.219,3.502,4,4.00
RH2,6981,29.223,3.508,4,4.00
RH2,6982,29.227,3.514,4,4.00
RH2,6983,29.231,3.520,4,4.00
RH2,6984,29.235,3.526,4,4.00
RH2,6985,29.240,3.532,4,4.00
RH2,6986,29.244,3.538,4,4.00
RH2,6987,29.248,3.543,4,4.00
RH2,6988,29.252,3.549,4,4.00
RH2,6989,29.256,3.554,4,4.00
RH2,6990,29.259,3.559,4,4.00
RH2,6991,29.263,3.564,4,4.00
RH2,6992,29.267,3.569,4,4.00
RH2,6993,29.271,3.574,4,4.00
RH2,6994,29.275,3.579,4,4.00
RH2,6995,29.279,3.584,4,4.00
RH2,6996,29.282,3.588,4,4.00
RH2,6997,29.286,3.592,4,4.00
RH2,6998,29.290,3.597,4,4.00
RH2,6999,29.294,3.601,4,4.00
RH2,7000,29.297,3.605,4,4.00
RH2,7001,29.301,3.608,4,4.00
RH2,7002,29.305,3.612,4,4.00
RH2,7003,29.308,3.616,4,4.00
RH2,7004,29.312,3.619,4,4.00
RH2,7005,29.315,3.622,4,4.00
RH2,7006,29.319,3.625,4,4.00
RH2,7007,29.322,3.628,4,4.00
RH2,7008,29.326,3.631,4,4.00
RH2,7009,29.329,3.634,4,4.00
RH2,7010,29.333,3.636,4,4.00
RH2,7011,29.336,3.639,4,4.00
RH2,7012,29.340,3.641,4,4.00
RH2,7013,29.343,3.643,4,4.00
RH2,7014,29.346,3.645,4,4.00
RH2,7015,29.350,3.647,4,4.00
RH2,7016,29.353,3.648,4,4.00
RH2,7017,29.356,3.650,4,4.00
RH2,7018,29.360,3.651,4,4.00
RH2,7019,29.363,3.652,4,4.00
RH2,7020,29.366,3.653,4,4.00
RH2,7021,29.370,3.654,4,4.00
RH2,7022,29.373,3.655,4,4.00
RH2,7023,29.376,3.655,4,4.00
RH2,7024,29.379,3.656,4,4.00
RH2,7025,29.382,3.656,4,4.00
RH2,7026,29.386,3.656,4,3.99
RH2,7027,29.389,3.656,4,3.99
RH2,7028,29.392,3.656,4,3.99
RH2,7029,29.395,3.655,4,3.99
RH2,7030,29.398,3.655,4,3.98
RH2,7031,29.401,3.654,4,3.98
RH2,7032,29.405,3.653,4,3.97
RH2,7033,29.408,3.652,4,3.97
RH2,7034,29.411,3.650,4,3.96
RH2,7035,29.414,3.649,4,3.96
RH2,7036,29.417,3.647,4,3.95
RH2,7037,29.420,3.646,4,3.95
RH2,7038,29.423,3.644,4,3.94
RH2,7039,29.426,3.641,4,3.93
RH2,7040,29.429,3.639,4,3.92
RH2,7041,29.432,3.637,4,3.92
RH2,7042,29.435,3.634,4,3.91
RH2,7043,29.438,3.631,4,3.90
RH2,7044,29.441,3.628,4,3.89
RH2,7045,29.444,3.625,4,3.88
RH2,7046,29.447,3.621,4,3.87
RH2,7047,29.450,3.618,4,3.86
RH2,7048,29.453,3.614,4,3.85
RH2,7049,29.456,3.610,4,3.84
RH2,7050,29.459,3.606,4,3.83
RH2,7051,29.462,3.601,4,3.82
RH2,7052,29.465,3.597,4,3.81
RH2,7053,29.468,3.592,4,3.80
RH2,7054,29.471,3.587,4,3.79
RH2,7055,29.474,3.582,4,3.77
RH2,7056,29.477,3.577,4,3.76
RH2,7057,29.480,3.571,4,3.75
RH2,7058,29.483,3.566,4,3.74
RH2,7059,29.486,3.560,4,3.72
RH2,7060,29.489,3.554,4,3.71
RH2,7061,29.492,3.548,4,3.70
RH2,7062,29.495,3.542,4,3.68
RH2,7063,29.498,3.536,4,3.67
RH2,7064,29.501,3.529,4,3.66
RH2,7065,29.504,3.523,4,3.64
RH2,7066,29.507,3.516,4,3.63
RH2,7067,29.510,3.509,4,3.61
RH2,7068,29.513,3.502,4,3.60
RH2,7069,29.516,3.495,4,3.59
RH2,7070,29.519,3.487,4,3.57
RH2,7071,29.523,3.480,4,3.56
RH2,7072,29.526,3.472,4,3.54
RH2,7073,29.529,3.465,4,3.53
RH2,7074,29.532,3.457,4,3.51
RH2,7075,29.535,3.449,4,3.50
RH2,7076,29.538,3.440,4,3.48
RH2,7077,29.541,3.432,4,3.47
RH2,7078,29.544,3.424,4,3.46
RH2,7079,29.547,3.415,4,3.44
RH2,7080,29.550,3.407,4,3.43
RH2,7081,29.553,3.398,4,3.41
RH2,7082,29.556,3.389,4,3.40
RH2,7083,29.560,3.380,4,3.38
RH2,7084,29.563,3.371,4,3.37
RH2,7085,29.566,3.362,4,3.36
RH2,7086,29.569,3.352,4,3.34
RH2,7087,29.572,3.343,4,3.33
RH2,7088,29.575,3.334,4,3.31
RH2,7089,29.579,3.324,4,3.30
RH2,7090,29.582,3.314,4,3.29
RH2,7091,29.585,3.304,4,3.27
RH2,7092,29.588,3.294,4,3.26
RH2,7093,29.592,3.284,4,3.25
RH2,7094,29.595,3.274,4,3.24
RH2,7095,29.598,3.264,4,3.22
RH2,7096,29.602,3.254,4,3.21
RH2,7097,29.605,3.244,4,3.20
RH2,7098,29.608,3.233,4,3.19
RH2,7099,29.612,3.223,4,3.18
RH2,7100,29.615,3.212,4,3.17
RH2,7101,29.618,3.201,4,3.16
RH2,7102,29.622,3.191,4,3.15
RH2,7103,29.625,3.180,4,3.14
RH2,7104,29.629,3.169,4,3.13
RH2,7105,29.632,3.158,4,3.12
RH2,7106,29.635,3.147,4,3.11
RH2,7107,29.639,3.136,4,3.10
RH2,7108,29.642,3.125,4,3.09
RH2,7109,29.646,3.113,4,3.08
RH2,7110,29.649,3.102,4,3.07
RH2,7111,29.652,3.091,4,3.07
RH2,7112,29.656,3.080,4,3.06
RH2,7113,29.659,3.068,4,3.05
RH2,7114,29.663,3.057,4,3.04
RH2,7115,29.666,3.045,4,3.03
RH2,7116,29.669,3.033,4,3.03
RH2,7117,29.673,3.022,4,3.02
RH2,7118,29.676,3.010,4,3.01
RH2,7119,29.679,2.999,4,3.00
RH2,7120,29.683,2.987,4,2.99
RH2,7121,29.686,2.975,4,2.98
RH2,7122,29.689,2.963,4,2.98
RH2,7123,29.692,2.951,4,2.97
RH2,7124,29.695,2.939,4,2.96
RH2,7125,29.699,2.928,4,2.95
RH2,7126,29.702,2.916,4,2.94
RH2,7127,29.705,2.904,4,2.93
RH2,7128,29.708,2.892,4,2.92
RH2,7129,29.711,2.880,3,2.91
RH2,7130,29.714,2.868,3,2.90
RH2,7131,29.717,2.856,3,2.89
RH2,7132,29.720,2.844,3,2.88
RH2,7133,29.723,2.832,3,2.87
RH2,7134,29.725,2.819,3,2.86
RH2,7135,29.728,2.807,3,2.85
RH2,7136,29.731,2.795,3,2.84
RH2,7137,29.734,2.783,3,2.83
RH2,7138,29.736,2.771,3,2.82
RH2,7139,29.739,2.759,3,2.81
RH2,7140,29.741,2.747,3,2.79
RH2,7141,29.744,2.735,3,2.78
RH2,7142,29.746,2.723,3,2.77
RH2,7143,29.749,2.711,3,2.75
RH2,7144,29.751,2.699,3,2.74
RH2,7145,29.753,2.687,3,2.73
RH2,7146,29.755,2.675,3,2.71
RH2,7147,29.758,2.663,3,2.70
RH2,7148,29.760,2.651,3,2.68
RH2,7149,29.762,2.639,3,2.67
RH2,7150,29.764,2.627,3,2.65
RH2,7151,29.765,2.615,3,2.64
RH2,7152,29.767,2.603,3,2.62
RH2,7153,29.769,2.591,3,2.61
RH2,7154,29.771,2.579,3,2.59
RH2,7155,29.772,2.567,3,2.58
RH2,7156,29.774,2.556,3,2.56
RH2,7157,29.775,2.544,3,2.55
RH2,7158,29.777,2.532,3,2.53
RH2,7159,29.778,2.521,3,2.51
RH2,7160,29.779,2.509,3,2.50
RH2,7161,29.780,2.497,3,2.48
RH2,7162,29.781,2.486,3,2.47
RH2,7163,29.782,2.474,3,2.45
RH2,7164,29.783,2.463,3,2.44
RH2,7165,29.784,2.452,3,2.42
RH2,7166,29.784,2.440,3,2.41
RH2,7167,29.785,2.429,3,2.39
RH2,7168,29.785,2.418,3,2.37
RH2,7169,29.786,2.407,3,2.36
RH2,7170,29.786,2.396,3,2.34
RH2,7171,29.786,2.385,3,2.33
RH2,7172,29.786,2.374,3,2.31
RH2,7173,29.786,2.363,3,2.30
RH2,7174,29.786,2.352,3,2.29
RH2,7175,29.786,2.341,3,2.27
RH2,7176,29.785,2.331,3,2.26
RH2,7177,29.785,2.320,3,2.24
RH2,7178,29.784,2.310,3,2.23
RH2,7179,29.783,2.299,3,2.22
RH2,7180,29.783,2.289,3,2.21
RH2,7181,29.782,2.279,3,2.19
RH2,7182,29.781,2.269,3,2.18
RH2,7183,29.779,2.259,3,2.17
RH2,7184,29.778,2.249,3,2.16
RH2,7185,29.777,2.239,3,2.15
RH2,7186,29.775,2.229,3,2.13
RH2,7187,29.774,2.219,3,2.12
RH2,7188,29.772,2.210,3,2.11
RH2,7189,29.770,2.200,3,2.10
RH2,7190,29.768,2.191,3,2.09
RH2,7191,29.766,2.181,3,2.09
RH2,7192,29.763,2.172,3,2.08
RH2,7193,29.761,2.163,3,2.07
RH2,7194,29.758,2.154,3,2.06
RH2,7195,29.755,2.145,3,2.05
RH2,7196,29.753,2.137,3,2.04
RH2,7197,29.750,2.128,3,2.04
RH2,7198,29.746,2.120,3,2.03
RH2,7199,29.743,2.111,3,2.02
RH2,7200,29.740,2.103,3,2.01
RH2,7201,29.736,2.095,3,2.00
RH2,7202,29.732,2.087,3,1.99
RH2,7203,29.729,2.079,3,1.99
RH2,7204,29.724,2.071,3,1.98
RH2,7205,29.720,2.064,3,1.97
RH2,7206,29.716,2.056,3,1.96
RH2,7207,29.711,2.049,3,1.95
RH2,7208,29.707,2.042,3,1.95
RH2,7209,29.702,2.035,3,1.94
RH2,7210,29.697,2.028,2,1.93
RH2,7211,29.692,2.021,2,1.92
RH2,7212,29.686,2.015,2,1.91
RH2,7213,29.681,2.008,2,1.91
RH2,7214,29.675,2.002,2,1.90
RH2,7215,29.669,1.996,2,1.89
RH2,7216,29.663,1.990,2,1.88
RH2,7217,29.657,1.984,2,1.87
RH2,7218,29.651,1.978,2,1.86
RH2,7219,29.644,1.973,2,1.85
RH2,7220,29.638,1.968,2,1.84
RH2,7221,29.631,1.963,2,1.83
RH2,7222,29.624,1.958,2,1.81
RH2,7223,29.617,1.953,2,1.80
RH2,7224,29.609,1.948,2,1.79
RH2,7225,29.601,1.944,2,1.78
RH2,7226,29.594,1.939,2,1.76
RH2,7227,29.586,1.935,2,1.75
RH2,7228,29.578,1.931,2,1.74
RH2,7229,29.569,1.928,2,1.73
RH2,7230,29.561,1.924,2,1.71
RH2,7231,29.552,1.921,2,1.70
RH2,7232,29.543,1.917,2,1.68
RH2,7233,29.534,1.914,2,1.67
RH2,7234,29.524,1.912,2,1.66
RH2,7235,29.515,1.909,2,1.64
RH2,7236,29.505,1.907,2,1.63
RH2,7237,29.495,1.904,2,1.61
RH2,7238,29.485,1.902,2,1.60
RH2,7239,29.474,1.900,2,1.58
RH2,7240,29.464,1.899,2,1.57
RH2,7241,29.453,1.897,2,1.55
RH2,7242,29.442,1.896,2,1.54
RH2,7243,29.431,1.895,2,1.52
RH2,7244,29.419,1.895,2,1.51
RH2,7245,29.408,1.894,2,1.49
RH2,7246,29.396,1.894,2,1.48
RH2,7247,29.384,1.894,2,1.46
RH2,7248,29.371,1.894,2,1.45
RH2,7249,29.359,1.894,2,1.44
RH2,7250,29.346,1.895,2,1.42
RH2,7251,29.333,1.895,2,1.41
RH2,7252,29.320,1.896,2,1.39
RH2,7253,29.306,1.898,2,1.38
RH2,7254,29.293,1.899,2,1.36
RH2,7255,29.279,1.901,2,1.35
RH2,7256,29.265,1.903,2,1.33
RH2,7257,29.250,1.905,2,1.32
RH2,7258,29.236,1.907,2,1.31
RH2,7259,29.221,1.910,2,1.29
RH2,7260,29.206,1.913,2,1.28
RH2,7261,29.190,1.916,2,1.27
RH2,7262,29.175,1.919,2,1.25
RH2,7263,29.159,1.923,2,1.24
RH2,7264,29.143,1.927,2,1.23
RH2,7265,29.127,1.931,2,1.21
RH2,7266,29.110,1.936,2,1.20
RH2,7267,29.093,1.940,2,1.19
RH2,7268,29.076,1.945,2,1.18
RH2,7269,29.059,1.951,2,1.17
RH2,7270,29.041,1.956,2,1.16
RH2,7271,29.023,1.962,2,1.15
RH2,7272,29.005,1.968,2,1.14
RH2,7273,28.987,1.974,2,1.12
RH2,7274,28.968,1.981,2,1.12
RH2,7275,28.949,1.988,2,1.11
RH2,7276,28.930,1.995,2,1.10
RH2,7277,28.910,2.002,2,1.09
RH2,7278,28.891,2.010,2,1.08
RH2,7279,28.871,2.018,2,1.07
RH2,7280,28.851,2.026,2,1.06
RH2,7281,28.830,2.035,2,1.06
RH2,7282,28.809,2.043,2,1.05
RH2,7283,28.788,2.052,2,1.04
RH2,7284,28.767,2.062,2,1.04
RH2,7285,28.745,2.072,2,1.03
RH2,7286,28.723,2.082,2,1.03
RH2,7287,28.701,2.092,2,1.02
RH2,7288,28.678,2.103,2,1.02
RH2,7289,28.656,2.113,2,1.01
RH2,7290,28.633,2.125,2,1.01
RH2,7291,28.609,2.136,2,1.01
RH2,7292,28.586,2.148,2,1.01
RH2,7293,28.562,2.160,2,1.00
RH2,7294,28.537,2.173,2,1.00
RH2,7295,28.513,2.186,2,1.00
RH2,7296,28.488,2.199,2,1.00
RH2,7297,28.463,2.212,2,1.00
RH2,7298,28.437,,1,1.00
RH2,7299,28.412,,1,1.00
RH2,7300,28.386,,1,1.00
RH2,7301,28.359,,1,1.00
RH2,7302,28.333,,1,1.00
RH2,7303,28.306,,1,1.00
RH2,7304,28.278,,1,1.00
RH2,7305,28.251,,1,1.00
RH2,7306,28.223,,1,1.00
RH2,7307,28.195,,1,1.00
RH2,7308,28.166,,1,1.00
RH2,7309,28.137,,1,1.00
RH2,7310,28.108,,1,1.00
RH2,7311,28.079,,1,1.00
RH2,7312,28.049,,1,1.00
RH2,7313,28.019,,1,1.00
RH2,7314,27.988,,1,1.00
RH2,7315,27.958,,1,1.00
RH2,7316,27.926,,1,1.00
RH2,7317,27.895,,1,1.00
RH2,7318,27.863,,1,1.00
RH2,7319,27.831,,1,1.00
RH2,7320,27.799,,1,1.00
RH2,7321,27.766,,1,1.00
RH2,7322,27.733,,1,1.00
RH2,7323,27.699,,1,1.00
RH2,7324,27.665,,1,1.00
RH2,7325,27.631,,1,1.00
RH2,7326,27.597,,1,1.00
RH2,7327,27.562,,1,1.00
RH2,7328,27.527,,1,1.00
RH2,7329,27.491,,1,1.00
RH2,7330,27.455,,1,1.00
RH2,7331,27.419,,1,1.00
RH2,7332,27.382,,1,1.00
RH2,7333,27.346,,1,1.00
RH2,7334,27.308,,1,1.00
RH2,7335,27.271,,1,1.00
RH2,7336,27.232,,1,1.00
RH2,7337,27.194,,1,1.00
RH2,7338,27.155,,1,1.00
RH2,7339,27.116,,1,1.00
RH2,7340,27.077,,1,1.00
RH2,7341,27.037,,1,1.00
RH2,7342,26.997,,1,1.00
RH2,7343,26.956,,1,0.99
RH2,7344,26.915,,1,0.99
RH2,7345,26.874,,1,0.99
RH2,7346,26.832,,1,0.98
RH2,7347,26.790,,1,0.98
RH2,7348,26.747,,1,0.97
RH2,7349,26.704,,1,0.97
RH2,7350,26.661,,1,0.96
RH2,7351,26.618,,1,0.96
RH2,7352,26.574,,1,0.95
RH2,7353,26.529,,1,0.94
RH2,7354,26.484,,1,0.94
RH2,7355,26.439,,1,0.93
RH2,7356,26.394,,1,0.92
RH2,7357,26.348,,1,0.91
RH2,7358,26.301,,1,0.90
RH2,7359,26.254,,1,0.89
RH2,7360,26.207,,1,0.89
RH2,7361,26.160,,1,0.88
RH2,7362,26.112,,1,0.86
RH2,7363,26.063,,1,0.85
RH2,7364,26.015,,1,0.84
RH2,7365,25.965,,1,0.83
RH2,7366,25.916,,1,0.82
RH2,7367,25.866,,1,0.81
RH2,7368,25.815,,1,0.80
RH2,7369,25.765,,1,0.78
RH2,7370,25.713,,1,0.77
RH2,7371,25.662,,1,0.76
RH2,7372,25.610,,1,0.74
RH2,7373,25.557,,1,0.73
RH2,7374,25.504,,1,0.72
RH2,7375,25.451,,1,0.70
RH2,7376,25.397,,1,0.69
RH2,7377,25.343,,1,0.67
RH2,7378,25.288,,1,0.66
RH2,7379,25.233,,1,0.64
RH2,7380,25.178,,1,0.63
RH2,7381,25.122,,1,0.62
RH2,7382,25.065,,1,0.60
RH2,7383,25.009,,1,0.59
RH2,7384,24.952,,1,0.57
RH2,7385,24.894,,1,0.55
RH2,7386,24.836,,1,0.54
RH2,7387,24.777,,1,0.52
RH2,7388,24.718,,1,0.51
RH2,7389,24.659,,1,0.49
RH2,7390,24.599,,1,0.48
RH2,7391,24.539,,1,0.46
RH2,7392,24.478,,1,0.45
RH2,7393,24.417,,1,0.43
RH2,7394,24.355,,1,0.42
RH2,7395,24.293,,1,0.40
RH2,7396,24.230,,1,0.39
RH2,7397,24.167,,1,0.37
RH2,7398,24.104,,1,0.36
RH2,7399,24.040,,1,0.34
RH2,7400,23.975,,1,0.33
RH2,7401,23.911,,1,0.31
RH2,7402,23.845,,1,0.30
RH2,7403,23.779,,1,0.28
RH2,7404,23.713,,1,0.27
RH2,7405,23.646,,1,0.26
RH2,7406,23.579,,1,0.24
RH2,7407,23.512,,1,0.23
RH2,7408,23.443,,1,0.22
RH2,7409,23.375,,1,0.21
RH2,7410,23.306,,1,0.19
RH2,7411,23.236,,1,0.18
RH2,7412,23.166,,1,0.17
RH2,7413,23.095,,1,0.16
RH2,7414,23.024,,1,0.15
RH2,7415,22.953,,1,0.14
RH2,7416,22.881,,1,0.13
RH2,7417,22.808,,1,0.12
RH2,7418,22.735,,1,0.11
RH2,7419,22.662,,1,0.10
RH2,7420,22.588,,1,0.09
RH2,7421,22.513,,1,0.08
RH2,7422,22.438,,1,0.07
RH2,7423,22.363,,1,0.06
RH2,7424,22.287,,1,0.06
RH2,7425,22.210,,1,0.05
RH2,7426,22.134,,1,0.04
RH2,7427,22.056,,1,0.04
RH2,7428,21.978,,1,0.03
RH2,7429,21.900,,1,0.03
RH2,7430,21.821,,1,0.02
RH2,7431,21.741,,1,0.02
RH2,7432,21.661,,1,0.01
RH2,7433,21.581,,1,0.01
RH2,7434,21.499,,1,0.01
RH2,7435,21.418,,1,0.00
RH2,7436,21.336,,1,0.00
RH2,7437,21.253,,1,0.00
RH2,7438,21.170,,1,0.00
RH2,7439,21.086,,1,0.00
RH3,8011,17.376,,1,0.00
RH3,8012,17.447,,1,0.00
RH3,8013,17.517,,1,0.00
RH3,8014,17.587,,1,0.00
RH3,8015,17.657,,1,0.00
RH3,8016,17.726,,1,0.01
RH3,8017,17.796,,1,0.01
RH3,8018,17.864,,1,0.01
RH3,8019,17.933,,1,0.02
RH3,8020,18.001,,1,0.02
RH3,8021,18.069,,1,0.02
RH3,8022,18.136,,1,0.03
RH3,8023,18.203,,1,0.03
RH3,8024,18.270,,1,0.04
RH3,8025,18.337,,1,0.04
RH3,8026,18.403,,1,0.05
RH3,8027,18.468,,1,0.05
RH3,8028,18.534,,1,0.06
RH3,8029,18.599,,1,0.07
RH3,8030,18.664,,1,0.07
RH3,8031,18.728,,1,0.08
RH3,8032,18.793,,1,0.09
RH3,8033,18.856,,1,0.10
RH3,8034,18.920,,1,0.10
RH3,8035,18.983,,1,0.11
RH3,8036,19.046,,1,0.12
RH3,8037,19.109,,1,0.13
RH3,8038,19.171,,1,0.14
RH3,8039,19.233,,1,0.15
RH3,8040,19.295,,1,0.16
RH3,8041,19.356,,1,0.17
RH3,8042,19.417,,1,0.18
RH3,8043,19.478,,1,0.19
RH3,8044,19.538,,1,0.20
RH3,8045,19.598,,1,0.21
RH3,8046,19.658,,1,0.22
RH3,8047,19.717,,1,0.23
RH3,8048,19.777,,1,0.25
RH3,8049,19.836,,1,0.26
RH3,8050,19.894,,1,0.27
RH3,8051,19.952,,1,0.28
RH3,8052,20.010,,1,0.29
RH3,8053,20.068,,1,0.31
RH3,8054,20.125,,1,0.32
RH3,8055,20.182,,1,0.33
RH3,8056,20.239,,1,0.35
RH3,8057,20.296,,1,0.36
RH3,8058,20.352,,1,0.37
RH3,8059,20.408,,1,0.38
RH3,8060,20.463,,1,0.40
RH3,8061,20.519,,1,0.41
RH3,8062,20.574,,1,0.42
RH3,8063,20.628,,1,0.44
RH3,8064,20.683,,1,0.45
RH3,8065,20.737,,1,0.47
RH3,8066,20.791,,1,0.48
RH3,8067,20.844,,1,0.49
RH3,8068,20.898,,1,0.51
RH3,8069,20.951,,1,0.52
RH3,8070,21.003,,1,0.53
RH3,8071,21.056,,1,0.55
RH3,8072,21.108,,1,0.56
RH3,8073,21.160,,1,0.57
RH3,8074,21.211,,1,0.59
RH3,8075,21.263,,1,0.60
RH3,8076,21.314,,1,0.61
RH3,8077,21.365,,1,0.63
RH3,8078,21.415,,1,0.64
RH3,8079,21.465,,1,0.65
RH3,8080,21.515,,1,0.67
RH3,8081,21.565,,1,0.68
RH3,8082,21.614,,1,0.69
RH3,8083,21.663,,1,0.71
RH3,8084,21.712,,1,0.72
RH3,8085,21.761,,1,0.73
RH3,8086,21.809,,1,0.74
RH3,8087,21.857,,1,0.75
RH3,8088,21.905,,1,0.77
RH3,8089,21.953,,1,0.78
RH3,8090,22.000,,1,0.79
RH3,8091,22.047,,1,0.80
RH3,8092,22.094,,1,0.81
RH3,8093,22.140,,1,0.82
RH3,8094,22.186,,1,0.83
RH3,8095,22.232,,1,0.84
RH3,8096,22.278,,1,0.85
RH3,8097,22.323,,1,0.86
RH3,8098,22.369,,1,0.87
RH3,8099,22.414,,1,0.88
RH3,8100,22.458,,1,0.89
RH3,8101,22.503,,1,0.90
RH3,8102,22.547,,1,0.90
RH3,8103,22.591,,1,0.91
RH3,8104,22.635,,1,0.92
RH3,8105,22.678,,1,0.93
RH3,8106,22.721,,1,0.93
RH3,8107,22.764,,1,0.94
RH3,8108,22.807,,1,0.95
RH3,8109,22.850,,1,0.95
RH3,8110,22.892,,1,0.96
RH3,8111,22.934,,1,0.96
RH3,8112,22.976,,1,0.97
RH3,8113,23.017,,1,0.97
RH3,8114,23.058,,1,0.98
RH3,8115,23.099,,1,0.98
RH3,8116,23.140,,1,0.98
RH3,8117,23.181,,1,0.99
RH3,8118,23.221,,1,0.99
RH3,8119,23.261,,1,0.99
RH3,8120,23.301,,1,1.00
RH3,8121,23.341,,1,1.00
RH3,8122,23.380,,1,1.00
RH3,8123,23.419,,1,1.00
RH3,8124,23.458,,1,1.00
RH3,8125,23.497,,1,1.00
RH3,8126,23.535,,1,1.00
RH3,8127,23.574,,1,1.00
RH3,8128,23.612,,1,1.00
RH3,8129,23.650,,1,1.00
RH3,8130,23.687,,1,1.00
RH3,8131,23.725,,1,1.00
RH3,8132,23.762,,1,1.00
RH3,8133,23.799,,1,1.00
RH3,8134,23.836,,1,1.00
RH3,8135,23.872,,1,1.00
RH3,8136,23.908,,1,1.00
RH3,8137,23.944,,1,1.00
RH3,8138,23.980,,1,1.00
RH3,8139,24.016,,1,1.00
RH3,8140,24.051,,1,1.00
RH3,8141,24.087,,1,1.00
RH3,8142,24.122,,1,1.00
RH3,8143,24.157,,1,1.00
RH3,8144,24.191,,1,1.00
RH3,8145,24.226,,1,1.00
RH3,8146,24.260,,1,1.00
RH3,8147,24.294,,1,1.00
RH3,8148,24.328,,1,1.00
RH3,8149,24.361,,1,1.00
RH3,8150,24.395,,1,1.00
RH3,8151,24.428,,1,1.00
RH3,8152,24.461,,1,1.00
RH3,8153,24.494,,1,1.00
RH3,8154,24.526,,1,1.00
RH3,8155,24.559,,1,1.00
RH3,8156,24.591,,1,1.00
RH3,8157,24.623,,1,1.00
RH3,8158,24.655,,1,1.00
RH3,8159,24.686,,1,1.00
RH3,8160,24.718,,1,1.00
RH3,8161,24.749,,1,1.00
RH3,8162,24.780,,1,1.00
RH3,8163,24.811,,1,1.00
RH3,8164,24.842,,1,1.00
RH3,8165,24.872,,1,1.00
RH3,8166,24.902,,1,1.00
RH3,8167,24.933,,1,1.00
RH3,8168,24.963,,1,1.00
RH3,8169,24.992,,1,1.00
RH3,8170,25.022,,1,1.00
RH3,8171,25.051,,1,1.00
RH3,8172,25.081,,1,1.00
RH3,8173,25.110,,1,1.00
RH3,8174,25.138,,1,1.00
RH3,8175,25.167,,1,1.00
RH3,8176,25.196,,1,1.00
RH3,8177,25.224,,1,1.00
RH3,8178,25.252,,1,1.00
RH3,8179,25.280,,1,1.00
RH3,8180,25.308,,1,1.00
RH3,8181,25.336,,1,1.00
RH3,8182,25.363,,1,1.00
RH3,8183,25.391,,1,1.00
RH3,8184,25.418,,1,1.00
RH3,8185,25.445,,1,1.00
RH3,8186,25.472,,1,1.00
RH3,8187,25.498,,1,1.00
RH3,8188,25.525,,1,1.00
RH3,8189,25.551,,1,1.00
RH3,8190,25.577,,1,1.00
RH3,8191,25.603,,1,1.00
RH3,8192,25.629,,1,1.00
RH3,8193,25.655,,1,1.00
RH3,8194,25.681,,1,1.00
RH3,8195,25.706,,1,1.00
RH3,8196,25.731,,1,1.00
RH3,8197,25.756,,1,1.00
RH3,8198,25.781,,1,1.00
RH3,8199,25.806,,1,1.00
RH3,8200,25.831,,1,1.00
RH3,8201,25.855,,1,1.00
RH3,8202,25.880,,1,1.00
RH3,8203,25.904,,1,1.00
RH3,8204,25.928,,1,1.00
RH3,8205,25.952,,1,1.00
RH3,8206,25.976,,1,1.00
RH3,8207,25.999,,1,1.00
RH3,8208,26.023,,1,1.00
RH3,8209,26.046,,1,1.00
RH3,8210,26.069,,1,1.00
RH3,8211,26.092,,1,1.00
RH3,8212,26.115,,1,1.00
RH3,8213,26.138,,1,1.00
RH3,8214,26.161,,1,1.00
RH3,8215,26.183,0.768,2,1.00
RH3,8216,26.206,0.821,2,1.00
RH3,8217,26.228,0.874,2,1.00
RH3,8218,26.250,0.925,2,1.00
RH3,8219,26.272,0.976,2,1.00
RH3,8220,26.294,1.025,2,1.01
RH3,8221,26.316,1.074,2,1.01
RH3,8222,26.337,1.122,2,1.01
RH3,8223,26.359,1.169,2,1.02
RH3,8224,26.380,1.215,2,1.02
RH3,8225,26.401,1.261,2,1.02
RH3,8226,26.422,1.305,2,1.03
RH3,8227,26.443,1.349,2,1.03
RH3,8228,26.464,1.392,2,1.04
RH3,8229,26.485,1.434,2,1.04
RH3,8230,26.506,1.475,2,1.05
RH3,8231,26.526,1.516,2,1.05
RH3,8232,26.547,1.556,2,1.06
RH3,8233,26.567,1.594,2,1.07
RH3,8234,26.587,1.633,2,1.07
RH3,8235,26.607,1.670,2,1.08
RH3,8236,26.627,1.706,2,1.09
RH3,8237,26.647,1.742,2,1.10
RH3,8238,26.666,1.777,2,1.11
RH3,8239,26.686,1.811,2,1.12
RH3,8240,26.706,1.845,2,1.12
RH3,8241,26.725,1.877,2,1.13
RH3,8242,26.744,1.909,2,1.14
RH3,8243,26.763,1.940,2,1.15
RH3,8244,26.782,1.971,2,1.16
RH3,8245,26.801,2.001,2,1.17
RH3,8246,26.820,2.030,2,1.18
RH3,8247,26.839,2.058,2,1.20
RH3,8248,26.858,2.085,2,1.21
RH3,8249,26.876,2.112,2,1.22
RH3,8250,26.895,2.138,2,1.23
RH3,8251,26.913,2.164,2,1.24
RH3,8252,26.931,2.189,2,1.25
RH3,8253,26.950,2.213,2,1.27
RH3,8254,26.968,2.236,2,1.28
RH3,8255,26.986,2.259,2,1.29
RH3,8256,27.003,2.281,2,1.30
RH3,8257,27.021,2.302,2,1.32
RH3,8258,27.039,2.323,2,1.33
RH3,8259,27.057,2.343,2,1.34
RH3,8260,27.074,2.362,2,1.36
RH3,8261,27.092,2.381,2,1.37
RH3,8262,27.109,2.399,2,1.38
RH3,8263,27.126,2.417,2,1.40
RH3,8264,27.143,2.434,2,1.41
RH3,8265,27.160,2.450,2,1.42
RH3,8266,27.177,2.466,2,1.44
RH3,8267,27.194,2.481,2,1.45
RH3,8268,27.211,2.495,2,1.47
RH3,8269,27.228,2.509,2,1.48
RH3,8270,27.245,2.522,2,1.49
RH3,8271,27.261,2.535,2,1.51
RH3,8272,27.278,2.547,2,1.52
RH3,8273,27.294,2.558,2,1.53
RH3,8274,27.311,2.569,2,1.55
RH3,8275,27.327,2.579,2,1.56
RH3,8276,27.343,2.589,2,1.58
RH3,8277,27.360,2.598,2,1.59
RH3,8278,27.376,2.607,2,1.60
RH3,8279,27.392,2.615,2,1.62
RH3,8280,27.408,2.623,2,1.63
RH3,8281,27.424,2.630,2,1.64
RH3,8282,27.439,2.636,2,1.66
RH3,8283,27.455,2.642,2,1.67
RH3,8284,27.471,2.648,2,1.68
RH3,8285,27.487,2.653,2,1.70
RH3,8286,27.502,2.657,2,1.71
RH3,8287,27.518,2.661,2,1.72
RH3,8288,27.533,2.665,2,1.73
RH3,8289,27.549,2.668,2,1.75
RH3,8290,27.564,2.670,2,1.76
RH3,8291,27.579,2.672,2,1.77
RH3,8292,27.594,2.674,2,1.78
RH3,8293,27.610,2.675,2,1.79
RH3,8294,27.625,2.676,2,1.80
RH3,8295,27.640,2.676,2,1.82
RH3,8296,27.655,2.675,2,1.83
RH3,8297,27.670,2.675,2,1.84
RH3,8298,27.685,2.673,2,1.85
RH3,8299,27.700,2.672,2,1.86
RH3,8300,27.714,2.670,2,1.87
RH3,8301,27.729,2.667,2,1.88
RH3,8302,27.744,2.664,2,1.88
RH3,8303,27.759,2.661,2,1.89
RH3,8304,27.773,2.658,2,1.90
RH3,8305,27.788,2.653,2,1.91
RH3,8306,27.802,2.649,2,1.92
RH3,8307,27.817,2.644,2,1.93
RH3,8308,27.831,2.639,2,1.93
RH3,8309,27.846,2.633,2,1.94
RH3,8310,27.860,2.627,2,1.95
RH3,8311,27.875,2.621,2,1.95
RH3,8312,27.889,2.614,2,1.96
RH3,8313,27.903,2.607,2,1.96
RH3,8314,27.918,2.599,2,1.97
RH3,8315,27.932,2.592,2,1.97
RH3,8316,27.946,2.583,2,1.98
RH3,8317,27.960,2.575,2,1.98
RH3,8318,27.974,2.566,2,1.98
RH3,8319,27.988,2.557,2,1.99
RH3,8320,28.003,2.548,2,1.99
RH3,8321,28.017,2.538,2,1.99
RH3,8322,28.031,2.528,2,2.00
RH3,8323,28.045,2.517,2,2.00
RH3,8324,28.059,2.507,2,2.00
RH3,8325,28.073,2.496,2,2.00
RH3,8326,28.087,2.484,2,2.00
RH3,8327,28.101,2.473,2,2.00
RH3,8328,28.114,2.461,2,2.00
RH3,8329,28.128,2.449,2,2.00
RH3,8330,28.142,2.437,2,2.00
RH3,8331,28.156,2.424,2,2.00
RH3,8332,28.170,2.411,2,2.00
RH3,8333,28.184,2.398,2,2.00
RH3,8334,28.198,2.385,2,2.00
RH3,8335,28.211,2.371,2,2.00
RH3,8336,28.225,2.357,2,2.00
RH3,8337,28.239,2.343,2,2.00
RH3,8338,28.253,2.329,2,2.00
RH3,8339,28.266,2.315,2,2.00
RH3,8340,28.280,2.300,2,2.00
RH3,8341,28.294,2.285,2,2.00
RH3,8342,28.307,2.270,2,2.00
RH3,8343,28.321,2.255,2,2.00
RH3,8344,28.335,2.239,2,2.00
RH3,8345,28.348,2.224,2,2.00
RH3,8346,28.362,2.208,2,2.00
RH3,8347,28.375,2.192,2,2.00
RH3,8348,28.389,2.176,2,2.00
RH3,8349,28.402,2.159,2,2.00
RH3,8350,28.416,2.143,2,2.00
RH3,8351,28.429,2.126,2,2.00
RH3,8352,28.443,2.109,2,2.00
RH3,8353,28.456,2.093,2,2.00
RH3,8354,28.470,2.076,2,2.00
RH3,8355,28.483,2.058,2,2.00
RH3,8356,28.497,2.041,2,2.00
RH3,8357,28.510,2.024,2,2.00
RH3,8358,28.523,2.006,2,2.00
RH3,8359,28.537,1.989,2,2.00
RH3,8360,28.550,1.971,2,2.00
RH3,8361,28.563,1.953,2,2.00
RH3,8362,28.577,1.935,2,2.00
RH3,8363,28.590,1.917,2,2.00
RH3,8364,28.603,1.899,2,2.00
RH3,8365,28.616,1.881,2,2.00
RH3,8366,28.630,1.863,2,2.00
RH3,8367,28.643,1.845,2,2.00
RH3,8368,28.656,1.827,2,2.00
RH3,8369,28.669,1.808,2,2.00
RH3,8370,28.682,1.790,2,2.00
RH3,8371,28.695,1.771,2,2.00
RH3,8372,28.708,1.753,2,2.00
RH3,8373,28.721,1.734,2,2.00
RH3,8374,28.734,1.716,2,2.00
RH3,8375,28.747,1.697,2,2.00
RH3,8376,28.760,1.679,2,2.00
RH3,8377,28.773,1.660,2,2.00
RH3,8378,28.786,1.642,2,2.00
RH3,8379,28.799,1.623,2,2.00
RH3,8380,28.812,1.605,2,2.00
RH3,8381,28.825,1.586,2,2.00
RH3,8382,28.838,1.568,2,2.00
RH3,8383,28.850,1.549,2,2.00
RH3,8384,28.863,1.531,2,2.00
RH3,8385,28.876,1.513,2,2.00
RH3,8386,28.889,1.494,2,2.00
RH3,8387,28.902,1.476,2,2.00
RH3,8388,28.914,1.458,2,2.00
RH3,8389,28.927,1.440,2,2.00
RH3,8390,28.940,1.422,2,2.00
RH3,8391,28.952,1.404,2,2.00
RH3,8392,28.965,1.386,2,2.00
RH3,8393,28.977,1.368,2,2.00
RH3,8394,28.990,1.350,2,2.00
RH3,8395,29.002,1.332,2,2.00
RH3,8396,29.015,1.315,2,2.00
RH3,8397,29.027,1.297,2,2.00
RH3,8398,29.040,1.280,2,2.00
RH3,8399,29.052,1.263,2,2.00
RH3,8400,29.065,1.246,2,2.00
RH3,8401,29.077,1.229,2,2.00
RH3,8402,29.089,1.212,2,2.00
RH3,8403,29.102,1.195,2,2.00
RH3,8404,29.114,1.178,2,2.00
RH3,8405,29.126,1.162,2,2.00
RH3,8406,29.139,1.146,2,2.00
RH3,8407,29.151,1.129,2,2.00
RH3,8408,29.163,1.113,2,2.00
RH3,8409,29.175,1.098,2,2.00
RH3,8410,29.187,1.082,2,2.00
RH3,8411,29.200,1.066,2,2.00
RH3,8412,29.212,1.051,2,2.00
RH3,8413,29.224,1.035,2,2.00
RH3,8414,29.236,1.020,2,2.00
RH3,8415,29.248,1.005,2,2.00
RH3,8416,29.260,0.990,2,2.00
RH3,8417,29.272,0.976,2,2.00
RH3,8418,29.284,0.961,2,2.00
RH3,8419,29.296,0.947,2,2.00
RH3,8420,29.308,0.932,2,2.00
RH3,8421,29.319,0.918,2,2.00
RH3,8422,29.331,0.904,2,2.00
RH3,8423,29.343,0.890,2,2.00
RH3,8424,29.355,0.877,2,2.00
RH3,8425,29.367,0.863,2,2.00
RH3,8426,29.378,0.850,2,2.00
RH3,8427,29.390,0.837,2,2.00
RH3,8428,29.402,0.824,2,2.00
RH3,8429,29.413,0.811,2,2.00
RH3,8430,29.425,0.798,2,2.00
RH3,8431,29.437,0.785,2,2.00
RH3,8432,29.448,0.773,2,2.00
RH3,8433,29.460,0.761,2,2.00
RH3,8434,29.471,0.749,2,2.00
RH3,8435,29.483,0.737,2,2.00
RH3,8436,29.494,0.725,2,2.00
RH3,8437,29.505,0.713,2,2.00
RH3,8438,29.517,0.702,2,2.00
RH3,8439,29.528,0.690,2,2.00
RH3,8440,29.539,0.679,2,2.00
RH3,8441,29.551,0.668,2,2.00
RH3,8442,29.562,0.657,2,2.00
RH3,8443,29.573,0.647,2,2.00
RH3,8444,29.584,0.636,2,2.00
RH3,8445,29.596,0.626,2,2.00
RH3,8446,29.607,0.616,2,2.00
RH3,8447,29.618,0.606,2,2.00
RH3,8448,29.629,0.596,2,2.00
RH3,8449,29.640,0.586,2,2.00
RH3,8450,29.651,0.577,2,2.00
RH3,8451,29.662,0.568,2,2.00
RH3,8452,29.673,0.558,2,2.00
RH3,8453,29.684,0.549,2,2.00
RH3,8454,29.695,0.541,2,2.00
RH3,8455,29.706,0.532,2,2.00
RH3,8456,29.716,0.524,2,2.00
RH3,8457,29.727,0.515,2,2.00
RH3,8458,29.738,0.507,2,2.00
RH3,8459,29.749,0.499,2,2.00
RH3,8460,29.760,0.491,2,2.00
RH3,8461,29.770,0.484,2,2.00
RH3,8462,29.781,0.477,2,2.00
RH3,8463,29.791,0.469,2,2.00
RH3,8464,29.802,0.462,2,2.00
RH3,8465,29.813,0.455,2,2.00
RH3,8466,29.823,0.449,2,2.00
RH3,8467,29.834,0.442,2,2.00
RH3,8468,29.844,0.436,2,2.00
RH3,8469,29.854,0.430,2,2.00
RH3,8470,29.865,0.424,2,2.00
RH3,8471,29.875,0.418,2,2.00
RH3,8472,29.885,0.412,2,2.00
RH3,8473,29.896,0.407,2,2.00
RH3,8474,29.906,0.402,2,2.00
RH3,8475,29.916,0.397,2,2.00
RH3,8476,29.926,0.392,2,2.00
RH3,8477,29.937,0.387,2,2.00
RH3,8478,29.947,0.383,2,2.00
RH3,8479,29.957,0.379,2,2.00
RH3,8480,29.967,0.375,2,2.00
RH3,8481,29.977,0.371,2,2.00
RH3,8482,29.987,0.367,2,2.00
RH3,8483,29.997,0.363,2,2.00
RH3,8484,30.007,0.360,2,2.00
RH3,8485,30.017,0.357,2,2.00
RH3,8486,30.026,0.354,2,2.00
RH3,8487,30.036,0.351,2,2.00
RH3,8488,30.046,0.349,2,2.00
RH3,8489,30.056,0.346,2,2.00
RH3,8490,30.065,0.344,2,2.00
RH3,8491,30.075,0.342,2,2.00
RH3,8492,30.085,0.341,2,2.00
RH3,8493,30.094,0.339,2,2.00
RH3,8494,30.104,0.338,2,2.00
RH3,8495,30.113,0.337,2,2.00
RH3,8496,30.123,0.336,2,2.00
RH3,8497,30.132,0.335,2,2.00
RH3,8498,30.142,0.334,2,2.00
RH3,8499,30.151,0.334,2,2.00
RH3,8500,30.160,0.334,2,2.00
RH3,8501,30.170,0.334,2,2.00
RH3,8502,30.179,0.334,2,2.00
RH3,8503,30.188,0.335,2,2.00
RH3,8504,30.197,0.335,2,2.00
RH3,8505,30.207,0.336,2,2.00
RH3,8506,30.216,0.337,2,2.00
RH3,8507,30.225,0.338,2,2.00
RH3,8508,30.234,0.340,2,2.00
RH3,8509,30.243,0.342,2,2.00
RH3,8510,30.252,0.344,2,2.00
RH3,8511,30.261,0.346,2,2.00
RH3,8512,30.270,0.348,2,2.00
RH3,8513,30.279,0.351,2,2.00
RH3,8514,30.287,0.353,2,2.00
RH3,8515,30.296,0.356,2,2.00
RH3,8516,30.305,0.360,2,2.00
RH3,8517,30.314,0.363,2,2.00
RH3,8518,30.322,0.367,2,2.00
RH3,8519,30.331,0.370,2,2.00
RH3,8520,30.340,0.374,2,2.00
RH3,8521,30.348,0.379,2,2.00
RH3,8522,30.357,0.383,2,2.00
RH3,8523,30.365,0.388,2,2.00
RH3,8524,30.374,0.393,2,2.00
RH3,8525,30.382,0.398,2,2.00
RH3,8526,30.390,0.403,2,2.00
RH3,8527,30.399,0.409,2,2.00
RH3,8528,30.407,0.415,2,2.00
RH3,8529,30.415,0.421,2,2.00
RH3,8530,30.423,0.427,2,2.00
RH3,8531,30.431,0.433,2,2.00
RH3,8532,30.440,0.440,2,2.00
RH3,8533,30.448,0.447,2,2.00
RH3,8534,30.456,0.454,2,2.00
RH3,8535,30.464,0.462,2,2.00
RH3,8536,30.472,0.469,2,2.00
RH3,8537,30.480,0.477,2,2.00
RH3,8538,30.487,0.485,2,2.00
RH3,8539,30.495,0.493,2,2.00
RH3,8540,30.503,0.502,2,2.00
RH3,8541,30.511,0.511,2,2.00
RH3,8542,30.519,0.520,2,2.00
RH3,8543,30.526,0.529,2,2.00
RH3,8544,30.534,0.538,2,2.00
RH3,8545,30.541,0.548,2,2.00
RH3,8546,30.549,0.558,2,2.00
RH3,8547,30.557,0.568,2,2.00
RH3,8548,30.564,0.578,2,2.00
RH3,8549,30.571,0.589,2,2.00
RH3,8550,30.579,0.600,2,2.00
RH3,8551,30.586,0.611,2,2.00
RH3,8552,30.593,0.622,2,2.00
RH3,8553,30.601,0.634,2,2.00
RH3,8554,30.608,0.646,2,2.00
RH3,8555,30.615,0.658,2,2.00
RH3,8556,30.622,0.670,2,2.00
RH3,8557,30.629,0.683,2,2.00
RH3,8558,30.636,0.695,2,2.00
RH3,8559,30.643,0.708,2,2.00
RH3,8560,30.650,0.722,2,2.00
RH3,8561,30.657,0.735,2,2.00
RH3,8562,30.664,0.749,2,2.00
RH3,8563,30.671,0.763,2,2.00
RH3,8564,30.678,0.777,2,2.00
RH3,8565,30.684,0.792,2,2.00
RH3,8566,30.691,0.806,2,2.00
RH3,8567,30.698,0.821,2,2.00
RH3,8568,30.704,0.837,2,2.00
RH3,8569,30.711,0.852,2,2.00
RH3,8570,30.717,0.868,2,2.00
RH3,8571,30.724,0.884,2,2.00
RH3,8572,30.730,0.900,2,2.00
RH3,8573,30.737,0.917,2,2.00
RH3,8574,30.743,0.933,2,2.00
RH3,8575,30.749,0.950,2,2.00
RH3,8576,30.756,0.967,2,2.00
RH3,8577,30.762,0.985,2,2.00
RH3,8578,30.768,1.003,2,2.00
RH3,8579,30.774,1.021,2,2.00
RH3,8580,30.780,1.039,2,2.00
RH3,8581,30.786,1.058,2,2.00
RH3,8582,30.792,1.076,2,2.00
RH3,8583,30.798,1.095,2,2.00
RH3,8584,30.804,1.115,2,2.00
RH3,8585,30.810,1.134,2,2.00
RH3,8586,30.816,1.154,2,2.00
RH3,8587,30.821,1.174,2,2.00
RH3,8588,30.827,1.194,2,2.00
RH3,8589,30.833,1.215,2,2.00
RH3,8590,30.838,1.236,2,2.00
RH3,8591,30.844,1.257,2,2.00
RH3,8592,30.849,1.278,2,2.00
RH3,8593,30.855,1.300,2,2.00
RH3,8594,30.860,1.322,2,2.00
RH3,8595,30.866,1.344,2,2.00
RH3,8596,30.871,1.366,2,2.00
RH3,8597,30.876,1.389,2,2.00
RH3,8598,30.881,1.411,2,2.00
RH3,8599,30.887,1.434,2,2.00
RH3,8600,30.892,1.457,2,2.00
RH3,8601,30.897,1.481,2,2.00
RH3,8602,30.902,1.504,2,2.00
RH3,8603,30.907,1.527,2,2.00
RH3,8604,30.912,1.551,2,2.00
RH3,8605,30.917,1.575,2,2.00
RH3,8606,30.921,1.599,2,2.00
RH3,8607,30.926,1.623,2,2.00
RH3,8608,30.931,1.647,2,2.00
RH3,8609,30.936,1.672,2,2.00
RH3,8610,30.940,1.696,2,2.00
RH3,8611,30.945,1.721,2,2.00
RH3,8612,30.949,1.745,2,2.00
RH3,8613,30.954,1.770,2,2.00
RH3,8614,30.958,1.795,2,2.00
RH3,8615,30.963,1.819,2,2.00
RH3,8616,30.967,1.844,2,2.00
RH3,8617,30.972,1.869,2,2.00
RH3,8618,30.976,1.894,2,2.00
RH3,8619,30.980,1.919,2,2.00
RH3,8620,30.984,1.944,2,2.00
RH3,8621,30.988,1.969,2,2.00
RH3,8622,30.992,1.994,2,2.00
RH3,8623,30.996,2.019,2,2.00
RH3,8624,31.000,2.044,2,2.00
RH3,8625,31.004,2.069,2,2.00
RH3,8626,31.008,2.094,2,2.00
RH3,8627,31.012,2.119,2,2.00
RH3,8628,31.016,2.144,2,2.00
RH3,8629,31.019,2.169,2,2.00
RH3,8630,31.023,2.193,2,2.00
RH3,8631,31.026,2.218,2,2.00
RH3,8632,31.030,2.243,2,2.00
RH3,8633,31.033,2.267,2,2.00
RH3,8634,31.037,2.292,2,2.00
RH3,8635,31.040,2.316,2,2.00
RH3,8636,31.044,2.340,2,2.00
RH3,8637,31.047,2.364,2,2.00
RH3,8638,31.050,2.388,2,2.00
RH3,8639,31.053,2.412,2,2.00
RH3,8640,31.056,2.436,2,2.00
RH3,8641,31.060,2.459,2,2.00
RH3,8642,31.063,2.483,2,2.00
RH3,8643,31.066,2.506,2,2.00
RH3,8644,31.068,2.529,2,2.00
RH3,8645,31.071,2.552,2,2.00
RH3,8646,31.074,2.574,2,2.00
RH3,8647,31.077,2.597,2,2.00
RH3,8648,31.080,2.619,2,2.00
RH3,8649,31.082,2.641,2,2.00
RH3,8650,31.085,2.663,2,2.00
RH3,8651,31.087,2.685,2,2.00
RH3,8652,31.090,2.706,2,2.00
RH3,8653,31.092,2.727,2,2.00
RH3,8654,31.095,2.748,2,2.00
RH3,8655,31.097,2.768,2,2.00
RH3,8656,31.099,2.789,2,2.00
RH3,8657,31.101,2.809,2,2.00
RH3,8658,31.103,2.829,2,2.00
RH3,8659,31.106,2.848,2,2.00
RH3,8660,31.108,2.867,2,2.00
RH3,8661,31.109,2.886,2,2.00
RH3,8662,31.111,2.904,2,2.00
RH3,8663,31.113,2.923,2,2.00
RH3,8664,31.115,2.940,2,2.00
RH3,8665,31.116,2.958,2,2.00
RH3,8666,31.118,2.975,2,2.00
RH3,8667,31.120,2.992,2,2.00
RH3,8668,31.121,3.008,2,1.99
RH3,8669,31.122,3.024,2,1.99
RH3,8670,31.124,3.040,2,1.99
RH3,8671,31.125,3.055,2,1.98
RH3,8672,31.126,3.070,2,1.98
RH3,8673,31.127,3.085,2,1.98
RH3,8674,31.128,3.099,2,1.97
RH3,8675,31.129,3.112,2,1.97
RH3,8676,31.130,3.125,2,1.96
RH3,8677,31.130,3.138,2,1.96
RH3,8678,31.131,3.150,2,1.95
RH3,8679,31.132,3.162,2,1.95
RH3,8680,31.132,3.173,2,1.94
RH3,8681,31.133,3.184,2,1.93
RH3,8682,31.133,3.195,2,1.93
RH3,8683,31.133,3.205,2,1.92
RH3,8684,31.133,3.214,2,1.91
RH3,8685,31.133,3.223,2,1.90
RH3,8686,31.133,3.231,2,1.90
RH3,8687,31.133,3.239,2,1.89
RH3,8688,31.133,3.246,2,1.88
RH3,8689,31.133,3.253,2,1.87
RH3,8690,31.132,3.259,2,1.86
RH3,8691,31.132,3.265,2,1.85
RH3,8692,31.131,3.270,2,1.84
RH3,8693,31.130,3.275,2,1.83
RH3,8694,31.130,3.279,2,1.82
RH3,8695,31.129,3.282,2,1.81
RH3,8696,31.128,3.285,2,1.80
RH3,8697,31.127,3.287,2,1.79
RH3,8698,31.125,3.288,2,1.78
RH3,8699,31.124,3.289,2,1.77
RH3,8700,31.123,3.290,2,1.75
RH3,8701,31.121,3.289,2,1.74
RH3,8702,31.120,3.288,2,1.73
RH3,8703,31.118,3.287,2,1.72
RH3,8704,31.116,3.284,2,1.71
RH3,8705,31.114,3.281,2,1.69
RH3,8706,31.112,3.278,2,1.68
RH3,8707,31.110,3.273,2,1.67
RH3,8708,31.108,3.268,2,1.65
RH3,8709,31.105,3.263,2,1.64
RH3,8710,31.103,3.256,2,1.63
RH3,8711,31.100,3.249,2,1.61
RH3,8712,31.098,3.241,2,1.60
RH3,8713,31.095,3.233,2,1.59
RH3,8714,31.092,3.223,2,1.57
RH3,8715,31.089,3.213,2,1.56
RH3,8716,31.085,3.202,2,1.55
RH3,8717,31.082,3.191,2,1.53
RH3,8718,31.079,3.178,2,1.52
RH3,8719,31.075,3.165,2,1.51
RH3,8720,31.072,3.151,2,1.49
RH3,8721,31.068,3.136,2,1.48
RH3,8722,31.064,3.121,2,1.47
RH3,8723,31.060,3.104,2,1.45
RH3,8724,31.056,3.087,2,1.44
RH3,8725,31.051,3.069,2,1.42
RH3,8726,31.047,3.050,2,1.41
RH3,8727,31.042,3.030,2,1.40
RH3,8728,31.038,3.010,2,1.38
RH3,8729,31.033,2.988,2,1.37
RH3,8730,31.028,2.966,2,1.36
RH3,8731,31.023,2.943,2,1.35
RH3,8732,31.017,2.918,2,1.33
RH3,8733,31.012,2.893,2,1.32
RH3,8734,31.007,2.867,2,1.31
RH3,8735,31.001,2.841,2,1.29
RH3,8736,30.995,2.813,2,1.28
RH3,8737,30.989,2.784,2,1.27
RH3,8738,30.983,2.755,2,1.26
RH3,8739,30.977,2.724,2,1.25
RH3,8740,30.971,2.692,2,1.23
RH3,8741,30.964,2.660,2,1.22
RH3,8742,30.958,2.627,2,1.21
RH3,8743,30.951,2.592,2,1.20
RH3,8744,30.944,2.557,2,1.19
RH3,8745,30.937,2.520,2,1.18
RH3,8746,30.930,2.483,2,1.17
RH3,8747,30.922,2.444,2,1.16
RH3,8748,30.915,2.405,2,1.15
RH3,8749,30.907,2.365,2,1.14
RH3,8750,30.899,2.323,2,1.13
RH3,8751,30.891,2.280,2,1.12
RH3,8752,30.883,2.237,2,1.11
RH3,8753,30.875,2.192,2,1.10
RH3,8754,30.867,2.146,2,1.10
RH3,8755,30.858,2.100,2,1.09
RH3,8756,30.849,2.052,2,1.08
RH3,8757,30.840,2.003,2,1.07
RH3,8758,30.831,1.953,2,1.07
RH3,8759,30.822,1.902,2,1.06
RH3,8760,30.813,1.849,2,1.05
RH3,8761,30.803,1.796,2,1.05
RH3,8762,30.793,1.741,2,1.04
RH3,8763,30.783,1.686,2,1.04
RH3,8764,30.773,1.629,2,1.03
RH3,8765,30.763,1.571,2,1.03
RH3,8766,30.753,1.511,2,1.02
RH3,8767,30.742,1.451,2,1.02
RH3,8768,30.732,1.390,2,1.02
RH3,8769,30.721,1.327,2,1.01
RH3,8770,30.710,1.263,2,1.01
RH3,8771,30.698,1.198,2,1.01
RH3,8772,30.687,1.132,2,1.00
RH3,8773,30.675,1.064,2,1.00
RH3,8774,30.664,0.995,2,1.00
RH3,8775,30.652,0.925,2,1.00
RH3,8776,30.640,0.854,2,1.00
RH3,8777,30.627,,1,1.00
RH3,8778,30.615,,1,1.00
RH3,8779,30.602,,1,1.00
RH3,8780,30.589,,1,1.00
RH3,8781,30.576,,1,1.00
RH3,8782,30.563,,1,1.00
RH3,8783,30.550,,1,1.00
RH3,8784,30.536,,1,1.00
RH3,8785,30.523,,1,1.00
RH3,8786,30.509,,1,1.00
RH3,8787,30.495,,1,1.00
RH3,8788,30.480,,1,1.00
RH3,8789,30.466,,1,1.00
RH3,8790,30.451,,1,1.00
RH3,8791,30.436,,1,1.00
RH3,8792,30.421,,1,1.00
RH3,8793,30.406,,1,1.00
RH3,8794,30.390,,1,1.00
RH3,8795,30.375,,1,1.00
RH3,8796,30.359,,1,1.00
RH3,8797,30.343,,1,1.00
RH3,8798,30.327,,1,1.00
RH3,8799,30.310,,1,1.00
RH3,8800,30.294,,1,1.00
RH3,8801,30.277,,1,1.00
RH3,8802,30.260,,1,1.00
RH3,8803,30.242,,1,1.00
RH3,8804,30.225,,1,1.00
RH3,8805,30.207,,1,1.00
RH3,8806,30.189,,1,1.00
RH3,8807,30.171,,1,1.00
RH3,8808,30.153,,1,1.00
RH3,8809,30.135,,1,1.00
RH3,8810,30.116,,1,1.00
RH3,8811,30.097,,1,1.00
RH3,8812,30.078,,1,1.00
RH3,8813,30.059,,1,1.00
RH3,8814,30.039,,1,1.00
RH3,8815,30.019,,1,1.00
RH3,8816,29.999,,1,1.00
RH3,8817,29.979,,1,1.00
RH3,8818,29.959,,1,1.00
RH3,8819,29.938,,1,1.00
RH3,8820,29.917,,1,1.00
RH3,8821,29.896,,1,1.00
RH3,8822,29.875,,1,1.00
RH3,8823,29.853,,1,1.00
RH3,8824,29.832,,1,1.00
RH3,8825,29.810,,1,1.00
RH3,8826,29.787,,1,1.00
RH3,8827,29.765,,1,1.00
RH3,8828,29.742,,1,1.00
RH3,8829,29.719,,1,1.00
RH3,8830,29.696,,1,1.00
RH3,8831,29.673,,1,1.00
RH3,8832,29.649,,1,1.00
RH3,8833,29.626,,1,1.00
RH3,8834,29.602,,1,1.00
RH3,8835,29.577,,1,1.00
RH3,8836,29.553,,1,1.00
RH3,8837,29.528,,1,1.00
RH3,8838,29.503,,1,1.00
RH3,8839,29.478,,1,1.00
RH3,8840,29.452,,1,1.00
RH3,8841,29.427,,1,1.00
RH3,8842,29.401,,1,1.00
RH3,8843,29.375,,1,1.00
RH3,8844,29.348,,1,1.00
RH3,8845,29.322,,1,1.00
RH3,8846,29.295,,1,1.00
RH3,8847,29.268,,1,1.00
RH3,8848,29.240,,1,1.00
RH3,8849,29.213,,1,1.00
RH3,8850,29.185,,1,1.00
RH3,8851,29.156,,1,1.00
RH3,8852,29.128,,1,1.00
RH3,8853,29.099,,1,1.00
RH3,8854,29.071,,1,1.00
RH3,8855,29.041,,1,1.00
RH3,8856,29.012,,1,1.00
RH3,8857,28.982,,1,1.00
RH3,8858,28.952,,1,0.99
RH3,8859,28.922,,1,0.99
RH3,8860,28.892,,1,0.99
RH3,8861,28.861,,1,0.99
RH3,8862,28.830,,1,0.98
RH3,8863,28.799,,1,0.98
RH3,8864,28.767,,1,0.97
RH3,8865,28.736,,1,0.97
RH3,8866,28.704,,1,0.97
RH3,8867,28.671,,1,0.96
RH3,8868,28.639,,1,0.95
RH3,8869,28.606,,1,0.95
RH3,8870,28.573,,1,0.94
RH3,8871,28.540,,1,0.94
RH3,8872,28.506,,1,0.93
RH3,8873,28.472,,1,0.92
RH3,8874,28.438,,1,0.91
RH3,8875,28.404,,1,0.91
RH3,8876,28.369,,1,0.90
RH3,8877,28.334,,1,0.89
RH3,8878,28.299,,1,0.88
RH3,8879,28.263,,1,0.87
RH3,8880,28.227,,1,0.86
RH3,8881,28.191,,1,0.85
RH3,8882,28.155,,1,0.84
RH3,8883,28.118,,1,0.83
RH3,8884,28.081,,1,0.82
RH3,8885,28.044,,1,0.81
RH3,8886,28.007,,1,0.80
RH3,8887,27.969,,1,0.79
RH3,8888,27.931,,1,0.77
RH3,8889,27.892,,1,0.76
RH3,8890,27.854,,1,0.75
RH3,8891,27.815,,1,0.74
RH3,8892,27.776,,1,0.73
RH3,8893,27.736,,1,0.71
RH3,8894,27.696,,1,0.70
RH3,8895,27.656,,1,0.69
RH3,8896,27.616,,1,0.68
RH3,8897,27.575,,1,0.66
RH3,8898,27.534,,1,0.65
RH3,8899,27.493,,1,0.64
RH3,8900,27.451,,1,0.62
RH3,8901,27.410,,1,0.61
RH3,8902,27.367,,1,0.60
RH3,8903,27.325,,1,0.58
RH3,8904,27.282,,1,0.57
RH3,8905,27.239,,1,0.55
RH3,8906,27.196,,1,0.54
RH3,8907,27.152,,1,0.53
RH3,8908,27.108,,1,0.51
RH3,8909,27.064,,1,0.50
RH3,8910,27.019,,1,0.48
RH3,8911,26.974,,1,0.47
RH3,8912,26.929,,1,0.46
RH3,8913,26.884,,1,0.44
RH3,8914,26.838,,1,0.43
RH3,8915,26.792,,1,0.41
RH3,8916,26.745,,1,0.40
RH3,8917,26.699,,1,0.39
RH3,8918,26.651,,1,0.37
RH3,8919,26.604,,1,0.36
RH3,8920,26.556,,1,0.35
RH3,8921,26.508,,1,0.33
RH3,8922,26.460,,1,0.32
RH3,8923,26.411,,1,0.31
RH3,8924,26.362,,1,0.30
RH3,8925,26.313,,1,0.28
RH3,8926,26.263,,1,0.27
RH3,8927,26.214,,1,0.26
RH3,8928,26.163,,1,0.25
RH3,8929,26.113,,1,0.23
RH3,8930,26.062,,1,0.22
RH3,8931,26.010,,1,0.21
RH3,8932,25.959,,1,0.20
RH3,8933,25.907,,1,0.19
RH3,8934,25.855,,1,0.18
RH3,8935,25.802,,1,0.17
RH3,8936,25.749,,1,0.16
RH3,8937,25.696,,1,0.15
RH3,8938,25.642,,1,0.14
RH3,8939,25.589,,1,0.13
RH3,8940,25.534,,1,0.12
RH3,8941,25.480,,1,0.11
RH3,8942,25.425,,1,0.10
RH3,8943,25.370,,1,0.09
RH3,8944,25.314,,1,0.08
RH3,8945,25.258,,1,0.08
RH3,8946,25.202,,1,0.07
RH3,8947,25.145,,1,0.06
RH3,8948,25.088,,1,0.06
RH3,8949,25.031,,1,0.05
RH3,8950,24.973,,1,0.04
RH3,8951,24.915,,1,0.04
RH3,8952,24.857,,1,0.03
RH3,8953,24.798,,1,0.03
RH3,8954,24.739,,1,0.02
RH3,8955,24.680,,1,0.02
RH3,8956,24.620,,1,0.02
RH3,8957,24.560,,1,0.01
RH3,8958,24.500,,1,0.01
RH3,8959,24.439,,1,0.01
RH3,8960,24.378,,1,0.01
RH3,8961,24.316,,1,0.00
RH3,8962,24.254,,1,0.00
RH3,8963,24.192,,1,0.00
RH3,8964,24.129,,1,0.00
RH3,8965,24.066,,1,0.00
RH4,9481,26.436,,1,0.00
RH4,9482,26.475,,1,0.00
RH4,9483,26.515,,1,0.00
RH4,9484,26.555,,1,0.00
RH4,9485,26.594,,1,0.01
RH4,9486,26.634,,1,0.01
RH4,9487,26.674,,1,0.01
RH4,9488,26.714,,1,0.01
RH4,9489,26.754,,1,0.02
RH4,9490,26.794,,1,0.02
RH4,9491,26.834,,1,0.03
RH4,9492,26.874,,1,0.03
RH4,9493,26.914,,1,0.04
RH4,9494,26.954,,1,0.04
RH4,9495,26.995,,1,0.05
RH4,9496,27.035,,1,0.06
RH4,9497,27.075,,1,0.06
RH4,9498,27.116,,1,0.07
RH4,9499,27.156,,1,0.08
RH4,9500,27.196,,1,0.09
RH4,9501,27.237,,1,0.10
RH4,9502,27.277,,1,0.10
RH4,9503,27.318,,1,0.11
RH4,9504,27.359,,1,0.12
RH4,9505,27.399,,1,0.13
RH4,9506,27.440,,1,0.14
RH4,9507,27.480,,1,0.15
RH4,9508,27.521,,1,0.17
RH4,9509,27.562,,1,0.18
RH4,9510,27.602,,1,0.19
RH4,9511,27.643,,1,0.20
RH4,9512,27.684,,1,0.21
RH4,9513,27.725,,1,0.22
RH4,9514,27.765,,1,0.24
RH4,9515,27.806,,1,0.25
RH4,9516,27.847,,1,0.26
RH4,9517,27.888,,1,0.28
RH4,9518,27.929,,1,0.29
RH4,9519,27.970,,1,0.30
RH4,9520,28.010,,1,0.32
RH4,9521,28.051,,1,0.33
RH4,9522,28.092,,1,0.35
RH4,9523,28.133,,1,0.36
RH4,9524,28.174,,1,0.37
RH4,9525,28.215,,1,0.39
RH4,9526,28.255,,1,0.40
RH4,9527,28.296,,1,0.42
RH4,9528,28.337,,1,0.43
RH4,9529,28.378,,1,0.45
RH4,9530,28.419,,1,0.46
RH4,9531,28.460,,1,0.48
RH4,9532,28.500,,1,0.49
RH4,9533,28.541,,1,0.51
RH4,9534,28.582,,1,0.52
RH4,9535,28.623,,1,0.54
RH4,9536,28.663,,1,0.55
RH4,9537,28.704,,1,0.57
RH4,9538,28.745,,1,0.58
RH4,9539,28.785,,1,0.60
RH4,9540,28.826,,1,0.61
RH4,9541,28.867,,1,0.63
RH4,9542,28.907,,1,0.64
RH4,9543,28.948,,1,0.65
RH4,9544,28.988,,1,0.67
RH4,9545,29.029,,1,0.68
RH4,9546,29.069,,1,0.70
RH4,9547,29.110,,1,0.71
RH4,9548,29.150,,1,0.72
RH4,9549,29.191,,1,0.74
RH4,9550,29.231,,1,0.75
RH4,9551,29.271,,1,0.76
RH4,9552,29.311,,1,0.78
RH4,9553,29.352,,1,0.79
RH4,9554,29.392,,1,0.80
RH4,9555,29.432,,1,0.81
RH4,9556,29.472,,1,0.82
RH4,9557,29.512,,1,0.83
RH4,9558,29.552,,1,0.85
RH4,9559,29.592,,1,0.86
RH4,9560,29.632,,1,0.87
RH4,9561,29.671,,1,0.88
RH4,9562,29.711,,1,0.89
RH4,9563,29.751,,1,0.90
RH4,9564,29.790,,1,0.90
RH4,9565,29.830,,1,0.91
RH4,9566,29.869,,1,0.92
RH4,9567,29.909,,1,0.93
RH4,9568,29.948,,1,0.94
RH4,9569,29.988,,1,0.94
RH4,9570,30.027,,1,0.95
RH4,9571,30.066,,1,0.96
RH4,9572,30.105,,1,0.96
RH4,9573,30.144,,1,0.97
RH4,9574,30.183,,1,0.97
RH4,9575,30.222,,1,0.98
RH4,9576,30.261,,1,0.98
RH4,9577,30.299,,1,0.99
RH4,9578,30.338,,1,0.99
RH4,9579,30.376,,1,0.99
RH4,9580,30.415,,1,0.99
RH4,9581,30.453,,1,1.00
RH4,9582,30.491,,1,1.00
RH4,9583,30.530,,1,1.00
RH4,9584,30.568,,1,1.00
RH4,9585,30.606,,1,1.00
RH4,9586,30.644,,1,1.00
RH4,9587,30.681,,1,1.00
RH4,9588,30.719,,1,1.00
RH4,9589,30.757,,1,1.00
RH4,9590,30.794,,1,1.00
RH4,9591,30.832,,1,1.00
RH4,9592,30.869,,1,1.00
RH4,9593,30.906,,1,1.00
RH4,9594,30.943,,1,1.00
RH4,9595,30.980,,1,1.00
RH4,9596,31.017,,1,1.00
RH4,9597,31.054,,1,1.00
RH4,9598,31.091,,1,1.00
RH4,9599,31.127,,1,1.00
RH4,9600,31.164,,1,1.00
RH4,9601,31.200,,1,1.00
RH4,9602,31.236,,1,1.00
RH4,9603,31.272,,1,1.00
RH4,9604,31.308,,1,1.00
RH4,9605,31.344,,1,1.00
RH4,9606,31.380,,1,1.00
RH4,9607,31.416,,1,1.00
RH4,9608,31.451,,1,1.00
RH4,9609,31.486,,1,1.00
RH4,9610,31.522,,1,1.00
RH4,9611,31.557,,1,1.00
RH4,9612,31.592,,1,1.00
RH4,9613,31.626,,1,1.00
RH4,9614,31.661,,1,1.00
RH4,9615,31.696,,1,1.00
RH4,9616,31.730,,1,1.00
RH4,9617,31.764,,1,1.00
RH4,9618,31.798,,1,1.00
RH4,9619,31.832,,1,1.00
RH4,9620,31.866,,1,1.00
RH4,9621,31.900,,1,1.00
RH4,9622,31.934,,1,1.00
RH4,9623,31.967,,1,1.00
RH4,9624,32.000,,1,1.00
RH4,9625,32.033,,1,1.00
RH4,9626,32.066,,1,1.00
RH4,9627,32.099,,1,1.00
RH4,9628,32.132,,1,1.00
RH4,9629,32.164,,1,1.00
RH4,9630,32.196,,1,1.00
RH4,9631,32.229,,1,1.00
RH4,9632,32.261,,1,1.00
RH4,9633,32.292,,1,1.00
RH4,9634,32.324,,1,1.00
RH4,9635,32.356,,1,1.00
RH4,9636,32.387,,1,1.00
RH4,9637,32.418,,1,1.00
RH4,9638,32.449,,1,1.00
RH4,9639,32.480,,1,1.00
RH4,9640,32.511,,1,1.00
RH4,9641,32.541,,1,1.00
RH4,9642,32.571,,1,1.00
RH4,9643,32.601,,1,1.00
RH4,9644,32.631,,1,1.00
RH4,9645,32.661,,1,1.00
RH4,9646,32.691,,1,1.00
RH4,9647,32.720,,1,1.00
RH4,9648,32.749,,1,1.00
RH4,9649,32.778,,1,1.00
RH4,9650,32.807,,1,1.00
RH4,9651,32.836,,1,1.00
RH4,9652,32.864,,1,1.00
RH4,9653,32.892,,1,1.00
RH4,9654,32.920,,1,1.00
RH4,9655,32.948,,1,1.00
RH4,9656,32.976,,1,1.00
RH4,9657,33.003,,1,1.00
RH4,9658,33.030,,1,1.00
RH4,9659,33.057,,1,1.00
RH4,9660,33.084,,1,1.00
RH4,9661,33.111,,1,1.00
RH4,9662,33.137,,1,1.00
RH4,9663,33.164,,1,1.00
RH4,9664,33.190,,1,1.00
RH4,9665,33.215,,1,1.00
RH4,9666,33.241,,1,1.00
RH4,9667,33.266,,1,1.00
RH4,9668,33.291,,1,1.00
RH4,9669,33.316,,1,1.00
RH4,9670,33.341,,1,1.00
RH4,9671,33.365,,1,1.00
RH4,9672,33.390,,1,1.00
RH4,9673,33.414,,1,1.00
RH4,9674,33.438,,1,1.00
RH4,9675,33.461,,1,1.00
RH4,9676,33.484,,1,1.00
RH4,9677,33.508,,1,1.00
RH4,9678,33.530,,1,1.00
RH4,9679,33.553,,1,1.00
RH4,9680,33.576,,1,1.00
RH4,9681,33.598,,1,1.00
RH4,9682,33.620,,1,1.00
RH4,9683,33.641,,1,1.00
RH4,9684,33.663,,1,1.00
RH4,9685,33.684,,1,1.00
RH4,9686,33.705,,1,1.00
RH4,9687,33.726,,1,1.00
RH4,9688,33.746,,1,1.00
RH4,9689,33.767,,1,1.00
RH4,9690,33.787,,1,1.00
RH4,9691,33.806,,1,1.00
RH4,9692,33.826,,1,1.00
RH4,9693,33.845,,1,1.00
RH4,9694,33.864,,1,1.00
RH4,9695,33.883,,1,1.00
RH4,9696,33.901,,1,1.00
RH4,9697,33.919,,1,1.00
RH4,9698,33.937,,1,1.00
RH4,9699,33.955,,1,1.00
RH4,9700,33.972,,1,1.00
RH4,9701,33.990,,1,1.00
RH4,9702,34.006,,1,1.00
RH4,9703,34.023,,1,1.00
RH4,9704,34.039,,1,1.00
RH4,9705,34.055,,1,1.00
RH4,9706,34.071,,1,1.00
RH4,9707,34.087,,1,1.00
RH4,9708,34.102,,1,1.00
RH4,9709,34.117,,1,1.00
RH4,9710,34.132,,1,1.00
RH4,9711,34.146,,1,1.00
RH4,9712,34.160,,1,1.00
RH4,9713,34.174,,1,1.00
RH4,9714,34.187,,1,1.00
RH4,9715,34.201,,1,1.00
RH4,9716,34.214,,1,1.00
RH4,9717,34.226,,1,1.00
RH4,9718,34.239,,1,1.00
RH4,9719,34.251,,1,1.00
RH4,9720,34.263,,1,1.00
RH4,9721,34.274,,1,1.00
RH4,9722,34.285,,1,1.00
RH4,9723,34.296,,1,1.00
RH4,9724,34.307,,1,1.00
RH4,9725,34.318,,1,1.00
RH4,9726,34.328,,1,1.00
RH4,9727,34.337,,1,1.00
RH4,9728,34.347,,1,1.00
RH4,9729,34.356,,1,1.00
RH4,9730,34.365,,1,1.00
RH4,9731,34.374,,1,1.00
RH4,9732,34.382,,1,1.00
RH4,9733,34.390,,1,1.00
RH4,9734,34.398,,1,1.00
RH4,9735,34.406,,1,1.00
RH4,9736,34.413,,1,1.00
RH4,9737,34.420,,1,1.00
RH4,9738,34.427,,1,1.00
RH4,9739,34.433,,1,1.00
RH4,9740,34.439,,1,1.00
RH4,9741,34.445,,1,1.00
RH4,9742,34.450,,1,1.00
RH4,9743,34.456,,1,1.00
RH4,9744,34.461,,1,1.00
RH4,9745,34.465,,1,1.00
RH4,9746,34.470,,1,1.00
RH4,9747,34.474,,1,1.00
RH4,9748,34.478,,1,1.00
RH4,9749,34.481,,1,1.00
RH4,9750,34.484,,1,1.00
RH4,9751,34.487,,1,1.00
RH4,9752,34.490,,1,1.00
RH4,9753,34.492,,1,1.00
RH4,9754,34.494,,1,1.00
RH4,9755,34.496,,1,1.00
RH4,9756,34.498,,1,1.00
RH4,9757,34.499,,1,1.00
RH4,9758,34.500,,1,1.00
RH4,9759,34.501,,1,1.00
RH4,9760,34.501,,1,1.00
RH4,9761,34.501,,1,1.00
RH4,9762,34.501,,1,1.00
RH4,9763,34.500,,1,1.00
RH4,9764,34.500,,1,1.00
RH4,9765,34.499,,1,1.00
RH4,9766,34.497,,1,1.00
RH4,9767,34.496,,1,1.00
RH4,9768,34.494,,1,1.00
RH4,9769,34.492,,1,1.00
RH4,9770,34.489,,1,1.00
RH4,9771,34.486,,1,1.00
RH4,9772,34.483,,1,1.00
RH4,9773,34.480,,1,1.00
RH4,9774,34.477,,1,1.00
RH4,9775,34.473,,1,1.00
RH4,9776,34.468,,1,1.00
RH4,9777,34.464,,1,1.00
RH4,9778,34.459,,1,1.00
RH4,9779,34.454,,1,1.00
RH4,9780,34.449,,1,1.00
RH4,9781,34.443,,1,1.00
RH4,9782,34.437,,1,1.00
RH4,9783,34.431,,1,1.00
RH4,9784,34.425,,1,1.00
RH4,9785,34.418,,1,1.00
RH4,9786,34.411,,1,1.00
RH4,9787,34.404,,1,1.00
RH4,9788,34.396,,1,1.00
RH4,9789,34.388,,1,1.00
RH4,9790,34.380,,1,1.00
RH4,9791,34.372,,1,1.00
RH4,9792,34.363,,1,1.00
RH4,9793,34.354,,1,1.00
RH4,9794,34.345,,1,1.00
RH4,9795,34.335,,1,1.00
RH4,9796,34.325,,1,1.00
RH4,9797,34.315,,1,1.00
RH4,9798,34.305,,1,1.00
RH4,9799,34.294,,1,1.00
RH4,9800,34.283,,1,1.00
RH4,9801,34.272,,1,1.00
RH4,9802,34.260,,1,1.00
RH4,9803,34.249,,1,1.00
RH4,9804,34.236,,1,1.00
RH4,9805,34.224,,1,1.00
RH4,9806,34.211,,1,1.00
RH4,9807,34.198,,1,1.00
RH4,9808,34.185,,1,1.00
RH4,9809,34.172,,1,1.00
RH4,9810,34.158,,1,1.00
RH4,9811,34.144,,1,1.00
RH4,9812,34.129,,1,1.00
RH4,9813,34.115,,1,1.00
RH4,9814,34.100,,1,1.00
RH4,9815,34.084,,1,1.00
RH4,9816,34.069,,1,1.00
RH4,9817,34.053,,1,1.00
RH4,9818,34.037,,1,1.00
RH4,9819,34.021,,1,1.00
RH4,9820,34.004,,1,1.00
RH4,9821,33.987,,1,1.00
RH4,9822,33.970,,1,1.00
RH4,9823,33.952,,1,1.00
RH4,9824,33.935,,1,1.00
RH4,9825,33.917,,1,1.00
RH4,9826,33.898,,1,1.00
RH4,9827,33.880,,1,1.00
RH4,9828,33.861,,1,1.00
RH4,9829,33.842,,1,1.00
RH4,9830,33.822,,1,1.00
RH4,9831,33.802,,1,1.00
RH4,9832,33.782,,1,1.00
RH4,9833,33.762,,1,1.00
RH4,9834,33.741,,1,1.00
RH4,9835,33.721,,1,1.00
RH4,9836,33.699,,1,1.00
RH4,9837,33.678,,1,1.00
RH4,9838,33.656,,1,1.00
RH4,9839,33.634,,1,1.00
RH4,9840,33.612,,1,1.00
RH4,9841,33.589,,1,1.00
RH4,9842,33.566,,1,1.00
RH4,9843,33.543,,1,1.00
RH4,9844,33.520,,1,1.00
RH4,9845,33.496,,1,1.00
RH4,9846,33.472,,1,1.00
RH4,9847,33.448,,1,1.00
RH4,9848,33.423,,1,1.00
RH4,9849,33.399,,1,1.00
RH4,9850,33.373,,1,1.00
RH4,9851,33.348,,1,1.00
RH4,9852,33.322,,1,1.00
RH4,9853,33.296,,1,1.00
RH4,9854,33.270,,1,1.00
RH4,9855,33.244,,1,1.00
RH4,9856,33.217,,1,1.00
RH4,9857,33.190,,1,1.00
RH4,9858,33.162,,1,1.00
RH4,9859,33.135,,1,1.00
RH4,9860,33.107,,1,1.00
RH4,9861,33.079,,1,1.00
RH4,9862,33.050,,1,1.00
RH4,9863,33.021,,1,1.00
RH4,9864,32.992,,1,1.00
RH4,9865,32.963,,1,1.00
RH4,9866,32.934,,1,1.00
RH4,9867,32.904,,1,1.00
RH4,9868,32.873,,1,1.00
RH4,9869,32.843,,1,1.00
RH4,9870,32.812,,1,1.00
RH4,9871,32.781,,1,1.00
RH4,9872,32.750,,1,1.00
RH4,9873,32.718,,1,1.00
RH4,9874,32.687,,1,1.00
RH4,9875,32.654,,1,1.00
RH4,9876,32.622,,1,1.00
RH4,9877,32.589,,1,1.00
RH4,9878,32.556,,1,1.00
RH4,9879,32.523,,1,1.00
RH4,9880,32.490,,1,1.00
RH4,9881,32.456,,1,1.00
RH4,9882,32.422,,1,1.00
RH4,9883,32.387,,1,1.00
RH4,9884,32.353,,1,1.00
RH4,9885,32.318,,1,1.00
RH4,9886,32.282,,1,1.00
RH4,9887,32.247,,1,1.00
RH4,9888,32.211,,1,1.00
RH4,9889,32.175,,1,1.00
RH4,9890,32.139,,1,1.00
RH4,9891,32.102,,1,1.00
RH4,9892,32.065,,1,1.00
RH4,9893,32.028,,1,1.00
RH4,9894,31.991,,1,1.00
RH4,9895,31.953,,1,1.00
RH4,9896,31.915,,1,1.00
RH4,9897,31.877,,1,1.00
RH4,9898,31.838,,1,1.00
RH4,9899,31.799,,1,1.00
RH4,9900,31.760,,1,1.00
RH4,9901,31.721,,1,1.00
RH4,9902,31.681,,1,1.00
RH4,9903,31.641,,1,1.00
RH4,9904,31.601,,1,1.00
RH4,9905,31.560,,1,1.00
RH4,9906,31.519,,1,1.00
RH4,9907,31.478,,1,1.00
RH4,9908,31.437,,1,1.00
RH4,9909,31.395,,1,1.00
RH4,9910,31.353,,1,1.00
RH4,9911,31.311,,1,1.00
RH4,9912,31.269,,1,1.00
RH4,9913,31.226,,1,1.00
RH4,9914,31.183,,1,1.00
RH4,9915,31.140,,1,1.00
RH4,9916,31.096,,1,1.00
RH4,9917,31.052,,1,1.00
RH4,9918,31.008,,1,1.00
RH4,9919,30.963,,1,1.00
RH4,9920,30.919,,1,1.00
RH4,9921,30.874,,1,1.00
RH4,9922,30.829,,1,1.00
RH4,9923,30.783,,1,1.00
RH4,9924,30.737,,1,1.00
RH4,9925,30.691,,1,1.00
RH4,9926,30.645,,1,1.00
RH4,9927,30.598,,1,1.00
RH4,9928,30.551,,1,1.00
RH4,9929,30.504,,1,1.00
RH4,9930,30.456,,1,1.00
RH4,9931,30.409,,1,1.00
RH4,9932,30.360,,1,1.00
RH4,9933,30.312,,1,1.00
RH4,9934,30.264,,1,1.00
RH4,9935,30.215,,1,1.00
RH4,9936,30.165,,1,1.00
RH4,9937,30.116,,1,1.00
RH4,9938,30.066,,1,1.00
RH4,9939,30.016,,1,1.00
RH4,9940,29.966,,1,1.00
RH4,9941,29.915,,1,1.00
RH4,9942,29.865,,1,1.00
RH4,9943,29.814,,1,1.00
RH4,9944,29.762,,1,1.00
RH4,9945,29.710,,1,1.00
RH4,9946,29.659,,1,1.00
RH4,9947,29.606,,1,1.00
RH4,9948,29.554,,1,1.00
RH4,9949,29.501,,1,1.00
RH4,9950,29.448,,1,1.00
RH4,9951,29.395,,1,1.00
RH4,9952,29.341,,1,1.00
RH4,9953,29.287,,1,1.00
RH4,9954,29.233,,1,1.00
RH4,9955,29.179,,1,1.00
RH4,9956,29.124,,1,1.00
RH4,9957,29.069,,1,1.00
RH4,9958,29.014,,1,1.00
RH4,9959,28.959,,1,1.00
RH4,9960,28.903,,1,1.00
RH4,9961,28.847,,1,1.00
RH4,9962,28.791,,1,1.00
RH4,9963,28.734,,1,1.00
RH4,9964,28.678,,1,1.00
RH4,9965,28.621,,1,1.00
RH4,9966,28.563,,1,1.00
RH4,9967,28.506,,1,1.00
RH4,9968,28.448,,1,1.00
RH4,9969,28.391,,1,1.00
RH4,9970,28.332,,1,1.00
RH4,9971,28.274,,1,1.00
RH4,9972,28.215,,1,1.00
RH4,9973,28.157,,1,1.00
RH4,9974,28.097,,1,1.00
RH4,9975,28.038,,1,1.00
RH4,9976,27.979,,1,1.00
RH4,9977,27.919,,1,1.00
RH4,9978,27.859,,1,1.00
RH4,9979,27.799,,1,1.00
RH4,9980,27.738,,1,1.00
RH4,9981,27.678,,1,1.00
RH4,9982,27.617,,1,1.00
RH4,9983,27.556,,1,1.00
RH4,9984,27.494,,1,1.00
RH4,9985,27.433,,1,1.00
RH4,9986,27.371,,1,1.00
RH4,9987,27.309,,1,1.00
RH4,9988,27.247,,1,1.00
RH4,9989,27.185,,1,1.00
RH4,9990,27.122,,1,1.00
RH4,9991,27.060,,1,1.00
RH4,9992,26.997,,1,1.00
RH4,9993,26.934,,1,1.00
RH4,9994,26.870,,1,1.00
RH4,9995,26.807,,1,1.00
RH4,9996,26.743,,1,1.00
RH4,9997,26.679,,1,1.00
RH4,9998,26.615,,1,1.00
RH4,9999,26.551,,1,1.00
RH4,10000,26.486,,1,1.00
RH4,10001,26.422,,1,1.00
RH4,10002,26.357,,1,1.00
RH4,10003,26.292,,1,1.00
RH4,10004,26.227,,1,1.00
RH4,10005,26.161,,1,1.00
RH4,10006,26.096,,1,1.00
RH4,10007,26.030,,1,1.00
RH4,10008,25.964,,1,1.00
RH4,10009,25.898,,1,1.00
RH4,10010,25.832,,1,1.00
RH4,10011,25.766,,1,1.00
RH4,10012,25.699,,1,1.00
RH4,10013,25.632,,1,1.00
RH4,10014,25.566,,1,1.00
RH4,10015,25.499,,1,1.00
RH4,10016,25.431,,1,1.00
RH4,10017,25.364,,1,1.00
RH4,10018,25.297,,1,1.00
RH4,10019,25.229,,1,1.00
RH4,10020,25.161,,1,1.00
RH4,10021,25.093,,1,1.00
RH4,10022,25.025,,1,1.00
RH4,10023,24.957,,1,1.00
RH4,10024,24.889,,1,1.00
RH4,10025,24.820,,1,1.00
RH4,10026,24.751,,1,1.00
RH4,10027,24.683,,1,1.00
RH4,10028,24.614,,1,1.00
RH4,10029,24.545,,1,1.00
RH4,10030,24.475,,1,1.00
RH4,10031,24.406,,1,1.00
RH4,10032,24.337,,1,1.00
RH4,10033,24.267,,1,1.00
RH4,10034,24.197,,1,1.00
RH4,10035,24.128,,1,1.00
RH4,10036,24.058,,1,1.00
RH4,10037,23.988,,1,1.00
RH4,10038,23.917,,1,1.00
RH4,10039,23.847,,1,1.00
RH4,10040,23.777,,1,1.00
RH4,10041,23.706,,1,1.00
RH4,10042,23.635,,1,1.00
RH4,10043,23.565,,1,1.00
RH4,10044,23.494,,1,1.00
RH4,10045,23.423,,1,1.00
RH4,10046,23.352,,1,1.00
RH4,10047,23.281,,1,1.00
RH4,10048,23.209,,1,1.00
RH4,10049,23.138,,1,1.00
RH4,10050,23.067,,1,1.00
RH4,10051,22.995,,1,1.00
RH4,10052,22.923,,1,1.00
RH4,10053,22.852,,1,1.00
RH4,10054,22.780,,1,1.00
RH4,10055,22.708,,1,1.00
RH4,10056,22.636,,1,1.00
RH4,10057,22.564,,1,1.00
RH4,10058,22.492,,1,1.00
RH4,10059,22.419,,1,1.00
RH4,10060,22.347,,1,1.00
RH4,10061,22.275,,1,1.00
RH4,10062,22.202,,1,1.00
RH4,10063,22.129,,1,1.00
RH4,10064,22.057,,1,1.00
RH4,10065,21.984,,1,1.00
RH4,10066,21.911,,1,1.00
RH4,10067,21.838,,1,1.00
RH4,10068,21.766,,1,1.00
RH4,10069,21.693,,1,1.00
RH4,10070,21.620,,1,1.00
RH4,10071,21.546,,1,1.00
RH4,10072,21.473,,1,1.00
RH4,10073,21.400,,1,1.00
RH4,10074,21.327,,1,1.00
RH4,10075,21.253,,1,1.00
RH4,10076,21.180,,1,1.00
RH4,10077,21.107,,1,1.00
RH4,10078,21.033,,1,1.00
RH4,10079,20.960,,1,1.00
RH4,10080,20.886,,1,0.99
RH4,10081,20.812,,1,0.99
RH4,10082,20.739,,1,0.99
RH4,10083,20.665,,1,0.99
RH4,10084,20.591,,1,0.98
RH4,10085,20.518,,1,0.98
RH4,10086,20.444,,1,0.97
RH4,10087,20.370,,1,0.97
RH4,10088,20.296,,1,0.96
RH4,10089,20.222,,1,0.96
RH4,10090,20.148,,1,0.95
RH4,10091,20.074,,1,0.94
RH4,10092,20.001,,1,0.94
RH4,10093,19.927,,1,0.93
RH4,10094,19.853,,1,0.92
RH4,10095,19.779,,1,0.91
RH4,10096,19.704,,1,0.90
RH4,10097,19.630,,1,0.90
RH4,10098,19.556,,1,0.89
RH4,10099,19.482,,1,0.88
RH4,10100,19.408,,1,0.87
RH4,10101,19.334,,1,0.86
RH4,10102,19.260,,1,0.85
RH4,10103,19.186,,1,0.83
RH4,10104,19.112,,1,0.82
RH4,10105,19.038,,1,0.81
RH4,10106,18.964,,1,0.80
RH4,10107,18.890,,1,0.79
RH4,10108,18.815,,1,0.78
RH4,10109,18.741,,1,0.76
RH4,10110,18.667,,1,0.75
RH4,10111,18.593,,1,0.74
RH4,10112,18.519,,1,0.72
RH4,10113,18.445,,1,0.71
RH4,10114,18.371,,1,0.70
RH4,10115,18.297,,1,0.68
RH4,10116,18.223,,1,0.67
RH4,10117,18.149,,1,0.65
RH4,10118,18.075,,1,0.64
RH4,10119,18.001,,1,0.63
RH4,10120,17.927,,1,0.61
RH4,10121,17.853,,1,0.60
RH4,10122,17.780,,1,0.58
RH4,10123,17.706,,1,0.57
RH4,10124,17.632,,1,0.55
RH4,10125,17.558,,1,0.54
RH4,10126,17.485,,1,0.52
RH4,10127,17.411,,1,0.51
RH4,10128,17.337,,1,0.49
RH4,10129,17.264,,1,0.48
RH4,10130,17.190,,1,0.46
RH4,10131,17.117,,1,0.45
RH4,10132,17.043,,1,0.43
RH4,10133,16.970,,1,0.42
RH4,10134,16.896,,1,0.40
RH4,10135,16.823,,1,0.39
RH4,10136,16.750,,1,0.37
RH4,10137,16.677,,1,0.36
RH4,10138,16.604,,1,0.35
RH4,10139,16.530,,1,0.33
RH4,10140,16.457,,1,0.32
RH4,10141,16.385,,1,0.30
RH4,10142,16.312,,1,0.29
RH4,10143,16.239,,1,0.28
RH4,10144,16.166,,1,0.26
RH4,10145,16.093,,1,0.25
RH4,10146,16.021,,1,0.24
RH4,10147,15.948,,1,0.22
RH4,10148,15.876,,1,0.21
RH4,10149,15.803,,1,0.20
RH4,10150,15.731,,1,0.19
RH4,10151,15.659,,1,0.18
RH4,10152,15.587,,1,0.17
RH4,10153,15.515,,1,0.15
RH4,10154,15.443,,1,0.14
RH4,10155,15.371,,1,0.13
RH4,10156,15.299,,1,0.12
RH4,10157,15.227,,1,0.11
RH4,10158,15.156,,1,0.10
RH4,10159,15.084,,1,0.10
RH4,10160,15.013,,1,0.09
RH4,10161,14.941,,1,0.08
RH4,10162,14.870,,1,0.07
RH4,10163,14.799,,1,0.06
RH4,10164,14.728,,1,0.06
RH4,10165,14.657,,1,0.05
RH4,10166,14.586,,1,0.04
RH4,10167,14.516,,1,0.04
RH4,10168,14.445,,1,0.03
RH4,10169,14.375,,1,0.03
RH4,10170,14.304,,1,0.02
RH4,10171,14.234,,1,0.02
RH4,10172,14.164,,1,0.01
RH4,10173,14.094,,1,0.01
RH4,10174,14.024,,1,0.01
RH4,10175,13.954,,1,0.01
RH4,10176,13.885,,1,0.00
RH4,10177,13.815,,1,0.00
RH4,10178,13.746,,1,0.00
RH4,10179,13.676,,1,0.00
