koaid                    , instrume, filehand                                          , targname     , rgratnam, rcwave      , rgrangle , rnasnam, ifunam , binning, ampmode, elaptime , ra       , dec      , raoff, decoff, utdatetime                , progid, progpi   , propint, filesize_mb, std_name  , sep_fov              , in_fov, name_ok
KR.20230716.30714.50.fits, KCWI    , /KCWI/2023/20230716/lev0/KR.20230716.30714.50.fits, bd26d2606    , RH2     , 6799.98047  , 108.51508, Open   , Large  , "2,2"  , L2U2   ,   5.00001, 222.25983, 25.70256 , 0.0  , 0.0   , 2023-07-16 08:31:54.050000, E327  , McGurk   ,      18,      9.4378, bd26d2606 ,  0.06340476743884542 , True  , True
KR.20230716.30781.37.fits, KCWI    , /KCWI/2023/20230716/lev0/KR.20230716.30781.37.fits, bd26d2606    , RH2     , 6799.98047  , 108.51508, Open   , Large  , "2,2"  , L2U2   ,   5.00001, 222.25983, 25.70256 , 0.0  , 0.0   , 2023-07-16 08:33:01.370000, E327  , McGurk   ,      18,      9.4378, bd26d2606 ,  0.06340476743884542 , True  , True
KR.20230716.30866.30.fits, KCWI    , /KCWI/2023/20230716/lev0/KR.20230716.30866.30.fits, bd26d2606    , RH2     , 6799.98047  , 108.51508, Open   , Large  , "2,2"  , L2U2   ,  30.00003, 222.25983, 25.70256 , 0.0  , 0.0   , 2023-07-16 08:34:26.030000, E327  , McGurk   ,      18,      9.4378, bd26d2606 ,  0.06340476743884542 , True  , True
KR.20230716.30939.47.fits, KCWI    , /KCWI/2023/20230716/lev0/KR.20230716.30939.47.fits, bd26d2606    , RH2     , 6799.98047  , 108.51508, Open   , Large  , "2,2"  , L2U2   ,  30.00003, 222.25983, 25.70256 , 0.0  , 0.0   , 2023-07-16 08:35:39.470000, E327  , McGurk   ,      18,      9.4378, bd26d2606 ,  0.06340476743884542 , True  , True
KR.20230716.31012.91.fits, KCWI    , /KCWI/2023/20230716/lev0/KR.20230716.31012.91.fits, bd26d2606    , RH2     , 6799.98047  , 108.51508, Open   , Large  , "2,2"  , L2U2   ,  30.00003, 222.26042, 25.70311 , 2.2  , 2.0   , 2023-07-16 08:36:52.910000, E327  , McGurk   ,      18,      9.4378, bd26d2606 ,  2.8147446529639963  , True  , True
KR.20230716.31146.53.fits, KCWI    , /KCWI/2023/20230716/lev0/KR.20230716.31146.53.fits, bd26d2606    , RH2     , 6799.98047  , 108.51508, Open   , Large  , "2,2"  , L2U2   ,  30.00003, 222.25983, 25.70256 , 0.0  , 0.0   , 2023-07-16 08:39:06.530000, E327  , McGurk   ,      18,      9.4378, bd26d2606 ,  0.06340476743884542 , True  , True
KR.20230716.31224.50.fits, KCWI    , /KCWI/2023/20230716/lev0/KR.20230716.31224.50.fits, bd26d2606    , RH2     , 6799.98047  , 108.51508, Open   , Large  , "2,2"  , L2U2   ,  30.00003, 222.25983, 25.70256 , 0.0  , 0.0   , 2023-07-16 08:40:24.050000, E327  , McGurk   ,      18,      9.4378, bd26d2606 ,  0.06340476743884542 , True  , True
KR.20230716.34972.56.fits, KCWI    , /KCWI/2023/20230716/lev0/KR.20230716.34972.56.fits, bd02d3375    , RH2     , 6799.98047  , 108.51508, Open   , Small  , "1,1"  , L2U2   ,  10.00001, 264.93996, 2.41656  , 0.0  , 0.0   , 2023-07-16 09:42:52.560000, E327  , McGurk   ,      18,     35.5219, bd02d3375 ,  0.017086134736453266, True  , True
KR.20230716.35299.98.fits, KCWI    , /KCWI/2023/20230716/lev0/KR.20230716.35299.98.fits, bd02d3375    , RH2     , 6799.98047  , 108.51508, Open   , Small  , "1,1"  , L2U2   , 200.0002 , 264.93996, 2.41656  , 0.0  , 0.0   , 2023-07-16 09:48:19.980000, E327  , McGurk   ,      18,     35.5219, bd02d3375 ,  0.017086134736453266, True  , True
KR.20230716.35605.98.fits, KCWI    , /KCWI/2023/20230716/lev0/KR.20230716.35605.98.fits, bd02d3375    , RH2     , 6799.98047  , 108.51508, Open   , Small  , "1,1"  , L2U2   , 200.0002 , 264.93996, 2.41656  , 0.0  , 0.0   , 2023-07-16 09:53:25.980000, E327  , McGurk   ,      18,     35.5219, bd02d3375 ,  0.017086134736453266, True  , True
KR.20230716.35907.90.fits, KCWI    , /KCWI/2023/20230716/lev0/KR.20230716.35907.90.fits, bd02d3375    , RH2     , 6799.98047  , 108.51508, Open   , Small  , "1,1"  , L2U2   , 200.0002 , 264.93996, 2.41656  , 0.0  , 0.0   , 2023-07-16 09:58:27.900000, E327  , McGurk   ,      18,     35.5219, bd02d3375 ,  0.017086134736453266, True  , True
KR.20230716.45609.12.fits, KCWI    , /KCWI/2023/20230716/lev0/KR.20230716.45609.12.fits, feige110     , RH1     , 6599.98926  , 100.10007, Open   , Small  , "1,1"  , L2U2   ,  60.00006, 349.99329, -5.16561 , 0.0  , 0.0   , 2023-07-16 12:40:09.120000, E327  , McGurk   ,      18,     35.5219, feige110  ,  0.39604508351221174 , True  , True
KR.20230716.46032.42.fits, KCWI    , /KCWI/2023/20230716/lev0/KR.20230716.46032.42.fits, feige110     , RH1     , 6599.98926  , 100.10007, Open   , Small  , "1,1"  , L2U2   , 300.0003 , 349.99329, -5.16561 , 0.0  , 0.0   , 2023-07-16 12:47:12.420000, E327  , McGurk   ,      18,     35.5219, feige110  ,  0.39604508351221174 , True  , True
KR.20230716.46438.38.fits, KCWI    , /KCWI/2023/20230716/lev0/KR.20230716.46438.38.fits, feige110     , RH1     , 6599.98926  , 100.10007, Open   , Small  , "1,1"  , L2U2   , 300.0003 , 349.99329, -5.16561 , 0.0  , 0.0   , 2023-07-16 12:53:58.380000, E327  , McGurk   ,      18,     35.5219, feige110  ,  0.39604508351221174 , True  , True
KR.20230716.51474.15.fits, KCWI    , /KCWI/2023/20230716/lev0/KR.20230716.51474.15.fits, feige110     , RH1     , 6619.99365  ,  99.87512, Open   , Large  , "2,2"  , L2U2   ,  60.00006, 349.99329, -5.16561 , 0.0  , 0.0   , 2023-07-16 14:17:54.150000, E327  , McGurk   ,      18,      9.4378, feige110  ,  0.39604508351221174 , True  , True
KR.20230716.51834.21.fits, KCWI    , /KCWI/2023/20230716/lev0/KR.20230716.51834.21.fits, feige110     , RH1     , 6619.99365  ,  99.87512, Open   , Large  , "2,2"  , L2U2   , 300.0003 , 349.99329, -5.16561 , 0.0  , 0.0   , 2023-07-16 14:23:54.210000, E327  , McGurk   ,      18,      9.4378, feige110  ,  0.39604508351221174 , True  , True
KR.20230716.52182.30.fits, KCWI    , /KCWI/2023/20230716/lev0/KR.20230716.52182.30.fits, feige110     , RH1     , 6619.99365  ,  99.87512, Open   , Large  , "2,2"  , L2U2   , 300.0003 , 349.99329, -5.16561 , 0.0  , 0.0   , 2023-07-16 14:29:42.030000, E327  , McGurk   ,      18,      9.4378, feige110  ,  0.39604508351221174 , True  , True
KR.20230716.52721.61.fits, KCWI    , /KCWI/2023/20230716/lev0/KR.20230716.52721.61.fits, feige110     , RH2     , 6999.9873   , 106.82272, Open   , Medium , "2,2"  , L2U2   ,  30.00003, 349.99329, -5.16561 , 0.0  , 0.0   , 2023-07-16 14:38:41.610000, E327  , McGurk   ,      18,      9.4378, feige110  ,  0.39604508351221174 , True  , True
KR.20230716.53048.10.fits, KCWI    , /KCWI/2023/20230716/lev0/KR.20230716.53048.10.fits, feige110     , RH2     , 6999.9873   , 106.82272, Open   , Medium , "2,2"  , L2U2   , 200.0002 , 349.99329, -5.16561 , 0.0  , 0.0   , 2023-07-16 14:44:08.010000, E327  , McGurk   ,      18,      9.4378, feige110  ,  0.39604508351221174 , True  , True
KR.20230716.53322.39.fits, KCWI    , /KCWI/2023/20230716/lev0/KR.20230716.53322.39.fits, feige110     , RH2     , 6999.9873   , 106.82272, Open   , Medium , "2,2"  , L2U2   , 200.0002 , 349.99329, -5.16561 , 0.0  , 0.0   , 2023-07-16 14:48:42.390000, E327  , McGurk   ,      18,      9.4378, feige110  ,  0.39604508351221174 , True  , True
KR.20230716.53727.33.fits, KCWI    , /KCWI/2023/20230716/lev0/KR.20230716.53727.33.fits, feige110     , RL      , 7299.95117  , 139.70175, Open   , Medium , "2,2"  , L2U2   ,  20.00002, 349.99329, -5.16561 , 0.0  , 0.0   , 2023-07-16 14:55:27.330000, E327  , McGurk   ,      18,      9.4378, feige110  ,  0.39604508351221174 , True  , True
KR.20230716.53851.77.fits, KCWI    , /KCWI/2023/20230716/lev0/KR.20230716.53851.77.fits, feige110     , RL      , 7299.95117  , 139.70175, Open   , Medium , "2,2"  , L2U2   ,  60.00006, 349.99329, -5.16561 , 0.0  , 0.0   , 2023-07-16 14:57:31.770000, E327  , McGurk   ,      18,      9.4378, feige110  ,  0.39604508351221174 , True  , True
KR.20230716.53959.89.fits, KCWI    , /KCWI/2023/20230716/lev0/KR.20230716.53959.89.fits, feige110     , RL      , 7299.95117  , 139.70175, Open   , Medium , "2,2"  , L2U2   ,  60.00006, 349.99329, -5.16561 , 0.0  , 0.0   , 2023-07-16 14:59:19.890000, E327  , McGurk   ,      18,      9.4378, feige110  ,  0.39604508351221174 , True  , True
KR.20230716.54062.91.fits, KCWI    , /KCWI/2023/20230716/lev0/KR.20230716.54062.91.fits, feige110     , RL      , 7299.95117  , 139.70175, Open   , Medium , "2,2"  , L2U2   ,  60.00006, 349.99329, -5.16561 , 0.0  , 0.0   , 2023-07-16 15:01:02.910000, E327  , McGurk   ,      18,      9.4378, feige110  ,  0.39604508351221174 , True  , True
KR.20230717.48955.62.fits, KCWI    , /KCWI/2023/20230717/lev0/KR.20230717.48955.62.fits, feige110     , RH2     , 7179.99219  , 105.24863, Open   , Large  , "2,2"  , L2U2   , 230.82023, 349.99329, -5.16561 , 0.0  , 0.0   , 2023-07-17 13:35:55.620000, E327  , McGurk   ,      18,      9.4378, feige110  ,  0.39604508351221174 , True  , True
KR.20230717.53418.12.fits, KCWI    , /KCWI/2023/20230717/lev0/KR.20230717.53418.12.fits, bd28d4211    , RH2     , 7179.99219  , 105.24863, Open   , Large  , "2,2"  , L2U2   ,  60.00006, 327.79612, 28.86439 , 0.0  , 0.0   , 2023-07-17 14:50:18.120000, E327  , McGurk   ,      18,      9.4378, bd28d4211 ,  0.016263341883482225, True  , True
KR.20230717.53529.30.fits, KCWI    , /KCWI/2023/20230717/lev0/KR.20230717.53529.30.fits, bd28d4211    , RH2     , 7179.99219  , 105.24863, Open   , Large  , "2,2"  , L2U2   ,  60.00006, 327.79612, 28.86439 , 0.0  , 0.0   , 2023-07-17 14:52:09.300000, E327  , McGurk   ,      18,      9.4378, bd28d4211 ,  0.016263341883482225, True  , True
KR.20230717.53668.20.fits, KCWI    , /KCWI/2023/20230717/lev0/KR.20230717.53668.20.fits, bd28d4211    , RH2     , 7179.99219  , 105.24863, Open   , Large  , "2,2"  , L2U2   ,  60.00006, 327.79612, 28.86494 , 0.0  , 2.0   , 2023-07-17 14:54:28.020000, E327  , McGurk   ,      18,      9.4378, bd28d4211 ,  1.9840626237445464  , True  , True
KR.20230717.53805.72.fits, KCWI    , /KCWI/2023/20230717/lev0/KR.20230717.53805.72.fits, bd28d4211    , RH2     , 7179.99219  , 105.24863, Open   , Large  , "2,2"  , L2U2   ,  60.00006, 327.79612, 28.86494 , 0.0  , 2.0   , 2023-07-17 14:56:45.720000, E327  , McGurk   ,      18,      9.4378, bd28d4211 ,  1.9840626237445464  , True  , True
KR.20230717.53938.32.fits, KCWI    , /KCWI/2023/20230717/lev0/KR.20230717.53938.32.fits, bd28d4211    , RH2     , 7179.99219  , 105.24863, Open   , Large  , "2,2"  , L2U2   ,  60.00006, 327.79612, 28.86494 , 0.0  , 2.0   , 2023-07-17 14:58:58.320000, E327  , McGurk   ,      18,      9.4378, bd28d4211 ,  1.9840626237445464  , True  , True
KR.20230717.54044.40.fits, KCWI    , /KCWI/2023/20230717/lev0/KR.20230717.54044.40.fits, bd28d4211    , RH2     , 7179.99219  , 105.24863, Open   , Large  , "2,2"  , L2U2   ,  60.00006, 327.79612, 28.86606 , 0.0  , 6.0   , 2023-07-17 15:00:44.400000, E327  , McGurk   ,      18,      9.4378, bd28d4211 ,  6.016020652587232   , True  , True
KR.20230717.54160.68.fits, KCWI    , /KCWI/2023/20230717/lev0/KR.20230717.54160.68.fits, bd28d4211    , RH2     , 7179.99219  , 105.24863, Open   , Large  , "2,2"  , L2U2   ,  60.00006, 327.79612, 28.86606 , 0.0  , 6.0   , 2023-07-17 15:02:40.680000, E327  , McGurk   ,      18,      9.4378, bd28d4211 ,  6.016020652587232   , True  , True
KR.20230717.54300.42.fits, KCWI    , /KCWI/2023/20230717/lev0/KR.20230717.54300.42.fits, bd28d4211    , RH2     , 7179.99219  , 105.24863, Open   , Large  , "2,2"  , L2U2   ,  60.00006, 327.79612, 28.86606 , 0.0  , 6.0   , 2023-07-17 15:05:00.420000, E327  , McGurk   ,      18,      9.4378, bd28d4211 ,  6.016020652587232   , True  , True
KR.20230816.33691.63.fits, KCWI    , /KCWI/2023/20230816/lev0/KR.20230816.33691.63.fits, bd02d3375    , RL      , 6999.95996  , 140.1203 , Open   , Small  , "1,1"  , L2U2   ,  10.00001, 264.93996, 2.41656  , 0.0  , 0.0   , 2023-08-16 09:21:31.630000, NONE  , NONE     ,      18,     35.5219, bd02d3375 ,  0.017086134736453266, True  , True
KR.20230816.33867.70.fits, KCWI    , /KCWI/2023/20230816/lev0/KR.20230816.33867.70.fits, bd02d3375    , RL      , 6999.95996  , 140.1203 , Open   , Small  , "1,1"  , L2U2   ,  20.00002, 264.93996, 2.41656  , 0.0  , 0.0   , 2023-08-16 09:24:27.070000, NONE  , NONE     ,      18,     35.5219, bd02d3375 ,  0.017086134736453266, True  , True
KR.20230817.34547.50.fits, KCWI    , /KCWI/2023/20230817/lev0/KR.20230817.34547.50.fits, bd28d4211    , RL      , 7149.89209  , 139.9113 , Open   , Medium , "2,2"  , L2U2   ,   5.00001, 327.79612, 28.86439 , 0.0  , 0.0   , 2023-08-17 09:35:47.500000, U052  , Canalizo ,      18,      9.4378, bd28d4211 ,  0.016263341883482225, True  , True
KR.20230817.34596.46.fits, KCWI    , /KCWI/2023/20230817/lev0/KR.20230817.34596.46.fits, bd28d4211    , RL      , 7149.89209  , 139.9113 , Open   , Medium , "2,2"  , L2U2   ,   5.00001, 327.79612, 28.86439 , 0.0  , 0.0   , 2023-08-17 09:36:36.460000, U052  , Canalizo ,      18,      9.4378, bd28d4211 ,  0.016263341883482225, True  , True
KR.20230817.34645.42.fits, KCWI    , /KCWI/2023/20230817/lev0/KR.20230817.34645.42.fits, bd28d4211    , RL      , 7149.89209  , 139.9113 , Open   , Medium , "2,2"  , L2U2   ,   5.00001, 327.79612, 28.86439 , 0.0  , 0.0   , 2023-08-17 09:37:25.420000, U052  , Canalizo ,      18,      9.4378, bd28d4211 ,  0.016263341883482225, True  , True
KR.20230817.34755.58.fits, KCWI    , /KCWI/2023/20230817/lev0/KR.20230817.34755.58.fits, bd28d4211    , RL      , 8949.89062  , 137.38405, Open   , Medium , "2,2"  , L2U2   ,  10.00001, 327.79612, 28.86439 , 0.0  , 0.0   , 2023-08-17 09:39:15.580000, U052  , Canalizo ,      18,      9.4378, bd28d4211 ,  0.016263341883482225, True  , True
KR.20230817.34809.64.fits, KCWI    , /KCWI/2023/20230817/lev0/KR.20230817.34809.64.fits, bd28d4211    , RL      , 8949.89062  , 137.38405, Open   , Medium , "2,2"  , L2U2   ,  10.00001, 327.79612, 28.86439 , 0.0  , 0.0   , 2023-08-17 09:40:09.640000, U052  , Canalizo ,      18,      9.4378, bd28d4211 ,  0.016263341883482225, True  , True
KR.20230817.34863.70.fits, KCWI    , /KCWI/2023/20230817/lev0/KR.20230817.34863.70.fits, bd28d4211    , RL      , 8949.89062  , 137.38405, Open   , Medium , "2,2"  , L2U2   ,  10.00001, 327.79612, 28.86439 , 0.0  , 0.0   , 2023-08-17 09:41:03.700000, U052  , Canalizo ,      18,      9.4378, bd28d4211 ,  0.016263341883482225, True  , True
KR.20230817.54082.56.fits, KCWI    , /KCWI/2023/20230817/lev0/KR.20230817.54082.56.fits, G191b2b      , RL      , 8249.97559  , 138.37129, Open   , Medium , "2,2"  , L2U2   ,  30.00003,  76.37767, 52.83047 , 0.0  , 0.0   , 2023-08-17 15:01:22.560000, W377  , Deller   ,      18,      9.4378, g191b2b   ,  2.1013116377968135  , True  , True
KR.20230817.54198.84.fits, KCWI    , /KCWI/2023/20230817/lev0/KR.20230817.54198.84.fits, G191b2b      , RL      , 8249.97559  , 138.37129, Open   , Medium , "2,2"  , L2U2   ,  60.00006,  76.37767, 52.83047 , 0.0  , 0.0   , 2023-08-17 15:03:18.840000, W377  , Deller   ,      18,      9.4378, g191b2b   ,  2.1013116377968135  , True  , True
KR.20230817.54352.86.fits, KCWI    , /KCWI/2023/20230817/lev0/KR.20230817.54352.86.fits, G191b2b      , RL      , 7100.00879  , 139.98114, Open   , Medium , "2,2"  , L2U2   ,  60.00006,  76.37767, 52.83047 , 0.0  , 0.0   , 2023-08-17 15:05:52.860000, W377  , Deller   ,      18,      9.4378, g191b2b   ,  2.1013116377968135  , True  , True
KR.20230823.19652.94.fits, KCWI    , /KCWI/2023/20230823/lev0/KR.20230823.19652.94.fits, bd26d2606    , RL      , 7149.89209  , 139.9113 , Open   , Medium , "2,2"  , L2U2   ,   1.0    , 222.25979, 25.70256 , 0.0  , 0.0   , 2023-08-23 05:27:32.940000, U052  , Canalizo ,      18,      9.4378, bd26d2606 ,  0.11462757644381874 , True  , True
KR.20230823.19729.44.fits, KCWI    , /KCWI/2023/20230823/lev0/KR.20230823.19729.44.fits, bd26d2606    , RL      , 7149.89209  , 139.9113 , Open   , Medium , "2,2"  , L2U2   ,   5.0    , 222.25979, 25.70256 , 0.0  , 0.0   , 2023-08-23 05:28:49.440000, U052  , Canalizo ,      18,      9.4378, bd26d2606 ,  0.11462757644381874 , True  , True
KR.20230823.19795.74.fits, KCWI    , /KCWI/2023/20230823/lev0/KR.20230823.19795.74.fits, bd26d2606    , RL      , 7149.89209  , 139.9113 , Open   , Medium , "2,2"  , L2U2   ,   5.0    , 222.25979, 25.70256 , 0.0  , 0.0   , 2023-08-23 05:29:55.740000, U052  , Canalizo ,      18,      9.4378, bd26d2606 ,  0.11462757644381874 , True  , True
KR.20230823.19844.70.fits, KCWI    , /KCWI/2023/20230823/lev0/KR.20230823.19844.70.fits, bd26d2606    , RL      , 7149.89209  , 139.9113 , Open   , Medium , "2,2"  , L2U2   ,   5.0    , 222.25979, 25.70256 , 0.0  , 0.0   , 2023-08-23 05:30:44.700000, U052  , Canalizo ,      18,      9.4378, bd26d2606 ,  0.11462757644381874 , True  , True
KR.20230823.19928.34.fits, KCWI    , /KCWI/2023/20230823/lev0/KR.20230823.19928.34.fits, bd26d2606    , RL      , 8949.89062  , 137.38405, Open   , Medium , "2,2"  , L2U2   ,   5.0    , 222.25979, 25.70256 , 0.0  , 0.0   , 2023-08-23 05:32:08.340000, U052  , Canalizo ,      18,      9.4378, bd26d2606 ,  0.11462757644381874 , True  , True
KR.20230823.19977.30.fits, KCWI    , /KCWI/2023/20230823/lev0/KR.20230823.19977.30.fits, bd26d2606    , RL      , 8949.89062  , 137.38405, Open   , Medium , "2,2"  , L2U2   ,   5.0    , 222.25979, 25.70256 , 0.0  , 0.0   , 2023-08-23 05:32:57.300000, U052  , Canalizo ,      18,      9.4378, bd26d2606 ,  0.11462757644381874 , True  , True
KR.20230823.20026.26.fits, KCWI    , /KCWI/2023/20230823/lev0/KR.20230823.20026.26.fits, bd26d2606    , RL      , 8949.89062  , 137.38405, Open   , Medium , "2,2"  , L2U2   ,   5.0    , 222.25979, 25.70256 , 0.0  , 0.0   , 2023-08-23 05:33:46.260000, U052  , Canalizo ,      18,      9.4378, bd26d2606 ,  0.11462757644381874 , True  , True
KR.20230823.37080.85.fits, KCWI    , /KCWI/2023/20230823/lev0/KR.20230823.37080.85.fits, lds749b      , RL      , 8949.89062  , 137.38405, Open   , Medium , "2,2"  , L2U2   ,  20.00002, 323.06763, 0.254    , 0.0  , 0.0   , 2023-08-23 10:18:00.850000, U052  , Canalizo ,      18,      9.4378, lds749b   ,  0.017999823080567398, True  , True
KR.20230823.37224.67.fits, KCWI    , /KCWI/2023/20230823/lev0/KR.20230823.37224.67.fits, lds749b      , RL      , 8949.89062  , 137.38405, Open   , Medium , "2,2"  , L2U2   ,  20.00002, 323.06763, 0.254    , 0.0  , 0.0   , 2023-08-23 10:20:24.670000, U052  , Canalizo ,      18,      9.4378, lds749b   ,  0.017999823080567398, True  , True
KR.20230823.37288.93.fits, KCWI    , /KCWI/2023/20230823/lev0/KR.20230823.37288.93.fits, lds749b      , RL      , 8949.89062  , 137.38405, Open   , Medium , "2,2"  , L2U2   ,  20.00002, 323.06763, 0.254    , 0.0  , 0.0   , 2023-08-23 10:21:28.930000, U052  , Canalizo ,      18,      9.4378, lds749b   ,  0.017999823080567398, True  , True
KR.20230823.37398.70.fits, KCWI    , /KCWI/2023/20230823/lev0/KR.20230823.37398.70.fits, lds749b      , RL      , 7149.89209  , 139.9113 , Open   , Medium , "2,2"  , L2U2   ,  20.00002, 323.06763, 0.254    , 0.0  , 0.0   , 2023-08-23 10:23:18.070000, U052  , Canalizo ,      18,      9.4378, lds749b   ,  0.017999823080567398, True  , True
KR.20230823.37462.33.fits, KCWI    , /KCWI/2023/20230823/lev0/KR.20230823.37462.33.fits, lds749b      , RL      , 7149.89209  , 139.9113 , Open   , Medium , "2,2"  , L2U2   ,  20.00002, 323.06763, 0.254    , 0.0  , 0.0   , 2023-08-23 10:24:22.330000, U052  , Canalizo ,      18,      9.4378, lds749b   ,  0.017999823080567398, True  , True
KR.20230823.37526.60.fits, KCWI    , /KCWI/2023/20230823/lev0/KR.20230823.37526.60.fits, lds749b      , RL      , 7149.89209  , 139.9113 , Open   , Medium , "2,2"  , L2U2   ,  20.00002, 323.06763, 0.254    , 0.0  , 0.0   , 2023-08-23 10:25:26.600000, U052  , Canalizo ,      18,      9.4378, lds749b   ,  0.017999823080567398, True  , True
KR.20230825.20812.13.fits, KCWI    , /KCWI/2023/20230825/lev0/KR.20230825.20812.13.fits, bd02d3375    , RL      , 7300.19336  , 139.70175, Open   , Large  , "2,2"  , L2U2   ,   5.0    , 264.93996, 2.41656  , 0.0  , 0.0   , 2023-08-25 05:46:52.130000, C416  , Martin   ,      18,      9.4378, bd02d3375 ,  0.017086134736453266, True  , True
KR.20230825.20902.91.fits, KCWI    , /KCWI/2023/20230825/lev0/KR.20230825.20902.91.fits, bd02d3375    , RL      , 7300.19336  , 139.70175, Open   , Large  , "2,2"  , L2U2   ,  30.00002, 264.93996, 2.41656  , 0.0  , 0.0   , 2023-08-25 05:48:22.910000, C416  , Martin   ,      18,      9.4378, bd02d3375 ,  0.017086134736453266, True  , True
KR.20230825.20972.27.fits, KCWI    , /KCWI/2023/20230825/lev0/KR.20230825.20972.27.fits, bd02d3375    , RL      , 7300.19336  , 139.70175, Open   , Large  , "2,2"  , L2U2   ,   5.0    , 264.93996, 2.41656  , 0.0  , 0.0   , 2023-08-25 05:49:32.270000, C416  , Martin   ,      18,      9.4378, bd02d3375 ,  0.017086134736453266, True  , True
KR.20230825.21047.75.fits, KCWI    , /KCWI/2023/20230825/lev0/KR.20230825.21047.75.fits, bd02d3375    , RL      , 7300.19336  , 139.70175, Open   , Large  , "2,2"  , L2U2   ,   5.0    , 264.93996, 2.41656  , 0.0  , 0.0   , 2023-08-25 05:50:47.750000, C416  , Martin   ,      18,      9.4378, bd02d3375 ,  0.017086134736453266, True  , True
KR.20230825.21186.47.fits, KCWI    , /KCWI/2023/20230825/lev0/KR.20230825.21186.47.fits, bd02d3375    , RL      , 7999.94678  , 138.7222 , Open   , Large  , "2,2"  , L2U2   ,   5.0    , 264.93996, 2.41656  , 0.0  , 0.0   , 2023-08-25 05:53:06.470000, C416  , Martin   ,      18,      9.4378, bd02d3375 ,  0.017086134736453266, True  , True
KR.20230825.21240.53.fits, KCWI    , /KCWI/2023/20230825/lev0/KR.20230825.21240.53.fits, bd02d3375    , RL      , 7999.94678  , 138.7222 , Open   , Large  , "2,2"  , L2U2   ,   5.0    , 264.93996, 2.41656  , 0.0  , 0.0   , 2023-08-25 05:54:00.530000, C416  , Martin   ,      18,      9.4378, bd02d3375 ,  0.017086134736453266, True  , True
KR.20230825.21289.49.fits, KCWI    , /KCWI/2023/20230825/lev0/KR.20230825.21289.49.fits, bd02d3375    , RL      , 7999.94678  , 138.7222 , Open   , Large  , "2,2"  , L2U2   ,   5.0    , 264.93996, 2.41656  , 0.0  , 0.0   , 2023-08-25 05:54:49.490000, C416  , Martin   ,      18,      9.4378, bd02d3375 ,  0.017086134736453266, True  , True
KR.20230825.21462.89.fits, KCWI    , /KCWI/2023/20230825/lev0/KR.20230825.21462.89.fits, bd02d3375    , RL      , 7999.94678  , 138.7222 , Open   , Medium , "2,2"  , L2U2   ,   5.0    , 264.93996, 2.41656  , 0.0  , 0.0   , 2023-08-25 05:57:42.890000, C416  , Martin   ,      18,      9.4378, bd02d3375 ,  0.017086134736453266, True  , True
KR.20230825.21527.15.fits, KCWI    , /KCWI/2023/20230825/lev0/KR.20230825.21527.15.fits, bd02d3375    , RL      , 7999.94678  , 138.7222 , Open   , Medium , "2,2"  , L2U2   ,   5.0    , 264.93996, 2.41656  , 0.0  , 0.0   , 2023-08-25 05:58:47.150000, C416  , Martin   ,      18,      9.4378, bd02d3375 ,  0.017086134736453266, True  , True
KR.20230825.21578.15.fits, KCWI    , /KCWI/2023/20230825/lev0/KR.20230825.21578.15.fits, bd02d3375    , RL      , 7999.94678  , 138.7222 , Open   , Medium , "2,2"  , L2U2   ,   5.0    , 264.93996, 2.41656  , 0.0  , 0.0   , 2023-08-25 05:59:38.150000, C416  , Martin   ,      18,      9.4378, bd02d3375 ,  0.017086134736453266, True  , True
KR.20230825.21627.11.fits, KCWI    , /KCWI/2023/20230825/lev0/KR.20230825.21627.11.fits, bd02d3375    , RL      , 7999.94678  , 138.7222 , Open   , Medium , "2,2"  , L2U2   ,   5.0    , 264.93996, 2.41656  , 0.0  , 0.0   , 2023-08-25 06:00:27.110000, C416  , Martin   ,      18,      9.4378, bd02d3375 ,  0.017086134736453266, True  , True
KR.20230825.21688.31.fits, KCWI    , /KCWI/2023/20230825/lev0/KR.20230825.21688.31.fits, bd02d3375    , RL      , 7299.94531  , 139.7012 , Open   , Medium , "2,2"  , L2U2   ,   5.0    , 264.93996, 2.41656  , 0.0  , 0.0   , 2023-08-25 06:01:28.310000, C416  , Martin   ,      18,      9.4378, bd02d3375 ,  0.017086134736453266, True  , True
KR.20230825.21736.25.fits, KCWI    , /KCWI/2023/20230825/lev0/KR.20230825.21736.25.fits, bd02d3375    , RL      , 7299.95117  , 139.70175, Open   , Medium , "2,2"  , L2U2   ,   5.0    , 264.93996, 2.41656  , 0.0  , 0.0   , 2023-08-25 06:02:16.250000, C416  , Martin   ,      18,      9.4378, bd02d3375 ,  0.017086134736453266, True  , True
KR.20230825.21788.27.fits, KCWI    , /KCWI/2023/20230825/lev0/KR.20230825.21788.27.fits, bd02d3375    , RL      , 7299.95117  , 139.70175, Open   , Medium , "2,2"  , L2U2   ,   5.0    , 264.93996, 2.41656  , 0.0  , 0.0   , 2023-08-25 06:03:08.270000, C416  , Martin   ,      18,      9.4378, bd02d3375 ,  0.017086134736453266, True  , True
KR.20230829.49863.73.fits, KCWI    , /KCWI/2023/20230829/lev0/KR.20230829.49863.73.fits, feige110     , RL      , 7149.89209  , 139.9113 , Open   , Medium , "2,2"  , L2U2   ,  30.00002, 349.99329, -5.1655  , 0.0  , 0.0   , 2023-08-29 13:51:03.730000, H340  , Hinkle   ,      18,      9.4378, feige110  ,  0.005975632529793093, True  , True
KR.20230829.49953.49.fits, KCWI    , /KCWI/2023/20230829/lev0/KR.20230829.49953.49.fits, feige110     , RL      , 7149.89209  , 139.9113 , Open   , Medium , "2,2"  , L2U2   ,  30.00002, 349.99329, -5.1655  , 0.0  , 0.0   , 2023-08-29 13:52:33.490000, H340  , Hinkle   ,      18,      9.4378, feige110  ,  0.005975632529793093, True  , True
KR.20230829.50027.95.fits, KCWI    , /KCWI/2023/20230829/lev0/KR.20230829.50027.95.fits, feige110     , RL      , 7149.89209  , 139.9113 , Open   , Medium , "2,2"  , L2U2   ,  30.00002, 349.99329, -5.1655  , 0.0  , 0.0   , 2023-08-29 13:53:47.950000, H340  , Hinkle   ,      18,      9.4378, feige110  ,  0.005975632529793093, True  , True
KR.20230829.56452.99.fits, KCWI    , /KCWI/2023/20230829/lev0/KR.20230829.56452.99.fits, g191b2b      , RL      , 7149.89209  , 139.9113 , Open   , Medium , "2,2"  , L2U2   ,  20.00002,  76.37758, 52.83167 , 0.0  , 0.0   , 2023-08-29 15:40:52.990000, H340  , Hinkle   ,      18,      9.4378, g191b2b   ,  0.014020025852305171, True  , True
KR.20230829.56516.24.fits, KCWI    , /KCWI/2023/20230829/lev0/KR.20230829.56516.24.fits, g191b2b      , RL      , 7149.89209  , 139.9113 , Open   , Medium , "2,2"  , L2U2   ,  20.00002,  76.37758, 52.83167 , 0.0  , 0.0   , 2023-08-29 15:41:56.240000, H340  , Hinkle   ,      18,      9.4378, g191b2b   ,  0.014020025852305171, True  , True
KR.20230829.56580.50.fits, KCWI    , /KCWI/2023/20230829/lev0/KR.20230829.56580.50.fits, g191b2b      , RL      , 7149.89209  , 139.9113 , Open   , Medium , "2,2"  , L2U2   ,  20.00002,  76.37758, 52.83167 , 0.0  , 0.0   , 2023-08-29 15:43:00.500000, H340  , Hinkle   ,      18,      9.4378, g191b2b   ,  0.014020025852305171, True  , True
KR.20230905.29031.86.fits, KCWI    , /KCWI/2023/20230905/lev0/KR.20230905.29031.86.fits, bd28d4211    , RH1     , 6520.01465  , 100.98667, Open   , Medium , "2,2"  , L2U2   ,  10.00001, 327.79612, 28.86439 , 0.0  , 0.0   , 2023-09-05 08:03:51.860000, K450  , Gomez    ,      18,      9.4378, bd28d4211 ,  0.016263341883482225, True  , True
KR.20230905.29175.68.fits, KCWI    , /KCWI/2023/20230905/lev0/KR.20230905.29175.68.fits, bd28d4211    , RH1     , 6520.01465  , 100.98667, Open   , Medium , "2,2"  , L2U2   ,  30.00002, 327.79612, 28.86439 , 0.0  , 0.0   , 2023-09-05 08:06:15.680000, K450  , Gomez    ,      18,      9.4378, bd28d4211 ,  0.016263341883482225, True  , True
KR.20230905.29732.60.fits, KCWI    , /KCWI/2023/20230905/lev0/KR.20230905.29732.60.fits, bd28d4211    , RL      , 7149.89209  , 139.9113 , Open   , Large  , "2,2"  , L2U2   ,  10.00001, 327.79612, 28.86439 , 0.0  , 0.0   , 2023-09-05 08:15:32.600000, K450  , Gomez    ,      18,      9.4378, bd28d4211 ,  0.016263341883482225, True  , True
KR.20230905.29877.44.fits, KCWI    , /KCWI/2023/20230905/lev0/KR.20230905.29877.44.fits, bd28d4211    , RL      , 7149.89209  , 139.9113 , Open   , Large  , "2,2"  , L2U2   ,  10.00001, 327.79612, 28.86439 , 0.0  , 0.0   , 2023-09-05 08:17:57.440000, K450  , Gomez    ,      18,      9.4378, bd28d4211 ,  0.016263341883482225, True  , True
KR.20230905.34095.14.fits, KCWI    , /KCWI/2023/20230905/lev0/KR.20230905.34095.14.fits, feige110     , RL      , 7149.89209  , 139.9113 , Open   , Large  , "2,2"  , L2U2   ,  10.00001, 349.99329, -5.1655  , 0.0  , 0.0   , 2023-09-05 09:28:15.140000, K450  , Gomez    ,      18,      9.4378, feige110  ,  0.005975632529793093, True  , True
KR.20230905.34190.00.fits, KCWI    , /KCWI/2023/20230905/lev0/KR.20230905.34190.00.fits, feige110     , RL      , 7149.89209  , 139.9113 , Open   , Large  , "2,2"  , L2U2   ,  20.00002, 349.99329, -5.1655  , 0.0  , 0.0   , 2023-09-05 09:29:50       , K450  , Gomez    ,      18,      9.4378, feige110  ,  0.005975632529793093, True  , True
KR.20230917.54362.14.fits, KCWI    , /KCWI/2023/20230917/lev0/KR.20230917.54362.14.fits, g191b2b      , RH1     , 6199.97949  , 104.35542, Open   , Large  , "2,2"  , L2U2   ,  20.00002,  76.37758, 52.83167 , 0.0  , 0.0   , 2023-09-17 15:06:02.140000, K454  , McGurk   ,      18,      9.4378, g191b2b   ,  0.014020025852305171, True  , True
KR.20230917.54542.68.fits, KCWI    , /KCWI/2023/20230917/lev0/KR.20230917.54542.68.fits, g191b2b      , RH1     , 6199.97949  , 104.35542, Open   , Large  , "2,2"  , L2U2   ,  90.00009,  76.37758, 52.83167 , 0.0  , 0.0   , 2023-09-17 15:09:02.680000, K454  , McGurk   ,      18,      9.4378, g191b2b   ,  0.014020025852305171, True  , True
KR.20230917.54674.26.fits, KCWI    , /KCWI/2023/20230917/lev0/KR.20230917.54674.26.fits, g191b2b      , RH1     , 6199.97949  , 104.35542, Open   , Large  , "2,2"  , L2U2   ,  90.00009,  76.37758, 52.83167 , 0.0  , 0.0   , 2023-09-17 15:11:14.260000, K454  , McGurk   ,      18,      9.4378, g191b2b   ,  0.014020025852305171, True  , True
KR.20230917.54808.90.fits, KCWI    , /KCWI/2023/20230917/lev0/KR.20230917.54808.90.fits, g191b2b      , RH1     , 6199.97949  , 104.35542, Open   , Large  , "2,2"  , L2U2   ,  90.00009,  76.37758, 52.83167 , 0.0  , 0.0   , 2023-09-17 15:13:28.900000, K454  , McGurk   ,      18,      9.4378, g191b2b   ,  0.014020025852305171, True  , True
KR.20230917.55197.52.fits, KCWI    , /KCWI/2023/20230917/lev0/KR.20230917.55197.52.fits, g191b2b      , RH2     , 7100.08691  , 105.95867, Open   , Large  , "2,2"  , L2U2   ,  90.00009,  76.37758, 52.83167 , 0.0  , 0.0   , 2023-09-17 15:19:57.520000, K454  , McGurk   ,      18,      9.4378, g191b2b   ,  0.014020025852305171, True  , True
KR.20230917.55331.14.fits, KCWI    , /KCWI/2023/20230917/lev0/KR.20230917.55331.14.fits, g191b2b      , RH2     , 7100.08252  , 105.95867, Open   , Large  , "2,2"  , L2U2   ,  90.00009,  76.37758, 52.83167 , 0.0  , 0.0   , 2023-09-17 15:22:11.140000, K454  , McGurk   ,      18,      9.4378, g191b2b   ,  0.014020025852305171, True  , True
KR.20230917.55465.78.fits, KCWI    , /KCWI/2023/20230917/lev0/KR.20230917.55465.78.fits, g191b2b      , RH2     , 7100.08252  , 105.95867, Open   , Large  , "2,2"  , L2U2   ,  90.00009,  76.37758, 52.83167 , 0.0  , 0.0   , 2023-09-17 15:24:25.780000, K454  , McGurk   ,      18,      9.4378, g191b2b   ,  0.014020025852305171, True  , True
KR.20230917.55615.72.fits, KCWI    , /KCWI/2023/20230917/lev0/KR.20230917.55615.72.fits, g191b2b      , RH2     , 6949.99414  , 107.25117, Open   , Large  , "2,2"  , L2U2   ,  90.00009,  76.37758, 52.83167 , 0.0  , 0.0   , 2023-09-17 15:26:55.720000, K454  , McGurk   ,      18,      9.4378, g191b2b   ,  0.014020025852305171, True  , True
KR.20230917.55751.38.fits, KCWI    , /KCWI/2023/20230917/lev0/KR.20230917.55751.38.fits, g191b2b      , RH2     , 6949.99414  , 107.25117, Open   , Large  , "2,2"  , L2U2   ,  90.00009,  76.37758, 52.83167 , 0.0  , 0.0   , 2023-09-17 15:29:11.380000, K454  , McGurk   ,      18,      9.4378, g191b2b   ,  0.014020025852305171, True  , True
KR.20230917.55886.20.fits, KCWI    , /KCWI/2023/20230917/lev0/KR.20230917.55886.20.fits, g191b2b      , RH2     , 6949.99414  , 107.25117, Open   , Large  , "2,2"  , L2U2   ,  90.00009,  76.37758, 52.83167 , 0.0  , 0.0   , 2023-09-17 15:31:26.020000, K454  , McGurk   ,      18,      9.4378, g191b2b   ,  0.014020025852305171, True  , True
KR.20230918.56519.50.fits, KCWI    , /KCWI/2023/20230918/lev0/KR.20230918.56519.50.fits, g191b2b      , RL      , 7699.9624   , 139.14294, Open   , Small  , "1,1"  , L2U2   ,  20.00002,  76.37758, 52.83167 , 0.0  , 0.0   , 2023-09-18 15:41:59.050000, U070  , Martin   ,      18,     35.5219, g191b2b   ,  0.014020025852305171, True  , True
KR.20230918.56674.90.fits, KCWI    , /KCWI/2023/20230918/lev0/KR.20230918.56674.90.fits, g191b2b      , RL      , 7699.9624   , 139.14294, Open   , Small  , "1,1"  , L2U2   ,  20.00002,  76.37758, 52.83167 , 0.0  , 0.0   , 2023-09-18 15:44:34.090000, U070  , Martin   ,      18,     35.5219, g191b2b   ,  0.014020025852305171, True  , True
KR.20230918.56795.47.fits, KCWI    , /KCWI/2023/20230918/lev0/KR.20230918.56795.47.fits, g191b2b      , RL      , 7699.9624   , 139.14294, Open   , Small  , "1,1"  , L2U2   ,  20.00002,  76.37758, 52.83167 , 0.0  , 0.0   , 2023-09-18 15:46:35.470000, U070  , Martin   ,      18,     35.5219, g191b2b   ,  0.014020025852305171, True  , True
KR.20230922.18462.66.fits, KCWI    , /KCWI/2023/20230922/lev0/KR.20230922.18462.66.fits, St_BD+28d4211, RM1     , 6099.98779  , 127.72989, Open   , Medium , "2,2"  , L2U2   ,   1.0    , 327.79592, 28.864   , 0.0  , 0.0   , 2023-09-22 05:07:42.660000, C423  , Gatkine  ,      18,      9.4378, bd28d4211 ,  0.08646207392232805 , True  , True
KR.20230922.18572.83.fits, KCWI    , /KCWI/2023/20230922/lev0/KR.20230922.18572.83.fits, St_BD+28d4211, RM1     , 6099.98779  , 127.72989, Open   , Medium , "2,2"  , L2U2   ,   4.0    , 327.79592, 28.864   , 0.0  , 0.0   , 2023-09-22 05:09:32.830000, C423  , Gatkine  ,      18,      9.4378, bd28d4211 ,  0.08646207392232805 , True  , True
KR.20230922.18619.75.fits, KCWI    , /KCWI/2023/20230922/lev0/KR.20230922.18619.75.fits, St_BD+28d4211, RM1     , 6099.98779  , 127.72989, Open   , Medium , "2,2"  , L2U2   ,   4.0    , 327.79592, 28.864   , 0.0  , 0.0   , 2023-09-22 05:10:19.750000, C423  , Gatkine  ,      18,      9.4378, bd28d4211 ,  0.08646207392232805 , True  , True
KR.20230922.18698.30.fits, KCWI    , /KCWI/2023/20230922/lev0/KR.20230922.18698.30.fits, St_BD+28d4211, RM1     , 6099.98779  , 127.72989, Open   , Medium , "2,2"  , L2U2   ,   4.0    , 327.79592, 28.864   , 0.0  , 0.0   , 2023-09-22 05:11:38.300000, C423  , Gatkine  ,      18,      9.4378, bd28d4211 ,  0.08646207392232805 , True  , True
KR.20230922.18746.27.fits, KCWI    , /KCWI/2023/20230922/lev0/KR.20230922.18746.27.fits, St_BD+28d4211, RM1     , 6099.98779  , 127.72989, Open   , Medium , "2,2"  , L2U2   ,   4.0    , 327.79592, 28.864   , 0.0  , 0.0   , 2023-09-22 05:12:26.270000, C423  , Gatkine  ,      18,      9.4378, bd28d4211 ,  0.08646207392232805 , True  , True
KR.20230922.18837.70.fits, KCWI    , /KCWI/2023/20230922/lev0/KR.20230922.18837.70.fits, St_BD+28d4211, RM1     , 6099.98779  , 127.72989, Open   , Medium , "2,2"  , L2U2   ,   4.0    , 327.79592, 28.864   , 0.0  , 0.0   , 2023-09-22 05:13:57.070000, C423  , Gatkine  ,      18,      9.4378, bd28d4211 ,  0.08646207392232805 , True  , True
KR.20230922.18885.20.fits, KCWI    , /KCWI/2023/20230922/lev0/KR.20230922.18885.20.fits, St_BD+28d4211, RM1     , 6099.98779  , 127.72989, Open   , Medium , "2,2"  , L2U2   ,   4.0    , 327.79592, 28.864   , 0.0  , 0.0   , 2023-09-22 05:14:45.020000, C423  , Gatkine  ,      18,      9.4378, bd28d4211 ,  0.08646207392232805 , True  , True
KR.20230922.18930.92.fits, KCWI    , /KCWI/2023/20230922/lev0/KR.20230922.18930.92.fits, St_BD+28d4211, RM1     , 6099.98779  , 127.72989, Open   , Medium , "2,2"  , L2U2   ,   4.0    , 327.79592, 28.864   , 0.0  , 0.0   , 2023-09-22 05:15:30.920000, C423  , Gatkine  ,      18,      9.4378, bd28d4211 ,  0.08646207392232805 , True  , True
KR.20230922.18978.86.fits, KCWI    , /KCWI/2023/20230922/lev0/KR.20230922.18978.86.fits, St_BD+28d4211, RM1     , 6099.98779  , 127.72989, Open   , Medium , "2,2"  , L2U2   ,   4.0    , 327.79592, 28.864   , 0.0  , 0.0   , 2023-09-22 05:16:18.860000, C423  , Gatkine  ,      18,      9.4378, bd28d4211 ,  0.08646207392232805 , True  , True
KR.20230922.19103.36.fits, KCWI    , /KCWI/2023/20230922/lev0/KR.20230922.19103.36.fits, St_BD+28d4211, RM1     , 6699.95898  , 125.21969, Open   , Medium , "2,2"  , L2U2   ,   4.0    , 327.79592, 28.864   , 0.0  , 0.0   , 2023-09-22 05:18:23.360000, C423  , Gatkine  ,      18,      9.4378, bd28d4211 ,  0.08646207392232805 , True  , True
KR.20230922.19151.30.fits, KCWI    , /KCWI/2023/20230922/lev0/KR.20230922.19151.30.fits, St_BD+28d4211, RM1     , 6699.95898  , 125.21969, Open   , Medium , "2,2"  , L2U2   ,   4.0    , 327.79592, 28.864   , 0.0  , 0.0   , 2023-09-22 05:19:11.300000, C423  , Gatkine  ,      18,      9.4378, bd28d4211 ,  0.08646207392232805 , True  , True
KR.20230922.19212.50.fits, KCWI    , /KCWI/2023/20230922/lev0/KR.20230922.19212.50.fits, St_BD+28d4211, RM1     , 6699.95898  , 125.21969, Open   , Medium , "2,2"  , L2U2   ,   4.0    , 327.79592, 28.864   , 0.0  , 0.0   , 2023-09-22 05:20:12.500000, C423  , Gatkine  ,      18,      9.4378, bd28d4211 ,  0.08646207392232805 , True  , True
KR.20230922.19260.47.fits, KCWI    , /KCWI/2023/20230922/lev0/KR.20230922.19260.47.fits, St_BD+28d4211, RM1     , 6699.95898  , 125.21969, Open   , Medium , "2,2"  , L2U2   ,   4.0    , 327.79592, 28.864   , 0.0  , 0.0   , 2023-09-22 05:21:00.470000, C423  , Gatkine  ,      18,      9.4378, bd28d4211 ,  0.08646207392232805 , True  , True
KR.20230923.18729.00.fits, KCWI    , /KCWI/2023/20230923/lev0/KR.20230923.18729.00.fits, bd_28d4211   , RL      , 7799.89014  , 139.0027 , Open   , Medium , "2,2"  , L2U2   ,   5.00001, 327.79592, 28.864   , 0.0  , 0.0   , 2023-09-23 05:12:09       , C349  , Steidel  ,      18,      9.4378, bd28d4211 ,  0.08643960689952249 , True  , True
KR.20230923.18866.71.fits, KCWI    , /KCWI/2023/20230923/lev0/KR.20230923.18866.71.fits, bd_28d4211   , RL      , 7799.89014  , 139.0027 , Open   , Medium , "2,2"  , L2U2   ,  30.00003, 327.79592, 28.864   , 0.0  , 0.0   , 2023-09-23 05:14:26.710000, C349  , Steidel  ,      18,      9.4378, bd28d4211 ,  0.08643960689952249 , True  , True
KR.20230923.18967.69.fits, KCWI    , /KCWI/2023/20230923/lev0/KR.20230923.18967.69.fits, bd_28d4211   , RL      , 7799.89014  , 139.0027 , Open   , Medium , "2,2"  , L2U2   ,  30.00003, 327.79592, 28.864   , 0.0  , 0.0   , 2023-09-23 05:16:07.690000, C349  , Steidel  ,      18,      9.4378, bd28d4211 ,  0.08643960689952249 , True  , True
KR.20230923.19041.13.fits, KCWI    , /KCWI/2023/20230923/lev0/KR.20230923.19041.13.fits, bd_28d4211   , RL      , 7799.89014  , 139.0027 , Open   , Medium , "2,2"  , L2U2   ,  30.00003, 327.79592, 28.864   , 0.0  , 0.0   , 2023-09-23 05:17:21.130000, C349  , Steidel  ,      18,      9.4378, bd28d4211 ,  0.08643960689952249 , True  , True
KR.20230923.19180.87.fits, KCWI    , /KCWI/2023/20230923/lev0/KR.20230923.19180.87.fits, bd_28d4211   , RL      , 7249.97705  , 139.77214, Open   , Medium , "2,2"  , L2U2   ,  40.00004, 327.79592, 28.864   , 0.0  , 0.0   , 2023-09-23 05:19:40.870000, C349  , Steidel  ,      18,      9.4378, bd28d4211 ,  0.08643960689952249 , True  , True
KR.20230923.19264.51.fits, KCWI    , /KCWI/2023/20230923/lev0/KR.20230923.19264.51.fits, bd_28d4211   , RL      , 7249.98926  , 139.77214, Open   , Medium , "2,2"  , L2U2   ,  40.00004, 327.79592, 28.864   , 0.0  , 0.0   , 2023-09-23 05:21:04.510000, C349  , Steidel  ,      18,      9.4378, bd28d4211 ,  0.08643960689952249 , True  , True
KR.20230923.19349.17.fits, KCWI    , /KCWI/2023/20230923/lev0/KR.20230923.19349.17.fits, bd_28d4211   , RL      , 7249.98926  , 139.77214, Open   , Medium , "2,2"  , L2U2   ,  40.00004, 327.79592, 28.864   , 0.0  , 0.0   , 2023-09-23 05:22:29.170000, C349  , Steidel  ,      18,      9.4378, bd28d4211 ,  0.08643960689952249 , True  , True
KR.20230923.55338.97.fits, KCWI    , /KCWI/2023/20230923/lev0/KR.20230923.55338.97.fits, g191b2b      , RL      , 7250.10449  , 139.77159, Open   , Medium , "2,2"  , L2U2   ,  45.00005,  76.37625, 52.83167 , 0.0  , 0.0   , 2023-09-23 15:22:18.970000, C349  , Steidel  ,      18,      9.4378, g191b2b   ,  2.8999869100918483  , True  , True
KR.20230923.55432.81.fits, KCWI    , /KCWI/2023/20230923/lev0/KR.20230923.55432.81.fits, g191b2b      , RL      , 7250.10449  , 139.77159, Open   , Medium , "2,2"  , L2U2   ,  45.00005,  76.37625, 52.83167 , 0.0  , 0.0   , 2023-09-23 15:23:52.810000, C349  , Steidel  ,      18,      9.4378, g191b2b   ,  2.8999869100918483  , True  , True
KR.20230923.55546.30.fits, KCWI    , /KCWI/2023/20230923/lev0/KR.20230923.55546.30.fits, g191b2b      , RL      , 7799.89014  , 139.0027 , Open   , Medium , "2,2"  , L2U2   ,  45.00005,  76.37625, 52.83167 , 0.0  , 0.0   , 2023-09-23 15:25:46.030000, C349  , Steidel  ,      18,      9.4378, g191b2b   ,  2.8999869100918483  , True  , True
KR.20230923.55632.73.fits, KCWI    , /KCWI/2023/20230923/lev0/KR.20230923.55632.73.fits, g191b2b      , RL      , 7799.89014  , 139.0027 , Open   , Medium , "2,2"  , L2U2   ,  45.00005,  76.37625, 52.83167 , 0.0  , 0.0   , 2023-09-23 15:27:12.730000, C349  , Steidel  ,      18,      9.4378, g191b2b   ,  2.8999869100918483  , True  , True
KR.20230924.27428.54.fits, KCWI    , /KCWI/2023/20230924/lev0/KR.20230924.27428.54.fits, feige110     , RM2     , 9849.9375   , 123.44044, Open   , Medium , "2,2"  , L2U2   ,   3.0    , 349.99329, -5.1655  , 0.0  , 0.0   , 2023-09-24 07:37:08.540000, U058  , Barth    ,      18,      9.4378, feige110  ,  0.005975632529793093, True  , True
KR.20230924.27635.60.fits, KCWI    , /KCWI/2023/20230924/lev0/KR.20230924.27635.60.fits, feige110     , RM2     , 9849.9375   , 123.44044, Open   , Medium , "2,2"  , L2U2   ,  30.00003, 349.99329, -5.1655  , 0.0  , 0.0   , 2023-09-24 07:40:35.600000, U058  , Barth    ,      18,      9.4378, feige110  ,  0.005975632529793093, True  , True
KR.20230924.27804.92.fits, KCWI    , /KCWI/2023/20230924/lev0/KR.20230924.27804.92.fits, feige110     , RM2     , 9849.9375   , 123.44044, Open   , Medium , "2,2"  , L2U2   ,  60.00006, 349.99329, -5.1655  , 0.0  , 0.0   , 2023-09-24 07:43:24.920000, U058  , Barth    ,      18,      9.4378, feige110  ,  0.005975632529793093, True  , True
KR.20230924.27911.00.fits, KCWI    , /KCWI/2023/20230924/lev0/KR.20230924.27911.00.fits, feige110     , RM2     , 9849.9375   , 123.44044, Open   , Medium , "2,2"  , L2U2   ,  60.00006, 349.99329, -5.1655  , 0.0  , 0.0   , 2023-09-24 07:45:11       , U058  , Barth    ,      18,      9.4378, feige110  ,  0.005975632529793093, True  , True
KR.20230924.28042.59.fits, KCWI    , /KCWI/2023/20230924/lev0/KR.20230924.28042.59.fits, feige110     , RM2     , 9849.9375   , 123.44044, Open   , Medium , "2,2"  , L2U2   ,  60.00006, 349.99308, -5.16522 , -0.7 , 1.0   , 2023-09-24 07:47:22.590000, U058  , Barth    ,      18,      9.4378, feige110  ,  1.1590079562264448  , True  , True
KR.20230924.28166.10.fits, KCWI    , /KCWI/2023/20230924/lev0/KR.20230924.28166.10.fits, feige110     , RM2     , 9849.9375   , 123.44044, Open   , Medium , "2,2"  , L2U2   ,  60.00006, 349.99308, -5.16522 , -0.7 , 1.0   , 2023-09-24 07:49:26.010000, U058  , Barth    ,      18,      9.4378, feige110  ,  1.1590079562264448  , True  , True
KR.20230924.55367.44.fits, KCWI    , /KCWI/2023/20230924/lev0/KR.20230924.55367.44.fits, gd71         , RM2     , 9849.9375   , 123.44044, Open   , Medium , "2,2"  , L2U2   ,  30.00003,  88.11508, 15.887   , 0.0  , 0.0   , 2023-09-24 15:22:47.440000, U058  , Barth    ,      18,      9.4378, gd71      ,  0.555092871915523   , True  , True
KR.20230924.55582.67.fits, KCWI    , /KCWI/2023/20230924/lev0/KR.20230924.55582.67.fits, gd71         , RM2     , 9849.9375   , 123.44044, Open   , Medium , "2,2"  , L2U2   , 120.00012,  88.11508, 15.887   , 0.0  , 0.0   , 2023-09-24 15:26:22.670000, U058  , Barth    ,      18,      9.4378, gd71      ,  0.555092871915523   , True  , True
KR.20230924.55749.95.fits, KCWI    , /KCWI/2023/20230924/lev0/KR.20230924.55749.95.fits, gd71         , RM2     , 9849.9375   , 123.44044, Open   , Medium , "2,2"  , L2U2   , 120.00012,  88.11479, 15.88742 , -1.1 , 1.5   , 2023-09-24 15:29:09.950000, U058  , Barth    ,      18,      9.4378, gd71      ,  1.3374125415619542  , True  , True
KR.20230924.55925.39.fits, KCWI    , /KCWI/2023/20230924/lev0/KR.20230924.55925.39.fits, gd71         , RM2     , 9849.9375   , 123.44044, Open   , Medium , "2,2"  , L2U2   , 120.00012,  88.11479, 15.88742 , -1.1 , 1.5   , 2023-09-24 15:32:05.390000, U058  , Barth    ,      18,      9.4378, gd71      ,  1.3374125415619542  , True  , True
KR.20230924.56174.27.fits, KCWI    , /KCWI/2023/20230924/lev0/KR.20230924.56174.27.fits, gd71         , RM2     , 9849.9375   , 123.44044, Open   , Medium , "2,2"  , L2U2   , 120.00012,  88.11508, 15.887   , 0.0  , 0.0   , 2023-09-24 15:36:14.270000, U058  , Barth    ,      18,      9.4378, gd71      ,  0.555092871915523   , True  , True
KR.20230924.56372.15.fits, KCWI    , /KCWI/2023/20230924/lev0/KR.20230924.56372.15.fits, gd71         , RM2     , 9849.9375   , 123.44044, Open   , Medium , "2,2"  , L2U2   , 120.00012,  88.11508, 15.887   , 0.0  , 0.0   , 2023-09-24 15:39:32.150000, U058  , Barth    ,      18,      9.4378, gd71      ,  0.555092871915523   , True  , True
KR.20230925.22152.85.fits, KCWI    , /KCWI/2023/20230925/lev0/KR.20230925.22152.85.fits, bd28d4211    , RL      , 7149.89209  , 139.9113 , Open   , Medium , "2,2"  , L2U2   ,  30.00003, 327.79612, 28.86439 , 0.0  , 0.0   , 2023-09-25 06:09:12.850000, H340  , Hinkle   ,      18,      9.4378, bd28d4211 ,  0.016263341883482225, True  , True
KR.20230925.22265.50.fits, KCWI    , /KCWI/2023/20230925/lev0/KR.20230925.22265.50.fits, bd28d4211    , RL      , 7149.89209  , 139.9113 , Open   , Medium , "2,2"  , L2U2   ,  10.00001, 327.79612, 28.86439 , 0.0  , 0.0   , 2023-09-25 06:11:05.050000, H340  , Hinkle   ,      18,      9.4378, bd28d4211 ,  0.016263341883482225, True  , True
KR.20230925.22353.79.fits, KCWI    , /KCWI/2023/20230925/lev0/KR.20230925.22353.79.fits, bd28d4211    , RL      , 7149.89209  , 139.9113 , Open   , Medium , "2,2"  , L2U2   ,  10.00001, 327.79612, 28.86439 , 0.0  , 0.0   , 2023-09-25 06:12:33.790000, H340  , Hinkle   ,      18,      9.4378, bd28d4211 ,  0.016263341883482225, True  , True
KR.20230925.22407.85.fits, KCWI    , /KCWI/2023/20230925/lev0/KR.20230925.22407.85.fits, bd28d4211    , RL      , 7149.89209  , 139.9113 , Open   , Medium , "2,2"  , L2U2   ,  10.00001, 327.79612, 28.86439 , 0.0  , 0.0   , 2023-09-25 06:13:27.850000, H340  , Hinkle   ,      18,      9.4378, bd28d4211 ,  0.016263341883482225, True  , True
KR.20230925.33157.86.fits, KCWI    , /KCWI/2023/20230925/lev0/KR.20230925.33157.86.fits, feige110     , RL      , 7149.89209  , 139.9113 , Open   , Medium , "2,2"  , L2U2   ,  10.00001, 349.99329, -5.1655  , 0.0  , 0.0   , 2023-09-25 09:12:37.860000, H340  , Hinkle   ,      18,      9.4378, feige110  ,  0.005975632529793093, True  , True
KR.20230925.33222.13.fits, KCWI    , /KCWI/2023/20230925/lev0/KR.20230925.33222.13.fits, feige110     , RL      , 7149.89209  , 139.9113 , Open   , Medium , "2,2"  , L2U2   ,  10.00001, 349.99329, -5.1655  , 0.0  , 0.0   , 2023-09-25 09:13:42.130000, H340  , Hinkle   ,      18,      9.4378, feige110  ,  0.005975632529793093, True  , True
KR.20230925.33276.19.fits, KCWI    , /KCWI/2023/20230925/lev0/KR.20230925.33276.19.fits, feige110     , RL      , 7149.89209  , 139.9113 , Open   , Medium , "2,2"  , L2U2   ,  10.00001, 349.99329, -5.1655  , 0.0  , 0.0   , 2023-09-25 09:14:36.190000, H340  , Hinkle   ,      18,      9.4378, feige110  ,  0.005975632529793093, True  , True
KR.20231012.25183.25.fits, KCWI    , /KCWI/2023/20231012/lev0/KR.20231012.25183.25.fits, BD28d4211    , RL      , 7149.89209  , 139.9113 , Open   , Small  , "1,1"  , L2U2   ,   5.00001, 327.79646, 28.86333 , 2.0  , -2.4  , 2023-10-12 06:59:43.250000, U094  , Weisz    ,      18,     35.5219, bd28d4211 ,  3.0324386342257434  , True  , True
KR.20231012.25303.61.fits, KCWI    , /KCWI/2023/20231012/lev0/KR.20231012.25303.61.fits, BD28d4211    , RL      , 7149.89209  , 139.9113 , Open   , Small  , "1,1"  , L2U2   ,  10.00001, 327.79646, 28.86333 , 0.0  , 0.0   , 2023-10-12 07:01:43.610000, U094  , Weisz    ,      18,     35.5219, bd28d4211 ,  3.0324386342257434  , True  , True
KR.20231012.25475.99.fits, KCWI    , /KCWI/2023/20231012/lev0/KR.20231012.25475.99.fits, BD28d4211    , RL      , 7149.89209  , 139.9113 , Open   , Small  , "1,1"  , L2U2   ,  40.00004, 327.79646, 28.86333 , 0.0  , 0.0   , 2023-10-12 07:04:35.990000, U094  , Weisz    ,      18,     35.5219, bd28d4211 ,  3.0324386342257434  , True  , True
KR.20231012.26021.69.fits, KCWI    , /KCWI/2023/20231012/lev0/KR.20231012.26021.69.fits, BD28d4211    , RH1     , 6599.98926  , 100.10007, Open   , Small  , "1,1"  , L2U2   , 120.00012, 327.79646, 28.86333 , 0.0  , 0.0   , 2023-10-12 07:13:41.690000, U094  , Weisz    ,      18,     35.5219, bd28d4211 ,  3.0324386342257434  , True  , True
KR.20231013.17809.50.fits, KCWI    , /KCWI/2023/20231013/lev0/KR.20231013.17809.50.fits, bd_28d4211   , RL      , 7250.10449  , 139.77159, Open   , Medium , "2,2"  , L2U2   ,  39.99999, 327.79592, 28.864   , 0.0  , 0.0   , 2023-10-13 04:56:49.500000, C349  , Steidel  ,      18,      9.4378, bd28d4211 ,  0.08606497980008938 , True  , True
KR.20231013.17898.24.fits, KCWI    , /KCWI/2023/20231013/lev0/KR.20231013.17898.24.fits, bd_28d4211   , RL      , 7250.10449  , 139.77159, Open   , Medium , "2,2"  , L2U2   ,  29.99999, 327.79592, 28.864   , 0.0  , 0.0   , 2023-10-13 04:58:18.240000, C349  , Steidel  ,      18,      9.4378, bd28d4211 ,  0.08606497980008938 , True  , True
KR.20231013.17970.66.fits, KCWI    , /KCWI/2023/20231013/lev0/KR.20231013.17970.66.fits, bd_28d4211   , RL      , 7250.10449  , 139.77159, Open   , Medium , "2,2"  , L2U2   ,  24.89999, 327.79592, 28.864   , 0.0  , 0.0   , 2023-10-13 04:59:30.660000, C349  , Steidel  ,      18,      9.4378, bd28d4211 ,  0.08606497980008938 , True  , True
KR.20231013.18042.60.fits, KCWI    , /KCWI/2023/20231013/lev0/KR.20231013.18042.60.fits, bd_28d4211   , RL      , 7250.10449  , 139.77159, Open   , Medium , "2,2"  , L2U2   ,  24.99999, 327.79592, 28.864   , 0.0  , 0.0   , 2023-10-13 05:00:42.060000, C349  , Steidel  ,      18,      9.4378, bd28d4211 ,  0.08606497980008938 , True  , True
KR.20231013.18116.52.fits, KCWI    , /KCWI/2023/20231013/lev0/KR.20231013.18116.52.fits, bd_28d4211   , RL      , 7250.10449  , 139.77159, Open   , Medium , "2,2"  , L2U2   ,  29.77999, 327.79592, 28.864   , 0.0  , 0.0   , 2023-10-13 05:01:56.520000, C349  , Steidel  ,      18,      9.4378, bd28d4211 ,  0.08606497980008938 , True  , True
KR.20231013.18203.22.fits, KCWI    , /KCWI/2023/20231013/lev0/KR.20231013.18203.22.fits, bd_28d4211   , RL      , 7799.90918  , 139.0038 , Open   , Medium , "2,2"  , L2U2   ,  29.99999, 327.79592, 28.864   , 0.0  , 0.0   , 2023-10-13 05:03:23.220000, C349  , Steidel  ,      18,      9.4378, bd28d4211 ,  0.08606497980008938 , True  , True
KR.20231013.18280.74.fits, KCWI    , /KCWI/2023/20231013/lev0/KR.20231013.18280.74.fits, bd_28d4211   , RL      , 7799.90332  , 139.0038 , Open   , Medium , "2,2"  , L2U2   ,  29.99999, 327.79592, 28.864   , 0.0  , 0.0   , 2023-10-13 05:04:40.740000, C349  , Steidel  ,      18,      9.4378, bd28d4211 ,  0.08606497980008938 , True  , True
KR.20231013.18367.44.fits, KCWI    , /KCWI/2023/20231013/lev0/KR.20231013.18367.44.fits, bd_28d4211   , RL      , 7799.90332  , 139.0038 , Open   , Medium , "2,2"  , L2U2   ,  29.99999, 327.79592, 28.864   , 0.0  , 0.0   , 2023-10-13 05:06:07.440000, C349  , Steidel  ,      18,      9.4378, bd28d4211 ,  0.08606497980008938 , True  , True
KR.20231013.55186.43.fits, KCWI    , /KCWI/2023/20231013/lev0/KR.20231013.55186.43.fits, G191B2B      , RL      , 7249.9834   , 139.77159, Open   , Medium , "2,2"  , L2U2   ,  35.33999,  76.37625, 52.83167 , 0.0  , 0.0   , 2023-10-13 15:19:46.430000, C349  , Steidel  ,      18,      9.4378, g191b2b   ,  2.8999869100918483  , True  , True
KR.20231013.55342.49.fits, KCWI    , /KCWI/2023/20231013/lev0/KR.20231013.55342.49.fits, G191B2B      , RL      , 7249.9834   , 139.77159, Open   , Medium , "2,2"  , L2U2   ,  44.99999,  76.37625, 52.83167 , 0.0  , 0.0   , 2023-10-13 15:22:22.490000, C349  , Steidel  ,      18,      9.4378, g191b2b   ,  2.8999869100918483  , True  , True
KR.20231013.55435.31.fits, KCWI    , /KCWI/2023/20231013/lev0/KR.20231013.55435.31.fits, G191B2B      , RL      , 7249.9834   , 139.77159, Open   , Medium , "2,2"  , L2U2   ,  44.99999,  76.37625, 52.83167 , 0.0  , 0.0   , 2023-10-13 15:23:55.310000, C349  , Steidel  ,      18,      9.4378, g191b2b   ,  2.8999869100918483  , True  , True
KR.20231013.55539.35.fits, KCWI    , /KCWI/2023/20231013/lev0/KR.20231013.55539.35.fits, G191B2B      , RL      , 7799.78027  , 138.99335, Open   , Medium , "2,2"  , L2U2   ,  44.99999,  76.37625, 52.83167 , 0.0  , 0.0   , 2023-10-13 15:25:39.350000, C349  , Steidel  ,      18,      9.4378, g191b2b   ,  2.8999869100918483  , True  , True
KR.20231013.55632.17.fits, KCWI    , /KCWI/2023/20231013/lev0/KR.20231013.55632.17.fits, G191B2B      , RL      , 7799.78027  , 138.99335, Open   , Medium , "2,2"  , L2U2   ,  44.99999,  76.37625, 52.83167 , 0.0  , 0.0   , 2023-10-13 15:27:12.170000, C349  , Steidel  ,      18,      9.4378, g191b2b   ,  2.8999869100918483  , True  , True
KR.20231016.37448.60.fits, KCWI    , /KCWI/2023/20231016/lev0/KR.20231016.37448.60.fits, G191B2b      , RH1     , 6519.99561  , 100.98667, Open   , Large  , "2,2"  , L2U2   ,  30.00003,  76.37942, 52.83022 , 3.3  , 0.0   , 2023-10-16 10:24:08.060000, W164  , Fisher   ,      18,      9.4378, g191b2b   ,  4.850319596732535   , True  , True
KR.20231016.37619.42.fits, KCWI    , /KCWI/2023/20231016/lev0/KR.20231016.37619.42.fits, G191B2b      , RH1     , 6519.99561  , 100.98667, Open   , Large  , "2,2"  , L2U2   ,  90.00009,  76.37942, 52.83022 , 3.3  , 0.0   , 2023-10-16 10:26:59.420000, W164  , Fisher   ,      18,      9.4378, g191b2b   ,  4.850319596732535   , True  , True
KR.20231016.54563.66.fits, KCWI    , /KCWI/2023/20231016/lev0/KR.20231016.54563.66.fits, G191B2b      , RH1     , 6519.99561  , 100.98667, Open   , Large  , "2,2"  , L2U2   ,  90.00009,  76.37767, 52.83047 , 0.0  , 0.0   , 2023-10-16 15:09:23.660000, W164  , Fisher   ,      18,      9.4378, g191b2b   ,  2.0859597571385495  , True  , True
KR.20231016.54697.28.fits, KCWI    , /KCWI/2023/20231016/lev0/KR.20231016.54697.28.fits, G191B2b      , RH1     , 6519.99561  , 100.98667, Open   , Large  , "2,2"  , L2U2   ,  90.00009,  76.37767, 52.83047 , 0.0  , 0.0   , 2023-10-16 15:11:37.280000, W164  , Fisher   ,      18,      9.4378, g191b2b   ,  2.0859597571385495  , True  , True
KR.20231016.54831.92.fits, KCWI    , /KCWI/2023/20231016/lev0/KR.20231016.54831.92.fits, G191B2b      , RH1     , 6519.99561  , 100.98667, Open   , Large  , "2,2"  , L2U2   ,  90.00009,  76.37767, 52.83047 , 0.0  , 0.0   , 2023-10-16 15:13:51.920000, W164  , Fisher   ,      18,      9.4378, g191b2b   ,  2.0859597571385495  , True  , True
KR.20231017.37137.70.fits, KCWI    , /KCWI/2023/20231017/lev0/KR.20231017.37137.70.fits, g191b2b      , RH1     , 6519.99561  , 100.98667, Open   , Large  , "2,2"  , L2U2   ,  90.00009,  76.37767, 52.83047 , 0.0  , 0.0   , 2023-10-17 10:18:57.700000, W164  , Fisher   ,      18,      9.4378, g191b2b   ,  2.085703897071117   , True  , True
KR.20231017.37272.34.fits, KCWI    , /KCWI/2023/20231017/lev0/KR.20231017.37272.34.fits, g191b2b      , RH1     , 6519.99561  , 100.98667, Open   , Large  , "2,2"  , L2U2   ,  90.00009,  76.37767, 52.83047 , 0.0  , 0.0   , 2023-10-17 10:21:12.340000, W164  , Fisher   ,      18,      9.4378, g191b2b   ,  2.085703897071117   , True  , True
KR.20231017.37406.98.fits, KCWI    , /KCWI/2023/20231017/lev0/KR.20231017.37406.98.fits, g191b2b      , RH1     , 6519.99561  , 100.98667, Open   , Large  , "2,2"  , L2U2   ,  90.00009,  76.37767, 52.83047 , 0.0  , 0.0   , 2023-10-17 10:23:26.980000, W164  , Fisher   ,      18,      9.4378, g191b2b   ,  2.085703897071117   , True  , True
KR.20231017.54698.13.fits, KCWI    , /KCWI/2023/20231017/lev0/KR.20231017.54698.13.fits, g191b2b      , RH1     , 6519.99561  , 100.98667, Open   , Large  , "2,2"  , L2U2   ,  90.00009,  76.37767, 52.83047 , 0.0  , 0.0   , 2023-10-17 15:11:38.130000, W164  , Fisher   ,      18,      9.4378, g191b2b   ,  2.085703897071117   , True  , True
KR.20231017.54831.75.fits, KCWI    , /KCWI/2023/20231017/lev0/KR.20231017.54831.75.fits, g191b2b      , RH1     , 6519.99561  , 100.98667, Open   , Large  , "2,2"  , L2U2   ,  90.00009,  76.37767, 52.83047 , 0.0  , 0.0   , 2023-10-17 15:13:51.750000, W164  , Fisher   ,      18,      9.4378, g191b2b   ,  2.085703897071117   , True  , True
KR.20231017.54966.39.fits, KCWI    , /KCWI/2023/20231017/lev0/KR.20231017.54966.39.fits, g191b2b      , RH1     , 6519.99561  , 100.98667, Open   , Large  , "2,2"  , L2U2   ,  90.00009,  76.37767, 52.83047 , 0.0  , 0.0   , 2023-10-17 15:16:06.390000, W164  , Fisher   ,      18,      9.4378, g191b2b   ,  2.085703897071117   , True  , True
KR.20231018.16502.62.fits, KCWI    , /KCWI/2023/20231018/lev0/KR.20231018.16502.62.fits, bd28d4211    , RM2     , 8899.99219  , 126.66124, Open   , Medium , "2,2"  , L2U2   ,  20.00002, 327.79567, 28.86364 , -0.6 , -0.9  , 2023-10-18 04:35:02.620000, U114  , U        ,      18,      9.4378, bd28d4211 ,  1.5208015918959614  , True  , True
KR.20231018.16634.20.fits, KCWI    , /KCWI/2023/20231018/lev0/KR.20231018.16634.20.fits, bd28d4211    , RM2     , 8899.99219  , 126.66124, Open   , Medium , "2,2"  , L2U2   ,  60.00006, 327.79567, 28.86364 , -0.6 , -0.9  , 2023-10-18 04:37:14.200000, U114  , U        ,      18,      9.4378, bd28d4211 ,  1.5208015918959614  , True  , True
KR.20231018.16754.56.fits, KCWI    , /KCWI/2023/20231018/lev0/KR.20231018.16754.56.fits, bd28d4211    , RM2     , 8899.99219  , 126.66124, Open   , Medium , "2,2"  , L2U2   ,  60.00006, 327.79567, 28.86364 , -0.6 , -0.9  , 2023-10-18 04:39:14.560000, U114  , U        ,      18,      9.4378, bd28d4211 ,  1.5208015918959614  , True  , True
KR.20231018.16860.64.fits, KCWI    , /KCWI/2023/20231018/lev0/KR.20231018.16860.64.fits, bd28d4211    , RM2     , 8899.99219  , 126.66124, Open   , Medium , "2,2"  , L2U2   ,  60.00006, 327.79567, 28.86364 , -0.6 , -0.9  , 2023-10-18 04:41:00.640000, U114  , U        ,      18,      9.4378, bd28d4211 ,  1.5208015918959614  , True  , True
KR.20231018.17237.20.fits, KCWI    , /KCWI/2023/20231018/lev0/KR.20231018.17237.20.fits, g93-48       , RM2     , 8899.99219  , 126.66124, Open   , Medium , "2,2"  , L2U2   , 120.00012, 328.10583, 2.38678  , 0.0  , 0.0   , 2023-10-18 04:47:17.020000, U114  , U        ,      18,      9.4378, wd2149d021,  0.08021296606967378 , True  , True
KR.20231018.17411.44.fits, KCWI    , /KCWI/2023/20231018/lev0/KR.20231018.17411.44.fits, g93-48       , RM2     , 8899.99219  , 126.66124, Open   , Medium , "2,2"  , L2U2   , 120.00012, 328.10583, 2.38678  , 0.0  , 0.0   , 2023-10-18 04:50:11.440000, U114  , U        ,      18,      9.4378, wd2149d021,  0.08021296606967378 , True  , True
KR.20231018.17574.65.fits, KCWI    , /KCWI/2023/20231018/lev0/KR.20231018.17574.65.fits, g93-48       , RM2     , 8899.99219  , 126.66124, Open   , Medium , "2,2"  , L2U2   , 120.00012, 328.10583, 2.38678  , 0.0  , 0.0   , 2023-10-18 04:52:54.650000, U114  , U        ,      18,      9.4378, wd2149d021,  0.08021296606967378 , True  , True
KR.20231018.37362.72.fits, KCWI    , /KCWI/2023/20231018/lev0/KR.20231018.37362.72.fits, g191b2b      , RH1     , 6519.99561  , 100.98667, Open   , Large  , "2,2"  , L2U2   ,  90.00009,  76.37767, 52.83047 , 0.0  , 0.0   , 2023-10-18 10:22:42.720000, N236  , Chisholm ,      18,      9.4378, g191b2b   ,  2.0854480372260342  , True  , True
KR.20231018.37497.36.fits, KCWI    , /KCWI/2023/20231018/lev0/KR.20231018.37497.36.fits, g191b2b      , RH1     , 6519.99561  , 100.98667, Open   , Large  , "2,2"  , L2U2   ,  90.00009,  76.37767, 52.83047 , 0.0  , 0.0   , 2023-10-18 10:24:57.360000, N236  , Chisholm ,      18,      9.4378, g191b2b   ,  2.0854480372260342  , True  , True
KR.20231018.37630.98.fits, KCWI    , /KCWI/2023/20231018/lev0/KR.20231018.37630.98.fits, g191b2b      , RH1     , 6519.99561  , 100.98667, Open   , Large  , "2,2"  , L2U2   ,  90.00009,  76.37767, 52.83047 , 0.0  , 0.0   , 2023-10-18 10:27:10.980000, N236  , Chisholm ,      18,      9.4378, g191b2b   ,  2.0854480372260342  , True  , True
KR.20231018.55550.37.fits, KCWI    , /KCWI/2023/20231018/lev0/KR.20231018.55550.37.fits, g191b2b      , RH1     , 6519.99561  , 100.98667, Open   , Large  , "2,2"  , L2U2   ,  90.00009,  76.37767, 52.83047 , 0.0  , 0.0   , 2023-10-18 15:25:50.370000, N236  , Chisholm ,      18,      9.4378, g191b2b   ,  2.0854480372260342  , True  , True
KR.20231018.55683.99.fits, KCWI    , /KCWI/2023/20231018/lev0/KR.20231018.55683.99.fits, g191b2b      , RH1     , 6519.99561  , 100.98667, Open   , Large  , "2,2"  , L2U2   ,  90.00009,  76.37767, 52.83047 , 0.0  , 0.0   , 2023-10-18 15:28:03.990000, N236  , Chisholm ,      18,      9.4378, g191b2b   ,  2.0854480372260342  , True  , True
KR.20231018.55817.61.fits, KCWI    , /KCWI/2023/20231018/lev0/KR.20231018.55817.61.fits, g191b2b      , RH1     , 6519.99561  , 100.98667, Open   , Large  , "2,2"  , L2U2   ,  90.00009,  76.37767, 52.83047 , 0.0  , 0.0   , 2023-10-18 15:30:17.610000, N236  , Chisholm ,      18,      9.4378, g191b2b   ,  2.0854480372260342  , True  , True
KR.20231019.56241.16.fits, KCWI    , /KCWI/2023/20231019/lev0/KR.20231019.56241.16.fits, gd71         , RL      , 7149.89209  , 139.9113 , Open   , Medium , "2,2"  , L2U2   ,  20.00002,  88.11558, 15.88586 , 0.0  , 0.0   , 2023-10-19 15:37:21.160000, Y284  , vanDokkum,      18,      9.4378, gd71      ,  0.5395210532562791  , True  , True
KR.20231019.56309.50.fits, KCWI    , /KCWI/2023/20231019/lev0/KR.20231019.56309.50.fits, gd71         , RL      , 7149.89209  , 139.9113 , Open   , Medium , "2,2"  , L2U2   ,  20.00002,  88.11558, 15.88586 , 0.0  , 0.0   , 2023-10-19 15:38:29.500000, Y284  , vanDokkum,      18,      9.4378, gd71      ,  0.5395210532562791  , True  , True
KR.20231019.56540.20.fits, KCWI    , /KCWI/2023/20231019/lev0/KR.20231019.56540.20.fits, gd71         , RM2     , 9699.93359  , 123.95634, Open   , Medium , "2,2"  , L2U2   ,  20.00002,  88.11558, 15.88586 , 0.0  , 0.0   , 2023-10-19 15:42:20.020000, Y284  , vanDokkum,      18,      9.4378, gd71      ,  0.5395210532562791  , True  , True
KR.20231019.56604.28.fits, KCWI    , /KCWI/2023/20231019/lev0/KR.20231019.56604.28.fits, gd71         , RM2     , 9699.93359  , 123.95634, Open   , Medium , "2,2"  , L2U2   ,  20.00002,  88.11558, 15.88586 , 0.0  , 0.0   , 2023-10-19 15:43:24.280000, Y284  , vanDokkum,      18,      9.4378, gd71      ,  0.5395210532562791  , True  , True
KR.20231019.56801.14.fits, KCWI    , /KCWI/2023/20231019/lev0/KR.20231019.56801.14.fits, gd71         , RH2     , 6799.98047  , 108.51508, Open   , Large  , "2,2"  , L2U2   ,  20.00002,  88.11558, 15.88586 , 0.0  , 0.0   , 2023-10-19 15:46:41.140000, Y284  , vanDokkum,      18,      9.4378, gd71      ,  0.5395210532562791  , True  , True
KR.20231019.56865.40.fits, KCWI    , /KCWI/2023/20231019/lev0/KR.20231019.56865.40.fits, gd71         , RH2     , 6799.98047  , 108.51508, Open   , Large  , "2,2"  , L2U2   ,  20.00002,  88.11558, 15.88586 , 0.0  , 0.0   , 2023-10-19 15:47:45.400000, Y284  , vanDokkum,      18,      9.4378, gd71      ,  0.5395210532562791  , True  , True
KR.20231020.53216.85.fits, KCWI    , /KCWI/2023/20231020/lev0/KR.20231020.53216.85.fits, gd71         , RH2     , 6799.95508  , 108.51508, Open   , Large  , "2,2"  , L2U2   ,  20.00002,  88.11558, 15.88586 , 0.0  , 0.0   , 2023-10-20 14:46:56.850000, Y284  , vanDokkum,      18,      9.4378, gd71      ,  0.5390293151047609  , True  , True
KR.20231020.53281.11.fits, KCWI    , /KCWI/2023/20231020/lev0/KR.20231020.53281.11.fits, gd71         , RH2     , 6799.95508  , 108.51508, Open   , Large  , "2,2"  , L2U2   ,  20.00002,  88.11558, 15.88586 , 0.0  , 0.0   , 2023-10-20 14:48:01.110000, Y284  , vanDokkum,      18,      9.4378, gd71      ,  0.5390293151047609  , True  , True
KR.20231020.53345.37.fits, KCWI    , /KCWI/2023/20231020/lev0/KR.20231020.53345.37.fits, gd71         , RH2     , 6799.95508  , 108.51508, Open   , Large  , "2,2"  , L2U2   ,  20.00002,  88.11558, 15.88586 , 0.0  , 0.0   , 2023-10-20 14:49:05.370000, Y284  , vanDokkum,      18,      9.4378, gd71      ,  0.5390293151047609  , True  , True
KR.20231020.53474.91.fits, KCWI    , /KCWI/2023/20231020/lev0/KR.20231020.53474.91.fits, gd71         , RH2     , 6799.95508  , 108.51508, Open   , Large  , "2,2"  , L2U2   ,  40.00004,  88.11558, 15.88586 , 0.0  , 0.0   , 2023-10-20 14:51:14.910000, Y284  , vanDokkum,      18,      9.4378, gd71      ,  0.5390293151047609  , True  , True
KR.20231020.53559.57.fits, KCWI    , /KCWI/2023/20231020/lev0/KR.20231020.53559.57.fits, gd71         , RH2     , 6799.95508  , 108.51508, Open   , Large  , "2,2"  , L2U2   ,  40.00004,  88.11558, 15.88586 , 0.0  , 0.0   , 2023-10-20 14:52:39.570000, Y284  , vanDokkum,      18,      9.4378, gd71      ,  0.5390293151047609  , True  , True
KR.20231020.53644.23.fits, KCWI    , /KCWI/2023/20231020/lev0/KR.20231020.53644.23.fits, gd71         , RH2     , 6799.95508  , 108.51508, Open   , Large  , "2,2"  , L2U2   ,  40.00004,  88.11558, 15.88586 , 0.0  , 0.0   , 2023-10-20 14:54:04.230000, Y284  , vanDokkum,      18,      9.4378, gd71      ,  0.5390293151047609  , True  , True
KR.20231020.53981.85.fits, KCWI    , /KCWI/2023/20231020/lev0/KR.20231020.53981.85.fits, gd71         , RM2     , 9699.93359  , 123.95634, Open   , Medium , "2,2"  , L2U2   ,  40.00004,  88.11558, 15.88586 , 0.0  , 0.0   , 2023-10-20 14:59:41.850000, Y284  , vanDokkum,      18,      9.4378, gd71      ,  0.5390293151047609  , True  , True
KR.20231020.54066.51.fits, KCWI    , /KCWI/2023/20231020/lev0/KR.20231020.54066.51.fits, gd71         , RM2     , 9699.93359  , 123.95634, Open   , Medium , "2,2"  , L2U2   ,  40.00004,  88.11558, 15.88586 , 0.0  , 0.0   , 2023-10-20 15:01:06.510000, Y284  , vanDokkum,      18,      9.4378, gd71      ,  0.5390293151047609  , True  , True
KR.20231020.54151.17.fits, KCWI    , /KCWI/2023/20231020/lev0/KR.20231020.54151.17.fits, gd71         , RM2     , 9699.93359  , 123.95634, Open   , Medium , "2,2"  , L2U2   ,  40.00004,  88.11558, 15.88586 , 0.0  , 0.0   , 2023-10-20 15:02:31.170000, Y284  , vanDokkum,      18,      9.4378, gd71      ,  0.5390293151047609  , True  , True
KR.20231021.16671.41.fits, KCWI    , /KCWI/2023/20231021/lev0/KR.20231021.16671.41.fits, l1512-34b    , RM2     , 9199.95117  , 125.65584, Open   , Medium , "2,2"  , L2U2   , 120.00012, 355.96133, 32.54631 , 0.0  , 0.0   , 2023-10-21 04:37:51.410000, U114  , U        ,      18,      9.4378, wd2341d322,  0.026720967666948127, True  , True
KR.20231021.16922.41.fits, KCWI    , /KCWI/2023/20231021/lev0/KR.20231021.16922.41.fits, l1512-34b    , RM2     , 9199.95117  , 125.65584, Open   , Medium , "2,2"  , L2U2   , 180.00018, 355.96133, 32.54631 , 0.0  , 0.0   , 2023-10-21 04:42:02.410000, U114  , U        ,      18,      9.4378, wd2341d322,  0.026720967666948127, True  , True
KR.20231021.17144.91.fits, KCWI    , /KCWI/2023/20231021/lev0/KR.20231021.17144.91.fits, l1512-34b    , RM2     , 9199.95117  , 125.65584, Open   , Medium , "2,2"  , L2U2   , 180.00018, 355.96133, 32.54631 , 0.0  , 0.0   , 2023-10-21 04:45:44.910000, U114  , U        ,      18,      9.4378, wd2341d322,  0.026720967666948127, True  , True
KR.20231021.17366.41.fits, KCWI    , /KCWI/2023/20231021/lev0/KR.20231021.17366.41.fits, l1512-34b    , RM2     , 9199.95117  , 125.65584, Open   , Medium , "2,2"  , L2U2   , 180.00018, 355.96133, 32.54631 , 0.0  , 0.0   , 2023-10-21 04:49:26.410000, U114  , U        ,      18,      9.4378, wd2341d322,  0.026720967666948127, True  , True
KR.20231021.17592.93.fits, KCWI    , /KCWI/2023/20231021/lev0/KR.20231021.17592.93.fits, bd28d4211    , RM2     , 9199.95117  , 125.65584, Open   , Medium , "2,2"  , L2U2   ,  60.00006, 327.79583, 28.86389 , 0.0  , 0.0   , 2023-10-21 04:53:12.930000, U114  , U        ,      18,      9.4378, bd28d4211 ,  0.4892530281182443  , True  , True
KR.20231021.17720.52.fits, KCWI    , /KCWI/2023/20231021/lev0/KR.20231021.17720.52.fits, bd28d4211    , RM2     , 9199.95117  , 125.65584, Open   , Medium , "2,2"  , L2U2   ,  60.00006, 327.79583, 28.86389 , 0.0  , 0.0   , 2023-10-21 04:55:20.520000, U114  , U        ,      18,      9.4378, bd28d4211 ,  0.4892530281182443  , True  , True
KR.20231021.17845.60.fits, KCWI    , /KCWI/2023/20231021/lev0/KR.20231021.17845.60.fits, bd28d4211    , RM2     , 9199.95117  , 125.65584, Open   , Medium , "2,2"  , L2U2   ,  60.00006, 327.79583, 28.86389 , 0.0  , 0.0   , 2023-10-21 04:57:25.060000, U114  , U        ,      18,      9.4378, bd28d4211 ,  0.4892530281182443  , True  , True
KR.20231021.37491.81.fits, KCWI    , /KCWI/2023/20231021/lev0/KR.20231021.37491.81.fits, g191b2b      , RH1     , 6519.99561  , 100.98667, Open   , Large  , "2,2"  , L2U2   ,  90.00009,  76.37758, 52.83108 , 0.0  , 0.0   , 2023-10-21 10:24:51.810000, N236  , Chisholm ,      18,      9.4378, g191b2b   ,  0.21153371164356038 , True  , True
KR.20231021.37630.64.fits, KCWI    , /KCWI/2023/20231021/lev0/KR.20231021.37630.64.fits, g191b2b      , RH1     , 6519.97705  , 100.98667, Open   , Large  , "2,2"  , L2U2   ,  90.00009,  76.37758, 52.83108 , 0.0  , 0.0   , 2023-10-21 10:27:10.640000, N236  , Chisholm ,      18,      9.4378, g191b2b   ,  0.21153371164356038 , True  , True
KR.20231021.37765.31.fits, KCWI    , /KCWI/2023/20231021/lev0/KR.20231021.37765.31.fits, g191b2b      , RH1     , 6519.97705  , 100.98667, Open   , Large  , "2,2"  , L2U2   ,  90.00009,  76.37758, 52.83108 , 0.0  , 0.0   , 2023-10-21 10:29:25.310000, N236  , Chisholm ,      18,      9.4378, g191b2b   ,  0.21153371164356038 , True  , True
KR.20231021.51894.80.fits, KCWI    , /KCWI/2023/20231021/lev0/KR.20231021.51894.80.fits, g191b2b      , RH1     , 6519.97705  , 100.98667, Open   , Large  , "2,2"  , L2U2   ,  90.00009,  76.37758, 52.83108 , 0.0  , 0.0   , 2023-10-21 14:24:54.080000, N236  , Chisholm ,      18,      9.4378, g191b2b   ,  0.21153371164356038 , True  , True
KR.20231021.52027.77.fits, KCWI    , /KCWI/2023/20231021/lev0/KR.20231021.52027.77.fits, g191b2b      , RH1     , 6519.97705  , 100.98667, Open   , Large  , "2,2"  , L2U2   ,  90.00009,  76.37758, 52.83108 , 0.0  , 0.0   , 2023-10-21 14:27:07.770000, N236  , Chisholm ,      18,      9.4378, g191b2b   ,  0.21153371164356038 , True  , True
KR.20231021.52162.48.fits, KCWI    , /KCWI/2023/20231021/lev0/KR.20231021.52162.48.fits, g191b2b      , RH1     , 6519.97705  , 100.98667, Open   , Large  , "2,2"  , L2U2   ,  90.00009,  76.37758, 52.83108 , 0.0  , 0.0   , 2023-10-21 14:29:22.480000, N236  , Chisholm ,      18,      9.4378, g191b2b   ,  0.21153371164356038 , True  , True
KR.20231021.55749.67.fits, KCWI    , /KCWI/2023/20231021/lev0/KR.20231021.55749.67.fits, g191b2b      , RH1     , 6679.98145  ,  99.19257, Open   , Small  , "1,1"  , L2U2   , 200.0002 ,  76.37758, 52.83108 , 0.0  , 0.0   , 2023-10-21 15:29:09.670000, N236  , Chisholm ,      18,     35.5219, g191b2b   ,  0.21153371164356038 , True  , True
KR.20231021.56071.30.fits, KCWI    , /KCWI/2023/20231021/lev0/KR.20231021.56071.30.fits, g191b2b      , RH1     , 6679.98145  ,  99.19257, Open   , Small  , "1,1"  , L2U2   , 200.0002 ,  76.37758, 52.83108 , 0.0  , 0.0   , 2023-10-21 15:34:31.030000, N236  , Chisholm ,      18,     35.5219, g191b2b   ,  0.21153371164356038 , True  , True
KR.20231021.56371.40.fits, KCWI    , /KCWI/2023/20231021/lev0/KR.20231021.56371.40.fits, g191b2b      , RH1     , 6679.98145  ,  99.19257, Open   , Small  , "1,1"  , L2U2   , 200.0002 ,  76.37758, 52.83108 , 0.0  , 0.0   , 2023-10-21 15:39:31.040000, N236  , Chisholm ,      18,     35.5219, g191b2b   ,  0.21153371164356038 , True  , True
KR.20231022.55829.99.fits, KCWI    , /KCWI/2023/20231022/lev0/KR.20231022.55829.99.fits, g191b2b      , RM1     , 7509.96631  , 121.72279, Open   , Large  , "2,2"  , L2U2   ,   8.00001,  76.37767, 52.83047 , 0.0  , 0.0   , 2023-10-22 15:30:29.990000, C416  , Martin   ,      18,      9.4378, g191b2b   ,  2.084424599209235   , True  , True
KR.20231022.55905.47.fits, KCWI    , /KCWI/2023/20231022/lev0/KR.20231022.55905.47.fits, g191b2b      , RM1     , 7509.96631  , 121.72279, Open   , Large  , "2,2"  , L2U2   ,  15.00001,  76.37767, 52.83047 , 0.0  , 0.0   , 2023-10-22 15:31:45.470000, C416  , Martin   ,      18,      9.4378, g191b2b   ,  2.084424599209235   , True  , True
KR.20231022.55981.97.fits, KCWI    , /KCWI/2023/20231022/lev0/KR.20231022.55981.97.fits, g191b2b      , RM1     , 7509.96631  , 121.72279, Open   , Large  , "2,2"  , L2U2   ,  20.00002,  76.37767, 52.83047 , 0.0  , 0.0   , 2023-10-22 15:33:01.970000, C416  , Martin   ,      18,      9.4378, g191b2b   ,  2.084424599209235   , True  , True
KR.20231022.56048.27.fits, KCWI    , /KCWI/2023/20231022/lev0/KR.20231022.56048.27.fits, g191b2b      , RM1     , 7509.96631  , 121.72279, Open   , Large  , "2,2"  , L2U2   ,  20.00002,  76.37767, 52.83047 , 0.0  , 0.0   , 2023-10-22 15:34:08.270000, C416  , Martin   ,      18,      9.4378, g191b2b   ,  2.084424599209235   , True  , True
KR.20231023.55937.62.fits, KCWI    , /KCWI/2023/20231023/lev0/KR.20231023.55937.62.fits, gd71         , RM2     , 9849.94531  , 123.44099, Open   , Medium , "2,2"  , L2U2   , 120.00011,  88.11508, 15.887   , 0.0  , 0.0   , 2023-10-23 15:32:17.620000, U058  , Barth    ,      18,      9.4378, gd71      ,  0.555092871915523   , True  , True
KR.20231023.56121.22.fits, KCWI    , /KCWI/2023/20231023/lev0/KR.20231023.56121.22.fits, gd71         , RM2     , 9849.94531  , 123.44099, Open   , Medium , "2,2"  , L2U2   , 120.00011,  88.11508, 15.887   , 0.0  , 0.0   , 2023-10-23 15:35:21.220000, U058  , Barth    ,      18,      9.4378, gd71      ,  0.555092871915523   , True  , True
KR.20231023.56285.44.fits, KCWI    , /KCWI/2023/20231023/lev0/KR.20231023.56285.44.fits, gd71         , RM2     , 9849.94531  , 123.44099, Open   , Medium , "2,2"  , L2U2   , 120.00011,  88.11508, 15.887   , 0.0  , 0.0   , 2023-10-23 15:38:05.440000, U058  , Barth    ,      18,      9.4378, gd71      ,  0.555092871915523   , True  , True
KR.20231023.56454.76.fits, KCWI    , /KCWI/2023/20231023/lev0/KR.20231023.56454.76.fits, gd71         , RM2     , 9849.94531  , 123.44099, Open   , Medium , "2,2"  , L2U2   , 120.00011,  88.11508, 15.88664 , 0.0  , -1.4  , 2023-10-23 15:40:54.760000, U058  , Barth    ,      18,      9.4378, gd71      ,  1.8475237769951003  , True  , True
KR.20231023.56618.98.fits, KCWI    , /KCWI/2023/20231023/lev0/KR.20231023.56618.98.fits, gd71         , RM2     , 9849.94531  , 123.44099, Open   , Medium , "2,2"  , L2U2   , 120.00011,  88.11508, 15.88664 , 0.0  , -1.4  , 2023-10-23 15:43:38.980000, U058  , Barth    ,      18,      9.4378, gd71      ,  1.8475237769951003  , True  , True
KR.20231023.56783.20.fits, KCWI    , /KCWI/2023/20231023/lev0/KR.20231023.56783.20.fits, gd71         , RM2     , 9849.94531  , 123.44099, Open   , Medium , "2,2"  , L2U2   , 120.00011,  88.11508, 15.88664 , 0.0  , -1.4  , 2023-10-23 15:46:23.200000, U058  , Barth    ,      18,      9.4378, gd71      ,  1.8475237769951003  , True  , True
KR.20231023.56953.54.fits, KCWI    , /KCWI/2023/20231023/lev0/KR.20231023.56953.54.fits, gd71         , RM2     , 9849.94531  , 123.44099, Open   , Medium , "2,2"  , L2U2   , 120.00011,  88.11508, 15.88739 , 0.0  , 1.4   , 2023-10-23 15:49:13.540000, U058  , Barth    ,      18,      9.4378, gd71      ,  0.8572887993991223  , True  , True
KR.20231023.57117.76.fits, KCWI    , /KCWI/2023/20231023/lev0/KR.20231023.57117.76.fits, gd71         , RM2     , 9849.94531  , 123.44099, Open   , Medium , "2,2"  , L2U2   , 120.00011,  88.11508, 15.88739 , 0.0  , 1.4   , 2023-10-23 15:51:57.760000, U058  , Barth    ,      18,      9.4378, gd71      ,  0.8572887993991223  , True  , True
KR.20231023.57280.96.fits, KCWI    , /KCWI/2023/20231023/lev0/KR.20231023.57280.96.fits, gd71         , RM2     , 9849.94531  , 123.44099, Open   , Medium , "2,2"  , L2U2   , 120.00011,  88.11508, 15.88739 , 0.0  , 1.4   , 2023-10-23 15:54:40.960000, U058  , Barth    ,      18,      9.4378, gd71      ,  0.8572887993991223  , True  , True
KR.20231025.49173.90.fits, KCWI    , /KCWI/2023/20231025/lev0/KR.20231025.49173.90.fits, g191b2b      , RL      , 7149.89209  , 139.9113 , Open   , Medium , "2,2"  , L2U2   ,   5.0    ,  76.37758, 52.83167 , 0.0  , 0.0   , 2023-10-25 13:39:33.090000, H340  , Hinkle   ,      18,      9.4378, g191b2b   ,  0.014020025852305171, True  , True
KR.20231025.49222.50.fits, KCWI    , /KCWI/2023/20231025/lev0/KR.20231025.49222.50.fits, g191b2b      , RL      , 7149.89209  , 139.9113 , Open   , Medium , "2,2"  , L2U2   ,   5.0    ,  76.37758, 52.83167 , 0.0  , 0.0   , 2023-10-25 13:40:22.050000, H340  , Hinkle   ,      18,      9.4378, g191b2b   ,  0.014020025852305171, True  , True
KR.20231025.49271.10.fits, KCWI    , /KCWI/2023/20231025/lev0/KR.20231025.49271.10.fits, g191b2b      , RL      , 7149.89209  , 139.9113 , Open   , Medium , "2,2"  , L2U2   ,   5.0    ,  76.37758, 52.83167 , 0.0  , 0.0   , 2023-10-25 13:41:11.010000, H340  , Hinkle   ,      18,      9.4378, g191b2b   ,  0.014020025852305171, True  , True
KR.20231104.17319.32.fits, KCWI    , /KCWI/2023/20231104/lev0/KR.20231104.17319.32.fits, l1512-34b    , RM2     , 8899.99219  , 126.66124, Open   , Medium , "2,2"  , L2U2   , 180.00018, 355.96133, 32.54631 , 0.0  , 0.0   , 2023-11-04 04:48:39.320000, U114  , U        ,      18,      9.4378, wd2341d322,  0.026720967666948127, True  , True
KR.20231104.17554.94.fits, KCWI    , /KCWI/2023/20231104/lev0/KR.20231104.17554.94.fits, l1512-34b    , RM2     , 8899.99219  , 126.66124, Open   , Medium , "2,2"  , L2U2   , 180.00018, 355.96133, 32.54631 , 0.0  , 0.0   , 2023-11-04 04:52:34.940000, U114  , U        ,      18,      9.4378, wd2341d322,  0.026720967666948127, True  , True
KR.20231104.17777.30.fits, KCWI    , /KCWI/2023/20231104/lev0/KR.20231104.17777.30.fits, l1512-34b    , RM2     , 8899.99219  , 126.66124, Open   , Medium , "2,2"  , L2U2   , 180.00018, 355.96133, 32.54631 , 0.0  , 0.0   , 2023-11-04 04:56:17.300000, U114  , U        ,      18,      9.4378, wd2341d322,  0.026720967666948127, True  , True
KR.20231104.17979.26.fits, KCWI    , /KCWI/2023/20231104/lev0/KR.20231104.17979.26.fits, bd28d4211    , RM2     , 8899.99219  , 126.66124, Open   , Medium , "2,2"  , L2U2   ,  60.00006, 327.79583, 28.86389 , 0.0  , 0.0   , 2023-11-04 04:59:39.260000, U114  , U        ,      18,      9.4378, bd28d4211 ,  0.48678590486833817 , True  , True
KR.20231104.18090.44.fits, KCWI    , /KCWI/2023/20231104/lev0/KR.20231104.18090.44.fits, bd28d4211    , RM2     , 8899.99219  , 126.66124, Open   , Medium , "2,2"  , L2U2   ,  60.00006, 327.79583, 28.86389 , 0.0  , 0.0   , 2023-11-04 05:01:30.440000, U114  , U        ,      18,      9.4378, bd28d4211 ,  0.48678590486833817 , True  , True
KR.20231104.18192.44.fits, KCWI    , /KCWI/2023/20231104/lev0/KR.20231104.18192.44.fits, bd28d4211    , RM2     , 8899.99219  , 126.66124, Open   , Medium , "2,2"  , L2U2   ,  60.00006, 327.79583, 28.86389 , 0.0  , 0.0   , 2023-11-04 05:03:12.440000, U114  , U        ,      18,      9.4378, bd28d4211 ,  0.48678590486833817 , True  , True
KR.20231105.16131.45.fits, KCWI    , /KCWI/2023/20231105/lev0/KR.20231105.16131.45.fits, feige110     , RL      , 7799.89014  , 139.0027 , Open   , Medium , "2,2"  , L2U2   ,  45.00005, 349.99333, -5.16561 , 0.0  , 0.0   , 2023-11-05 04:28:51.450000, C349  , Steidel  ,      18,      9.4378, feige110  ,  0.4191725510800861  , True  , True
KR.20231105.16221.21.fits, KCWI    , /KCWI/2023/20231105/lev0/KR.20231105.16221.21.fits, feige110     , RL      , 7799.89014  , 139.0027 , Open   , Medium , "2,2"  , L2U2   ,  45.00005, 349.99333, -5.16561 , 0.0  , 0.0   , 2023-11-05 04:30:21.210000, C349  , Steidel  ,      18,      9.4378, feige110  ,  0.4191725510800861  , True  , True
KR.20231105.16311.99.fits, KCWI    , /KCWI/2023/20231105/lev0/KR.20231105.16311.99.fits, feige110     , RL      , 7799.89014  , 139.0027 , Open   , Medium , "2,2"  , L2U2   ,  45.00005, 349.99333, -5.16561 , 0.0  , 0.0   , 2023-11-05 04:31:51.990000, C349  , Steidel  ,      18,      9.4378, feige110  ,  0.4191725510800861  , True  , True
KR.20231105.16417.60.fits, KCWI    , /KCWI/2023/20231105/lev0/KR.20231105.16417.60.fits, feige110     , RL      , 7249.9834   , 139.77159, Open   , Medium , "2,2"  , L2U2   ,  45.00005, 349.99333, -5.16561 , 0.0  , 0.0   , 2023-11-05 04:33:37.060000, C349  , Steidel  ,      18,      9.4378, feige110  ,  0.4191725510800861  , True  , True
KR.20231105.16505.80.fits, KCWI    , /KCWI/2023/20231105/lev0/KR.20231105.16505.80.fits, feige110     , RL      , 7249.9834   , 139.77159, Open   , Medium , "2,2"  , L2U2   ,  45.00005, 349.99333, -5.16561 , 0.0  , 0.0   , 2023-11-05 04:35:05.800000, C349  , Steidel  ,      18,      9.4378, feige110  ,  0.4191725510800861  , True  , True
KR.20231105.16594.54.fits, KCWI    , /KCWI/2023/20231105/lev0/KR.20231105.16594.54.fits, feige110     , RL      , 7249.9834   , 139.77159, Open   , Medium , "2,2"  , L2U2   ,  45.00005, 349.99333, -5.16561 , 0.0  , 0.0   , 2023-11-05 04:36:34.540000, C349  , Steidel  ,      18,      9.4378, feige110  ,  0.4191725510800861  , True  , True
KR.20231105.56066.84.fits, KCWI    , /KCWI/2023/20231105/lev0/KR.20231105.56066.84.fits, feige34      , RL      , 7799.89014  , 139.0027 , Open   , Medium , "2,2"  , L2U2   ,  30.00003, 159.90308, 43.10256 , 0.0  , 0.0   , 2023-11-05 15:34:26.840000, C349  , Steidel  ,      18,      9.4378, feige34   ,  0.2863713757023677  , True  , True
KR.20231105.56151.50.fits, KCWI    , /KCWI/2023/20231105/lev0/KR.20231105.56151.50.fits, feige34      , RL      , 7799.89014  , 139.0027 , Open   , Medium , "2,2"  , L2U2   ,  40.46004, 159.90308, 43.10256 , 0.0  , 0.0   , 2023-11-05 15:35:51.500000, C349  , Steidel  ,      18,      9.4378, feige34   ,  0.2863713757023677  , True  , True
KR.20231105.56242.28.fits, KCWI    , /KCWI/2023/20231105/lev0/KR.20231105.56242.28.fits, feige34      , RL      , 7799.89014  , 139.0027 , Open   , Medium , "2,2"  , L2U2   ,  40.00004, 159.90308, 43.10256 , 0.0  , 0.0   , 2023-11-05 15:37:22.280000, C349  , Steidel  ,      18,      9.4378, feige34   ,  0.2863713757023677  , True  , True
KR.20231105.56326.94.fits, KCWI    , /KCWI/2023/20231105/lev0/KR.20231105.56326.94.fits, feige34      , RL      , 7799.89014  , 139.0027 , Open   , Medium , "2,2"  , L2U2   ,  40.00004, 159.90308, 43.10256 , 0.0  , 0.0   , 2023-11-05 15:38:46.940000, C349  , Steidel  ,      18,      9.4378, feige34   ,  0.2863713757023677  , True  , True
KR.20231105.56419.76.fits, KCWI    , /KCWI/2023/20231105/lev0/KR.20231105.56419.76.fits, feige34      , RL      , 7249.97705  , 139.77159, Open   , Medium , "2,2"  , L2U2   ,  40.00004, 159.90308, 43.10256 , 0.0  , 0.0   , 2023-11-05 15:40:19.760000, C349  , Steidel  ,      18,      9.4378, feige34   ,  0.2863713757023677  , True  , True
KR.20231105.56504.42.fits, KCWI    , /KCWI/2023/20231105/lev0/KR.20231105.56504.42.fits, feige34      , RL      , 7249.9834   , 139.77159, Open   , Medium , "2,2"  , L2U2   ,  40.00004, 159.90308, 43.10256 , 0.0  , 0.0   , 2023-11-05 15:41:44.420000, C349  , Steidel  ,      18,      9.4378, feige34   ,  0.2863713757023677  , True  , True
KR.20231105.56588.60.fits, KCWI    , /KCWI/2023/20231105/lev0/KR.20231105.56588.60.fits, feige34      , RL      , 7249.9834   , 139.77159, Open   , Medium , "2,2"  , L2U2   ,  40.00004, 159.90308, 43.10256 , 0.0  , 0.0   , 2023-11-05 15:43:08.060000, C349  , Steidel  ,      18,      9.4378, feige34   ,  0.2863713757023677  , True  , True
KR.20231106.55412.30.fits, KCWI    , /KCWI/2023/20231106/lev0/KR.20231106.55412.30.fits, g191b2b      , RM1     , 7509.96631  , 121.72279, Open   , Large  , "2,2"  , L2U2   ,  15.00001,  76.37758, 52.83167 , 0.0  , 0.0   , 2023-11-06 15:23:32.030000, C416  , Martin   ,      18,      9.4378, g191b2b   ,  0.014020025852305171, True  , True
KR.20231106.55503.84.fits, KCWI    , /KCWI/2023/20231106/lev0/KR.20231106.55503.84.fits, g191b2b      , RM1     , 7509.96631  , 121.72279, Open   , Large  , "2,2"  , L2U2   ,  30.00003,  76.37758, 52.83167 , 0.0  , 0.0   , 2023-11-06 15:25:03.840000, C416  , Martin   ,      18,      9.4378, g191b2b   ,  0.014020025852305171, True  , True
KR.20231106.55585.45.fits, KCWI    , /KCWI/2023/20231106/lev0/KR.20231106.55585.45.fits, g191b2b      , RM1     , 7509.96631  , 121.72279, Open   , Large  , "2,2"  , L2U2   ,  30.00003,  76.37758, 52.83167 , 0.0  , 0.0   , 2023-11-06 15:26:25.450000, C416  , Martin   ,      18,      9.4378, g191b2b   ,  0.014020025852305171, True  , True
KR.20231106.55658.89.fits, KCWI    , /KCWI/2023/20231106/lev0/KR.20231106.55658.89.fits, g191b2b      , RM1     , 7509.96631  , 121.72279, Open   , Large  , "2,2"  , L2U2   ,  30.00003,  76.37758, 52.83167 , 0.0  , 0.0   , 2023-11-06 15:27:38.890000, C416  , Martin   ,      18,      9.4378, g191b2b   ,  0.014020025852305171, True  , True
KR.20231106.55732.33.fits, KCWI    , /KCWI/2023/20231106/lev0/KR.20231106.55732.33.fits, g191b2b      , RM1     , 7509.96631  , 121.72279, Open   , Large  , "2,2"  , L2U2   ,  30.00003,  76.37758, 52.83167 , 0.0  , 0.0   , 2023-11-06 15:28:52.330000, C416  , Martin   ,      18,      9.4378, g191b2b   ,  0.014020025852305171, True  , True
KR.20231107.17173.48.fits, KCWI    , /KCWI/2023/20231107/lev0/KR.20231107.17173.48.fits, bd28d4211    , RL      , 7149.89209  , 139.9113 , Open   , Small  , "1,1"  , L2U2   ,  30.00003, 327.79612, 28.86439 , 0.0  , 0.0   , 2023-11-07 04:46:13.480000, U028  , Treu     ,      18,     35.5219, bd28d4211 ,  0.016263341883482225, True  , True
KR.20231107.17328.52.fits, KCWI    , /KCWI/2023/20231107/lev0/KR.20231107.17328.52.fits, bd28d4211    , RL      , 7149.89209  , 139.9113 , Open   , Small  , "1,1"  , L2U2   ,  30.00003, 327.79612, 28.86439 , 0.0  , 0.0   , 2023-11-07 04:48:48.520000, U028  , Treu     ,      18,     35.5219, bd28d4211 ,  0.016263341883482225, True  , True
KR.20231107.17463.16.fits, KCWI    , /KCWI/2023/20231107/lev0/KR.20231107.17463.16.fits, bd28d4211    , RL      , 7149.89209  , 139.9113 , Open   , Small  , "1,1"  , L2U2   ,  30.00003, 327.79612, 28.86439 , 0.0  , 0.0   , 2023-11-07 04:51:03.160000, U028  , Treu     ,      18,     35.5219, bd28d4211 ,  0.016263341883482225, True  , True
KR.20231107.17621.26.fits, KCWI    , /KCWI/2023/20231107/lev0/KR.20231107.17621.26.fits, bd28d4211    , RL      , 7849.95117  , 138.9323 , Open   , Small  , "1,1"  , L2U2   ,  30.00003, 327.79612, 28.86439 , 0.0  , 0.0   , 2023-11-07 04:53:41.260000, U028  , Treu     ,      18,     35.5219, bd28d4211 ,  0.016263341883482225, True  , True
KR.20231107.17754.88.fits, KCWI    , /KCWI/2023/20231107/lev0/KR.20231107.17754.88.fits, bd28d4211    , RL      , 7849.95117  , 138.9323 , Open   , Small  , "1,1"  , L2U2   ,  30.00003, 327.79612, 28.86439 , 0.0  , 0.0   , 2023-11-07 04:55:54.880000, U028  , Treu     ,      18,     35.5219, bd28d4211 ,  0.016263341883482225, True  , True
KR.20231107.17883.40.fits, KCWI    , /KCWI/2023/20231107/lev0/KR.20231107.17883.40.fits, bd28d4211    , RL      , 7849.95117  , 138.9323 , Open   , Small  , "1,1"  , L2U2   ,  30.00003, 327.79612, 28.86439 , 0.0  , 0.0   , 2023-11-07 04:58:03.400000, U028  , Treu     ,      18,     35.5219, bd28d4211 ,  0.016263341883482225, True  , True
KR.20231107.56109.23.fits, KCWI    , /KCWI/2023/20231107/lev0/KR.20231107.56109.23.fits, g191b2b      , RL      , 7849.95117  , 138.9323 , Open   , Small  , "1,1"  , L2U2   ,  60.35006,  76.37758, 52.83194 , 0.0  , 1.0   , 2023-11-07 15:35:09.230000, U028  , Treu     ,      18,     35.5219, g191b2b   ,  0.9840267073350326  , True  , True
KR.20231107.56333.63.fits, KCWI    , /KCWI/2023/20231107/lev0/KR.20231107.56333.63.fits, g191b2b      , RL      , 7849.95117  , 138.9323 , Open   , Small  , "1,1"  , L2U2   ,  90.00009,  76.37758, 52.83194 , 0.0  , 1.0   , 2023-11-07 15:38:53.630000, U028  , Treu     ,      18,     35.5219, g191b2b   ,  0.9840267073350326  , True  , True
KR.20231107.56552.93.fits, KCWI    , /KCWI/2023/20231107/lev0/KR.20231107.56552.93.fits, g191b2b      , RL      , 7849.95117  , 138.9323 , Open   , Small  , "1,1"  , L2U2   , 120.00012,  76.37758, 52.83194 , 0.0  , 1.0   , 2023-11-07 15:42:32.930000, U028  , Treu     ,      18,     35.5219, g191b2b   ,  0.9840267073350326  , True  , True
KR.20231107.56780.39.fits, KCWI    , /KCWI/2023/20231107/lev0/KR.20231107.56780.39.fits, g191b2b      , RL      , 7149.89209  , 139.9113 , Open   , Small  , "1,1"  , L2U2   , 120.00012,  76.37758, 52.83194 , 0.0  , 1.0   , 2023-11-07 15:46:20.390000, U028  , Treu     ,      18,     35.5219, g191b2b   ,  0.9840267073350326  , True  , True
KR.20231107.57018.50.fits, KCWI    , /KCWI/2023/20231107/lev0/KR.20231107.57018.50.fits, g191b2b      , RL      , 7150.0127   , 139.9113 , Open   , Small  , "1,1"  , L2U2   , 120.00012,  76.37758, 52.83194 , 0.0  , 1.0   , 2023-11-07 15:50:18.050000, U028  , Treu     ,      18,     35.5219, g191b2b   ,  0.9840267073350326  , True  , True
KR.20231108.16904.40.fits, KCWI    , /KCWI/2023/20231108/lev0/KR.20231108.16904.40.fits, feige110     , RH2     , 7099.97314  , 105.95428, Open   , Large  , "2,2"  , L2U2   ,   5.00001, 349.99333, -5.16556 , 0.0  , 0.0   , 2023-11-08 04:41:44.400000, U081  , U        ,      18,      9.4378, feige110  ,  0.2560188060921271  , True  , True
KR.20231108.17107.41.fits, KCWI    , /KCWI/2023/20231108/lev0/KR.20231108.17107.41.fits, feige110     , RH2     , 7099.97314  , 105.95428, Open   , Large  , "2,2"  , L2U2   ,  60.00006, 349.99333, -5.16556 , 0.0  , 0.0   , 2023-11-08 04:45:07.410000, U081  , U        ,      18,      9.4378, feige110  ,  0.2560188060921271  , True  , True
KR.20231108.17222.67.fits, KCWI    , /KCWI/2023/20231108/lev0/KR.20231108.17222.67.fits, feige110     , RH2     , 7099.97314  , 105.95428, Open   , Large  , "2,2"  , L2U2   ,  60.00006, 349.99333, -5.16556 , 0.0  , 0.0   , 2023-11-08 04:47:02.670000, U081  , U        ,      18,      9.4378, feige110  ,  0.2560188060921271  , True  , True
KR.20231108.17326.74.fits, KCWI    , /KCWI/2023/20231108/lev0/KR.20231108.17326.74.fits, feige110     , RH2     , 7099.97314  , 105.95428, Open   , Large  , "2,2"  , L2U2   ,  60.00006, 349.99333, -5.16556 , 0.0  , 0.0   , 2023-11-08 04:48:46.740000, U081  , U        ,      18,      9.4378, feige110  ,  0.2560188060921271  , True  , True
KR.20231108.17526.69.fits, KCWI    , /KCWI/2023/20231108/lev0/KR.20231108.17526.69.fits, feige110     , RH2     , 7099.97314  , 105.95428, Open   , Large  , "2,2"  , L2U2   ,  60.00006, 349.99333, -5.16611 , 0.0  , -2.0  , 2023-11-08 04:52:06.690000, U081  , U        ,      18,      9.4378, feige110  ,  2.2002967101371733  , True  , True
KR.20231108.17631.75.fits, KCWI    , /KCWI/2023/20231108/lev0/KR.20231108.17631.75.fits, feige110     , RH2     , 7099.97314  , 105.95428, Open   , Large  , "2,2"  , L2U2   ,  60.00006, 349.99333, -5.16611 , 0.0  , -2.0  , 2023-11-08 04:53:51.750000, U081  , U        ,      18,      9.4378, feige110  ,  2.2002967101371733  , True  , True
KR.20231108.17735.81.fits, KCWI    , /KCWI/2023/20231108/lev0/KR.20231108.17735.81.fits, feige110     , RH2     , 7099.97314  , 105.95428, Open   , Large  , "2,2"  , L2U2   ,  60.00006, 349.99333, -5.16611 , 0.0  , -2.0  , 2023-11-08 04:55:35.810000, U081  , U        ,      18,      9.4378, feige110  ,  2.2002967101371733  , True  , True
KR.20231108.54426.46.fits, KCWI    , /KCWI/2023/20231108/lev0/KR.20231108.54426.46.fits, g191b2b      , RH1     , 6199.97949  , 104.35542, Open   , Large  , "2,2"  , L2U2   ,  20.00002,  76.37758, 52.83167 , 0.0  , 0.0   , 2023-11-08 15:07:06.460000, U081  , U        ,      18,      9.4378, g191b2b   ,  0.014020025852305171, True  , True
KR.20231108.54563.16.fits, KCWI    , /KCWI/2023/20231108/lev0/KR.20231108.54563.16.fits, g191b2b      , RH1     , 6199.97949  , 104.35542, Open   , Large  , "2,2"  , L2U2   ,  60.00006,  76.37758, 52.83167 , 0.0  , 0.0   , 2023-11-08 15:09:23.160000, U081  , U        ,      18,      9.4378, g191b2b   ,  0.014020025852305171, True  , True
KR.20231108.54678.43.fits, KCWI    , /KCWI/2023/20231108/lev0/KR.20231108.54678.43.fits, g191b2b      , RH1     , 6199.97949  , 104.35542, Open   , Large  , "2,2"  , L2U2   ,  60.00006,  76.37758, 52.83167 , 0.0  , 0.0   , 2023-11-08 15:11:18.430000, U081  , U        ,      18,      9.4378, g191b2b   ,  0.014020025852305171, True  , True
KR.20231108.54782.48.fits, KCWI    , /KCWI/2023/20231108/lev0/KR.20231108.54782.48.fits, g191b2b      , RH1     , 6199.97949  , 104.35542, Open   , Large  , "2,2"  , L2U2   ,  60.00006,  76.37758, 52.83167 , 0.0  , 0.0   , 2023-11-08 15:13:02.480000, U081  , U        ,      18,      9.4378, g191b2b   ,  0.014020025852305171, True  , True
KR.20231109.17405.67.fits, KCWI    , /KCWI/2023/20231109/lev0/KR.20231109.17405.67.fits, Feige110     , RL      , 8099.9541   , 138.58194, Open   , Medium , "2,2"  , L2U2   ,   1.0    , 349.99333, -5.16556 , 0.0  , 0.0   , 2023-11-09 04:50:05.670000, W372  , Barone   ,      18,      9.4378, feige110  ,  0.2560188060921271  , True  , True
KR.20231109.17593.35.fits, KCWI    , /KCWI/2023/20231109/lev0/KR.20231109.17593.35.fits, Feige110     , RL      , 8099.9541   , 138.58194, Open   , Medium , "2,2"  , L2U2   , 100.0001 , 349.99333, -5.16556 , 0.0  , 0.0   , 2023-11-09 04:53:13.350000, W372  , Barone   ,      18,      9.4378, feige110  ,  0.2560188060921271  , True  , True
KR.20231109.17831.10.fits, KCWI    , /KCWI/2023/20231109/lev0/KR.20231109.17831.10.fits, Feige110     , RL      , 8099.9541   , 138.58194, Open   , Medium , "2,2"  , L2U2   , 150.00015, 349.99333, -5.16556 , 0.0  , 0.0   , 2023-11-09 04:57:11.010000, W372  , Barone   ,      18,      9.4378, feige110  ,  0.2560188060921271  , True  , True
KR.20231109.18033.99.fits, KCWI    , /KCWI/2023/20231109/lev0/KR.20231109.18033.99.fits, Feige110     , RL      , 8099.9541   , 138.58194, Open   , Medium , "2,2"  , L2U2   , 150.00015, 349.99333, -5.16556 , 0.0  , 0.0   , 2023-11-09 05:00:33.990000, W372  , Barone   ,      18,      9.4378, feige110  ,  0.2560188060921271  , True  , True
KR.20231109.40502.65.fits, KCWI    , /KCWI/2023/20231109/lev0/KR.20231109.40502.65.fits, g191b2b      , RH1     , 6679.98145  ,  99.19257, Open   , Small  , "1,1"  , L2U2   , 200.0002 ,  76.37758, 52.83108 , 0.0  , 0.0   , 2023-11-09 11:15:02.650000, U262  , Sandstrom,      18,     35.5219, g191b2b   ,  0.21444861607619004 , True  , True
KR.20231109.40805.59.fits, KCWI    , /KCWI/2023/20231109/lev0/KR.20231109.40805.59.fits, g191b2b      , RH1     , 6679.98145  ,  99.19257, Open   , Small  , "1,1"  , L2U2   , 200.0002 ,  76.37758, 52.83108 , 0.0  , 0.0   , 2023-11-09 11:20:05.590000, U262  , Sandstrom,      18,     35.5219, g191b2b   ,  0.21444861607619004 , True  , True
KR.20231109.41104.45.fits, KCWI    , /KCWI/2023/20231109/lev0/KR.20231109.41104.45.fits, g191b2b      , RH1     , 6679.98145  ,  99.19257, Open   , Small  , "1,1"  , L2U2   , 200.0002 ,  76.37758, 52.83108 , 0.0  , 0.0   , 2023-11-09 11:25:04.450000, U262  , Sandstrom,      18,     35.5219, g191b2b   ,  0.21444861607619004 , True  , True
KR.20231109.56603.56.fits, KCWI    , /KCWI/2023/20231109/lev0/KR.20231109.56603.56.fits, g191b2b      , RH1     , 6679.98145  ,  99.19257, Open   , Small  , "1,1"  , L2U2   , 200.0002 ,  76.37758, 52.83108 , 0.0  , 0.0   , 2023-11-09 15:43:23.560000, U262  , Sandstrom,      18,     35.5219, g191b2b   ,  0.21444861607619004 , True  , True
KR.20231109.56903.44.fits, KCWI    , /KCWI/2023/20231109/lev0/KR.20231109.56903.44.fits, g191b2b      , RH1     , 6679.98145  ,  99.19257, Open   , Small  , "1,1"  , L2U2   , 200.0002 ,  76.37758, 52.83108 , 0.0  , 0.0   , 2023-11-09 15:48:23.440000, U262  , Sandstrom,      18,     35.5219, g191b2b   ,  0.21444861607619004 , True  , True
KR.20231110.17268.83.fits, KCWI    , /KCWI/2023/20231110/lev0/KR.20231110.17268.83.fits, feige110     , RL      , 7249.9834   , 139.77159, Open   , Medium , "2,2"  , L2U2   ,  45.00005, 349.99333, -5.16561 , 0.0  , 0.0   , 2023-11-10 04:47:48.830000, D465  , Kirby    ,      18,      9.4378, feige110  ,  0.4191725510800861  , True  , True
KR.20231110.17355.53.fits, KCWI    , /KCWI/2023/20231110/lev0/KR.20231110.17355.53.fits, feige110     , RL      , 7249.9834   , 139.77159, Open   , Medium , "2,2"  , L2U2   ,  45.00005, 349.99333, -5.16561 , 0.0  , 0.0   , 2023-11-10 04:49:15.530000, D465  , Kirby    ,      18,      9.4378, feige110  ,  0.4191725510800861  , True  , True
KR.20231110.17441.21.fits, KCWI    , /KCWI/2023/20231110/lev0/KR.20231110.17441.21.fits, feige110     , RL      , 7249.9834   , 139.77159, Open   , Medium , "2,2"  , L2U2   ,  45.00005, 349.99333, -5.16561 , 0.0  , 0.0   , 2023-11-10 04:50:41.210000, D465  , Kirby    ,      18,      9.4378, feige110  ,  0.4191725510800861  , True  , True
KR.20231110.17824.73.fits, KCWI    , /KCWI/2023/20231110/lev0/KR.20231110.17824.73.fits, feige110     , RH1     , 5934.98096  , 106.96628, Open   , Medium , "2,2"  , L2U2   , 180.00018, 349.99333, -5.16561 , 0.0  , 0.0   , 2023-11-10 04:57:04.730000, D465  , Kirby    ,      18,      9.4378, feige110  ,  0.4191725510800861  , True  , True
KR.20231110.18056.27.fits, KCWI    , /KCWI/2023/20231110/lev0/KR.20231110.18056.27.fits, feige110     , RH1     , 5934.97656  , 106.96628, Open   , Medium , "2,2"  , L2U2   , 180.00018, 349.99333, -5.16561 , 0.0  , 0.0   , 2023-11-10 05:00:56.270000, D465  , Kirby    ,      18,      9.4378, feige110  ,  0.4191725510800861  , True  , True
KR.20231110.18337.79.fits, KCWI    , /KCWI/2023/20231110/lev0/KR.20231110.18337.79.fits, feige110     , RH1     , 5934.97656  , 106.96628, Open   , Medium , "2,2"  , L2U2   , 180.00018, 349.99333, -5.16561 , 0.0  , 0.0   , 2023-11-10 05:05:37.790000, D465  , Kirby    ,      18,      9.4378, feige110  ,  0.4191725510800861  , True  , True
KR.20231110.41409.30.fits, KCWI    , /KCWI/2023/20231110/lev0/KR.20231110.41409.30.fits, g191b2b      , RH1     , 6679.98145  ,  99.19257, Open   , Small  , "1,1"  , L2U2   , 200.0002 ,  76.37758, 52.83108 , 0.0  , 0.0   , 2023-11-10 11:30:09.300000, U262  , Sandstrom,      18,     35.5219, g191b2b   ,  0.21460400074866479 , True  , True
KR.20231110.41711.22.fits, KCWI    , /KCWI/2023/20231110/lev0/KR.20231110.41711.22.fits, g191b2b      , RH1     , 6679.98145  ,  99.19257, Open   , Small  , "1,1"  , L2U2   , 200.0002 ,  76.37758, 52.83108 , 0.0  , 0.0   , 2023-11-10 11:35:11.220000, U262  , Sandstrom,      18,     35.5219, g191b2b   ,  0.21460400074866479 , True  , True
KR.20231110.42026.40.fits, KCWI    , /KCWI/2023/20231110/lev0/KR.20231110.42026.40.fits, g191b2b      , RH1     , 6679.98145  ,  99.19257, Open   , Small  , "1,1"  , L2U2   , 200.0002 ,  76.37758, 52.83108 , 0.0  , 0.0   , 2023-11-10 11:40:26.400000, U262  , Sandstrom,      18,     35.5219, g191b2b   ,  0.21460400074866479 , True  , True
KR.20231111.16403.59.fits, KCWI    , /KCWI/2023/20231111/lev0/KR.20231111.16403.59.fits, feige110     , RL      , 7250.22607  , 139.77159, Open   , Medium , "2,2"  , L2U2   ,  10.00001, 349.99329, -5.1655  , 0.0  , 0.0   , 2023-11-11 04:33:23.590000, U065  , Jones    ,      18,      9.4378, feige110  ,  0.005975632529793093, True  , True
KR.20231111.16494.37.fits, KCWI    , /KCWI/2023/20231111/lev0/KR.20231111.16494.37.fits, feige110     , RL      , 7250.22607  , 139.77159, Open   , Medium , "2,2"  , L2U2   ,  30.00003, 349.99329, -5.1655  , 0.0  , 0.0   , 2023-11-11 04:34:54.370000, U065  , Jones    ,      18,      9.4378, feige110  ,  0.005975632529793093, True  , True
KR.20231111.16589.23.fits, KCWI    , /KCWI/2023/20231111/lev0/KR.20231111.16589.23.fits, feige110     , RL      , 7250.22607  , 139.77159, Open   , Medium , "2,2"  , L2U2   ,  45.00005, 349.99329, -5.1655  , 0.0  , 0.0   , 2023-11-11 04:36:29.230000, U065  , Jones    ,      18,      9.4378, feige110  ,  0.005975632529793093, True  , True
KR.20231111.16939.90.fits, KCWI    , /KCWI/2023/20231111/lev0/KR.20231111.16939.90.fits, feige110     , RL      , 7252.49707  , 139.98114, Open   , Medium , "2,2"  , L2U2   , 100.0001 , 349.99329, -5.1655  , 0.0  , 0.0   , 2023-11-11 04:42:19.090000, U065  , Jones    ,      18,      9.4378, feige110  ,  0.005975632529793093, True  , True
KR.20231111.17089.40.fits, KCWI    , /KCWI/2023/20231111/lev0/KR.20231111.17089.40.fits, feige110     , RL      , 7252.49707  , 139.98114, Open   , Medium , "2,2"  , L2U2   , 100.0001 , 349.99329, -5.1655  , 0.0  , 0.0   , 2023-11-11 04:44:49.040000, U065  , Jones    ,      18,      9.4378, feige110  ,  0.005975632529793093, True  , True
KR.20231111.17236.94.fits, KCWI    , /KCWI/2023/20231111/lev0/KR.20231111.17236.94.fits, feige110     , RL      , 7252.49707  , 139.98114, Open   , Medium , "2,2"  , L2U2   , 100.0001 , 349.99329, -5.1655  , 0.0  , 0.0   , 2023-11-11 04:47:16.940000, U065  , Jones    ,      18,      9.4378, feige110  ,  0.005975632529793093, True  , True
KR.20231111.17410.34.fits, KCWI    , /KCWI/2023/20231111/lev0/KR.20231111.17410.34.fits, feige110     , RL      , 7237.3916   , 138.7222 , Open   , Medium , "2,2"  , L2U2   , 100.0001 , 349.99329, -5.1655  , 0.0  , 0.0   , 2023-11-11 04:50:10.340000, U065  , Jones    ,      18,      9.4378, feige110  ,  0.005975632529793093, True  , True
KR.20231111.17557.22.fits, KCWI    , /KCWI/2023/20231111/lev0/KR.20231111.17557.22.fits, feige110     , RL      , 7237.3916   , 138.7222 , Open   , Medium , "2,2"  , L2U2   , 100.0001 , 349.99329, -5.1655  , 0.0  , 0.0   , 2023-11-11 04:52:37.220000, U065  , Jones    ,      18,      9.4378, feige110  ,  0.005975632529793093, True  , True
KR.20231111.17704.10.fits, KCWI    , /KCWI/2023/20231111/lev0/KR.20231111.17704.10.fits, feige110     , RL      , 7237.3916   , 138.7222 , Open   , Medium , "2,2"  , L2U2   , 100.0001 , 349.99329, -5.1655  , 0.0  , 0.0   , 2023-11-11 04:55:04.100000, U065  , Jones    ,      18,      9.4378, feige110  ,  0.005975632529793093, True  , True
KR.20231111.54937.10.fits, KCWI    , /KCWI/2023/20231111/lev0/KR.20231111.54937.10.fits, g191b2b      , RL      , 7250.10449  , 139.77159, Open   , Medium , "2,2"  , L2U2   , 100.0001 ,  76.37758, 52.83167 , 0.0  , 0.0   , 2023-11-11 15:15:37.010000, U065  , Jones    ,      18,      9.4378, g191b2b   ,  0.014020025852305171, True  , True
KR.20231111.55087.97.fits, KCWI    , /KCWI/2023/20231111/lev0/KR.20231111.55087.97.fits, g191b2b      , RL      , 7250.10449  , 139.77159, Open   , Medium , "2,2"  , L2U2   , 100.0001 ,  76.37758, 52.83167 , 0.0  , 0.0   , 2023-11-11 15:18:07.970000, U065  , Jones    ,      18,      9.4378, g191b2b   ,  0.014020025852305171, True  , True
KR.20231111.55448.40.fits, KCWI    , /KCWI/2023/20231111/lev0/KR.20231111.55448.40.fits, g191b2b      , RL      , 7999.94678  , 138.7222 , Open   , Medium , "2,2"  , L2U2   , 100.0001 ,  76.37758, 52.83167 , 0.0  , 0.0   , 2023-11-11 15:24:08.040000, U065  , Jones    ,      18,      9.4378, g191b2b   ,  0.014020025852305171, True  , True
KR.20231111.55594.92.fits, KCWI    , /KCWI/2023/20231111/lev0/KR.20231111.55594.92.fits, g191b2b      , RL      , 7999.94678  , 138.7222 , Open   , Medium , "2,2"  , L2U2   , 100.0001 ,  76.37758, 52.83167 , 0.0  , 0.0   , 2023-11-11 15:26:34.920000, U065  , Jones    ,      18,      9.4378, g191b2b   ,  0.014020025852305171, True  , True
KR.20231111.55738.74.fits, KCWI    , /KCWI/2023/20231111/lev0/KR.20231111.55738.74.fits, g191b2b      , RL      , 7999.94678  , 138.7222 , Open   , Medium , "2,2"  , L2U2   , 100.0001 ,  76.37758, 52.83167 , 0.0  , 0.0   , 2023-11-11 15:28:58.740000, U065  , Jones    ,      18,      9.4378, g191b2b   ,  0.014020025852305171, True  , True
KR.20231111.55900.92.fits, KCWI    , /KCWI/2023/20231111/lev0/KR.20231111.55900.92.fits, g191b2b      , RL      , 7099.8877   , 139.98114, Open   , Medium , "2,2"  , L2U2   , 100.0001 ,  76.37758, 52.83167 , 0.0  , 0.0   , 2023-11-11 15:31:40.920000, U065  , Jones    ,      18,      9.4378, g191b2b   ,  0.014020025852305171, True  , True
KR.20231111.56042.70.fits, KCWI    , /KCWI/2023/20231111/lev0/KR.20231111.56042.70.fits, g191b2b      , RL      , 7099.76611  , 139.98114, Open   , Medium , "2,2"  , L2U2   , 100.0001 ,  76.37758, 52.83167 , 0.0  , 0.0   , 2023-11-11 15:34:02.700000, U065  , Jones    ,      18,      9.4378, g191b2b   ,  0.014020025852305171, True  , True
KR.20231111.56185.50.fits, KCWI    , /KCWI/2023/20231111/lev0/KR.20231111.56185.50.fits, g191b2b      , RL      , 7099.76611  , 139.98114, Open   , Medium , "2,2"  , L2U2   , 100.0001 ,  76.37758, 52.83167 , 0.0  , 0.0   , 2023-11-11 15:36:25.500000, U065  , Jones    ,      18,      9.4378, g191b2b   ,  0.014020025852305171, True  , True
KR.20231113.16800.71.fits, KCWI    , /KCWI/2023/20231113/lev0/KR.20231113.16800.71.fits, feige110     , RH3     , 8599.97949  , 103.51722, Open   , Medium , "2,2"  , L2U2   , 180.00014, 349.99329, -5.1655  , 0.0  , 0.0   , 2023-11-13 04:40:00.710000, W156  , Forbes   ,      18,      9.4378, feige110  ,  0.005975632529793093, True  , True
KR.20231113.17249.51.fits, KCWI    , /KCWI/2023/20231113/lev0/KR.20231113.17249.51.fits, feige110     , RH3     , 8599.97949  , 103.51722, Open   , Medium , "2,2"  , L2U2   , 360.00029, 349.99329, -5.1655  , 0.0  , 0.0   , 2023-11-13 04:47:29.510000, W156  , Forbes   ,      18,      9.4378, feige110  ,  0.005975632529793093, True  , True
KR.20231114.16538.72.fits, KCWI    , /KCWI/2023/20231114/lev0/KR.20231114.16538.72.fits, bd28d4211    , RM2     , 9849.9375   , 123.44044, Open   , Medium , "2,2"  , L2U2   ,  30.00002, 327.7955 , 28.86356 , -2.3 , -3.0  , 2023-11-14 04:35:38.720000, U058  , Barth    ,      18,      9.4378, bd28d4211 ,  2.0503004287617266  , True  , True
KR.20231114.16730.48.fits, KCWI    , /KCWI/2023/20231114/lev0/KR.20231114.16730.48.fits, bd28d4211    , RM2     , 9849.9375   , 123.44044, Open   , Medium , "2,2"  , L2U2   ,  60.00005, 327.7955 , 28.86356 , -2.3 , -3.0  , 2023-11-14 04:38:50.480000, U058  , Barth    ,      18,      9.4378, bd28d4211 ,  2.0503004287617266  , True  , True
KR.20231114.16843.70.fits, KCWI    , /KCWI/2023/20231114/lev0/KR.20231114.16843.70.fits, bd28d4211    , RM2     , 9849.9375   , 123.44044, Open   , Medium , "2,2"  , L2U2   ,  60.00005, 327.7955 , 28.86356 , -2.3 , -3.0  , 2023-11-14 04:40:43.700000, U058  , Barth    ,      18,      9.4378, bd28d4211 ,  2.0503004287617266  , True  , True
KR.20231114.16947.74.fits, KCWI    , /KCWI/2023/20231114/lev0/KR.20231114.16947.74.fits, bd28d4211    , RM2     , 9849.9375   , 123.44044, Open   , Medium , "2,2"  , L2U2   ,  60.00005, 327.7955 , 28.86356 , -2.3 , -3.0  , 2023-11-14 04:42:27.740000, U058  , Barth    ,      18,      9.4378, bd28d4211 ,  2.0503004287617266  , True  , True
KR.20231114.36700.80.fits, KCWI    , /KCWI/2023/20231114/lev0/KR.20231114.36700.80.fits, gd71         , RM2     , 9849.9375   , 123.44044, Open   , Medium , "2,2"  , L2U2   , 120.0001 ,  88.11508, 15.887   , 0.0  , 0.0   , 2023-11-14 10:11:40.080000, U058  , Barth    ,      18,      9.4378, gd71      ,  0.555092871915523   , True  , True
KR.20231114.36895.92.fits, KCWI    , /KCWI/2023/20231114/lev0/KR.20231114.36895.92.fits, gd71         , RM2     , 9849.9375   , 123.44044, Open   , Medium , "2,2"  , L2U2   , 120.0001 ,  88.11508, 15.887   , 0.0  , 0.0   , 2023-11-14 10:14:55.920000, U058  , Barth    ,      18,      9.4378, gd71      ,  0.555092871915523   , True  , True
KR.20231114.37060.14.fits, KCWI    , /KCWI/2023/20231114/lev0/KR.20231114.37060.14.fits, gd71         , RM2     , 9849.9375   , 123.44044, Open   , Medium , "2,2"  , L2U2   , 120.0001 ,  88.11508, 15.887   , 0.0  , 0.0   , 2023-11-14 10:17:40.140000, U058  , Barth    ,      18,      9.4378, gd71      ,  0.555092871915523   , True  , True
KR.20231114.37259.40.fits, KCWI    , /KCWI/2023/20231114/lev0/KR.20231114.37259.40.fits, gd71         , RM2     , 9499.96289  , 124.63998, Open   , Medium , "2,2"  , L2U2   , 120.0001 ,  88.11508, 15.887   , 0.0  , 0.0   , 2023-11-14 10:20:59.040000, U058  , Barth    ,      18,      9.4378, gd71      ,  0.555092871915523   , True  , True
KR.20231114.37422.24.fits, KCWI    , /KCWI/2023/20231114/lev0/KR.20231114.37422.24.fits, gd71         , RM2     , 9499.96289  , 124.63998, Open   , Medium , "2,2"  , L2U2   , 120.0001 ,  88.11508, 15.887   , 0.0  , 0.0   , 2023-11-14 10:23:42.240000, U058  , Barth    ,      18,      9.4378, gd71      ,  0.555092871915523   , True  , True
KR.20231114.37586.47.fits, KCWI    , /KCWI/2023/20231114/lev0/KR.20231114.37586.47.fits, gd71         , RM2     , 9499.96289  , 124.63998, Open   , Medium , "2,2"  , L2U2   , 120.0001 ,  88.11508, 15.887   , 0.0  , 0.0   , 2023-11-14 10:26:26.470000, U058  , Barth    ,      18,      9.4378, gd71      ,  0.555092871915523   , True  , True
KR.20231118.16474.87.fits, KCWI    , /KCWI/2023/20231118/lev0/KR.20231118.16474.87.fits, feige110     , RH2     , 6899.97363  , 107.67577, Open   , unknown, "2,2"  , L2U2   ,  60.00005, 349.99333, -5.16556 , 0.0  , 0.0   , 2023-11-18 04:34:34.870000, U081  , U        ,      18,      9.4378, feige110  ,  0.2560188060921271  , True  , True
KR.20231118.16592.17.fits, KCWI    , /KCWI/2023/20231118/lev0/KR.20231118.16592.17.fits, feige110     , RH2     , 6899.97363  , 107.67577, Open   , Large  , "2,2"  , L2U2   ,  60.00005, 349.99333, -5.16556 , 0.0  , 0.0   , 2023-11-18 04:36:32.170000, U081  , U        ,      18,      9.4378, feige110  ,  0.2560188060921271  , True  , True
KR.20231118.16800.25.fits, KCWI    , /KCWI/2023/20231118/lev0/KR.20231118.16800.25.fits, feige110     , RH2     , 6899.97363  , 107.67577, Open   , Large  , "2,2"  , L2U2   , 120.0001 , 349.99333, -5.16556 , 0.0  , 0.0   , 2023-11-18 04:40:00.250000, U081  , U        ,      18,      9.4378, feige110  ,  0.2560188060921271  , True  , True
KR.20231118.16964.48.fits, KCWI    , /KCWI/2023/20231118/lev0/KR.20231118.16964.48.fits, feige110     , RH2     , 6899.97363  , 107.67577, Open   , Large  , "2,2"  , L2U2   , 120.0001 , 349.99333, -5.16556 , 0.0  , 0.0   , 2023-11-18 04:42:44.480000, U081  , U        ,      18,      9.4378, feige110  ,  0.2560188060921271  , True  , True
KR.20231118.17128.70.fits, KCWI    , /KCWI/2023/20231118/lev0/KR.20231118.17128.70.fits, feige110     , RH2     , 6899.97363  , 107.67577, Open   , Large  , "2,2"  , L2U2   , 120.0001 , 349.99333, -5.16556 , 0.0  , 0.0   , 2023-11-18 04:45:28.700000, U081  , U        ,      18,      9.4378, feige110  ,  0.2560188060921271  , True  , True
KR.20231118.17316.41.fits, KCWI    , /KCWI/2023/20231118/lev0/KR.20231118.17316.41.fits, feige110     , RH2     , 7099.97314  , 105.95428, Open   , Large  , "2,2"  , L2U2   , 120.0001 , 349.99333, -5.16556 , 0.0  , 0.0   , 2023-11-18 04:48:36.410000, U081  , U        ,      18,      9.4378, feige110  ,  0.2560188060921271  , True  , True
KR.20231118.17480.68.fits, KCWI    , /KCWI/2023/20231118/lev0/KR.20231118.17480.68.fits, feige110     , RH2     , 7099.97314  , 105.95428, Open   , Large  , "2,2"  , L2U2   , 120.0001 , 349.99333, -5.16556 , 0.0  , 0.0   , 2023-11-18 04:51:20.680000, U081  , U        ,      18,      9.4378, feige110  ,  0.2560188060921271  , True  , True
KR.20231118.17644.91.fits, KCWI    , /KCWI/2023/20231118/lev0/KR.20231118.17644.91.fits, feige110     , RH2     , 7099.97314  , 105.95428, Open   , Large  , "2,2"  , L2U2   , 120.0001 , 349.99333, -5.16556 , 0.0  , 0.0   , 2023-11-18 04:54:04.910000, U081  , U        ,      18,      9.4378, feige110  ,  0.2560188060921271  , True  , True
KR.20231118.55188.88.fits, KCWI    , /KCWI/2023/20231118/lev0/KR.20231118.55188.88.fits, feige34      , RH1     , 6139.99414  , 104.95932, Open   , Large  , "2,2"  , L2U2   ,  60.00005, 159.90296, 43.10281 , 0.0  , 0.0   , 2023-11-18 15:19:48.880000, U081  , U        ,      18,      9.4378, feige34   ,  0.01658888694004281 , True  , True
KR.20231118.55309.33.fits, KCWI    , /KCWI/2023/20231118/lev0/KR.20231118.55309.33.fits, feige34      , RH1     , 6139.99414  , 104.95932, Open   , Large  , "2,2"  , L2U2   ,  60.00005, 159.90296, 43.10281 , 0.0  , 0.0   , 2023-11-18 15:21:49.330000, U081  , U        ,      18,      9.4378, feige34   ,  0.01658888694004281 , True  , True
KR.20231118.55413.40.fits, KCWI    , /KCWI/2023/20231118/lev0/KR.20231118.55413.40.fits, feige34      , RH1     , 6139.99414  , 104.95932, Open   , Large  , "2,2"  , L2U2   ,  60.00005, 159.90296, 43.10281 , 0.0  , 0.0   , 2023-11-18 15:23:33.400000, U081  , U        ,      18,      9.4378, feige34   ,  0.01658888694004281 , True  , True
KR.20231118.55587.86.fits, KCWI    , /KCWI/2023/20231118/lev0/KR.20231118.55587.86.fits, feige34      , RH1     , 6599.98926  , 100.10007, Open   , Large  , "2,2"  , L2U2   ,  60.00005, 159.90296, 43.10281 , 0.0  , 0.0   , 2023-11-18 15:26:27.860000, U081  , U        ,      18,      9.4378, feige34   ,  0.01658888694004281 , True  , True
KR.20231118.55691.92.fits, KCWI    , /KCWI/2023/20231118/lev0/KR.20231118.55691.92.fits, feige34      , RH1     , 6599.98926  , 100.10007, Open   , Large  , "2,2"  , L2U2   ,  60.00005, 159.90296, 43.10281 , 0.0  , 0.0   , 2023-11-18 15:28:11.920000, U081  , U        ,      18,      9.4378, feige34   ,  0.01658888694004281 , True  , True
KR.20231119.28031.55.fits, KCWI    , /KCWI/2023/20231119/lev0/KR.20231119.28031.55.fits, feige110     , RL      , 7149.89209  , 139.9113 , Open   , Medium , "2,2"  , L2U2   ,   3.0    , 349.99329, -5.1655  , 0.0  , 0.0   , 2023-11-19 07:47:11.550000, H340  , Hinkle   ,      18,      9.4378, feige110  ,  0.005975632529793093, True  , True
KR.20231119.28113.15.fits, KCWI    , /KCWI/2023/20231119/lev0/KR.20231119.28113.15.fits, feige110     , RL      , 7149.89209  , 139.9113 , Open   , Medium , "2,2"  , L2U2   ,  10.00001, 349.99329, -5.1655  , 0.0  , 0.0   , 2023-11-19 07:48:33.150000, H340  , Hinkle   ,      18,      9.4378, feige110  ,  0.005975632529793093, True  , True
KR.20231119.28167.21.fits, KCWI    , /KCWI/2023/20231119/lev0/KR.20231119.28167.21.fits, feige110     , RL      , 7149.89209  , 139.9113 , Open   , Medium , "2,2"  , L2U2   ,  10.00001, 349.99329, -5.1655  , 0.0  , 0.0   , 2023-11-19 07:49:27.210000, H340  , Hinkle   ,      18,      9.4378, feige110  ,  0.005975632529793093, True  , True
KR.20231119.28221.27.fits, KCWI    , /KCWI/2023/20231119/lev0/KR.20231119.28221.27.fits, feige110     , RL      , 7149.89209  , 139.9113 , Open   , Medium , "2,2"  , L2U2   ,  10.00001, 349.99329, -5.1655  , 0.0  , 0.0   , 2023-11-19 07:50:21.270000, H340  , Hinkle   ,      18,      9.4378, feige110  ,  0.005975632529793093, True  , True
KR.20231208.17132.21.fits, KCWI    , /KCWI/2023/20231208/lev0/KR.20231208.17132.21.fits, feige110     , RL      , 7249.9834   , 139.77159, Open   , Medium , "2,2"  , L2U2   ,  45.00005, 349.99333, -5.16561 , 0.0  , 0.0   , 2023-12-08 04:45:32.210000, D465  , Kirby    ,      18,      9.4378, feige110  ,  0.4191725510800861  , True  , True
KR.20231208.17229.11.fits, KCWI    , /KCWI/2023/20231208/lev0/KR.20231208.17229.11.fits, feige110     , RL      , 7249.9834   , 139.77159, Open   , Medium , "2,2"  , L2U2   ,  45.00005, 349.99333, -5.16561 , 0.0  , 0.0   , 2023-12-08 04:47:09.110000, D465  , Kirby    ,      18,      9.4378, feige110  ,  0.4191725510800861  , True  , True
KR.20231208.17323.97.fits, KCWI    , /KCWI/2023/20231208/lev0/KR.20231208.17323.97.fits, feige110     , RL      , 7249.9834   , 139.77159, Open   , Medium , "2,2"  , L2U2   ,  45.00005, 349.99333, -5.16561 , 0.0  , 0.0   , 2023-12-08 04:48:43.970000, D465  , Kirby    ,      18,      9.4378, feige110  ,  0.4191725510800861  , True  , True
KR.20231208.17719.73.fits, KCWI    , /KCWI/2023/20231208/lev0/KR.20231208.17719.73.fits, feige110     , RH1     , 5934.98096  , 106.96683, Open   , Medium , "2,2"  , L2U2   , 180.00018, 349.99333, -5.16561 , 0.0  , 0.0   , 2023-12-08 04:55:19.730000, D465  , Kirby    ,      18,      9.4378, feige110  ,  0.4191725510800861  , True  , True
KR.20231208.17944.13.fits, KCWI    , /KCWI/2023/20231208/lev0/KR.20231208.17944.13.fits, feige110     , RH1     , 5934.98096  , 106.96683, Open   , Medium , "2,2"  , L2U2   , 180.00018, 349.99333, -5.16561 , 0.0  , 0.0   , 2023-12-08 04:59:04.130000, D465  , Kirby    ,      18,      9.4378, feige110  ,  0.4191725510800861  , True  , True
KR.20231208.18168.53.fits, KCWI    , /KCWI/2023/20231208/lev0/KR.20231208.18168.53.fits, feige110     , RH1     , 5934.98096  , 106.96683, Open   , Medium , "2,2"  , L2U2   , 180.00018, 349.99333, -5.16561 , 0.0  , 0.0   , 2023-12-08 05:02:48.530000, D465  , Kirby    ,      18,      9.4378, feige110  ,  0.4191725510800861  , True  , True
KR.20231208.18393.95.fits, KCWI    , /KCWI/2023/20231208/lev0/KR.20231208.18393.95.fits, feige110     , RH1     , 5934.98096  , 106.96683, Open   , Medium , "2,2"  , L2U2   , 180.00018, 349.99333, -5.16561 , 0.0  , 0.0   , 2023-12-08 05:06:33.950000, D465  , Kirby    ,      18,      9.4378, feige110  ,  0.4191725510800861  , True  , True
KR.20231208.37022.61.fits, KCWI    , /KCWI/2023/20231208/lev0/KR.20231208.37022.61.fits, g191b2b      , RL      , 7249.9834   , 139.77159, Open   , Medium , "2,2"  , L2U2   ,  10.00001,  76.37758, 52.83167 , 0.0  , 0.0   , 2023-12-08 10:17:02.610000, U124  , Jones    ,      18,      9.4378, g191b2b   ,  0.014020025852305171, True  , True
KR.20231208.37327.59.fits, KCWI    , /KCWI/2023/20231208/lev0/KR.20231208.37327.59.fits, g191b2b      , RL      , 7249.9834   , 139.77159, Open   , Medium , "2,2"  , L2U2   , 200.0002 ,  76.37758, 52.83167 , 0.0  , 0.0   , 2023-12-08 10:22:07.590000, U124  , Jones    ,      18,      9.4378, g191b2b   ,  0.014020025852305171, True  , True
KR.20231208.37582.59.fits, KCWI    , /KCWI/2023/20231208/lev0/KR.20231208.37582.59.fits, g191b2b      , RL      , 7249.9834   , 139.77159, Open   , Medium , "2,2"  , L2U2   , 200.0002 ,  76.37758, 52.83167 , 0.0  , 0.0   , 2023-12-08 10:26:22.590000, U124  , Jones    ,      18,      9.4378, g191b2b   ,  0.014020025852305171, True  , True
KR.20231208.38054.85.fits, KCWI    , /KCWI/2023/20231208/lev0/KR.20231208.38054.85.fits, g191b2b      , RL      , 7999.94678  , 138.7222 , Open   , Medium , "2,2"  , L2U2   , 200.0002 ,  76.37758, 52.83167 , 0.0  , 0.0   , 2023-12-08 10:34:14.850000, U124  , Jones    ,      18,      9.4378, g191b2b   ,  0.014020025852305171, True  , True
KR.20231208.38304.75.fits, KCWI    , /KCWI/2023/20231208/lev0/KR.20231208.38304.75.fits, g191b2b      , RL      , 7999.94678  , 138.7222 , Open   , Medium , "2,2"  , L2U2   , 200.0002 ,  76.37758, 52.83167 , 0.0  , 0.0   , 2023-12-08 10:38:24.750000, U124  , Jones    ,      18,      9.4378, g191b2b   ,  0.014020025852305171, True  , True
KR.20231208.56361.70.fits, KCWI    , /KCWI/2023/20231208/lev0/KR.20231208.56361.70.fits, feige34      , RL      , 7999.94678  , 138.7222 , Open   , Medium , "2,2"  , L2U2   ,  20.00002, 159.90296, 43.10281 , 0.0  , 0.0   , 2023-12-08 15:39:21.070000, U124  , Jones    ,      18,      9.4378, feige34   ,  0.01658888694004281 , True  , True
KR.20231208.56497.75.fits, KCWI    , /KCWI/2023/20231208/lev0/KR.20231208.56497.75.fits, feige34      , RL      , 7999.94678  , 138.7222 , Open   , Medium , "2,2"  , L2U2   ,  30.00003, 159.90296, 43.10281 , 0.0  , 0.0   , 2023-12-08 15:41:37.750000, U124  , Jones    ,      18,      9.4378, feige34   ,  0.01658888694004281 , True  , True
KR.20231208.56585.47.fits, KCWI    , /KCWI/2023/20231208/lev0/KR.20231208.56585.47.fits, feige34      , RL      , 7999.94678  , 138.7222 , Open   , Medium , "2,2"  , L2U2   ,  30.00003, 159.90296, 43.10281 , 0.0  , 0.0   , 2023-12-08 15:43:05.470000, U124  , Jones    ,      18,      9.4378, feige34   ,  0.01658888694004281 , True  , True
KR.20231208.56926.17.fits, KCWI    , /KCWI/2023/20231208/lev0/KR.20231208.56926.17.fits, feige34      , RL      , 7249.9834   , 139.77159, Open   , Medium , "2,2"  , L2U2   ,  30.00003, 159.90296, 43.10281 , 0.0  , 0.0   , 2023-12-08 15:48:46.170000, U124  , Jones    ,      18,      9.4378, feige34   ,  0.01658888694004281 , True  , True
KR.20231208.57011.85.fits, KCWI    , /KCWI/2023/20231208/lev0/KR.20231208.57011.85.fits, feige34      , RL      , 7249.9834   , 139.77159, Open   , Medium , "2,2"  , L2U2   ,  30.00003, 159.90296, 43.10281 , 0.0  , 0.0   , 2023-12-08 15:50:11.850000, U124  , Jones    ,      18,      9.4378, feige34   ,  0.01658888694004281 , True  , True
KR.20231208.57091.41.fits, KCWI    , /KCWI/2023/20231208/lev0/KR.20231208.57091.41.fits, feige34      , RL      , 7249.9834   , 139.77159, Open   , Medium , "2,2"  , L2U2   ,  30.00003, 159.90296, 43.10281 , 0.0  , 0.0   , 2023-12-08 15:51:31.410000, U124  , Jones    ,      18,      9.4378, feige34   ,  0.01658888694004281 , True  , True
KR.20231209.56211.40.fits, KCWI    , /KCWI/2023/20231209/lev0/KR.20231209.56211.40.fits, feige34      , RL      , 7149.88623  , 139.9113 , Open   , Medium , "2,2"  , L2U2   ,  30.00003, 159.90296, 43.10281 , 0.0  , 0.0   , 2023-12-09 15:36:51.040000, U124  , Jones    ,      18,      9.4378, feige34   ,  0.01658888694004281 , True  , True
KR.20231209.56466.40.fits, KCWI    , /KCWI/2023/20231209/lev0/KR.20231209.56466.40.fits, feige34      , RL      , 7149.89209  , 139.9113 , Open   , Medium , "2,2"  , L2U2   ,  30.00003, 159.90296, 43.10281 , 0.0  , 0.0   , 2023-12-09 15:41:06.040000, U124  , Jones    ,      18,      9.4378, feige34   ,  0.01658888694004281 , True  , True
KR.20231209.56563.96.fits, KCWI    , /KCWI/2023/20231209/lev0/KR.20231209.56563.96.fits, feige34      , RL      , 7149.89209  , 139.9113 , Open   , Medium , "2,2"  , L2U2   ,  30.00003, 159.90296, 43.10281 , 0.0  , 0.0   , 2023-12-09 15:42:43.960000, U124  , Jones    ,      18,      9.4378, feige34   ,  0.01658888694004281 , True  , True
KR.20231209.56649.64.fits, KCWI    , /KCWI/2023/20231209/lev0/KR.20231209.56649.64.fits, feige34      , RL      , 7149.89209  , 139.9113 , Open   , Medium , "2,2"  , L2U2   ,  30.00003, 159.90296, 43.10281 , 0.0  , 0.0   , 2023-12-09 15:44:09.640000, U124  , Jones    ,      18,      9.4378, feige34   ,  0.01658888694004281 , True  , True
KR.20231209.56917.90.fits, KCWI    , /KCWI/2023/20231209/lev0/KR.20231209.56917.90.fits, feige34      , RL      , 7249.9834   , 139.77159, Open   , Medium , "2,2"  , L2U2   ,  30.00003, 159.90296, 43.10281 , 0.0  , 0.0   , 2023-12-09 15:48:37.900000, U124  , Jones    ,      18,      9.4378, feige34   ,  0.01658888694004281 , True  , True
KR.20231209.56999.50.fits, KCWI    , /KCWI/2023/20231209/lev0/KR.20231209.56999.50.fits, feige34      , RL      , 7249.9834   , 139.77159, Open   , Medium , "2,2"  , L2U2   ,  30.00003, 159.90296, 43.10281 , 0.0  , 0.0   , 2023-12-09 15:49:59.500000, U124  , Jones    ,      18,      9.4378, feige34   ,  0.01658888694004281 , True  , True
KR.20231209.57073.96.fits, KCWI    , /KCWI/2023/20231209/lev0/KR.20231209.57073.96.fits, feige34      , RL      , 7249.9834   , 139.77159, Open   , Medium , "2,2"  , L2U2   ,  30.00003, 159.90296, 43.10281 , 0.0  , 0.0   , 2023-12-09 15:51:13.960000, U124  , Jones    ,      18,      9.4378, feige34   ,  0.01658888694004281 , True  , True
KR.20231209.57351.40.fits, KCWI    , /KCWI/2023/20231209/lev0/KR.20231209.57351.40.fits, feige34      , RL      , 7999.94678  , 138.7222 , Open   , Medium , "2,2"  , L2U2   ,  30.00003, 159.90296, 43.10281 , 0.0  , 0.0   , 2023-12-09 15:55:51.400000, U124  , Jones    ,      18,      9.4378, feige34   ,  0.01658888694004281 , True  , True
KR.20231209.57431.98.fits, KCWI    , /KCWI/2023/20231209/lev0/KR.20231209.57431.98.fits, feige34      , RL      , 7999.94678  , 138.7222 , Open   , Medium , "2,2"  , L2U2   ,  30.00003, 159.90296, 43.10281 , 0.0  , 0.0   , 2023-12-09 15:57:11.980000, U124  , Jones    ,      18,      9.4378, feige34   ,  0.01658888694004281 , True  , True
KR.20231209.57512.56.fits, KCWI    , /KCWI/2023/20231209/lev0/KR.20231209.57512.56.fits, feige34      , RL      , 7999.94678  , 138.7222 , Open   , Medium , "2,2"  , L2U2   ,  30.00003, 159.90296, 43.10281 , 0.0  , 0.0   , 2023-12-09 15:58:32.560000, U124  , Jones    ,      18,      9.4378, feige34   ,  0.01658888694004281 , True  , True
KR.20231209.57588.40.fits, KCWI    , /KCWI/2023/20231209/lev0/KR.20231209.57588.40.fits, feige34      , RL      , 7999.94678  , 138.7222 , Open   , Medium , "2,2"  , L2U2   ,  30.00003, 159.90296, 43.10281 , 0.0  , 0.0   , 2023-12-09 15:59:48.040000, U124  , Jones    ,      18,      9.4378, feige34   ,  0.01658888694004281 , True  , True
KR.20231209.57665.56.fits, KCWI    , /KCWI/2023/20231209/lev0/KR.20231209.57665.56.fits, feige34      , RL      , 7999.94678  , 138.7222 , Open   , Medium , "2,2"  , L2U2   ,  30.00003, 159.90296, 43.10281 , 0.0  , 0.0   , 2023-12-09 16:01:05.560000, U124  , Jones    ,      18,      9.4378, feige34   ,  0.01658888694004281 , True  , True
KR.20231209.57741.40.fits, KCWI    , /KCWI/2023/20231209/lev0/KR.20231209.57741.40.fits, feige34      , RL      , 7999.94678  , 138.7222 , Open   , Medium , "2,2"  , L2U2   ,  30.00003, 159.90296, 43.10281 , 0.0  , 0.0   , 2023-12-09 16:02:21.040000, U124  , Jones    ,      18,      9.4378, feige34   ,  0.01658888694004281 , True  , True
KR.20231209.57815.50.fits, KCWI    , /KCWI/2023/20231209/lev0/KR.20231209.57815.50.fits, feige34      , RL      , 7999.94678  , 138.7222 , Open   , Medium , "2,2"  , L2U2   ,  30.00003, 159.90296, 43.10281 , 0.0  , 0.0   , 2023-12-09 16:03:35.500000, U124  , Jones    ,      18,      9.4378, feige34   ,  0.01658888694004281 , True  , True
KR.20231209.57892.00.fits, KCWI    , /KCWI/2023/20231209/lev0/KR.20231209.57892.00.fits, feige34      , RL      , 7999.94678  , 138.7222 , Open   , Medium , "2,2"  , L2U2   ,  30.00003, 159.90296, 43.10281 , 0.0  , 0.0   , 2023-12-09 16:04:52       , U124  , Jones    ,      18,      9.4378, feige34   ,  0.01658888694004281 , True  , True
KR.20231210.17323.43.fits, KCWI    , /KCWI/2023/20231210/lev0/KR.20231210.17323.43.fits, Feige110     , RM1     , 6299.99414  , 126.90049, Open   , Large  , "2,2"  , L2U2   ,  25.00003, 349.99333, -5.16561 , 0.0  , 0.0   , 2023-12-10 04:48:43.430000, U053  , Prochaska,      18,      9.4378, feige110  ,  0.4191725510800861  , True  , True
KR.20231210.17520.29.fits, KCWI    , /KCWI/2023/20231210/lev0/KR.20231210.17520.29.fits, Feige110     , RM1     , 6299.99414  , 126.90049, Open   , Large  , "2,2"  , L2U2   ,  60.00006, 349.99333, -5.16561 , 0.0  , 0.0   , 2023-12-10 04:52:00.290000, U053  , Prochaska,      18,      9.4378, feige110  ,  0.4191725510800861  , True  , True
KR.20231210.37329.84.fits, KCWI    , /KCWI/2023/20231210/lev0/KR.20231210.37329.84.fits, G191B2B      , RM1     , 6300.13477  , 126.90049, Open   , Large  , "2,2"  , L2U2   ,  29.55003,  76.37754, 52.83111 , 0.0  , 0.0   , 2023-12-10 10:22:09.840000, U053  , Prochaska,      18,      9.4378, g191b2b   ,  0.35444759032315526 , True  , True
KR.20231210.37404.30.fits, KCWI    , /KCWI/2023/20231210/lev0/KR.20231210.37404.30.fits, G191B2B      , RM1     , 6300.13477  , 126.90049, Open   , Large  , "2,2"  , L2U2   ,  30.00003,  76.37754, 52.83111 , 0.0  , 0.0   , 2023-12-10 10:23:24.300000, U053  , Prochaska,      18,      9.4378, g191b2b   ,  0.35444759032315526 , True  , True
KR.20231210.37519.56.fits, KCWI    , /KCWI/2023/20231210/lev0/KR.20231210.37519.56.fits, G191B2B      , RM1     , 6479.96045  , 126.14754, Open   , Large  , "2,2"  , L2U2   ,  30.00003,  76.37754, 52.83111 , 0.0  , 0.0   , 2023-12-10 10:25:19.560000, U053  , Prochaska,      18,      9.4378, g191b2b   ,  0.35444759032315526 , True  , True
KR.20231210.56949.62.fits, KCWI    , /KCWI/2023/20231210/lev0/KR.20231210.56949.62.fits, Feige34      , RM1     , 6479.96045  , 126.14754, Open   , Large  , "2,2"  , L2U2   ,   7.00001, 159.90308, 43.10256 , 0.0  , 0.0   , 2023-12-10 15:49:09.620000, U053  , Prochaska,      18,      9.4378, feige34   ,  0.28374867487659655 , True  , True
KR.20231210.57040.40.fits, KCWI    , /KCWI/2023/20231210/lev0/KR.20231210.57040.40.fits, Feige34      , RM1     , 6479.96045  , 126.14754, Open   , Large  , "2,2"  , L2U2   ,  14.00001, 159.90308, 43.10256 , 0.0  , 0.0   , 2023-12-10 15:50:40.400000, U053  , Prochaska,      18,      9.4378, feige34   ,  0.28374867487659655 , True  , True
KR.20231211.16502.51.fits, KCWI    , /KCWI/2023/20231211/lev0/KR.20231211.16502.51.fits, bd28d4211    , RM1     , 6629.95312  , 125.51614, Open   , Large  , "2,2"  , L2U2   ,   5.0    , 327.79612, 28.86439 , 0.0  , 0.0   , 2023-12-11 04:35:02.510000, C292  , Martin   ,      18,      9.4378, bd28d4211 ,  0.016263341883482225, True  , True
KR.20231211.16562.69.fits, KCWI    , /KCWI/2023/20231211/lev0/KR.20231211.16562.69.fits, bd28d4211    , RM1     , 6629.95312  , 125.51614, Open   , Large  , "2,2"  , L2U2   ,  10.00001, 327.79612, 28.86439 , 0.0  , 0.0   , 2023-12-11 04:36:02.690000, C292  , Martin   ,      18,      9.4378, bd28d4211 ,  0.016263341883482225, True  , True
KR.20231211.16636.13.fits, KCWI    , /KCWI/2023/20231211/lev0/KR.20231211.16636.13.fits, bd28d4211    , RM1     , 6629.95312  , 125.51614, Open   , Large  , "2,2"  , L2U2   ,  15.00002, 327.79612, 28.86439 , 0.0  , 0.0   , 2023-12-11 04:37:16.130000, C292  , Martin   ,      18,      9.4378, bd28d4211 ,  0.016263341883482225, True  , True
KR.20231211.16695.29.fits, KCWI    , /KCWI/2023/20231211/lev0/KR.20231211.16695.29.fits, bd28d4211    , RM1     , 6629.95312  , 125.51614, Open   , Large  , "2,2"  , L2U2   ,  15.00002, 327.79612, 28.86439 , 0.0  , 0.0   , 2023-12-11 04:38:15.290000, C292  , Martin   ,      18,      9.4378, bd28d4211 ,  0.016263341883482225, True  , True
KR.20231211.16754.45.fits, KCWI    , /KCWI/2023/20231211/lev0/KR.20231211.16754.45.fits, bd28d4211    , RM1     , 6629.95312  , 125.51614, Open   , Large  , "2,2"  , L2U2   ,  15.00001, 327.79612, 28.86439 , 0.0  , 0.0   , 2023-12-11 04:39:14.450000, C292  , Martin   ,      18,      9.4378, bd28d4211 ,  0.016263341883482225, True  , True
KR.20231211.17024.77.fits, KCWI    , /KCWI/2023/20231211/lev0/KR.20231211.17024.77.fits, bd28d4211    , RM1     , 7509.96631  , 121.72279, Open   , Large  , "2,2"  , L2U2   ,  15.00002, 327.79612, 28.86439 , 0.0  , 0.0   , 2023-12-11 04:43:44.770000, C292  , Martin   ,      18,      9.4378, bd28d4211 ,  0.016263341883482225, True  , True
KR.20231211.17099.24.fits, KCWI    , /KCWI/2023/20231211/lev0/KR.20231211.17099.24.fits, bd28d4211    , RM1     , 7509.96631  , 121.72279, Open   , Large  , "2,2"  , L2U2   ,  15.00002, 327.79612, 28.86439 , 0.0  , 0.0   , 2023-12-11 04:44:59.240000, C292  , Martin   ,      18,      9.4378, bd28d4211 ,  0.016263341883482225, True  , True
KR.20231211.17158.40.fits, KCWI    , /KCWI/2023/20231211/lev0/KR.20231211.17158.40.fits, bd28d4211    , RM1     , 7509.96631  , 121.72279, Open   , Large  , "2,2"  , L2U2   ,  15.00002, 327.79612, 28.86439 , 0.0  , 0.0   , 2023-12-11 04:45:58.400000, C292  , Martin   ,      18,      9.4378, bd28d4211 ,  0.016263341883482225, True  , True
KR.20231211.17217.56.fits, KCWI    , /KCWI/2023/20231211/lev0/KR.20231211.17217.56.fits, bd28d4211    , RM1     , 7509.96631  , 121.72279, Open   , Large  , "2,2"  , L2U2   ,  15.00002, 327.79612, 28.86439 , 0.0  , 0.0   , 2023-12-11 04:46:57.560000, C292  , Martin   ,      18,      9.4378, bd28d4211 ,  0.016263341883482225, True  , True
KR.20231211.56420.58.fits, KCWI    , /KCWI/2023/20231211/lev0/KR.20231211.56420.58.fits, feige34      , RM1     , 6629.95312  , 125.51614, Open   , Large  , "2,2"  , L2U2   ,  15.00002, 159.90296, 43.10281 , 0.0  , 0.0   , 2023-12-11 15:40:20.580000, C292  , Martin   ,      18,      9.4378, feige34   ,  0.01658888694004281 , True  , True
KR.20231211.56497.80.fits, KCWI    , /KCWI/2023/20231211/lev0/KR.20231211.56497.80.fits, feige34      , RM1     , 6629.95312  , 125.51614, Open   , Large  , "2,2"  , L2U2   ,  15.00001, 159.90296, 43.10281 , 0.0  , 0.0   , 2023-12-11 15:41:37.080000, C292  , Martin   ,      18,      9.4378, feige34   ,  0.01658888694004281 , True  , True
KR.20231211.56556.24.fits, KCWI    , /KCWI/2023/20231211/lev0/KR.20231211.56556.24.fits, feige34      , RM1     , 6629.95312  , 125.51614, Open   , Large  , "2,2"  , L2U2   ,  15.00002, 159.90296, 43.10281 , 0.0  , 0.0   , 2023-12-11 15:42:36.240000, C292  , Martin   ,      18,      9.4378, feige34   ,  0.01658888694004281 , True  , True
KR.20231211.56615.40.fits, KCWI    , /KCWI/2023/20231211/lev0/KR.20231211.56615.40.fits, feige34      , RM1     , 6629.95312  , 125.51614, Open   , Large  , "2,2"  , L2U2   ,  15.00002, 159.90296, 43.10281 , 0.0  , 0.0   , 2023-12-11 15:43:35.400000, C292  , Martin   ,      18,      9.4378, feige34   ,  0.01658888694004281 , True  , True
KR.20231211.56927.52.fits, KCWI    , /KCWI/2023/20231211/lev0/KR.20231211.56927.52.fits, feige34      , RM1     , 7509.96631  , 121.72279, Open   , Large  , "2,2"  , L2U2   ,  15.00002, 159.90296, 43.10281 , 0.0  , 0.0   , 2023-12-11 15:48:47.520000, C292  , Martin   ,      18,      9.4378, feige34   ,  0.01658888694004281 , True  , True
KR.20231211.56986.68.fits, KCWI    , /KCWI/2023/20231211/lev0/KR.20231211.56986.68.fits, feige34      , RM1     , 7509.96631  , 121.72279, Open   , Large  , "2,2"  , L2U2   ,  15.00002, 159.90296, 43.10281 , 0.0  , 0.0   , 2023-12-11 15:49:46.680000, C292  , Martin   ,      18,      9.4378, feige34   ,  0.01658888694004281 , True  , True
KR.20231211.57045.84.fits, KCWI    , /KCWI/2023/20231211/lev0/KR.20231211.57045.84.fits, feige34      , RM1     , 7509.96631  , 121.72279, Open   , Large  , "2,2"  , L2U2   ,  15.00002, 159.90296, 43.10281 , 0.0  , 0.0   , 2023-12-11 15:50:45.840000, C292  , Martin   ,      18,      9.4378, feige34   ,  0.01658888694004281 , True  , True
KR.20231212.16490.91.fits, KCWI    , /KCWI/2023/20231212/lev0/KR.20231212.16490.91.fits, bd28d4211    , RL      , 7099.76611  , 139.98114, Open   , Large  , "2,2"  , L2U2   ,   5.00001, 327.79612, 28.86439 , 0.0  , 0.0   , 2023-12-12 04:34:50.910000, C292  , Martin   ,      18,      9.4378, bd28d4211 ,  0.016263341883482225, True  , True
KR.20231212.16551.90.fits, KCWI    , /KCWI/2023/20231212/lev0/KR.20231212.16551.90.fits, bd28d4211    , RL      , 7099.76611  , 139.98114, Open   , Large  , "2,2"  , L2U2   ,  10.00001, 327.79612, 28.86439 , 0.0  , 0.0   , 2023-12-12 04:35:51.090000, C292  , Martin   ,      18,      9.4378, bd28d4211 ,  0.016263341883482225, True  , True
KR.20231212.16615.35.fits, KCWI    , /KCWI/2023/20231212/lev0/KR.20231212.16615.35.fits, bd28d4211    , RL      , 7099.76611  , 139.98114, Open   , Large  , "2,2"  , L2U2   ,  10.00001, 327.79612, 28.86439 , 0.0  , 0.0   , 2023-12-12 04:36:55.350000, C292  , Martin   ,      18,      9.4378, bd28d4211 ,  0.016263341883482225, True  , True
KR.20231212.16669.30.fits, KCWI    , /KCWI/2023/20231212/lev0/KR.20231212.16669.30.fits, bd28d4211    , RL      , 7099.76611  , 139.98114, Open   , Large  , "2,2"  , L2U2   ,  10.00001, 327.79612, 28.86439 , 0.0  , 0.0   , 2023-12-12 04:37:49.300000, C292  , Martin   ,      18,      9.4378, bd28d4211 ,  0.016263341883482225, True  , True
KR.20231212.16723.47.fits, KCWI    , /KCWI/2023/20231212/lev0/KR.20231212.16723.47.fits, bd28d4211    , RL      , 7099.76611  , 139.98114, Open   , Large  , "2,2"  , L2U2   ,  10.00001, 327.79612, 28.86439 , 0.0  , 0.0   , 2023-12-12 04:38:43.470000, C292  , Martin   ,      18,      9.4378, bd28d4211 ,  0.016263341883482225, True  , True
KR.20231212.16999.90.fits, KCWI    , /KCWI/2023/20231212/lev0/KR.20231212.16999.90.fits, bd28d4211    , RM1     , 6629.95312  , 125.51614, Open   , Large  , "2,2"  , L2U2   ,  15.00002, 327.79612, 28.86439 , 0.0  , 0.0   , 2023-12-12 04:43:19.900000, C292  , Martin   ,      18,      9.4378, bd28d4211 ,  0.016263341883482225, True  , True
KR.20231212.17061.10.fits, KCWI    , /KCWI/2023/20231212/lev0/KR.20231212.17061.10.fits, bd28d4211    , RM1     , 6629.95312  , 125.51614, Open   , Large  , "2,2"  , L2U2   ,  15.00001, 327.79612, 28.86439 , 0.0  , 0.0   , 2023-12-12 04:44:21.100000, C292  , Martin   ,      18,      9.4378, bd28d4211 ,  0.016263341883482225, True  , True
KR.20231212.17120.26.fits, KCWI    , /KCWI/2023/20231212/lev0/KR.20231212.17120.26.fits, bd28d4211    , RM1     , 6629.95312  , 125.51614, Open   , Large  , "2,2"  , L2U2   ,  15.00002, 327.79612, 28.86439 , 0.0  , 0.0   , 2023-12-12 04:45:20.260000, C292  , Martin   ,      18,      9.4378, bd28d4211 ,  0.016263341883482225, True  , True
KR.20231212.17179.42.fits, KCWI    , /KCWI/2023/20231212/lev0/KR.20231212.17179.42.fits, bd28d4211    , RM1     , 6629.95312  , 125.51614, Open   , Large  , "2,2"  , L2U2   ,  15.00002, 327.79612, 28.86439 , 0.0  , 0.0   , 2023-12-12 04:46:19.420000, C292  , Martin   ,      18,      9.4378, bd28d4211 ,  0.016263341883482225, True  , True
KR.20231212.17441.56.fits, KCWI    , /KCWI/2023/20231212/lev0/KR.20231212.17441.56.fits, bd28d4211    , RM1     , 7509.96631  , 121.72279, Open   , Large  , "2,2"  , L2U2   ,  15.00002, 327.79612, 28.86439 , 0.0  , 0.0   , 2023-12-12 04:50:41.560000, C292  , Martin   ,      18,      9.4378, bd28d4211 ,  0.016263341883482225, True  , True
KR.20231212.17502.76.fits, KCWI    , /KCWI/2023/20231212/lev0/KR.20231212.17502.76.fits, bd28d4211    , RM1     , 7509.96631  , 121.72279, Open   , Large  , "2,2"  , L2U2   ,  15.00001, 327.79612, 28.86439 , 0.0  , 0.0   , 2023-12-12 04:51:42.760000, C292  , Martin   ,      18,      9.4378, bd28d4211 ,  0.016263341883482225, True  , True
KR.20231212.17561.92.fits, KCWI    , /KCWI/2023/20231212/lev0/KR.20231212.17561.92.fits, bd28d4211    , RM1     , 7509.96631  , 121.72279, Open   , Large  , "2,2"  , L2U2   ,  15.00001, 327.79612, 28.86439 , 0.0  , 0.0   , 2023-12-12 04:52:41.920000, C292  , Martin   ,      18,      9.4378, bd28d4211 ,  0.016263341883482225, True  , True
KR.20231212.17621.80.fits, KCWI    , /KCWI/2023/20231212/lev0/KR.20231212.17621.80.fits, bd28d4211    , RM1     , 7509.96631  , 121.72279, Open   , Large  , "2,2"  , L2U2   ,  15.00002, 327.79612, 28.86439 , 0.0  , 0.0   , 2023-12-12 04:53:41.080000, C292  , Martin   ,      18,      9.4378, bd28d4211 ,  0.016263341883482225, True  , True
KR.20231212.56400.54.fits, KCWI    , /KCWI/2023/20231212/lev0/KR.20231212.56400.54.fits, feige34      , RM1     , 6629.95312  , 125.51614, Open   , Large  , "2,2"  , L2U2   ,  15.00001, 159.90296, 43.10281 , 0.0  , 0.0   , 2023-12-12 15:40:00.540000, C292  , Martin   ,      18,      9.4378, feige34   ,  0.01658888694004281 , True  , True
KR.20231212.56477.40.fits, KCWI    , /KCWI/2023/20231212/lev0/KR.20231212.56477.40.fits, feige34      , RM1     , 6629.95312  , 125.51614, Open   , Large  , "2,2"  , L2U2   ,  15.00001, 159.90296, 43.10281 , 0.0  , 0.0   , 2023-12-12 15:41:17.040000, C292  , Martin   ,      18,      9.4378, feige34   ,  0.01658888694004281 , True  , True
KR.20231212.56536.20.fits, KCWI    , /KCWI/2023/20231212/lev0/KR.20231212.56536.20.fits, feige34      , RM1     , 6629.95312  , 125.51614, Open   , Large  , "2,2"  , L2U2   ,  15.00001, 159.90296, 43.10281 , 0.0  , 0.0   , 2023-12-12 15:42:16.200000, C292  , Martin   ,      18,      9.4378, feige34   ,  0.01658888694004281 , True  , True
KR.20231212.56595.36.fits, KCWI    , /KCWI/2023/20231212/lev0/KR.20231212.56595.36.fits, feige34      , RM1     , 6629.95312  , 125.51614, Open   , Large  , "2,2"  , L2U2   ,  15.00001, 159.90296, 43.10281 , 0.0  , 0.0   , 2023-12-12 15:43:15.360000, C292  , Martin   ,      18,      9.4378, feige34   ,  0.01658888694004281 , True  , True
KR.20231212.56865.66.fits, KCWI    , /KCWI/2023/20231212/lev0/KR.20231212.56865.66.fits, feige34      , RM1     , 7509.96631  , 121.72279, Open   , Large  , "2,2"  , L2U2   ,  15.00002, 159.90296, 43.10281 , 0.0  , 0.0   , 2023-12-12 15:47:45.660000, C292  , Martin   ,      18,      9.4378, feige34   ,  0.01658888694004281 , True  , True
KR.20231212.56923.80.fits, KCWI    , /KCWI/2023/20231212/lev0/KR.20231212.56923.80.fits, feige34      , RM1     , 7509.96631  , 121.72279, Open   , Large  , "2,2"  , L2U2   ,  15.00001, 159.90296, 43.10281 , 0.0  , 0.0   , 2023-12-12 15:48:43.800000, C292  , Martin   ,      18,      9.4378, feige34   ,  0.01658888694004281 , True  , True
KR.20231212.56983.98.fits, KCWI    , /KCWI/2023/20231212/lev0/KR.20231212.56983.98.fits, feige34      , RM1     , 7509.96631  , 121.72279, Open   , Large  , "2,2"  , L2U2   ,  15.00002, 159.90296, 43.10281 , 0.0  , 0.0   , 2023-12-12 15:49:43.980000, C292  , Martin   ,      18,      9.4378, feige34   ,  0.01658888694004281 , True  , True
KR.20231212.57232.90.fits, KCWI    , /KCWI/2023/20231212/lev0/KR.20231212.57232.90.fits, feige34      , RL      , 7099.8877   , 139.98114, Open   , Large  , "2,2"  , L2U2   ,  15.00002, 159.90296, 43.10281 , 0.0  , 0.0   , 2023-12-12 15:53:52.900000, C292  , Martin   ,      18,      9.4378, feige34   ,  0.01658888694004281 , True  , True
KR.20231212.57295.12.fits, KCWI    , /KCWI/2023/20231212/lev0/KR.20231212.57295.12.fits, feige34      , RL      , 7099.8877   , 139.98114, Open   , Large  , "2,2"  , L2U2   ,  15.00002, 159.90296, 43.10281 , 0.0  , 0.0   , 2023-12-12 15:54:55.120000, C292  , Martin   ,      18,      9.4378, feige34   ,  0.01658888694004281 , True  , True
KR.20231212.57354.31.fits, KCWI    , /KCWI/2023/20231212/lev0/KR.20231212.57354.31.fits, feige34      , RL      , 7099.8877   , 139.98114, Open   , Large  , "2,2"  , L2U2   ,  15.00001, 159.90296, 43.10281 , 0.0  , 0.0   , 2023-12-12 15:55:54.310000, C292  , Martin   ,      18,      9.4378, feige34   ,  0.01658888694004281 , True  , True
KR.20231212.57413.48.fits, KCWI    , /KCWI/2023/20231212/lev0/KR.20231212.57413.48.fits, feige34      , RL      , 7099.8877   , 139.98114, Open   , Large  , "2,2"  , L2U2   ,  15.00002, 159.90296, 43.10281 , 0.0  , 0.0   , 2023-12-12 15:56:53.480000, C292  , Martin   ,      18,      9.4378, feige34   ,  0.01658888694004281 , True  , True
KR.20231217.16867.83.fits, KCWI    , /KCWI/2023/20231217/lev0/KR.20231217.16867.83.fits, feige110     , RL      , 8149.93311  , 138.51155, Open   , Small  , "1,1"  , L2U2   , 120.00012, 349.99325, -5.16561 , 0.0  , 0.0   , 2023-12-17 04:41:07.830000, U169  , Hennawi  ,      18,     35.5219, feige110  ,  0.38718376097998347 , True  , True
KR.20231217.17143.23.fits, KCWI    , /KCWI/2023/20231217/lev0/KR.20231217.17143.23.fits, feige110     , RL      , 8149.93311  , 138.51155, Open   , Small  , "1,1"  , L2U2   , 120.00012, 349.99325, -5.16561 , 0.0  , 0.0   , 2023-12-17 04:45:43.230000, U169  , Hennawi  ,      18,     35.5219, feige110  ,  0.38718376097998347 , True  , True
KR.20231217.17368.65.fits, KCWI    , /KCWI/2023/20231217/lev0/KR.20231217.17368.65.fits, feige110     , RL      , 8149.93311  , 138.51155, Open   , Small  , "1,1"  , L2U2   , 120.00012, 349.99325, -5.16561 , 0.0  , 0.0   , 2023-12-17 04:49:28.650000, U169  , Hennawi  ,      18,     35.5219, feige110  ,  0.38718376097998347 , True  , True
KR.20231217.57187.24.fits, KCWI    , /KCWI/2023/20231217/lev0/KR.20231217.57187.24.fits, feige 34     , RL      , 8149.93311  , 138.51155, Open   , Small  , "1,1"  , L2U2   ,  60.00006, 159.90317, 43.10239 , 0.0  , 0.0   , 2023-12-17 15:53:07.240000, U169  , Hennawi  ,      18,     35.5219, feige34   ,  0.9388809425998731  , True  , True
KR.20231217.57382.60.fits, KCWI    , /KCWI/2023/20231217/lev0/KR.20231217.57382.60.fits, feige 34     , RL      , 8149.93311  , 138.51155, Open   , Small  , "1,1"  , L2U2   ,  60.00006, 159.90317, 43.10239 , 0.0  , 0.0   , 2023-12-17 15:56:22.060000, U169  , Hennawi  ,      18,     35.5219, feige34   ,  0.9388809425998731  , True  , True
KR.20231217.57544.24.fits, KCWI    , /KCWI/2023/20231217/lev0/KR.20231217.57544.24.fits, feige 34     , RL      , 8149.93311  , 138.51155, Open   , Small  , "1,1"  , L2U2   ,  60.00006, 159.90317, 43.10239 , 0.0  , 0.0   , 2023-12-17 15:59:04.240000, U169  , Hennawi  ,      18,     35.5219, feige34   ,  0.9388809425998731  , True  , True
KR.20231217.57705.40.fits, KCWI    , /KCWI/2023/20231217/lev0/KR.20231217.57705.40.fits, feige 34     , RL      , 8149.93311  , 138.51155, Open   , Small  , "1,1"  , L2U2   ,  60.00006, 159.90317, 43.10239 , 0.0  , 0.0   , 2023-12-17 16:01:45.400000, U169  , Hennawi  ,      18,     35.5219, feige34   ,  0.9388809425998731  , True  , True
KR.20231218.17261.35.fits, KCWI    , /KCWI/2023/20231218/lev0/KR.20231218.17261.35.fits, feige 110    , RL      , 8149.93311  , 138.51155, Open   , Small  , "1,1"  , L2U2   , 120.00012, 349.99325, -5.16561 , 0.0  , 0.0   , 2023-12-18 04:47:41.350000, U169  , Hennawi  ,      18,     35.5219, feige110  ,  0.3871862867105276  , True  , True
KR.20231218.17512.28.fits, KCWI    , /KCWI/2023/20231218/lev0/KR.20231218.17512.28.fits, feige 110    , RL      , 8149.93311  , 138.51155, Open   , Small  , "1,1"  , L2U2   , 120.00012, 349.99325, -5.16561 , 0.0  , 0.0   , 2023-12-18 04:51:52.280000, U169  , Hennawi  ,      18,     35.5219, feige110  ,  0.3871862867105276  , True  , True
KR.20231218.17770.37.fits, KCWI    , /KCWI/2023/20231218/lev0/KR.20231218.17770.37.fits, feige 110    , RL      , 8149.93311  , 138.51155, Open   , Small  , "1,1"  , L2U2   , 120.00012, 349.99325, -5.16561 , 0.0  , 0.0   , 2023-12-18 04:56:10.370000, U169  , Hennawi  ,      18,     35.5219, feige110  ,  0.3871862867105276  , True  , True
KR.20231218.18023.38.fits, KCWI    , /KCWI/2023/20231218/lev0/KR.20231218.18023.38.fits, feige 110    , RL      , 8149.93311  , 138.51155, Open   , Small  , "1,1"  , L2U2   , 120.00012, 349.99325, -5.16561 , 0.0  , 0.0   , 2023-12-18 05:00:23.380000, U169  , Hennawi  ,      18,     35.5219, feige110  ,  0.3871862867105276  , True  , True
KR.20231218.58079.90.fits, KCWI    , /KCWI/2023/20231218/lev0/KR.20231218.58079.90.fits, Feige 34     , RL      , 8149.93311  , 138.51155, Open   , Small  , "1,1"  , L2U2   , 120.00012, 159.90317, 43.10239 , 0.0  , 0.0   , 2023-12-18 16:07:59.090000, U169  , Hennawi  ,      18,     35.5219, feige34   ,  0.9388058521463393  , True  , True
KR.20231218.58311.65.fits, KCWI    , /KCWI/2023/20231218/lev0/KR.20231218.58311.65.fits, Feige 34     , RL      , 8149.93311  , 138.51155, Open   , Small  , "1,1"  , L2U2   , 120.00012, 159.90317, 43.10239 , 0.0  , 0.0   , 2023-12-18 16:11:51.650000, U169  , Hennawi  ,      18,     35.5219, feige34   ,  0.9388058521463393  , True  , True
KR.20231218.58534.10.fits, KCWI    , /KCWI/2023/20231218/lev0/KR.20231218.58534.10.fits, Feige 34     , RL      , 8149.93311  , 138.51155, Open   , Small  , "1,1"  , L2U2   , 120.00012, 159.90317, 43.10239 , 0.0  , 0.0   , 2023-12-18 16:15:34.010000, U169  , Hennawi  ,      18,     35.5219, feige34   ,  0.9388058521463393  , True  , True
KR.20231218.58755.35.fits, KCWI    , /KCWI/2023/20231218/lev0/KR.20231218.58755.35.fits, Feige 34     , RL      , 8149.93311  , 138.51155, Open   , Small  , "1,1"  , L2U2   , 120.00012, 159.90317, 43.10239 , 0.0  , 0.0   , 2023-12-18 16:19:15.350000, U169  , Hennawi  ,      18,     35.5219, feige34   ,  0.9388058521463393  , True  , True
KR.20231219.46648.43.fits, KCWI    , /KCWI/2023/20231219/lev0/KR.20231219.46648.43.fits, feige34      , RL      , 7149.89209  , 139.9113 , Open   , Medium , "2,2"  , L2U2   ,  20.00002, 159.90296, 43.10281 , 0.0  , 0.0   , 2023-12-19 12:57:28.430000, H340  , Hinkle   ,      18,      9.4378, feige34   ,  0.01658888694004281 , True  , True
KR.20231219.46766.75.fits, KCWI    , /KCWI/2023/20231219/lev0/KR.20231219.46766.75.fits, feige34      , RL      , 7149.89209  , 139.9113 , Open   , Medium , "2,2"  , L2U2   ,  40.00004, 159.90296, 43.10281 , 0.0  , 0.0   , 2023-12-19 12:59:26.750000, H340  , Hinkle   ,      18,      9.4378, feige34   ,  0.01658888694004281 , True  , True
KR.20231219.46851.41.fits, KCWI    , /KCWI/2023/20231219/lev0/KR.20231219.46851.41.fits, feige34      , RL      , 7149.89209  , 139.9113 , Open   , Medium , "2,2"  , L2U2   ,  40.00004, 159.90296, 43.10281 , 0.0  , 0.0   , 2023-12-19 13:00:51.410000, H340  , Hinkle   ,      18,      9.4378, feige34   ,  0.01658888694004281 , True  , True
KR.20231219.46935.50.fits, KCWI    , /KCWI/2023/20231219/lev0/KR.20231219.46935.50.fits, feige34      , RL      , 7149.89209  , 139.9113 , Open   , Medium , "2,2"  , L2U2   ,  40.00004, 159.90296, 43.10281 , 0.0  , 0.0   , 2023-12-19 13:02:15.050000, H340  , Hinkle   ,      18,      9.4378, feige34   ,  0.01658888694004281 , True  , True
KR.20231220.52379.15.fits, KCWI    , /KCWI/2023/20231220/lev0/KR.20231220.52379.15.fits, feige34      , RL      , 7149.89209  , 139.9113 , Open   , Small  , "1,1"  , L2U2   ,  30.00003, 159.90296, 43.10281 , 0.0  , 0.0   , 2023-12-20 14:32:59.150000, U028  , Treu     ,      18,     35.5219, feige34   ,  0.01658888694004281 , True  , True
KR.20231220.52698.41.fits, KCWI    , /KCWI/2023/20231220/lev0/KR.20231220.52698.41.fits, feige34      , RL      , 7149.89209  , 139.9113 , Open   , Small  , "1,1"  , L2U2   ,  90.00009, 159.90296, 43.10281 , 0.0  , 0.0   , 2023-12-20 14:38:18.410000, U028  , Treu     ,      18,     35.5219, feige34   ,  0.01658888694004281 , True  , True
KR.20231220.53086.20.fits, KCWI    , /KCWI/2023/20231220/lev0/KR.20231220.53086.20.fits, feige34      , RL      , 7149.89209  , 139.9113 , Open   , Small  , "1,1"  , L2U2   , 180.00018, 159.90296, 43.10281 , 0.0  , 0.0   , 2023-12-20 14:44:46.020000, U028  , Treu     ,      18,     35.5219, feige34   ,  0.01658888694004281 , True  , True
KR.20231220.53867.35.fits, KCWI    , /KCWI/2023/20231220/lev0/KR.20231220.53867.35.fits, feige34      , RL      , 7149.89209  , 139.9113 , Open   , Small  , "1,1"  , L2U2   , 210.00021, 159.90296, 43.10281 , 0.0  , 0.0   , 2023-12-20 14:57:47.350000, U028  , Treu     ,      18,     35.5219, feige34   ,  0.01658888694004281 , True  , True
KR.20231220.54401.83.fits, KCWI    , /KCWI/2023/20231220/lev0/KR.20231220.54401.83.fits, feige34      , RL      , 7149.89209  , 139.9113 , Open   , Small  , "1,1"  , L2U2   , 300.0003 , 159.90296, 43.10281 , 0.0  , 0.0   , 2023-12-20 15:06:41.830000, U028  , Treu     ,      18,     35.5219, feige34   ,  0.01658888694004281 , True  , True
KR.20231220.55001.59.fits, KCWI    , /KCWI/2023/20231220/lev0/KR.20231220.55001.59.fits, feige34      , RL      , 7149.89209  , 139.9113 , Open   , Small  , "1,1"  , L2U2   , 300.0003 , 159.90296, 43.10281 , 0.0  , 0.0   , 2023-12-20 15:16:41.590000, U028  , Treu     ,      18,     35.5219, feige34   ,  0.01658888694004281 , True  , True
KR.20231220.55626.85.fits, KCWI    , /KCWI/2023/20231220/lev0/KR.20231220.55626.85.fits, feige34      , RL      , 7149.89209  , 139.9113 , Open   , Small  , "1,1"  , L2U2   , 299.8103 , 159.90296, 43.10281 , 0.0  , 0.0   , 2023-12-20 15:27:06.850000, U028  , Treu     ,      18,     35.5219, feige34   ,  0.01658888694004281 , True  , True
KR.20240104.16837.77.fits, KCWI    , /KCWI/2024/20240104/lev0/KR.20240104.16837.77.fits, feige110     , RM2     , 9849.9375   , 123.44044, Open   , Medium , "2,2"  , L2U2   ,  60.00006, 349.99329, -5.1655  , 0.0  , 0.0   , 2024-01-04 04:40:37.770000, U058  , Barth    ,      18,      9.4378, feige110  ,  0.005975632529793093, True  , True
KR.20240104.16982.61.fits, KCWI    , /KCWI/2024/20240104/lev0/KR.20240104.16982.61.fits, feige110     , RM2     , 9849.9375   , 123.44044, Open   , Medium , "2,2"  , L2U2   ,  60.00006, 349.99329, -5.1655  , 0.0  , 0.0   , 2024-01-04 04:43:02.610000, U058  , Barth    ,      18,      9.4378, feige110  ,  0.005975632529793093, True  , True
KR.20240104.17090.73.fits, KCWI    , /KCWI/2024/20240104/lev0/KR.20240104.17090.73.fits, feige110     , RM2     , 9849.9375   , 123.44044, Open   , Medium , "2,2"  , L2U2   ,  60.00006, 349.99329, -5.1655  , 0.0  , 0.0   , 2024-01-04 04:44:50.730000, U058  , Barth    ,      18,      9.4378, feige110  ,  0.005975632529793093, True  , True
KR.20240104.40558.10.fits, KCWI    , /KCWI/2024/20240104/lev0/KR.20240104.40558.10.fits, gd71         , RM2     , 9499.96289  , 124.63998, Open   , Medium , "2,2"  , L2U2   , 120.00012,  88.11508, 15.887   , 0.0  , 0.0   , 2024-01-04 11:15:58.010000, U058  , Barth    ,      18,      9.4378, gd71      ,  0.555092871915523   , True  , True
KR.20240104.40754.87.fits, KCWI    , /KCWI/2024/20240104/lev0/KR.20240104.40754.87.fits, gd71         , RM2     , 9499.96289  , 124.63998, Open   , Medium , "2,2"  , L2U2   , 120.00012,  88.11508, 15.887   , 0.0  , 0.0   , 2024-01-04 11:19:14.870000, U058  , Barth    ,      18,      9.4378, gd71      ,  0.555092871915523   , True  , True
KR.20240104.40920.11.fits, KCWI    , /KCWI/2024/20240104/lev0/KR.20240104.40920.11.fits, gd71         , RM2     , 9499.96289  , 124.63998, Open   , Medium , "2,2"  , L2U2   , 120.00012,  88.11508, 15.887   , 0.0  , 0.0   , 2024-01-04 11:22:00.110000, U058  , Barth    ,      18,      9.4378, gd71      ,  0.555092871915523   , True  , True
KR.20240104.41155.73.fits, KCWI    , /KCWI/2024/20240104/lev0/KR.20240104.41155.73.fits, gd71         , RM2     , 9849.9375   , 123.44044, Open   , Medium , "2,2"  , L2U2   , 120.00012,  88.11508, 15.887   , 0.0  , 0.0   , 2024-01-04 11:25:55.730000, U058  , Barth    ,      18,      9.4378, gd71      ,  0.555092871915523   , True  , True
KR.20240104.41323.10.fits, KCWI    , /KCWI/2024/20240104/lev0/KR.20240104.41323.10.fits, gd71         , RM2     , 9849.9375   , 123.44044, Open   , Medium , "2,2"  , L2U2   , 120.00012,  88.11508, 15.887   , 0.0  , 0.0   , 2024-01-04 11:28:43.010000, U058  , Barth    ,      18,      9.4378, gd71      ,  0.555092871915523   , True  , True
KR.20240104.41490.29.fits, KCWI    , /KCWI/2024/20240104/lev0/KR.20240104.41490.29.fits, gd71         , RM2     , 9849.9375   , 123.44044, Open   , Medium , "2,2"  , L2U2   , 120.00012,  88.11508, 15.887   , 0.0  , 0.0   , 2024-01-04 11:31:30.290000, U058  , Barth    ,      18,      9.4378, gd71      ,  0.555092871915523   , True  , True
KR.20240105.57512.71.fits, KCWI    , /KCWI/2024/20240105/lev0/KR.20240105.57512.71.fits, feige34      , RM2     , 8899.99219  , 126.66124, Open   , Medium , "2,2"  , L2U2   , 120.00012, 159.90296, 43.10217 , 0.0  , 0.0   , 2024-01-05 15:58:32.710000, U114  , U        ,      18,      9.4378, feige34   ,  1.6893002870281726  , True  , True
KR.20240105.57701.41.fits, KCWI    , /KCWI/2024/20240105/lev0/KR.20240105.57701.41.fits, feige34      , RM2     , 8899.99219  , 126.66124, Open   , Medium , "2,2"  , L2U2   , 120.00012, 159.90296, 43.10217 , 0.0  , 0.0   , 2024-01-05 16:01:41.410000, U114  , U        ,      18,      9.4378, feige34   ,  1.6893002870281726  , True  , True
KR.20240105.57862.57.fits, KCWI    , /KCWI/2024/20240105/lev0/KR.20240105.57862.57.fits, feige34      , RM2     , 8899.99219  , 126.66124, Open   , Medium , "2,2"  , L2U2   , 120.00012, 159.90296, 43.10217 , 0.0  , 0.0   , 2024-01-05 16:04:22.570000, U114  , U        ,      18,      9.4378, feige34   ,  1.6893002870281726  , True  , True
KR.20240108.49069.83.fits, KCWI    , /KCWI/2024/20240108/lev0/KR.20240108.49069.83.fits, hd93521      , RM1     , 7779.9707   , 120.52489, Open   , Small  , "1,1"  , L2U2   ,  10.00001, 162.09796, 37.57031 , 0.0  , 0.0   , 2024-01-08 13:37:49.830000, N214  , Gonzalez ,      12,     35.5219, hd93521   ,  0.26559658351039245 , True  , True
KR.20240108.49181.10.fits, KCWI    , /KCWI/2024/20240108/lev0/KR.20240108.49181.10.fits, hd93521      , RM1     , 7779.9707   , 120.52489, Open   , Small  , "1,1"  , L2U2   ,  10.00001, 162.09796, 37.57031 , 0.0  , 0.0   , 2024-01-08 13:39:41.010000, N214  , Gonzalez ,      12,     35.5219, hd93521   ,  0.26559658351039245 , True  , True
KR.20240108.49293.21.fits, KCWI    , /KCWI/2024/20240108/lev0/KR.20240108.49293.21.fits, hd93521      , RM1     , 7779.9707   , 120.52489, Open   , Small  , "1,1"  , L2U2   ,  10.00001, 162.09796, 37.57031 , 0.0  , 0.0   , 2024-01-08 13:41:33.210000, N214  , Gonzalez ,      12,     35.5219, hd93521   ,  0.26559658351039245 , True  , True
KR.20240108.49610.43.fits, KCWI    , /KCWI/2024/20240108/lev0/KR.20240108.49610.43.fits, feige34      , RM1     , 7779.9707   , 120.52489, Open   , Small  , "1,1"  , L2U2   ,  20.00002, 159.90308, 43.10256 , 0.0  , 0.0   , 2024-01-08 13:46:50.430000, N214  , Gonzalez ,      12,     35.5219, feige34   ,  0.2815569317077094  , True  , True
KR.20240108.49804.23.fits, KCWI    , /KCWI/2024/20240108/lev0/KR.20240108.49804.23.fits, feige34      , RM1     , 7779.9707   , 120.52489, Open   , Small  , "1,1"  , L2U2   ,  20.00002, 159.90308, 43.10256 , 0.0  , 0.0   , 2024-01-08 13:50:04.230000, N214  , Gonzalez ,      12,     35.5219, feige34   ,  0.2815569317077094  , True  , True
KR.20240108.49925.62.fits, KCWI    , /KCWI/2024/20240108/lev0/KR.20240108.49925.62.fits, feige34      , RM1     , 7779.9707   , 120.52489, Open   , Small  , "1,1"  , L2U2   ,  20.00002, 159.90308, 43.10256 , 0.0  , 0.0   , 2024-01-08 13:52:05.620000, N214  , Gonzalez ,      12,     35.5219, feige34   ,  0.2815569317077094  , True  , True
KR.20240108.50047.00.fits, KCWI    , /KCWI/2024/20240108/lev0/KR.20240108.50047.00.fits, feige34      , RM1     , 7779.9707   , 120.52489, Open   , Small  , "1,1"  , L2U2   ,  20.00002, 159.90308, 43.10256 , 0.0  , 0.0   , 2024-01-08 13:54:07       , N214  , Gonzalez ,      12,     35.5219, feige34   ,  0.2815569317077094  , True  , True
KR.20240118.57716.12.fits, KCWI    , /KCWI/2024/20240118/lev0/KR.20240118.57716.12.fits, bd26d2606    , RL      , 7149.89209  , 139.9113 , Open   , Medium , "2,2"  , L2U2   ,   5.00001, 222.25979, 25.70253 , 0.0  , 0.0   , 2024-01-18 16:01:56.120000, U052  , Canalizo ,      18,      9.4378, bd26d2606 ,  0.11272747582014571 , True  , True
KR.20240118.57765.80.fits, KCWI    , /KCWI/2024/20240118/lev0/KR.20240118.57765.80.fits, bd26d2606    , RL      , 7149.89209  , 139.9113 , Open   , Medium , "2,2"  , L2U2   ,   5.00001, 222.25979, 25.70253 , 0.0  , 0.0   , 2024-01-18 16:02:45.080000, U052  , Canalizo ,      18,      9.4378, bd26d2606 ,  0.11272747582014571 , True  , True
KR.20240118.57814.40.fits, KCWI    , /KCWI/2024/20240118/lev0/KR.20240118.57814.40.fits, bd26d2606    , RL      , 7149.89209  , 139.9113 , Open   , Medium , "2,2"  , L2U2   ,   5.00001, 222.25979, 25.70253 , 0.0  , 0.0   , 2024-01-18 16:03:34.040000, U052  , Canalizo ,      18,      9.4378, bd26d2606 ,  0.11272747582014571 , True  , True
KR.20240118.57897.68.fits, KCWI    , /KCWI/2024/20240118/lev0/KR.20240118.57897.68.fits, bd26d2606    , RL      , 8949.89062  , 137.38405, Open   , Medium , "2,2"  , L2U2   ,   5.0    , 222.25979, 25.70253 , 0.0  , 0.0   , 2024-01-18 16:04:57.680000, U052  , Canalizo ,      18,      9.4378, bd26d2606 ,  0.11272747582014571 , True  , True
KR.20240118.57946.64.fits, KCWI    , /KCWI/2024/20240118/lev0/KR.20240118.57946.64.fits, bd26d2606    , RL      , 8949.89062  , 137.38405, Open   , Medium , "2,2"  , L2U2   ,   5.00001, 222.25979, 25.70253 , 0.0  , 0.0   , 2024-01-18 16:05:46.640000, U052  , Canalizo ,      18,      9.4378, bd26d2606 ,  0.11272747582014571 , True  , True
KR.20240118.57995.60.fits, KCWI    , /KCWI/2024/20240118/lev0/KR.20240118.57995.60.fits, bd26d2606    , RL      , 8949.89062  , 137.38405, Open   , Medium , "2,2"  , L2U2   ,   5.00001, 222.25979, 25.70253 , 0.0  , 0.0   , 2024-01-18 16:06:35.600000, U052  , Canalizo ,      18,      9.4378, bd26d2606 ,  0.11272747582014571 , True  , True
KR.20240118.58315.91.fits, KCWI    , /KCWI/2024/20240118/lev0/KR.20240118.58315.91.fits, grw70d5824   , RL      , 8949.89062  , 137.38405, Open   , Medium , "2,2"  , L2U2   ,  15.00002, 204.71571, 70.28569 , 0.0  , 0.0   , 2024-01-18 16:11:55.910000, U052  , Canalizo ,      18,      9.4378, grw70d5824,  6.593763177462385   , True  , True
KR.20240118.58375.70.fits, KCWI    , /KCWI/2024/20240118/lev0/KR.20240118.58375.70.fits, grw70d5824   , RL      , 8949.89062  , 137.38405, Open   , Medium , "2,2"  , L2U2   ,  15.00002, 204.71571, 70.28569 , 0.0  , 0.0   , 2024-01-18 16:12:55.070000, U052  , Canalizo ,      18,      9.4378, grw70d5824,  6.593763177462385   , True  , True
KR.20240118.58433.23.fits, KCWI    , /KCWI/2024/20240118/lev0/KR.20240118.58433.23.fits, grw70d5824   , RL      , 8949.89062  , 137.38405, Open   , Medium , "2,2"  , L2U2   ,  15.00001, 204.71571, 70.28569 , 0.0  , 0.0   , 2024-01-18 16:13:53.230000, U052  , Canalizo ,      18,      9.4378, grw70d5824,  6.593763177462385   , True  , True
KR.20240118.58522.99.fits, KCWI    , /KCWI/2024/20240118/lev0/KR.20240118.58522.99.fits, grw70d5824   , RL      , 7149.89209  , 139.9113 , Open   , Medium , "2,2"  , L2U2   ,  15.00002, 204.71571, 70.28569 , 0.0  , 0.0   , 2024-01-18 16:15:22.990000, U052  , Canalizo ,      18,      9.4378, grw70d5824,  6.593763177462385   , True  , True
KR.20240118.58582.15.fits, KCWI    , /KCWI/2024/20240118/lev0/KR.20240118.58582.15.fits, grw70d5824   , RL      , 7149.89209  , 139.9113 , Open   , Medium , "2,2"  , L2U2   ,  15.00002, 204.71571, 70.28569 , 0.0  , 0.0   , 2024-01-18 16:16:22.150000, U052  , Canalizo ,      18,      9.4378, grw70d5824,  6.593763177462385   , True  , True
KR.20240118.58641.31.fits, KCWI    , /KCWI/2024/20240118/lev0/KR.20240118.58641.31.fits, grw70d5824   , RL      , 7149.89209  , 139.9113 , Open   , Medium , "2,2"  , L2U2   ,  15.00002, 204.71571, 70.28569 , 0.0  , 0.0   , 2024-01-18 16:17:21.310000, U052  , Canalizo ,      18,      9.4378, grw70d5824,  6.593763177462385   , True  , True
KR.20240119.42300.34.fits, KCWI    , /KCWI/2024/20240119/lev0/KR.20240119.42300.34.fits, feige34      , RL      , 7149.89209  , 139.9113 , Open   , Medium , "2,2"  , L2U2   ,   5.0    , 159.90296, 43.10281 , 0.0  , 0.0   , 2024-01-19 11:45:00.340000, H340  , Hinkle   ,      18,      9.4378, feige34   ,  0.01658888694004281 , True  , True
KR.20240119.42357.46.fits, KCWI    , /KCWI/2024/20240119/lev0/KR.20240119.42357.46.fits, feige34      , RL      , 7149.89209  , 139.9113 , Open   , Medium , "2,2"  , L2U2   ,   5.0    , 159.90296, 43.10281 , 0.0  , 0.0   , 2024-01-19 11:45:57.460000, H340  , Hinkle   ,      18,      9.4378, feige34   ,  0.01658888694004281 , True  , True
KR.20240119.42406.42.fits, KCWI    , /KCWI/2024/20240119/lev0/KR.20240119.42406.42.fits, feige34      , RL      , 7149.89209  , 139.9113 , Open   , Medium , "2,2"  , L2U2   ,   5.0    , 159.90296, 43.10281 , 0.0  , 0.0   , 2024-01-19 11:46:46.420000, H340  , Hinkle   ,      18,      9.4378, feige34   ,  0.01658888694004281 , True  , True
KR.20240205.30020.77.fits, KCWI    , /KCWI/2024/20240205/lev0/KR.20240205.30020.77.fits, gd71         , RM2     , 9499.96289  , 124.63998, Open   , Medium , "2,2"  , L2U2   , 120.00012,  88.11508, 15.887   , 0.0  , 0.0   , 2024-02-05 08:20:20.770000, N061  , Wang     ,      12,      9.4378, gd71      ,  0.555092871915523   , True  , True
KR.20240205.30192.13.fits, KCWI    , /KCWI/2024/20240205/lev0/KR.20240205.30192.13.fits, gd71         , RM2     , 9499.96289  , 124.63998, Open   , Medium , "2,2"  , L2U2   , 120.00012,  88.11508, 15.887   , 0.0  , 0.0   , 2024-02-05 08:23:12.130000, N061  , Wang     ,      12,      9.4378, gd71      ,  0.555092871915523   , True  , True
KR.20240205.30356.35.fits, KCWI    , /KCWI/2024/20240205/lev0/KR.20240205.30356.35.fits, gd71         , RM2     , 9499.96289  , 124.63998, Open   , Medium , "2,2"  , L2U2   , 120.00012,  88.11508, 15.887   , 0.0  , 0.0   , 2024-02-05 08:25:56.350000, N061  , Wang     ,      12,      9.4378, gd71      ,  0.555092871915523   , True  , True
KR.20240205.56887.69.fits, KCWI    , /KCWI/2024/20240205/lev0/KR.20240205.56887.69.fits, gd153        , RM2     , 9499.96289  , 124.63998, Open   , Medium , "2,2"  , L2U2   , 150.00015, 194.25967, 22.03128 , 0.0  , 0.0   , 2024-02-05 15:48:07.690000, N061  , Wang     ,      12,      9.4378, gd153     ,  0.02761177451075432 , True  , True
KR.20240205.57081.49.fits, KCWI    , /KCWI/2024/20240205/lev0/KR.20240205.57081.49.fits, gd153        , RM2     , 9499.96289  , 124.63998, Open   , Medium , "2,2"  , L2U2   , 150.00015, 194.25967, 22.03128 , 0.0  , 0.0   , 2024-02-05 15:51:21.490000, N061  , Wang     ,      12,      9.4378, gd153     ,  0.02761177451075432 , True  , True
KR.20240205.57276.31.fits, KCWI    , /KCWI/2024/20240205/lev0/KR.20240205.57276.31.fits, gd153        , RM2     , 9499.96289  , 124.63998, Open   , Medium , "2,2"  , L2U2   , 150.00015, 194.25967, 22.03128 , 0.0  , 0.0   , 2024-02-05 15:54:36.310000, N061  , Wang     ,      12,      9.4378, gd153     ,  0.02761177451075432 , True  , True
KR.20240205.57536.41.fits, KCWI    , /KCWI/2024/20240205/lev0/KR.20240205.57536.41.fits, gd153        , RM2     , 9499.96289  , 124.63998, Open   , Medium , "2,2"  , L2U2   , 150.00015, 194.25967, 22.03128 , 0.0  , 0.0   , 2024-02-05 15:58:56.410000, N061  , Wang     ,      12,      9.4378, gd153     ,  0.02761177451075432 , True  , True
KR.20240205.57792.43.fits, KCWI    , /KCWI/2024/20240205/lev0/KR.20240205.57792.43.fits, gd153        , RM2     , 9499.96289  , 124.63998, Open   , Medium , "2,2"  , L2U2   , 150.00015, 194.25967, 22.03128 , 0.0  , 0.0   , 2024-02-05 16:03:12.430000, N061  , Wang     ,      12,      9.4378, gd153     ,  0.02761177451075432 , True  , True
KR.20240205.57985.21.fits, KCWI    , /KCWI/2024/20240205/lev0/KR.20240205.57985.21.fits, gd153        , RM2     , 9499.96289  , 124.63998, Open   , Medium , "2,2"  , L2U2   , 150.00015, 194.25967, 22.03128 , 0.0  , 0.0   , 2024-02-05 16:06:25.210000, N061  , Wang     ,      12,      9.4378, gd153     ,  0.02761177451075432 , True  , True
KR.20240206.29413.54.fits, KCWI    , /KCWI/2024/20240206/lev0/KR.20240206.29413.54.fits, gd71         , RM2     , 9499.96289  , 124.63998, Open   , Medium , "2,2"  , L2U2   , 120.00012,  88.11508, 15.887   , 0.0  , 0.0   , 2024-02-06 08:10:13.540000, N061  , Wang     ,      12,      9.4378, gd71      ,  0.555092871915523   , True  , True
KR.20240206.29576.74.fits, KCWI    , /KCWI/2024/20240206/lev0/KR.20240206.29576.74.fits, gd71         , RM2     , 9499.96289  , 124.63998, Open   , Medium , "2,2"  , L2U2   , 120.00012,  88.11508, 15.887   , 0.0  , 0.0   , 2024-02-06 08:12:56.740000, N061  , Wang     ,      12,      9.4378, gd71      ,  0.555092871915523   , True  , True
KR.20240206.29740.96.fits, KCWI    , /KCWI/2024/20240206/lev0/KR.20240206.29740.96.fits, gd71         , RM2     , 9499.96289  , 124.63998, Open   , Medium , "2,2"  , L2U2   , 120.00012,  88.11508, 15.887   , 0.0  , 0.0   , 2024-02-06 08:15:40.960000, N061  , Wang     ,      12,      9.4378, gd71      ,  0.555092871915523   , True  , True
KR.20240206.57173.42.fits, KCWI    , /KCWI/2024/20240206/lev0/KR.20240206.57173.42.fits, gd153        , RM2     , 9499.96289  , 124.63998, Open   , Medium , "2,2"  , L2U2   , 150.00015, 194.25967, 22.03128 , 0.0  , 0.0   , 2024-02-06 15:52:53.420000, N061  , Wang     ,      12,      9.4378, gd153     ,  0.02761177451075432 , True  , True
KR.20240206.57367.22.fits, KCWI    , /KCWI/2024/20240206/lev0/KR.20240206.57367.22.fits, gd153        , RM2     , 9499.96289  , 124.63998, Open   , Medium , "2,2"  , L2U2   , 150.00015, 194.25967, 22.03128 , 0.0  , 0.0   , 2024-02-06 15:56:07.220000, N061  , Wang     ,      12,      9.4378, gd153     ,  0.02761177451075432 , True  , True
KR.20240206.57562.40.fits, KCWI    , /KCWI/2024/20240206/lev0/KR.20240206.57562.40.fits, gd153        , RM2     , 9499.96289  , 124.63998, Open   , Medium , "2,2"  , L2U2   , 150.00015, 194.25967, 22.03128 , 0.0  , 0.0   , 2024-02-06 15:59:22.040000, N061  , Wang     ,      12,      9.4378, gd153     ,  0.02761177451075432 , True  , True
KR.20240207.17877.70.fits, KCWI    , /KCWI/2024/20240207/lev0/KR.20240207.17877.70.fits, gd71         , RM2     , 9849.9375   , 123.44044, Open   , Medium , "2,2"  , L2U2   , 120.00012,  88.11508, 15.887   , 0.0  , 0.0   , 2024-02-07 04:57:57.070000, U064  , Barth    ,      18,      9.4378, gd71      ,  0.555092871915523   , True  , True
KR.20240207.18040.27.fits, KCWI    , /KCWI/2024/20240207/lev0/KR.20240207.18040.27.fits, gd71         , RM2     , 9849.9375   , 123.44044, Open   , Medium , "2,2"  , L2U2   , 120.00012,  88.11508, 15.887   , 0.0  , 0.0   , 2024-02-07 05:00:40.270000, U064  , Barth    ,      18,      9.4378, gd71      ,  0.555092871915523   , True  , True
KR.20240207.18204.49.fits, KCWI    , /KCWI/2024/20240207/lev0/KR.20240207.18204.49.fits, gd71         , RM2     , 9849.9375   , 123.44044, Open   , Medium , "2,2"  , L2U2   , 120.00012,  88.11508, 15.887   , 0.0  , 0.0   , 2024-02-07 05:03:24.490000, U064  , Barth    ,      18,      9.4378, gd71      ,  0.555092871915523   , True  , True
KR.20240207.18403.39.fits, KCWI    , /KCWI/2024/20240207/lev0/KR.20240207.18403.39.fits, gd71         , RM2     , 9499.96289  , 124.63998, Open   , Medium , "2,2"  , L2U2   , 120.00012,  88.11508, 15.887   , 0.0  , 0.0   , 2024-02-07 05:06:43.390000, U064  , Barth    ,      18,      9.4378, gd71      ,  0.555092871915523   , True  , True
KR.20240207.18567.61.fits, KCWI    , /KCWI/2024/20240207/lev0/KR.20240207.18567.61.fits, gd71         , RM2     , 9499.96289  , 124.63998, Open   , Medium , "2,2"  , L2U2   , 120.00012,  88.11508, 15.887   , 0.0  , 0.0   , 2024-02-07 05:09:27.610000, U064  , Barth    ,      18,      9.4378, gd71      ,  0.555092871915523   , True  , True
KR.20240207.18731.83.fits, KCWI    , /KCWI/2024/20240207/lev0/KR.20240207.18731.83.fits, gd71         , RM2     , 9499.96289  , 124.63998, Open   , Medium , "2,2"  , L2U2   , 120.00012,  88.11508, 15.887   , 0.0  , 0.0   , 2024-02-07 05:12:11.830000, U064  , Barth    ,      18,      9.4378, gd71      ,  0.555092871915523   , True  , True
KR.20240207.35676.39.fits, KCWI    , /KCWI/2024/20240207/lev0/KR.20240207.35676.39.fits, gd71         , RM2     , 9499.96289  , 124.63998, Open   , Medium , "2,2"  , L2U2   , 120.00012,  88.11508, 15.887   , 0.0  , 0.0   , 2024-02-07 09:54:36.390000, U064  , Barth    ,      18,      9.4378, gd71      ,  0.555092871915523   , True  , True
KR.20240207.35840.61.fits, KCWI    , /KCWI/2024/20240207/lev0/KR.20240207.35840.61.fits, gd71         , RM2     , 9499.96289  , 124.63998, Open   , Medium , "2,2"  , L2U2   , 120.00012,  88.11508, 15.887   , 0.0  , 0.0   , 2024-02-07 09:57:20.610000, U064  , Barth    ,      18,      9.4378, gd71      ,  0.555092871915523   , True  , True
KR.20240207.36004.83.fits, KCWI    , /KCWI/2024/20240207/lev0/KR.20240207.36004.83.fits, gd71         , RM2     , 9499.96289  , 124.63998, Open   , Medium , "2,2"  , L2U2   , 120.00012,  88.11508, 15.887   , 0.0  , 0.0   , 2024-02-07 10:00:04.830000, U064  , Barth    ,      18,      9.4378, gd71      ,  0.555092871915523   , True  , True
KR.20240207.36189.45.fits, KCWI    , /KCWI/2024/20240207/lev0/KR.20240207.36189.45.fits, gd71         , RM2     , 9849.9375   , 123.44044, Open   , Medium , "2,2"  , L2U2   , 120.00012,  88.11508, 15.887   , 0.0  , 0.0   , 2024-02-07 10:03:09.450000, U064  , Barth    ,      18,      9.4378, gd71      ,  0.555092871915523   , True  , True
KR.20240207.36353.67.fits, KCWI    , /KCWI/2024/20240207/lev0/KR.20240207.36353.67.fits, gd71         , RM2     , 9849.9375   , 123.44044, Open   , Medium , "2,2"  , L2U2   , 120.00012,  88.11508, 15.887   , 0.0  , 0.0   , 2024-02-07 10:05:53.670000, U064  , Barth    ,      18,      9.4378, gd71      ,  0.555092871915523   , True  , True
KR.20240207.36517.89.fits, KCWI    , /KCWI/2024/20240207/lev0/KR.20240207.36517.89.fits, gd71         , RM2     , 9849.9375   , 123.44044, Open   , Medium , "2,2"  , L2U2   , 120.00012,  88.11508, 15.887   , 0.0  , 0.0   , 2024-02-07 10:08:37.890000, U064  , Barth    ,      18,      9.4378, gd71      ,  0.555092871915523   , True  , True
KR.20240207.57808.62.fits, KCWI    , /KCWI/2024/20240207/lev0/KR.20240207.57808.62.fits, gd153        , RM2     , 9849.9375   , 123.44044, Open   , Medium , "2,2"  , L2U2   , 120.00012, 194.25967, 22.03128 , 0.0  , 0.0   , 2024-02-07 16:03:28.620000, U064  , Barth    ,      18,      9.4378, gd153     ,  0.02761177451075432 , True  , True
KR.20240207.58001.40.fits, KCWI    , /KCWI/2024/20240207/lev0/KR.20240207.58001.40.fits, gd153        , RM2     , 9849.9375   , 123.44044, Open   , Medium , "2,2"  , L2U2   , 120.00012, 194.25967, 22.03128 , 0.0  , 0.0   , 2024-02-07 16:06:41.400000, U064  , Barth    ,      18,      9.4378, gd153     ,  0.02761177451075432 , True  , True
KR.20240207.58165.62.fits, KCWI    , /KCWI/2024/20240207/lev0/KR.20240207.58165.62.fits, gd153        , RM2     , 9849.9375   , 123.44044, Open   , Medium , "2,2"  , L2U2   , 120.00012, 194.25967, 22.03128 , 0.0  , 0.0   , 2024-02-07 16:09:25.620000, U064  , Barth    ,      18,      9.4378, gd153     ,  0.02761177451075432 , True  , True
KR.20240207.58351.26.fits, KCWI    , /KCWI/2024/20240207/lev0/KR.20240207.58351.26.fits, gd153        , RM2     , 9849.9375   , 123.44044, Open   , Medium , "2,2"  , L2U2   , 120.00012, 194.25967, 22.03128 , 0.0  , 0.0   , 2024-02-07 16:12:31.260000, U064  , Barth    ,      18,      9.4378, gd153     ,  0.02761177451075432 , True  , True
KR.20240208.18565.30.fits, KCWI    , /KCWI/2024/20240208/lev0/KR.20240208.18565.30.fits, g191b2b      , RM1     , 6629.95312  , 125.51614, Open   , Large  , "2,2"  , L2U2   ,  15.00002,  76.37758, 52.83167 , 0.0  , 0.0   , 2024-02-08 05:09:25.300000, C414  , Martin   ,      18,      9.4378, g191b2b   ,  0.014020025852305171, True  , True
KR.20240208.18697.90.fits, KCWI    , /KCWI/2024/20240208/lev0/KR.20240208.18697.90.fits, g191b2b      , RM1     , 6629.95312  , 125.51614, Open   , Large  , "2,2"  , L2U2   ,  60.00006,  76.37758, 52.83167 , 0.0  , 0.0   , 2024-02-08 05:11:37.900000, C414  , Martin   ,      18,      9.4378, g191b2b   ,  0.014020025852305171, True  , True
KR.20240208.18868.24.fits, KCWI    , /KCWI/2024/20240208/lev0/KR.20240208.18868.24.fits, g191b2b      , RM1     , 6629.95312  , 125.51614, Open   , Large  , "2,2"  , L2U2   , 120.00012,  76.37758, 52.83167 , 0.0  , 0.0   , 2024-02-08 05:14:28.240000, C414  , Martin   ,      18,      9.4378, g191b2b   ,  0.014020025852305171, True  , True
KR.20240208.19058.99.fits, KCWI    , /KCWI/2024/20240208/lev0/KR.20240208.19058.99.fits, g191b2b      , RM1     , 7509.96631  , 121.72279, Open   , Large  , "2,2"  , L2U2   ,  60.00006,  76.37758, 52.83167 , 0.0  , 0.0   , 2024-02-08 05:17:38.990000, C414  , Martin   ,      18,      9.4378, g191b2b   ,  0.014020025852305171, True  , True
KR.20240208.19241.57.fits, KCWI    , /KCWI/2024/20240208/lev0/KR.20240208.19241.57.fits, g191b2b      , RM1     , 7509.96631  , 121.72279, Open   , Large  , "2,2"  , L2U2   , 120.00012,  76.37758, 52.83167 , 0.0  , 0.0   , 2024-02-08 05:20:41.570000, C414  , Martin   ,      18,      9.4378, g191b2b   ,  0.014020025852305171, True  , True
KR.20240208.19408.85.fits, KCWI    , /KCWI/2024/20240208/lev0/KR.20240208.19408.85.fits, g191b2b      , RM1     , 7509.96631  , 121.72279, Open   , Large  , "2,2"  , L2U2   , 120.00012,  76.37758, 52.83167 , 0.0  , 0.0   , 2024-02-08 05:23:28.850000, C414  , Martin   ,      18,      9.4378, g191b2b   ,  0.014020025852305171, True  , True
KR.20240208.22776.97.fits, KCWI    , /KCWI/2024/20240208/lev0/KR.20240208.22776.97.fits, hd074000     , RM1     , 6629.95312  , 125.51614, Open   , Large  , "2,2"  , L2U2   ,   5.00001, 130.21404, -16.34839, 0.0  , 0.0   , 2024-02-08 06:19:36.970000, C414  , Martin   ,      18,      9.4378, hd074000  ,  0.027081119370036724, True  , True
KR.20240208.22884.70.fits, KCWI    , /KCWI/2024/20240208/lev0/KR.20240208.22884.70.fits, hd074000     , RM1     , 6629.95312  , 125.51614, Open   , Large  , "2,2"  , L2U2   ,  25.00003, 130.21404, -16.34839, 0.0  , 0.0   , 2024-02-08 06:21:24.070000, C414  , Martin   ,      18,      9.4378, hd074000  ,  0.027081119370036724, True  , True
KR.20240208.22966.69.fits, KCWI    , /KCWI/2024/20240208/lev0/KR.20240208.22966.69.fits, hd074000     , RM1     , 6629.95312  , 125.51614, Open   , Large  , "2,2"  , L2U2   ,  25.00002, 130.21404, -16.34839, 0.0  , 0.0   , 2024-02-08 06:22:46.690000, C414  , Martin   ,      18,      9.4378, hd074000  ,  0.027081119370036724, True  , True
KR.20240208.23037.70.fits, KCWI    , /KCWI/2024/20240208/lev0/KR.20240208.23037.70.fits, hd074000     , RM1     , 6629.95312  , 125.51614, Open   , Large  , "2,2"  , L2U2   ,  25.00003, 130.21404, -16.34839, 0.0  , 0.0   , 2024-02-08 06:23:57.070000, C414  , Martin   ,      18,      9.4378, hd074000  ,  0.027081119370036724, True  , True
KR.20240208.23267.59.fits, KCWI    , /KCWI/2024/20240208/lev0/KR.20240208.23267.59.fits, bd54d1216    , RM1     , 6629.95312  , 125.51614, Open   , Large  , "2,2"  , L2U2   ,  25.00003, 124.84404, 54.086   , 0.0  , 0.0   , 2024-02-08 06:27:47.590000, C414  , Martin   ,      18,      9.4378, bd54d1216 ,  0.023488986857962305, True  , True
KR.20240208.23348.17.fits, KCWI    , /KCWI/2024/20240208/lev0/KR.20240208.23348.17.fits, bd54d1216    , RM1     , 6629.95312  , 125.51614, Open   , Large  , "2,2"  , L2U2   ,  25.00003, 124.84404, 54.086   , 0.0  , 0.0   , 2024-02-08 06:29:08.170000, C414  , Martin   ,      18,      9.4378, bd54d1216 ,  0.023488986857962305, True  , True
KR.20240208.23416.51.fits, KCWI    , /KCWI/2024/20240208/lev0/KR.20240208.23416.51.fits, bd54d1216    , RM1     , 6629.95312  , 125.51614, Open   , Large  , "2,2"  , L2U2   ,  25.00003, 124.84404, 54.086   , 0.0  , 0.0   , 2024-02-08 06:30:16.510000, C414  , Martin   ,      18,      9.4378, bd54d1216 ,  0.023488986857962305, True  , True
KR.20240208.23485.87.fits, KCWI    , /KCWI/2024/20240208/lev0/KR.20240208.23485.87.fits, bd54d1216    , RM1     , 6629.95312  , 125.51614, Open   , Large  , "2,2"  , L2U2   ,  25.00003, 124.84404, 54.086   , 0.0  , 0.0   , 2024-02-08 06:31:25.870000, C414  , Martin   ,      18,      9.4378, bd54d1216 ,  0.023488986857962305, True  , True
KR.20240208.23777.60.fits, KCWI    , /KCWI/2024/20240208/lev0/KR.20240208.23777.60.fits, bd54d1216    , RM1     , 7509.9209   , 121.72279, Open   , Large  , "2,2"  , L2U2   ,  20.00002, 124.84404, 54.086   , 0.0  , 0.0   , 2024-02-08 06:36:17.600000, C414  , Martin   ,      18,      9.4378, bd54d1216 ,  0.023488986857962305, True  , True
KR.20240208.23841.86.fits, KCWI    , /KCWI/2024/20240208/lev0/KR.20240208.23841.86.fits, bd54d1216    , RM1     , 7509.9209   , 121.72279, Open   , Large  , "2,2"  , L2U2   ,  20.00002, 124.84404, 54.086   , 0.0  , 0.0   , 2024-02-08 06:37:21.860000, C414  , Martin   ,      18,      9.4378, bd54d1216 ,  0.023488986857962305, True  , True
KR.20240208.23906.13.fits, KCWI    , /KCWI/2024/20240208/lev0/KR.20240208.23906.13.fits, bd54d1216    , RM1     , 7509.9209   , 121.72279, Open   , Large  , "2,2"  , L2U2   ,  20.00002, 124.84404, 54.086   , 0.0  , 0.0   , 2024-02-08 06:38:26.130000, C414  , Martin   ,      18,      9.4378, bd54d1216 ,  0.023488986857962305, True  , True
KR.20240208.57858.78.fits, KCWI    , /KCWI/2024/20240208/lev0/KR.20240208.57858.78.fits, hz44         , RM1     , 6629.95312  , 125.51614, Open   , Large  , "2,2"  , L2U2   , 100.0001 , 200.89737, 36.13333 , 0.0  , 0.0   , 2024-02-08 16:04:18.780000, C414  , Martin   ,      18,      9.4378, hz44      ,  0.018850547453741033, True  , True
KR.20240208.58002.60.fits, KCWI    , /KCWI/2024/20240208/lev0/KR.20240208.58002.60.fits, hz44         , RM1     , 6629.95312  , 125.51614, Open   , Large  , "2,2"  , L2U2   , 100.0001 , 200.89737, 36.13333 , 0.0  , 0.0   , 2024-02-08 16:06:42.600000, C414  , Martin   ,      18,      9.4378, hz44      ,  0.018850547453741033, True  , True
KR.20240208.58146.42.fits, KCWI    , /KCWI/2024/20240208/lev0/KR.20240208.58146.42.fits, hz44         , RM1     , 6629.95312  , 125.51614, Open   , Large  , "2,2"  , L2U2   , 100.0001 , 200.89737, 36.13333 , 0.0  , 0.0   , 2024-02-08 16:09:06.420000, C414  , Martin   ,      18,      9.4378, hz44      ,  0.018850547453741033, True  , True
KR.20240209.18600.86.fits, KCWI    , /KCWI/2024/20240209/lev0/KR.20240209.18600.86.fits, g191b2b      , RM1     , 6629.95312  , 125.51614, Open   , Large  , "2,2"  , L2U2   , 100.0001 ,  76.37758, 52.83167 , 0.0  , 0.0   , 2024-02-09 05:10:00.860000, C414  , Martin   ,      18,      9.4378, g191b2b   ,  0.014020025852305171, True  , True
KR.20240209.18749.80.fits, KCWI    , /KCWI/2024/20240209/lev0/KR.20240209.18749.80.fits, g191b2b      , RM1     , 6629.95312  , 125.51614, Open   , Large  , "2,2"  , L2U2   , 100.0001 ,  76.37758, 52.83167 , 0.0  , 0.0   , 2024-02-09 05:12:29.800000, C414  , Martin   ,      18,      9.4378, g191b2b   ,  0.014020025852305171, True  , True
KR.20240209.18897.70.fits, KCWI    , /KCWI/2024/20240209/lev0/KR.20240209.18897.70.fits, g191b2b      , RM1     , 6629.95312  , 125.51614, Open   , Large  , "2,2"  , L2U2   , 100.0001 ,  76.37758, 52.83167 , 0.0  , 0.0   , 2024-02-09 05:14:57.700000, C414  , Martin   ,      18,      9.4378, g191b2b   ,  0.014020025852305171, True  , True
KR.20240209.19090.50.fits, KCWI    , /KCWI/2024/20240209/lev0/KR.20240209.19090.50.fits, g191b2b      , RM1     , 7509.96631  , 121.72279, Open   , Large  , "2,2"  , L2U2   , 100.0001 ,  76.37758, 52.83167 , 0.0  , 0.0   , 2024-02-09 05:18:10.500000, C414  , Martin   ,      18,      9.4378, g191b2b   ,  0.014020025852305171, True  , True
KR.20240209.19238.41.fits, KCWI    , /KCWI/2024/20240209/lev0/KR.20240209.19238.41.fits, g191b2b      , RM1     , 7509.96631  , 121.72279, Open   , Large  , "2,2"  , L2U2   , 100.0001 ,  76.37758, 52.83167 , 0.0  , 0.0   , 2024-02-09 05:20:38.410000, C414  , Martin   ,      18,      9.4378, g191b2b   ,  0.014020025852305171, True  , True
KR.20240209.19384.28.fits, KCWI    , /KCWI/2024/20240209/lev0/KR.20240209.19384.28.fits, g191b2b      , RM1     , 7509.96631  , 121.72279, Open   , Large  , "2,2"  , L2U2   , 100.0001 ,  76.37758, 52.83167 , 0.0  , 0.0   , 2024-02-09 05:23:04.280000, C414  , Martin   ,      18,      9.4378, g191b2b   ,  0.014020025852305171, True  , True
KR.20240209.57181.76.fits, KCWI    , /KCWI/2024/20240209/lev0/KR.20240209.57181.76.fits, hz44         , RM1     , 7509.96631  , 121.72279, Open   , Large  , "2,2"  , L2U2   ,  80.00008, 200.89737, 36.13333 , 0.0  , 0.0   , 2024-02-09 15:53:01.760000, C414  , Martin   ,      18,      9.4378, hz44      ,  0.018850547453741033, True  , True
KR.20240209.57318.44.fits, KCWI    , /KCWI/2024/20240209/lev0/KR.20240209.57318.44.fits, hz44         , RM1     , 7509.96631  , 121.72279, Open   , Large  , "2,2"  , L2U2   ,  80.00008, 200.89737, 36.13333 , 0.0  , 0.0   , 2024-02-09 15:55:18.440000, C414  , Martin   ,      18,      9.4378, hz44      ,  0.018850547453741033, True  , True
KR.20240209.57478.58.fits, KCWI    , /KCWI/2024/20240209/lev0/KR.20240209.57478.58.fits, hz44         , RM1     , 6629.95312  , 125.51614, Open   , Large  , "2,2"  , L2U2   , 100.0001 , 200.89737, 36.13333 , 0.0  , 0.0   , 2024-02-09 15:57:58.580000, C414  , Martin   ,      18,      9.4378, hz44      ,  0.018850547453741033, True  , True
KR.20240209.57629.55.fits, KCWI    , /KCWI/2024/20240209/lev0/KR.20240209.57629.55.fits, hz44         , RM1     , 6629.95312  , 125.51614, Open   , Large  , "2,2"  , L2U2   , 100.0001 , 200.89737, 36.13333 , 0.0  , 0.0   , 2024-02-09 16:00:29.550000, C414  , Martin   ,      18,      9.4378, hz44      ,  0.018850547453741033, True  , True
KR.20240209.57774.45.fits, KCWI    , /KCWI/2024/20240209/lev0/KR.20240209.57774.45.fits, hz44         , RM1     , 6629.95312  , 125.51614, Open   , Large  , "2,2"  , L2U2   , 100.0001 , 200.89737, 36.13333 , 0.0  , 0.0   , 2024-02-09 16:02:54.450000, C414  , Martin   ,      18,      9.4378, hz44      ,  0.018850547453741033, True  , True
KR.20240210.37792.44.fits, KCWI    , /KCWI/2024/20240210/lev0/KR.20240210.37792.44.fits, feige34      , RL      , 7099.8877   , 139.98114, Open   , Medium , "2,2"  , L2U2   ,  15.00002, 159.90296, 43.10281 , 0.0  , 0.0   , 2024-02-10 10:29:52.440000, U039  , Jones    ,      18,      9.4378, feige34   ,  0.01658888694004281 , True  , True
KR.20240210.37927.80.fits, KCWI    , /KCWI/2024/20240210/lev0/KR.20240210.37927.80.fits, feige34      , RL      , 7099.8877   , 139.98114, Open   , Medium , "2,2"  , L2U2   ,  30.00003, 159.90296, 43.10281 , 0.0  , 0.0   , 2024-02-10 10:32:07.080000, U039  , Jones    ,      18,      9.4378, feige34   ,  0.01658888694004281 , True  , True
KR.20240210.38013.78.fits, KCWI    , /KCWI/2024/20240210/lev0/KR.20240210.38013.78.fits, feige34      , RL      , 7099.8877   , 139.98114, Open   , Medium , "2,2"  , L2U2   ,  30.00003, 159.90296, 43.10281 , 0.0  , 0.0   , 2024-02-10 10:33:33.780000, U039  , Jones    ,      18,      9.4378, feige34   ,  0.01658888694004281 , True  , True
KR.20240210.38117.82.fits, KCWI    , /KCWI/2024/20240210/lev0/KR.20240210.38117.82.fits, feige34      , RL      , 7099.8877   , 139.98114, Open   , Medium , "2,2"  , L2U2   ,  30.00003, 159.90296, 43.10281 , 0.0  , 0.0   , 2024-02-10 10:35:17.820000, U039  , Jones    ,      18,      9.4378, feige34   ,  0.01658888694004281 , True  , True
KR.20240210.38328.96.fits, KCWI    , /KCWI/2024/20240210/lev0/KR.20240210.38328.96.fits, feige34      , RL      , 7099.8877   , 139.98114, Open   , Medium , "2,2"  , L2U2   ,  30.00003, 159.90296, 43.10281 , 0.0  , 0.0   , 2024-02-10 10:38:48.960000, U039  , Jones    ,      18,      9.4378, feige34   ,  0.01658888694004281 , True  , True
KR.20240210.38399.34.fits, KCWI    , /KCWI/2024/20240210/lev0/KR.20240210.38399.34.fits, feige34      , RL      , 7099.8877   , 139.98114, Open   , Medium , "2,2"  , L2U2   ,  30.00003, 159.90296, 43.10281 , 0.0  , 0.0   , 2024-02-10 10:39:59.340000, U039  , Jones    ,      18,      9.4378, feige34   ,  0.01658888694004281 , True  , True
KR.20240210.38559.50.fits, KCWI    , /KCWI/2024/20240210/lev0/KR.20240210.38559.50.fits, feige34      , RL      , 7999.94678  , 138.7222 , Open   , Medium , "2,2"  , L2U2   ,  30.00003, 159.90296, 43.10281 , 0.0  , 0.0   , 2024-02-10 10:42:39.500000, U039  , Jones    ,      18,      9.4378, feige34   ,  0.01658888694004281 , True  , True
KR.20240210.38649.26.fits, KCWI    , /KCWI/2024/20240210/lev0/KR.20240210.38649.26.fits, feige34      , RL      , 7999.94678  , 138.7222 , Open   , Medium , "2,2"  , L2U2   ,  30.00003, 159.90296, 43.10281 , 0.0  , 0.0   , 2024-02-10 10:44:09.260000, U039  , Jones    ,      18,      9.4378, feige34   ,  0.01658888694004281 , True  , True
KR.20240210.38718.63.fits, KCWI    , /KCWI/2024/20240210/lev0/KR.20240210.38718.63.fits, feige34      , RL      , 7999.94678  , 138.7222 , Open   , Medium , "2,2"  , L2U2   ,  30.00003, 159.90296, 43.10281 , 0.0  , 0.0   , 2024-02-10 10:45:18.630000, U039  , Jones    ,      18,      9.4378, feige34   ,  0.01658888694004281 , True  , True
KR.20240211.18650.44.fits, KCWI    , /KCWI/2024/20240211/lev0/KR.20240211.18650.44.fits, g191b2b      , RL      , 7249.9834   , 139.77159, Open   , FPCam  , "2,2"  , L2U2   ,  60.00003,  76.37758, 52.83167 , 0.0  , 0.0   , 2024-02-11 05:10:50.440000, U039  , Jones    ,      18,      9.4378, g191b2b   ,  0.014020025852305171, True  , True
KR.20240212.27497.67.fits, KCWI    , /KCWI/2024/20240212/lev0/KR.20240212.27497.67.fits, bd75d325     , RH2     , 6559.99414  , 110.47748, Open   , Medium , "2,2"  , L2U2   ,   5.0    , 122.70546, 74.96597 , 0.0  , 0.0   , 2024-02-12 07:38:17.670000, H378  , Shappee  ,      18,      9.4378, bd75d325  ,  0.008149984298473297, True  , True
KR.20240212.27546.63.fits, KCWI    , /KCWI/2024/20240212/lev0/KR.20240212.27546.63.fits, bd75d325     , RH2     , 6559.99414  , 110.47748, Open   , Medium , "2,2"  , L2U2   ,   5.0    , 122.70546, 74.96597 , 0.0  , 0.0   , 2024-02-12 07:39:06.630000, H378  , Shappee  ,      18,      9.4378, bd75d325  ,  0.008149984298473297, True  , True
KR.20240212.27595.59.fits, KCWI    , /KCWI/2024/20240212/lev0/KR.20240212.27595.59.fits, bd75d325     , RH2     , 6559.99414  , 110.47748, Open   , Medium , "2,2"  , L2U2   ,   5.0    , 122.70546, 74.96597 , 0.0  , 0.0   , 2024-02-12 07:39:55.590000, H378  , Shappee  ,      18,      9.4378, bd75d325  ,  0.008149984298473297, True  , True
KR.20240212.27824.70.fits, KCWI    , /KCWI/2024/20240212/lev0/KR.20240212.27824.70.fits, bd75d325     , RL      , -10305.11914, 128.56973, Open   , Large  , "2,2"  , L2U2   ,   5.0    , 122.70546, 74.96597 , 0.0  , 0.0   , 2024-02-12 07:43:44.070000, H378  , Shappee  ,      18,      9.4378, bd75d325  ,  0.008149984298473297, True  , True
KR.20240212.27948.51.fits, KCWI    , /KCWI/2024/20240212/lev0/KR.20240212.27948.51.fits, bd75d325     , RL      , 7149.89209  , 139.9113 , Open   , Large  , "2,2"  , L2U2   ,   5.0    , 122.70546, 74.96597 , 0.0  , 0.0   , 2024-02-12 07:45:48.510000, H378  , Shappee  ,      18,      9.4378, bd75d325  ,  0.008149984298473297, True  , True
KR.20240212.27996.45.fits, KCWI    , /KCWI/2024/20240212/lev0/KR.20240212.27996.45.fits, bd75d325     , RL      , 7149.89209  , 139.9113 , Open   , Large  , "2,2"  , L2U2   ,   5.0    , 122.70546, 74.96597 , 0.0  , 0.0   , 2024-02-12 07:46:36.450000, H378  , Shappee  ,      18,      9.4378, bd75d325  ,  0.008149984298473297, True  , True
KR.20240212.28046.43.fits, KCWI    , /KCWI/2024/20240212/lev0/KR.20240212.28046.43.fits, bd75d325     , RL      , 7149.89209  , 139.9113 , Open   , Large  , "2,2"  , L2U2   ,   5.0    , 122.70546, 74.96597 , 0.0  , 0.0   , 2024-02-12 07:47:26.430000, H378  , Shappee  ,      18,      9.4378, bd75d325  ,  0.008149984298473297, True  , True
KR.20240214.58773.34.fits, KCWI    , /KCWI/2024/20240214/lev0/KR.20240214.58773.34.fits, bd02d3375    , RH2     , 6749.97803  , 108.92978, Open   , Medium , "2,2"  , L2U2   , 120.00005, 264.93775, 2.41656  , -8.0 , 0.0   , 2024-02-14 16:19:33.340000, W016  , Forbes   ,      18,      9.4378, bd02d3375 ,  2.001116335179171   , True  , True
KR.20240214.58867.18.fits, KCWI    , /KCWI/2024/20240214/lev0/KR.20240214.58867.18.fits, bd02d3375    , RH2     , 6749.97803  , 108.92978, Open   , Medium , "2,2"  , L2U2   ,  30.00001, 264.93775, 2.41656  , -8.0 , 0.0   , 2024-02-14 16:21:07.180000, W016  , Forbes   ,      18,      9.4378, bd02d3375 ,  2.001116335179171   , True  , True
KR.20240214.58988.56.fits, KCWI    , /KCWI/2024/20240214/lev0/KR.20240214.58988.56.fits, bd02d3375    , RH2     , 6749.97803  , 108.92978, Open   , Medium , "2,2"  , L2U2   ,  45.00002, 264.93775, 2.41656  , -8.0 , 0.0   , 2024-02-14 16:23:08.560000, W016  , Forbes   ,      18,      9.4378, bd02d3375 ,  2.001116335179171   , True  , True
KR.20240214.59077.30.fits, KCWI    , /KCWI/2024/20240214/lev0/KR.20240214.59077.30.fits, bd02d3375    , RH2     , 6749.97803  , 108.92978, Open   , Medium , "2,2"  , L2U2   ,  45.00002, 264.93775, 2.41656  , -8.0 , 0.0   , 2024-02-14 16:24:37.300000, W016  , Forbes   ,      18,      9.4378, bd02d3375 ,  2.001116335179171   , True  , True
KR.20240310.20237.16.fits, KCWI    , /KCWI/2024/20240310/lev0/KR.20240310.20237.16.fits, g191b2b      , RL      , 7799.89014  , 139.0027 , Open   , Medium , "2,2"  , L2U2   ,  45.00005,  76.37758, 52.83108 , 0.0  , 0.0   , 2024-03-10 05:37:17.160000, C353  , Steidel  ,      18,      9.4378, g191b2b   ,  0.2347626566599394  , True  , True
KR.20240310.20498.32.fits, KCWI    , /KCWI/2024/20240310/lev0/KR.20240310.20498.32.fits, g191b2b      , RL      , 7799.89014  , 139.0027 , Open   , Medium , "2,2"  , L2U2   , 200.0902 ,  76.37758, 52.83108 , 0.0  , 0.0   , 2024-03-10 05:41:38.320000, C353  , Steidel  ,      18,      9.4378, g191b2b   ,  0.2347626566599394  , True  , True
KR.20240310.20609.53.fits, KCWI    , /KCWI/2024/20240310/lev0/KR.20240310.20609.53.fits, g191b2b      , RL      , 7799.89014  , 139.0027 , Open   , Medium , "2,2"  , L2U2   ,  62.85006,  76.37758, 52.83108 , 0.0  , 0.0   , 2024-03-10 05:43:29.530000, C353  , Steidel  ,      18,      9.4378, g191b2b   ,  0.2347626566599394  , True  , True
KR.20240314.25803.28.fits, KCWI    , /KCWI/2024/20240314/lev0/KR.20240314.25803.28.fits, feige34      , RH1     , 6149.98242  , 104.85922, Open   , Large  , "2,2"  , L2U2   ,  60.00006, 159.90296, 43.10281 , 0.0  , 0.0   , 2024-03-14 07:10:03.280000, U305  , U        ,      18,      9.4378, feige34   ,  0.01658888694004281 , True  , True
KR.20240314.25946.80.fits, KCWI    , /KCWI/2024/20240314/lev0/KR.20240314.25946.80.fits, feige34      , RH1     , 6149.98242  , 104.85922, Open   , Large  , "2,2"  , L2U2   ,  60.00006, 159.90296, 43.10281 , 0.0  , 0.0   , 2024-03-14 07:12:26.080000, U305  , U        ,      18,      9.4378, feige34   ,  0.01658888694004281 , True  , True
KR.20240314.26057.27.fits, KCWI    , /KCWI/2024/20240314/lev0/KR.20240314.26057.27.fits, feige34      , RH1     , 6149.98242  , 104.85922, Open   , Large  , "2,2"  , L2U2   ,  60.00006, 159.90296, 43.10281 , 0.0  , 0.0   , 2024-03-14 07:14:17.270000, U305  , U        ,      18,      9.4378, feige34   ,  0.01658888694004281 , True  , True
KR.20240314.26563.23.fits, KCWI    , /KCWI/2024/20240314/lev0/KR.20240314.26563.23.fits, feige34      , RH2     , 6849.99023  , 108.09708, Open   , Large  , "2,2"  , L2U2   ,  60.00006, 159.90296, 43.10281 , 0.0  , 0.0   , 2024-03-14 07:22:43.230000, U305  , U        ,      18,      9.4378, feige34   ,  0.01658888694004281 , True  , True
KR.20240314.26727.48.fits, KCWI    , /KCWI/2024/20240314/lev0/KR.20240314.26727.48.fits, feige34      , RH2     , 6849.99023  , 108.09708, Open   , Large  , "2,2"  , L2U2   , 120.01012, 159.90296, 43.10281 , 0.0  , 0.0   , 2024-03-14 07:25:27.480000, U305  , U        ,      18,      9.4378, feige34   ,  0.01658888694004281 , True  , True
KR.20240314.26890.71.fits, KCWI    , /KCWI/2024/20240314/lev0/KR.20240314.26890.71.fits, feige34      , RH2     , 6849.99023  , 108.09708, Open   , Large  , "2,2"  , L2U2   , 120.00012, 159.90296, 43.10281 , 0.0  , 0.0   , 2024-03-14 07:28:10.710000, U305  , U        ,      18,      9.4378, feige34   ,  0.01658888694004281 , True  , True
KR.20240314.27107.97.fits, KCWI    , /KCWI/2024/20240314/lev0/KR.20240314.27107.97.fits, feige34      , RH2     , 6849.99023  , 108.09708, Open   , Large  , "2,2"  , L2U2   , 120.00012, 159.90296, 43.10281 , 0.0  , 0.0   , 2024-03-14 07:31:47.970000, U305  , U        ,      18,      9.4378, feige34   ,  0.01658888694004281 , True  , True
KR.20240316.19485.35.fits, KCWI    , /KCWI/2024/20240316/lev0/KR.20240316.19485.35.fits, g191b2b      , RM1     , 6299.99414  , 126.90049, Open   , Large  , "2,2"  , L2U2   ,  60.00006,  76.37754, 52.83111 , 0.0  , 0.0   , 2024-03-16 05:24:45.350000, U242  , Prochaska,      18,      9.4378, g191b2b   ,  0.3726076058009023  , True  , True
KR.20240316.19702.61.fits, KCWI    , /KCWI/2024/20240316/lev0/KR.20240316.19702.61.fits, g191b2b      , RM1     , 6299.99414  , 126.90049, Open   , Large  , "2,2"  , L2U2   , 120.00012,  76.37754, 52.83111 , 0.0  , 0.0   , 2024-03-16 05:28:22.610000, U242  , Prochaska,      18,      9.4378, g191b2b   ,  0.3726076058009023  , True  , True
KR.20240316.19866.83.fits, KCWI    , /KCWI/2024/20240316/lev0/KR.20240316.19866.83.fits, g191b2b      , RM1     , 6299.99414  , 126.90049, Open   , Large  , "2,2"  , L2U2   , 120.00012,  76.37754, 52.83111 , 0.0  , 0.0   , 2024-03-16 05:31:06.830000, U242  , Prochaska,      18,      9.4378, g191b2b   ,  0.3726076058009023  , True  , True
KR.20240316.20031.50.fits, KCWI    , /KCWI/2024/20240316/lev0/KR.20240316.20031.50.fits, g191b2b      , RM1     , 6299.99414  , 126.90049, Open   , Large  , "2,2"  , L2U2   , 120.00012,  76.37754, 52.83111 , 0.0  , 0.0   , 2024-03-16 05:33:51.050000, U242  , Prochaska,      18,      9.4378, g191b2b   ,  0.3726076058009023  , True  , True
KR.20240316.43959.32.fits, KCWI    , /KCWI/2024/20240316/lev0/KR.20240316.43959.32.fits, feige34      , RM1     , 6299.99414  , 126.90049, Open   , Large  , "2,2"  , L2U2   ,   6.00001, 159.90308, 43.10256 , 0.0  , 0.0   , 2024-03-16 12:12:39.320000, U242  , Prochaska,      18,      9.4378, feige34   ,  0.2764619082487305  , True  , True
KR.20240316.44048.60.fits, KCWI    , /KCWI/2024/20240316/lev0/KR.20240316.44048.60.fits, feige34      , RM1     , 6299.99414  , 126.90049, Open   , Large  , "2,2"  , L2U2   ,  15.00002, 159.90308, 43.10256 , 0.0  , 0.0   , 2024-03-16 12:14:08.060000, U242  , Prochaska,      18,      9.4378, feige34   ,  0.2764619082487305  , True  , True
KR.20240316.44178.62.fits, KCWI    , /KCWI/2024/20240316/lev0/KR.20240316.44178.62.fits, feige34      , RM1     , 6299.99414  , 126.90049, Open   , Large  , "2,2"  , L2U2   ,  45.00005, 159.90308, 43.10256 , 0.0  , 0.0   , 2024-03-16 12:16:18.620000, U242  , Prochaska,      18,      9.4378, feige34   ,  0.2764619082487305  , True  , True
KR.20240316.44290.82.fits, KCWI    , /KCWI/2024/20240316/lev0/KR.20240316.44290.82.fits, feige34      , RM1     , 6299.99414  , 126.90049, Open   , Large  , "2,2"  , L2U2   ,  45.00005, 159.90308, 43.10256 , 0.0  , 0.0   , 2024-03-16 12:18:10.820000, U242  , Prochaska,      18,      9.4378, feige34   ,  0.2764619082487305  , True  , True
KR.20240316.44393.84.fits, KCWI    , /KCWI/2024/20240316/lev0/KR.20240316.44393.84.fits, feige34      , RM1     , 6299.99414  , 126.90049, Open   , Large  , "2,2"  , L2U2   ,  45.00005, 159.90308, 43.10256 , 0.0  , 0.0   , 2024-03-16 12:19:53.840000, U242  , Prochaska,      18,      9.4378, feige34   ,  0.2764619082487305  , True  , True
KR.20240316.44594.78.fits, KCWI    , /KCWI/2024/20240316/lev0/KR.20240316.44594.78.fits, feige34      , RM1     , 6299.99414  , 126.90049, Open   , Large  , "2,2"  , L2U2   ,  45.00005, 159.90308, 43.10256 , 0.0  , 0.0   , 2024-03-16 12:23:14.780000, U242  , Prochaska,      18,      9.4378, feige34   ,  0.2764619082487305  , True  , True
KR.20240316.44764.10.fits, KCWI    , /KCWI/2024/20240316/lev0/KR.20240316.44764.10.fits, feige34      , RM1     , 6299.99414  , 126.90049, Open   , Large  , "2,2"  , L2U2   ,  45.00005, 159.90308, 43.10256 , 0.0  , 0.0   , 2024-03-16 12:26:04.100000, U242  , Prochaska,      18,      9.4378, feige34   ,  0.2764619082487305  , True  , True
KR.20240317.19329.82.fits, KCWI    , /KCWI/2024/20240317/lev0/KR.20240317.19329.82.fits, G191B2B      , RM1     , 6899.96631  , 124.36884, Open   , Large  , "2,2"  , L2U2   ,  60.00006,  76.37754, 52.83111 , 0.0  , 0.0   , 2024-03-17 05:22:09.820000, U242  , Prochaska,      18,      9.4378, g191b2b   ,  0.37279841486145593 , True  , True
KR.20240317.19459.36.fits, KCWI    , /KCWI/2024/20240317/lev0/KR.20240317.19459.36.fits, G191B2B      , RM1     , 6899.96631  , 124.36884, Open   , Large  , "2,2"  , L2U2   ,  60.00006,  76.37754, 52.83111 , 0.0  , 0.0   , 2024-03-17 05:24:19.360000, U242  , Prochaska,      18,      9.4378, g191b2b   ,  0.37279841486145593 , True  , True
KR.20240317.19563.40.fits, KCWI    , /KCWI/2024/20240317/lev0/KR.20240317.19563.40.fits, G191B2B      , RM1     , 6899.96631  , 124.36884, Open   , Large  , "2,2"  , L2U2   ,  60.00006,  76.37754, 52.83111 , 0.0  , 0.0   , 2024-03-17 05:26:03.400000, U242  , Prochaska,      18,      9.4378, g191b2b   ,  0.37279841486145593 , True  , True
KR.20240317.41153.80.fits, KCWI    , /KCWI/2024/20240317/lev0/KR.20240317.41153.80.fits, HZ_44        , RM1     , 6899.96631  , 124.36884, Open   , Large  , "2,2"  , L2U2   ,  60.00006, 200.89708, 36.13319 , 0.0  , 0.0   , 2024-03-17 11:25:53.800000, U242  , Prochaska,      18,      9.4378, hz44      ,  0.5958264179286593  , True  , True
KR.20240317.41556.70.fits, KCWI    , /KCWI/2024/20240317/lev0/KR.20240317.41556.70.fits, HZ_44        , RM2     , 8999.97363  , 126.32684, Open   , Medium , "2,2"  , L2U2   ,  60.00006, 200.89708, 36.13319 , 0.0  , 0.0   , 2024-03-17 11:32:36.700000, U242  , Prochaska,      18,      9.4378, hz44      ,  0.5958264179286593  , True  , True
KR.20240317.41679.10.fits, KCWI    , /KCWI/2024/20240317/lev0/KR.20240317.41679.10.fits, HZ_44        , RM2     , 8999.97363  , 126.32684, Open   , Medium , "2,2"  , L2U2   ,  60.00006, 200.89708, 36.13319 , 0.0  , 0.0   , 2024-03-17 11:34:39.100000, U242  , Prochaska,      18,      9.4378, hz44      ,  0.5958264179286593  , True  , True
KR.20240330.20851.65.fits, KCWI    , /KCWI/2024/20240330/lev0/KR.20240330.20851.65.fits, hd93521      , RL      , 8949.89062  , 137.38405, Open   , Small  , "1,1"  , L2U2   ,  10.00001, 162.09796, 37.57022 , 0.0  , 0.0   , 2024-03-30 05:47:31.650000, Y228  , Urry     ,      18,     35.5219, hd93521   ,  0.009306777751340181, True  , True
KR.20240330.20992.41.fits, KCWI    , /KCWI/2024/20240330/lev0/KR.20240330.20992.41.fits, hd93521      , RL      , 8949.89062  , 137.38405, Open   , Small  , "1,1"  , L2U2   ,   5.00001, 162.09796, 37.57022 , 0.0  , 0.0   , 2024-03-30 05:49:52.410000, Y228  , Urry     ,      18,     35.5219, hd93521   ,  0.009306777751340181, True  , True
KR.20240330.21123.99.fits, KCWI    , /KCWI/2024/20240330/lev0/KR.20240330.21123.99.fits, hd93521      , RL      , 8949.89062  , 137.38405, Open   , Small  , "1,1"  , L2U2   ,   6.00001, 162.09796, 37.57022 , 0.0  , 0.0   , 2024-03-30 05:52:03.990000, Y228  , Urry     ,      18,     35.5219, hd93521   ,  0.009306777751340181, True  , True
KR.20240330.21232.11.fits, KCWI    , /KCWI/2024/20240330/lev0/KR.20240330.21232.11.fits, hd93521      , RL      , 8949.89062  , 137.38405, Open   , Small  , "1,1"  , L2U2   ,   6.00001, 162.09796, 37.57022 , 0.0  , 0.0   , 2024-03-30 05:53:52.110000, Y228  , Urry     ,      18,     35.5219, hd93521   ,  0.009306777751340181, True  , True
KR.20240331.19249.43.fits, KCWI    , /KCWI/2024/20240331/lev0/KR.20240331.19249.43.fits, g191b2b      , RM2     , 8949.98926  , 126.49459, Open   , Medium , "2,2"  , L2U2   ,  20.00002,  76.37758, 52.83167 , 0.0  , 0.0   , 2024-03-31 05:20:49.430000, U218  , Martin   ,      18,      9.4378, g191b2b   ,  0.014020025852305171, True  , True
KR.20240331.19448.38.fits, KCWI    , /KCWI/2024/20240331/lev0/KR.20240331.19448.38.fits, g191b2b      , RM2     , 8949.98926  , 126.49459, Open   , Medium , "2,2"  , L2U2   ,  60.00006,  76.37758, 52.83167 , 0.0  , 0.0   , 2024-03-31 05:24:08.380000, U218  , Martin   ,      18,      9.4378, g191b2b   ,  0.014020025852305171, True  , True
KR.20240331.19552.43.fits, KCWI    , /KCWI/2024/20240331/lev0/KR.20240331.19552.43.fits, g191b2b      , RM2     , 8949.98926  , 126.49459, Open   , Medium , "2,2"  , L2U2   ,  60.00006,  76.37758, 52.83167 , 0.0  , 0.0   , 2024-03-31 05:25:52.430000, U218  , Martin   ,      18,      9.4378, g191b2b   ,  0.014020025852305171, True  , True
KR.20240331.19656.49.fits, KCWI    , /KCWI/2024/20240331/lev0/KR.20240331.19656.49.fits, g191b2b      , RM2     , 8949.98926  , 126.49459, Open   , Medium , "2,2"  , L2U2   ,  60.00006,  76.37758, 52.83167 , 0.0  , 0.0   , 2024-03-31 05:27:36.490000, U218  , Martin   ,      18,      9.4378, g191b2b   ,  0.014020025852305171, True  , True
KR.20240331.19846.23.fits, KCWI    , /KCWI/2024/20240331/lev0/KR.20240331.19846.23.fits, g191b2b      , RM2     , 8949.98926  , 126.49459, Open   , Medium , "2,2"  , L2U2   ,  60.00006,  76.37758, 52.83167 , 0.0  , 0.0   , 2024-03-31 05:30:46.230000, U218  , Martin   ,      18,      9.4378, g191b2b   ,  0.014020025852305171, True  , True
KR.20240402.19809.27.fits, KCWI    , /KCWI/2024/20240402/lev0/KR.20240402.19809.27.fits, Feige34      , RM1     , 6129.97412  , 127.60614, Open   , Small  , "1,1"  , L2U2   ,  25.00003, 159.90296, 43.10281 , 0.0  , 0.0   , 2024-04-02 05:30:09.270000, U298  , Sandstrom,      18,     35.5219, feige34   ,  0.01658888694004281 , True  , True
KR.20240402.20060.19.fits, KCWI    , /KCWI/2024/20240402/lev0/KR.20240402.20060.19.fits, Feige34      , RM1     , 6129.97412  , 127.60614, Open   , Small  , "1,1"  , L2U2   , 100.0001 , 159.90296, 43.10281 , 0.0  , 0.0   , 2024-04-02 05:34:20.190000, U298  , Sandstrom,      18,     35.5219, feige34   ,  0.01658888694004281 , True  , True
KR.20240402.20507.99.fits, KCWI    , /KCWI/2024/20240402/lev0/KR.20240402.20507.99.fits, Feige34      , RM1     , 7389.96924  , 122.24969, Open   , Small  , "1,1"  , L2U2   , 200.0002 , 159.90296, 43.10281 , 0.0  , 0.0   , 2024-04-02 05:41:47.990000, U298  , Sandstrom,      18,     35.5219, feige34   ,  0.01658888694004281 , True  , True
KR.20240402.20808.91.fits, KCWI    , /KCWI/2024/20240402/lev0/KR.20240402.20808.91.fits, Feige34      , RM1     , 7389.96924  , 122.24969, Open   , Small  , "1,1"  , L2U2   , 200.0002 , 159.90296, 43.10281 , 0.0  , 0.0   , 2024-04-02 05:46:48.910000, U298  , Sandstrom,      18,     35.5219, feige34   ,  0.01658888694004281 , True  , True
KR.20240403.19970.88.fits, KCWI    , /KCWI/2024/20240403/lev0/KR.20240403.19970.88.fits, Feige34      , RM1     , 7389.96924  , 122.24969, Open   , Small  , "1,1"  , L2U2   , 200.0002 , 159.90296, 43.10281 , 0.0  , 0.0   , 2024-04-03 05:32:50.880000, U298  , Sandstrom,      18,     35.5219, feige34   ,  0.01658888694004281 , True  , True
KR.20240403.20272.85.fits, KCWI    , /KCWI/2024/20240403/lev0/KR.20240403.20272.85.fits, Feige34      , RM1     , 7389.96924  , 122.24969, Open   , Small  , "1,1"  , L2U2   , 200.0002 , 159.90296, 43.10281 , 0.0  , 0.0   , 2024-04-03 05:37:52.850000, U298  , Sandstrom,      18,     35.5219, feige34   ,  0.01658888694004281 , True  , True
KR.20240403.20668.70.fits, KCWI    , /KCWI/2024/20240403/lev0/KR.20240403.20668.70.fits, Feige34      , RM2     , 8894.94824  , 126.67829, Open   , Small  , "1,1"  , L2U2   , 200.0002 , 159.90296, 43.10281 , 0.0  , 0.0   , 2024-04-03 05:44:28.700000, U298  , Sandstrom,      18,     35.5219, feige34   ,  0.01658888694004281 , True  , True
KR.20240403.20970.79.fits, KCWI    , /KCWI/2024/20240403/lev0/KR.20240403.20970.79.fits, Feige34      , RM2     , 8894.94824  , 126.67829, Open   , Small  , "1,1"  , L2U2   , 200.0002 , 159.90296, 43.10281 , 0.0  , 0.0   , 2024-04-03 05:49:30.790000, U298  , Sandstrom,      18,     35.5219, feige34   ,  0.01658888694004281 , True  , True
KR.20240405.19054.44.fits, KCWI    , /KCWI/2024/20240405/lev0/KR.20240405.19054.44.fits, feige34      , RL      , 7000.08105  , 140.1203 , Open   , Medium , "2,2"  , L2U2   ,  15.00002, 159.90296, 43.10281 , 0.0  , 0.0   , 2024-04-05 05:17:34.440000, N110  , Bordoloi ,      24,      9.4378, feige34   ,  0.01658888694004281 , True  , True
KR.20240405.19185.20.fits, KCWI    , /KCWI/2024/20240405/lev0/KR.20240405.19185.20.fits, feige34      , RL      , 7000.08105  , 140.1203 , Open   , Medium , "2,2"  , L2U2   ,  30.00003, 159.90296, 43.10281 , 0.0  , 0.0   , 2024-04-05 05:19:45.020000, N110  , Bordoloi ,      24,      9.4378, feige34   ,  0.01658888694004281 , True  , True
KR.20240405.19327.83.fits, KCWI    , /KCWI/2024/20240405/lev0/KR.20240405.19327.83.fits, feige34      , RL      , 7000.08105  , 140.1203 , Open   , Medium , "2,2"  , L2U2   ,  60.00006, 159.90296, 43.10281 , 0.0  , 0.0   , 2024-04-05 05:22:07.830000, N110  , Bordoloi ,      24,      9.4378, feige34   ,  0.01658888694004281 , True  , True
KR.20240405.25866.67.fits, KCWI    , /KCWI/2024/20240405/lev0/KR.20240405.25866.67.fits, feige34      , RL      , 7000.08105  , 140.1203 , Open   , Small  , "1,1"  , L2U2   ,  30.00003, 159.90296, 43.10281 , 0.0  , 0.0   , 2024-04-05 07:11:06.670000, N110  , Bordoloi ,      24,     35.5219, feige34   ,  0.01658888694004281 , True  , True
KR.20240405.26105.36.fits, KCWI    , /KCWI/2024/20240405/lev0/KR.20240405.26105.36.fits, feige34      , RL      , 7000.08105  , 140.1203 , Open   , Small  , "1,1"  , L2U2   ,  60.00006, 159.90296, 43.10281 , 0.0  , 0.0   , 2024-04-05 07:15:05.360000, N110  , Bordoloi ,      24,     35.5219, feige34   ,  0.01658888694004281 , True  , True
KR.20240406.21369.89.fits, KCWI    , /KCWI/2024/20240406/lev0/KR.20240406.21369.89.fits, hd93521      , RL      , 7249.9834   , 139.77159, Open   , Medium , "2,2"  , L2U2   ,  10.00001, 162.09796, 37.57022 , 0.0  , 0.0   , 2024-04-06 05:56:09.890000, W452  , Kacprzak ,      18,      9.4378, hd93521   ,  0.009306777751340181, True  , True
KR.20240406.21429.50.fits, KCWI    , /KCWI/2024/20240406/lev0/KR.20240406.21429.50.fits, hd93521      , RL      , 7249.9834   , 139.77159, Open   , Medium , "2,2"  , L2U2   ,   1.0    , 162.09796, 37.57022 , 0.0  , 0.0   , 2024-04-06 05:57:09.050000, W452  , Kacprzak ,      18,      9.4378, hd93521   ,  0.009306777751340181, True  , True
KR.20240406.21486.18.fits, KCWI    , /KCWI/2024/20240406/lev0/KR.20240406.21486.18.fits, hd93521      , RL      , 7249.9834   , 139.77159, Open   , Medium , "2,2"  , L2U2   ,   1.0    , 162.09796, 37.57022 , 0.0  , 0.0   , 2024-04-06 05:58:06.180000, W452  , Kacprzak ,      18,      9.4378, hd93521   ,  0.009306777751340181, True  , True
KR.20240406.55606.85.fits, KCWI    , /KCWI/2024/20240406/lev0/KR.20240406.55606.85.fits, bd26d2606    , RH3     , 8299.99316  , 105.78762, Open   , Small  , "1,1"  , L2U2   ,   5.00001, 222.25979, 25.70253 , 0.0  , 0.0   , 2024-04-06 15:26:46.850000, W452  , Kacprzak ,      18,     35.5219, bd26d2606 ,  0.11272747582014571 , True  , True
KR.20240408.19790.65.fits, KCWI    , /KCWI/2024/20240408/lev0/KR.20240408.19790.65.fits, feige34      , RH1     , 6149.98242  , 104.85922, Open   , Large  , "2,2"  , L2U2   ,  60.00006, 159.90296, 43.10281 , 0.0  , 0.0   , 2024-04-08 05:29:50.650000, K453  , McGurk   ,      18,      9.4378, feige34   ,  0.01658888694004281 , True  , True
KR.20240408.19995.69.fits, KCWI    , /KCWI/2024/20240408/lev0/KR.20240408.19995.69.fits, feige34      , RH1     , 6149.98242  , 104.85922, Open   , Large  , "2,2"  , L2U2   , 120.00012, 159.90296, 43.10281 , 0.0  , 0.0   , 2024-04-08 05:33:15.690000, K453  , McGurk   ,      18,      9.4378, feige34   ,  0.01658888694004281 , True  , True
KR.20240408.20159.93.fits, KCWI    , /KCWI/2024/20240408/lev0/KR.20240408.20159.93.fits, feige34      , RH1     , 6149.98242  , 104.85922, Open   , Large  , "2,2"  , L2U2   , 120.00012, 159.90296, 43.10281 , 0.0  , 0.0   , 2024-04-08 05:35:59.930000, K453  , McGurk   ,      18,      9.4378, feige34   ,  0.01658888694004281 , True  , True
KR.20240408.20324.16.fits, KCWI    , /KCWI/2024/20240408/lev0/KR.20240408.20324.16.fits, feige34      , RH1     , 6149.98242  , 104.85922, Open   , Large  , "2,2"  , L2U2   , 120.00012, 159.90296, 43.10281 , 0.0  , 0.0   , 2024-04-08 05:38:44.160000, K453  , McGurk   ,      18,      9.4378, feige34   ,  0.01658888694004281 , True  , True
KR.20240408.50762.52.fits, KCWI    , /KCWI/2024/20240408/lev0/KR.20240408.50762.52.fits, BD023375     , RH2     , 6999.9873   , 106.82272, Open   , Large  , "2,2"  , L2U2   , 120.00012, 264.93996, 2.41639  , 0.0  , 0.0   , 2024-04-08 14:06:02.520000, K453  , McGurk   ,      18,      9.4378, bd02d3375 ,  0.5960301468917096  , True  , True
KR.20240408.51743.89.fits, KCWI    , /KCWI/2024/20240408/lev0/KR.20240408.51743.89.fits, hd180609     , RH2     , 6999.9873   , 106.82272, Open   , Large  , "2,2"  , L2U2   , 240.00024, 288.19662, 64.17694 , 0.0  , 0.0   , 2024-04-08 14:22:23.890000, K453  , McGurk   ,      18,      9.4378, hd180609  ,  0.03518753326751657 , True  , True
KR.20240408.52043.82.fits, KCWI    , /KCWI/2024/20240408/lev0/KR.20240408.52043.82.fits, hd180609     , RH2     , 6999.9873   , 106.82272, Open   , Large  , "2,2"  , L2U2   , 240.00024, 288.19662, 64.17694 , 0.0  , 0.0   , 2024-04-08 14:27:23.820000, K453  , McGurk   ,      18,      9.4378, hd180609  ,  0.03518753326751657 , True  , True
KR.20240408.52402.89.fits, KCWI    , /KCWI/2024/20240408/lev0/KR.20240408.52402.89.fits, hd180609     , RH2     , 6999.9873   , 106.82272, Open   , Large  , "2,2"  , L2U2   , 300.0003 , 288.19662, 64.17694 , 0.0  , 0.0   , 2024-04-08 14:33:22.890000, K453  , McGurk   ,      18,      9.4378, hd180609  ,  0.03518753326751657 , True  , True
KR.20240408.52775.23.fits, KCWI    , /KCWI/2024/20240408/lev0/KR.20240408.52775.23.fits, hd180609     , RH2     , 6999.9873   , 106.82272, Open   , Large  , "2,2"  , L2U2   , 300.0003 , 288.19662, 64.17694 , 0.0  , 0.0   , 2024-04-08 14:39:35.230000, K453  , McGurk   ,      18,      9.4378, hd180609  ,  0.03518753326751657 , True  , True
KR.20240408.53124.12.fits, KCWI    , /KCWI/2024/20240408/lev0/KR.20240408.53124.12.fits, hd180609     , RH2     , 6999.9873   , 106.82272, Open   , Large  , "2,2"  , L2U2   , 300.0003 , 288.19662, 64.17694 , 0.0  , 0.0   , 2024-04-08 14:45:24.120000, K453  , McGurk   ,      18,      9.4378, hd180609  ,  0.03518753326751657 , True  , True
KR.20240408.53471.10.fits, KCWI    , /KCWI/2024/20240408/lev0/KR.20240408.53471.10.fits, hd180609     , RH2     , 6999.9873   , 106.82272, Open   , Large  , "2,2"  , L2U2   , 300.0003 , 288.19662, 64.17694 , 0.0  , 0.0   , 2024-04-08 14:51:11.010000, K453  , McGurk   ,      18,      9.4378, hd180609  ,  0.03518753326751657 , True  , True
KR.20240408.53817.86.fits, KCWI    , /KCWI/2024/20240408/lev0/KR.20240408.53817.86.fits, hd180609     , RH2     , 6999.9873   , 106.82272, Open   , Large  , "2,2"  , L2U2   , 300.0003 , 288.19662, 64.17694 , 0.0  , 0.0   , 2024-04-08 14:56:57.860000, K453  , McGurk   ,      18,      9.4378, hd180609  ,  0.03518753326751657 , True  , True
KR.20240410.43484.60.fits, KCWI    , /KCWI/2024/20240410/lev0/KR.20240410.43484.60.fits, hz44         , RL      , 7524.95508  , 139.3877 , Open   , Large  , "2,2"  , L2U2   ,  30.00003, 200.89737, 36.13333 , 0.0  , 0.0   , 2024-04-10 12:04:44.600000, Y466  , vanDokkum,      18,      9.4378, hz44      ,  0.018850547453741033, True  , True
KR.20240410.43582.52.fits, KCWI    , /KCWI/2024/20240410/lev0/KR.20240410.43582.52.fits, hz44         , RL      , 7524.95508  , 139.3877 , Open   , Large  , "2,2"  , L2U2   ,  30.00003, 200.89737, 36.13333 , 0.0  , 0.0   , 2024-04-10 12:06:22.520000, Y466  , vanDokkum,      18,      9.4378, hz44      ,  0.018850547453741033, True  , True
KR.20240410.44492.38.fits, KCWI    , /KCWI/2024/20240410/lev0/KR.20240410.44492.38.fits, hz44         , RH1     , 6049.99023  , 105.85088, Open   , Medium , "2,2"  , L2U2   ,  30.00003, 200.89737, 36.13333 , 0.0  , 0.0   , 2024-04-10 12:21:32.380000, Y466  , vanDokkum,      18,      9.4378, hz44      ,  0.018850547453741033, True  , True
KR.20240410.44576.20.fits, KCWI    , /KCWI/2024/20240410/lev0/KR.20240410.44576.20.fits, hz44         , RH1     , 6049.99023  , 105.85088, Open   , Medium , "2,2"  , L2U2   ,  30.00003, 200.89737, 36.13333 , 0.0  , 0.0   , 2024-04-10 12:22:56.020000, Y466  , vanDokkum,      18,      9.4378, hz44      ,  0.018850547453741033, True  , True
KR.20240411.23682.45.fits, KCWI    , /KCWI/2024/20240411/lev0/KR.20240411.23682.45.fits, HD93521      , RH3     , 8549.9873   , 103.90332, Open   , Medium , "2,2"  , L2U2   ,  50.00005, 162.09796, 37.57031 , 0.0  , 0.0   , 2024-04-11 06:34:42.450000, U062  , Sales    ,      18,      9.4378, hd93521   ,  0.2650562185706139  , True  , True
KR.20240411.23769.17.fits, KCWI    , /KCWI/2024/20240411/lev0/KR.20240411.23769.17.fits, HD93521      , RH3     , 8549.9873   , 103.90332, Open   , Medium , "2,2"  , L2U2   ,   1.0    , 162.09796, 37.57031 , 0.0  , 0.0   , 2024-04-11 06:36:09.170000, U062  , Sales    ,      18,      9.4378, hd93521   ,  0.2650562185706139  , True  , True
KR.20240414.53356.53.fits, KCWI    , /KCWI/2024/20240414/lev0/KR.20240414.53356.53.fits, bd02d3375    , RH2     , 6749.97803  , 108.92978, Open   , Medium , "2,2"  , L2U2   ,  60.00006, 264.93996, 2.41656  , 0.0  , 0.0   , 2024-04-14 14:49:16.530000, W100  , Gannon   ,      18,      9.4378, bd02d3375 ,  0.017086134736453266, True  , True
KR.20240414.53712.60.fits, KCWI    , /KCWI/2024/20240414/lev0/KR.20240414.53712.60.fits, bd02d3375    , RH2     , 6749.97803  , 108.92978, Open   , Medium , "2,2"  , L2U2   , 300.0003 , 264.93996, 2.41656  , 0.0  , 0.0   , 2024-04-14 14:55:12.600000, W100  , Gannon   ,      18,      9.4378, bd02d3375 ,  0.017086134736453266, True  , True
KR.20240414.54068.63.fits, KCWI    , /KCWI/2024/20240414/lev0/KR.20240414.54068.63.fits, bd02d3375    , RH2     , 6749.97803  , 108.92978, Open   , Medium , "2,2"  , L2U2   , 300.0003 , 264.93996, 2.41656  , 0.0  , 0.0   , 2024-04-14 15:01:08.630000, W100  , Gannon   ,      18,      9.4378, bd02d3375 ,  0.017086134736453266, True  , True
KR.20240430.19644.36.fits, KCWI    , /KCWI/2024/20240430/lev0/KR.20240430.19644.36.fits, feige34      , RM2     , 8899.99219  , 126.66124, Open   , Medium , "2,2"  , L2U2   , 120.00012, 159.90292, 43.10278 , 0.0  , 0.0   , 2024-04-30 05:27:24.360000, U118  , U        ,      18,      9.4378, feige34   ,  0.13644095370318762 , True  , True
KR.20240430.19925.93.fits, KCWI    , /KCWI/2024/20240430/lev0/KR.20240430.19925.93.fits, feige34      , RM2     , 8899.99219  , 126.66124, Open   , Medium , "2,2"  , L2U2   , 210.00021, 159.90292, 43.10278 , 0.0  , 0.0   , 2024-04-30 05:32:05.930000, U118  , U        ,      18,      9.4378, feige34   ,  0.13644095370318762 , True  , True
KR.20240430.20178.91.fits, KCWI    , /KCWI/2024/20240430/lev0/KR.20240430.20178.91.fits, feige34      , RM2     , 8899.99219  , 126.66124, Open   , Medium , "2,2"  , L2U2   , 210.00021, 159.90292, 43.10278 , 0.0  , 0.0   , 2024-04-30 05:36:18.910000, U118  , U        ,      18,      9.4378, feige34   ,  0.13644095370318762 , True  , True
KR.20240430.20433.91.fits, KCWI    , /KCWI/2024/20240430/lev0/KR.20240430.20433.91.fits, feige34      , RM2     , 8899.99219  , 126.66124, Open   , Medium , "2,2"  , L2U2   , 210.00021, 159.90292, 43.10278 , 0.0  , 0.0   , 2024-04-30 05:40:33.910000, U118  , U        ,      18,      9.4378, feige34   ,  0.13644095370318762 , True  , True
KR.20240430.54304.76.fits, KCWI    , /KCWI/2024/20240430/lev0/KR.20240430.54304.76.fits, HD200775     , RM2     , 8899.99219  , 126.66124, Open   , Medium , "2,2"  , L2U2   ,   5.00001, 315.40383, 68.16328 , 0.0  , 0.0   , 2024-04-30 15:05:04.760000, U118  , U        ,      18,      9.4378, hd200775  ,  0.02061217571576662 , True  , True
KR.20240430.54383.30.fits, KCWI    , /KCWI/2024/20240430/lev0/KR.20240430.54383.30.fits, HD200775     , RM2     , 8899.99219  , 126.66124, Open   , Medium , "2,2"  , L2U2   ,   3.0    , 315.40383, 68.16328 , 0.0  , 0.0   , 2024-04-30 15:06:23.300000, U118  , U        ,      18,      9.4378, hd200775  ,  0.02061217571576662 , True  , True
KR.20240430.54455.72.fits, KCWI    , /KCWI/2024/20240430/lev0/KR.20240430.54455.72.fits, HD200775     , RM2     , 8899.99219  , 126.66124, Open   , Medium , "2,2"  , L2U2   ,   3.0    , 315.40383, 68.16328 , 0.0  , 0.0   , 2024-04-30 15:07:35.720000, U118  , U        ,      18,      9.4378, hd200775  ,  0.02061217571576662 , True  , True
KR.20240430.54502.64.fits, KCWI    , /KCWI/2024/20240430/lev0/KR.20240430.54502.64.fits, HD200775     , RM2     , 8899.99219  , 126.66124, Open   , Medium , "2,2"  , L2U2   ,   3.0    , 315.40383, 68.16328 , 0.0  , 0.0   , 2024-04-30 15:08:22.640000, U118  , U        ,      18,      9.4378, hd200775  ,  0.02061217571576662 , True  , True
KR.20240430.54549.56.fits, KCWI    , /KCWI/2024/20240430/lev0/KR.20240430.54549.56.fits, HD200775     , RM2     , 8899.99219  , 126.66124, Open   , Medium , "2,2"  , L2U2   ,   3.0    , 315.40383, 68.16328 , 0.0  , 0.0   , 2024-04-30 15:09:09.560000, U118  , U        ,      18,      9.4378, hd200775  ,  0.02061217571576662 , True  , True
KR.20240430.54876.98.fits, KCWI    , /KCWI/2024/20240430/lev0/KR.20240430.54876.98.fits, HD205905     , RM2     , 8899.99219  , 126.66124, Open   , Medium , "2,2"  , L2U2   ,   3.0    , 324.79229, -27.30658, 0.0  , 0.0   , 2024-04-30 15:14:36.980000, U118  , U        ,      18,      9.4378, hd205905  ,  0.03364803463726436 , True  , True
KR.20240430.55045.28.fits, KCWI    , /KCWI/2024/20240430/lev0/KR.20240430.55045.28.fits, HD205905     , RM2     , 8899.99219  , 126.66124, Open   , Medium , "2,2"  , L2U2   ,   1.5    , 324.79229, -27.30658, 0.0  , 0.0   , 2024-04-30 15:17:25.280000, U118  , U        ,      18,      9.4378, hd205905  ,  0.03364803463726436 , True  , True
KR.20240430.55108.53.fits, KCWI    , /KCWI/2024/20240430/lev0/KR.20240430.55108.53.fits, HD205905     , RM2     , 8899.99219  , 126.66124, Open   , Medium , "2,2"  , L2U2   ,   1.5    , 324.79229, -27.30658, 0.0  , 0.0   , 2024-04-30 15:18:28.530000, U118  , U        ,      18,      9.4378, hd205905  ,  0.03364803463726436 , True  , True
KR.20240430.55154.43.fits, KCWI    , /KCWI/2024/20240430/lev0/KR.20240430.55154.43.fits, HD205905     , RM2     , 8899.99219  , 126.66124, Open   , Medium , "2,2"  , L2U2   ,   1.5    , 324.79229, -27.30658, 0.0  , 0.0   , 2024-04-30 15:19:14.430000, U118  , U        ,      18,      9.4378, hd205905  ,  0.03364803463726436 , True  , True
KR.20240430.55199.31.fits, KCWI    , /KCWI/2024/20240430/lev0/KR.20240430.55199.31.fits, HD205905     , RM2     , 8899.99219  , 126.66124, Open   , Medium , "2,2"  , L2U2   ,   1.5    , 324.79229, -27.30658, 0.0  , 0.0   , 2024-04-30 15:19:59.310000, U118  , U        ,      18,      9.4378, hd205905  ,  0.03364803463726436 , True  , True
KR.20240501.20184.16.fits, KCWI    , /KCWI/2024/20240501/lev0/KR.20240501.20184.16.fits, feige34      , RM2     , 8899.99219  , 126.66124, Open   , Medium , "2,2"  , L2U2   , 150.30015, 159.90292, 43.10278 , 0.0  , 0.0   , 2024-05-01 05:36:24.160000, U118  , U        ,      18,      9.4378, feige34   ,  0.13644095370318762 , True  , True
KR.20240501.20393.20.fits, KCWI    , /KCWI/2024/20240501/lev0/KR.20240501.20393.20.fits, feige34      , RM2     , 8899.99219  , 126.66124, Open   , Medium , "2,2"  , L2U2   , 150.00015, 159.90292, 43.10278 , 0.0  , 0.0   , 2024-05-01 05:39:53.200000, U118  , U        ,      18,      9.4378, feige34   ,  0.13644095370318762 , True  , True
KR.20240501.20594.21.fits, KCWI    , /KCWI/2024/20240501/lev0/KR.20240501.20594.21.fits, feige34      , RM2     , 8899.99219  , 126.66124, Open   , Medium , "2,2"  , L2U2   , 150.00015, 159.90292, 43.10278 , 0.0  , 0.0   , 2024-05-01 05:43:14.210000, U118  , U        ,      18,      9.4378, feige34   ,  0.13644095370318762 , True  , True
KR.20240501.54090.38.fits, KCWI    , /KCWI/2024/20240501/lev0/KR.20240501.54090.38.fits, bd28d4211    , RM2     , 8899.99219  , 126.66124, Open   , Medium , "2,2"  , L2U2   ,  60.00006, 327.79583, 28.86389 , 0.0  , 0.0   , 2024-05-01 15:01:30.380000, U118  , U        ,      18,      9.4378, bd28d4211 ,  0.45520007746908775 , True  , True
KR.20240501.54206.66.fits, KCWI    , /KCWI/2024/20240501/lev0/KR.20240501.54206.66.fits, bd28d4211    , RM2     , 8899.99219  , 126.66124, Open   , Medium , "2,2"  , L2U2   ,  60.00006, 327.79583, 28.86389 , 0.0  , 0.0   , 2024-05-01 15:03:26.660000, U118  , U        ,      18,      9.4378, bd28d4211 ,  0.45520007746908775 , True  , True
KR.20240501.54309.68.fits, KCWI    , /KCWI/2024/20240501/lev0/KR.20240501.54309.68.fits, bd28d4211    , RM2     , 8899.99219  , 126.66124, Open   , Medium , "2,2"  , L2U2   ,  60.00006, 327.79583, 28.86389 , 0.0  , 0.0   , 2024-05-01 15:05:09.680000, U118  , U        ,      18,      9.4378, bd28d4211 ,  0.45520007746908775 , True  , True
KR.20240501.54502.46.fits, KCWI    , /KCWI/2024/20240501/lev0/KR.20240501.54502.46.fits, hd200775     , RM2     , 8899.99219  , 126.66124, Open   , Medium , "2,2"  , L2U2   ,   3.0    , 315.40383, 68.16328 , 0.0  , 0.0   , 2024-05-01 15:08:22.460000, U118  , U        ,      18,      9.4378, hd200775  ,  0.02061217571576662 , True  , True
KR.20240501.54569.78.fits, KCWI    , /KCWI/2024/20240501/lev0/KR.20240501.54569.78.fits, hd200775     , RM2     , 8899.99219  , 126.66124, Open   , Medium , "2,2"  , L2U2   ,   3.0    , 315.40383, 68.16328 , 0.0  , 0.0   , 2024-05-01 15:09:29.780000, U118  , U        ,      18,      9.4378, hd200775  ,  0.02061217571576662 , True  , True
KR.20240501.54633.20.fits, KCWI    , /KCWI/2024/20240501/lev0/KR.20240501.54633.20.fits, hd200775     , RM2     , 8899.99219  , 126.66124, Open   , Medium , "2,2"  , L2U2   ,   1.5    , 315.40383, 68.16328 , 0.0  , 0.0   , 2024-05-01 15:10:33.020000, U118  , U        ,      18,      9.4378, hd200775  ,  0.02061217571576662 , True  , True
KR.20240501.54735.20.fits, KCWI    , /KCWI/2024/20240501/lev0/KR.20240501.54735.20.fits, hd200775     , RM2     , 8899.99219  , 126.66124, Open   , Medium , "2,2"  , L2U2   ,   1.0    , 315.40383, 68.16328 , 0.0  , 0.0   , 2024-05-01 15:12:15.020000, U118  , U        ,      18,      9.4378, hd200775  ,  0.02061217571576662 , True  , True
KR.20240501.54829.88.fits, KCWI    , /KCWI/2024/20240501/lev0/KR.20240501.54829.88.fits, hd200775     , RM2     , 8899.99219  , 126.66124, Open   , Medium , "2,2"  , L2U2   ,   0.5    , 315.40383, 68.16328 , 0.0  , 0.0   , 2024-05-01 15:13:49.880000, U118  , U        ,      18,      9.4378, hd200775  ,  0.02061217571576662 , True  , True
KR.20240501.54918.62.fits, KCWI    , /KCWI/2024/20240501/lev0/KR.20240501.54918.62.fits, hd200775     , RM2     , 8899.99219  , 126.66124, Open   , Medium , "2,2"  , L2U2   ,   0.5    , 315.40383, 68.16328 , 0.0  , 0.0   , 2024-05-01 15:15:18.620000, U118  , U        ,      18,      9.4378, hd200775  ,  0.02061217571576662 , True  , True
KR.20240501.54962.48.fits, KCWI    , /KCWI/2024/20240501/lev0/KR.20240501.54962.48.fits, hd200775     , RM2     , 8899.99219  , 126.66124, Open   , Medium , "2,2"  , L2U2   ,   0.5    , 315.40383, 68.16328 , 0.0  , 0.0   , 2024-05-01 15:16:02.480000, U118  , U        ,      18,      9.4378, hd200775  ,  0.02061217571576662 , True  , True
KR.20240501.55005.32.fits, KCWI    , /KCWI/2024/20240501/lev0/KR.20240501.55005.32.fits, hd200775     , RM2     , 8899.99219  , 126.66124, Open   , Medium , "2,2"  , L2U2   ,   0.5    , 315.40383, 68.16328 , 0.0  , 0.0   , 2024-05-01 15:16:45.320000, U118  , U        ,      18,      9.4378, hd200775  ,  0.02061217571576662 , True  , True
KR.20240501.55066.52.fits, KCWI    , /KCWI/2024/20240501/lev0/KR.20240501.55066.52.fits, hd200775     , RM2     , 8899.99219  , 126.66124, Open   , Medium , "2,2"  , L2U2   ,   0.5    , 315.40383, 68.16328 , 0.0  , 0.0   , 2024-05-01 15:17:46.520000, U118  , U        ,      18,      9.4378, hd200775  ,  0.02061217571576662 , True  , True
KR.20240502.19635.52.fits, KCWI    , /KCWI/2024/20240502/lev0/KR.20240502.19635.52.fits, gd153        , RM2     , 9299.99609  , 125.31869, Open   , Medium , "2,2"  , L2U2   , 120.00012, 194.25967, 22.03128 , 0.0  , 0.0   , 2024-05-02 05:27:15.520000, U064  , Barth    ,      18,      9.4378, gd153     ,  0.02761177451075432 , True  , True
KR.20240502.19856.86.fits, KCWI    , /KCWI/2024/20240502/lev0/KR.20240502.19856.86.fits, gd153        , RM2     , 9299.99609  , 125.31869, Open   , Medium , "2,2"  , L2U2   , 150.00015, 194.25967, 22.03128 , 0.0  , 0.0   , 2024-05-02 05:30:56.860000, U064  , Barth    ,      18,      9.4378, gd153     ,  0.02761177451075432 , True  , True
KR.20240502.20076.16.fits, KCWI    , /KCWI/2024/20240502/lev0/KR.20240502.20076.16.fits, gd153        , RM2     , 9299.99609  , 125.31869, Open   , Medium , "2,2"  , L2U2   , 150.00015, 194.25967, 22.03128 , 0.0  , 0.0   , 2024-05-02 05:34:36.160000, U064  , Barth    ,      18,      9.4378, gd153     ,  0.02761177451075432 , True  , True
KR.20240502.20270.98.fits, KCWI    , /KCWI/2024/20240502/lev0/KR.20240502.20270.98.fits, gd153        , RM2     , 9299.99609  , 125.31869, Open   , Medium , "2,2"  , L2U2   , 150.00015, 194.25967, 22.03128 , 0.0  , 0.0   , 2024-05-02 05:37:50.980000, U064  , Barth    ,      18,      9.4378, gd153     ,  0.02761177451075432 , True  , True
KR.20240502.37328.50.fits, KCWI    , /KCWI/2024/20240502/lev0/KR.20240502.37328.50.fits, gd153        , RM2     , 9849.9375   , 123.44044, Open   , Medium , "2,2"  , L2U2   , 150.00015, 194.25967, 22.03128 , 0.0  , 0.0   , 2024-05-02 10:22:08.500000, U064  , Barth    ,      18,      9.4378, gd153     ,  0.02761177451075432 , True  , True
KR.20240502.37537.60.fits, KCWI    , /KCWI/2024/20240502/lev0/KR.20240502.37537.60.fits, gd153        , RM2     , 9849.9375   , 123.44044, Open   , Medium , "2,2"  , L2U2   , 150.00015, 194.25967, 22.03128 , 0.0  , 0.0   , 2024-05-02 10:25:37.600000, U064  , Barth    ,      18,      9.4378, gd153     ,  0.02761177451075432 , True  , True
KR.20240502.37735.48.fits, KCWI    , /KCWI/2024/20240502/lev0/KR.20240502.37735.48.fits, gd153        , RM2     , 9849.9375   , 123.44044, Open   , Medium , "2,2"  , L2U2   , 150.00015, 194.25967, 22.03128 , 0.0  , 0.0   , 2024-05-02 10:28:55.480000, U064  , Barth    ,      18,      9.4378, gd153     ,  0.02761177451075432 , True  , True
KR.20240502.54083.80.fits, KCWI    , /KCWI/2024/20240502/lev0/KR.20240502.54083.80.fits, bd28d4211    , RM2     , 9299.74219  , 125.31869, Open   , Medium , "2,2"  , L2U2   ,  30.00003, 327.79612, 28.86439 , 0.0  , 0.0   , 2024-05-02 15:01:23.080000, U064  , Barth    ,      18,      9.4378, bd28d4211 ,  0.016263341883482225, True  , True
KR.20240502.54179.98.fits, KCWI    , /KCWI/2024/20240502/lev0/KR.20240502.54179.98.fits, bd28d4211    , RM2     , 9299.74219  , 125.31869, Open   , Medium , "2,2"  , L2U2   ,  30.00003, 327.79612, 28.86439 , 0.0  , 0.0   , 2024-05-02 15:02:59.980000, U064  , Barth    ,      18,      9.4378, bd28d4211 ,  0.016263341883482225, True  , True
KR.20240502.54256.48.fits, KCWI    , /KCWI/2024/20240502/lev0/KR.20240502.54256.48.fits, bd28d4211    , RM2     , 9299.74219  , 125.31869, Open   , Medium , "2,2"  , L2U2   ,  30.00003, 327.79612, 28.86439 , 0.0  , 0.0   , 2024-05-02 15:04:16.480000, U064  , Barth    ,      18,      9.4378, bd28d4211 ,  0.016263341883482225, True  , True
KR.20240503.19774.85.fits, KCWI    , /KCWI/2024/20240503/lev0/KR.20240503.19774.85.fits, Feige34      , RM1     , 6199.99023  , 127.31573, Open   , Large  , "2,2"  , L2U2   ,   5.0    , 159.90308, 43.10256 , 0.0  , 0.0   , 2024-05-03 05:29:34.850000, U242  , Prochaska,      18,      9.4378, feige34   ,  0.27286569355223905 , True  , True
KR.20240503.19870.73.fits, KCWI    , /KCWI/2024/20240503/lev0/KR.20240503.19870.73.fits, Feige34      , RM1     , 6199.99023  , 127.31573, Open   , Large  , "2,2"  , L2U2   ,  15.00002, 159.90308, 43.10256 , 0.0  , 0.0   , 2024-05-03 05:31:10.730000, U242  , Prochaska,      18,      9.4378, feige34   ,  0.27286569355223905 , True  , True
KR.20240503.19977.83.fits, KCWI    , /KCWI/2024/20240503/lev0/KR.20240503.19977.83.fits, Feige34      , RM1     , 6199.99023  , 127.31573, Open   , Large  , "2,2"  , L2U2   ,  45.00005, 159.90308, 43.10256 , 0.0  , 0.0   , 2024-05-03 05:32:57.830000, U242  , Prochaska,      18,      9.4378, feige34   ,  0.27286569355223905 , True  , True
KR.20240503.20101.25.fits, KCWI    , /KCWI/2024/20240503/lev0/KR.20240503.20101.25.fits, Feige34      , RM1     , 6199.99023  , 127.31573, Open   , Large  , "2,2"  , L2U2   ,  60.00006, 159.90308, 43.10256 , 0.0  , 0.0   , 2024-05-03 05:35:01.250000, U242  , Prochaska,      18,      9.4378, feige34   ,  0.27286569355223905 , True  , True
KR.20240503.20289.95.fits, KCWI    , /KCWI/2024/20240503/lev0/KR.20240503.20289.95.fits, Feige34      , RM1     , 6199.99023  , 127.31573, Open   , Large  , "2,2"  , L2U2   , 120.00012, 159.90308, 43.10256 , 0.0  , 0.0   , 2024-05-03 05:38:09.950000, U242  , Prochaska,      18,      9.4378, feige34   ,  0.27286569355223905 , True  , True
KR.20240503.20460.29.fits, KCWI    , /KCWI/2024/20240503/lev0/KR.20240503.20460.29.fits, Feige34      , RM1     , 6199.99023  , 127.31573, Open   , Large  , "2,2"  , L2U2   , 120.00012, 159.90308, 43.10256 , 0.0  , 0.0   , 2024-05-03 05:41:00.290000, U242  , Prochaska,      18,      9.4378, feige34   ,  0.27286569355223905 , True  , True
KR.20240503.53769.51.fits, KCWI    , /KCWI/2024/20240503/lev0/KR.20240503.53769.51.fits, BD+28_4211   , RM1     , 6984.9585   , 124.00474, Open   , Large  , "2,2"  , L2U2   ,  30.00003, 327.79583, 28.86389 , 0.0  , 0.0   , 2024-05-03 14:56:09.510000, U242  , Prochaska,      18,      9.4378, bd28d4211 ,  0.4548476797645788  , True  , True
KR.20240503.53881.71.fits, KCWI    , /KCWI/2024/20240503/lev0/KR.20240503.53881.71.fits, BD+28_4211   , RM1     , 6984.9585   , 124.00474, Open   , Large  , "2,2"  , L2U2   ,  45.00005, 327.79583, 28.86389 , 0.0  , 0.0   , 2024-05-03 14:58:01.710000, U242  , Prochaska,      18,      9.4378, bd28d4211 ,  0.4548476797645788  , True  , True
KR.20240503.53970.45.fits, KCWI    , /KCWI/2024/20240503/lev0/KR.20240503.53970.45.fits, BD+28_4211   , RM1     , 6984.9585   , 124.00474, Open   , Large  , "2,2"  , L2U2   ,  45.00005, 327.79583, 28.86389 , 0.0  , 0.0   , 2024-05-03 14:59:30.450000, U242  , Prochaska,      18,      9.4378, bd28d4211 ,  0.4548476797645788  , True  , True
KR.20240503.54060.21.fits, KCWI    , /KCWI/2024/20240503/lev0/KR.20240503.54060.21.fits, BD+28_4211   , RM1     , 6984.9585   , 124.00474, Open   , Large  , "2,2"  , L2U2   ,  45.00005, 327.79583, 28.86389 , 0.0  , 0.0   , 2024-05-03 15:01:00.210000, U242  , Prochaska,      18,      9.4378, bd28d4211 ,  0.4548476797645788  , True  , True
KR.20240505.54872.56.fits, KCWI    , /KCWI/2024/20240505/lev0/KR.20240505.54872.56.fits, BD174708     , RM1     , 6299.94775  , 126.90049, Open   , Medium , "2,2"  , L2U2   , 300.0003 , 332.88071, 18.09283 , 0.0  , 0.0   , 2024-05-05 15:14:32.560000, K462  , Gomez    ,      18,      9.4378, bd17d4708 ,  0.05439451863147009 , True  , True
KR.20240505.55027.60.fits, KCWI    , /KCWI/2024/20240505/lev0/KR.20240505.55027.60.fits, BD174708     , RM1     , 6299.94775  , 126.90049, Open   , Medium , "2,2"  , L2U2   ,  99.9201 , 332.88071, 18.09283 , 0.0  , 0.0   , 2024-05-05 15:17:07.600000, K462  , Gomez    ,      18,      9.4378, bd17d4708 ,  0.05439451863147009 , True  , True
KR.20240505.55111.24.fits, KCWI    , /KCWI/2024/20240505/lev0/KR.20240505.55111.24.fits, BD174708     , RM1     , 6299.94775  , 126.90049, Open   , Medium , "2,2"  , L2U2   ,  30.00003, 332.88071, 18.09283 , 0.0  , 0.0   , 2024-05-05 15:18:31.240000, K462  , Gomez    ,      18,      9.4378, bd17d4708 ,  0.05439451863147009 , True  , True
KR.20240505.55181.62.fits, KCWI    , /KCWI/2024/20240505/lev0/KR.20240505.55181.62.fits, BD174708     , RM1     , 6299.94775  , 126.90049, Open   , Medium , "2,2"  , L2U2   ,  10.00001, 332.88071, 18.09283 , 0.0  , 0.0   , 2024-05-05 15:19:41.620000, K462  , Gomez    ,      18,      9.4378, bd17d4708 ,  0.05439451863147009 , True  , True
KR.20240508.20877.80.fits, KCWI    , /KCWI/2024/20240508/lev0/KR.20240508.20877.80.fits, bd26d2606    , RL      , 7149.89209  , 139.9113 , Open   , Small  , "1,1"  , L2U2   ,  10.00001, 222.25979, 25.70256 , 0.0  , 0.0   , 2024-05-08 05:47:57.080000, U077  , Treu     ,      18,     35.5219, bd26d2606 ,  0.11462757644381874 , True  , True
KR.20240508.21050.48.fits, KCWI    , /KCWI/2024/20240508/lev0/KR.20240508.21050.48.fits, bd26d2606    , RL      , 7149.89209  , 139.9113 , Open   , Small  , "1,1"  , L2U2   ,  30.00003, 222.25979, 25.70256 , 0.0  , 0.0   , 2024-05-08 05:50:50.480000, U077  , Treu     ,      18,     35.5219, bd26d2606 ,  0.11462757644381874 , True  , True
KR.20240508.21266.72.fits, KCWI    , /KCWI/2024/20240508/lev0/KR.20240508.21266.72.fits, bd26d2606    , RL      , 7149.89209  , 139.9113 , Open   , Small  , "1,1"  , L2U2   ,  90.00009, 222.25979, 25.70256 , 0.0  , 0.0   , 2024-05-08 05:54:26.720000, U077  , Treu     ,      18,     35.5219, bd26d2606 ,  0.11462757644381874 , True  , True
KR.20240508.21516.62.fits, KCWI    , /KCWI/2024/20240508/lev0/KR.20240508.21516.62.fits, bd26d2606    , RL      , 7149.89209  , 139.9113 , Open   , Small  , "1,1"  , L2U2   ,  90.00009, 222.25979, 25.70256 , 0.0  , 0.0   , 2024-05-08 05:58:36.620000, U077  , Treu     ,      18,     35.5219, bd26d2606 ,  0.11462757644381874 , True  , True
KR.20240509.19785.82.fits, KCWI    , /KCWI/2024/20240509/lev0/KR.20240509.19785.82.fits, feige34      , RH2     , 6649.9873   , 109.74982, Open   , Large  , "2,2"  , L2U2   ,  60.00006, 159.90667, 43.10583 , 0.0  , 0.0   , 2024-05-09 05:29:45.820000, U089  , Martin   ,      18,      9.4378, feige34   , 14.619268534100566   , True  , True
KR.20240509.19948.00.fits, KCWI    , /KCWI/2024/20240509/lev0/KR.20240509.19948.00.fits, feige34      , RH2     , 6649.9873   , 109.74982, Open   , Large  , "2,2"  , L2U2   ,  60.00006, 159.90667, 43.10583 , 0.0  , 0.0   , 2024-05-09 05:32:28       , U089  , Martin   ,      18,      9.4378, feige34   , 14.619268534100566   , True  , True
KR.20240509.20059.18.fits, KCWI    , /KCWI/2024/20240509/lev0/KR.20240509.20059.18.fits, feige34      , RH2     , 6649.9873   , 109.74982, Open   , Large  , "2,2"  , L2U2   ,  60.00006, 159.90667, 43.10583 , 0.0  , 0.0   , 2024-05-09 05:34:19.180000, U089  , Martin   ,      18,      9.4378, feige34   , 14.619268534100566   , True  , True
KR.20240509.52956.35.fits, KCWI    , /KCWI/2024/20240509/lev0/KR.20240509.52956.35.fits, BD 284211    , RM2     , 7750.05664  , 130.43039, Open   , Small  , "1,1"  , L2U2   , 140.00014, 327.79792, 28.86361 , 0.0  , 0.0   , 2024-05-09 14:42:36.350000, U089  , Martin   ,      18,     35.5219, bd28d4211 ,  6.315782352893734   , True  , True
KR.20240509.53237.87.fits, KCWI    , /KCWI/2024/20240509/lev0/KR.20240509.53237.87.fits, BD 284211    , RM2     , 7750.05664  , 130.43039, Open   , Small  , "1,1"  , L2U2   , 140.00014, 327.79792, 28.86361 , 0.0  , 0.0   , 2024-05-09 14:47:17.870000, U089  , Martin   ,      18,     35.5219, bd28d4211 ,  6.315782352893734   , True  , True
KR.20240509.53494.91.fits, KCWI    , /KCWI/2024/20240509/lev0/KR.20240509.53494.91.fits, BD 284211    , RM2     , 7750.05664  , 130.43039, Open   , Small  , "1,1"  , L2U2   , 140.00014, 327.79792, 28.86361 , 0.0  , 0.0   , 2024-05-09 14:51:34.910000, U089  , Martin   ,      18,     35.5219, bd28d4211 ,  6.315782352893734   , True  , True
KR.20240509.54057.95.fits, KCWI    , /KCWI/2024/20240509/lev0/KR.20240509.54057.95.fits, BD 284211    , RM2     , 7750.05664  , 130.43039, Open   , Small  , "1,1"  , L2U2   , 140.00014, 327.79792, 28.86361 , 0.0  , 0.0   , 2024-05-09 15:00:57.950000, U089  , Martin   ,      18,     35.5219, bd28d4211 ,  6.315782352893734   , True  , True
KR.20240509.54346.61.fits, KCWI    , /KCWI/2024/20240509/lev0/KR.20240509.54346.61.fits, BD 284211    , RM2     , 7750.05664  , 130.43039, Open   , Small  , "1,1"  , L2U2   , 140.00014, 327.79792, 28.86361 , 0.0  , 0.0   , 2024-05-09 15:05:46.610000, U089  , Martin   ,      18,     35.5219, bd28d4211 ,  6.315782352893734   , True  , True
KR.20240509.54608.75.fits, KCWI    , /KCWI/2024/20240509/lev0/KR.20240509.54608.75.fits, BD 284211    , RM2     , 7750.05664  , 130.43039, Open   , Small  , "1,1"  , L2U2   , 140.00014, 327.79792, 28.86361 , 0.0  , 0.0   , 2024-05-09 15:10:08.750000, U089  , Martin   ,      18,     35.5219, bd28d4211 ,  6.315782352893734   , True  , True
KR.20240510.19924.58.fits, KCWI    , /KCWI/2024/20240510/lev0/KR.20240510.19924.58.fits, feige34      , RM2     , 7749.99121  , 130.43039, Open   , Small  , "1,1"  , L2U2   , 120.00012, 159.90296, 43.10281 , 0.0  , 0.0   , 2024-05-10 05:32:04.580000, U089  , Martin   ,      18,     35.5219, feige34   ,  0.01658888694004281 , True  , True
KR.20240510.20248.94.fits, KCWI    , /KCWI/2024/20240510/lev0/KR.20240510.20248.94.fits, feige34      , RM2     , 7749.99121  , 130.43039, Open   , Small  , "1,1"  , L2U2   , 120.00012, 159.90296, 43.10281 , 0.0  , 0.0   , 2024-05-10 05:37:28.940000, U089  , Martin   ,      18,     35.5219, feige34   ,  0.01658888694004281 , True  , True
KR.20240510.20471.30.fits, KCWI    , /KCWI/2024/20240510/lev0/KR.20240510.20471.30.fits, feige34      , RM2     , 7749.99121  , 130.43039, Open   , Small  , "1,1"  , L2U2   , 120.00012, 159.90296, 43.10281 , 0.0  , 0.0   , 2024-05-10 05:41:11.300000, U089  , Martin   ,      18,     35.5219, feige34   ,  0.01658888694004281 , True  , True
KR.20240510.52465.66.fits, KCWI    , /KCWI/2024/20240510/lev0/KR.20240510.52465.66.fits, bd28d4211    , RM1     , 6999.96289  , 123.94038, Open   , Small  , "1,1"  , L2U2   , 140.00014, 327.79612, 28.86439 , 0.0  , 0.0   , 2024-05-10 14:34:25.660000, U089  , Martin   ,      18,     35.5219, bd28d4211 ,  0.016263341883482225, True  , True
KR.20240510.52707.40.fits, KCWI    , /KCWI/2024/20240510/lev0/KR.20240510.52707.40.fits, bd28d4211    , RM1     , 6999.96289  , 123.94038, Open   , Small  , "1,1"  , L2U2   , 140.00014, 327.79612, 28.86439 , 0.0  , 0.0   , 2024-05-10 14:38:27.400000, U089  , Martin   ,      18,     35.5219, bd28d4211 ,  0.016263341883482225, True  , True
KR.20240510.52949.14.fits, KCWI    , /KCWI/2024/20240510/lev0/KR.20240510.52949.14.fits, bd28d4211    , RM1     , 6999.96289  , 123.94038, Open   , Small  , "1,1"  , L2U2   , 140.00014, 327.79612, 28.86439 , 0.0  , 0.0   , 2024-05-10 14:42:29.140000, U089  , Martin   ,      18,     35.5219, bd28d4211 ,  0.016263341883482225, True  , True
KR.20240528.21405.79.fits, KCWI    , /KCWI/2024/20240528/lev0/KR.20240528.21405.79.fits, hz21         , RH3     , 8549.9873   , 103.90332, Open   , Medium , "2,2"  , L2U2   , 400.00039, 183.48508, 32.94189 , 0.0  , 0.0   , 2024-05-28 05:56:45.790000, U062  , Sales    ,      18,      9.4378, hz21      ,  0.010835976986464236, True  , True
KR.20240529.36156.50.fits, KCWI    , /KCWI/2024/20240529/lev0/KR.20240529.36156.50.fits, hd116405     , RL      , 8029.87891  , 138.67984, Open   , Large  , "2,2"  , L2U2   ,  10.00001, 200.688  , 44.71497 , 0.0  , 0.0   , 2024-05-29 10:02:36.500000, W450  , Fisher   ,      18,      9.4378, hd116405  ,  0.03296321564915344 , True  , True
KR.20240529.36246.26.fits, KCWI    , /KCWI/2024/20240529/lev0/KR.20240529.36246.26.fits, hd116405     , RL      , 8029.87891  , 138.67984, Open   , Large  , "2,2"  , L2U2   ,  18.00002, 200.688  , 44.71497 , 0.0  , 0.0   , 2024-05-29 10:04:06.260000, W450  , Fisher   ,      18,      9.4378, hd116405  ,  0.03296321564915344 , True  , True
KR.20240529.36316.64.fits, KCWI    , /KCWI/2024/20240529/lev0/KR.20240529.36316.64.fits, hd116405     , RL      , 8029.87891  , 138.67984, Open   , Large  , "2,2"  , L2U2   ,  12.00001, 200.688  , 44.71497 , 0.0  , 0.0   , 2024-05-29 10:05:16.640000, W450  , Fisher   ,      18,      9.4378, hd116405  ,  0.03296321564915344 , True  , True
KR.20240529.36386.00.fits, KCWI    , /KCWI/2024/20240529/lev0/KR.20240529.36386.00.fits, hd116405     , RL      , 8029.87891  , 138.67984, Open   , Large  , "2,2"  , L2U2   ,   5.0    , 200.688  , 44.71497 , 0.0  , 0.0   , 2024-05-29 10:06:26       , W450  , Fisher   ,      18,      9.4378, hd116405  ,  0.03296321564915344 , True  , True
KR.20240529.36440.60.fits, KCWI    , /KCWI/2024/20240529/lev0/KR.20240529.36440.60.fits, hd116405     , RL      , 8029.87891  , 138.67984, Open   , Large  , "2,2"  , L2U2   ,   1.0    , 200.688  , 44.71497 , 0.0  , 0.0   , 2024-05-29 10:07:20.060000, W450  , Fisher   ,      18,      9.4378, hd116405  ,  0.03296321564915344 , True  , True
KR.20240529.36502.28.fits, KCWI    , /KCWI/2024/20240529/lev0/KR.20240529.36502.28.fits, hd116405     , RL      , 8029.87891  , 138.67984, Open   , Large  , "2,2"  , L2U2   ,   1.0    , 200.688  , 44.71497 , 0.0  , 0.0   , 2024-05-29 10:08:22.280000, W450  , Fisher   ,      18,      9.4378, hd116405  ,  0.03296321564915344 , True  , True
KR.20240529.36547.16.fits, KCWI    , /KCWI/2024/20240529/lev0/KR.20240529.36547.16.fits, hd116405     , RL      , 8029.87891  , 138.67984, Open   , Large  , "2,2"  , L2U2   ,   1.0    , 200.688  , 44.71497 , 0.0  , 0.0   , 2024-05-29 10:09:07.160000, W450  , Fisher   ,      18,      9.4378, hd116405  ,  0.03296321564915344 , True  , True
KR.20240529.36592.40.fits, KCWI    , /KCWI/2024/20240529/lev0/KR.20240529.36592.40.fits, hd116405     , RL      , 8029.87891  , 138.67984, Open   , Large  , "2,2"  , L2U2   ,   1.0    , 200.688  , 44.71497 , 0.0  , 0.0   , 2024-05-29 10:09:52.040000, W450  , Fisher   ,      18,      9.4378, hd116405  ,  0.03296321564915344 , True  , True
KR.20240530.24362.74.fits, KCWI    , /KCWI/2024/20240530/lev0/KR.20240530.24362.74.fits, hd116405     , RH1     , 6709.98975  ,  98.84662, Open   , Small  , "1,1"  , L2U2   ,   1.0    , 200.688  , 44.71497 , 0.0  , 0.0   , 2024-05-30 06:46:02.740000, W450  , Fisher   ,      18,     35.5219, hd116405  ,  0.03296321564915344 , True  , True
KR.20240530.24601.43.fits, KCWI    , /KCWI/2024/20240530/lev0/KR.20240530.24601.43.fits, hd116405     , RH1     , 6709.98975  ,  98.84662, Open   , Small  , "1,1"  , L2U2   ,  30.00003, 200.688  , 44.71497 , 0.0  , 0.0   , 2024-05-30 06:50:01.430000, W450  , Fisher   ,      18,     35.5219, hd116405  ,  0.03296321564915344 , True  , True
KR.20240530.25024.73.fits, KCWI    , /KCWI/2024/20240530/lev0/KR.20240530.25024.73.fits, hd116405     , RH1     , 6709.98975  ,  98.84662, Open   , Small  , "1,1"  , L2U2   ,  60.00006, 200.688  , 44.71497 , 0.0  , 0.0   , 2024-05-30 06:57:04.730000, W450  , Fisher   ,      18,     35.5219, hd116405  ,  0.03296321564915344 , True  , True
KR.20240530.25232.81.fits, KCWI    , /KCWI/2024/20240530/lev0/KR.20240530.25232.81.fits, hd116405     , RH1     , 6709.98975  ,  98.84662, Open   , Small  , "1,1"  , L2U2   ,  60.00006, 200.688  , 44.71497 , 0.0  , 0.0   , 2024-05-30 07:00:32.810000, W450  , Fisher   ,      18,     35.5219, hd116405  ,  0.03296321564915344 , True  , True
KR.20240530.25399.70.fits, KCWI    , /KCWI/2024/20240530/lev0/KR.20240530.25399.70.fits, hd116405     , RH1     , 6709.98975  ,  98.84662, Open   , Small  , "1,1"  , L2U2   ,  60.00006, 200.688  , 44.71497 , 0.0  , 0.0   , 2024-05-30 07:03:19.070000, W450  , Fisher   ,      18,     35.5219, hd116405  ,  0.03296321564915344 , True  , True
KR.20240609.21697.39.fits, KCWI    , /KCWI/2024/20240609/lev0/KR.20240609.21697.39.fits, feige34      , RL      , 7149.89209  , 139.9113 , Open   , Small  , "1,1"  , L2U2   ,  10.00001, 159.90296, 43.10281 , 0.0  , 0.0   , 2024-06-09 06:01:37.390000, U077  , Treu     ,      18,     35.5219, feige34   ,  0.01658888694004281 , True  , True
KR.20240609.21914.65.fits, KCWI    , /KCWI/2024/20240609/lev0/KR.20240609.21914.65.fits, feige34      , RL      , 7149.89209  , 139.9113 , Open   , Small  , "1,1"  , L2U2   ,  90.00009, 159.90296, 43.10281 , 0.0  , 0.0   , 2024-06-09 06:05:14.650000, U077  , Treu     ,      18,     35.5219, feige34   ,  0.01658888694004281 , True  , True
KR.20240609.22265.53.fits, KCWI    , /KCWI/2024/20240609/lev0/KR.20240609.22265.53.fits, feige34      , RL      , 7149.89209  , 139.9113 , Open   , Small  , "1,1"  , L2U2   , 180.00018, 159.90296, 43.10281 , 0.0  , 0.0   , 2024-06-09 06:11:05.530000, U077  , Treu     ,      18,     35.5219, feige34   ,  0.01658888694004281 , True  , True
KR.20240610.52730.87.fits, KCWI    , /KCWI/2024/20240610/lev0/KR.20240610.52730.87.fits, Feige 110    , RM2     , 8849.99414  , 126.82789, Open   , Small  , "1,1"  , L2U2   ,  10.00001, 349.99325, -5.16561 , 0.0  , 0.0   , 2024-06-10 14:38:50.870000, H386  , Cowie    ,      18,     35.5219, feige110  ,  0.3876527677522434  , True  , True
KR.20240610.52843.70.fits, KCWI    , /KCWI/2024/20240610/lev0/KR.20240610.52843.70.fits, Feige 110    , RM2     , 8849.99414  , 126.82789, Open   , Small  , "1,1"  , L2U2   ,  10.00001, 349.99325, -5.16561 , 0.0  , 0.0   , 2024-06-10 14:40:43.070000, H386  , Cowie    ,      18,     35.5219, feige110  ,  0.3876527677522434  , True  , True
KR.20240610.52954.25.fits, KCWI    , /KCWI/2024/20240610/lev0/KR.20240610.52954.25.fits, Feige 110    , RM2     , 8849.99414  , 126.82789, Open   , Small  , "1,1"  , L2U2   ,  10.00001, 349.99325, -5.16561 , 0.0  , 0.0   , 2024-06-10 14:42:34.250000, H386  , Cowie    ,      18,     35.5219, feige110  ,  0.3876527677522434  , True  , True
KR.20240610.53065.43.fits, KCWI    , /KCWI/2024/20240610/lev0/KR.20240610.53065.43.fits, Feige 110    , RM2     , 8849.99414  , 126.82789, Open   , Small  , "1,1"  , L2U2   ,  10.00001, 349.99325, -5.16561 , 0.0  , 0.0   , 2024-06-10 14:44:25.430000, H386  , Cowie    ,      18,     35.5219, feige110  ,  0.3876527677522434  , True  , True
KR.20240610.53177.63.fits, KCWI    , /KCWI/2024/20240610/lev0/KR.20240610.53177.63.fits, Feige 110    , RM2     , 8849.99414  , 126.82789, Open   , Small  , "1,1"  , L2U2   ,  10.00001, 349.99325, -5.16561 , 0.0  , 0.0   , 2024-06-10 14:46:17.630000, H386  , Cowie    ,      18,     35.5219, feige110  ,  0.3876527677522434  , True  , True
KR.20240610.53288.81.fits, KCWI    , /KCWI/2024/20240610/lev0/KR.20240610.53288.81.fits, Feige 110    , RM2     , 8849.99414  , 126.82789, Open   , Small  , "1,1"  , L2U2   ,  10.00001, 349.99325, -5.16561 , 0.0  , 0.0   , 2024-06-10 14:48:08.810000, H386  , Cowie    ,      18,     35.5219, feige110  ,  0.3876527677522434  , True  , True
KR.20240611.53014.63.fits, KCWI    , /KCWI/2024/20240611/lev0/KR.20240611.53014.63.fits, feige110     , RM2     , 8849.99414  , 126.82789, Open   , Small  , "1,1"  , L2U2   ,  10.00001, 349.99329, -5.1655  , 0.0  , 0.0   , 2024-06-11 14:43:34.630000, H386  , Cowie    ,      18,     35.5219, feige110  ,  0.005975632529793093, True  , True
KR.20240611.53125.81.fits, KCWI    , /KCWI/2024/20240611/lev0/KR.20240611.53125.81.fits, feige110     , RM2     , 8849.99414  , 126.82789, Open   , Small  , "1,1"  , L2U2   ,  10.00001, 349.99329, -5.1655  , 0.0  , 0.0   , 2024-06-11 14:45:25.810000, H386  , Cowie    ,      18,     35.5219, feige110  ,  0.005975632529793093, True  , True
KR.20240611.53236.99.fits, KCWI    , /KCWI/2024/20240611/lev0/KR.20240611.53236.99.fits, feige110     , RM2     , 8849.99414  , 126.82789, Open   , Small  , "1,1"  , L2U2   ,  10.00001, 349.99329, -5.1655  , 0.0  , 0.0   , 2024-06-11 14:47:16.990000, H386  , Cowie    ,      18,     35.5219, feige110  ,  0.005975632529793093, True  , True
KR.20240611.53348.17.fits, KCWI    , /KCWI/2024/20240611/lev0/KR.20240611.53348.17.fits, feige110     , RM2     , 8849.99414  , 126.82789, Open   , Small  , "1,1"  , L2U2   ,  10.00001, 349.99329, -5.1655  , 0.0  , 0.0   , 2024-06-11 14:49:08.170000, H386  , Cowie    ,      18,     35.5219, feige110  ,  0.005975632529793093, True  , True
KR.20240611.53460.37.fits, KCWI    , /KCWI/2024/20240611/lev0/KR.20240611.53460.37.fits, feige110     , RM2     , 8849.99414  , 126.82789, Open   , Small  , "1,1"  , L2U2   ,  10.00001, 349.99329, -5.1655  , 0.0  , 0.0   , 2024-06-11 14:51:00.370000, H386  , Cowie    ,      18,     35.5219, feige110  ,  0.005975632529793093, True  , True
KR.20240611.53571.55.fits, KCWI    , /KCWI/2024/20240611/lev0/KR.20240611.53571.55.fits, feige110     , RM2     , 8849.99414  , 126.82789, Open   , Small  , "1,1"  , L2U2   ,  10.00001, 349.99329, -5.1655  , 0.0  , 0.0   , 2024-06-11 14:52:51.550000, H386  , Cowie    ,      18,     35.5219, feige110  ,  0.005975632529793093, True  , True
KR.20240612.21304.25.fits, KCWI    , /KCWI/2024/20240612/lev0/KR.20240612.21304.25.fits, feige34      , RM2     , 8949.98926  , 126.49459, Open   , Medium , "2,2"  , L2U2   ,  25.00002, 159.90296, 43.10281 , 0.0  , 0.0   , 2024-06-12 05:55:04.250000, U218  , Martin   ,      18,      9.4378, feige34   ,  0.01658888694004281 , True  , True
KR.20240612.21445.10.fits, KCWI    , /KCWI/2024/20240612/lev0/KR.20240612.21445.10.fits, feige34      , RM2     , 8949.98926  , 126.49459, Open   , Medium , "2,2"  , L2U2   ,  40.00004, 159.90296, 43.10281 , 0.0  , 0.0   , 2024-06-12 05:57:25.010000, U218  , Martin   ,      18,      9.4378, feige34   ,  0.01658888694004281 , True  , True
KR.20240612.21550.70.fits, KCWI    , /KCWI/2024/20240612/lev0/KR.20240612.21550.70.fits, feige34      , RM2     , 8949.98926  , 126.49459, Open   , Medium , "2,2"  , L2U2   ,  40.00004, 159.90296, 43.10281 , 0.0  , 0.0   , 2024-06-12 05:59:10.070000, U218  , Martin   ,      18,      9.4378, feige34   ,  0.01658888694004281 , True  , True
KR.20240612.21634.73.fits, KCWI    , /KCWI/2024/20240612/lev0/KR.20240612.21634.73.fits, feige34      , RM2     , 8949.98926  , 126.49459, Open   , Medium , "2,2"  , L2U2   ,  40.00004, 159.90296, 43.10281 , 0.0  , 0.0   , 2024-06-12 06:00:34.730000, U218  , Martin   ,      18,      9.4378, feige34   ,  0.01658888694004281 , True  , True
KR.20240613.20678.39.fits, KCWI    , /KCWI/2024/20240613/lev0/KR.20240613.20678.39.fits, feige34      , RL      , 7149.89209  , 139.9113 , Open   , Medium , "2,2"  , L2U2   ,   5.0    , 159.90296, 43.10281 , 0.0  , 0.0   , 2024-06-13 05:44:38.390000, H350  , Hinkle   ,      18,      9.4378, feige34   ,  0.01658888694004281 , True  , True
KR.20240613.20746.73.fits, KCWI    , /KCWI/2024/20240613/lev0/KR.20240613.20746.73.fits, feige34      , RL      , 7149.89209  , 139.9113 , Open   , Medium , "2,2"  , L2U2   ,  10.00001, 159.90296, 43.10281 , 0.0  , 0.0   , 2024-06-13 05:45:46.730000, H350  , Hinkle   ,      18,      9.4378, feige34   ,  0.01658888694004281 , True  , True
KR.20240613.20800.79.fits, KCWI    , /KCWI/2024/20240613/lev0/KR.20240613.20800.79.fits, feige34      , RL      , 7149.89209  , 139.9113 , Open   , Medium , "2,2"  , L2U2   ,  10.00001, 159.90296, 43.10281 , 0.0  , 0.0   , 2024-06-13 05:46:40.790000, H350  , Hinkle   ,      18,      9.4378, feige34   ,  0.01658888694004281 , True  , True
KR.20240613.20854.85.fits, KCWI    , /KCWI/2024/20240613/lev0/KR.20240613.20854.85.fits, feige34      , RL      , 7149.89209  , 139.9113 , Open   , Medium , "2,2"  , L2U2   ,  10.00001, 159.90296, 43.10281 , 0.0  , 0.0   , 2024-06-13 05:47:34.850000, H350  , Hinkle   ,      18,      9.4378, feige34   ,  0.01658888694004281 , True  , True
KR.20240613.32296.20.fits, KCWI    , /KCWI/2024/20240613/lev0/KR.20240613.32296.20.fits, hz44         , RL      , 7149.89209  , 139.9113 , Open   , Medium , "2,2"  , L2U2   ,   5.00001, 200.89737, 36.13333 , 0.0  , 0.0   , 2024-06-13 08:58:16.200000, H350  , Hinkle   ,      18,      9.4378, hz44      ,  0.018850547453741033, True  , True
KR.20240613.32345.16.fits, KCWI    , /KCWI/2024/20240613/lev0/KR.20240613.32345.16.fits, hz44         , RL      , 7149.89209  , 139.9113 , Open   , Medium , "2,2"  , L2U2   ,   5.0    , 200.89737, 36.13333 , 0.0  , 0.0   , 2024-06-13 08:59:05.160000, H350  , Hinkle   ,      18,      9.4378, hz44      ,  0.018850547453741033, True  , True
KR.20240613.32394.12.fits, KCWI    , /KCWI/2024/20240613/lev0/KR.20240613.32394.12.fits, hz44         , RL      , 7149.89209  , 139.9113 , Open   , Medium , "2,2"  , L2U2   ,   5.00001, 200.89737, 36.13333 , 0.0  , 0.0   , 2024-06-13 08:59:54.120000, H350  , Hinkle   ,      18,      9.4378, hz44      ,  0.018850547453741033, True  , True
KR.20240701.21621.31.fits, KCWI    , /KCWI/2024/20240701/lev0/KR.20240701.21621.31.fits, hz44         , RL      , 7849.95117  , 138.9323 , Open   , Small  , "1,1"  , L2U2   ,  15.00002, 200.89737, 36.13333 , 0.0  , 0.0   , 2024-07-01 06:00:21.310000, U077  , Treu     ,      18,     35.5219, hz44      ,  0.018850547453741033, True  , True
KR.20240701.21859.99.fits, KCWI    , /KCWI/2024/20240701/lev0/KR.20240701.21859.99.fits, hz44         , RL      , 7849.95117  , 138.9323 , Open   , Small  , "1,1"  , L2U2   ,  90.00009, 200.89737, 36.13333 , 0.0  , 0.0   , 2024-07-01 06:04:19.990000, U077  , Treu     ,      18,     35.5219, hz44      ,  0.018850547453741033, True  , True
KR.20240701.22051.75.fits, KCWI    , /KCWI/2024/20240701/lev0/KR.20240701.22051.75.fits, hz44         , RL      , 7849.95117  , 138.9323 , Open   , Small  , "1,1"  , L2U2   ,  90.00009, 200.89737, 36.13333 , 0.0  , 0.0   , 2024-07-01 06:07:31.750000, U077  , Treu     ,      18,     35.5219, hz44      ,  0.018850547453741033, True  , True
KR.20240701.22242.49.fits, KCWI    , /KCWI/2024/20240701/lev0/KR.20240701.22242.49.fits, hz44         , RL      , 7849.95117  , 138.9323 , Open   , Small  , "1,1"  , L2U2   ,  90.00009, 200.89737, 36.13333 , 0.0  , 0.0   , 2024-07-01 06:10:42.490000, U077  , Treu     ,      18,     35.5219, hz44      ,  0.018850547453741033, True  , True
KR.20240701.49965.13.fits, KCWI    , /KCWI/2024/20240701/lev0/KR.20240701.49965.13.fits, bd28d4211    , RL      , 7149.89209  , 139.9113 , Open   , Small  , "1,1"  , L2U2   ,  30.40003, 327.79612, 28.86439 , 0.0  , 0.0   , 2024-07-01 13:52:45.130000, U077  , Treu     ,      18,     35.5219, bd28d4211 ,  0.016263341883482225, True  , True
KR.20240701.50096.71.fits, KCWI    , /KCWI/2024/20240701/lev0/KR.20240701.50096.71.fits, bd28d4211    , RL      , 7149.89209  , 139.9113 , Open   , Small  , "1,1"  , L2U2   ,  30.00003, 327.79612, 28.86439 , 0.0  , 0.0   , 2024-07-01 13:54:56.710000, U077  , Treu     ,      18,     35.5219, bd28d4211 ,  0.016263341883482225, True  , True
KR.20240701.50281.33.fits, KCWI    , /KCWI/2024/20240701/lev0/KR.20240701.50281.33.fits, bd28d4211    , RL      , 7149.89209  , 139.9113 , Open   , Small  , "1,1"  , L2U2   ,  60.00006, 327.79612, 28.86439 , 0.0  , 0.0   , 2024-07-01 13:58:01.330000, U077  , Treu     ,      18,     35.5219, bd28d4211 ,  0.016263341883482225, True  , True
KR.20240701.50483.30.fits, KCWI    , /KCWI/2024/20240701/lev0/KR.20240701.50483.30.fits, bd28d4211    , RL      , 7149.89209  , 139.9113 , Open   , Small  , "1,1"  , L2U2   ,  75.00008, 327.79612, 28.86439 , 0.0  , 0.0   , 2024-07-01 14:01:23.300000, U077  , Treu     ,      18,     35.5219, bd28d4211 ,  0.016263341883482225, True  , True
KR.20240701.50680.16.fits, KCWI    , /KCWI/2024/20240701/lev0/KR.20240701.50680.16.fits, bd28d4211    , RL      , 7149.89209  , 139.9113 , Open   , Small  , "1,1"  , L2U2   ,  75.00008, 327.79612, 28.86439 , 0.0  , 0.0   , 2024-07-01 14:04:40.160000, U077  , Treu     ,      18,     35.5219, bd28d4211 ,  0.016263341883482225, True  , True
KR.20240701.50899.46.fits, KCWI    , /KCWI/2024/20240701/lev0/KR.20240701.50899.46.fits, bd28d4211    , RL      , 7849.95117  , 138.9323 , Open   , Small  , "1,1"  , L2U2   ,  75.00008, 327.79612, 28.86439 , 0.0  , 0.0   , 2024-07-01 14:08:19.460000, U077  , Treu     ,      18,     35.5219, bd28d4211 ,  0.016263341883482225, True  , True
KR.20240701.51100.40.fits, KCWI    , /KCWI/2024/20240701/lev0/KR.20240701.51100.40.fits, bd28d4211    , RL      , 7849.95117  , 138.9323 , Open   , Small  , "1,1"  , L2U2   ,  75.00008, 327.79612, 28.86439 , 0.0  , 0.0   , 2024-07-01 14:11:40.400000, U077  , Treu     ,      18,     35.5219, bd28d4211 ,  0.016263341883482225, True  , True
KR.20240701.51279.92.fits, KCWI    , /KCWI/2024/20240701/lev0/KR.20240701.51279.92.fits, bd28d4211    , RL      , 7849.95117  , 138.9323 , Open   , Small  , "1,1"  , L2U2   ,  75.00008, 327.79612, 28.86439 , 0.0  , 0.0   , 2024-07-01 14:14:39.920000, U077  , Treu     ,      18,     35.5219, bd28d4211 ,  0.016263341883482225, True  , True
KR.20240702.20599.40.fits, KCWI    , /KCWI/2024/20240702/lev0/KR.20240702.20599.40.fits, bd26d2606    , RL      , 8399.98438  , 138.1601 , Open   , Medium , "2,2"  , L2U2   ,   1.0    , 222.25979, 25.70017 , 0.0  , 0.0   , 2024-07-02 05:43:19.400000, U054  , Coil     ,      18,      9.4378, bd26d2606 ,  0.11433810349896391 , True  , True
KR.20240702.20709.56.fits, KCWI    , /KCWI/2024/20240702/lev0/KR.20240702.20709.56.fits, bd26d2606    , RL      , 8399.98438  , 138.1601 , Open   , Medium , "2,2"  , L2U2   ,   4.0    , 222.25979, 25.70017 , 0.0  , 0.0   , 2024-07-02 05:45:09.560000, U054  , Coil     ,      18,      9.4378, bd26d2606 ,  0.11433810349896391 , True  , True
KR.20240702.20759.54.fits, KCWI    , /KCWI/2024/20240702/lev0/KR.20240702.20759.54.fits, bd26d2606    , RL      , 8399.98438  , 138.1601 , Open   , Medium , "2,2"  , L2U2   ,   4.0    , 222.25979, 25.70017 , 0.0  , 0.0   , 2024-07-02 05:45:59.540000, U054  , Coil     ,      18,      9.4378, bd26d2606 ,  0.11433810349896391 , True  , True
KR.20240702.20807.48.fits, KCWI    , /KCWI/2024/20240702/lev0/KR.20240702.20807.48.fits, bd26d2606    , RL      , 8399.98438  , 138.1601 , Open   , Medium , "2,2"  , L2U2   ,   4.0    , 222.25979, 25.70017 , 0.0  , 0.0   , 2024-07-02 05:46:47.480000, U054  , Coil     ,      18,      9.4378, bd26d2606 ,  0.11433810349896391 , True  , True
KR.20240702.20861.54.fits, KCWI    , /KCWI/2024/20240702/lev0/KR.20240702.20861.54.fits, bd26d2606    , RL      , 8399.98438  , 138.1601 , Open   , Medium , "2,2"  , L2U2   ,   4.0    , 222.25979, 25.70044 , 0.0  , 1.0   , 2024-07-02 05:47:41.540000, U054  , Coil     ,      18,      9.4378, bd26d2606 ,  1.034441374860494   , True  , True
KR.20240702.20909.48.fits, KCWI    , /KCWI/2024/20240702/lev0/KR.20240702.20909.48.fits, bd26d2606    , RL      , 8399.98438  , 138.1601 , Open   , Medium , "2,2"  , L2U2   ,   4.0    , 222.25979, 25.70044 , 0.0  , 1.0   , 2024-07-02 05:48:29.480000, U054  , Coil     ,      18,      9.4378, bd26d2606 ,  1.034441374860494   , True  , True
KR.20240702.20984.96.fits, KCWI    , /KCWI/2024/20240702/lev0/KR.20240702.20984.96.fits, bd26d2606    , RL      , 8399.98438  , 138.1601 , Open   , Medium , "2,2"  , L2U2   ,   4.0    , 222.25979, 25.70017 , 0.0  , 0.0   , 2024-07-02 05:49:44.960000, U054  , Coil     ,      18,      9.4378, bd26d2606 ,  0.11433810349896391 , True  , True
KR.20240702.52009.30.fits, KCWI    , /KCWI/2024/20240702/lev0/KR.20240702.52009.30.fits, bd28d4211    , RL      , 8400.10449  , 138.1601 , Open   , Medium , "2,2"  , L2U2   ,   4.0    , 327.79587, 28.864   , 0.0  , 0.0   , 2024-07-02 14:26:49.300000, U054  , Coil     ,      18,      9.4378, bd28d4211 ,  0.06385650582199358 , True  , True
KR.20240702.52135.78.fits, KCWI    , /KCWI/2024/20240702/lev0/KR.20240702.52135.78.fits, bd28d4211    , RL      , 8400.10449  , 138.1601 , Open   , Medium , "2,2"  , L2U2   ,   8.00001, 327.79587, 28.864   , 0.0  , 0.0   , 2024-07-02 14:28:55.780000, U054  , Coil     ,      18,      9.4378, bd28d4211 ,  0.06385650582199358 , True  , True
KR.20240702.52222.48.fits, KCWI    , /KCWI/2024/20240702/lev0/KR.20240702.52222.48.fits, bd28d4211    , RL      , 8400.10449  , 138.1601 , Open   , Medium , "2,2"  , L2U2   ,  10.00001, 327.79587, 28.864   , 0.0  , 0.0   , 2024-07-02 14:30:22.480000, U054  , Coil     ,      18,      9.4378, bd28d4211 ,  0.06385650582199358 , True  , True
KR.20240702.52314.28.fits, KCWI    , /KCWI/2024/20240702/lev0/KR.20240702.52314.28.fits, bd28d4211    , RL      , 8400.10449  , 138.1601 , Open   , Medium , "2,2"  , L2U2   ,   9.00001, 327.79587, 28.864   , 0.0  , 0.0   , 2024-07-02 14:31:54.280000, U054  , Coil     ,      18,      9.4378, bd28d4211 ,  0.06385650582199358 , True  , True
KR.20240702.52607.20.fits, KCWI    , /KCWI/2024/20240702/lev0/KR.20240702.52607.20.fits, bd28d4211    , RL      , 8400.10449  , 138.1601 , Open   , Medium , "2,2"  , L2U2   ,   9.00001, 327.79621, 28.864   , 1.1  , 0.0   , 2024-07-02 14:36:47.020000, U054  , Coil     ,      18,      9.4378, bd28d4211 ,  1.0083579686027628  , True  , True
KR.20240702.52659.40.fits, KCWI    , /KCWI/2024/20240702/lev0/KR.20240702.52659.40.fits, bd28d4211    , RL      , 8400.10449  , 138.1601 , Open   , Medium , "2,2"  , L2U2   ,   9.00001, 327.79621, 28.864   , 1.1  , 0.0   , 2024-07-02 14:37:39.040000, U054  , Coil     ,      18,      9.4378, bd28d4211 ,  1.0083579686027628  , True  , True
KR.20240702.52711.60.fits, KCWI    , /KCWI/2024/20240702/lev0/KR.20240702.52711.60.fits, bd28d4211    , RL      , 8400.10449  , 138.1601 , Open   , Medium , "2,2"  , L2U2   ,   9.00001, 327.79621, 28.864   , 1.1  , 0.0   , 2024-07-02 14:38:31.060000, U054  , Coil     ,      18,      9.4378, bd28d4211 ,  1.0083579686027628  , True  , True
KR.20240702.52983.40.fits, KCWI    , /KCWI/2024/20240702/lev0/KR.20240702.52983.40.fits, feige110     , RL      , 8400.10449  , 138.1601 , Open   , Medium , "2,2"  , L2U2   ,   9.00001, 349.99325, -5.1655  , 0.0  , 0.0   , 2024-07-02 14:43:03.400000, U054  , Coil     ,      18,      9.4378, feige110  ,  0.07176947519256867 , True  , True
KR.20240702.53084.38.fits, KCWI    , /KCWI/2024/20240702/lev0/KR.20240702.53084.38.fits, feige110     , RL      , 8400.10449  , 138.1601 , Open   , Medium , "2,2"  , L2U2   ,  12.00001, 349.99325, -5.1655  , 0.0  , 0.0   , 2024-07-02 14:44:44.380000, U054  , Coil     ,      18,      9.4378, feige110  ,  0.07176947519256867 , True  , True
KR.20240702.53161.90.fits, KCWI    , /KCWI/2024/20240702/lev0/KR.20240702.53161.90.fits, feige110     , RL      , 8400.10449  , 138.1601 , Open   , Medium , "2,2"  , L2U2   ,  15.00002, 349.99325, -5.1655  , 0.0  , 0.0   , 2024-07-02 14:46:01.900000, U054  , Coil     ,      18,      9.4378, feige110  ,  0.07176947519256867 , True  , True
KR.20240702.53285.32.fits, KCWI    , /KCWI/2024/20240702/lev0/KR.20240702.53285.32.fits, feige110     , RL      , 8400.10449  , 138.1601 , Open   , Medium , "2,2"  , L2U2   ,  15.00002, 349.99325, -5.16578 , 0.0  , -1.0  , 2024-07-02 14:48:05.320000, U054  , Coil     ,      18,      9.4378, feige110  ,  0.9957786409560256  , True  , True
KR.20240702.53348.56.fits, KCWI    , /KCWI/2024/20240702/lev0/KR.20240702.53348.56.fits, feige110     , RL      , 8400.10449  , 138.1601 , Open   , Medium , "2,2"  , L2U2   ,  15.00002, 349.99325, -5.16578 , 0.0  , -1.0  , 2024-07-02 14:49:08.560000, U054  , Coil     ,      18,      9.4378, feige110  ,  0.9957786409560256  , True  , True
KR.20240702.53406.70.fits, KCWI    , /KCWI/2024/20240702/lev0/KR.20240702.53406.70.fits, feige110     , RL      , 8400.10449  , 138.1601 , Open   , Medium , "2,2"  , L2U2   ,  15.00001, 349.99325, -5.16578 , 0.0  , -1.0  , 2024-07-02 14:50:06.700000, U054  , Coil     ,      18,      9.4378, feige110  ,  0.9957786409560256  , True  , True
KR.20240703.21022.62.fits, KCWI    , /KCWI/2024/20240703/lev0/KR.20240703.21022.62.fits, bd26d2606    , RL      , 9199.90332  , 137.0304 , Open   , Medium , "2,2"  , L2U2   ,   4.0    , 222.25975, 25.70017 , 0.0  , 0.0   , 2024-07-03 05:50:22.620000, U054  , Coil     ,      18,      9.4378, bd26d2606 ,  0.06638450616447725 , True  , True
KR.20240703.21070.56.fits, KCWI    , /KCWI/2024/20240703/lev0/KR.20240703.21070.56.fits, bd26d2606    , RL      , 9199.90332  , 137.0304 , Open   , Medium , "2,2"  , L2U2   ,   4.0    , 222.25975, 25.70017 , 0.0  , 0.0   , 2024-07-03 05:51:10.560000, U054  , Coil     ,      18,      9.4378, bd26d2606 ,  0.06638450616447725 , True  , True
KR.20240703.21120.54.fits, KCWI    , /KCWI/2024/20240703/lev0/KR.20240703.21120.54.fits, bd26d2606    , RL      , 9199.90332  , 137.0304 , Open   , Medium , "2,2"  , L2U2   ,   6.00001, 222.25975, 25.70017 , 0.0  , 0.0   , 2024-07-03 05:52:00.540000, U054  , Coil     ,      18,      9.4378, bd26d2606 ,  0.06638450616447725 , True  , True
KR.20240703.21208.26.fits, KCWI    , /KCWI/2024/20240703/lev0/KR.20240703.21208.26.fits, bd26d2606    , RL      , 9199.90332  , 137.0304 , Open   , Medium , "2,2"  , L2U2   ,   6.00001, 222.25946, 25.70017 , -1.1 , 0.0   , 2024-07-03 05:53:28.260000, U054  , Coil     ,      18,      9.4378, bd26d2606 ,  0.9735278298818701  , True  , True
KR.20240703.21258.24.fits, KCWI    , /KCWI/2024/20240703/lev0/KR.20240703.21258.24.fits, bd26d2606    , RL      , 9199.90332  , 137.0304 , Open   , Medium , "2,2"  , L2U2   ,   6.00001, 222.25946, 25.70017 , -1.1 , 0.0   , 2024-07-03 05:54:18.240000, U054  , Coil     ,      18,      9.4378, bd26d2606 ,  0.9735278298818701  , True  , True
KR.20240703.21308.22.fits, KCWI    , /KCWI/2024/20240703/lev0/KR.20240703.21308.22.fits, bd26d2606    , RL      , 9199.90332  , 137.0304 , Open   , Medium , "2,2"  , L2U2   ,   6.00001, 222.25946, 25.70017 , -1.1 , 0.0   , 2024-07-03 05:55:08.220000, U054  , Coil     ,      18,      9.4378, bd26d2606 ,  0.9735278298818701  , True  , True
KR.20240703.21375.54.fits, KCWI    , /KCWI/2024/20240703/lev0/KR.20240703.21375.54.fits, bd26d2606    , RL      , 8399.99121  , 138.1601 , Open   , Medium , "2,2"  , L2U2   ,   6.00001, 222.25946, 25.70017 , -1.1 , 0.0   , 2024-07-03 05:56:15.540000, U054  , Coil     ,      18,      9.4378, bd26d2606 ,  0.9735278298818701  , True  , True
KR.20240703.21425.52.fits, KCWI    , /KCWI/2024/20240703/lev0/KR.20240703.21425.52.fits, bd26d2606    , RL      , 8399.98438  , 138.1601 , Open   , Medium , "2,2"  , L2U2   ,   6.00001, 222.25946, 25.70017 , -1.1 , 0.0   , 2024-07-03 05:57:05.520000, U054  , Coil     ,      18,      9.4378, bd26d2606 ,  0.9735278298818701  , True  , True
KR.20240703.21475.50.fits, KCWI    , /KCWI/2024/20240703/lev0/KR.20240703.21475.50.fits, bd26d2606    , RL      , 8399.98438  , 138.1601 , Open   , Medium , "2,2"  , L2U2   ,   6.00001, 222.25946, 25.70017 , -1.1 , 0.0   , 2024-07-03 05:57:55.500000, U054  , Coil     ,      18,      9.4378, bd26d2606 ,  0.9735278298818701  , True  , True
KR.20240703.21530.58.fits, KCWI    , /KCWI/2024/20240703/lev0/KR.20240703.21530.58.fits, bd26d2606    , RL      , 8399.98438  , 138.1601 , Open   , Medium , "2,2"  , L2U2   ,   6.00001, 222.25975, 25.70017 , 0.0  , 0.0   , 2024-07-03 05:58:50.580000, U054  , Coil     ,      18,      9.4378, bd26d2606 ,  0.06638450616447725 , True  , True
KR.20240703.21580.56.fits, KCWI    , /KCWI/2024/20240703/lev0/KR.20240703.21580.56.fits, bd26d2606    , RL      , 8399.98438  , 138.1601 , Open   , Medium , "2,2"  , L2U2   ,   6.00001, 222.25975, 25.70017 , 0.0  , 0.0   , 2024-07-03 05:59:40.560000, U054  , Coil     ,      18,      9.4378, bd26d2606 ,  0.06638450616447725 , True  , True
KR.20240703.21630.54.fits, KCWI    , /KCWI/2024/20240703/lev0/KR.20240703.21630.54.fits, bd26d2606    , RL      , 8399.98438  , 138.1601 , Open   , Medium , "2,2"  , L2U2   ,   6.00001, 222.25975, 25.70017 , 0.0  , 0.0   , 2024-07-03 06:00:30.540000, U054  , Coil     ,      18,      9.4378, bd26d2606 ,  0.06638450616447725 , True  , True
KR.20240703.21700.92.fits, KCWI    , /KCWI/2024/20240703/lev0/KR.20240703.21700.92.fits, bd26d2606    , RL      , 7099.8877   , 139.98114, Open   , Medium , "2,2"  , L2U2   ,   6.00001, 222.25975, 25.70017 , 0.0  , 0.0   , 2024-07-03 06:01:40.920000, U054  , Coil     ,      18,      9.4378, bd26d2606 ,  0.06638450616447725 , True  , True
KR.20240703.21750.90.fits, KCWI    , /KCWI/2024/20240703/lev0/KR.20240703.21750.90.fits, bd26d2606    , RL      , 7099.89404  , 139.9817 , Open   , Medium , "2,2"  , L2U2   ,   6.00001, 222.25975, 25.70017 , 0.0  , 0.0   , 2024-07-03 06:02:30.900000, U054  , Coil     ,      18,      9.4378, bd26d2606 ,  0.06638450616447725 , True  , True
KR.20240703.21800.88.fits, KCWI    , /KCWI/2024/20240703/lev0/KR.20240703.21800.88.fits, bd26d2606    , RL      , 7099.8877   , 139.98114, Open   , Medium , "2,2"  , L2U2   ,   6.00001, 222.25975, 25.70017 , 0.0  , 0.0   , 2024-07-03 06:03:20.880000, U054  , Coil     ,      18,      9.4378, bd26d2606 ,  0.06638450616447725 , True  , True
KR.20240703.21861.60.fits, KCWI    , /KCWI/2024/20240703/lev0/KR.20240703.21861.60.fits, bd26d2606    , RL      , 7099.8877   , 139.98114, Open   , Medium , "2,2"  , L2U2   ,   6.00001, 222.25946, 25.70017 , -1.1 , 0.0   , 2024-07-03 06:04:21.060000, U054  , Coil     ,      18,      9.4378, bd26d2606 ,  0.9735278298818701  , True  , True
KR.20240703.21911.40.fits, KCWI    , /KCWI/2024/20240703/lev0/KR.20240703.21911.40.fits, bd26d2606    , RL      , 7099.8877   , 139.98114, Open   , Medium , "2,2"  , L2U2   ,   6.00001, 222.25946, 25.70017 , -1.1 , 0.0   , 2024-07-03 06:05:11.040000, U054  , Coil     ,      18,      9.4378, bd26d2606 ,  0.9735278298818701  , True  , True
KR.20240703.21961.20.fits, KCWI    , /KCWI/2024/20240703/lev0/KR.20240703.21961.20.fits, bd26d2606    , RL      , 7099.8877   , 139.98114, Open   , Medium , "2,2"  , L2U2   ,   6.00001, 222.25946, 25.70017 , -1.1 , 0.0   , 2024-07-03 06:06:01.020000, U054  , Coil     ,      18,      9.4378, bd26d2606 ,  0.9735278298818701  , True  , True
KR.20240703.51772.63.fits, KCWI    , /KCWI/2024/20240703/lev0/KR.20240703.51772.63.fits, bd28d4211    , RL      , 7099.8877   , 139.98114, Open   , Medium , "2,2"  , L2U2   ,   6.00001, 327.79587, 28.864   , 0.0  , 0.0   , 2024-07-03 14:22:52.630000, U054  , Coil     ,      18,      9.4378, bd28d4211 ,  0.06376029696336295 , True  , True
KR.20240703.51878.71.fits, KCWI    , /KCWI/2024/20240703/lev0/KR.20240703.51878.71.fits, bd28d4211    , RL      , 7099.8877   , 139.98114, Open   , Medium , "2,2"  , L2U2   ,   6.00001, 327.79587, 28.864   , 0.0  , 0.0   , 2024-07-03 14:24:38.710000, U054  , Coil     ,      18,      9.4378, bd28d4211 ,  0.06376029696336295 , True  , True
KR.20240703.51928.69.fits, KCWI    , /KCWI/2024/20240703/lev0/KR.20240703.51928.69.fits, bd28d4211    , RL      , 7099.8877   , 139.98114, Open   , Medium , "2,2"  , L2U2   ,   6.00001, 327.79587, 28.864   , 0.0  , 0.0   , 2024-07-03 14:25:28.690000, U054  , Coil     ,      18,      9.4378, bd28d4211 ,  0.06376029696336295 , True  , True
KR.20240703.51978.67.fits, KCWI    , /KCWI/2024/20240703/lev0/KR.20240703.51978.67.fits, bd28d4211    , RL      , 7099.8877   , 139.98114, Open   , Medium , "2,2"  , L2U2   ,   6.00001, 327.79587, 28.864   , 0.0  , 0.0   , 2024-07-03 14:26:18.670000, U054  , Coil     ,      18,      9.4378, bd28d4211 ,  0.06376029696336295 , True  , True
KR.20240703.52034.77.fits, KCWI    , /KCWI/2024/20240703/lev0/KR.20240703.52034.77.fits, bd28d4211    , RL      , 7099.8877   , 139.98114, Open   , Medium , "2,2"  , L2U2   ,   6.00001, 327.79558, 28.864   , -1.1 , 0.0   , 2024-07-03 14:27:14.770000, U054  , Coil     ,      18,      9.4378, bd28d4211 ,  0.9778333752170242  , True  , True
KR.20240703.52084.75.fits, KCWI    , /KCWI/2024/20240703/lev0/KR.20240703.52084.75.fits, bd28d4211    , RL      , 7099.8877   , 139.98114, Open   , Medium , "2,2"  , L2U2   ,   6.00001, 327.79558, 28.864   , -1.1 , 0.0   , 2024-07-03 14:28:04.750000, U054  , Coil     ,      18,      9.4378, bd28d4211 ,  0.9778333752170242  , True  , True
KR.20240703.52134.73.fits, KCWI    , /KCWI/2024/20240703/lev0/KR.20240703.52134.73.fits, bd28d4211    , RL      , 7099.8877   , 139.98114, Open   , Medium , "2,2"  , L2U2   ,   6.00001, 327.79558, 28.864   , -1.1 , 0.0   , 2024-07-03 14:28:54.730000, U054  , Coil     ,      18,      9.4378, bd28d4211 ,  0.9778333752170242  , True  , True
KR.20240703.52236.73.fits, KCWI    , /KCWI/2024/20240703/lev0/KR.20240703.52236.73.fits, bd28d4211    , RL      , 8399.97656  , 138.15955, Open   , Medium , "2,2"  , L2U2   ,   6.00001, 327.79558, 28.864   , -1.1 , 0.0   , 2024-07-03 14:30:36.730000, U054  , Coil     ,      18,      9.4378, bd28d4211 ,  0.9778333752170242  , True  , True
KR.20240703.52286.71.fits, KCWI    , /KCWI/2024/20240703/lev0/KR.20240703.52286.71.fits, bd28d4211    , RL      , 8399.98438  , 138.1601 , Open   , Medium , "2,2"  , L2U2   ,   6.00001, 327.79558, 28.864   , -1.1 , 0.0   , 2024-07-03 14:31:26.710000, U054  , Coil     ,      18,      9.4378, bd28d4211 ,  0.9778333752170242  , True  , True
KR.20240703.52336.69.fits, KCWI    , /KCWI/2024/20240703/lev0/KR.20240703.52336.69.fits, bd28d4211    , RL      , 8399.98438  , 138.1601 , Open   , Medium , "2,2"  , L2U2   ,   6.00001, 327.79558, 28.864   , -1.1 , 0.0   , 2024-07-03 14:32:16.690000, U054  , Coil     ,      18,      9.4378, bd28d4211 ,  0.9778333752170242  , True  , True
KR.20240703.52456.30.fits, KCWI    , /KCWI/2024/20240703/lev0/KR.20240703.52456.30.fits, bd28d4211    , RL      , 8399.98438  , 138.1601 , Open   , Medium , "2,2"  , L2U2   ,   6.00001, 327.79587, 28.864   , 0.0  , 0.0   , 2024-07-03 14:34:16.030000, U054  , Coil     ,      18,      9.4378, bd28d4211 ,  0.06376029696336295 , True  , True
KR.20240703.52505.91.fits, KCWI    , /KCWI/2024/20240703/lev0/KR.20240703.52505.91.fits, bd28d4211    , RL      , 8399.98438  , 138.1601 , Open   , Medium , "2,2"  , L2U2   ,   6.00001, 327.79587, 28.864   , 0.0  , 0.0   , 2024-07-03 14:35:05.910000, U054  , Coil     ,      18,      9.4378, bd28d4211 ,  0.06376029696336295 , True  , True
KR.20240703.52555.99.fits, KCWI    , /KCWI/2024/20240703/lev0/KR.20240703.52555.99.fits, bd28d4211    , RL      , 8399.98438  , 138.1601 , Open   , Medium , "2,2"  , L2U2   ,   6.00001, 327.79587, 28.864   , 0.0  , 0.0   , 2024-07-03 14:35:55.990000, U054  , Coil     ,      18,      9.4378, bd28d4211 ,  0.06376029696336295 , True  , True
KR.20240703.52661.50.fits, KCWI    , /KCWI/2024/20240703/lev0/KR.20240703.52661.50.fits, bd28d4211    , RL      , 9199.90332  , 137.0304 , Open   , Medium , "2,2"  , L2U2   ,   6.00001, 327.79587, 28.864   , 0.0  , 0.0   , 2024-07-03 14:37:41.050000, U054  , Coil     ,      18,      9.4378, bd28d4211 ,  0.06376029696336295 , True  , True
KR.20240703.52711.30.fits, KCWI    , /KCWI/2024/20240703/lev0/KR.20240703.52711.30.fits, bd28d4211    , RL      , 9199.90332  , 137.0304 , Open   , Medium , "2,2"  , L2U2   ,   6.00001, 327.79587, 28.864   , 0.0  , 0.0   , 2024-07-03 14:38:31.030000, U054  , Coil     ,      18,      9.4378, bd28d4211 ,  0.06376029696336295 , True  , True
KR.20240703.52761.10.fits, KCWI    , /KCWI/2024/20240703/lev0/KR.20240703.52761.10.fits, bd28d4211    , RL      , 9199.90332  , 137.0304 , Open   , Medium , "2,2"  , L2U2   ,   6.00001, 327.79587, 28.864   , 0.0  , 0.0   , 2024-07-03 14:39:21.010000, U054  , Coil     ,      18,      9.4378, bd28d4211 ,  0.06376029696336295 , True  , True
KR.20240703.52822.21.fits, KCWI    , /KCWI/2024/20240703/lev0/KR.20240703.52822.21.fits, bd28d4211    , RL      , 9199.90332  , 137.0304 , Open   , Medium , "2,2"  , L2U2   ,   6.00001, 327.79621, 28.864   , 1.1  , 0.0   , 2024-07-03 14:40:22.210000, U054  , Coil     ,      18,      9.4378, bd28d4211 ,  1.0084398148289526  , True  , True
KR.20240703.52872.19.fits, KCWI    , /KCWI/2024/20240703/lev0/KR.20240703.52872.19.fits, bd28d4211    , RL      , 9199.90332  , 137.0304 , Open   , Medium , "2,2"  , L2U2   ,   6.00001, 327.79621, 28.864   , 1.1  , 0.0   , 2024-07-03 14:41:12.190000, U054  , Coil     ,      18,      9.4378, bd28d4211 ,  1.0084398148289526  , True  , True
KR.20240703.52922.17.fits, KCWI    , /KCWI/2024/20240703/lev0/KR.20240703.52922.17.fits, bd28d4211    , RL      , 9199.90332  , 137.0304 , Open   , Medium , "2,2"  , L2U2   ,   6.00001, 327.79621, 28.864   , 1.1  , 0.0   , 2024-07-03 14:42:02.170000, U054  , Coil     ,      18,      9.4378, bd28d4211 ,  1.0084398148289526  , True  , True
KR.20240703.53161.87.fits, KCWI    , /KCWI/2024/20240703/lev0/KR.20240703.53161.87.fits, feige110     , RL      , 9199.90332  , 137.0304 , Open   , Medium , "2,2"  , L2U2   ,   8.00001, 349.99325, -5.1655  , 0.0  , 0.0   , 2024-07-03 14:46:01.870000, U054  , Coil     ,      18,      9.4378, feige110  ,  0.07179383194245624 , True  , True
KR.20240703.53253.67.fits, KCWI    , /KCWI/2024/20240703/lev0/KR.20240703.53253.67.fits, feige110     , RL      , 9199.90332  , 137.0304 , Open   , Medium , "2,2"  , L2U2   ,  15.00001, 349.99325, -5.1655  , 0.0  , 0.0   , 2024-07-03 14:47:33.670000, U054  , Coil     ,      18,      9.4378, feige110  ,  0.07179383194245624 , True  , True
KR.20240703.53382.19.fits, KCWI    , /KCWI/2024/20240703/lev0/KR.20240703.53382.19.fits, feige110     , RL      , 9199.90332  , 137.0304 , Open   , Medium , "2,2"  , L2U2   ,  17.00002, 349.99325, -5.1655  , 0.0  , 0.0   , 2024-07-03 14:49:42.190000, U054  , Coil     ,      18,      9.4378, feige110  ,  0.07179383194245624 , True  , True
KR.20240703.53455.63.fits, KCWI    , /KCWI/2024/20240703/lev0/KR.20240703.53455.63.fits, feige110     , RL      , 8399.99707  , 138.1601 , Open   , Medium , "2,2"  , L2U2   ,  17.00002, 349.99325, -5.1655  , 0.0  , 0.0   , 2024-07-03 14:50:55.630000, U054  , Coil     ,      18,      9.4378, feige110  ,  0.07179383194245624 , True  , True
KR.20240703.53516.83.fits, KCWI    , /KCWI/2024/20240703/lev0/KR.20240703.53516.83.fits, feige110     , RL      , 8399.98438  , 138.1601 , Open   , Medium , "2,2"  , L2U2   ,  17.00002, 349.99325, -5.1655  , 0.0  , 0.0   , 2024-07-03 14:51:56.830000, U054  , Coil     ,      18,      9.4378, feige110  ,  0.07179383194245624 , True  , True
KR.20240703.53578.30.fits, KCWI    , /KCWI/2024/20240703/lev0/KR.20240703.53578.30.fits, feige110     , RL      , 8399.98438  , 138.1601 , Open   , Medium , "2,2"  , L2U2   ,  17.00002, 349.99325, -5.1655  , 0.0  , 0.0   , 2024-07-03 14:52:58.030000, U054  , Coil     ,      18,      9.4378, feige110  ,  0.07179383194245624 , True  , True
KR.20240703.53675.95.fits, KCWI    , /KCWI/2024/20240703/lev0/KR.20240703.53675.95.fits, feige110     , RL      , 8399.98438  , 138.1601 , Open   , Medium , "2,2"  , L2U2   ,  17.00002, 349.9935 , -5.1655  , 1.0  , 0.0   , 2024-07-03 14:54:35.950000, U054  , Coil     ,      18,      9.4378, feige110  ,  0.7469540937378402  , True  , True
KR.20240703.53737.15.fits, KCWI    , /KCWI/2024/20240703/lev0/KR.20240703.53737.15.fits, feige110     , RL      , 8399.98438  , 138.1601 , Open   , Medium , "2,2"  , L2U2   ,  17.00002, 349.9935 , -5.1655  , 1.0  , 0.0   , 2024-07-03 14:55:37.150000, U054  , Coil     ,      18,      9.4378, feige110  ,  0.7469540937378402  , True  , True
KR.20240703.53798.35.fits, KCWI    , /KCWI/2024/20240703/lev0/KR.20240703.53798.35.fits, feige110     , RL      , 8399.98438  , 138.1601 , Open   , Medium , "2,2"  , L2U2   ,  17.00002, 349.9935 , -5.1655  , 1.0  , 0.0   , 2024-07-03 14:56:38.350000, U054  , Coil     ,      18,      9.4378, feige110  ,  0.7469540937378402  , True  , True
KR.20240703.53922.79.fits, KCWI    , /KCWI/2024/20240703/lev0/KR.20240703.53922.79.fits, feige110     , RL      , 7099.8877   , 139.98114, Open   , Medium , "2,2"  , L2U2   ,  17.00002, 349.9935 , -5.1655  , 1.0  , 0.0   , 2024-07-03 14:58:42.790000, U054  , Coil     ,      18,      9.4378, feige110  ,  0.7469540937378402  , True  , True
KR.20240703.53983.99.fits, KCWI    , /KCWI/2024/20240703/lev0/KR.20240703.53983.99.fits, feige110     , RL      , 7099.8877   , 139.98114, Open   , Medium , "2,2"  , L2U2   ,  17.00002, 349.9935 , -5.1655  , 1.0  , 0.0   , 2024-07-03 14:59:43.990000, U054  , Coil     ,      18,      9.4378, feige110  ,  0.7469540937378402  , True  , True
KR.20240703.54037.30.fits, KCWI    , /KCWI/2024/20240703/lev0/KR.20240703.54037.30.fits, feige110     , RL      , 7099.8877   , 139.98114, Open   , Medium , "2,2"  , L2U2   ,   8.94001, 349.9935 , -5.1655  , 1.0  , 0.0   , 2024-07-03 15:00:37.030000, U054  , Coil     ,      18,      9.4378, feige110  ,  0.7469540937378402  , True  , True
KR.20240707.53501.23.fits, KCWI    , /KCWI/2024/20240707/lev0/KR.20240707.53501.23.fits, feige110     , RL      , 7799.89014  , 139.0027 , Open   , Medium , "2,2"  , L2U2   ,  45.00005, 349.99333, -5.16558 , 0.0  , 0.0   , 2024-07-07 14:51:41.230000, C353  , Steidel  ,      18,      9.4378, feige110  ,  0.31911381742875705 , True  , True
KR.20240707.53601.19.fits, KCWI    , /KCWI/2024/20240707/lev0/KR.20240707.53601.19.fits, feige110     , RL      , 7799.89014  , 139.0027 , Open   , Medium , "2,2"  , L2U2   ,  45.00005, 349.99333, -5.16558 , 0.0  , 0.0   , 2024-07-07 14:53:21.190000, C353  , Steidel  ,      18,      9.4378, feige110  ,  0.31911381742875705 , True  , True
KR.20240707.53690.95.fits, KCWI    , /KCWI/2024/20240707/lev0/KR.20240707.53690.95.fits, feige110     , RL      , 7799.89014  , 139.0027 , Open   , Medium , "2,2"  , L2U2   ,  45.00005, 349.99333, -5.16558 , 0.0  , 0.0   , 2024-07-07 14:54:50.950000, C353  , Steidel  ,      18,      9.4378, feige110  ,  0.31911381742875705 , True  , True
KR.20240707.53835.79.fits, KCWI    , /KCWI/2024/20240707/lev0/KR.20240707.53835.79.fits, feige110     , RL      , 7149.89795  , 139.91185, Open   , Medium , "2,2"  , L2U2   ,  45.00005, 349.99333, -5.16558 , 0.0  , 0.0   , 2024-07-07 14:57:15.790000, C353  , Steidel  ,      18,      9.4378, feige110  ,  0.31911381742875705 , True  , True
KR.20240707.53930.65.fits, KCWI    , /KCWI/2024/20240707/lev0/KR.20240707.53930.65.fits, feige110     , RL      , 7149.89795  , 139.91185, Open   , Medium , "2,2"  , L2U2   ,  45.00005, 349.99333, -5.16558 , 0.0  , 0.0   , 2024-07-07 14:58:50.650000, C353  , Steidel  ,      18,      9.4378, feige110  ,  0.31911381742875705 , True  , True
KR.20240707.54020.41.fits, KCWI    , /KCWI/2024/20240707/lev0/KR.20240707.54020.41.fits, feige110     , RL      , 7149.89795  , 139.91185, Open   , Medium , "2,2"  , L2U2   ,  45.00005, 349.99333, -5.16558 , 0.0  , 0.0   , 2024-07-07 15:00:20.410000, C353  , Steidel  ,      18,      9.4378, feige110  ,  0.31911381742875705 , True  , True
KR.20240731.47685.97.fits, KCWI    , /KCWI/2024/20240731/lev0/KR.20240731.47685.97.fits, feige110     , RL      , 7149.89209  , 139.9113 , Open   , Medium , "2,2"  , L2U2   ,  10.00001, 349.99329, -5.1655  , 0.0  , 0.0   , 2024-07-31 13:14:45.970000, H350  , Hinkle   ,      18,      9.4378, feige110  ,  0.005975632529793093, True  , True
KR.20240731.47740.30.fits, KCWI    , /KCWI/2024/20240731/lev0/KR.20240731.47740.30.fits, feige110     , RL      , 7149.89209  , 139.9113 , Open   , Medium , "2,2"  , L2U2   ,  10.00001, 349.99329, -5.1655  , 0.0  , 0.0   , 2024-07-31 13:15:40.030000, H350  , Hinkle   ,      18,      9.4378, feige110  ,  0.005975632529793093, True  , True
KR.20240731.47794.90.fits, KCWI    , /KCWI/2024/20240731/lev0/KR.20240731.47794.90.fits, feige110     , RL      , 7149.89209  , 139.9113 , Open   , Medium , "2,2"  , L2U2   ,  10.00001, 349.99329, -5.1655  , 0.0  , 0.0   , 2024-07-31 13:16:34.090000, H350  , Hinkle   ,      18,      9.4378, feige110  ,  0.005975632529793093, True  , True
KR.20240801.20779.32.fits, KCWI    , /KCWI/2024/20240801/lev0/KR.20240801.20779.32.fits, bd02d3375    , RL      , 7099.8877   , 139.98114, Open   , Large  , "2,2"  , L2U2   ,   5.00001, 264.93996, 2.41656  , 0.0  , 0.0   , 2024-08-01 05:46:19.320000, C387  , Miles    ,      12,      9.4378, bd02d3375 ,  0.017086134736453266, True  , True
KR.20240801.20836.44.fits, KCWI    , /KCWI/2024/20240801/lev0/KR.20240801.20836.44.fits, bd02d3375    , RL      , 7099.8877   , 139.98114, Open   , Large  , "2,2"  , L2U2   ,   5.0    , 264.93996, 2.41656  , 0.0  , 0.0   , 2024-08-01 05:47:16.440000, C387  , Miles    ,      12,      9.4378, bd02d3375 ,  0.017086134736453266, True  , True
KR.20240801.20885.40.fits, KCWI    , /KCWI/2024/20240801/lev0/KR.20240801.20885.40.fits, bd02d3375    , RL      , 7099.8877   , 139.98114, Open   , Large  , "2,2"  , L2U2   ,   5.0    , 264.93996, 2.41656  , 0.0  , 0.0   , 2024-08-01 05:48:05.400000, C387  , Miles    ,      12,      9.4378, bd02d3375 ,  0.017086134736453266, True  , True
KR.20240801.20986.38.fits, KCWI    , /KCWI/2024/20240801/lev0/KR.20240801.20986.38.fits, bd02d3375    , RL      , 7299.93896  , 139.70175, Open   , Large  , "2,2"  , L2U2   ,   5.0    , 264.93996, 2.41656  , 0.0  , 0.0   , 2024-08-01 05:49:46.380000, C387  , Miles    ,      12,      9.4378, bd02d3375 ,  0.017086134736453266, True  , True
KR.20240801.21035.34.fits, KCWI    , /KCWI/2024/20240801/lev0/KR.20240801.21035.34.fits, bd02d3375    , RL      , 7299.95117  , 139.70175, Open   , Large  , "2,2"  , L2U2   ,   5.0    , 264.93996, 2.41656  , 0.0  , 0.0   , 2024-08-01 05:50:35.340000, C387  , Miles    ,      12,      9.4378, bd02d3375 ,  0.017086134736453266, True  , True
KR.20240801.21084.30.fits, KCWI    , /KCWI/2024/20240801/lev0/KR.20240801.21084.30.fits, bd02d3375    , RL      , 7299.95117  , 139.70175, Open   , Large  , "2,2"  , L2U2   ,   5.0    , 264.93996, 2.41656  , 0.0  , 0.0   , 2024-08-01 05:51:24.300000, C387  , Miles    ,      12,      9.4378, bd02d3375 ,  0.017086134736453266, True  , True
KR.20240801.54024.20.fits, KCWI    , /KCWI/2024/20240801/lev0/KR.20240801.54024.20.fits, g191b2b      , RL      , 7299.95117  , 139.70175, Open   , Large  , "2,2"  , L2U2   ,  20.00002,  76.37767, 52.83044 , 0.0  , 0.0   , 2024-08-01 15:00:24.200000, C387  , Miles    ,      12,      9.4378, g191b2b   ,  2.1197017272924037  , True  , True
KR.20240801.54088.46.fits, KCWI    , /KCWI/2024/20240801/lev0/KR.20240801.54088.46.fits, g191b2b      , RL      , 7299.95117  , 139.70175, Open   , Large  , "2,2"  , L2U2   ,  20.00002,  76.37767, 52.83044 , 0.0  , 0.0   , 2024-08-01 15:01:28.460000, C387  , Miles    ,      12,      9.4378, g191b2b   ,  2.1197017272924037  , True  , True
KR.20240801.54152.72.fits, KCWI    , /KCWI/2024/20240801/lev0/KR.20240801.54152.72.fits, g191b2b      , RL      , 7299.95117  , 139.70175, Open   , Large  , "2,2"  , L2U2   ,  20.00002,  76.37767, 52.83044 , 0.0  , 0.0   , 2024-08-01 15:02:32.720000, C387  , Miles    ,      12,      9.4378, g191b2b   ,  2.1197017272924037  , True  , True
KR.20240801.54250.64.fits, KCWI    , /KCWI/2024/20240801/lev0/KR.20240801.54250.64.fits, g191b2b      , RL      , 7299.95117  , 139.70175, Open   , Large  , "2,2"  , L2U2   ,  10.00001,  76.37767, 52.83044 , 0.0  , 0.0   , 2024-08-01 15:04:10.640000, C387  , Miles    ,      12,      9.4378, g191b2b   ,  2.1197017272924037  , True  , True
KR.20240801.54304.70.fits, KCWI    , /KCWI/2024/20240801/lev0/KR.20240801.54304.70.fits, g191b2b      , RL      , 7299.95117  , 139.70175, Open   , Large  , "2,2"  , L2U2   ,  10.00001,  76.37767, 52.83044 , 0.0  , 0.0   , 2024-08-01 15:05:04.700000, C387  , Miles    ,      12,      9.4378, g191b2b   ,  2.1197017272924037  , True  , True
KR.20240801.54358.76.fits, KCWI    , /KCWI/2024/20240801/lev0/KR.20240801.54358.76.fits, g191b2b      , RL      , 7299.95117  , 139.70175, Open   , Large  , "2,2"  , L2U2   ,  10.00001,  76.37767, 52.83044 , 0.0  , 0.0   , 2024-08-01 15:05:58.760000, C387  , Miles    ,      12,      9.4378, g191b2b   ,  2.1197017272924037  , True  , True
KR.20240801.54639.26.fits, KCWI    , /KCWI/2024/20240801/lev0/KR.20240801.54639.26.fits, bd28d4211    , RL      , 7299.95117  , 139.70175, Open   , Large  , "2,2"  , L2U2   ,  10.00001, 327.79612, 28.86439 , 0.0  , 0.0   , 2024-08-01 15:10:39.260000, C387  , Miles    ,      12,      9.4378, bd28d4211 ,  0.016263341883482225, True  , True
KR.20240801.54693.32.fits, KCWI    , /KCWI/2024/20240801/lev0/KR.20240801.54693.32.fits, bd28d4211    , RL      , 7299.95117  , 139.70175, Open   , Large  , "2,2"  , L2U2   ,  10.00001, 327.79612, 28.86439 , 0.0  , 0.0   , 2024-08-01 15:11:33.320000, C387  , Miles    ,      12,      9.4378, bd28d4211 ,  0.016263341883482225, True  , True
KR.20240801.54747.38.fits, KCWI    , /KCWI/2024/20240801/lev0/KR.20240801.54747.38.fits, bd28d4211    , RL      , 7299.95117  , 139.70175, Open   , Large  , "2,2"  , L2U2   ,  10.00001, 327.79612, 28.86439 , 0.0  , 0.0   , 2024-08-01 15:12:27.380000, C387  , Miles    ,      12,      9.4378, bd28d4211 ,  0.016263341883482225, True  , True
KR.20240801.54865.70.fits, KCWI    , /KCWI/2024/20240801/lev0/KR.20240801.54865.70.fits, bd28d4211    , RL      , 7299.95117  , 139.70175, Open   , Large  , "2,2"  , L2U2   ,   5.0    , 327.79612, 28.86439 , 0.0  , 0.0   , 2024-08-01 15:14:25.700000, C387  , Miles    ,      12,      9.4378, bd28d4211 ,  0.016263341883482225, True  , True
KR.20240801.54914.66.fits, KCWI    , /KCWI/2024/20240801/lev0/KR.20240801.54914.66.fits, bd28d4211    , RL      , 7299.95117  , 139.70175, Open   , Large  , "2,2"  , L2U2   ,   5.0    , 327.79612, 28.86439 , 0.0  , 0.0   , 2024-08-01 15:15:14.660000, C387  , Miles    ,      12,      9.4378, bd28d4211 ,  0.016263341883482225, True  , True
KR.20240801.54963.62.fits, KCWI    , /KCWI/2024/20240801/lev0/KR.20240801.54963.62.fits, bd28d4211    , RL      , 7299.95117  , 139.70175, Open   , Large  , "2,2"  , L2U2   ,   5.00001, 327.79612, 28.86439 , 0.0  , 0.0   , 2024-08-01 15:16:03.620000, C387  , Miles    ,      12,      9.4378, bd28d4211 ,  0.016263341883482225, True  , True
KR.20240802.36249.58.fits, KCWI    , /KCWI/2024/20240802/lev0/KR.20240802.36249.58.fits, BD174708     , RM1     , 6299.99414  , 126.90049, Open   , Medium , "2,2"  , L2U2   ,  60.00006, 332.88071, 18.09283 , 0.0  , 0.0   , 2024-08-02 10:04:09.580000, K415  , Gomez    ,      18,      9.4378, bd17d4708 ,  0.05439451863147009 , True  , True
KR.20240802.36346.48.fits, KCWI    , /KCWI/2024/20240802/lev0/KR.20240802.36346.48.fits, BD174708     , RM1     , 6299.99414  , 126.90049, Open   , Medium , "2,2"  , L2U2   ,  30.00003, 332.88071, 18.09283 , 0.0  , 0.0   , 2024-08-02 10:05:46.480000, K415  , Gomez    ,      18,      9.4378, bd17d4708 ,  0.05439451863147009 , True  , True
KR.20240802.36418.90.fits, KCWI    , /KCWI/2024/20240802/lev0/KR.20240802.36418.90.fits, BD174708     , RM1     , 6299.99414  , 126.90049, Open   , Medium , "2,2"  , L2U2   ,  10.00001, 332.88071, 18.09283 , 0.0  , 0.0   , 2024-08-02 10:06:58.900000, K415  , Gomez    ,      18,      9.4378, bd17d4708 ,  0.05439451863147009 , True  , True
KR.20240803.35749.95.fits, KCWI    , /KCWI/2024/20240803/lev0/KR.20240803.35749.95.fits, BD174708     , RM1     , 6299.99414  , 126.90049, Open   , Medium , "2,2"  , L2U2   ,   1.0    , 332.88071, 18.09283 , 0.0  , 0.0   , 2024-08-03 09:55:49.950000, K415  , Gomez    ,      18,      9.4378, bd17d4708 ,  0.05439451863147009 , True  , True
KR.20240803.35795.85.fits, KCWI    , /KCWI/2024/20240803/lev0/KR.20240803.35795.85.fits, BD174708     , RM1     , 6299.99414  , 126.90049, Open   , Medium , "2,2"  , L2U2   ,   1.0    , 332.88071, 18.09283 , 0.0  , 0.0   , 2024-08-03 09:56:35.850000, K415  , Gomez    ,      18,      9.4378, bd17d4708 ,  0.05439451863147009 , True  , True
KR.20240803.35840.73.fits, KCWI    , /KCWI/2024/20240803/lev0/KR.20240803.35840.73.fits, BD174708     , RM1     , 6299.99414  , 126.90049, Open   , Medium , "2,2"  , L2U2   ,   1.0    , 332.88071, 18.09283 , 0.0  , 0.0   , 2024-08-03 09:57:20.730000, K415  , Gomez    ,      18,      9.4378, bd17d4708 ,  0.05439451863147009 , True  , True
KR.20240803.54324.18.fits, KCWI    , /KCWI/2024/20240803/lev0/KR.20240803.54324.18.fits, hd009051     , RL      , 7149.89209  , 139.9113 , Open   , Medium , "2,2"  , L2U2   ,   1.0    ,  22.19375, -24.34039, 0.0  , 0.0   , 2024-08-03 15:05:24.180000, C374  , Polin    ,      18,      9.4378, hd009051  ,  0.04520081946438885 , True  , True
KR.20240803.54418.20.fits, KCWI    , /KCWI/2024/20240803/lev0/KR.20240803.54418.20.fits, hd009051     , RL      , 7149.89209  , 139.9113 , Open   , Medium , "2,2"  , L2U2   ,   8.00001,  22.19375, -24.34039, 0.0  , 0.0   , 2024-08-03 15:06:58.020000, C374  , Polin    ,      18,      9.4378, hd009051  ,  0.04520081946438885 , True  , True
KR.20240803.54482.28.fits, KCWI    , /KCWI/2024/20240803/lev0/KR.20240803.54482.28.fits, hd009051     , RL      , 7149.89209  , 139.9113 , Open   , Medium , "2,2"  , L2U2   ,   5.00001,  22.19375, -24.34039, 0.0  , 0.0   , 2024-08-03 15:08:02.280000, C374  , Polin    ,      18,      9.4378, hd009051  ,  0.04520081946438885 , True  , True
KR.20240803.54546.54.fits, KCWI    , /KCWI/2024/20240803/lev0/KR.20240803.54546.54.fits, hd009051     , RL      , 7149.89209  , 139.9113 , Open   , Medium , "2,2"  , L2U2   ,   3.0    ,  22.19375, -24.34039, 0.0  , 0.0   , 2024-08-03 15:09:06.540000, C374  , Polin    ,      18,      9.4378, hd009051  ,  0.04520081946438885 , True  , True
KR.20240804.30245.72.fits, KCWI    , /KCWI/2024/20240804/lev0/KR.20240804.30245.72.fits, bd02d3375    , RL      , 7149.89209  , 139.9113 , Open   , Small  , "1,1"  , L2U2   ,  15.00002, 264.93996, 2.41656  , 0.0  , 0.0   , 2024-08-04 08:24:05.720000, U229  , Canalizo ,      18,     35.5219, bd02d3375 ,  0.017086134736453266, True  , True
KR.20240804.30362.00.fits, KCWI    , /KCWI/2024/20240804/lev0/KR.20240804.30362.00.fits, bd02d3375    , RL      , 7149.89209  , 139.9113 , Open   , Small  , "1,1"  , L2U2   ,  15.00002, 264.93996, 2.41656  , 0.0  , 0.0   , 2024-08-04 08:26:02       , U229  , Canalizo ,      18,     35.5219, bd02d3375 ,  0.017086134736453266, True  , True
KR.20240804.30479.30.fits, KCWI    , /KCWI/2024/20240804/lev0/KR.20240804.30479.30.fits, bd02d3375    , RL      , 7149.89209  , 139.9113 , Open   , Small  , "1,1"  , L2U2   ,  15.00002, 264.93996, 2.41656  , 0.0  , 0.0   , 2024-08-04 08:27:59.300000, U229  , Canalizo ,      18,     35.5219, bd02d3375 ,  0.017086134736453266, True  , True
KR.20240804.30702.68.fits, KCWI    , /KCWI/2024/20240804/lev0/KR.20240804.30702.68.fits, bd02d3375    , RL      , 8949.89062  , 137.38405, Open   , Small  , "1,1"  , L2U2   ,  45.00005, 264.93996, 2.41656  , 0.0  , 0.0   , 2024-08-04 08:31:42.680000, U229  , Canalizo ,      18,     35.5219, bd02d3375 ,  0.017086134736453266, True  , True
KR.20240804.30848.54.fits, KCWI    , /KCWI/2024/20240804/lev0/KR.20240804.30848.54.fits, bd02d3375    , RL      , 8949.89062  , 137.38405, Open   , Small  , "1,1"  , L2U2   ,  45.00005, 264.93996, 2.41656  , 0.0  , 0.0   , 2024-08-04 08:34:08.540000, U229  , Canalizo ,      18,     35.5219, bd02d3375 ,  0.017086134736453266, True  , True
KR.20240804.30995.42.fits, KCWI    , /KCWI/2024/20240804/lev0/KR.20240804.30995.42.fits, bd02d3375    , RL      , 8949.89062  , 137.38405, Open   , Small  , "1,1"  , L2U2   ,  45.00005, 264.93996, 2.41656  , 0.0  , 0.0   , 2024-08-04 08:36:35.420000, U229  , Canalizo ,      18,     35.5219, bd02d3375 ,  0.017086134736453266, True  , True
KR.20240804.54657.39.fits, KCWI    , /KCWI/2024/20240804/lev0/KR.20240804.54657.39.fits, bd17d4708    , RL      , 7149.89209  , 139.9113 , Open   , Small  , "1,1"  , L2U2   ,  45.00005, 332.88071, 18.09283 , 0.0  , 0.0   , 2024-08-04 15:10:57.390000, U229  , Canalizo ,      18,     35.5219, bd17d4708 ,  0.05439451863147009 , True  , True
KR.20240804.54804.27.fits, KCWI    , /KCWI/2024/20240804/lev0/KR.20240804.54804.27.fits, bd17d4708    , RL      , 7149.89209  , 139.9113 , Open   , Small  , "1,1"  , L2U2   ,  45.00005, 332.88071, 18.09283 , 0.0  , 0.0   , 2024-08-04 15:13:24.270000, U229  , Canalizo ,      18,     35.5219, bd17d4708 ,  0.05439451863147009 , True  , True
KR.20240804.54951.15.fits, KCWI    , /KCWI/2024/20240804/lev0/KR.20240804.54951.15.fits, bd17d4708    , RL      , 7149.89209  , 139.9113 , Open   , Small  , "1,1"  , L2U2   ,  45.00005, 332.88071, 18.09283 , 0.0  , 0.0   , 2024-08-04 15:15:51.150000, U229  , Canalizo ,      18,     35.5219, bd17d4708 ,  0.05439451863147009 , True  , True
KR.20240804.55098.30.fits, KCWI    , /KCWI/2024/20240804/lev0/KR.20240804.55098.30.fits, bd17d4708    , RL      , 8949.89062  , 137.38405, Open   , Small  , "1,1"  , L2U2   ,  45.00005, 332.88071, 18.09283 , 0.0  , 0.0   , 2024-08-04 15:18:18.030000, U229  , Canalizo ,      18,     35.5219, bd17d4708 ,  0.05439451863147009 , True  , True
KR.20240804.55243.89.fits, KCWI    , /KCWI/2024/20240804/lev0/KR.20240804.55243.89.fits, bd17d4708    , RL      , 8949.89062  , 137.38405, Open   , Small  , "1,1"  , L2U2   ,  45.00005, 332.88071, 18.09283 , 0.0  , 0.0   , 2024-08-04 15:20:43.890000, U229  , Canalizo ,      18,     35.5219, bd17d4708 ,  0.05439451863147009 , True  , True
KR.20240804.55391.79.fits, KCWI    , /KCWI/2024/20240804/lev0/KR.20240804.55391.79.fits, bd17d4708    , RL      , 8949.89062  , 137.38405, Open   , Small  , "1,1"  , L2U2   ,  45.00005, 332.88071, 18.09283 , 0.0  , 0.0   , 2024-08-04 15:23:11.790000, U229  , Canalizo ,      18,     35.5219, bd17d4708 ,  0.05439451863147009 , True  , True
KR.20240805.31207.74.fits, KCWI    , /KCWI/2024/20240805/lev0/KR.20240805.31207.74.fits, bd02d3375    , RL      , 8949.89062  , 137.38405, Open   , Small  , "1,1"  , L2U2   ,  45.00005, 264.93996, 2.41656  , 0.0  , 0.0   , 2024-08-05 08:40:07.740000, U230  , Canalizo ,      18,     35.5219, bd02d3375 ,  0.017086134736453266, True  , True
KR.20240805.31354.62.fits, KCWI    , /KCWI/2024/20240805/lev0/KR.20240805.31354.62.fits, bd02d3375    , RL      , 8949.89062  , 137.38405, Open   , Small  , "1,1"  , L2U2   ,  45.00005, 264.93996, 2.41656  , 0.0  , 0.0   , 2024-08-05 08:42:34.620000, U230  , Canalizo ,      18,     35.5219, bd02d3375 ,  0.017086134736453266, True  , True
KR.20240805.31501.50.fits, KCWI    , /KCWI/2024/20240805/lev0/KR.20240805.31501.50.fits, bd02d3375    , RL      , 8949.89062  , 137.38405, Open   , Small  , "1,1"  , L2U2   ,  45.00005, 264.93996, 2.41656  , 0.0  , 0.0   , 2024-08-05 08:45:01.500000, U230  , Canalizo ,      18,     35.5219, bd02d3375 ,  0.017086134736453266, True  , True
KR.20240805.31651.44.fits, KCWI    , /KCWI/2024/20240805/lev0/KR.20240805.31651.44.fits, bd02d3375    , RL      , 7149.88623  , 139.9113 , Open   , Small  , "1,1"  , L2U2   ,  45.00005, 264.93996, 2.41656  , 0.0  , 0.0   , 2024-08-05 08:47:31.440000, U230  , Canalizo ,      18,     35.5219, bd02d3375 ,  0.017086134736453266, True  , True
KR.20240805.31797.30.fits, KCWI    , /KCWI/2024/20240805/lev0/KR.20240805.31797.30.fits, bd02d3375    , RL      , 7149.89209  , 139.9113 , Open   , Small  , "1,1"  , L2U2   ,  45.00005, 264.93996, 2.41656  , 0.0  , 0.0   , 2024-08-05 08:49:57.300000, U230  , Canalizo ,      18,     35.5219, bd02d3375 ,  0.017086134736453266, True  , True
KR.20240805.31944.18.fits, KCWI    , /KCWI/2024/20240805/lev0/KR.20240805.31944.18.fits, bd02d3375    , RL      , 7149.89209  , 139.9113 , Open   , Small  , "1,1"  , L2U2   ,  45.00005, 264.93996, 2.41656  , 0.0  , 0.0   , 2024-08-05 08:52:24.180000, U230  , Canalizo ,      18,     35.5219, bd02d3375 ,  0.017086134736453266, True  , True
KR.20240805.43468.15.fits, KCWI    , /KCWI/2024/20240805/lev0/KR.20240805.43468.15.fits, bd17d4708    , RL      , 8949.89062  , 137.38405, Open   , Small  , "1,1"  , L2U2   ,  45.00005, 332.88071, 18.09283 , 0.0  , 0.0   , 2024-08-05 12:04:28.150000, U230  , Canalizo ,      18,     35.5219, bd17d4708 ,  0.05439451863147009 , True  , True
KR.20240805.43615.30.fits, KCWI    , /KCWI/2024/20240805/lev0/KR.20240805.43615.30.fits, bd17d4708    , RL      , 8949.89062  , 137.38405, Open   , Small  , "1,1"  , L2U2   ,  45.00005, 332.88071, 18.09283 , 0.0  , 0.0   , 2024-08-05 12:06:55.030000, U230  , Canalizo ,      18,     35.5219, bd17d4708 ,  0.05439451863147009 , True  , True
KR.20240805.43761.91.fits, KCWI    , /KCWI/2024/20240805/lev0/KR.20240805.43761.91.fits, bd17d4708    , RL      , 8949.89062  , 137.38405, Open   , Small  , "1,1"  , L2U2   ,  45.00005, 332.88071, 18.09283 , 0.0  , 0.0   , 2024-08-05 12:09:21.910000, U230  , Canalizo ,      18,     35.5219, bd17d4708 ,  0.05439451863147009 , True  , True
KR.20240805.43897.57.fits, KCWI    , /KCWI/2024/20240805/lev0/KR.20240805.43897.57.fits, bd17d4708    , RL      , 8949.89062  , 137.38405, Open   , Small  , "1,1"  , L2U2   ,  30.00003, 332.88071, 18.09283 , 0.0  , 0.0   , 2024-08-05 12:11:37.570000, U230  , Canalizo ,      18,     35.5219, bd17d4708 ,  0.05439451863147009 , True  , True
KR.20240805.44029.15.fits, KCWI    , /KCWI/2024/20240805/lev0/KR.20240805.44029.15.fits, bd17d4708    , RL      , 8949.89062  , 137.38405, Open   , Small  , "1,1"  , L2U2   ,  30.00003, 332.88071, 18.09283 , 0.0  , 0.0   , 2024-08-05 12:13:49.150000, U230  , Canalizo ,      18,     35.5219, bd17d4708 ,  0.05439451863147009 , True  , True
KR.20240805.44148.49.fits, KCWI    , /KCWI/2024/20240805/lev0/KR.20240805.44148.49.fits, bd17d4708    , RL      , 8949.89062  , 137.38405, Open   , Small  , "1,1"  , L2U2   ,  10.00001, 332.88071, 18.09283 , 0.0  , 0.0   , 2024-08-05 12:15:48.490000, U230  , Canalizo ,      18,     35.5219, bd17d4708 ,  0.05439451863147009 , True  , True
KR.20240805.44259.67.fits, KCWI    , /KCWI/2024/20240805/lev0/KR.20240805.44259.67.fits, bd17d4708    , RL      , 8949.89062  , 137.38405, Open   , Small  , "1,1"  , L2U2   ,  10.00001, 332.88071, 18.09283 , 0.0  , 0.0   , 2024-08-05 12:17:39.670000, U230  , Canalizo ,      18,     35.5219, bd17d4708 ,  0.05439451863147009 , True  , True
KR.20240805.44371.87.fits, KCWI    , /KCWI/2024/20240805/lev0/KR.20240805.44371.87.fits, bd17d4708    , RL      , 8949.89062  , 137.38405, Open   , Small  , "1,1"  , L2U2   ,  10.00001, 332.88071, 18.09283 , 0.0  , 0.0   , 2024-08-05 12:19:31.870000, U230  , Canalizo ,      18,     35.5219, bd17d4708 ,  0.05439451863147009 , True  , True
KR.20240805.44488.15.fits, KCWI    , /KCWI/2024/20240805/lev0/KR.20240805.44488.15.fits, bd17d4708    , RL      , 7149.89209  , 139.9113 , Open   , Small  , "1,1"  , L2U2   ,  10.00001, 332.88071, 18.09283 , 0.0  , 0.0   , 2024-08-05 12:21:28.150000, U230  , Canalizo ,      18,     35.5219, bd17d4708 ,  0.05439451863147009 , True  , True
KR.20240805.44599.33.fits, KCWI    , /KCWI/2024/20240805/lev0/KR.20240805.44599.33.fits, bd17d4708    , RL      , 7149.89209  , 139.9113 , Open   , Small  , "1,1"  , L2U2   ,  10.00001, 332.88071, 18.09283 , 0.0  , 0.0   , 2024-08-05 12:23:19.330000, U230  , Canalizo ,      18,     35.5219, bd17d4708 ,  0.05439451863147009 , True  , True
KR.20240805.44710.51.fits, KCWI    , /KCWI/2024/20240805/lev0/KR.20240805.44710.51.fits, bd17d4708    , RL      , 7149.89209  , 139.9113 , Open   , Small  , "1,1"  , L2U2   ,  10.00001, 332.88071, 18.09283 , 0.0  , 0.0   , 2024-08-05 12:25:10.510000, U230  , Canalizo ,      18,     35.5219, bd17d4708 ,  0.05439451863147009 , True  , True
KR.20240806.32572.00.fits, KCWI    , /KCWI/2024/20240806/lev0/KR.20240806.32572.00.fits, bd02d3375    , RL      , 7149.89209  , 139.9113 , Open   , Small  , "1,1"  , L2U2   ,  30.00003, 264.93996, 2.41656  , 0.0  , 0.0   , 2024-08-06 09:02:52       , U230  , Canalizo ,      18,     35.5219, bd02d3375 ,  0.017086134736453266, True  , True
KR.20240806.32703.58.fits, KCWI    , /KCWI/2024/20240806/lev0/KR.20240806.32703.58.fits, bd02d3375    , RL      , 7149.89209  , 139.9113 , Open   , Small  , "1,1"  , L2U2   ,  30.00003, 264.93996, 2.41656  , 0.0  , 0.0   , 2024-08-06 09:05:03.580000, U230  , Canalizo ,      18,     35.5219, bd02d3375 ,  0.017086134736453266, True  , True
KR.20240806.32835.16.fits, KCWI    , /KCWI/2024/20240806/lev0/KR.20240806.32835.16.fits, bd02d3375    , RL      , 7149.89209  , 139.9113 , Open   , Small  , "1,1"  , L2U2   ,  30.00003, 264.93996, 2.41656  , 0.0  , 0.0   , 2024-08-06 09:07:15.160000, U230  , Canalizo ,      18,     35.5219, bd02d3375 ,  0.017086134736453266, True  , True
KR.20240806.32965.72.fits, KCWI    , /KCWI/2024/20240806/lev0/KR.20240806.32965.72.fits, bd02d3375    , RL      , 8949.89062  , 137.38405, Open   , Small  , "1,1"  , L2U2   ,  30.00003, 264.93996, 2.41656  , 0.0  , 0.0   , 2024-08-06 09:09:25.720000, U230  , Canalizo ,      18,     35.5219, bd02d3375 ,  0.017086134736453266, True  , True
KR.20240806.33097.30.fits, KCWI    , /KCWI/2024/20240806/lev0/KR.20240806.33097.30.fits, bd02d3375    , RL      , 8949.89062  , 137.38405, Open   , Small  , "1,1"  , L2U2   ,  30.00003, 264.93996, 2.41656  , 0.0  , 0.0   , 2024-08-06 09:11:37.300000, U230  , Canalizo ,      18,     35.5219, bd02d3375 ,  0.017086134736453266, True  , True
KR.20240806.33228.88.fits, KCWI    , /KCWI/2024/20240806/lev0/KR.20240806.33228.88.fits, bd02d3375    , RL      , 8949.89062  , 137.38405, Open   , Small  , "1,1"  , L2U2   ,  30.00003, 264.93996, 2.41656  , 0.0  , 0.0   , 2024-08-06 09:13:48.880000, U230  , Canalizo ,      18,     35.5219, bd02d3375 ,  0.017086134736453266, True  , True
KR.20240806.39623.28.fits, KCWI    , /KCWI/2024/20240806/lev0/KR.20240806.39623.28.fits, bd17d4708    , RL      , 7149.89209  , 139.9113 , Open   , Small  , "1,1"  , L2U2   ,  10.00001, 332.88071, 18.09283 , 0.0  , 0.0   , 2024-08-06 11:00:23.280000, U230  , Canalizo ,      18,     35.5219, bd17d4708 ,  0.05439451863147009 , True  , True
KR.20240806.39735.48.fits, KCWI    , /KCWI/2024/20240806/lev0/KR.20240806.39735.48.fits, bd17d4708    , RL      , 7149.89209  , 139.9113 , Open   , Small  , "1,1"  , L2U2   ,  10.00001, 332.88071, 18.09283 , 0.0  , 0.0   , 2024-08-06 11:02:15.480000, U230  , Canalizo ,      18,     35.5219, bd17d4708 ,  0.05439451863147009 , True  , True
KR.20240806.39846.66.fits, KCWI    , /KCWI/2024/20240806/lev0/KR.20240806.39846.66.fits, bd17d4708    , RL      , 7149.89209  , 139.9113 , Open   , Small  , "1,1"  , L2U2   ,  10.00001, 332.88071, 18.09283 , 0.0  , 0.0   , 2024-08-06 11:04:06.660000, U230  , Canalizo ,      18,     35.5219, bd17d4708 ,  0.05439451863147009 , True  , True
KR.20240806.39971.10.fits, KCWI    , /KCWI/2024/20240806/lev0/KR.20240806.39971.10.fits, bd17d4708    , RL      , 8949.89062  , 137.38405, Open   , Small  , "1,1"  , L2U2   ,  10.00001, 332.88071, 18.09283 , 0.0  , 0.0   , 2024-08-06 11:06:11.100000, U230  , Canalizo ,      18,     35.5219, bd17d4708 ,  0.05439451863147009 , True  , True
KR.20240806.40082.28.fits, KCWI    , /KCWI/2024/20240806/lev0/KR.20240806.40082.28.fits, bd17d4708    , RL      , 8949.89062  , 137.38405, Open   , Small  , "1,1"  , L2U2   ,  10.00001, 332.88071, 18.09283 , 0.0  , 0.0   , 2024-08-06 11:08:02.280000, U230  , Canalizo ,      18,     35.5219, bd17d4708 ,  0.05439451863147009 , True  , True
KR.20240806.40193.46.fits, KCWI    , /KCWI/2024/20240806/lev0/KR.20240806.40193.46.fits, bd17d4708    , RL      , 8949.89062  , 137.38405, Open   , Small  , "1,1"  , L2U2   ,  10.00001, 332.88071, 18.09283 , 0.0  , 0.0   , 2024-08-06 11:09:53.460000, U230  , Canalizo ,      18,     35.5219, bd17d4708 ,  0.05439451863147009 , True  , True
KR.20240809.54187.70.fits, KCWI    , /KCWI/2024/20240809/lev0/KR.20240809.54187.70.fits, Feige110     , RH1     , 6619.9751   ,  99.87512, Open   , Small  , "1,1"  , L2U2   ,  20.00002, 349.99325, -5.16561 , 0.0  , 0.0   , 2024-08-09 15:03:07.700000, C387  , Kulkarni ,      18,     35.5219, feige110  ,  0.3878233556668353  , True  , True
KR.20240809.54751.76.fits, KCWI    , /KCWI/2024/20240809/lev0/KR.20240809.54751.76.fits, Feige110     , RH1     , 6619.9751   ,  99.87512, Open   , Small  , "1,1"  , L2U2   ,  20.00002, 349.99325, -5.16561 , 0.0  , 0.0   , 2024-08-09 15:12:31.760000, C387  , Kulkarni ,      18,     35.5219, feige110  ,  0.3878233556668353  , True  , True
KR.20240810.25362.22.fits, KCWI    , /KCWI/2024/20240810/lev0/KR.20240810.25362.22.fits, bd02d3375    , RL      , 8949.89062  , 137.38405, Open   , Small  , "1,1"  , L2U2   ,  45.00005, 264.93996, 2.41656  , 0.0  , 0.0   , 2024-08-10 07:02:42.220000, U229  , Canalizo ,      18,     35.5219, bd02d3375 ,  0.017086134736453266, True  , True
KR.20240810.25509.10.fits, KCWI    , /KCWI/2024/20240810/lev0/KR.20240810.25509.10.fits, bd02d3375    , RL      , 8949.89062  , 137.38405, Open   , Small  , "1,1"  , L2U2   ,  45.00005, 264.93996, 2.41656  , 0.0  , 0.0   , 2024-08-10 07:05:09.100000, U229  , Canalizo ,      18,     35.5219, bd02d3375 ,  0.017086134736453266, True  , True
KR.20240810.25654.96.fits, KCWI    , /KCWI/2024/20240810/lev0/KR.20240810.25654.96.fits, bd02d3375    , RL      , 8949.89062  , 137.38405, Open   , Small  , "1,1"  , L2U2   ,  45.00005, 264.93996, 2.41656  , 0.0  , 0.0   , 2024-08-10 07:07:34.960000, U229  , Canalizo ,      18,     35.5219, bd02d3375 ,  0.017086134736453266, True  , True
KR.20240810.25838.56.fits, KCWI    , /KCWI/2024/20240810/lev0/KR.20240810.25838.56.fits, bd02d3375    , RL      , 7149.89209  , 139.9113 , Open   , Small  , "1,1"  , L2U2   ,  45.00005, 264.93996, 2.41656  , 0.0  , 0.0   , 2024-08-10 07:10:38.560000, U229  , Canalizo ,      18,     35.5219, bd02d3375 ,  0.017086134736453266, True  , True
KR.20240810.25985.44.fits, KCWI    , /KCWI/2024/20240810/lev0/KR.20240810.25985.44.fits, bd02d3375    , RL      , 7149.89209  , 139.9113 , Open   , Small  , "1,1"  , L2U2   ,  45.00005, 264.93996, 2.41656  , 0.0  , 0.0   , 2024-08-10 07:13:05.440000, U229  , Canalizo ,      18,     35.5219, bd02d3375 ,  0.017086134736453266, True  , True
KR.20240810.26132.32.fits, KCWI    , /KCWI/2024/20240810/lev0/KR.20240810.26132.32.fits, bd02d3375    , RL      , 7149.89209  , 139.9113 , Open   , Small  , "1,1"  , L2U2   ,  45.00005, 264.93996, 2.41656  , 0.0  , 0.0   , 2024-08-10 07:15:32.320000, U229  , Canalizo ,      18,     35.5219, bd02d3375 ,  0.017086134736453266, True  , True
KR.20240810.39087.35.fits, KCWI    , /KCWI/2024/20240810/lev0/KR.20240810.39087.35.fits, Feige110     , RL      , 7099.8877   , 139.98114, Open   , Large  , "2,2"  , L2U2   ,  15.00001, 349.99329, -5.1655  , 0.0  , 0.0   , 2024-08-10 10:51:27.350000, C391  , Qin      ,      18,      9.4378, feige110  ,  0.005975632529793093, True  , True
KR.20240810.39228.12.fits, KCWI    , /KCWI/2024/20240810/lev0/KR.20240810.39228.12.fits, Feige110     , RL      , 7099.8877   , 139.98114, Open   , Large  , "2,2"  , L2U2   ,  30.00003, 349.99329, -5.1655  , 0.0  , 0.0   , 2024-08-10 10:53:48.120000, C391  , Qin      ,      18,      9.4378, feige110  ,  0.005975632529793093, True  , True
KR.20240810.39301.56.fits, KCWI    , /KCWI/2024/20240810/lev0/KR.20240810.39301.56.fits, Feige110     , RL      , 7099.8877   , 139.98114, Open   , Large  , "2,2"  , L2U2   ,  30.00003, 349.99329, -5.1655  , 0.0  , 0.0   , 2024-08-10 10:55:01.560000, C391  , Qin      ,      18,      9.4378, feige110  ,  0.005975632529793093, True  , True
KR.20240810.39375.90.fits, KCWI    , /KCWI/2024/20240810/lev0/KR.20240810.39375.90.fits, Feige110     , RL      , 7099.8877   , 139.98114, Open   , Large  , "2,2"  , L2U2   ,  30.00003, 349.99329, -5.1655  , 0.0  , 0.0   , 2024-08-10 10:56:15.900000, C391  , Qin      ,      18,      9.4378, feige110  ,  0.005975632529793093, True  , True
KR.20240810.54653.63.fits, KCWI    , /KCWI/2024/20240810/lev0/KR.20240810.54653.63.fits, G191-B2B     , RL      , 7099.8877   , 139.98114, Open   , Large  , "2,2"  , L2U2   ,  15.00001,  76.37758, 52.83167 , 0.0  , 0.0   , 2024-08-10 15:10:53.630000, C391  , Qin      ,      18,      9.4378, g191b2b   ,  0.014020025852305171, True  , True
KR.20240810.54761.75.fits, KCWI    , /KCWI/2024/20240810/lev0/KR.20240810.54761.75.fits, G191-B2B     , RL      , 7099.8877   , 139.98114, Open   , Large  , "2,2"  , L2U2   ,  30.00003,  76.37758, 52.83167 , 0.0  , 0.0   , 2024-08-10 15:12:41.750000, C391  , Qin      ,      18,      9.4378, g191b2b   ,  0.014020025852305171, True  , True
KR.20240810.54835.19.fits, KCWI    , /KCWI/2024/20240810/lev0/KR.20240810.54835.19.fits, G191-B2B     , RL      , 7099.8877   , 139.98114, Open   , Large  , "2,2"  , L2U2   ,  30.00003,  76.37758, 52.83167 , 0.0  , 0.0   , 2024-08-10 15:13:55.190000, C391  , Qin      ,      18,      9.4378, g191b2b   ,  0.014020025852305171, True  , True
KR.20240811.34945.17.fits, KCWI    , /KCWI/2024/20240811/lev0/KR.20240811.34945.17.fits, bd02d3375    , RL      , 8949.89062  , 137.38405, Open   , Small  , "1,1"  , L2U2   ,  45.00005, 264.93996, 2.41656  , 0.0  , 0.0   , 2024-08-11 09:42:25.170000, U229  , Canalizo ,      18,     35.5219, bd02d3375 ,  0.017086134736453266, True  , True
KR.20240811.35092.50.fits, KCWI    , /KCWI/2024/20240811/lev0/KR.20240811.35092.50.fits, bd02d3375    , RL      , 8949.89062  , 137.38405, Open   , Small  , "1,1"  , L2U2   ,  45.00005, 264.93996, 2.41656  , 0.0  , 0.0   , 2024-08-11 09:44:52.050000, U229  , Canalizo ,      18,     35.5219, bd02d3375 ,  0.017086134736453266, True  , True
KR.20240811.35238.93.fits, KCWI    , /KCWI/2024/20240811/lev0/KR.20240811.35238.93.fits, bd02d3375    , RL      , 8949.89062  , 137.38405, Open   , Small  , "1,1"  , L2U2   ,  45.00005, 264.93996, 2.41656  , 0.0  , 0.0   , 2024-08-11 09:47:18.930000, U229  , Canalizo ,      18,     35.5219, bd02d3375 ,  0.017086134736453266, True  , True
KR.20240811.35410.29.fits, KCWI    , /KCWI/2024/20240811/lev0/KR.20240811.35410.29.fits, bd02d3375    , RL      , 7149.87988  , 139.9113 , Open   , Small  , "1,1"  , L2U2   ,  45.00005, 264.93996, 2.41656  , 0.0  , 0.0   , 2024-08-11 09:50:10.290000, U229  , Canalizo ,      18,     35.5219, bd02d3375 ,  0.017086134736453266, True  , True
KR.20240811.35557.17.fits, KCWI    , /KCWI/2024/20240811/lev0/KR.20240811.35557.17.fits, bd02d3375    , RL      , 7149.89209  , 139.9113 , Open   , Small  , "1,1"  , L2U2   ,  45.00005, 264.93996, 2.41656  , 0.0  , 0.0   , 2024-08-11 09:52:37.170000, U229  , Canalizo ,      18,     35.5219, bd02d3375 ,  0.017086134736453266, True  , True
KR.20240811.35704.50.fits, KCWI    , /KCWI/2024/20240811/lev0/KR.20240811.35704.50.fits, bd02d3375    , RL      , 7149.89209  , 139.9113 , Open   , Small  , "1,1"  , L2U2   ,  45.00005, 264.93996, 2.41656  , 0.0  , 0.0   , 2024-08-11 09:55:04.050000, U229  , Canalizo ,      18,     35.5219, bd02d3375 ,  0.017086134736453266, True  , True
KR.20240811.42390.15.fits, KCWI    , /KCWI/2024/20240811/lev0/KR.20240811.42390.15.fits, bd17d4708    , RL      , 7149.89209  , 139.9113 , Open   , Small  , "1,1"  , L2U2   ,  10.00001, 332.88071, 18.09283 , 0.0  , 0.0   , 2024-08-11 11:46:30.150000, U229  , Canalizo ,      18,     35.5219, bd17d4708 ,  0.05439451863147009 , True  , True
KR.20240811.42501.33.fits, KCWI    , /KCWI/2024/20240811/lev0/KR.20240811.42501.33.fits, bd17d4708    , RL      , 7149.89209  , 139.9113 , Open   , Small  , "1,1"  , L2U2   ,  10.00001, 332.88071, 18.09283 , 0.0  , 0.0   , 2024-08-11 11:48:21.330000, U229  , Canalizo ,      18,     35.5219, bd17d4708 ,  0.05439451863147009 , True  , True
KR.20240811.42612.51.fits, KCWI    , /KCWI/2024/20240811/lev0/KR.20240811.42612.51.fits, bd17d4708    , RL      , 7149.89209  , 139.9113 , Open   , Small  , "1,1"  , L2U2   ,  10.00001, 332.88071, 18.09283 , 0.0  , 0.0   , 2024-08-11 11:50:12.510000, U229  , Canalizo ,      18,     35.5219, bd17d4708 ,  0.05439451863147009 , True  , True
KR.20240811.42801.19.fits, KCWI    , /KCWI/2024/20240811/lev0/KR.20240811.42801.19.fits, bd17d4708    , RL      , 8949.89062  , 137.38405, Open   , Small  , "1,1"  , L2U2   ,  30.00003, 332.88071, 18.09283 , 0.0  , 0.0   , 2024-08-11 11:53:21.190000, U229  , Canalizo ,      18,     35.5219, bd17d4708 ,  0.05439451863147009 , True  , True
KR.20240811.42932.79.fits, KCWI    , /KCWI/2024/20240811/lev0/KR.20240811.42932.79.fits, bd17d4708    , RL      , 8949.89062  , 137.38405, Open   , Small  , "1,1"  , L2U2   ,  30.00003, 332.88071, 18.09283 , 0.0  , 0.0   , 2024-08-11 11:55:32.790000, U229  , Canalizo ,      18,     35.5219, bd17d4708 ,  0.05439451863147009 , True  , True
KR.20240811.43064.37.fits, KCWI    , /KCWI/2024/20240811/lev0/KR.20240811.43064.37.fits, bd17d4708    , RL      , 8949.89062  , 137.38405, Open   , Small  , "1,1"  , L2U2   ,  30.00003, 332.88071, 18.09283 , 0.0  , 0.0   , 2024-08-11 11:57:44.370000, U229  , Canalizo ,      18,     35.5219, bd17d4708 ,  0.05439451863147009 , True  , True
KR.20240902.54865.50.fits, KCWI    , /KCWI/2024/20240902/lev0/KR.20240902.54865.50.fits, g191b2b      , RL      , 7149.89209  , 139.9113 , Open   , Medium , "2,2"  , L2U2   ,  30.00003,  76.37625, 52.83167 , 0.0  , 0.0   , 2024-09-02 15:14:25.050000, C355  , Steidel  ,      18,      9.4378, g191b2b   ,  2.8999869100918483  , True  , True
KR.20240902.54952.77.fits, KCWI    , /KCWI/2024/20240902/lev0/KR.20240902.54952.77.fits, g191b2b      , RL      , 7149.89209  , 139.9113 , Open   , Medium , "2,2"  , L2U2   ,  30.00003,  76.37625, 52.83167 , 0.0  , 0.0   , 2024-09-02 15:15:52.770000, C355  , Steidel  ,      18,      9.4378, g191b2b   ,  2.8999869100918483  , True  , True
KR.20240902.55032.33.fits, KCWI    , /KCWI/2024/20240902/lev0/KR.20240902.55032.33.fits, g191b2b      , RL      , 7149.89209  , 139.9113 , Open   , Medium , "2,2"  , L2U2   ,  30.00003,  76.37625, 52.83167 , 0.0  , 0.0   , 2024-09-02 15:17:12.330000, C355  , Steidel  ,      18,      9.4378, g191b2b   ,  2.8999869100918483  , True  , True
KR.20240903.19114.61.fits, KCWI    , /KCWI/2024/20240903/lev0/KR.20240903.19114.61.fits, bd28d4211    , RL      , 7149.89209  , 139.9113 , Open   , Medium , "2,2"  , L2U2   ,  30.00003, 327.79612, 28.86439 , 0.0  , 0.0   , 2024-09-03 05:18:34.610000, C355  , Steidel  ,      18,      9.4378, bd28d4211 ,  0.016263341883482225, True  , True
KR.20240903.19215.59.fits, KCWI    , /KCWI/2024/20240903/lev0/KR.20240903.19215.59.fits, bd28d4211    , RL      , 7149.89209  , 139.9113 , Open   , Medium , "2,2"  , L2U2   ,  30.00003, 327.79612, 28.86439 , 0.0  , 0.0   , 2024-09-03 05:20:15.590000, C355  , Steidel  ,      18,      9.4378, bd28d4211 ,  0.016263341883482225, True  , True
KR.20240903.19290.50.fits, KCWI    , /KCWI/2024/20240903/lev0/KR.20240903.19290.50.fits, bd28d4211    , RL      , 7149.89209  , 139.9113 , Open   , Medium , "2,2"  , L2U2   ,  30.00003, 327.79612, 28.86439 , 0.0  , 0.0   , 2024-09-03 05:21:30.050000, C355  , Steidel  ,      18,      9.4378, bd28d4211 ,  0.016263341883482225, True  , True
KR.20240903.19374.71.fits, KCWI    , /KCWI/2024/20240903/lev0/KR.20240903.19374.71.fits, bd28d4211    , RL      , 7799.89648  , 139.0027 , Open   , Medium , "2,2"  , L2U2   ,  30.00003, 327.79612, 28.86439 , 0.0  , 0.0   , 2024-09-03 05:22:54.710000, C355  , Steidel  ,      18,      9.4378, bd28d4211 ,  0.016263341883482225, True  , True
KR.20240903.19470.59.fits, KCWI    , /KCWI/2024/20240903/lev0/KR.20240903.19470.59.fits, bd28d4211    , RL      , 7799.89014  , 139.0027 , Open   , Medium , "2,2"  , L2U2   ,  30.00003, 327.79612, 28.86439 , 0.0  , 0.0   , 2024-09-03 05:24:30.590000, C355  , Steidel  ,      18,      9.4378, bd28d4211 ,  0.016263341883482225, True  , True
KR.20240903.19544.30.fits, KCWI    , /KCWI/2024/20240903/lev0/KR.20240903.19544.30.fits, bd28d4211    , RL      , 7799.89014  , 139.0027 , Open   , Medium , "2,2"  , L2U2   ,  30.00003, 327.79612, 28.86439 , 0.0  , 0.0   , 2024-09-03 05:25:44.030000, C355  , Steidel  ,      18,      9.4378, bd28d4211 ,  0.016263341883482225, True  , True
KR.20240903.55105.36.fits, KCWI    , /KCWI/2024/20240903/lev0/KR.20240903.55105.36.fits, g191b2b      , RL      , 7149.89209  , 139.9113 , Open   , Medium , "2,2"  , L2U2   ,  30.00003,  76.37625, 52.83167 , 0.0  , 0.0   , 2024-09-03 15:18:25.360000, C355  , Steidel  ,      18,      9.4378, g191b2b   ,  2.8999869100918483  , True  , True
KR.20240903.55201.24.fits, KCWI    , /KCWI/2024/20240903/lev0/KR.20240903.55201.24.fits, g191b2b      , RL      , 7149.89209  , 139.9113 , Open   , Medium , "2,2"  , L2U2   ,  30.00003,  76.37625, 52.83167 , 0.0  , 0.0   , 2024-09-03 15:20:01.240000, C355  , Steidel  ,      18,      9.4378, g191b2b   ,  2.8999869100918483  , True  , True
KR.20240903.55282.84.fits, KCWI    , /KCWI/2024/20240903/lev0/KR.20240903.55282.84.fits, g191b2b      , RL      , 7149.89209  , 139.9113 , Open   , Medium , "2,2"  , L2U2   ,  30.00003,  76.37625, 52.83167 , 0.0  , 0.0   , 2024-09-03 15:21:22.840000, C355  , Steidel  ,      18,      9.4378, g191b2b   ,  2.8999869100918483  , True  , True
KR.20240903.55376.68.fits, KCWI    , /KCWI/2024/20240903/lev0/KR.20240903.55376.68.fits, g191b2b      , RL      , 7799.89014  , 139.0027 , Open   , Medium , "2,2"  , L2U2   ,  30.00003,  76.37625, 52.83167 , 0.0  , 0.0   , 2024-09-03 15:22:56.680000, C355  , Steidel  ,      18,      9.4378, g191b2b   ,  2.8999869100918483  , True  , True
KR.20240903.55458.28.fits, KCWI    , /KCWI/2024/20240903/lev0/KR.20240903.55458.28.fits, g191b2b      , RL      , 7799.89014  , 139.0027 , Open   , Medium , "2,2"  , L2U2   ,  30.00003,  76.37625, 52.83167 , 0.0  , 0.0   , 2024-09-03 15:24:18.280000, C355  , Steidel  ,      18,      9.4378, g191b2b   ,  2.8999869100918483  , True  , True
KR.20240903.55531.72.fits, KCWI    , /KCWI/2024/20240903/lev0/KR.20240903.55531.72.fits, g191b2b      , RL      , 7799.89014  , 139.0027 , Open   , Medium , "2,2"  , L2U2   ,  30.00003,  76.37625, 52.83167 , 0.0  , 0.0   , 2024-09-03 15:25:31.720000, C355  , Steidel  ,      18,      9.4378, g191b2b   ,  2.8999869100918483  , True  , True
KR.20240904.18891.51.fits, KCWI    , /KCWI/2024/20240904/lev0/KR.20240904.18891.51.fits, bd28d4211    , RL      , 7149.89209  , 139.9113 , Open   , Medium , "2,2"  , L2U2   ,  30.00003, 327.79612, 28.86439 , 0.0  , 0.0   , 2024-09-04 05:14:51.510000, C355  , Steidel  ,      18,      9.4378, bd28d4211 ,  0.016263341883482225, True  , True
KR.20240904.19022.70.fits, KCWI    , /KCWI/2024/20240904/lev0/KR.20240904.19022.70.fits, bd28d4211    , RL      , 7149.89209  , 139.9113 , Open   , Medium , "2,2"  , L2U2   ,  20.00002, 327.79612, 28.86439 , 0.0  , 0.0   , 2024-09-04 05:17:02.070000, C355  , Steidel  ,      18,      9.4378, bd28d4211 ,  0.016263341883482225, True  , True
KR.20240904.19107.75.fits, KCWI    , /KCWI/2024/20240904/lev0/KR.20240904.19107.75.fits, bd28d4211    , RL      , 7149.89209  , 139.9113 , Open   , Medium , "2,2"  , L2U2   ,  20.00002, 327.79612, 28.86439 , 0.0  , 0.0   , 2024-09-04 05:18:27.750000, C355  , Steidel  ,      18,      9.4378, bd28d4211 ,  0.016263341883482225, True  , True
KR.20240904.19172.10.fits, KCWI    , /KCWI/2024/20240904/lev0/KR.20240904.19172.10.fits, bd28d4211    , RL      , 7149.89209  , 139.9113 , Open   , Medium , "2,2"  , L2U2   ,  20.00002, 327.79612, 28.86439 , 0.0  , 0.0   , 2024-09-04 05:19:32.010000, C355  , Steidel  ,      18,      9.4378, bd28d4211 ,  0.016263341883482225, True  , True
KR.20240904.54824.80.fits, KCWI    , /KCWI/2024/20240904/lev0/KR.20240904.54824.80.fits, g191b2b      , RL      , 7149.89209  , 139.9113 , Open   , Medium , "2,2"  , L2U2   ,  30.00003,  76.37625, 52.83167 , 0.0  , 0.0   , 2024-09-04 15:13:44.080000, C355  , Steidel  ,      18,      9.4378, g191b2b   ,  2.8999869100918483  , True  , True
KR.20240904.54924.40.fits, KCWI    , /KCWI/2024/20240904/lev0/KR.20240904.54924.40.fits, g191b2b      , RL      , 7149.89209  , 139.9113 , Open   , Medium , "2,2"  , L2U2   ,  30.00003,  76.37625, 52.83167 , 0.0  , 0.0   , 2024-09-04 15:15:24.040000, C355  , Steidel  ,      18,      9.4378, g191b2b   ,  2.8999869100918483  , True  , True
KR.20240904.55000.54.fits, KCWI    , /KCWI/2024/20240904/lev0/KR.20240904.55000.54.fits, g191b2b      , RL      , 7149.89209  , 139.9113 , Open   , Medium , "2,2"  , L2U2   ,  30.00003,  76.37625, 52.83167 , 0.0  , 0.0   , 2024-09-04 15:16:40.540000, C355  , Steidel  ,      18,      9.4378, g191b2b   ,  2.8999869100918483  , True  , True
KR.20240905.33352.91.fits, KCWI    , /KCWI/2024/20240905/lev0/KR.20240905.33352.91.fits, feige110     , RL      , 7149.89209  , 139.9113 , Open   , Medium , "2,2"  , L2U2   ,  10.00001, 349.99329, -5.1655  , 0.0  , 0.0   , 2024-09-05 09:15:52.910000, H324  , Desai    ,      18,      9.4378, feige110  ,  0.005975632529793093, True  , True
KR.20240905.33416.15.fits, KCWI    , /KCWI/2024/20240905/lev0/KR.20240905.33416.15.fits, feige110     , RL      , 7149.89209  , 139.9113 , Open   , Medium , "2,2"  , L2U2   ,  10.00001, 349.99329, -5.1655  , 0.0  , 0.0   , 2024-09-05 09:16:56.150000, H324  , Desai    ,      18,      9.4378, feige110  ,  0.005975632529793093, True  , True
KR.20240905.33470.21.fits, KCWI    , /KCWI/2024/20240905/lev0/KR.20240905.33470.21.fits, feige110     , RL      , 7149.89209  , 139.9113 , Open   , Medium , "2,2"  , L2U2   ,  10.00001, 349.99329, -5.1655  , 0.0  , 0.0   , 2024-09-05 09:17:50.210000, H324  , Desai    ,      18,      9.4378, feige110  ,  0.005975632529793093, True  , True
KR.20240906.44858.97.fits, KCWI    , /KCWI/2024/20240906/lev0/KR.20240906.44858.97.fits, feige110     , RL      , 7249.9834   , 139.77159, Open   , Medium , "2,2"  , L2U2   ,  30.00003, 349.99329, -5.1655  , 0.0  , 0.0   , 2024-09-06 12:27:38.970000, U204  , Jones    ,      18,      9.4378, feige110  ,  0.005975632529793093, True  , True
KR.20240906.44940.57.fits, KCWI    , /KCWI/2024/20240906/lev0/KR.20240906.44940.57.fits, feige110     , RL      , 7249.9834   , 139.77159, Open   , Medium , "2,2"  , L2U2   ,  30.00003, 349.99329, -5.1655  , 0.0  , 0.0   , 2024-09-06 12:29:00.570000, U204  , Jones    ,      18,      9.4378, feige110  ,  0.005975632529793093, True  , True
KR.20240906.45022.18.fits, KCWI    , /KCWI/2024/20240906/lev0/KR.20240906.45022.18.fits, feige110     , RL      , 7249.9834   , 139.77159, Open   , Medium , "2,2"  , L2U2   ,  30.00003, 349.99329, -5.1655  , 0.0  , 0.0   , 2024-09-06 12:30:22.180000, U204  , Jones    ,      18,      9.4378, feige110  ,  0.005975632529793093, True  , True
KR.20240906.45278.21.fits, KCWI    , /KCWI/2024/20240906/lev0/KR.20240906.45278.21.fits, feige110     , RM1     , 6699.95898  , 125.21969, Open   , Medium , "2,2"  , L2U2   ,  30.00003, 349.99329, -5.1655  , 0.0  , 0.0   , 2024-09-06 12:34:38.210000, U204  , Jones    ,      18,      9.4378, feige110  ,  0.005975632529793093, True  , True
KR.20240906.45376.13.fits, KCWI    , /KCWI/2024/20240906/lev0/KR.20240906.45376.13.fits, feige110     , RM1     , 6699.95898  , 125.21969, Open   , Medium , "2,2"  , L2U2   ,  45.00004, 349.99329, -5.1655  , 0.0  , 0.0   , 2024-09-06 12:36:16.130000, U204  , Jones    ,      18,      9.4378, feige110  ,  0.005975632529793093, True  , True
KR.20240906.45469.97.fits, KCWI    , /KCWI/2024/20240906/lev0/KR.20240906.45469.97.fits, feige110     , RM1     , 6699.95898  , 125.21969, Open   , Medium , "2,2"  , L2U2   ,  45.00004, 349.99329, -5.1655  , 0.0  , 0.0   , 2024-09-06 12:37:49.970000, U204  , Jones    ,      18,      9.4378, feige110  ,  0.005975632529793093, True  , True
KR.20240907.18799.94.fits, KCWI    , /KCWI/2024/20240907/lev0/KR.20240907.18799.94.fits, bd28d4211    , RL      , 7199.88281  , 139.84145, Open   , Medium , "2,2"  , L2U2   ,   1.0    , 327.79587, 28.864   , 0.0  , 0.0   , 2024-09-07 05:13:19.940000, W401  , Kacprzak ,      18,      9.4378, bd28d4211 ,  0.05824612089199348 , True  , True
KR.20240907.18901.94.fits, KCWI    , /KCWI/2024/20240907/lev0/KR.20240907.18901.94.fits, bd28d4211    , RL      , 7199.88281  , 139.84145, Open   , Medium , "2,2"  , L2U2   ,  20.00002, 327.79587, 28.864   , 0.0  , 0.0   , 2024-09-07 05:15:01.940000, W401  , Kacprzak ,      18,      9.4378, bd28d4211 ,  0.05824612089199348 , True  , True
KR.20240907.19000.88.fits, KCWI    , /KCWI/2024/20240907/lev0/KR.20240907.19000.88.fits, bd28d4211    , RL      , 7199.88281  , 139.84145, Open   , Medium , "2,2"  , L2U2   ,  20.00002, 327.79587, 28.864   , 0.0  , 0.0   , 2024-09-07 05:16:40.880000, W401  , Kacprzak ,      18,      9.4378, bd28d4211 ,  0.05824612089199348 , True  , True
KR.20240907.19065.14.fits, KCWI    , /KCWI/2024/20240907/lev0/KR.20240907.19065.14.fits, bd28d4211    , RL      , 7199.88281  , 139.84145, Open   , Medium , "2,2"  , L2U2   ,  20.00002, 327.79587, 28.864   , 0.0  , 0.0   , 2024-09-07 05:17:45.140000, W401  , Kacprzak ,      18,      9.4378, bd28d4211 ,  0.05824612089199348 , True  , True
KR.20240907.19191.62.fits, KCWI    , /KCWI/2024/20240907/lev0/KR.20240907.19191.62.fits, bd28d4211    , RL      , 7199.88281  , 139.84145, Open   , Medium , "2,2"  , L2U2   ,  20.00002, 327.79587, 28.864   , 0.0  , 0.0   , 2024-09-07 05:19:51.620000, W401  , Kacprzak ,      18,      9.4378, bd28d4211 ,  0.05824612089199348 , True  , True
KR.20241001.21908.59.fits, KCWI    , /KCWI/2024/20241001/lev0/KR.20241001.21908.59.fits, l1512-34b    , RL      , 7149.89209  , 139.9113 , Open   , Large  , "2,2"  , L2U2   ,  30.00003, 355.962  , 32.54622 , 0.0  , 0.0   , 2024-10-01 06:05:08.590000, U082  , Rich     ,      18,      9.4378, wd2341d322,  2.038667670483431   , True  , True
KR.20241001.22113.61.fits, KCWI    , /KCWI/2024/20241001/lev0/KR.20241001.22113.61.fits, l1512-34b    , RL      , 7149.89209  , 139.9113 , Open   , Large  , "2,2"  , L2U2   ,  90.00009, 355.962  , 32.54622 , 0.0  , 0.0   , 2024-10-01 06:08:33.610000, U082  , Rich     ,      18,      9.4378, wd2341d322,  2.038667670483431   , True  , True
KR.20241001.22247.23.fits, KCWI    , /KCWI/2024/20241001/lev0/KR.20241001.22247.23.fits, l1512-34b    , RL      , 7149.89209  , 139.9113 , Open   , Large  , "2,2"  , L2U2   ,  90.00009, 355.962  , 32.54622 , 0.0  , 0.0   , 2024-10-01 06:10:47.230000, U082  , Rich     ,      18,      9.4378, wd2341d322,  2.038667670483431   , True  , True
KR.20241001.22380.85.fits, KCWI    , /KCWI/2024/20241001/lev0/KR.20241001.22380.85.fits, l1512-34b    , RL      , 7149.89209  , 139.9113 , Open   , Large  , "2,2"  , L2U2   ,  90.00009, 355.962  , 32.54622 , 0.0  , 0.0   , 2024-10-01 06:13:00.850000, U082  , Rich     ,      18,      9.4378, wd2341d322,  2.038667670483431   , True  , True
KR.20241001.22810.27.fits, KCWI    , /KCWI/2024/20241001/lev0/KR.20241001.22810.27.fits, l1512-34b    , RH3     , 8399.99414  , 105.04292, Open   , Medium , "2,2"  , L2U2   , 120.00011, 355.962  , 32.54622 , 0.0  , 0.0   , 2024-10-01 06:20:10.270000, U082  , Rich     ,      18,      9.4378, wd2341d322,  2.038667670483431   , True  , True
KR.20241001.22973.47.fits, KCWI    , /KCWI/2024/20241001/lev0/KR.20241001.22973.47.fits, l1512-34b    , RH3     , 8399.99414  , 105.04292, Open   , Medium , "2,2"  , L2U2   , 120.00011, 355.962  , 32.54622 , 0.0  , 0.0   , 2024-10-01 06:22:53.470000, U082  , Rich     ,      18,      9.4378, wd2341d322,  2.038667670483431   , True  , True
KR.20241001.23137.70.fits, KCWI    , /KCWI/2024/20241001/lev0/KR.20241001.23137.70.fits, l1512-34b    , RH3     , 8399.99414  , 105.04292, Open   , Medium , "2,2"  , L2U2   , 120.00011, 355.962  , 32.54622 , 0.0  , 0.0   , 2024-10-01 06:25:37.700000, U082  , Rich     ,      18,      9.4378, wd2341d322,  2.038667670483431   , True  , True
KR.20241002.54872.72.fits, KCWI    , /KCWI/2024/20241002/lev0/KR.20241002.54872.72.fits, hd37725      , RL      , 7149.89209  , 139.9113 , Open   , Large  , "2,2"  , L2U2   ,   1.0    ,  85.47667, 29.29731 , 0.0  , 0.0   , 2024-10-02 15:14:32.720000, U195  , Rich     ,      18,      9.4378, hd37725   ,  0.08881870214291737 , True  , True
KR.20241002.54934.94.fits, KCWI    , /KCWI/2024/20241002/lev0/KR.20241002.54934.94.fits, hd37725      , RL      , 7149.89209  , 139.9113 , Open   , Large  , "2,2"  , L2U2   ,   1.0    ,  85.47667, 29.29731 , 0.0  , 0.0   , 2024-10-02 15:15:34.940000, U195  , Rich     ,      18,      9.4378, hd37725   ,  0.08881870214291737 , True  , True
KR.20241002.54980.84.fits, KCWI    , /KCWI/2024/20241002/lev0/KR.20241002.54980.84.fits, hd37725      , RL      , 7149.89209  , 139.9113 , Open   , Large  , "2,2"  , L2U2   ,   1.0    ,  85.47667, 29.29731 , 0.0  , 0.0   , 2024-10-02 15:16:20.840000, U195  , Rich     ,      18,      9.4378, hd37725   ,  0.08881870214291737 , True  , True
KR.20241002.55176.68.fits, KCWI    , /KCWI/2024/20241002/lev0/KR.20241002.55176.68.fits, hd37725      , RL      , 7149.89209  , 139.9113 , Open   , Medium , "2,2"  , L2U2   ,   1.0    ,  85.47667, 29.29731 , 0.0  , 0.0   , 2024-10-02 15:19:36.680000, U195  , Rich     ,      18,      9.4378, hd37725   ,  0.08881870214291737 , True  , True
KR.20241002.55221.56.fits, KCWI    , /KCWI/2024/20241002/lev0/KR.20241002.55221.56.fits, hd37725      , RL      , 7149.89209  , 139.9113 , Open   , Medium , "2,2"  , L2U2   ,   1.0    ,  85.47667, 29.29731 , 0.0  , 0.0   , 2024-10-02 15:20:21.560000, U195  , Rich     ,      18,      9.4378, hd37725   ,  0.08881870214291737 , True  , True
KR.20241002.55266.44.fits, KCWI    , /KCWI/2024/20241002/lev0/KR.20241002.55266.44.fits, hd37725      , RL      , 7149.89209  , 139.9113 , Open   , Medium , "2,2"  , L2U2   ,   1.0    ,  85.47667, 29.29731 , 0.0  , 0.0   , 2024-10-02 15:21:06.440000, U195  , Rich     ,      18,      9.4378, hd37725   ,  0.08881870214291737 , True  , True
KR.20241002.55408.22.fits, KCWI    , /KCWI/2024/20241002/lev0/KR.20241002.55408.22.fits, g191b2b      , RL      , 7149.89209  , 139.9113 , Open   , Medium , "2,2"  , L2U2   ,   3.0    ,  76.37767, 52.83103 , 0.0  , 0.0   , 2024-10-02 15:23:28.220000, U195  , Rich     ,      18,      9.4378, g191b2b   ,  0.02210241644703852 , True  , True
KR.20241002.55506.14.fits, KCWI    , /KCWI/2024/20241002/lev0/KR.20241002.55506.14.fits, g191b2b      , RL      , 7149.89209  , 139.9113 , Open   , Medium , "2,2"  , L2U2   ,  30.00003,  76.37767, 52.83103 , 0.0  , 0.0   , 2024-10-02 15:25:06.140000, U195  , Rich     ,      18,      9.4378, g191b2b   ,  0.02210241644703852 , True  , True
KR.20241002.55579.58.fits, KCWI    , /KCWI/2024/20241002/lev0/KR.20241002.55579.58.fits, g191b2b      , RL      , 7149.89209  , 139.9113 , Open   , Medium , "2,2"  , L2U2   ,  30.00003,  76.37767, 52.83103 , 0.0  , 0.0   , 2024-10-02 15:26:19.580000, U195  , Rich     ,      18,      9.4378, g191b2b   ,  0.02210241644703852 , True  , True
KR.20241002.55654.40.fits, KCWI    , /KCWI/2024/20241002/lev0/KR.20241002.55654.40.fits, g191b2b      , RL      , 7149.89209  , 139.9113 , Open   , Medium , "2,2"  , L2U2   ,  30.00003,  76.37767, 52.83103 , 0.0  , 0.0   , 2024-10-02 15:27:34.040000, U195  , Rich     ,      18,      9.4378, g191b2b   ,  0.02210241644703852 , True  , True
KR.20241002.55889.66.fits, KCWI    , /KCWI/2024/20241002/lev0/KR.20241002.55889.66.fits, g191b2b      , RH3     , 8399.99414  , 105.04292, Open   , Medium , "2,2"  , L2U2   ,   1.0    ,  76.37767, 52.83103 , 0.0  , 0.0   , 2024-10-02 15:31:29.660000, U195  , Rich     ,      18,      9.4378, g191b2b   ,  0.02210241644703852 , True  , True
KR.20241002.56083.46.fits, KCWI    , /KCWI/2024/20241002/lev0/KR.20241002.56083.46.fits, g191b2b      , RH3     , 8399.99414  , 105.04292, Open   , Medium , "2,2"  , L2U2   , 100.00009,  76.37767, 52.83103 , 0.0  , 0.0   , 2024-10-02 15:34:43.460000, U195  , Rich     ,      18,      9.4378, g191b2b   ,  0.02210241644703852 , True  , True
KR.20241002.56227.28.fits, KCWI    , /KCWI/2024/20241002/lev0/KR.20241002.56227.28.fits, g191b2b      , RH3     , 8399.99414  , 105.04292, Open   , Medium , "2,2"  , L2U2   , 100.00009,  76.37767, 52.83103 , 0.0  , 0.0   , 2024-10-02 15:37:07.280000, U195  , Rich     ,      18,      9.4378, g191b2b   ,  0.02210241644703852 , True  , True
KR.20241002.56371.10.fits, KCWI    , /KCWI/2024/20241002/lev0/KR.20241002.56371.10.fits, g191b2b      , RH3     , 8399.99414  , 105.04292, Open   , Medium , "2,2"  , L2U2   , 100.00009,  76.37767, 52.83103 , 0.0  , 0.0   , 2024-10-02 15:39:31.100000, U195  , Rich     ,      18,      9.4378, g191b2b   ,  0.02210241644703852 , True  , True
KR.20241010.17075.98.fits, KCWI    , /KCWI/2024/20241010/lev0/KR.20241010.17075.98.fits, bd28d4211    , RL      , 7149.89209  , 139.9113 , Open   , Medium , "2,2"  , L2U2   ,  10.00001, 327.79612, 28.86439 , 0.0  , 0.0   , 2024-10-10 04:44:35.980000, H315  , Hinkle   ,      18,      9.4378, bd28d4211 ,  0.016263341883482225, True  , True
KR.20241010.17140.24.fits, KCWI    , /KCWI/2024/20241010/lev0/KR.20241010.17140.24.fits, bd28d4211    , RL      , 7149.89209  , 139.9113 , Open   , Medium , "2,2"  , L2U2   ,  10.00001, 327.79612, 28.86439 , 0.0  , 0.0   , 2024-10-10 04:45:40.240000, H315  , Hinkle   ,      18,      9.4378, bd28d4211 ,  0.016263341883482225, True  , True
KR.20241010.17194.30.fits, KCWI    , /KCWI/2024/20241010/lev0/KR.20241010.17194.30.fits, bd28d4211    , RL      , 7149.89209  , 139.9113 , Open   , Medium , "2,2"  , L2U2   ,  10.00001, 327.79612, 28.86439 , 0.0  , 0.0   , 2024-10-10 04:46:34.300000, H315  , Hinkle   ,      18,      9.4378, bd28d4211 ,  0.016263341883482225, True  , True
KR.20241010.32834.34.fits, KCWI    , /KCWI/2024/20241010/lev0/KR.20241010.32834.34.fits, feige110     , RL      , 7149.89209  , 139.9113 , Open   , Medium , "2,2"  , L2U2   ,  10.00001, 349.99329, -5.1655  , 0.0  , 0.0   , 2024-10-10 09:07:14.340000, H315  , Hinkle   ,      18,      9.4378, feige110  ,  0.005975632529793093, True  , True
KR.20241010.32900.64.fits, KCWI    , /KCWI/2024/20241010/lev0/KR.20241010.32900.64.fits, feige110     , RL      , 7149.89209  , 139.9113 , Open   , Medium , "2,2"  , L2U2   ,  10.00001, 349.99329, -5.1655  , 0.0  , 0.0   , 2024-10-10 09:08:20.640000, H315  , Hinkle   ,      18,      9.4378, feige110  ,  0.005975632529793093, True  , True
KR.20241010.32954.70.fits, KCWI    , /KCWI/2024/20241010/lev0/KR.20241010.32954.70.fits, feige110     , RL      , 7149.89209  , 139.9113 , Open   , Medium , "2,2"  , L2U2   ,  10.00001, 349.99329, -5.1655  , 0.0  , 0.0   , 2024-10-10 09:09:14.700000, H315  , Hinkle   ,      18,      9.4378, feige110  ,  0.005975632529793093, True  , True
KR.20241030.16883.60.fits, KCWI    , /KCWI/2024/20241030/lev0/KR.20241030.16883.60.fits, feige110     , RH2     , 6749.97803  , 108.92978, Open   , Medium , "2,2"  , L2U2   ,  20.00002, 349.99325, -5.1655  , 0.0  , 0.0   , 2024-10-30 04:41:23.600000, U245  , Brodie   ,      18,      9.4378, feige110  ,  0.07469340126674882 , True  , True
KR.20241030.17035.58.fits, KCWI    , /KCWI/2024/20241030/lev0/KR.20241030.17035.58.fits, feige110     , RH2     , 6749.97803  , 108.92978, Open   , Medium , "2,2"  , L2U2   ,  60.00006, 349.99325, -5.1655  , 0.0  , 0.0   , 2024-10-30 04:43:55.580000, U245  , Brodie   ,      18,      9.4378, feige110  ,  0.07469340126674882 , True  , True
KR.20241030.17139.62.fits, KCWI    , /KCWI/2024/20241030/lev0/KR.20241030.17139.62.fits, feige110     , RH2     , 6749.97803  , 108.92978, Open   , Medium , "2,2"  , L2U2   ,  60.00006, 349.99325, -5.1655  , 0.0  , 0.0   , 2024-10-30 04:45:39.620000, U245  , Brodie   ,      18,      9.4378, feige110  ,  0.07469340126674882 , True  , True
KR.20241030.17243.66.fits, KCWI    , /KCWI/2024/20241030/lev0/KR.20241030.17243.66.fits, feige110     , RH2     , 6749.97803  , 108.92978, Open   , Medium , "2,2"  , L2U2   ,  60.00006, 349.99325, -5.1655  , 0.0  , 0.0   , 2024-10-30 04:47:23.660000, U245  , Brodie   ,      18,      9.4378, feige110  ,  0.07469340126674882 , True  , True
KR.20241030.17609.84.fits, KCWI    , /KCWI/2024/20241030/lev0/KR.20241030.17609.84.fits, feige110     , RH2     , 6749.97803  , 108.92978, Open   , Medium , "2,2"  , L2U2   , 300.0003 , 349.99325, -5.1655  , 0.0  , 0.0   , 2024-10-30 04:53:29.840000, U245  , Brodie   ,      18,      9.4378, feige110  ,  0.07469340126674882 , True  , True
KR.20241030.17851.58.fits, KCWI    , /KCWI/2024/20241030/lev0/KR.20241030.17851.58.fits, feige110     , RH3     , 8599.97949  , 103.51722, Open   , Medium , "2,2"  , L2U2   ,  60.00006, 349.99325, -5.1655  , 0.0  , 0.0   , 2024-10-30 04:57:31.580000, U245  , Brodie   ,      18,      9.4378, feige110  ,  0.07469340126674882 , True  , True
KR.20241030.18213.69.fits, KCWI    , /KCWI/2024/20241030/lev0/KR.20241030.18213.69.fits, feige110     , RH3     , 8599.97949  , 103.51722, Open   , Medium , "2,2"  , L2U2   , 300.0003 , 349.99325, -5.1655  , 0.0  , 0.0   , 2024-10-30 05:03:33.690000, U245  , Brodie   ,      18,      9.4378, feige110  ,  0.07469340126674882 , True  , True
KR.20241030.24386.79.fits, KCWI    , /KCWI/2024/20241030/lev0/KR.20241030.24386.79.fits, feige110     , RL      , 7299.95117  , 139.70175, Open   , Large  , "2,2"  , L2U2   ,  20.00002, 349.99325, -5.1655  , 0.0  , 0.0   , 2024-10-30 06:46:26.790000, U245  , Brodie   ,      18,      9.4378, feige110  ,  0.07469340126674882 , True  , True
KR.20241030.24522.45.fits, KCWI    , /KCWI/2024/20241030/lev0/KR.20241030.24522.45.fits, feige110     , RL      , 7299.95117  , 139.70175, Open   , Large  , "2,2"  , L2U2   ,  60.00006, 349.99325, -5.1655  , 0.0  , 0.0   , 2024-10-30 06:48:42.450000, U245  , Brodie   ,      18,      9.4378, feige110  ,  0.07469340126674882 , True  , True
KR.20241030.24828.45.fits, KCWI    , /KCWI/2024/20241030/lev0/KR.20241030.24828.45.fits, feige110     , RL      , 7299.95117  , 139.70175, Open   , Medium , "2,2"  , L2U2   , 120.00012, 349.99325, -5.1655  , 0.0  , 0.0   , 2024-10-30 06:53:48.450000, U245  , Brodie   ,      18,      9.4378, feige110  ,  0.07469340126674882 , True  , True
KR.20241102.23934.73.fits, KCWI    , /KCWI/2024/20241102/lev0/KR.20241102.23934.73.fits, feige110     , RL      , 7149.89209  , 139.9113 , Open   , Large  , "2,2"  , L2U2   ,  10.00001, 349.99329, -5.1655  , 0.0  , 0.0   , 2024-11-02 06:38:54.730000, H324  , Desai    ,      18,      9.4378, feige110  ,  0.005975632529793093, True  , True
KR.20241102.23997.97.fits, KCWI    , /KCWI/2024/20241102/lev0/KR.20241102.23997.97.fits, feige110     , RL      , 7149.89209  , 139.9113 , Open   , Large  , "2,2"  , L2U2   ,  10.00001, 349.99329, -5.1655  , 0.0  , 0.0   , 2024-11-02 06:39:57.970000, H324  , Desai    ,      18,      9.4378, feige110  ,  0.005975632529793093, True  , True
KR.20241102.24052.30.fits, KCWI    , /KCWI/2024/20241102/lev0/KR.20241102.24052.30.fits, feige110     , RL      , 7149.89209  , 139.9113 , Open   , Large  , "2,2"  , L2U2   ,  10.00001, 349.99329, -5.1655  , 0.0  , 0.0   , 2024-11-02 06:40:52.030000, H324  , Desai    ,      18,      9.4378, feige110  ,  0.005975632529793093, True  , True
KR.20241102.56127.43.fits, KCWI    , /KCWI/2024/20241102/lev0/KR.20241102.56127.43.fits, g191b2b      , RL      , 7149.89209  , 139.9113 , Open   , Large  , "2,2"  , L2U2   ,  10.00001,  76.37758, 52.83167 , 0.0  , 0.0   , 2024-11-02 15:35:27.430000, H324  , Desai    ,      18,      9.4378, g191b2b   ,  0.014020025852305171, True  , True
KR.20241102.56211.70.fits, KCWI    , /KCWI/2024/20241102/lev0/KR.20241102.56211.70.fits, g191b2b      , RL      , 7149.89209  , 139.9113 , Open   , Large  , "2,2"  , L2U2   ,  20.00003,  76.37758, 52.83167 , 0.0  , 0.0   , 2024-11-02 15:36:51.070000, H324  , Desai    ,      18,      9.4378, g191b2b   ,  0.014020025852305171, True  , True
KR.20241102.56275.33.fits, KCWI    , /KCWI/2024/20241102/lev0/KR.20241102.56275.33.fits, g191b2b      , RL      , 7149.89209  , 139.9113 , Open   , Large  , "2,2"  , L2U2   ,  20.00003,  76.37758, 52.83167 , 0.0  , 0.0   , 2024-11-02 15:37:55.330000, H324  , Desai    ,      18,      9.4378, g191b2b   ,  0.014020025852305171, True  , True
KR.20241102.56354.90.fits, KCWI    , /KCWI/2024/20241102/lev0/KR.20241102.56354.90.fits, g191b2b      , RL      , 7149.89209  , 139.9113 , Open   , Large  , "2,2"  , L2U2   ,  20.00003,  76.37758, 52.83167 , 0.0  , 0.0   , 2024-11-02 15:39:14.900000, H324  , Desai    ,      18,      9.4378, g191b2b   ,  0.014020025852305171, True  , True
KR.20241103.17002.69.fits, KCWI    , /KCWI/2024/20241103/lev0/KR.20241103.17002.69.fits, feige110     , RM2     , 9849.9375   , 123.44044, Open   , Medium , "2,2"  , L2U2   ,  60.00008, 349.99329, -5.1655  , 0.0  , 0.0   , 2024-11-03 04:43:22.690000, U223  , Barth    ,      18,      9.4378, feige110  ,  0.005975632529793093, True  , True
KR.20241103.17221.99.fits, KCWI    , /KCWI/2024/20241103/lev0/KR.20241103.17221.99.fits, feige110     , RM2     , 9849.9375   , 123.44044, Open   , Medium , "2,2"  , L2U2   , 120.00016, 349.99329, -5.1655  , 0.0  , 0.0   , 2024-11-03 04:47:01.990000, U223  , Barth    ,      18,      9.4378, feige110  ,  0.005975632529793093, True  , True
KR.20241103.17385.19.fits, KCWI    , /KCWI/2024/20241103/lev0/KR.20241103.17385.19.fits, feige110     , RM2     , 9849.9375   , 123.44044, Open   , Medium , "2,2"  , L2U2   , 120.00016, 349.99329, -5.1655  , 0.0  , 0.0   , 2024-11-03 04:49:45.190000, U223  , Barth    ,      18,      9.4378, feige110  ,  0.005975632529793093, True  , True
KR.20241103.17549.41.fits, KCWI    , /KCWI/2024/20241103/lev0/KR.20241103.17549.41.fits, feige110     , RM2     , 9849.9375   , 123.44044, Open   , Medium , "2,2"  , L2U2   , 120.00016, 349.99329, -5.1655  , 0.0  , 0.0   , 2024-11-03 04:52:29.410000, U223  , Barth    ,      18,      9.4378, feige110  ,  0.005975632529793093, True  , True
KR.20241103.17659.57.fits, KCWI    , /KCWI/2024/20241103/lev0/KR.20241103.17659.57.fits, feige110     , RM2     , 9849.9375   , 123.44044, Open   , Medium , "2,2"  , L2U2   ,  60.00008, 349.99329, -5.1655  , 0.0  , 0.0   , 2024-11-03 04:54:19.570000, U223  , Barth    ,      18,      9.4378, feige110  ,  0.005975632529793093, True  , True
KR.20241103.17767.69.fits, KCWI    , /KCWI/2024/20241103/lev0/KR.20241103.17767.69.fits, feige110     , RM2     , 9849.9375   , 123.44044, Open   , Medium , "2,2"  , L2U2   ,  60.00008, 349.99329, -5.1655  , 0.0  , 0.0   , 2024-11-03 04:56:07.690000, U223  , Barth    ,      18,      9.4378, feige110  ,  0.005975632529793093, True  , True
KR.20241103.17877.85.fits, KCWI    , /KCWI/2024/20241103/lev0/KR.20241103.17877.85.fits, feige110     , RM2     , 9849.9375   , 123.44044, Open   , Medium , "2,2"  , L2U2   ,  60.00008, 349.99329, -5.1655  , 0.0  , 0.0   , 2024-11-03 04:57:57.850000, U223  , Barth    ,      18,      9.4378, feige110  ,  0.005975632529793093, True  , True
KR.20241103.18042.70.fits, KCWI    , /KCWI/2024/20241103/lev0/KR.20241103.18042.70.fits, feige110     , RM2     , 9849.9375   , 123.44044, Open   , Medium , "2,2"  , L2U2   ,  60.00008, 349.99329, -5.1655  , 0.0  , 0.0   , 2024-11-03 05:00:42.070000, U223  , Barth    ,      18,      9.4378, feige110  ,  0.005975632529793093, True  , True
KR.20241103.18165.49.fits, KCWI    , /KCWI/2024/20241103/lev0/KR.20241103.18165.49.fits, feige110     , RM2     , 9849.9375   , 123.44044, Open   , Medium , "2,2"  , L2U2   ,  60.00008, 349.99329, -5.1655  , 0.0  , 0.0   , 2024-11-03 05:02:45.490000, U223  , Barth    ,      18,      9.4378, feige110  ,  0.005975632529793093, True  , True
KR.20241103.18279.73.fits, KCWI    , /KCWI/2024/20241103/lev0/KR.20241103.18279.73.fits, feige110     , RM2     , 9849.9375   , 123.44044, Open   , Medium , "2,2"  , L2U2   ,  60.00008, 349.99329, -5.1655  , 0.0  , 0.0   , 2024-11-03 05:04:39.730000, U223  , Barth    ,      18,      9.4378, feige110  ,  0.005975632529793093, True  , True
KR.20241103.18389.89.fits, KCWI    , /KCWI/2024/20241103/lev0/KR.20241103.18389.89.fits, feige110     , RM2     , 9849.9375   , 123.44044, Open   , Medium , "2,2"  , L2U2   ,  60.00008, 349.99329, -5.1655  , 0.0  , 0.0   , 2024-11-03 05:06:29.890000, U223  , Barth    ,      18,      9.4378, feige110  ,  0.005975632529793093, True  , True
KR.20241103.18500.50.fits, KCWI    , /KCWI/2024/20241103/lev0/KR.20241103.18500.50.fits, feige110     , RM2     , 9849.9375   , 123.44044, Open   , Medium , "2,2"  , L2U2   ,  60.00008, 349.99329, -5.1655  , 0.0  , 0.0   , 2024-11-03 05:08:20.050000, U223  , Barth    ,      18,      9.4378, feige110  ,  0.005975632529793093, True  , True
KR.20241103.51781.69.fits, KCWI    , /KCWI/2024/20241103/lev0/KR.20241103.51781.69.fits, gd71         , RM2     , 9849.9375   , 123.44044, Open   , Medium , "2,2"  , L2U2   , 120.00016,  88.11508, 15.887   , 0.0  , 0.0   , 2024-11-03 14:23:01.690000, U223  , Barth    ,      18,      9.4378, gd71      ,  0.555092871915523   , True  , True
KR.20241103.51973.45.fits, KCWI    , /KCWI/2024/20241103/lev0/KR.20241103.51973.45.fits, gd71         , RM2     , 9849.9375   , 123.44044, Open   , Medium , "2,2"  , L2U2   , 120.00016,  88.11508, 15.887   , 0.0  , 0.0   , 2024-11-03 14:26:13.450000, U223  , Barth    ,      18,      9.4378, gd71      ,  0.555092871915523   , True  , True
KR.20241103.52137.67.fits, KCWI    , /KCWI/2024/20241103/lev0/KR.20241103.52137.67.fits, gd71         , RM2     , 9849.9375   , 123.44044, Open   , Medium , "2,2"  , L2U2   , 120.00016,  88.11508, 15.887   , 0.0  , 0.0   , 2024-11-03 14:28:57.670000, U223  , Barth    ,      18,      9.4378, gd71      ,  0.555092871915523   , True  , True
KR.20241103.52334.53.fits, KCWI    , /KCWI/2024/20241103/lev0/KR.20241103.52334.53.fits, gd71         , RM2     , 9499.96289  , 124.63998, Open   , Medium , "2,2"  , L2U2   , 120.00016,  88.11508, 15.887   , 0.0  , 0.0   , 2024-11-03 14:32:14.530000, U223  , Barth    ,      18,      9.4378, gd71      ,  0.555092871915523   , True  , True
KR.20241103.52498.75.fits, KCWI    , /KCWI/2024/20241103/lev0/KR.20241103.52498.75.fits, gd71         , RM2     , 9499.96289  , 124.63998, Open   , Medium , "2,2"  , L2U2   , 120.00016,  88.11508, 15.887   , 0.0  , 0.0   , 2024-11-03 14:34:58.750000, U223  , Barth    ,      18,      9.4378, gd71      ,  0.555092871915523   , True  , True
KR.20241103.52662.97.fits, KCWI    , /KCWI/2024/20241103/lev0/KR.20241103.52662.97.fits, gd71         , RM2     , 9499.96289  , 124.63998, Open   , Medium , "2,2"  , L2U2   , 120.00016,  88.11508, 15.887   , 0.0  , 0.0   , 2024-11-03 14:37:42.970000, U223  , Barth    ,      18,      9.4378, gd71      ,  0.555092871915523   , True  , True
KR.20241104.16160.62.fits, KCWI    , /KCWI/2024/20241104/lev0/KR.20241104.16160.62.fits, feige110     , RH2     , 6750.02734  , 108.92978, Open   , Medium , "2,2"  , L2U2   ,  15.00002, 349.99325, -5.1655  , 0.0  , 0.0   , 2024-11-04 04:29:20.620000, W283  , Forbes   ,      18,      9.4378, feige110  ,  0.07481527849756386 , True  , True
KR.20241104.16390.12.fits, KCWI    , /KCWI/2024/20241104/lev0/KR.20241104.16390.12.fits, feige110     , RH2     , 6750.02734  , 108.92978, Open   , Medium , "2,2"  , L2U2   ,  60.00008, 349.99325, -5.1655  , 0.0  , 0.0   , 2024-11-04 04:33:10.120000, W283  , Forbes   ,      18,      9.4378, feige110  ,  0.07481527849756386 , True  , True
KR.20241104.16661.44.fits, KCWI    , /KCWI/2024/20241104/lev0/KR.20241104.16661.44.fits, feige110     , RH2     , 6750.02734  , 108.92978, Open   , Medium , "2,2"  , L2U2   , 120.00016, 349.99325, -5.1655  , 0.0  , 0.0   , 2024-11-04 04:37:41.440000, W283  , Forbes   ,      18,      9.4378, feige110  ,  0.07481527849756386 , True  , True
KR.20241104.16977.64.fits, KCWI    , /KCWI/2024/20241104/lev0/KR.20241104.16977.64.fits, feige110     , RH2     , 6750.02734  , 108.92978, Open   , Medium , "2,2"  , L2U2   , 200.00027, 349.99325, -5.1655  , 0.0  , 0.0   , 2024-11-04 04:42:57.640000, W283  , Forbes   ,      18,      9.4378, feige110  ,  0.07481527849756386 , True  , True
KR.20241104.17240.80.fits, KCWI    , /KCWI/2024/20241104/lev0/KR.20241104.17240.80.fits, feige110     , RH2     , 6750.02734  , 108.92978, Open   , Medium , "2,2"  , L2U2   , 200.00027, 349.99325, -5.1655  , 0.0  , 0.0   , 2024-11-04 04:47:20.800000, W283  , Forbes   ,      18,      9.4378, feige110  ,  0.07481527849756386 , True  , True
KR.20241104.17731.42.fits, KCWI    , /KCWI/2024/20241104/lev0/KR.20241104.17731.42.fits, feige110     , RL      , 7049.98779  , 140.05045, Open   , Medium , "2,2"  , L2U2   , 200.00027, 349.99325, -5.1655  , 0.0  , 0.0   , 2024-11-04 04:55:31.420000, W283  , Forbes   ,      18,      9.4378, feige110  ,  0.07481527849756386 , True  , True
KR.20241104.17905.84.fits, KCWI    , /KCWI/2024/20241104/lev0/KR.20241104.17905.84.fits, feige110     , RL      , 7049.98779  , 140.05045, Open   , Medium , "2,2"  , L2U2   , 100.00013, 349.99325, -5.1655  , 0.0  , 0.0   , 2024-11-04 04:58:25.840000, W283  , Forbes   ,      18,      9.4378, feige110  ,  0.07481527849756386 , True  , True
KR.20241104.18162.88.fits, KCWI    , /KCWI/2024/20241104/lev0/KR.20241104.18162.88.fits, feige110     , RL      , 7299.95117  , 139.70175, Open   , Medium , "2,2"  , L2U2   ,  60.00008, 349.99325, -5.1655  , 0.0  , 0.0   , 2024-11-04 05:02:42.880000, W283  , Forbes   ,      18,      9.4378, feige110  ,  0.07481527849756386 , True  , True
KR.20241104.18276.10.fits, KCWI    , /KCWI/2024/20241104/lev0/KR.20241104.18276.10.fits, feige110     , RL      , 7299.95117  , 139.70175, Open   , Medium , "2,2"  , L2U2   ,  60.00008, 349.99325, -5.1655  , 0.0  , 0.0   , 2024-11-04 05:04:36.100000, W283  , Forbes   ,      18,      9.4378, feige110  ,  0.07481527849756386 , True  , True
KR.20241107.22040.18.fits, KCWI    , /KCWI/2024/20241107/lev0/KR.20241107.22040.18.fits, feige110     , RH2     , 6749.97803  , 108.92978, Open   , Medium , "2,2"  , L2U2   , 300.0003 , 349.99325, -5.1655  , 0.0  , 0.0   , 2024-11-07 06:07:20.180000, W285  , Gannon   ,      18,      9.4378, feige110  ,  0.07488840636070764 , True  , True
KR.20241107.22403.31.fits, KCWI    , /KCWI/2024/20241107/lev0/KR.20241107.22403.31.fits, feige110     , RH2     , 6749.97803  , 108.92978, Open   , Medium , "2,2"  , L2U2   , 300.0003 , 349.99325, -5.1655  , 0.0  , 0.0   , 2024-11-07 06:13:23.310000, W285  , Gannon   ,      18,      9.4378, feige110  ,  0.07488840636070764 , True  , True
KR.20241107.22892.91.fits, KCWI    , /KCWI/2024/20241107/lev0/KR.20241107.22892.91.fits, feige110     , RH3     , 8599.97949  , 103.51722, Open   , Medium , "2,2"  , L2U2   , 300.0003 , 349.99325, -5.1655  , 0.0  , 0.0   , 2024-11-07 06:21:32.910000, W285  , Gannon   ,      18,      9.4378, feige110  ,  0.07488840636070764 , True  , True
KR.20241107.23242.77.fits, KCWI    , /KCWI/2024/20241107/lev0/KR.20241107.23242.77.fits, feige110     , RH3     , 8599.97949  , 103.51722, Open   , Medium , "2,2"  , L2U2   , 300.0003 , 349.99325, -5.1655  , 0.0  , 0.0   , 2024-11-07 06:27:22.770000, W285  , Gannon   ,      18,      9.4378, feige110  ,  0.07488840636070764 , True  , True
KR.20241108.16097.59.fits, KCWI    , /KCWI/2024/20241108/lev0/KR.20241108.16097.59.fits, feige110     , RH2     , 6749.97803  , 108.92978, Open   , Medium , "2,2"  , L2U2   , 300.0003 , 349.99325, -5.1655  , 0.0  , 0.0   , 2024-11-08 04:28:17.590000, W285  , Gannon   ,      18,      9.4378, feige110  ,  0.07491278266844395 , True  , True
KR.20241108.16644.31.fits, KCWI    , /KCWI/2024/20241108/lev0/KR.20241108.16644.31.fits, feige110     , RH2     , 6749.97803  , 108.92978, Open   , Medium , "2,2"  , L2U2   , 450.00045, 349.99325, -5.1655  , 0.0  , 0.0   , 2024-11-08 04:37:24.310000, W285  , Gannon   ,      18,      9.4378, feige110  ,  0.07491278266844395 , True  , True
KR.20241108.17348.12.fits, KCWI    , /KCWI/2024/20241108/lev0/KR.20241108.17348.12.fits, feige110     , RH2     , 6749.97803  , 108.92978, Open   , Medium , "2,2"  , L2U2   , 600.0006 , 349.99325, -5.1655  , 0.0  , 0.0   , 2024-11-08 04:49:08.120000, W285  , Gannon   ,      18,      9.4378, feige110  ,  0.07491278266844395 , True  , True
KR.20241108.17676.56.fits, KCWI    , /KCWI/2024/20241108/lev0/KR.20241108.17676.56.fits, feige110     , RL      , 7049.98779  , 140.05045, Open   , Medium , "2,2"  , L2U2   ,  60.00006, 349.99325, -5.1655  , 0.0  , 0.0   , 2024-11-08 04:54:36.560000, W285  , Gannon   ,      18,      9.4378, feige110  ,  0.07491278266844395 , True  , True
KR.20241108.17860.16.fits, KCWI    , /KCWI/2024/20241108/lev0/KR.20241108.17860.16.fits, feige110     , RL      , 7049.98779  , 140.05045, Open   , Medium , "2,2"  , L2U2   , 120.00012, 349.99325, -5.1655  , 0.0  , 0.0   , 2024-11-08 04:57:40.160000, W285  , Gannon   ,      18,      9.4378, feige110  ,  0.07491278266844395 , True  , True
KR.20241108.18026.42.fits, KCWI    , /KCWI/2024/20241108/lev0/KR.20241108.18026.42.fits, feige110     , RL      , 7049.98779  , 140.05045, Open   , Medium , "2,2"  , L2U2   , 120.00012, 349.99325, -5.1655  , 0.0  , 0.0   , 2024-11-08 05:00:26.420000, W285  , Gannon   ,      18,      9.4378, feige110  ,  0.07491278266844395 , True  , True
KR.20241109.48303.80.fits, KCWI    , /KCWI/2024/20241109/lev0/KR.20241109.48303.80.fits, g191b2b      , RL      , 7149.89209  , 139.9113 , Open   , Medium , "2,2"  , L2U2   ,  10.00001,  76.37767, 52.83103 , 0.0  , 0.0   , 2024-11-09 13:25:03.080000, H315  , Hinkle   ,      18,      9.4378, g191b2b   ,  0.03101668696589318 , True  , True
KR.20241109.48357.14.fits, KCWI    , /KCWI/2024/20241109/lev0/KR.20241109.48357.14.fits, g191b2b      , RL      , 7149.89209  , 139.9113 , Open   , Medium , "2,2"  , L2U2   ,  10.00001,  76.37767, 52.83103 , 0.0  , 0.0   , 2024-11-09 13:25:57.140000, H315  , Hinkle   ,      18,      9.4378, g191b2b   ,  0.03101668696589318 , True  , True
KR.20241109.48411.20.fits, KCWI    , /KCWI/2024/20241109/lev0/KR.20241109.48411.20.fits, g191b2b      , RL      , 7149.89209  , 139.9113 , Open   , Medium , "2,2"  , L2U2   ,  10.00001,  76.37767, 52.83103 , 0.0  , 0.0   , 2024-11-09 13:26:51.200000, H315  , Hinkle   ,      18,      9.4378, g191b2b   ,  0.03101668696589318 , True  , True
KR.20241109.56571.21.fits, KCWI    , /KCWI/2024/20241109/lev0/KR.20241109.56571.21.fits, feige34      , RL      , 7149.89209  , 139.9113 , Open   , Medium , "2,2"  , L2U2   ,  15.00002, 159.90304, 43.10264 , 0.0  , 0.0   , 2024-11-09 15:42:51.210000, H315  , Hinkle   ,      18,      9.4378, feige34   ,  0.05055296932187161 , True  , True
KR.20241109.56639.55.fits, KCWI    , /KCWI/2024/20241109/lev0/KR.20241109.56639.55.fits, feige34      , RL      , 7149.89209  , 139.9113 , Open   , Medium , "2,2"  , L2U2   ,  15.00002, 159.90304, 43.10264 , 0.0  , 0.0   , 2024-11-09 15:43:59.550000, H315  , Hinkle   ,      18,      9.4378, feige34   ,  0.05055296932187161 , True  , True
KR.20241109.56698.71.fits, KCWI    , /KCWI/2024/20241109/lev0/KR.20241109.56698.71.fits, feige34      , RL      , 7149.89209  , 139.9113 , Open   , Medium , "2,2"  , L2U2   ,  15.00002, 159.90304, 43.10264 , 0.0  , 0.0   , 2024-11-09 15:44:58.710000, H315  , Hinkle   ,      18,      9.4378, feige34   ,  0.05055296932187161 , True  , True
KR.20241129.43567.85.fits, KCWI    , /KCWI/2024/20241129/lev0/KR.20241129.43567.85.fits, hd031128     , RH1     , 6579.98633  , 100.32337, Open   , Large  , "2,2"  , L2U2   ,   1.0    ,  73.04242, -27.06433, 0.0  , 0.0   , 2024-11-29 12:06:07.850000, H328  , Gao      ,      18,      9.4378, hd031128  ,  0.04887905755707593 , True  , True
KR.20241129.43748.39.fits, KCWI    , /KCWI/2024/20241129/lev0/KR.20241129.43748.39.fits, hd031128     , RH1     , 6579.98633  , 100.32337, Open   , Large  , "2,2"  , L2U2   ,  10.00001,  73.04242, -27.06433, 0.0  , 0.0   , 2024-11-29 12:09:08.390000, H328  , Gao      ,      18,      9.4378, hd031128  ,  0.04887905755707593 , True  , True
KR.20241129.43802.45.fits, KCWI    , /KCWI/2024/20241129/lev0/KR.20241129.43802.45.fits, hd031128     , RH1     , 6579.98633  , 100.32337, Open   , Large  , "2,2"  , L2U2   ,  10.00001,  73.04242, -27.06433, 0.0  , 0.0   , 2024-11-29 12:10:02.450000, H328  , Gao      ,      18,      9.4378, hd031128  ,  0.04887905755707593 , True  , True
KR.20241129.44175.77.fits, KCWI    , /KCWI/2024/20241129/lev0/KR.20241129.44175.77.fits, hd031128     , RH1     , 6059.93262  , 105.75298, Open   , Large  , "2,2"  , L2U2   ,  10.00001,  73.04242, -27.06433, 0.0  , 0.0   , 2024-11-29 12:16:15.770000, H328  , Gao      ,      18,      9.4378, hd031128  ,  0.04887905755707593 , True  , True
KR.20241129.44229.83.fits, KCWI    , /KCWI/2024/20241129/lev0/KR.20241129.44229.83.fits, hd031128     , RH1     , 6059.93262  , 105.75298, Open   , Large  , "2,2"  , L2U2   ,  10.00001,  73.04242, -27.06433, 0.0  , 0.0   , 2024-11-29 12:17:09.830000, H328  , Gao      ,      18,      9.4378, hd031128  ,  0.04887905755707593 , True  , True
KR.20241130.15636.56.fits, KCWI    , /KCWI/2024/20241130/lev0/KR.20241130.15636.56.fits, bd28d4211    , RL      , 7999.94678  , 138.7222 , Open   , Small  , "1,1"  , L2U2   ,  30.00003, 327.79612, 28.86439 , 0.0  , 0.0   , 2024-11-30 04:20:36.560000, U099  , Treu     ,      18,     35.5219, bd28d4211 ,  0.016263341883482225, True  , True
KR.20241130.15826.28.fits, KCWI    , /KCWI/2024/20241130/lev0/KR.20241130.15826.28.fits, bd28d4211    , RL      , 7999.94678  , 138.7222 , Open   , Small  , "1,1"  , L2U2   ,  60.00006, 327.79612, 28.86439 , 0.0  , 0.0   , 2024-11-30 04:23:46.280000, U099  , Treu     ,      18,     35.5219, bd28d4211 ,  0.016263341883482225, True  , True
KR.20241130.16084.34.fits, KCWI    , /KCWI/2024/20241130/lev0/KR.20241130.16084.34.fits, bd28d4211    , RL      , 7999.94678  , 138.7222 , Open   , Small  , "1,1"  , L2U2   , 120.00012, 327.79612, 28.86439 , 0.0  , 0.0   , 2024-11-30 04:28:04.340000, U099  , Treu     ,      18,     35.5219, bd28d4211 ,  0.016263341883482225, True  , True
KR.20241130.16348.52.fits, KCWI    , /KCWI/2024/20241130/lev0/KR.20241130.16348.52.fits, bd28d4211    , RL      , 7999.94678  , 138.7222 , Open   , Small  , "1,1"  , L2U2   , 120.00012, 327.79612, 28.86439 , 0.0  , 0.0   , 2024-11-30 04:32:28.520000, U099  , Treu     ,      18,     35.5219, bd28d4211 ,  0.016263341883482225, True  , True
KR.20241130.54715.92.fits, KCWI    , /KCWI/2024/20241130/lev0/KR.20241130.54715.92.fits, feige34      , RL      , 7999.94678  , 138.7222 , Open   , Small  , "1,1"  , L2U2   , 100.0001 , 159.90296, 43.10281 , 0.0  , 0.0   , 2024-11-30 15:11:55.920000, U099  , Treu     ,      18,     35.5219, feige34   ,  0.01658888694004281 , True  , True
KR.20241130.55250.40.fits, KCWI    , /KCWI/2024/20241130/lev0/KR.20241130.55250.40.fits, feige34      , RL      , 7999.94678  , 138.7222 , Open   , Small  , "1,1"  , L2U2   , 150.00015, 159.90296, 43.10281 , 0.0  , 0.0   , 2024-11-30 15:20:50.400000, U099  , Treu     ,      18,     35.5219, feige34   ,  0.01658888694004281 , True  , True
KR.20241130.55546.20.fits, KCWI    , /KCWI/2024/20241130/lev0/KR.20241130.55546.20.fits, feige34      , RL      , 7999.94678  , 138.7222 , Open   , Small  , "1,1"  , L2U2   , 150.00015, 159.90296, 43.10281 , 0.0  , 0.0   , 2024-11-30 15:25:46.200000, U099  , Treu     ,      18,     35.5219, feige34   ,  0.01658888694004281 , True  , True
KR.20241130.55798.14.fits, KCWI    , /KCWI/2024/20241130/lev0/KR.20241130.55798.14.fits, feige34      , RL      , 7999.94678  , 138.7222 , Open   , Small  , "1,1"  , L2U2   , 150.00015, 159.90296, 43.10281 , 0.0  , 0.0   , 2024-11-30 15:29:58.140000, U099  , Treu     ,      18,     35.5219, feige34   ,  0.01658888694004281 , True  , True
KR.20241201.36524.44.fits, KCWI    , /KCWI/2024/20241201/lev0/KR.20241201.36524.44.fits, bd54d1216    , RL      , 7149.89209  , 139.9113 , Open   , Medium , "2,2"  , L2U2   ,   5.00001, 124.84404, 54.086   , 0.0  , 0.0   , 2024-12-01 10:08:44.440000, C374  , Polin    ,      18,      9.4378, bd54d1216 ,  0.023488986857962305, True  , True
KR.20241201.36573.40.fits, KCWI    , /KCWI/2024/20241201/lev0/KR.20241201.36573.40.fits, bd54d1216    , RL      , 7149.89209  , 139.9113 , Open   , Medium , "2,2"  , L2U2   ,   5.0    , 124.84404, 54.086   , 0.0  , 0.0   , 2024-12-01 10:09:33.400000, C374  , Polin    ,      18,      9.4378, bd54d1216 ,  0.023488986857962305, True  , True
KR.20241201.36622.36.fits, KCWI    , /KCWI/2024/20241201/lev0/KR.20241201.36622.36.fits, bd54d1216    , RL      , 7149.89209  , 139.9113 , Open   , Medium , "2,2"  , L2U2   ,   5.0    , 124.84404, 54.086   , 0.0  , 0.0   , 2024-12-01 10:10:22.360000, C374  , Polin    ,      18,      9.4378, bd54d1216 ,  0.023488986857962305, True  , True
KR.20241201.56043.60.fits, KCWI    , /KCWI/2024/20241201/lev0/KR.20241201.56043.60.fits, feige34      , RL      , 7999.94678  , 138.7222 , Open   , Small  , "1,1"  , L2U2   , 150.00015, 159.90296, 43.10281 , 0.0  , 0.0   , 2024-12-01 15:34:03.060000, U099  , Treu     ,      18,     35.5219, feige34   ,  0.01658888694004281 , True  , True
KR.20241201.56323.57.fits, KCWI    , /KCWI/2024/20241201/lev0/KR.20241201.56323.57.fits, feige34      , RL      , 7999.94678  , 138.7222 , Open   , Small  , "1,1"  , L2U2   , 150.00015, 159.90296, 43.10281 , 0.0  , 0.0   , 2024-12-01 15:38:43.570000, U099  , Treu     ,      18,     35.5219, feige34   ,  0.01658888694004281 , True  , True
KR.20241201.56610.20.fits, KCWI    , /KCWI/2024/20241201/lev0/KR.20241201.56610.20.fits, feige34      , RL      , 7999.94678  , 138.7222 , Open   , Small  , "1,1"  , L2U2   , 150.00015, 159.90296, 43.10281 , 0.0  , 0.0   , 2024-12-01 15:43:30.200000, U099  , Treu     ,      18,     35.5219, feige34   ,  0.01658888694004281 , True  , True
KR.20241201.56866.22.fits, KCWI    , /KCWI/2024/20241201/lev0/KR.20241201.56866.22.fits, feige34      , RL      , 7999.94678  , 138.7222 , Open   , Small  , "1,1"  , L2U2   , 150.00015, 159.90296, 43.10281 , 0.0  , 0.0   , 2024-12-01 15:47:46.220000, U099  , Treu     ,      18,     35.5219, feige34   ,  0.01658888694004281 , True  , True
KR.20241202.35046.30.fits, KCWI    , /KCWI/2024/20241202/lev0/KR.20241202.35046.30.fits, bd54d1216    , RH1     , 6619.99365  ,  99.87512, Open   , Small  , "1,1"  , L2U2   ,  90.00009, 124.84404, 54.086   , 0.0  , 0.0   , 2024-12-02 09:44:06.030000, C374  , Polin    ,      18,     35.5219, bd54d1216 ,  0.023488986857962305, True  , True
KR.20241202.35324.49.fits, KCWI    , /KCWI/2024/20241202/lev0/KR.20241202.35324.49.fits, bd54d1216    , RH1     , 6619.99365  ,  99.87512, Open   , Small  , "1,1"  , L2U2   ,  90.00009, 124.84404, 54.086   , 0.0  , 0.0   , 2024-12-02 09:48:44.490000, C374  , Polin    ,      18,     35.5219, bd54d1216 ,  0.023488986857962305, True  , True
KR.20241202.35516.26.fits, KCWI    , /KCWI/2024/20241202/lev0/KR.20241202.35516.26.fits, bd54d1216    , RH1     , 6619.99365  ,  99.87512, Open   , Small  , "1,1"  , L2U2   ,  90.00009, 124.84404, 54.086   , 0.0  , 0.0   , 2024-12-02 09:51:56.260000, C374  , Polin    ,      18,     35.5219, bd54d1216 ,  0.023488986857962305, True  , True
KR.20241202.35868.16.fits, KCWI    , /KCWI/2024/20241202/lev0/KR.20241202.35868.16.fits, bd54d1216    , RH1     , 6619.99365  ,  99.87512, Open   , Small  , "1,1"  , L2U2   , 180.00018, 124.84404, 54.086   , 0.0  , 0.0   , 2024-12-02 09:57:48.160000, C374  , Polin    ,      18,     35.5219, bd54d1216 ,  0.023488986857962305, True  , True
KR.20241202.36149.68.fits, KCWI    , /KCWI/2024/20241202/lev0/KR.20241202.36149.68.fits, bd54d1216    , RH1     , 6619.99365  ,  99.87512, Open   , Small  , "1,1"  , L2U2   , 180.00018, 124.84404, 54.086   , 0.0  , 0.0   , 2024-12-02 10:02:29.680000, C374  , Polin    ,      18,     35.5219, bd54d1216 ,  0.023488986857962305, True  , True
KR.20241204.15743.36.fits, KCWI    , /KCWI/2024/20241204/lev0/KR.20241204.15743.36.fits, feige110     , RL      , 7249.9834   , 139.77159, Open   , Small  , "1,1"  , L2U2   ,  40.00004, 349.99329, -5.1655  , 0.0  , 0.0   , 2024-12-04 04:22:23.360000, C375  , Harrison ,      18,     35.5219, feige110  ,  0.005975632529793093, True  , True
KR.20241204.15947.36.fits, KCWI    , /KCWI/2024/20241204/lev0/KR.20241204.15947.36.fits, feige110     , RL      , 7249.9834   , 139.77159, Open   , Small  , "1,1"  , L2U2   ,  60.00006, 349.99329, -5.1655  , 0.0  , 0.0   , 2024-12-04 04:25:47.360000, C375  , Harrison ,      18,     35.5219, feige110  ,  0.005975632529793093, True  , True
KR.20241204.16252.34.fits, KCWI    , /KCWI/2024/20241204/lev0/KR.20241204.16252.34.fits, feige110     , RL      , 7249.9834   , 139.77159, Open   , Small  , "1,1"  , L2U2   , 120.00012, 349.99329, -5.1655  , 0.0  , 0.0   , 2024-12-04 04:30:52.340000, C375  , Harrison ,      18,     35.5219, feige110  ,  0.005975632529793093, True  , True
KR.20241204.16493.60.fits, KCWI    , /KCWI/2024/20241204/lev0/KR.20241204.16493.60.fits, feige110     , RL      , 7249.9834   , 139.77159, Open   , Small  , "1,1"  , L2U2   , 120.00012, 349.99329, -5.1655  , 0.0  , 0.0   , 2024-12-04 04:34:53.060000, C375  , Harrison ,      18,     35.5219, feige110  ,  0.005975632529793093, True  , True
KR.20241204.37160.32.fits, KCWI    , /KCWI/2024/20241204/lev0/KR.20241204.37160.32.fits, G191-B2B     , RL      , 7099.8877   , 139.98114, Open   , Large  , "2,2"  , L2U2   ,   2.0    ,  76.37758, 52.83167 , 0.0  , 0.0   , 2024-12-04 10:19:20.320000, C391  , Qin      ,      18,      9.4378, g191b2b   ,  0.014020025852305171, True  , True
KR.20241204.37338.82.fits, KCWI    , /KCWI/2024/20241204/lev0/KR.20241204.37338.82.fits, G191-B2B     , RL      , 7099.8877   , 139.98114, Open   , Large  , "2,2"  , L2U2   ,  24.00002,  76.37758, 52.83167 , 0.0  , 0.0   , 2024-12-04 10:22:18.820000, C391  , Qin      ,      18,      9.4378, g191b2b   ,  0.014020025852305171, True  , True
KR.20241204.37426.54.fits, KCWI    , /KCWI/2024/20241204/lev0/KR.20241204.37426.54.fits, G191-B2B     , RL      , 7099.8877   , 139.98114, Open   , Large  , "2,2"  , L2U2   ,  24.00002,  76.37758, 52.83167 , 0.0  , 0.0   , 2024-12-04 10:23:46.540000, C391  , Qin      ,      18,      9.4378, g191b2b   ,  0.014020025852305171, True  , True
KR.20241204.37509.16.fits, KCWI    , /KCWI/2024/20241204/lev0/KR.20241204.37509.16.fits, G191-B2B     , RL      , 7099.8877   , 139.98114, Open   , Large  , "2,2"  , L2U2   ,  24.00002,  76.37758, 52.83167 , 0.0  , 0.0   , 2024-12-04 10:25:09.160000, C391  , Qin      ,      18,      9.4378, g191b2b   ,  0.014020025852305171, True  , True
KR.20241204.55288.80.fits, KCWI    , /KCWI/2024/20241204/lev0/KR.20241204.55288.80.fits, Feige34      , RL      , 7099.8877   , 139.98114, Open   , Medium , "2,2"  , L2U2   ,  36.00004, 159.90296, 43.10281 , 0.0  , 0.0   , 2024-12-04 15:21:28.800000, C391  , Qin      ,      18,      9.4378, feige34   ,  0.01658888694004281 , True  , True
KR.20241204.55379.58.fits, KCWI    , /KCWI/2024/20241204/lev0/KR.20241204.55379.58.fits, Feige34      , RL      , 7099.8877   , 139.98114, Open   , Medium , "2,2"  , L2U2   ,  24.00002, 159.90296, 43.10281 , 0.0  , 0.0   , 2024-12-04 15:22:59.580000, C391  , Qin      ,      18,      9.4378, feige34   ,  0.01658888694004281 , True  , True
KR.20241204.55447.92.fits, KCWI    , /KCWI/2024/20241204/lev0/KR.20241204.55447.92.fits, Feige34      , RL      , 7099.8877   , 139.98114, Open   , Medium , "2,2"  , L2U2   ,  24.00002, 159.90296, 43.10281 , 0.0  , 0.0   , 2024-12-04 15:24:07.920000, C391  , Qin      ,      18,      9.4378, feige34   ,  0.01658888694004281 , True  , True
KR.20241205.17023.71.fits, KCWI    , /KCWI/2024/20241205/lev0/KR.20241205.17023.71.fits, feige110     , RL      , 7149.89209  , 139.9113 , Open   , Medium , "2,2"  , L2U2   ,   5.0    , 349.99325, -5.1655  , 0.0  , 0.0   , 2024-12-05 04:43:43.710000, U082  , Rich     ,      18,      9.4378, feige110  ,  0.0755709964905402  , True  , True
KR.20241205.17114.49.fits, KCWI    , /KCWI/2024/20241205/lev0/KR.20241205.17114.49.fits, feige110     , RL      , 7149.89209  , 139.9113 , Open   , Medium , "2,2"  , L2U2   ,  20.00002, 349.99325, -5.1655  , 0.0  , 0.0   , 2024-12-05 04:45:14.490000, U082  , Rich     ,      18,      9.4378, feige110  ,  0.0755709964905402  , True  , True
KR.20241205.17226.69.fits, KCWI    , /KCWI/2024/20241205/lev0/KR.20241205.17226.69.fits, feige110     , RL      , 7149.89209  , 139.9113 , Open   , Medium , "2,2"  , L2U2   ,  30.00003, 349.99325, -5.1655  , 0.0  , 0.0   , 2024-12-05 04:47:06.690000, U082  , Rich     ,      18,      9.4378, feige110  ,  0.0755709964905402  , True  , True
KR.20241205.17652.30.fits, KCWI    , /KCWI/2024/20241205/lev0/KR.20241205.17652.30.fits, feige110     , RL      , 7149.89209  , 139.9113 , Open   , Large  , "2,2"  , L2U2   ,  20.00002, 349.99325, -5.1655  , 0.0  , 0.0   , 2024-12-05 04:54:12.030000, U082  , Rich     ,      18,      9.4378, feige110  ,  0.0755709964905402  , True  , True
KR.20241205.17738.73.fits, KCWI    , /KCWI/2024/20241205/lev0/KR.20241205.17738.73.fits, feige110     , RL      , 7149.89209  , 139.9113 , Open   , Large  , "2,2"  , L2U2   ,  20.00002, 349.99325, -5.1655  , 0.0  , 0.0   , 2024-12-05 04:55:38.730000, U082  , Rich     ,      18,      9.4378, feige110  ,  0.0755709964905402  , True  , True
KR.20241205.17806.50.fits, KCWI    , /KCWI/2024/20241205/lev0/KR.20241205.17806.50.fits, feige110     , RL      , 7149.89209  , 139.9113 , Open   , Large  , "2,2"  , L2U2   ,  20.00002, 349.99325, -5.1655  , 0.0  , 0.0   , 2024-12-05 04:56:46.050000, U082  , Rich     ,      18,      9.4378, feige110  ,  0.0755709964905402  , True  , True
KR.20241205.56793.59.fits, KCWI    , /KCWI/2024/20241205/lev0/KR.20241205.56793.59.fits, feige 34     , RL      , 7149.89209  , 139.9113 , Open   , Large  , "2,2"  , L2U2   ,  30.46003, 159.90317, 43.10239 , 0.0  , 0.0   , 2024-12-05 15:46:33.590000, U280  , Foley    ,      18,      9.4378, feige34   ,  0.9122802926964984  , True  , True
KR.20241205.56905.79.fits, KCWI    , /KCWI/2024/20241205/lev0/KR.20241205.56905.79.fits, feige 34     , RL      , 7149.89209  , 139.9113 , Open   , Large  , "2,2"  , L2U2   ,  20.00002, 159.90317, 43.10239 , 0.0  , 0.0   , 2024-12-05 15:48:25.790000, U280  , Foley    ,      18,      9.4378, feige34   ,  0.9122802926964984  , True  , True
KR.20241205.56971.70.fits, KCWI    , /KCWI/2024/20241205/lev0/KR.20241205.56971.70.fits, feige 34     , RL      , 7149.89209  , 139.9113 , Open   , Large  , "2,2"  , L2U2   ,  20.38002, 159.90317, 43.10239 , 0.0  , 0.0   , 2024-12-05 15:49:31.070000, U280  , Foley    ,      18,      9.4378, feige34   ,  0.9122802926964984  , True  , True
KR.20241205.57034.31.fits, KCWI    , /KCWI/2024/20241205/lev0/KR.20241205.57034.31.fits, feige 34     , RL      , 7149.89209  , 139.9113 , Open   , Large  , "2,2"  , L2U2   ,  20.00002, 159.90317, 43.10239 , 0.0  , 0.0   , 2024-12-05 15:50:34.310000, U280  , Foley    ,      18,      9.4378, feige34   ,  0.9122802926964984  , True  , True
KR.20241205.57556.40.fits, KCWI    , /KCWI/2024/20241205/lev0/KR.20241205.57556.40.fits, feige 34     , RL      , 7149.89209  , 139.9113 , Open   , Large  , "2,2"  , L2U2   ,   9.31001, 159.90317, 43.10239 , 0.0  , 0.0   , 2024-12-05 15:59:16.040000, U082  , Rich     ,      18,      9.4378, feige34   ,  0.9122802926964984  , True  , True
KR.20241205.57632.54.fits, KCWI    , /KCWI/2024/20241205/lev0/KR.20241205.57632.54.fits, feige 34     , RL      , 7149.89209  , 139.9113 , Open   , Large  , "2,2"  , L2U2   ,  10.00001, 159.90317, 43.10239 , 0.0  , 0.0   , 2024-12-05 16:00:32.540000, U082  , Rich     ,      18,      9.4378, feige34   ,  0.9122802926964984  , True  , True
KR.20241207.49922.00.fits, KCWI    , /KCWI/2024/20241207/lev0/KR.20241207.49922.00.fits, hz44         , RL      , 7149.89209  , 139.9113 , Open   , Large  , "2,2"  , L2U2   ,  30.00003, 200.89737, 36.13333 , 0.0  , 0.0   , 2024-12-07 13:52:02       , U042  , Valenti  ,      18,      9.4378, hz44      ,  0.018850547453741033, True  , True
KR.20241207.50051.54.fits, KCWI    , /KCWI/2024/20241207/lev0/KR.20241207.50051.54.fits, hz44         , RL      , 7149.89209  , 139.9113 , Open   , Large  , "2,2"  , L2U2   ,  30.00003, 200.89737, 36.13333 , 0.0  , 0.0   , 2024-12-07 13:54:11.540000, U042  , Valenti  ,      18,      9.4378, hz44      ,  0.018850547453741033, True  , True
KR.20241207.50126.00.fits, KCWI    , /KCWI/2024/20241207/lev0/KR.20241207.50126.00.fits, hz44         , RL      , 7149.89209  , 139.9113 , Open   , Large  , "2,2"  , L2U2   ,  30.00003, 200.89737, 36.13333 , 0.0  , 0.0   , 2024-12-07 13:55:26       , U042  , Valenti  ,      18,      9.4378, hz44      ,  0.018850547453741033, True  , True
KR.20241223.16054.36.fits, KCWI    , /KCWI/2024/20241223/lev0/KR.20241223.16054.36.fits, feige110     , RL      , 7150.13379  , 139.9113 , Open   , Medium , "2,2"  , L2U2   ,  20.00002, 349.99325, -5.1655  , 0.0  , 0.0   , 2024-12-23 04:27:34.360000, H315  , Hinkle   ,      18,      9.4378, feige110  ,  0.07600986232014652 , True  , True
KR.20241223.16204.30.fits, KCWI    , /KCWI/2024/20241223/lev0/KR.20241223.16204.30.fits, feige110     , RL      , 7150.13379  , 139.9113 , Open   , Medium , "2,2"  , L2U2   ,  35.00003, 349.99325, -5.1655  , 0.0  , 0.0   , 2024-12-23 04:30:04.300000, H315  , Hinkle   ,      18,      9.4378, feige110  ,  0.07600986232014652 , True  , True
KR.20241223.16282.84.fits, KCWI    , /KCWI/2024/20241223/lev0/KR.20241223.16282.84.fits, feige110     , RL      , 7150.13379  , 139.9113 , Open   , Medium , "2,2"  , L2U2   ,  35.00003, 349.99325, -5.1655  , 0.0  , 0.0   , 2024-12-23 04:31:22.840000, H315  , Hinkle   ,      18,      9.4378, feige110  ,  0.07600986232014652 , True  , True
KR.20241223.16362.40.fits, KCWI    , /KCWI/2024/20241223/lev0/KR.20241223.16362.40.fits, feige110     , RL      , 7150.13379  , 139.9113 , Open   , Medium , "2,2"  , L2U2   ,  35.00003, 349.99325, -5.1655  , 0.0  , 0.0   , 2024-12-23 04:32:42.400000, H315  , Hinkle   ,      18,      9.4378, feige110  ,  0.07600986232014652 , True  , True
KR.20241223.33314.84.fits, KCWI    , /KCWI/2024/20241223/lev0/KR.20241223.33314.84.fits, g191b2b      , RL      , 7150.13379  , 139.9113 , Open   , Medium , "2,2"  , L2U2   ,  30.00003,  76.37767, 52.83103 , 0.0  , 0.0   , 2024-12-23 09:15:14.840000, H315  , Hinkle   ,      18,      9.4378, g191b2b   ,  0.0418051274228187  , True  , True
KR.20241223.33402.56.fits, KCWI    , /KCWI/2024/20241223/lev0/KR.20241223.33402.56.fits, g191b2b      , RL      , 7150.13379  , 139.9113 , Open   , Medium , "2,2"  , L2U2   ,  30.00003,  76.37767, 52.83103 , 0.0  , 0.0   , 2024-12-23 09:16:42.560000, H315  , Hinkle   ,      18,      9.4378, g191b2b   ,  0.0418051274228187  , True  , True
KR.20241223.33477.20.fits, KCWI    , /KCWI/2024/20241223/lev0/KR.20241223.33477.20.fits, g191b2b      , RL      , 7150.13379  , 139.9113 , Open   , Medium , "2,2"  , L2U2   ,  30.00003,  76.37767, 52.83103 , 0.0  , 0.0   , 2024-12-23 09:17:57.020000, H315  , Hinkle   ,      18,      9.4378, g191b2b   ,  0.0418051274228187  , True  , True
KR.20241223.56967.65.fits, KCWI    , /KCWI/2024/20241223/lev0/KR.20241223.56967.65.fits, GD 153       , RM2     , 9849.9375   , 123.44044, Open   , Medium , "2,2"  , L2U2   , 120.00012, 194.25942, 22.02989 , 0.0  , 0.0   , 2024-12-23 15:49:27.650000, U267  , Hennawi  ,      18,      9.4378, gd153     ,  0.04821446092442865 , True  , True
KR.20241223.57145.13.fits, KCWI    , /KCWI/2024/20241223/lev0/KR.20241223.57145.13.fits, GD 153       , RM2     , 9849.9375   , 123.44044, Open   , Medium , "2,2"  , L2U2   , 120.00012, 194.25913, 22.02989 , -1.1 , 0.0   , 2024-12-23 15:52:25.130000, U267  , Hennawi  ,      18,      9.4378, gd153     ,  0.9514529307209066  , True  , True
KR.20241223.57378.71.fits, KCWI    , /KCWI/2024/20241223/lev0/KR.20241223.57378.71.fits, GD 153       , RM2     , 9849.9375   , 123.44044, Open   , Small  , "2,2"  , L2U2   , 120.00012, 194.25942, 22.02989 , 0.0  , 0.0   , 2024-12-23 15:56:18.710000, U267  , Hennawi  ,      18,      9.4378, gd153     ,  0.04821446092442865 , True  , True
KR.20241223.57576.59.fits, KCWI    , /KCWI/2024/20241223/lev0/KR.20241223.57576.59.fits, GD 153       , RM2     , 9849.9375   , 123.44044, Open   , Small  , "2,2"  , L2U2   , 120.00012, 194.25913, 22.02989 , -1.1 , 0.0   , 2024-12-23 15:59:36.590000, U267  , Hennawi  ,      18,      9.4378, gd153     ,  0.9514529307209066  , True  , True
KR.20241224.57906.90.fits, KCWI    , /KCWI/2024/20241224/lev0/KR.20241224.57906.90.fits, GD153        , RM2     , 9849.9375   , 123.44044, Open   , Medium , "2,2"  , L2U2   , 120.00012, 194.25942, 22.02989 , 0.0  , 0.0   , 2024-12-24 16:05:06.090000, U267  , Hennawi  ,      18,      9.4378, gd153     ,  0.04876729881506954 , True  , True
KR.20241224.58080.52.fits, KCWI    , /KCWI/2024/20241224/lev0/KR.20241224.58080.52.fits, GD153        , RM2     , 9849.9375   , 123.44044, Open   , Medium , "2,2"  , L2U2   , 120.00012, 194.25942, 22.02989 , 0.0  , 0.0   , 2024-12-24 16:08:00.520000, U267  , Hennawi  ,      18,      9.4378, gd153     ,  0.04876729881506954 , True  , True
KR.20241224.58307.98.fits, KCWI    , /KCWI/2024/20241224/lev0/KR.20241224.58307.98.fits, GD153        , RL      , 7089.96826  , 139.9949 , Open   , Medium , "2,2"  , L2U2   ,  20.00002, 194.25942, 22.02989 , 0.0  , 0.0   , 2024-12-24 16:11:47.980000, U267  , Hennawi  ,      18,      9.4378, gd153     ,  0.04876729881506954 , True  , True
KR.20241224.58491.58.fits, KCWI    , /KCWI/2024/20241224/lev0/KR.20241224.58491.58.fits, GD153        , RL      , 7089.98047  , 139.9949 , Open   , Medium , "2,2"  , L2U2   , 120.38012, 194.25942, 22.02989 , 0.0  , 0.0   , 2024-12-24 16:14:51.580000, U267  , Hennawi  ,      18,      9.4378, gd153     ,  0.04876729881506954 , True  , True
KR.20241224.58663.96.fits, KCWI    , /KCWI/2024/20241224/lev0/KR.20241224.58663.96.fits, GD153        , RL      , 7089.98047  , 139.9949 , Open   , Medium , "2,2"  , L2U2   , 120.00012, 194.25913, 22.02989 , -1.1 , 0.0   , 2024-12-24 16:17:43.960000, U267  , Hennawi  ,      18,      9.4378, gd153     ,  0.9513842980727242  , True  , True
KR.20241225.57431.46.fits, KCWI    , /KCWI/2024/20241225/lev0/KR.20241225.57431.46.fits, feige 34     , RM2     , 8849.99414  , 126.82789, Open   , Small  , "1,1"  , L2U2   ,  10.00001, 159.90317, 43.10239 , 0.0  , 0.0   , 2024-12-25 15:57:11.460000, H321  , Cowie    ,      18,     35.5219, feige34   ,  0.9107785008229851  , True  , True
KR.20241225.57657.90.fits, KCWI    , /KCWI/2024/20241225/lev0/KR.20241225.57657.90.fits, feige 34     , RM2     , 8849.99414  , 126.82789, Open   , Small  , "1,1"  , L2U2   ,  20.00002, 159.90317, 43.10239 , 0.0  , 0.0   , 2024-12-25 16:00:57.900000, H321  , Cowie    ,      18,     35.5219, feige34   ,  0.9107785008229851  , True  , True
KR.20241225.57780.30.fits, KCWI    , /KCWI/2024/20241225/lev0/KR.20241225.57780.30.fits, feige 34     , RM2     , 8849.99414  , 126.82789, Open   , Small  , "1,1"  , L2U2   ,  20.00002, 159.90317, 43.10239 , 0.0  , 0.0   , 2024-12-25 16:03:00.300000, H321  , Cowie    ,      18,     35.5219, feige34   ,  0.9107785008229851  , True  , True
KR.20241225.57901.68.fits, KCWI    , /KCWI/2024/20241225/lev0/KR.20241225.57901.68.fits, feige 34     , RM2     , 8849.99414  , 126.82789, Open   , Small  , "1,1"  , L2U2   ,  20.00002, 159.90317, 43.10239 , 0.0  , 0.0   , 2024-12-25 16:05:01.680000, H321  , Cowie    ,      18,     35.5219, feige34   ,  0.9107785008229851  , True  , True
KR.20241226.36518.20.fits, KCWI    , /KCWI/2024/20241226/lev0/KR.20241226.36518.20.fits, g191b2b      , RH2     , 6699.99219  , 109.34118, Open   , Large  , "2,2"  , L2U2   ,   5.0    ,  76.37767, 52.83103 , 0.0  , 0.0   , 2024-12-26 10:08:38.020000, K412  , McGurk   ,      18,      9.4378, g191b2b   ,  0.04255009054269446 , True  , True
KR.20241226.37534.97.fits, KCWI    , /KCWI/2024/20241226/lev0/KR.20241226.37534.97.fits, g191b2b      , RH2     , 6699.99219  , 109.34118, Open   , Large  , "2,2"  , L2U2   , 240.00024,  76.37767, 52.83103 , 0.0  , 0.0   , 2024-12-26 10:25:34.970000, K412  , McGurk   ,      18,      9.4378, g191b2b   ,  0.04255009054269446 , True  , True
KR.20241226.37864.44.fits, KCWI    , /KCWI/2024/20241226/lev0/KR.20241226.37864.44.fits, g191b2b      , RH2     , 6699.99219  , 109.34118, Open   , Large  , "2,2"  , L2U2   , 240.00024,  76.37767, 52.83103 , 0.0  , 0.0   , 2024-12-26 10:31:04.440000, K412  , McGurk   ,      18,      9.4378, g191b2b   ,  0.04255009054269446 , True  , True
KR.20241226.38149.20.fits, KCWI    , /KCWI/2024/20241226/lev0/KR.20241226.38149.20.fits, g191b2b      , RH2     , 6699.99219  , 109.34118, Open   , Large  , "2,2"  , L2U2   , 240.00024,  76.37767, 52.83103 , 0.0  , 0.0   , 2024-12-26 10:35:49.020000, K412  , McGurk   ,      18,      9.4378, g191b2b   ,  0.04255009054269446 , True  , True
KR.20241226.38547.85.fits, KCWI    , /KCWI/2024/20241226/lev0/KR.20241226.38547.85.fits, g191b2b      , RH2     , 6999.9873   , 106.82272, Open   , Large  , "2,2"  , L2U2   , 240.00024,  76.37767, 52.83103 , 0.0  , 0.0   , 2024-12-26 10:42:27.850000, K412  , McGurk   ,      18,      9.4378, g191b2b   ,  0.04255009054269446 , True  , True
KR.20241226.38832.43.fits, KCWI    , /KCWI/2024/20241226/lev0/KR.20241226.38832.43.fits, g191b2b      , RH2     , 6999.9873   , 106.82272, Open   , Large  , "2,2"  , L2U2   , 240.00024,  76.37767, 52.83103 , 0.0  , 0.0   , 2024-12-26 10:47:12.430000, K412  , McGurk   ,      18,      9.4378, g191b2b   ,  0.04255009054269446 , True  , True
KR.20241226.39115.99.fits, KCWI    , /KCWI/2024/20241226/lev0/KR.20241226.39115.99.fits, g191b2b      , RH2     , 6999.9873   , 106.82272, Open   , Large  , "2,2"  , L2U2   , 240.00024,  76.37767, 52.83103 , 0.0  , 0.0   , 2024-12-26 10:51:55.990000, K412  , McGurk   ,      18,      9.4378, g191b2b   ,  0.04255009054269446 , True  , True
KR.20241228.35053.95.fits, KCWI    , /KCWI/2024/20241228/lev0/KR.20241228.35053.95.fits, hd031128     , RH1     , 6579.98633  , 100.32337, Open   , Large  , "2,2"  , L2U2   ,  10.00001,  73.04242, -27.06433, 0.0  , 0.0   , 2024-12-28 09:44:13.950000, H328  , Gao      ,      18,      9.4378, hd031128  ,  0.06032322253623955 , True  , True
KR.20241228.35200.85.fits, KCWI    , /KCWI/2024/20241228/lev0/KR.20241228.35200.85.fits, hd031128     , RH1     , 6579.98633  , 100.32337, Open   , Large  , "2,2"  , L2U2   ,  20.00002,  73.04242, -27.06433, 0.0  , 0.0   , 2024-12-28 09:46:40.850000, H328  , Gao      ,      18,      9.4378, hd031128  ,  0.06032322253623955 , True  , True
KR.20241228.35286.53.fits, KCWI    , /KCWI/2024/20241228/lev0/KR.20241228.35286.53.fits, hd031128     , RH1     , 6579.98633  , 100.32337, Open   , Large  , "2,2"  , L2U2   ,  20.00002,  73.04242, -27.06433, 0.0  , 0.0   , 2024-12-28 09:48:06.530000, H328  , Gao      ,      18,      9.4378, hd031128  ,  0.06032322253623955 , True  , True
KR.20241228.35430.35.fits, KCWI    , /KCWI/2024/20241228/lev0/KR.20241228.35430.35.fits, hd031128     , RH1     , 6059.98975  , 105.75298, Open   , Large  , "2,2"  , L2U2   ,  20.00002,  73.04242, -27.06433, 0.0  , 0.0   , 2024-12-28 09:50:30.350000, H328  , Gao      ,      18,      9.4378, hd031128  ,  0.06032322253623955 , True  , True
KR.20241228.35494.61.fits, KCWI    , /KCWI/2024/20241228/lev0/KR.20241228.35494.61.fits, hd031128     , RH1     , 6059.99414  , 105.75298, Open   , Large  , "2,2"  , L2U2   ,  20.00002,  73.04242, -27.06433, 0.0  , 0.0   , 2024-12-28 09:51:34.610000, H328  , Gao      ,      18,      9.4378, hd031128  ,  0.06032322253623955 , True  , True
KR.20241229.16895.19.fits, KCWI    , /KCWI/2024/20241229/lev0/KR.20241229.16895.19.fits, feige110     , RH4     , 9949.98047  , 103.72512, Open   , Large  , "2,2"  , L2U2   ,  50.00005, 349.99329, -5.1655  , 0.0  , 0.0   , 2024-12-29 04:41:35.190000, U204  , Jones    ,      18,      9.4378, feige110  ,  0.005975632529793093, True  , True
KR.20241229.17069.61.fits, KCWI    , /KCWI/2024/20241229/lev0/KR.20241229.17069.61.fits, feige110     , RH4     , 9949.98047  , 103.72512, Open   , Large  , "2,2"  , L2U2   , 120.00012, 349.99329, -5.1655  , 0.0  , 0.0   , 2024-12-29 04:44:29.610000, U204  , Jones    ,      18,      9.4378, feige110  ,  0.005975632529793093, True  , True
KR.20241229.17373.58.fits, KCWI    , /KCWI/2024/20241229/lev0/KR.20241229.17373.58.fits, feige110     , RH4     , 9949.98047  , 103.72512, Open   , Large  , "2,2"  , L2U2   , 240.00024, 349.99329, -5.1655  , 0.0  , 0.0   , 2024-12-29 04:49:33.580000, U204  , Jones    ,      18,      9.4378, feige110  ,  0.005975632529793093, True  , True
KR.20241229.17698.96.fits, KCWI    , /KCWI/2024/20241229/lev0/KR.20241229.17698.96.fits, feige110     , RL      , 7249.9834   , 139.77159, Open   , Medium , "2,2"  , L2U2   ,  60.00006, 349.99329, -5.1655  , 0.0  , 0.0   , 2024-12-29 04:54:58.960000, U204  , Jones    ,      18,      9.4378, feige110  ,  0.005975632529793093, True  , True
KR.20241229.17803.00.fits, KCWI    , /KCWI/2024/20241229/lev0/KR.20241229.17803.00.fits, feige110     , RL      , 7249.9834   , 139.77159, Open   , Medium , "2,2"  , L2U2   ,  45.00005, 349.99329, -5.1655  , 0.0  , 0.0   , 2024-12-29 04:56:43       , U204  , Jones    ,      18,      9.4378, feige110  ,  0.005975632529793093, True  , True
KR.20241229.17901.94.fits, KCWI    , /KCWI/2024/20241229/lev0/KR.20241229.17901.94.fits, feige110     , RL      , 7249.9834   , 139.77159, Open   , Medium , "2,2"  , L2U2   ,  45.00005, 349.99329, -5.1655  , 0.0  , 0.0   , 2024-12-29 04:58:21.940000, U204  , Jones    ,      18,      9.4378, feige110  ,  0.005975632529793093, True  , True
KR.20241229.18207.94.fits, KCWI    , /KCWI/2024/20241229/lev0/KR.20241229.18207.94.fits, feige110     , RL      , 7999.94678  , 138.7222 , Open   , Medium , "2,2"  , L2U2   ,  45.00005, 349.99329, -5.1655  , 0.0  , 0.0   , 2024-12-29 05:03:27.940000, U204  , Jones    ,      18,      9.4378, feige110  ,  0.005975632529793093, True  , True
KR.20241229.18306.88.fits, KCWI    , /KCWI/2024/20241229/lev0/KR.20241229.18306.88.fits, feige110     , RL      , 7999.94678  , 138.7222 , Open   , Medium , "2,2"  , L2U2   ,  45.00005, 349.99329, -5.1655  , 0.0  , 0.0   , 2024-12-29 05:05:06.880000, U204  , Jones    ,      18,      9.4378, feige110  ,  0.005975632529793093, True  , True
KR.20241229.18404.80.fits, KCWI    , /KCWI/2024/20241229/lev0/KR.20241229.18404.80.fits, feige110     , RL      , 7999.94678  , 138.7222 , Open   , Medium , "2,2"  , L2U2   ,  45.00005, 349.99329, -5.1655  , 0.0  , 0.0   , 2024-12-29 05:06:44.800000, U204  , Jones    ,      18,      9.4378, feige110  ,  0.005975632529793093, True  , True
KR.20241229.57359.86.fits, KCWI    , /KCWI/2024/20241229/lev0/KR.20241229.57359.86.fits, feige34      , RH4     , 9949.98047  , 103.72512, Open   , Large  , "2,2"  , L2U2   , 180.00018, 159.90296, 43.10281 , 0.0  , 0.0   , 2024-12-29 15:55:59.860000, U204  , Jones    ,      18,      9.4378, feige34   ,  0.01658888694004281 , True  , True
KR.20241229.57596.50.fits, KCWI    , /KCWI/2024/20241229/lev0/KR.20241229.57596.50.fits, feige34      , RH4     , 9949.98047  , 103.72512, Open   , Large  , "2,2"  , L2U2   , 180.00018, 159.90296, 43.10281 , 0.0  , 0.0   , 2024-12-29 15:59:56.500000, U204  , Jones    ,      18,      9.4378, feige34   ,  0.01658888694004281 , True  , True
KR.20241229.57802.54.fits, KCWI    , /KCWI/2024/20241229/lev0/KR.20241229.57802.54.fits, feige34      , RL      , 7999.94678  , 138.7222 , Open   , Medium , "2,2"  , L2U2   ,  30.00003, 159.90296, 43.10281 , 0.0  , 0.0   , 2024-12-29 16:03:22.540000, U204  , Jones    ,      18,      9.4378, feige34   ,  0.01658888694004281 , True  , True
KR.20241229.57885.16.fits, KCWI    , /KCWI/2024/20241229/lev0/KR.20241229.57885.16.fits, feige34      , RL      , 7999.94678  , 138.7222 , Open   , Medium , "2,2"  , L2U2   ,  30.00003, 159.90296, 43.10281 , 0.0  , 0.0   , 2024-12-29 16:04:45.160000, U204  , Jones    ,      18,      9.4378, feige34   ,  0.01658888694004281 , True  , True
KR.20241229.58158.52.fits, KCWI    , /KCWI/2024/20241229/lev0/KR.20241229.58158.52.fits, feige34      , RL      , 7249.9834   , 139.77159, Open   , Medium , "2,2"  , L2U2   ,  30.00003, 159.90296, 43.10281 , 0.0  , 0.0   , 2024-12-29 16:09:18.520000, U204  , Jones    ,      18,      9.4378, feige34   ,  0.01658888694004281 , True  , True
KR.20241229.58254.40.fits, KCWI    , /KCWI/2024/20241229/lev0/KR.20241229.58254.40.fits, feige34      , RL      , 7249.9834   , 139.77159, Open   , Medium , "2,2"  , L2U2   ,  30.00003, 159.90296, 43.10281 , 0.0  , 0.0   , 2024-12-29 16:10:54.400000, U204  , Jones    ,      18,      9.4378, feige34   ,  0.01658888694004281 , True  , True
KR.20250101.17516.15.fits, KCWI    , /KCWI/2025/20250101/lev0/KR.20250101.17516.15.fits, BD+28d4211   , RL      , 7099.8877   , 139.98114, Open   , FPCam  , "2,2"  , L2U2   ,  12.00001, 327.79612, 28.86439 , 0.0  , 0.0   , 2025-01-01 04:51:56.150000, C391  , Qin      ,      18,      9.4378, bd28d4211 ,  0.016263341883482225, True  , True
KR.20250101.17717.90.fits, KCWI    , /KCWI/2025/20250101/lev0/KR.20250101.17717.90.fits, BD+28d4211   , RL      , 7099.8877   , 139.98114, Open   , Large  , "2,2"  , L2U2   ,  12.00001, 327.79612, 28.86439 , 0.0  , 0.0   , 2025-01-01 04:55:17.090000, C391  , Qin      ,      18,      9.4378, bd28d4211 ,  0.016263341883482225, True  , True
KR.20250101.17844.59.fits, KCWI    , /KCWI/2025/20250101/lev0/KR.20250101.17844.59.fits, BD+28d4211   , RL      , 7099.8877   , 139.98114, Open   , Large  , "2,2"  , L2U2   ,  24.00002, 327.79612, 28.86439 , 0.0  , 0.0   , 2025-01-01 04:57:24.590000, C391  , Qin      ,      18,      9.4378, bd28d4211 ,  0.016263341883482225, True  , True
KR.20250101.17912.93.fits, KCWI    , /KCWI/2025/20250101/lev0/KR.20250101.17912.93.fits, BD+28d4211   , RL      , 7099.8877   , 139.98114, Open   , Large  , "2,2"  , L2U2   ,  24.00002, 327.79612, 28.86439 , 0.0  , 0.0   , 2025-01-01 04:58:32.930000, C391  , Qin      ,      18,      9.4378, bd28d4211 ,  0.016263341883482225, True  , True
KR.20250101.17981.27.fits, KCWI    , /KCWI/2025/20250101/lev0/KR.20250101.17981.27.fits, BD+28d4211   , RL      , 7099.8877   , 139.98114, Open   , Large  , "2,2"  , L2U2   ,  24.00002, 327.79612, 28.86439 , 0.0  , 0.0   , 2025-01-01 04:59:41.270000, C391  , Qin      ,      18,      9.4378, bd28d4211 ,  0.016263341883482225, True  , True
KR.20250101.32452.80.fits, KCWI    , /KCWI/2025/20250101/lev0/KR.20250101.32452.80.fits, G191-B2B     , RL      , 7099.8877   , 139.98114, Open   , Medium , "2,2"  , L2U2   ,  30.00003,  76.37758, 52.83167 , 0.0  , 0.0   , 2025-01-01 09:00:52.080000, C391  , Qin      ,      18,      9.4378, g191b2b   ,  0.014020025852305171, True  , True
KR.20250101.32526.54.fits, KCWI    , /KCWI/2025/20250101/lev0/KR.20250101.32526.54.fits, G191-B2B     , RL      , 7099.8877   , 139.98114, Open   , Medium , "2,2"  , L2U2   ,  30.00003,  76.37758, 52.83167 , 0.0  , 0.0   , 2025-01-01 09:02:06.540000, C391  , Qin      ,      18,      9.4378, g191b2b   ,  0.014020025852305171, True  , True
KR.20250101.32599.98.fits, KCWI    , /KCWI/2025/20250101/lev0/KR.20250101.32599.98.fits, G191-B2B     , RL      , 7099.8877   , 139.98114, Open   , Medium , "2,2"  , L2U2   ,  30.00003,  76.37758, 52.83167 , 0.0  , 0.0   , 2025-01-01 09:03:19.980000, C391  , Qin      ,      18,      9.4378, g191b2b   ,  0.014020025852305171, True  , True
KR.20250102.35393.56.fits, KCWI    , /KCWI/2025/20250102/lev0/KR.20250102.35393.56.fits, hd37725      , RL      , 7149.89209  , 139.9113 , Open   , Small  , "1,1"  , L2U2   , 100.0001 ,  85.47667, 29.29728 , 0.0  , 0.0   , 2025-01-02 09:49:53.560000, U099  , Treu     ,      18,     35.5219, hd37725   ,  0.07540139903106347 , True  , True
KR.20250102.35812.79.fits, KCWI    , /KCWI/2025/20250102/lev0/KR.20250102.35812.79.fits, hd37725      , RL      , 7149.89209  , 139.9113 , Open   , Small  , "1,1"  , L2U2   , 200.0002 ,  85.47667, 29.29728 , 0.0  , 0.0   , 2025-01-02 09:56:52.790000, U099  , Treu     ,      18,     35.5219, hd37725   ,  0.07540139903106347 , True  , True
KR.20250102.36114.71.fits, KCWI    , /KCWI/2025/20250102/lev0/KR.20250102.36114.71.fits, hd37725      , RL      , 7149.89209  , 139.9113 , Open   , Small  , "1,1"  , L2U2   , 200.0002 ,  85.47667, 29.29728 , 0.0  , 0.0   , 2025-01-02 10:01:54.710000, U099  , Treu     ,      18,     35.5219, hd37725   ,  0.07540139903106347 , True  , True
KR.20250102.36415.62.fits, KCWI    , /KCWI/2025/20250102/lev0/KR.20250102.36415.62.fits, hd37725      , RL      , 7149.89209  , 139.9113 , Open   , Small  , "1,1"  , L2U2   , 200.0002 ,  85.47667, 29.29728 , 0.0  , 0.0   , 2025-01-02 10:06:55.620000, U099  , Treu     ,      18,     35.5219, hd37725   ,  0.07540139903106347 , True  , True
KR.20250102.48933.18.fits, KCWI    , /KCWI/2025/20250102/lev0/KR.20250102.48933.18.fits, feige34      , RM2     , 8949.98926  , 126.49459, Open   , Medium , "2,2"  , L2U2   ,  66.11007, 159.90296, 43.10281 , 0.0  , 0.0   , 2025-01-02 13:35:33.180000, U141  , Martin   ,      18,      9.4378, feige34   ,  0.01658888694004281 , True  , True
KR.20250102.49217.76.fits, KCWI    , /KCWI/2025/20250102/lev0/KR.20250102.49217.76.fits, feige34      , RM2     , 8949.98926  , 126.49459, Open   , Medium , "2,2"  , L2U2   ,  68.31007, 159.90296, 43.10281 , 0.0  , 0.0   , 2025-01-02 13:40:17.760000, U141  , Martin   ,      18,      9.4378, feige34   ,  0.01658888694004281 , True  , True
KR.20250102.49335.60.fits, KCWI    , /KCWI/2025/20250102/lev0/KR.20250102.49335.60.fits, feige34      , RM2     , 8949.98926  , 126.49459, Open   , Medium , "2,2"  , L2U2   ,  35.00004, 159.90296, 43.10281 , 0.0  , 0.0   , 2025-01-02 13:42:15.060000, U141  , Martin   ,      18,      9.4378, feige34   ,  0.01658888694004281 , True  , True
KR.20250102.49408.50.fits, KCWI    , /KCWI/2025/20250102/lev0/KR.20250102.49408.50.fits, feige34      , RM2     , 8949.98926  , 126.49459, Open   , Medium , "2,2"  , L2U2   ,  35.00004, 159.90296, 43.10281 , 0.0  , 0.0   , 2025-01-02 13:43:28.500000, U141  , Martin   ,      18,      9.4378, feige34   ,  0.01658888694004281 , True  , True
KR.20250103.35616.52.fits, KCWI    , /KCWI/2025/20250103/lev0/KR.20250103.35616.52.fits, hd37725      , RL      , 7149.89209  , 139.9113 , Open   , Small  , "1,1"  , L2U2   , 200.0002 ,  85.47667, 29.29728 , 0.0  , 0.0   , 2025-01-03 09:53:36.520000, U099  , Treu     ,      18,     35.5219, hd37725   ,  0.07533089125527631 , True  , True
KR.20250103.36173.44.fits, KCWI    , /KCWI/2025/20250103/lev0/KR.20250103.36173.44.fits, hd37725      , RL      , 7149.89209  , 139.9113 , Open   , Small  , "1,1"  , L2U2   , 400.0004 ,  85.47667, 29.29728 , 0.0  , 0.0   , 2025-01-03 10:02:53.440000, U099  , Treu     ,      18,     35.5219, hd37725   ,  0.07533089125527631 , True  , True
KR.20250103.36675.28.fits, KCWI    , /KCWI/2025/20250103/lev0/KR.20250103.36675.28.fits, hd37725      , RL      , 7149.89209  , 139.9113 , Open   , Small  , "1,1"  , L2U2   , 400.0004 ,  85.47667, 29.29728 , 0.0  , 0.0   , 2025-01-03 10:11:15.280000, U099  , Treu     ,      18,     35.5219, hd37725   ,  0.07533089125527631 , True  , True
KR.20250103.36797.17.fits, KCWI    , /KCWI/2025/20250103/lev0/KR.20250103.36797.17.fits, hd37725      , RL      , 7149.89209  , 139.9113 , Open   , Small  , "1,1"  , L2U2   ,  10.00001,  85.47667, 29.29728 , 0.0  , 0.0   , 2025-01-03 10:13:17.170000, U099  , Treu     ,      18,     35.5219, hd37725   ,  0.07533089125527631 , True  , True
KR.20250103.36965.47.fits, KCWI    , /KCWI/2025/20250103/lev0/KR.20250103.36965.47.fits, hd37725      , RL      , 7149.89209  , 139.9113 , Open   , Small  , "1,1"  , L2U2   ,  20.00002,  85.47667, 29.29728 , 0.0  , 0.0   , 2025-01-03 10:16:05.470000, U099  , Treu     ,      18,     35.5219, hd37725   ,  0.07533089125527631 , True  , True
KR.20250103.37087.87.fits, KCWI    , /KCWI/2025/20250103/lev0/KR.20250103.37087.87.fits, hd37725      , RL      , 7149.89209  , 139.9113 , Open   , Small  , "1,1"  , L2U2   ,  20.00002,  85.47667, 29.29728 , 0.0  , 0.0   , 2025-01-03 10:18:07.870000, U099  , Treu     ,      18,     35.5219, hd37725   ,  0.07533089125527631 , True  , True
KR.20250103.37210.27.fits, KCWI    , /KCWI/2025/20250103/lev0/KR.20250103.37210.27.fits, hd37725      , RL      , 7149.89209  , 139.9113 , Open   , Small  , "1,1"  , L2U2   ,  20.00002,  85.47667, 29.29728 , 0.0  , 0.0   , 2025-01-03 10:20:10.270000, U099  , Treu     ,      18,     35.5219, hd37725   ,  0.07533089125527631 , True  , True
KR.20250103.48875.30.fits, KCWI    , /KCWI/2025/20250103/lev0/KR.20250103.48875.30.fits, feige34      , RM2     , 8949.98926  , 126.49459, Open   , Medium , "2,2"  , L2U2   ,  35.00003, 159.90296, 43.10281 , 0.0  , 0.0   , 2025-01-03 13:34:35.030000, U141  , Martin   ,      18,      9.4378, feige34   ,  0.01658888694004281 , True  , True
KR.20250103.48954.59.fits, KCWI    , /KCWI/2025/20250103/lev0/KR.20250103.48954.59.fits, feige34      , RM2     , 8949.98926  , 126.49459, Open   , Medium , "2,2"  , L2U2   ,  35.00004, 159.90296, 43.10281 , 0.0  , 0.0   , 2025-01-03 13:35:54.590000, U141  , Martin   ,      18,      9.4378, feige34   ,  0.01658888694004281 , True  , True
KR.20250103.49034.15.fits, KCWI    , /KCWI/2025/20250103/lev0/KR.20250103.49034.15.fits, feige34      , RM2     , 8949.98926  , 126.49459, Open   , Medium , "2,2"  , L2U2   ,  35.00003, 159.90296, 43.10281 , 0.0  , 0.0   , 2025-01-03 13:37:14.150000, U141  , Martin   ,      18,      9.4378, feige34   ,  0.01658888694004281 , True  , True
KR.20250104.38589.47.fits, KCWI    , /KCWI/2025/20250104/lev0/KR.20250104.38589.47.fits, g191b2b      , RM2     , 8989.98145  , 126.36149, Open   , Small  , "1,1"  , L2U2   , 150.00015,  76.37767, 52.83103 , 0.0  , 0.0   , 2025-01-04 10:43:09.470000, N101  , Leclercq ,      12,     35.5219, g191b2b   ,  0.04460302694541913 , True  , True
KR.20250104.38841.41.fits, KCWI    , /KCWI/2025/20250104/lev0/KR.20250104.38841.41.fits, g191b2b      , RM2     , 8989.98145  , 126.36149, Open   , Small  , "1,1"  , L2U2   , 150.00015,  76.37767, 52.83103 , 0.0  , 0.0   , 2025-01-04 10:47:21.410000, N101  , Leclercq ,      12,     35.5219, g191b2b   ,  0.04460302694541913 , True  , True
KR.20250104.39092.33.fits, KCWI    , /KCWI/2025/20250104/lev0/KR.20250104.39092.33.fits, g191b2b      , RM2     , 8989.98145  , 126.36149, Open   , Small  , "1,1"  , L2U2   , 150.00015,  76.37767, 52.83103 , 0.0  , 0.0   , 2025-01-04 10:51:32.330000, N101  , Leclercq ,      12,     35.5219, g191b2b   ,  0.04460302694541913 , True  , True
KR.20250104.44449.38.fits, KCWI    , /KCWI/2025/20250104/lev0/KR.20250104.44449.38.fits, Feige34      , RM2     , 8989.98145  , 126.36149, Open   , Small  , "1,1"  , L2U2   , 150.00015, 159.90304, 43.10264 , 0.0  , 0.0   , 2025-01-04 12:20:49.380000, N101  , Leclercq ,      12,     35.5219, feige34   ,  0.05455602635039935 , True  , True
KR.20250104.44700.30.fits, KCWI    , /KCWI/2025/20250104/lev0/KR.20250104.44700.30.fits, Feige34      , RM2     , 8989.98145  , 126.36149, Open   , Small  , "1,1"  , L2U2   , 150.00015, 159.90304, 43.10264 , 0.0  , 0.0   , 2025-01-04 12:25:00.300000, N101  , Leclercq ,      12,     35.5219, feige34   ,  0.05455602635039935 , True  , True
KR.20250104.44952.24.fits, KCWI    , /KCWI/2025/20250104/lev0/KR.20250104.44952.24.fits, Feige34      , RM2     , 8989.98145  , 126.36149, Open   , Small  , "1,1"  , L2U2   , 150.00015, 159.90304, 43.10264 , 0.0  , 0.0   , 2025-01-04 12:29:12.240000, N101  , Leclercq ,      12,     35.5219, feige34   ,  0.05455602635039935 , True  , True
KR.20250104.49206.66.fits, KCWI    , /KCWI/2025/20250104/lev0/KR.20250104.49206.66.fits, Feige34      , RM2     , 8989.98145  , 126.36149, Open   , Small  , "1,1"  , L2U2   , 150.00015, 159.90304, 43.10264 , 0.0  , 0.0   , 2025-01-04 13:40:06.660000, N101  , Leclercq ,      12,     35.5219, feige34   ,  0.05455602635039935 , True  , True
KR.20250104.49458.60.fits, KCWI    , /KCWI/2025/20250104/lev0/KR.20250104.49458.60.fits, Feige34      , RM2     , 8989.98145  , 126.36149, Open   , Small  , "1,1"  , L2U2   , 150.00015, 159.90304, 43.10264 , 0.0  , 0.0   , 2025-01-04 13:44:18.600000, N101  , Leclercq ,      12,     35.5219, feige34   ,  0.05455602635039935 , True  , True
KR.20250104.49710.54.fits, KCWI    , /KCWI/2025/20250104/lev0/KR.20250104.49710.54.fits, Feige34      , RM2     , 8989.98145  , 126.36149, Open   , Small  , "1,1"  , L2U2   , 150.00015, 159.90304, 43.10264 , 0.0  , 0.0   , 2025-01-04 13:48:30.540000, N101  , Leclercq ,      12,     35.5219, feige34   ,  0.05455602635039935 , True  , True
KR.20250104.56295.67.fits, KCWI    , /KCWI/2025/20250104/lev0/KR.20250104.56295.67.fits, Feige34      , RM2     , 8989.98145  , 126.36149, Open   , Small  , "1,1"  , L2U2   , 150.00015, 159.90304, 43.10264 , 0.0  , 0.0   , 2025-01-04 15:38:15.670000, N101  , Leclercq ,      12,     35.5219, feige34   ,  0.05455602635039935 , True  , True
KR.20250104.56547.61.fits, KCWI    , /KCWI/2025/20250104/lev0/KR.20250104.56547.61.fits, Feige34      , RM2     , 8989.98145  , 126.36149, Open   , Small  , "1,1"  , L2U2   , 150.00015, 159.90304, 43.10264 , 0.0  , 0.0   , 2025-01-04 15:42:27.610000, N101  , Leclercq ,      12,     35.5219, feige34   ,  0.05455602635039935 , True  , True
KR.20250104.56799.55.fits, KCWI    , /KCWI/2025/20250104/lev0/KR.20250104.56799.55.fits, Feige34      , RM2     , 8989.98145  , 126.36149, Open   , Small  , "1,1"  , L2U2   , 150.00015, 159.90304, 43.10264 , 0.0  , 0.0   , 2025-01-04 15:46:39.550000, N101  , Leclercq ,      12,     35.5219, feige34   ,  0.05455602635039935 , True  , True
KR.20250104.57068.83.fits, KCWI    , /KCWI/2025/20250104/lev0/KR.20250104.57068.83.fits, Feige34      , RM2     , 8989.98145  , 126.36149, Open   , Small  , "1,1"  , L2U2   , 150.00015, 159.90304, 43.10264 , 0.0  , 0.0   , 2025-01-04 15:51:08.830000, N101  , Leclercq ,      12,     35.5219, feige34   ,  0.05455602635039935 , True  , True
KR.20250104.57320.77.fits, KCWI    , /KCWI/2025/20250104/lev0/KR.20250104.57320.77.fits, Feige34      , RM2     , 8989.98145  , 126.36149, Open   , Small  , "1,1"  , L2U2   , 150.00015, 159.90304, 43.10264 , 0.0  , 0.0   , 2025-01-04 15:55:20.770000, N101  , Leclercq ,      12,     35.5219, feige34   ,  0.05455602635039935 , True  , True
KR.20250104.57572.71.fits, KCWI    , /KCWI/2025/20250104/lev0/KR.20250104.57572.71.fits, Feige34      , RM2     , 8989.98145  , 126.36149, Open   , Small  , "1,1"  , L2U2   , 150.00015, 159.90304, 43.10264 , 0.0  , 0.0   , 2025-01-04 15:59:32.710000, N101  , Leclercq ,      12,     35.5219, feige34   ,  0.05455602635039935 , True  , True
KR.20250105.38579.92.fits, KCWI    , /KCWI/2025/20250105/lev0/KR.20250105.38579.92.fits, g191b2b      , RM2     , 8989.97461  , 126.36094, Open   , Small  , "1,1"  , L2U2   , 150.00015,  76.37767, 52.83103 , 0.0  , 0.0   , 2025-01-05 10:42:59.920000, N101  , Leclercq ,      12,     35.5219, g191b2b   ,  0.04485226599094132 , True  , True
KR.20250105.38830.84.fits, KCWI    , /KCWI/2025/20250105/lev0/KR.20250105.38830.84.fits, g191b2b      , RM2     , 8989.97461  , 126.36094, Open   , Small  , "1,1"  , L2U2   , 150.00015,  76.37767, 52.83103 , 0.0  , 0.0   , 2025-01-05 10:47:10.840000, N101  , Leclercq ,      12,     35.5219, g191b2b   ,  0.04485226599094132 , True  , True
KR.20250105.39082.78.fits, KCWI    , /KCWI/2025/20250105/lev0/KR.20250105.39082.78.fits, g191b2b      , RM2     , 8989.97461  , 126.36094, Open   , Small  , "1,1"  , L2U2   , 150.00015,  76.37767, 52.83103 , 0.0  , 0.0   , 2025-01-05 10:51:22.780000, N101  , Leclercq ,      12,     35.5219, g191b2b   ,  0.04485226599094132 , True  , True
KR.20250105.44564.27.fits, KCWI    , /KCWI/2025/20250105/lev0/KR.20250105.44564.27.fits, Feige34      , RM2     , 8989.97461  , 126.36094, Open   , Small  , "1,1"  , L2U2   , 150.00015, 159.90304, 43.10264 , 0.0  , 0.0   , 2025-01-05 12:22:44.270000, N101  , Leclercq ,      12,     35.5219, feige34   ,  0.054628681304715446, True  , True
KR.20250105.44816.21.fits, KCWI    , /KCWI/2025/20250105/lev0/KR.20250105.44816.21.fits, Feige34      , RM2     , 8989.97461  , 126.36094, Open   , Small  , "1,1"  , L2U2   , 150.00015, 159.90304, 43.10264 , 0.0  , 0.0   , 2025-01-05 12:26:56.210000, N101  , Leclercq ,      12,     35.5219, feige34   ,  0.054628681304715446, True  , True
KR.20250105.45068.15.fits, KCWI    , /KCWI/2025/20250105/lev0/KR.20250105.45068.15.fits, Feige34      , RM2     , 8989.97461  , 126.36094, Open   , Small  , "1,1"  , L2U2   , 150.00015, 159.90304, 43.10264 , 0.0  , 0.0   , 2025-01-05 12:31:08.150000, N101  , Leclercq ,      12,     35.5219, feige34   ,  0.054628681304715446, True  , True
KR.20250105.49256.27.fits, KCWI    , /KCWI/2025/20250105/lev0/KR.20250105.49256.27.fits, Feige34      , RM2     , 8989.97461  , 126.36094, Open   , Small  , "1,1"  , L2U2   , 150.00015, 159.90304, 43.10264 , 0.0  , 0.0   , 2025-01-05 13:40:56.270000, N101  , Leclercq ,      12,     35.5219, feige34   ,  0.054628681304715446, True  , True
KR.20250105.49507.19.fits, KCWI    , /KCWI/2025/20250105/lev0/KR.20250105.49507.19.fits, Feige34      , RM2     , 8989.97461  , 126.36094, Open   , Small  , "1,1"  , L2U2   , 150.00015, 159.90304, 43.10264 , 0.0  , 0.0   , 2025-01-05 13:45:07.190000, N101  , Leclercq ,      12,     35.5219, feige34   ,  0.054628681304715446, True  , True
KR.20250105.49759.13.fits, KCWI    , /KCWI/2025/20250105/lev0/KR.20250105.49759.13.fits, Feige34      , RM2     , 8989.97461  , 126.36094, Open   , Small  , "1,1"  , L2U2   , 150.00015, 159.90304, 43.10264 , 0.0  , 0.0   , 2025-01-05 13:49:19.130000, N101  , Leclercq ,      12,     35.5219, feige34   ,  0.054628681304715446, True  , True
KR.20250105.56351.40.fits, KCWI    , /KCWI/2025/20250105/lev0/KR.20250105.56351.40.fits, Feige34      , RM2     , 8989.97461  , 126.36094, Open   , Small  , "1,1"  , L2U2   , 150.00015, 159.90304, 43.10264 , 0.0  , 0.0   , 2025-01-05 15:39:11.400000, N101  , Leclercq ,      12,     35.5219, feige34   ,  0.054628681304715446, True  , True
KR.20250105.56603.34.fits, KCWI    , /KCWI/2025/20250105/lev0/KR.20250105.56603.34.fits, Feige34      , RM2     , 8989.97461  , 126.36094, Open   , Small  , "1,1"  , L2U2   , 150.00015, 159.90304, 43.10264 , 0.0  , 0.0   , 2025-01-05 15:43:23.340000, N101  , Leclercq ,      12,     35.5219, feige34   ,  0.054628681304715446, True  , True
KR.20250105.56854.26.fits, KCWI    , /KCWI/2025/20250105/lev0/KR.20250105.56854.26.fits, Feige34      , RM2     , 8989.97461  , 126.36094, Open   , Small  , "1,1"  , L2U2   , 150.00015, 159.90304, 43.10264 , 0.0  , 0.0   , 2025-01-05 15:47:34.260000, N101  , Leclercq ,      12,     35.5219, feige34   ,  0.054628681304715446, True  , True
KR.20250105.57110.28.fits, KCWI    , /KCWI/2025/20250105/lev0/KR.20250105.57110.28.fits, Feige34      , RM2     , 8989.97461  , 126.36094, Open   , Small  , "1,1"  , L2U2   , 150.00015, 159.90304, 43.10264 , 0.0  , 0.0   , 2025-01-05 15:51:50.280000, N101  , Leclercq ,      12,     35.5219, feige34   ,  0.054628681304715446, True  , True
KR.20250105.57362.22.fits, KCWI    , /KCWI/2025/20250105/lev0/KR.20250105.57362.22.fits, Feige34      , RM2     , 8989.97461  , 126.36094, Open   , Small  , "1,1"  , L2U2   , 150.00015, 159.90304, 43.10264 , 0.0  , 0.0   , 2025-01-05 15:56:02.220000, N101  , Leclercq ,      12,     35.5219, feige34   ,  0.054628681304715446, True  , True
KR.20250105.57614.16.fits, KCWI    , /KCWI/2025/20250105/lev0/KR.20250105.57614.16.fits, Feige34      , RM2     , 8989.97461  , 126.36094, Open   , Small  , "1,1"  , L2U2   , 150.00015, 159.90304, 43.10264 , 0.0  , 0.0   , 2025-01-05 16:00:14.160000, N101  , Leclercq ,      12,     35.5219, feige34   ,  0.054628681304715446, True  , True
KR.20250121.58644.90.fits, KCWI    , /KCWI/2025/20250121/lev0/KR.20250121.58644.90.fits, gd153        , RM2     , 9849.9375   , 123.44044, Open   , Medium , "2,2"  , L2U2   , 120.00012, 194.25942, 22.02986 , 0.0  , 0.0   , 2025-01-21 16:17:24.900000, U267  , Hennawi  ,      18,      9.4378, gd153     ,  0.05141004887919354 , True  , True
KR.20250121.58854.00.fits, KCWI    , /KCWI/2025/20250121/lev0/KR.20250121.58854.00.fits, gd153        , RM2     , 9849.9375   , 123.44044, Open   , Medium , "2,2"  , L2U2   , 120.00012, 194.25962, 22.02986 , 0.7  , 0.0   , 2025-01-21 16:20:54       , U267  , Hennawi  ,      18,      9.4378, gd153     ,  0.6891337479258928  , True  , True
KR.20250121.59106.96.fits, KCWI    , /KCWI/2025/20250121/lev0/KR.20250121.59106.96.fits, gd153        , RL      , 7089.9624   , 139.9949 , Open   , Large  , "2,2"  , L2U2   ,  30.00003, 194.25962, 22.02986 , 0.7  , 0.0   , 2025-01-21 16:25:06.960000, U267  , Hennawi  ,      18,      9.4378, gd153     ,  0.6891337479258928  , True  , True
KR.20250121.59218.14.fits, KCWI    , /KCWI/2025/20250121/lev0/KR.20250121.59218.14.fits, gd153        , RL      , 7089.98047  , 139.9949 , Open   , Large  , "2,2"  , L2U2   ,  30.00003, 194.25921, 22.02986 , -0.7 , 0.0   , 2025-01-21 16:26:58.140000, U267  , Hennawi  ,      18,      9.4378, gd153     ,  0.6823716647316391  , True  , True
KR.20250122.58497.44.fits, KCWI    , /KCWI/2025/20250122/lev0/KR.20250122.58497.44.fits, gd153        , RM2     , 9849.94531  , 123.44099, Open   , Medium , "2,2"  , L2U2   , 120.00012, 194.25942, 22.02986 , 0.0  , 0.0   , 2025-01-22 16:14:57.440000, U267  , Hennawi  ,      18,      9.4378, gd153     ,  0.0509364644028238  , True  , True
KR.20250122.58675.94.fits, KCWI    , /KCWI/2025/20250122/lev0/KR.20250122.58675.94.fits, gd153        , RM2     , 9849.94531  , 123.44099, Open   , Medium , "2,2"  , L2U2   , 120.00012, 194.25908, 22.02986 , -1.1 , 0.0   , 2025-01-22 16:17:55.940000, U267  , Hennawi  ,      18,      9.4378, gd153     ,  1.1154448512780437  , True  , True
KR.20250122.58927.88.fits, KCWI    , /KCWI/2025/20250122/lev0/KR.20250122.58927.88.fits, gd153        , RL      , 7089.9624   , 139.9949 , Open   , Medium , "2,2"  , L2U2   ,  30.00003, 194.25942, 22.02986 , 0.0  , 0.0   , 2025-01-22 16:22:07.880000, U267  , Hennawi  ,      18,      9.4378, gd153     ,  0.0509364644028238  , True  , True
KR.20250122.59004.38.fits, KCWI    , /KCWI/2025/20250122/lev0/KR.20250122.59004.38.fits, gd153        , RL      , 7089.98047  , 139.9949 , Open   , Medium , "2,2"  , L2U2   ,  30.00003, 194.25942, 22.02986 , 0.0  , 0.0   , 2025-01-22 16:23:24.380000, U267  , Hennawi  ,      18,      9.4378, gd153     ,  0.0509364644028238  , True  , True
KR.20250123.58464.75.fits, KCWI    , /KCWI/2025/20250123/lev0/KR.20250123.58464.75.fits, GD153        , RL      , 7090.10156  , 139.9949 , Open   , Large  , "2,2"  , L2U2   , 120.00012, 194.25942, 22.02986 , 0.0  , 0.0   , 2025-01-23 16:14:24.750000, U267  , Hennawi  ,      18,      9.4378, gd153     ,  0.05046473617041518 , True  , True
KR.20250123.58662.63.fits, KCWI    , /KCWI/2025/20250123/lev0/KR.20250123.58662.63.fits, GD153        , RL      , 7089.85938  , 139.9949 , Open   , Large  , "2,2"  , L2U2   , 120.00012, 194.25979, 22.02986 , 1.5  , 0.0   , 2025-01-23 16:17:42.630000, U267  , Hennawi  ,      18,      9.4378, gd153     ,  1.25586459047644    , True  , True
KR.20250124.17118.29.fits, KCWI    , /KCWI/2025/20250124/lev0/KR.20250124.17118.29.fits, hd37725      , RL      , 7999.94678  , 138.7222 , Open   , Small  , "1,1"  , L2U2   ,  30.00003,  85.47667, 29.29728 , 0.0  , 0.0   , 2025-01-24 04:45:18.290000, U099  , Treu     ,      18,     35.5219, hd37725   ,  0.073855530427863   , True  , True
KR.20250124.17296.79.fits, KCWI    , /KCWI/2025/20250124/lev0/KR.20250124.17296.79.fits, hd37725      , RL      , 7999.94678  , 138.7222 , Open   , Small  , "1,1"  , L2U2   ,  40.00004,  85.47667, 29.29728 , 0.0  , 0.0   , 2025-01-24 04:48:16.790000, U099  , Treu     ,      18,     35.5219, hd37725   ,  0.073855530427863   , True  , True
KR.20250124.17474.27.fits, KCWI    , /KCWI/2025/20250124/lev0/KR.20250124.17474.27.fits, hd37725      , RL      , 7999.94678  , 138.7222 , Open   , Small  , "1,1"  , L2U2   ,  40.00004,  85.47667, 29.29728 , 0.0  , 0.0   , 2025-01-24 04:51:14.270000, U099  , Treu     ,      18,     35.5219, hd37725   ,  0.073855530427863   , True  , True
KR.20250124.17635.43.fits, KCWI    , /KCWI/2025/20250124/lev0/KR.20250124.17635.43.fits, hd37725      , RL      , 7999.94678  , 138.7222 , Open   , Small  , "1,1"  , L2U2   ,  40.00004,  85.47667, 29.29728 , 0.0  , 0.0   , 2025-01-24 04:53:55.430000, U099  , Treu     ,      18,     35.5219, hd37725   ,  0.073855530427863   , True  , True
KR.20250124.59123.97.fits, KCWI    , /KCWI/2025/20250124/lev0/KR.20250124.59123.97.fits, GD153        , RM2     , 9849.9375   , 123.44044, Open   , Medium , "2,2"  , L2U2   , 120.00012, 194.25942, 22.02986 , 0.0  , 0.0   , 2025-01-24 16:25:23.970000, U267  , Hennawi  ,      18,      9.4378, gd153     ,  0.04999491665644184 , True  , True
KR.20250124.59309.61.fits, KCWI    , /KCWI/2025/20250124/lev0/KR.20250124.59309.61.fits, GD153        , RM2     , 9849.9375   , 123.44044, Open   , Medium , "2,2"  , L2U2   , 120.00012, 194.25962, 22.02986 , 0.7  , 0.0   , 2025-01-24 16:28:29.610000, U267  , Hennawi  ,      18,      9.4378, gd153     ,  0.6893061386746513  , True  , True
KR.20250125.17736.33.fits, KCWI    , /KCWI/2025/20250125/lev0/KR.20250125.17736.33.fits, g191b2b      , RM1     , 6199.99023  , 127.31573, Open   , Large  , "2,2"  , L2U2   ,  45.00004,  76.37754, 52.83111 , 0.0  , 0.0   , 2025-01-25 04:55:36.330000, U239  , Prochaska,      18,      9.4378, g191b2b   ,  0.435899081204642   , True  , True
KR.20250125.17903.61.fits, KCWI    , /KCWI/2025/20250125/lev0/KR.20250125.17903.61.fits, g191b2b      , RM1     , 6199.99023  , 127.31573, Open   , Large  , "2,2"  , L2U2   ,  90.00009,  76.37754, 52.83111 , 0.0  , 0.0   , 2025-01-25 04:58:23.610000, U239  , Prochaska,      18,      9.4378, g191b2b   ,  0.435899081204642   , True  , True
KR.20250125.18040.29.fits, KCWI    , /KCWI/2025/20250125/lev0/KR.20250125.18040.29.fits, g191b2b      , RM1     , 6199.99023  , 127.31573, Open   , Large  , "2,2"  , L2U2   ,  90.00009,  76.37754, 52.83111 , 0.0  , 0.0   , 2025-01-25 05:00:40.290000, U239  , Prochaska,      18,      9.4378, g191b2b   ,  0.435899081204642   , True  , True
KR.20250125.18176.97.fits, KCWI    , /KCWI/2025/20250125/lev0/KR.20250125.18176.97.fits, g191b2b      , RM1     , 6199.99023  , 127.31573, Open   , Large  , "2,2"  , L2U2   ,  90.00009,  76.37754, 52.83111 , 0.0  , 0.0   , 2025-01-25 05:02:56.970000, U239  , Prochaska,      18,      9.4378, g191b2b   ,  0.435899081204642   , True  , True
KR.20250125.40543.58.fits, KCWI    , /KCWI/2025/20250125/lev0/KR.20250125.40543.58.fits, feige34      , RM1     , 6199.99023  , 127.31573, Open   , Large  , "2,2"  , L2U2   ,  10.00001, 159.90308, 43.10256 , 0.0  , 0.0   , 2025-01-25 11:15:43.580000, U239  , Prochaska,      18,      9.4378, feige34   ,  0.2529224972181593  , True  , True
KR.20250125.40730.24.fits, KCWI    , /KCWI/2025/20250125/lev0/KR.20250125.40730.24.fits, feige34      , RM1     , 6199.99023  , 127.31573, Open   , Large  , "2,2"  , L2U2   , 120.00012, 159.90308, 43.10256 , 0.0  , 0.0   , 2025-01-25 11:18:50.240000, U239  , Prochaska,      18,      9.4378, feige34   ,  0.2529224972181593  , True  , True
KR.20250125.40952.60.fits, KCWI    , /KCWI/2025/20250125/lev0/KR.20250125.40952.60.fits, feige34      , RM1     , 6199.99023  , 127.31573, Open   , Large  , "2,2"  , L2U2   , 150.00015, 159.90308, 43.10256 , 0.0  , 0.0   , 2025-01-25 11:22:32.600000, U239  , Prochaska,      18,      9.4378, feige34   ,  0.2529224972181593  , True  , True
KR.20250125.41146.40.fits, KCWI    , /KCWI/2025/20250125/lev0/KR.20250125.41146.40.fits, feige34      , RM1     , 6199.99023  , 127.31573, Open   , Large  , "2,2"  , L2U2   , 150.00015, 159.90308, 43.10256 , 0.0  , 0.0   , 2025-01-25 11:25:46.400000, U239  , Prochaska,      18,      9.4378, feige34   ,  0.2529224972181593  , True  , True
KR.20250125.41394.26.fits, KCWI    , /KCWI/2025/20250125/lev0/KR.20250125.41394.26.fits, feige34      , RM1     , 7099.9707   , 123.50974, Open   , Large  , "2,2"  , L2U2   , 150.00015, 159.90308, 43.10256 , 0.0  , 0.0   , 2025-01-25 11:29:54.260000, U239  , Prochaska,      18,      9.4378, feige34   ,  0.2529224972181593  , True  , True
KR.20250125.41603.36.fits, KCWI    , /KCWI/2025/20250125/lev0/KR.20250125.41603.36.fits, feige34      , RM1     , 7099.9707   , 123.50974, Open   , Large  , "2,2"  , L2U2   , 150.00015, 159.90308, 43.10256 , 0.0  , 0.0   , 2025-01-25 11:33:23.360000, U239  , Prochaska,      18,      9.4378, feige34   ,  0.2529224972181593  , True  , True
KR.20250125.41798.18.fits, KCWI    , /KCWI/2025/20250125/lev0/KR.20250125.41798.18.fits, feige34      , RM1     , 7099.9707   , 123.50974, Open   , Large  , "2,2"  , L2U2   , 150.00015, 159.90308, 43.10256 , 0.0  , 0.0   , 2025-01-25 11:36:38.180000, U239  , Prochaska,      18,      9.4378, feige34   ,  0.2529224972181593  , True  , True
KR.20250125.41996.60.fits, KCWI    , /KCWI/2025/20250125/lev0/KR.20250125.41996.60.fits, feige34      , RM1     , 7099.9707   , 123.50974, Open   , Large  , "2,2"  , L2U2   , 150.00015, 159.90308, 43.10256 , 0.0  , 0.0   , 2025-01-25 11:39:56.060000, U239  , Prochaska,      18,      9.4378, feige34   ,  0.2529224972181593  , True  , True
KR.20250126.49742.10.fits, KCWI    , /KCWI/2025/20250126/lev0/KR.20250126.49742.10.fits, feige34      , RL      , 7149.771    , 139.9113 , Open   , Large  , "2,2"  , L2U2   ,  15.00001, 159.90296, 43.10281 , 0.0  , 0.0   , 2025-01-26 13:49:02.010000, H324  , Desai    ,      18,      9.4378, feige34   ,  0.01658888694004281 , True  , True
KR.20250126.49835.85.fits, KCWI    , /KCWI/2025/20250126/lev0/KR.20250126.49835.85.fits, feige34      , RL      , 7149.771    , 139.9113 , Open   , Large  , "2,2"  , L2U2   ,  15.00002, 159.90296, 43.10281 , 0.0  , 0.0   , 2025-01-26 13:50:35.850000, H324  , Desai    ,      18,      9.4378, feige34   ,  0.01658888694004281 , True  , True
KR.20250126.49895.10.fits, KCWI    , /KCWI/2025/20250126/lev0/KR.20250126.49895.10.fits, feige34      , RL      , 7149.771    , 139.9113 , Open   , Large  , "2,2"  , L2U2   ,  15.00001, 159.90296, 43.10281 , 0.0  , 0.0   , 2025-01-26 13:51:35.010000, H324  , Desai    ,      18,      9.4378, feige34   ,  0.01658888694004281 , True  , True
KR.20250128.58404.21.fits, KCWI    , /KCWI/2025/20250128/lev0/KR.20250128.58404.21.fits, GD153        , RM2     , 9849.9375   , 123.44044, Open   , Medium , "2,2"  , L2U2   , 120.00012, 194.25942, 22.02986 , 0.0  , 0.0   , 2025-01-28 16:13:24.210000, U267  , Hennawi  ,      18,      9.4378, gd153     ,  0.04813584059686736 , True  , True
KR.20250128.58577.61.fits, KCWI    , /KCWI/2025/20250128/lev0/KR.20250128.58577.61.fits, GD153        , RM2     , 9849.9375   , 123.44044, Open   , Medium , "2,2"  , L2U2   , 120.00012, 194.25962, 22.02986 , 0.7  , 0.0   , 2025-01-28 16:16:17.610000, U267  , Hennawi  ,      18,      9.4378, gd153     ,  0.6895423816338551  , True  , True
KR.20250128.58786.71.fits, KCWI    , /KCWI/2025/20250128/lev0/KR.20250128.58786.71.fits, GD153        , RM2     , 9849.9375   , 123.44044, Open   , Medium , "2,2"  , L2U2   , 120.00012, 194.25962, 22.02986 , 0.7  , 0.0   , 2025-01-28 16:19:46.710000, U267  , Hennawi  ,      18,      9.4378, gd153     ,  0.6895423816338551  , True  , True
KR.20250128.59151.87.fits, KCWI    , /KCWI/2025/20250128/lev0/KR.20250128.59151.87.fits, GD153        , RL      , 7089.98047  , 139.9949 , Open   , Large  , "2,2"  , L2U2   , 120.00012, 194.25962, 22.02986 , 0.7  , 0.0   , 2025-01-28 16:25:51.870000, U267  , Hennawi  ,      18,      9.4378, gd153     ,  0.6895423816338551  , True  , True
KR.20250128.59362.00.fits, KCWI    , /KCWI/2025/20250128/lev0/KR.20250128.59362.00.fits, GD153        , RL      , 7089.98047  , 139.9949 , Open   , Large  , "2,2"  , L2U2   , 120.00012, 194.25921, 22.02986 , -0.7 , 0.0   , 2025-01-28 16:29:22       , U267  , Hennawi  ,      18,      9.4378, gd153     ,  0.6814480092283761  , True  , True
KR.20250203.18438.22.fits, KCWI    , /KCWI/2025/20250203/lev0/KR.20250203.18438.22.fits, hd37725      , RL      , 7149.89209  , 139.9113 , Open   , Small  , "1,1"  , L2U2   ,  30.00003,  85.47667, 29.29728 , 0.0  , 0.0   , 2025-02-03 05:07:18.220000, U226  , Treu     ,      18,     35.5219, hd37725   ,  0.0731566446584277  , True  , True
KR.20250203.18570.82.fits, KCWI    , /KCWI/2025/20250203/lev0/KR.20250203.18570.82.fits, hd37725      , RL      , 7149.89209  , 139.9113 , Open   , Small  , "1,1"  , L2U2   ,  10.00001,  85.47667, 29.29728 , 0.0  , 0.0   , 2025-02-03 05:09:30.820000, U226  , Treu     ,      18,     35.5219, hd37725   ,  0.0731566446584277  , True  , True
KR.20250203.18698.32.fits, KCWI    , /KCWI/2025/20250203/lev0/KR.20250203.18698.32.fits, hd37725      , RL      , 7149.89209  , 139.9113 , Open   , Small  , "1,1"  , L2U2   ,  10.00001,  85.47667, 29.29728 , 0.0  , 0.0   , 2025-02-03 05:11:38.320000, U226  , Treu     ,      18,     35.5219, hd37725   ,  0.0731566446584277  , True  , True
KR.20250203.18836.20.fits, KCWI    , /KCWI/2025/20250203/lev0/KR.20250203.18836.20.fits, hd37725      , RL      , 7149.89209  , 139.9113 , Open   , Small  , "1,1"  , L2U2   ,  10.00001,  85.47667, 29.29728 , 0.0  , 0.0   , 2025-02-03 05:13:56.020000, U226  , Treu     ,      18,     35.5219, hd37725   ,  0.0731566446584277  , True  , True
KR.20250203.48035.73.fits, KCWI    , /KCWI/2025/20250203/lev0/KR.20250203.48035.73.fits, Feige34      , RL      , 7099.8877   , 139.98114, Open   , Medium , "2,2"  , L2U2   ,  24.00002, 159.90296, 43.10281 , 0.0  , 0.0   , 2025-02-03 13:20:35.730000, C428  , Qin      ,      18,      9.4378, feige34   ,  0.01658888694004281 , True  , True
KR.20250203.48104.70.fits, KCWI    , /KCWI/2025/20250203/lev0/KR.20250203.48104.70.fits, Feige34      , RL      , 7099.8877   , 139.98114, Open   , Medium , "2,2"  , L2U2   ,  24.00002, 159.90296, 43.10281 , 0.0  , 0.0   , 2025-02-03 13:21:44.070000, C428  , Qin      ,      18,      9.4378, feige34   ,  0.01658888694004281 , True  , True
KR.20250204.56899.32.fits, KCWI    , /KCWI/2025/20250204/lev0/KR.20250204.56899.32.fits, hz 44        , RM1     , 7149.95801  , 123.29359, Open   , Medium , "2,2"  , L2U2   ,  20.00002, 200.89692, 36.13319 , 0.0  , 0.0   , 2025-02-04 15:48:19.320000, S470  , Morokuma ,      18,      9.4378, hz44      ,  0.40584830402641425 , True  , True
KR.20250204.57054.36.fits, KCWI    , /KCWI/2025/20250204/lev0/KR.20250204.57054.36.fits, hz 44        , RM1     , 7149.95801  , 123.29359, Open   , Medium , "2,2"  , L2U2   ,  10.00001, 200.89692, 36.13319 , 0.0  , 0.0   , 2025-02-04 15:50:54.360000, S470  , Morokuma ,      18,      9.4378, hz44      ,  0.40584830402641425 , True  , True
KR.20250204.57108.42.fits, KCWI    , /KCWI/2025/20250204/lev0/KR.20250204.57108.42.fits, hz 44        , RM1     , 7149.95801  , 123.29359, Open   , Medium , "2,2"  , L2U2   ,  10.00001, 200.89692, 36.13319 , 0.0  , 0.0   , 2025-02-04 15:51:48.420000, S470  , Morokuma ,      18,      9.4378, hz44      ,  0.40584830402641425 , True  , True
KR.20250204.57162.48.fits, KCWI    , /KCWI/2025/20250204/lev0/KR.20250204.57162.48.fits, hz 44        , RM1     , 7149.95801  , 123.29359, Open   , Medium , "2,2"  , L2U2   ,  10.00001, 200.89692, 36.13319 , 0.0  , 0.0   , 2025-02-04 15:52:42.480000, S470  , Morokuma ,      18,      9.4378, hz44      ,  0.40584830402641425 , True  , True
KR.20250204.57267.54.fits, KCWI    , /KCWI/2025/20250204/lev0/KR.20250204.57267.54.fits, hz 44        , RM1     , 7149.95801  , 123.29359, Open   , Medium , "2,2"  , L2U2   ,  25.00003, 200.89692, 36.13319 , 0.0  , 0.0   , 2025-02-04 15:54:27.540000, S470  , Morokuma ,      18,      9.4378, hz44      ,  0.40584830402641425 , True  , True
KR.20250204.57336.90.fits, KCWI    , /KCWI/2025/20250204/lev0/KR.20250204.57336.90.fits, hz 44        , RM1     , 7149.95801  , 123.29359, Open   , Medium , "2,2"  , L2U2   ,  25.00003, 200.89692, 36.13319 , 0.0  , 0.0   , 2025-02-04 15:55:36.900000, S470  , Morokuma ,      18,      9.4378, hz44      ,  0.40584830402641425 , True  , True
KR.20250204.57405.24.fits, KCWI    , /KCWI/2025/20250204/lev0/KR.20250204.57405.24.fits, hz 44        , RM1     , 7149.95801  , 123.29359, Open   , Medium , "2,2"  , L2U2   ,  25.00003, 200.89692, 36.13319 , 0.0  , 0.0   , 2025-02-04 15:56:45.240000, S470  , Morokuma ,      18,      9.4378, hz44      ,  0.40584830402641425 , True  , True
KR.20250204.57694.92.fits, KCWI    , /KCWI/2025/20250204/lev0/KR.20250204.57694.92.fits, hz 44        , RL      , 2873.98877  , 133.77769, Open   , Medium , "2,2"  , L2U2   ,  10.00001, 200.89692, 36.13319 , 0.0  , 0.0   , 2025-02-04 16:01:34.920000, S470  , Morokuma ,      18,      9.4378, hz44      ,  0.40584830402641425 , True  , True
KR.20250204.57748.98.fits, KCWI    , /KCWI/2025/20250204/lev0/KR.20250204.57748.98.fits, hz 44        , RL      , 7099.99707  , 139.98114, Open   , Medium , "2,2"  , L2U2   ,  10.00001, 200.89692, 36.13319 , 0.0  , 0.0   , 2025-02-04 16:02:28.980000, S470  , Morokuma ,      18,      9.4378, hz44      ,  0.40584830402641425 , True  , True
KR.20250204.57803.40.fits, KCWI    , /KCWI/2025/20250204/lev0/KR.20250204.57803.40.fits, hz 44        , RL      , 7100.00879  , 139.98114, Open   , Medium , "2,2"  , L2U2   ,  10.00001, 200.89692, 36.13319 , 0.0  , 0.0   , 2025-02-04 16:03:23.040000, S470  , Morokuma ,      18,      9.4378, hz44      ,  0.40584830402641425 , True  , True
KR.20250204.57905.40.fits, KCWI    , /KCWI/2025/20250204/lev0/KR.20250204.57905.40.fits, hz 44        , RL      , 7100.00879  , 139.98114, Open   , Medium , "2,2"  , L2U2   ,  30.00003, 200.89692, 36.13319 , 0.0  , 0.0   , 2025-02-04 16:05:05.040000, S470  , Morokuma ,      18,      9.4378, hz44      ,  0.40584830402641425 , True  , True
KR.20250204.57978.48.fits, KCWI    , /KCWI/2025/20250204/lev0/KR.20250204.57978.48.fits, hz 44        , RL      , 7100.00879  , 139.98114, Open   , Medium , "2,2"  , L2U2   ,  30.00003, 200.89692, 36.13319 , 0.0  , 0.0   , 2025-02-04 16:06:18.480000, S470  , Morokuma ,      18,      9.4378, hz44      ,  0.40584830402641425 , True  , True
KR.20250204.58052.94.fits, KCWI    , /KCWI/2025/20250204/lev0/KR.20250204.58052.94.fits, hz 44        , RL      , 7100.00879  , 139.98114, Open   , Medium , "2,2"  , L2U2   ,  30.00003, 200.89692, 36.13319 , 0.0  , 0.0   , 2025-02-04 16:07:32.940000, S470  , Morokuma ,      18,      9.4378, hz44      ,  0.40584830402641425 , True  , True
KR.20250205.20116.97.fits, KCWI    , /KCWI/2025/20250205/lev0/KR.20250205.20116.97.fits, g191b2b      , RL      , 7149.89209  , 139.9113 , Open   , Medium , "2,2"  , L2U2   ,  30.00003,  76.37767, 52.83103 , 0.0  , 0.0   , 2025-02-05 05:35:16.970000, H243  , Hinkle   ,      18,      9.4378, g191b2b   ,  0.05261323174719368 , True  , True
KR.20250205.20194.49.fits, KCWI    , /KCWI/2025/20250205/lev0/KR.20250205.20194.49.fits, g191b2b      , RL      , 7149.89209  , 139.9113 , Open   , Medium , "2,2"  , L2U2   ,  30.00003,  76.37767, 52.83103 , 0.0  , 0.0   , 2025-02-05 05:36:34.490000, H243  , Hinkle   ,      18,      9.4378, g191b2b   ,  0.05261323174719368 , True  , True
KR.20250205.20268.95.fits, KCWI    , /KCWI/2025/20250205/lev0/KR.20250205.20268.95.fits, g191b2b      , RL      , 7149.89209  , 139.9113 , Open   , Medium , "2,2"  , L2U2   ,  30.00003,  76.37767, 52.83103 , 0.0  , 0.0   , 2025-02-05 05:37:48.950000, H243  , Hinkle   ,      18,      9.4378, g191b2b   ,  0.05261323174719368 , True  , True
KR.20250205.35720.62.fits, KCWI    , /KCWI/2025/20250205/lev0/KR.20250205.35720.62.fits, feige34      , RL      , 7149.89209  , 139.9113 , Open   , Medium , "2,2"  , L2U2   ,  15.00002, 159.90304, 43.10264 , 0.0  , 0.0   , 2025-02-05 09:55:20.620000, H243  , Hinkle   ,      18,      9.4378, feige34   ,  0.056884140728528286, True  , True
KR.20250205.35779.80.fits, KCWI    , /KCWI/2025/20250205/lev0/KR.20250205.35779.80.fits, feige34      , RL      , 7149.89209  , 139.9113 , Open   , Medium , "2,2"  , L2U2   ,  15.00001, 159.90304, 43.10264 , 0.0  , 0.0   , 2025-02-05 09:56:19.800000, H243  , Hinkle   ,      18,      9.4378, feige34   ,  0.056884140728528286, True  , True
KR.20250205.56948.94.fits, KCWI    , /KCWI/2025/20250205/lev0/KR.20250205.56948.94.fits, hz21         , RH3     , 8549.9873   , 103.90332, Open   , Large  , "2,2"  , L2U2   ,  20.00002, 183.48508, 32.94189 , 0.0  , 0.0   , 2025-02-05 15:49:08.940000, U098  , Sales    ,      18,      9.4378, hz21      ,  0.010835976986464236, True  , True
KR.20250205.57117.24.fits, KCWI    , /KCWI/2025/20250205/lev0/KR.20250205.57117.24.fits, hz21         , RH3     , 8549.9873   , 103.90332, Open   , Large  , "2,2"  , L2U2   ,  60.00006, 183.48508, 32.94189 , 0.0  , 0.0   , 2025-02-05 15:51:57.240000, U098  , Sales    ,      18,      9.4378, hz21      ,  0.010835976986464236, True  , True
KR.20250205.57463.30.fits, KCWI    , /KCWI/2025/20250205/lev0/KR.20250205.57463.30.fits, hz21         , RH3     , 8549.9873   , 103.90332, Open   , Large  , "2,2"  , L2U2   ,  60.00006, 183.491  , 32.94189 , -21.4, 0.0   , 2025-02-05 15:57:43.030000, U098  , Sales    ,      18,      9.4378, hz21      , 17.875440133926862   , True  , True
KR.20250303.36590.47.fits, KCWI    , /KCWI/2025/20250303/lev0/KR.20250303.36590.47.fits, HZ44         , RL      , 7089.98047  , 139.9949 , Open   , Medium , "2,2"  , L2U2   ,  60.00006, 200.89646, 36.13317 , 0.0  , 0.0   , 2025-03-03 10:09:50.470000, N124  , Fan      ,      12,      9.4378, hz44      ,  1.4024286127592147  , True  , True
KR.20250303.36694.51.fits, KCWI    , /KCWI/2025/20250303/lev0/KR.20250303.36694.51.fits, HZ44         , RL      , 7089.98047  , 139.9949 , Open   , Medium , "2,2"  , L2U2   ,  60.00006, 200.89646, 36.13317 , 0.0  , 0.0   , 2025-03-03 10:11:34.510000, N124  , Fan      ,      12,      9.4378, hz44      ,  1.4024286127592147  , True  , True
KR.20250303.36755.71.fits, KCWI    , /KCWI/2025/20250303/lev0/KR.20250303.36755.71.fits, HZ44         , RL      , 7089.98047  , 139.9949 , Open   , Medium , "2,2"  , L2U2   ,  10.00001, 200.89646, 36.13317 , 0.0  , 0.0   , 2025-03-03 10:12:35.710000, N124  , Fan      ,      12,      9.4378, hz44      ,  1.4024286127592147  , True  , True
KR.20250303.36889.33.fits, KCWI    , /KCWI/2025/20250303/lev0/KR.20250303.36889.33.fits, HZ44         , RL      , 7089.98047  , 139.9949 , Open   , Medium , "2,2"  , L2U2   ,  10.00001, 200.89646, 36.13317 , 0.0  , 0.0   , 2025-03-03 10:14:49.330000, N124  , Fan      ,      12,      9.4378, hz44      ,  1.4024286127592147  , True  , True
KR.20250303.36943.39.fits, KCWI    , /KCWI/2025/20250303/lev0/KR.20250303.36943.39.fits, HZ44         , RL      , 7089.98047  , 139.9949 , Open   , Medium , "2,2"  , L2U2   ,  10.00001, 200.89646, 36.13317 , 0.0  , 0.0   , 2025-03-03 10:15:43.390000, N124  , Fan      ,      12,      9.4378, hz44      ,  1.4024286127592147  , True  , True
KR.20250303.37002.55.fits, KCWI    , /KCWI/2025/20250303/lev0/KR.20250303.37002.55.fits, HZ44         , RL      , 7089.98047  , 139.9949 , Open   , Medium , "2,2"  , L2U2   ,  10.00001, 200.89646, 36.13317 , 0.0  , 0.0   , 2025-03-03 10:16:42.550000, N124  , Fan      ,      12,      9.4378, hz44      ,  1.4024286127592147  , True  , True
KR.20250303.37056.61.fits, KCWI    , /KCWI/2025/20250303/lev0/KR.20250303.37056.61.fits, HZ44         , RL      , 7089.98047  , 139.9949 , Open   , Medium , "2,2"  , L2U2   ,  10.00001, 200.89646, 36.13317 , 0.0  , 0.0   , 2025-03-03 10:17:36.610000, N124  , Fan      ,      12,      9.4378, hz44      ,  1.4024286127592147  , True  , True
KR.20250303.37230.10.fits, KCWI    , /KCWI/2025/20250303/lev0/KR.20250303.37230.10.fits, Wolf485      , RL      , 7089.98047  , 139.9949 , Open   , Medium , "2,2"  , L2U2   ,  10.00001, 202.54904, -8.57817 , 0.0  , 0.0   , 2025-03-03 10:20:30.010000, N124  , Fan      ,      12,      9.4378, wd1327m083,  0.06013204940596417 , True  , True
KR.20250303.37360.57.fits, KCWI    , /KCWI/2025/20250303/lev0/KR.20250303.37360.57.fits, Wolf485      , RL      , 7089.98047  , 139.9949 , Open   , Medium , "2,2"  , L2U2   ,  10.00001, 202.54904, -8.57817 , 0.0  , 0.0   , 2025-03-03 10:22:40.570000, N124  , Fan      ,      12,      9.4378, wd1327m083,  0.06013204940596417 , True  , True
KR.20250303.37414.63.fits, KCWI    , /KCWI/2025/20250303/lev0/KR.20250303.37414.63.fits, Wolf485      , RL      , 7089.98047  , 139.9949 , Open   , Medium , "2,2"  , L2U2   ,  10.00001, 202.54904, -8.57817 , 0.0  , 0.0   , 2025-03-03 10:23:34.630000, N124  , Fan      ,      12,      9.4378, wd1327m083,  0.06013204940596417 , True  , True
KR.20250303.37639.30.fits, KCWI    , /KCWI/2025/20250303/lev0/KR.20250303.37639.30.fits, Wolf485      , RL      , 7089.98047  , 139.9949 , Open   , Large  , "2,2"  , L2U2   ,  10.00001, 202.54904, -8.57817 , 0.0  , 0.0   , 2025-03-03 10:27:19.030000, N124  , Fan      ,      12,      9.4378, wd1327m083,  0.06013204940596417 , True  , True
KR.20250303.37693.90.fits, KCWI    , /KCWI/2025/20250303/lev0/KR.20250303.37693.90.fits, Wolf485      , RL      , 7089.98047  , 139.9949 , Open   , Large  , "2,2"  , L2U2   ,  10.00001, 202.54904, -8.57817 , 0.0  , 0.0   , 2025-03-03 10:28:13.090000, N124  , Fan      ,      12,      9.4378, wd1327m083,  0.06013204940596417 , True  , True
KR.20250303.37747.15.fits, KCWI    , /KCWI/2025/20250303/lev0/KR.20250303.37747.15.fits, Wolf485      , RL      , 7089.98047  , 139.9949 , Open   , Large  , "2,2"  , L2U2   ,  10.00001, 202.54904, -8.57817 , 0.0  , 0.0   , 2025-03-03 10:29:07.150000, N124  , Fan      ,      12,      9.4378, wd1327m083,  0.06013204940596417 , True  , True
KR.20250303.37851.19.fits, KCWI    , /KCWI/2025/20250303/lev0/KR.20250303.37851.19.fits, Wolf485      , RL      , 7089.98047  , 139.9949 , Open   , Large  , "2,2"  , L2U2   ,  30.00003, 202.54904, -8.57817 , 0.0  , 0.0   , 2025-03-03 10:30:51.190000, N124  , Fan      ,      12,      9.4378, wd1327m083,  0.06013204940596417 , True  , True
KR.20250303.37924.63.fits, KCWI    , /KCWI/2025/20250303/lev0/KR.20250303.37924.63.fits, Wolf485      , RL      , 7089.98047  , 139.9949 , Open   , Large  , "2,2"  , L2U2   ,  30.00003, 202.54904, -8.57817 , 0.0  , 0.0   , 2025-03-03 10:32:04.630000, N124  , Fan      ,      12,      9.4378, wd1327m083,  0.06013204940596417 , True  , True
KR.20250303.38190.85.fits, KCWI    , /KCWI/2025/20250303/lev0/KR.20250303.38190.85.fits, Wolf485      , RL      , 7149.88623  , 139.9113 , Open   , Large  , "2,2"  , L2U2   ,  30.00003, 202.54904, -8.57817 , 0.0  , 0.0   , 2025-03-03 10:36:30.850000, N169  , Gladders ,      12,      9.4378, wd1327m083,  0.06013204940596417 , True  , True
KR.20250303.38265.31.fits, KCWI    , /KCWI/2025/20250303/lev0/KR.20250303.38265.31.fits, Wolf485      , RL      , 7149.89209  , 139.9113 , Open   , Large  , "2,2"  , L2U2   ,  30.00003, 202.54904, -8.57817 , 0.0  , 0.0   , 2025-03-03 10:37:45.310000, N169  , Gladders ,      12,      9.4378, wd1327m083,  0.06013204940596417 , True  , True
KR.20250324.19712.29.fits, KCWI    , /KCWI/2025/20250324/lev0/KR.20250324.19712.29.fits, gd71         , RL      , 7089.98047  , 139.9949 , Open   , Medium , "2,2"  , L2U2   ,  60.00005,  88.11563, 15.88581 , 0.0  , 0.0   , 2025-03-24 05:28:32.290000, N124  , Fan      ,      12,      9.4378, gd71      ,  0.48558212720299654 , True  , True
KR.20250324.19942.81.fits, KCWI    , /KCWI/2025/20250324/lev0/KR.20250324.19942.81.fits, gd71         , RL      , 7089.98047  , 139.9949 , Open   , Medium , "2,2"  , L2U2   ,  60.00005,  88.11563, 15.88581 , 0.0  , 0.0   , 2025-03-24 05:32:22.810000, N124  , Fan      ,      12,      9.4378, gd71      ,  0.48558212720299654 , True  , True
KR.20250325.18773.34.fits, KCWI    , /KCWI/2025/20250325/lev0/KR.20250325.18773.34.fits, gd71         , RL      , 7089.98047  , 139.9949 , Open   , Medium , "2,2"  , L2U2   ,  60.00005,  88.11558, 15.88594 , 0.0  , 0.0   , 2025-03-25 05:12:53.340000, N124  , Fan      ,      12,      9.4378, gd71      ,  0.050118597758036246, True  , True
KR.20250325.18884.52.fits, KCWI    , /KCWI/2025/20250325/lev0/KR.20250325.18884.52.fits, gd71         , RL      , 7089.98047  , 139.9949 , Open   , Medium , "2,2"  , L2U2   ,  60.00005,  88.11558, 15.88594 , 0.0  , 0.0   , 2025-03-25 05:14:44.520000, N124  , Fan      ,      12,      9.4378, gd71      ,  0.050118597758036246, True  , True
KR.20250326.18674.70.fits, KCWI    , /KCWI/2025/20250326/lev0/KR.20250326.18674.70.fits, feige34      , RL      , 7149.89209  , 139.9113 , Open   , Large  , "2,2"  , L2U2   ,   5.0    , 159.90296, 43.10281 , 0.0  , 0.0   , 2025-03-26 05:11:14.070000, N087  , Bordoloi ,      12,      9.4378, feige34   ,  0.01658888694004281 , True  , True
KR.20250326.18836.25.fits, KCWI    , /KCWI/2025/20250326/lev0/KR.20250326.18836.25.fits, feige34      , RL      , 7149.89209  , 139.9113 , Open   , Large  , "2,2"  , L2U2   ,  60.00005, 159.90296, 43.10281 , 0.0  , 0.0   , 2025-03-26 05:13:56.250000, N087  , Bordoloi ,      12,      9.4378, feige34   ,  0.01658888694004281 , True  , True
KR.20250326.18940.29.fits, KCWI    , /KCWI/2025/20250326/lev0/KR.20250326.18940.29.fits, feige34      , RL      , 7149.89209  , 139.9113 , Open   , Large  , "2,2"  , L2U2   ,  60.00005, 159.90296, 43.10281 , 0.0  , 0.0   , 2025-03-26 05:15:40.290000, N087  , Bordoloi ,      12,      9.4378, feige34   ,  0.01658888694004281 , True  , True
KR.20250326.19044.33.fits, KCWI    , /KCWI/2025/20250326/lev0/KR.20250326.19044.33.fits, feige34      , RL      , 7149.89209  , 139.9113 , Open   , Large  , "2,2"  , L2U2   ,  60.00005, 159.90296, 43.10281 , 0.0  , 0.0   , 2025-03-26 05:17:24.330000, N087  , Bordoloi ,      12,      9.4378, feige34   ,  0.01658888694004281 , True  , True
KR.20250326.55350.47.fits, KCWI    , /KCWI/2025/20250326/lev0/KR.20250326.55350.47.fits, bd02d3375    , RL      , 7149.89209  , 139.9113 , Open   , Large  , "2,2"  , L2U2   ,  30.00003, 264.93996, 2.41656  , 0.0  , 0.0   , 2025-03-26 15:22:30.470000, N087  , Bordoloi ,      12,      9.4378, bd02d3375 ,  0.017086134736453266, True  , True
KR.20250326.55424.93.fits, KCWI    , /KCWI/2025/20250326/lev0/KR.20250326.55424.93.fits, bd02d3375    , RL      , 7149.89209  , 139.9113 , Open   , Large  , "2,2"  , L2U2   ,  30.00003, 264.93996, 2.41656  , 0.0  , 0.0   , 2025-03-26 15:23:44.930000, N087  , Bordoloi ,      12,      9.4378, bd02d3375 ,  0.017086134736453266, True  , True
KR.20250326.55498.37.fits, KCWI    , /KCWI/2025/20250326/lev0/KR.20250326.55498.37.fits, bd02d3375    , RL      , 7149.89209  , 139.9113 , Open   , Large  , "2,2"  , L2U2   ,  30.00003, 264.93996, 2.41656  , 0.0  , 0.0   , 2025-03-26 15:24:58.370000, N087  , Bordoloi ,      12,      9.4378, bd02d3375 ,  0.017086134736453266, True  , True
KR.20250326.55576.91.fits, KCWI    , /KCWI/2025/20250326/lev0/KR.20250326.55576.91.fits, bd02d3375    , RL      , 7149.89209  , 139.9113 , Open   , Large  , "2,2"  , L2U2   ,  10.00001, 264.93996, 2.41656  , 0.0  , 0.0   , 2025-03-26 15:26:16.910000, N087  , Bordoloi ,      12,      9.4378, bd02d3375 ,  0.017086134736453266, True  , True
KR.20250326.55652.39.fits, KCWI    , /KCWI/2025/20250326/lev0/KR.20250326.55652.39.fits, bd02d3375    , RL      , 7149.89209  , 139.9113 , Open   , Large  , "2,2"  , L2U2   ,  10.00001, 264.93996, 2.41656  , 0.0  , 0.0   , 2025-03-26 15:27:32.390000, N087  , Bordoloi ,      12,      9.4378, bd02d3375 ,  0.017086134736453266, True  , True
KR.20250326.55706.45.fits, KCWI    , /KCWI/2025/20250326/lev0/KR.20250326.55706.45.fits, bd02d3375    , RL      , 7149.89209  , 139.9113 , Open   , Large  , "2,2"  , L2U2   ,  10.00001, 264.93996, 2.41656  , 0.0  , 0.0   , 2025-03-26 15:28:26.450000, N087  , Bordoloi ,      12,      9.4378, bd02d3375 ,  0.017086134736453266, True  , True
KR.20250326.55760.51.fits, KCWI    , /KCWI/2025/20250326/lev0/KR.20250326.55760.51.fits, bd02d3375    , RL      , 7149.89209  , 139.9113 , Open   , Large  , "2,2"  , L2U2   ,  10.00001, 264.93996, 2.41656  , 0.0  , 0.0   , 2025-03-26 15:29:20.510000, N087  , Bordoloi ,      12,      9.4378, bd02d3375 ,  0.017086134736453266, True  , True
KR.20250326.55814.57.fits, KCWI    , /KCWI/2025/20250326/lev0/KR.20250326.55814.57.fits, bd02d3375    , RL      , 7149.89209  , 139.9113 , Open   , Large  , "2,2"  , L2U2   ,  10.00001, 264.93996, 2.41656  , 0.0  , 0.0   , 2025-03-26 15:30:14.570000, N087  , Bordoloi ,      12,      9.4378, bd02d3375 ,  0.017086134736453266, True  , True
KR.20250526.52448.50.fits, KCWI    , /KCWI/2025/20250526/lev0/KR.20250526.52448.50.fits, feige110     , RL      , 7150.0127   , 139.9113 , Open   , Medium , "2,2"  , L2U2   , 120.00012, 349.99321, -5.1655  , 0.0  , 0.0   , 2025-05-26 14:34:08.500000, N121  , Foley    ,      12,      9.4378, feige110  ,  0.06689590345449506 , True  , True
KR.20250526.52930.96.fits, KCWI    , /KCWI/2025/20250526/lev0/KR.20250526.52930.96.fits, bd28d4211    , RL      , 7150.0127   , 139.9113 , Open   , Medium , "2,2"  , L2U2   ,  60.00006, 327.79587, 28.864   , 0.0  , 0.0   , 2025-05-26 14:42:10.960000, N121  , Foley    ,      12,      9.4378, bd28d4211 ,  0.0581492724333528  , True  , True
