
=== /Users/kaiwenzhang/PycharmProjects/KCWI/KCWI_RED_channel_characterization/RM1 pypeit run/2024-03-15/pypeit_run/keck_kcrm_B/Calibrations/WaveCalib_B_1_DET01.fits
  24 usable of 24 slices  (rms median 0.213, max 0.352 px)
  PASS slit  0 spat   61: rms=0.220 nlines= 84 5560.1-7025.4 A  disp=0.7120 A/px
  PASS slit  1 spat  142: rms=0.225 nlines= 81 5642.7-7108.4 A  disp=0.7123 A/px
  PASS slit  2 spat  217: rms=0.222 nlines= 79 5548.5-7014.7 A  disp=0.7125 A/px
  PASS slit  3 spat  296: rms=0.161 nlines= 76 5625.0-7091.5 A  disp=0.7127 A/px
  PASS slit  4 spat  370: rms=0.199 nlines= 81 5540.0-7006.8 A  disp=0.7130 A/px
  PASS slit  5 spat  445: rms=0.161 nlines= 75 5609.9-7077.1 A  disp=0.7131 A/px
  PASS slit  6 spat  518: rms=0.218 nlines= 82 5533.5-7000.8 A  disp=0.7135 A/px
  PASS slit  7 spat  591: rms=0.201 nlines= 78 5597.3-7064.9 A  disp=0.7136 A/px
  PASS slit  8 spat  664: rms=0.235 nlines= 81 5529.1-6996.9 A  disp=0.7137 A/px
  PASS slit  9 spat  739: rms=0.220 nlines= 85 5586.9-7054.8 A  disp=0.7138 A/px
  PASS slit 10 spat  812: rms=0.194 nlines= 84 5525.8-6993.9 A  disp=0.7139 A/px
  PASS slit 11 spat  886: rms=0.243 nlines= 84 5600.4-7068.6 A  disp=0.7140 A/px
  PASS slit 12 spat 1164: rms=0.175 nlines= 83 5516.3-6984.6 A  disp=0.7141 A/px
  PASS slit 13 spat 1238: rms=0.179 nlines= 80 5592.5-7060.6 A  disp=0.7139 A/px
  PASS slit 14 spat 1312: rms=0.352 nlines= 77 5533.8-7005.0 A  disp=0.7133 A/px
  PASS slit 15 spat 1386: rms=0.185 nlines= 78 5598.7-7066.6 A  disp=0.7137 A/px
  PASS slit 16 spat 1459: rms=0.287 nlines= 77 5533.8-7004.8 A  disp=0.7130 A/px
  PASS slit 17 spat 1534: rms=0.204 nlines= 80 5608.3-7075.8 A  disp=0.7134 A/px
  PASS slit 18 spat 1608: rms=0.200 nlines= 84 5540.3-7007.5 A  disp=0.7133 A/px
  PASS slit 19 spat 1683: rms=0.199 nlines= 77 5621.6-7088.3 A  disp=0.7131 A/px
  PASS slit 20 spat 1758: rms=0.280 nlines= 77 5543.6-7013.3 A  disp=0.7123 A/px
  PASS slit 21 spat 1837: rms=0.245 nlines= 82 5637.9-7104.0 A  disp=0.7127 A/px
  PASS slit 22 spat 1914: rms=0.273 nlines= 72 5553.8-7022.7 A  disp=0.7118 A/px
  PASS slit 23 spat 1996: rms=0.209 nlines= 79 5659.9-7125.5 A  disp=0.7120 A/px
  24 of those meet the stricter seed criteria for template building
  best seed = spat 445 (5609.9-7077.1 A, rms 0.161)
[1;38;2;49;54;149m    [INFO][0m - [38;2;116;173;209mdatamodel.py:from_file:1558[0m - Loading WaveCalib from /Users/kaiwenzhang/PycharmProjects/KCWI/KCWI_RED_channel_characterization/RM1 pypeit run/2024-03-15/pypeit_run/keck_kcrm_B/Calibrations/WaveCalib_B_1_DET01.fits
[1;38;2;49;54;149m    [INFO][0m - [38;2;116;173;209mdatamodel.py:from_file:1558[0m - Loading SlitTraceSet from /Users/kaiwenzhang/PycharmProjects/KCWI/KCWI_RED_channel_characterization/RM1 pypeit run/2024-03-15/pypeit_run/keck_kcrm_B/Calibrations/Slits_B_1_DET01.fits.gz
[1;38;2;49;54;149m    [INFO][0m - [38;2;116;173;209mdatamodel.py:from_file:1558[0m - Loading WaveCalib from /Users/kaiwenzhang/PycharmProjects/KCWI/KCWI_RED_channel_characterization/RM1 pypeit run/2024-03-15/pypeit_run/keck_kcrm_B/Calibrations/WaveCalib_B_1_DET01.fits

=== KR.20240316.44178.62.fits ===
image (2064, 2056)   nslits 24

slice  flux frac   peak S/N      
    0     0.0000        4.7  
    1     0.0001        4.9  
    2     0.0002       19.9  
    3     0.0001       15.6  
    4     0.0003       18.7  
    5     0.0001       21.5   <-- contaminated
    6     0.0002       28.0   <-- contaminated
    7     0.0003       41.8   <-- contaminated
    8     0.0009       97.3   <-- contaminated
    9     0.0026      260.6   <-- contaminated
   10     0.0126     1793.2  # <-- contaminated
   11     0.3341    93192.4  ########################## <-- contaminated
   12     0.6213   190709.2  ################################################## <-- contaminated
   13     0.0215     2940.2  # <-- contaminated
   14     0.0032      310.3   <-- contaminated
   15     0.0013      101.3   <-- contaminated
   16     0.0005       56.7   <-- contaminated
   17     0.0003       37.3   <-- contaminated
   18     0.0001       20.3   <-- contaminated
   19     0.0001       18.0  
   20     0.0000        4.4  
   21     0.0001       40.1   <-- contaminated
   22     0.0000        3.3  
   23     0.0000        3.1  

brightest slice: 12   object spans 44%-57% along the slice (peak at 50%)
slices carrying >2% of flux: 15 of 24

  suggested:  user_regions = :36,65:
[1;38;2;49;54;149m    [INFO][0m - [38;2;116;173;209mkeck_kcwi.py:get_rawimage:1426[0m - Reading KCWI file: /Users/kaiwenzhang/PycharmProjects/KCWI/KCWI_RED_channel_characterization/fits/by_night/RM1/2024-03-15/KR.20240316.44178.62.fits
[1;38;2;49;54;149m    [INFO][0m - [38;2;116;173;209mrawimage.py:process:564[0m - Performing basic image processing on KR.20240316.44178.62.fits.
[1;38;2;49;54;149m    [INFO][0m - [38;2;116;173;209mrawimage.py:estimate_readnoise:359[0m - Estimated readnoise of amplifier 1 = 3.689 e-
[1;38;2;49;54;149m    [INFO][0m - [38;2;116;173;209mrawimage.py:estimate_readnoise:359[0m - Estimated readnoise of amplifier 2 = 3.705 e-
[1;38;2;49;54;149m    [INFO][0m - [38;2;116;173;209mkeck_kcwi.py:get_rawimage:1426[0m - Reading KCWI file: /Users/kaiwenzhang/PycharmProjects/KCWI/KCWI_RED_channel_characterization/fits/by_night/RM1/2024-03-15/KR.20240316.44178.62.fits
[1;38;2;49;54;149m    [INFO][0m - [38;2;116;173;209mdatamodel.py:from_file:1558[0m - Loading SlitTraceSet from /Users/kaiwenzhang/PycharmProjects/KCWI/KCWI_RED_channel_characterization/RM1 pypeit run/2024-03-15/pypeit_run/keck_kcrm_B/Calibrations/Slits_B_1_DET01.fits.gz

=== /Users/kaiwenzhang/PycharmProjects/KCWI/KCWI_RED_channel_characterization/RM1 pypeit run/2024-03-15/pypeit_run/keck_kcrm_B/Calibrations/WaveCalib_B_1_DET01.fits
  24 usable of 24 slices  (rms median 0.213, max 0.352 px)
  PASS slit  0 spat   61: rms=0.220 nlines= 84 5560.1-7025.4 A  disp=0.7120 A/px
  PASS slit  1 spat  142: rms=0.225 nlines= 81 5642.7-7108.4 A  disp=0.7123 A/px
  PASS slit  2 spat  217: rms=0.222 nlines= 79 5548.5-7014.7 A  disp=0.7125 A/px
  PASS slit  3 spat  296: rms=0.161 nlines= 76 5625.0-7091.5 A  disp=0.7127 A/px
  PASS slit  4 spat  370: rms=0.199 nlines= 81 5540.0-7006.8 A  disp=0.7130 A/px
  PASS slit  5 spat  445: rms=0.161 nlines= 75 5609.9-7077.1 A  disp=0.7131 A/px
  PASS slit  6 spat  518: rms=0.218 nlines= 82 5533.5-7000.8 A  disp=0.7135 A/px
  PASS slit  7 spat  591: rms=0.201 nlines= 78 5597.3-7064.9 A  disp=0.7136 A/px
  PASS slit  8 spat  664: rms=0.235 nlines= 81 5529.1-6996.9 A  disp=0.7137 A/px
  PASS slit  9 spat  739: rms=0.220 nlines= 85 5586.9-7054.8 A  disp=0.7138 A/px
  PASS slit 10 spat  812: rms=0.194 nlines= 84 5525.8-6993.9 A  disp=0.7139 A/px
  PASS slit 11 spat  886: rms=0.243 nlines= 84 5600.4-7068.6 A  disp=0.7140 A/px
  PASS slit 12 spat 1164: rms=0.175 nlines= 83 5516.3-6984.6 A  disp=0.7141 A/px
  PASS slit 13 spat 1238: rms=0.179 nlines= 80 5592.5-7060.6 A  disp=0.7139 A/px
  PASS slit 14 spat 1312: rms=0.352 nlines= 77 5533.8-7005.0 A  disp=0.7133 A/px
  PASS slit 15 spat 1386: rms=0.185 nlines= 78 5598.7-7066.6 A  disp=0.7137 A/px
  PASS slit 16 spat 1459: rms=0.287 nlines= 77 5533.8-7004.8 A  disp=0.7130 A/px
  PASS slit 17 spat 1534: rms=0.204 nlines= 80 5608.3-7075.8 A  disp=0.7134 A/px
  PASS slit 18 spat 1608: rms=0.200 nlines= 84 5540.3-7007.5 A  disp=0.7133 A/px
  PASS slit 19 spat 1683: rms=0.199 nlines= 77 5621.6-7088.3 A  disp=0.7131 A/px
  PASS slit 20 spat 1758: rms=0.280 nlines= 77 5543.6-7013.3 A  disp=0.7123 A/px
  PASS slit 21 spat 1837: rms=0.245 nlines= 82 5637.9-7104.0 A  disp=0.7127 A/px
  PASS slit 22 spat 1914: rms=0.273 nlines= 72 5553.8-7022.7 A  disp=0.7118 A/px
  PASS slit 23 spat 1996: rms=0.209 nlines= 79 5659.9-7125.5 A  disp=0.7120 A/px
  24 of those meet the stricter seed criteria for template building
  best seed = spat 445 (5609.9-7077.1 A, rms 0.161)
[1;38;2;49;54;149m    [INFO][0m - [38;2;116;173;209mdatamodel.py:from_file:1558[0m - Loading WaveCalib from /Users/kaiwenzhang/PycharmProjects/KCWI/KCWI_RED_channel_characterization/RM1 pypeit run/2024-03-15/pypeit_run/keck_kcrm_B/Calibrations/WaveCalib_B_1_DET01.fits
[1;38;2;49;54;149m    [INFO][0m - [38;2;116;173;209mdatamodel.py:from_file:1558[0m - Loading SlitTraceSet from /Users/kaiwenzhang/PycharmProjects/KCWI/KCWI_RED_channel_characterization/RM1 pypeit run/2024-03-15/pypeit_run/keck_kcrm_B/Calibrations/Slits_B_1_DET01.fits.gz
[1;38;2;49;54;149m    [INFO][0m - [38;2;116;173;209mdatamodel.py:from_file:1558[0m - Loading WaveCalib from /Users/kaiwenzhang/PycharmProjects/KCWI/KCWI_RED_channel_characterization/RM1 pypeit run/2024-03-15/pypeit_run/keck_kcrm_B/Calibrations/WaveCalib_B_1_DET01.fits

=== KR.20240316.44178.62.fits ===
image (2064, 2056)   nslits 24

slice  flux frac   peak S/N      
    0     0.0000        4.7  
    1     0.0001        4.9  
    2     0.0002       19.9  
    3     0.0001       15.6  
    4     0.0003       18.7  
    5     0.0001       21.5   <-- contaminated
    6     0.0002       28.0   <-- contaminated
    7     0.0003       41.8   <-- contaminated
    8     0.0009       97.3   <-- contaminated
    9     0.0026      260.6   <-- contaminated
   10     0.0126     1793.2  # <-- contaminated
   11     0.3341    93192.4  ########################## <-- contaminated
   12     0.6213   190709.2  ################################################## <-- contaminated
   13     0.0215     2940.2  # <-- contaminated
   14     0.0032      310.3   <-- contaminated
   15     0.0013      101.3   <-- contaminated
   16     0.0005       56.7   <-- contaminated
   17     0.0003       37.3   <-- contaminated
   18     0.0001       20.3   <-- contaminated
   19     0.0001       18.0  
   20     0.0000        4.4  
   21     0.0001       40.1   <-- contaminated
   22     0.0000        3.3  
   23     0.0000        3.1  

brightest slice: 12   object spans 44%-57% along the slice (peak at 50%)
slices carrying >2% of flux: 15 of 24

  suggested:  user_regions = :36,65:
[1;38;2;49;54;149m    [INFO][0m - [38;2;116;173;209mkeck_kcwi.py:get_rawimage:1426[0m - Reading KCWI file: /Users/kaiwenzhang/PycharmProjects/KCWI/KCWI_RED_channel_characterization/fits/by_night/RM1/2024-03-15/KR.20240316.44178.62.fits
[1;38;2;49;54;149m    [INFO][0m - [38;2;116;173;209mrawimage.py:process:564[0m - Performing basic image processing on KR.20240316.44178.62.fits.
[1;38;2;49;54;149m    [INFO][0m - [38;2;116;173;209mrawimage.py:estimate_readnoise:359[0m - Estimated readnoise of amplifier 1 = 3.689 e-
[1;38;2;49;54;149m    [INFO][0m - [38;2;116;173;209mrawimage.py:estimate_readnoise:359[0m - Estimated readnoise of amplifier 2 = 3.705 e-
[1;38;2;49;54;149m    [INFO][0m - [38;2;116;173;209mkeck_kcwi.py:get_rawimage:1426[0m - Reading KCWI file: /Users/kaiwenzhang/PycharmProjects/KCWI/KCWI_RED_channel_characterization/fits/by_night/RM1/2024-03-15/KR.20240316.44178.62.fits
[1;38;2;49;54;149m    [INFO][0m - [38;2;116;173;209mdatamodel.py:from_file:1558[0m - Loading SlitTraceSet from /Users/kaiwenzhang/PycharmProjects/KCWI/KCWI_RED_channel_characterization/RM1 pypeit run/2024-03-15/pypeit_run/keck_kcrm_B/Calibrations/Slits_B_1_DET01.fits.gz

$ /opt/miniconda3/envs/pypeit/bin/run_pypeit keck_kcrm_B.pypeit
[1;38;2;49;54;149m    [INFO][0m - [38;2;116;173;209minputfiles.py:from_file:136[0m - Loading the reduction file
[1;38;2;49;54;149m    [INFO][0m - [38;2;116;173;209minputfiles.py:from_file:214[0m - PypeIt input file loaded successfully.
[1;38;2;49;54;149m    [INFO][0m - [38;2;116;173;209minputfiles.py:vet:685[0m - PypeIt file successfully vetted.
[1;38;2;49;54;149m    [INFO][0m - [38;2;116;173;209mpypeit.py:__init__:82[0m - Loaded spectrograph keck_kcrm
[1;38;2;49;54;149m    [INFO][0m - [38;2;116;173;209mpypeit.py:__init__:83[0m - Setting configuration-specific parameters using KR.20240316.43959.32.fits.
[1;38;2;253;174;97m [WARNING][0m - [38;2;116;173;209mparset.py:to_config:662[0m - Selected configuration file already exists and will be overwritten!
[1;38;2;49;54;149m    [INFO][0m - [38;2;116;173;209mpypeit.py:__init__:99[0m - Compiling metadata
[1;38;2;49;54;149m    [INFO][0m - [38;2;116;173;209mmetadata.py:_build:206[0m - Building metadata for 50 files.
[1;38;2;49;54;149m    [INFO][0m - [38;2;116;173;209mmetadata.py:_build:235[0m - Adding metadata for KR.20240316.08992.59.fits
[1;38;2;49;54;149m    [INFO][0m - [38;2;116;173;209mmetadata.py:_build:235[0m - Adding metadata for KR.20240316.09023.19.fits
[1;38;2;49;54;149m    [INFO][0m - [38;2;116;173;209mmetadata.py:_build:235[0m - Adding metadata for KR.20240316.09053.79.fits
[1;38;2;49;54;149m    [INFO][0m - [38;2;116;173;209mmetadata.py:_build:235[0m - Adding metadata for KR.20240316.10422.63.fits
[1;38;2;49;54;149m    [INFO][0m - [38;2;116;173;209mmetadata.py:_build:235[0m - Adding metadata for KR.20240316.10453.23.fits
[1;38;2;49;54;149m    [INFO][0m - [38;2;116;173;209mmetadata.py:_build:235[0m - Adding metadata for KR.20240316.10483.83.fits
[1;38;2;49;54;149m    [INFO][0m - [38;2;116;173;209mmetadata.py:_build:235[0m - Adding metadata for KR.20240316.09160.89.fits
[1;38;2;49;54;149m    [INFO][0m - [38;2;116;173;209mmetadata.py:_build:235[0m - Adding metadata for KR.20240316.09227.19.fits
[1;38;2;49;54;149m    [INFO][0m - [38;2;116;173;209mmetadata.py:_build:235[0m - Adding metadata for KR.20240316.09294.51.fits
[1;38;2;49;54;149m    [INFO][0m - [38;2;116;173;209mmetadata.py:_build:235[0m - Adding metadata for KR.20240316.10588.89.fits
[1;38;2;49;54;149m    [INFO][0m - [38;2;116;173;209mmetadata.py:_build:235[0m - Adding metadata for KR.20240316.10655.19.fits
[1;38;2;49;54;149m    [INFO][0m - [38;2;116;173;209mmetadata.py:_build:235[0m - Adding metadata for KR.20240316.10722.51.fits
[1;38;2;49;54;149m    [INFO][0m - [38;2;116;173;209mmetadata.py:_build:235[0m - Adding metadata for KR.20240316.08539.71.fits
[1;38;2;49;54;149m    [INFO][0m - [38;2;116;173;209mmetadata.py:_build:235[0m - Adding metadata for KR.20240316.08583.57.fits
[1;38;2;49;54;149m    [INFO][0m - [38;2;116;173;209mmetadata.py:_build:235[0m - Adding metadata for KR.20240316.08627.43.fits
[1;38;2;49;54;149m    [INFO][0m - [38;2;116;173;209mmetadata.py:_build:235[0m - Adding metadata for KR.20240316.08671.29.fits
[1;38;2;49;54;149m    [INFO][0m - [38;2;116;173;209mmetadata.py:_build:235[0m - Adding metadata for KR.20240316.08715.15.fits
[1;38;2;49;54;149m    [INFO][0m - [38;2;116;173;209mmetadata.py:_build:235[0m - Adding metadata for KR.20240316.08759.10.fits
[1;38;2;49;54;149m    [INFO][0m - [38;2;116;173;209mmetadata.py:_build:235[0m - Adding metadata for KR.20240316.08802.87.fits
[1;38;2;49;54;149m    [INFO][0m - [38;2;116;173;209mmetadata.py:_build:235[0m - Adding metadata for KR.20240316.10032.99.fits
[1;38;2;49;54;149m    [INFO][0m - [38;2;116;173;209mmetadata.py:_build:235[0m - Adding metadata for KR.20240316.10109.49.fits
[1;38;2;49;54;149m    [INFO][0m - [38;2;116;173;209mmetadata.py:_build:235[0m - Adding metadata for KR.20240316.10185.99.fits
[1;38;2;49;54;149m    [INFO][0m - [38;2;116;173;209mmetadata.py:_build:235[0m - Adding metadata for KR.20240316.11462.10.fits
[1;38;2;49;54;149m    [INFO][0m - [38;2;116;173;209mmetadata.py:_build:235[0m - Adding metadata for KR.20240316.11538.51.fits
[1;38;2;49;54;149m    [INFO][0m - [38;2;116;173;209mmetadata.py:_build:235[0m - Adding metadata for KR.20240316.11615.10.fits
[1;38;2;49;54;149m    [INFO][0m - [38;2;116;173;209mmetadata.py:_build:235[0m - Adding metadata for KR.20240316.09568.89.fits
[1;38;2;49;54;149m    [INFO][0m - [38;2;116;173;209mmetadata.py:_build:235[0m - Adding metadata for KR.20240316.09618.87.fits
[1;38;2;49;54;149m    [INFO][0m - [38;2;116;173;209mmetadata.py:_build:235[0m - Adding metadata for KR.20240316.09669.87.fits
[1;38;2;49;54;149m    [INFO][0m - [38;2;116;173;209mmetadata.py:_build:235[0m - Adding metadata for KR.20240316.09719.85.fits
[1;38;2;49;54;149m    [INFO][0m - [38;2;116;173;209mmetadata.py:_build:235[0m - Adding metadata for KR.20240316.09769.83.fits
[1;38;2;49;54;149m    [INFO][0m - [38;2;116;173;209mmetadata.py:_build:235[0m - Adding metadata for KR.20240316.09820.83.fits
[1;38;2;49;54;149m    [INFO][0m - [38;2;116;173;209mmetadata.py:_build:235[0m - Adding metadata for KR.20240316.10997.91.fits
[1;38;2;49;54;149m    [INFO][0m - [38;2;116;173;209mmetadata.py:_build:235[0m - Adding metadata for KR.20240316.11047.89.fits
[1;38;2;49;54;149m    [INFO][0m - [38;2;116;173;209mmetadata.py:_build:235[0m - Adding metadata for KR.20240316.11098.89.fits
[1;38;2;49;54;149m    [INFO][0m - [38;2;116;173;209mmetadata.py:_build:235[0m - Adding metadata for KR.20240316.11148.87.fits
[1;38;2;49;54;149m    [INFO][0m - [38;2;116;173;209mmetadata.py:_build:235[0m - Adding metadata for KR.20240316.11198.85.fits
[1;38;2;49;54;149m    [INFO][0m - [38;2;116;173;209mmetadata.py:_build:235[0m - Adding metadata for KR.20240316.11249.85.fits
[1;38;2;49;54;149m    [INFO][0m - [38;2;116;173;209mmetadata.py:_build:235[0m - Adding metadata for KR.20240316.43959.32.fits
[1;38;2;49;54;149m    [INFO][0m - [38;2;116;173;209mmetadata.py:_build:235[0m - Adding metadata for KR.20240316.44048.60.fits
[1;38;2;49;54;149m    [INFO][0m - [38;2;116;173;209mmetadata.py:_build:235[0m - Adding metadata for KR.20240316.44178.62.fits
[1;38;2;49;54;149m    [INFO][0m - [38;2;116;173;209mmetadata.py:_build:235[0m - Adding metadata for KR.20240316.44290.82.fits
[1;38;2;49;54;149m    [INFO][0m - [38;2;116;173;209mmetadata.py:_build:235[0m - Adding metadata for KR.20240316.44393.84.fits
[1;38;2;49;54;149m    [INFO][0m - [38;2;116;173;209mmetadata.py:_build:235[0m - Adding metadata for KR.20240316.44594.78.fits
[1;38;2;49;54;149m    [INFO][0m - [38;2;116;173;209mmetadata.py:_build:235[0m - Adding metadata for KR.20240316.44764.10.fits
[1;38;2;49;54;149m    [INFO][0m - [38;2;116;173;209mmetadata.py:_build:235[0m - Adding metadata for KR.20240316.09380.19.fits
[1;38;2;49;54;149m    [INFO][0m - [38;2;116;173;209mmetadata.py:_build:235[0m - Adding metadata for KR.20240316.09447.51.fits
[1;38;2;49;54;149m    [INFO][0m - [38;2;116;173;209mmetadata.py:_build:235[0m - Adding metadata for KR.20240316.09513.81.fits
[1;38;2;49;54;149m    [INFO][0m - [38;2;116;173;209mmetadata.py:_build:235[0m - Adding metadata for KR.20240316.10808.19.fits
[1;38;2;49;54;149m    [INFO][0m - [38;2;116;173;209mmetadata.py:_build:235[0m - Adding metadata for KR.20240316.10875.51.fits
[1;38;2;49;54;149m    [INFO][0m - [38;2;116;173;209mmetadata.py:_build:235[0m - Adding metadata for KR.20240316.10942.83.fits
[1;38;2;253;174;97m [WARNING][0m - [38;2;116;173;209mmetadata.py:_vet_instrument:180[0m - The instrument name in the headers of the raw files does not match the expected one! Found KCWI, expected KCRM.  You may have chosen the wrong PypeIt spectrograph name!
[1;38;2;253;174;97m [WARNING][0m - [38;2;116;173;209mmetadata.py:get_frame_types:1384[0m - Removing existing frametype and framebit columns.
[1;38;2;49;54;149m    [INFO][0m - [38;2;116;173;209mmetadata.py:get_frame_types:1391[0m - Typing files
[1;38;2;49;54;149m    [INFO][0m - [38;2;116;173;209mmetadata.py:get_frame_types:1401[0m - Using user-provided frame types.
[1;38;2;49;54;149m    [INFO][0m - [38;2;116;173;209mcalibrations.py:check_for_calibs:1862[0m - Congrats!!  You passed the calibrations inspection!!
[1;38;2;49;54;149m    [INFO][0m - [38;2;116;173;209mmetadata.py:unique_configurations:696[0m - Setup column already set.  Finding unique configurations.
[1;38;2;49;54;149m    [INFO][0m - [38;2;116;173;209mmetadata.py:unique_configurations:706[0m - Found 1 unique configurations.
[1;38;2;49;54;149m    [INFO][0m - [38;2;116;173;209mcalibrations.py:association_summary:1731[0m - Calibration association file written to: /Users/kaiwenzhang/PycharmProjects/KCWI/KCWI_RED_channel_characterization/RM1 pypeit run/2024-03-15/pypeit_run/keck_kcrm_B/keck_kcrm_B.calib
[1;38;2;49;54;149m    [INFO][0m - [38;2;116;173;209mpypeit.py:__init__:133[0m - Setting reduction path to /Users/kaiwenzhang/PycharmProjects/KCWI/KCWI_RED_channel_characterization/RM1 pypeit run/2024-03-15/pypeit_run/keck_kcrm_B
[1;38;2;49;54;149m    [INFO][0m - [38;2;116;173;209mpypeit.py:__init__:134[0m - Calibration frames saved to: /Users/kaiwenzhang/PycharmProjects/KCWI/KCWI_RED_channel_characterization/RM1 pypeit run/2024-03-15/pypeit_run/keck_kcrm_B/Calibrations
[1;38;2;49;54;149m    [INFO][0m - [38;2;116;173;209mpypeit.py:__init__:135[0m - Science data output to: /Users/kaiwenzhang/PycharmProjects/KCWI/KCWI_RED_channel_characterization/RM1 pypeit run/2024-03-15/pypeit_run/keck_kcrm_B/Science
[1;38;2;49;54;149m    [INFO][0m - [38;2;116;173;209mpypeit.py:__init__:136[0m - Quality assessment plots output to: /Users/kaiwenzhang/PycharmProjects/KCWI/KCWI_RED_channel_characterization/RM1 pypeit run/2024-03-15/pypeit_run/keck_kcrm_B/QA
[1;38;2;49;54;149m    [INFO][0m - [38;2;116;173;209mpypeit.py:reduce_calibID:311[0m - Found 7 science frames in calibration group 1.
[1;38;2;49;54;149m    [INFO][0m - [38;2;116;173;209mexposure.py:reduce_exposure:406[0m - Reducing target feige34
Combining frames:
KR.20240316.43959.32.fits

[1;38;2;49;54;149m    [INFO][0m - [38;2;116;173;209mexposure.py:reduce_exposure:417[0m - Detectors to work on: [1]
[1;38;2;49;54;149m    [INFO][0m - [38;2;116;173;209mexposure.py:reduce_exposure:422[0m - Calibrating detector 1
[1;38;2;49;54;149m    [INFO][0m - [38;2;116;173;209mpypeit_steps.py:calib_one:173[0m - Building/loading calibrations for detector 1
[1;38;2;49;54;149m    [INFO][0m - [38;2;116;173;209mdatamodel.py:from_file:1558[0m - Loading BiasImage from /Users/kaiwenzhang/PycharmProjects/KCWI/KCWI_RED_channel_characterization/RM1 pypeit run/2024-03-15/pypeit_run/keck_kcrm_B/Calibrations/Bias_B_1_DET01.fits
[1;38;2;253;174;97m [WARNING][0m - [38;2;116;173;209mcalibrations.py:get_dark:606[0m - No raw dark frames found and unable to identify a relevant processed calibration frame.  Continuing...
[1;38;2;49;54;149m    [INFO][0m - [38;2;116;173;209mkeck_kcwi.py:get_rawimage:1426[0m - Reading KCWI file: /Users/kaiwenzhang/PycharmProjects/KCWI/KCWI_RED_channel_characterization/fits/by_night/RM1/2024-03-15/KR.20240316.08992.59.fits
[1;38;2;253;174;97m [WARNING][0m - [38;2;116;173;209mkeck_kcwi.py:bpm:820[0m - KCRM bad pixel mask is not available for ampmode=L2U2L1U1 binning=2,2
[1;38;2;49;54;149m    [INFO][0m - [38;2;116;173;209mdatamodel.py:from_file:1558[0m - Loading ArcImage from /Users/kaiwenzhang/PycharmProjects/KCWI/KCWI_RED_channel_characterization/RM1 pypeit run/2024-03-15/pypeit_run/keck_kcrm_B/Calibrations/Arc_B_1_DET01.fits
[1;38;2;49;54;149m    [INFO][0m - [38;2;116;173;209mdatamodel.py:from_file:1558[0m - Loading TiltImage from /Users/kaiwenzhang/PycharmProjects/KCWI/KCWI_RED_channel_characterization/RM1 pypeit run/2024-03-15/pypeit_run/keck_kcrm_B/Calibrations/Tiltimg_B_1_DET01.fits
[1;38;2;49;54;149m    [INFO][0m - [38;2;116;173;209mdatamodel.py:from_file:1558[0m - Loading SlitTraceSet from /Users/kaiwenzhang/PycharmProjects/KCWI/KCWI_RED_channel_characterization/RM1 pypeit run/2024-03-15/pypeit_run/keck_kcrm_B/Calibrations/Slits_B_1_DET01.fits.gz
[1;38;2;49;54;149m    [INFO][0m - [38;2;116;173;209mdatamodel.py:from_file:1558[0m - Loading WaveCalib from /Users/kaiwenzhang/PycharmProjects/KCWI/KCWI_RED_channel_characterization/RM1 pypeit run/2024-03-15/pypeit_run/keck_kcrm_B/Calibrations/WaveCalib_B_1_DET01.fits
[1;38;2;49;54;149m    [INFO][0m - [38;2;116;173;209mdatamodel.py:from_file:1558[0m - Loading WaveTilts from /Users/kaiwenzhang/PycharmProjects/KCWI/KCWI_RED_channel_characterization/RM1 pypeit run/2024-03-15/pypeit_run/keck_kcrm_B/Calibrations/Tilts_B_1_DET01.fits
[1;38;2;49;54;149m    [INFO][0m - [38;2;116;173;209mdatamodel.py:from_file:1558[0m - Loading Alignments from /Users/kaiwenzhang/PycharmProjects/KCWI/KCWI_RED_channel_characterization/RM1 pypeit run/2024-03-15/pypeit_run/keck_kcrm_B/Calibrations/Alignment_B_1_DET01.fits
[1;38;2;49;54;149m    [INFO][0m - [38;2;116;173;209mdatamodel.py:from_file:1558[0m - Loading ScatteredLight from /Users/kaiwenzhang/PycharmProjects/KCWI/KCWI_RED_channel_characterization/RM1 pypeit run/2024-03-15/pypeit_run/keck_kcrm_B/Calibrations/ScatteredLight_B_1_DET01.fits.gz
[1;38;2;49;54;149m    [INFO][0m - [38;2;116;173;209mdatamodel.py:from_file:1558[0m - Loading FlatImages from /Users/kaiwenzhang/PycharmProjects/KCWI/KCWI_RED_channel_characterization/RM1 pypeit run/2024-03-15/pypeit_run/keck_kcrm_B/Calibrations/Flat_B_1_DET01.fits
[1;38;2;49;54;149m    [INFO][0m - [38;2;116;173;209mcalibrations.py:run_the_steps:1459[0m - Calibration complete and/or fully loaded!
[1;38;2;49;54;149m    [INFO][0m - [38;2;116;173;209mcalibrations.py:run_the_steps:1460[0m - #######################################################################
[1;38;2;49;54;149m    [INFO][0m - [38;2;116;173;209mexposure.py:process_exposure:126[0m - Reducing detector 1
[1;38;2;49;54;149m    [INFO][0m - [38;2;116;173;209mdatamodel.py:from_file:1558[0m - Loading BiasImage from /Users/kaiwenzhang/PycharmProjects/KCWI/KCWI_RED_channel_characterization/RM1 pypeit run/2024-03-15/pypeit_run/keck_kcrm_B/Calibrations/Bias_B_1_DET01.fits
[1;38;2;253;174;97m [WARNING][0m - [38;2;116;173;209mcalibrations.py:get_dark:606[0m - No raw dark frames found and unable to identify a relevant processed calibration frame.  Continuing...
[1;38;2;49;54;149m    [INFO][0m - [38;2;116;173;209mkeck_kcwi.py:get_rawimage:1426[0m - Reading KCWI file: /Users/kaiwenzhang/PycharmProjects/KCWI/KCWI_RED_channel_characterization/fits/by_night/RM1/2024-03-15/KR.20240316.43959.32.fits
[1;38;2;49;54;149m    [INFO][0m - [38;2;116;173;209mdatamodel.py:from_file:1558[0m - Loading ArcImage from /Users/kaiwenzhang/PycharmProjects/KCWI/KCWI_RED_channel_characterization/RM1 pypeit run/2024-03-15/pypeit_run/keck_kcrm_B/Calibrations/Arc_B_1_DET01.fits
[1;38;2;49;54;149m    [INFO][0m - [38;2;116;173;209mdatamodel.py:from_file:1558[0m - Loading TiltImage from /Users/kaiwenzhang/PycharmProjects/KCWI/KCWI_RED_channel_characterization/RM1 pypeit run/2024-03-15/pypeit_run/keck_kcrm_B/Calibrations/Tiltimg_B_1_DET01.fits
[1;38;2;49;54;149m    [INFO][0m - [38;2;116;173;209mdatamodel.py:from_file:1558[0m - Loading SlitTraceSet from /Users/kaiwenzhang/PycharmProjects/KCWI/KCWI_RED_channel_characterization/RM1 pypeit run/2024-03-15/pypeit_run/keck_kcrm_B/Calibrations/Slits_B_1_DET01.fits.gz
[1;38;2;49;54;149m    [INFO][0m - [38;2;116;173;209mdatamodel.py:from_file:1558[0m - Loading WaveCalib from /Users/kaiwenzhang/PycharmProjects/KCWI/KCWI_RED_channel_characterization/RM1 pypeit run/2024-03-15/pypeit_run/keck_kcrm_B/Calibrations/WaveCalib_B_1_DET01.fits
[1;38;2;49;54;149m    [INFO][0m - [38;2;116;173;209mdatamodel.py:from_file:1558[0m - Loading WaveTilts from /Users/kaiwenzhang/PycharmProjects/KCWI/KCWI_RED_channel_characterization/RM1 pypeit run/2024-03-15/pypeit_run/keck_kcrm_B/Calibrations/Tilts_B_1_DET01.fits
[1;38;2;49;54;149m    [INFO][0m - [38;2;116;173;209mdatamodel.py:from_file:1558[0m - Loading Alignments from /Users/kaiwenzhang/PycharmProjects/KCWI/KCWI_RED_channel_characterization/RM1 pypeit run/2024-03-15/pypeit_run/keck_kcrm_B/Calibrations/Alignment_B_1_DET01.fits
[1;38;2;49;54;149m    [INFO][0m - [38;2;116;173;209mdatamodel.py:from_file:1558[0m - Loading ScatteredLight from /Users/kaiwenzhang/PycharmProjects/KCWI/KCWI_RED_channel_characterization/RM1 pypeit run/2024-03-15/pypeit_run/keck_kcrm_B/Calibrations/ScatteredLight_B_1_DET01.fits.gz
[1;38;2;49;54;149m    [INFO][0m - [38;2;116;173;209mdatamodel.py:from_file:1558[0m - Loading FlatImages from /Users/kaiwenzhang/PycharmProjects/KCWI/KCWI_RED_channel_characterization/RM1 pypeit run/2024-03-15/pypeit_run/keck_kcrm_B/Calibrations/Flat_B_1_DET01.fits
[1;38;2;49;54;149m    [INFO][0m - [38;2;116;173;209mcalibrations.py:run_the_steps:1459[0m - Calibration complete and/or fully loaded!
[1;38;2;49;54;149m    [INFO][0m - [38;2;116;173;209mcalibrations.py:run_the_steps:1460[0m - #######################################################################
[1;38;2;49;54;149m    [INFO][0m - [38;2;116;173;209mpypeit_steps.py:process_one_det:260[0m - Image processing begins for KR.20240316.43959.32-feige34_KCRM_20240316T121239.283 on det=1
[1;38;2;49;54;149m    [INFO][0m - [38;2;116;173;209mkeck_kcwi.py:get_rawimage:1426[0m - Reading KCWI file: /Users/kaiwenzhang/PycharmProjects/KCWI/KCWI_RED_channel_characterization/fits/by_night/RM1/2024-03-15/KR.20240316.43959.32.fits
[1;38;2;49;54;149m    [INFO][0m - [38;2;116;173;209mrawimage.py:process:564[0m - Performing basic image processing on KR.20240316.43959.32.fits.
[1;38;2;49;54;149m    [INFO][0m - [38;2;116;173;209mrawimage.py:estimate_readnoise:359[0m - Estimated readnoise of amplifier 1 = 3.691 e-
[1;38;2;49;54;149m    [INFO][0m - [38;2;116;173;209mrawimage.py:estimate_readnoise:359[0m - Estimated readnoise of amplifier 2 = 3.700 e-
[1;38;2;49;54;149m    [INFO][0m - [38;2;116;173;209mprocimg.py:lacosmic:170[0m - Detecting cosmic rays with the L.A.Cosmic algorithm
[1;38;2;49;54;149m    [INFO][0m - [38;2;116;173;209mprocimg.py:lacosmic:218[0m - Convolving image with Laplacian kernel
[1;38;2;49;54;149m    [INFO][0m - [38;2;116;173;209mprocimg.py:lacosmic:229[0m - Found 1216 candidate cosmic-ray pixels
[1;38;2;49;54;149m    [INFO][0m - [38;2;116;173;209mprocimg.py:lacosmic:235[0m - Reduced to 1216 candidates after excluding known bad pixels.
[1;38;2;49;54;149m    [INFO][0m - [38;2;116;173;209mprocimg.py:lacosmic:246[0m - Reduced to 720 candidates after excluding compact objects.
[1;38;2;49;54;149m    [INFO][0m - [38;2;116;173;209mprocimg.py:lacosmic:250[0m - Finding neighboring pixels affected by cosmic rays
[1;38;2;49;54;149m    [INFO][0m - [38;2;116;173;209mprocimg.py:lacosmic:260[0m - Changed to 1660 candidates after evaluating neighboring pixels.
[1;38;2;49;54;149m    [INFO][0m - [38;2;116;173;209mprocimg.py:lacosmic:266[0m - Reduced to 1660 candidates after excluding known bad pixels.
[1;38;2;49;54;149m    [INFO][0m - [38;2;116;173;209mprocimg.py:lacosmic:271[0m - Iteration 1: 1660 pixels identified as cosmic rays (1660 are new)
[1;38;2;49;54;149m    [INFO][0m - [38;2;116;173;209mprocimg.py:lacosmic:300[0m - 1505 pixels identified as cosmic rays after removing false positives
[1;38;2;49;54;149m    [INFO][0m - [38;2;116;173;209mpypeit_steps.py:findobj_on_det:381[0m - Object finding begins for KR.20240316.43959.32-feige34_KCRM_20240316T121239.283 on det=1
[1;38;2;49;54;149m    [INFO][0m - [38;2;116;173;209mdatamodel.py:from_file:1558[0m - Loading BiasImage from /Users/kaiwenzhang/PycharmProjects/KCWI/KCWI_RED_channel_characterization/RM1 pypeit run/2024-03-15/pypeit_run/keck_kcrm_B/Calibrations/Bias_B_1_DET01.fits
[1;38;2;253;174;97m [WARNING][0m - [38;2;116;173;209mcalibrations.py:get_dark:606[0m - No raw dark frames found and unable to identify a relevant processed calibration frame.  Continuing...
[1;38;2;49;54;149m    [INFO][0m - [38;2;116;173;209mkeck_kcwi.py:get_rawimage:1426[0m - Reading KCWI file: /Users/kaiwenzhang/PycharmProjects/KCWI/KCWI_RED_channel_characterization/fits/by_night/RM1/2024-03-15/KR.20240316.43959.32.fits
[1;38;2;49;54;149m    [INFO][0m - [38;2;116;173;209mdatamodel.py:from_file:1558[0m - Loading ArcImage from /Users/kaiwenzhang/PycharmProjects/KCWI/KCWI_RED_channel_characterization/RM1 pypeit run/2024-03-15/pypeit_run/keck_kcrm_B/Calibrations/Arc_B_1_DET01.fits
[1;38;2;49;54;149m    [INFO][0m - [38;2;116;173;209mdatamodel.py:from_file:1558[0m - Loading TiltImage from /Users/kaiwenzhang/PycharmProjects/KCWI/KCWI_RED_channel_characterization/RM1 pypeit run/2024-03-15/pypeit_run/keck_kcrm_B/Calibrations/Tiltimg_B_1_DET01.fits
[1;38;2;49;54;149m    [INFO][0m - [38;2;116;173;209mdatamodel.py:from_file:1558[0m - Loading SlitTraceSet from /Users/kaiwenzhang/PycharmProjects/KCWI/KCWI_RED_channel_characterization/RM1 pypeit run/2024-03-15/pypeit_run/keck_kcrm_B/Calibrations/Slits_B_1_DET01.fits.gz
[1;38;2;49;54;149m    [INFO][0m - [38;2;116;173;209mdatamodel.py:from_file:1558[0m - Loading WaveCalib from /Users/kaiwenzhang/PycharmProjects/KCWI/KCWI_RED_channel_characterization/RM1 pypeit run/2024-03-15/pypeit_run/keck_kcrm_B/Calibrations/WaveCalib_B_1_DET01.fits
[1;38;2;49;54;149m    [INFO][0m - [38;2;116;173;209mdatamodel.py:from_file:1558[0m - Loading WaveTilts from /Users/kaiwenzhang/PycharmProjects/KCWI/KCWI_RED_channel_characterization/RM1 pypeit run/2024-03-15/pypeit_run/keck_kcrm_B/Calibrations/Tilts_B_1_DET01.fits
[1;38;2;49;54;149m    [INFO][0m - [38;2;116;173;209mdatamodel.py:from_file:1558[0m - Loading Alignments from /Users/kaiwenzhang/PycharmProjects/KCWI/KCWI_RED_channel_characterization/RM1 pypeit run/2024-03-15/pypeit_run/keck_kcrm_B/Calibrations/Alignment_B_1_DET01.fits
[1;38;2;49;54;149m    [INFO][0m - [38;2;116;173;209mdatamodel.py:from_file:1558[0m - Loading ScatteredLight from /Users/kaiwenzhang/PycharmProjects/KCWI/KCWI_RED_channel_characterization/RM1 pypeit run/2024-03-15/pypeit_run/keck_kcrm_B/Calibrations/ScatteredLight_B_1_DET01.fits.gz
[1;38;2;49;54;149m    [INFO][0m - [38;2;116;173;209mdatamodel.py:from_file:1558[0m - Loading FlatImages from /Users/kaiwenzhang/PycharmProjects/KCWI/KCWI_RED_channel_characterization/RM1 pypeit run/2024-03-15/pypeit_run/keck_kcrm_B/Calibrations/Flat_B_1_DET01.fits
[1;38;2;49;54;149m    [INFO][0m - [38;2;116;173;209mcalibrations.py:run_the_steps:1459[0m - Calibration complete and/or fully loaded!
[1;38;2;49;54;149m    [INFO][0m - [38;2;116;173;209mcalibrations.py:run_the_steps:1460[0m - #######################################################################
[1;38;2;49;54;149m    [INFO][0m - [38;2;116;173;209mpypeit_steps.py:findobj_on_det:387[0m - Reducing detector 1
[1;38;2;49;54;149m    [INFO][0m - [38;2;116;173;209mpypeit_steps.py:load_skyregions:606[0m - Generating skysub mask based on the user defined regions: :36,65:
[1;38;2;49;54;149m    [INFO][0m - [38;2;116;173;209mfind_objects.py:__init__:164[0m - Initializing slits
[1;38;2;49;54;149m    [INFO][0m - [38;2;116;173;209mfind_objects.py:__init__:232[0m - Generating tilts image from fit in waveTilts
[1;38;2;49;54;149m    [INFO][0m - [38;2;116;173;209mwavetilts.py:fit2tiltimg:143[0m - Generating a tilts image from the fit parameters
[1;38;2;49;54;149m    [INFO][0m - [38;2;116;173;209mfind_objects.py:global_skysub:583[0m - Global sky subtraction for slit: 61
[1;38;2;49;54;149m    [INFO][0m - [38;2;116;173;209mskysub.py:global_skysub:195[0m - Full fit in global sky sub.
[1;38;2;49;54;149m    [INFO][0m - [38;2;116;173;209mfitting.py:bspline_profile:1156[0m - B-spline fit:
[1;38;2;49;54;149m    [INFO][0m - [38;2;116;173;209mfitting.py:bspline_profile:1157[0m -     npoly = 2 profile basis functions
[1;38;2;49;54;149m    [INFO][0m - [38;2;116;173;209mfitting.py:bspline_profile:1158[0m -     ngood = 89432/144189 measurements
[1;38;2;49;54;149m    [INFO][0m - [38;2;116;173;209mfitting.py:bspline_profile:1159[0m - ***************** Iter     Chi^2    N Rej  R. Fac *****************
[1;38;2;49;54;149m    [INFO][0m - [38;2;116;173;209mfitting.py:bspline_profile:1163[0m -                   ----  --------  -------  ------                  
[1;38;2;49;54;149m    [INFO][0m - [38;2;116;173;209mfitting.py:bspline_profile:1257[0m -                      1     0.943    54846    1.00                  
[1;38;2;49;54;149m    [INFO][0m - [38;2;116;173;209mfitting.py:bspline_profile:1257[0m -                      2     0.930    54846    1.00                  
[1;38;2;49;54;149m    [INFO][0m - [38;2;116;173;209mfitting.py:bspline_profile:1272[0m -                   DONE     0.930    54846    1.00                  
[1;38;2;49;54;149m    [INFO][0m - [38;2;116;173;209mfitting.py:bspline_profile:1275[0m - *******************************************************************
[1;38;2;49;54;149m    [INFO][0m - [38;2;116;173;209mfind_objects.py:global_skysub:583[0m - Global sky subtraction for slit: 142
[1;38;2;49;54;149m    [INFO][0m - [38;2;116;173;209mskysub.py:global_skysub:195[0m - Full fit in global sky sub.
[1;38;2;49;54;149m    [INFO][0m - [38;2;116;173;209mfitting.py:bspline_profile:1156[0m - B-spline fit:
[1;38;2;49;54;149m    [INFO][0m - [38;2;116;173;209mfitting.py:bspline_profile:1157[0m -     npoly = 2 profile basis functions
[1;38;2;49;54;149m    [INFO][0m - [38;2;116;173;209mfitting.py:bspline_profile:1158[0m -     ngood = 90091/144419 measurements
[1;38;2;49;54;149m    [INFO][0m - [38;2;116;173;209mfitting.py:bspline_profile:1159[0m - ***************** Iter     Chi^2    N Rej  R. Fac *****************
[1;38;2;49;54;149m    [INFO][0m - [38;2;116;173;209mfitting.py:bspline_profile:1163[0m -                   ----  --------  -------  ------                  
[1;38;2;49;54;149m    [INFO][0m - [38;2;116;173;209mfitting.py:bspline_profile:1257[0m -                      1     0.919    54407    1.00                  
[1;38;2;49;54;149m    [INFO][0m - [38;2;116;173;209mfitting.py:bspline_profile:1257[0m -                      2     0.908    54408    1.00                  
[1;38;2;49;54;149m    [INFO][0m - [38;2;116;173;209mfitting.py:bspline_profile:1257[0m -                      3     0.908    54408    1.00                  
[1;38;2;49;54;149m    [INFO][0m - [38;2;116;173;209mfitting.py:bspline_profile:1272[0m -                   DONE     0.908    54408    1.00                  
[1;38;2;49;54;149m    [INFO][0m - [38;2;116;173;209mfitting.py:bspline_profile:1275[0m - *******************************************************************
[1;38;2;49;54;149m    [INFO][0m - [38;2;116;173;209mfind_objects.py:global_skysub:583[0m - Global sky subtraction for slit: 217
[1;38;2;49;54;149m    [INFO][0m - [38;2;116;173;209mskysub.py:global_skysub:195[0m - Full fit in global sky sub.
[1;38;2;49;54;149m    [INFO][0m - [38;2;116;173;209mfitting.py:bspline_profile:1156[0m - B-spline fit:
[1;38;2;49;54;149m    [INFO][0m - [38;2;116;173;209mfitting.py:bspline_profile:1157[0m -     npoly = 2 profile basis functions
[1;38;2;49;54;149m    [INFO][0m - [38;2;116;173;209mfitting.py:bspline_profile:1158[0m -     ngood = 90453/144775 measurements
[1;38;2;49;54;149m    [INFO][0m - [38;2;116;173;209mfitting.py:bspline_profile:1159[0m - ***************** Iter     Chi^2    N Rej  R. Fac *****************
[1;38;2;49;54;149m    [INFO][0m - [38;2;116;173;209mfitting.py:bspline_profile:1163[0m -                   ----  --------  -------  ------                  
[1;38;2;49;54;149m    [INFO][0m - [38;2;116;173;209mfitting.py:bspline_profile:1257[0m -                      1     0.915    54393    1.00                  
[1;38;2;49;54;149m    [INFO][0m - [38;2;116;173;209mfitting.py:bspline_profile:1257[0m -                      2     0.905    54393    1.00                  
[1;38;2;49;54;149m    [INFO][0m - [38;2;116;173;209mfitting.py:bspline_profile:1272[0m -                   DONE     0.905    54393    1.00                  
[1;38;2;49;54;149m    [INFO][0m - [38;2;116;173;209mfitting.py:bspline_profile:1275[0m - *******************************************************************
[1;38;2;49;54;149m    [INFO][0m - [38;2;116;173;209mfind_objects.py:global_skysub:583[0m - Global sky subtraction for slit: 296
[1;38;2;49;54;149m    [INFO][0m - [38;2;116;173;209mskysub.py:global_skysub:195[0m - Full fit in global sky sub.
[1;38;2;49;54;149m    [INFO][0m - [38;2;116;173;209mfitting.py:bspline_profile:1156[0m - B-spline fit:
[1;38;2;49;54;149m    [INFO][0m - [38;2;116;173;209mfitting.py:bspline_profile:1157[0m -     npoly = 2 profile basis functions
[1;38;2;49;54;149m    [INFO][0m - [38;2;116;173;209mfitting.py:bspline_profile:1158[0m -     ngood = 90215/144591 measurements
[1;38;2;49;54;149m    [INFO][0m - [38;2;116;173;209mfitting.py:bspline_profile:1159[0m - ***************** Iter     Chi^2    N Rej  R. Fac *****************
[1;38;2;49;54;149m    [INFO][0m - [38;2;116;173;209mfitting.py:bspline_profile:1163[0m -                   ----  --------  -------  ------                  
[1;38;2;49;54;149m    [INFO][0m - [38;2;116;173;209mfitting.py:bspline_profile:1257[0m -                      1     0.918    54448    1.00                  
[1;38;2;49;54;149m    [INFO][0m - [38;2;116;173;209mfitting.py:bspline_profile:1257[0m -                      2     0.908    54449    1.00                  
[1;38;2;49;54;149m    [INFO][0m - [38;2;116;173;209mfitting.py:bspline_profile:1257[0m -                      3     0.908    54449    1.00                  
[1;38;2;49;54;149m    [INFO][0m - [38;2;116;173;209mfitting.py:bspline_profile:1272[0m -                   DONE     0.908    54449    1.00                  
[1;38;2;49;54;149m    [INFO][0m - [38;2;116;173;209mfitting.py:bspline_profile:1275[0m - *******************************************************************
[1;38;2;49;54;149m    [INFO][0m - [38;2;116;173;209mfind_objects.py:global_skysub:583[0m - Global sky subtraction for slit: 370
[1;38;2;49;54;149m    [INFO][0m - [38;2;116;173;209mskysub.py:global_skysub:195[0m - Full fit in global sky sub.
[1;38;2;49;54;149m    [INFO][0m - [38;2;116;173;209mfitting.py:bspline_profile:1156[0m - B-spline fit:
[1;38;2;49;54;149m    [INFO][0m - [38;2;116;173;209mfitting.py:bspline_profile:1157[0m -     npoly = 2 profile basis functions
[1;38;2;49;54;149m    [INFO][0m - [38;2;116;173;209mfitting.py:bspline_profile:1158[0m -     ngood = 90486/144580 measurements
[1;38;2;49;54;149m    [INFO][0m - [38;2;116;173;209mfitting.py:bspline_profile:1159[0m - ***************** Iter     Chi^2    N Rej  R. Fac *****************
[1;38;2;49;54;149m    [INFO][0m - [38;2;116;173;209mfitting.py:bspline_profile:1163[0m -                   ----  --------  -------  ------                  
[1;38;2;49;54;149m    [INFO][0m - [38;2;116;173;209mfitting.py:bspline_profile:1257[0m -                      1     0.910    54155    1.00                  
[1;38;2;49;54;149m    [INFO][0m - [38;2;116;173;209mfitting.py:bspline_profile:1257[0m -                      2     0.902    54156    1.00                  
[1;38;2;49;54;149m    [INFO][0m - [38;2;116;173;209mfitting.py:bspline_profile:1257[0m -                      3     0.902    54156    1.00                  
[1;38;2;49;54;149m    [INFO][0m - [38;2;116;173;209mfitting.py:bspline_profile:1272[0m -                   DONE     0.902    54156    1.00                  
[1;38;2;49;54;149m    [INFO][0m - [38;2;116;173;209mfitting.py:bspline_profile:1275[0m - *******************************************************************
[1;38;2;49;54;149m    [INFO][0m - [38;2;116;173;209mfind_objects.py:global_skysub:583[0m - Global sky subtraction for slit: 445
[1;38;2;49;54;149m    [INFO][0m - [38;2;116;173;209mskysub.py:global_skysub:195[0m - Full fit in global sky sub.
[1;38;2;49;54;149m    [INFO][0m - [38;2;116;173;209mfitting.py:bspline_profile:1156[0m - B-spline fit:
[1;38;2;49;54;149m    [INFO][0m - [38;2;116;173;209mfitting.py:bspline_profile:1157[0m -     npoly = 2 profile basis functions
[1;38;2;49;54;149m    [INFO][0m - [38;2;116;173;209mfitting.py:bspline_profile:1158[0m -     ngood = 90007/144672 measurements
[1;38;2;49;54;149m    [INFO][0m - [38;2;116;173;209mfitting.py:bspline_profile:1159[0m - ***************** Iter     Chi^2    N Rej  R. Fac *****************
[1;38;2;49;54;149m    [INFO][0m - [38;2;116;173;209mfitting.py:bspline_profile:1163[0m -                   ----  --------  -------  ------                  
[1;38;2;49;54;149m    [INFO][0m - [38;2;116;173;209mfitting.py:bspline_profile:1257[0m -                      1     0.908    54737    1.00                  
[1;38;2;49;54;149m    [INFO][0m - [38;2;116;173;209mfitting.py:bspline_profile:1257[0m -                      2     0.898    54738    1.00                  
[1;38;2;49;54;149m    [INFO][0m - [38;2;116;173;209mfitting.py:bspline_profile:1257[0m -                      3     0.898    54738    1.00                  
[1;38;2;49;54;149m    [INFO][0m - [38;2;116;173;209mfitting.py:bspline_profile:1272[0m -                   DONE     0.898    54738    1.00                  
[1;38;2;49;54;149m    [INFO][0m - [38;2;116;173;209mfitting.py:bspline_profile:1275[0m - *******************************************************************
[1;38;2;49;54;149m    [INFO][0m - [38;2;116;173;209mfind_objects.py:global_skysub:583[0m - Global sky subtraction for slit: 518
[1;38;2;49;54;149m    [INFO][0m - [38;2;116;173;209mskysub.py:global_skysub:195[0m - Full fit in global sky sub.
[1;38;2;49;54;149m    [INFO][0m - [38;2;116;173;209mfitting.py:bspline_profile:1156[0m - B-spline fit:
[1;38;2;49;54;149m    [INFO][0m - [38;2;116;173;209mfitting.py:bspline_profile:1157[0m -     npoly = 2 profile basis functions
[1;38;2;49;54;149m    [INFO][0m - [38;2;116;173;209mfitting.py:bspline_profile:1158[0m -     ngood = 90372/144509 measurements
[1;38;2;49;54;149m    [INFO][0m - [38;2;116;173;209mfitting.py:bspline_profile:1159[0m - ***************** Iter     Chi^2    N Rej  R. Fac *****************
[1;38;2;49;54;149m    [INFO][0m - [38;2;116;173;209mfitting.py:bspline_profile:1163[0m -                   ----  --------  -------  ------                  
[1;38;2;49;54;149m    [INFO][0m - [38;2;116;173;209mfitting.py:bspline_profile:1257[0m -                      1     0.911    54192    1.00                  
[1;38;2;49;54;149m    [INFO][0m - [38;2;116;173;209mfitting.py:bspline_profile:1257[0m -                      2     0.903    54194    1.00                  
[1;38;2;49;54;149m    [INFO][0m - [38;2;116;173;209mfitting.py:bspline_profile:1257[0m -                      3     0.903    54194    1.00                  
[1;38;2;49;54;149m    [INFO][0m - [38;2;116;173;209mfitting.py:bspline_profile:1272[0m -                   DONE     0.903    54194    1.00                  
[1;38;2;49;54;149m    [INFO][0m - [38;2;116;173;209mfitting.py:bspline_profile:1275[0m - *******************************************************************
[1;38;2;49;54;149m    [INFO][0m - [38;2;116;173;209mfind_objects.py:global_skysub:583[0m - Global sky subtraction for slit: 591
[1;38;2;49;54;149m    [INFO][0m - [38;2;116;173;209mskysub.py:global_skysub:195[0m - Full fit in global sky sub.
[1;38;2;49;54;149m    [INFO][0m - [38;2;116;173;209mfitting.py:bspline_profile:1156[0m - B-spline fit:
[1;38;2;49;54;149m    [INFO][0m - [38;2;116;173;209mfitting.py:bspline_profile:1157[0m -     npoly = 2 profile basis functions
[1;38;2;49;54;149m    [INFO][0m - [38;2;116;173;209mfitting.py:bspline_profile:1158[0m -     ngood = 90598/144791 measurements
[1;38;2;49;54;149m    [INFO][0m - [38;2;116;173;209mfitting.py:bspline_profile:1159[0m - ***************** Iter     Chi^2    N Rej  R. Fac *****************
[1;38;2;49;54;149m    [INFO][0m - [38;2;116;173;209mfitting.py:bspline_profile:1163[0m -                   ----  --------  -------  ------                  
[1;38;2;49;54;149m    [INFO][0m - [38;2;116;173;209mfitting.py:bspline_profile:1257[0m -                      1     0.914    54279    1.00                  
[1;38;2;49;54;149m    [INFO][0m - [38;2;116;173;209mfitting.py:bspline_profile:1257[0m -                      2     0.901    54280    1.00                  
[1;38;2;49;54;149m    [INFO][0m - [38;2;116;173;209mfitting.py:bspline_profile:1257[0m -                      3     0.901    54280    1.00                  
[1;38;2;49;54;149m    [INFO][0m - [38;2;116;173;209mfitting.py:bspline_profile:1272[0m -                   DONE     0.901    54280    1.00                  
[1;38;2;49;54;149m    [INFO][0m - [38;2;116;173;209mfitting.py:bspline_profile:1275[0m - *******************************************************************
[1;38;2;49;54;149m    [INFO][0m - [38;2;116;173;209mfind_objects.py:global_skysub:583[0m - Global sky subtraction for slit: 664
[1;38;2;49;54;149m    [INFO][0m - [38;2;116;173;209mskysub.py:global_skysub:195[0m - Full fit in global sky sub.
[1;38;2;49;54;149m    [INFO][0m - [38;2;116;173;209mfitting.py:bspline_profile:1156[0m - B-spline fit:
[1;38;2;49;54;149m    [INFO][0m - [38;2;116;173;209mfitting.py:bspline_profile:1157[0m -     npoly = 2 profile basis functions
[1;38;2;49;54;149m    [INFO][0m - [38;2;116;173;209mfitting.py:bspline_profile:1158[0m -     ngood = 90289/144778 measurements
[1;38;2;49;54;149m    [INFO][0m - [38;2;116;173;209mfitting.py:bspline_profile:1159[0m - ***************** Iter     Chi^2    N Rej  R. Fac *****************
[1;38;2;49;54;149m    [INFO][0m - [38;2;116;173;209mfitting.py:bspline_profile:1163[0m -                   ----  --------  -------  ------                  
[1;38;2;49;54;149m    [INFO][0m - [38;2;116;173;209mfitting.py:bspline_profile:1257[0m -                      1     0.921    54559    1.00                  
[1;38;2;49;54;149m    [INFO][0m - [38;2;116;173;209mfitting.py:bspline_profile:1257[0m -                      2     0.911    54560    1.00                  
[1;38;2;49;54;149m    [INFO][0m - [38;2;116;173;209mfitting.py:bspline_profile:1257[0m -                      3     0.911    54560    1.00                  
[1;38;2;49;54;149m    [INFO][0m - [38;2;116;173;209mfitting.py:bspline_profile:1272[0m -                   DONE     0.911    54560    1.00                  
[1;38;2;49;54;149m    [INFO][0m - [38;2;116;173;209mfitting.py:bspline_profile:1275[0m - *******************************************************************
[1;38;2;49;54;149m    [INFO][0m - [38;2;116;173;209mfind_objects.py:global_skysub:583[0m - Global sky subtraction for slit: 739
[1;38;2;49;54;149m    [INFO][0m - [38;2;116;173;209mskysub.py:global_skysub:195[0m - Full fit in global sky sub.
[1;38;2;49;54;149m    [INFO][0m - [38;2;116;173;209mfitting.py:bspline_profile:1156[0m - B-spline fit:
[1;38;2;49;54;149m    [INFO][0m - [38;2;116;173;209mfitting.py:bspline_profile:1157[0m -     npoly = 2 profile basis functions
[1;38;2;49;54;149m    [INFO][0m - [38;2;116;173;209mfitting.py:bspline_profile:1158[0m -     ngood = 90060/144884 measurements
[1;38;2;49;54;149m    [INFO][0m - [38;2;116;173;209mfitting.py:bspline_profile:1159[0m - ***************** Iter     Chi^2    N Rej  R. Fac *****************
[1;38;2;49;54;149m    [INFO][0m - [38;2;116;173;209mfitting.py:bspline_profile:1163[0m -                   ----  --------  -------  ------                  
[1;38;2;49;54;149m    [INFO][0m - [38;2;116;173;209mfitting.py:bspline_profile:1257[0m -                      1     0.939    54911    1.00                  
[1;38;2;49;54;149m    [INFO][0m - [38;2;116;173;209mfitting.py:bspline_profile:1257[0m -                      2     0.927    54911    1.00                  
[1;38;2;49;54;149m    [INFO][0m - [38;2;116;173;209mfitting.py:bspline_profile:1272[0m -                   DONE     0.927    54911    1.00                  
[1;38;2;49;54;149m    [INFO][0m - [38;2;116;173;209mfitting.py:bspline_profile:1275[0m - *******************************************************************
[1;38;2;49;54;149m    [INFO][0m - [38;2;116;173;209mfind_objects.py:global_skysub:583[0m - Global sky subtraction for slit: 812
[1;38;2;49;54;149m    [INFO][0m - [38;2;116;173;209mskysub.py:global_skysub:195[0m - Full fit in global sky sub.
[1;38;2;49;54;149m    [INFO][0m - [38;2;116;173;209mfitting.py:bspline_profile:1156[0m - B-spline fit:
[1;38;2;49;54;149m    [INFO][0m - [38;2;116;173;209mfitting.py:bspline_profile:1157[0m -     npoly = 2 profile basis functions
[1;38;2;49;54;149m    [INFO][0m - [38;2;116;173;209mfitting.py:bspline_profile:1158[0m -     ngood = 90222/144693 measurements
[1;38;2;49;54;149m    [INFO][0m - [38;2;116;173;209mfitting.py:bspline_profile:1159[0m - ***************** Iter     Chi^2    N Rej  R. Fac *****************
[1;38;2;49;54;149m    [INFO][0m - [38;2;116;173;209mfitting.py:bspline_profile:1163[0m -                   ----  --------  -------  ------                  
[1;38;2;49;54;149m    [INFO][0m - [38;2;116;173;209mfitting.py:bspline_profile:1257[0m -                      1     0.974    54583    1.00                  
[1;38;2;49;54;149m    [INFO][0m - [38;2;116;173;209mfitting.py:bspline_profile:1257[0m -                      2     0.959    54585    1.00                  
[1;38;2;49;54;149m    [INFO][0m - [38;2;116;173;209mfitting.py:bspline_profile:1257[0m -                      3     0.959    54585    1.00                  
[1;38;2;49;54;149m    [INFO][0m - [38;2;116;173;209mfitting.py:bspline_profile:1272[0m -                   DONE     0.959    54585    1.00                  
[1;38;2;49;54;149m    [INFO][0m - [38;2;116;173;209mfitting.py:bspline_profile:1275[0m - *******************************************************************
[1;38;2;49;54;149m    [INFO][0m - [38;2;116;173;209mfind_objects.py:global_skysub:583[0m - Global sky subtraction for slit: 886
[1;38;2;49;54;149m    [INFO][0m - [38;2;116;173;209mskysub.py:global_skysub:195[0m - Full fit in global sky sub.
[1;38;2;49;54;149m    [INFO][0m - [38;2;116;173;209mfitting.py:bspline_profile:1156[0m - B-spline fit:
[1;38;2;49;54;149m    [INFO][0m - [38;2;116;173;209mfitting.py:bspline_profile:1157[0m -     npoly = 2 profile basis functions
[1;38;2;49;54;149m    [INFO][0m - [38;2;116;173;209mfitting.py:bspline_profile:1158[0m -     ngood = 90419/145125 measurements
[1;38;2;49;54;149m    [INFO][0m - [38;2;116;173;209mfitting.py:bspline_profile:1159[0m - ***************** Iter     Chi^2    N Rej  R. Fac *****************
[1;38;2;49;54;149m    [INFO][0m - [38;2;116;173;209mfitting.py:bspline_profile:1163[0m -                   ----  --------  -------  ------                  
[1;38;2;49;54;149m    [INFO][0m - [38;2;116;173;209mfitting.py:bspline_profile:1257[0m -                      1     1.157    55140    1.00                  
[1;38;2;49;54;149m    [INFO][0m - [38;2;116;173;209mfitting.py:bspline_profile:1257[0m -                      2     1.096    55155    1.00                  
[1;38;2;49;54;149m    [INFO][0m - [38;2;116;173;209mfitting.py:bspline_profile:1257[0m -                      3     1.094    55156    1.00                  
[1;38;2;49;54;149m    [INFO][0m - [38;2;116;173;209mfitting.py:bspline_profile:1257[0m -                      4     1.094    55156    1.00                  
[1;38;2;49;54;149m    [INFO][0m - [38;2;116;173;209mfitting.py:bspline_profile:1272[0m -                   DONE     1.094    55156    1.00                  
[1;38;2;49;54;149m    [INFO][0m - [38;2;116;173;209mfitting.py:bspline_profile:1275[0m - *******************************************************************
[1;38;2;49;54;149m    [INFO][0m - [38;2;116;173;209mfind_objects.py:global_skysub:583[0m - Global sky subtraction for slit: 1164
[1;38;2;49;54;149m    [INFO][0m - [38;2;116;173;209mskysub.py:global_skysub:195[0m - Full fit in global sky sub.
[1;38;2;49;54;149m    [INFO][0m - [38;2;116;173;209mfitting.py:bspline_profile:1156[0m - B-spline fit:
[1;38;2;49;54;149m    [INFO][0m - [38;2;116;173;209mfitting.py:bspline_profile:1157[0m -     npoly = 2 profile basis functions
[1;38;2;49;54;149m    [INFO][0m - [38;2;116;173;209mfitting.py:bspline_profile:1158[0m -     ngood = 90872/145334 measurements
[1;38;2;49;54;149m    [INFO][0m - [38;2;116;173;209mfitting.py:bspline_profile:1159[0m - ***************** Iter     Chi^2    N Rej  R. Fac *****************
[1;38;2;49;54;149m    [INFO][0m - [38;2;116;173;209mfitting.py:bspline_profile:1163[0m -                   ----  --------  -------  ------                  
[1;38;2;49;54;149m    [INFO][0m - [38;2;116;173;209mfitting.py:bspline_profile:1257[0m -                      1     1.160    54903    1.00                  
[1;38;2;49;54;149m    [INFO][0m - [38;2;116;173;209mfitting.py:bspline_profile:1257[0m -                      2     1.099    54922    1.00                  
[1;38;2;49;54;149m    [INFO][0m - [38;2;116;173;209mfitting.py:bspline_profile:1257[0m -                      3     1.096    54923    1.00                  
[1;38;2;49;54;149m    [INFO][0m - [38;2;116;173;209mfitting.py:bspline_profile:1257[0m -                      4     1.096    54923    1.00                  
[1;38;2;49;54;149m    [INFO][0m - [38;2;116;173;209mfitting.py:bspline_profile:1272[0m -                   DONE     1.096    54923    1.00                  
[1;38;2;49;54;149m    [INFO][0m - [38;2;116;173;209mfitting.py:bspline_profile:1275[0m - *******************************************************************
[1;38;2;49;54;149m    [INFO][0m - [38;2;116;173;209mfind_objects.py:global_skysub:583[0m - Global sky subtraction for slit: 1238
[1;38;2;49;54;149m    [INFO][0m - [38;2;116;173;209mskysub.py:global_skysub:195[0m - Full fit in global sky sub.
[1;38;2;49;54;149m    [INFO][0m - [38;2;116;173;209mfitting.py:bspline_profile:1156[0m - B-spline fit:
[1;38;2;49;54;149m    [INFO][0m - [38;2;116;173;209mfitting.py:bspline_profile:1157[0m -     npoly = 2 profile basis functions
[1;38;2;49;54;149m    [INFO][0m - [38;2;116;173;209mfitting.py:bspline_profile:1158[0m -     ngood = 90855/145426 measurements
[1;38;2;49;54;149m    [INFO][0m - [38;2;116;173;209mfitting.py:bspline_profile:1159[0m - ***************** Iter     Chi^2    N Rej  R. Fac *****************
[1;38;2;49;54;149m    [INFO][0m - [38;2;116;173;209mfitting.py:bspline_profile:1163[0m -                   ----  --------  -------  ------                  
[1;38;2;49;54;149m    [INFO][0m - [38;2;116;173;209mfitting.py:bspline_profile:1257[0m -                      1     0.988    54696    1.00                  
[1;38;2;49;54;149m    [INFO][0m - [38;2;116;173;209mfitting.py:bspline_profile:1257[0m -                      2     0.970    54697    1.00                  
[1;38;2;49;54;149m    [INFO][0m - [38;2;116;173;209mfitting.py:bspline_profile:1257[0m -                      3     0.970    54697    1.00                  
[1;38;2;49;54;149m    [INFO][0m - [38;2;116;173;209mfitting.py:bspline_profile:1272[0m -                   DONE     0.970    54697    1.00                  
[1;38;2;49;54;149m    [INFO][0m - [38;2;116;173;209mfitting.py:bspline_profile:1275[0m - *******************************************************************
[1;38;2;49;54;149m    [INFO][0m - [38;2;116;173;209mfind_objects.py:global_skysub:583[0m - Global sky subtraction for slit: 1312
[1;38;2;49;54;149m    [INFO][0m - [38;2;116;173;209mskysub.py:global_skysub:195[0m - Full fit in global sky sub.
[1;38;2;49;54;149m    [INFO][0m - [38;2;116;173;209mfitting.py:bspline_profile:1156[0m - B-spline fit:
[1;38;2;49;54;149m    [INFO][0m - [38;2;116;173;209mfitting.py:bspline_profile:1157[0m -     npoly = 2 profile basis functions
[1;38;2;49;54;149m    [INFO][0m - [38;2;116;173;209mfitting.py:bspline_profile:1158[0m -     ngood = 91035/145438 measurements
[1;38;2;49;54;149m    [INFO][0m - [38;2;116;173;209mfitting.py:bspline_profile:1159[0m - ***************** Iter     Chi^2    N Rej  R. Fac *****************
[1;38;2;49;54;149m    [INFO][0m - [38;2;116;173;209mfitting.py:bspline_profile:1163[0m -                   ----  --------  -------  ------                  
[1;38;2;49;54;149m    [INFO][0m - [38;2;116;173;209mfitting.py:bspline_profile:1257[0m -                      1     0.935    54496    1.00                  
[1;38;2;49;54;149m    [INFO][0m - [38;2;116;173;209mfitting.py:bspline_profile:1257[0m -                      2     0.922    54496    1.00                  
[1;38;2;49;54;149m    [INFO][0m - [38;2;116;173;209mfitting.py:bspline_profile:1272[0m -                   DONE     0.922    54496    1.00                  
[1;38;2;49;54;149m    [INFO][0m - [38;2;116;173;209mfitting.py:bspline_profile:1275[0m - *******************************************************************
[1;38;2;49;54;149m    [INFO][0m - [38;2;116;173;209mfind_objects.py:global_skysub:583[0m - Global sky subtraction for slit: 1386
[1;38;2;49;54;149m    [INFO][0m - [38;2;116;173;209mskysub.py:global_skysub:195[0m - Full fit in global sky sub.
[1;38;2;49;54;149m    [INFO][0m - [38;2;116;173;209mfitting.py:bspline_profile:1156[0m - B-spline fit:
[1;38;2;49;54;149m    [INFO][0m - [38;2;116;173;209mfitting.py:bspline_profile:1157[0m -     npoly = 2 profile basis functions
[1;38;2;49;54;149m    [INFO][0m - [38;2;116;173;209mfitting.py:bspline_profile:1158[0m -     ngood = 91092/145651 measurements
[1;38;2;49;54;149m    [INFO][0m - [38;2;116;173;209mfitting.py:bspline_profile:1159[0m - ***************** Iter     Chi^2    N Rej  R. Fac *****************
[1;38;2;49;54;149m    [INFO][0m - [38;2;116;173;209mfitting.py:bspline_profile:1163[0m -                   ----  --------  -------  ------                  
[1;38;2;49;54;149m    [INFO][0m - [38;2;116;173;209mfitting.py:bspline_profile:1257[0m -                      1     0.922    54671    1.00                  
[1;38;2;49;54;149m    [INFO][0m - [38;2;116;173;209mfitting.py:bspline_profile:1257[0m -                      2     0.906    54671    1.00                  
[1;38;2;49;54;149m    [INFO][0m - [38;2;116;173;209mfitting.py:bspline_profile:1272[0m -                   DONE     0.906    54671    1.00                  
[1;38;2;49;54;149m    [INFO][0m - [38;2;116;173;209mfitting.py:bspline_profile:1275[0m - *******************************************************************
[1;38;2;49;54;149m    [INFO][0m - [38;2;116;173;209mfind_objects.py:global_skysub:583[0m - Global sky subtraction for slit: 1459
[1;38;2;49;54;149m    [INFO][0m - [38;2;116;173;209mskysub.py:global_skysub:195[0m - Full fit in global sky sub.
[1;38;2;49;54;149m    [INFO][0m - [38;2;116;173;209mfitting.py:bspline_profile:1156[0m - B-spline fit:
[1;38;2;49;54;149m    [INFO][0m - [38;2;116;173;209mfitting.py:bspline_profile:1157[0m -     npoly = 2 profile basis functions
[1;38;2;49;54;149m    [INFO][0m - [38;2;116;173;209mfitting.py:bspline_profile:1158[0m -     ngood = 90166/145127 measurements
[1;38;2;49;54;149m    [INFO][0m - [38;2;116;173;209mfitting.py:bspline_profile:1159[0m - ***************** Iter     Chi^2    N Rej  R. Fac *****************
[1;38;2;49;54;149m    [INFO][0m - [38;2;116;173;209mfitting.py:bspline_profile:1163[0m -                   ----  --------  -------  ------                  
[1;38;2;49;54;149m    [INFO][0m - [38;2;116;173;209mfitting.py:bspline_profile:1257[0m -                      1     0.919    55045    1.00                  
[1;38;2;49;54;149m    [INFO][0m - [38;2;116;173;209mfitting.py:bspline_profile:1257[0m -                      2     0.906    55046    1.00                  
[1;38;2;49;54;149m    [INFO][0m - [38;2;116;173;209mfitting.py:bspline_profile:1257[0m -                      3     0.906    55046    1.00                  
[1;38;2;49;54;149m    [INFO][0m - [38;2;116;173;209mfitting.py:bspline_profile:1272[0m -                   DONE     0.906    55046    1.00                  
[1;38;2;49;54;149m    [INFO][0m - [38;2;116;173;209mfitting.py:bspline_profile:1275[0m - *******************************************************************
[1;38;2;49;54;149m    [INFO][0m - [38;2;116;173;209mfind_objects.py:global_skysub:583[0m - Global sky subtraction for slit: 1534
[1;38;2;49;54;149m    [INFO][0m - [38;2;116;173;209mskysub.py:global_skysub:195[0m - Full fit in global sky sub.
[1;38;2;49;54;149m    [INFO][0m - [38;2;116;173;209mfitting.py:bspline_profile:1156[0m - B-spline fit:
[1;38;2;49;54;149m    [INFO][0m - [38;2;116;173;209mfitting.py:bspline_profile:1157[0m -     npoly = 2 profile basis functions
[1;38;2;49;54;149m    [INFO][0m - [38;2;116;173;209mfitting.py:bspline_profile:1158[0m -     ngood = 90268/144938 measurements
[1;38;2;49;54;149m    [INFO][0m - [38;2;116;173;209mfitting.py:bspline_profile:1159[0m - ***************** Iter     Chi^2    N Rej  R. Fac *****************
[1;38;2;49;54;149m    [INFO][0m - [38;2;116;173;209mfitting.py:bspline_profile:1163[0m -                   ----  --------  -------  ------                  
[1;38;2;49;54;149m    [INFO][0m - [38;2;116;173;209mfitting.py:bspline_profile:1257[0m -                      1     0.916    54767    1.00                  
[1;38;2;49;54;149m    [INFO][0m - [38;2;116;173;209mfitting.py:bspline_profile:1257[0m -                      2     0.902    54767    1.00                  
[1;38;2;49;54;149m    [INFO][0m - [38;2;116;173;209mfitting.py:bspline_profile:1272[0m -                   DONE     0.902    54767    1.00                  
[1;38;2;49;54;149m    [INFO][0m - [38;2;116;173;209mfitting.py:bspline_profile:1275[0m - *******************************************************************
[1;38;2;49;54;149m    [INFO][0m - [38;2;116;173;209mfind_objects.py:global_skysub:583[0m - Global sky subtraction for slit: 1608
[1;38;2;49;54;149m    [INFO][0m - [38;2;116;173;209mskysub.py:global_skysub:195[0m - Full fit in global sky sub.
[1;38;2;49;54;149m    [INFO][0m - [38;2;116;173;209mfitting.py:bspline_profile:1156[0m - B-spline fit:
[1;38;2;49;54;149m    [INFO][0m - [38;2;116;173;209mfitting.py:bspline_profile:1157[0m -     npoly = 2 profile basis functions
[1;38;2;49;54;149m    [INFO][0m - [38;2;116;173;209mfitting.py:bspline_profile:1158[0m -     ngood = 91135/145535 measurements
[1;38;2;49;54;149m    [INFO][0m - [38;2;116;173;209mfitting.py:bspline_profile:1159[0m - ***************** Iter     Chi^2    N Rej  R. Fac *****************
[1;38;2;49;54;149m    [INFO][0m - [38;2;116;173;209mfitting.py:bspline_profile:1163[0m -                   ----  --------  -------  ------                  
[1;38;2;49;54;149m    [INFO][0m - [38;2;116;173;209mfitting.py:bspline_profile:1257[0m -                      1     0.918    54478    1.00                  
[1;38;2;49;54;149m    [INFO][0m - [38;2;116;173;209mfitting.py:bspline_profile:1257[0m -                      2     0.907    54480    1.00                  
[1;38;2;49;54;149m    [INFO][0m - [38;2;116;173;209mfitting.py:bspline_profile:1257[0m -                      3     0.907    54480    1.00                  
[1;38;2;49;54;149m    [INFO][0m - [38;2;116;173;209mfitting.py:bspline_profile:1272[0m -                   DONE     0.907    54480    1.00                  
[1;38;2;49;54;149m    [INFO][0m - [38;2;116;173;209mfitting.py:bspline_profile:1275[0m - *******************************************************************
[1;38;2;49;54;149m    [INFO][0m - [38;2;116;173;209mfind_objects.py:global_skysub:583[0m - Global sky subtraction for slit: 1683
[1;38;2;49;54;149m    [INFO][0m - [38;2;116;173;209mskysub.py:global_skysub:195[0m - Full fit in global sky sub.
[1;38;2;49;54;149m    [INFO][0m - [38;2;116;173;209mfitting.py:bspline_profile:1156[0m - B-spline fit:
[1;38;2;49;54;149m    [INFO][0m - [38;2;116;173;209mfitting.py:bspline_profile:1157[0m -     npoly = 2 profile basis functions
[1;38;2;49;54;149m    [INFO][0m - [38;2;116;173;209mfitting.py:bspline_profile:1158[0m -     ngood = 90084/145061 measurements
[1;38;2;49;54;149m    [INFO][0m - [38;2;116;173;209mfitting.py:bspline_profile:1159[0m - ***************** Iter     Chi^2    N Rej  R. Fac *****************
[1;38;2;49;54;149m    [INFO][0m - [38;2;116;173;209mfitting.py:bspline_profile:1163[0m -                   ----  --------  -------  ------                  
[1;38;2;49;54;149m    [INFO][0m - [38;2;116;173;209mfitting.py:bspline_profile:1257[0m -                      1     0.922    55054    1.00                  
[1;38;2;49;54;149m    [INFO][0m - [38;2;116;173;209mfitting.py:bspline_profile:1257[0m -                      2     0.911    55054    1.00                  
[1;38;2;49;54;149m    [INFO][0m - [38;2;116;173;209mfitting.py:bspline_profile:1272[0m -                   DONE     0.911    55054    1.00                  
[1;38;2;49;54;149m    [INFO][0m - [38;2;116;173;209mfitting.py:bspline_profile:1275[0m - *******************************************************************
[1;38;2;49;54;149m    [INFO][0m - [38;2;116;173;209mfind_objects.py:global_skysub:583[0m - Global sky subtraction for slit: 1758
[1;38;2;49;54;149m    [INFO][0m - [38;2;116;173;209mskysub.py:global_skysub:195[0m - Full fit in global sky sub.
[1;38;2;49;54;149m    [INFO][0m - [38;2;116;173;209mfitting.py:bspline_profile:1156[0m - B-spline fit:
[1;38;2;49;54;149m    [INFO][0m - [38;2;116;173;209mfitting.py:bspline_profile:1157[0m -     npoly = 2 profile basis functions
[1;38;2;49;54;149m    [INFO][0m - [38;2;116;173;209mfitting.py:bspline_profile:1158[0m -     ngood = 90122/145018 measurements
[1;38;2;49;54;149m    [INFO][0m - [38;2;116;173;209mfitting.py:bspline_profile:1159[0m - ***************** Iter     Chi^2    N Rej  R. Fac *****************
[1;38;2;49;54;149m    [INFO][0m - [38;2;116;173;209mfitting.py:bspline_profile:1163[0m -                   ----  --------  -------  ------                  
[1;38;2;49;54;149m    [INFO][0m - [38;2;116;173;209mfitting.py:bspline_profile:1257[0m -                      1     0.921    54987    1.00                  
[1;38;2;49;54;149m    [INFO][0m - [38;2;116;173;209mfitting.py:bspline_profile:1257[0m -                      2     0.908    54987    1.00                  
[1;38;2;49;54;149m    [INFO][0m - [38;2;116;173;209mfitting.py:bspline_profile:1272[0m -                   DONE     0.908    54987    1.00                  
[1;38;2;49;54;149m    [INFO][0m - [38;2;116;173;209mfitting.py:bspline_profile:1275[0m - *******************************************************************
[1;38;2;49;54;149m    [INFO][0m - [38;2;116;173;209mfind_objects.py:global_skysub:583[0m - Global sky subtraction for slit: 1837
[1;38;2;49;54;149m    [INFO][0m - [38;2;116;173;209mskysub.py:global_skysub:195[0m - Full fit in global sky sub.
[1;38;2;49;54;149m    [INFO][0m - [38;2;116;173;209mfitting.py:bspline_profile:1156[0m - B-spline fit:
[1;38;2;49;54;149m    [INFO][0m - [38;2;116;173;209mfitting.py:bspline_profile:1157[0m -     npoly = 2 profile basis functions
[1;38;2;49;54;149m    [INFO][0m - [38;2;116;173;209mfitting.py:bspline_profile:1158[0m -     ngood = 90078/145027 measurements
[1;38;2;49;54;149m    [INFO][0m - [38;2;116;173;209mfitting.py:bspline_profile:1159[0m - ***************** Iter     Chi^2    N Rej  R. Fac *****************
[1;38;2;49;54;149m    [INFO][0m - [38;2;116;173;209mfitting.py:bspline_profile:1163[0m -                   ----  --------  -------  ------                  
[1;38;2;49;54;149m    [INFO][0m - [38;2;116;173;209mfitting.py:bspline_profile:1257[0m -                      1     1.044    55046    1.00                  
[1;38;2;49;54;149m    [INFO][0m - [38;2;116;173;209mfitting.py:bspline_profile:1257[0m -                      2     0.930    55046    1.00                  
[1;38;2;49;54;149m    [INFO][0m - [38;2;116;173;209mfitting.py:bspline_profile:1272[0m -                   DONE     0.930    55046    1.00                  
[1;38;2;49;54;149m    [INFO][0m - [38;2;116;173;209mfitting.py:bspline_profile:1275[0m - *******************************************************************
[1;38;2;49;54;149m    [INFO][0m - [38;2;116;173;209mfind_objects.py:global_skysub:583[0m - Global sky subtraction for slit: 1914
[1;38;2;49;54;149m    [INFO][0m - [38;2;116;173;209mskysub.py:global_skysub:195[0m - Full fit in global sky sub.
[1;38;2;49;54;149m    [INFO][0m - [38;2;116;173;209mfitting.py:bspline_profile:1156[0m - B-spline fit:
[1;38;2;49;54;149m    [INFO][0m - [38;2;116;173;209mfitting.py:bspline_profile:1157[0m -     npoly = 2 profile basis functions
[1;38;2;49;54;149m    [INFO][0m - [38;2;116;173;209mfitting.py:bspline_profile:1158[0m -     ngood = 90240/144812 measurements
[1;38;2;49;54;149m    [INFO][0m - [38;2;116;173;209mfitting.py:bspline_profile:1159[0m - ***************** Iter     Chi^2    N Rej  R. Fac *****************
[1;38;2;49;54;149m    [INFO][0m - [38;2;116;173;209mfitting.py:bspline_profile:1163[0m -                   ----  --------  -------  ------                  
[1;38;2;49;54;149m    [INFO][0m - [38;2;116;173;209mfitting.py:bspline_profile:1257[0m -                      1     0.933    54662    1.00                  
[1;38;2;49;54;149m    [INFO][0m - [38;2;116;173;209mfitting.py:bspline_profile:1257[0m -                      2     0.921    54663    1.00                  
[1;38;2;49;54;149m    [INFO][0m - [38;2;116;173;209mfitting.py:bspline_profile:1257[0m -                      3     0.921    54663    1.00                  
[1;38;2;49;54;149m    [INFO][0m - [38;2;116;173;209mfitting.py:bspline_profile:1272[0m -                   DONE     0.921    54663    1.00                  
[1;38;2;49;54;149m    [INFO][0m - [38;2;116;173;209mfitting.py:bspline_profile:1275[0m - *******************************************************************
[1;38;2;49;54;149m    [INFO][0m - [38;2;116;173;209mfind_objects.py:global_skysub:583[0m - Global sky subtraction for slit: 1996
[1;38;2;49;54;149m    [INFO][0m - [38;2;116;173;209mskysub.py:global_skysub:195[0m - Full fit in global sky sub.
[1;38;2;49;54;149m    [INFO][0m - [38;2;116;173;209mfitting.py:bspline_profile:1156[0m - B-spline fit:
[1;38;2;49;54;149m    [INFO][0m - [38;2;116;173;209mfitting.py:bspline_profile:1157[0m -     npoly = 2 profile basis functions
[1;38;2;49;54;149m    [INFO][0m - [38;2;116;173;209mfitting.py:bspline_profile:1158[0m -     ngood = 91190/145414 measurements
[1;38;2;49;54;149m    [INFO][0m - [38;2;116;173;209mfitting.py:bspline_profile:1159[0m - ***************** Iter     Chi^2    N Rej  R. Fac *****************
[1;38;2;49;54;149m    [INFO][0m - [38;2;116;173;209mfitting.py:bspline_profile:1163[0m -                   ----  --------  -------  ------                  
[1;38;2;49;54;149m    [INFO][0m - [38;2;116;173;209mfitting.py:bspline_profile:1257[0m -                      1     0.932    54295    1.00                  
[1;38;2;49;54;149m    [INFO][0m - [38;2;116;173;209mfitting.py:bspline_profile:1257[0m -                      2     0.922    54296    1.00                  
[1;38;2;49;54;149m    [INFO][0m - [38;2;116;173;209mfitting.py:bspline_profile:1257[0m -                      3     0.922    54296    1.00                  
[1;38;2;49;54;149m    [INFO][0m - [38;2;116;173;209mfitting.py:bspline_profile:1272[0m -                   DONE     0.922    54296    1.00                  
[1;38;2;49;54;149m    [INFO][0m - [38;2;116;173;209mfitting.py:bspline_profile:1275[0m - *******************************************************************
[1;38;2;49;54;149m    [INFO][0m - [38;2;116;173;209mfind_objects.py:find_objects_pypeline:788[0m - Finding objects on slit # 61
[1;38;2;49;54;149m    [INFO][0m - [38;2;116;173;209mfindobj_skymask.py:objs_in_slit:2095[0m - No objects found automatically.  Consider manual extraction.
[1;38;2;49;54;149m    [INFO][0m - [38;2;116;173;209mfind_objects.py:find_objects_pypeline:788[0m - Finding objects on slit # 142
[1;38;2;49;54;149m    [INFO][0m - [38;2;116;173;209mfindobj_skymask.py:objs_in_slit:2095[0m - No objects found automatically.  Consider manual extraction.
[1;38;2;49;54;149m    [INFO][0m - [38;2;116;173;209mfind_objects.py:find_objects_pypeline:788[0m - Finding objects on slit # 217
[1;38;2;49;54;149m    [INFO][0m - [38;2;116;173;209mfindobj_skymask.py:objs_in_slit:2095[0m - No objects found automatically.  Consider manual extraction.
[1;38;2;49;54;149m    [INFO][0m - [38;2;116;173;209mfind_objects.py:find_objects_pypeline:788[0m - Finding objects on slit # 296
[1;38;2;49;54;149m    [INFO][0m - [38;2;116;173;209mfindobj_skymask.py:objs_in_slit:2095[0m - No objects found automatically.  Consider manual extraction.
[1;38;2;49;54;149m    [INFO][0m - [38;2;116;173;209mfind_objects.py:find_objects_pypeline:788[0m - Finding objects on slit # 370
[1;38;2;49;54;149m    [INFO][0m - [38;2;116;173;209mfindobj_skymask.py:objs_in_slit:2095[0m - No objects found automatically.  Consider manual extraction.
[1;38;2;49;54;149m    [INFO][0m - [38;2;116;173;209mfind_objects.py:find_objects_pypeline:788[0m - Finding objects on slit # 445
[1;38;2;49;54;149m    [INFO][0m - [38;2;116;173;209mfindobj_skymask.py:objs_in_slit:2095[0m - No objects found automatically.  Consider manual extraction.
[1;38;2;49;54;149m    [INFO][0m - [38;2;116;173;209mfind_objects.py:find_objects_pypeline:788[0m - Finding objects on slit # 518
[1;38;2;49;54;149m    [INFO][0m - [38;2;116;173;209mfindobj_skymask.py:objs_in_slit:2095[0m - No objects found automatically.  Consider manual extraction.
[1;38;2;49;54;149m    [INFO][0m - [38;2;116;173;209mfind_objects.py:find_objects_pypeline:788[0m - Finding objects on slit # 591
[1;38;2;49;54;149m    [INFO][0m - [38;2;116;173;209mfindobj_skymask.py:objs_in_slit:2095[0m - No objects found automatically.  Consider manual extraction.
[1;38;2;49;54;149m    [INFO][0m - [38;2;116;173;209mfind_objects.py:find_objects_pypeline:788[0m - Finding objects on slit # 664
[1;38;2;49;54;149m    [INFO][0m - [38;2;116;173;209mfindobj_skymask.py:objs_in_slit:2095[0m - No objects found automatically.  Consider manual extraction.
[1;38;2;49;54;149m    [INFO][0m - [38;2;116;173;209mfind_objects.py:find_objects_pypeline:788[0m - Finding objects on slit # 739
[1;38;2;49;54;149m    [INFO][0m - [38;2;116;173;209mfindobj_skymask.py:objs_in_slit:2073[0m - Using slit edges as crutch for object tracing
[1;38;2;49;54;149m    [INFO][0m - [38;2;116;173;209mfindobj_skymask.py:objs_in_slit:2098[0m - Automatic finding routine found 1 objects
[1;38;2;49;54;149m    [INFO][0m - [38;2;116;173;209mfindobj_skymask.py:objs_in_slit:2102[0m - Fitting the traces
[1;38;2;253;174;97m [WARNING][0m - [38;2;116;173;209mpolyutils.py:_fit:662[0m - RankWarning: The fit may be poorly conditioned
[1;38;2;49;54;149m    [INFO][0m - [38;2;116;173;209mfindobj_skymask.py:objs_in_slit:2254[0m - Successfully traced a total of 1 objects
[1;38;2;49;54;149m    [INFO][0m - [38;2;116;173;209mfind_objects.py:find_objects_pypeline:788[0m - Finding objects on slit # 812
[1;38;2;49;54;149m    [INFO][0m - [38;2;116;173;209mfindobj_skymask.py:objs_in_slit:2073[0m - Using slit edges as crutch for object tracing
[1;38;2;49;54;149m    [INFO][0m - [38;2;116;173;209mfindobj_skymask.py:objs_in_slit:2098[0m - Automatic finding routine found 1 objects
[1;38;2;49;54;149m    [INFO][0m - [38;2;116;173;209mfindobj_skymask.py:objs_in_slit:2102[0m - Fitting the traces
[1;38;2;253;174;97m [WARNING][0m - [38;2;116;173;209mpolyutils.py:_fit:662[0m - RankWarning: The fit may be poorly conditioned
[1;38;2;49;54;149m    [INFO][0m - [38;2;116;173;209mfindobj_skymask.py:objs_in_slit:2254[0m - Successfully traced a total of 1 objects
[1;38;2;49;54;149m    [INFO][0m - [38;2;116;173;209mfind_objects.py:find_objects_pypeline:788[0m - Finding objects on slit # 886
[1;38;2;49;54;149m    [INFO][0m - [38;2;116;173;209mfindobj_skymask.py:objs_in_slit:2073[0m - Using slit edges as crutch for object tracing
[1;38;2;49;54;149m    [INFO][0m - [38;2;116;173;209mfindobj_skymask.py:objs_in_slit:2098[0m - Automatic finding routine found 1 objects
[1;38;2;49;54;149m    [INFO][0m - [38;2;116;173;209mfindobj_skymask.py:objs_in_slit:2102[0m - Fitting the traces
[1;38;2;253;174;97m [WARNING][0m - [38;2;116;173;209mpolyutils.py:_fit:662[0m - RankWarning: The fit may be poorly conditioned
[1;38;2;49;54;149m    [INFO][0m - [38;2;116;173;209mfindobj_skymask.py:objs_in_slit:2254[0m - Successfully traced a total of 1 objects
[1;38;2;49;54;149m    [INFO][0m - [38;2;116;173;209mfind_objects.py:find_objects_pypeline:788[0m - Finding objects on slit # 1164
[1;38;2;49;54;149m    [INFO][0m - [38;2;116;173;209mfindobj_skymask.py:objs_in_slit:2073[0m - Using slit edges as crutch for object tracing
[1;38;2;49;54;149m    [INFO][0m - [38;2;116;173;209mfindobj_skymask.py:objs_in_slit:2098[0m - Automatic finding routine found 1 objects
[1;38;2;49;54;149m    [INFO][0m - [38;2;116;173;209mfindobj_skymask.py:objs_in_slit:2102[0m - Fitting the traces
[1;38;2;253;174;97m [WARNING][0m - [38;2;116;173;209mpolyutils.py:_fit:662[0m - RankWarning: The fit may be poorly conditioned
[1;38;2;49;54;149m    [INFO][0m - [38;2;116;173;209mfindobj_skymask.py:objs_in_slit:2254[0m - Successfully traced a total of 1 objects
[1;38;2;49;54;149m    [INFO][0m - [38;2;116;173;209mfind_objects.py:find_objects_pypeline:788[0m - Finding objects on slit # 1238
[1;38;2;49;54;149m    [INFO][0m - [38;2;116;173;209mfindobj_skymask.py:objs_in_slit:2073[0m - Using slit edges as crutch for object tracing
[1;38;2;49;54;149m    [INFO][0m - [38;2;116;173;209mfindobj_skymask.py:objs_in_slit:2098[0m - Automatic finding routine found 1 objects
[1;38;2;49;54;149m    [INFO][0m - [38;2;116;173;209mfindobj_skymask.py:objs_in_slit:2102[0m - Fitting the traces
[1;38;2;253;174;97m [WARNING][0m - [38;2;116;173;209mpolyutils.py:_fit:662[0m - RankWarning: The fit may be poorly conditioned
[1;38;2;49;54;149m    [INFO][0m - [38;2;116;173;209mfindobj_skymask.py:objs_in_slit:2254[0m - Successfully traced a total of 1 objects
[1;38;2;49;54;149m    [INFO][0m - [38;2;116;173;209mfind_objects.py:find_objects_pypeline:788[0m - Finding objects on slit # 1312
[1;38;2;49;54;149m    [INFO][0m - [38;2;116;173;209mfindobj_skymask.py:objs_in_slit:2073[0m - Using slit edges as crutch for object tracing
[1;38;2;49;54;149m    [INFO][0m - [38;2;116;173;209mfindobj_skymask.py:objs_in_slit:2098[0m - Automatic finding routine found 1 objects
[1;38;2;49;54;149m    [INFO][0m - [38;2;116;173;209mfindobj_skymask.py:objs_in_slit:2102[0m - Fitting the traces
[1;38;2;253;174;97m [WARNING][0m - [38;2;116;173;209mpolyutils.py:_fit:662[0m - RankWarning: The fit may be poorly conditioned
[1;38;2;49;54;149m    [INFO][0m - [38;2;116;173;209mfindobj_skymask.py:objs_in_slit:2254[0m - Successfully traced a total of 1 objects
[1;38;2;49;54;149m    [INFO][0m - [38;2;116;173;209mfind_objects.py:find_objects_pypeline:788[0m - Finding objects on slit # 1386
[1;38;2;49;54;149m    [INFO][0m - [38;2;116;173;209mfindobj_skymask.py:objs_in_slit:2095[0m - No objects found automatically.  Consider manual extraction.
[1;38;2;49;54;149m    [INFO][0m - [38;2;116;173;209mfind_objects.py:find_objects_pypeline:788[0m - Finding objects on slit # 1459
[1;38;2;49;54;149m    [INFO][0m - [38;2;116;173;209mfindobj_skymask.py:objs_in_slit:2095[0m - No objects found automatically.  Consider manual extraction.
[1;38;2;49;54;149m    [INFO][0m - [38;2;116;173;209mfind_objects.py:find_objects_pypeline:788[0m - Finding objects on slit # 1534
[1;38;2;49;54;149m    [INFO][0m - [38;2;116;173;209mfindobj_skymask.py:objs_in_slit:2095[0m - No objects found automatically.  Consider manual extraction.
[1;38;2;49;54;149m    [INFO][0m - [38;2;116;173;209mfind_objects.py:find_objects_pypeline:788[0m - Finding objects on slit # 1608
[1;38;2;49;54;149m    [INFO][0m - [38;2;116;173;209mfindobj_skymask.py:objs_in_slit:2095[0m - No objects found automatically.  Consider manual extraction.
[1;38;2;49;54;149m    [INFO][0m - [38;2;116;173;209mfind_objects.py:find_objects_pypeline:788[0m - Finding objects on slit # 1683
[1;38;2;49;54;149m    [INFO][0m - [38;2;116;173;209mfindobj_skymask.py:objs_in_slit:2095[0m - No objects found automatically.  Consider manual extraction.
[1;38;2;49;54;149m    [INFO][0m - [38;2;116;173;209mfind_objects.py:find_objects_pypeline:788[0m - Finding objects on slit # 1758
[1;38;2;49;54;149m    [INFO][0m - [38;2;116;173;209mfindobj_skymask.py:objs_in_slit:2095[0m - No objects found automatically.  Consider manual extraction.
[1;38;2;49;54;149m    [INFO][0m - [38;2;116;173;209mfind_objects.py:find_objects_pypeline:788[0m - Finding objects on slit # 1837
[1;38;2;49;54;149m    [INFO][0m - [38;2;116;173;209mfindobj_skymask.py:objs_in_slit:2095[0m - No objects found automatically.  Consider manual extraction.
[1;38;2;49;54;149m    [INFO][0m - [38;2;116;173;209mfind_objects.py:find_objects_pypeline:788[0m - Finding objects on slit # 1914
[1;38;2;49;54;149m    [INFO][0m - [38;2;116;173;209mfindobj_skymask.py:objs_in_slit:2095[0m - No objects found automatically.  Consider manual extraction.
[1;38;2;49;54;149m    [INFO][0m - [38;2;116;173;209mfind_objects.py:find_objects_pypeline:788[0m - Finding objects on slit # 1996
[1;38;2;49;54;149m    [INFO][0m - [38;2;116;173;209mfindobj_skymask.py:objs_in_slit:2095[0m - No objects found automatically.  Consider manual extraction.
[1;38;2;49;54;149m    [INFO][0m - [38;2;116;173;209mfind_objects.py:run:373[0m - Either no objects were found or a user-provided sky mask was used.  Skipping second pass of sky-subtraction and object finding.
[1;38;2;49;54;149m    [INFO][0m - [38;2;116;173;209mdatamodel.py:from_file:1558[0m - Loading BiasImage from /Users/kaiwenzhang/PycharmProjects/KCWI/KCWI_RED_channel_characterization/RM1 pypeit run/2024-03-15/pypeit_run/keck_kcrm_B/Calibrations/Bias_B_1_DET01.fits
[1;38;2;253;174;97m [WARNING][0m - [38;2;116;173;209mcalibrations.py:get_dark:606[0m - No raw dark frames found and unable to identify a relevant processed calibration frame.  Continuing...
[1;38;2;49;54;149m    [INFO][0m - [38;2;116;173;209mkeck_kcwi.py:get_rawimage:1426[0m - Reading KCWI file: /Users/kaiwenzhang/PycharmProjects/KCWI/KCWI_RED_channel_characterization/fits/by_night/RM1/2024-03-15/KR.20240316.43959.32.fits
[1;38;2;49;54;149m    [INFO][0m - [38;2;116;173;209mdatamodel.py:from_file:1558[0m - Loading ArcImage from /Users/kaiwenzhang/PycharmProjects/KCWI/KCWI_RED_channel_characterization/RM1 pypeit run/2024-03-15/pypeit_run/keck_kcrm_B/Calibrations/Arc_B_1_DET01.fits
[1;38;2;49;54;149m    [INFO][0m - [38;2;116;173;209mdatamodel.py:from_file:1558[0m - Loading TiltImage from /Users/kaiwenzhang/PycharmProjects/KCWI/KCWI_RED_channel_characterization/RM1 pypeit run/2024-03-15/pypeit_run/keck_kcrm_B/Calibrations/Tiltimg_B_1_DET01.fits
[1;38;2;49;54;149m    [INFO][0m - [38;2;116;173;209mdatamodel.py:from_file:1558[0m - Loading SlitTraceSet from /Users/kaiwenzhang/PycharmProjects/KCWI/KCWI_RED_channel_characterization/RM1 pypeit run/2024-03-15/pypeit_run/keck_kcrm_B/Calibrations/Slits_B_1_DET01.fits.gz
[1;38;2;49;54;149m    [INFO][0m - [38;2;116;173;209mdatamodel.py:from_file:1558[0m - Loading WaveCalib from /Users/kaiwenzhang/PycharmProjects/KCWI/KCWI_RED_channel_characterization/RM1 pypeit run/2024-03-15/pypeit_run/keck_kcrm_B/Calibrations/WaveCalib_B_1_DET01.fits
[1;38;2;49;54;149m    [INFO][0m - [38;2;116;173;209mdatamodel.py:from_file:1558[0m - Loading WaveTilts from /Users/kaiwenzhang/PycharmProjects/KCWI/KCWI_RED_channel_characterization/RM1 pypeit run/2024-03-15/pypeit_run/keck_kcrm_B/Calibrations/Tilts_B_1_DET01.fits
[1;38;2;49;54;149m    [INFO][0m - [38;2;116;173;209mdatamodel.py:from_file:1558[0m - Loading Alignments from /Users/kaiwenzhang/PycharmProjects/KCWI/KCWI_RED_channel_characterization/RM1 pypeit run/2024-03-15/pypeit_run/keck_kcrm_B/Calibrations/Alignment_B_1_DET01.fits
[1;38;2;49;54;149m    [INFO][0m - [38;2;116;173;209mdatamodel.py:from_file:1558[0m - Loading ScatteredLight from /Users/kaiwenzhang/PycharmProjects/KCWI/KCWI_RED_channel_characterization/RM1 pypeit run/2024-03-15/pypeit_run/keck_kcrm_B/Calibrations/ScatteredLight_B_1_DET01.fits.gz
[1;38;2;49;54;149m    [INFO][0m - [38;2;116;173;209mdatamodel.py:from_file:1558[0m - Loading FlatImages from /Users/kaiwenzhang/PycharmProjects/KCWI/KCWI_RED_channel_characterization/RM1 pypeit run/2024-03-15/pypeit_run/keck_kcrm_B/Calibrations/Flat_B_1_DET01.fits
[1;38;2;49;54;149m    [INFO][0m - [38;2;116;173;209mcalibrations.py:run_the_steps:1459[0m - Calibration complete and/or fully loaded!
[1;38;2;49;54;149m    [INFO][0m - [38;2;116;173;209mcalibrations.py:run_the_steps:1460[0m - #######################################################################
[1;38;2;49;54;149m    [INFO][0m - [38;2;116;173;209mpypeit_steps.py:extract_det:732[0m - Extraction skipped for KR.20240316.43959.32-feige34_KCRM_20240316T121239.283 on det=1
[1;38;2;49;54;149m    [INFO][0m - [38;2;116;173;209mwavetilts.py:fit2tiltimg:143[0m - Generating a tilts image from the fit parameters
[1;38;2;49;54;149m    [INFO][0m - [38;2;116;173;209mpypeit_steps.py:refframe_correct:906[0m - Performing a heliocentric correction
[1;38;2;49;54;149m    [INFO][0m - [38;2;116;173;209mpypeit_steps.py:refframe_correct:915[0m - Applying heliocentric correction = -13.48904 km/s
WARNING: VerifyWarning: Keyword name 'FRAMETYPE' is greater than 8 characters or contains characters not allowed by the FITS standard; a HIERARCH card will be created. [astropy.io.fits.card]
WARNING: VerifyWarning: Keyword name 'TEMPERATURE' is greater than 8 characters or contains characters not allowed by the FITS standard; a HIERARCH card will be created. [astropy.io.fits.card]
WARNING: VerifyWarning: Keyword name 'ALLSPEC2D_BKG_REDUX' is greater than 8 characters or contains characters not allowed by the FITS standard; a HIERARCH card will be created. [astropy.io.fits.card]
WARNING: VerifyWarning: Keyword name 'ALLSPEC2D_FIND_NEGATIVE' is greater than 8 characters or contains characters not allowed by the FITS standard; a HIERARCH card will be created. [astropy.io.fits.card]
WARNING: VerifyWarning: Keyword name 'CLBS_ALIGNMENT' is greater than 8 characters or contains characters not allowed by the FITS standard; a HIERARCH card will be created. [astropy.io.fits.card]
WARNING: VerifyWarning: Keyword name 'CLBS_WAVECALIB' is greater than 8 characters or contains characters not allowed by the FITS standard; a HIERARCH card will be created. [astropy.io.fits.card]
WARNING: VerifyWarning: Keyword name 'CLBS_BIAS' is greater than 8 characters or contains characters not allowed by the FITS standard; a HIERARCH card will be created. [astropy.io.fits.card]
WARNING: VerifyWarning: Keyword name 'CLBS_FLAT' is greater than 8 characters or contains characters not allowed by the FITS standard; a HIERARCH card will be created. [astropy.io.fits.card]
WARNING: VerifyWarning: Keyword name 'CLBS_EDGES' is greater than 8 characters or contains characters not allowed by the FITS standard; a HIERARCH card will be created. [astropy.io.fits.card]
WARNING: VerifyWarning: Keyword name 'CLBS_SLITS' is greater than 8 characters or contains characters not allowed by the FITS standard; a HIERARCH card will be created. [astropy.io.fits.card]
WARNING: VerifyWarning: Keyword name 'CLBS_TILTIMG' is greater than 8 characters or contains characters not allowed by the FITS standard; a HIERARCH card will be created. [astropy.io.fits.card]
WARNING: VerifyWarning: Keyword name 'CLBS_TILTS' is greater than 8 characters or contains characters not allowed by the FITS standard; a HIERARCH card will be created. [astropy.io.fits.card]
WARNING: Format d cannot be mapped to the accepted TDISPn keyword values.  Format will not be moved into TDISPn keyword. [astropy.io.fits.column]
WARNING: Format 0.1f cannot be mapped to the accepted TDISPn keyword values.  Format will not be moved into TDISPn keyword. [astropy.io.fits.column]
WARNING: Format 0.3f cannot be mapped to the accepted TDISPn keyword values.  Format will not be moved into TDISPn keyword. [astropy.io.fits.column]
[1;38;2;49;54;149m    [INFO][0m - [38;2;116;173;209mspec2dobj.py:write_to_fits:721[0m - Wrote: /Users/kaiwenzhang/PycharmProjects/KCWI/KCWI_RED_channel_characterization/RM1 pypeit run/2024-03-15/pypeit_run/keck_kcrm_B/Science/spec2d_KR.20240316.43959.32-feige34_KCRM_20240316T121239.283.fits
[1;38;2;49;54;149m    [INFO][0m - [38;2;116;173;209mexposure.py:reduce_exposure:406[0m - Reducing target feige34
Combining frames:
KR.20240316.44048.60.fits

[1;38;2;49;54;149m    [INFO][0m - [38;2;116;173;209mexposure.py:reduce_exposure:417[0m - Detectors to work on: [1]
[1;38;2;49;54;149m    [INFO][0m - [38;2;116;173;209mexposure.py:reduce_exposure:422[0m - Calibrating detector 1
[1;38;2;49;54;149m    [INFO][0m - [38;2;116;173;209mpypeit_steps.py:calib_one:173[0m - Building/loading calibrations for detector 1
[1;38;2;49;54;149m    [INFO][0m - [38;2;116;173;209mdatamodel.py:from_file:1558[0m - Loading BiasImage from /Users/kaiwenzhang/PycharmProjects/KCWI/KCWI_RED_channel_characterization/RM1 pypeit run/2024-03-15/pypeit_run/keck_kcrm_B/Calibrations/Bias_B_1_DET01.fits
[1;38;2;253;174;97m [WARNING][0m - [38;2;116;173;209mcalibrations.py:get_dark:606[0m - No raw dark frames found and unable to identify a relevant processed calibration frame.  Continuing...
[1;38;2;49;54;149m    [INFO][0m - [38;2;116;173;209mkeck_kcwi.py:get_rawimage:1426[0m - Reading KCWI file: /Users/kaiwenzhang/PycharmProjects/KCWI/KCWI_RED_channel_characterization/fits/by_night/RM1/2024-03-15/KR.20240316.08992.59.fits
[1;38;2;253;174;97m [WARNING][0m - [38;2;116;173;209mkeck_kcwi.py:bpm:820[0m - KCRM bad pixel mask is not available for ampmode=L2U2L1U1 binning=2,2
[1;38;2;49;54;149m    [INFO][0m - [38;2;116;173;209mdatamodel.py:from_file:1558[0m - Loading ArcImage from /Users/kaiwenzhang/PycharmProjects/KCWI/KCWI_RED_channel_characterization/RM1 pypeit run/2024-03-15/pypeit_run/keck_kcrm_B/Calibrations/Arc_B_1_DET01.fits
[1;38;2;49;54;149m    [INFO][0m - [38;2;116;173;209mdatamodel.py:from_file:1558[0m - Loading TiltImage from /Users/kaiwenzhang/PycharmProjects/KCWI/KCWI_RED_channel_characterization/RM1 pypeit run/2024-03-15/pypeit_run/keck_kcrm_B/Calibrations/Tiltimg_B_1_DET01.fits
[1;38;2;49;54;149m    [INFO][0m - [38;2;116;173;209mdatamodel.py:from_file:1558[0m - Loading SlitTraceSet from /Users/kaiwenzhang/PycharmProjects/KCWI/KCWI_RED_channel_characterization/RM1 pypeit run/2024-03-15/pypeit_run/keck_kcrm_B/Calibrations/Slits_B_1_DET01.fits.gz
[1;38;2;49;54;149m    [INFO][0m - [38;2;116;173;209mdatamodel.py:from_file:1558[0m - Loading WaveCalib from /Users/kaiwenzhang/PycharmProjects/KCWI/KCWI_RED_channel_characterization/RM1 pypeit run/2024-03-15/pypeit_run/keck_kcrm_B/Calibrations/WaveCalib_B_1_DET01.fits
[1;38;2;49;54;149m    [INFO][0m - [38;2;116;173;209mdatamodel.py:from_file:1558[0m - Loading WaveTilts from /Users/kaiwenzhang/PycharmProjects/KCWI/KCWI_RED_channel_characterization/RM1 pypeit run/2024-03-15/pypeit_run/keck_kcrm_B/Calibrations/Tilts_B_1_DET01.fits
[1;38;2;49;54;149m    [INFO][0m - [38;2;116;173;209mdatamodel.py:from_file:1558[0m - Loading Alignments from /Users/kaiwenzhang/PycharmProjects/KCWI/KCWI_RED_channel_characterization/RM1 pypeit run/2024-03-15/pypeit_run/keck_kcrm_B/Calibrations/Alignment_B_1_DET01.fits
[1;38;2;49;54;149m    [INFO][0m - [38;2;116;173;209mdatamodel.py:from_file:1558[0m - Loading ScatteredLight from /Users/kaiwenzhang/PycharmProjects/KCWI/KCWI_RED_channel_characterization/RM1 pypeit run/2024-03-15/pypeit_run/keck_kcrm_B/Calibrations/ScatteredLight_B_1_DET01.fits.gz
[1;38;2;49;54;149m    [INFO][0m - [38;2;116;173;209mdatamodel.py:from_file:1558[0m - Loading FlatImages from /Users/kaiwenzhang/PycharmProjects/KCWI/KCWI_RED_channel_characterization/RM1 pypeit run/2024-03-15/pypeit_run/keck_kcrm_B/Calibrations/Flat_B_1_DET01.fits
[1;38;2;49;54;149m    [INFO][0m - [38;2;116;173;209mcalibrations.py:run_the_steps:1459[0m - Calibration complete and/or fully loaded!
[1;38;2;49;54;149m    [INFO][0m - [38;2;116;173;209mcalibrations.py:run_the_steps:1460[0m - #######################################################################
[1;38;2;49;54;149m    [INFO][0m - [38;2;116;173;209mexposure.py:process_exposure:126[0m - Reducing detector 1
[1;38;2;49;54;149m    [INFO][0m - [38;2;116;173;209mdatamodel.py:from_file:1558[0m - Loading BiasImage from /Users/kaiwenzhang/PycharmProjects/KCWI/KCWI_RED_channel_characterization/RM1 pypeit run/2024-03-15/pypeit_run/keck_kcrm_B/Calibrations/Bias_B_1_DET01.fits
[1;38;2;253;174;97m [WARNING][0m - [38;2;116;173;209mcalibrations.py:get_dark:606[0m - No raw dark frames found and unable to identify a relevant processed calibration frame.  Continuing...
[1;38;2;49;54;149m    [INFO][0m - [38;2;116;173;209mkeck_kcwi.py:get_rawimage:1426[0m - Reading KCWI file: /Users/kaiwenzhang/PycharmProjects/KCWI/KCWI_RED_channel_characterization/fits/by_night/RM1/2024-03-15/KR.20240316.44048.60.fits
[1;38;2;49;54;149m    [INFO][0m - [38;2;116;173;209mdatamodel.py:from_file:1558[0m - Loading ArcImage from /Users/kaiwenzhang/PycharmProjects/KCWI/KCWI_RED_channel_characterization/RM1 pypeit run/2024-03-15/pypeit_run/keck_kcrm_B/Calibrations/Arc_B_1_DET01.fits
[1;38;2;49;54;149m    [INFO][0m - [38;2;116;173;209mdatamodel.py:from_file:1558[0m - Loading TiltImage from /Users/kaiwenzhang/PycharmProjects/KCWI/KCWI_RED_channel_characterization/RM1 pypeit run/2024-03-15/pypeit_run/keck_kcrm_B/Calibrations/Tiltimg_B_1_DET01.fits
[1;38;2;49;54;149m    [INFO][0m - [38;2;116;173;209mdatamodel.py:from_file:1558[0m - Loading SlitTraceSet from /Users/kaiwenzhang/PycharmProjects/KCWI/KCWI_RED_channel_characterization/RM1 pypeit run/2024-03-15/pypeit_run/keck_kcrm_B/Calibrations/Slits_B_1_DET01.fits.gz
[1;38;2;49;54;149m    [INFO][0m - [38;2;116;173;209mdatamodel.py:from_file:1558[0m - Loading WaveCalib from /Users/kaiwenzhang/PycharmProjects/KCWI/KCWI_RED_channel_characterization/RM1 pypeit run/2024-03-15/pypeit_run/keck_kcrm_B/Calibrations/WaveCalib_B_1_DET01.fits
[1;38;2;49;54;149m    [INFO][0m - [38;2;116;173;209mdatamodel.py:from_file:1558[0m - Loading WaveTilts from /Users/kaiwenzhang/PycharmProjects/KCWI/KCWI_RED_channel_characterization/RM1 pypeit run/2024-03-15/pypeit_run/keck_kcrm_B/Calibrations/Tilts_B_1_DET01.fits
[1;38;2;49;54;149m    [INFO][0m - [38;2;116;173;209mdatamodel.py:from_file:1558[0m - Loading Alignments from /Users/kaiwenzhang/PycharmProjects/KCWI/KCWI_RED_channel_characterization/RM1 pypeit run/2024-03-15/pypeit_run/keck_kcrm_B/Calibrations/Alignment_B_1_DET01.fits
[1;38;2;49;54;149m    [INFO][0m - [38;2;116;173;209mdatamodel.py:from_file:1558[0m - Loading ScatteredLight from /Users/kaiwenzhang/PycharmProjects/KCWI/KCWI_RED_channel_characterization/RM1 pypeit run/2024-03-15/pypeit_run/keck_kcrm_B/Calibrations/ScatteredLight_B_1_DET01.fits.gz
[1;38;2;49;54;149m    [INFO][0m - [38;2;116;173;209mdatamodel.py:from_file:1558[0m - Loading FlatImages from /Users/kaiwenzhang/PycharmProjects/KCWI/KCWI_RED_channel_characterization/RM1 pypeit run/2024-03-15/pypeit_run/keck_kcrm_B/Calibrations/Flat_B_1_DET01.fits
[1;38;2;49;54;149m    [INFO][0m - [38;2;116;173;209mcalibrations.py:run_the_steps:1459[0m - Calibration complete and/or fully loaded!
[1;38;2;49;54;149m    [INFO][0m - [38;2;116;173;209mcalibrations.py:run_the_steps:1460[0m - #######################################################################
[1;38;2;49;54;149m    [INFO][0m - [38;2;116;173;209mpypeit_steps.py:process_one_det:260[0m - Image processing begins for KR.20240316.44048.60-feige34_KCRM_20240316T121408.102 on det=1
[1;38;2;49;54;149m    [INFO][0m - [38;2;116;173;209mkeck_kcwi.py:get_rawimage:1426[0m - Reading KCWI file: /Users/kaiwenzhang/PycharmProjects/KCWI/KCWI_RED_channel_characterization/fits/by_night/RM1/2024-03-15/KR.20240316.44048.60.fits
[1;38;2;49;54;149m    [INFO][0m - [38;2;116;173;209mrawimage.py:process:564[0m - Performing basic image processing on KR.20240316.44048.60.fits.
[1;38;2;49;54;149m    [INFO][0m - [38;2;116;173;209mrawimage.py:estimate_readnoise:359[0m - Estimated readnoise of amplifier 1 = 3.779 e-
[1;38;2;49;54;149m    [INFO][0m - [38;2;116;173;209mrawimage.py:estimate_readnoise:359[0m - Estimated readnoise of amplifier 2 = 3.777 e-
[1;38;2;49;54;149m    [INFO][0m - [38;2;116;173;209mprocimg.py:lacosmic:170[0m - Detecting cosmic rays with the L.A.Cosmic algorithm
[1;38;2;49;54;149m    [INFO][0m - [38;2;116;173;209mprocimg.py:lacosmic:218[0m - Convolving image with Laplacian kernel
[1;38;2;49;54;149m    [INFO][0m - [38;2;116;173;209mprocimg.py:lacosmic:229[0m - Found 2426 candidate cosmic-ray pixels
[1;38;2;49;54;149m    [INFO][0m - [38;2;116;173;209mprocimg.py:lacosmic:235[0m - Reduced to 2426 candidates after excluding known bad pixels.
[1;38;2;49;54;149m    [INFO][0m - [38;2;116;173;209mprocimg.py:lacosmic:246[0m - Reduced to 1223 candidates after excluding compact objects.
[1;38;2;49;54;149m    [INFO][0m - [38;2;116;173;209mprocimg.py:lacosmic:250[0m - Finding neighboring pixels affected by cosmic rays
[1;38;2;49;54;149m    [INFO][0m - [38;2;116;173;209mprocimg.py:lacosmic:260[0m - Changed to 2996 candidates after evaluating neighboring pixels.
[1;38;2;49;54;149m    [INFO][0m - [38;2;116;173;209mprocimg.py:lacosmic:266[0m - Reduced to 2996 candidates after excluding known bad pixels.
[1;38;2;49;54;149m    [INFO][0m - [38;2;116;173;209mprocimg.py:lacosmic:271[0m - Iteration 1: 2996 pixels identified as cosmic rays (2996 are new)
[1;38;2;49;54;149m    [INFO][0m - [38;2;116;173;209mprocimg.py:lacosmic:300[0m - 2875 pixels identified as cosmic rays after removing false positives
[1;38;2;49;54;149m    [INFO][0m - [38;2;116;173;209mpypeit_steps.py:findobj_on_det:381[0m - Object finding begins for KR.20240316.44048.60-feige34_KCRM_20240316T121408.102 on det=1
[1;38;2;49;54;149m    [INFO][0m - [38;2;116;173;209mdatamodel.py:from_file:1558[0m - Loading BiasImage from /Users/kaiwenzhang/PycharmProjects/KCWI/KCWI_RED_channel_characterization/RM1 pypeit run/2024-03-15/pypeit_run/keck_kcrm_B/Calibrations/Bias_B_1_DET01.fits
[1;38;2;253;174;97m [WARNING][0m - [38;2;116;173;209mcalibrations.py:get_dark:606[0m - No raw dark frames found and unable to identify a relevant processed calibration frame.  Continuing...
[1;38;2;49;54;149m    [INFO][0m - [38;2;116;173;209mkeck_kcwi.py:get_rawimage:1426[0m - Reading KCWI file: /Users/kaiwenzhang/PycharmProjects/KCWI/KCWI_RED_channel_characterization/fits/by_night/RM1/2024-03-15/KR.20240316.44048.60.fits
[1;38;2;49;54;149m    [INFO][0m - [38;2;116;173;209mdatamodel.py:from_file:1558[0m - Loading ArcImage from /Users/kaiwenzhang/PycharmProjects/KCWI/KCWI_RED_channel_characterization/RM1 pypeit run/2024-03-15/pypeit_run/keck_kcrm_B/Calibrations/Arc_B_1_DET01.fits
[1;38;2;49;54;149m    [INFO][0m - [38;2;116;173;209mdatamodel.py:from_file:1558[0m - Loading TiltImage from /Users/kaiwenzhang/PycharmProjects/KCWI/KCWI_RED_channel_characterization/RM1 pypeit run/2024-03-15/pypeit_run/keck_kcrm_B/Calibrations/Tiltimg_B_1_DET01.fits
[1;38;2;49;54;149m    [INFO][0m - [38;2;116;173;209mdatamodel.py:from_file:1558[0m - Loading SlitTraceSet from /Users/kaiwenzhang/PycharmProjects/KCWI/KCWI_RED_channel_characterization/RM1 pypeit run/2024-03-15/pypeit_run/keck_kcrm_B/Calibrations/Slits_B_1_DET01.fits.gz
[1;38;2;49;54;149m    [INFO][0m - [38;2;116;173;209mdatamodel.py:from_file:1558[0m - Loading WaveCalib from /Users/kaiwenzhang/PycharmProjects/KCWI/KCWI_RED_channel_characterization/RM1 pypeit run/2024-03-15/pypeit_run/keck_kcrm_B/Calibrations/WaveCalib_B_1_DET01.fits
[1;38;2;49;54;149m    [INFO][0m - [38;2;116;173;209mdatamodel.py:from_file:1558[0m - Loading WaveTilts from /Users/kaiwenzhang/PycharmProjects/KCWI/KCWI_RED_channel_characterization/RM1 pypeit run/2024-03-15/pypeit_run/keck_kcrm_B/Calibrations/Tilts_B_1_DET01.fits
[1;38;2;49;54;149m    [INFO][0m - [38;2;116;173;209mdatamodel.py:from_file:1558[0m - Loading Alignments from /Users/kaiwenzhang/PycharmProjects/KCWI/KCWI_RED_channel_characterization/RM1 pypeit run/2024-03-15/pypeit_run/keck_kcrm_B/Calibrations/Alignment_B_1_DET01.fits
[1;38;2;49;54;149m    [INFO][0m - [38;2;116;173;209mdatamodel.py:from_file:1558[0m - Loading ScatteredLight from /Users/kaiwenzhang/PycharmProjects/KCWI/KCWI_RED_channel_characterization/RM1 pypeit run/2024-03-15/pypeit_run/keck_kcrm_B/Calibrations/ScatteredLight_B_1_DET01.fits.gz
[1;38;2;49;54;149m    [INFO][0m - [38;2;116;173;209mdatamodel.py:from_file:1558[0m - Loading FlatImages from /Users/kaiwenzhang/PycharmProjects/KCWI/KCWI_RED_channel_characterization/RM1 pypeit run/2024-03-15/pypeit_run/keck_kcrm_B/Calibrations/Flat_B_1_DET01.fits
[1;38;2;49;54;149m    [INFO][0m - [38;2;116;173;209mcalibrations.py:run_the_steps:1459[0m - Calibration complete and/or fully loaded!
[1;38;2;49;54;149m    [INFO][0m - [38;2;116;173;209mcalibrations.py:run_the_steps:1460[0m - #######################################################################
[1;38;2;49;54;149m    [INFO][0m - [38;2;116;173;209mpypeit_steps.py:findobj_on_det:387[0m - Reducing detector 1
[1;38;2;49;54;149m    [INFO][0m - [38;2;116;173;209mpypeit_steps.py:load_skyregions:606[0m - Generating skysub mask based on the user defined regions: :36,65:
[1;38;2;49;54;149m    [INFO][0m - [38;2;116;173;209mfind_objects.py:__init__:164[0m - Initializing slits
[1;38;2;49;54;149m    [INFO][0m - [38;2;116;173;209mfind_objects.py:__init__:232[0m - Generating tilts image from fit in waveTilts
[1;38;2;49;54;149m    [INFO][0m - [38;2;116;173;209mwavetilts.py:fit2tiltimg:143[0m - Generating a tilts image from the fit parameters
[1;38;2;49;54;149m    [INFO][0m - [38;2;116;173;209mfind_objects.py:global_skysub:583[0m - Global sky subtraction for slit: 61
[1;38;2;49;54;149m    [INFO][0m - [38;2;116;173;209mskysub.py:global_skysub:195[0m - Full fit in global sky sub.
[1;38;2;49;54;149m    [INFO][0m - [38;2;116;173;209mfitting.py:bspline_profile:1156[0m - B-spline fit:
[1;38;2;49;54;149m    [INFO][0m - [38;2;116;173;209mfitting.py:bspline_profile:1157[0m -     npoly = 2 profile basis functions
[1;38;2;49;54;149m    [INFO][0m - [38;2;116;173;209mfitting.py:bspline_profile:1158[0m -     ngood = 89258/144189 measurements
[1;38;2;49;54;149m    [INFO][0m - [38;2;116;173;209mfitting.py:bspline_profile:1159[0m - ***************** Iter     Chi^2    N Rej  R. Fac *****************
[1;38;2;49;54;149m    [INFO][0m - [38;2;116;173;209mfitting.py:bspline_profile:1163[0m -                   ----  --------  -------  ------                  
[1;38;2;49;54;149m    [INFO][0m - [38;2;116;173;209mfitting.py:bspline_profile:1257[0m -                      1     0.964    55026    1.00                  
[1;38;2;49;54;149m    [INFO][0m - [38;2;116;173;209mfitting.py:bspline_profile:1257[0m -                      2     0.950    55026    1.00                  
[1;38;2;49;54;149m    [INFO][0m - [38;2;116;173;209mfitting.py:bspline_profile:1272[0m -                   DONE     0.950    55026    1.00                  
[1;38;2;49;54;149m    [INFO][0m - [38;2;116;173;209mfitting.py:bspline_profile:1275[0m - *******************************************************************
[1;38;2;49;54;149m    [INFO][0m - [38;2;116;173;209mfind_objects.py:global_skysub:583[0m - Global sky subtraction for slit: 142
[1;38;2;49;54;149m    [INFO][0m - [38;2;116;173;209mskysub.py:global_skysub:195[0m - Full fit in global sky sub.
[1;38;2;49;54;149m    [INFO][0m - [38;2;116;173;209mfitting.py:bspline_profile:1156[0m - B-spline fit:
[1;38;2;49;54;149m    [INFO][0m - [38;2;116;173;209mfitting.py:bspline_profile:1157[0m -     npoly = 2 profile basis functions
[1;38;2;49;54;149m    [INFO][0m - [38;2;116;173;209mfitting.py:bspline_profile:1158[0m -     ngood = 90232/144419 measurements
[1;38;2;49;54;149m    [INFO][0m - [38;2;116;173;209mfitting.py:bspline_profile:1159[0m - ***************** Iter     Chi^2    N Rej  R. Fac *****************
[1;38;2;49;54;149m    [INFO][0m - [38;2;116;173;209mfitting.py:bspline_profile:1163[0m -                   ----  --------  -------  ------                  
[1;38;2;49;54;149m    [INFO][0m - [38;2;116;173;209mfitting.py:bspline_profile:1257[0m -                      1     0.951    54297    1.00                  
[1;38;2;49;54;149m    [INFO][0m - [38;2;116;173;209mfitting.py:bspline_profile:1257[0m -                      2     0.935    54299    1.00                  
[1;38;2;49;54;149m    [INFO][0m - [38;2;116;173;209mfitting.py:bspline_profile:1257[0m -                      3     0.935    54299    1.00                  
[1;38;2;49;54;149m    [INFO][0m - [38;2;116;173;209mfitting.py:bspline_profile:1272[0m -                   DONE     0.935    54299    1.00                  
[1;38;2;49;54;149m    [INFO][0m - [38;2;116;173;209mfitting.py:bspline_profile:1275[0m - *******************************************************************
[1;38;2;49;54;149m    [INFO][0m - [38;2;116;173;209mfind_objects.py:global_skysub:583[0m - Global sky subtraction for slit: 217
[1;38;2;49;54;149m    [INFO][0m - [38;2;116;173;209mskysub.py:global_skysub:195[0m - Full fit in global sky sub.
[1;38;2;49;54;149m    [INFO][0m - [38;2;116;173;209mfitting.py:bspline_profile:1156[0m - B-spline fit:
[1;38;2;49;54;149m    [INFO][0m - [38;2;116;173;209mfitting.py:bspline_profile:1157[0m -     npoly = 2 profile basis functions
[1;38;2;49;54;149m    [INFO][0m - [38;2;116;173;209mfitting.py:bspline_profile:1158[0m -     ngood = 90276/144775 measurements
[1;38;2;49;54;149m    [INFO][0m - [38;2;116;173;209mfitting.py:bspline_profile:1159[0m - ***************** Iter     Chi^2    N Rej  R. Fac *****************
[1;38;2;49;54;149m    [INFO][0m - [38;2;116;173;209mfitting.py:bspline_profile:1163[0m -                   ----  --------  -------  ------                  
[1;38;2;49;54;149m    [INFO][0m - [38;2;116;173;209mfitting.py:bspline_profile:1257[0m -                      1     0.946    54575    1.00                  
[1;38;2;49;54;149m    [INFO][0m - [38;2;116;173;209mfitting.py:bspline_profile:1257[0m -                      2     0.935    54576    1.00                  
[1;38;2;49;54;149m    [INFO][0m - [38;2;116;173;209mfitting.py:bspline_profile:1257[0m -                      3     0.935    54576    1.00                  
[1;38;2;49;54;149m    [INFO][0m - [38;2;116;173;209mfitting.py:bspline_profile:1272[0m -                   DONE     0.935    54576    1.00                  
[1;38;2;49;54;149m    [INFO][0m - [38;2;116;173;209mfitting.py:bspline_profile:1275[0m - *******************************************************************
[1;38;2;49;54;149m    [INFO][0m - [38;2;116;173;209mfind_objects.py:global_skysub:583[0m - Global sky subtraction for slit: 296
[1;38;2;49;54;149m    [INFO][0m - [38;2;116;173;209mskysub.py:global_skysub:195[0m - Full fit in global sky sub.
[1;38;2;49;54;149m    [INFO][0m - [38;2;116;173;209mfitting.py:bspline_profile:1156[0m - B-spline fit:
[1;38;2;49;54;149m    [INFO][0m - [38;2;116;173;209mfitting.py:bspline_profile:1157[0m -     npoly = 2 profile basis functions
[1;38;2;49;54;149m    [INFO][0m - [38;2;116;173;209mfitting.py:bspline_profile:1158[0m -     ngood = 89980/144591 measurements
[1;38;2;49;54;149m    [INFO][0m - [38;2;116;173;209mfitting.py:bspline_profile:1159[0m - ***************** Iter     Chi^2    N Rej  R. Fac *****************
[1;38;2;49;54;149m    [INFO][0m - [38;2;116;173;209mfitting.py:bspline_profile:1163[0m -                   ----  --------  -------  ------                  
[1;38;2;49;54;149m    [INFO][0m - [38;2;116;173;209mfitting.py:bspline_profile:1257[0m -                      1     1.027    54710    1.00                  
[1;38;2;49;54;149m    [INFO][0m - [38;2;116;173;209mfitting.py:bspline_profile:1257[0m -                      2     0.944    54710    1.00                  
[1;38;2;49;54;149m    [INFO][0m - [38;2;116;173;209mfitting.py:bspline_profile:1272[0m -                   DONE     0.944    54710    1.00                  
[1;38;2;49;54;149m    [INFO][0m - [38;2;116;173;209mfitting.py:bspline_profile:1275[0m - *******************************************************************
[1;38;2;49;54;149m    [INFO][0m - [38;2;116;173;209mfind_objects.py:global_skysub:583[0m - Global sky subtraction for slit: 370
[1;38;2;49;54;149m    [INFO][0m - [38;2;116;173;209mskysub.py:global_skysub:195[0m - Full fit in global sky sub.
[1;38;2;49;54;149m    [INFO][0m - [38;2;116;173;209mfitting.py:bspline_profile:1156[0m - B-spline fit:
[1;38;2;49;54;149m    [INFO][0m - [38;2;116;173;209mfitting.py:bspline_profile:1157[0m -     npoly = 2 profile basis functions
[1;38;2;49;54;149m    [INFO][0m - [38;2;116;173;209mfitting.py:bspline_profile:1158[0m -     ngood = 90155/144580 measurements
[1;38;2;49;54;149m    [INFO][0m - [38;2;116;173;209mfitting.py:bspline_profile:1159[0m - ***************** Iter     Chi^2    N Rej  R. Fac *****************
[1;38;2;49;54;149m    [INFO][0m - [38;2;116;173;209mfitting.py:bspline_profile:1163[0m -                   ----  --------  -------  ------                  
[1;38;2;49;54;149m    [INFO][0m - [38;2;116;173;209mfitting.py:bspline_profile:1257[0m -                      1     0.936    54492    1.00                  
[1;38;2;49;54;149m    [INFO][0m - [38;2;116;173;209mfitting.py:bspline_profile:1257[0m -                      2     0.926    54492    1.00                  
[1;38;2;49;54;149m    [INFO][0m - [38;2;116;173;209mfitting.py:bspline_profile:1272[0m -                   DONE     0.926    54492    1.00                  
[1;38;2;49;54;149m    [INFO][0m - [38;2;116;173;209mfitting.py:bspline_profile:1275[0m - *******************************************************************
[1;38;2;49;54;149m    [INFO][0m - [38;2;116;173;209mfind_objects.py:global_skysub:583[0m - Global sky subtraction for slit: 445
[1;38;2;49;54;149m    [INFO][0m - [38;2;116;173;209mskysub.py:global_skysub:195[0m - Full fit in global sky sub.
[1;38;2;49;54;149m    [INFO][0m - [38;2;116;173;209mfitting.py:bspline_profile:1156[0m - B-spline fit:
[1;38;2;49;54;149m    [INFO][0m - [38;2;116;173;209mfitting.py:bspline_profile:1157[0m -     npoly = 2 profile basis functions
[1;38;2;49;54;149m    [INFO][0m - [38;2;116;173;209mfitting.py:bspline_profile:1158[0m -     ngood = 90028/144672 measurements
[1;38;2;49;54;149m    [INFO][0m - [38;2;116;173;209mfitting.py:bspline_profile:1159[0m - ***************** Iter     Chi^2    N Rej  R. Fac *****************
[1;38;2;49;54;149m    [INFO][0m - [38;2;116;173;209mfitting.py:bspline_profile:1163[0m -                   ----  --------  -------  ------                  
[1;38;2;49;54;149m    [INFO][0m - [38;2;116;173;209mfitting.py:bspline_profile:1257[0m -                      1     0.941    54736    1.00                  
[1;38;2;49;54;149m    [INFO][0m - [38;2;116;173;209mfitting.py:bspline_profile:1257[0m -                      2     0.928    54737    1.00                  
[1;38;2;49;54;149m    [INFO][0m - [38;2;116;173;209mfitting.py:bspline_profile:1257[0m -                      3     0.928    54737    1.00                  
[1;38;2;49;54;149m    [INFO][0m - [38;2;116;173;209mfitting.py:bspline_profile:1272[0m -                   DONE     0.928    54737    1.00                  
[1;38;2;49;54;149m    [INFO][0m - [38;2;116;173;209mfitting.py:bspline_profile:1275[0m - *******************************************************************
[1;38;2;49;54;149m    [INFO][0m - [38;2;116;173;209mfind_objects.py:global_skysub:583[0m - Global sky subtraction for slit: 518
[1;38;2;49;54;149m    [INFO][0m - [38;2;116;173;209mskysub.py:global_skysub:195[0m - Full fit in global sky sub.
[1;38;2;49;54;149m    [INFO][0m - [38;2;116;173;209mfitting.py:bspline_profile:1156[0m - B-spline fit:
[1;38;2;49;54;149m    [INFO][0m - [38;2;116;173;209mfitting.py:bspline_profile:1157[0m -     npoly = 2 profile basis functions
[1;38;2;49;54;149m    [INFO][0m - [38;2;116;173;209mfitting.py:bspline_profile:1158[0m -     ngood = 90101/144509 measurements
[1;38;2;49;54;149m    [INFO][0m - [38;2;116;173;209mfitting.py:bspline_profile:1159[0m - ***************** Iter     Chi^2    N Rej  R. Fac *****************
[1;38;2;49;54;149m    [INFO][0m - [38;2;116;173;209mfitting.py:bspline_profile:1163[0m -                   ----  --------  -------  ------                  
[1;38;2;49;54;149m    [INFO][0m - [38;2;116;173;209mfitting.py:bspline_profile:1257[0m -                      1     1.035    54574    1.00                  
[1;38;2;49;54;149m    [INFO][0m - [38;2;116;173;209mfitting.py:bspline_profile:1257[0m -                      2     0.931    54578    1.00                  
[1;38;2;49;54;149m    [INFO][0m - [38;2;116;173;209mfitting.py:bspline_profile:1257[0m -                      3     0.930    54578    1.00                  
[1;38;2;49;54;149m    [INFO][0m - [38;2;116;173;209mfitting.py:bspline_profile:1272[0m -                   DONE     0.930    54578    1.00                  
[1;38;2;49;54;149m    [INFO][0m - [38;2;116;173;209mfitting.py:bspline_profile:1275[0m - *******************************************************************
[1;38;2;49;54;149m    [INFO][0m - [38;2;116;173;209mfind_objects.py:global_skysub:583[0m - Global sky subtraction for slit: 591
[1;38;2;49;54;149m    [INFO][0m - [38;2;116;173;209mskysub.py:global_skysub:195[0m - Full fit in global sky sub.
[1;38;2;49;54;149m    [INFO][0m - [38;2;116;173;209mfitting.py:bspline_profile:1156[0m - B-spline fit:
[1;38;2;49;54;149m    [INFO][0m - [38;2;116;173;209mfitting.py:bspline_profile:1157[0m -     npoly = 2 profile basis functions
[1;38;2;49;54;149m    [INFO][0m - [38;2;116;173;209mfitting.py:bspline_profile:1158[0m -     ngood = 90505/144791 measurements
[1;38;2;49;54;149m    [INFO][0m - [38;2;116;173;209mfitting.py:bspline_profile:1159[0m - ***************** Iter     Chi^2    N Rej  R. Fac *****************
[1;38;2;49;54;149m    [INFO][0m - [38;2;116;173;209mfitting.py:bspline_profile:1163[0m -                   ----  --------  -------  ------                  
[1;38;2;49;54;149m    [INFO][0m - [38;2;116;173;209mfitting.py:bspline_profile:1257[0m -                      1     1.198    54388    1.00                  
[1;38;2;49;54;149m    [INFO][0m - [38;2;116;173;209mfitting.py:bspline_profile:1257[0m -                      2     0.931    54389    1.00                  
[1;38;2;49;54;149m    [INFO][0m - [38;2;116;173;209mfitting.py:bspline_profile:1257[0m -                      3     0.931    54389    1.00                  
[1;38;2;49;54;149m    [INFO][0m - [38;2;116;173;209mfitting.py:bspline_profile:1272[0m -                   DONE     0.931    54389    1.00                  
[1;38;2;49;54;149m    [INFO][0m - [38;2;116;173;209mfitting.py:bspline_profile:1275[0m - *******************************************************************
[1;38;2;49;54;149m    [INFO][0m - [38;2;116;173;209mfind_objects.py:global_skysub:583[0m - Global sky subtraction for slit: 664
[1;38;2;49;54;149m    [INFO][0m - [38;2;116;173;209mskysub.py:global_skysub:195[0m - Full fit in global sky sub.
[1;38;2;49;54;149m    [INFO][0m - [38;2;116;173;209mfitting.py:bspline_profile:1156[0m - B-spline fit:
[1;38;2;49;54;149m    [INFO][0m - [38;2;116;173;209mfitting.py:bspline_profile:1157[0m -     npoly = 2 profile basis functions
[1;38;2;49;54;149m    [INFO][0m - [38;2;116;173;209mfitting.py:bspline_profile:1158[0m -     ngood = 90228/144778 measurements
[1;38;2;49;54;149m    [INFO][0m - [38;2;116;173;209mfitting.py:bspline_profile:1159[0m - ***************** Iter     Chi^2    N Rej  R. Fac *****************
[1;38;2;49;54;149m    [INFO][0m - [38;2;116;173;209mfitting.py:bspline_profile:1163[0m -                   ----  --------  -------  ------                  
[1;38;2;49;54;149m    [INFO][0m - [38;2;116;173;209mfitting.py:bspline_profile:1257[0m -                      1     0.951    54651    1.00                  
[1;38;2;49;54;149m    [INFO][0m - [38;2;116;173;209mfitting.py:bspline_profile:1257[0m -                      2     0.936    54653    1.00                  
[1;38;2;49;54;149m    [INFO][0m - [38;2;116;173;209mfitting.py:bspline_profile:1257[0m -                      3     0.936    54653    1.00                  
[1;38;2;49;54;149m    [INFO][0m - [38;2;116;173;209mfitting.py:bspline_profile:1272[0m -                   DONE     0.936    54653    1.00                  
[1;38;2;49;54;149m    [INFO][0m - [38;2;116;173;209mfitting.py:bspline_profile:1275[0m - *******************************************************************
[1;38;2;49;54;149m    [INFO][0m - [38;2;116;173;209mfind_objects.py:global_skysub:583[0m - Global sky subtraction for slit: 739
[1;38;2;49;54;149m    [INFO][0m - [38;2;116;173;209mskysub.py:global_skysub:195[0m - Full fit in global sky sub.
[1;38;2;49;54;149m    [INFO][0m - [38;2;116;173;209mfitting.py:bspline_profile:1156[0m - B-spline fit:
[1;38;2;49;54;149m    [INFO][0m - [38;2;116;173;209mfitting.py:bspline_profile:1157[0m -     npoly = 2 profile basis functions
[1;38;2;49;54;149m    [INFO][0m - [38;2;116;173;209mfitting.py:bspline_profile:1158[0m -     ngood = 90013/144884 measurements
[1;38;2;49;54;149m    [INFO][0m - [38;2;116;173;209mfitting.py:bspline_profile:1159[0m - ***************** Iter     Chi^2    N Rej  R. Fac *****************
[1;38;2;49;54;149m    [INFO][0m - [38;2;116;173;209mfitting.py:bspline_profile:1163[0m -                   ----  --------  -------  ------                  
[1;38;2;49;54;149m    [INFO][0m - [38;2;116;173;209mfitting.py:bspline_profile:1257[0m -                      1     1.001    54991    1.00                  
[1;38;2;49;54;149m    [INFO][0m - [38;2;116;173;209mfitting.py:bspline_profile:1257[0m -                      2     0.958    54994    1.00                  
[1;38;2;49;54;149m    [INFO][0m - [38;2;116;173;209mfitting.py:bspline_profile:1257[0m -                      3     0.958    54994    1.00                  
[1;38;2;49;54;149m    [INFO][0m - [38;2;116;173;209mfitting.py:bspline_profile:1272[0m -                   DONE     0.958    54994    1.00                  
[1;38;2;49;54;149m    [INFO][0m - [38;2;116;173;209mfitting.py:bspline_profile:1275[0m - *******************************************************************
[1;38;2;49;54;149m    [INFO][0m - [38;2;116;173;209mfind_objects.py:global_skysub:583[0m - Global sky subtraction for slit: 812
[1;38;2;49;54;149m    [INFO][0m - [38;2;116;173;209mskysub.py:global_skysub:195[0m - Full fit in global sky sub.
[1;38;2;49;54;149m    [INFO][0m - [38;2;116;173;209mfitting.py:bspline_profile:1156[0m - B-spline fit:
[1;38;2;49;54;149m    [INFO][0m - [38;2;116;173;209mfitting.py:bspline_profile:1157[0m -     npoly = 2 profile basis functions
[1;38;2;49;54;149m    [INFO][0m - [38;2;116;173;209mfitting.py:bspline_profile:1158[0m -     ngood = 90006/144693 measurements
[1;38;2;49;54;149m    [INFO][0m - [38;2;116;173;209mfitting.py:bspline_profile:1159[0m - ***************** Iter     Chi^2    N Rej  R. Fac *****************
[1;38;2;49;54;149m    [INFO][0m - [38;2;116;173;209mfitting.py:bspline_profile:1163[0m -                   ----  --------  -------  ------                  
[1;38;2;49;54;149m    [INFO][0m - [38;2;116;173;209mfitting.py:bspline_profile:1257[0m -                      1     1.068    54895    1.00                  
[1;38;2;49;54;149m    [INFO][0m - [38;2;116;173;209mfitting.py:bspline_profile:1257[0m -                      2     1.039    54900    1.00                  
[1;38;2;49;54;149m    [INFO][0m - [38;2;116;173;209mfitting.py:bspline_profile:1257[0m -                      3     1.038    54900    1.00                  
[1;38;2;49;54;149m    [INFO][0m - [38;2;116;173;209mfitting.py:bspline_profile:1272[0m -                   DONE     1.038    54900    1.00                  
[1;38;2;49;54;149m    [INFO][0m - [38;2;116;173;209mfitting.py:bspline_profile:1275[0m - *******************************************************************
[1;38;2;49;54;149m    [INFO][0m - [38;2;116;173;209mfind_objects.py:global_skysub:583[0m - Global sky subtraction for slit: 886
[1;38;2;49;54;149m    [INFO][0m - [38;2;116;173;209mskysub.py:global_skysub:195[0m - Full fit in global sky sub.
[1;38;2;49;54;149m    [INFO][0m - [38;2;116;173;209mfitting.py:bspline_profile:1156[0m - B-spline fit:
[1;38;2;49;54;149m    [INFO][0m - [38;2;116;173;209mfitting.py:bspline_profile:1157[0m -     npoly = 2 profile basis functions
[1;38;2;49;54;149m    [INFO][0m - [38;2;116;173;209mfitting.py:bspline_profile:1158[0m -     ngood = 90315/145125 measurements
[1;38;2;49;54;149m    [INFO][0m - [38;2;116;173;209mfitting.py:bspline_profile:1159[0m - ***************** Iter     Chi^2    N Rej  R. Fac *****************
[1;38;2;49;54;149m    [INFO][0m - [38;2;116;173;209mfitting.py:bspline_profile:1163[0m -                   ----  --------  -------  ------                  
[1;38;2;49;54;149m    [INFO][0m - [38;2;116;173;209mfitting.py:bspline_profile:1257[0m -                      1     1.520    56364    1.00                  
[1;38;2;49;54;149m    [INFO][0m - [38;2;116;173;209mfitting.py:bspline_profile:1257[0m -                      2     1.269    56470    1.00                  
[1;38;2;49;54;149m    [INFO][0m - [38;2;116;173;209mfitting.py:bspline_profile:1257[0m -                      3     1.256    56477    1.00                  
[1;38;2;49;54;149m    [INFO][0m - [38;2;116;173;209mfitting.py:bspline_profile:1257[0m -                      4     1.255    56477    1.00                  
[1;38;2;49;54;149m    [INFO][0m - [38;2;116;173;209mfitting.py:bspline_profile:1272[0m -                   DONE     1.255    56477    1.00                  
[1;38;2;49;54;149m    [INFO][0m - [38;2;116;173;209mfitting.py:bspline_profile:1275[0m - *******************************************************************
[1;38;2;49;54;149m    [INFO][0m - [38;2;116;173;209mfind_objects.py:global_skysub:583[0m - Global sky subtraction for slit: 1164
[1;38;2;49;54;149m    [INFO][0m - [38;2;116;173;209mskysub.py:global_skysub:195[0m - Full fit in global sky sub.
[1;38;2;49;54;149m    [INFO][0m - [38;2;116;173;209mfitting.py:bspline_profile:1156[0m - B-spline fit:
[1;38;2;49;54;149m    [INFO][0m - [38;2;116;173;209mfitting.py:bspline_profile:1157[0m -     npoly = 2 profile basis functions
[1;38;2;49;54;149m    [INFO][0m - [38;2;116;173;209mfitting.py:bspline_profile:1158[0m -     ngood = 90704/145334 measurements
[1;38;2;49;54;149m    [INFO][0m - [38;2;116;173;209mfitting.py:bspline_profile:1159[0m - ***************** Iter     Chi^2    N Rej  R. Fac *****************
[1;38;2;49;54;149m    [INFO][0m - [38;2;116;173;209mfitting.py:bspline_profile:1163[0m -                   ----  --------  -------  ------                  
[1;38;2;49;54;149m    [INFO][0m - [38;2;116;173;209mfitting.py:bspline_profile:1257[0m -                      1     1.786    56905    1.00                  
[1;38;2;49;54;149m    [INFO][0m - [38;2;116;173;209mfitting.py:bspline_profile:1257[0m -                      2     1.341    57114    1.00                  
[1;38;2;49;54;149m    [INFO][0m - [38;2;116;173;209mfitting.py:bspline_profile:1257[0m -                      3     1.316    57146    1.00                  
[1;38;2;49;54;149m    [INFO][0m - [38;2;116;173;209mfitting.py:bspline_profile:1257[0m -                      4     1.312    57150    1.00                  
[1;38;2;49;54;149m    [INFO][0m - [38;2;116;173;209mfitting.py:bspline_profile:1257[0m -                      5     1.311    57150    1.00                  
[1;38;2;49;54;149m    [INFO][0m - [38;2;116;173;209mfitting.py:bspline_profile:1272[0m -                   DONE     1.311    57150    1.00                  
[1;38;2;49;54;149m    [INFO][0m - [38;2;116;173;209mfitting.py:bspline_profile:1275[0m - *******************************************************************
[1;38;2;49;54;149m    [INFO][0m - [38;2;116;173;209mfind_objects.py:global_skysub:583[0m - Global sky subtraction for slit: 1238
[1;38;2;49;54;149m    [INFO][0m - [38;2;116;173;209mskysub.py:global_skysub:195[0m - Full fit in global sky sub.
[1;38;2;49;54;149m    [INFO][0m - [38;2;116;173;209mfitting.py:bspline_profile:1156[0m - B-spline fit:
[1;38;2;49;54;149m    [INFO][0m - [38;2;116;173;209mfitting.py:bspline_profile:1157[0m -     npoly = 2 profile basis functions
[1;38;2;49;54;149m    [INFO][0m - [38;2;116;173;209mfitting.py:bspline_profile:1158[0m -     ngood = 90837/145426 measurements
[1;38;2;49;54;149m    [INFO][0m - [38;2;116;173;209mfitting.py:bspline_profile:1159[0m - ***************** Iter     Chi^2    N Rej  R. Fac *****************
[1;38;2;49;54;149m    [INFO][0m - [38;2;116;173;209mfitting.py:bspline_profile:1163[0m -                   ----  --------  -------  ------                  
[1;38;2;49;54;149m    [INFO][0m - [38;2;116;173;209mfitting.py:bspline_profile:1257[0m -                      1     1.180    54983    1.00                  
[1;38;2;49;54;149m    [INFO][0m - [38;2;116;173;209mfitting.py:bspline_profile:1257[0m -                      2     1.124    54995    1.00                  
[1;38;2;49;54;149m    [INFO][0m - [38;2;116;173;209mfitting.py:bspline_profile:1257[0m -                      3     1.122    54997    1.00                  
[1;38;2;49;54;149m    [INFO][0m - [38;2;116;173;209mfitting.py:bspline_profile:1257[0m -                      4     1.122    54997    1.00                  
[1;38;2;49;54;149m    [INFO][0m - [38;2;116;173;209mfitting.py:bspline_profile:1272[0m -                   DONE     1.122    54997    1.00                  
[1;38;2;49;54;149m    [INFO][0m - [38;2;116;173;209mfitting.py:bspline_profile:1275[0m - *******************************************************************
[1;38;2;49;54;149m    [INFO][0m - [38;2;116;173;209mfind_objects.py:global_skysub:583[0m - Global sky subtraction for slit: 1312
[1;38;2;49;54;149m    [INFO][0m - [38;2;116;173;209mskysub.py:global_skysub:195[0m - Full fit in global sky sub.
[1;38;2;49;54;149m    [INFO][0m - [38;2;116;173;209mfitting.py:bspline_profile:1156[0m - B-spline fit:
[1;38;2;49;54;149m    [INFO][0m - [38;2;116;173;209mfitting.py:bspline_profile:1157[0m -     npoly = 2 profile basis functions
[1;38;2;49;54;149m    [INFO][0m - [38;2;116;173;209mfitting.py:bspline_profile:1158[0m -     ngood = 91071/145438 measurements
[1;38;2;49;54;149m    [INFO][0m - [38;2;116;173;209mfitting.py:bspline_profile:1159[0m - ***************** Iter     Chi^2    N Rej  R. Fac *****************
[1;38;2;49;54;149m    [INFO][0m - [38;2;116;173;209mfitting.py:bspline_profile:1163[0m -                   ----  --------  -------  ------                  
[1;38;2;49;54;149m    [INFO][0m - [38;2;116;173;209mfitting.py:bspline_profile:1257[0m -                      1     1.003    54499    1.00                  
[1;38;2;49;54;149m    [INFO][0m - [38;2;116;173;209mfitting.py:bspline_profile:1257[0m -                      2     0.984    54501    1.00                  
[1;38;2;49;54;149m    [INFO][0m - [38;2;116;173;209mfitting.py:bspline_profile:1257[0m -                      3     0.984    54501    1.00                  
[1;38;2;49;54;149m    [INFO][0m - [38;2;116;173;209mfitting.py:bspline_profile:1272[0m -                   DONE     0.984    54501    1.00                  
[1;38;2;49;54;149m    [INFO][0m - [38;2;116;173;209mfitting.py:bspline_profile:1275[0m - *******************************************************************
[1;38;2;49;54;149m    [INFO][0m - [38;2;116;173;209mfind_objects.py:global_skysub:583[0m - Global sky subtraction for slit: 1386
[1;38;2;49;54;149m    [INFO][0m - [38;2;116;173;209mskysub.py:global_skysub:195[0m - Full fit in global sky sub.
[1;38;2;49;54;149m    [INFO][0m - [38;2;116;173;209mfitting.py:bspline_profile:1156[0m - B-spline fit:
[1;38;2;49;54;149m    [INFO][0m - [38;2;116;173;209mfitting.py:bspline_profile:1157[0m -     npoly = 2 profile basis functions
[1;38;2;49;54;149m    [INFO][0m - [38;2;116;173;209mfitting.py:bspline_profile:1158[0m -     ngood = 91041/145651 measurements
[1;38;2;49;54;149m    [INFO][0m - [38;2;116;173;209mfitting.py:bspline_profile:1159[0m - ***************** Iter     Chi^2    N Rej  R. Fac *****************
[1;38;2;49;54;149m    [INFO][0m - [38;2;116;173;209mfitting.py:bspline_profile:1163[0m -                   ----  --------  -------  ------                  
[1;38;2;49;54;149m    [INFO][0m - [38;2;116;173;209mfitting.py:bspline_profile:1257[0m -                      1     0.971    54700    1.00                  
[1;38;2;49;54;149m    [INFO][0m - [38;2;116;173;209mfitting.py:bspline_profile:1257[0m -                      2     0.959    54703    1.00                  
[1;38;2;49;54;149m    [INFO][0m - [38;2;116;173;209mfitting.py:bspline_profile:1257[0m -                      3     0.958    54703    1.00                  
[1;38;2;49;54;149m    [INFO][0m - [38;2;116;173;209mfitting.py:bspline_profile:1272[0m -                   DONE     0.958    54703    1.00                  
[1;38;2;49;54;149m    [INFO][0m - [38;2;116;173;209mfitting.py:bspline_profile:1275[0m - *******************************************************************
[1;38;2;49;54;149m    [INFO][0m - [38;2;116;173;209mfind_objects.py:global_skysub:583[0m - Global sky subtraction for slit: 1459
[1;38;2;49;54;149m    [INFO][0m - [38;2;116;173;209mskysub.py:global_skysub:195[0m - Full fit in global sky sub.
[1;38;2;49;54;149m    [INFO][0m - [38;2;116;173;209mfitting.py:bspline_profile:1156[0m - B-spline fit:
[1;38;2;49;54;149m    [INFO][0m - [38;2;116;173;209mfitting.py:bspline_profile:1157[0m -     npoly = 2 profile basis functions
[1;38;2;49;54;149m    [INFO][0m - [38;2;116;173;209mfitting.py:bspline_profile:1158[0m -     ngood = 90169/145127 measurements
[1;38;2;49;54;149m    [INFO][0m - [38;2;116;173;209mfitting.py:bspline_profile:1159[0m - ***************** Iter     Chi^2    N Rej  R. Fac *****************
[1;38;2;49;54;149m    [INFO][0m - [38;2;116;173;209mfitting.py:bspline_profile:1163[0m -                   ----  --------  -------  ------                  
[1;38;2;49;54;149m    [INFO][0m - [38;2;116;173;209mfitting.py:bspline_profile:1257[0m -                      1     0.962    55055    1.00                  
[1;38;2;49;54;149m    [INFO][0m - [38;2;116;173;209mfitting.py:bspline_profile:1257[0m -                      2     0.948    55057    1.00                  
[1;38;2;49;54;149m    [INFO][0m - [38;2;116;173;209mfitting.py:bspline_profile:1257[0m -                      3     0.948    55057    1.00                  
[1;38;2;49;54;149m    [INFO][0m - [38;2;116;173;209mfitting.py:bspline_profile:1272[0m -                   DONE     0.948    55057    1.00                  
[1;38;2;49;54;149m    [INFO][0m - [38;2;116;173;209mfitting.py:bspline_profile:1275[0m - *******************************************************************
[1;38;2;49;54;149m    [INFO][0m - [38;2;116;173;209mfind_objects.py:global_skysub:583[0m - Global sky subtraction for slit: 1534
[1;38;2;49;54;149m    [INFO][0m - [38;2;116;173;209mskysub.py:global_skysub:195[0m - Full fit in global sky sub.
[1;38;2;49;54;149m    [INFO][0m - [38;2;116;173;209mfitting.py:bspline_profile:1156[0m - B-spline fit:
[1;38;2;49;54;149m    [INFO][0m - [38;2;116;173;209mfitting.py:bspline_profile:1157[0m -     npoly = 2 profile basis functions
[1;38;2;49;54;149m    [INFO][0m - [38;2;116;173;209mfitting.py:bspline_profile:1158[0m -     ngood = 90549/144938 measurements
[1;38;2;49;54;149m    [INFO][0m - [38;2;116;173;209mfitting.py:bspline_profile:1159[0m - ***************** Iter     Chi^2    N Rej  R. Fac *****************
[1;38;2;49;54;149m    [INFO][0m - [38;2;116;173;209mfitting.py:bspline_profile:1163[0m -                   ----  --------  -------  ------                  
[1;38;2;49;54;149m    [INFO][0m - [38;2;116;173;209mfitting.py:bspline_profile:1257[0m -                      1     0.962    54490    1.00                  
[1;38;2;49;54;149m    [INFO][0m - [38;2;116;173;209mfitting.py:bspline_profile:1257[0m -                      2     0.947    54494    1.00                  
[1;38;2;49;54;149m    [INFO][0m - [38;2;116;173;209mfitting.py:bspline_profile:1257[0m -                      3     0.947    54494    1.00                  
[1;38;2;49;54;149m    [INFO][0m - [38;2;116;173;209mfitting.py:bspline_profile:1272[0m -                   DONE     0.947    54494    1.00                  
[1;38;2;49;54;149m    [INFO][0m - [38;2;116;173;209mfitting.py:bspline_profile:1275[0m - *******************************************************************
[1;38;2;49;54;149m    [INFO][0m - [38;2;116;173;209mfind_objects.py:global_skysub:583[0m - Global sky subtraction for slit: 1608
[1;38;2;49;54;149m    [INFO][0m - [38;2;116;173;209mskysub.py:global_skysub:195[0m - Full fit in global sky sub.
[1;38;2;49;54;149m    [INFO][0m - [38;2;116;173;209mfitting.py:bspline_profile:1156[0m - B-spline fit:
[1;38;2;49;54;149m    [INFO][0m - [38;2;116;173;209mfitting.py:bspline_profile:1157[0m -     npoly = 2 profile basis functions
[1;38;2;49;54;149m    [INFO][0m - [38;2;116;173;209mfitting.py:bspline_profile:1158[0m -     ngood = 91167/145535 measurements
[1;38;2;49;54;149m    [INFO][0m - [38;2;116;173;209mfitting.py:bspline_profile:1159[0m - ***************** Iter     Chi^2    N Rej  R. Fac *****************
[1;38;2;49;54;149m    [INFO][0m - [38;2;116;173;209mfitting.py:bspline_profile:1163[0m -                   ----  --------  -------  ------                  
[1;38;2;49;54;149m    [INFO][0m - [38;2;116;173;209mfitting.py:bspline_profile:1257[0m -                      1     0.952    54464    1.00                  
[1;38;2;49;54;149m    [INFO][0m - [38;2;116;173;209mfitting.py:bspline_profile:1257[0m -                      2     0.938    54466    1.00                  
[1;38;2;49;54;149m    [INFO][0m - [38;2;116;173;209mfitting.py:bspline_profile:1257[0m -                      3     0.938    54466    1.00                  
[1;38;2;49;54;149m    [INFO][0m - [38;2;116;173;209mfitting.py:bspline_profile:1272[0m -                   DONE     0.938    54466    1.00                  
[1;38;2;49;54;149m    [INFO][0m - [38;2;116;173;209mfitting.py:bspline_profile:1275[0m - *******************************************************************
[1;38;2;49;54;149m    [INFO][0m - [38;2;116;173;209mfind_objects.py:global_skysub:583[0m - Global sky subtraction for slit: 1683
[1;38;2;49;54;149m    [INFO][0m - [38;2;116;173;209mskysub.py:global_skysub:195[0m - Full fit in global sky sub.
[1;38;2;49;54;149m    [INFO][0m - [38;2;116;173;209mfitting.py:bspline_profile:1156[0m - B-spline fit:
[1;38;2;49;54;149m    [INFO][0m - [38;2;116;173;209mfitting.py:bspline_profile:1157[0m -     npoly = 2 profile basis functions
[1;38;2;49;54;149m    [INFO][0m - [38;2;116;173;209mfitting.py:bspline_profile:1158[0m -     ngood = 89884/145061 measurements
[1;38;2;49;54;149m    [INFO][0m - [38;2;116;173;209mfitting.py:bspline_profile:1159[0m - ***************** Iter     Chi^2    N Rej  R. Fac *****************
[1;38;2;49;54;149m    [INFO][0m - [38;2;116;173;209mfitting.py:bspline_profile:1163[0m -                   ----  --------  -------  ------                  
[1;38;2;49;54;149m    [INFO][0m - [38;2;116;173;209mfitting.py:bspline_profile:1257[0m -                      1     1.033    55347    1.00                  
[1;38;2;49;54;149m    [INFO][0m - [38;2;116;173;209mfitting.py:bspline_profile:1257[0m -                      2     0.943    55347    1.00                  
[1;38;2;49;54;149m    [INFO][0m - [38;2;116;173;209mfitting.py:bspline_profile:1272[0m -                   DONE     0.943    55347    1.00                  
[1;38;2;49;54;149m    [INFO][0m - [38;2;116;173;209mfitting.py:bspline_profile:1275[0m - *******************************************************************
[1;38;2;49;54;149m    [INFO][0m - [38;2;116;173;209mfind_objects.py:global_skysub:583[0m - Global sky subtraction for slit: 1758
[1;38;2;49;54;149m    [INFO][0m - [38;2;116;173;209mskysub.py:global_skysub:195[0m - Full fit in global sky sub.
[1;38;2;49;54;149m    [INFO][0m - [38;2;116;173;209mfitting.py:bspline_profile:1156[0m - B-spline fit:
[1;38;2;49;54;149m    [INFO][0m - [38;2;116;173;209mfitting.py:bspline_profile:1157[0m -     npoly = 2 profile basis functions
[1;38;2;49;54;149m    [INFO][0m - [38;2;116;173;209mfitting.py:bspline_profile:1158[0m -     ngood = 89789/145018 measurements
[1;38;2;49;54;149m    [INFO][0m - [38;2;116;173;209mfitting.py:bspline_profile:1159[0m - ***************** Iter     Chi^2    N Rej  R. Fac *****************
[1;38;2;49;54;149m    [INFO][0m - [38;2;116;173;209mfitting.py:bspline_profile:1163[0m -                   ----  --------  -------  ------                  
[1;38;2;49;54;149m    [INFO][0m - [38;2;116;173;209mfitting.py:bspline_profile:1257[0m -                      1     0.954    55324    1.00                  
[1;38;2;49;54;149m    [INFO][0m - [38;2;116;173;209mfitting.py:bspline_profile:1257[0m -                      2     0.940    55327    1.00                  
[1;38;2;49;54;149m    [INFO][0m - [38;2;116;173;209mfitting.py:bspline_profile:1257[0m -                      3     0.940    55327    1.00                  
[1;38;2;49;54;149m    [INFO][0m - [38;2;116;173;209mfitting.py:bspline_profile:1272[0m -                   DONE     0.940    55327    1.00                  
[1;38;2;49;54;149m    [INFO][0m - [38;2;116;173;209mfitting.py:bspline_profile:1275[0m - *******************************************************************
[1;38;2;49;54;149m    [INFO][0m - [38;2;116;173;209mfind_objects.py:global_skysub:583[0m - Global sky subtraction for slit: 1837
[1;38;2;49;54;149m    [INFO][0m - [38;2;116;173;209mskysub.py:global_skysub:195[0m - Full fit in global sky sub.
[1;38;2;49;54;149m    [INFO][0m - [38;2;116;173;209mfitting.py:bspline_profile:1156[0m - B-spline fit:
[1;38;2;49;54;149m    [INFO][0m - [38;2;116;173;209mfitting.py:bspline_profile:1157[0m -     npoly = 2 profile basis functions
[1;38;2;49;54;149m    [INFO][0m - [38;2;116;173;209mfitting.py:bspline_profile:1158[0m -     ngood = 90363/145027 measurements
[1;38;2;49;54;149m    [INFO][0m - [38;2;116;173;209mfitting.py:bspline_profile:1159[0m - ***************** Iter     Chi^2    N Rej  R. Fac *****************
[1;38;2;49;54;149m    [INFO][0m - [38;2;116;173;209mfitting.py:bspline_profile:1163[0m -                   ----  --------  -------  ------                  
[1;38;2;49;54;149m    [INFO][0m - [38;2;116;173;209mfitting.py:bspline_profile:1257[0m -                      1     0.971    54775    1.00                  
[1;38;2;49;54;149m    [INFO][0m - [38;2;116;173;209mfitting.py:bspline_profile:1257[0m -                      2     0.955    54778    1.00                  
[1;38;2;49;54;149m    [INFO][0m - [38;2;116;173;209mfitting.py:bspline_profile:1257[0m -                      3     0.955    54778    1.00                  
[1;38;2;49;54;149m    [INFO][0m - [38;2;116;173;209mfitting.py:bspline_profile:1272[0m -                   DONE     0.955    54778    1.00                  
[1;38;2;49;54;149m    [INFO][0m - [38;2;116;173;209mfitting.py:bspline_profile:1275[0m - *******************************************************************
[1;38;2;49;54;149m    [INFO][0m - [38;2;116;173;209mfind_objects.py:global_skysub:583[0m - Global sky subtraction for slit: 1914
[1;38;2;49;54;149m    [INFO][0m - [38;2;116;173;209mskysub.py:global_skysub:195[0m - Full fit in global sky sub.
[1;38;2;49;54;149m    [INFO][0m - [38;2;116;173;209mfitting.py:bspline_profile:1156[0m - B-spline fit:
[1;38;2;49;54;149m    [INFO][0m - [38;2;116;173;209mfitting.py:bspline_profile:1157[0m -     npoly = 2 profile basis functions
[1;38;2;49;54;149m    [INFO][0m - [38;2;116;173;209mfitting.py:bspline_profile:1158[0m -     ngood = 90347/144812 measurements
[1;38;2;49;54;149m    [INFO][0m - [38;2;116;173;209mfitting.py:bspline_profile:1159[0m - ***************** Iter     Chi^2    N Rej  R. Fac *****************
[1;38;2;49;54;149m    [INFO][0m - [38;2;116;173;209mfitting.py:bspline_profile:1163[0m -                   ----  --------  -------  ------                  
[1;38;2;49;54;149m    [INFO][0m - [38;2;116;173;209mfitting.py:bspline_profile:1257[0m -                      1     0.963    54575    1.00                  
[1;38;2;49;54;149m    [INFO][0m - [38;2;116;173;209mfitting.py:bspline_profile:1257[0m -                      2     0.948    54577    1.00                  
[1;38;2;49;54;149m    [INFO][0m - [38;2;116;173;209mfitting.py:bspline_profile:1257[0m -                      3     0.947    54577    1.00                  
[1;38;2;49;54;149m    [INFO][0m - [38;2;116;173;209mfitting.py:bspline_profile:1272[0m -                   DONE     0.947    54577    1.00                  
[1;38;2;49;54;149m    [INFO][0m - [38;2;116;173;209mfitting.py:bspline_profile:1275[0m - *******************************************************************
[1;38;2;49;54;149m    [INFO][0m - [38;2;116;173;209mfind_objects.py:global_skysub:583[0m - Global sky subtraction for slit: 1996
[1;38;2;49;54;149m    [INFO][0m - [38;2;116;173;209mskysub.py:global_skysub:195[0m - Full fit in global sky sub.
[1;38;2;49;54;149m    [INFO][0m - [38;2;116;173;209mfitting.py:bspline_profile:1156[0m - B-spline fit:
[1;38;2;49;54;149m    [INFO][0m - [38;2;116;173;209mfitting.py:bspline_profile:1157[0m -     npoly = 2 profile basis functions
[1;38;2;49;54;149m    [INFO][0m - [38;2;116;173;209mfitting.py:bspline_profile:1158[0m -     ngood = 91039/145414 measurements
[1;38;2;49;54;149m    [INFO][0m - [38;2;116;173;209mfitting.py:bspline_profile:1159[0m - ***************** Iter     Chi^2    N Rej  R. Fac *****************
[1;38;2;49;54;149m    [INFO][0m - [38;2;116;173;209mfitting.py:bspline_profile:1163[0m -                   ----  --------  -------  ------                  
[1;38;2;49;54;149m    [INFO][0m - [38;2;116;173;209mfitting.py:bspline_profile:1257[0m -                      1     0.960    54471    1.00                  
[1;38;2;49;54;149m    [INFO][0m - [38;2;116;173;209mfitting.py:bspline_profile:1257[0m -                      2     0.946    54471    1.00                  
[1;38;2;49;54;149m    [INFO][0m - [38;2;116;173;209mfitting.py:bspline_profile:1272[0m -                   DONE     0.946    54471    1.00                  
[1;38;2;49;54;149m    [INFO][0m - [38;2;116;173;209mfitting.py:bspline_profile:1275[0m - *******************************************************************
[1;38;2;49;54;149m    [INFO][0m - [38;2;116;173;209mfind_objects.py:find_objects_pypeline:788[0m - Finding objects on slit # 61
[1;38;2;49;54;149m    [INFO][0m - [38;2;116;173;209mfindobj_skymask.py:objs_in_slit:2095[0m - No objects found automatically.  Consider manual extraction.
[1;38;2;49;54;149m    [INFO][0m - [38;2;116;173;209mfind_objects.py:find_objects_pypeline:788[0m - Finding objects on slit # 142
[1;38;2;49;54;149m    [INFO][0m - [38;2;116;173;209mfindobj_skymask.py:objs_in_slit:2095[0m - No objects found automatically.  Consider manual extraction.
[1;38;2;49;54;149m    [INFO][0m - [38;2;116;173;209mfind_objects.py:find_objects_pypeline:788[0m - Finding objects on slit # 217
[1;38;2;49;54;149m    [INFO][0m - [38;2;116;173;209mfindobj_skymask.py:objs_in_slit:2095[0m - No objects found automatically.  Consider manual extraction.
[1;38;2;49;54;149m    [INFO][0m - [38;2;116;173;209mfind_objects.py:find_objects_pypeline:788[0m - Finding objects on slit # 296
[1;38;2;49;54;149m    [INFO][0m - [38;2;116;173;209mfindobj_skymask.py:objs_in_slit:2095[0m - No objects found automatically.  Consider manual extraction.
[1;38;2;49;54;149m    [INFO][0m - [38;2;116;173;209mfind_objects.py:find_objects_pypeline:788[0m - Finding objects on slit # 370
[1;38;2;49;54;149m    [INFO][0m - [38;2;116;173;209mfindobj_skymask.py:objs_in_slit:2095[0m - No objects found automatically.  Consider manual extraction.
[1;38;2;49;54;149m    [INFO][0m - [38;2;116;173;209mfind_objects.py:find_objects_pypeline:788[0m - Finding objects on slit # 445
[1;38;2;49;54;149m    [INFO][0m - [38;2;116;173;209mfindobj_skymask.py:objs_in_slit:2095[0m - No objects found automatically.  Consider manual extraction.
[1;38;2;49;54;149m    [INFO][0m - [38;2;116;173;209mfind_objects.py:find_objects_pypeline:788[0m - Finding objects on slit # 518
[1;38;2;49;54;149m    [INFO][0m - [38;2;116;173;209mfindobj_skymask.py:objs_in_slit:2095[0m - No objects found automatically.  Consider manual extraction.
[1;38;2;49;54;149m    [INFO][0m - [38;2;116;173;209mfind_objects.py:find_objects_pypeline:788[0m - Finding objects on slit # 591
[1;38;2;49;54;149m    [INFO][0m - [38;2;116;173;209mfindobj_skymask.py:objs_in_slit:2095[0m - No objects found automatically.  Consider manual extraction.
[1;38;2;49;54;149m    [INFO][0m - [38;2;116;173;209mfind_objects.py:find_objects_pypeline:788[0m - Finding objects on slit # 664
[1;38;2;49;54;149m    [INFO][0m - [38;2;116;173;209mfindobj_skymask.py:objs_in_slit:2095[0m - No objects found automatically.  Consider manual extraction.
[1;38;2;49;54;149m    [INFO][0m - [38;2;116;173;209mfind_objects.py:find_objects_pypeline:788[0m - Finding objects on slit # 739
[1;38;2;49;54;149m    [INFO][0m - [38;2;116;173;209mfindobj_skymask.py:objs_in_slit:2073[0m - Using slit edges as crutch for object tracing
[1;38;2;49;54;149m    [INFO][0m - [38;2;116;173;209mfindobj_skymask.py:objs_in_slit:2098[0m - Automatic finding routine found 1 objects
[1;38;2;49;54;149m    [INFO][0m - [38;2;116;173;209mfindobj_skymask.py:objs_in_slit:2102[0m - Fitting the traces
[1;38;2;253;174;97m [WARNING][0m - [38;2;116;173;209mpolyutils.py:_fit:662[0m - RankWarning: The fit may be poorly conditioned
[1;38;2;49;54;149m    [INFO][0m - [38;2;116;173;209mfindobj_skymask.py:objs_in_slit:2254[0m - Successfully traced a total of 1 objects
[1;38;2;49;54;149m    [INFO][0m - [38;2;116;173;209mfind_objects.py:find_objects_pypeline:788[0m - Finding objects on slit # 812
[1;38;2;49;54;149m    [INFO][0m - [38;2;116;173;209mfindobj_skymask.py:objs_in_slit:2073[0m - Using slit edges as crutch for object tracing
[1;38;2;49;54;149m    [INFO][0m - [38;2;116;173;209mfindobj_skymask.py:objs_in_slit:2098[0m - Automatic finding routine found 1 objects
[1;38;2;49;54;149m    [INFO][0m - [38;2;116;173;209mfindobj_skymask.py:objs_in_slit:2102[0m - Fitting the traces
[1;38;2;253;174;97m [WARNING][0m - [38;2;116;173;209mpolyutils.py:_fit:662[0m - RankWarning: The fit may be poorly conditioned
[1;38;2;49;54;149m    [INFO][0m - [38;2;116;173;209mfindobj_skymask.py:objs_in_slit:2254[0m - Successfully traced a total of 1 objects
[1;38;2;49;54;149m    [INFO][0m - [38;2;116;173;209mfind_objects.py:find_objects_pypeline:788[0m - Finding objects on slit # 886
[1;38;2;49;54;149m    [INFO][0m - [38;2;116;173;209mfindobj_skymask.py:objs_in_slit:2073[0m - Using slit edges as crutch for object tracing
[1;38;2;49;54;149m    [INFO][0m - [38;2;116;173;209mfindobj_skymask.py:objs_in_slit:2098[0m - Automatic finding routine found 1 objects
[1;38;2;49;54;149m    [INFO][0m - [38;2;116;173;209mfindobj_skymask.py:objs_in_slit:2102[0m - Fitting the traces
[1;38;2;253;174;97m [WARNING][0m - [38;2;116;173;209mpolyutils.py:_fit:662[0m - RankWarning: The fit may be poorly conditioned
[1;38;2;49;54;149m    [INFO][0m - [38;2;116;173;209mfindobj_skymask.py:objs_in_slit:2254[0m - Successfully traced a total of 1 objects
[1;38;2;49;54;149m    [INFO][0m - [38;2;116;173;209mfind_objects.py:find_objects_pypeline:788[0m - Finding objects on slit # 1164
[1;38;2;49;54;149m    [INFO][0m - [38;2;116;173;209mfindobj_skymask.py:objs_in_slit:2073[0m - Using slit edges as crutch for object tracing
[1;38;2;49;54;149m    [INFO][0m - [38;2;116;173;209mfindobj_skymask.py:objs_in_slit:2098[0m - Automatic finding routine found 1 objects
[1;38;2;49;54;149m    [INFO][0m - [38;2;116;173;209mfindobj_skymask.py:objs_in_slit:2102[0m - Fitting the traces
[1;38;2;253;174;97m [WARNING][0m - [38;2;116;173;209mpolyutils.py:_fit:662[0m - RankWarning: The fit may be poorly conditioned
[1;38;2;49;54;149m    [INFO][0m - [38;2;116;173;209mfindobj_skymask.py:objs_in_slit:2254[0m - Successfully traced a total of 1 objects
[1;38;2;49;54;149m    [INFO][0m - [38;2;116;173;209mfind_objects.py:find_objects_pypeline:788[0m - Finding objects on slit # 1238
[1;38;2;49;54;149m    [INFO][0m - [38;2;116;173;209mfindobj_skymask.py:objs_in_slit:2073[0m - Using slit edges as crutch for object tracing
[1;38;2;49;54;149m    [INFO][0m - [38;2;116;173;209mfindobj_skymask.py:objs_in_slit:2098[0m - Automatic finding routine found 1 objects
[1;38;2;49;54;149m    [INFO][0m - [38;2;116;173;209mfindobj_skymask.py:objs_in_slit:2102[0m - Fitting the traces
[1;38;2;253;174;97m [WARNING][0m - [38;2;116;173;209mpolyutils.py:_fit:662[0m - RankWarning: The fit may be poorly conditioned
[1;38;2;49;54;149m    [INFO][0m - [38;2;116;173;209mfindobj_skymask.py:objs_in_slit:2254[0m - Successfully traced a total of 1 objects
[1;38;2;49;54;149m    [INFO][0m - [38;2;116;173;209mfind_objects.py:find_objects_pypeline:788[0m - Finding objects on slit # 1312
[1;38;2;49;54;149m    [INFO][0m - [38;2;116;173;209mfindobj_skymask.py:objs_in_slit:2073[0m - Using slit edges as crutch for object tracing
[1;38;2;49;54;149m    [INFO][0m - [38;2;116;173;209mfindobj_skymask.py:objs_in_slit:2098[0m - Automatic finding routine found 1 objects
[1;38;2;49;54;149m    [INFO][0m - [38;2;116;173;209mfindobj_skymask.py:objs_in_slit:2102[0m - Fitting the traces
[1;38;2;253;174;97m [WARNING][0m - [38;2;116;173;209mpolyutils.py:_fit:662[0m - RankWarning: The fit may be poorly conditioned
[1;38;2;49;54;149m    [INFO][0m - [38;2;116;173;209mfindobj_skymask.py:objs_in_slit:2254[0m - Successfully traced a total of 1 objects
[1;38;2;49;54;149m    [INFO][0m - [38;2;116;173;209mfind_objects.py:find_objects_pypeline:788[0m - Finding objects on slit # 1386
[1;38;2;49;54;149m    [INFO][0m - [38;2;116;173;209mfindobj_skymask.py:objs_in_slit:2073[0m - Using slit edges as crutch for object tracing
[1;38;2;49;54;149m    [INFO][0m - [38;2;116;173;209mfindobj_skymask.py:objs_in_slit:2098[0m - Automatic finding routine found 1 objects
[1;38;2;49;54;149m    [INFO][0m - [38;2;116;173;209mfindobj_skymask.py:objs_in_slit:2102[0m - Fitting the traces
[1;38;2;253;174;97m [WARNING][0m - [38;2;116;173;209mpolyutils.py:_fit:662[0m - RankWarning: The fit may be poorly conditioned
[1;38;2;49;54;149m    [INFO][0m - [38;2;116;173;209mfindobj_skymask.py:objs_in_slit:2254[0m - Successfully traced a total of 1 objects
[1;38;2;49;54;149m    [INFO][0m - [38;2;116;173;209mfind_objects.py:find_objects_pypeline:788[0m - Finding objects on slit # 1459
[1;38;2;49;54;149m    [INFO][0m - [38;2;116;173;209mfindobj_skymask.py:objs_in_slit:2095[0m - No objects found automatically.  Consider manual extraction.
[1;38;2;49;54;149m    [INFO][0m - [38;2;116;173;209mfind_objects.py:find_objects_pypeline:788[0m - Finding objects on slit # 1534
[1;38;2;49;54;149m    [INFO][0m - [38;2;116;173;209mfindobj_skymask.py:objs_in_slit:2095[0m - No objects found automatically.  Consider manual extraction.
[1;38;2;49;54;149m    [INFO][0m - [38;2;116;173;209mfind_objects.py:find_objects_pypeline:788[0m - Finding objects on slit # 1608
[1;38;2;49;54;149m    [INFO][0m - [38;2;116;173;209mfindobj_skymask.py:objs_in_slit:2095[0m - No objects found automatically.  Consider manual extraction.
[1;38;2;49;54;149m    [INFO][0m - [38;2;116;173;209mfind_objects.py:find_objects_pypeline:788[0m - Finding objects on slit # 1683
[1;38;2;49;54;149m    [INFO][0m - [38;2;116;173;209mfindobj_skymask.py:objs_in_slit:2095[0m - No objects found automatically.  Consider manual extraction.
[1;38;2;49;54;149m    [INFO][0m - [38;2;116;173;209mfind_objects.py:find_objects_pypeline:788[0m - Finding objects on slit # 1758
[1;38;2;49;54;149m    [INFO][0m - [38;2;116;173;209mfindobj_skymask.py:objs_in_slit:2095[0m - No objects found automatically.  Consider manual extraction.
[1;38;2;49;54;149m    [INFO][0m - [38;2;116;173;209mfind_objects.py:find_objects_pypeline:788[0m - Finding objects on slit # 1837
[1;38;2;49;54;149m    [INFO][0m - [38;2;116;173;209mfindobj_skymask.py:objs_in_slit:2095[0m - No objects found automatically.  Consider manual extraction.
[1;38;2;49;54;149m    [INFO][0m - [38;2;116;173;209mfind_objects.py:find_objects_pypeline:788[0m - Finding objects on slit # 1914
[1;38;2;49;54;149m    [INFO][0m - [38;2;116;173;209mfindobj_skymask.py:objs_in_slit:2095[0m - No objects found automatically.  Consider manual extraction.
[1;38;2;49;54;149m    [INFO][0m - [38;2;116;173;209mfind_objects.py:find_objects_pypeline:788[0m - Finding objects on slit # 1996
[1;38;2;49;54;149m    [INFO][0m - [38;2;116;173;209mfindobj_skymask.py:objs_in_slit:2095[0m - No objects found automatically.  Consider manual extraction.
[1;38;2;49;54;149m    [INFO][0m - [38;2;116;173;209mfind_objects.py:run:373[0m - Either no objects were found or a user-provided sky mask was used.  Skipping second pass of sky-subtraction and object finding.
[1;38;2;49;54;149m    [INFO][0m - [38;2;116;173;209mdatamodel.py:from_file:1558[0m - Loading BiasImage from /Users/kaiwenzhang/PycharmProjects/KCWI/KCWI_RED_channel_characterization/RM1 pypeit run/2024-03-15/pypeit_run/keck_kcrm_B/Calibrations/Bias_B_1_DET01.fits
[1;38;2;253;174;97m [WARNING][0m - [38;2;116;173;209mcalibrations.py:get_dark:606[0m - No raw dark frames found and unable to identify a relevant processed calibration frame.  Continuing...
[1;38;2;49;54;149m    [INFO][0m - [38;2;116;173;209mkeck_kcwi.py:get_rawimage:1426[0m - Reading KCWI file: /Users/kaiwenzhang/PycharmProjects/KCWI/KCWI_RED_channel_characterization/fits/by_night/RM1/2024-03-15/KR.20240316.44048.60.fits
[1;38;2;49;54;149m    [INFO][0m - [38;2;116;173;209mdatamodel.py:from_file:1558[0m - Loading ArcImage from /Users/kaiwenzhang/PycharmProjects/KCWI/KCWI_RED_channel_characterization/RM1 pypeit run/2024-03-15/pypeit_run/keck_kcrm_B/Calibrations/Arc_B_1_DET01.fits
[1;38;2;49;54;149m    [INFO][0m - [38;2;116;173;209mdatamodel.py:from_file:1558[0m - Loading TiltImage from /Users/kaiwenzhang/PycharmProjects/KCWI/KCWI_RED_channel_characterization/RM1 pypeit run/2024-03-15/pypeit_run/keck_kcrm_B/Calibrations/Tiltimg_B_1_DET01.fits
[1;38;2;49;54;149m    [INFO][0m - [38;2;116;173;209mdatamodel.py:from_file:1558[0m - Loading SlitTraceSet from /Users/kaiwenzhang/PycharmProjects/KCWI/KCWI_RED_channel_characterization/RM1 pypeit run/2024-03-15/pypeit_run/keck_kcrm_B/Calibrations/Slits_B_1_DET01.fits.gz
[1;38;2;49;54;149m    [INFO][0m - [38;2;116;173;209mdatamodel.py:from_file:1558[0m - Loading WaveCalib from /Users/kaiwenzhang/PycharmProjects/KCWI/KCWI_RED_channel_characterization/RM1 pypeit run/2024-03-15/pypeit_run/keck_kcrm_B/Calibrations/WaveCalib_B_1_DET01.fits
[1;38;2;49;54;149m    [INFO][0m - [38;2;116;173;209mdatamodel.py:from_file:1558[0m - Loading WaveTilts from /Users/kaiwenzhang/PycharmProjects/KCWI/KCWI_RED_channel_characterization/RM1 pypeit run/2024-03-15/pypeit_run/keck_kcrm_B/Calibrations/Tilts_B_1_DET01.fits
[1;38;2;49;54;149m    [INFO][0m - [38;2;116;173;209mdatamodel.py:from_file:1558[0m - Loading Alignments from /Users/kaiwenzhang/PycharmProjects/KCWI/KCWI_RED_channel_characterization/RM1 pypeit run/2024-03-15/pypeit_run/keck_kcrm_B/Calibrations/Alignment_B_1_DET01.fits
[1;38;2;49;54;149m    [INFO][0m - [38;2;116;173;209mdatamodel.py:from_file:1558[0m - Loading ScatteredLight from /Users/kaiwenzhang/PycharmProjects/KCWI/KCWI_RED_channel_characterization/RM1 pypeit run/2024-03-15/pypeit_run/keck_kcrm_B/Calibrations/ScatteredLight_B_1_DET01.fits.gz
[1;38;2;49;54;149m    [INFO][0m - [38;2;116;173;209mdatamodel.py:from_file:1558[0m - Loading FlatImages from /Users/kaiwenzhang/PycharmProjects/KCWI/KCWI_RED_channel_characterization/RM1 pypeit run/2024-03-15/pypeit_run/keck_kcrm_B/Calibrations/Flat_B_1_DET01.fits
[1;38;2;49;54;149m    [INFO][0m - [38;2;116;173;209mcalibrations.py:run_the_steps:1459[0m - Calibration complete and/or fully loaded!
[1;38;2;49;54;149m    [INFO][0m - [38;2;116;173;209mcalibrations.py:run_the_steps:1460[0m - #######################################################################
[1;38;2;49;54;149m    [INFO][0m - [38;2;116;173;209mpypeit_steps.py:extract_det:732[0m - Extraction skipped for KR.20240316.44048.60-feige34_KCRM_20240316T121408.102 on det=1
[1;38;2;49;54;149m    [INFO][0m - [38;2;116;173;209mwavetilts.py:fit2tiltimg:143[0m - Generating a tilts image from the fit parameters
[1;38;2;49;54;149m    [INFO][0m - [38;2;116;173;209mpypeit_steps.py:refframe_correct:906[0m - Performing a heliocentric correction
[1;38;2;49;54;149m    [INFO][0m - [38;2;116;173;209mpypeit_steps.py:refframe_correct:915[0m - Applying heliocentric correction = -13.49096 km/s
WARNING: Format d cannot be mapped to the accepted TDISPn keyword values.  Format will not be moved into TDISPn keyword. [astropy.io.fits.column]
WARNING: Format 0.1f cannot be mapped to the accepted TDISPn keyword values.  Format will not be moved into TDISPn keyword. [astropy.io.fits.column]
WARNING: Format 0.3f cannot be mapped to the accepted TDISPn keyword values.  Format will not be moved into TDISPn keyword. [astropy.io.fits.column]
[1;38;2;49;54;149m    [INFO][0m - [38;2;116;173;209mspec2dobj.py:write_to_fits:721[0m - Wrote: /Users/kaiwenzhang/PycharmProjects/KCWI/KCWI_RED_channel_characterization/RM1 pypeit run/2024-03-15/pypeit_run/keck_kcrm_B/Science/spec2d_KR.20240316.44048.60-feige34_KCRM_20240316T121408.102.fits
[1;38;2;49;54;149m    [INFO][0m - [38;2;116;173;209mexposure.py:reduce_exposure:406[0m - Reducing target feige34
Combining frames:
KR.20240316.44178.62.fits

[1;38;2;49;54;149m    [INFO][0m - [38;2;116;173;209mexposure.py:reduce_exposure:417[0m - Detectors to work on: [1]
[1;38;2;49;54;149m    [INFO][0m - [38;2;116;173;209mexposure.py:reduce_exposure:422[0m - Calibrating detector 1
[1;38;2;49;54;149m    [INFO][0m - [38;2;116;173;209mpypeit_steps.py:calib_one:173[0m - Building/loading calibrations for detector 1
[1;38;2;49;54;149m    [INFO][0m - [38;2;116;173;209mdatamodel.py:from_file:1558[0m - Loading BiasImage from /Users/kaiwenzhang/PycharmProjects/KCWI/KCWI_RED_channel_characterization/RM1 pypeit run/2024-03-15/pypeit_run/keck_kcrm_B/Calibrations/Bias_B_1_DET01.fits
[1;38;2;253;174;97m [WARNING][0m - [38;2;116;173;209mcalibrations.py:get_dark:606[0m - No raw dark frames found and unable to identify a relevant processed calibration frame.  Continuing...
[1;38;2;49;54;149m    [INFO][0m - [38;2;116;173;209mkeck_kcwi.py:get_rawimage:1426[0m - Reading KCWI file: /Users/kaiwenzhang/PycharmProjects/KCWI/KCWI_RED_channel_characterization/fits/by_night/RM1/2024-03-15/KR.20240316.08992.59.fits
[1;38;2;253;174;97m [WARNING][0m - [38;2;116;173;209mkeck_kcwi.py:bpm:820[0m - KCRM bad pixel mask is not available for ampmode=L2U2L1U1 binning=2,2
[1;38;2;49;54;149m    [INFO][0m - [38;2;116;173;209mdatamodel.py:from_file:1558[0m - Loading ArcImage from /Users/kaiwenzhang/PycharmProjects/KCWI/KCWI_RED_channel_characterization/RM1 pypeit run/2024-03-15/pypeit_run/keck_kcrm_B/Calibrations/Arc_B_1_DET01.fits
[1;38;2;49;54;149m    [INFO][0m - [38;2;116;173;209mdatamodel.py:from_file:1558[0m - Loading TiltImage from /Users/kaiwenzhang/PycharmProjects/KCWI/KCWI_RED_channel_characterization/RM1 pypeit run/2024-03-15/pypeit_run/keck_kcrm_B/Calibrations/Tiltimg_B_1_DET01.fits
[1;38;2;49;54;149m    [INFO][0m - [38;2;116;173;209mdatamodel.py:from_file:1558[0m - Loading SlitTraceSet from /Users/kaiwenzhang/PycharmProjects/KCWI/KCWI_RED_channel_characterization/RM1 pypeit run/2024-03-15/pypeit_run/keck_kcrm_B/Calibrations/Slits_B_1_DET01.fits.gz
[1;38;2;49;54;149m    [INFO][0m - [38;2;116;173;209mdatamodel.py:from_file:1558[0m - Loading WaveCalib from /Users/kaiwenzhang/PycharmProjects/KCWI/KCWI_RED_channel_characterization/RM1 pypeit run/2024-03-15/pypeit_run/keck_kcrm_B/Calibrations/WaveCalib_B_1_DET01.fits
[1;38;2;49;54;149m    [INFO][0m - [38;2;116;173;209mdatamodel.py:from_file:1558[0m - Loading WaveTilts from /Users/kaiwenzhang/PycharmProjects/KCWI/KCWI_RED_channel_characterization/RM1 pypeit run/2024-03-15/pypeit_run/keck_kcrm_B/Calibrations/Tilts_B_1_DET01.fits
[1;38;2;49;54;149m    [INFO][0m - [38;2;116;173;209mdatamodel.py:from_file:1558[0m - Loading Alignments from /Users/kaiwenzhang/PycharmProjects/KCWI/KCWI_RED_channel_characterization/RM1 pypeit run/2024-03-15/pypeit_run/keck_kcrm_B/Calibrations/Alignment_B_1_DET01.fits
[1;38;2;49;54;149m    [INFO][0m - [38;2;116;173;209mdatamodel.py:from_file:1558[0m - Loading ScatteredLight from /Users/kaiwenzhang/PycharmProjects/KCWI/KCWI_RED_channel_characterization/RM1 pypeit run/2024-03-15/pypeit_run/keck_kcrm_B/Calibrations/ScatteredLight_B_1_DET01.fits.gz
[1;38;2;49;54;149m    [INFO][0m - [38;2;116;173;209mdatamodel.py:from_file:1558[0m - Loading FlatImages from /Users/kaiwenzhang/PycharmProjects/KCWI/KCWI_RED_channel_characterization/RM1 pypeit run/2024-03-15/pypeit_run/keck_kcrm_B/Calibrations/Flat_B_1_DET01.fits
[1;38;2;49;54;149m    [INFO][0m - [38;2;116;173;209mcalibrations.py:run_the_steps:1459[0m - Calibration complete and/or fully loaded!
[1;38;2;49;54;149m    [INFO][0m - [38;2;116;173;209mcalibrations.py:run_the_steps:1460[0m - #######################################################################
[1;38;2;49;54;149m    [INFO][0m - [38;2;116;173;209mexposure.py:process_exposure:126[0m - Reducing detector 1
[1;38;2;49;54;149m    [INFO][0m - [38;2;116;173;209mdatamodel.py:from_file:1558[0m - Loading BiasImage from /Users/kaiwenzhang/PycharmProjects/KCWI/KCWI_RED_channel_characterization/RM1 pypeit run/2024-03-15/pypeit_run/keck_kcrm_B/Calibrations/Bias_B_1_DET01.fits
[1;38;2;253;174;97m [WARNING][0m - [38;2;116;173;209mcalibrations.py:get_dark:606[0m - No raw dark frames found and unable to identify a relevant processed calibration frame.  Continuing...
[1;38;2;49;54;149m    [INFO][0m - [38;2;116;173;209mkeck_kcwi.py:get_rawimage:1426[0m - Reading KCWI file: /Users/kaiwenzhang/PycharmProjects/KCWI/KCWI_RED_channel_characterization/fits/by_night/RM1/2024-03-15/KR.20240316.44178.62.fits
[1;38;2;49;54;149m    [INFO][0m - [38;2;116;173;209mdatamodel.py:from_file:1558[0m - Loading ArcImage from /Users/kaiwenzhang/PycharmProjects/KCWI/KCWI_RED_channel_characterization/RM1 pypeit run/2024-03-15/pypeit_run/keck_kcrm_B/Calibrations/Arc_B_1_DET01.fits
[1;38;2;49;54;149m    [INFO][0m - [38;2;116;173;209mdatamodel.py:from_file:1558[0m - Loading TiltImage from /Users/kaiwenzhang/PycharmProjects/KCWI/KCWI_RED_channel_characterization/RM1 pypeit run/2024-03-15/pypeit_run/keck_kcrm_B/Calibrations/Tiltimg_B_1_DET01.fits
[1;38;2;49;54;149m    [INFO][0m - [38;2;116;173;209mdatamodel.py:from_file:1558[0m - Loading SlitTraceSet from /Users/kaiwenzhang/PycharmProjects/KCWI/KCWI_RED_channel_characterization/RM1 pypeit run/2024-03-15/pypeit_run/keck_kcrm_B/Calibrations/Slits_B_1_DET01.fits.gz
[1;38;2;49;54;149m    [INFO][0m - [38;2;116;173;209mdatamodel.py:from_file:1558[0m - Loading WaveCalib from /Users/kaiwenzhang/PycharmProjects/KCWI/KCWI_RED_channel_characterization/RM1 pypeit run/2024-03-15/pypeit_run/keck_kcrm_B/Calibrations/WaveCalib_B_1_DET01.fits
[1;38;2;49;54;149m    [INFO][0m - [38;2;116;173;209mdatamodel.py:from_file:1558[0m - Loading WaveTilts from /Users/kaiwenzhang/PycharmProjects/KCWI/KCWI_RED_channel_characterization/RM1 pypeit run/2024-03-15/pypeit_run/keck_kcrm_B/Calibrations/Tilts_B_1_DET01.fits
[1;38;2;49;54;149m    [INFO][0m - [38;2;116;173;209mdatamodel.py:from_file:1558[0m - Loading Alignments from /Users/kaiwenzhang/PycharmProjects/KCWI/KCWI_RED_channel_characterization/RM1 pypeit run/2024-03-15/pypeit_run/keck_kcrm_B/Calibrations/Alignment_B_1_DET01.fits
[1;38;2;49;54;149m    [INFO][0m - [38;2;116;173;209mdatamodel.py:from_file:1558[0m - Loading ScatteredLight from /Users/kaiwenzhang/PycharmProjects/KCWI/KCWI_RED_channel_characterization/RM1 pypeit run/2024-03-15/pypeit_run/keck_kcrm_B/Calibrations/ScatteredLight_B_1_DET01.fits.gz
[1;38;2;49;54;149m    [INFO][0m - [38;2;116;173;209mdatamodel.py:from_file:1558[0m - Loading FlatImages from /Users/kaiwenzhang/PycharmProjects/KCWI/KCWI_RED_channel_characterization/RM1 pypeit run/2024-03-15/pypeit_run/keck_kcrm_B/Calibrations/Flat_B_1_DET01.fits
[1;38;2;49;54;149m    [INFO][0m - [38;2;116;173;209mcalibrations.py:run_the_steps:1459[0m - Calibration complete and/or fully loaded!
[1;38;2;49;54;149m    [INFO][0m - [38;2;116;173;209mcalibrations.py:run_the_steps:1460[0m - #######################################################################
[1;38;2;49;54;149m    [INFO][0m - [38;2;116;173;209mpypeit_steps.py:process_one_det:260[0m - Image processing begins for KR.20240316.44178.62-feige34_KCRM_20240316T121618.653 on det=1
[1;38;2;49;54;149m    [INFO][0m - [38;2;116;173;209mkeck_kcwi.py:get_rawimage:1426[0m - Reading KCWI file: /Users/kaiwenzhang/PycharmProjects/KCWI/KCWI_RED_channel_characterization/fits/by_night/RM1/2024-03-15/KR.20240316.44178.62.fits
[1;38;2;49;54;149m    [INFO][0m - [38;2;116;173;209mrawimage.py:process:564[0m - Performing basic image processing on KR.20240316.44178.62.fits.
[1;38;2;49;54;149m    [INFO][0m - [38;2;116;173;209mrawimage.py:estimate_readnoise:359[0m - Estimated readnoise of amplifier 1 = 3.689 e-
[1;38;2;49;54;149m    [INFO][0m - [38;2;116;173;209mrawimage.py:estimate_readnoise:359[0m - Estimated readnoise of amplifier 2 = 3.705 e-
[1;38;2;49;54;149m    [INFO][0m - [38;2;116;173;209mprocimg.py:lacosmic:170[0m - Detecting cosmic rays with the L.A.Cosmic algorithm
[1;38;2;49;54;149m    [INFO][0m - [38;2;116;173;209mprocimg.py:lacosmic:218[0m - Convolving image with Laplacian kernel
[1;38;2;49;54;149m    [INFO][0m - [38;2;116;173;209mprocimg.py:lacosmic:229[0m - Found 4727 candidate cosmic-ray pixels
[1;38;2;49;54;149m    [INFO][0m - [38;2;116;173;209mprocimg.py:lacosmic:235[0m - Reduced to 4727 candidates after excluding known bad pixels.
[1;38;2;49;54;149m    [INFO][0m - [38;2;116;173;209mprocimg.py:lacosmic:246[0m - Reduced to 2103 candidates after excluding compact objects.
[1;38;2;49;54;149m    [INFO][0m - [38;2;116;173;209mprocimg.py:lacosmic:250[0m - Finding neighboring pixels affected by cosmic rays
[1;38;2;49;54;149m    [INFO][0m - [38;2;116;173;209mprocimg.py:lacosmic:260[0m - Changed to 5722 candidates after evaluating neighboring pixels.
[1;38;2;49;54;149m    [INFO][0m - [38;2;116;173;209mprocimg.py:lacosmic:266[0m - Reduced to 5722 candidates after excluding known bad pixels.
[1;38;2;49;54;149m    [INFO][0m - [38;2;116;173;209mprocimg.py:lacosmic:271[0m - Iteration 1: 5722 pixels identified as cosmic rays (5722 are new)
[1;38;2;49;54;149m    [INFO][0m - [38;2;116;173;209mprocimg.py:lacosmic:300[0m - 5613 pixels identified as cosmic rays after removing false positives
[1;38;2;49;54;149m    [INFO][0m - [38;2;116;173;209mpypeit_steps.py:findobj_on_det:381[0m - Object finding begins for KR.20240316.44178.62-feige34_KCRM_20240316T121618.653 on det=1
[1;38;2;49;54;149m    [INFO][0m - [38;2;116;173;209mdatamodel.py:from_file:1558[0m - Loading BiasImage from /Users/kaiwenzhang/PycharmProjects/KCWI/KCWI_RED_channel_characterization/RM1 pypeit run/2024-03-15/pypeit_run/keck_kcrm_B/Calibrations/Bias_B_1_DET01.fits
[1;38;2;253;174;97m [WARNING][0m - [38;2;116;173;209mcalibrations.py:get_dark:606[0m - No raw dark frames found and unable to identify a relevant processed calibration frame.  Continuing...
[1;38;2;49;54;149m    [INFO][0m - [38;2;116;173;209mkeck_kcwi.py:get_rawimage:1426[0m - Reading KCWI file: /Users/kaiwenzhang/PycharmProjects/KCWI/KCWI_RED_channel_characterization/fits/by_night/RM1/2024-03-15/KR.20240316.44178.62.fits
[1;38;2;49;54;149m    [INFO][0m - [38;2;116;173;209mdatamodel.py:from_file:1558[0m - Loading ArcImage from /Users/kaiwenzhang/PycharmProjects/KCWI/KCWI_RED_channel_characterization/RM1 pypeit run/2024-03-15/pypeit_run/keck_kcrm_B/Calibrations/Arc_B_1_DET01.fits
[1;38;2;49;54;149m    [INFO][0m - [38;2;116;173;209mdatamodel.py:from_file:1558[0m - Loading TiltImage from /Users/kaiwenzhang/PycharmProjects/KCWI/KCWI_RED_channel_characterization/RM1 pypeit run/2024-03-15/pypeit_run/keck_kcrm_B/Calibrations/Tiltimg_B_1_DET01.fits
[1;38;2;49;54;149m    [INFO][0m - [38;2;116;173;209mdatamodel.py:from_file:1558[0m - Loading SlitTraceSet from /Users/kaiwenzhang/PycharmProjects/KCWI/KCWI_RED_channel_characterization/RM1 pypeit run/2024-03-15/pypeit_run/keck_kcrm_B/Calibrations/Slits_B_1_DET01.fits.gz
[1;38;2;49;54;149m    [INFO][0m - [38;2;116;173;209mdatamodel.py:from_file:1558[0m - Loading WaveCalib from /Users/kaiwenzhang/PycharmProjects/KCWI/KCWI_RED_channel_characterization/RM1 pypeit run/2024-03-15/pypeit_run/keck_kcrm_B/Calibrations/WaveCalib_B_1_DET01.fits
[1;38;2;49;54;149m    [INFO][0m - [38;2;116;173;209mdatamodel.py:from_file:1558[0m - Loading WaveTilts from /Users/kaiwenzhang/PycharmProjects/KCWI/KCWI_RED_channel_characterization/RM1 pypeit run/2024-03-15/pypeit_run/keck_kcrm_B/Calibrations/Tilts_B_1_DET01.fits
[1;38;2;49;54;149m    [INFO][0m - [38;2;116;173;209mdatamodel.py:from_file:1558[0m - Loading Alignments from /Users/kaiwenzhang/PycharmProjects/KCWI/KCWI_RED_channel_characterization/RM1 pypeit run/2024-03-15/pypeit_run/keck_kcrm_B/Calibrations/Alignment_B_1_DET01.fits
[1;38;2;49;54;149m    [INFO][0m - [38;2;116;173;209mdatamodel.py:from_file:1558[0m - Loading ScatteredLight from /Users/kaiwenzhang/PycharmProjects/KCWI/KCWI_RED_channel_characterization/RM1 pypeit run/2024-03-15/pypeit_run/keck_kcrm_B/Calibrations/ScatteredLight_B_1_DET01.fits.gz
[1;38;2;49;54;149m    [INFO][0m - [38;2;116;173;209mdatamodel.py:from_file:1558[0m - Loading FlatImages from /Users/kaiwenzhang/PycharmProjects/KCWI/KCWI_RED_channel_characterization/RM1 pypeit run/2024-03-15/pypeit_run/keck_kcrm_B/Calibrations/Flat_B_1_DET01.fits
[1;38;2;49;54;149m    [INFO][0m - [38;2;116;173;209mcalibrations.py:run_the_steps:1459[0m - Calibration complete and/or fully loaded!
[1;38;2;49;54;149m    [INFO][0m - [38;2;116;173;209mcalibrations.py:run_the_steps:1460[0m - #######################################################################
[1;38;2;49;54;149m    [INFO][0m - [38;2;116;173;209mpypeit_steps.py:findobj_on_det:387[0m - Reducing detector 1
[1;38;2;49;54;149m    [INFO][0m - [38;2;116;173;209mpypeit_steps.py:load_skyregions:606[0m - Generating skysub mask based on the user defined regions: :36,65:
[1;38;2;49;54;149m    [INFO][0m - [38;2;116;173;209mfind_objects.py:__init__:164[0m - Initializing slits
[1;38;2;49;54;149m    [INFO][0m - [38;2;116;173;209mfind_objects.py:__init__:232[0m - Generating tilts image from fit in waveTilts
[1;38;2;49;54;149m    [INFO][0m - [38;2;116;173;209mwavetilts.py:fit2tiltimg:143[0m - Generating a tilts image from the fit parameters
[1;38;2;49;54;149m    [INFO][0m - [38;2;116;173;209mfind_objects.py:global_skysub:583[0m - Global sky subtraction for slit: 61
[1;38;2;49;54;149m    [INFO][0m - [38;2;116;173;209mskysub.py:global_skysub:195[0m - Full fit in global sky sub.
[1;38;2;49;54;149m    [INFO][0m - [38;2;116;173;209mfitting.py:bspline_profile:1156[0m - B-spline fit:
[1;38;2;49;54;149m    [INFO][0m - [38;2;116;173;209mfitting.py:bspline_profile:1157[0m -     npoly = 2 profile basis functions
[1;38;2;49;54;149m    [INFO][0m - [38;2;116;173;209mfitting.py:bspline_profile:1158[0m -     ngood = 89175/144189 measurements
[1;38;2;49;54;149m    [INFO][0m - [38;2;116;173;209mfitting.py:bspline_profile:1159[0m - ***************** Iter     Chi^2    N Rej  R. Fac *****************
[1;38;2;49;54;149m    [INFO][0m - [38;2;116;173;209mfitting.py:bspline_profile:1163[0m -                   ----  --------  -------  ------                  
[1;38;2;49;54;149m    [INFO][0m - [38;2;116;173;209mfitting.py:bspline_profile:1257[0m -                      1     1.132    55199    1.00                  
[1;38;2;49;54;149m    [INFO][0m - [38;2;116;173;209mfitting.py:bspline_profile:1257[0m -                      2     1.000    55202    1.00                  
[1;38;2;49;54;149m    [INFO][0m - [38;2;116;173;209mfitting.py:bspline_profile:1257[0m -                      3     1.000    55202    1.00                  
[1;38;2;49;54;149m    [INFO][0m - [38;2;116;173;209mfitting.py:bspline_profile:1272[0m -                   DONE     1.000    55202    1.00                  
[1;38;2;49;54;149m    [INFO][0m - [38;2;116;173;209mfitting.py:bspline_profile:1275[0m - *******************************************************************
[1;38;2;49;54;149m    [INFO][0m - [38;2;116;173;209mfind_objects.py:global_skysub:583[0m - Global sky subtraction for slit: 142
[1;38;2;49;54;149m    [INFO][0m - [38;2;116;173;209mskysub.py:global_skysub:195[0m - Full fit in global sky sub.
[1;38;2;49;54;149m    [INFO][0m - [38;2;116;173;209mfitting.py:bspline_profile:1156[0m - B-spline fit:
[1;38;2;49;54;149m    [INFO][0m - [38;2;116;173;209mfitting.py:bspline_profile:1157[0m -     npoly = 2 profile basis functions
[1;38;2;49;54;149m    [INFO][0m - [38;2;116;173;209mfitting.py:bspline_profile:1158[0m -     ngood = 90181/144419 measurements
[1;38;2;49;54;149m    [INFO][0m - [38;2;116;173;209mfitting.py:bspline_profile:1159[0m - ***************** Iter     Chi^2    N Rej  R. Fac *****************
[1;38;2;49;54;149m    [INFO][0m - [38;2;116;173;209mfitting.py:bspline_profile:1163[0m -                   ----  --------  -------  ------                  
[1;38;2;49;54;149m    [INFO][0m - [38;2;116;173;209mfitting.py:bspline_profile:1257[0m -                      1     1.139    54385    1.00                  
[1;38;2;49;54;149m    [INFO][0m - [38;2;116;173;209mfitting.py:bspline_profile:1257[0m -                      2     0.987    54390    1.00                  
[1;38;2;49;54;149m    [INFO][0m - [38;2;116;173;209mfitting.py:bspline_profile:1257[0m -                      3     0.986    54390    1.00                  
[1;38;2;49;54;149m    [INFO][0m - [38;2;116;173;209mfitting.py:bspline_profile:1272[0m -                   DONE     0.986    54390    1.00                  
[1;38;2;49;54;149m    [INFO][0m - [38;2;116;173;209mfitting.py:bspline_profile:1275[0m - *******************************************************************
[1;38;2;49;54;149m    [INFO][0m - [38;2;116;173;209mfind_objects.py:global_skysub:583[0m - Global sky subtraction for slit: 217
[1;38;2;49;54;149m    [INFO][0m - [38;2;116;173;209mskysub.py:global_skysub:195[0m - Full fit in global sky sub.
[1;38;2;49;54;149m    [INFO][0m - [38;2;116;173;209mfitting.py:bspline_profile:1156[0m - B-spline fit:
[1;38;2;49;54;149m    [INFO][0m - [38;2;116;173;209mfitting.py:bspline_profile:1157[0m -     npoly = 2 profile basis functions
[1;38;2;49;54;149m    [INFO][0m - [38;2;116;173;209mfitting.py:bspline_profile:1158[0m -     ngood = 90094/144775 measurements
[1;38;2;49;54;149m    [INFO][0m - [38;2;116;173;209mfitting.py:bspline_profile:1159[0m - ***************** Iter     Chi^2    N Rej  R. Fac *****************
[1;38;2;49;54;149m    [INFO][0m - [38;2;116;173;209mfitting.py:bspline_profile:1163[0m -                   ----  --------  -------  ------                  
[1;38;2;49;54;149m    [INFO][0m - [38;2;116;173;209mfitting.py:bspline_profile:1257[0m -                      1     0.999    54804    1.00                  
[1;38;2;49;54;149m    [INFO][0m - [38;2;116;173;209mfitting.py:bspline_profile:1257[0m -                      2     0.980    54804    1.00                  
[1;38;2;49;54;149m    [INFO][0m - [38;2;116;173;209mfitting.py:bspline_profile:1272[0m -                   DONE     0.980    54804    1.00                  
[1;38;2;49;54;149m    [INFO][0m - [38;2;116;173;209mfitting.py:bspline_profile:1275[0m - *******************************************************************
[1;38;2;49;54;149m    [INFO][0m - [38;2;116;173;209mfind_objects.py:global_skysub:583[0m - Global sky subtraction for slit: 296
[1;38;2;49;54;149m    [INFO][0m - [38;2;116;173;209mskysub.py:global_skysub:195[0m - Full fit in global sky sub.
[1;38;2;49;54;149m    [INFO][0m - [38;2;116;173;209mfitting.py:bspline_profile:1156[0m - B-spline fit:
[1;38;2;49;54;149m    [INFO][0m - [38;2;116;173;209mfitting.py:bspline_profile:1157[0m -     npoly = 2 profile basis functions
[1;38;2;49;54;149m    [INFO][0m - [38;2;116;173;209mfitting.py:bspline_profile:1158[0m -     ngood = 90035/144591 measurements
[1;38;2;49;54;149m    [INFO][0m - [38;2;116;173;209mfitting.py:bspline_profile:1159[0m - ***************** Iter     Chi^2    N Rej  R. Fac *****************
[1;38;2;49;54;149m    [INFO][0m - [38;2;116;173;209mfitting.py:bspline_profile:1163[0m -                   ----  --------  -------  ------                  
[1;38;2;49;54;149m    [INFO][0m - [38;2;116;173;209mfitting.py:bspline_profile:1257[0m -                      1     1.013    54702    1.00                  
[1;38;2;49;54;149m    [INFO][0m - [38;2;116;173;209mfitting.py:bspline_profile:1257[0m -                      2     0.991    54705    1.00                  
[1;38;2;49;54;149m    [INFO][0m - [38;2;116;173;209mfitting.py:bspline_profile:1257[0m -                      3     0.990    54705    1.00                  
[1;38;2;49;54;149m    [INFO][0m - [38;2;116;173;209mfitting.py:bspline_profile:1272[0m -                   DONE     0.990    54705    1.00                  
[1;38;2;49;54;149m    [INFO][0m - [38;2;116;173;209mfitting.py:bspline_profile:1275[0m - *******************************************************************
[1;38;2;49;54;149m    [INFO][0m - [38;2;116;173;209mfind_objects.py:global_skysub:583[0m - Global sky subtraction for slit: 370
[1;38;2;49;54;149m    [INFO][0m - [38;2;116;173;209mskysub.py:global_skysub:195[0m - Full fit in global sky sub.
[1;38;2;49;54;149m    [INFO][0m - [38;2;116;173;209mfitting.py:bspline_profile:1156[0m - B-spline fit:
[1;38;2;49;54;149m    [INFO][0m - [38;2;116;173;209mfitting.py:bspline_profile:1157[0m -     npoly = 2 profile basis functions
[1;38;2;49;54;149m    [INFO][0m - [38;2;116;173;209mfitting.py:bspline_profile:1158[0m -     ngood = 89792/144580 measurements
[1;38;2;49;54;149m    [INFO][0m - [38;2;116;173;209mfitting.py:bspline_profile:1159[0m - ***************** Iter     Chi^2    N Rej  R. Fac *****************
[1;38;2;49;54;149m    [INFO][0m - [38;2;116;173;209mfitting.py:bspline_profile:1163[0m -                   ----  --------  -------  ------                  
[1;38;2;49;54;149m    [INFO][0m - [38;2;116;173;209mfitting.py:bspline_profile:1257[0m -                      1     1.107    54951    1.00                  
[1;38;2;49;54;149m    [INFO][0m - [38;2;116;173;209mfitting.py:bspline_profile:1257[0m -                      2     0.971    54954    1.00                  
[1;38;2;49;54;149m    [INFO][0m - [38;2;116;173;209mfitting.py:bspline_profile:1257[0m -                      3     0.971    54954    1.00                  
[1;38;2;49;54;149m    [INFO][0m - [38;2;116;173;209mfitting.py:bspline_profile:1272[0m -                   DONE     0.971    54954    1.00                  
[1;38;2;49;54;149m    [INFO][0m - [38;2;116;173;209mfitting.py:bspline_profile:1275[0m - *******************************************************************
[1;38;2;49;54;149m    [INFO][0m - [38;2;116;173;209mfind_objects.py:global_skysub:583[0m - Global sky subtraction for slit: 445
[1;38;2;49;54;149m    [INFO][0m - [38;2;116;173;209mskysub.py:global_skysub:195[0m - Full fit in global sky sub.
[1;38;2;49;54;149m    [INFO][0m - [38;2;116;173;209mfitting.py:bspline_profile:1156[0m - B-spline fit:
[1;38;2;49;54;149m    [INFO][0m - [38;2;116;173;209mfitting.py:bspline_profile:1157[0m -     npoly = 2 profile basis functions
[1;38;2;49;54;149m    [INFO][0m - [38;2;116;173;209mfitting.py:bspline_profile:1158[0m -     ngood = 89160/144672 measurements
[1;38;2;49;54;149m    [INFO][0m - [38;2;116;173;209mfitting.py:bspline_profile:1159[0m - ***************** Iter     Chi^2    N Rej  R. Fac *****************
[1;38;2;49;54;149m    [INFO][0m - [38;2;116;173;209mfitting.py:bspline_profile:1163[0m -                   ----  --------  -------  ------                  
[1;38;2;49;54;149m    [INFO][0m - [38;2;116;173;209mfitting.py:bspline_profile:1257[0m -                      1     1.091    55690    1.00                  
[1;38;2;49;54;149m    [INFO][0m - [38;2;116;173;209mfitting.py:bspline_profile:1257[0m -                      2     0.985    55691    1.00                  
[1;38;2;49;54;149m    [INFO][0m - [38;2;116;173;209mfitting.py:bspline_profile:1257[0m -                      3     0.985    55691    1.00                  
[1;38;2;49;54;149m    [INFO][0m - [38;2;116;173;209mfitting.py:bspline_profile:1272[0m -                   DONE     0.985    55691    1.00                  
[1;38;2;49;54;149m    [INFO][0m - [38;2;116;173;209mfitting.py:bspline_profile:1275[0m - *******************************************************************
[1;38;2;49;54;149m    [INFO][0m - [38;2;116;173;209mfind_objects.py:global_skysub:583[0m - Global sky subtraction for slit: 518
[1;38;2;49;54;149m    [INFO][0m - [38;2;116;173;209mskysub.py:global_skysub:195[0m - Full fit in global sky sub.
[1;38;2;49;54;149m    [INFO][0m - [38;2;116;173;209mfitting.py:bspline_profile:1156[0m - B-spline fit:
[1;38;2;49;54;149m    [INFO][0m - [38;2;116;173;209mfitting.py:bspline_profile:1157[0m -     npoly = 2 profile basis functions
[1;38;2;49;54;149m    [INFO][0m - [38;2;116;173;209mfitting.py:bspline_profile:1158[0m -     ngood = 89990/144509 measurements
[1;38;2;49;54;149m    [INFO][0m - [38;2;116;173;209mfitting.py:bspline_profile:1159[0m - ***************** Iter     Chi^2    N Rej  R. Fac *****************
[1;38;2;49;54;149m    [INFO][0m - [38;2;116;173;209mfitting.py:bspline_profile:1163[0m -                   ----  --------  -------  ------                  
[1;38;2;49;54;149m    [INFO][0m - [38;2;116;173;209mfitting.py:bspline_profile:1257[0m -                      1     1.076    54684    1.00                  
[1;38;2;49;54;149m    [INFO][0m - [38;2;116;173;209mfitting.py:bspline_profile:1257[0m -                      2     0.990    54684    1.00                  
[1;38;2;49;54;149m    [INFO][0m - [38;2;116;173;209mfitting.py:bspline_profile:1272[0m -                   DONE     0.990    54684    1.00                  
[1;38;2;49;54;149m    [INFO][0m - [38;2;116;173;209mfitting.py:bspline_profile:1275[0m - *******************************************************************
[1;38;2;49;54;149m    [INFO][0m - [38;2;116;173;209mfind_objects.py:global_skysub:583[0m - Global sky subtraction for slit: 591
[1;38;2;49;54;149m    [INFO][0m - [38;2;116;173;209mskysub.py:global_skysub:195[0m - Full fit in global sky sub.
[1;38;2;49;54;149m    [INFO][0m - [38;2;116;173;209mfitting.py:bspline_profile:1156[0m - B-spline fit:
[1;38;2;49;54;149m    [INFO][0m - [38;2;116;173;209mfitting.py:bspline_profile:1157[0m -     npoly = 2 profile basis functions
[1;38;2;49;54;149m    [INFO][0m - [38;2;116;173;209mfitting.py:bspline_profile:1158[0m -     ngood = 90303/144791 measurements
[1;38;2;49;54;149m    [INFO][0m - [38;2;116;173;209mfitting.py:bspline_profile:1159[0m - ***************** Iter     Chi^2    N Rej  R. Fac *****************
[1;38;2;49;54;149m    [INFO][0m - [38;2;116;173;209mfitting.py:bspline_profile:1163[0m -                   ----  --------  -------  ------                  
[1;38;2;49;54;149m    [INFO][0m - [38;2;116;173;209mfitting.py:bspline_profile:1257[0m -                      1     1.019    54630    1.00                  
[1;38;2;49;54;149m    [INFO][0m - [38;2;116;173;209mfitting.py:bspline_profile:1257[0m -                      2     0.996    54633    1.00                  
[1;38;2;49;54;149m    [INFO][0m - [38;2;116;173;209mfitting.py:bspline_profile:1257[0m -                      3     0.996    54633    1.00                  
[1;38;2;49;54;149m    [INFO][0m - [38;2;116;173;209mfitting.py:bspline_profile:1272[0m -                   DONE     0.996    54633    1.00                  
[1;38;2;49;54;149m    [INFO][0m - [38;2;116;173;209mfitting.py:bspline_profile:1275[0m - *******************************************************************
[1;38;2;49;54;149m    [INFO][0m - [38;2;116;173;209mfind_objects.py:global_skysub:583[0m - Global sky subtraction for slit: 664
[1;38;2;49;54;149m    [INFO][0m - [38;2;116;173;209mskysub.py:global_skysub:195[0m - Full fit in global sky sub.
[1;38;2;49;54;149m    [INFO][0m - [38;2;116;173;209mfitting.py:bspline_profile:1156[0m - B-spline fit:
[1;38;2;49;54;149m    [INFO][0m - [38;2;116;173;209mfitting.py:bspline_profile:1157[0m -     npoly = 2 profile basis functions
[1;38;2;49;54;149m    [INFO][0m - [38;2;116;173;209mfitting.py:bspline_profile:1158[0m -     ngood = 90208/144778 measurements
[1;38;2;49;54;149m    [INFO][0m - [38;2;116;173;209mfitting.py:bspline_profile:1159[0m - ***************** Iter     Chi^2    N Rej  R. Fac *****************
[1;38;2;49;54;149m    [INFO][0m - [38;2;116;173;209mfitting.py:bspline_profile:1163[0m -                   ----  --------  -------  ------                  
[1;38;2;49;54;149m    [INFO][0m - [38;2;116;173;209mfitting.py:bspline_profile:1257[0m -                      1     1.013    54729    1.00                  
[1;38;2;49;54;149m    [INFO][0m - [38;2;116;173;209mfitting.py:bspline_profile:1257[0m -                      2     0.989    54734    1.00                  
[1;38;2;49;54;149m    [INFO][0m - [38;2;116;173;209mfitting.py:bspline_profile:1257[0m -                      3     0.989    54734    1.00                  
[1;38;2;49;54;149m    [INFO][0m - [38;2;116;173;209mfitting.py:bspline_profile:1272[0m -                   DONE     0.989    54734    1.00                  
[1;38;2;49;54;149m    [INFO][0m - [38;2;116;173;209mfitting.py:bspline_profile:1275[0m - *******************************************************************
[1;38;2;49;54;149m    [INFO][0m - [38;2;116;173;209mfind_objects.py:global_skysub:583[0m - Global sky subtraction for slit: 739
[1;38;2;49;54;149m    [INFO][0m - [38;2;116;173;209mskysub.py:global_skysub:195[0m - Full fit in global sky sub.
[1;38;2;49;54;149m    [INFO][0m - [38;2;116;173;209mfitting.py:bspline_profile:1156[0m - B-spline fit:
[1;38;2;49;54;149m    [INFO][0m - [38;2;116;173;209mfitting.py:bspline_profile:1157[0m -     npoly = 2 profile basis functions
[1;38;2;49;54;149m    [INFO][0m - [38;2;116;173;209mfitting.py:bspline_profile:1158[0m -     ngood = 90043/144884 measurements
[1;38;2;49;54;149m    [INFO][0m - [38;2;116;173;209mfitting.py:bspline_profile:1159[0m - ***************** Iter     Chi^2    N Rej  R. Fac *****************
[1;38;2;49;54;149m    [INFO][0m - [38;2;116;173;209mfitting.py:bspline_profile:1163[0m -                   ----  --------  -------  ------                  
[1;38;2;49;54;149m    [INFO][0m - [38;2;116;173;209mfitting.py:bspline_profile:1257[0m -                      1     1.042    55028    1.00                  
[1;38;2;49;54;149m    [INFO][0m - [38;2;116;173;209mfitting.py:bspline_profile:1257[0m -                      2     1.013    55032    1.00                  
[1;38;2;49;54;149m    [INFO][0m - [38;2;116;173;209mfitting.py:bspline_profile:1257[0m -                      3     1.013    55032    1.00                  
[1;38;2;49;54;149m    [INFO][0m - [38;2;116;173;209mfitting.py:bspline_profile:1272[0m -                   DONE     1.013    55032    1.00                  
[1;38;2;49;54;149m    [INFO][0m - [38;2;116;173;209mfitting.py:bspline_profile:1275[0m - *******************************************************************
[1;38;2;49;54;149m    [INFO][0m - [38;2;116;173;209mfind_objects.py:global_skysub:583[0m - Global sky subtraction for slit: 812
[1;38;2;49;54;149m    [INFO][0m - [38;2;116;173;209mskysub.py:global_skysub:195[0m - Full fit in global sky sub.
[1;38;2;49;54;149m    [INFO][0m - [38;2;116;173;209mfitting.py:bspline_profile:1156[0m - B-spline fit:
[1;38;2;49;54;149m    [INFO][0m - [38;2;116;173;209mfitting.py:bspline_profile:1157[0m -     npoly = 2 profile basis functions
[1;38;2;49;54;149m    [INFO][0m - [38;2;116;173;209mfitting.py:bspline_profile:1158[0m -     ngood = 90130/144693 measurements
[1;38;2;49;54;149m    [INFO][0m - [38;2;116;173;209mfitting.py:bspline_profile:1159[0m - ***************** Iter     Chi^2    N Rej  R. Fac *****************
[1;38;2;49;54;149m    [INFO][0m - [38;2;116;173;209mfitting.py:bspline_profile:1163[0m -                   ----  --------  -------  ------                  
[1;38;2;49;54;149m    [INFO][0m - [38;2;116;173;209mfitting.py:bspline_profile:1257[0m -                      1     1.665    54959    1.00                  
[1;38;2;49;54;149m    [INFO][0m - [38;2;116;173;209mfitting.py:bspline_profile:1257[0m -                      2     1.038    54966    1.00                  
[1;38;2;49;54;149m    [INFO][0m - [38;2;116;173;209mfitting.py:bspline_profile:1257[0m -                      3     1.037    54966    1.00                  
[1;38;2;49;54;149m    [INFO][0m - [38;2;116;173;209mfitting.py:bspline_profile:1272[0m -                   DONE     1.037    54966    1.00                  
[1;38;2;49;54;149m    [INFO][0m - [38;2;116;173;209mfitting.py:bspline_profile:1275[0m - *******************************************************************
[1;38;2;49;54;149m    [INFO][0m - [38;2;116;173;209mfind_objects.py:global_skysub:583[0m - Global sky subtraction for slit: 886
[1;38;2;49;54;149m    [INFO][0m - [38;2;116;173;209mskysub.py:global_skysub:195[0m - Full fit in global sky sub.
[1;38;2;49;54;149m    [INFO][0m - [38;2;116;173;209mfitting.py:bspline_profile:1156[0m - B-spline fit:
[1;38;2;49;54;149m    [INFO][0m - [38;2;116;173;209mfitting.py:bspline_profile:1157[0m -     npoly = 2 profile basis functions
[1;38;2;49;54;149m    [INFO][0m - [38;2;116;173;209mfitting.py:bspline_profile:1158[0m -     ngood = 90052/145125 measurements
[1;38;2;49;54;149m    [INFO][0m - [38;2;116;173;209mfitting.py:bspline_profile:1159[0m - ***************** Iter     Chi^2    N Rej  R. Fac *****************
[1;38;2;49;54;149m    [INFO][0m - [38;2;116;173;209mfitting.py:bspline_profile:1163[0m -                   ----  --------  -------  ------                  
[1;38;2;49;54;149m    [INFO][0m - [38;2;116;173;209mfitting.py:bspline_profile:1257[0m -                      1     1.521    56161    1.00                  
[1;38;2;49;54;149m    [INFO][0m - [38;2;116;173;209mfitting.py:bspline_profile:1257[0m -                      2     1.256    56233    1.00                  
[1;38;2;49;54;149m    [INFO][0m - [38;2;116;173;209mfitting.py:bspline_profile:1257[0m -                      3     1.247    56236    1.00                  
[1;38;2;49;54;149m    [INFO][0m - [38;2;116;173;209mfitting.py:bspline_profile:1257[0m -                      4     1.247    56236    1.00                  
[1;38;2;49;54;149m    [INFO][0m - [38;2;116;173;209mfitting.py:bspline_profile:1272[0m -                   DONE     1.247    56236    1.00                  
[1;38;2;49;54;149m    [INFO][0m - [38;2;116;173;209mfitting.py:bspline_profile:1275[0m - *******************************************************************
[1;38;2;49;54;149m    [INFO][0m - [38;2;116;173;209mfind_objects.py:global_skysub:583[0m - Global sky subtraction for slit: 1164
[1;38;2;49;54;149m    [INFO][0m - [38;2;116;173;209mskysub.py:global_skysub:195[0m - Full fit in global sky sub.
[1;38;2;49;54;149m    [INFO][0m - [38;2;116;173;209mfitting.py:bspline_profile:1156[0m - B-spline fit:
[1;38;2;49;54;149m    [INFO][0m - [38;2;116;173;209mfitting.py:bspline_profile:1157[0m -     npoly = 2 profile basis functions
[1;38;2;49;54;149m    [INFO][0m - [38;2;116;173;209mfitting.py:bspline_profile:1158[0m -     ngood = 90677/145334 measurements
[1;38;2;49;54;149m    [INFO][0m - [38;2;116;173;209mfitting.py:bspline_profile:1159[0m - ***************** Iter     Chi^2    N Rej  R. Fac *****************
[1;38;2;49;54;149m    [INFO][0m - [38;2;116;173;209mfitting.py:bspline_profile:1163[0m -                   ----  --------  -------  ------                  
[1;38;2;49;54;149m    [INFO][0m - [38;2;116;173;209mfitting.py:bspline_profile:1257[0m -                      1     1.626    56044    1.00                  
[1;38;2;49;54;149m    [INFO][0m - [38;2;116;173;209mfitting.py:bspline_profile:1257[0m -                      2     1.320    56144    1.00                  
[1;38;2;49;54;149m    [INFO][0m - [38;2;116;173;209mfitting.py:bspline_profile:1257[0m -                      3     1.308    56157    1.00                  
[1;38;2;49;54;149m    [INFO][0m - [38;2;116;173;209mfitting.py:bspline_profile:1257[0m -                      4     1.306    56158    1.00                  
[1;38;2;49;54;149m    [INFO][0m - [38;2;116;173;209mfitting.py:bspline_profile:1257[0m -                      5     1.306    56159    1.00                  
[1;38;2;49;54;149m    [INFO][0m - [38;2;116;173;209mfitting.py:bspline_profile:1257[0m -                      6     1.306    56160    1.00                  
[1;38;2;49;54;149m    [INFO][0m - [38;2;116;173;209mfitting.py:bspline_profile:1257[0m -                      7     1.306    56160    1.00                  
[1;38;2;49;54;149m    [INFO][0m - [38;2;116;173;209mfitting.py:bspline_profile:1272[0m -                   DONE     1.306    56160    1.00                  
[1;38;2;49;54;149m    [INFO][0m - [38;2;116;173;209mfitting.py:bspline_profile:1275[0m - *******************************************************************
[1;38;2;49;54;149m    [INFO][0m - [38;2;116;173;209mfind_objects.py:global_skysub:583[0m - Global sky subtraction for slit: 1238
[1;38;2;49;54;149m    [INFO][0m - [38;2;116;173;209mskysub.py:global_skysub:195[0m - Full fit in global sky sub.
[1;38;2;49;54;149m    [INFO][0m - [38;2;116;173;209mfitting.py:bspline_profile:1156[0m - B-spline fit:
[1;38;2;49;54;149m    [INFO][0m - [38;2;116;173;209mfitting.py:bspline_profile:1157[0m -     npoly = 2 profile basis functions
[1;38;2;49;54;149m    [INFO][0m - [38;2;116;173;209mfitting.py:bspline_profile:1158[0m -     ngood = 90579/145426 measurements
[1;38;2;49;54;149m    [INFO][0m - [38;2;116;173;209mfitting.py:bspline_profile:1159[0m - ***************** Iter     Chi^2    N Rej  R. Fac *****************
[1;38;2;49;54;149m    [INFO][0m - [38;2;116;173;209mfitting.py:bspline_profile:1163[0m -                   ----  --------  -------  ------                  
[1;38;2;49;54;149m    [INFO][0m - [38;2;116;173;209mfitting.py:bspline_profile:1257[0m -                      1     1.204    55221    1.00                  
[1;38;2;49;54;149m    [INFO][0m - [38;2;116;173;209mfitting.py:bspline_profile:1257[0m -                      2     1.074    55229    1.00                  
[1;38;2;49;54;149m    [INFO][0m - [38;2;116;173;209mfitting.py:bspline_profile:1257[0m -                      3     1.073    55229    1.00                  
[1;38;2;49;54;149m    [INFO][0m - [38;2;116;173;209mfitting.py:bspline_profile:1272[0m -                   DONE     1.073    55229    1.00                  
[1;38;2;49;54;149m    [INFO][0m - [38;2;116;173;209mfitting.py:bspline_profile:1275[0m - *******************************************************************
[1;38;2;49;54;149m    [INFO][0m - [38;2;116;173;209mfind_objects.py:global_skysub:583[0m - Global sky subtraction for slit: 1312
[1;38;2;49;54;149m    [INFO][0m - [38;2;116;173;209mskysub.py:global_skysub:195[0m - Full fit in global sky sub.
[1;38;2;49;54;149m    [INFO][0m - [38;2;116;173;209mfitting.py:bspline_profile:1156[0m - B-spline fit:
[1;38;2;49;54;149m    [INFO][0m - [38;2;116;173;209mfitting.py:bspline_profile:1157[0m -     npoly = 2 profile basis functions
[1;38;2;49;54;149m    [INFO][0m - [38;2;116;173;209mfitting.py:bspline_profile:1158[0m -     ngood = 90853/145438 measurements
[1;38;2;49;54;149m    [INFO][0m - [38;2;116;173;209mfitting.py:bspline_profile:1159[0m - ***************** Iter     Chi^2    N Rej  R. Fac *****************
[1;38;2;49;54;149m    [INFO][0m - [38;2;116;173;209mfitting.py:bspline_profile:1163[0m -                   ----  --------  -------  ------                  
[1;38;2;49;54;149m    [INFO][0m - [38;2;116;173;209mfitting.py:bspline_profile:1257[0m -                      1     1.073    54795    1.00                  
[1;38;2;49;54;149m    [INFO][0m - [38;2;116;173;209mfitting.py:bspline_profile:1257[0m -                      2     1.042    54802    1.00                  
[1;38;2;49;54;149m    [INFO][0m - [38;2;116;173;209mfitting.py:bspline_profile:1257[0m -                      3     1.041    54802    1.00                  
[1;38;2;49;54;149m    [INFO][0m - [38;2;116;173;209mfitting.py:bspline_profile:1272[0m -                   DONE     1.041    54802    1.00                  
[1;38;2;49;54;149m    [INFO][0m - [38;2;116;173;209mfitting.py:bspline_profile:1275[0m - *******************************************************************
[1;38;2;49;54;149m    [INFO][0m - [38;2;116;173;209mfind_objects.py:global_skysub:583[0m - Global sky subtraction for slit: 1386
[1;38;2;49;54;149m    [INFO][0m - [38;2;116;173;209mskysub.py:global_skysub:195[0m - Full fit in global sky sub.
[1;38;2;49;54;149m    [INFO][0m - [38;2;116;173;209mfitting.py:bspline_profile:1156[0m - B-spline fit:
[1;38;2;49;54;149m    [INFO][0m - [38;2;116;173;209mfitting.py:bspline_profile:1157[0m -     npoly = 2 profile basis functions
[1;38;2;49;54;149m    [INFO][0m - [38;2;116;173;209mfitting.py:bspline_profile:1158[0m -     ngood = 90743/145651 measurements
[1;38;2;49;54;149m    [INFO][0m - [38;2;116;173;209mfitting.py:bspline_profile:1159[0m - ***************** Iter     Chi^2    N Rej  R. Fac *****************
[1;38;2;49;54;149m    [INFO][0m - [38;2;116;173;209mfitting.py:bspline_profile:1163[0m -                   ----  --------  -------  ------                  
[1;38;2;49;54;149m    [INFO][0m - [38;2;116;173;209mfitting.py:bspline_profile:1257[0m -                      1     1.048    55071    1.00                  
[1;38;2;49;54;149m    [INFO][0m - [38;2;116;173;209mfitting.py:bspline_profile:1257[0m -                      2     1.024    55075    1.00                  
[1;38;2;49;54;149m    [INFO][0m - [38;2;116;173;209mfitting.py:bspline_profile:1257[0m -                      3     1.024    55075    1.00                  
[1;38;2;49;54;149m    [INFO][0m - [38;2;116;173;209mfitting.py:bspline_profile:1272[0m -                   DONE     1.024    55075    1.00                  
[1;38;2;49;54;149m    [INFO][0m - [38;2;116;173;209mfitting.py:bspline_profile:1275[0m - *******************************************************************
[1;38;2;49;54;149m    [INFO][0m - [38;2;116;173;209mfind_objects.py:global_skysub:583[0m - Global sky subtraction for slit: 1459
[1;38;2;49;54;149m    [INFO][0m - [38;2;116;173;209mskysub.py:global_skysub:195[0m - Full fit in global sky sub.
[1;38;2;49;54;149m    [INFO][0m - [38;2;116;173;209mfitting.py:bspline_profile:1156[0m - B-spline fit:
[1;38;2;49;54;149m    [INFO][0m - [38;2;116;173;209mfitting.py:bspline_profile:1157[0m -     npoly = 2 profile basis functions
[1;38;2;49;54;149m    [INFO][0m - [38;2;116;173;209mfitting.py:bspline_profile:1158[0m -     ngood = 90032/145127 measurements
[1;38;2;49;54;149m    [INFO][0m - [38;2;116;173;209mfitting.py:bspline_profile:1159[0m - ***************** Iter     Chi^2    N Rej  R. Fac *****************
[1;38;2;49;54;149m    [INFO][0m - [38;2;116;173;209mfitting.py:bspline_profile:1163[0m -                   ----  --------  -------  ------                  
[1;38;2;49;54;149m    [INFO][0m - [38;2;116;173;209mfitting.py:bspline_profile:1257[0m -                      1     1.037    55247    1.00                  
[1;38;2;49;54;149m    [INFO][0m - [38;2;116;173;209mfitting.py:bspline_profile:1257[0m -                      2     1.015    55251    1.00                  
[1;38;2;49;54;149m    [INFO][0m - [38;2;116;173;209mfitting.py:bspline_profile:1257[0m -                      3     1.014    55252    1.00                  
[1;38;2;49;54;149m    [INFO][0m - [38;2;116;173;209mfitting.py:bspline_profile:1257[0m -                      4     1.014    55252    1.00                  
[1;38;2;49;54;149m    [INFO][0m - [38;2;116;173;209mfitting.py:bspline_profile:1272[0m -                   DONE     1.014    55252    1.00                  
[1;38;2;49;54;149m    [INFO][0m - [38;2;116;173;209mfitting.py:bspline_profile:1275[0m - *******************************************************************
[1;38;2;49;54;149m    [INFO][0m - [38;2;116;173;209mfind_objects.py:global_skysub:583[0m - Global sky subtraction for slit: 1534
[1;38;2;49;54;149m    [INFO][0m - [38;2;116;173;209mskysub.py:global_skysub:195[0m - Full fit in global sky sub.
[1;38;2;49;54;149m    [INFO][0m - [38;2;116;173;209mfitting.py:bspline_profile:1156[0m - B-spline fit:
[1;38;2;49;54;149m    [INFO][0m - [38;2;116;173;209mfitting.py:bspline_profile:1157[0m -     npoly = 2 profile basis functions
[1;38;2;49;54;149m    [INFO][0m - [38;2;116;173;209mfitting.py:bspline_profile:1158[0m -     ngood = 90413/144938 measurements
[1;38;2;49;54;149m    [INFO][0m - [38;2;116;173;209mfitting.py:bspline_profile:1159[0m - ***************** Iter     Chi^2    N Rej  R. Fac *****************
[1;38;2;49;54;149m    [INFO][0m - [38;2;116;173;209mfitting.py:bspline_profile:1163[0m -                   ----  --------  -------  ------                  
[1;38;2;49;54;149m    [INFO][0m - [38;2;116;173;209mfitting.py:bspline_profile:1257[0m -                      1     1.030    54696    1.00                  
[1;38;2;49;54;149m    [INFO][0m - [38;2;116;173;209mfitting.py:bspline_profile:1257[0m -                      2     1.005    54698    1.00                  
[1;38;2;49;54;149m    [INFO][0m - [38;2;116;173;209mfitting.py:bspline_profile:1257[0m -                      3     1.005    54698    1.00                  
[1;38;2;49;54;149m    [INFO][0m - [38;2;116;173;209mfitting.py:bspline_profile:1272[0m -                   DONE     1.005    54698    1.00                  
[1;38;2;49;54;149m    [INFO][0m - [38;2;116;173;209mfitting.py:bspline_profile:1275[0m - *******************************************************************
[1;38;2;49;54;149m    [INFO][0m - [38;2;116;173;209mfind_objects.py:global_skysub:583[0m - Global sky subtraction for slit: 1608
[1;38;2;49;54;149m    [INFO][0m - [38;2;116;173;209mskysub.py:global_skysub:195[0m - Full fit in global sky sub.
[1;38;2;49;54;149m    [INFO][0m - [38;2;116;173;209mfitting.py:bspline_profile:1156[0m - B-spline fit:
[1;38;2;49;54;149m    [INFO][0m - [38;2;116;173;209mfitting.py:bspline_profile:1157[0m -     npoly = 2 profile basis functions
[1;38;2;49;54;149m    [INFO][0m - [38;2;116;173;209mfitting.py:bspline_profile:1158[0m -     ngood = 91063/145535 measurements
[1;38;2;49;54;149m    [INFO][0m - [38;2;116;173;209mfitting.py:bspline_profile:1159[0m - ***************** Iter     Chi^2    N Rej  R. Fac *****************
[1;38;2;49;54;149m    [INFO][0m - [38;2;116;173;209mfitting.py:bspline_profile:1163[0m -                   ----  --------  -------  ------                  
[1;38;2;49;54;149m    [INFO][0m - [38;2;116;173;209mfitting.py:bspline_profile:1257[0m -                      1     1.030    54635    1.00                  
[1;38;2;49;54;149m    [INFO][0m - [38;2;116;173;209mfitting.py:bspline_profile:1257[0m -                      2     1.003    54639    1.00                  
[1;38;2;49;54;149m    [INFO][0m - [38;2;116;173;209mfitting.py:bspline_profile:1257[0m -                      3     1.003    54639    1.00                  
[1;38;2;49;54;149m    [INFO][0m - [38;2;116;173;209mfitting.py:bspline_profile:1272[0m -                   DONE     1.003    54639    1.00                  
[1;38;2;49;54;149m    [INFO][0m - [38;2;116;173;209mfitting.py:bspline_profile:1275[0m - *******************************************************************
[1;38;2;49;54;149m    [INFO][0m - [38;2;116;173;209mfind_objects.py:global_skysub:583[0m - Global sky subtraction for slit: 1683
[1;38;2;49;54;149m    [INFO][0m - [38;2;116;173;209mskysub.py:global_skysub:195[0m - Full fit in global sky sub.
[1;38;2;49;54;149m    [INFO][0m - [38;2;116;173;209mfitting.py:bspline_profile:1156[0m - B-spline fit:
[1;38;2;49;54;149m    [INFO][0m - [38;2;116;173;209mfitting.py:bspline_profile:1157[0m -     npoly = 2 profile basis functions
[1;38;2;49;54;149m    [INFO][0m - [38;2;116;173;209mfitting.py:bspline_profile:1158[0m -     ngood = 89587/145061 measurements
[1;38;2;49;54;149m    [INFO][0m - [38;2;116;173;209mfitting.py:bspline_profile:1159[0m - ***************** Iter     Chi^2    N Rej  R. Fac *****************
[1;38;2;49;54;149m    [INFO][0m - [38;2;116;173;209mfitting.py:bspline_profile:1163[0m -                   ----  --------  -------  ------                  
[1;38;2;49;54;149m    [INFO][0m - [38;2;116;173;209mfitting.py:bspline_profile:1257[0m -                      1     1.037    55640    1.00                  
[1;38;2;49;54;149m    [INFO][0m - [38;2;116;173;209mfitting.py:bspline_profile:1257[0m -                      2     1.013    55642    1.00                  
[1;38;2;49;54;149m    [INFO][0m - [38;2;116;173;209mfitting.py:bspline_profile:1257[0m -                      3     1.013    55642    1.00                  
[1;38;2;49;54;149m    [INFO][0m - [38;2;116;173;209mfitting.py:bspline_profile:1272[0m -                   DONE     1.013    55642    1.00                  
[1;38;2;49;54;149m    [INFO][0m - [38;2;116;173;209mfitting.py:bspline_profile:1275[0m - *******************************************************************
[1;38;2;49;54;149m    [INFO][0m - [38;2;116;173;209mfind_objects.py:global_skysub:583[0m - Global sky subtraction for slit: 1758
[1;38;2;49;54;149m    [INFO][0m - [38;2;116;173;209mskysub.py:global_skysub:195[0m - Full fit in global sky sub.
[1;38;2;49;54;149m    [INFO][0m - [38;2;116;173;209mfitting.py:bspline_profile:1156[0m - B-spline fit:
[1;38;2;49;54;149m    [INFO][0m - [38;2;116;173;209mfitting.py:bspline_profile:1157[0m -     npoly = 2 profile basis functions
[1;38;2;49;54;149m    [INFO][0m - [38;2;116;173;209mfitting.py:bspline_profile:1158[0m -     ngood = 89864/145018 measurements
[1;38;2;49;54;149m    [INFO][0m - [38;2;116;173;209mfitting.py:bspline_profile:1159[0m - ***************** Iter     Chi^2    N Rej  R. Fac *****************
[1;38;2;49;54;149m    [INFO][0m - [38;2;116;173;209mfitting.py:bspline_profile:1163[0m -                   ----  --------  -------  ------                  
[1;38;2;49;54;149m    [INFO][0m - [38;2;116;173;209mfitting.py:bspline_profile:1257[0m -                      1     1.023    55316    1.00                  
[1;38;2;49;54;149m    [INFO][0m - [38;2;116;173;209mfitting.py:bspline_profile:1257[0m -                      2     0.998    55317    1.00                  
[1;38;2;49;54;149m    [INFO][0m - [38;2;116;173;209mfitting.py:bspline_profile:1257[0m -                      3     0.998    55317    1.00                  
[1;38;2;49;54;149m    [INFO][0m - [38;2;116;173;209mfitting.py:bspline_profile:1272[0m -                   DONE     0.998    55317    1.00                  
[1;38;2;49;54;149m    [INFO][0m - [38;2;116;173;209mfitting.py:bspline_profile:1275[0m - *******************************************************************
[1;38;2;49;54;149m    [INFO][0m - [38;2;116;173;209mfind_objects.py:global_skysub:583[0m - Global sky subtraction for slit: 1837
[1;38;2;49;54;149m    [INFO][0m - [38;2;116;173;209mskysub.py:global_skysub:195[0m - Full fit in global sky sub.
[1;38;2;49;54;149m    [INFO][0m - [38;2;116;173;209mfitting.py:bspline_profile:1156[0m - B-spline fit:
[1;38;2;49;54;149m    [INFO][0m - [38;2;116;173;209mfitting.py:bspline_profile:1157[0m -     npoly = 2 profile basis functions
[1;38;2;49;54;149m    [INFO][0m - [38;2;116;173;209mfitting.py:bspline_profile:1158[0m -     ngood = 90287/145027 measurements
[1;38;2;49;54;149m    [INFO][0m - [38;2;116;173;209mfitting.py:bspline_profile:1159[0m - ***************** Iter     Chi^2    N Rej  R. Fac *****************
[1;38;2;49;54;149m    [INFO][0m - [38;2;116;173;209mfitting.py:bspline_profile:1163[0m -                   ----  --------  -------  ------                  
[1;38;2;49;54;149m    [INFO][0m - [38;2;116;173;209mfitting.py:bspline_profile:1257[0m -                      1     1.040    54920    1.00                  
[1;38;2;49;54;149m    [INFO][0m - [38;2;116;173;209mfitting.py:bspline_profile:1257[0m -                      2     1.012    54923    1.00                  
[1;38;2;49;54;149m    [INFO][0m - [38;2;116;173;209mfitting.py:bspline_profile:1257[0m -                      3     1.012    54923    1.00                  
[1;38;2;49;54;149m    [INFO][0m - [38;2;116;173;209mfitting.py:bspline_profile:1272[0m -                   DONE     1.012    54923    1.00                  
[1;38;2;49;54;149m    [INFO][0m - [38;2;116;173;209mfitting.py:bspline_profile:1275[0m - *******************************************************************
[1;38;2;49;54;149m    [INFO][0m - [38;2;116;173;209mfind_objects.py:global_skysub:583[0m - Global sky subtraction for slit: 1914
[1;38;2;49;54;149m    [INFO][0m - [38;2;116;173;209mskysub.py:global_skysub:195[0m - Full fit in global sky sub.
[1;38;2;49;54;149m    [INFO][0m - [38;2;116;173;209mfitting.py:bspline_profile:1156[0m - B-spline fit:
[1;38;2;49;54;149m    [INFO][0m - [38;2;116;173;209mfitting.py:bspline_profile:1157[0m -     npoly = 2 profile basis functions
[1;38;2;49;54;149m    [INFO][0m - [38;2;116;173;209mfitting.py:bspline_profile:1158[0m -     ngood = 90335/144812 measurements
[1;38;2;49;54;149m    [INFO][0m - [38;2;116;173;209mfitting.py:bspline_profile:1159[0m - ***************** Iter     Chi^2    N Rej  R. Fac *****************
[1;38;2;49;54;149m    [INFO][0m - [38;2;116;173;209mfitting.py:bspline_profile:1163[0m -                   ----  --------  -------  ------                  
[1;38;2;49;54;149m    [INFO][0m - [38;2;116;173;209mfitting.py:bspline_profile:1257[0m -                      1     1.024    54621    1.00                  
[1;38;2;49;54;149m    [INFO][0m - [38;2;116;173;209mfitting.py:bspline_profile:1257[0m -                      2     1.002    54625    1.00                  
[1;38;2;49;54;149m    [INFO][0m - [38;2;116;173;209mfitting.py:bspline_profile:1257[0m -                      3     1.002    54625    1.00                  
[1;38;2;49;54;149m    [INFO][0m - [38;2;116;173;209mfitting.py:bspline_profile:1272[0m -                   DONE     1.002    54625    1.00                  
[1;38;2;49;54;149m    [INFO][0m - [38;2;116;173;209mfitting.py:bspline_profile:1275[0m - *******************************************************************
[1;38;2;49;54;149m    [INFO][0m - [38;2;116;173;209mfind_objects.py:global_skysub:583[0m - Global sky subtraction for slit: 1996
[1;38;2;49;54;149m    [INFO][0m - [38;2;116;173;209mskysub.py:global_skysub:195[0m - Full fit in global sky sub.
[1;38;2;49;54;149m    [INFO][0m - [38;2;116;173;209mfitting.py:bspline_profile:1156[0m - B-spline fit:
[1;38;2;49;54;149m    [INFO][0m - [38;2;116;173;209mfitting.py:bspline_profile:1157[0m -     npoly = 2 profile basis functions
[1;38;2;49;54;149m    [INFO][0m - [38;2;116;173;209mfitting.py:bspline_profile:1158[0m -     ngood = 91090/145414 measurements
[1;38;2;49;54;149m    [INFO][0m - [38;2;116;173;209mfitting.py:bspline_profile:1159[0m - ***************** Iter     Chi^2    N Rej  R. Fac *****************
[1;38;2;49;54;149m    [INFO][0m - [38;2;116;173;209mfitting.py:bspline_profile:1163[0m -                   ----  --------  -------  ------                  
[1;38;2;49;54;149m    [INFO][0m - [38;2;116;173;209mfitting.py:bspline_profile:1257[0m -                      1     1.029    54488    1.00                  
[1;38;2;49;54;149m    [INFO][0m - [38;2;116;173;209mfitting.py:bspline_profile:1257[0m -                      2     1.005    54491    1.00                  
[1;38;2;49;54;149m    [INFO][0m - [38;2;116;173;209mfitting.py:bspline_profile:1257[0m -                      3     1.005    54491    1.00                  
[1;38;2;49;54;149m    [INFO][0m - [38;2;116;173;209mfitting.py:bspline_profile:1272[0m -                   DONE     1.005    54491    1.00                  
[1;38;2;49;54;149m    [INFO][0m - [38;2;116;173;209mfitting.py:bspline_profile:1275[0m - *******************************************************************
[1;38;2;49;54;149m    [INFO][0m - [38;2;116;173;209mfind_objects.py:find_objects_pypeline:788[0m - Finding objects on slit # 61
[1;38;2;49;54;149m    [INFO][0m - [38;2;116;173;209mfindobj_skymask.py:objs_in_slit:2095[0m - No objects found automatically.  Consider manual extraction.
[1;38;2;49;54;149m    [INFO][0m - [38;2;116;173;209mfind_objects.py:find_objects_pypeline:788[0m - Finding objects on slit # 142
[1;38;2;49;54;149m    [INFO][0m - [38;2;116;173;209mfindobj_skymask.py:objs_in_slit:2095[0m - No objects found automatically.  Consider manual extraction.
[1;38;2;49;54;149m    [INFO][0m - [38;2;116;173;209mfind_objects.py:find_objects_pypeline:788[0m - Finding objects on slit # 217
[1;38;2;49;54;149m    [INFO][0m - [38;2;116;173;209mfindobj_skymask.py:objs_in_slit:2095[0m - No objects found automatically.  Consider manual extraction.
[1;38;2;49;54;149m    [INFO][0m - [38;2;116;173;209mfind_objects.py:find_objects_pypeline:788[0m - Finding objects on slit # 296
[1;38;2;49;54;149m    [INFO][0m - [38;2;116;173;209mfindobj_skymask.py:objs_in_slit:2095[0m - No objects found automatically.  Consider manual extraction.
[1;38;2;49;54;149m    [INFO][0m - [38;2;116;173;209mfind_objects.py:find_objects_pypeline:788[0m - Finding objects on slit # 370
[1;38;2;49;54;149m    [INFO][0m - [38;2;116;173;209mfindobj_skymask.py:objs_in_slit:2095[0m - No objects found automatically.  Consider manual extraction.
[1;38;2;49;54;149m    [INFO][0m - [38;2;116;173;209mfind_objects.py:find_objects_pypeline:788[0m - Finding objects on slit # 445
[1;38;2;49;54;149m    [INFO][0m - [38;2;116;173;209mfindobj_skymask.py:objs_in_slit:2095[0m - No objects found automatically.  Consider manual extraction.
[1;38;2;49;54;149m    [INFO][0m - [38;2;116;173;209mfind_objects.py:find_objects_pypeline:788[0m - Finding objects on slit # 518
[1;38;2;49;54;149m    [INFO][0m - [38;2;116;173;209mfindobj_skymask.py:objs_in_slit:2095[0m - No objects found automatically.  Consider manual extraction.
[1;38;2;49;54;149m    [INFO][0m - [38;2;116;173;209mfind_objects.py:find_objects_pypeline:788[0m - Finding objects on slit # 591
[1;38;2;49;54;149m    [INFO][0m - [38;2;116;173;209mfindobj_skymask.py:objs_in_slit:2073[0m - Using slit edges as crutch for object tracing
[1;38;2;49;54;149m    [INFO][0m - [38;2;116;173;209mfindobj_skymask.py:objs_in_slit:2098[0m - Automatic finding routine found 1 objects
[1;38;2;49;54;149m    [INFO][0m - [38;2;116;173;209mfindobj_skymask.py:objs_in_slit:2102[0m - Fitting the traces
[1;38;2;253;174;97m [WARNING][0m - [38;2;116;173;209mpolyutils.py:_fit:662[0m - RankWarning: The fit may be poorly conditioned
[1;38;2;49;54;149m    [INFO][0m - [38;2;116;173;209mfindobj_skymask.py:objs_in_slit:2254[0m - Successfully traced a total of 1 objects
[1;38;2;49;54;149m    [INFO][0m - [38;2;116;173;209mfind_objects.py:find_objects_pypeline:788[0m - Finding objects on slit # 664
[1;38;2;49;54;149m    [INFO][0m - [38;2;116;173;209mfindobj_skymask.py:objs_in_slit:2073[0m - Using slit edges as crutch for object tracing
[1;38;2;49;54;149m    [INFO][0m - [38;2;116;173;209mfindobj_skymask.py:objs_in_slit:2098[0m - Automatic finding routine found 1 objects
[1;38;2;49;54;149m    [INFO][0m - [38;2;116;173;209mfindobj_skymask.py:objs_in_slit:2102[0m - Fitting the traces
[1;38;2;253;174;97m [WARNING][0m - [38;2;116;173;209mpolyutils.py:_fit:662[0m - RankWarning: The fit may be poorly conditioned
[1;38;2;49;54;149m    [INFO][0m - [38;2;116;173;209mfindobj_skymask.py:objs_in_slit:2254[0m - Successfully traced a total of 1 objects
[1;38;2;49;54;149m    [INFO][0m - [38;2;116;173;209mfind_objects.py:find_objects_pypeline:788[0m - Finding objects on slit # 739
[1;38;2;49;54;149m    [INFO][0m - [38;2;116;173;209mfindobj_skymask.py:objs_in_slit:2073[0m - Using slit edges as crutch for object tracing
[1;38;2;49;54;149m    [INFO][0m - [38;2;116;173;209mfindobj_skymask.py:objs_in_slit:2098[0m - Automatic finding routine found 1 objects
[1;38;2;49;54;149m    [INFO][0m - [38;2;116;173;209mfindobj_skymask.py:objs_in_slit:2102[0m - Fitting the traces
[1;38;2;253;174;97m [WARNING][0m - [38;2;116;173;209mpolyutils.py:_fit:662[0m - RankWarning: The fit may be poorly conditioned
[1;38;2;49;54;149m    [INFO][0m - [38;2;116;173;209mfindobj_skymask.py:objs_in_slit:2254[0m - Successfully traced a total of 1 objects
[1;38;2;49;54;149m    [INFO][0m - [38;2;116;173;209mfind_objects.py:find_objects_pypeline:788[0m - Finding objects on slit # 812
[1;38;2;49;54;149m    [INFO][0m - [38;2;116;173;209mfindobj_skymask.py:objs_in_slit:2073[0m - Using slit edges as crutch for object tracing
[1;38;2;49;54;149m    [INFO][0m - [38;2;116;173;209mfindobj_skymask.py:objs_in_slit:2098[0m - Automatic finding routine found 1 objects
[1;38;2;49;54;149m    [INFO][0m - [38;2;116;173;209mfindobj_skymask.py:objs_in_slit:2102[0m - Fitting the traces
[1;38;2;253;174;97m [WARNING][0m - [38;2;116;173;209mpolyutils.py:_fit:662[0m - RankWarning: The fit may be poorly conditioned
[1;38;2;49;54;149m    [INFO][0m - [38;2;116;173;209mfindobj_skymask.py:objs_in_slit:2254[0m - Successfully traced a total of 1 objects
[1;38;2;49;54;149m    [INFO][0m - [38;2;116;173;209mfind_objects.py:find_objects_pypeline:788[0m - Finding objects on slit # 886
[1;38;2;49;54;149m    [INFO][0m - [38;2;116;173;209mfindobj_skymask.py:objs_in_slit:2073[0m - Using slit edges as crutch for object tracing
[1;38;2;49;54;149m    [INFO][0m - [38;2;116;173;209mfindobj_skymask.py:objs_in_slit:2098[0m - Automatic finding routine found 1 objects
[1;38;2;49;54;149m    [INFO][0m - [38;2;116;173;209mfindobj_skymask.py:objs_in_slit:2102[0m - Fitting the traces
[1;38;2;253;174;97m [WARNING][0m - [38;2;116;173;209mpolyutils.py:_fit:662[0m - RankWarning: The fit may be poorly conditioned
[1;38;2;49;54;149m    [INFO][0m - [38;2;116;173;209mfindobj_skymask.py:objs_in_slit:2254[0m - Successfully traced a total of 1 objects
[1;38;2;49;54;149m    [INFO][0m - [38;2;116;173;209mfind_objects.py:find_objects_pypeline:788[0m - Finding objects on slit # 1164
[1;38;2;49;54;149m    [INFO][0m - [38;2;116;173;209mfindobj_skymask.py:objs_in_slit:2073[0m - Using slit edges as crutch for object tracing
[1;38;2;49;54;149m    [INFO][0m - [38;2;116;173;209mfindobj_skymask.py:objs_in_slit:2098[0m - Automatic finding routine found 1 objects
[1;38;2;49;54;149m    [INFO][0m - [38;2;116;173;209mfindobj_skymask.py:objs_in_slit:2102[0m - Fitting the traces
[1;38;2;253;174;97m [WARNING][0m - [38;2;116;173;209mpolyutils.py:_fit:662[0m - RankWarning: The fit may be poorly conditioned
[1;38;2;49;54;149m    [INFO][0m - [38;2;116;173;209mfindobj_skymask.py:objs_in_slit:2254[0m - Successfully traced a total of 1 objects
[1;38;2;49;54;149m    [INFO][0m - [38;2;116;173;209mfind_objects.py:find_objects_pypeline:788[0m - Finding objects on slit # 1238
[1;38;2;49;54;149m    [INFO][0m - [38;2;116;173;209mfindobj_skymask.py:objs_in_slit:2073[0m - Using slit edges as crutch for object tracing
[1;38;2;49;54;149m    [INFO][0m - [38;2;116;173;209mfindobj_skymask.py:objs_in_slit:2098[0m - Automatic finding routine found 1 objects
[1;38;2;49;54;149m    [INFO][0m - [38;2;116;173;209mfindobj_skymask.py:objs_in_slit:2102[0m - Fitting the traces
[1;38;2;253;174;97m [WARNING][0m - [38;2;116;173;209mpolyutils.py:_fit:662[0m - RankWarning: The fit may be poorly conditioned
[1;38;2;49;54;149m    [INFO][0m - [38;2;116;173;209mfindobj_skymask.py:objs_in_slit:2254[0m - Successfully traced a total of 1 objects
[1;38;2;49;54;149m    [INFO][0m - [38;2;116;173;209mfind_objects.py:find_objects_pypeline:788[0m - Finding objects on slit # 1312
[1;38;2;49;54;149m    [INFO][0m - [38;2;116;173;209mfindobj_skymask.py:objs_in_slit:2073[0m - Using slit edges as crutch for object tracing
[1;38;2;49;54;149m    [INFO][0m - [38;2;116;173;209mfindobj_skymask.py:objs_in_slit:2098[0m - Automatic finding routine found 1 objects
[1;38;2;49;54;149m    [INFO][0m - [38;2;116;173;209mfindobj_skymask.py:objs_in_slit:2102[0m - Fitting the traces
[1;38;2;253;174;97m [WARNING][0m - [38;2;116;173;209mpolyutils.py:_fit:662[0m - RankWarning: The fit may be poorly conditioned
[1;38;2;49;54;149m    [INFO][0m - [38;2;116;173;209mfindobj_skymask.py:objs_in_slit:2254[0m - Successfully traced a total of 1 objects
[1;38;2;49;54;149m    [INFO][0m - [38;2;116;173;209mfind_objects.py:find_objects_pypeline:788[0m - Finding objects on slit # 1386
[1;38;2;49;54;149m    [INFO][0m - [38;2;116;173;209mfindobj_skymask.py:objs_in_slit:2073[0m - Using slit edges as crutch for object tracing
[1;38;2;49;54;149m    [INFO][0m - [38;2;116;173;209mfindobj_skymask.py:objs_in_slit:2098[0m - Automatic finding routine found 1 objects
[1;38;2;49;54;149m    [INFO][0m - [38;2;116;173;209mfindobj_skymask.py:objs_in_slit:2102[0m - Fitting the traces
[1;38;2;253;174;97m [WARNING][0m - [38;2;116;173;209mpolyutils.py:_fit:662[0m - RankWarning: The fit may be poorly conditioned
[1;38;2;49;54;149m    [INFO][0m - [38;2;116;173;209mfindobj_skymask.py:objs_in_slit:2254[0m - Successfully traced a total of 1 objects
[1;38;2;49;54;149m    [INFO][0m - [38;2;116;173;209mfind_objects.py:find_objects_pypeline:788[0m - Finding objects on slit # 1459
[1;38;2;49;54;149m    [INFO][0m - [38;2;116;173;209mfindobj_skymask.py:objs_in_slit:2073[0m - Using slit edges as crutch for object tracing
[1;38;2;49;54;149m    [INFO][0m - [38;2;116;173;209mfindobj_skymask.py:objs_in_slit:2098[0m - Automatic finding routine found 1 objects
[1;38;2;49;54;149m    [INFO][0m - [38;2;116;173;209mfindobj_skymask.py:objs_in_slit:2102[0m - Fitting the traces
[1;38;2;253;174;97m [WARNING][0m - [38;2;116;173;209mpolyutils.py:_fit:662[0m - RankWarning: The fit may be poorly conditioned
[1;38;2;49;54;149m    [INFO][0m - [38;2;116;173;209mfindobj_skymask.py:objs_in_slit:2254[0m - Successfully traced a total of 1 objects
[1;38;2;49;54;149m    [INFO][0m - [38;2;116;173;209mfind_objects.py:find_objects_pypeline:788[0m - Finding objects on slit # 1534
[1;38;2;49;54;149m    [INFO][0m - [38;2;116;173;209mfindobj_skymask.py:objs_in_slit:2095[0m - No objects found automatically.  Consider manual extraction.
[1;38;2;49;54;149m    [INFO][0m - [38;2;116;173;209mfind_objects.py:find_objects_pypeline:788[0m - Finding objects on slit # 1608
[1;38;2;49;54;149m    [INFO][0m - [38;2;116;173;209mfindobj_skymask.py:objs_in_slit:2095[0m - No objects found automatically.  Consider manual extraction.
[1;38;2;49;54;149m    [INFO][0m - [38;2;116;173;209mfind_objects.py:find_objects_pypeline:788[0m - Finding objects on slit # 1683
[1;38;2;49;54;149m    [INFO][0m - [38;2;116;173;209mfindobj_skymask.py:objs_in_slit:2095[0m - No objects found automatically.  Consider manual extraction.
[1;38;2;49;54;149m    [INFO][0m - [38;2;116;173;209mfind_objects.py:find_objects_pypeline:788[0m - Finding objects on slit # 1758
[1;38;2;49;54;149m    [INFO][0m - [38;2;116;173;209mfindobj_skymask.py:objs_in_slit:2095[0m - No objects found automatically.  Consider manual extraction.
[1;38;2;49;54;149m    [INFO][0m - [38;2;116;173;209mfind_objects.py:find_objects_pypeline:788[0m - Finding objects on slit # 1837
[1;38;2;49;54;149m    [INFO][0m - [38;2;116;173;209mfindobj_skymask.py:objs_in_slit:2095[0m - No objects found automatically.  Consider manual extraction.
[1;38;2;49;54;149m    [INFO][0m - [38;2;116;173;209mfind_objects.py:find_objects_pypeline:788[0m - Finding objects on slit # 1914
[1;38;2;49;54;149m    [INFO][0m - [38;2;116;173;209mfindobj_skymask.py:objs_in_slit:2095[0m - No objects found automatically.  Consider manual extraction.
[1;38;2;49;54;149m    [INFO][0m - [38;2;116;173;209mfind_objects.py:find_objects_pypeline:788[0m - Finding objects on slit # 1996
[1;38;2;49;54;149m    [INFO][0m - [38;2;116;173;209mfindobj_skymask.py:objs_in_slit:2095[0m - No objects found automatically.  Consider manual extraction.
[1;38;2;49;54;149m    [INFO][0m - [38;2;116;173;209mfind_objects.py:run:373[0m - Either no objects were found or a user-provided sky mask was used.  Skipping second pass of sky-subtraction and object finding.
[1;38;2;49;54;149m    [INFO][0m - [38;2;116;173;209mdatamodel.py:from_file:1558[0m - Loading BiasImage from /Users/kaiwenzhang/PycharmProjects/KCWI/KCWI_RED_channel_characterization/RM1 pypeit run/2024-03-15/pypeit_run/keck_kcrm_B/Calibrations/Bias_B_1_DET01.fits
[1;38;2;253;174;97m [WARNING][0m - [38;2;116;173;209mcalibrations.py:get_dark:606[0m - No raw dark frames found and unable to identify a relevant processed calibration frame.  Continuing...
[1;38;2;49;54;149m    [INFO][0m - [38;2;116;173;209mkeck_kcwi.py:get_rawimage:1426[0m - Reading KCWI file: /Users/kaiwenzhang/PycharmProjects/KCWI/KCWI_RED_channel_characterization/fits/by_night/RM1/2024-03-15/KR.20240316.44178.62.fits
[1;38;2;49;54;149m    [INFO][0m - [38;2;116;173;209mdatamodel.py:from_file:1558[0m - Loading ArcImage from /Users/kaiwenzhang/PycharmProjects/KCWI/KCWI_RED_channel_characterization/RM1 pypeit run/2024-03-15/pypeit_run/keck_kcrm_B/Calibrations/Arc_B_1_DET01.fits
[1;38;2;49;54;149m    [INFO][0m - [38;2;116;173;209mdatamodel.py:from_file:1558[0m - Loading TiltImage from /Users/kaiwenzhang/PycharmProjects/KCWI/KCWI_RED_channel_characterization/RM1 pypeit run/2024-03-15/pypeit_run/keck_kcrm_B/Calibrations/Tiltimg_B_1_DET01.fits
[1;38;2;49;54;149m    [INFO][0m - [38;2;116;173;209mdatamodel.py:from_file:1558[0m - Loading SlitTraceSet from /Users/kaiwenzhang/PycharmProjects/KCWI/KCWI_RED_channel_characterization/RM1 pypeit run/2024-03-15/pypeit_run/keck_kcrm_B/Calibrations/Slits_B_1_DET01.fits.gz
[1;38;2;49;54;149m    [INFO][0m - [38;2;116;173;209mdatamodel.py:from_file:1558[0m - Loading WaveCalib from /Users/kaiwenzhang/PycharmProjects/KCWI/KCWI_RED_channel_characterization/RM1 pypeit run/2024-03-15/pypeit_run/keck_kcrm_B/Calibrations/WaveCalib_B_1_DET01.fits
[1;38;2;49;54;149m    [INFO][0m - [38;2;116;173;209mdatamodel.py:from_file:1558[0m - Loading WaveTilts from /Users/kaiwenzhang/PycharmProjects/KCWI/KCWI_RED_channel_characterization/RM1 pypeit run/2024-03-15/pypeit_run/keck_kcrm_B/Calibrations/Tilts_B_1_DET01.fits
[1;38;2;49;54;149m    [INFO][0m - [38;2;116;173;209mdatamodel.py:from_file:1558[0m - Loading Alignments from /Users/kaiwenzhang/PycharmProjects/KCWI/KCWI_RED_channel_characterization/RM1 pypeit run/2024-03-15/pypeit_run/keck_kcrm_B/Calibrations/Alignment_B_1_DET01.fits
[1;38;2;49;54;149m    [INFO][0m - [38;2;116;173;209mdatamodel.py:from_file:1558[0m - Loading ScatteredLight from /Users/kaiwenzhang/PycharmProjects/KCWI/KCWI_RED_channel_characterization/RM1 pypeit run/2024-03-15/pypeit_run/keck_kcrm_B/Calibrations/ScatteredLight_B_1_DET01.fits.gz
[1;38;2;49;54;149m    [INFO][0m - [38;2;116;173;209mdatamodel.py:from_file:1558[0m - Loading FlatImages from /Users/kaiwenzhang/PycharmProjects/KCWI/KCWI_RED_channel_characterization/RM1 pypeit run/2024-03-15/pypeit_run/keck_kcrm_B/Calibrations/Flat_B_1_DET01.fits
[1;38;2;49;54;149m    [INFO][0m - [38;2;116;173;209mcalibrations.py:run_the_steps:1459[0m - Calibration complete and/or fully loaded!
[1;38;2;49;54;149m    [INFO][0m - [38;2;116;173;209mcalibrations.py:run_the_steps:1460[0m - #######################################################################
[1;38;2;49;54;149m    [INFO][0m - [38;2;116;173;209mpypeit_steps.py:extract_det:732[0m - Extraction skipped for KR.20240316.44178.62-feige34_KCRM_20240316T121618.653 on det=1
[1;38;2;49;54;149m    [INFO][0m - [38;2;116;173;209mwavetilts.py:fit2tiltimg:143[0m - Generating a tilts image from the fit parameters
[1;38;2;49;54;149m    [INFO][0m - [38;2;116;173;209mpypeit_steps.py:refframe_correct:906[0m - Performing a heliocentric correction
[1;38;2;49;54;149m    [INFO][0m - [38;2;116;173;209mpypeit_steps.py:refframe_correct:915[0m - Applying heliocentric correction = -13.49376 km/s
WARNING: Format d cannot be mapped to the accepted TDISPn keyword values.  Format will not be moved into TDISPn keyword. [astropy.io.fits.column]
WARNING: Format 0.1f cannot be mapped to the accepted TDISPn keyword values.  Format will not be moved into TDISPn keyword. [astropy.io.fits.column]
WARNING: Format 0.3f cannot be mapped to the accepted TDISPn keyword values.  Format will not be moved into TDISPn keyword. [astropy.io.fits.column]
[1;38;2;49;54;149m    [INFO][0m - [38;2;116;173;209mspec2dobj.py:write_to_fits:721[0m - Wrote: /Users/kaiwenzhang/PycharmProjects/KCWI/KCWI_RED_channel_characterization/RM1 pypeit run/2024-03-15/pypeit_run/keck_kcrm_B/Science/spec2d_KR.20240316.44178.62-feige34_KCRM_20240316T121618.653.fits
[1;38;2;49;54;149m    [INFO][0m - [38;2;116;173;209mexposure.py:reduce_exposure:406[0m - Reducing target feige34
Combining frames:
KR.20240316.44290.82.fits

[1;38;2;49;54;149m    [INFO][0m - [38;2;116;173;209mexposure.py:reduce_exposure:417[0m - Detectors to work on: [1]
[1;38;2;49;54;149m    [INFO][0m - [38;2;116;173;209mexposure.py:reduce_exposure:422[0m - Calibrating detector 1
[1;38;2;49;54;149m    [INFO][0m - [38;2;116;173;209mpypeit_steps.py:calib_one:173[0m - Building/loading calibrations for detector 1
[1;38;2;49;54;149m    [INFO][0m - [38;2;116;173;209mdatamodel.py:from_file:1558[0m - Loading BiasImage from /Users/kaiwenzhang/PycharmProjects/KCWI/KCWI_RED_channel_characterization/RM1 pypeit run/2024-03-15/pypeit_run/keck_kcrm_B/Calibrations/Bias_B_1_DET01.fits
[1;38;2;253;174;97m [WARNING][0m - [38;2;116;173;209mcalibrations.py:get_dark:606[0m - No raw dark frames found and unable to identify a relevant processed calibration frame.  Continuing...
[1;38;2;49;54;149m    [INFO][0m - [38;2;116;173;209mkeck_kcwi.py:get_rawimage:1426[0m - Reading KCWI file: /Users/kaiwenzhang/PycharmProjects/KCWI/KCWI_RED_channel_characterization/fits/by_night/RM1/2024-03-15/KR.20240316.08992.59.fits
[1;38;2;253;174;97m [WARNING][0m - [38;2;116;173;209mkeck_kcwi.py:bpm:820[0m - KCRM bad pixel mask is not available for ampmode=L2U2L1U1 binning=2,2
[1;38;2;49;54;149m    [INFO][0m - [38;2;116;173;209mdatamodel.py:from_file:1558[0m - Loading ArcImage from /Users/kaiwenzhang/PycharmProjects/KCWI/KCWI_RED_channel_characterization/RM1 pypeit run/2024-03-15/pypeit_run/keck_kcrm_B/Calibrations/Arc_B_1_DET01.fits
[1;38;2;49;54;149m    [INFO][0m - [38;2;116;173;209mdatamodel.py:from_file:1558[0m - Loading TiltImage from /Users/kaiwenzhang/PycharmProjects/KCWI/KCWI_RED_channel_characterization/RM1 pypeit run/2024-03-15/pypeit_run/keck_kcrm_B/Calibrations/Tiltimg_B_1_DET01.fits
[1;38;2;49;54;149m    [INFO][0m - [38;2;116;173;209mdatamodel.py:from_file:1558[0m - Loading SlitTraceSet from /Users/kaiwenzhang/PycharmProjects/KCWI/KCWI_RED_channel_characterization/RM1 pypeit run/2024-03-15/pypeit_run/keck_kcrm_B/Calibrations/Slits_B_1_DET01.fits.gz
[1;38;2;49;54;149m    [INFO][0m - [38;2;116;173;209mdatamodel.py:from_file:1558[0m - Loading WaveCalib from /Users/kaiwenzhang/PycharmProjects/KCWI/KCWI_RED_channel_characterization/RM1 pypeit run/2024-03-15/pypeit_run/keck_kcrm_B/Calibrations/WaveCalib_B_1_DET01.fits
[1;38;2;49;54;149m    [INFO][0m - [38;2;116;173;209mdatamodel.py:from_file:1558[0m - Loading WaveTilts from /Users/kaiwenzhang/PycharmProjects/KCWI/KCWI_RED_channel_characterization/RM1 pypeit run/2024-03-15/pypeit_run/keck_kcrm_B/Calibrations/Tilts_B_1_DET01.fits
[1;38;2;49;54;149m    [INFO][0m - [38;2;116;173;209mdatamodel.py:from_file:1558[0m - Loading Alignments from /Users/kaiwenzhang/PycharmProjects/KCWI/KCWI_RED_channel_characterization/RM1 pypeit run/2024-03-15/pypeit_run/keck_kcrm_B/Calibrations/Alignment_B_1_DET01.fits
[1;38;2;49;54;149m    [INFO][0m - [38;2;116;173;209mdatamodel.py:from_file:1558[0m - Loading ScatteredLight from /Users/kaiwenzhang/PycharmProjects/KCWI/KCWI_RED_channel_characterization/RM1 pypeit run/2024-03-15/pypeit_run/keck_kcrm_B/Calibrations/ScatteredLight_B_1_DET01.fits.gz
[1;38;2;49;54;149m    [INFO][0m - [38;2;116;173;209mdatamodel.py:from_file:1558[0m - Loading FlatImages from /Users/kaiwenzhang/PycharmProjects/KCWI/KCWI_RED_channel_characterization/RM1 pypeit run/2024-03-15/pypeit_run/keck_kcrm_B/Calibrations/Flat_B_1_DET01.fits
[1;38;2;49;54;149m    [INFO][0m - [38;2;116;173;209mcalibrations.py:run_the_steps:1459[0m - Calibration complete and/or fully loaded!
[1;38;2;49;54;149m    [INFO][0m - [38;2;116;173;209mcalibrations.py:run_the_steps:1460[0m - #######################################################################
[1;38;2;49;54;149m    [INFO][0m - [38;2;116;173;209mexposure.py:process_exposure:126[0m - Reducing detector 1
[1;38;2;49;54;149m    [INFO][0m - [38;2;116;173;209mdatamodel.py:from_file:1558[0m - Loading BiasImage from /Users/kaiwenzhang/PycharmProjects/KCWI/KCWI_RED_channel_characterization/RM1 pypeit run/2024-03-15/pypeit_run/keck_kcrm_B/Calibrations/Bias_B_1_DET01.fits
[1;38;2;253;174;97m [WARNING][0m - [38;2;116;173;209mcalibrations.py:get_dark:606[0m - No raw dark frames found and unable to identify a relevant processed calibration frame.  Continuing...
[1;38;2;49;54;149m    [INFO][0m - [38;2;116;173;209mkeck_kcwi.py:get_rawimage:1426[0m - Reading KCWI file: /Users/kaiwenzhang/PycharmProjects/KCWI/KCWI_RED_channel_characterization/fits/by_night/RM1/2024-03-15/KR.20240316.44290.82.fits
[1;38;2;49;54;149m    [INFO][0m - [38;2;116;173;209mdatamodel.py:from_file:1558[0m - Loading ArcImage from /Users/kaiwenzhang/PycharmProjects/KCWI/KCWI_RED_channel_characterization/RM1 pypeit run/2024-03-15/pypeit_run/keck_kcrm_B/Calibrations/Arc_B_1_DET01.fits
[1;38;2;49;54;149m    [INFO][0m - [38;2;116;173;209mdatamodel.py:from_file:1558[0m - Loading TiltImage from /Users/kaiwenzhang/PycharmProjects/KCWI/KCWI_RED_channel_characterization/RM1 pypeit run/2024-03-15/pypeit_run/keck_kcrm_B/Calibrations/Tiltimg_B_1_DET01.fits
[1;38;2;49;54;149m    [INFO][0m - [38;2;116;173;209mdatamodel.py:from_file:1558[0m - Loading SlitTraceSet from /Users/kaiwenzhang/PycharmProjects/KCWI/KCWI_RED_channel_characterization/RM1 pypeit run/2024-03-15/pypeit_run/keck_kcrm_B/Calibrations/Slits_B_1_DET01.fits.gz
[1;38;2;49;54;149m    [INFO][0m - [38;2;116;173;209mdatamodel.py:from_file:1558[0m - Loading WaveCalib from /Users/kaiwenzhang/PycharmProjects/KCWI/KCWI_RED_channel_characterization/RM1 pypeit run/2024-03-15/pypeit_run/keck_kcrm_B/Calibrations/WaveCalib_B_1_DET01.fits
[1;38;2;49;54;149m    [INFO][0m - [38;2;116;173;209mdatamodel.py:from_file:1558[0m - Loading WaveTilts from /Users/kaiwenzhang/PycharmProjects/KCWI/KCWI_RED_channel_characterization/RM1 pypeit run/2024-03-15/pypeit_run/keck_kcrm_B/Calibrations/Tilts_B_1_DET01.fits
[1;38;2;49;54;149m    [INFO][0m - [38;2;116;173;209mdatamodel.py:from_file:1558[0m - Loading Alignments from /Users/kaiwenzhang/PycharmProjects/KCWI/KCWI_RED_channel_characterization/RM1 pypeit run/2024-03-15/pypeit_run/keck_kcrm_B/Calibrations/Alignment_B_1_DET01.fits
[1;38;2;49;54;149m    [INFO][0m - [38;2;116;173;209mdatamodel.py:from_file:1558[0m - Loading ScatteredLight from /Users/kaiwenzhang/PycharmProjects/KCWI/KCWI_RED_channel_characterization/RM1 pypeit run/2024-03-15/pypeit_run/keck_kcrm_B/Calibrations/ScatteredLight_B_1_DET01.fits.gz
[1;38;2;49;54;149m    [INFO][0m - [38;2;116;173;209mdatamodel.py:from_file:1558[0m - Loading FlatImages from /Users/kaiwenzhang/PycharmProjects/KCWI/KCWI_RED_channel_characterization/RM1 pypeit run/2024-03-15/pypeit_run/keck_kcrm_B/Calibrations/Flat_B_1_DET01.fits
[1;38;2;49;54;149m    [INFO][0m - [38;2;116;173;209mcalibrations.py:run_the_steps:1459[0m - Calibration complete and/or fully loaded!
[1;38;2;49;54;149m    [INFO][0m - [38;2;116;173;209mcalibrations.py:run_the_steps:1460[0m - #######################################################################
[1;38;2;49;54;149m    [INFO][0m - [38;2;116;173;209mpypeit_steps.py:process_one_det:260[0m - Image processing begins for KR.20240316.44290.82-feige34_KCRM_20240316T121810.800 on det=1
[1;38;2;49;54;149m    [INFO][0m - [38;2;116;173;209mkeck_kcwi.py:get_rawimage:1426[0m - Reading KCWI file: /Users/kaiwenzhang/PycharmProjects/KCWI/KCWI_RED_channel_characterization/fits/by_night/RM1/2024-03-15/KR.20240316.44290.82.fits
[1;38;2;49;54;149m    [INFO][0m - [38;2;116;173;209mrawimage.py:process:564[0m - Performing basic image processing on KR.20240316.44290.82.fits.
[1;38;2;49;54;149m    [INFO][0m - [38;2;116;173;209mrawimage.py:estimate_readnoise:359[0m - Estimated readnoise of amplifier 1 = 3.797 e-
[1;38;2;49;54;149m    [INFO][0m - [38;2;116;173;209mrawimage.py:estimate_readnoise:359[0m - Estimated readnoise of amplifier 2 = 3.782 e-
[1;38;2;49;54;149m    [INFO][0m - [38;2;116;173;209mprocimg.py:lacosmic:170[0m - Detecting cosmic rays with the L.A.Cosmic algorithm
[1;38;2;49;54;149m    [INFO][0m - [38;2;116;173;209mprocimg.py:lacosmic:218[0m - Convolving image with Laplacian kernel
[1;38;2;49;54;149m    [INFO][0m - [38;2;116;173;209mprocimg.py:lacosmic:229[0m - Found 4266 candidate cosmic-ray pixels
[1;38;2;49;54;149m    [INFO][0m - [38;2;116;173;209mprocimg.py:lacosmic:235[0m - Reduced to 4266 candidates after excluding known bad pixels.
[1;38;2;49;54;149m    [INFO][0m - [38;2;116;173;209mprocimg.py:lacosmic:246[0m - Reduced to 2135 candidates after excluding compact objects.
[1;38;2;49;54;149m    [INFO][0m - [38;2;116;173;209mprocimg.py:lacosmic:250[0m - Finding neighboring pixels affected by cosmic rays
[1;38;2;49;54;149m    [INFO][0m - [38;2;116;173;209mprocimg.py:lacosmic:260[0m - Changed to 5450 candidates after evaluating neighboring pixels.
[1;38;2;49;54;149m    [INFO][0m - [38;2;116;173;209mprocimg.py:lacosmic:266[0m - Reduced to 5450 candidates after excluding known bad pixels.
[1;38;2;49;54;149m    [INFO][0m - [38;2;116;173;209mprocimg.py:lacosmic:271[0m - Iteration 1: 5450 pixels identified as cosmic rays (5450 are new)
[1;38;2;49;54;149m    [INFO][0m - [38;2;116;173;209mprocimg.py:lacosmic:300[0m - 5368 pixels identified as cosmic rays after removing false positives
[1;38;2;49;54;149m    [INFO][0m - [38;2;116;173;209mpypeit_steps.py:findobj_on_det:381[0m - Object finding begins for KR.20240316.44290.82-feige34_KCRM_20240316T121810.800 on det=1
[1;38;2;49;54;149m    [INFO][0m - [38;2;116;173;209mdatamodel.py:from_file:1558[0m - Loading BiasImage from /Users/kaiwenzhang/PycharmProjects/KCWI/KCWI_RED_channel_characterization/RM1 pypeit run/2024-03-15/pypeit_run/keck_kcrm_B/Calibrations/Bias_B_1_DET01.fits
[1;38;2;253;174;97m [WARNING][0m - [38;2;116;173;209mcalibrations.py:get_dark:606[0m - No raw dark frames found and unable to identify a relevant processed calibration frame.  Continuing...
[1;38;2;49;54;149m    [INFO][0m - [38;2;116;173;209mkeck_kcwi.py:get_rawimage:1426[0m - Reading KCWI file: /Users/kaiwenzhang/PycharmProjects/KCWI/KCWI_RED_channel_characterization/fits/by_night/RM1/2024-03-15/KR.20240316.44290.82.fits
[1;38;2;49;54;149m    [INFO][0m - [38;2;116;173;209mdatamodel.py:from_file:1558[0m - Loading ArcImage from /Users/kaiwenzhang/PycharmProjects/KCWI/KCWI_RED_channel_characterization/RM1 pypeit run/2024-03-15/pypeit_run/keck_kcrm_B/Calibrations/Arc_B_1_DET01.fits
[1;38;2;49;54;149m    [INFO][0m - [38;2;116;173;209mdatamodel.py:from_file:1558[0m - Loading TiltImage from /Users/kaiwenzhang/PycharmProjects/KCWI/KCWI_RED_channel_characterization/RM1 pypeit run/2024-03-15/pypeit_run/keck_kcrm_B/Calibrations/Tiltimg_B_1_DET01.fits
[1;38;2;49;54;149m    [INFO][0m - [38;2;116;173;209mdatamodel.py:from_file:1558[0m - Loading SlitTraceSet from /Users/kaiwenzhang/PycharmProjects/KCWI/KCWI_RED_channel_characterization/RM1 pypeit run/2024-03-15/pypeit_run/keck_kcrm_B/Calibrations/Slits_B_1_DET01.fits.gz
[1;38;2;49;54;149m    [INFO][0m - [38;2;116;173;209mdatamodel.py:from_file:1558[0m - Loading WaveCalib from /Users/kaiwenzhang/PycharmProjects/KCWI/KCWI_RED_channel_characterization/RM1 pypeit run/2024-03-15/pypeit_run/keck_kcrm_B/Calibrations/WaveCalib_B_1_DET01.fits
[1;38;2;49;54;149m    [INFO][0m - [38;2;116;173;209mdatamodel.py:from_file:1558[0m - Loading WaveTilts from /Users/kaiwenzhang/PycharmProjects/KCWI/KCWI_RED_channel_characterization/RM1 pypeit run/2024-03-15/pypeit_run/keck_kcrm_B/Calibrations/Tilts_B_1_DET01.fits
[1;38;2;49;54;149m    [INFO][0m - [38;2;116;173;209mdatamodel.py:from_file:1558[0m - Loading Alignments from /Users/kaiwenzhang/PycharmProjects/KCWI/KCWI_RED_channel_characterization/RM1 pypeit run/2024-03-15/pypeit_run/keck_kcrm_B/Calibrations/Alignment_B_1_DET01.fits
[1;38;2;49;54;149m    [INFO][0m - [38;2;116;173;209mdatamodel.py:from_file:1558[0m - Loading ScatteredLight from /Users/kaiwenzhang/PycharmProjects/KCWI/KCWI_RED_channel_characterization/RM1 pypeit run/2024-03-15/pypeit_run/keck_kcrm_B/Calibrations/ScatteredLight_B_1_DET01.fits.gz
[1;38;2;49;54;149m    [INFO][0m - [38;2;116;173;209mdatamodel.py:from_file:1558[0m - Loading FlatImages from /Users/kaiwenzhang/PycharmProjects/KCWI/KCWI_RED_channel_characterization/RM1 pypeit run/2024-03-15/pypeit_run/keck_kcrm_B/Calibrations/Flat_B_1_DET01.fits
[1;38;2;49;54;149m    [INFO][0m - [38;2;116;173;209mcalibrations.py:run_the_steps:1459[0m - Calibration complete and/or fully loaded!
[1;38;2;49;54;149m    [INFO][0m - [38;2;116;173;209mcalibrations.py:run_the_steps:1460[0m - #######################################################################
[1;38;2;49;54;149m    [INFO][0m - [38;2;116;173;209mpypeit_steps.py:findobj_on_det:387[0m - Reducing detector 1
[1;38;2;49;54;149m    [INFO][0m - [38;2;116;173;209mpypeit_steps.py:load_skyregions:606[0m - Generating skysub mask based on the user defined regions: :36,65:
[1;38;2;49;54;149m    [INFO][0m - [38;2;116;173;209mfind_objects.py:__init__:164[0m - Initializing slits
[1;38;2;49;54;149m    [INFO][0m - [38;2;116;173;209mfind_objects.py:__init__:232[0m - Generating tilts image from fit in waveTilts
[1;38;2;49;54;149m    [INFO][0m - [38;2;116;173;209mwavetilts.py:fit2tiltimg:143[0m - Generating a tilts image from the fit parameters
[1;38;2;49;54;149m    [INFO][0m - [38;2;116;173;209mfind_objects.py:global_skysub:583[0m - Global sky subtraction for slit: 61
[1;38;2;49;54;149m    [INFO][0m - [38;2;116;173;209mskysub.py:global_skysub:195[0m - Full fit in global sky sub.
[1;38;2;49;54;149m    [INFO][0m - [38;2;116;173;209mfitting.py:bspline_profile:1156[0m - B-spline fit:
[1;38;2;49;54;149m    [INFO][0m - [38;2;116;173;209mfitting.py:bspline_profile:1157[0m -     npoly = 2 profile basis functions
[1;38;2;49;54;149m    [INFO][0m - [38;2;116;173;209mfitting.py:bspline_profile:1158[0m -     ngood = 89376/144189 measurements
[1;38;2;49;54;149m    [INFO][0m - [38;2;116;173;209mfitting.py:bspline_profile:1159[0m - ***************** Iter     Chi^2    N Rej  R. Fac *****************
[1;38;2;49;54;149m    [INFO][0m - [38;2;116;173;209mfitting.py:bspline_profile:1163[0m -                   ----  --------  -------  ------                  
[1;38;2;49;54;149m    [INFO][0m - [38;2;116;173;209mfitting.py:bspline_profile:1257[0m -                      1     1.185    55013    1.00                  
[1;38;2;49;54;149m    [INFO][0m - [38;2;116;173;209mfitting.py:bspline_profile:1257[0m -                      2     0.997    55015    1.00                  
[1;38;2;49;54;149m    [INFO][0m - [38;2;116;173;209mfitting.py:bspline_profile:1257[0m -                      3     0.997    55015    1.00                  
[1;38;2;49;54;149m    [INFO][0m - [38;2;116;173;209mfitting.py:bspline_profile:1272[0m -                   DONE     0.997    55015    1.00                  
[1;38;2;49;54;149m    [INFO][0m - [38;2;116;173;209mfitting.py:bspline_profile:1275[0m - *******************************************************************
[1;38;2;49;54;149m    [INFO][0m - [38;2;116;173;209mfind_objects.py:global_skysub:583[0m - Global sky subtraction for slit: 142
[1;38;2;49;54;149m    [INFO][0m - [38;2;116;173;209mskysub.py:global_skysub:195[0m - Full fit in global sky sub.
[1;38;2;49;54;149m    [INFO][0m - [38;2;116;173;209mfitting.py:bspline_profile:1156[0m - B-spline fit:
[1;38;2;49;54;149m    [INFO][0m - [38;2;116;173;209mfitting.py:bspline_profile:1157[0m -     npoly = 2 profile basis functions
[1;38;2;49;54;149m    [INFO][0m - [38;2;116;173;209mfitting.py:bspline_profile:1158[0m -     ngood = 89812/144419 measurements
[1;38;2;49;54;149m    [INFO][0m - [38;2;116;173;209mfitting.py:bspline_profile:1159[0m - ***************** Iter     Chi^2    N Rej  R. Fac *****************
[1;38;2;49;54;149m    [INFO][0m - [38;2;116;173;209mfitting.py:bspline_profile:1163[0m -                   ----  --------  -------  ------                  
[1;38;2;49;54;149m    [INFO][0m - [38;2;116;173;209mfitting.py:bspline_profile:1257[0m -                      1     1.006    54720    1.00                  
[1;38;2;49;54;149m    [INFO][0m - [38;2;116;173;209mfitting.py:bspline_profile:1257[0m -                      2     0.989    54721    1.00                  
[1;38;2;49;54;149m    [INFO][0m - [38;2;116;173;209mfitting.py:bspline_profile:1257[0m -                      3     0.989    54721    1.00                  
[1;38;2;49;54;149m    [INFO][0m - [38;2;116;173;209mfitting.py:bspline_profile:1272[0m -                   DONE     0.989    54721    1.00                  
[1;38;2;49;54;149m    [INFO][0m - [38;2;116;173;209mfitting.py:bspline_profile:1275[0m - *******************************************************************
[1;38;2;49;54;149m    [INFO][0m - [38;2;116;173;209mfind_objects.py:global_skysub:583[0m - Global sky subtraction for slit: 217
[1;38;2;49;54;149m    [INFO][0m - [38;2;116;173;209mskysub.py:global_skysub:195[0m - Full fit in global sky sub.
[1;38;2;49;54;149m    [INFO][0m - [38;2;116;173;209mfitting.py:bspline_profile:1156[0m - B-spline fit:
[1;38;2;49;54;149m    [INFO][0m - [38;2;116;173;209mfitting.py:bspline_profile:1157[0m -     npoly = 2 profile basis functions
[1;38;2;49;54;149m    [INFO][0m - [38;2;116;173;209mfitting.py:bspline_profile:1158[0m -     ngood = 90127/144775 measurements
[1;38;2;49;54;149m    [INFO][0m - [38;2;116;173;209mfitting.py:bspline_profile:1159[0m - ***************** Iter     Chi^2    N Rej  R. Fac *****************
[1;38;2;49;54;149m    [INFO][0m - [38;2;116;173;209mfitting.py:bspline_profile:1163[0m -                   ----  --------  -------  ------                  
[1;38;2;49;54;149m    [INFO][0m - [38;2;116;173;209mfitting.py:bspline_profile:1257[0m -                      1     1.010    54800    1.00                  
[1;38;2;49;54;149m    [INFO][0m - [38;2;116;173;209mfitting.py:bspline_profile:1257[0m -                      2     0.988    54802    1.00                  
[1;38;2;49;54;149m    [INFO][0m - [38;2;116;173;209mfitting.py:bspline_profile:1257[0m -                      3     0.988    54802    1.00                  
[1;38;2;49;54;149m    [INFO][0m - [38;2;116;173;209mfitting.py:bspline_profile:1272[0m -                   DONE     0.988    54802    1.00                  
[1;38;2;49;54;149m    [INFO][0m - [38;2;116;173;209mfitting.py:bspline_profile:1275[0m - *******************************************************************
[1;38;2;49;54;149m    [INFO][0m - [38;2;116;173;209mfind_objects.py:global_skysub:583[0m - Global sky subtraction for slit: 296
[1;38;2;49;54;149m    [INFO][0m - [38;2;116;173;209mskysub.py:global_skysub:195[0m - Full fit in global sky sub.
[1;38;2;49;54;149m    [INFO][0m - [38;2;116;173;209mfitting.py:bspline_profile:1156[0m - B-spline fit:
[1;38;2;49;54;149m    [INFO][0m - [38;2;116;173;209mfitting.py:bspline_profile:1157[0m -     npoly = 2 profile basis functions
[1;38;2;49;54;149m    [INFO][0m - [38;2;116;173;209mfitting.py:bspline_profile:1158[0m -     ngood = 89681/144591 measurements
[1;38;2;49;54;149m    [INFO][0m - [38;2;116;173;209mfitting.py:bspline_profile:1159[0m - ***************** Iter     Chi^2    N Rej  R. Fac *****************
[1;38;2;49;54;149m    [INFO][0m - [38;2;116;173;209mfitting.py:bspline_profile:1163[0m -                   ----  --------  -------  ------                  
[1;38;2;49;54;149m    [INFO][0m - [38;2;116;173;209mfitting.py:bspline_profile:1257[0m -                      1     1.128    55106    1.00                  
[1;38;2;49;54;149m    [INFO][0m - [38;2;116;173;209mfitting.py:bspline_profile:1257[0m -                      2     0.994    55111    1.00                  
[1;38;2;49;54;149m    [INFO][0m - [38;2;116;173;209mfitting.py:bspline_profile:1257[0m -                      3     0.993    55111    1.00                  
[1;38;2;49;54;149m    [INFO][0m - [38;2;116;173;209mfitting.py:bspline_profile:1272[0m -                   DONE     0.993    55111    1.00                  
[1;38;2;49;54;149m    [INFO][0m - [38;2;116;173;209mfitting.py:bspline_profile:1275[0m - *******************************************************************
[1;38;2;49;54;149m    [INFO][0m - [38;2;116;173;209mfind_objects.py:global_skysub:583[0m - Global sky subtraction for slit: 370
[1;38;2;49;54;149m    [INFO][0m - [38;2;116;173;209mskysub.py:global_skysub:195[0m - Full fit in global sky sub.
[1;38;2;49;54;149m    [INFO][0m - [38;2;116;173;209mfitting.py:bspline_profile:1156[0m - B-spline fit:
[1;38;2;49;54;149m    [INFO][0m - [38;2;116;173;209mfitting.py:bspline_profile:1157[0m -     npoly = 2 profile basis functions
[1;38;2;49;54;149m    [INFO][0m - [38;2;116;173;209mfitting.py:bspline_profile:1158[0m -     ngood = 90126/144580 measurements
[1;38;2;49;54;149m    [INFO][0m - [38;2;116;173;209mfitting.py:bspline_profile:1159[0m - ***************** Iter     Chi^2    N Rej  R. Fac *****************
[1;38;2;49;54;149m    [INFO][0m - [38;2;116;173;209mfitting.py:bspline_profile:1163[0m -                   ----  --------  -------  ------                  
[1;38;2;49;54;149m    [INFO][0m - [38;2;116;173;209mfitting.py:bspline_profile:1257[0m -                      1     1.002    54595    1.00                  
[1;38;2;49;54;149m    [INFO][0m - [38;2;116;173;209mfitting.py:bspline_profile:1257[0m -                      2     0.982    54597    1.00                  
[1;38;2;49;54;149m    [INFO][0m - [38;2;116;173;209mfitting.py:bspline_profile:1257[0m -                      3     0.982    54597    1.00                  
[1;38;2;49;54;149m    [INFO][0m - [38;2;116;173;209mfitting.py:bspline_profile:1272[0m -                   DONE     0.982    54597    1.00                  
[1;38;2;49;54;149m    [INFO][0m - [38;2;116;173;209mfitting.py:bspline_profile:1275[0m - *******************************************************************
[1;38;2;49;54;149m    [INFO][0m - [38;2;116;173;209mfind_objects.py:global_skysub:583[0m - Global sky subtraction for slit: 445
[1;38;2;49;54;149m    [INFO][0m - [38;2;116;173;209mskysub.py:global_skysub:195[0m - Full fit in global sky sub.
[1;38;2;49;54;149m    [INFO][0m - [38;2;116;173;209mfitting.py:bspline_profile:1156[0m - B-spline fit:
[1;38;2;49;54;149m    [INFO][0m - [38;2;116;173;209mfitting.py:bspline_profile:1157[0m -     npoly = 2 profile basis functions
[1;38;2;49;54;149m    [INFO][0m - [38;2;116;173;209mfitting.py:bspline_profile:1158[0m -     ngood = 89912/144672 measurements
[1;38;2;49;54;149m    [INFO][0m - [38;2;116;173;209mfitting.py:bspline_profile:1159[0m - ***************** Iter     Chi^2    N Rej  R. Fac *****************
[1;38;2;49;54;149m    [INFO][0m - [38;2;116;173;209mfitting.py:bspline_profile:1163[0m -                   ----  --------  -------  ------                  
[1;38;2;49;54;149m    [INFO][0m - [38;2;116;173;209mfitting.py:bspline_profile:1257[0m -                      1     1.005    54900    1.00                  
[1;38;2;49;54;149m    [INFO][0m - [38;2;116;173;209mfitting.py:bspline_profile:1257[0m -                      2     0.985    54902    1.00                  
[1;38;2;49;54;149m    [INFO][0m - [38;2;116;173;209mfitting.py:bspline_profile:1257[0m -                      3     0.985    54902    1.00                  
[1;38;2;49;54;149m    [INFO][0m - [38;2;116;173;209mfitting.py:bspline_profile:1272[0m -                   DONE     0.985    54902    1.00                  
[1;38;2;49;54;149m    [INFO][0m - [38;2;116;173;209mfitting.py:bspline_profile:1275[0m - *******************************************************************
[1;38;2;49;54;149m    [INFO][0m - [38;2;116;173;209mfind_objects.py:global_skysub:583[0m - Global sky subtraction for slit: 518
[1;38;2;49;54;149m    [INFO][0m - [38;2;116;173;209mskysub.py:global_skysub:195[0m - Full fit in global sky sub.
[1;38;2;49;54;149m    [INFO][0m - [38;2;116;173;209mfitting.py:bspline_profile:1156[0m - B-spline fit:
[1;38;2;49;54;149m    [INFO][0m - [38;2;116;173;209mfitting.py:bspline_profile:1157[0m -     npoly = 2 profile basis functions
[1;38;2;49;54;149m    [INFO][0m - [38;2;116;173;209mfitting.py:bspline_profile:1158[0m -     ngood = 90186/144509 measurements
[1;38;2;49;54;149m    [INFO][0m - [38;2;116;173;209mfitting.py:bspline_profile:1159[0m - ***************** Iter     Chi^2    N Rej  R. Fac *****************
[1;38;2;49;54;149m    [INFO][0m - [38;2;116;173;209mfitting.py:bspline_profile:1163[0m -                   ----  --------  -------  ------                  
[1;38;2;49;54;149m    [INFO][0m - [38;2;116;173;209mfitting.py:bspline_profile:1257[0m -                      1     1.074    54492    1.00                  
[1;38;2;49;54;149m    [INFO][0m - [38;2;116;173;209mfitting.py:bspline_profile:1257[0m -                      2     0.984    54498    1.00                  
[1;38;2;49;54;149m    [INFO][0m - [38;2;116;173;209mfitting.py:bspline_profile:1257[0m -                      3     0.984    54498    1.00                  
[1;38;2;49;54;149m    [INFO][0m - [38;2;116;173;209mfitting.py:bspline_profile:1272[0m -                   DONE     0.984    54498    1.00                  
[1;38;2;49;54;149m    [INFO][0m - [38;2;116;173;209mfitting.py:bspline_profile:1275[0m - *******************************************************************
[1;38;2;49;54;149m    [INFO][0m - [38;2;116;173;209mfind_objects.py:global_skysub:583[0m - Global sky subtraction for slit: 591
[1;38;2;49;54;149m    [INFO][0m - [38;2;116;173;209mskysub.py:global_skysub:195[0m - Full fit in global sky sub.
[1;38;2;49;54;149m    [INFO][0m - [38;2;116;173;209mfitting.py:bspline_profile:1156[0m - B-spline fit:
[1;38;2;49;54;149m    [INFO][0m - [38;2;116;173;209mfitting.py:bspline_profile:1157[0m -     npoly = 2 profile basis functions
[1;38;2;49;54;149m    [INFO][0m - [38;2;116;173;209mfitting.py:bspline_profile:1158[0m -     ngood = 90077/144791 measurements
[1;38;2;49;54;149m    [INFO][0m - [38;2;116;173;209mfitting.py:bspline_profile:1159[0m - ***************** Iter     Chi^2    N Rej  R. Fac *****************
[1;38;2;49;54;149m    [INFO][0m - [38;2;116;173;209mfitting.py:bspline_profile:1163[0m -                   ----  --------  -------  ------                  
[1;38;2;49;54;149m    [INFO][0m - [38;2;116;173;209mfitting.py:bspline_profile:1257[0m -                      1     1.019    54877    1.00                  
[1;38;2;49;54;149m    [INFO][0m - [38;2;116;173;209mfitting.py:bspline_profile:1257[0m -                      2     0.995    54879    1.00                  
[1;38;2;49;54;149m    [INFO][0m - [38;2;116;173;209mfitting.py:bspline_profile:1257[0m -                      3     0.995    54879    1.00                  
[1;38;2;49;54;149m    [INFO][0m - [38;2;116;173;209mfitting.py:bspline_profile:1272[0m -                   DONE     0.995    54879    1.00                  
[1;38;2;49;54;149m    [INFO][0m - [38;2;116;173;209mfitting.py:bspline_profile:1275[0m - *******************************************************************
[1;38;2;49;54;149m    [INFO][0m - [38;2;116;173;209mfind_objects.py:global_skysub:583[0m - Global sky subtraction for slit: 664
[1;38;2;49;54;149m    [INFO][0m - [38;2;116;173;209mskysub.py:global_skysub:195[0m - Full fit in global sky sub.
[1;38;2;49;54;149m    [INFO][0m - [38;2;116;173;209mfitting.py:bspline_profile:1156[0m - B-spline fit:
[1;38;2;49;54;149m    [INFO][0m - [38;2;116;173;209mfitting.py:bspline_profile:1157[0m -     npoly = 2 profile basis functions
[1;38;2;49;54;149m    [INFO][0m - [38;2;116;173;209mfitting.py:bspline_profile:1158[0m -     ngood = 89852/144778 measurements
[1;38;2;49;54;149m    [INFO][0m - [38;2;116;173;209mfitting.py:bspline_profile:1159[0m - ***************** Iter     Chi^2    N Rej  R. Fac *****************
[1;38;2;49;54;149m    [INFO][0m - [38;2;116;173;209mfitting.py:bspline_profile:1163[0m -                   ----  --------  -------  ------                  
[1;38;2;49;54;149m    [INFO][0m - [38;2;116;173;209mfitting.py:bspline_profile:1257[0m -                      1     1.038    55083    1.00                  
[1;38;2;49;54;149m    [INFO][0m - [38;2;116;173;209mfitting.py:bspline_profile:1257[0m -                      2     0.993    55085    1.00                  
[1;38;2;49;54;149m    [INFO][0m - [38;2;116;173;209mfitting.py:bspline_profile:1257[0m -                      3     0.993    55085    1.00                  
[1;38;2;49;54;149m    [INFO][0m - [38;2;116;173;209mfitting.py:bspline_profile:1272[0m -                   DONE     0.993    55085    1.00                  
[1;38;2;49;54;149m    [INFO][0m - [38;2;116;173;209mfitting.py:bspline_profile:1275[0m - *******************************************************************
[1;38;2;49;54;149m    [INFO][0m - [38;2;116;173;209mfind_objects.py:global_skysub:583[0m - Global sky subtraction for slit: 739
[1;38;2;49;54;149m    [INFO][0m - [38;2;116;173;209mskysub.py:global_skysub:195[0m - Full fit in global sky sub.
[1;38;2;49;54;149m    [INFO][0m - [38;2;116;173;209mfitting.py:bspline_profile:1156[0m - B-spline fit:
[1;38;2;49;54;149m    [INFO][0m - [38;2;116;173;209mfitting.py:bspline_profile:1157[0m -     npoly = 2 profile basis functions
[1;38;2;49;54;149m    [INFO][0m - [38;2;116;173;209mfitting.py:bspline_profile:1158[0m -     ngood = 89906/144884 measurements
[1;38;2;49;54;149m    [INFO][0m - [38;2;116;173;209mfitting.py:bspline_profile:1159[0m - ***************** Iter     Chi^2    N Rej  R. Fac *****************
[1;38;2;49;54;149m    [INFO][0m - [38;2;116;173;209mfitting.py:bspline_profile:1163[0m -                   ----  --------  -------  ------                  
[1;38;2;49;54;149m    [INFO][0m - [38;2;116;173;209mfitting.py:bspline_profile:1257[0m -                      1     1.046    55161    1.00                  
[1;38;2;49;54;149m    [INFO][0m - [38;2;116;173;209mfitting.py:bspline_profile:1257[0m -                      2     1.019    55164    1.00                  
[1;38;2;49;54;149m    [INFO][0m - [38;2;116;173;209mfitting.py:bspline_profile:1257[0m -                      3     1.019    55164    1.00                  
[1;38;2;49;54;149m    [INFO][0m - [38;2;116;173;209mfitting.py:bspline_profile:1272[0m -                   DONE     1.019    55164    1.00                  
[1;38;2;49;54;149m    [INFO][0m - [38;2;116;173;209mfitting.py:bspline_profile:1275[0m - *******************************************************************
[1;38;2;49;54;149m    [INFO][0m - [38;2;116;173;209mfind_objects.py:global_skysub:583[0m - Global sky subtraction for slit: 812
[1;38;2;49;54;149m    [INFO][0m - [38;2;116;173;209mskysub.py:global_skysub:195[0m - Full fit in global sky sub.
[1;38;2;49;54;149m    [INFO][0m - [38;2;116;173;209mfitting.py:bspline_profile:1156[0m - B-spline fit:
[1;38;2;49;54;149m    [INFO][0m - [38;2;116;173;209mfitting.py:bspline_profile:1157[0m -     npoly = 2 profile basis functions
[1;38;2;49;54;149m    [INFO][0m - [38;2;116;173;209mfitting.py:bspline_profile:1158[0m -     ngood = 90046/144693 measurements
[1;38;2;49;54;149m    [INFO][0m - [38;2;116;173;209mfitting.py:bspline_profile:1159[0m - ***************** Iter     Chi^2    N Rej  R. Fac *****************
[1;38;2;49;54;149m    [INFO][0m - [38;2;116;173;209mfitting.py:bspline_profile:1163[0m -                   ----  --------  -------  ------                  
[1;38;2;49;54;149m    [INFO][0m - [38;2;116;173;209mfitting.py:bspline_profile:1257[0m -                      1     1.156    54973    1.00                  
[1;38;2;49;54;149m    [INFO][0m - [38;2;116;173;209mfitting.py:bspline_profile:1257[0m -                      2     1.108    54984    1.00                  
[1;38;2;49;54;149m    [INFO][0m - [38;2;116;173;209mfitting.py:bspline_profile:1257[0m -                      3     1.107    54984    1.00                  
[1;38;2;49;54;149m    [INFO][0m - [38;2;116;173;209mfitting.py:bspline_profile:1272[0m -                   DONE     1.107    54984    1.00                  
[1;38;2;49;54;149m    [INFO][0m - [38;2;116;173;209mfitting.py:bspline_profile:1275[0m - *******************************************************************
[1;38;2;49;54;149m    [INFO][0m - [38;2;116;173;209mfind_objects.py:global_skysub:583[0m - Global sky subtraction for slit: 886
[1;38;2;49;54;149m    [INFO][0m - [38;2;116;173;209mskysub.py:global_skysub:195[0m - Full fit in global sky sub.
[1;38;2;49;54;149m    [INFO][0m - [38;2;116;173;209mfitting.py:bspline_profile:1156[0m - B-spline fit:
[1;38;2;49;54;149m    [INFO][0m - [38;2;116;173;209mfitting.py:bspline_profile:1157[0m -     npoly = 2 profile basis functions
[1;38;2;49;54;149m    [INFO][0m - [38;2;116;173;209mfitting.py:bspline_profile:1158[0m -     ngood = 90424/145125 measurements
[1;38;2;49;54;149m    [INFO][0m - [38;2;116;173;209mfitting.py:bspline_profile:1159[0m - ***************** Iter     Chi^2    N Rej  R. Fac *****************
[1;38;2;49;54;149m    [INFO][0m - [38;2;116;173;209mfitting.py:bspline_profile:1163[0m -                   ----  --------  -------  ------                  
[1;38;2;49;54;149m    [INFO][0m - [38;2;116;173;209mfitting.py:bspline_profile:1257[0m -                      1     1.712    56821    1.00                  
[1;38;2;49;54;149m    [INFO][0m - [38;2;116;173;209mfitting.py:bspline_profile:1257[0m -                      2     1.360    57003    1.00                  
[1;38;2;49;54;149m    [INFO][0m - [38;2;116;173;209mfitting.py:bspline_profile:1257[0m -                      3     1.338    57022    1.00                  
[1;38;2;49;54;149m    [INFO][0m - [38;2;116;173;209mfitting.py:bspline_profile:1257[0m -                      4     1.336    57023    1.00                  
[1;38;2;49;54;149m    [INFO][0m - [38;2;116;173;209mfitting.py:bspline_profile:1257[0m -                      5     1.336    57023    1.00                  
[1;38;2;49;54;149m    [INFO][0m - [38;2;116;173;209mfitting.py:bspline_profile:1272[0m -                   DONE     1.336    57023    1.00                  
[1;38;2;49;54;149m    [INFO][0m - [38;2;116;173;209mfitting.py:bspline_profile:1275[0m - *******************************************************************
[1;38;2;49;54;149m    [INFO][0m - [38;2;116;173;209mfind_objects.py:global_skysub:583[0m - Global sky subtraction for slit: 1164
[1;38;2;49;54;149m    [INFO][0m - [38;2;116;173;209mskysub.py:global_skysub:195[0m - Full fit in global sky sub.
[1;38;2;49;54;149m    [INFO][0m - [38;2;116;173;209mfitting.py:bspline_profile:1156[0m - B-spline fit:
[1;38;2;49;54;149m    [INFO][0m - [38;2;116;173;209mfitting.py:bspline_profile:1157[0m -     npoly = 2 profile basis functions
[1;38;2;49;54;149m    [INFO][0m - [38;2;116;173;209mfitting.py:bspline_profile:1158[0m -     ngood = 90872/145334 measurements
[1;38;2;49;54;149m    [INFO][0m - [38;2;116;173;209mfitting.py:bspline_profile:1159[0m - ***************** Iter     Chi^2    N Rej  R. Fac *****************
[1;38;2;49;54;149m    [INFO][0m - [38;2;116;173;209mfitting.py:bspline_profile:1163[0m -                   ----  --------  -------  ------                  
[1;38;2;49;54;149m    [INFO][0m - [38;2;116;173;209mfitting.py:bspline_profile:1257[0m -                      1     1.861    57105    1.00                  
[1;38;2;49;54;149m    [INFO][0m - [38;2;116;173;209mfitting.py:bspline_profile:1257[0m -                      2     1.418    57352    1.00                  
[1;38;2;49;54;149m    [INFO][0m - [38;2;116;173;209mfitting.py:bspline_profile:1257[0m -                      3     1.387    57385    1.00                  
[1;38;2;49;54;149m    [INFO][0m - [38;2;116;173;209mfitting.py:bspline_profile:1257[0m -                      4     1.383    57390    1.00                  
[1;38;2;49;54;149m    [INFO][0m - [38;2;116;173;209mfitting.py:bspline_profile:1257[0m -                      5     1.383    57390    1.00                  
[1;38;2;49;54;149m    [INFO][0m - [38;2;116;173;209mfitting.py:bspline_profile:1272[0m -                   DONE     1.383    57390    1.00                  
[1;38;2;49;54;149m    [INFO][0m - [38;2;116;173;209mfitting.py:bspline_profile:1275[0m - *******************************************************************
[1;38;2;49;54;149m    [INFO][0m - [38;2;116;173;209mfind_objects.py:global_skysub:583[0m - Global sky subtraction for slit: 1238
[1;38;2;49;54;149m    [INFO][0m - [38;2;116;173;209mskysub.py:global_skysub:195[0m - Full fit in global sky sub.
[1;38;2;49;54;149m    [INFO][0m - [38;2;116;173;209mfitting.py:bspline_profile:1156[0m - B-spline fit:
[1;38;2;49;54;149m    [INFO][0m - [38;2;116;173;209mfitting.py:bspline_profile:1157[0m -     npoly = 2 profile basis functions
[1;38;2;49;54;149m    [INFO][0m - [38;2;116;173;209mfitting.py:bspline_profile:1158[0m -     ngood = 90773/145426 measurements
[1;38;2;49;54;149m    [INFO][0m - [38;2;116;173;209mfitting.py:bspline_profile:1159[0m - ***************** Iter     Chi^2    N Rej  R. Fac *****************
[1;38;2;49;54;149m    [INFO][0m - [38;2;116;173;209mfitting.py:bspline_profile:1163[0m -                   ----  --------  -------  ------                  
[1;38;2;49;54;149m    [INFO][0m - [38;2;116;173;209mfitting.py:bspline_profile:1257[0m -                      1     1.215    55108    1.00                  
[1;38;2;49;54;149m    [INFO][0m - [38;2;116;173;209mfitting.py:bspline_profile:1257[0m -                      2     1.147    55127    1.00                  
[1;38;2;49;54;149m    [INFO][0m - [38;2;116;173;209mfitting.py:bspline_profile:1257[0m -                      3     1.145    55127    1.00                  
[1;38;2;49;54;149m    [INFO][0m - [38;2;116;173;209mfitting.py:bspline_profile:1272[0m -                   DONE     1.145    55127    1.00                  
[1;38;2;49;54;149m    [INFO][0m - [38;2;116;173;209mfitting.py:bspline_profile:1275[0m - *******************************************************************
[1;38;2;49;54;149m    [INFO][0m - [38;2;116;173;209mfind_objects.py:global_skysub:583[0m - Global sky subtraction for slit: 1312
[1;38;2;49;54;149m    [INFO][0m - [38;2;116;173;209mskysub.py:global_skysub:195[0m - Full fit in global sky sub.
[1;38;2;49;54;149m    [INFO][0m - [38;2;116;173;209mfitting.py:bspline_profile:1156[0m - B-spline fit:
[1;38;2;49;54;149m    [INFO][0m - [38;2;116;173;209mfitting.py:bspline_profile:1157[0m -     npoly = 2 profile basis functions
[1;38;2;49;54;149m    [INFO][0m - [38;2;116;173;209mfitting.py:bspline_profile:1158[0m -     ngood = 90903/145438 measurements
[1;38;2;49;54;149m    [INFO][0m - [38;2;116;173;209mfitting.py:bspline_profile:1159[0m - ***************** Iter     Chi^2    N Rej  R. Fac *****************
[1;38;2;49;54;149m    [INFO][0m - [38;2;116;173;209mfitting.py:bspline_profile:1163[0m -                   ----  --------  -------  ------                  
[1;38;2;49;54;149m    [INFO][0m - [38;2;116;173;209mfitting.py:bspline_profile:1257[0m -                      1     1.072    54768    1.00                  
[1;38;2;49;54;149m    [INFO][0m - [38;2;116;173;209mfitting.py:bspline_profile:1257[0m -                      2     1.038    54771    1.00                  
[1;38;2;49;54;149m    [INFO][0m - [38;2;116;173;209mfitting.py:bspline_profile:1257[0m -                      3     1.038    54771    1.00                  
[1;38;2;49;54;149m    [INFO][0m - [38;2;116;173;209mfitting.py:bspline_profile:1272[0m -                   DONE     1.038    54771    1.00                  
[1;38;2;49;54;149m    [INFO][0m - [38;2;116;173;209mfitting.py:bspline_profile:1275[0m - *******************************************************************
[1;38;2;49;54;149m    [INFO][0m - [38;2;116;173;209mfind_objects.py:global_skysub:583[0m - Global sky subtraction for slit: 1386
[1;38;2;49;54;149m    [INFO][0m - [38;2;116;173;209mskysub.py:global_skysub:195[0m - Full fit in global sky sub.
[1;38;2;49;54;149m    [INFO][0m - [38;2;116;173;209mfitting.py:bspline_profile:1156[0m - B-spline fit:
[1;38;2;49;54;149m    [INFO][0m - [38;2;116;173;209mfitting.py:bspline_profile:1157[0m -     npoly = 2 profile basis functions
[1;38;2;49;54;149m    [INFO][0m - [38;2;116;173;209mfitting.py:bspline_profile:1158[0m -     ngood = 90958/145651 measurements
[1;38;2;49;54;149m    [INFO][0m - [38;2;116;173;209mfitting.py:bspline_profile:1159[0m - ***************** Iter     Chi^2    N Rej  R. Fac *****************
[1;38;2;49;54;149m    [INFO][0m - [38;2;116;173;209mfitting.py:bspline_profile:1163[0m -                   ----  --------  -------  ------                  
[1;38;2;49;54;149m    [INFO][0m - [38;2;116;173;209mfitting.py:bspline_profile:1257[0m -                      1     1.032    54877    1.00                  
[1;38;2;49;54;149m    [INFO][0m - [38;2;116;173;209mfitting.py:bspline_profile:1257[0m -                      2     1.005    54883    1.00                  
[1;38;2;49;54;149m    [INFO][0m - [38;2;116;173;209mfitting.py:bspline_profile:1257[0m -                      3     1.004    54883    1.00                  
[1;38;2;49;54;149m    [INFO][0m - [38;2;116;173;209mfitting.py:bspline_profile:1272[0m -                   DONE     1.004    54883    1.00                  
[1;38;2;49;54;149m    [INFO][0m - [38;2;116;173;209mfitting.py:bspline_profile:1275[0m - *******************************************************************
[1;38;2;49;54;149m    [INFO][0m - [38;2;116;173;209mfind_objects.py:global_skysub:583[0m - Global sky subtraction for slit: 1459
[1;38;2;49;54;149m    [INFO][0m - [38;2;116;173;209mskysub.py:global_skysub:195[0m - Full fit in global sky sub.
[1;38;2;49;54;149m    [INFO][0m - [38;2;116;173;209mfitting.py:bspline_profile:1156[0m - B-spline fit:
[1;38;2;49;54;149m    [INFO][0m - [38;2;116;173;209mfitting.py:bspline_profile:1157[0m -     npoly = 2 profile basis functions
[1;38;2;49;54;149m    [INFO][0m - [38;2;116;173;209mfitting.py:bspline_profile:1158[0m -     ngood = 90180/145127 measurements
[1;38;2;49;54;149m    [INFO][0m - [38;2;116;173;209mfitting.py:bspline_profile:1159[0m - ***************** Iter     Chi^2    N Rej  R. Fac *****************
[1;38;2;49;54;149m    [INFO][0m - [38;2;116;173;209mfitting.py:bspline_profile:1163[0m -                   ----  --------  -------  ------                  
[1;38;2;49;54;149m    [INFO][0m - [38;2;116;173;209mfitting.py:bspline_profile:1257[0m -                      1     1.024    55118    1.00                  
[1;38;2;49;54;149m    [INFO][0m - [38;2;116;173;209mfitting.py:bspline_profile:1257[0m -                      2     0.998    55120    1.00                  
[1;38;2;49;54;149m    [INFO][0m - [38;2;116;173;209mfitting.py:bspline_profile:1257[0m -                      3     0.998    55120    1.00                  
[1;38;2;49;54;149m    [INFO][0m - [38;2;116;173;209mfitting.py:bspline_profile:1272[0m -                   DONE     0.998    55120    1.00                  
[1;38;2;49;54;149m    [INFO][0m - [38;2;116;173;209mfitting.py:bspline_profile:1275[0m - *******************************************************************
[1;38;2;49;54;149m    [INFO][0m - [38;2;116;173;209mfind_objects.py:global_skysub:583[0m - Global sky subtraction for slit: 1534
[1;38;2;49;54;149m    [INFO][0m - [38;2;116;173;209mskysub.py:global_skysub:195[0m - Full fit in global sky sub.
[1;38;2;49;54;149m    [INFO][0m - [38;2;116;173;209mfitting.py:bspline_profile:1156[0m - B-spline fit:
[1;38;2;49;54;149m    [INFO][0m - [38;2;116;173;209mfitting.py:bspline_profile:1157[0m -     npoly = 2 profile basis functions
[1;38;2;49;54;149m    [INFO][0m - [38;2;116;173;209mfitting.py:bspline_profile:1158[0m -     ngood = 90513/144938 measurements
[1;38;2;49;54;149m    [INFO][0m - [38;2;116;173;209mfitting.py:bspline_profile:1159[0m - ***************** Iter     Chi^2    N Rej  R. Fac *****************
[1;38;2;49;54;149m    [INFO][0m - [38;2;116;173;209mfitting.py:bspline_profile:1163[0m -                   ----  --------  -------  ------                  
[1;38;2;49;54;149m    [INFO][0m - [38;2;116;173;209mfitting.py:bspline_profile:1257[0m -                      1     1.013    54569    1.00                  
[1;38;2;49;54;149m    [INFO][0m - [38;2;116;173;209mfitting.py:bspline_profile:1257[0m -                      2     0.992    54571    1.00                  
[1;38;2;49;54;149m    [INFO][0m - [38;2;116;173;209mfitting.py:bspline_profile:1257[0m -                      3     0.991    54571    1.00                  
[1;38;2;49;54;149m    [INFO][0m - [38;2;116;173;209mfitting.py:bspline_profile:1272[0m -                   DONE     0.991    54571    1.00                  
[1;38;2;49;54;149m    [INFO][0m - [38;2;116;173;209mfitting.py:bspline_profile:1275[0m - *******************************************************************
[1;38;2;49;54;149m    [INFO][0m - [38;2;116;173;209mfind_objects.py:global_skysub:583[0m - Global sky subtraction for slit: 1608
[1;38;2;49;54;149m    [INFO][0m - [38;2;116;173;209mskysub.py:global_skysub:195[0m - Full fit in global sky sub.
[1;38;2;49;54;149m    [INFO][0m - [38;2;116;173;209mfitting.py:bspline_profile:1156[0m - B-spline fit:
[1;38;2;49;54;149m    [INFO][0m - [38;2;116;173;209mfitting.py:bspline_profile:1157[0m -     npoly = 2 profile basis functions
[1;38;2;49;54;149m    [INFO][0m - [38;2;116;173;209mfitting.py:bspline_profile:1158[0m -     ngood = 91084/145535 measurements
[1;38;2;49;54;149m    [INFO][0m - [38;2;116;173;209mfitting.py:bspline_profile:1159[0m - ***************** Iter     Chi^2    N Rej  R. Fac *****************
[1;38;2;49;54;149m    [INFO][0m - [38;2;116;173;209mfitting.py:bspline_profile:1163[0m -                   ----  --------  -------  ------                  
[1;38;2;49;54;149m    [INFO][0m - [38;2;116;173;209mfitting.py:bspline_profile:1257[0m -                      1     1.020    54609    1.00                  
[1;38;2;49;54;149m    [INFO][0m - [38;2;116;173;209mfitting.py:bspline_profile:1257[0m -                      2     0.997    54610    1.00                  
[1;38;2;49;54;149m    [INFO][0m - [38;2;116;173;209mfitting.py:bspline_profile:1257[0m -                      3     0.997    54610    1.00                  
[1;38;2;49;54;149m    [INFO][0m - [38;2;116;173;209mfitting.py:bspline_profile:1272[0m -                   DONE     0.997    54610    1.00                  
[1;38;2;49;54;149m    [INFO][0m - [38;2;116;173;209mfitting.py:bspline_profile:1275[0m - *******************************************************************
[1;38;2;49;54;149m    [INFO][0m - [38;2;116;173;209mfind_objects.py:global_skysub:583[0m - Global sky subtraction for slit: 1683
[1;38;2;49;54;149m    [INFO][0m - [38;2;116;173;209mskysub.py:global_skysub:195[0m - Full fit in global sky sub.
[1;38;2;49;54;149m    [INFO][0m - [38;2;116;173;209mfitting.py:bspline_profile:1156[0m - B-spline fit:
[1;38;2;49;54;149m    [INFO][0m - [38;2;116;173;209mfitting.py:bspline_profile:1157[0m -     npoly = 2 profile basis functions
[1;38;2;49;54;149m    [INFO][0m - [38;2;116;173;209mfitting.py:bspline_profile:1158[0m -     ngood = 89643/145061 measurements
[1;38;2;49;54;149m    [INFO][0m - [38;2;116;173;209mfitting.py:bspline_profile:1159[0m - ***************** Iter     Chi^2    N Rej  R. Fac *****************
[1;38;2;49;54;149m    [INFO][0m - [38;2;116;173;209mfitting.py:bspline_profile:1163[0m -                   ----  --------  -------  ------                  
[1;38;2;49;54;149m    [INFO][0m - [38;2;116;173;209mfitting.py:bspline_profile:1257[0m -                      1     1.023    55582    1.00                  
[1;38;2;49;54;149m    [INFO][0m - [38;2;116;173;209mfitting.py:bspline_profile:1257[0m -                      2     0.999    55584    1.00                  
[1;38;2;49;54;149m    [INFO][0m - [38;2;116;173;209mfitting.py:bspline_profile:1257[0m -                      3     0.998    55584    1.00                  
[1;38;2;49;54;149m    [INFO][0m - [38;2;116;173;209mfitting.py:bspline_profile:1272[0m -                   DONE     0.998    55584    1.00                  
[1;38;2;49;54;149m    [INFO][0m - [38;2;116;173;209mfitting.py:bspline_profile:1275[0m - *******************************************************************
[1;38;2;49;54;149m    [INFO][0m - [38;2;116;173;209mfind_objects.py:global_skysub:583[0m - Global sky subtraction for slit: 1758
[1;38;2;49;54;149m    [INFO][0m - [38;2;116;173;209mskysub.py:global_skysub:195[0m - Full fit in global sky sub.
[1;38;2;49;54;149m    [INFO][0m - [38;2;116;173;209mfitting.py:bspline_profile:1156[0m - B-spline fit:
[1;38;2;49;54;149m    [INFO][0m - [38;2;116;173;209mfitting.py:bspline_profile:1157[0m -     npoly = 2 profile basis functions
[1;38;2;49;54;149m    [INFO][0m - [38;2;116;173;209mfitting.py:bspline_profile:1158[0m -     ngood = 89853/145018 measurements
[1;38;2;49;54;149m    [INFO][0m - [38;2;116;173;209mfitting.py:bspline_profile:1159[0m - ***************** Iter     Chi^2    N Rej  R. Fac *****************
[1;38;2;49;54;149m    [INFO][0m - [38;2;116;173;209mfitting.py:bspline_profile:1163[0m -                   ----  --------  -------  ------                  
[1;38;2;49;54;149m    [INFO][0m - [38;2;116;173;209mfitting.py:bspline_profile:1257[0m -                      1     1.021    55303    1.00                  
[1;38;2;49;54;149m    [INFO][0m - [38;2;116;173;209mfitting.py:bspline_profile:1257[0m -                      2     1.000    55308    1.00                  
[1;38;2;49;54;149m    [INFO][0m - [38;2;116;173;209mfitting.py:bspline_profile:1257[0m -                      3     0.999    55308    1.00                  
[1;38;2;49;54;149m    [INFO][0m - [38;2;116;173;209mfitting.py:bspline_profile:1272[0m -                   DONE     0.999    55308    1.00                  
[1;38;2;49;54;149m    [INFO][0m - [38;2;116;173;209mfitting.py:bspline_profile:1275[0m - *******************************************************************
[1;38;2;49;54;149m    [INFO][0m - [38;2;116;173;209mfind_objects.py:global_skysub:583[0m - Global sky subtraction for slit: 1837
[1;38;2;49;54;149m    [INFO][0m - [38;2;116;173;209mskysub.py:global_skysub:195[0m - Full fit in global sky sub.
[1;38;2;49;54;149m    [INFO][0m - [38;2;116;173;209mfitting.py:bspline_profile:1156[0m - B-spline fit:
[1;38;2;49;54;149m    [INFO][0m - [38;2;116;173;209mfitting.py:bspline_profile:1157[0m -     npoly = 2 profile basis functions
[1;38;2;49;54;149m    [INFO][0m - [38;2;116;173;209mfitting.py:bspline_profile:1158[0m -     ngood = 90226/145027 measurements
[1;38;2;49;54;149m    [INFO][0m - [38;2;116;173;209mfitting.py:bspline_profile:1159[0m - ***************** Iter     Chi^2    N Rej  R. Fac *****************
[1;38;2;49;54;149m    [INFO][0m - [38;2;116;173;209mfitting.py:bspline_profile:1163[0m -                   ----  --------  -------  ------                  
[1;38;2;49;54;149m    [INFO][0m - [38;2;116;173;209mfitting.py:bspline_profile:1257[0m -                      1     1.025    54955    1.00                  
[1;38;2;49;54;149m    [INFO][0m - [38;2;116;173;209mfitting.py:bspline_profile:1257[0m -                      2     1.002    54957    1.00                  
[1;38;2;49;54;149m    [INFO][0m - [38;2;116;173;209mfitting.py:bspline_profile:1257[0m -                      3     1.002    54957    1.00                  
[1;38;2;49;54;149m    [INFO][0m - [38;2;116;173;209mfitting.py:bspline_profile:1272[0m -                   DONE     1.002    54957    1.00                  
[1;38;2;49;54;149m    [INFO][0m - [38;2;116;173;209mfitting.py:bspline_profile:1275[0m - *******************************************************************
[1;38;2;49;54;149m    [INFO][0m - [38;2;116;173;209mfind_objects.py:global_skysub:583[0m - Global sky subtraction for slit: 1914
[1;38;2;49;54;149m    [INFO][0m - [38;2;116;173;209mskysub.py:global_skysub:195[0m - Full fit in global sky sub.
[1;38;2;49;54;149m    [INFO][0m - [38;2;116;173;209mfitting.py:bspline_profile:1156[0m - B-spline fit:
[1;38;2;49;54;149m    [INFO][0m - [38;2;116;173;209mfitting.py:bspline_profile:1157[0m -     npoly = 2 profile basis functions
[1;38;2;49;54;149m    [INFO][0m - [38;2;116;173;209mfitting.py:bspline_profile:1158[0m -     ngood = 89884/144812 measurements
[1;38;2;49;54;149m    [INFO][0m - [38;2;116;173;209mfitting.py:bspline_profile:1159[0m - ***************** Iter     Chi^2    N Rej  R. Fac *****************
[1;38;2;49;54;149m    [INFO][0m - [38;2;116;173;209mfitting.py:bspline_profile:1163[0m -                   ----  --------  -------  ------                  
[1;38;2;49;54;149m    [INFO][0m - [38;2;116;173;209mfitting.py:bspline_profile:1257[0m -                      1     1.089    55109    1.00                  
[1;38;2;49;54;149m    [INFO][0m - [38;2;116;173;209mfitting.py:bspline_profile:1257[0m -                      2     0.995    55111    1.00                  
[1;38;2;49;54;149m    [INFO][0m - [38;2;116;173;209mfitting.py:bspline_profile:1257[0m -                      3     0.995    55112    1.00                  
[1;38;2;49;54;149m    [INFO][0m - [38;2;116;173;209mfitting.py:bspline_profile:1257[0m -                      4     0.995    55112    1.00                  
[1;38;2;49;54;149m    [INFO][0m - [38;2;116;173;209mfitting.py:bspline_profile:1272[0m -                   DONE     0.995    55112    1.00                  
[1;38;2;49;54;149m    [INFO][0m - [38;2;116;173;209mfitting.py:bspline_profile:1275[0m - *******************************************************************
[1;38;2;49;54;149m    [INFO][0m - [38;2;116;173;209mfind_objects.py:global_skysub:583[0m - Global sky subtraction for slit: 1996
[1;38;2;49;54;149m    [INFO][0m - [38;2;116;173;209mskysub.py:global_skysub:195[0m - Full fit in global sky sub.
[1;38;2;49;54;149m    [INFO][0m - [38;2;116;173;209mfitting.py:bspline_profile:1156[0m - B-spline fit:
[1;38;2;49;54;149m    [INFO][0m - [38;2;116;173;209mfitting.py:bspline_profile:1157[0m -     npoly = 2 profile basis functions
[1;38;2;49;54;149m    [INFO][0m - [38;2;116;173;209mfitting.py:bspline_profile:1158[0m -     ngood = 90463/145414 measurements
[1;38;2;49;54;149m    [INFO][0m - [38;2;116;173;209mfitting.py:bspline_profile:1159[0m - ***************** Iter     Chi^2    N Rej  R. Fac *****************
[1;38;2;49;54;149m    [INFO][0m - [38;2;116;173;209mfitting.py:bspline_profile:1163[0m -                   ----  --------  -------  ------                  
[1;38;2;49;54;149m    [INFO][0m - [38;2;116;173;209mfitting.py:bspline_profile:1257[0m -                      1     1.067    55093    1.00                  
[1;38;2;49;54;149m    [INFO][0m - [38;2;116;173;209mfitting.py:bspline_profile:1257[0m -                      2     0.997    55094    1.00                  
[1;38;2;49;54;149m    [INFO][0m - [38;2;116;173;209mfitting.py:bspline_profile:1257[0m -                      3     0.997    55094    1.00                  
[1;38;2;49;54;149m    [INFO][0m - [38;2;116;173;209mfitting.py:bspline_profile:1272[0m -                   DONE     0.997    55094    1.00                  
[1;38;2;49;54;149m    [INFO][0m - [38;2;116;173;209mfitting.py:bspline_profile:1275[0m - *******************************************************************
[1;38;2;49;54;149m    [INFO][0m - [38;2;116;173;209mfind_objects.py:find_objects_pypeline:788[0m - Finding objects on slit # 61
[1;38;2;49;54;149m    [INFO][0m - [38;2;116;173;209mfindobj_skymask.py:objs_in_slit:2095[0m - No objects found automatically.  Consider manual extraction.
[1;38;2;49;54;149m    [INFO][0m - [38;2;116;173;209mfind_objects.py:find_objects_pypeline:788[0m - Finding objects on slit # 142
[1;38;2;49;54;149m    [INFO][0m - [38;2;116;173;209mfindobj_skymask.py:objs_in_slit:2095[0m - No objects found automatically.  Consider manual extraction.
[1;38;2;49;54;149m    [INFO][0m - [38;2;116;173;209mfind_objects.py:find_objects_pypeline:788[0m - Finding objects on slit # 217
[1;38;2;49;54;149m    [INFO][0m - [38;2;116;173;209mfindobj_skymask.py:objs_in_slit:2095[0m - No objects found automatically.  Consider manual extraction.
[1;38;2;49;54;149m    [INFO][0m - [38;2;116;173;209mfind_objects.py:find_objects_pypeline:788[0m - Finding objects on slit # 296
[1;38;2;49;54;149m    [INFO][0m - [38;2;116;173;209mfindobj_skymask.py:objs_in_slit:2095[0m - No objects found automatically.  Consider manual extraction.
[1;38;2;49;54;149m    [INFO][0m - [38;2;116;173;209mfind_objects.py:find_objects_pypeline:788[0m - Finding objects on slit # 370
[1;38;2;49;54;149m    [INFO][0m - [38;2;116;173;209mfindobj_skymask.py:objs_in_slit:2095[0m - No objects found automatically.  Consider manual extraction.
[1;38;2;49;54;149m    [INFO][0m - [38;2;116;173;209mfind_objects.py:find_objects_pypeline:788[0m - Finding objects on slit # 445
[1;38;2;49;54;149m    [INFO][0m - [38;2;116;173;209mfindobj_skymask.py:objs_in_slit:2095[0m - No objects found automatically.  Consider manual extraction.
[1;38;2;49;54;149m    [INFO][0m - [38;2;116;173;209mfind_objects.py:find_objects_pypeline:788[0m - Finding objects on slit # 518
[1;38;2;49;54;149m    [INFO][0m - [38;2;116;173;209mfindobj_skymask.py:objs_in_slit:2095[0m - No objects found automatically.  Consider manual extraction.
[1;38;2;49;54;149m    [INFO][0m - [38;2;116;173;209mfind_objects.py:find_objects_pypeline:788[0m - Finding objects on slit # 591
[1;38;2;49;54;149m    [INFO][0m - [38;2;116;173;209mfindobj_skymask.py:objs_in_slit:2073[0m - Using slit edges as crutch for object tracing
[1;38;2;49;54;149m    [INFO][0m - [38;2;116;173;209mfindobj_skymask.py:objs_in_slit:2098[0m - Automatic finding routine found 1 objects
[1;38;2;49;54;149m    [INFO][0m - [38;2;116;173;209mfindobj_skymask.py:objs_in_slit:2102[0m - Fitting the traces
[1;38;2;253;174;97m [WARNING][0m - [38;2;116;173;209mpolyutils.py:_fit:662[0m - RankWarning: The fit may be poorly conditioned
[1;38;2;49;54;149m    [INFO][0m - [38;2;116;173;209mfindobj_skymask.py:objs_in_slit:2254[0m - Successfully traced a total of 1 objects
[1;38;2;49;54;149m    [INFO][0m - [38;2;116;173;209mfind_objects.py:find_objects_pypeline:788[0m - Finding objects on slit # 664
[1;38;2;49;54;149m    [INFO][0m - [38;2;116;173;209mfindobj_skymask.py:objs_in_slit:2073[0m - Using slit edges as crutch for object tracing
[1;38;2;49;54;149m    [INFO][0m - [38;2;116;173;209mfindobj_skymask.py:objs_in_slit:2098[0m - Automatic finding routine found 1 objects
[1;38;2;49;54;149m    [INFO][0m - [38;2;116;173;209mfindobj_skymask.py:objs_in_slit:2102[0m - Fitting the traces
[1;38;2;253;174;97m [WARNING][0m - [38;2;116;173;209mpolyutils.py:_fit:662[0m - RankWarning: The fit may be poorly conditioned
[1;38;2;49;54;149m    [INFO][0m - [38;2;116;173;209mfindobj_skymask.py:objs_in_slit:2254[0m - Successfully traced a total of 1 objects
[1;38;2;49;54;149m    [INFO][0m - [38;2;116;173;209mfind_objects.py:find_objects_pypeline:788[0m - Finding objects on slit # 739
[1;38;2;49;54;149m    [INFO][0m - [38;2;116;173;209mfindobj_skymask.py:objs_in_slit:2073[0m - Using slit edges as crutch for object tracing
[1;38;2;49;54;149m    [INFO][0m - [38;2;116;173;209mfindobj_skymask.py:objs_in_slit:2098[0m - Automatic finding routine found 1 objects
[1;38;2;49;54;149m    [INFO][0m - [38;2;116;173;209mfindobj_skymask.py:objs_in_slit:2102[0m - Fitting the traces
[1;38;2;253;174;97m [WARNING][0m - [38;2;116;173;209mpolyutils.py:_fit:662[0m - RankWarning: The fit may be poorly conditioned
[1;38;2;49;54;149m    [INFO][0m - [38;2;116;173;209mfindobj_skymask.py:objs_in_slit:2254[0m - Successfully traced a total of 1 objects
[1;38;2;49;54;149m    [INFO][0m - [38;2;116;173;209mfind_objects.py:find_objects_pypeline:788[0m - Finding objects on slit # 812
[1;38;2;49;54;149m    [INFO][0m - [38;2;116;173;209mfindobj_skymask.py:objs_in_slit:2073[0m - Using slit edges as crutch for object tracing
[1;38;2;49;54;149m    [INFO][0m - [38;2;116;173;209mfindobj_skymask.py:objs_in_slit:2098[0m - Automatic finding routine found 1 objects
[1;38;2;49;54;149m    [INFO][0m - [38;2;116;173;209mfindobj_skymask.py:objs_in_slit:2102[0m - Fitting the traces
[1;38;2;253;174;97m [WARNING][0m - [38;2;116;173;209mpolyutils.py:_fit:662[0m - RankWarning: The fit may be poorly conditioned
[1;38;2;49;54;149m    [INFO][0m - [38;2;116;173;209mfindobj_skymask.py:objs_in_slit:2254[0m - Successfully traced a total of 1 objects
[1;38;2;49;54;149m    [INFO][0m - [38;2;116;173;209mfind_objects.py:find_objects_pypeline:788[0m - Finding objects on slit # 886
[1;38;2;253;174;97m [WARNING][0m - [38;2;116;173;209mfindobj_skymask.py:objs_in_slit:2000[0m - Discarding 1 at spatial pixels spat = [1.33368353] which land within trim_edg = (left, right) = [5, 5] pixels from the slit boundary for this nsamp = 71.00 wide slit
[1;38;2;253;174;97m [WARNING][0m - [38;2;116;173;209mfindobj_skymask.py:objs_in_slit:2004[0m - You must decrease from the current value of trim_edg in order to keep them
[1;38;2;253;174;97m [WARNING][0m - [38;2;116;173;209mfindobj_skymask.py:objs_in_slit:2005[0m - Such edge objects are often spurious
[1;38;2;49;54;149m    [INFO][0m - [38;2;116;173;209mfindobj_skymask.py:objs_in_slit:2073[0m - Using slit edges as crutch for object tracing
[1;38;2;49;54;149m    [INFO][0m - [38;2;116;173;209mfindobj_skymask.py:objs_in_slit:2098[0m - Automatic finding routine found 1 objects
[1;38;2;49;54;149m    [INFO][0m - [38;2;116;173;209mfindobj_skymask.py:objs_in_slit:2102[0m - Fitting the traces
[1;38;2;253;174;97m [WARNING][0m - [38;2;116;173;209mpolyutils.py:_fit:662[0m - RankWarning: The fit may be poorly conditioned
[1;38;2;49;54;149m    [INFO][0m - [38;2;116;173;209mfindobj_skymask.py:objs_in_slit:2254[0m - Successfully traced a total of 1 objects
[1;38;2;49;54;149m    [INFO][0m - [38;2;116;173;209mfind_objects.py:find_objects_pypeline:788[0m - Finding objects on slit # 1164
[1;38;2;49;54;149m    [INFO][0m - [38;2;116;173;209mfindobj_skymask.py:objs_in_slit:2073[0m - Using slit edges as crutch for object tracing
[1;38;2;49;54;149m    [INFO][0m - [38;2;116;173;209mfindobj_skymask.py:objs_in_slit:2098[0m - Automatic finding routine found 1 objects
[1;38;2;49;54;149m    [INFO][0m - [38;2;116;173;209mfindobj_skymask.py:objs_in_slit:2102[0m - Fitting the traces
[1;38;2;253;174;97m [WARNING][0m - [38;2;116;173;209mpolyutils.py:_fit:662[0m - RankWarning: The fit may be poorly conditioned
[1;38;2;49;54;149m    [INFO][0m - [38;2;116;173;209mfindobj_skymask.py:objs_in_slit:2254[0m - Successfully traced a total of 1 objects
[1;38;2;49;54;149m    [INFO][0m - [38;2;116;173;209mfind_objects.py:find_objects_pypeline:788[0m - Finding objects on slit # 1238
[1;38;2;49;54;149m    [INFO][0m - [38;2;116;173;209mfindobj_skymask.py:objs_in_slit:2073[0m - Using slit edges as crutch for object tracing
[1;38;2;49;54;149m    [INFO][0m - [38;2;116;173;209mfindobj_skymask.py:objs_in_slit:2098[0m - Automatic finding routine found 1 objects
[1;38;2;49;54;149m    [INFO][0m - [38;2;116;173;209mfindobj_skymask.py:objs_in_slit:2102[0m - Fitting the traces
[1;38;2;253;174;97m [WARNING][0m - [38;2;116;173;209mpolyutils.py:_fit:662[0m - RankWarning: The fit may be poorly conditioned
[1;38;2;49;54;149m    [INFO][0m - [38;2;116;173;209mfindobj_skymask.py:objs_in_slit:2254[0m - Successfully traced a total of 1 objects
[1;38;2;49;54;149m    [INFO][0m - [38;2;116;173;209mfind_objects.py:find_objects_pypeline:788[0m - Finding objects on slit # 1312
[1;38;2;49;54;149m    [INFO][0m - [38;2;116;173;209mfindobj_skymask.py:objs_in_slit:2073[0m - Using slit edges as crutch for object tracing
[1;38;2;49;54;149m    [INFO][0m - [38;2;116;173;209mfindobj_skymask.py:objs_in_slit:2098[0m - Automatic finding routine found 1 objects
[1;38;2;49;54;149m    [INFO][0m - [38;2;116;173;209mfindobj_skymask.py:objs_in_slit:2102[0m - Fitting the traces
[1;38;2;253;174;97m [WARNING][0m - [38;2;116;173;209mpolyutils.py:_fit:662[0m - RankWarning: The fit may be poorly conditioned
[1;38;2;49;54;149m    [INFO][0m - [38;2;116;173;209mfindobj_skymask.py:objs_in_slit:2254[0m - Successfully traced a total of 1 objects
[1;38;2;49;54;149m    [INFO][0m - [38;2;116;173;209mfind_objects.py:find_objects_pypeline:788[0m - Finding objects on slit # 1386
[1;38;2;49;54;149m    [INFO][0m - [38;2;116;173;209mfindobj_skymask.py:objs_in_slit:2073[0m - Using slit edges as crutch for object tracing
[1;38;2;49;54;149m    [INFO][0m - [38;2;116;173;209mfindobj_skymask.py:objs_in_slit:2098[0m - Automatic finding routine found 1 objects
[1;38;2;49;54;149m    [INFO][0m - [38;2;116;173;209mfindobj_skymask.py:objs_in_slit:2102[0m - Fitting the traces
[1;38;2;253;174;97m [WARNING][0m - [38;2;116;173;209mpolyutils.py:_fit:662[0m - RankWarning: The fit may be poorly conditioned
[1;38;2;49;54;149m    [INFO][0m - [38;2;116;173;209mfindobj_skymask.py:objs_in_slit:2254[0m - Successfully traced a total of 1 objects
[1;38;2;49;54;149m    [INFO][0m - [38;2;116;173;209mfind_objects.py:find_objects_pypeline:788[0m - Finding objects on slit # 1459
[1;38;2;49;54;149m    [INFO][0m - [38;2;116;173;209mfindobj_skymask.py:objs_in_slit:2073[0m - Using slit edges as crutch for object tracing
[1;38;2;49;54;149m    [INFO][0m - [38;2;116;173;209mfindobj_skymask.py:objs_in_slit:2098[0m - Automatic finding routine found 1 objects
[1;38;2;49;54;149m    [INFO][0m - [38;2;116;173;209mfindobj_skymask.py:objs_in_slit:2102[0m - Fitting the traces
[1;38;2;253;174;97m [WARNING][0m - [38;2;116;173;209mpolyutils.py:_fit:662[0m - RankWarning: The fit may be poorly conditioned
[1;38;2;49;54;149m    [INFO][0m - [38;2;116;173;209mfindobj_skymask.py:objs_in_slit:2254[0m - Successfully traced a total of 1 objects
[1;38;2;49;54;149m    [INFO][0m - [38;2;116;173;209mfind_objects.py:find_objects_pypeline:788[0m - Finding objects on slit # 1534
[1;38;2;49;54;149m    [INFO][0m - [38;2;116;173;209mfindobj_skymask.py:objs_in_slit:2095[0m - No objects found automatically.  Consider manual extraction.
[1;38;2;49;54;149m    [INFO][0m - [38;2;116;173;209mfind_objects.py:find_objects_pypeline:788[0m - Finding objects on slit # 1608
[1;38;2;49;54;149m    [INFO][0m - [38;2;116;173;209mfindobj_skymask.py:objs_in_slit:2095[0m - No objects found automatically.  Consider manual extraction.
[1;38;2;49;54;149m    [INFO][0m - [38;2;116;173;209mfind_objects.py:find_objects_pypeline:788[0m - Finding objects on slit # 1683
[1;38;2;49;54;149m    [INFO][0m - [38;2;116;173;209mfindobj_skymask.py:objs_in_slit:2095[0m - No objects found automatically.  Consider manual extraction.
[1;38;2;49;54;149m    [INFO][0m - [38;2;116;173;209mfind_objects.py:find_objects_pypeline:788[0m - Finding objects on slit # 1758
[1;38;2;49;54;149m    [INFO][0m - [38;2;116;173;209mfindobj_skymask.py:objs_in_slit:2095[0m - No objects found automatically.  Consider manual extraction.
[1;38;2;49;54;149m    [INFO][0m - [38;2;116;173;209mfind_objects.py:find_objects_pypeline:788[0m - Finding objects on slit # 1837
[1;38;2;49;54;149m    [INFO][0m - [38;2;116;173;209mfindobj_skymask.py:objs_in_slit:2095[0m - No objects found automatically.  Consider manual extraction.
[1;38;2;49;54;149m    [INFO][0m - [38;2;116;173;209mfind_objects.py:find_objects_pypeline:788[0m - Finding objects on slit # 1914
[1;38;2;49;54;149m    [INFO][0m - [38;2;116;173;209mfindobj_skymask.py:objs_in_slit:2095[0m - No objects found automatically.  Consider manual extraction.
[1;38;2;49;54;149m    [INFO][0m - [38;2;116;173;209mfind_objects.py:find_objects_pypeline:788[0m - Finding objects on slit # 1996
[1;38;2;49;54;149m    [INFO][0m - [38;2;116;173;209mfindobj_skymask.py:objs_in_slit:2095[0m - No objects found automatically.  Consider manual extraction.
[1;38;2;49;54;149m    [INFO][0m - [38;2;116;173;209mfind_objects.py:run:373[0m - Either no objects were found or a user-provided sky mask was used.  Skipping second pass of sky-subtraction and object finding.
[1;38;2;49;54;149m    [INFO][0m - [38;2;116;173;209mdatamodel.py:from_file:1558[0m - Loading BiasImage from /Users/kaiwenzhang/PycharmProjects/KCWI/KCWI_RED_channel_characterization/RM1 pypeit run/2024-03-15/pypeit_run/keck_kcrm_B/Calibrations/Bias_B_1_DET01.fits
[1;38;2;253;174;97m [WARNING][0m - [38;2;116;173;209mcalibrations.py:get_dark:606[0m - No raw dark frames found and unable to identify a relevant processed calibration frame.  Continuing...
[1;38;2;49;54;149m    [INFO][0m - [38;2;116;173;209mkeck_kcwi.py:get_rawimage:1426[0m - Reading KCWI file: /Users/kaiwenzhang/PycharmProjects/KCWI/KCWI_RED_channel_characterization/fits/by_night/RM1/2024-03-15/KR.20240316.44290.82.fits
[1;38;2;49;54;149m    [INFO][0m - [38;2;116;173;209mdatamodel.py:from_file:1558[0m - Loading ArcImage from /Users/kaiwenzhang/PycharmProjects/KCWI/KCWI_RED_channel_characterization/RM1 pypeit run/2024-03-15/pypeit_run/keck_kcrm_B/Calibrations/Arc_B_1_DET01.fits
[1;38;2;49;54;149m    [INFO][0m - [38;2;116;173;209mdatamodel.py:from_file:1558[0m - Loading TiltImage from /Users/kaiwenzhang/PycharmProjects/KCWI/KCWI_RED_channel_characterization/RM1 pypeit run/2024-03-15/pypeit_run/keck_kcrm_B/Calibrations/Tiltimg_B_1_DET01.fits
[1;38;2;49;54;149m    [INFO][0m - [38;2;116;173;209mdatamodel.py:from_file:1558[0m - Loading SlitTraceSet from /Users/kaiwenzhang/PycharmProjects/KCWI/KCWI_RED_channel_characterization/RM1 pypeit run/2024-03-15/pypeit_run/keck_kcrm_B/Calibrations/Slits_B_1_DET01.fits.gz
[1;38;2;49;54;149m    [INFO][0m - [38;2;116;173;209mdatamodel.py:from_file:1558[0m - Loading WaveCalib from /Users/kaiwenzhang/PycharmProjects/KCWI/KCWI_RED_channel_characterization/RM1 pypeit run/2024-03-15/pypeit_run/keck_kcrm_B/Calibrations/WaveCalib_B_1_DET01.fits
[1;38;2;49;54;149m    [INFO][0m - [38;2;116;173;209mdatamodel.py:from_file:1558[0m - Loading WaveTilts from /Users/kaiwenzhang/PycharmProjects/KCWI/KCWI_RED_channel_characterization/RM1 pypeit run/2024-03-15/pypeit_run/keck_kcrm_B/Calibrations/Tilts_B_1_DET01.fits
[1;38;2;49;54;149m    [INFO][0m - [38;2;116;173;209mdatamodel.py:from_file:1558[0m - Loading Alignments from /Users/kaiwenzhang/PycharmProjects/KCWI/KCWI_RED_channel_characterization/RM1 pypeit run/2024-03-15/pypeit_run/keck_kcrm_B/Calibrations/Alignment_B_1_DET01.fits
[1;38;2;49;54;149m    [INFO][0m - [38;2;116;173;209mdatamodel.py:from_file:1558[0m - Loading ScatteredLight from /Users/kaiwenzhang/PycharmProjects/KCWI/KCWI_RED_channel_characterization/RM1 pypeit run/2024-03-15/pypeit_run/keck_kcrm_B/Calibrations/ScatteredLight_B_1_DET01.fits.gz
[1;38;2;49;54;149m    [INFO][0m - [38;2;116;173;209mdatamodel.py:from_file:1558[0m - Loading FlatImages from /Users/kaiwenzhang/PycharmProjects/KCWI/KCWI_RED_channel_characterization/RM1 pypeit run/2024-03-15/pypeit_run/keck_kcrm_B/Calibrations/Flat_B_1_DET01.fits
[1;38;2;49;54;149m    [INFO][0m - [38;2;116;173;209mcalibrations.py:run_the_steps:1459[0m - Calibration complete and/or fully loaded!
[1;38;2;49;54;149m    [INFO][0m - [38;2;116;173;209mcalibrations.py:run_the_steps:1460[0m - #######################################################################
[1;38;2;49;54;149m    [INFO][0m - [38;2;116;173;209mpypeit_steps.py:extract_det:732[0m - Extraction skipped for KR.20240316.44290.82-feige34_KCRM_20240316T121810.800 on det=1
[1;38;2;49;54;149m    [INFO][0m - [38;2;116;173;209mwavetilts.py:fit2tiltimg:143[0m - Generating a tilts image from the fit parameters
[1;38;2;49;54;149m    [INFO][0m - [38;2;116;173;209mpypeit_steps.py:refframe_correct:906[0m - Performing a heliocentric correction
[1;38;2;49;54;149m    [INFO][0m - [38;2;116;173;209mpypeit_steps.py:refframe_correct:915[0m - Applying heliocentric correction = -13.49615 km/s
WARNING: Format d cannot be mapped to the accepted TDISPn keyword values.  Format will not be moved into TDISPn keyword. [astropy.io.fits.column]
WARNING: Format 0.1f cannot be mapped to the accepted TDISPn keyword values.  Format will not be moved into TDISPn keyword. [astropy.io.fits.column]
WARNING: Format 0.3f cannot be mapped to the accepted TDISPn keyword values.  Format will not be moved into TDISPn keyword. [astropy.io.fits.column]
[1;38;2;49;54;149m    [INFO][0m - [38;2;116;173;209mspec2dobj.py:write_to_fits:721[0m - Wrote: /Users/kaiwenzhang/PycharmProjects/KCWI/KCWI_RED_channel_characterization/RM1 pypeit run/2024-03-15/pypeit_run/keck_kcrm_B/Science/spec2d_KR.20240316.44290.82-feige34_KCRM_20240316T121810.800.fits
[1;38;2;49;54;149m    [INFO][0m - [38;2;116;173;209mexposure.py:reduce_exposure:406[0m - Reducing target feige34
Combining frames:
KR.20240316.44393.84.fits

[1;38;2;49;54;149m    [INFO][0m - [38;2;116;173;209mexposure.py:reduce_exposure:417[0m - Detectors to work on: [1]
[1;38;2;49;54;149m    [INFO][0m - [38;2;116;173;209mexposure.py:reduce_exposure:422[0m - Calibrating detector 1
[1;38;2;49;54;149m    [INFO][0m - [38;2;116;173;209mpypeit_steps.py:calib_one:173[0m - Building/loading calibrations for detector 1
[1;38;2;49;54;149m    [INFO][0m - [38;2;116;173;209mdatamodel.py:from_file:1558[0m - Loading BiasImage from /Users/kaiwenzhang/PycharmProjects/KCWI/KCWI_RED_channel_characterization/RM1 pypeit run/2024-03-15/pypeit_run/keck_kcrm_B/Calibrations/Bias_B_1_DET01.fits
[1;38;2;253;174;97m [WARNING][0m - [38;2;116;173;209mcalibrations.py:get_dark:606[0m - No raw dark frames found and unable to identify a relevant processed calibration frame.  Continuing...
[1;38;2;49;54;149m    [INFO][0m - [38;2;116;173;209mkeck_kcwi.py:get_rawimage:1426[0m - Reading KCWI file: /Users/kaiwenzhang/PycharmProjects/KCWI/KCWI_RED_channel_characterization/fits/by_night/RM1/2024-03-15/KR.20240316.08992.59.fits
[1;38;2;253;174;97m [WARNING][0m - [38;2;116;173;209mkeck_kcwi.py:bpm:820[0m - KCRM bad pixel mask is not available for ampmode=L2U2L1U1 binning=2,2
[1;38;2;49;54;149m    [INFO][0m - [38;2;116;173;209mdatamodel.py:from_file:1558[0m - Loading ArcImage from /Users/kaiwenzhang/PycharmProjects/KCWI/KCWI_RED_channel_characterization/RM1 pypeit run/2024-03-15/pypeit_run/keck_kcrm_B/Calibrations/Arc_B_1_DET01.fits
[1;38;2;49;54;149m    [INFO][0m - [38;2;116;173;209mdatamodel.py:from_file:1558[0m - Loading TiltImage from /Users/kaiwenzhang/PycharmProjects/KCWI/KCWI_RED_channel_characterization/RM1 pypeit run/2024-03-15/pypeit_run/keck_kcrm_B/Calibrations/Tiltimg_B_1_DET01.fits
[1;38;2;49;54;149m    [INFO][0m - [38;2;116;173;209mdatamodel.py:from_file:1558[0m - Loading SlitTraceSet from /Users/kaiwenzhang/PycharmProjects/KCWI/KCWI_RED_channel_characterization/RM1 pypeit run/2024-03-15/pypeit_run/keck_kcrm_B/Calibrations/Slits_B_1_DET01.fits.gz
[1;38;2;49;54;149m    [INFO][0m - [38;2;116;173;209mdatamodel.py:from_file:1558[0m - Loading WaveCalib from /Users/kaiwenzhang/PycharmProjects/KCWI/KCWI_RED_channel_characterization/RM1 pypeit run/2024-03-15/pypeit_run/keck_kcrm_B/Calibrations/WaveCalib_B_1_DET01.fits
[1;38;2;49;54;149m    [INFO][0m - [38;2;116;173;209mdatamodel.py:from_file:1558[0m - Loading WaveTilts from /Users/kaiwenzhang/PycharmProjects/KCWI/KCWI_RED_channel_characterization/RM1 pypeit run/2024-03-15/pypeit_run/keck_kcrm_B/Calibrations/Tilts_B_1_DET01.fits
[1;38;2;49;54;149m    [INFO][0m - [38;2;116;173;209mdatamodel.py:from_file:1558[0m - Loading Alignments from /Users/kaiwenzhang/PycharmProjects/KCWI/KCWI_RED_channel_characterization/RM1 pypeit run/2024-03-15/pypeit_run/keck_kcrm_B/Calibrations/Alignment_B_1_DET01.fits
[1;38;2;49;54;149m    [INFO][0m - [38;2;116;173;209mdatamodel.py:from_file:1558[0m - Loading ScatteredLight from /Users/kaiwenzhang/PycharmProjects/KCWI/KCWI_RED_channel_characterization/RM1 pypeit run/2024-03-15/pypeit_run/keck_kcrm_B/Calibrations/ScatteredLight_B_1_DET01.fits.gz
[1;38;2;49;54;149m    [INFO][0m - [38;2;116;173;209mdatamodel.py:from_file:1558[0m - Loading FlatImages from /Users/kaiwenzhang/PycharmProjects/KCWI/KCWI_RED_channel_characterization/RM1 pypeit run/2024-03-15/pypeit_run/keck_kcrm_B/Calibrations/Flat_B_1_DET01.fits
[1;38;2;49;54;149m    [INFO][0m - [38;2;116;173;209mcalibrations.py:run_the_steps:1459[0m - Calibration complete and/or fully loaded!
[1;38;2;49;54;149m    [INFO][0m - [38;2;116;173;209mcalibrations.py:run_the_steps:1460[0m - #######################################################################
[1;38;2;49;54;149m    [INFO][0m - [38;2;116;173;209mexposure.py:process_exposure:126[0m - Reducing detector 1
[1;38;2;49;54;149m    [INFO][0m - [38;2;116;173;209mdatamodel.py:from_file:1558[0m - Loading BiasImage from /Users/kaiwenzhang/PycharmProjects/KCWI/KCWI_RED_channel_characterization/RM1 pypeit run/2024-03-15/pypeit_run/keck_kcrm_B/Calibrations/Bias_B_1_DET01.fits
[1;38;2;253;174;97m [WARNING][0m - [38;2;116;173;209mcalibrations.py:get_dark:606[0m - No raw dark frames found and unable to identify a relevant processed calibration frame.  Continuing...
[1;38;2;49;54;149m    [INFO][0m - [38;2;116;173;209mkeck_kcwi.py:get_rawimage:1426[0m - Reading KCWI file: /Users/kaiwenzhang/PycharmProjects/KCWI/KCWI_RED_channel_characterization/fits/by_night/RM1/2024-03-15/KR.20240316.44393.84.fits
[1;38;2;49;54;149m    [INFO][0m - [38;2;116;173;209mdatamodel.py:from_file:1558[0m - Loading ArcImage from /Users/kaiwenzhang/PycharmProjects/KCWI/KCWI_RED_channel_characterization/RM1 pypeit run/2024-03-15/pypeit_run/keck_kcrm_B/Calibrations/Arc_B_1_DET01.fits
[1;38;2;49;54;149m    [INFO][0m - [38;2;116;173;209mdatamodel.py:from_file:1558[0m - Loading TiltImage from /Users/kaiwenzhang/PycharmProjects/KCWI/KCWI_RED_channel_characterization/RM1 pypeit run/2024-03-15/pypeit_run/keck_kcrm_B/Calibrations/Tiltimg_B_1_DET01.fits
[1;38;2;49;54;149m    [INFO][0m - [38;2;116;173;209mdatamodel.py:from_file:1558[0m - Loading SlitTraceSet from /Users/kaiwenzhang/PycharmProjects/KCWI/KCWI_RED_channel_characterization/RM1 pypeit run/2024-03-15/pypeit_run/keck_kcrm_B/Calibrations/Slits_B_1_DET01.fits.gz
[1;38;2;49;54;149m    [INFO][0m - [38;2;116;173;209mdatamodel.py:from_file:1558[0m - Loading WaveCalib from /Users/kaiwenzhang/PycharmProjects/KCWI/KCWI_RED_channel_characterization/RM1 pypeit run/2024-03-15/pypeit_run/keck_kcrm_B/Calibrations/WaveCalib_B_1_DET01.fits
[1;38;2;49;54;149m    [INFO][0m - [38;2;116;173;209mdatamodel.py:from_file:1558[0m - Loading WaveTilts from /Users/kaiwenzhang/PycharmProjects/KCWI/KCWI_RED_channel_characterization/RM1 pypeit run/2024-03-15/pypeit_run/keck_kcrm_B/Calibrations/Tilts_B_1_DET01.fits
[1;38;2;49;54;149m    [INFO][0m - [38;2;116;173;209mdatamodel.py:from_file:1558[0m - Loading Alignments from /Users/kaiwenzhang/PycharmProjects/KCWI/KCWI_RED_channel_characterization/RM1 pypeit run/2024-03-15/pypeit_run/keck_kcrm_B/Calibrations/Alignment_B_1_DET01.fits
[1;38;2;49;54;149m    [INFO][0m - [38;2;116;173;209mdatamodel.py:from_file:1558[0m - Loading ScatteredLight from /Users/kaiwenzhang/PycharmProjects/KCWI/KCWI_RED_channel_characterization/RM1 pypeit run/2024-03-15/pypeit_run/keck_kcrm_B/Calibrations/ScatteredLight_B_1_DET01.fits.gz
[1;38;2;49;54;149m    [INFO][0m - [38;2;116;173;209mdatamodel.py:from_file:1558[0m - Loading FlatImages from /Users/kaiwenzhang/PycharmProjects/KCWI/KCWI_RED_channel_characterization/RM1 pypeit run/2024-03-15/pypeit_run/keck_kcrm_B/Calibrations/Flat_B_1_DET01.fits
[1;38;2;49;54;149m    [INFO][0m - [38;2;116;173;209mcalibrations.py:run_the_steps:1459[0m - Calibration complete and/or fully loaded!
[1;38;2;49;54;149m    [INFO][0m - [38;2;116;173;209mcalibrations.py:run_the_steps:1460[0m - #######################################################################
[1;38;2;49;54;149m    [INFO][0m - [38;2;116;173;209mpypeit_steps.py:process_one_det:260[0m - Image processing begins for KR.20240316.44393.84-feige34_KCRM_20240316T121953.875 on det=1
[1;38;2;49;54;149m    [INFO][0m - [38;2;116;173;209mkeck_kcwi.py:get_rawimage:1426[0m - Reading KCWI file: /Users/kaiwenzhang/PycharmProjects/KCWI/KCWI_RED_channel_characterization/fits/by_night/RM1/2024-03-15/KR.20240316.44393.84.fits
[1;38;2;49;54;149m    [INFO][0m - [38;2;116;173;209mrawimage.py:process:564[0m - Performing basic image processing on KR.20240316.44393.84.fits.
[1;38;2;49;54;149m    [INFO][0m - [38;2;116;173;209mrawimage.py:estimate_readnoise:359[0m - Estimated readnoise of amplifier 1 = 3.685 e-
[1;38;2;49;54;149m    [INFO][0m - [38;2;116;173;209mrawimage.py:estimate_readnoise:359[0m - Estimated readnoise of amplifier 2 = 3.699 e-
[1;38;2;49;54;149m    [INFO][0m - [38;2;116;173;209mprocimg.py:lacosmic:170[0m - Detecting cosmic rays with the L.A.Cosmic algorithm
[1;38;2;49;54;149m    [INFO][0m - [38;2;116;173;209mprocimg.py:lacosmic:218[0m - Convolving image with Laplacian kernel
[1;38;2;49;54;149m    [INFO][0m - [38;2;116;173;209mprocimg.py:lacosmic:229[0m - Found 3728 candidate cosmic-ray pixels
[1;38;2;49;54;149m    [INFO][0m - [38;2;116;173;209mprocimg.py:lacosmic:235[0m - Reduced to 3728 candidates after excluding known bad pixels.
[1;38;2;49;54;149m    [INFO][0m - [38;2;116;173;209mprocimg.py:lacosmic:246[0m - Reduced to 1840 candidates after excluding compact objects.
[1;38;2;49;54;149m    [INFO][0m - [38;2;116;173;209mprocimg.py:lacosmic:250[0m - Finding neighboring pixels affected by cosmic rays
[1;38;2;49;54;149m    [INFO][0m - [38;2;116;173;209mprocimg.py:lacosmic:260[0m - Changed to 4733 candidates after evaluating neighboring pixels.
[1;38;2;49;54;149m    [INFO][0m - [38;2;116;173;209mprocimg.py:lacosmic:266[0m - Reduced to 4731 candidates after excluding known bad pixels.
[1;38;2;49;54;149m    [INFO][0m - [38;2;116;173;209mprocimg.py:lacosmic:271[0m - Iteration 1: 4731 pixels identified as cosmic rays (4731 are new)
[1;38;2;49;54;149m    [INFO][0m - [38;2;116;173;209mprocimg.py:lacosmic:300[0m - 4636 pixels identified as cosmic rays after removing false positives
[1;38;2;49;54;149m    [INFO][0m - [38;2;116;173;209mpypeit_steps.py:findobj_on_det:381[0m - Object finding begins for KR.20240316.44393.84-feige34_KCRM_20240316T121953.875 on det=1
[1;38;2;49;54;149m    [INFO][0m - [38;2;116;173;209mdatamodel.py:from_file:1558[0m - Loading BiasImage from /Users/kaiwenzhang/PycharmProjects/KCWI/KCWI_RED_channel_characterization/RM1 pypeit run/2024-03-15/pypeit_run/keck_kcrm_B/Calibrations/Bias_B_1_DET01.fits
[1;38;2;253;174;97m [WARNING][0m - [38;2;116;173;209mcalibrations.py:get_dark:606[0m - No raw dark frames found and unable to identify a relevant processed calibration frame.  Continuing...
[1;38;2;49;54;149m    [INFO][0m - [38;2;116;173;209mkeck_kcwi.py:get_rawimage:1426[0m - Reading KCWI file: /Users/kaiwenzhang/PycharmProjects/KCWI/KCWI_RED_channel_characterization/fits/by_night/RM1/2024-03-15/KR.20240316.44393.84.fits
[1;38;2;49;54;149m    [INFO][0m - [38;2;116;173;209mdatamodel.py:from_file:1558[0m - Loading ArcImage from /Users/kaiwenzhang/PycharmProjects/KCWI/KCWI_RED_channel_characterization/RM1 pypeit run/2024-03-15/pypeit_run/keck_kcrm_B/Calibrations/Arc_B_1_DET01.fits
[1;38;2;49;54;149m    [INFO][0m - [38;2;116;173;209mdatamodel.py:from_file:1558[0m - Loading TiltImage from /Users/kaiwenzhang/PycharmProjects/KCWI/KCWI_RED_channel_characterization/RM1 pypeit run/2024-03-15/pypeit_run/keck_kcrm_B/Calibrations/Tiltimg_B_1_DET01.fits
[1;38;2;49;54;149m    [INFO][0m - [38;2;116;173;209mdatamodel.py:from_file:1558[0m - Loading SlitTraceSet from /Users/kaiwenzhang/PycharmProjects/KCWI/KCWI_RED_channel_characterization/RM1 pypeit run/2024-03-15/pypeit_run/keck_kcrm_B/Calibrations/Slits_B_1_DET01.fits.gz
[1;38;2;49;54;149m    [INFO][0m - [38;2;116;173;209mdatamodel.py:from_file:1558[0m - Loading WaveCalib from /Users/kaiwenzhang/PycharmProjects/KCWI/KCWI_RED_channel_characterization/RM1 pypeit run/2024-03-15/pypeit_run/keck_kcrm_B/Calibrations/WaveCalib_B_1_DET01.fits
[1;38;2;49;54;149m    [INFO][0m - [38;2;116;173;209mdatamodel.py:from_file:1558[0m - Loading WaveTilts from /Users/kaiwenzhang/PycharmProjects/KCWI/KCWI_RED_channel_characterization/RM1 pypeit run/2024-03-15/pypeit_run/keck_kcrm_B/Calibrations/Tilts_B_1_DET01.fits
[1;38;2;49;54;149m    [INFO][0m - [38;2;116;173;209mdatamodel.py:from_file:1558[0m - Loading Alignments from /Users/kaiwenzhang/PycharmProjects/KCWI/KCWI_RED_channel_characterization/RM1 pypeit run/2024-03-15/pypeit_run/keck_kcrm_B/Calibrations/Alignment_B_1_DET01.fits
[1;38;2;49;54;149m    [INFO][0m - [38;2;116;173;209mdatamodel.py:from_file:1558[0m - Loading ScatteredLight from /Users/kaiwenzhang/PycharmProjects/KCWI/KCWI_RED_channel_characterization/RM1 pypeit run/2024-03-15/pypeit_run/keck_kcrm_B/Calibrations/ScatteredLight_B_1_DET01.fits.gz
[1;38;2;49;54;149m    [INFO][0m - [38;2;116;173;209mdatamodel.py:from_file:1558[0m - Loading FlatImages from /Users/kaiwenzhang/PycharmProjects/KCWI/KCWI_RED_channel_characterization/RM1 pypeit run/2024-03-15/pypeit_run/keck_kcrm_B/Calibrations/Flat_B_1_DET01.fits
[1;38;2;49;54;149m    [INFO][0m - [38;2;116;173;209mcalibrations.py:run_the_steps:1459[0m - Calibration complete and/or fully loaded!
[1;38;2;49;54;149m    [INFO][0m - [38;2;116;173;209mcalibrations.py:run_the_steps:1460[0m - #######################################################################
[1;38;2;49;54;149m    [INFO][0m - [38;2;116;173;209mpypeit_steps.py:findobj_on_det:387[0m - Reducing detector 1
[1;38;2;49;54;149m    [INFO][0m - [38;2;116;173;209mpypeit_steps.py:load_skyregions:606[0m - Generating skysub mask based on the user defined regions: :36,65:
[1;38;2;49;54;149m    [INFO][0m - [38;2;116;173;209mfind_objects.py:__init__:164[0m - Initializing slits
[1;38;2;49;54;149m    [INFO][0m - [38;2;116;173;209mfind_objects.py:__init__:232[0m - Generating tilts image from fit in waveTilts
[1;38;2;49;54;149m    [INFO][0m - [38;2;116;173;209mwavetilts.py:fit2tiltimg:143[0m - Generating a tilts image from the fit parameters
[1;38;2;49;54;149m    [INFO][0m - [38;2;116;173;209mfind_objects.py:global_skysub:583[0m - Global sky subtraction for slit: 61
[1;38;2;49;54;149m    [INFO][0m - [38;2;116;173;209mskysub.py:global_skysub:195[0m - Full fit in global sky sub.
[1;38;2;49;54;149m    [INFO][0m - [38;2;116;173;209mfitting.py:bspline_profile:1156[0m - B-spline fit:
[1;38;2;49;54;149m    [INFO][0m - [38;2;116;173;209mfitting.py:bspline_profile:1157[0m -     npoly = 2 profile basis functions
[1;38;2;49;54;149m    [INFO][0m - [38;2;116;173;209mfitting.py:bspline_profile:1158[0m -     ngood = 89096/144189 measurements
[1;38;2;49;54;149m    [INFO][0m - [38;2;116;173;209mfitting.py:bspline_profile:1159[0m - ***************** Iter     Chi^2    N Rej  R. Fac *****************
[1;38;2;49;54;149m    [INFO][0m - [38;2;116;173;209mfitting.py:bspline_profile:1163[0m -                   ----  --------  -------  ------                  
[1;38;2;49;54;149m    [INFO][0m - [38;2;116;173;209mfitting.py:bspline_profile:1257[0m -                      1     1.265    55290    1.00                  
[1;38;2;49;54;149m    [INFO][0m - [38;2;116;173;209mfitting.py:bspline_profile:1257[0m -                      2     0.999    55292    1.00                  
[1;38;2;49;54;149m    [INFO][0m - [38;2;116;173;209mfitting.py:bspline_profile:1257[0m -                      3     0.999    55292    1.00                  
[1;38;2;49;54;149m    [INFO][0m - [38;2;116;173;209mfitting.py:bspline_profile:1272[0m -                   DONE     0.999    55292    1.00                  
[1;38;2;49;54;149m    [INFO][0m - [38;2;116;173;209mfitting.py:bspline_profile:1275[0m - *******************************************************************
[1;38;2;49;54;149m    [INFO][0m - [38;2;116;173;209mfind_objects.py:global_skysub:583[0m - Global sky subtraction for slit: 142
[1;38;2;49;54;149m    [INFO][0m - [38;2;116;173;209mskysub.py:global_skysub:195[0m - Full fit in global sky sub.
[1;38;2;49;54;149m    [INFO][0m - [38;2;116;173;209mfitting.py:bspline_profile:1156[0m - B-spline fit:
[1;38;2;49;54;149m    [INFO][0m - [38;2;116;173;209mfitting.py:bspline_profile:1157[0m -     npoly = 2 profile basis functions
[1;38;2;49;54;149m    [INFO][0m - [38;2;116;173;209mfitting.py:bspline_profile:1158[0m -     ngood = 89934/144419 measurements
[1;38;2;49;54;149m    [INFO][0m - [38;2;116;173;209mfitting.py:bspline_profile:1159[0m - ***************** Iter     Chi^2    N Rej  R. Fac *****************
[1;38;2;49;54;149m    [INFO][0m - [38;2;116;173;209mfitting.py:bspline_profile:1163[0m -                   ----  --------  -------  ------                  
[1;38;2;49;54;149m    [INFO][0m - [38;2;116;173;209mfitting.py:bspline_profile:1257[0m -                      1     1.005    54604    1.00                  
[1;38;2;49;54;149m    [INFO][0m - [38;2;116;173;209mfitting.py:bspline_profile:1257[0m -                      2     0.986    54604    1.00                  
[1;38;2;49;54;149m    [INFO][0m - [38;2;116;173;209mfitting.py:bspline_profile:1272[0m -                   DONE     0.986    54604    1.00                  
[1;38;2;49;54;149m    [INFO][0m - [38;2;116;173;209mfitting.py:bspline_profile:1275[0m - *******************************************************************
[1;38;2;49;54;149m    [INFO][0m - [38;2;116;173;209mfind_objects.py:global_skysub:583[0m - Global sky subtraction for slit: 217
[1;38;2;49;54;149m    [INFO][0m - [38;2;116;173;209mskysub.py:global_skysub:195[0m - Full fit in global sky sub.
[1;38;2;49;54;149m    [INFO][0m - [38;2;116;173;209mfitting.py:bspline_profile:1156[0m - B-spline fit:
[1;38;2;49;54;149m    [INFO][0m - [38;2;116;173;209mfitting.py:bspline_profile:1157[0m -     npoly = 2 profile basis functions
[1;38;2;49;54;149m    [INFO][0m - [38;2;116;173;209mfitting.py:bspline_profile:1158[0m -     ngood = 90312/144775 measurements
[1;38;2;49;54;149m    [INFO][0m - [38;2;116;173;209mfitting.py:bspline_profile:1159[0m - ***************** Iter     Chi^2    N Rej  R. Fac *****************
[1;38;2;49;54;149m    [INFO][0m - [38;2;116;173;209mfitting.py:bspline_profile:1163[0m -                   ----  --------  -------  ------                  
[1;38;2;49;54;149m    [INFO][0m - [38;2;116;173;209mfitting.py:bspline_profile:1257[0m -                      1     1.007    54602    1.00                  
[1;38;2;49;54;149m    [INFO][0m - [38;2;116;173;209mfitting.py:bspline_profile:1257[0m -                      2     0.987    54604    1.00                  
[1;38;2;49;54;149m    [INFO][0m - [38;2;116;173;209mfitting.py:bspline_profile:1257[0m -                      3     0.987    54604    1.00                  
[1;38;2;49;54;149m    [INFO][0m - [38;2;116;173;209mfitting.py:bspline_profile:1272[0m -                   DONE     0.987    54604    1.00                  
[1;38;2;49;54;149m    [INFO][0m - [38;2;116;173;209mfitting.py:bspline_profile:1275[0m - *******************************************************************
[1;38;2;49;54;149m    [INFO][0m - [38;2;116;173;209mfind_objects.py:global_skysub:583[0m - Global sky subtraction for slit: 296
[1;38;2;49;54;149m    [INFO][0m - [38;2;116;173;209mskysub.py:global_skysub:195[0m - Full fit in global sky sub.
[1;38;2;49;54;149m    [INFO][0m - [38;2;116;173;209mfitting.py:bspline_profile:1156[0m - B-spline fit:
[1;38;2;49;54;149m    [INFO][0m - [38;2;116;173;209mfitting.py:bspline_profile:1157[0m -     npoly = 2 profile basis functions
[1;38;2;49;54;149m    [INFO][0m - [38;2;116;173;209mfitting.py:bspline_profile:1158[0m -     ngood = 89848/144591 measurements
[1;38;2;49;54;149m    [INFO][0m - [38;2;116;173;209mfitting.py:bspline_profile:1159[0m - ***************** Iter     Chi^2    N Rej  R. Fac *****************
[1;38;2;49;54;149m    [INFO][0m - [38;2;116;173;209mfitting.py:bspline_profile:1163[0m -                   ----  --------  -------  ------                  
[1;38;2;49;54;149m    [INFO][0m - [38;2;116;173;209mfitting.py:bspline_profile:1257[0m -                      1     1.104    54921    1.00                  
[1;38;2;49;54;149m    [INFO][0m - [38;2;116;173;209mfitting.py:bspline_profile:1257[0m -                      2     1.000    54923    1.00                  
[1;38;2;49;54;149m    [INFO][0m - [38;2;116;173;209mfitting.py:bspline_profile:1257[0m -                      3     0.999    54923    1.00                  
[1;38;2;49;54;149m    [INFO][0m - [38;2;116;173;209mfitting.py:bspline_profile:1272[0m -                   DONE     0.999    54923    1.00                  
[1;38;2;49;54;149m    [INFO][0m - [38;2;116;173;209mfitting.py:bspline_profile:1275[0m - *******************************************************************
[1;38;2;49;54;149m    [INFO][0m - [38;2;116;173;209mfind_objects.py:global_skysub:583[0m - Global sky subtraction for slit: 370
[1;38;2;49;54;149m    [INFO][0m - [38;2;116;173;209mskysub.py:global_skysub:195[0m - Full fit in global sky sub.
[1;38;2;49;54;149m    [INFO][0m - [38;2;116;173;209mfitting.py:bspline_profile:1156[0m - B-spline fit:
[1;38;2;49;54;149m    [INFO][0m - [38;2;116;173;209mfitting.py:bspline_profile:1157[0m -     npoly = 2 profile basis functions
[1;38;2;49;54;149m    [INFO][0m - [38;2;116;173;209mfitting.py:bspline_profile:1158[0m -     ngood = 90314/144580 measurements
[1;38;2;49;54;149m    [INFO][0m - [38;2;116;173;209mfitting.py:bspline_profile:1159[0m - ***************** Iter     Chi^2    N Rej  R. Fac *****************
[1;38;2;49;54;149m    [INFO][0m - [38;2;116;173;209mfitting.py:bspline_profile:1163[0m -                   ----  --------  -------  ------                  
[1;38;2;49;54;149m    [INFO][0m - [38;2;116;173;209mfitting.py:bspline_profile:1257[0m -                      1     0.998    54401    1.00                  
[1;38;2;49;54;149m    [INFO][0m - [38;2;116;173;209mfitting.py:bspline_profile:1257[0m -                      2     0.978    54404    1.00                  
[1;38;2;49;54;149m    [INFO][0m - [38;2;116;173;209mfitting.py:bspline_profile:1257[0m -                      3     0.978    54405    1.00                  
[1;38;2;49;54;149m    [INFO][0m - [38;2;116;173;209mfitting.py:bspline_profile:1257[0m -                      4     0.978    54405    1.00                  
[1;38;2;49;54;149m    [INFO][0m - [38;2;116;173;209mfitting.py:bspline_profile:1272[0m -                   DONE     0.978    54405    1.00                  
[1;38;2;49;54;149m    [INFO][0m - [38;2;116;173;209mfitting.py:bspline_profile:1275[0m - *******************************************************************
[1;38;2;49;54;149m    [INFO][0m - [38;2;116;173;209mfind_objects.py:global_skysub:583[0m - Global sky subtraction for slit: 445
[1;38;2;49;54;149m    [INFO][0m - [38;2;116;173;209mskysub.py:global_skysub:195[0m - Full fit in global sky sub.
[1;38;2;49;54;149m    [INFO][0m - [38;2;116;173;209mfitting.py:bspline_profile:1156[0m - B-spline fit:
[1;38;2;49;54;149m    [INFO][0m - [38;2;116;173;209mfitting.py:bspline_profile:1157[0m -     npoly = 2 profile basis functions
[1;38;2;49;54;149m    [INFO][0m - [38;2;116;173;209mfitting.py:bspline_profile:1158[0m -     ngood = 89878/144672 measurements
[1;38;2;49;54;149m    [INFO][0m - [38;2;116;173;209mfitting.py:bspline_profile:1159[0m - ***************** Iter     Chi^2    N Rej  R. Fac *****************
[1;38;2;49;54;149m    [INFO][0m - [38;2;116;173;209mfitting.py:bspline_profile:1163[0m -                   ----  --------  -------  ------                  
[1;38;2;49;54;149m    [INFO][0m - [38;2;116;173;209mfitting.py:bspline_profile:1257[0m -                      1     1.009    54944    1.00                  
[1;38;2;49;54;149m    [INFO][0m - [38;2;116;173;209mfitting.py:bspline_profile:1257[0m -                      2     0.986    54945    1.00                  
[1;38;2;49;54;149m    [INFO][0m - [38;2;116;173;209mfitting.py:bspline_profile:1257[0m -                      3     0.986    54945    1.00                  
[1;38;2;49;54;149m    [INFO][0m - [38;2;116;173;209mfitting.py:bspline_profile:1272[0m -                   DONE     0.986    54945    1.00                  
[1;38;2;49;54;149m    [INFO][0m - [38;2;116;173;209mfitting.py:bspline_profile:1275[0m - *******************************************************************
[1;38;2;49;54;149m    [INFO][0m - [38;2;116;173;209mfind_objects.py:global_skysub:583[0m - Global sky subtraction for slit: 518
[1;38;2;49;54;149m    [INFO][0m - [38;2;116;173;209mskysub.py:global_skysub:195[0m - Full fit in global sky sub.
[1;38;2;49;54;149m    [INFO][0m - [38;2;116;173;209mfitting.py:bspline_profile:1156[0m - B-spline fit:
[1;38;2;49;54;149m    [INFO][0m - [38;2;116;173;209mfitting.py:bspline_profile:1157[0m -     npoly = 2 profile basis functions
[1;38;2;49;54;149m    [INFO][0m - [38;2;116;173;209mfitting.py:bspline_profile:1158[0m -     ngood = 90003/144509 measurements
[1;38;2;49;54;149m    [INFO][0m - [38;2;116;173;209mfitting.py:bspline_profile:1159[0m - ***************** Iter     Chi^2    N Rej  R. Fac *****************
[1;38;2;49;54;149m    [INFO][0m - [38;2;116;173;209mfitting.py:bspline_profile:1163[0m -                   ----  --------  -------  ------                  
[1;38;2;49;54;149m    [INFO][0m - [38;2;116;173;209mfitting.py:bspline_profile:1257[0m -                      1     1.005    54651    1.00                  
[1;38;2;49;54;149m    [INFO][0m - [38;2;116;173;209mfitting.py:bspline_profile:1257[0m -                      2     0.984    54652    1.00                  
[1;38;2;49;54;149m    [INFO][0m - [38;2;116;173;209mfitting.py:bspline_profile:1257[0m -                      3     0.984    54652    1.00                  
[1;38;2;49;54;149m    [INFO][0m - [38;2;116;173;209mfitting.py:bspline_profile:1272[0m -                   DONE     0.984    54652    1.00                  
[1;38;2;49;54;149m    [INFO][0m - [38;2;116;173;209mfitting.py:bspline_profile:1275[0m - *******************************************************************
[1;38;2;49;54;149m    [INFO][0m - [38;2;116;173;209mfind_objects.py:global_skysub:583[0m - Global sky subtraction for slit: 591
[1;38;2;49;54;149m    [INFO][0m - [38;2;116;173;209mskysub.py:global_skysub:195[0m - Full fit in global sky sub.
[1;38;2;49;54;149m    [INFO][0m - [38;2;116;173;209mfitting.py:bspline_profile:1156[0m - B-spline fit:
[1;38;2;49;54;149m    [INFO][0m - [38;2;116;173;209mfitting.py:bspline_profile:1157[0m -     npoly = 2 profile basis functions
[1;38;2;49;54;149m    [INFO][0m - [38;2;116;173;209mfitting.py:bspline_profile:1158[0m -     ngood = 90420/144791 measurements
[1;38;2;49;54;149m    [INFO][0m - [38;2;116;173;209mfitting.py:bspline_profile:1159[0m - ***************** Iter     Chi^2    N Rej  R. Fac *****************
[1;38;2;49;54;149m    [INFO][0m - [38;2;116;173;209mfitting.py:bspline_profile:1163[0m -                   ----  --------  -------  ------                  
[1;38;2;49;54;149m    [INFO][0m - [38;2;116;173;209mfitting.py:bspline_profile:1257[0m -                      1     1.006    54501    1.00                  
[1;38;2;49;54;149m    [INFO][0m - [38;2;116;173;209mfitting.py:bspline_profile:1257[0m -                      2     0.987    54505    1.00                  
[1;38;2;49;54;149m    [INFO][0m - [38;2;116;173;209mfitting.py:bspline_profile:1257[0m -                      3     0.987    54505    1.00                  
[1;38;2;49;54;149m    [INFO][0m - [38;2;116;173;209mfitting.py:bspline_profile:1272[0m -                   DONE     0.987    54505    1.00                  
[1;38;2;49;54;149m    [INFO][0m - [38;2;116;173;209mfitting.py:bspline_profile:1275[0m - *******************************************************************
[1;38;2;49;54;149m    [INFO][0m - [38;2;116;173;209mfind_objects.py:global_skysub:583[0m - Global sky subtraction for slit: 664
[1;38;2;49;54;149m    [INFO][0m - [38;2;116;173;209mskysub.py:global_skysub:195[0m - Full fit in global sky sub.
[1;38;2;49;54;149m    [INFO][0m - [38;2;116;173;209mfitting.py:bspline_profile:1156[0m - B-spline fit:
[1;38;2;49;54;149m    [INFO][0m - [38;2;116;173;209mfitting.py:bspline_profile:1157[0m -     npoly = 2 profile basis functions
[1;38;2;49;54;149m    [INFO][0m - [38;2;116;173;209mfitting.py:bspline_profile:1158[0m -     ngood = 90019/144778 measurements
[1;38;2;49;54;149m    [INFO][0m - [38;2;116;173;209mfitting.py:bspline_profile:1159[0m - ***************** Iter     Chi^2    N Rej  R. Fac *****************
[1;38;2;49;54;149m    [INFO][0m - [38;2;116;173;209mfitting.py:bspline_profile:1163[0m -                   ----  --------  -------  ------                  
[1;38;2;49;54;149m    [INFO][0m - [38;2;116;173;209mfitting.py:bspline_profile:1257[0m -                      1     1.017    54904    1.00                  
[1;38;2;49;54;149m    [INFO][0m - [38;2;116;173;209mfitting.py:bspline_profile:1257[0m -                      2     0.995    54905    1.00                  
[1;38;2;49;54;149m    [INFO][0m - [38;2;116;173;209mfitting.py:bspline_profile:1257[0m -                      3     0.995    54905    1.00                  
[1;38;2;49;54;149m    [INFO][0m - [38;2;116;173;209mfitting.py:bspline_profile:1272[0m -                   DONE     0.995    54905    1.00                  
[1;38;2;49;54;149m    [INFO][0m - [38;2;116;173;209mfitting.py:bspline_profile:1275[0m - *******************************************************************
[1;38;2;49;54;149m    [INFO][0m - [38;2;116;173;209mfind_objects.py:global_skysub:583[0m - Global sky subtraction for slit: 739
[1;38;2;49;54;149m    [INFO][0m - [38;2;116;173;209mskysub.py:global_skysub:195[0m - Full fit in global sky sub.
[1;38;2;49;54;149m    [INFO][0m - [38;2;116;173;209mfitting.py:bspline_profile:1156[0m - B-spline fit:
[1;38;2;49;54;149m    [INFO][0m - [38;2;116;173;209mfitting.py:bspline_profile:1157[0m -     npoly = 2 profile basis functions
[1;38;2;49;54;149m    [INFO][0m - [38;2;116;173;209mfitting.py:bspline_profile:1158[0m -     ngood = 89746/144884 measurements
[1;38;2;49;54;149m    [INFO][0m - [38;2;116;173;209mfitting.py:bspline_profile:1159[0m - ***************** Iter     Chi^2    N Rej  R. Fac *****************
[1;38;2;49;54;149m    [INFO][0m - [38;2;116;173;209mfitting.py:bspline_profile:1163[0m -                   ----  --------  -------  ------                  
[1;38;2;49;54;149m    [INFO][0m - [38;2;116;173;209mfitting.py:bspline_profile:1257[0m -                      1     1.358    55364    1.00                  
[1;38;2;49;54;149m    [INFO][0m - [38;2;116;173;209mfitting.py:bspline_profile:1257[0m -                      2     1.021    55369    1.00                  
[1;38;2;49;54;149m    [INFO][0m - [38;2;116;173;209mfitting.py:bspline_profile:1257[0m -                      3     1.020    55369    1.00                  
[1;38;2;49;54;149m    [INFO][0m - [38;2;116;173;209mfitting.py:bspline_profile:1272[0m -                   DONE     1.020    55369    1.00                  
[1;38;2;49;54;149m    [INFO][0m - [38;2;116;173;209mfitting.py:bspline_profile:1275[0m - *******************************************************************
[1;38;2;49;54;149m    [INFO][0m - [38;2;116;173;209mfind_objects.py:global_skysub:583[0m - Global sky subtraction for slit: 812
[1;38;2;49;54;149m    [INFO][0m - [38;2;116;173;209mskysub.py:global_skysub:195[0m - Full fit in global sky sub.
[1;38;2;49;54;149m    [INFO][0m - [38;2;116;173;209mfitting.py:bspline_profile:1156[0m - B-spline fit:
[1;38;2;49;54;149m    [INFO][0m - [38;2;116;173;209mfitting.py:bspline_profile:1157[0m -     npoly = 2 profile basis functions
[1;38;2;49;54;149m    [INFO][0m - [38;2;116;173;209mfitting.py:bspline_profile:1158[0m -     ngood = 90085/144693 measurements
[1;38;2;49;54;149m    [INFO][0m - [38;2;116;173;209mfitting.py:bspline_profile:1159[0m - ***************** Iter     Chi^2    N Rej  R. Fac *****************
[1;38;2;49;54;149m    [INFO][0m - [38;2;116;173;209mfitting.py:bspline_profile:1163[0m -                   ----  --------  -------  ------                  
[1;38;2;49;54;149m    [INFO][0m - [38;2;116;173;209mfitting.py:bspline_profile:1257[0m -                      1     1.088    54884    1.00                  
[1;38;2;49;54;149m    [INFO][0m - [38;2;116;173;209mfitting.py:bspline_profile:1257[0m -                      2     1.047    54892    1.00                  
[1;38;2;49;54;149m    [INFO][0m - [38;2;116;173;209mfitting.py:bspline_profile:1257[0m -                      3     1.046    54892    1.00                  
[1;38;2;49;54;149m    [INFO][0m - [38;2;116;173;209mfitting.py:bspline_profile:1272[0m -                   DONE     1.046    54892    1.00                  
[1;38;2;49;54;149m    [INFO][0m - [38;2;116;173;209mfitting.py:bspline_profile:1275[0m - *******************************************************************
[1;38;2;49;54;149m    [INFO][0m - [38;2;116;173;209mfind_objects.py:global_skysub:583[0m - Global sky subtraction for slit: 886
[1;38;2;49;54;149m    [INFO][0m - [38;2;116;173;209mskysub.py:global_skysub:195[0m - Full fit in global sky sub.
[1;38;2;49;54;149m    [INFO][0m - [38;2;116;173;209mfitting.py:bspline_profile:1156[0m - B-spline fit:
[1;38;2;49;54;149m    [INFO][0m - [38;2;116;173;209mfitting.py:bspline_profile:1157[0m -     npoly = 2 profile basis functions
[1;38;2;49;54;149m    [INFO][0m - [38;2;116;173;209mfitting.py:bspline_profile:1158[0m -     ngood = 90466/145125 measurements
[1;38;2;49;54;149m    [INFO][0m - [38;2;116;173;209mfitting.py:bspline_profile:1159[0m - ***************** Iter     Chi^2    N Rej  R. Fac *****************
[1;38;2;49;54;149m    [INFO][0m - [38;2;116;173;209mfitting.py:bspline_profile:1163[0m -                   ----  --------  -------  ------                  
[1;38;2;49;54;149m    [INFO][0m - [38;2;116;173;209mfitting.py:bspline_profile:1257[0m -                      1     1.485    55997    1.00                  
[1;38;2;49;54;149m    [INFO][0m - [38;2;116;173;209mfitting.py:bspline_profile:1257[0m -                      2     1.280    56091    1.00                  
[1;38;2;49;54;149m    [INFO][0m - [38;2;116;173;209mfitting.py:bspline_profile:1257[0m -                      3     1.269    56101    1.00                  
[1;38;2;49;54;149m    [INFO][0m - [38;2;116;173;209mfitting.py:bspline_profile:1257[0m -                      4     1.268    56101    1.00                  
[1;38;2;49;54;149m    [INFO][0m - [38;2;116;173;209mfitting.py:bspline_profile:1272[0m -                   DONE     1.268    56101    1.00                  
[1;38;2;49;54;149m    [INFO][0m - [38;2;116;173;209mfitting.py:bspline_profile:1275[0m - *******************************************************************
[1;38;2;49;54;149m    [INFO][0m - [38;2;116;173;209mfind_objects.py:global_skysub:583[0m - Global sky subtraction for slit: 1164
[1;38;2;49;54;149m    [INFO][0m - [38;2;116;173;209mskysub.py:global_skysub:195[0m - Full fit in global sky sub.
[1;38;2;49;54;149m    [INFO][0m - [38;2;116;173;209mfitting.py:bspline_profile:1156[0m - B-spline fit:
[1;38;2;49;54;149m    [INFO][0m - [38;2;116;173;209mfitting.py:bspline_profile:1157[0m -     npoly = 2 profile basis functions
[1;38;2;49;54;149m    [INFO][0m - [38;2;116;173;209mfitting.py:bspline_profile:1158[0m -     ngood = 90659/145334 measurements
[1;38;2;49;54;149m    [INFO][0m - [38;2;116;173;209mfitting.py:bspline_profile:1159[0m - ***************** Iter     Chi^2    N Rej  R. Fac *****************
[1;38;2;49;54;149m    [INFO][0m - [38;2;116;173;209mfitting.py:bspline_profile:1163[0m -                   ----  --------  -------  ------                  
[1;38;2;49;54;149m    [INFO][0m - [38;2;116;173;209mfitting.py:bspline_profile:1257[0m -                      1     1.664    56410    1.00                  
[1;38;2;49;54;149m    [INFO][0m - [38;2;116;173;209mfitting.py:bspline_profile:1257[0m -                      2     1.357    56554    1.00                  
[1;38;2;49;54;149m    [INFO][0m - [38;2;116;173;209mfitting.py:bspline_profile:1257[0m -                      3     1.339    56566    1.00                  
[1;38;2;49;54;149m    [INFO][0m - [38;2;116;173;209mfitting.py:bspline_profile:1257[0m -                      4     1.338    56566    1.00                  
[1;38;2;49;54;149m    [INFO][0m - [38;2;116;173;209mfitting.py:bspline_profile:1272[0m -                   DONE     1.338    56566    1.00                  
[1;38;2;49;54;149m    [INFO][0m - [38;2;116;173;209mfitting.py:bspline_profile:1275[0m - *******************************************************************
[1;38;2;49;54;149m    [INFO][0m - [38;2;116;173;209mfind_objects.py:global_skysub:583[0m - Global sky subtraction for slit: 1238
[1;38;2;49;54;149m    [INFO][0m - [38;2;116;173;209mskysub.py:global_skysub:195[0m - Full fit in global sky sub.
[1;38;2;49;54;149m    [INFO][0m - [38;2;116;173;209mfitting.py:bspline_profile:1156[0m - B-spline fit:
[1;38;2;49;54;149m    [INFO][0m - [38;2;116;173;209mfitting.py:bspline_profile:1157[0m -     npoly = 2 profile basis functions
[1;38;2;49;54;149m    [INFO][0m - [38;2;116;173;209mfitting.py:bspline_profile:1158[0m -     ngood = 90772/145426 measurements
[1;38;2;49;54;149m    [INFO][0m - [38;2;116;173;209mfitting.py:bspline_profile:1159[0m - ***************** Iter     Chi^2    N Rej  R. Fac *****************
[1;38;2;49;54;149m    [INFO][0m - [38;2;116;173;209mfitting.py:bspline_profile:1163[0m -                   ----  --------  -------  ------                  
[1;38;2;49;54;149m    [INFO][0m - [38;2;116;173;209mfitting.py:bspline_profile:1257[0m -                      1     1.156    55024    1.00                  
[1;38;2;49;54;149m    [INFO][0m - [38;2;116;173;209mfitting.py:bspline_profile:1257[0m -                      2     1.102    55047    1.00                  
[1;38;2;49;54;149m    [INFO][0m - [38;2;116;173;209mfitting.py:bspline_profile:1257[0m -                      3     1.099    55047    1.00                  
[1;38;2;49;54;149m    [INFO][0m - [38;2;116;173;209mfitting.py:bspline_profile:1272[0m -                   DONE     1.099    55047    1.00                  
[1;38;2;49;54;149m    [INFO][0m - [38;2;116;173;209mfitting.py:bspline_profile:1275[0m - *******************************************************************
[1;38;2;49;54;149m    [INFO][0m - [38;2;116;173;209mfind_objects.py:global_skysub:583[0m - Global sky subtraction for slit: 1312
[1;38;2;49;54;149m    [INFO][0m - [38;2;116;173;209mskysub.py:global_skysub:195[0m - Full fit in global sky sub.
[1;38;2;49;54;149m    [INFO][0m - [38;2;116;173;209mfitting.py:bspline_profile:1156[0m - B-spline fit:
[1;38;2;49;54;149m    [INFO][0m - [38;2;116;173;209mfitting.py:bspline_profile:1157[0m -     npoly = 2 profile basis functions
[1;38;2;49;54;149m    [INFO][0m - [38;2;116;173;209mfitting.py:bspline_profile:1158[0m -     ngood = 90833/145438 measurements
[1;38;2;49;54;149m    [INFO][0m - [38;2;116;173;209mfitting.py:bspline_profile:1159[0m - ***************** Iter     Chi^2    N Rej  R. Fac *****************
[1;38;2;49;54;149m    [INFO][0m - [38;2;116;173;209mfitting.py:bspline_profile:1163[0m -                   ----  --------  -------  ------                  
[1;38;2;49;54;149m    [INFO][0m - [38;2;116;173;209mfitting.py:bspline_profile:1257[0m -                      1     1.072    54825    1.00                  
[1;38;2;49;54;149m    [INFO][0m - [38;2;116;173;209mfitting.py:bspline_profile:1257[0m -                      2     1.039    54833    1.00                  
[1;38;2;49;54;149m    [INFO][0m - [38;2;116;173;209mfitting.py:bspline_profile:1257[0m -                      3     1.038    54833    1.00                  
[1;38;2;49;54;149m    [INFO][0m - [38;2;116;173;209mfitting.py:bspline_profile:1272[0m -                   DONE     1.038    54833    1.00                  
[1;38;2;49;54;149m    [INFO][0m - [38;2;116;173;209mfitting.py:bspline_profile:1275[0m - *******************************************************************
[1;38;2;49;54;149m    [INFO][0m - [38;2;116;173;209mfind_objects.py:global_skysub:583[0m - Global sky subtraction for slit: 1386
[1;38;2;49;54;149m    [INFO][0m - [38;2;116;173;209mskysub.py:global_skysub:195[0m - Full fit in global sky sub.
[1;38;2;49;54;149m    [INFO][0m - [38;2;116;173;209mfitting.py:bspline_profile:1156[0m - B-spline fit:
[1;38;2;49;54;149m    [INFO][0m - [38;2;116;173;209mfitting.py:bspline_profile:1157[0m -     npoly = 2 profile basis functions
[1;38;2;49;54;149m    [INFO][0m - [38;2;116;173;209mfitting.py:bspline_profile:1158[0m -     ngood = 90925/145651 measurements
[1;38;2;49;54;149m    [INFO][0m - [38;2;116;173;209mfitting.py:bspline_profile:1159[0m - ***************** Iter     Chi^2    N Rej  R. Fac *****************
[1;38;2;49;54;149m    [INFO][0m - [38;2;116;173;209mfitting.py:bspline_profile:1163[0m -                   ----  --------  -------  ------                  
[1;38;2;49;54;149m    [INFO][0m - [38;2;116;173;209mfitting.py:bspline_profile:1257[0m -                      1     1.255    54942    1.00                  
[1;38;2;49;54;149m    [INFO][0m - [38;2;116;173;209mfitting.py:bspline_profile:1257[0m -                      2     1.019    54943    1.00                  
[1;38;2;49;54;149m    [INFO][0m - [38;2;116;173;209mfitting.py:bspline_profile:1257[0m -                      3     1.019    54943    1.00                  
[1;38;2;49;54;149m    [INFO][0m - [38;2;116;173;209mfitting.py:bspline_profile:1272[0m -                   DONE     1.019    54943    1.00                  
[1;38;2;49;54;149m    [INFO][0m - [38;2;116;173;209mfitting.py:bspline_profile:1275[0m - *******************************************************************
[1;38;2;49;54;149m    [INFO][0m - [38;2;116;173;209mfind_objects.py:global_skysub:583[0m - Global sky subtraction for slit: 1459
[1;38;2;49;54;149m    [INFO][0m - [38;2;116;173;209mskysub.py:global_skysub:195[0m - Full fit in global sky sub.
[1;38;2;49;54;149m    [INFO][0m - [38;2;116;173;209mfitting.py:bspline_profile:1156[0m - B-spline fit:
[1;38;2;49;54;149m    [INFO][0m - [38;2;116;173;209mfitting.py:bspline_profile:1157[0m -     npoly = 2 profile basis functions
[1;38;2;49;54;149m    [INFO][0m - [38;2;116;173;209mfitting.py:bspline_profile:1158[0m -     ngood = 90166/145127 measurements
[1;38;2;49;54;149m    [INFO][0m - [38;2;116;173;209mfitting.py:bspline_profile:1159[0m - ***************** Iter     Chi^2    N Rej  R. Fac *****************
[1;38;2;49;54;149m    [INFO][0m - [38;2;116;173;209mfitting.py:bspline_profile:1163[0m -                   ----  --------  -------  ------                  
[1;38;2;49;54;149m    [INFO][0m - [38;2;116;173;209mfitting.py:bspline_profile:1257[0m -                      1     1.038    55143    1.00                  
[1;38;2;49;54;149m    [INFO][0m - [38;2;116;173;209mfitting.py:bspline_profile:1257[0m -                      2     1.012    55144    1.00                  
[1;38;2;49;54;149m    [INFO][0m - [38;2;116;173;209mfitting.py:bspline_profile:1257[0m -                      3     1.012    55144    1.00                  
[1;38;2;49;54;149m    [INFO][0m - [38;2;116;173;209mfitting.py:bspline_profile:1272[0m -                   DONE     1.012    55144    1.00                  
[1;38;2;49;54;149m    [INFO][0m - [38;2;116;173;209mfitting.py:bspline_profile:1275[0m - *******************************************************************
[1;38;2;49;54;149m    [INFO][0m - [38;2;116;173;209mfind_objects.py:global_skysub:583[0m - Global sky subtraction for slit: 1534
[1;38;2;49;54;149m    [INFO][0m - [38;2;116;173;209mskysub.py:global_skysub:195[0m - Full fit in global sky sub.
[1;38;2;49;54;149m    [INFO][0m - [38;2;116;173;209mfitting.py:bspline_profile:1156[0m - B-spline fit:
[1;38;2;49;54;149m    [INFO][0m - [38;2;116;173;209mfitting.py:bspline_profile:1157[0m -     npoly = 2 profile basis functions
[1;38;2;49;54;149m    [INFO][0m - [38;2;116;173;209mfitting.py:bspline_profile:1158[0m -     ngood = 90129/144938 measurements
[1;38;2;49;54;149m    [INFO][0m - [38;2;116;173;209mfitting.py:bspline_profile:1159[0m - ***************** Iter     Chi^2    N Rej  R. Fac *****************
[1;38;2;49;54;149m    [INFO][0m - [38;2;116;173;209mfitting.py:bspline_profile:1163[0m -                   ----  --------  -------  ------                  
[1;38;2;49;54;149m    [INFO][0m - [38;2;116;173;209mfitting.py:bspline_profile:1257[0m -                      1     1.028    54968    1.00                  
[1;38;2;49;54;149m    [INFO][0m - [38;2;116;173;209mfitting.py:bspline_profile:1257[0m -                      2     1.005    54970    1.00                  
[1;38;2;49;54;149m    [INFO][0m - [38;2;116;173;209mfitting.py:bspline_profile:1257[0m -                      3     1.004    54970    1.00                  
[1;38;2;49;54;149m    [INFO][0m - [38;2;116;173;209mfitting.py:bspline_profile:1272[0m -                   DONE     1.004    54970    1.00                  
[1;38;2;49;54;149m    [INFO][0m - [38;2;116;173;209mfitting.py:bspline_profile:1275[0m - *******************************************************************
[1;38;2;49;54;149m    [INFO][0m - [38;2;116;173;209mfind_objects.py:global_skysub:583[0m - Global sky subtraction for slit: 1608
[1;38;2;49;54;149m    [INFO][0m - [38;2;116;173;209mskysub.py:global_skysub:195[0m - Full fit in global sky sub.
[1;38;2;49;54;149m    [INFO][0m - [38;2;116;173;209mfitting.py:bspline_profile:1156[0m - B-spline fit:
[1;38;2;49;54;149m    [INFO][0m - [38;2;116;173;209mfitting.py:bspline_profile:1157[0m -     npoly = 2 profile basis functions
[1;38;2;49;54;149m    [INFO][0m - [38;2;116;173;209mfitting.py:bspline_profile:1158[0m -     ngood = 91028/145535 measurements
[1;38;2;49;54;149m    [INFO][0m - [38;2;116;173;209mfitting.py:bspline_profile:1159[0m - ***************** Iter     Chi^2    N Rej  R. Fac *****************
[1;38;2;49;54;149m    [INFO][0m - [38;2;116;173;209mfitting.py:bspline_profile:1163[0m -                   ----  --------  -------  ------                  
[1;38;2;49;54;149m    [INFO][0m - [38;2;116;173;209mfitting.py:bspline_profile:1257[0m -                      1     1.020    54663    1.00                  
[1;38;2;49;54;149m    [INFO][0m - [38;2;116;173;209mfitting.py:bspline_profile:1257[0m -                      2     0.997    54667    1.00                  
[1;38;2;49;54;149m    [INFO][0m - [38;2;116;173;209mfitting.py:bspline_profile:1257[0m -                      3     0.997    54667    1.00                  
[1;38;2;49;54;149m    [INFO][0m - [38;2;116;173;209mfitting.py:bspline_profile:1272[0m -                   DONE     0.997    54667    1.00                  
[1;38;2;49;54;149m    [INFO][0m - [38;2;116;173;209mfitting.py:bspline_profile:1275[0m - *******************************************************************
[1;38;2;49;54;149m    [INFO][0m - [38;2;116;173;209mfind_objects.py:global_skysub:583[0m - Global sky subtraction for slit: 1683
[1;38;2;49;54;149m    [INFO][0m - [38;2;116;173;209mskysub.py:global_skysub:195[0m - Full fit in global sky sub.
[1;38;2;49;54;149m    [INFO][0m - [38;2;116;173;209mfitting.py:bspline_profile:1156[0m - B-spline fit:
[1;38;2;49;54;149m    [INFO][0m - [38;2;116;173;209mfitting.py:bspline_profile:1157[0m -     npoly = 2 profile basis functions
[1;38;2;49;54;149m    [INFO][0m - [38;2;116;173;209mfitting.py:bspline_profile:1158[0m -     ngood = 89592/145061 measurements
[1;38;2;49;54;149m    [INFO][0m - [38;2;116;173;209mfitting.py:bspline_profile:1159[0m - ***************** Iter     Chi^2    N Rej  R. Fac *****************
[1;38;2;49;54;149m    [INFO][0m - [38;2;116;173;209mfitting.py:bspline_profile:1163[0m -                   ----  --------  -------  ------                  
[1;38;2;49;54;149m    [INFO][0m - [38;2;116;173;209mfitting.py:bspline_profile:1257[0m -                      1     1.027    55639    1.00                  
[1;38;2;49;54;149m    [INFO][0m - [38;2;116;173;209mfitting.py:bspline_profile:1257[0m -                      2     1.002    55640    1.00                  
[1;38;2;49;54;149m    [INFO][0m - [38;2;116;173;209mfitting.py:bspline_profile:1257[0m -                      3     1.002    55640    1.00                  
[1;38;2;49;54;149m    [INFO][0m - [38;2;116;173;209mfitting.py:bspline_profile:1272[0m -                   DONE     1.002    55640    1.00                  
[1;38;2;49;54;149m    [INFO][0m - [38;2;116;173;209mfitting.py:bspline_profile:1275[0m - *******************************************************************
[1;38;2;49;54;149m    [INFO][0m - [38;2;116;173;209mfind_objects.py:global_skysub:583[0m - Global sky subtraction for slit: 1758
[1;38;2;49;54;149m    [INFO][0m - [38;2;116;173;209mskysub.py:global_skysub:195[0m - Full fit in global sky sub.
[1;38;2;49;54;149m    [INFO][0m - [38;2;116;173;209mfitting.py:bspline_profile:1156[0m - B-spline fit:
[1;38;2;49;54;149m    [INFO][0m - [38;2;116;173;209mfitting.py:bspline_profile:1157[0m -     npoly = 2 profile basis functions
[1;38;2;49;54;149m    [INFO][0m - [38;2;116;173;209mfitting.py:bspline_profile:1158[0m -     ngood = 89762/145018 measurements
[1;38;2;49;54;149m    [INFO][0m - [38;2;116;173;209mfitting.py:bspline_profile:1159[0m - ***************** Iter     Chi^2    N Rej  R. Fac *****************
[1;38;2;49;54;149m    [INFO][0m - [38;2;116;173;209mfitting.py:bspline_profile:1163[0m -                   ----  --------  -------  ------                  
[1;38;2;49;54;149m    [INFO][0m - [38;2;116;173;209mfitting.py:bspline_profile:1257[0m -                      1     1.077    55414    1.00                  
[1;38;2;49;54;149m    [INFO][0m - [38;2;116;173;209mfitting.py:bspline_profile:1257[0m -                      2     1.004    55415    1.00                  
[1;38;2;49;54;149m    [INFO][0m - [38;2;116;173;209mfitting.py:bspline_profile:1257[0m -                      3     1.004    55415    1.00                  
[1;38;2;49;54;149m    [INFO][0m - [38;2;116;173;209mfitting.py:bspline_profile:1272[0m -                   DONE     1.004    55415    1.00                  
[1;38;2;49;54;149m    [INFO][0m - [38;2;116;173;209mfitting.py:bspline_profile:1275[0m - *******************************************************************
[1;38;2;49;54;149m    [INFO][0m - [38;2;116;173;209mfind_objects.py:global_skysub:583[0m - Global sky subtraction for slit: 1837
[1;38;2;49;54;149m    [INFO][0m - [38;2;116;173;209mskysub.py:global_skysub:195[0m - Full fit in global sky sub.
[1;38;2;49;54;149m    [INFO][0m - [38;2;116;173;209mfitting.py:bspline_profile:1156[0m - B-spline fit:
[1;38;2;49;54;149m    [INFO][0m - [38;2;116;173;209mfitting.py:bspline_profile:1157[0m -     npoly = 2 profile basis functions
[1;38;2;49;54;149m    [INFO][0m - [38;2;116;173;209mfitting.py:bspline_profile:1158[0m -     ngood = 90208/145027 measurements
[1;38;2;49;54;149m    [INFO][0m - [38;2;116;173;209mfitting.py:bspline_profile:1159[0m - ***************** Iter     Chi^2    N Rej  R. Fac *****************
[1;38;2;49;54;149m    [INFO][0m - [38;2;116;173;209mfitting.py:bspline_profile:1163[0m -                   ----  --------  -------  ------                  
[1;38;2;49;54;149m    [INFO][0m - [38;2;116;173;209mfitting.py:bspline_profile:1257[0m -                      1     1.047    54984    1.00                  
[1;38;2;49;54;149m    [INFO][0m - [38;2;116;173;209mfitting.py:bspline_profile:1257[0m -                      2     1.022    54987    1.00                  
[1;38;2;49;54;149m    [INFO][0m - [38;2;116;173;209mfitting.py:bspline_profile:1257[0m -                      3     1.022    54987    1.00                  
[1;38;2;49;54;149m    [INFO][0m - [38;2;116;173;209mfitting.py:bspline_profile:1272[0m -                   DONE     1.022    54987    1.00                  
[1;38;2;49;54;149m    [INFO][0m - [38;2;116;173;209mfitting.py:bspline_profile:1275[0m - *******************************************************************
[1;38;2;49;54;149m    [INFO][0m - [38;2;116;173;209mfind_objects.py:global_skysub:583[0m - Global sky subtraction for slit: 1914
[1;38;2;49;54;149m    [INFO][0m - [38;2;116;173;209mskysub.py:global_skysub:195[0m - Full fit in global sky sub.
[1;38;2;49;54;149m    [INFO][0m - [38;2;116;173;209mfitting.py:bspline_profile:1156[0m - B-spline fit:
[1;38;2;49;54;149m    [INFO][0m - [38;2;116;173;209mfitting.py:bspline_profile:1157[0m -     npoly = 2 profile basis functions
[1;38;2;49;54;149m    [INFO][0m - [38;2;116;173;209mfitting.py:bspline_profile:1158[0m -     ngood = 90281/144812 measurements
[1;38;2;49;54;149m    [INFO][0m - [38;2;116;173;209mfitting.py:bspline_profile:1159[0m - ***************** Iter     Chi^2    N Rej  R. Fac *****************
[1;38;2;49;54;149m    [INFO][0m - [38;2;116;173;209mfitting.py:bspline_profile:1163[0m -                   ----  --------  -------  ------                  
[1;38;2;49;54;149m    [INFO][0m - [38;2;116;173;209mfitting.py:bspline_profile:1257[0m -                      1     1.026    54693    1.00                  
[1;38;2;49;54;149m    [INFO][0m - [38;2;116;173;209mfitting.py:bspline_profile:1257[0m -                      2     1.003    54696    1.00                  
[1;38;2;49;54;149m    [INFO][0m - [38;2;116;173;209mfitting.py:bspline_profile:1257[0m -                      3     1.003    54697    1.00                  
[1;38;2;49;54;149m    [INFO][0m - [38;2;116;173;209mfitting.py:bspline_profile:1257[0m -                      4     1.002    54697    1.00                  
[1;38;2;49;54;149m    [INFO][0m - [38;2;116;173;209mfitting.py:bspline_profile:1272[0m -                   DONE     1.002    54697    1.00                  
[1;38;2;49;54;149m    [INFO][0m - [38;2;116;173;209mfitting.py:bspline_profile:1275[0m - *******************************************************************
[1;38;2;49;54;149m    [INFO][0m - [38;2;116;173;209mfind_objects.py:global_skysub:583[0m - Global sky subtraction for slit: 1996
[1;38;2;49;54;149m    [INFO][0m - [38;2;116;173;209mskysub.py:global_skysub:195[0m - Full fit in global sky sub.
[1;38;2;49;54;149m    [INFO][0m - [38;2;116;173;209mfitting.py:bspline_profile:1156[0m - B-spline fit:
[1;38;2;49;54;149m    [INFO][0m - [38;2;116;173;209mfitting.py:bspline_profile:1157[0m -     npoly = 2 profile basis functions
[1;38;2;49;54;149m    [INFO][0m - [38;2;116;173;209mfitting.py:bspline_profile:1158[0m -     ngood = 91053/145414 measurements
[1;38;2;49;54;149m    [INFO][0m - [38;2;116;173;209mfitting.py:bspline_profile:1159[0m - ***************** Iter     Chi^2    N Rej  R. Fac *****************
[1;38;2;49;54;149m    [INFO][0m - [38;2;116;173;209mfitting.py:bspline_profile:1163[0m -                   ----  --------  -------  ------                  
[1;38;2;49;54;149m    [INFO][0m - [38;2;116;173;209mfitting.py:bspline_profile:1257[0m -                      1     1.025    54507    1.00                  
[1;38;2;49;54;149m    [INFO][0m - [38;2;116;173;209mfitting.py:bspline_profile:1257[0m -                      2     1.004    54511    1.00                  
[1;38;2;49;54;149m    [INFO][0m - [38;2;116;173;209mfitting.py:bspline_profile:1257[0m -                      3     1.003    54511    1.00                  
[1;38;2;49;54;149m    [INFO][0m - [38;2;116;173;209mfitting.py:bspline_profile:1272[0m -                   DONE     1.003    54511    1.00                  
[1;38;2;49;54;149m    [INFO][0m - [38;2;116;173;209mfitting.py:bspline_profile:1275[0m - *******************************************************************
[1;38;2;49;54;149m    [INFO][0m - [38;2;116;173;209mfind_objects.py:find_objects_pypeline:788[0m - Finding objects on slit # 61
[1;38;2;49;54;149m    [INFO][0m - [38;2;116;173;209mfindobj_skymask.py:objs_in_slit:2095[0m - No objects found automatically.  Consider manual extraction.
[1;38;2;49;54;149m    [INFO][0m - [38;2;116;173;209mfind_objects.py:find_objects_pypeline:788[0m - Finding objects on slit # 142
[1;38;2;49;54;149m    [INFO][0m - [38;2;116;173;209mfindobj_skymask.py:objs_in_slit:2095[0m - No objects found automatically.  Consider manual extraction.
[1;38;2;49;54;149m    [INFO][0m - [38;2;116;173;209mfind_objects.py:find_objects_pypeline:788[0m - Finding objects on slit # 217
[1;38;2;49;54;149m    [INFO][0m - [38;2;116;173;209mfindobj_skymask.py:objs_in_slit:2095[0m - No objects found automatically.  Consider manual extraction.
[1;38;2;49;54;149m    [INFO][0m - [38;2;116;173;209mfind_objects.py:find_objects_pypeline:788[0m - Finding objects on slit # 296
[1;38;2;49;54;149m    [INFO][0m - [38;2;116;173;209mfindobj_skymask.py:objs_in_slit:2095[0m - No objects found automatically.  Consider manual extraction.
[1;38;2;49;54;149m    [INFO][0m - [38;2;116;173;209mfind_objects.py:find_objects_pypeline:788[0m - Finding objects on slit # 370
[1;38;2;49;54;149m    [INFO][0m - [38;2;116;173;209mfindobj_skymask.py:objs_in_slit:2095[0m - No objects found automatically.  Consider manual extraction.
[1;38;2;49;54;149m    [INFO][0m - [38;2;116;173;209mfind_objects.py:find_objects_pypeline:788[0m - Finding objects on slit # 445
[1;38;2;49;54;149m    [INFO][0m - [38;2;116;173;209mfindobj_skymask.py:objs_in_slit:2095[0m - No objects found automatically.  Consider manual extraction.
[1;38;2;49;54;149m    [INFO][0m - [38;2;116;173;209mfind_objects.py:find_objects_pypeline:788[0m - Finding objects on slit # 518
[1;38;2;49;54;149m    [INFO][0m - [38;2;116;173;209mfindobj_skymask.py:objs_in_slit:2095[0m - No objects found automatically.  Consider manual extraction.
[1;38;2;49;54;149m    [INFO][0m - [38;2;116;173;209mfind_objects.py:find_objects_pypeline:788[0m - Finding objects on slit # 591
[1;38;2;49;54;149m    [INFO][0m - [38;2;116;173;209mfindobj_skymask.py:objs_in_slit:2073[0m - Using slit edges as crutch for object tracing
[1;38;2;49;54;149m    [INFO][0m - [38;2;116;173;209mfindobj_skymask.py:objs_in_slit:2098[0m - Automatic finding routine found 1 objects
[1;38;2;49;54;149m    [INFO][0m - [38;2;116;173;209mfindobj_skymask.py:objs_in_slit:2102[0m - Fitting the traces
[1;38;2;253;174;97m [WARNING][0m - [38;2;116;173;209mpolyutils.py:_fit:662[0m - RankWarning: The fit may be poorly conditioned
[1;38;2;49;54;149m    [INFO][0m - [38;2;116;173;209mfindobj_skymask.py:objs_in_slit:2254[0m - Successfully traced a total of 1 objects
[1;38;2;49;54;149m    [INFO][0m - [38;2;116;173;209mfind_objects.py:find_objects_pypeline:788[0m - Finding objects on slit # 664
[1;38;2;49;54;149m    [INFO][0m - [38;2;116;173;209mfindobj_skymask.py:objs_in_slit:2073[0m - Using slit edges as crutch for object tracing
[1;38;2;49;54;149m    [INFO][0m - [38;2;116;173;209mfindobj_skymask.py:objs_in_slit:2098[0m - Automatic finding routine found 1 objects
[1;38;2;49;54;149m    [INFO][0m - [38;2;116;173;209mfindobj_skymask.py:objs_in_slit:2102[0m - Fitting the traces
[1;38;2;253;174;97m [WARNING][0m - [38;2;116;173;209mpolyutils.py:_fit:662[0m - RankWarning: The fit may be poorly conditioned
[1;38;2;49;54;149m    [INFO][0m - [38;2;116;173;209mfindobj_skymask.py:objs_in_slit:2254[0m - Successfully traced a total of 1 objects
[1;38;2;49;54;149m    [INFO][0m - [38;2;116;173;209mfind_objects.py:find_objects_pypeline:788[0m - Finding objects on slit # 739
[1;38;2;49;54;149m    [INFO][0m - [38;2;116;173;209mfindobj_skymask.py:objs_in_slit:2073[0m - Using slit edges as crutch for object tracing
[1;38;2;49;54;149m    [INFO][0m - [38;2;116;173;209mfindobj_skymask.py:objs_in_slit:2098[0m - Automatic finding routine found 1 objects
[1;38;2;49;54;149m    [INFO][0m - [38;2;116;173;209mfindobj_skymask.py:objs_in_slit:2102[0m - Fitting the traces
[1;38;2;253;174;97m [WARNING][0m - [38;2;116;173;209mpolyutils.py:_fit:662[0m - RankWarning: The fit may be poorly conditioned
[1;38;2;49;54;149m    [INFO][0m - [38;2;116;173;209mfindobj_skymask.py:objs_in_slit:2254[0m - Successfully traced a total of 1 objects
[1;38;2;49;54;149m    [INFO][0m - [38;2;116;173;209mfind_objects.py:find_objects_pypeline:788[0m - Finding objects on slit # 812
[1;38;2;49;54;149m    [INFO][0m - [38;2;116;173;209mfindobj_skymask.py:objs_in_slit:2073[0m - Using slit edges as crutch for object tracing
[1;38;2;49;54;149m    [INFO][0m - [38;2;116;173;209mfindobj_skymask.py:objs_in_slit:2098[0m - Automatic finding routine found 1 objects
[1;38;2;49;54;149m    [INFO][0m - [38;2;116;173;209mfindobj_skymask.py:objs_in_slit:2102[0m - Fitting the traces
[1;38;2;253;174;97m [WARNING][0m - [38;2;116;173;209mpolyutils.py:_fit:662[0m - RankWarning: The fit may be poorly conditioned
[1;38;2;49;54;149m    [INFO][0m - [38;2;116;173;209mfindobj_skymask.py:objs_in_slit:2254[0m - Successfully traced a total of 1 objects
[1;38;2;49;54;149m    [INFO][0m - [38;2;116;173;209mfind_objects.py:find_objects_pypeline:788[0m - Finding objects on slit # 886
[1;38;2;49;54;149m    [INFO][0m - [38;2;116;173;209mfindobj_skymask.py:objs_in_slit:2073[0m - Using slit edges as crutch for object tracing
[1;38;2;49;54;149m    [INFO][0m - [38;2;116;173;209mfindobj_skymask.py:objs_in_slit:2098[0m - Automatic finding routine found 1 objects
[1;38;2;49;54;149m    [INFO][0m - [38;2;116;173;209mfindobj_skymask.py:objs_in_slit:2102[0m - Fitting the traces
[1;38;2;253;174;97m [WARNING][0m - [38;2;116;173;209mpolyutils.py:_fit:662[0m - RankWarning: The fit may be poorly conditioned
[1;38;2;49;54;149m    [INFO][0m - [38;2;116;173;209mfindobj_skymask.py:objs_in_slit:2254[0m - Successfully traced a total of 1 objects
[1;38;2;49;54;149m    [INFO][0m - [38;2;116;173;209mfind_objects.py:find_objects_pypeline:788[0m - Finding objects on slit # 1164
[1;38;2;49;54;149m    [INFO][0m - [38;2;116;173;209mfindobj_skymask.py:objs_in_slit:2073[0m - Using slit edges as crutch for object tracing
[1;38;2;49;54;149m    [INFO][0m - [38;2;116;173;209mfindobj_skymask.py:objs_in_slit:2098[0m - Automatic finding routine found 1 objects
[1;38;2;49;54;149m    [INFO][0m - [38;2;116;173;209mfindobj_skymask.py:objs_in_slit:2102[0m - Fitting the traces
[1;38;2;253;174;97m [WARNING][0m - [38;2;116;173;209mpolyutils.py:_fit:662[0m - RankWarning: The fit may be poorly conditioned
[1;38;2;49;54;149m    [INFO][0m - [38;2;116;173;209mfindobj_skymask.py:objs_in_slit:2254[0m - Successfully traced a total of 1 objects
[1;38;2;49;54;149m    [INFO][0m - [38;2;116;173;209mfind_objects.py:find_objects_pypeline:788[0m - Finding objects on slit # 1238
[1;38;2;49;54;149m    [INFO][0m - [38;2;116;173;209mfindobj_skymask.py:objs_in_slit:2073[0m - Using slit edges as crutch for object tracing
[1;38;2;49;54;149m    [INFO][0m - [38;2;116;173;209mfindobj_skymask.py:objs_in_slit:2098[0m - Automatic finding routine found 1 objects
[1;38;2;49;54;149m    [INFO][0m - [38;2;116;173;209mfindobj_skymask.py:objs_in_slit:2102[0m - Fitting the traces
[1;38;2;253;174;97m [WARNING][0m - [38;2;116;173;209mpolyutils.py:_fit:662[0m - RankWarning: The fit may be poorly conditioned
[1;38;2;49;54;149m    [INFO][0m - [38;2;116;173;209mfindobj_skymask.py:objs_in_slit:2254[0m - Successfully traced a total of 1 objects
[1;38;2;49;54;149m    [INFO][0m - [38;2;116;173;209mfind_objects.py:find_objects_pypeline:788[0m - Finding objects on slit # 1312
[1;38;2;49;54;149m    [INFO][0m - [38;2;116;173;209mfindobj_skymask.py:objs_in_slit:2073[0m - Using slit edges as crutch for object tracing
[1;38;2;49;54;149m    [INFO][0m - [38;2;116;173;209mfindobj_skymask.py:objs_in_slit:2098[0m - Automatic finding routine found 1 objects
[1;38;2;49;54;149m    [INFO][0m - [38;2;116;173;209mfindobj_skymask.py:objs_in_slit:2102[0m - Fitting the traces
[1;38;2;253;174;97m [WARNING][0m - [38;2;116;173;209mpolyutils.py:_fit:662[0m - RankWarning: The fit may be poorly conditioned
[1;38;2;49;54;149m    [INFO][0m - [38;2;116;173;209mfindobj_skymask.py:objs_in_slit:2254[0m - Successfully traced a total of 1 objects
[1;38;2;49;54;149m    [INFO][0m - [38;2;116;173;209mfind_objects.py:find_objects_pypeline:788[0m - Finding objects on slit # 1386
[1;38;2;49;54;149m    [INFO][0m - [38;2;116;173;209mfindobj_skymask.py:objs_in_slit:2073[0m - Using slit edges as crutch for object tracing
[1;38;2;49;54;149m    [INFO][0m - [38;2;116;173;209mfindobj_skymask.py:objs_in_slit:2098[0m - Automatic finding routine found 1 objects
[1;38;2;49;54;149m    [INFO][0m - [38;2;116;173;209mfindobj_skymask.py:objs_in_slit:2102[0m - Fitting the traces
[1;38;2;253;174;97m [WARNING][0m - [38;2;116;173;209mpolyutils.py:_fit:662[0m - RankWarning: The fit may be poorly conditioned
[1;38;2;49;54;149m    [INFO][0m - [38;2;116;173;209mfindobj_skymask.py:objs_in_slit:2254[0m - Successfully traced a total of 1 objects
[1;38;2;49;54;149m    [INFO][0m - [38;2;116;173;209mfind_objects.py:find_objects_pypeline:788[0m - Finding objects on slit # 1459
[1;38;2;49;54;149m    [INFO][0m - [38;2;116;173;209mfindobj_skymask.py:objs_in_slit:2073[0m - Using slit edges as crutch for object tracing
[1;38;2;49;54;149m    [INFO][0m - [38;2;116;173;209mfindobj_skymask.py:objs_in_slit:2098[0m - Automatic finding routine found 1 objects
[1;38;2;49;54;149m    [INFO][0m - [38;2;116;173;209mfindobj_skymask.py:objs_in_slit:2102[0m - Fitting the traces
[1;38;2;253;174;97m [WARNING][0m - [38;2;116;173;209mpolyutils.py:_fit:662[0m - RankWarning: The fit may be poorly conditioned
[1;38;2;49;54;149m    [INFO][0m - [38;2;116;173;209mfindobj_skymask.py:objs_in_slit:2254[0m - Successfully traced a total of 1 objects
[1;38;2;49;54;149m    [INFO][0m - [38;2;116;173;209mfind_objects.py:find_objects_pypeline:788[0m - Finding objects on slit # 1534
[1;38;2;49;54;149m    [INFO][0m - [38;2;116;173;209mfindobj_skymask.py:objs_in_slit:2095[0m - No objects found automatically.  Consider manual extraction.
[1;38;2;49;54;149m    [INFO][0m - [38;2;116;173;209mfind_objects.py:find_objects_pypeline:788[0m - Finding objects on slit # 1608
[1;38;2;49;54;149m    [INFO][0m - [38;2;116;173;209mfindobj_skymask.py:objs_in_slit:2095[0m - No objects found automatically.  Consider manual extraction.
[1;38;2;49;54;149m    [INFO][0m - [38;2;116;173;209mfind_objects.py:find_objects_pypeline:788[0m - Finding objects on slit # 1683
[1;38;2;49;54;149m    [INFO][0m - [38;2;116;173;209mfindobj_skymask.py:objs_in_slit:2095[0m - No objects found automatically.  Consider manual extraction.
[1;38;2;49;54;149m    [INFO][0m - [38;2;116;173;209mfind_objects.py:find_objects_pypeline:788[0m - Finding objects on slit # 1758
[1;38;2;49;54;149m    [INFO][0m - [38;2;116;173;209mfindobj_skymask.py:objs_in_slit:2095[0m - No objects found automatically.  Consider manual extraction.
[1;38;2;49;54;149m    [INFO][0m - [38;2;116;173;209mfind_objects.py:find_objects_pypeline:788[0m - Finding objects on slit # 1837
[1;38;2;49;54;149m    [INFO][0m - [38;2;116;173;209mfindobj_skymask.py:objs_in_slit:2095[0m - No objects found automatically.  Consider manual extraction.
[1;38;2;49;54;149m    [INFO][0m - [38;2;116;173;209mfind_objects.py:find_objects_pypeline:788[0m - Finding objects on slit # 1914
[1;38;2;49;54;149m    [INFO][0m - [38;2;116;173;209mfindobj_skymask.py:objs_in_slit:2095[0m - No objects found automatically.  Consider manual extraction.
[1;38;2;49;54;149m    [INFO][0m - [38;2;116;173;209mfind_objects.py:find_objects_pypeline:788[0m - Finding objects on slit # 1996
[1;38;2;49;54;149m    [INFO][0m - [38;2;116;173;209mfindobj_skymask.py:objs_in_slit:2095[0m - No objects found automatically.  Consider manual extraction.
[1;38;2;49;54;149m    [INFO][0m - [38;2;116;173;209mfind_objects.py:run:373[0m - Either no objects were found or a user-provided sky mask was used.  Skipping second pass of sky-subtraction and object finding.
[1;38;2;49;54;149m    [INFO][0m - [38;2;116;173;209mdatamodel.py:from_file:1558[0m - Loading BiasImage from /Users/kaiwenzhang/PycharmProjects/KCWI/KCWI_RED_channel_characterization/RM1 pypeit run/2024-03-15/pypeit_run/keck_kcrm_B/Calibrations/Bias_B_1_DET01.fits
[1;38;2;253;174;97m [WARNING][0m - [38;2;116;173;209mcalibrations.py:get_dark:606[0m - No raw dark frames found and unable to identify a relevant processed calibration frame.  Continuing...
[1;38;2;49;54;149m    [INFO][0m - [38;2;116;173;209mkeck_kcwi.py:get_rawimage:1426[0m - Reading KCWI file: /Users/kaiwenzhang/PycharmProjects/KCWI/KCWI_RED_channel_characterization/fits/by_night/RM1/2024-03-15/KR.20240316.44393.84.fits
[1;38;2;49;54;149m    [INFO][0m - [38;2;116;173;209mdatamodel.py:from_file:1558[0m - Loading ArcImage from /Users/kaiwenzhang/PycharmProjects/KCWI/KCWI_RED_channel_characterization/RM1 pypeit run/2024-03-15/pypeit_run/keck_kcrm_B/Calibrations/Arc_B_1_DET01.fits
[1;38;2;49;54;149m    [INFO][0m - [38;2;116;173;209mdatamodel.py:from_file:1558[0m - Loading TiltImage from /Users/kaiwenzhang/PycharmProjects/KCWI/KCWI_RED_channel_characterization/RM1 pypeit run/2024-03-15/pypeit_run/keck_kcrm_B/Calibrations/Tiltimg_B_1_DET01.fits
[1;38;2;49;54;149m    [INFO][0m - [38;2;116;173;209mdatamodel.py:from_file:1558[0m - Loading SlitTraceSet from /Users/kaiwenzhang/PycharmProjects/KCWI/KCWI_RED_channel_characterization/RM1 pypeit run/2024-03-15/pypeit_run/keck_kcrm_B/Calibrations/Slits_B_1_DET01.fits.gz
[1;38;2;49;54;149m    [INFO][0m - [38;2;116;173;209mdatamodel.py:from_file:1558[0m - Loading WaveCalib from /Users/kaiwenzhang/PycharmProjects/KCWI/KCWI_RED_channel_characterization/RM1 pypeit run/2024-03-15/pypeit_run/keck_kcrm_B/Calibrations/WaveCalib_B_1_DET01.fits
[1;38;2;49;54;149m    [INFO][0m - [38;2;116;173;209mdatamodel.py:from_file:1558[0m - Loading WaveTilts from /Users/kaiwenzhang/PycharmProjects/KCWI/KCWI_RED_channel_characterization/RM1 pypeit run/2024-03-15/pypeit_run/keck_kcrm_B/Calibrations/Tilts_B_1_DET01.fits
[1;38;2;49;54;149m    [INFO][0m - [38;2;116;173;209mdatamodel.py:from_file:1558[0m - Loading Alignments from /Users/kaiwenzhang/PycharmProjects/KCWI/KCWI_RED_channel_characterization/RM1 pypeit run/2024-03-15/pypeit_run/keck_kcrm_B/Calibrations/Alignment_B_1_DET01.fits
[1;38;2;49;54;149m    [INFO][0m - [38;2;116;173;209mdatamodel.py:from_file:1558[0m - Loading ScatteredLight from /Users/kaiwenzhang/PycharmProjects/KCWI/KCWI_RED_channel_characterization/RM1 pypeit run/2024-03-15/pypeit_run/keck_kcrm_B/Calibrations/ScatteredLight_B_1_DET01.fits.gz
[1;38;2;49;54;149m    [INFO][0m - [38;2;116;173;209mdatamodel.py:from_file:1558[0m - Loading FlatImages from /Users/kaiwenzhang/PycharmProjects/KCWI/KCWI_RED_channel_characterization/RM1 pypeit run/2024-03-15/pypeit_run/keck_kcrm_B/Calibrations/Flat_B_1_DET01.fits
[1;38;2;49;54;149m    [INFO][0m - [38;2;116;173;209mcalibrations.py:run_the_steps:1459[0m - Calibration complete and/or fully loaded!
[1;38;2;49;54;149m    [INFO][0m - [38;2;116;173;209mcalibrations.py:run_the_steps:1460[0m - #######################################################################
[1;38;2;49;54;149m    [INFO][0m - [38;2;116;173;209mpypeit_steps.py:extract_det:732[0m - Extraction skipped for KR.20240316.44393.84-feige34_KCRM_20240316T121953.875 on det=1
[1;38;2;49;54;149m    [INFO][0m - [38;2;116;173;209mwavetilts.py:fit2tiltimg:143[0m - Generating a tilts image from the fit parameters
[1;38;2;49;54;149m    [INFO][0m - [38;2;116;173;209mpypeit_steps.py:refframe_correct:906[0m - Performing a heliocentric correction
[1;38;2;49;54;149m    [INFO][0m - [38;2;116;173;209mpypeit_steps.py:refframe_correct:915[0m - Applying heliocentric correction = -13.49834 km/s
WARNING: Format d cannot be mapped to the accepted TDISPn keyword values.  Format will not be moved into TDISPn keyword. [astropy.io.fits.column]
WARNING: Format 0.1f cannot be mapped to the accepted TDISPn keyword values.  Format will not be moved into TDISPn keyword. [astropy.io.fits.column]
WARNING: Format 0.3f cannot be mapped to the accepted TDISPn keyword values.  Format will not be moved into TDISPn keyword. [astropy.io.fits.column]
[1;38;2;49;54;149m    [INFO][0m - [38;2;116;173;209mspec2dobj.py:write_to_fits:721[0m - Wrote: /Users/kaiwenzhang/PycharmProjects/KCWI/KCWI_RED_channel_characterization/RM1 pypeit run/2024-03-15/pypeit_run/keck_kcrm_B/Science/spec2d_KR.20240316.44393.84-feige34_KCRM_20240316T121953.875.fits
[1;38;2;49;54;149m    [INFO][0m - [38;2;116;173;209mexposure.py:reduce_exposure:406[0m - Reducing target feige34
Combining frames:
KR.20240316.44594.78.fits

[1;38;2;49;54;149m    [INFO][0m - [38;2;116;173;209mexposure.py:reduce_exposure:417[0m - Detectors to work on: [1]
[1;38;2;49;54;149m    [INFO][0m - [38;2;116;173;209mexposure.py:reduce_exposure:422[0m - Calibrating detector 1
[1;38;2;49;54;149m    [INFO][0m - [38;2;116;173;209mpypeit_steps.py:calib_one:173[0m - Building/loading calibrations for detector 1
[1;38;2;49;54;149m    [INFO][0m - [38;2;116;173;209mdatamodel.py:from_file:1558[0m - Loading BiasImage from /Users/kaiwenzhang/PycharmProjects/KCWI/KCWI_RED_channel_characterization/RM1 pypeit run/2024-03-15/pypeit_run/keck_kcrm_B/Calibrations/Bias_B_1_DET01.fits
[1;38;2;253;174;97m [WARNING][0m - [38;2;116;173;209mcalibrations.py:get_dark:606[0m - No raw dark frames found and unable to identify a relevant processed calibration frame.  Continuing...
[1;38;2;49;54;149m    [INFO][0m - [38;2;116;173;209mkeck_kcwi.py:get_rawimage:1426[0m - Reading KCWI file: /Users/kaiwenzhang/PycharmProjects/KCWI/KCWI_RED_channel_characterization/fits/by_night/RM1/2024-03-15/KR.20240316.08992.59.fits
[1;38;2;253;174;97m [WARNING][0m - [38;2;116;173;209mkeck_kcwi.py:bpm:820[0m - KCRM bad pixel mask is not available for ampmode=L2U2L1U1 binning=2,2
[1;38;2;49;54;149m    [INFO][0m - [38;2;116;173;209mdatamodel.py:from_file:1558[0m - Loading ArcImage from /Users/kaiwenzhang/PycharmProjects/KCWI/KCWI_RED_channel_characterization/RM1 pypeit run/2024-03-15/pypeit_run/keck_kcrm_B/Calibrations/Arc_B_1_DET01.fits
[1;38;2;49;54;149m    [INFO][0m - [38;2;116;173;209mdatamodel.py:from_file:1558[0m - Loading TiltImage from /Users/kaiwenzhang/PycharmProjects/KCWI/KCWI_RED_channel_characterization/RM1 pypeit run/2024-03-15/pypeit_run/keck_kcrm_B/Calibrations/Tiltimg_B_1_DET01.fits
[1;38;2;49;54;149m    [INFO][0m - [38;2;116;173;209mdatamodel.py:from_file:1558[0m - Loading SlitTraceSet from /Users/kaiwenzhang/PycharmProjects/KCWI/KCWI_RED_channel_characterization/RM1 pypeit run/2024-03-15/pypeit_run/keck_kcrm_B/Calibrations/Slits_B_1_DET01.fits.gz
[1;38;2;49;54;149m    [INFO][0m - [38;2;116;173;209mdatamodel.py:from_file:1558[0m - Loading WaveCalib from /Users/kaiwenzhang/PycharmProjects/KCWI/KCWI_RED_channel_characterization/RM1 pypeit run/2024-03-15/pypeit_run/keck_kcrm_B/Calibrations/WaveCalib_B_1_DET01.fits
[1;38;2;49;54;149m    [INFO][0m - [38;2;116;173;209mdatamodel.py:from_file:1558[0m - Loading WaveTilts from /Users/kaiwenzhang/PycharmProjects/KCWI/KCWI_RED_channel_characterization/RM1 pypeit run/2024-03-15/pypeit_run/keck_kcrm_B/Calibrations/Tilts_B_1_DET01.fits
[1;38;2;49;54;149m    [INFO][0m - [38;2;116;173;209mdatamodel.py:from_file:1558[0m - Loading Alignments from /Users/kaiwenzhang/PycharmProjects/KCWI/KCWI_RED_channel_characterization/RM1 pypeit run/2024-03-15/pypeit_run/keck_kcrm_B/Calibrations/Alignment_B_1_DET01.fits
[1;38;2;49;54;149m    [INFO][0m - [38;2;116;173;209mdatamodel.py:from_file:1558[0m - Loading ScatteredLight from /Users/kaiwenzhang/PycharmProjects/KCWI/KCWI_RED_channel_characterization/RM1 pypeit run/2024-03-15/pypeit_run/keck_kcrm_B/Calibrations/ScatteredLight_B_1_DET01.fits.gz
[1;38;2;49;54;149m    [INFO][0m - [38;2;116;173;209mdatamodel.py:from_file:1558[0m - Loading FlatImages from /Users/kaiwenzhang/PycharmProjects/KCWI/KCWI_RED_channel_characterization/RM1 pypeit run/2024-03-15/pypeit_run/keck_kcrm_B/Calibrations/Flat_B_1_DET01.fits
[1;38;2;49;54;149m    [INFO][0m - [38;2;116;173;209mcalibrations.py:run_the_steps:1459[0m - Calibration complete and/or fully loaded!
[1;38;2;49;54;149m    [INFO][0m - [38;2;116;173;209mcalibrations.py:run_the_steps:1460[0m - #######################################################################
[1;38;2;49;54;149m    [INFO][0m - [38;2;116;173;209mexposure.py:process_exposure:126[0m - Reducing detector 1
[1;38;2;49;54;149m    [INFO][0m - [38;2;116;173;209mdatamodel.py:from_file:1558[0m - Loading BiasImage from /Users/kaiwenzhang/PycharmProjects/KCWI/KCWI_RED_channel_characterization/RM1 pypeit run/2024-03-15/pypeit_run/keck_kcrm_B/Calibrations/Bias_B_1_DET01.fits
[1;38;2;253;174;97m [WARNING][0m - [38;2;116;173;209mcalibrations.py:get_dark:606[0m - No raw dark frames found and unable to identify a relevant processed calibration frame.  Continuing...
[1;38;2;49;54;149m    [INFO][0m - [38;2;116;173;209mkeck_kcwi.py:get_rawimage:1426[0m - Reading KCWI file: /Users/kaiwenzhang/PycharmProjects/KCWI/KCWI_RED_channel_characterization/fits/by_night/RM1/2024-03-15/KR.20240316.44594.78.fits
[1;38;2;49;54;149m    [INFO][0m - [38;2;116;173;209mdatamodel.py:from_file:1558[0m - Loading ArcImage from /Users/kaiwenzhang/PycharmProjects/KCWI/KCWI_RED_channel_characterization/RM1 pypeit run/2024-03-15/pypeit_run/keck_kcrm_B/Calibrations/Arc_B_1_DET01.fits
[1;38;2;49;54;149m    [INFO][0m - [38;2;116;173;209mdatamodel.py:from_file:1558[0m - Loading TiltImage from /Users/kaiwenzhang/PycharmProjects/KCWI/KCWI_RED_channel_characterization/RM1 pypeit run/2024-03-15/pypeit_run/keck_kcrm_B/Calibrations/Tiltimg_B_1_DET01.fits
[1;38;2;49;54;149m    [INFO][0m - [38;2;116;173;209mdatamodel.py:from_file:1558[0m - Loading SlitTraceSet from /Users/kaiwenzhang/PycharmProjects/KCWI/KCWI_RED_channel_characterization/RM1 pypeit run/2024-03-15/pypeit_run/keck_kcrm_B/Calibrations/Slits_B_1_DET01.fits.gz
[1;38;2;49;54;149m    [INFO][0m - [38;2;116;173;209mdatamodel.py:from_file:1558[0m - Loading WaveCalib from /Users/kaiwenzhang/PycharmProjects/KCWI/KCWI_RED_channel_characterization/RM1 pypeit run/2024-03-15/pypeit_run/keck_kcrm_B/Calibrations/WaveCalib_B_1_DET01.fits
[1;38;2;49;54;149m    [INFO][0m - [38;2;116;173;209mdatamodel.py:from_file:1558[0m - Loading WaveTilts from /Users/kaiwenzhang/PycharmProjects/KCWI/KCWI_RED_channel_characterization/RM1 pypeit run/2024-03-15/pypeit_run/keck_kcrm_B/Calibrations/Tilts_B_1_DET01.fits
[1;38;2;49;54;149m    [INFO][0m - [38;2;116;173;209mdatamodel.py:from_file:1558[0m - Loading Alignments from /Users/kaiwenzhang/PycharmProjects/KCWI/KCWI_RED_channel_characterization/RM1 pypeit run/2024-03-15/pypeit_run/keck_kcrm_B/Calibrations/Alignment_B_1_DET01.fits
[1;38;2;49;54;149m    [INFO][0m - [38;2;116;173;209mdatamodel.py:from_file:1558[0m - Loading ScatteredLight from /Users/kaiwenzhang/PycharmProjects/KCWI/KCWI_RED_channel_characterization/RM1 pypeit run/2024-03-15/pypeit_run/keck_kcrm_B/Calibrations/ScatteredLight_B_1_DET01.fits.gz
[1;38;2;49;54;149m    [INFO][0m - [38;2;116;173;209mdatamodel.py:from_file:1558[0m - Loading FlatImages from /Users/kaiwenzhang/PycharmProjects/KCWI/KCWI_RED_channel_characterization/RM1 pypeit run/2024-03-15/pypeit_run/keck_kcrm_B/Calibrations/Flat_B_1_DET01.fits
[1;38;2;49;54;149m    [INFO][0m - [38;2;116;173;209mcalibrations.py:run_the_steps:1459[0m - Calibration complete and/or fully loaded!
[1;38;2;49;54;149m    [INFO][0m - [38;2;116;173;209mcalibrations.py:run_the_steps:1460[0m - #######################################################################
[1;38;2;49;54;149m    [INFO][0m - [38;2;116;173;209mpypeit_steps.py:process_one_det:260[0m - Image processing begins for KR.20240316.44594.78-feige34_KCRM_20240316T122314.755 on det=1
[1;38;2;49;54;149m    [INFO][0m - [38;2;116;173;209mkeck_kcwi.py:get_rawimage:1426[0m - Reading KCWI file: /Users/kaiwenzhang/PycharmProjects/KCWI/KCWI_RED_channel_characterization/fits/by_night/RM1/2024-03-15/KR.20240316.44594.78.fits
[1;38;2;49;54;149m    [INFO][0m - [38;2;116;173;209mrawimage.py:process:564[0m - Performing basic image processing on KR.20240316.44594.78.fits.
[1;38;2;49;54;149m    [INFO][0m - [38;2;116;173;209mrawimage.py:estimate_readnoise:359[0m - Estimated readnoise of amplifier 1 = 3.798 e-
[1;38;2;49;54;149m    [INFO][0m - [38;2;116;173;209mrawimage.py:estimate_readnoise:359[0m - Estimated readnoise of amplifier 2 = 3.788 e-
[1;38;2;49;54;149m    [INFO][0m - [38;2;116;173;209mprocimg.py:lacosmic:170[0m - Detecting cosmic rays with the L.A.Cosmic algorithm
[1;38;2;49;54;149m    [INFO][0m - [38;2;116;173;209mprocimg.py:lacosmic:218[0m - Convolving image with Laplacian kernel
[1;38;2;49;54;149m    [INFO][0m - [38;2;116;173;209mprocimg.py:lacosmic:229[0m - Found 6163 candidate cosmic-ray pixels
[1;38;2;49;54;149m    [INFO][0m - [38;2;116;173;209mprocimg.py:lacosmic:235[0m - Reduced to 6163 candidates after excluding known bad pixels.
[1;38;2;49;54;149m    [INFO][0m - [38;2;116;173;209mprocimg.py:lacosmic:246[0m - Reduced to 2814 candidates after excluding compact objects.
[1;38;2;49;54;149m    [INFO][0m - [38;2;116;173;209mprocimg.py:lacosmic:250[0m - Finding neighboring pixels affected by cosmic rays
[1;38;2;49;54;149m    [INFO][0m - [38;2;116;173;209mprocimg.py:lacosmic:260[0m - Changed to 7740 candidates after evaluating neighboring pixels.
[1;38;2;49;54;149m    [INFO][0m - [38;2;116;173;209mprocimg.py:lacosmic:266[0m - Reduced to 7740 candidates after excluding known bad pixels.
[1;38;2;49;54;149m    [INFO][0m - [38;2;116;173;209mprocimg.py:lacosmic:271[0m - Iteration 1: 7740 pixels identified as cosmic rays (7740 are new)
[1;38;2;49;54;149m    [INFO][0m - [38;2;116;173;209mprocimg.py:lacosmic:300[0m - 7661 pixels identified as cosmic rays after removing false positives
[1;38;2;49;54;149m    [INFO][0m - [38;2;116;173;209mpypeit_steps.py:findobj_on_det:381[0m - Object finding begins for KR.20240316.44594.78-feige34_KCRM_20240316T122314.755 on det=1
[1;38;2;49;54;149m    [INFO][0m - [38;2;116;173;209mdatamodel.py:from_file:1558[0m - Loading BiasImage from /Users/kaiwenzhang/PycharmProjects/KCWI/KCWI_RED_channel_characterization/RM1 pypeit run/2024-03-15/pypeit_run/keck_kcrm_B/Calibrations/Bias_B_1_DET01.fits
[1;38;2;253;174;97m [WARNING][0m - [38;2;116;173;209mcalibrations.py:get_dark:606[0m - No raw dark frames found and unable to identify a relevant processed calibration frame.  Continuing...
[1;38;2;49;54;149m    [INFO][0m - [38;2;116;173;209mkeck_kcwi.py:get_rawimage:1426[0m - Reading KCWI file: /Users/kaiwenzhang/PycharmProjects/KCWI/KCWI_RED_channel_characterization/fits/by_night/RM1/2024-03-15/KR.20240316.44594.78.fits
[1;38;2;49;54;149m    [INFO][0m - [38;2;116;173;209mdatamodel.py:from_file:1558[0m - Loading ArcImage from /Users/kaiwenzhang/PycharmProjects/KCWI/KCWI_RED_channel_characterization/RM1 pypeit run/2024-03-15/pypeit_run/keck_kcrm_B/Calibrations/Arc_B_1_DET01.fits
[1;38;2;49;54;149m    [INFO][0m - [38;2;116;173;209mdatamodel.py:from_file:1558[0m - Loading TiltImage from /Users/kaiwenzhang/PycharmProjects/KCWI/KCWI_RED_channel_characterization/RM1 pypeit run/2024-03-15/pypeit_run/keck_kcrm_B/Calibrations/Tiltimg_B_1_DET01.fits
[1;38;2;49;54;149m    [INFO][0m - [38;2;116;173;209mdatamodel.py:from_file:1558[0m - Loading SlitTraceSet from /Users/kaiwenzhang/PycharmProjects/KCWI/KCWI_RED_channel_characterization/RM1 pypeit run/2024-03-15/pypeit_run/keck_kcrm_B/Calibrations/Slits_B_1_DET01.fits.gz
[1;38;2;49;54;149m    [INFO][0m - [38;2;116;173;209mdatamodel.py:from_file:1558[0m - Loading WaveCalib from /Users/kaiwenzhang/PycharmProjects/KCWI/KCWI_RED_channel_characterization/RM1 pypeit run/2024-03-15/pypeit_run/keck_kcrm_B/Calibrations/WaveCalib_B_1_DET01.fits
[1;38;2;49;54;149m    [INFO][0m - [38;2;116;173;209mdatamodel.py:from_file:1558[0m - Loading WaveTilts from /Users/kaiwenzhang/PycharmProjects/KCWI/KCWI_RED_channel_characterization/RM1 pypeit run/2024-03-15/pypeit_run/keck_kcrm_B/Calibrations/Tilts_B_1_DET01.fits
[1;38;2;49;54;149m    [INFO][0m - [38;2;116;173;209mdatamodel.py:from_file:1558[0m - Loading Alignments from /Users/kaiwenzhang/PycharmProjects/KCWI/KCWI_RED_channel_characterization/RM1 pypeit run/2024-03-15/pypeit_run/keck_kcrm_B/Calibrations/Alignment_B_1_DET01.fits
[1;38;2;49;54;149m    [INFO][0m - [38;2;116;173;209mdatamodel.py:from_file:1558[0m - Loading ScatteredLight from /Users/kaiwenzhang/PycharmProjects/KCWI/KCWI_RED_channel_characterization/RM1 pypeit run/2024-03-15/pypeit_run/keck_kcrm_B/Calibrations/ScatteredLight_B_1_DET01.fits.gz
[1;38;2;49;54;149m    [INFO][0m - [38;2;116;173;209mdatamodel.py:from_file:1558[0m - Loading FlatImages from /Users/kaiwenzhang/PycharmProjects/KCWI/KCWI_RED_channel_characterization/RM1 pypeit run/2024-03-15/pypeit_run/keck_kcrm_B/Calibrations/Flat_B_1_DET01.fits
[1;38;2;49;54;149m    [INFO][0m - [38;2;116;173;209mcalibrations.py:run_the_steps:1459[0m - Calibration complete and/or fully loaded!
[1;38;2;49;54;149m    [INFO][0m - [38;2;116;173;209mcalibrations.py:run_the_steps:1460[0m - #######################################################################
[1;38;2;49;54;149m    [INFO][0m - [38;2;116;173;209mpypeit_steps.py:findobj_on_det:387[0m - Reducing detector 1
[1;38;2;49;54;149m    [INFO][0m - [38;2;116;173;209mpypeit_steps.py:load_skyregions:606[0m - Generating skysub mask based on the user defined regions: :36,65:
[1;38;2;49;54;149m    [INFO][0m - [38;2;116;173;209mfind_objects.py:__init__:164[0m - Initializing slits
[1;38;2;49;54;149m    [INFO][0m - [38;2;116;173;209mfind_objects.py:__init__:232[0m - Generating tilts image from fit in waveTilts
[1;38;2;49;54;149m    [INFO][0m - [38;2;116;173;209mwavetilts.py:fit2tiltimg:143[0m - Generating a tilts image from the fit parameters
[1;38;2;49;54;149m    [INFO][0m - [38;2;116;173;209mfind_objects.py:global_skysub:583[0m - Global sky subtraction for slit: 61
[1;38;2;49;54;149m    [INFO][0m - [38;2;116;173;209mskysub.py:global_skysub:195[0m - Full fit in global sky sub.
[1;38;2;49;54;149m    [INFO][0m - [38;2;116;173;209mfitting.py:bspline_profile:1156[0m - B-spline fit:
[1;38;2;49;54;149m    [INFO][0m - [38;2;116;173;209mfitting.py:bspline_profile:1157[0m -     npoly = 2 profile basis functions
[1;38;2;49;54;149m    [INFO][0m - [38;2;116;173;209mfitting.py:bspline_profile:1158[0m -     ngood = 89337/144189 measurements
[1;38;2;49;54;149m    [INFO][0m - [38;2;116;173;209mfitting.py:bspline_profile:1159[0m - ***************** Iter     Chi^2    N Rej  R. Fac *****************
[1;38;2;49;54;149m    [INFO][0m - [38;2;116;173;209mfitting.py:bspline_profile:1163[0m -                   ----  --------  -------  ------                  
[1;38;2;49;54;149m    [INFO][0m - [38;2;116;173;209mfitting.py:bspline_profile:1257[0m -                      1     1.028    54991    1.00                  
[1;38;2;49;54;149m    [INFO][0m - [38;2;116;173;209mfitting.py:bspline_profile:1257[0m -                      2     0.998    54994    1.00                  
[1;38;2;49;54;149m    [INFO][0m - [38;2;116;173;209mfitting.py:bspline_profile:1257[0m -                      3     0.998    54994    1.00                  
[1;38;2;49;54;149m    [INFO][0m - [38;2;116;173;209mfitting.py:bspline_profile:1272[0m -                   DONE     0.998    54994    1.00                  
[1;38;2;49;54;149m    [INFO][0m - [38;2;116;173;209mfitting.py:bspline_profile:1275[0m - *******************************************************************
[1;38;2;49;54;149m    [INFO][0m - [38;2;116;173;209mfind_objects.py:global_skysub:583[0m - Global sky subtraction for slit: 142
[1;38;2;49;54;149m    [INFO][0m - [38;2;116;173;209mskysub.py:global_skysub:195[0m - Full fit in global sky sub.
[1;38;2;49;54;149m    [INFO][0m - [38;2;116;173;209mfitting.py:bspline_profile:1156[0m - B-spline fit:
[1;38;2;49;54;149m    [INFO][0m - [38;2;116;173;209mfitting.py:bspline_profile:1157[0m -     npoly = 2 profile basis functions
[1;38;2;49;54;149m    [INFO][0m - [38;2;116;173;209mfitting.py:bspline_profile:1158[0m -     ngood = 89822/144419 measurements
[1;38;2;49;54;149m    [INFO][0m - [38;2;116;173;209mfitting.py:bspline_profile:1159[0m - ***************** Iter     Chi^2    N Rej  R. Fac *****************
[1;38;2;49;54;149m    [INFO][0m - [38;2;116;173;209mfitting.py:bspline_profile:1163[0m -                   ----  --------  -------  ------                  
[1;38;2;49;54;149m    [INFO][0m - [38;2;116;173;209mfitting.py:bspline_profile:1257[0m -                      1     1.068    54759    1.00                  
[1;38;2;49;54;149m    [INFO][0m - [38;2;116;173;209mfitting.py:bspline_profile:1257[0m -                      2     0.982    54760    1.00                  
[1;38;2;49;54;149m    [INFO][0m - [38;2;116;173;209mfitting.py:bspline_profile:1257[0m -                      3     0.982    54760    1.00                  
[1;38;2;49;54;149m    [INFO][0m - [38;2;116;173;209mfitting.py:bspline_profile:1272[0m -                   DONE     0.982    54760    1.00                  
[1;38;2;49;54;149m    [INFO][0m - [38;2;116;173;209mfitting.py:bspline_profile:1275[0m - *******************************************************************
[1;38;2;49;54;149m    [INFO][0m - [38;2;116;173;209mfind_objects.py:global_skysub:583[0m - Global sky subtraction for slit: 217
[1;38;2;49;54;149m    [INFO][0m - [38;2;116;173;209mskysub.py:global_skysub:195[0m - Full fit in global sky sub.
[1;38;2;49;54;149m    [INFO][0m - [38;2;116;173;209mfitting.py:bspline_profile:1156[0m - B-spline fit:
[1;38;2;49;54;149m    [INFO][0m - [38;2;116;173;209mfitting.py:bspline_profile:1157[0m -     npoly = 2 profile basis functions
[1;38;2;49;54;149m    [INFO][0m - [38;2;116;173;209mfitting.py:bspline_profile:1158[0m -     ngood = 90316/144775 measurements
[1;38;2;49;54;149m    [INFO][0m - [38;2;116;173;209mfitting.py:bspline_profile:1159[0m - ***************** Iter     Chi^2    N Rej  R. Fac *****************
[1;38;2;49;54;149m    [INFO][0m - [38;2;116;173;209mfitting.py:bspline_profile:1163[0m -                   ----  --------  -------  ------                  
[1;38;2;49;54;149m    [INFO][0m - [38;2;116;173;209mfitting.py:bspline_profile:1257[0m -                      1     0.998    54580    1.00                  
[1;38;2;49;54;149m    [INFO][0m - [38;2;116;173;209mfitting.py:bspline_profile:1257[0m -                      2     0.980    54581    1.00                  
[1;38;2;49;54;149m    [INFO][0m - [38;2;116;173;209mfitting.py:bspline_profile:1257[0m -                      3     0.980    54581    1.00                  
[1;38;2;49;54;149m    [INFO][0m - [38;2;116;173;209mfitting.py:bspline_profile:1272[0m -                   DONE     0.980    54581    1.00                  
[1;38;2;49;54;149m    [INFO][0m - [38;2;116;173;209mfitting.py:bspline_profile:1275[0m - *******************************************************************
[1;38;2;49;54;149m    [INFO][0m - [38;2;116;173;209mfind_objects.py:global_skysub:583[0m - Global sky subtraction for slit: 296
[1;38;2;49;54;149m    [INFO][0m - [38;2;116;173;209mskysub.py:global_skysub:195[0m - Full fit in global sky sub.
[1;38;2;49;54;149m    [INFO][0m - [38;2;116;173;209mfitting.py:bspline_profile:1156[0m - B-spline fit:
[1;38;2;49;54;149m    [INFO][0m - [38;2;116;173;209mfitting.py:bspline_profile:1157[0m -     npoly = 2 profile basis functions
[1;38;2;49;54;149m    [INFO][0m - [38;2;116;173;209mfitting.py:bspline_profile:1158[0m -     ngood = 89991/144591 measurements
[1;38;2;49;54;149m    [INFO][0m - [38;2;116;173;209mfitting.py:bspline_profile:1159[0m - ***************** Iter     Chi^2    N Rej  R. Fac *****************
[1;38;2;49;54;149m    [INFO][0m - [38;2;116;173;209mfitting.py:bspline_profile:1163[0m -                   ----  --------  -------  ------                  
[1;38;2;49;54;149m    [INFO][0m - [38;2;116;173;209mfitting.py:bspline_profile:1257[0m -                      1     1.016    54720    1.00                  
[1;38;2;49;54;149m    [INFO][0m - [38;2;116;173;209mfitting.py:bspline_profile:1257[0m -                      2     0.999    54725    1.00                  
[1;38;2;49;54;149m    [INFO][0m - [38;2;116;173;209mfitting.py:bspline_profile:1257[0m -                      3     0.998    54725    1.00                  
[1;38;2;49;54;149m    [INFO][0m - [38;2;116;173;209mfitting.py:bspline_profile:1272[0m -                   DONE     0.998    54725    1.00                  
[1;38;2;49;54;149m    [INFO][0m - [38;2;116;173;209mfitting.py:bspline_profile:1275[0m - *******************************************************************
[1;38;2;49;54;149m    [INFO][0m - [38;2;116;173;209mfind_objects.py:global_skysub:583[0m - Global sky subtraction for slit: 370
[1;38;2;49;54;149m    [INFO][0m - [38;2;116;173;209mskysub.py:global_skysub:195[0m - Full fit in global sky sub.
[1;38;2;49;54;149m    [INFO][0m - [38;2;116;173;209mfitting.py:bspline_profile:1156[0m - B-spline fit:
[1;38;2;49;54;149m    [INFO][0m - [38;2;116;173;209mfitting.py:bspline_profile:1157[0m -     npoly = 2 profile basis functions
[1;38;2;49;54;149m    [INFO][0m - [38;2;116;173;209mfitting.py:bspline_profile:1158[0m -     ngood = 90068/144580 measurements
[1;38;2;49;54;149m    [INFO][0m - [38;2;116;173;209mfitting.py:bspline_profile:1159[0m - ***************** Iter     Chi^2    N Rej  R. Fac *****************
[1;38;2;49;54;149m    [INFO][0m - [38;2;116;173;209mfitting.py:bspline_profile:1163[0m -                   ----  --------  -------  ------                  
[1;38;2;49;54;149m    [INFO][0m - [38;2;116;173;209mfitting.py:bspline_profile:1257[0m -                      1     1.095    54653    1.00                  
[1;38;2;49;54;149m    [INFO][0m - [38;2;116;173;209mfitting.py:bspline_profile:1257[0m -                      2     0.986    54656    1.00                  
[1;38;2;49;54;149m    [INFO][0m - [38;2;116;173;209mfitting.py:bspline_profile:1257[0m -                      3     0.985    54656    1.00                  
[1;38;2;49;54;149m    [INFO][0m - [38;2;116;173;209mfitting.py:bspline_profile:1272[0m -                   DONE     0.985    54656    1.00                  
[1;38;2;49;54;149m    [INFO][0m - [38;2;116;173;209mfitting.py:bspline_profile:1275[0m - *******************************************************************
[1;38;2;49;54;149m    [INFO][0m - [38;2;116;173;209mfind_objects.py:global_skysub:583[0m - Global sky subtraction for slit: 445
[1;38;2;49;54;149m    [INFO][0m - [38;2;116;173;209mskysub.py:global_skysub:195[0m - Full fit in global sky sub.
[1;38;2;49;54;149m    [INFO][0m - [38;2;116;173;209mfitting.py:bspline_profile:1156[0m - B-spline fit:
[1;38;2;49;54;149m    [INFO][0m - [38;2;116;173;209mfitting.py:bspline_profile:1157[0m -     npoly = 2 profile basis functions
[1;38;2;49;54;149m    [INFO][0m - [38;2;116;173;209mfitting.py:bspline_profile:1158[0m -     ngood = 89904/144672 measurements
[1;38;2;49;54;149m    [INFO][0m - [38;2;116;173;209mfitting.py:bspline_profile:1159[0m - ***************** Iter     Chi^2    N Rej  R. Fac *****************
[1;38;2;49;54;149m    [INFO][0m - [38;2;116;173;209mfitting.py:bspline_profile:1163[0m -                   ----  --------  -------  ------                  
[1;38;2;49;54;149m    [INFO][0m - [38;2;116;173;209mfitting.py:bspline_profile:1257[0m -                      1     1.020    54915    1.00                  
[1;38;2;49;54;149m    [INFO][0m - [38;2;116;173;209mfitting.py:bspline_profile:1257[0m -                      2     0.975    54915    1.00                  
[1;38;2;49;54;149m    [INFO][0m - [38;2;116;173;209mfitting.py:bspline_profile:1272[0m -                   DONE     0.975    54915    1.00                  
[1;38;2;49;54;149m    [INFO][0m - [38;2;116;173;209mfitting.py:bspline_profile:1275[0m - *******************************************************************
[1;38;2;49;54;149m    [INFO][0m - [38;2;116;173;209mfind_objects.py:global_skysub:583[0m - Global sky subtraction for slit: 518
[1;38;2;49;54;149m    [INFO][0m - [38;2;116;173;209mskysub.py:global_skysub:195[0m - Full fit in global sky sub.
[1;38;2;49;54;149m    [INFO][0m - [38;2;116;173;209mfitting.py:bspline_profile:1156[0m - B-spline fit:
[1;38;2;49;54;149m    [INFO][0m - [38;2;116;173;209mfitting.py:bspline_profile:1157[0m -     npoly = 2 profile basis functions
[1;38;2;49;54;149m    [INFO][0m - [38;2;116;173;209mfitting.py:bspline_profile:1158[0m -     ngood = 90024/144509 measurements
[1;38;2;49;54;149m    [INFO][0m - [38;2;116;173;209mfitting.py:bspline_profile:1159[0m - ***************** Iter     Chi^2    N Rej  R. Fac *****************
[1;38;2;49;54;149m    [INFO][0m - [38;2;116;173;209mfitting.py:bspline_profile:1163[0m -                   ----  --------  -------  ------                  
[1;38;2;49;54;149m    [INFO][0m - [38;2;116;173;209mfitting.py:bspline_profile:1257[0m -                      1     1.186    54673    1.00                  
[1;38;2;49;54;149m    [INFO][0m - [38;2;116;173;209mfitting.py:bspline_profile:1257[0m -                      2     0.986    54674    1.00                  
[1;38;2;49;54;149m    [INFO][0m - [38;2;116;173;209mfitting.py:bspline_profile:1257[0m -                      3     0.986    54674    1.00                  
[1;38;2;49;54;149m    [INFO][0m - [38;2;116;173;209mfitting.py:bspline_profile:1272[0m -                   DONE     0.986    54674    1.00                  
[1;38;2;49;54;149m    [INFO][0m - [38;2;116;173;209mfitting.py:bspline_profile:1275[0m - *******************************************************************
[1;38;2;49;54;149m    [INFO][0m - [38;2;116;173;209mfind_objects.py:global_skysub:583[0m - Global sky subtraction for slit: 591
[1;38;2;49;54;149m    [INFO][0m - [38;2;116;173;209mskysub.py:global_skysub:195[0m - Full fit in global sky sub.
[1;38;2;49;54;149m    [INFO][0m - [38;2;116;173;209mfitting.py:bspline_profile:1156[0m - B-spline fit:
[1;38;2;49;54;149m    [INFO][0m - [38;2;116;173;209mfitting.py:bspline_profile:1157[0m -     npoly = 2 profile basis functions
[1;38;2;49;54;149m    [INFO][0m - [38;2;116;173;209mfitting.py:bspline_profile:1158[0m -     ngood = 89187/144791 measurements
[1;38;2;49;54;149m    [INFO][0m - [38;2;116;173;209mfitting.py:bspline_profile:1159[0m - ***************** Iter     Chi^2    N Rej  R. Fac *****************
[1;38;2;49;54;149m    [INFO][0m - [38;2;116;173;209mfitting.py:bspline_profile:1163[0m -                   ----  --------  -------  ------                  
[1;38;2;49;54;149m    [INFO][0m - [38;2;116;173;209mfitting.py:bspline_profile:1257[0m -                      1     1.324    55769    1.00                  
[1;38;2;49;54;149m    [INFO][0m - [38;2;116;173;209mfitting.py:bspline_profile:1257[0m -                      2     0.989    55770    1.00                  
[1;38;2;49;54;149m    [INFO][0m - [38;2;116;173;209mfitting.py:bspline_profile:1257[0m -                      3     0.989    55770    1.00                  
[1;38;2;49;54;149m    [INFO][0m - [38;2;116;173;209mfitting.py:bspline_profile:1272[0m -                   DONE     0.989    55770    1.00                  
[1;38;2;49;54;149m    [INFO][0m - [38;2;116;173;209mfitting.py:bspline_profile:1275[0m - *******************************************************************
[1;38;2;49;54;149m    [INFO][0m - [38;2;116;173;209mfind_objects.py:global_skysub:583[0m - Global sky subtraction for slit: 664
[1;38;2;49;54;149m    [INFO][0m - [38;2;116;173;209mskysub.py:global_skysub:195[0m - Full fit in global sky sub.
[1;38;2;49;54;149m    [INFO][0m - [38;2;116;173;209mfitting.py:bspline_profile:1156[0m - B-spline fit:
[1;38;2;49;54;149m    [INFO][0m - [38;2;116;173;209mfitting.py:bspline_profile:1157[0m -     npoly = 2 profile basis functions
[1;38;2;49;54;149m    [INFO][0m - [38;2;116;173;209mfitting.py:bspline_profile:1158[0m -     ngood = 89191/144778 measurements
[1;38;2;49;54;149m    [INFO][0m - [38;2;116;173;209mfitting.py:bspline_profile:1159[0m - ***************** Iter     Chi^2    N Rej  R. Fac *****************
[1;38;2;49;54;149m    [INFO][0m - [38;2;116;173;209mfitting.py:bspline_profile:1163[0m -                   ----  --------  -------  ------                  
[1;38;2;49;54;149m    [INFO][0m - [38;2;116;173;209mfitting.py:bspline_profile:1257[0m -                      1     1.362    55775    1.00                  
[1;38;2;49;54;149m    [INFO][0m - [38;2;116;173;209mfitting.py:bspline_profile:1257[0m -                      2     0.987    55778    1.00                  
[1;38;2;49;54;149m    [INFO][0m - [38;2;116;173;209mfitting.py:bspline_profile:1257[0m -                      3     0.987    55778    1.00                  
[1;38;2;49;54;149m    [INFO][0m - [38;2;116;173;209mfitting.py:bspline_profile:1272[0m -                   DONE     0.987    55778    1.00                  
[1;38;2;49;54;149m    [INFO][0m - [38;2;116;173;209mfitting.py:bspline_profile:1275[0m - *******************************************************************
[1;38;2;49;54;149m    [INFO][0m - [38;2;116;173;209mfind_objects.py:global_skysub:583[0m - Global sky subtraction for slit: 739
[1;38;2;49;54;149m    [INFO][0m - [38;2;116;173;209mskysub.py:global_skysub:195[0m - Full fit in global sky sub.
[1;38;2;49;54;149m    [INFO][0m - [38;2;116;173;209mfitting.py:bspline_profile:1156[0m - B-spline fit:
[1;38;2;49;54;149m    [INFO][0m - [38;2;116;173;209mfitting.py:bspline_profile:1157[0m -     npoly = 2 profile basis functions
[1;38;2;49;54;149m    [INFO][0m - [38;2;116;173;209mfitting.py:bspline_profile:1158[0m -     ngood = 89813/144884 measurements
[1;38;2;49;54;149m    [INFO][0m - [38;2;116;173;209mfitting.py:bspline_profile:1159[0m - ***************** Iter     Chi^2    N Rej  R. Fac *****************
[1;38;2;49;54;149m    [INFO][0m - [38;2;116;173;209mfitting.py:bspline_profile:1163[0m -                   ----  --------  -------  ------                  
[1;38;2;49;54;149m    [INFO][0m - [38;2;116;173;209mfitting.py:bspline_profile:1257[0m -                      1     1.044    55250    1.00                  
[1;38;2;49;54;149m    [INFO][0m - [38;2;116;173;209mfitting.py:bspline_profile:1257[0m -                      2     1.017    55252    1.00                  
[1;38;2;49;54;149m    [INFO][0m - [38;2;116;173;209mfitting.py:bspline_profile:1257[0m -                      3     1.017    55252    1.00                  
[1;38;2;49;54;149m    [INFO][0m - [38;2;116;173;209mfitting.py:bspline_profile:1272[0m -                   DONE     1.017    55252    1.00                  
[1;38;2;49;54;149m    [INFO][0m - [38;2;116;173;209mfitting.py:bspline_profile:1275[0m - *******************************************************************
[1;38;2;49;54;149m    [INFO][0m - [38;2;116;173;209mfind_objects.py:global_skysub:583[0m - Global sky subtraction for slit: 812
[1;38;2;49;54;149m    [INFO][0m - [38;2;116;173;209mskysub.py:global_skysub:195[0m - Full fit in global sky sub.
[1;38;2;49;54;149m    [INFO][0m - [38;2;116;173;209mfitting.py:bspline_profile:1156[0m - B-spline fit:
[1;38;2;49;54;149m    [INFO][0m - [38;2;116;173;209mfitting.py:bspline_profile:1157[0m -     npoly = 2 profile basis functions
[1;38;2;49;54;149m    [INFO][0m - [38;2;116;173;209mfitting.py:bspline_profile:1158[0m -     ngood = 89770/144693 measurements
[1;38;2;49;54;149m    [INFO][0m - [38;2;116;173;209mfitting.py:bspline_profile:1159[0m - ***************** Iter     Chi^2    N Rej  R. Fac *****************
[1;38;2;49;54;149m    [INFO][0m - [38;2;116;173;209mfitting.py:bspline_profile:1163[0m -                   ----  --------  -------  ------                  
[1;38;2;49;54;149m    [INFO][0m - [38;2;116;173;209mfitting.py:bspline_profile:1257[0m -                      1     1.452    55203    1.00                  
[1;38;2;49;54;149m    [INFO][0m - [38;2;116;173;209mfitting.py:bspline_profile:1257[0m -                      2     1.025    55219    1.00                  
[1;38;2;49;54;149m    [INFO][0m - [38;2;116;173;209mfitting.py:bspline_profile:1257[0m -                      3     1.023    55219    1.00                  
[1;38;2;49;54;149m    [INFO][0m - [38;2;116;173;209mfitting.py:bspline_profile:1272[0m -                   DONE     1.023    55219    1.00                  
[1;38;2;49;54;149m    [INFO][0m - [38;2;116;173;209mfitting.py:bspline_profile:1275[0m - *******************************************************************
[1;38;2;49;54;149m    [INFO][0m - [38;2;116;173;209mfind_objects.py:global_skysub:583[0m - Global sky subtraction for slit: 886
[1;38;2;49;54;149m    [INFO][0m - [38;2;116;173;209mskysub.py:global_skysub:195[0m - Full fit in global sky sub.
[1;38;2;49;54;149m    [INFO][0m - [38;2;116;173;209mfitting.py:bspline_profile:1156[0m - B-spline fit:
[1;38;2;49;54;149m    [INFO][0m - [38;2;116;173;209mfitting.py:bspline_profile:1157[0m -     npoly = 2 profile basis functions
[1;38;2;49;54;149m    [INFO][0m - [38;2;116;173;209mfitting.py:bspline_profile:1158[0m -     ngood = 89770/145125 measurements
[1;38;2;49;54;149m    [INFO][0m - [38;2;116;173;209mfitting.py:bspline_profile:1159[0m - ***************** Iter     Chi^2    N Rej  R. Fac *****************
[1;38;2;49;54;149m    [INFO][0m - [38;2;116;173;209mfitting.py:bspline_profile:1163[0m -                   ----  --------  -------  ------                  
[1;38;2;49;54;149m    [INFO][0m - [38;2;116;173;209mfitting.py:bspline_profile:1257[0m -                      1     1.399    56408    1.00                  
[1;38;2;49;54;149m    [INFO][0m - [38;2;116;173;209mfitting.py:bspline_profile:1257[0m -                      2     1.240    56469    1.00                  
[1;38;2;49;54;149m    [INFO][0m - [38;2;116;173;209mfitting.py:bspline_profile:1257[0m -                      3     1.232    56472    1.00                  
[1;38;2;49;54;149m    [INFO][0m - [38;2;116;173;209mfitting.py:bspline_profile:1257[0m -                      4     1.232    56472    1.00                  
[1;38;2;49;54;149m    [INFO][0m - [38;2;116;173;209mfitting.py:bspline_profile:1272[0m -                   DONE     1.232    56472    1.00                  
[1;38;2;49;54;149m    [INFO][0m - [38;2;116;173;209mfitting.py:bspline_profile:1275[0m - *******************************************************************
[1;38;2;49;54;149m    [INFO][0m - [38;2;116;173;209mfind_objects.py:global_skysub:583[0m - Global sky subtraction for slit: 1164
[1;38;2;49;54;149m    [INFO][0m - [38;2;116;173;209mskysub.py:global_skysub:195[0m - Full fit in global sky sub.
[1;38;2;49;54;149m    [INFO][0m - [38;2;116;173;209mfitting.py:bspline_profile:1156[0m - B-spline fit:
[1;38;2;49;54;149m    [INFO][0m - [38;2;116;173;209mfitting.py:bspline_profile:1157[0m -     npoly = 2 profile basis functions
[1;38;2;49;54;149m    [INFO][0m - [38;2;116;173;209mfitting.py:bspline_profile:1158[0m -     ngood = 90546/145334 measurements
[1;38;2;49;54;149m    [INFO][0m - [38;2;116;173;209mfitting.py:bspline_profile:1159[0m - ***************** Iter     Chi^2    N Rej  R. Fac *****************
[1;38;2;49;54;149m    [INFO][0m - [38;2;116;173;209mfitting.py:bspline_profile:1163[0m -                   ----  --------  -------  ------                  
[1;38;2;49;54;149m    [INFO][0m - [38;2;116;173;209mfitting.py:bspline_profile:1257[0m -                      1     1.486    56025    1.00                  
[1;38;2;49;54;149m    [INFO][0m - [38;2;116;173;209mfitting.py:bspline_profile:1257[0m -                      2     1.298    56111    1.00                  
[1;38;2;49;54;149m    [INFO][0m - [38;2;116;173;209mfitting.py:bspline_profile:1257[0m -                      3     1.287    56116    1.00                  
[1;38;2;49;54;149m    [INFO][0m - [38;2;116;173;209mfitting.py:bspline_profile:1257[0m -                      4     1.286    56116    1.00                  
[1;38;2;49;54;149m    [INFO][0m - [38;2;116;173;209mfitting.py:bspline_profile:1272[0m -                   DONE     1.286    56116    1.00                  
[1;38;2;49;54;149m    [INFO][0m - [38;2;116;173;209mfitting.py:bspline_profile:1275[0m - *******************************************************************
[1;38;2;49;54;149m    [INFO][0m - [38;2;116;173;209mfind_objects.py:global_skysub:583[0m - Global sky subtraction for slit: 1238
[1;38;2;49;54;149m    [INFO][0m - [38;2;116;173;209mskysub.py:global_skysub:195[0m - Full fit in global sky sub.
[1;38;2;49;54;149m    [INFO][0m - [38;2;116;173;209mfitting.py:bspline_profile:1156[0m - B-spline fit:
[1;38;2;49;54;149m    [INFO][0m - [38;2;116;173;209mfitting.py:bspline_profile:1157[0m -     npoly = 2 profile basis functions
[1;38;2;49;54;149m    [INFO][0m - [38;2;116;173;209mfitting.py:bspline_profile:1158[0m -     ngood = 90628/145426 measurements
[1;38;2;49;54;149m    [INFO][0m - [38;2;116;173;209mfitting.py:bspline_profile:1159[0m - ***************** Iter     Chi^2    N Rej  R. Fac *****************
[1;38;2;49;54;149m    [INFO][0m - [38;2;116;173;209mfitting.py:bspline_profile:1163[0m -                   ----  --------  -------  ------                  
[1;38;2;49;54;149m    [INFO][0m - [38;2;116;173;209mfitting.py:bspline_profile:1257[0m -                      1     1.121    55109    1.00                  
[1;38;2;49;54;149m    [INFO][0m - [38;2;116;173;209mfitting.py:bspline_profile:1257[0m -                      2     1.075    55120    1.00                  
[1;38;2;49;54;149m    [INFO][0m - [38;2;116;173;209mfitting.py:bspline_profile:1257[0m -                      3     1.073    55120    1.00                  
[1;38;2;49;54;149m    [INFO][0m - [38;2;116;173;209mfitting.py:bspline_profile:1272[0m -                   DONE     1.073    55120    1.00                  
[1;38;2;49;54;149m    [INFO][0m - [38;2;116;173;209mfitting.py:bspline_profile:1275[0m - *******************************************************************
[1;38;2;49;54;149m    [INFO][0m - [38;2;116;173;209mfind_objects.py:global_skysub:583[0m - Global sky subtraction for slit: 1312
[1;38;2;49;54;149m    [INFO][0m - [38;2;116;173;209mskysub.py:global_skysub:195[0m - Full fit in global sky sub.
[1;38;2;49;54;149m    [INFO][0m - [38;2;116;173;209mfitting.py:bspline_profile:1156[0m - B-spline fit:
[1;38;2;49;54;149m    [INFO][0m - [38;2;116;173;209mfitting.py:bspline_profile:1157[0m -     npoly = 2 profile basis functions
[1;38;2;49;54;149m    [INFO][0m - [38;2;116;173;209mfitting.py:bspline_profile:1158[0m -     ngood = 90925/145438 measurements
[1;38;2;49;54;149m    [INFO][0m - [38;2;116;173;209mfitting.py:bspline_profile:1159[0m - ***************** Iter     Chi^2    N Rej  R. Fac *****************
[1;38;2;49;54;149m    [INFO][0m - [38;2;116;173;209mfitting.py:bspline_profile:1163[0m -                   ----  --------  -------  ------                  
[1;38;2;49;54;149m    [INFO][0m - [38;2;116;173;209mfitting.py:bspline_profile:1257[0m -                      1     1.081    54753    1.00                  
[1;38;2;49;54;149m    [INFO][0m - [38;2;116;173;209mfitting.py:bspline_profile:1257[0m -                      2     1.046    54759    1.00                  
[1;38;2;49;54;149m    [INFO][0m - [38;2;116;173;209mfitting.py:bspline_profile:1257[0m -                      3     1.046    54760    1.00                  
[1;38;2;49;54;149m    [INFO][0m - [38;2;116;173;209mfitting.py:bspline_profile:1257[0m -                      4     1.045    54760    1.00                  
[1;38;2;49;54;149m    [INFO][0m - [38;2;116;173;209mfitting.py:bspline_profile:1272[0m -                   DONE     1.045    54760    1.00                  
[1;38;2;49;54;149m    [INFO][0m - [38;2;116;173;209mfitting.py:bspline_profile:1275[0m - *******************************************************************
[1;38;2;49;54;149m    [INFO][0m - [38;2;116;173;209mfind_objects.py:global_skysub:583[0m - Global sky subtraction for slit: 1386
[1;38;2;49;54;149m    [INFO][0m - [38;2;116;173;209mskysub.py:global_skysub:195[0m - Full fit in global sky sub.
[1;38;2;49;54;149m    [INFO][0m - [38;2;116;173;209mfitting.py:bspline_profile:1156[0m - B-spline fit:
[1;38;2;49;54;149m    [INFO][0m - [38;2;116;173;209mfitting.py:bspline_profile:1157[0m -     npoly = 2 profile basis functions
[1;38;2;49;54;149m    [INFO][0m - [38;2;116;173;209mfitting.py:bspline_profile:1158[0m -     ngood = 90714/145651 measurements
[1;38;2;49;54;149m    [INFO][0m - [38;2;116;173;209mfitting.py:bspline_profile:1159[0m - ***************** Iter     Chi^2    N Rej  R. Fac *****************
[1;38;2;49;54;149m    [INFO][0m - [38;2;116;173;209mfitting.py:bspline_profile:1163[0m -                   ----  --------  -------  ------                  
[1;38;2;49;54;149m    [INFO][0m - [38;2;116;173;209mfitting.py:bspline_profile:1257[0m -                      1     1.041    55120    1.00                  
[1;38;2;49;54;149m    [INFO][0m - [38;2;116;173;209mfitting.py:bspline_profile:1257[0m -                      2     1.014    55127    1.00                  
[1;38;2;49;54;149m    [INFO][0m - [38;2;116;173;209mfitting.py:bspline_profile:1257[0m -                      3     1.013    55127    1.00                  
[1;38;2;49;54;149m    [INFO][0m - [38;2;116;173;209mfitting.py:bspline_profile:1272[0m -                   DONE     1.013    55127    1.00                  
[1;38;2;49;54;149m    [INFO][0m - [38;2;116;173;209mfitting.py:bspline_profile:1275[0m - *******************************************************************
[1;38;2;49;54;149m    [INFO][0m - [38;2;116;173;209mfind_objects.py:global_skysub:583[0m - Global sky subtraction for slit: 1459
[1;38;2;49;54;149m    [INFO][0m - [38;2;116;173;209mskysub.py:global_skysub:195[0m - Full fit in global sky sub.
[1;38;2;49;54;149m    [INFO][0m - [38;2;116;173;209mfitting.py:bspline_profile:1156[0m - B-spline fit:
[1;38;2;49;54;149m    [INFO][0m - [38;2;116;173;209mfitting.py:bspline_profile:1157[0m -     npoly = 2 profile basis functions
[1;38;2;49;54;149m    [INFO][0m - [38;2;116;173;209mfitting.py:bspline_profile:1158[0m -     ngood = 89718/145127 measurements
[1;38;2;49;54;149m    [INFO][0m - [38;2;116;173;209mfitting.py:bspline_profile:1159[0m - ***************** Iter     Chi^2    N Rej  R. Fac *****************
[1;38;2;49;54;149m    [INFO][0m - [38;2;116;173;209mfitting.py:bspline_profile:1163[0m -                   ----  --------  -------  ------                  
[1;38;2;49;54;149m    [INFO][0m - [38;2;116;173;209mfitting.py:bspline_profile:1257[0m -                      1     1.307    55608    1.00                  
[1;38;2;49;54;149m    [INFO][0m - [38;2;116;173;209mfitting.py:bspline_profile:1257[0m -                      2     1.008    55612    1.00                  
[1;38;2;49;54;149m    [INFO][0m - [38;2;116;173;209mfitting.py:bspline_profile:1257[0m -                      3     1.007    55612    1.00                  
[1;38;2;49;54;149m    [INFO][0m - [38;2;116;173;209mfitting.py:bspline_profile:1272[0m -                   DONE     1.007    55612    1.00                  
[1;38;2;49;54;149m    [INFO][0m - [38;2;116;173;209mfitting.py:bspline_profile:1275[0m - *******************************************************************
[1;38;2;49;54;149m    [INFO][0m - [38;2;116;173;209mfind_objects.py:global_skysub:583[0m - Global sky subtraction for slit: 1534
[1;38;2;49;54;149m    [INFO][0m - [38;2;116;173;209mskysub.py:global_skysub:195[0m - Full fit in global sky sub.
[1;38;2;49;54;149m    [INFO][0m - [38;2;116;173;209mfitting.py:bspline_profile:1156[0m - B-spline fit:
[1;38;2;49;54;149m    [INFO][0m - [38;2;116;173;209mfitting.py:bspline_profile:1157[0m -     npoly = 2 profile basis functions
[1;38;2;49;54;149m    [INFO][0m - [38;2;116;173;209mfitting.py:bspline_profile:1158[0m -     ngood = 90291/144938 measurements
[1;38;2;49;54;149m    [INFO][0m - [38;2;116;173;209mfitting.py:bspline_profile:1159[0m - ***************** Iter     Chi^2    N Rej  R. Fac *****************
[1;38;2;49;54;149m    [INFO][0m - [38;2;116;173;209mfitting.py:bspline_profile:1163[0m -                   ----  --------  -------  ------                  
[1;38;2;49;54;149m    [INFO][0m - [38;2;116;173;209mfitting.py:bspline_profile:1257[0m -                      1     1.028    54827    1.00                  
[1;38;2;49;54;149m    [INFO][0m - [38;2;116;173;209mfitting.py:bspline_profile:1257[0m -                      2     1.002    54829    1.00                  
[1;38;2;49;54;149m    [INFO][0m - [38;2;116;173;209mfitting.py:bspline_profile:1257[0m -                      3     1.002    54829    1.00                  
[1;38;2;49;54;149m    [INFO][0m - [38;2;116;173;209mfitting.py:bspline_profile:1272[0m -                   DONE     1.002    54829    1.00                  
[1;38;2;49;54;149m    [INFO][0m - [38;2;116;173;209mfitting.py:bspline_profile:1275[0m - *******************************************************************
[1;38;2;49;54;149m    [INFO][0m - [38;2;116;173;209mfind_objects.py:global_skysub:583[0m - Global sky subtraction for slit: 1608
[1;38;2;49;54;149m    [INFO][0m - [38;2;116;173;209mskysub.py:global_skysub:195[0m - Full fit in global sky sub.
[1;38;2;49;54;149m    [INFO][0m - [38;2;116;173;209mfitting.py:bspline_profile:1156[0m - B-spline fit:
[1;38;2;49;54;149m    [INFO][0m - [38;2;116;173;209mfitting.py:bspline_profile:1157[0m -     npoly = 2 profile basis functions
[1;38;2;49;54;149m    [INFO][0m - [38;2;116;173;209mfitting.py:bspline_profile:1158[0m -     ngood = 91102/145535 measurements
[1;38;2;49;54;149m    [INFO][0m - [38;2;116;173;209mfitting.py:bspline_profile:1159[0m - ***************** Iter     Chi^2    N Rej  R. Fac *****************
[1;38;2;49;54;149m    [INFO][0m - [38;2;116;173;209mfitting.py:bspline_profile:1163[0m -                   ----  --------  -------  ------                  
[1;38;2;49;54;149m    [INFO][0m - [38;2;116;173;209mfitting.py:bspline_profile:1257[0m -                      1     1.027    54568    1.00                  
[1;38;2;49;54;149m    [INFO][0m - [38;2;116;173;209mfitting.py:bspline_profile:1257[0m -                      2     0.988    54568    1.00                  
[1;38;2;49;54;149m    [INFO][0m - [38;2;116;173;209mfitting.py:bspline_profile:1272[0m -                   DONE     0.988    54568    1.00                  
[1;38;2;49;54;149m    [INFO][0m - [38;2;116;173;209mfitting.py:bspline_profile:1275[0m - *******************************************************************
[1;38;2;49;54;149m    [INFO][0m - [38;2;116;173;209mfind_objects.py:global_skysub:583[0m - Global sky subtraction for slit: 1683
[1;38;2;49;54;149m    [INFO][0m - [38;2;116;173;209mskysub.py:global_skysub:195[0m - Full fit in global sky sub.
[1;38;2;49;54;149m    [INFO][0m - [38;2;116;173;209mfitting.py:bspline_profile:1156[0m - B-spline fit:
[1;38;2;49;54;149m    [INFO][0m - [38;2;116;173;209mfitting.py:bspline_profile:1157[0m -     npoly = 2 profile basis functions
[1;38;2;49;54;149m    [INFO][0m - [38;2;116;173;209mfitting.py:bspline_profile:1158[0m -     ngood = 89768/145061 measurements
[1;38;2;49;54;149m    [INFO][0m - [38;2;116;173;209mfitting.py:bspline_profile:1159[0m - ***************** Iter     Chi^2    N Rej  R. Fac *****************
[1;38;2;49;54;149m    [INFO][0m - [38;2;116;173;209mfitting.py:bspline_profile:1163[0m -                   ----  --------  -------  ------                  
[1;38;2;49;54;149m    [INFO][0m - [38;2;116;173;209mfitting.py:bspline_profile:1257[0m -                      1     1.020    55449    1.00                  
[1;38;2;49;54;149m    [INFO][0m - [38;2;116;173;209mfitting.py:bspline_profile:1257[0m -                      2     0.997    55450    1.00                  
[1;38;2;49;54;149m    [INFO][0m - [38;2;116;173;209mfitting.py:bspline_profile:1257[0m -                      3     0.997    55450    1.00                  
[1;38;2;49;54;149m    [INFO][0m - [38;2;116;173;209mfitting.py:bspline_profile:1272[0m -                   DONE     0.997    55450    1.00                  
[1;38;2;49;54;149m    [INFO][0m - [38;2;116;173;209mfitting.py:bspline_profile:1275[0m - *******************************************************************
[1;38;2;49;54;149m    [INFO][0m - [38;2;116;173;209mfind_objects.py:global_skysub:583[0m - Global sky subtraction for slit: 1758
[1;38;2;49;54;149m    [INFO][0m - [38;2;116;173;209mskysub.py:global_skysub:195[0m - Full fit in global sky sub.
[1;38;2;49;54;149m    [INFO][0m - [38;2;116;173;209mfitting.py:bspline_profile:1156[0m - B-spline fit:
[1;38;2;49;54;149m    [INFO][0m - [38;2;116;173;209mfitting.py:bspline_profile:1157[0m -     npoly = 2 profile basis functions
[1;38;2;49;54;149m    [INFO][0m - [38;2;116;173;209mfitting.py:bspline_profile:1158[0m -     ngood = 89823/145018 measurements
[1;38;2;49;54;149m    [INFO][0m - [38;2;116;173;209mfitting.py:bspline_profile:1159[0m - ***************** Iter     Chi^2    N Rej  R. Fac *****************
[1;38;2;49;54;149m    [INFO][0m - [38;2;116;173;209mfitting.py:bspline_profile:1163[0m -                   ----  --------  -------  ------                  
[1;38;2;49;54;149m    [INFO][0m - [38;2;116;173;209mfitting.py:bspline_profile:1257[0m -                      1     1.013    55332    1.00                  
[1;38;2;49;54;149m    [INFO][0m - [38;2;116;173;209mfitting.py:bspline_profile:1257[0m -                      2     0.992    55334    1.00                  
[1;38;2;49;54;149m    [INFO][0m - [38;2;116;173;209mfitting.py:bspline_profile:1257[0m -                      3     0.992    55334    1.00                  
[1;38;2;49;54;149m    [INFO][0m - [38;2;116;173;209mfitting.py:bspline_profile:1272[0m -                   DONE     0.992    55334    1.00                  
[1;38;2;49;54;149m    [INFO][0m - [38;2;116;173;209mfitting.py:bspline_profile:1275[0m - *******************************************************************
[1;38;2;49;54;149m    [INFO][0m - [38;2;116;173;209mfind_objects.py:global_skysub:583[0m - Global sky subtraction for slit: 1837
[1;38;2;49;54;149m    [INFO][0m - [38;2;116;173;209mskysub.py:global_skysub:195[0m - Full fit in global sky sub.
[1;38;2;49;54;149m    [INFO][0m - [38;2;116;173;209mfitting.py:bspline_profile:1156[0m - B-spline fit:
[1;38;2;49;54;149m    [INFO][0m - [38;2;116;173;209mfitting.py:bspline_profile:1157[0m -     npoly = 2 profile basis functions
[1;38;2;49;54;149m    [INFO][0m - [38;2;116;173;209mfitting.py:bspline_profile:1158[0m -     ngood = 89720/145027 measurements
[1;38;2;49;54;149m    [INFO][0m - [38;2;116;173;209mfitting.py:bspline_profile:1159[0m - ***************** Iter     Chi^2    N Rej  R. Fac *****************
[1;38;2;49;54;149m    [INFO][0m - [38;2;116;173;209mfitting.py:bspline_profile:1163[0m -                   ----  --------  -------  ------                  
[1;38;2;49;54;149m    [INFO][0m - [38;2;116;173;209mfitting.py:bspline_profile:1257[0m -                      1     1.131    55483    1.00                  
[1;38;2;49;54;149m    [INFO][0m - [38;2;116;173;209mfitting.py:bspline_profile:1257[0m -                      2     1.005    55485    1.00                  
[1;38;2;49;54;149m    [INFO][0m - [38;2;116;173;209mfitting.py:bspline_profile:1257[0m -                      3     1.005    55485    1.00                  
[1;38;2;49;54;149m    [INFO][0m - [38;2;116;173;209mfitting.py:bspline_profile:1272[0m -                   DONE     1.005    55485    1.00                  
[1;38;2;49;54;149m    [INFO][0m - [38;2;116;173;209mfitting.py:bspline_profile:1275[0m - *******************************************************************
[1;38;2;49;54;149m    [INFO][0m - [38;2;116;173;209mfind_objects.py:global_skysub:583[0m - Global sky subtraction for slit: 1914
[1;38;2;49;54;149m    [INFO][0m - [38;2;116;173;209mskysub.py:global_skysub:195[0m - Full fit in global sky sub.
[1;38;2;49;54;149m    [INFO][0m - [38;2;116;173;209mfitting.py:bspline_profile:1156[0m - B-spline fit:
[1;38;2;49;54;149m    [INFO][0m - [38;2;116;173;209mfitting.py:bspline_profile:1157[0m -     npoly = 2 profile basis functions
[1;38;2;49;54;149m    [INFO][0m - [38;2;116;173;209mfitting.py:bspline_profile:1158[0m -     ngood = 89809/144812 measurements
[1;38;2;49;54;149m    [INFO][0m - [38;2;116;173;209mfitting.py:bspline_profile:1159[0m - ***************** Iter     Chi^2    N Rej  R. Fac *****************
[1;38;2;49;54;149m    [INFO][0m - [38;2;116;173;209mfitting.py:bspline_profile:1163[0m -                   ----  --------  -------  ------                  
[1;38;2;49;54;149m    [INFO][0m - [38;2;116;173;209mfitting.py:bspline_profile:1257[0m -                      1     1.026    55156    1.00                  
[1;38;2;49;54;149m    [INFO][0m - [38;2;116;173;209mfitting.py:bspline_profile:1257[0m -                      2     1.002    55160    1.00                  
[1;38;2;49;54;149m    [INFO][0m - [38;2;116;173;209mfitting.py:bspline_profile:1257[0m -                      3     1.002    55160    1.00                  
[1;38;2;49;54;149m    [INFO][0m - [38;2;116;173;209mfitting.py:bspline_profile:1272[0m -                   DONE     1.002    55160    1.00                  
[1;38;2;49;54;149m    [INFO][0m - [38;2;116;173;209mfitting.py:bspline_profile:1275[0m - *******************************************************************
[1;38;2;49;54;149m    [INFO][0m - [38;2;116;173;209mfind_objects.py:global_skysub:583[0m - Global sky subtraction for slit: 1996
[1;38;2;49;54;149m    [INFO][0m - [38;2;116;173;209mskysub.py:global_skysub:195[0m - Full fit in global sky sub.
[1;38;2;49;54;149m    [INFO][0m - [38;2;116;173;209mfitting.py:bspline_profile:1156[0m - B-spline fit:
[1;38;2;49;54;149m    [INFO][0m - [38;2;116;173;209mfitting.py:bspline_profile:1157[0m -     npoly = 2 profile basis functions
[1;38;2;49;54;149m    [INFO][0m - [38;2;116;173;209mfitting.py:bspline_profile:1158[0m -     ngood = 90714/145414 measurements
[1;38;2;49;54;149m    [INFO][0m - [38;2;116;173;209mfitting.py:bspline_profile:1159[0m - ***************** Iter     Chi^2    N Rej  R. Fac *****************
[1;38;2;49;54;149m    [INFO][0m - [38;2;116;173;209mfitting.py:bspline_profile:1163[0m -                   ----  --------  -------  ------                  
[1;38;2;49;54;149m    [INFO][0m - [38;2;116;173;209mfitting.py:bspline_profile:1257[0m -                      1     1.024    54846    1.00                  
[1;38;2;49;54;149m    [INFO][0m - [38;2;116;173;209mfitting.py:bspline_profile:1257[0m -                      2     1.003    54847    1.00                  
[1;38;2;49;54;149m    [INFO][0m - [38;2;116;173;209mfitting.py:bspline_profile:1257[0m -                      3     1.003    54847    1.00                  
[1;38;2;49;54;149m    [INFO][0m - [38;2;116;173;209mfitting.py:bspline_profile:1272[0m -                   DONE     1.003    54847    1.00                  
[1;38;2;49;54;149m    [INFO][0m - [38;2;116;173;209mfitting.py:bspline_profile:1275[0m - *******************************************************************
[1;38;2;49;54;149m    [INFO][0m - [38;2;116;173;209mfind_objects.py:find_objects_pypeline:788[0m - Finding objects on slit # 61
[1;38;2;49;54;149m    [INFO][0m - [38;2;116;173;209mfindobj_skymask.py:objs_in_slit:2095[0m - No objects found automatically.  Consider manual extraction.
[1;38;2;49;54;149m    [INFO][0m - [38;2;116;173;209mfind_objects.py:find_objects_pypeline:788[0m - Finding objects on slit # 142
[1;38;2;49;54;149m    [INFO][0m - [38;2;116;173;209mfindobj_skymask.py:objs_in_slit:2095[0m - No objects found automatically.  Consider manual extraction.
[1;38;2;49;54;149m    [INFO][0m - [38;2;116;173;209mfind_objects.py:find_objects_pypeline:788[0m - Finding objects on slit # 217
[1;38;2;49;54;149m    [INFO][0m - [38;2;116;173;209mfindobj_skymask.py:objs_in_slit:2095[0m - No objects found automatically.  Consider manual extraction.
[1;38;2;49;54;149m    [INFO][0m - [38;2;116;173;209mfind_objects.py:find_objects_pypeline:788[0m - Finding objects on slit # 296
[1;38;2;49;54;149m    [INFO][0m - [38;2;116;173;209mfindobj_skymask.py:objs_in_slit:2095[0m - No objects found automatically.  Consider manual extraction.
[1;38;2;49;54;149m    [INFO][0m - [38;2;116;173;209mfind_objects.py:find_objects_pypeline:788[0m - Finding objects on slit # 370
[1;38;2;49;54;149m    [INFO][0m - [38;2;116;173;209mfindobj_skymask.py:objs_in_slit:2095[0m - No objects found automatically.  Consider manual extraction.
[1;38;2;49;54;149m    [INFO][0m - [38;2;116;173;209mfind_objects.py:find_objects_pypeline:788[0m - Finding objects on slit # 445
[1;38;2;49;54;149m    [INFO][0m - [38;2;116;173;209mfindobj_skymask.py:objs_in_slit:2095[0m - No objects found automatically.  Consider manual extraction.
[1;38;2;49;54;149m    [INFO][0m - [38;2;116;173;209mfind_objects.py:find_objects_pypeline:788[0m - Finding objects on slit # 518
[1;38;2;49;54;149m    [INFO][0m - [38;2;116;173;209mfindobj_skymask.py:objs_in_slit:2095[0m - No objects found automatically.  Consider manual extraction.
[1;38;2;49;54;149m    [INFO][0m - [38;2;116;173;209mfind_objects.py:find_objects_pypeline:788[0m - Finding objects on slit # 591
[1;38;2;49;54;149m    [INFO][0m - [38;2;116;173;209mfindobj_skymask.py:objs_in_slit:2073[0m - Using slit edges as crutch for object tracing
[1;38;2;49;54;149m    [INFO][0m - [38;2;116;173;209mfindobj_skymask.py:objs_in_slit:2098[0m - Automatic finding routine found 1 objects
[1;38;2;49;54;149m    [INFO][0m - [38;2;116;173;209mfindobj_skymask.py:objs_in_slit:2102[0m - Fitting the traces
[1;38;2;253;174;97m [WARNING][0m - [38;2;116;173;209mpolyutils.py:_fit:662[0m - RankWarning: The fit may be poorly conditioned
[1;38;2;49;54;149m    [INFO][0m - [38;2;116;173;209mfindobj_skymask.py:objs_in_slit:2254[0m - Successfully traced a total of 1 objects
[1;38;2;49;54;149m    [INFO][0m - [38;2;116;173;209mfind_objects.py:find_objects_pypeline:788[0m - Finding objects on slit # 664
[1;38;2;49;54;149m    [INFO][0m - [38;2;116;173;209mfindobj_skymask.py:objs_in_slit:2073[0m - Using slit edges as crutch for object tracing
[1;38;2;49;54;149m    [INFO][0m - [38;2;116;173;209mfindobj_skymask.py:objs_in_slit:2098[0m - Automatic finding routine found 1 objects
[1;38;2;49;54;149m    [INFO][0m - [38;2;116;173;209mfindobj_skymask.py:objs_in_slit:2102[0m - Fitting the traces
[1;38;2;253;174;97m [WARNING][0m - [38;2;116;173;209mpolyutils.py:_fit:662[0m - RankWarning: The fit may be poorly conditioned
[1;38;2;49;54;149m    [INFO][0m - [38;2;116;173;209mfindobj_skymask.py:objs_in_slit:2254[0m - Successfully traced a total of 1 objects
[1;38;2;49;54;149m    [INFO][0m - [38;2;116;173;209mfind_objects.py:find_objects_pypeline:788[0m - Finding objects on slit # 739
[1;38;2;49;54;149m    [INFO][0m - [38;2;116;173;209mfindobj_skymask.py:objs_in_slit:2073[0m - Using slit edges as crutch for object tracing
[1;38;2;49;54;149m    [INFO][0m - [38;2;116;173;209mfindobj_skymask.py:objs_in_slit:2098[0m - Automatic finding routine found 2 objects
[1;38;2;49;54;149m    [INFO][0m - [38;2;116;173;209mfindobj_skymask.py:objs_in_slit:2102[0m - Fitting the traces
[1;38;2;253;174;97m [WARNING][0m - [38;2;116;173;209mpolyutils.py:_fit:662[0m - RankWarning: The fit may be poorly conditioned
[1;38;2;49;54;149m    [INFO][0m - [38;2;116;173;209mfindobj_skymask.py:objs_in_slit:2254[0m - Successfully traced a total of 2 objects
[1;38;2;49;54;149m    [INFO][0m - [38;2;116;173;209mfind_objects.py:find_objects_pypeline:788[0m - Finding objects on slit # 812
[1;38;2;49;54;149m    [INFO][0m - [38;2;116;173;209mfindobj_skymask.py:objs_in_slit:2073[0m - Using slit edges as crutch for object tracing
[1;38;2;49;54;149m    [INFO][0m - [38;2;116;173;209mfindobj_skymask.py:objs_in_slit:2098[0m - Automatic finding routine found 1 objects
[1;38;2;49;54;149m    [INFO][0m - [38;2;116;173;209mfindobj_skymask.py:objs_in_slit:2102[0m - Fitting the traces
[1;38;2;253;174;97m [WARNING][0m - [38;2;116;173;209mpolyutils.py:_fit:662[0m - RankWarning: The fit may be poorly conditioned
[1;38;2;49;54;149m    [INFO][0m - [38;2;116;173;209mfindobj_skymask.py:objs_in_slit:2254[0m - Successfully traced a total of 1 objects
[1;38;2;49;54;149m    [INFO][0m - [38;2;116;173;209mfind_objects.py:find_objects_pypeline:788[0m - Finding objects on slit # 886
[1;38;2;253;174;97m [WARNING][0m - [38;2;116;173;209mfindobj_skymask.py:objs_in_slit:2000[0m - Discarding 1 at spatial pixels spat = [0.88535255] which land within trim_edg = (left, right) = [5, 5] pixels from the slit boundary for this nsamp = 71.00 wide slit
[1;38;2;253;174;97m [WARNING][0m - [38;2;116;173;209mfindobj_skymask.py:objs_in_slit:2004[0m - You must decrease from the current value of trim_edg in order to keep them
[1;38;2;253;174;97m [WARNING][0m - [38;2;116;173;209mfindobj_skymask.py:objs_in_slit:2005[0m - Such edge objects are often spurious
[1;38;2;49;54;149m    [INFO][0m - [38;2;116;173;209mfindobj_skymask.py:objs_in_slit:2073[0m - Using slit edges as crutch for object tracing
[1;38;2;49;54;149m    [INFO][0m - [38;2;116;173;209mfindobj_skymask.py:objs_in_slit:2098[0m - Automatic finding routine found 1 objects
[1;38;2;49;54;149m    [INFO][0m - [38;2;116;173;209mfindobj_skymask.py:objs_in_slit:2102[0m - Fitting the traces
[1;38;2;253;174;97m [WARNING][0m - [38;2;116;173;209mpolyutils.py:_fit:662[0m - RankWarning: The fit may be poorly conditioned
[1;38;2;49;54;149m    [INFO][0m - [38;2;116;173;209mfindobj_skymask.py:objs_in_slit:2254[0m - Successfully traced a total of 1 objects
[1;38;2;49;54;149m    [INFO][0m - [38;2;116;173;209mfind_objects.py:find_objects_pypeline:788[0m - Finding objects on slit # 1164
[1;38;2;49;54;149m    [INFO][0m - [38;2;116;173;209mfindobj_skymask.py:objs_in_slit:2073[0m - Using slit edges as crutch for object tracing
[1;38;2;49;54;149m    [INFO][0m - [38;2;116;173;209mfindobj_skymask.py:objs_in_slit:2098[0m - Automatic finding routine found 1 objects
[1;38;2;49;54;149m    [INFO][0m - [38;2;116;173;209mfindobj_skymask.py:objs_in_slit:2102[0m - Fitting the traces
[1;38;2;253;174;97m [WARNING][0m - [38;2;116;173;209mpolyutils.py:_fit:662[0m - RankWarning: The fit may be poorly conditioned
[1;38;2;49;54;149m    [INFO][0m - [38;2;116;173;209mfindobj_skymask.py:objs_in_slit:2254[0m - Successfully traced a total of 1 objects
[1;38;2;49;54;149m    [INFO][0m - [38;2;116;173;209mfind_objects.py:find_objects_pypeline:788[0m - Finding objects on slit # 1238
[1;38;2;49;54;149m    [INFO][0m - [38;2;116;173;209mfindobj_skymask.py:objs_in_slit:2073[0m - Using slit edges as crutch for object tracing
[1;38;2;49;54;149m    [INFO][0m - [38;2;116;173;209mfindobj_skymask.py:objs_in_slit:2098[0m - Automatic finding routine found 1 objects
[1;38;2;49;54;149m    [INFO][0m - [38;2;116;173;209mfindobj_skymask.py:objs_in_slit:2102[0m - Fitting the traces
[1;38;2;253;174;97m [WARNING][0m - [38;2;116;173;209mpolyutils.py:_fit:662[0m - RankWarning: The fit may be poorly conditioned
[1;38;2;49;54;149m    [INFO][0m - [38;2;116;173;209mfindobj_skymask.py:objs_in_slit:2254[0m - Successfully traced a total of 1 objects
[1;38;2;49;54;149m    [INFO][0m - [38;2;116;173;209mfind_objects.py:find_objects_pypeline:788[0m - Finding objects on slit # 1312
[1;38;2;49;54;149m    [INFO][0m - [38;2;116;173;209mfindobj_skymask.py:objs_in_slit:2073[0m - Using slit edges as crutch for object tracing
[1;38;2;49;54;149m    [INFO][0m - [38;2;116;173;209mfindobj_skymask.py:objs_in_slit:2098[0m - Automatic finding routine found 1 objects
[1;38;2;49;54;149m    [INFO][0m - [38;2;116;173;209mfindobj_skymask.py:objs_in_slit:2102[0m - Fitting the traces
[1;38;2;253;174;97m [WARNING][0m - [38;2;116;173;209mpolyutils.py:_fit:662[0m - RankWarning: The fit may be poorly conditioned
[1;38;2;49;54;149m    [INFO][0m - [38;2;116;173;209mfindobj_skymask.py:objs_in_slit:2254[0m - Successfully traced a total of 1 objects
[1;38;2;49;54;149m    [INFO][0m - [38;2;116;173;209mfind_objects.py:find_objects_pypeline:788[0m - Finding objects on slit # 1386
[1;38;2;49;54;149m    [INFO][0m - [38;2;116;173;209mfindobj_skymask.py:objs_in_slit:2073[0m - Using slit edges as crutch for object tracing
[1;38;2;49;54;149m    [INFO][0m - [38;2;116;173;209mfindobj_skymask.py:objs_in_slit:2098[0m - Automatic finding routine found 1 objects
[1;38;2;49;54;149m    [INFO][0m - [38;2;116;173;209mfindobj_skymask.py:objs_in_slit:2102[0m - Fitting the traces
[1;38;2;253;174;97m [WARNING][0m - [38;2;116;173;209mpolyutils.py:_fit:662[0m - RankWarning: The fit may be poorly conditioned
[1;38;2;49;54;149m    [INFO][0m - [38;2;116;173;209mfindobj_skymask.py:objs_in_slit:2254[0m - Successfully traced a total of 1 objects
[1;38;2;49;54;149m    [INFO][0m - [38;2;116;173;209mfind_objects.py:find_objects_pypeline:788[0m - Finding objects on slit # 1459
[1;38;2;49;54;149m    [INFO][0m - [38;2;116;173;209mfindobj_skymask.py:objs_in_slit:2073[0m - Using slit edges as crutch for object tracing
[1;38;2;49;54;149m    [INFO][0m - [38;2;116;173;209mfindobj_skymask.py:objs_in_slit:2098[0m - Automatic finding routine found 1 objects
[1;38;2;49;54;149m    [INFO][0m - [38;2;116;173;209mfindobj_skymask.py:objs_in_slit:2102[0m - Fitting the traces
[1;38;2;253;174;97m [WARNING][0m - [38;2;116;173;209mpolyutils.py:_fit:662[0m - RankWarning: The fit may be poorly conditioned
[1;38;2;49;54;149m    [INFO][0m - [38;2;116;173;209mfindobj_skymask.py:objs_in_slit:2254[0m - Successfully traced a total of 1 objects
[1;38;2;49;54;149m    [INFO][0m - [38;2;116;173;209mfind_objects.py:find_objects_pypeline:788[0m - Finding objects on slit # 1534
[1;38;2;49;54;149m    [INFO][0m - [38;2;116;173;209mfindobj_skymask.py:objs_in_slit:2073[0m - Using slit edges as crutch for object tracing
[1;38;2;49;54;149m    [INFO][0m - [38;2;116;173;209mfindobj_skymask.py:objs_in_slit:2098[0m - Automatic finding routine found 1 objects
[1;38;2;49;54;149m    [INFO][0m - [38;2;116;173;209mfindobj_skymask.py:objs_in_slit:2102[0m - Fitting the traces
[1;38;2;253;174;97m [WARNING][0m - [38;2;116;173;209mpolyutils.py:_fit:662[0m - RankWarning: The fit may be poorly conditioned
[1;38;2;49;54;149m    [INFO][0m - [38;2;116;173;209mfindobj_skymask.py:objs_in_slit:2254[0m - Successfully traced a total of 1 objects
[1;38;2;49;54;149m    [INFO][0m - [38;2;116;173;209mfind_objects.py:find_objects_pypeline:788[0m - Finding objects on slit # 1608
[1;38;2;49;54;149m    [INFO][0m - [38;2;116;173;209mfindobj_skymask.py:objs_in_slit:2095[0m - No objects found automatically.  Consider manual extraction.
[1;38;2;49;54;149m    [INFO][0m - [38;2;116;173;209mfind_objects.py:find_objects_pypeline:788[0m - Finding objects on slit # 1683
[1;38;2;49;54;149m    [INFO][0m - [38;2;116;173;209mfindobj_skymask.py:objs_in_slit:2095[0m - No objects found automatically.  Consider manual extraction.
[1;38;2;49;54;149m    [INFO][0m - [38;2;116;173;209mfind_objects.py:find_objects_pypeline:788[0m - Finding objects on slit # 1758
[1;38;2;49;54;149m    [INFO][0m - [38;2;116;173;209mfindobj_skymask.py:objs_in_slit:2095[0m - No objects found automatically.  Consider manual extraction.
[1;38;2;49;54;149m    [INFO][0m - [38;2;116;173;209mfind_objects.py:find_objects_pypeline:788[0m - Finding objects on slit # 1837
[1;38;2;49;54;149m    [INFO][0m - [38;2;116;173;209mfindobj_skymask.py:objs_in_slit:2095[0m - No objects found automatically.  Consider manual extraction.
[1;38;2;49;54;149m    [INFO][0m - [38;2;116;173;209mfind_objects.py:find_objects_pypeline:788[0m - Finding objects on slit # 1914
[1;38;2;49;54;149m    [INFO][0m - [38;2;116;173;209mfindobj_skymask.py:objs_in_slit:2095[0m - No objects found automatically.  Consider manual extraction.
[1;38;2;49;54;149m    [INFO][0m - [38;2;116;173;209mfind_objects.py:find_objects_pypeline:788[0m - Finding objects on slit # 1996
[1;38;2;49;54;149m    [INFO][0m - [38;2;116;173;209mfindobj_skymask.py:objs_in_slit:2095[0m - No objects found automatically.  Consider manual extraction.
[1;38;2;49;54;149m    [INFO][0m - [38;2;116;173;209mfind_objects.py:run:373[0m - Either no objects were found or a user-provided sky mask was used.  Skipping second pass of sky-subtraction and object finding.
[1;38;2;49;54;149m    [INFO][0m - [38;2;116;173;209mdatamodel.py:from_file:1558[0m - Loading BiasImage from /Users/kaiwenzhang/PycharmProjects/KCWI/KCWI_RED_channel_characterization/RM1 pypeit run/2024-03-15/pypeit_run/keck_kcrm_B/Calibrations/Bias_B_1_DET01.fits
[1;38;2;253;174;97m [WARNING][0m - [38;2;116;173;209mcalibrations.py:get_dark:606[0m - No raw dark frames found and unable to identify a relevant processed calibration frame.  Continuing...
[1;38;2;49;54;149m    [INFO][0m - [38;2;116;173;209mkeck_kcwi.py:get_rawimage:1426[0m - Reading KCWI file: /Users/kaiwenzhang/PycharmProjects/KCWI/KCWI_RED_channel_characterization/fits/by_night/RM1/2024-03-15/KR.20240316.44594.78.fits
[1;38;2;49;54;149m    [INFO][0m - [38;2;116;173;209mdatamodel.py:from_file:1558[0m - Loading ArcImage from /Users/kaiwenzhang/PycharmProjects/KCWI/KCWI_RED_channel_characterization/RM1 pypeit run/2024-03-15/pypeit_run/keck_kcrm_B/Calibrations/Arc_B_1_DET01.fits
[1;38;2;49;54;149m    [INFO][0m - [38;2;116;173;209mdatamodel.py:from_file:1558[0m - Loading TiltImage from /Users/kaiwenzhang/PycharmProjects/KCWI/KCWI_RED_channel_characterization/RM1 pypeit run/2024-03-15/pypeit_run/keck_kcrm_B/Calibrations/Tiltimg_B_1_DET01.fits
[1;38;2;49;54;149m    [INFO][0m - [38;2;116;173;209mdatamodel.py:from_file:1558[0m - Loading SlitTraceSet from /Users/kaiwenzhang/PycharmProjects/KCWI/KCWI_RED_channel_characterization/RM1 pypeit run/2024-03-15/pypeit_run/keck_kcrm_B/Calibrations/Slits_B_1_DET01.fits.gz
[1;38;2;49;54;149m    [INFO][0m - [38;2;116;173;209mdatamodel.py:from_file:1558[0m - Loading WaveCalib from /Users/kaiwenzhang/PycharmProjects/KCWI/KCWI_RED_channel_characterization/RM1 pypeit run/2024-03-15/pypeit_run/keck_kcrm_B/Calibrations/WaveCalib_B_1_DET01.fits
[1;38;2;49;54;149m    [INFO][0m - [38;2;116;173;209mdatamodel.py:from_file:1558[0m - Loading WaveTilts from /Users/kaiwenzhang/PycharmProjects/KCWI/KCWI_RED_channel_characterization/RM1 pypeit run/2024-03-15/pypeit_run/keck_kcrm_B/Calibrations/Tilts_B_1_DET01.fits
[1;38;2;49;54;149m    [INFO][0m - [38;2;116;173;209mdatamodel.py:from_file:1558[0m - Loading Alignments from /Users/kaiwenzhang/PycharmProjects/KCWI/KCWI_RED_channel_characterization/RM1 pypeit run/2024-03-15/pypeit_run/keck_kcrm_B/Calibrations/Alignment_B_1_DET01.fits
[1;38;2;49;54;149m    [INFO][0m - [38;2;116;173;209mdatamodel.py:from_file:1558[0m - Loading ScatteredLight from /Users/kaiwenzhang/PycharmProjects/KCWI/KCWI_RED_channel_characterization/RM1 pypeit run/2024-03-15/pypeit_run/keck_kcrm_B/Calibrations/ScatteredLight_B_1_DET01.fits.gz
[1;38;2;49;54;149m    [INFO][0m - [38;2;116;173;209mdatamodel.py:from_file:1558[0m - Loading FlatImages from /Users/kaiwenzhang/PycharmProjects/KCWI/KCWI_RED_channel_characterization/RM1 pypeit run/2024-03-15/pypeit_run/keck_kcrm_B/Calibrations/Flat_B_1_DET01.fits
[1;38;2;49;54;149m    [INFO][0m - [38;2;116;173;209mcalibrations.py:run_the_steps:1459[0m - Calibration complete and/or fully loaded!
[1;38;2;49;54;149m    [INFO][0m - [38;2;116;173;209mcalibrations.py:run_the_steps:1460[0m - #######################################################################
[1;38;2;49;54;149m    [INFO][0m - [38;2;116;173;209mpypeit_steps.py:extract_det:732[0m - Extraction skipped for KR.20240316.44594.78-feige34_KCRM_20240316T122314.755 on det=1
[1;38;2;49;54;149m    [INFO][0m - [38;2;116;173;209mwavetilts.py:fit2tiltimg:143[0m - Generating a tilts image from the fit parameters
[1;38;2;49;54;149m    [INFO][0m - [38;2;116;173;209mpypeit_steps.py:refframe_correct:906[0m - Performing a heliocentric correction
[1;38;2;49;54;149m    [INFO][0m - [38;2;116;173;209mpypeit_steps.py:refframe_correct:915[0m - Applying heliocentric correction = -13.50256 km/s
WARNING: Format d cannot be mapped to the accepted TDISPn keyword values.  Format will not be moved into TDISPn keyword. [astropy.io.fits.column]
WARNING: Format 0.1f cannot be mapped to the accepted TDISPn keyword values.  Format will not be moved into TDISPn keyword. [astropy.io.fits.column]
WARNING: Format 0.3f cannot be mapped to the accepted TDISPn keyword values.  Format will not be moved into TDISPn keyword. [astropy.io.fits.column]
[1;38;2;49;54;149m    [INFO][0m - [38;2;116;173;209mspec2dobj.py:write_to_fits:721[0m - Wrote: /Users/kaiwenzhang/PycharmProjects/KCWI/KCWI_RED_channel_characterization/RM1 pypeit run/2024-03-15/pypeit_run/keck_kcrm_B/Science/spec2d_KR.20240316.44594.78-feige34_KCRM_20240316T122314.755.fits
[1;38;2;49;54;149m    [INFO][0m - [38;2;116;173;209mexposure.py:reduce_exposure:406[0m - Reducing target feige34
Combining frames:
KR.20240316.44764.10.fits

[1;38;2;49;54;149m    [INFO][0m - [38;2;116;173;209mexposure.py:reduce_exposure:417[0m - Detectors to work on: [1]
[1;38;2;49;54;149m    [INFO][0m - [38;2;116;173;209mexposure.py:reduce_exposure:422[0m - Calibrating detector 1
[1;38;2;49;54;149m    [INFO][0m - [38;2;116;173;209mpypeit_steps.py:calib_one:173[0m - Building/loading calibrations for detector 1
[1;38;2;49;54;149m    [INFO][0m - [38;2;116;173;209mdatamodel.py:from_file:1558[0m - Loading BiasImage from /Users/kaiwenzhang/PycharmProjects/KCWI/KCWI_RED_channel_characterization/RM1 pypeit run/2024-03-15/pypeit_run/keck_kcrm_B/Calibrations/Bias_B_1_DET01.fits
[1;38;2;253;174;97m [WARNING][0m - [38;2;116;173;209mcalibrations.py:get_dark:606[0m - No raw dark frames found and unable to identify a relevant processed calibration frame.  Continuing...
[1;38;2;49;54;149m    [INFO][0m - [38;2;116;173;209mkeck_kcwi.py:get_rawimage:1426[0m - Reading KCWI file: /Users/kaiwenzhang/PycharmProjects/KCWI/KCWI_RED_channel_characterization/fits/by_night/RM1/2024-03-15/KR.20240316.08992.59.fits
[1;38;2;253;174;97m [WARNING][0m - [38;2;116;173;209mkeck_kcwi.py:bpm:820[0m - KCRM bad pixel mask is not available for ampmode=L2U2L1U1 binning=2,2
[1;38;2;49;54;149m    [INFO][0m - [38;2;116;173;209mdatamodel.py:from_file:1558[0m - Loading ArcImage from /Users/kaiwenzhang/PycharmProjects/KCWI/KCWI_RED_channel_characterization/RM1 pypeit run/2024-03-15/pypeit_run/keck_kcrm_B/Calibrations/Arc_B_1_DET01.fits
[1;38;2;49;54;149m    [INFO][0m - [38;2;116;173;209mdatamodel.py:from_file:1558[0m - Loading TiltImage from /Users/kaiwenzhang/PycharmProjects/KCWI/KCWI_RED_channel_characterization/RM1 pypeit run/2024-03-15/pypeit_run/keck_kcrm_B/Calibrations/Tiltimg_B_1_DET01.fits
[1;38;2;49;54;149m    [INFO][0m - [38;2;116;173;209mdatamodel.py:from_file:1558[0m - Loading SlitTraceSet from /Users/kaiwenzhang/PycharmProjects/KCWI/KCWI_RED_channel_characterization/RM1 pypeit run/2024-03-15/pypeit_run/keck_kcrm_B/Calibrations/Slits_B_1_DET01.fits.gz
[1;38;2;49;54;149m    [INFO][0m - [38;2;116;173;209mdatamodel.py:from_file:1558[0m - Loading WaveCalib from /Users/kaiwenzhang/PycharmProjects/KCWI/KCWI_RED_channel_characterization/RM1 pypeit run/2024-03-15/pypeit_run/keck_kcrm_B/Calibrations/WaveCalib_B_1_DET01.fits
[1;38;2;49;54;149m    [INFO][0m - [38;2;116;173;209mdatamodel.py:from_file:1558[0m - Loading WaveTilts from /Users/kaiwenzhang/PycharmProjects/KCWI/KCWI_RED_channel_characterization/RM1 pypeit run/2024-03-15/pypeit_run/keck_kcrm_B/Calibrations/Tilts_B_1_DET01.fits
[1;38;2;49;54;149m    [INFO][0m - [38;2;116;173;209mdatamodel.py:from_file:1558[0m - Loading Alignments from /Users/kaiwenzhang/PycharmProjects/KCWI/KCWI_RED_channel_characterization/RM1 pypeit run/2024-03-15/pypeit_run/keck_kcrm_B/Calibrations/Alignment_B_1_DET01.fits
[1;38;2;49;54;149m    [INFO][0m - [38;2;116;173;209mdatamodel.py:from_file:1558[0m - Loading ScatteredLight from /Users/kaiwenzhang/PycharmProjects/KCWI/KCWI_RED_channel_characterization/RM1 pypeit run/2024-03-15/pypeit_run/keck_kcrm_B/Calibrations/ScatteredLight_B_1_DET01.fits.gz
[1;38;2;49;54;149m    [INFO][0m - [38;2;116;173;209mdatamodel.py:from_file:1558[0m - Loading FlatImages from /Users/kaiwenzhang/PycharmProjects/KCWI/KCWI_RED_channel_characterization/RM1 pypeit run/2024-03-15/pypeit_run/keck_kcrm_B/Calibrations/Flat_B_1_DET01.fits
[1;38;2;49;54;149m    [INFO][0m - [38;2;116;173;209mcalibrations.py:run_the_steps:1459[0m - Calibration complete and/or fully loaded!
[1;38;2;49;54;149m    [INFO][0m - [38;2;116;173;209mcalibrations.py:run_the_steps:1460[0m - #######################################################################
[1;38;2;49;54;149m    [INFO][0m - [38;2;116;173;209mexposure.py:process_exposure:126[0m - Reducing detector 1
[1;38;2;49;54;149m    [INFO][0m - [38;2;116;173;209mdatamodel.py:from_file:1558[0m - Loading BiasImage from /Users/kaiwenzhang/PycharmProjects/KCWI/KCWI_RED_channel_characterization/RM1 pypeit run/2024-03-15/pypeit_run/keck_kcrm_B/Calibrations/Bias_B_1_DET01.fits
[1;38;2;253;174;97m [WARNING][0m - [38;2;116;173;209mcalibrations.py:get_dark:606[0m - No raw dark frames found and unable to identify a relevant processed calibration frame.  Continuing...
[1;38;2;49;54;149m    [INFO][0m - [38;2;116;173;209mkeck_kcwi.py:get_rawimage:1426[0m - Reading KCWI file: /Users/kaiwenzhang/PycharmProjects/KCWI/KCWI_RED_channel_characterization/fits/by_night/RM1/2024-03-15/KR.20240316.44764.10.fits
[1;38;2;49;54;149m    [INFO][0m - [38;2;116;173;209mdatamodel.py:from_file:1558[0m - Loading ArcImage from /Users/kaiwenzhang/PycharmProjects/KCWI/KCWI_RED_channel_characterization/RM1 pypeit run/2024-03-15/pypeit_run/keck_kcrm_B/Calibrations/Arc_B_1_DET01.fits
[1;38;2;49;54;149m    [INFO][0m - [38;2;116;173;209mdatamodel.py:from_file:1558[0m - Loading TiltImage from /Users/kaiwenzhang/PycharmProjects/KCWI/KCWI_RED_channel_characterization/RM1 pypeit run/2024-03-15/pypeit_run/keck_kcrm_B/Calibrations/Tiltimg_B_1_DET01.fits
[1;38;2;49;54;149m    [INFO][0m - [38;2;116;173;209mdatamodel.py:from_file:1558[0m - Loading SlitTraceSet from /Users/kaiwenzhang/PycharmProjects/KCWI/KCWI_RED_channel_characterization/RM1 pypeit run/2024-03-15/pypeit_run/keck_kcrm_B/Calibrations/Slits_B_1_DET01.fits.gz
[1;38;2;49;54;149m    [INFO][0m - [38;2;116;173;209mdatamodel.py:from_file:1558[0m - Loading WaveCalib from /Users/kaiwenzhang/PycharmProjects/KCWI/KCWI_RED_channel_characterization/RM1 pypeit run/2024-03-15/pypeit_run/keck_kcrm_B/Calibrations/WaveCalib_B_1_DET01.fits
[1;38;2;49;54;149m    [INFO][0m - [38;2;116;173;209mdatamodel.py:from_file:1558[0m - Loading WaveTilts from /Users/kaiwenzhang/PycharmProjects/KCWI/KCWI_RED_channel_characterization/RM1 pypeit run/2024-03-15/pypeit_run/keck_kcrm_B/Calibrations/Tilts_B_1_DET01.fits
[1;38;2;49;54;149m    [INFO][0m - [38;2;116;173;209mdatamodel.py:from_file:1558[0m - Loading Alignments from /Users/kaiwenzhang/PycharmProjects/KCWI/KCWI_RED_channel_characterization/RM1 pypeit run/2024-03-15/pypeit_run/keck_kcrm_B/Calibrations/Alignment_B_1_DET01.fits
[1;38;2;49;54;149m    [INFO][0m - [38;2;116;173;209mdatamodel.py:from_file:1558[0m - Loading ScatteredLight from /Users/kaiwenzhang/PycharmProjects/KCWI/KCWI_RED_channel_characterization/RM1 pypeit run/2024-03-15/pypeit_run/keck_kcrm_B/Calibrations/ScatteredLight_B_1_DET01.fits.gz
[1;38;2;49;54;149m    [INFO][0m - [38;2;116;173;209mdatamodel.py:from_file:1558[0m - Loading FlatImages from /Users/kaiwenzhang/PycharmProjects/KCWI/KCWI_RED_channel_characterization/RM1 pypeit run/2024-03-15/pypeit_run/keck_kcrm_B/Calibrations/Flat_B_1_DET01.fits
[1;38;2;49;54;149m    [INFO][0m - [38;2;116;173;209mcalibrations.py:run_the_steps:1459[0m - Calibration complete and/or fully loaded!
[1;38;2;49;54;149m    [INFO][0m - [38;2;116;173;209mcalibrations.py:run_the_steps:1460[0m - #######################################################################
[1;38;2;49;54;149m    [INFO][0m - [38;2;116;173;209mpypeit_steps.py:process_one_det:260[0m - Image processing begins for KR.20240316.44764.10-feige34_KCRM_20240316T122604.099 on det=1
[1;38;2;49;54;149m    [INFO][0m - [38;2;116;173;209mkeck_kcwi.py:get_rawimage:1426[0m - Reading KCWI file: /Users/kaiwenzhang/PycharmProjects/KCWI/KCWI_RED_channel_characterization/fits/by_night/RM1/2024-03-15/KR.20240316.44764.10.fits
[1;38;2;49;54;149m    [INFO][0m - [38;2;116;173;209mrawimage.py:process:564[0m - Performing basic image processing on KR.20240316.44764.10.fits.
[1;38;2;49;54;149m    [INFO][0m - [38;2;116;173;209mrawimage.py:estimate_readnoise:359[0m - Estimated readnoise of amplifier 1 = 3.709 e-
[1;38;2;49;54;149m    [INFO][0m - [38;2;116;173;209mrawimage.py:estimate_readnoise:359[0m - Estimated readnoise of amplifier 2 = 3.716 e-
[1;38;2;49;54;149m    [INFO][0m - [38;2;116;173;209mprocimg.py:lacosmic:170[0m - Detecting cosmic rays with the L.A.Cosmic algorithm
[1;38;2;49;54;149m    [INFO][0m - [38;2;116;173;209mprocimg.py:lacosmic:218[0m - Convolving image with Laplacian kernel
[1;38;2;49;54;149m    [INFO][0m - [38;2;116;173;209mprocimg.py:lacosmic:229[0m - Found 4913 candidate cosmic-ray pixels
[1;38;2;49;54;149m    [INFO][0m - [38;2;116;173;209mprocimg.py:lacosmic:235[0m - Reduced to 4913 candidates after excluding known bad pixels.
[1;38;2;49;54;149m    [INFO][0m - [38;2;116;173;209mprocimg.py:lacosmic:246[0m - Reduced to 2148 candidates after excluding compact objects.
[1;38;2;49;54;149m    [INFO][0m - [38;2;116;173;209mprocimg.py:lacosmic:250[0m - Finding neighboring pixels affected by cosmic rays
[1;38;2;49;54;149m    [INFO][0m - [38;2;116;173;209mprocimg.py:lacosmic:260[0m - Changed to 6092 candidates after evaluating neighboring pixels.
[1;38;2;49;54;149m    [INFO][0m - [38;2;116;173;209mprocimg.py:lacosmic:266[0m - Reduced to 6092 candidates after excluding known bad pixels.
[1;38;2;49;54;149m    [INFO][0m - [38;2;116;173;209mprocimg.py:lacosmic:271[0m - Iteration 1: 6092 pixels identified as cosmic rays (6092 are new)
[1;38;2;49;54;149m    [INFO][0m - [38;2;116;173;209mprocimg.py:lacosmic:300[0m - 6026 pixels identified as cosmic rays after removing false positives
[1;38;2;49;54;149m    [INFO][0m - [38;2;116;173;209mpypeit_steps.py:findobj_on_det:381[0m - Object finding begins for KR.20240316.44764.10-feige34_KCRM_20240316T122604.099 on det=1
[1;38;2;49;54;149m    [INFO][0m - [38;2;116;173;209mdatamodel.py:from_file:1558[0m - Loading BiasImage from /Users/kaiwenzhang/PycharmProjects/KCWI/KCWI_RED_channel_characterization/RM1 pypeit run/2024-03-15/pypeit_run/keck_kcrm_B/Calibrations/Bias_B_1_DET01.fits
[1;38;2;253;174;97m [WARNING][0m - [38;2;116;173;209mcalibrations.py:get_dark:606[0m - No raw dark frames found and unable to identify a relevant processed calibration frame.  Continuing...
[1;38;2;49;54;149m    [INFO][0m - [38;2;116;173;209mkeck_kcwi.py:get_rawimage:1426[0m - Reading KCWI file: /Users/kaiwenzhang/PycharmProjects/KCWI/KCWI_RED_channel_characterization/fits/by_night/RM1/2024-03-15/KR.20240316.44764.10.fits
[1;38;2;49;54;149m    [INFO][0m - [38;2;116;173;209mdatamodel.py:from_file:1558[0m - Loading ArcImage from /Users/kaiwenzhang/PycharmProjects/KCWI/KCWI_RED_channel_characterization/RM1 pypeit run/2024-03-15/pypeit_run/keck_kcrm_B/Calibrations/Arc_B_1_DET01.fits
[1;38;2;49;54;149m    [INFO][0m - [38;2;116;173;209mdatamodel.py:from_file:1558[0m - Loading TiltImage from /Users/kaiwenzhang/PycharmProjects/KCWI/KCWI_RED_channel_characterization/RM1 pypeit run/2024-03-15/pypeit_run/keck_kcrm_B/Calibrations/Tiltimg_B_1_DET01.fits
[1;38;2;49;54;149m    [INFO][0m - [38;2;116;173;209mdatamodel.py:from_file:1558[0m - Loading SlitTraceSet from /Users/kaiwenzhang/PycharmProjects/KCWI/KCWI_RED_channel_characterization/RM1 pypeit run/2024-03-15/pypeit_run/keck_kcrm_B/Calibrations/Slits_B_1_DET01.fits.gz
[1;38;2;49;54;149m    [INFO][0m - [38;2;116;173;209mdatamodel.py:from_file:1558[0m - Loading WaveCalib from /Users/kaiwenzhang/PycharmProjects/KCWI/KCWI_RED_channel_characterization/RM1 pypeit run/2024-03-15/pypeit_run/keck_kcrm_B/Calibrations/WaveCalib_B_1_DET01.fits
[1;38;2;49;54;149m    [INFO][0m - [38;2;116;173;209mdatamodel.py:from_file:1558[0m - Loading WaveTilts from /Users/kaiwenzhang/PycharmProjects/KCWI/KCWI_RED_channel_characterization/RM1 pypeit run/2024-03-15/pypeit_run/keck_kcrm_B/Calibrations/Tilts_B_1_DET01.fits
[1;38;2;49;54;149m    [INFO][0m - [38;2;116;173;209mdatamodel.py:from_file:1558[0m - Loading Alignments from /Users/kaiwenzhang/PycharmProjects/KCWI/KCWI_RED_channel_characterization/RM1 pypeit run/2024-03-15/pypeit_run/keck_kcrm_B/Calibrations/Alignment_B_1_DET01.fits
[1;38;2;49;54;149m    [INFO][0m - [38;2;116;173;209mdatamodel.py:from_file:1558[0m - Loading ScatteredLight from /Users/kaiwenzhang/PycharmProjects/KCWI/KCWI_RED_channel_characterization/RM1 pypeit run/2024-03-15/pypeit_run/keck_kcrm_B/Calibrations/ScatteredLight_B_1_DET01.fits.gz
[1;38;2;49;54;149m    [INFO][0m - [38;2;116;173;209mdatamodel.py:from_file:1558[0m - Loading FlatImages from /Users/kaiwenzhang/PycharmProjects/KCWI/KCWI_RED_channel_characterization/RM1 pypeit run/2024-03-15/pypeit_run/keck_kcrm_B/Calibrations/Flat_B_1_DET01.fits
[1;38;2;49;54;149m    [INFO][0m - [38;2;116;173;209mcalibrations.py:run_the_steps:1459[0m - Calibration complete and/or fully loaded!
[1;38;2;49;54;149m    [INFO][0m - [38;2;116;173;209mcalibrations.py:run_the_steps:1460[0m - #######################################################################
[1;38;2;49;54;149m    [INFO][0m - [38;2;116;173;209mpypeit_steps.py:findobj_on_det:387[0m - Reducing detector 1
[1;38;2;49;54;149m    [INFO][0m - [38;2;116;173;209mpypeit_steps.py:load_skyregions:606[0m - Generating skysub mask based on the user defined regions: :36,65:
[1;38;2;49;54;149m    [INFO][0m - [38;2;116;173;209mfind_objects.py:__init__:164[0m - Initializing slits
[1;38;2;49;54;149m    [INFO][0m - [38;2;116;173;209mfind_objects.py:__init__:232[0m - Generating tilts image from fit in waveTilts
[1;38;2;49;54;149m    [INFO][0m - [38;2;116;173;209mwavetilts.py:fit2tiltimg:143[0m - Generating a tilts image from the fit parameters
[1;38;2;49;54;149m    [INFO][0m - [38;2;116;173;209mfind_objects.py:global_skysub:583[0m - Global sky subtraction for slit: 61
[1;38;2;49;54;149m    [INFO][0m - [38;2;116;173;209mskysub.py:global_skysub:195[0m - Full fit in global sky sub.
[1;38;2;49;54;149m    [INFO][0m - [38;2;116;173;209mfitting.py:bspline_profile:1156[0m - B-spline fit:
[1;38;2;49;54;149m    [INFO][0m - [38;2;116;173;209mfitting.py:bspline_profile:1157[0m -     npoly = 2 profile basis functions
[1;38;2;49;54;149m    [INFO][0m - [38;2;116;173;209mfitting.py:bspline_profile:1158[0m -     ngood = 89371/144189 measurements
[1;38;2;49;54;149m    [INFO][0m - [38;2;116;173;209mfitting.py:bspline_profile:1159[0m - ***************** Iter     Chi^2    N Rej  R. Fac *****************
[1;38;2;49;54;149m    [INFO][0m - [38;2;116;173;209mfitting.py:bspline_profile:1163[0m -                   ----  --------  -------  ------                  
[1;38;2;49;54;149m    [INFO][0m - [38;2;116;173;209mfitting.py:bspline_profile:1257[0m -                      1     1.012    54937    1.00                  
[1;38;2;49;54;149m    [INFO][0m - [38;2;116;173;209mfitting.py:bspline_profile:1257[0m -                      2     0.994    54940    1.00                  
[1;38;2;49;54;149m    [INFO][0m - [38;2;116;173;209mfitting.py:bspline_profile:1257[0m -                      3     0.994    54940    1.00                  
[1;38;2;49;54;149m    [INFO][0m - [38;2;116;173;209mfitting.py:bspline_profile:1272[0m -                   DONE     0.994    54940    1.00                  
[1;38;2;49;54;149m    [INFO][0m - [38;2;116;173;209mfitting.py:bspline_profile:1275[0m - *******************************************************************
[1;38;2;49;54;149m    [INFO][0m - [38;2;116;173;209mfind_objects.py:global_skysub:583[0m - Global sky subtraction for slit: 142
[1;38;2;49;54;149m    [INFO][0m - [38;2;116;173;209mskysub.py:global_skysub:195[0m - Full fit in global sky sub.
[1;38;2;49;54;149m    [INFO][0m - [38;2;116;173;209mfitting.py:bspline_profile:1156[0m - B-spline fit:
[1;38;2;49;54;149m    [INFO][0m - [38;2;116;173;209mfitting.py:bspline_profile:1157[0m -     npoly = 2 profile basis functions
[1;38;2;49;54;149m    [INFO][0m - [38;2;116;173;209mfitting.py:bspline_profile:1158[0m -     ngood = 89999/144419 measurements
[1;38;2;49;54;149m    [INFO][0m - [38;2;116;173;209mfitting.py:bspline_profile:1159[0m - ***************** Iter     Chi^2    N Rej  R. Fac *****************
[1;38;2;49;54;149m    [INFO][0m - [38;2;116;173;209mfitting.py:bspline_profile:1163[0m -                   ----  --------  -------  ------                  
[1;38;2;49;54;149m    [INFO][0m - [38;2;116;173;209mfitting.py:bspline_profile:1257[0m -                      1     0.993    54559    1.00                  
[1;38;2;49;54;149m    [INFO][0m - [38;2;116;173;209mfitting.py:bspline_profile:1257[0m -                      2     0.973    54562    1.00                  
[1;38;2;49;54;149m    [INFO][0m - [38;2;116;173;209mfitting.py:bspline_profile:1257[0m -                      3     0.972    54562    1.00                  
[1;38;2;49;54;149m    [INFO][0m - [38;2;116;173;209mfitting.py:bspline_profile:1272[0m -                   DONE     0.972    54562    1.00                  
[1;38;2;49;54;149m    [INFO][0m - [38;2;116;173;209mfitting.py:bspline_profile:1275[0m - *******************************************************************
[1;38;2;49;54;149m    [INFO][0m - [38;2;116;173;209mfind_objects.py:global_skysub:583[0m - Global sky subtraction for slit: 217
[1;38;2;49;54;149m    [INFO][0m - [38;2;116;173;209mskysub.py:global_skysub:195[0m - Full fit in global sky sub.
[1;38;2;49;54;149m    [INFO][0m - [38;2;116;173;209mfitting.py:bspline_profile:1156[0m - B-spline fit:
[1;38;2;49;54;149m    [INFO][0m - [38;2;116;173;209mfitting.py:bspline_profile:1157[0m -     npoly = 2 profile basis functions
[1;38;2;49;54;149m    [INFO][0m - [38;2;116;173;209mfitting.py:bspline_profile:1158[0m -     ngood = 90196/144775 measurements
[1;38;2;49;54;149m    [INFO][0m - [38;2;116;173;209mfitting.py:bspline_profile:1159[0m - ***************** Iter     Chi^2    N Rej  R. Fac *****************
[1;38;2;49;54;149m    [INFO][0m - [38;2;116;173;209mfitting.py:bspline_profile:1163[0m -                   ----  --------  -------  ------                  
[1;38;2;49;54;149m    [INFO][0m - [38;2;116;173;209mfitting.py:bspline_profile:1257[0m -                      1     0.989    54700    1.00                  
[1;38;2;49;54;149m    [INFO][0m - [38;2;116;173;209mfitting.py:bspline_profile:1257[0m -                      2     0.972    54702    1.00                  
[1;38;2;49;54;149m    [INFO][0m - [38;2;116;173;209mfitting.py:bspline_profile:1257[0m -                      3     0.972    54702    1.00                  
[1;38;2;49;54;149m    [INFO][0m - [38;2;116;173;209mfitting.py:bspline_profile:1272[0m -                   DONE     0.972    54702    1.00                  
[1;38;2;49;54;149m    [INFO][0m - [38;2;116;173;209mfitting.py:bspline_profile:1275[0m - *******************************************************************
[1;38;2;49;54;149m    [INFO][0m - [38;2;116;173;209mfind_objects.py:global_skysub:583[0m - Global sky subtraction for slit: 296
[1;38;2;49;54;149m    [INFO][0m - [38;2;116;173;209mskysub.py:global_skysub:195[0m - Full fit in global sky sub.
[1;38;2;49;54;149m    [INFO][0m - [38;2;116;173;209mfitting.py:bspline_profile:1156[0m - B-spline fit:
[1;38;2;49;54;149m    [INFO][0m - [38;2;116;173;209mfitting.py:bspline_profile:1157[0m -     npoly = 2 profile basis functions
[1;38;2;49;54;149m    [INFO][0m - [38;2;116;173;209mfitting.py:bspline_profile:1158[0m -     ngood = 90114/144591 measurements
[1;38;2;49;54;149m    [INFO][0m - [38;2;116;173;209mfitting.py:bspline_profile:1159[0m - ***************** Iter     Chi^2    N Rej  R. Fac *****************
[1;38;2;49;54;149m    [INFO][0m - [38;2;116;173;209mfitting.py:bspline_profile:1163[0m -                   ----  --------  -------  ------                  
[1;38;2;49;54;149m    [INFO][0m - [38;2;116;173;209mfitting.py:bspline_profile:1257[0m -                      1     6.047    54775    1.00                  
[1;38;2;49;54;149m    [INFO][0m - [38;2;116;173;209mfitting.py:bspline_profile:1257[0m -                      2     0.988    54776    1.00                  
[1;38;2;49;54;149m    [INFO][0m - [38;2;116;173;209mfitting.py:bspline_profile:1257[0m -                      3     0.987    54776    1.00                  
[1;38;2;49;54;149m    [INFO][0m - [38;2;116;173;209mfitting.py:bspline_profile:1272[0m -                   DONE     0.987    54776    1.00                  
[1;38;2;49;54;149m    [INFO][0m - [38;2;116;173;209mfitting.py:bspline_profile:1275[0m - *******************************************************************
[1;38;2;49;54;149m    [INFO][0m - [38;2;116;173;209mfind_objects.py:global_skysub:583[0m - Global sky subtraction for slit: 370
[1;38;2;49;54;149m    [INFO][0m - [38;2;116;173;209mskysub.py:global_skysub:195[0m - Full fit in global sky sub.
[1;38;2;49;54;149m    [INFO][0m - [38;2;116;173;209mfitting.py:bspline_profile:1156[0m - B-spline fit:
[1;38;2;49;54;149m    [INFO][0m - [38;2;116;173;209mfitting.py:bspline_profile:1157[0m -     npoly = 2 profile basis functions
[1;38;2;49;54;149m    [INFO][0m - [38;2;116;173;209mfitting.py:bspline_profile:1158[0m -     ngood = 90259/144580 measurements
[1;38;2;49;54;149m    [INFO][0m - [38;2;116;173;209mfitting.py:bspline_profile:1159[0m - ***************** Iter     Chi^2    N Rej  R. Fac *****************
[1;38;2;49;54;149m    [INFO][0m - [38;2;116;173;209mfitting.py:bspline_profile:1163[0m -                   ----  --------  -------  ------                  
[1;38;2;49;54;149m    [INFO][0m - [38;2;116;173;209mfitting.py:bspline_profile:1257[0m -                      1     1.893    54468    1.00                  
[1;38;2;49;54;149m    [INFO][0m - [38;2;116;173;209mfitting.py:bspline_profile:1257[0m -                      2     0.974    54468    1.00                  
[1;38;2;49;54;149m    [INFO][0m - [38;2;116;173;209mfitting.py:bspline_profile:1272[0m -                   DONE     0.974    54468    1.00                  
[1;38;2;49;54;149m    [INFO][0m - [38;2;116;173;209mfitting.py:bspline_profile:1275[0m - *******************************************************************
[1;38;2;49;54;149m    [INFO][0m - [38;2;116;173;209mfind_objects.py:global_skysub:583[0m - Global sky subtraction for slit: 445
[1;38;2;49;54;149m    [INFO][0m - [38;2;116;173;209mskysub.py:global_skysub:195[0m - Full fit in global sky sub.
[1;38;2;49;54;149m    [INFO][0m - [38;2;116;173;209mfitting.py:bspline_profile:1156[0m - B-spline fit:
[1;38;2;49;54;149m    [INFO][0m - [38;2;116;173;209mfitting.py:bspline_profile:1157[0m -     npoly = 2 profile basis functions
[1;38;2;49;54;149m    [INFO][0m - [38;2;116;173;209mfitting.py:bspline_profile:1158[0m -     ngood = 89911/144672 measurements
[1;38;2;49;54;149m    [INFO][0m - [38;2;116;173;209mfitting.py:bspline_profile:1159[0m - ***************** Iter     Chi^2    N Rej  R. Fac *****************
[1;38;2;49;54;149m    [INFO][0m - [38;2;116;173;209mfitting.py:bspline_profile:1163[0m -                   ----  --------  -------  ------                  
[1;38;2;49;54;149m    [INFO][0m - [38;2;116;173;209mfitting.py:bspline_profile:1257[0m -                      1     1.004    54894    1.00                  
[1;38;2;49;54;149m    [INFO][0m - [38;2;116;173;209mfitting.py:bspline_profile:1257[0m -                      2     0.985    54895    1.00                  
[1;38;2;49;54;149m    [INFO][0m - [38;2;116;173;209mfitting.py:bspline_profile:1257[0m -                      3     0.985    54895    1.00                  
[1;38;2;49;54;149m    [INFO][0m - [38;2;116;173;209mfitting.py:bspline_profile:1272[0m -                   DONE     0.985    54895    1.00                  
[1;38;2;49;54;149m    [INFO][0m - [38;2;116;173;209mfitting.py:bspline_profile:1275[0m - *******************************************************************
[1;38;2;49;54;149m    [INFO][0m - [38;2;116;173;209mfind_objects.py:global_skysub:583[0m - Global sky subtraction for slit: 518
[1;38;2;49;54;149m    [INFO][0m - [38;2;116;173;209mskysub.py:global_skysub:195[0m - Full fit in global sky sub.
[1;38;2;49;54;149m    [INFO][0m - [38;2;116;173;209mfitting.py:bspline_profile:1156[0m - B-spline fit:
[1;38;2;49;54;149m    [INFO][0m - [38;2;116;173;209mfitting.py:bspline_profile:1157[0m -     npoly = 2 profile basis functions
[1;38;2;49;54;149m    [INFO][0m - [38;2;116;173;209mfitting.py:bspline_profile:1158[0m -     ngood = 90203/144509 measurements
[1;38;2;49;54;149m    [INFO][0m - [38;2;116;173;209mfitting.py:bspline_profile:1159[0m - ***************** Iter     Chi^2    N Rej  R. Fac *****************
[1;38;2;49;54;149m    [INFO][0m - [38;2;116;173;209mfitting.py:bspline_profile:1163[0m -                   ----  --------  -------  ------                  
[1;38;2;49;54;149m    [INFO][0m - [38;2;116;173;209mfitting.py:bspline_profile:1257[0m -                      1     1.161    54482    1.00                  
[1;38;2;49;54;149m    [INFO][0m - [38;2;116;173;209mfitting.py:bspline_profile:1257[0m -                      2     0.974    54484    1.00                  
[1;38;2;49;54;149m    [INFO][0m - [38;2;116;173;209mfitting.py:bspline_profile:1257[0m -                      3     0.974    54484    1.00                  
[1;38;2;49;54;149m    [INFO][0m - [38;2;116;173;209mfitting.py:bspline_profile:1272[0m -                   DONE     0.974    54484    1.00                  
[1;38;2;49;54;149m    [INFO][0m - [38;2;116;173;209mfitting.py:bspline_profile:1275[0m - *******************************************************************
[1;38;2;49;54;149m    [INFO][0m - [38;2;116;173;209mfind_objects.py:global_skysub:583[0m - Global sky subtraction for slit: 591
[1;38;2;49;54;149m    [INFO][0m - [38;2;116;173;209mskysub.py:global_skysub:195[0m - Full fit in global sky sub.
[1;38;2;49;54;149m    [INFO][0m - [38;2;116;173;209mfitting.py:bspline_profile:1156[0m - B-spline fit:
[1;38;2;49;54;149m    [INFO][0m - [38;2;116;173;209mfitting.py:bspline_profile:1157[0m -     npoly = 2 profile basis functions
[1;38;2;49;54;149m    [INFO][0m - [38;2;116;173;209mfitting.py:bspline_profile:1158[0m -     ngood = 90519/144791 measurements
[1;38;2;49;54;149m    [INFO][0m - [38;2;116;173;209mfitting.py:bspline_profile:1159[0m - ***************** Iter     Chi^2    N Rej  R. Fac *****************
[1;38;2;49;54;149m    [INFO][0m - [38;2;116;173;209mfitting.py:bspline_profile:1163[0m -                   ----  --------  -------  ------                  
[1;38;2;49;54;149m    [INFO][0m - [38;2;116;173;209mfitting.py:bspline_profile:1257[0m -                      1     1.018    54425    1.00                  
[1;38;2;49;54;149m    [INFO][0m - [38;2;116;173;209mfitting.py:bspline_profile:1257[0m -                      2     0.990    54426    1.00                  
[1;38;2;49;54;149m    [INFO][0m - [38;2;116;173;209mfitting.py:bspline_profile:1257[0m -                      3     0.990    54426    1.00                  
[1;38;2;49;54;149m    [INFO][0m - [38;2;116;173;209mfitting.py:bspline_profile:1272[0m -                   DONE     0.990    54426    1.00                  
[1;38;2;49;54;149m    [INFO][0m - [38;2;116;173;209mfitting.py:bspline_profile:1275[0m - *******************************************************************
[1;38;2;49;54;149m    [INFO][0m - [38;2;116;173;209mfind_objects.py:global_skysub:583[0m - Global sky subtraction for slit: 664
[1;38;2;49;54;149m    [INFO][0m - [38;2;116;173;209mskysub.py:global_skysub:195[0m - Full fit in global sky sub.
[1;38;2;49;54;149m    [INFO][0m - [38;2;116;173;209mfitting.py:bspline_profile:1156[0m - B-spline fit:
[1;38;2;49;54;149m    [INFO][0m - [38;2;116;173;209mfitting.py:bspline_profile:1157[0m -     npoly = 2 profile basis functions
[1;38;2;49;54;149m    [INFO][0m - [38;2;116;173;209mfitting.py:bspline_profile:1158[0m -     ngood = 90172/144778 measurements
[1;38;2;49;54;149m    [INFO][0m - [38;2;116;173;209mfitting.py:bspline_profile:1159[0m - ***************** Iter     Chi^2    N Rej  R. Fac *****************
[1;38;2;49;54;149m    [INFO][0m - [38;2;116;173;209mfitting.py:bspline_profile:1163[0m -                   ----  --------  -------  ------                  
[1;38;2;49;54;149m    [INFO][0m - [38;2;116;173;209mfitting.py:bspline_profile:1257[0m -                      1     1.011    54747    1.00                  
[1;38;2;49;54;149m    [INFO][0m - [38;2;116;173;209mfitting.py:bspline_profile:1257[0m -                      2     0.991    54749    1.00                  
[1;38;2;49;54;149m    [INFO][0m - [38;2;116;173;209mfitting.py:bspline_profile:1257[0m -                      3     0.990    54749    1.00                  
[1;38;2;49;54;149m    [INFO][0m - [38;2;116;173;209mfitting.py:bspline_profile:1272[0m -                   DONE     0.990    54749    1.00                  
[1;38;2;49;54;149m    [INFO][0m - [38;2;116;173;209mfitting.py:bspline_profile:1275[0m - *******************************************************************
[1;38;2;49;54;149m    [INFO][0m - [38;2;116;173;209mfind_objects.py:global_skysub:583[0m - Global sky subtraction for slit: 739
[1;38;2;49;54;149m    [INFO][0m - [38;2;116;173;209mskysub.py:global_skysub:195[0m - Full fit in global sky sub.
[1;38;2;49;54;149m    [INFO][0m - [38;2;116;173;209mfitting.py:bspline_profile:1156[0m - B-spline fit:
[1;38;2;49;54;149m    [INFO][0m - [38;2;116;173;209mfitting.py:bspline_profile:1157[0m -     npoly = 2 profile basis functions
[1;38;2;49;54;149m    [INFO][0m - [38;2;116;173;209mfitting.py:bspline_profile:1158[0m -     ngood = 89286/144884 measurements
[1;38;2;49;54;149m    [INFO][0m - [38;2;116;173;209mfitting.py:bspline_profile:1159[0m - ***************** Iter     Chi^2    N Rej  R. Fac *****************
[1;38;2;49;54;149m    [INFO][0m - [38;2;116;173;209mfitting.py:bspline_profile:1163[0m -                   ----  --------  -------  ------                  
[1;38;2;49;54;149m    [INFO][0m - [38;2;116;173;209mfitting.py:bspline_profile:1230[0m -                      1        --       --      --                  
[1;38;2;49;54;149m    [INFO][0m - [38;2;116;173;209mfitting.py:bspline_profile:1257[0m -                      2     1.079    55790    1.00                  
[1;38;2;49;54;149m    [INFO][0m - [38;2;116;173;209mfitting.py:bspline_profile:1257[0m -                      3     1.010    55794    1.00                  
[1;38;2;49;54;149m    [INFO][0m - [38;2;116;173;209mfitting.py:bspline_profile:1257[0m -                      4     1.010    55794    1.00                  
[1;38;2;49;54;149m    [INFO][0m - [38;2;116;173;209mfitting.py:bspline_profile:1272[0m -                   DONE     1.010    55794    1.00                  
[1;38;2;49;54;149m    [INFO][0m - [38;2;116;173;209mfitting.py:bspline_profile:1275[0m - *******************************************************************
[1;38;2;49;54;149m    [INFO][0m - [38;2;116;173;209mfind_objects.py:global_skysub:583[0m - Global sky subtraction for slit: 812
[1;38;2;49;54;149m    [INFO][0m - [38;2;116;173;209mskysub.py:global_skysub:195[0m - Full fit in global sky sub.
[1;38;2;49;54;149m    [INFO][0m - [38;2;116;173;209mfitting.py:bspline_profile:1156[0m - B-spline fit:
[1;38;2;49;54;149m    [INFO][0m - [38;2;116;173;209mfitting.py:bspline_profile:1157[0m -     npoly = 2 profile basis functions
[1;38;2;49;54;149m    [INFO][0m - [38;2;116;173;209mfitting.py:bspline_profile:1158[0m -     ngood = 90001/144693 measurements
[1;38;2;49;54;149m    [INFO][0m - [38;2;116;173;209mfitting.py:bspline_profile:1159[0m - ***************** Iter     Chi^2    N Rej  R. Fac *****************
[1;38;2;49;54;149m    [INFO][0m - [38;2;116;173;209mfitting.py:bspline_profile:1163[0m -                   ----  --------  -------  ------                  
[1;38;2;49;54;149m    [INFO][0m - [38;2;116;173;209mfitting.py:bspline_profile:1257[0m -                      1     1.070    54948    1.00                  
[1;38;2;49;54;149m    [INFO][0m - [38;2;116;173;209mfitting.py:bspline_profile:1257[0m -                      2     1.032    54952    1.00                  
[1;38;2;49;54;149m    [INFO][0m - [38;2;116;173;209mfitting.py:bspline_profile:1257[0m -                      3     1.032    54952    1.00                  
[1;38;2;49;54;149m    [INFO][0m - [38;2;116;173;209mfitting.py:bspline_profile:1272[0m -                   DONE     1.032    54952    1.00                  
[1;38;2;49;54;149m    [INFO][0m - [38;2;116;173;209mfitting.py:bspline_profile:1275[0m - *******************************************************************
[1;38;2;49;54;149m    [INFO][0m - [38;2;116;173;209mfind_objects.py:global_skysub:583[0m - Global sky subtraction for slit: 886
[1;38;2;49;54;149m    [INFO][0m - [38;2;116;173;209mskysub.py:global_skysub:195[0m - Full fit in global sky sub.
[1;38;2;49;54;149m    [INFO][0m - [38;2;116;173;209mfitting.py:bspline_profile:1156[0m - B-spline fit:
[1;38;2;49;54;149m    [INFO][0m - [38;2;116;173;209mfitting.py:bspline_profile:1157[0m -     npoly = 2 profile basis functions
[1;38;2;49;54;149m    [INFO][0m - [38;2;116;173;209mfitting.py:bspline_profile:1158[0m -     ngood = 90352/145125 measurements
[1;38;2;49;54;149m    [INFO][0m - [38;2;116;173;209mfitting.py:bspline_profile:1159[0m - ***************** Iter     Chi^2    N Rej  R. Fac *****************
[1;38;2;49;54;149m    [INFO][0m - [38;2;116;173;209mfitting.py:bspline_profile:1163[0m -                   ----  --------  -------  ------                  
[1;38;2;49;54;149m    [INFO][0m - [38;2;116;173;209mfitting.py:bspline_profile:1257[0m -                      1     1.447    55981    1.00                  
[1;38;2;49;54;149m    [INFO][0m - [38;2;116;173;209mfitting.py:bspline_profile:1257[0m -                      2     1.261    56056    1.00                  
[1;38;2;49;54;149m    [INFO][0m - [38;2;116;173;209mfitting.py:bspline_profile:1257[0m -                      3     1.252    56060    1.00                  
[1;38;2;49;54;149m    [INFO][0m - [38;2;116;173;209mfitting.py:bspline_profile:1257[0m -                      4     1.252    56060    1.00                  
[1;38;2;49;54;149m    [INFO][0m - [38;2;116;173;209mfitting.py:bspline_profile:1272[0m -                   DONE     1.252    56060    1.00                  
[1;38;2;49;54;149m    [INFO][0m - [38;2;116;173;209mfitting.py:bspline_profile:1275[0m - *******************************************************************
[1;38;2;49;54;149m    [INFO][0m - [38;2;116;173;209mfind_objects.py:global_skysub:583[0m - Global sky subtraction for slit: 1164
[1;38;2;49;54;149m    [INFO][0m - [38;2;116;173;209mskysub.py:global_skysub:195[0m - Full fit in global sky sub.
[1;38;2;49;54;149m    [INFO][0m - [38;2;116;173;209mfitting.py:bspline_profile:1156[0m - B-spline fit:
[1;38;2;49;54;149m    [INFO][0m - [38;2;116;173;209mfitting.py:bspline_profile:1157[0m -     npoly = 2 profile basis functions
[1;38;2;49;54;149m    [INFO][0m - [38;2;116;173;209mfitting.py:bspline_profile:1158[0m -     ngood = 90224/145334 measurements
[1;38;2;49;54;149m    [INFO][0m - [38;2;116;173;209mfitting.py:bspline_profile:1159[0m - ***************** Iter     Chi^2    N Rej  R. Fac *****************
[1;38;2;49;54;149m    [INFO][0m - [38;2;116;173;209mfitting.py:bspline_profile:1163[0m -                   ----  --------  -------  ------                  
[1;38;2;49;54;149m    [INFO][0m - [38;2;116;173;209mfitting.py:bspline_profile:1257[0m -                      1     1.515    56375    1.00                  
[1;38;2;49;54;149m    [INFO][0m - [38;2;116;173;209mfitting.py:bspline_profile:1257[0m -                      2     1.307    56486    1.00                  
[1;38;2;49;54;149m    [INFO][0m - [38;2;116;173;209mfitting.py:bspline_profile:1257[0m -                      3     1.293    56494    1.00                  
[1;38;2;49;54;149m    [INFO][0m - [38;2;116;173;209mfitting.py:bspline_profile:1257[0m -                      4     1.292    56494    1.00                  
[1;38;2;49;54;149m    [INFO][0m - [38;2;116;173;209mfitting.py:bspline_profile:1272[0m -                   DONE     1.292    56494    1.00                  
[1;38;2;49;54;149m    [INFO][0m - [38;2;116;173;209mfitting.py:bspline_profile:1275[0m - *******************************************************************
[1;38;2;49;54;149m    [INFO][0m - [38;2;116;173;209mfind_objects.py:global_skysub:583[0m - Global sky subtraction for slit: 1238
[1;38;2;49;54;149m    [INFO][0m - [38;2;116;173;209mskysub.py:global_skysub:195[0m - Full fit in global sky sub.
[1;38;2;49;54;149m    [INFO][0m - [38;2;116;173;209mfitting.py:bspline_profile:1156[0m - B-spline fit:
[1;38;2;49;54;149m    [INFO][0m - [38;2;116;173;209mfitting.py:bspline_profile:1157[0m -     npoly = 2 profile basis functions
[1;38;2;49;54;149m    [INFO][0m - [38;2;116;173;209mfitting.py:bspline_profile:1158[0m -     ngood = 90196/145426 measurements
[1;38;2;49;54;149m    [INFO][0m - [38;2;116;173;209mfitting.py:bspline_profile:1159[0m - ***************** Iter     Chi^2    N Rej  R. Fac *****************
[1;38;2;49;54;149m    [INFO][0m - [38;2;116;173;209mfitting.py:bspline_profile:1163[0m -                   ----  --------  -------  ------                  
[1;38;2;49;54;149m    [INFO][0m - [38;2;116;173;209mfitting.py:bspline_profile:1257[0m -                      1     1.895    55620    1.00                  
[1;38;2;49;54;149m    [INFO][0m - [38;2;116;173;209mfitting.py:bspline_profile:1257[0m -                      2     1.076    55634    1.00                  
[1;38;2;49;54;149m    [INFO][0m - [38;2;116;173;209mfitting.py:bspline_profile:1257[0m -                      3     1.074    55634    1.00                  
[1;38;2;49;54;149m    [INFO][0m - [38;2;116;173;209mfitting.py:bspline_profile:1272[0m -                   DONE     1.074    55634    1.00                  
[1;38;2;49;54;149m    [INFO][0m - [38;2;116;173;209mfitting.py:bspline_profile:1275[0m - *******************************************************************
[1;38;2;49;54;149m    [INFO][0m - [38;2;116;173;209mfind_objects.py:global_skysub:583[0m - Global sky subtraction for slit: 1312
[1;38;2;49;54;149m    [INFO][0m - [38;2;116;173;209mskysub.py:global_skysub:195[0m - Full fit in global sky sub.
[1;38;2;49;54;149m    [INFO][0m - [38;2;116;173;209mfitting.py:bspline_profile:1156[0m - B-spline fit:
[1;38;2;49;54;149m    [INFO][0m - [38;2;116;173;209mfitting.py:bspline_profile:1157[0m -     npoly = 2 profile basis functions
[1;38;2;49;54;149m    [INFO][0m - [38;2;116;173;209mfitting.py:bspline_profile:1158[0m -     ngood = 90736/145438 measurements
[1;38;2;49;54;149m    [INFO][0m - [38;2;116;173;209mfitting.py:bspline_profile:1159[0m - ***************** Iter     Chi^2    N Rej  R. Fac *****************
[1;38;2;49;54;149m    [INFO][0m - [38;2;116;173;209mfitting.py:bspline_profile:1163[0m -                   ----  --------  -------  ------                  
[1;38;2;49;54;149m    [INFO][0m - [38;2;116;173;209mfitting.py:bspline_profile:1257[0m -                      1     1.062    54906    1.00                  
[1;38;2;49;54;149m    [INFO][0m - [38;2;116;173;209mfitting.py:bspline_profile:1257[0m -                      2     1.031    54914    1.00                  
[1;38;2;49;54;149m    [INFO][0m - [38;2;116;173;209mfitting.py:bspline_profile:1257[0m -                      3     1.030    54914    1.00                  
[1;38;2;49;54;149m    [INFO][0m - [38;2;116;173;209mfitting.py:bspline_profile:1272[0m -                   DONE     1.030    54914    1.00                  
[1;38;2;49;54;149m    [INFO][0m - [38;2;116;173;209mfitting.py:bspline_profile:1275[0m - *******************************************************************
[1;38;2;49;54;149m    [INFO][0m - [38;2;116;173;209mfind_objects.py:global_skysub:583[0m - Global sky subtraction for slit: 1386
[1;38;2;49;54;149m    [INFO][0m - [38;2;116;173;209mskysub.py:global_skysub:195[0m - Full fit in global sky sub.
[1;38;2;49;54;149m    [INFO][0m - [38;2;116;173;209mfitting.py:bspline_profile:1156[0m - B-spline fit:
[1;38;2;49;54;149m    [INFO][0m - [38;2;116;173;209mfitting.py:bspline_profile:1157[0m -     npoly = 2 profile basis functions
[1;38;2;49;54;149m    [INFO][0m - [38;2;116;173;209mfitting.py:bspline_profile:1158[0m -     ngood = 90683/145651 measurements
[1;38;2;49;54;149m    [INFO][0m - [38;2;116;173;209mfitting.py:bspline_profile:1159[0m - ***************** Iter     Chi^2    N Rej  R. Fac *****************
[1;38;2;49;54;149m    [INFO][0m - [38;2;116;173;209mfitting.py:bspline_profile:1163[0m -                   ----  --------  -------  ------                  
[1;38;2;49;54;149m    [INFO][0m - [38;2;116;173;209mfitting.py:bspline_profile:1257[0m -                      1     1.041    55142    1.00                  
[1;38;2;49;54;149m    [INFO][0m - [38;2;116;173;209mfitting.py:bspline_profile:1257[0m -                      2     1.015    55146    1.00                  
[1;38;2;49;54;149m    [INFO][0m - [38;2;116;173;209mfitting.py:bspline_profile:1257[0m -                      3     1.015    55146    1.00                  
[1;38;2;49;54;149m    [INFO][0m - [38;2;116;173;209mfitting.py:bspline_profile:1272[0m -                   DONE     1.015    55146    1.00                  
[1;38;2;49;54;149m    [INFO][0m - [38;2;116;173;209mfitting.py:bspline_profile:1275[0m - *******************************************************************
[1;38;2;49;54;149m    [INFO][0m - [38;2;116;173;209mfind_objects.py:global_skysub:583[0m - Global sky subtraction for slit: 1459
[1;38;2;49;54;149m    [INFO][0m - [38;2;116;173;209mskysub.py:global_skysub:195[0m - Full fit in global sky sub.
[1;38;2;49;54;149m    [INFO][0m - [38;2;116;173;209mfitting.py:bspline_profile:1156[0m - B-spline fit:
[1;38;2;49;54;149m    [INFO][0m - [38;2;116;173;209mfitting.py:bspline_profile:1157[0m -     npoly = 2 profile basis functions
[1;38;2;49;54;149m    [INFO][0m - [38;2;116;173;209mfitting.py:bspline_profile:1158[0m -     ngood = 89900/145127 measurements
[1;38;2;49;54;149m    [INFO][0m - [38;2;116;173;209mfitting.py:bspline_profile:1159[0m - ***************** Iter     Chi^2    N Rej  R. Fac *****************
[1;38;2;49;54;149m    [INFO][0m - [38;2;116;173;209mfitting.py:bspline_profile:1163[0m -                   ----  --------  -------  ------                  
[1;38;2;49;54;149m    [INFO][0m - [38;2;116;173;209mfitting.py:bspline_profile:1257[0m -                      1     1.026    55415    1.00                  
[1;38;2;49;54;149m    [INFO][0m - [38;2;116;173;209mfitting.py:bspline_profile:1257[0m -                      2     0.997    55418    1.00                  
[1;38;2;49;54;149m    [INFO][0m - [38;2;116;173;209mfitting.py:bspline_profile:1257[0m -                      3     0.997    55418    1.00                  
[1;38;2;49;54;149m    [INFO][0m - [38;2;116;173;209mfitting.py:bspline_profile:1272[0m -                   DONE     0.997    55418    1.00                  
[1;38;2;49;54;149m    [INFO][0m - [38;2;116;173;209mfitting.py:bspline_profile:1275[0m - *******************************************************************
[1;38;2;49;54;149m    [INFO][0m - [38;2;116;173;209mfind_objects.py:global_skysub:583[0m - Global sky subtraction for slit: 1534
[1;38;2;49;54;149m    [INFO][0m - [38;2;116;173;209mskysub.py:global_skysub:195[0m - Full fit in global sky sub.
[1;38;2;49;54;149m    [INFO][0m - [38;2;116;173;209mfitting.py:bspline_profile:1156[0m - B-spline fit:
[1;38;2;49;54;149m    [INFO][0m - [38;2;116;173;209mfitting.py:bspline_profile:1157[0m -     npoly = 2 profile basis functions
[1;38;2;49;54;149m    [INFO][0m - [38;2;116;173;209mfitting.py:bspline_profile:1158[0m -     ngood = 90448/144938 measurements
[1;38;2;49;54;149m    [INFO][0m - [38;2;116;173;209mfitting.py:bspline_profile:1159[0m - ***************** Iter     Chi^2    N Rej  R. Fac *****************
[1;38;2;49;54;149m    [INFO][0m - [38;2;116;173;209mfitting.py:bspline_profile:1163[0m -                   ----  --------  -------  ------                  
[1;38;2;49;54;149m    [INFO][0m - [38;2;116;173;209mfitting.py:bspline_profile:1257[0m -                      1     1.026    54655    1.00                  
[1;38;2;49;54;149m    [INFO][0m - [38;2;116;173;209mfitting.py:bspline_profile:1257[0m -                      2     1.002    54659    1.00                  
[1;38;2;49;54;149m    [INFO][0m - [38;2;116;173;209mfitting.py:bspline_profile:1257[0m -                      3     1.002    54659    1.00                  
[1;38;2;49;54;149m    [INFO][0m - [38;2;116;173;209mfitting.py:bspline_profile:1272[0m -                   DONE     1.002    54659    1.00                  
[1;38;2;49;54;149m    [INFO][0m - [38;2;116;173;209mfitting.py:bspline_profile:1275[0m - *******************************************************************
[1;38;2;49;54;149m    [INFO][0m - [38;2;116;173;209mfind_objects.py:global_skysub:583[0m - Global sky subtraction for slit: 1608
[1;38;2;49;54;149m    [INFO][0m - [38;2;116;173;209mskysub.py:global_skysub:195[0m - Full fit in global sky sub.
[1;38;2;49;54;149m    [INFO][0m - [38;2;116;173;209mfitting.py:bspline_profile:1156[0m - B-spline fit:
[1;38;2;49;54;149m    [INFO][0m - [38;2;116;173;209mfitting.py:bspline_profile:1157[0m -     npoly = 2 profile basis functions
[1;38;2;49;54;149m    [INFO][0m - [38;2;116;173;209mfitting.py:bspline_profile:1158[0m -     ngood = 91177/145535 measurements
[1;38;2;49;54;149m    [INFO][0m - [38;2;116;173;209mfitting.py:bspline_profile:1159[0m - ***************** Iter     Chi^2    N Rej  R. Fac *****************
[1;38;2;49;54;149m    [INFO][0m - [38;2;116;173;209mfitting.py:bspline_profile:1163[0m -                   ----  --------  -------  ------                  
[1;38;2;49;54;149m    [INFO][0m - [38;2;116;173;209mfitting.py:bspline_profile:1257[0m -                      1     1.017    54531    1.00                  
[1;38;2;49;54;149m    [INFO][0m - [38;2;116;173;209mfitting.py:bspline_profile:1257[0m -                      2     0.991    54537    1.00                  
[1;38;2;49;54;149m    [INFO][0m - [38;2;116;173;209mfitting.py:bspline_profile:1257[0m -                      3     0.991    54537    1.00                  
[1;38;2;49;54;149m    [INFO][0m - [38;2;116;173;209mfitting.py:bspline_profile:1272[0m -                   DONE     0.991    54537    1.00                  
[1;38;2;49;54;149m    [INFO][0m - [38;2;116;173;209mfitting.py:bspline_profile:1275[0m - *******************************************************************
[1;38;2;49;54;149m    [INFO][0m - [38;2;116;173;209mfind_objects.py:global_skysub:583[0m - Global sky subtraction for slit: 1683
[1;38;2;49;54;149m    [INFO][0m - [38;2;116;173;209mskysub.py:global_skysub:195[0m - Full fit in global sky sub.
[1;38;2;49;54;149m    [INFO][0m - [38;2;116;173;209mfitting.py:bspline_profile:1156[0m - B-spline fit:
[1;38;2;49;54;149m    [INFO][0m - [38;2;116;173;209mfitting.py:bspline_profile:1157[0m -     npoly = 2 profile basis functions
[1;38;2;49;54;149m    [INFO][0m - [38;2;116;173;209mfitting.py:bspline_profile:1158[0m -     ngood = 90031/145061 measurements
[1;38;2;49;54;149m    [INFO][0m - [38;2;116;173;209mfitting.py:bspline_profile:1159[0m - ***************** Iter     Chi^2    N Rej  R. Fac *****************
[1;38;2;49;54;149m    [INFO][0m - [38;2;116;173;209mfitting.py:bspline_profile:1163[0m -                   ----  --------  -------  ------                  
[1;38;2;49;54;149m    [INFO][0m - [38;2;116;173;209mfitting.py:bspline_profile:1257[0m -                      1     1.016    55199    1.00                  
[1;38;2;49;54;149m    [INFO][0m - [38;2;116;173;209mfitting.py:bspline_profile:1257[0m -                      2     0.988    55201    1.00                  
[1;38;2;49;54;149m    [INFO][0m - [38;2;116;173;209mfitting.py:bspline_profile:1257[0m -                      3     0.987    55201    1.00                  
[1;38;2;49;54;149m    [INFO][0m - [38;2;116;173;209mfitting.py:bspline_profile:1272[0m -                   DONE     0.987    55201    1.00                  
[1;38;2;49;54;149m    [INFO][0m - [38;2;116;173;209mfitting.py:bspline_profile:1275[0m - *******************************************************************
[1;38;2;49;54;149m    [INFO][0m - [38;2;116;173;209mfind_objects.py:global_skysub:583[0m - Global sky subtraction for slit: 1758
[1;38;2;49;54;149m    [INFO][0m - [38;2;116;173;209mskysub.py:global_skysub:195[0m - Full fit in global sky sub.
[1;38;2;49;54;149m    [INFO][0m - [38;2;116;173;209mfitting.py:bspline_profile:1156[0m - B-spline fit:
[1;38;2;49;54;149m    [INFO][0m - [38;2;116;173;209mfitting.py:bspline_profile:1157[0m -     npoly = 2 profile basis functions
[1;38;2;49;54;149m    [INFO][0m - [38;2;116;173;209mfitting.py:bspline_profile:1158[0m -     ngood = 89883/145018 measurements
[1;38;2;49;54;149m    [INFO][0m - [38;2;116;173;209mfitting.py:bspline_profile:1159[0m - ***************** Iter     Chi^2    N Rej  R. Fac *****************
[1;38;2;49;54;149m    [INFO][0m - [38;2;116;173;209mfitting.py:bspline_profile:1163[0m -                   ----  --------  -------  ------                  
[1;38;2;49;54;149m    [INFO][0m - [38;2;116;173;209mfitting.py:bspline_profile:1257[0m -                      1     1.024    55280    1.00                  
[1;38;2;49;54;149m    [INFO][0m - [38;2;116;173;209mfitting.py:bspline_profile:1257[0m -                      2     1.002    55281    1.00                  
[1;38;2;49;54;149m    [INFO][0m - [38;2;116;173;209mfitting.py:bspline_profile:1257[0m -                      3     1.001    55282    1.00                  
[1;38;2;49;54;149m    [INFO][0m - [38;2;116;173;209mfitting.py:bspline_profile:1257[0m -                      4     1.001    55282    1.00                  
[1;38;2;49;54;149m    [INFO][0m - [38;2;116;173;209mfitting.py:bspline_profile:1272[0m -                   DONE     1.001    55282    1.00                  
[1;38;2;49;54;149m    [INFO][0m - [38;2;116;173;209mfitting.py:bspline_profile:1275[0m - *******************************************************************
[1;38;2;49;54;149m    [INFO][0m - [38;2;116;173;209mfind_objects.py:global_skysub:583[0m - Global sky subtraction for slit: 1837
[1;38;2;49;54;149m    [INFO][0m - [38;2;116;173;209mskysub.py:global_skysub:195[0m - Full fit in global sky sub.
[1;38;2;49;54;149m    [INFO][0m - [38;2;116;173;209mfitting.py:bspline_profile:1156[0m - B-spline fit:
[1;38;2;49;54;149m    [INFO][0m - [38;2;116;173;209mfitting.py:bspline_profile:1157[0m -     npoly = 2 profile basis functions
[1;38;2;49;54;149m    [INFO][0m - [38;2;116;173;209mfitting.py:bspline_profile:1158[0m -     ngood = 89936/145027 measurements
[1;38;2;49;54;149m    [INFO][0m - [38;2;116;173;209mfitting.py:bspline_profile:1159[0m - ***************** Iter     Chi^2    N Rej  R. Fac *****************
[1;38;2;49;54;149m    [INFO][0m - [38;2;116;173;209mfitting.py:bspline_profile:1163[0m -                   ----  --------  -------  ------                  
[1;38;2;49;54;149m    [INFO][0m - [38;2;116;173;209mfitting.py:bspline_profile:1257[0m -                      1     1.032    55253    1.00                  
[1;38;2;49;54;149m    [INFO][0m - [38;2;116;173;209mfitting.py:bspline_profile:1257[0m -                      2     1.006    55257    1.00                  
[1;38;2;49;54;149m    [INFO][0m - [38;2;116;173;209mfitting.py:bspline_profile:1257[0m -                      3     1.005    55258    1.00                  
[1;38;2;49;54;149m    [INFO][0m - [38;2;116;173;209mfitting.py:bspline_profile:1257[0m -                      4     1.005    55258    1.00                  
[1;38;2;49;54;149m    [INFO][0m - [38;2;116;173;209mfitting.py:bspline_profile:1272[0m -                   DONE     1.005    55258    1.00                  
[1;38;2;49;54;149m    [INFO][0m - [38;2;116;173;209mfitting.py:bspline_profile:1275[0m - *******************************************************************
[1;38;2;49;54;149m    [INFO][0m - [38;2;116;173;209mfind_objects.py:global_skysub:583[0m - Global sky subtraction for slit: 1914
[1;38;2;49;54;149m    [INFO][0m - [38;2;116;173;209mskysub.py:global_skysub:195[0m - Full fit in global sky sub.
[1;38;2;49;54;149m    [INFO][0m - [38;2;116;173;209mfitting.py:bspline_profile:1156[0m - B-spline fit:
[1;38;2;49;54;149m    [INFO][0m - [38;2;116;173;209mfitting.py:bspline_profile:1157[0m -     npoly = 2 profile basis functions
[1;38;2;49;54;149m    [INFO][0m - [38;2;116;173;209mfitting.py:bspline_profile:1158[0m -     ngood = 90048/144812 measurements
[1;38;2;49;54;149m    [INFO][0m - [38;2;116;173;209mfitting.py:bspline_profile:1159[0m - ***************** Iter     Chi^2    N Rej  R. Fac *****************
[1;38;2;49;54;149m    [INFO][0m - [38;2;116;173;209mfitting.py:bspline_profile:1163[0m -                   ----  --------  -------  ------                  
[1;38;2;49;54;149m    [INFO][0m - [38;2;116;173;209mfitting.py:bspline_profile:1257[0m -                      1     1.016    54933    1.00                  
[1;38;2;49;54;149m    [INFO][0m - [38;2;116;173;209mfitting.py:bspline_profile:1257[0m -                      2     0.990    54936    1.00                  
[1;38;2;49;54;149m    [INFO][0m - [38;2;116;173;209mfitting.py:bspline_profile:1257[0m -                      3     0.990    54936    1.00                  
[1;38;2;49;54;149m    [INFO][0m - [38;2;116;173;209mfitting.py:bspline_profile:1272[0m -                   DONE     0.990    54936    1.00                  
[1;38;2;49;54;149m    [INFO][0m - [38;2;116;173;209mfitting.py:bspline_profile:1275[0m - *******************************************************************
[1;38;2;49;54;149m    [INFO][0m - [38;2;116;173;209mfind_objects.py:global_skysub:583[0m - Global sky subtraction for slit: 1996
[1;38;2;49;54;149m    [INFO][0m - [38;2;116;173;209mskysub.py:global_skysub:195[0m - Full fit in global sky sub.
[1;38;2;49;54;149m    [INFO][0m - [38;2;116;173;209mfitting.py:bspline_profile:1156[0m - B-spline fit:
[1;38;2;49;54;149m    [INFO][0m - [38;2;116;173;209mfitting.py:bspline_profile:1157[0m -     npoly = 2 profile basis functions
[1;38;2;49;54;149m    [INFO][0m - [38;2;116;173;209mfitting.py:bspline_profile:1158[0m -     ngood = 90723/145414 measurements
[1;38;2;49;54;149m    [INFO][0m - [38;2;116;173;209mfitting.py:bspline_profile:1159[0m - ***************** Iter     Chi^2    N Rej  R. Fac *****************
[1;38;2;49;54;149m    [INFO][0m - [38;2;116;173;209mfitting.py:bspline_profile:1163[0m -                   ----  --------  -------  ------                  
[1;38;2;49;54;149m    [INFO][0m - [38;2;116;173;209mfitting.py:bspline_profile:1257[0m -                      1     1.020    54842    1.00                  
[1;38;2;49;54;149m    [INFO][0m - [38;2;116;173;209mfitting.py:bspline_profile:1257[0m -                      2     0.998    54845    1.00                  
[1;38;2;49;54;149m    [INFO][0m - [38;2;116;173;209mfitting.py:bspline_profile:1257[0m -                      3     0.998    54845    1.00                  
[1;38;2;49;54;149m    [INFO][0m - [38;2;116;173;209mfitting.py:bspline_profile:1272[0m -                   DONE     0.998    54845    1.00                  
[1;38;2;49;54;149m    [INFO][0m - [38;2;116;173;209mfitting.py:bspline_profile:1275[0m - *******************************************************************
[1;38;2;49;54;149m    [INFO][0m - [38;2;116;173;209mfind_objects.py:find_objects_pypeline:788[0m - Finding objects on slit # 61
[1;38;2;49;54;149m    [INFO][0m - [38;2;116;173;209mfindobj_skymask.py:objs_in_slit:2095[0m - No objects found automatically.  Consider manual extraction.
[1;38;2;49;54;149m    [INFO][0m - [38;2;116;173;209mfind_objects.py:find_objects_pypeline:788[0m - Finding objects on slit # 142
[1;38;2;49;54;149m    [INFO][0m - [38;2;116;173;209mfindobj_skymask.py:objs_in_slit:2095[0m - No objects found automatically.  Consider manual extraction.
[1;38;2;49;54;149m    [INFO][0m - [38;2;116;173;209mfind_objects.py:find_objects_pypeline:788[0m - Finding objects on slit # 217
[1;38;2;49;54;149m    [INFO][0m - [38;2;116;173;209mfindobj_skymask.py:objs_in_slit:2095[0m - No objects found automatically.  Consider manual extraction.
[1;38;2;49;54;149m    [INFO][0m - [38;2;116;173;209mfind_objects.py:find_objects_pypeline:788[0m - Finding objects on slit # 296
[1;38;2;49;54;149m    [INFO][0m - [38;2;116;173;209mfindobj_skymask.py:objs_in_slit:2095[0m - No objects found automatically.  Consider manual extraction.
[1;38;2;49;54;149m    [INFO][0m - [38;2;116;173;209mfind_objects.py:find_objects_pypeline:788[0m - Finding objects on slit # 370
[1;38;2;49;54;149m    [INFO][0m - [38;2;116;173;209mfindobj_skymask.py:objs_in_slit:2095[0m - No objects found automatically.  Consider manual extraction.
[1;38;2;49;54;149m    [INFO][0m - [38;2;116;173;209mfind_objects.py:find_objects_pypeline:788[0m - Finding objects on slit # 445
[1;38;2;49;54;149m    [INFO][0m - [38;2;116;173;209mfindobj_skymask.py:objs_in_slit:2095[0m - No objects found automatically.  Consider manual extraction.
[1;38;2;49;54;149m    [INFO][0m - [38;2;116;173;209mfind_objects.py:find_objects_pypeline:788[0m - Finding objects on slit # 518
[1;38;2;49;54;149m    [INFO][0m - [38;2;116;173;209mfindobj_skymask.py:objs_in_slit:2095[0m - No objects found automatically.  Consider manual extraction.
[1;38;2;49;54;149m    [INFO][0m - [38;2;116;173;209mfind_objects.py:find_objects_pypeline:788[0m - Finding objects on slit # 591
[1;38;2;49;54;149m    [INFO][0m - [38;2;116;173;209mfindobj_skymask.py:objs_in_slit:2073[0m - Using slit edges as crutch for object tracing
[1;38;2;49;54;149m    [INFO][0m - [38;2;116;173;209mfindobj_skymask.py:objs_in_slit:2098[0m - Automatic finding routine found 1 objects
[1;38;2;49;54;149m    [INFO][0m - [38;2;116;173;209mfindobj_skymask.py:objs_in_slit:2102[0m - Fitting the traces
[1;38;2;253;174;97m [WARNING][0m - [38;2;116;173;209mpolyutils.py:_fit:662[0m - RankWarning: The fit may be poorly conditioned
[1;38;2;49;54;149m    [INFO][0m - [38;2;116;173;209mfindobj_skymask.py:objs_in_slit:2254[0m - Successfully traced a total of 1 objects
[1;38;2;49;54;149m    [INFO][0m - [38;2;116;173;209mfind_objects.py:find_objects_pypeline:788[0m - Finding objects on slit # 664
[1;38;2;49;54;149m    [INFO][0m - [38;2;116;173;209mfindobj_skymask.py:objs_in_slit:2073[0m - Using slit edges as crutch for object tracing
[1;38;2;49;54;149m    [INFO][0m - [38;2;116;173;209mfindobj_skymask.py:objs_in_slit:2098[0m - Automatic finding routine found 1 objects
[1;38;2;49;54;149m    [INFO][0m - [38;2;116;173;209mfindobj_skymask.py:objs_in_slit:2102[0m - Fitting the traces
[1;38;2;253;174;97m [WARNING][0m - [38;2;116;173;209mpolyutils.py:_fit:662[0m - RankWarning: The fit may be poorly conditioned
[1;38;2;49;54;149m    [INFO][0m - [38;2;116;173;209mfindobj_skymask.py:objs_in_slit:2254[0m - Successfully traced a total of 1 objects
[1;38;2;49;54;149m    [INFO][0m - [38;2;116;173;209mfind_objects.py:find_objects_pypeline:788[0m - Finding objects on slit # 739
[1;38;2;49;54;149m    [INFO][0m - [38;2;116;173;209mfindobj_skymask.py:objs_in_slit:2073[0m - Using slit edges as crutch for object tracing
[1;38;2;49;54;149m    [INFO][0m - [38;2;116;173;209mfindobj_skymask.py:objs_in_slit:2098[0m - Automatic finding routine found 1 objects
[1;38;2;49;54;149m    [INFO][0m - [38;2;116;173;209mfindobj_skymask.py:objs_in_slit:2102[0m - Fitting the traces
[1;38;2;253;174;97m [WARNING][0m - [38;2;116;173;209mpolyutils.py:_fit:662[0m - RankWarning: The fit may be poorly conditioned
[1;38;2;49;54;149m    [INFO][0m - [38;2;116;173;209mfindobj_skymask.py:objs_in_slit:2254[0m - Successfully traced a total of 1 objects
[1;38;2;49;54;149m    [INFO][0m - [38;2;116;173;209mfind_objects.py:find_objects_pypeline:788[0m - Finding objects on slit # 812
[1;38;2;49;54;149m    [INFO][0m - [38;2;116;173;209mfindobj_skymask.py:objs_in_slit:2073[0m - Using slit edges as crutch for object tracing
[1;38;2;49;54;149m    [INFO][0m - [38;2;116;173;209mfindobj_skymask.py:objs_in_slit:2098[0m - Automatic finding routine found 1 objects
[1;38;2;49;54;149m    [INFO][0m - [38;2;116;173;209mfindobj_skymask.py:objs_in_slit:2102[0m - Fitting the traces
[1;38;2;253;174;97m [WARNING][0m - [38;2;116;173;209mpolyutils.py:_fit:662[0m - RankWarning: The fit may be poorly conditioned
[1;38;2;49;54;149m    [INFO][0m - [38;2;116;173;209mfindobj_skymask.py:objs_in_slit:2254[0m - Successfully traced a total of 1 objects
[1;38;2;49;54;149m    [INFO][0m - [38;2;116;173;209mfind_objects.py:find_objects_pypeline:788[0m - Finding objects on slit # 886
[1;38;2;253;174;97m [WARNING][0m - [38;2;116;173;209mfindobj_skymask.py:objs_in_slit:2000[0m - Discarding 1 at spatial pixels spat = [0.96013021] which land within trim_edg = (left, right) = [5, 5] pixels from the slit boundary for this nsamp = 71.00 wide slit
[1;38;2;253;174;97m [WARNING][0m - [38;2;116;173;209mfindobj_skymask.py:objs_in_slit:2004[0m - You must decrease from the current value of trim_edg in order to keep them
[1;38;2;253;174;97m [WARNING][0m - [38;2;116;173;209mfindobj_skymask.py:objs_in_slit:2005[0m - Such edge objects are often spurious
[1;38;2;49;54;149m    [INFO][0m - [38;2;116;173;209mfindobj_skymask.py:objs_in_slit:2073[0m - Using slit edges as crutch for object tracing
[1;38;2;49;54;149m    [INFO][0m - [38;2;116;173;209mfindobj_skymask.py:objs_in_slit:2098[0m - Automatic finding routine found 1 objects
[1;38;2;49;54;149m    [INFO][0m - [38;2;116;173;209mfindobj_skymask.py:objs_in_slit:2102[0m - Fitting the traces
[1;38;2;253;174;97m [WARNING][0m - [38;2;116;173;209mpolyutils.py:_fit:662[0m - RankWarning: The fit may be poorly conditioned
[1;38;2;49;54;149m    [INFO][0m - [38;2;116;173;209mfindobj_skymask.py:objs_in_slit:2254[0m - Successfully traced a total of 1 objects
[1;38;2;49;54;149m    [INFO][0m - [38;2;116;173;209mfind_objects.py:find_objects_pypeline:788[0m - Finding objects on slit # 1164
[1;38;2;49;54;149m    [INFO][0m - [38;2;116;173;209mfindobj_skymask.py:objs_in_slit:2073[0m - Using slit edges as crutch for object tracing
[1;38;2;49;54;149m    [INFO][0m - [38;2;116;173;209mfindobj_skymask.py:objs_in_slit:2098[0m - Automatic finding routine found 1 objects
[1;38;2;49;54;149m    [INFO][0m - [38;2;116;173;209mfindobj_skymask.py:objs_in_slit:2102[0m - Fitting the traces
[1;38;2;253;174;97m [WARNING][0m - [38;2;116;173;209mpolyutils.py:_fit:662[0m - RankWarning: The fit may be poorly conditioned
[1;38;2;49;54;149m    [INFO][0m - [38;2;116;173;209mfindobj_skymask.py:objs_in_slit:2254[0m - Successfully traced a total of 1 objects
[1;38;2;49;54;149m    [INFO][0m - [38;2;116;173;209mfind_objects.py:find_objects_pypeline:788[0m - Finding objects on slit # 1238
[1;38;2;49;54;149m    [INFO][0m - [38;2;116;173;209mfindobj_skymask.py:objs_in_slit:2073[0m - Using slit edges as crutch for object tracing
[1;38;2;49;54;149m    [INFO][0m - [38;2;116;173;209mfindobj_skymask.py:objs_in_slit:2098[0m - Automatic finding routine found 1 objects
[1;38;2;49;54;149m    [INFO][0m - [38;2;116;173;209mfindobj_skymask.py:objs_in_slit:2102[0m - Fitting the traces
[1;38;2;253;174;97m [WARNING][0m - [38;2;116;173;209mpolyutils.py:_fit:662[0m - RankWarning: The fit may be poorly conditioned
[1;38;2;49;54;149m    [INFO][0m - [38;2;116;173;209mfindobj_skymask.py:objs_in_slit:2254[0m - Successfully traced a total of 1 objects
[1;38;2;49;54;149m    [INFO][0m - [38;2;116;173;209mfind_objects.py:find_objects_pypeline:788[0m - Finding objects on slit # 1312
[1;38;2;49;54;149m    [INFO][0m - [38;2;116;173;209mfindobj_skymask.py:objs_in_slit:2073[0m - Using slit edges as crutch for object tracing
[1;38;2;49;54;149m    [INFO][0m - [38;2;116;173;209mfindobj_skymask.py:objs_in_slit:2098[0m - Automatic finding routine found 1 objects
[1;38;2;49;54;149m    [INFO][0m - [38;2;116;173;209mfindobj_skymask.py:objs_in_slit:2102[0m - Fitting the traces
[1;38;2;253;174;97m [WARNING][0m - [38;2;116;173;209mpolyutils.py:_fit:662[0m - RankWarning: The fit may be poorly conditioned
[1;38;2;49;54;149m    [INFO][0m - [38;2;116;173;209mfindobj_skymask.py:objs_in_slit:2254[0m - Successfully traced a total of 1 objects
[1;38;2;49;54;149m    [INFO][0m - [38;2;116;173;209mfind_objects.py:find_objects_pypeline:788[0m - Finding objects on slit # 1386
[1;38;2;49;54;149m    [INFO][0m - [38;2;116;173;209mfindobj_skymask.py:objs_in_slit:2073[0m - Using slit edges as crutch for object tracing
[1;38;2;49;54;149m    [INFO][0m - [38;2;116;173;209mfindobj_skymask.py:objs_in_slit:2098[0m - Automatic finding routine found 1 objects
[1;38;2;49;54;149m    [INFO][0m - [38;2;116;173;209mfindobj_skymask.py:objs_in_slit:2102[0m - Fitting the traces
[1;38;2;253;174;97m [WARNING][0m - [38;2;116;173;209mpolyutils.py:_fit:662[0m - RankWarning: The fit may be poorly conditioned
[1;38;2;49;54;149m    [INFO][0m - [38;2;116;173;209mfindobj_skymask.py:objs_in_slit:2254[0m - Successfully traced a total of 1 objects
[1;38;2;49;54;149m    [INFO][0m - [38;2;116;173;209mfind_objects.py:find_objects_pypeline:788[0m - Finding objects on slit # 1459
[1;38;2;49;54;149m    [INFO][0m - [38;2;116;173;209mfindobj_skymask.py:objs_in_slit:2073[0m - Using slit edges as crutch for object tracing
[1;38;2;49;54;149m    [INFO][0m - [38;2;116;173;209mfindobj_skymask.py:objs_in_slit:2098[0m - Automatic finding routine found 1 objects
[1;38;2;49;54;149m    [INFO][0m - [38;2;116;173;209mfindobj_skymask.py:objs_in_slit:2102[0m - Fitting the traces
[1;38;2;253;174;97m [WARNING][0m - [38;2;116;173;209mpolyutils.py:_fit:662[0m - RankWarning: The fit may be poorly conditioned
[1;38;2;49;54;149m    [INFO][0m - [38;2;116;173;209mfindobj_skymask.py:objs_in_slit:2254[0m - Successfully traced a total of 1 objects
[1;38;2;49;54;149m    [INFO][0m - [38;2;116;173;209mfind_objects.py:find_objects_pypeline:788[0m - Finding objects on slit # 1534
[1;38;2;49;54;149m    [INFO][0m - [38;2;116;173;209mfindobj_skymask.py:objs_in_slit:2073[0m - Using slit edges as crutch for object tracing
[1;38;2;49;54;149m    [INFO][0m - [38;2;116;173;209mfindobj_skymask.py:objs_in_slit:2098[0m - Automatic finding routine found 1 objects
[1;38;2;49;54;149m    [INFO][0m - [38;2;116;173;209mfindobj_skymask.py:objs_in_slit:2102[0m - Fitting the traces
[1;38;2;253;174;97m [WARNING][0m - [38;2;116;173;209mpolyutils.py:_fit:662[0m - RankWarning: The fit may be poorly conditioned
[1;38;2;49;54;149m    [INFO][0m - [38;2;116;173;209mfindobj_skymask.py:objs_in_slit:2254[0m - Successfully traced a total of 1 objects
[1;38;2;49;54;149m    [INFO][0m - [38;2;116;173;209mfind_objects.py:find_objects_pypeline:788[0m - Finding objects on slit # 1608
[1;38;2;49;54;149m    [INFO][0m - [38;2;116;173;209mfindobj_skymask.py:objs_in_slit:2095[0m - No objects found automatically.  Consider manual extraction.
[1;38;2;49;54;149m    [INFO][0m - [38;2;116;173;209mfind_objects.py:find_objects_pypeline:788[0m - Finding objects on slit # 1683
[1;38;2;49;54;149m    [INFO][0m - [38;2;116;173;209mfindobj_skymask.py:objs_in_slit:2095[0m - No objects found automatically.  Consider manual extraction.
[1;38;2;49;54;149m    [INFO][0m - [38;2;116;173;209mfind_objects.py:find_objects_pypeline:788[0m - Finding objects on slit # 1758
[1;38;2;49;54;149m    [INFO][0m - [38;2;116;173;209mfindobj_skymask.py:objs_in_slit:2095[0m - No objects found automatically.  Consider manual extraction.
[1;38;2;49;54;149m    [INFO][0m - [38;2;116;173;209mfind_objects.py:find_objects_pypeline:788[0m - Finding objects on slit # 1837
[1;38;2;49;54;149m    [INFO][0m - [38;2;116;173;209mfindobj_skymask.py:objs_in_slit:2095[0m - No objects found automatically.  Consider manual extraction.
[1;38;2;49;54;149m    [INFO][0m - [38;2;116;173;209mfind_objects.py:find_objects_pypeline:788[0m - Finding objects on slit # 1914
[1;38;2;49;54;149m    [INFO][0m - [38;2;116;173;209mfindobj_skymask.py:objs_in_slit:2095[0m - No objects found automatically.  Consider manual extraction.
[1;38;2;49;54;149m    [INFO][0m - [38;2;116;173;209mfind_objects.py:find_objects_pypeline:788[0m - Finding objects on slit # 1996
[1;38;2;49;54;149m    [INFO][0m - [38;2;116;173;209mfindobj_skymask.py:objs_in_slit:2095[0m - No objects found automatically.  Consider manual extraction.
[1;38;2;49;54;149m    [INFO][0m - [38;2;116;173;209mfind_objects.py:run:373[0m - Either no objects were found or a user-provided sky mask was used.  Skipping second pass of sky-subtraction and object finding.
[1;38;2;49;54;149m    [INFO][0m - [38;2;116;173;209mdatamodel.py:from_file:1558[0m - Loading BiasImage from /Users/kaiwenzhang/PycharmProjects/KCWI/KCWI_RED_channel_characterization/RM1 pypeit run/2024-03-15/pypeit_run/keck_kcrm_B/Calibrations/Bias_B_1_DET01.fits
[1;38;2;253;174;97m [WARNING][0m - [38;2;116;173;209mcalibrations.py:get_dark:606[0m - No raw dark frames found and unable to identify a relevant processed calibration frame.  Continuing...
[1;38;2;49;54;149m    [INFO][0m - [38;2;116;173;209mkeck_kcwi.py:get_rawimage:1426[0m - Reading KCWI file: /Users/kaiwenzhang/PycharmProjects/KCWI/KCWI_RED_channel_characterization/fits/by_night/RM1/2024-03-15/KR.20240316.44764.10.fits
[1;38;2;49;54;149m    [INFO][0m - [38;2;116;173;209mdatamodel.py:from_file:1558[0m - Loading ArcImage from /Users/kaiwenzhang/PycharmProjects/KCWI/KCWI_RED_channel_characterization/RM1 pypeit run/2024-03-15/pypeit_run/keck_kcrm_B/Calibrations/Arc_B_1_DET01.fits
[1;38;2;49;54;149m    [INFO][0m - [38;2;116;173;209mdatamodel.py:from_file:1558[0m - Loading TiltImage from /Users/kaiwenzhang/PycharmProjects/KCWI/KCWI_RED_channel_characterization/RM1 pypeit run/2024-03-15/pypeit_run/keck_kcrm_B/Calibrations/Tiltimg_B_1_DET01.fits
[1;38;2;49;54;149m    [INFO][0m - [38;2;116;173;209mdatamodel.py:from_file:1558[0m - Loading SlitTraceSet from /Users/kaiwenzhang/PycharmProjects/KCWI/KCWI_RED_channel_characterization/RM1 pypeit run/2024-03-15/pypeit_run/keck_kcrm_B/Calibrations/Slits_B_1_DET01.fits.gz
[1;38;2;49;54;149m    [INFO][0m - [38;2;116;173;209mdatamodel.py:from_file:1558[0m - Loading WaveCalib from /Users/kaiwenzhang/PycharmProjects/KCWI/KCWI_RED_channel_characterization/RM1 pypeit run/2024-03-15/pypeit_run/keck_kcrm_B/Calibrations/WaveCalib_B_1_DET01.fits
[1;38;2;49;54;149m    [INFO][0m - [38;2;116;173;209mdatamodel.py:from_file:1558[0m - Loading WaveTilts from /Users/kaiwenzhang/PycharmProjects/KCWI/KCWI_RED_channel_characterization/RM1 pypeit run/2024-03-15/pypeit_run/keck_kcrm_B/Calibrations/Tilts_B_1_DET01.fits
[1;38;2;49;54;149m    [INFO][0m - [38;2;116;173;209mdatamodel.py:from_file:1558[0m - Loading Alignments from /Users/kaiwenzhang/PycharmProjects/KCWI/KCWI_RED_channel_characterization/RM1 pypeit run/2024-03-15/pypeit_run/keck_kcrm_B/Calibrations/Alignment_B_1_DET01.fits
[1;38;2;49;54;149m    [INFO][0m - [38;2;116;173;209mdatamodel.py:from_file:1558[0m - Loading ScatteredLight from /Users/kaiwenzhang/PycharmProjects/KCWI/KCWI_RED_channel_characterization/RM1 pypeit run/2024-03-15/pypeit_run/keck_kcrm_B/Calibrations/ScatteredLight_B_1_DET01.fits.gz
[1;38;2;49;54;149m    [INFO][0m - [38;2;116;173;209mdatamodel.py:from_file:1558[0m - Loading FlatImages from /Users/kaiwenzhang/PycharmProjects/KCWI/KCWI_RED_channel_characterization/RM1 pypeit run/2024-03-15/pypeit_run/keck_kcrm_B/Calibrations/Flat_B_1_DET01.fits
[1;38;2;49;54;149m    [INFO][0m - [38;2;116;173;209mcalibrations.py:run_the_steps:1459[0m - Calibration complete and/or fully loaded!
[1;38;2;49;54;149m    [INFO][0m - [38;2;116;173;209mcalibrations.py:run_the_steps:1460[0m - #######################################################################
[1;38;2;49;54;149m    [INFO][0m - [38;2;116;173;209mpypeit_steps.py:extract_det:732[0m - Extraction skipped for KR.20240316.44764.10-feige34_KCRM_20240316T122604.099 on det=1
[1;38;2;49;54;149m    [INFO][0m - [38;2;116;173;209mwavetilts.py:fit2tiltimg:143[0m - Generating a tilts image from the fit parameters
[1;38;2;49;54;149m    [INFO][0m - [38;2;116;173;209mpypeit_steps.py:refframe_correct:906[0m - Performing a heliocentric correction
[1;38;2;49;54;149m    [INFO][0m - [38;2;116;173;209mpypeit_steps.py:refframe_correct:915[0m - Applying heliocentric correction = -13.50609 km/s
WARNING: Format d cannot be mapped to the accepted TDISPn keyword values.  Format will not be moved into TDISPn keyword. [astropy.io.fits.column]
WARNING: Format 0.1f cannot be mapped to the accepted TDISPn keyword values.  Format will not be moved into TDISPn keyword. [astropy.io.fits.column]
WARNING: Format 0.3f cannot be mapped to the accepted TDISPn keyword values.  Format will not be moved into TDISPn keyword. [astropy.io.fits.column]
[1;38;2;49;54;149m    [INFO][0m - [38;2;116;173;209mspec2dobj.py:write_to_fits:721[0m - Wrote: /Users/kaiwenzhang/PycharmProjects/KCWI/KCWI_RED_channel_characterization/RM1 pypeit run/2024-03-15/pypeit_run/keck_kcrm_B/Science/spec2d_KR.20240316.44764.10-feige34_KCRM_20240316T122604.099.fits
[1;38;2;49;54;149m    [INFO][0m - [38;2;116;173;209mpypeit.py:reduce_all:232[0m - Finished calibration group 1
[1;38;2;49;54;149m    [INFO][0m - [38;2;116;173;209mpypeit.py:print_end_time:243[0m - Execution time: 7m 40.25s
[1;38;2;49;54;149m    [INFO][0m - [38;2;116;173;209mrun_pypeit.py:main:97[0m - Data reduction complete
[1;38;2;49;54;149m    [INFO][0m - [38;2;116;173;209mrun_pypeit.py:main:100[0m - Generating QA HTML
Wrote: /Users/kaiwenzhang/PycharmProjects/KCWI/KCWI_RED_channel_characterization/RM1 pypeit run/2024-03-15/pypeit_run/keck_kcrm_B/QA/MF_B.html
Wrote: QA/KR.20240316.43959.32-feige34_KCRM_20240316T121239.283.html
Wrote: QA/KR.20240316.44048.60-feige34_KCRM_20240316T121408.102.html
Wrote: QA/KR.20240316.44178.62-feige34_KCRM_20240316T121618.653.html
Wrote: QA/KR.20240316.44290.82-feige34_KCRM_20240316T121810.800.html
Wrote: QA/KR.20240316.44393.84-feige34_KCRM_20240316T121953.875.html
Wrote: QA/KR.20240316.44594.78-feige34_KCRM_20240316T122314.755.html
Wrote: QA/KR.20240316.44764.10-feige34_KCRM_20240316T122604.099.html
