    INFO | 2026-08-27 09:46:05 | inputfiles.py:from_file:136 | Loading the reduction file
    INFO | 2026-08-27 09:46:05 | inputfiles.py:from_file:214 | Coadd3d input file loaded successfully.
    INFO | 2026-08-27 09:46:05 | inputfiles.py:vet:927 | .coadd3d file successfully vetted.
    INFO | 2026-08-27 09:46:05 | coadd_datacube.py:main:55 | Restricting to detector=1
    INFO | 2026-08-27 09:46:05 | coadd3d.py:__init__:495 | No RA or Dec offsets have been provided.
    INFO | 2026-08-27 09:46:05 | coadd3d.py:__init__:536 | Adopting the subpixel algorithm to generate the datacube, with subpixellation scales:
  Spectral: 5
  Spatial: 5
  Slices: 5
    INFO | 2026-08-27 09:46:05 | coadd3d.py:set_default_skysub:736 | The sky model in the spec2d science frames will be used for sky subtraction
(unless specific skysub frames have been specified)
    INFO | 2026-08-27 09:46:05 | coadd3d.py:load:1019 | Loading PypeIt spec2d frame (1/3):
Science/spec2d_KR.20240510.19924.58-feige34_KCRM_20240510T053204.618.fits
    INFO | 2026-08-27 09:46:06 | coadd3d.py:load:1035 | Constructing slit image
    INFO | 2026-08-27 09:46:07 | coadd3d.py:get_current_skysub:829 | Using the following frame for sky subtraction:
image
    INFO | 2026-08-27 09:46:07 | coadd3d.py:get_current_scalecorr:718 | Relative spectral illumination correction will not be performed.
    INFO | 2026-08-27 09:46:07 | datacube.py:make_good_skymask:436 | Masking edge pixels where the sky model is poor
    INFO | 2026-08-27 09:46:09 | coadd3d.py:load:1090 | Using wavelength solution: wave0=6677.969, dispersion=0.497 Angstrom/pixel
    INFO | 2026-08-27 09:46:10 | coadd3d.py:get_alignments:962 | Loading alignments
    INFO | 2026-08-27 09:46:10 | datamodel.py:from_file:1558 | Loading Alignments from /Users/kaiwenzhang/PycharmProjects/KCWI/KCWI_RED_channel_characterization/RM2 pypeit run/2024-05-09/pypeit_run/keck_kcrm_A/Calibrations/Alignment_A_0_DET01.fits
    INFO | 2026-08-27 09:46:10 | coadd3d.py:get_alignments:978 | Generating alignment splines
   DEBUG | 2026-08-27 09:46:10 | alignframe.py:__init__:350 | Spatial flexure is not currently implemented for the astrometric alignment
    INFO | 2026-08-27 09:46:10 | alignframe.py:build_splines:375 | Calculating astrometric transform of slit 1/24
    INFO | 2026-08-27 09:46:10 | alignframe.py:build_splines:375 | Calculating astrometric transform of slit 2/24
    INFO | 2026-08-27 09:46:10 | alignframe.py:build_splines:375 | Calculating astrometric transform of slit 3/24
    INFO | 2026-08-27 09:46:11 | alignframe.py:build_splines:375 | Calculating astrometric transform of slit 4/24
    INFO | 2026-08-27 09:46:11 | alignframe.py:build_splines:375 | Calculating astrometric transform of slit 5/24
    INFO | 2026-08-27 09:46:11 | alignframe.py:build_splines:375 | Calculating astrometric transform of slit 6/24
    INFO | 2026-08-27 09:46:12 | alignframe.py:build_splines:375 | Calculating astrometric transform of slit 7/24
    INFO | 2026-08-27 09:46:12 | alignframe.py:build_splines:375 | Calculating astrometric transform of slit 8/24
    INFO | 2026-08-27 09:46:12 | alignframe.py:build_splines:375 | Calculating astrometric transform of slit 9/24
    INFO | 2026-08-27 09:46:12 | alignframe.py:build_splines:375 | Calculating astrometric transform of slit 10/24
    INFO | 2026-08-27 09:46:13 | alignframe.py:build_splines:375 | Calculating astrometric transform of slit 11/24
    INFO | 2026-08-27 09:46:13 | alignframe.py:build_splines:375 | Calculating astrometric transform of slit 12/24
    INFO | 2026-08-27 09:46:13 | alignframe.py:build_splines:375 | Calculating astrometric transform of slit 13/24
    INFO | 2026-08-27 09:46:14 | alignframe.py:build_splines:375 | Calculating astrometric transform of slit 14/24
    INFO | 2026-08-27 09:46:14 | alignframe.py:build_splines:375 | Calculating astrometric transform of slit 15/24
    INFO | 2026-08-27 09:46:14 | alignframe.py:build_splines:375 | Calculating astrometric transform of slit 16/24
    INFO | 2026-08-27 09:46:15 | alignframe.py:build_splines:375 | Calculating astrometric transform of slit 17/24
    INFO | 2026-08-27 09:46:15 | alignframe.py:build_splines:375 | Calculating astrometric transform of slit 18/24
    INFO | 2026-08-27 09:46:15 | alignframe.py:build_splines:375 | Calculating astrometric transform of slit 19/24
    INFO | 2026-08-27 09:46:15 | alignframe.py:build_splines:375 | Calculating astrometric transform of slit 20/24
    INFO | 2026-08-27 09:46:16 | alignframe.py:build_splines:375 | Calculating astrometric transform of slit 21/24
    INFO | 2026-08-27 09:46:16 | alignframe.py:build_splines:375 | Calculating astrometric transform of slit 22/24
    INFO | 2026-08-27 09:46:16 | alignframe.py:build_splines:375 | Calculating astrometric transform of slit 23/24
    INFO | 2026-08-27 09:46:17 | alignframe.py:build_splines:375 | Calculating astrometric transform of slit 24/24
    INFO | 2026-08-27 09:46:17 | keck_kcwi.py:get_wcs:634 | Generating KCRM WCS
    INFO | 2026-08-27 09:46:17 | slittrace.py:get_radec_image:536 | Generating an RA/DEC image
    INFO | 2026-08-27 09:46:23 | coadd3d.py:__init__:278 | Preparing the parameters for the DAR correction
    INFO | 2026-08-27 09:46:23 | coadd3d.py:__init__:294 | DAR correction parameters:
   Airmass = 1.09
   Pressure = 615.55 mbar
   Humidity = 12.90 %
   Temperature = 0.10 deg C
   Reference wavelength = 4500.00 Angstrom
    INFO | 2026-08-27 09:46:23 | coadd3d.py:load:1019 | Loading PypeIt spec2d frame (2/3):
Science/spec2d_KR.20240510.20248.94-feige34_KCRM_20240510T053728.963.fits
    INFO | 2026-08-27 09:46:24 | coadd3d.py:load:1035 | Constructing slit image
    INFO | 2026-08-27 09:46:25 | coadd3d.py:get_current_skysub:829 | Using the following frame for sky subtraction:
image
    INFO | 2026-08-27 09:46:25 | coadd3d.py:get_current_scalecorr:718 | Relative spectral illumination correction will not be performed.
    INFO | 2026-08-27 09:46:25 | datacube.py:make_good_skymask:436 | Masking edge pixels where the sky model is poor
    INFO | 2026-08-27 09:46:27 | coadd3d.py:load:1090 | Using wavelength solution: wave0=6677.969, dispersion=0.497 Angstrom/pixel
    INFO | 2026-08-27 09:46:27 | coadd3d.py:get_alignments:962 | Loading alignments
    INFO | 2026-08-27 09:46:27 | datamodel.py:from_file:1558 | Loading Alignments from /Users/kaiwenzhang/PycharmProjects/KCWI/KCWI_RED_channel_characterization/RM2 pypeit run/2024-05-09/pypeit_run/keck_kcrm_A/Calibrations/Alignment_A_0_DET01.fits
    INFO | 2026-08-27 09:46:27 | coadd3d.py:get_alignments:978 | Generating alignment splines
   DEBUG | 2026-08-27 09:46:27 | alignframe.py:__init__:350 | Spatial flexure is not currently implemented for the astrometric alignment
    INFO | 2026-08-27 09:46:27 | alignframe.py:build_splines:375 | Calculating astrometric transform of slit 1/24
    INFO | 2026-08-27 09:46:28 | alignframe.py:build_splines:375 | Calculating astrometric transform of slit 2/24
    INFO | 2026-08-27 09:46:28 | alignframe.py:build_splines:375 | Calculating astrometric transform of slit 3/24
    INFO | 2026-08-27 09:46:28 | alignframe.py:build_splines:375 | Calculating astrometric transform of slit 4/24
    INFO | 2026-08-27 09:46:29 | alignframe.py:build_splines:375 | Calculating astrometric transform of slit 5/24
    INFO | 2026-08-27 09:46:29 | alignframe.py:build_splines:375 | Calculating astrometric transform of slit 6/24
    INFO | 2026-08-27 09:46:29 | alignframe.py:build_splines:375 | Calculating astrometric transform of slit 7/24
    INFO | 2026-08-27 09:46:29 | alignframe.py:build_splines:375 | Calculating astrometric transform of slit 8/24
    INFO | 2026-08-27 09:46:30 | alignframe.py:build_splines:375 | Calculating astrometric transform of slit 9/24
    INFO | 2026-08-27 09:46:30 | alignframe.py:build_splines:375 | Calculating astrometric transform of slit 10/24
    INFO | 2026-08-27 09:46:30 | alignframe.py:build_splines:375 | Calculating astrometric transform of slit 11/24
    INFO | 2026-08-27 09:46:31 | alignframe.py:build_splines:375 | Calculating astrometric transform of slit 12/24
    INFO | 2026-08-27 09:46:31 | alignframe.py:build_splines:375 | Calculating astrometric transform of slit 13/24
    INFO | 2026-08-27 09:46:31 | alignframe.py:build_splines:375 | Calculating astrometric transform of slit 14/24
    INFO | 2026-08-27 09:46:32 | alignframe.py:build_splines:375 | Calculating astrometric transform of slit 15/24
    INFO | 2026-08-27 09:46:32 | alignframe.py:build_splines:375 | Calculating astrometric transform of slit 16/24
    INFO | 2026-08-27 09:46:32 | alignframe.py:build_splines:375 | Calculating astrometric transform of slit 17/24
    INFO | 2026-08-27 09:46:32 | alignframe.py:build_splines:375 | Calculating astrometric transform of slit 18/24
    INFO | 2026-08-27 09:46:33 | alignframe.py:build_splines:375 | Calculating astrometric transform of slit 19/24
    INFO | 2026-08-27 09:46:33 | alignframe.py:build_splines:375 | Calculating astrometric transform of slit 20/24
    INFO | 2026-08-27 09:46:33 | alignframe.py:build_splines:375 | Calculating astrometric transform of slit 21/24
    INFO | 2026-08-27 09:46:34 | alignframe.py:build_splines:375 | Calculating astrometric transform of slit 22/24
    INFO | 2026-08-27 09:46:34 | alignframe.py:build_splines:375 | Calculating astrometric transform of slit 23/24
    INFO | 2026-08-27 09:46:34 | alignframe.py:build_splines:375 | Calculating astrometric transform of slit 24/24
    INFO | 2026-08-27 09:46:34 | keck_kcwi.py:get_wcs:634 | Generating KCRM WCS
    INFO | 2026-08-27 09:46:34 | slittrace.py:get_radec_image:536 | Generating an RA/DEC image
    INFO | 2026-08-27 09:46:40 | coadd3d.py:__init__:278 | Preparing the parameters for the DAR correction
    INFO | 2026-08-27 09:46:40 | coadd3d.py:__init__:294 | DAR correction parameters:
   Airmass = 1.09
   Pressure = 615.51 mbar
   Humidity = 9.00 %
   Temperature = 0.20 deg C
   Reference wavelength = 4500.00 Angstrom
    INFO | 2026-08-27 09:46:41 | coadd3d.py:load:1019 | Loading PypeIt spec2d frame (3/3):
Science/spec2d_KR.20240510.20471.30-feige34_KCRM_20240510T054111.270.fits
    INFO | 2026-08-27 09:46:41 | coadd3d.py:load:1035 | Constructing slit image
    INFO | 2026-08-27 09:46:42 | coadd3d.py:get_current_skysub:829 | Using the following frame for sky subtraction:
image
    INFO | 2026-08-27 09:46:42 | coadd3d.py:get_current_scalecorr:718 | Relative spectral illumination correction will not be performed.
    INFO | 2026-08-27 09:46:42 | datacube.py:make_good_skymask:436 | Masking edge pixels where the sky model is poor
    INFO | 2026-08-27 09:46:44 | coadd3d.py:load:1090 | Using wavelength solution: wave0=6677.969, dispersion=0.497 Angstrom/pixel
    INFO | 2026-08-27 09:46:44 | coadd3d.py:get_alignments:962 | Loading alignments
    INFO | 2026-08-27 09:46:44 | datamodel.py:from_file:1558 | Loading Alignments from /Users/kaiwenzhang/PycharmProjects/KCWI/KCWI_RED_channel_characterization/RM2 pypeit run/2024-05-09/pypeit_run/keck_kcrm_A/Calibrations/Alignment_A_0_DET01.fits
    INFO | 2026-08-27 09:46:44 | coadd3d.py:get_alignments:978 | Generating alignment splines
   DEBUG | 2026-08-27 09:46:44 | alignframe.py:__init__:350 | Spatial flexure is not currently implemented for the astrometric alignment
    INFO | 2026-08-27 09:46:44 | alignframe.py:build_splines:375 | Calculating astrometric transform of slit 1/24
    INFO | 2026-08-27 09:46:44 | alignframe.py:build_splines:375 | Calculating astrometric transform of slit 2/24
    INFO | 2026-08-27 09:46:45 | alignframe.py:build_splines:375 | Calculating astrometric transform of slit 3/24
    INFO | 2026-08-27 09:46:45 | alignframe.py:build_splines:375 | Calculating astrometric transform of slit 4/24
    INFO | 2026-08-27 09:46:45 | alignframe.py:build_splines:375 | Calculating astrometric transform of slit 5/24
    INFO | 2026-08-27 09:46:46 | alignframe.py:build_splines:375 | Calculating astrometric transform of slit 6/24
    INFO | 2026-08-27 09:46:46 | alignframe.py:build_splines:375 | Calculating astrometric transform of slit 7/24
    INFO | 2026-08-27 09:46:46 | alignframe.py:build_splines:375 | Calculating astrometric transform of slit 8/24
    INFO | 2026-08-27 09:46:46 | alignframe.py:build_splines:375 | Calculating astrometric transform of slit 9/24
    INFO | 2026-08-27 09:46:47 | alignframe.py:build_splines:375 | Calculating astrometric transform of slit 10/24
    INFO | 2026-08-27 09:46:47 | alignframe.py:build_splines:375 | Calculating astrometric transform of slit 11/24
    INFO | 2026-08-27 09:46:47 | alignframe.py:build_splines:375 | Calculating astrometric transform of slit 12/24
    INFO | 2026-08-27 09:46:48 | alignframe.py:build_splines:375 | Calculating astrometric transform of slit 13/24
    INFO | 2026-08-27 09:46:48 | alignframe.py:build_splines:375 | Calculating astrometric transform of slit 14/24
    INFO | 2026-08-27 09:46:48 | alignframe.py:build_splines:375 | Calculating astrometric transform of slit 15/24
    INFO | 2026-08-27 09:46:49 | alignframe.py:build_splines:375 | Calculating astrometric transform of slit 16/24
    INFO | 2026-08-27 09:46:49 | alignframe.py:build_splines:375 | Calculating astrometric transform of slit 17/24
    INFO | 2026-08-27 09:46:49 | alignframe.py:build_splines:375 | Calculating astrometric transform of slit 18/24
    INFO | 2026-08-27 09:46:49 | alignframe.py:build_splines:375 | Calculating astrometric transform of slit 19/24
    INFO | 2026-08-27 09:46:50 | alignframe.py:build_splines:375 | Calculating astrometric transform of slit 20/24
    INFO | 2026-08-27 09:46:50 | alignframe.py:build_splines:375 | Calculating astrometric transform of slit 21/24
    INFO | 2026-08-27 09:46:50 | alignframe.py:build_splines:375 | Calculating astrometric transform of slit 22/24
    INFO | 2026-08-27 09:46:51 | alignframe.py:build_splines:375 | Calculating astrometric transform of slit 23/24
    INFO | 2026-08-27 09:46:51 | alignframe.py:build_splines:375 | Calculating astrometric transform of slit 24/24
    INFO | 2026-08-27 09:46:51 | keck_kcwi.py:get_wcs:634 | Generating KCRM WCS
    INFO | 2026-08-27 09:46:51 | slittrace.py:get_radec_image:536 | Generating an RA/DEC image
    INFO | 2026-08-27 09:46:57 | coadd3d.py:__init__:278 | Preparing the parameters for the DAR correction
    INFO | 2026-08-27 09:46:57 | coadd3d.py:__init__:294 | DAR correction parameters:
   Airmass = 1.09
   Pressure = 615.53 mbar
   Humidity = 9.80 %
   Temperature = 0.00 deg C
   Reference wavelength = 4500.00 Angstrom
    INFO | 2026-08-27 09:46:57 | datacube.py:set_voxel_sampling:776 | Adopting a square pixel spatial scale of 0.339462 arcsec
    INFO | 2026-08-27 09:46:57 | datacube.py:set_voxel_sampling:779 | Adopting a wavelength sampling of 0.497320 Angstrom
    INFO | 2026-08-27 09:46:57 | datacube.py:get_whitelight_range:606 | The white light images will cover the wavelength range: 6921.52A - 8726.69A
    INFO | 2026-08-27 09:46:58 | datacube.py:generate_WCS:1049 | Generating WCS
    INFO | 2026-08-27 09:46:58 | datacube.py:create_wcs:1008 | 
----------------------------------------
Parameters of the WCS:
RA   min = 159.90140848131182
DEC  min = 43.09991570271245
WAVE min, max = 6921.518685581777, 8726.692470673692
Spaxel size = 0.33946200000000004 arcsec
Wavelength step = 1805.1737850919144 A
----------------------------------------
    INFO | 2026-08-27 09:46:58 | datacube.py:subpixellate:1772 | Resampling slit 1/24 of frame 1/3
    INFO | 2026-08-27 09:46:58 | slittrace.py:get_radec_image:536 | Generating an RA/DEC image with slice_offset=0.000
    INFO | 2026-08-27 09:47:00 | datacube.py:subpixellate:1772 | Resampling slit 2/24 of frame 1/3
    INFO | 2026-08-27 09:47:00 | slittrace.py:get_radec_image:536 | Generating an RA/DEC image with slice_offset=0.000
    INFO | 2026-08-27 09:47:01 | datacube.py:subpixellate:1772 | Resampling slit 3/24 of frame 1/3
    INFO | 2026-08-27 09:47:01 | slittrace.py:get_radec_image:536 | Generating an RA/DEC image with slice_offset=0.000
    INFO | 2026-08-27 09:47:03 | datacube.py:subpixellate:1772 | Resampling slit 4/24 of frame 1/3
    INFO | 2026-08-27 09:47:03 | slittrace.py:get_radec_image:536 | Generating an RA/DEC image with slice_offset=0.000
    INFO | 2026-08-27 09:47:04 | datacube.py:subpixellate:1772 | Resampling slit 5/24 of frame 1/3
    INFO | 2026-08-27 09:47:04 | slittrace.py:get_radec_image:536 | Generating an RA/DEC image with slice_offset=0.000
    INFO | 2026-08-27 09:47:06 | datacube.py:subpixellate:1772 | Resampling slit 6/24 of frame 1/3
    INFO | 2026-08-27 09:47:06 | slittrace.py:get_radec_image:536 | Generating an RA/DEC image with slice_offset=0.000
    INFO | 2026-08-27 09:47:07 | datacube.py:subpixellate:1772 | Resampling slit 7/24 of frame 1/3
    INFO | 2026-08-27 09:47:07 | slittrace.py:get_radec_image:536 | Generating an RA/DEC image with slice_offset=0.000
    INFO | 2026-08-27 09:47:09 | datacube.py:subpixellate:1772 | Resampling slit 8/24 of frame 1/3
    INFO | 2026-08-27 09:47:09 | slittrace.py:get_radec_image:536 | Generating an RA/DEC image with slice_offset=0.000
    INFO | 2026-08-27 09:47:10 | datacube.py:subpixellate:1772 | Resampling slit 9/24 of frame 1/3
    INFO | 2026-08-27 09:47:10 | slittrace.py:get_radec_image:536 | Generating an RA/DEC image with slice_offset=0.000
    INFO | 2026-08-27 09:47:12 | datacube.py:subpixellate:1772 | Resampling slit 10/24 of frame 1/3
    INFO | 2026-08-27 09:47:12 | slittrace.py:get_radec_image:536 | Generating an RA/DEC image with slice_offset=0.000
    INFO | 2026-08-27 09:47:13 | datacube.py:subpixellate:1772 | Resampling slit 11/24 of frame 1/3
    INFO | 2026-08-27 09:47:13 | slittrace.py:get_radec_image:536 | Generating an RA/DEC image with slice_offset=0.000
    INFO | 2026-08-27 09:47:15 | datacube.py:subpixellate:1772 | Resampling slit 12/24 of frame 1/3
    INFO | 2026-08-27 09:47:15 | slittrace.py:get_radec_image:536 | Generating an RA/DEC image with slice_offset=0.000
    INFO | 2026-08-27 09:47:16 | datacube.py:subpixellate:1772 | Resampling slit 13/24 of frame 1/3
    INFO | 2026-08-27 09:47:16 | slittrace.py:get_radec_image:536 | Generating an RA/DEC image with slice_offset=0.000
    INFO | 2026-08-27 09:47:18 | datacube.py:subpixellate:1772 | Resampling slit 14/24 of frame 1/3
    INFO | 2026-08-27 09:47:18 | slittrace.py:get_radec_image:536 | Generating an RA/DEC image with slice_offset=0.000
    INFO | 2026-08-27 09:47:19 | datacube.py:subpixellate:1772 | Resampling slit 15/24 of frame 1/3
    INFO | 2026-08-27 09:47:19 | slittrace.py:get_radec_image:536 | Generating an RA/DEC image with slice_offset=0.000
    INFO | 2026-08-27 09:47:21 | datacube.py:subpixellate:1772 | Resampling slit 16/24 of frame 1/3
    INFO | 2026-08-27 09:47:21 | slittrace.py:get_radec_image:536 | Generating an RA/DEC image with slice_offset=0.000
    INFO | 2026-08-27 09:47:22 | datacube.py:subpixellate:1772 | Resampling slit 17/24 of frame 1/3
    INFO | 2026-08-27 09:47:22 | slittrace.py:get_radec_image:536 | Generating an RA/DEC image with slice_offset=0.000
    INFO | 2026-08-27 09:47:24 | datacube.py:subpixellate:1772 | Resampling slit 18/24 of frame 1/3
    INFO | 2026-08-27 09:47:24 | slittrace.py:get_radec_image:536 | Generating an RA/DEC image with slice_offset=0.000
    INFO | 2026-08-27 09:47:25 | datacube.py:subpixellate:1772 | Resampling slit 19/24 of frame 1/3
    INFO | 2026-08-27 09:47:26 | slittrace.py:get_radec_image:536 | Generating an RA/DEC image with slice_offset=0.000
    INFO | 2026-08-27 09:47:27 | datacube.py:subpixellate:1772 | Resampling slit 20/24 of frame 1/3
    INFO | 2026-08-27 09:47:27 | slittrace.py:get_radec_image:536 | Generating an RA/DEC image with slice_offset=0.000
    INFO | 2026-08-27 09:47:28 | datacube.py:subpixellate:1772 | Resampling slit 21/24 of frame 1/3
    INFO | 2026-08-27 09:47:29 | slittrace.py:get_radec_image:536 | Generating an RA/DEC image with slice_offset=0.000
    INFO | 2026-08-27 09:47:30 | datacube.py:subpixellate:1772 | Resampling slit 22/24 of frame 1/3
    INFO | 2026-08-27 09:47:30 | slittrace.py:get_radec_image:536 | Generating an RA/DEC image with slice_offset=0.000
    INFO | 2026-08-27 09:47:32 | datacube.py:subpixellate:1772 | Resampling slit 23/24 of frame 1/3
    INFO | 2026-08-27 09:47:32 | slittrace.py:get_radec_image:536 | Generating an RA/DEC image with slice_offset=0.000
    INFO | 2026-08-27 09:47:33 | datacube.py:subpixellate:1772 | Resampling slit 24/24 of frame 1/3
    INFO | 2026-08-27 09:47:33 | slittrace.py:get_radec_image:536 | Generating an RA/DEC image with slice_offset=0.000
    INFO | 2026-08-27 09:47:35 | datacube.py:subpixellate:1772 | Resampling slit 1/24 of frame 2/3
    INFO | 2026-08-27 09:47:35 | slittrace.py:get_radec_image:536 | Generating an RA/DEC image with slice_offset=0.000
    INFO | 2026-08-27 09:47:36 | datacube.py:subpixellate:1772 | Resampling slit 2/24 of frame 2/3
    INFO | 2026-08-27 09:47:36 | slittrace.py:get_radec_image:536 | Generating an RA/DEC image with slice_offset=0.000
    INFO | 2026-08-27 09:47:38 | datacube.py:subpixellate:1772 | Resampling slit 3/24 of frame 2/3
    INFO | 2026-08-27 09:47:38 | slittrace.py:get_radec_image:536 | Generating an RA/DEC image with slice_offset=0.000
    INFO | 2026-08-27 09:47:39 | datacube.py:subpixellate:1772 | Resampling slit 4/24 of frame 2/3
    INFO | 2026-08-27 09:47:39 | slittrace.py:get_radec_image:536 | Generating an RA/DEC image with slice_offset=0.000
    INFO | 2026-08-27 09:47:41 | datacube.py:subpixellate:1772 | Resampling slit 5/24 of frame 2/3
    INFO | 2026-08-27 09:47:41 | slittrace.py:get_radec_image:536 | Generating an RA/DEC image with slice_offset=0.000
    INFO | 2026-08-27 09:47:42 | datacube.py:subpixellate:1772 | Resampling slit 6/24 of frame 2/3
    INFO | 2026-08-27 09:47:42 | slittrace.py:get_radec_image:536 | Generating an RA/DEC image with slice_offset=0.000
    INFO | 2026-08-27 09:47:44 | datacube.py:subpixellate:1772 | Resampling slit 7/24 of frame 2/3
    INFO | 2026-08-27 09:47:44 | slittrace.py:get_radec_image:536 | Generating an RA/DEC image with slice_offset=0.000
    INFO | 2026-08-27 09:47:45 | datacube.py:subpixellate:1772 | Resampling slit 8/24 of frame 2/3
    INFO | 2026-08-27 09:47:45 | slittrace.py:get_radec_image:536 | Generating an RA/DEC image with slice_offset=0.000
    INFO | 2026-08-27 09:47:47 | datacube.py:subpixellate:1772 | Resampling slit 9/24 of frame 2/3
    INFO | 2026-08-27 09:47:47 | slittrace.py:get_radec_image:536 | Generating an RA/DEC image with slice_offset=0.000
    INFO | 2026-08-27 09:47:48 | datacube.py:subpixellate:1772 | Resampling slit 10/24 of frame 2/3
    INFO | 2026-08-27 09:47:48 | slittrace.py:get_radec_image:536 | Generating an RA/DEC image with slice_offset=0.000
    INFO | 2026-08-27 09:47:50 | datacube.py:subpixellate:1772 | Resampling slit 11/24 of frame 2/3
    INFO | 2026-08-27 09:47:50 | slittrace.py:get_radec_image:536 | Generating an RA/DEC image with slice_offset=0.000
    INFO | 2026-08-27 09:47:51 | datacube.py:subpixellate:1772 | Resampling slit 12/24 of frame 2/3
    INFO | 2026-08-27 09:47:52 | slittrace.py:get_radec_image:536 | Generating an RA/DEC image with slice_offset=0.000
    INFO | 2026-08-27 09:47:53 | datacube.py:subpixellate:1772 | Resampling slit 13/24 of frame 2/3
    INFO | 2026-08-27 09:47:53 | slittrace.py:get_radec_image:536 | Generating an RA/DEC image with slice_offset=0.000
    INFO | 2026-08-27 09:47:54 | datacube.py:subpixellate:1772 | Resampling slit 14/24 of frame 2/3
    INFO | 2026-08-27 09:47:54 | slittrace.py:get_radec_image:536 | Generating an RA/DEC image with slice_offset=0.000
    INFO | 2026-08-27 09:47:56 | datacube.py:subpixellate:1772 | Resampling slit 15/24 of frame 2/3
    INFO | 2026-08-27 09:47:56 | slittrace.py:get_radec_image:536 | Generating an RA/DEC image with slice_offset=0.000
    INFO | 2026-08-27 09:47:58 | datacube.py:subpixellate:1772 | Resampling slit 16/24 of frame 2/3
    INFO | 2026-08-27 09:47:58 | slittrace.py:get_radec_image:536 | Generating an RA/DEC image with slice_offset=0.000
    INFO | 2026-08-27 09:47:59 | datacube.py:subpixellate:1772 | Resampling slit 17/24 of frame 2/3
    INFO | 2026-08-27 09:47:59 | slittrace.py:get_radec_image:536 | Generating an RA/DEC image with slice_offset=0.000
    INFO | 2026-08-27 09:48:01 | datacube.py:subpixellate:1772 | Resampling slit 18/24 of frame 2/3
    INFO | 2026-08-27 09:48:01 | slittrace.py:get_radec_image:536 | Generating an RA/DEC image with slice_offset=0.000
    INFO | 2026-08-27 09:48:02 | datacube.py:subpixellate:1772 | Resampling slit 19/24 of frame 2/3
    INFO | 2026-08-27 09:48:02 | slittrace.py:get_radec_image:536 | Generating an RA/DEC image with slice_offset=0.000
    INFO | 2026-08-27 09:48:04 | datacube.py:subpixellate:1772 | Resampling slit 20/24 of frame 2/3
    INFO | 2026-08-27 09:48:04 | slittrace.py:get_radec_image:536 | Generating an RA/DEC image with slice_offset=0.000
    INFO | 2026-08-27 09:48:05 | datacube.py:subpixellate:1772 | Resampling slit 21/24 of frame 2/3
    INFO | 2026-08-27 09:48:05 | slittrace.py:get_radec_image:536 | Generating an RA/DEC image with slice_offset=0.000
    INFO | 2026-08-27 09:48:07 | datacube.py:subpixellate:1772 | Resampling slit 22/24 of frame 2/3
    INFO | 2026-08-27 09:48:07 | slittrace.py:get_radec_image:536 | Generating an RA/DEC image with slice_offset=0.000
    INFO | 2026-08-27 09:48:08 | datacube.py:subpixellate:1772 | Resampling slit 23/24 of frame 2/3
    INFO | 2026-08-27 09:48:08 | slittrace.py:get_radec_image:536 | Generating an RA/DEC image with slice_offset=0.000
    INFO | 2026-08-27 09:48:10 | datacube.py:subpixellate:1772 | Resampling slit 24/24 of frame 2/3
    INFO | 2026-08-27 09:48:10 | slittrace.py:get_radec_image:536 | Generating an RA/DEC image with slice_offset=0.000
    INFO | 2026-08-27 09:48:11 | datacube.py:subpixellate:1772 | Resampling slit 1/24 of frame 3/3
    INFO | 2026-08-27 09:48:11 | slittrace.py:get_radec_image:536 | Generating an RA/DEC image with slice_offset=0.000
    INFO | 2026-08-27 09:48:13 | datacube.py:subpixellate:1772 | Resampling slit 2/24 of frame 3/3
    INFO | 2026-08-27 09:48:13 | slittrace.py:get_radec_image:536 | Generating an RA/DEC image with slice_offset=0.000
    INFO | 2026-08-27 09:48:14 | datacube.py:subpixellate:1772 | Resampling slit 3/24 of frame 3/3
    INFO | 2026-08-27 09:48:14 | slittrace.py:get_radec_image:536 | Generating an RA/DEC image with slice_offset=0.000
    INFO | 2026-08-27 09:48:16 | datacube.py:subpixellate:1772 | Resampling slit 4/24 of frame 3/3
    INFO | 2026-08-27 09:48:16 | slittrace.py:get_radec_image:536 | Generating an RA/DEC image with slice_offset=0.000
    INFO | 2026-08-27 09:48:17 | datacube.py:subpixellate:1772 | Resampling slit 5/24 of frame 3/3
    INFO | 2026-08-27 09:48:18 | slittrace.py:get_radec_image:536 | Generating an RA/DEC image with slice_offset=0.000
    INFO | 2026-08-27 09:48:19 | datacube.py:subpixellate:1772 | Resampling slit 6/24 of frame 3/3
    INFO | 2026-08-27 09:48:19 | slittrace.py:get_radec_image:536 | Generating an RA/DEC image with slice_offset=0.000
    INFO | 2026-08-27 09:48:20 | datacube.py:subpixellate:1772 | Resampling slit 7/24 of frame 3/3
    INFO | 2026-08-27 09:48:21 | slittrace.py:get_radec_image:536 | Generating an RA/DEC image with slice_offset=0.000
    INFO | 2026-08-27 09:48:22 | datacube.py:subpixellate:1772 | Resampling slit 8/24 of frame 3/3
    INFO | 2026-08-27 09:48:22 | slittrace.py:get_radec_image:536 | Generating an RA/DEC image with slice_offset=0.000
    INFO | 2026-08-27 09:48:24 | datacube.py:subpixellate:1772 | Resampling slit 9/24 of frame 3/3
    INFO | 2026-08-27 09:48:24 | slittrace.py:get_radec_image:536 | Generating an RA/DEC image with slice_offset=0.000
    INFO | 2026-08-27 09:48:25 | datacube.py:subpixellate:1772 | Resampling slit 10/24 of frame 3/3
    INFO | 2026-08-27 09:48:25 | slittrace.py:get_radec_image:536 | Generating an RA/DEC image with slice_offset=0.000
    INFO | 2026-08-27 09:48:27 | datacube.py:subpixellate:1772 | Resampling slit 11/24 of frame 3/3
    INFO | 2026-08-27 09:48:27 | slittrace.py:get_radec_image:536 | Generating an RA/DEC image with slice_offset=0.000
    INFO | 2026-08-27 09:48:28 | datacube.py:subpixellate:1772 | Resampling slit 12/24 of frame 3/3
    INFO | 2026-08-27 09:48:28 | slittrace.py:get_radec_image:536 | Generating an RA/DEC image with slice_offset=0.000
    INFO | 2026-08-27 09:48:30 | datacube.py:subpixellate:1772 | Resampling slit 13/24 of frame 3/3
    INFO | 2026-08-27 09:48:30 | slittrace.py:get_radec_image:536 | Generating an RA/DEC image with slice_offset=0.000
    INFO | 2026-08-27 09:48:31 | datacube.py:subpixellate:1772 | Resampling slit 14/24 of frame 3/3
    INFO | 2026-08-27 09:48:31 | slittrace.py:get_radec_image:536 | Generating an RA/DEC image with slice_offset=0.000
    INFO | 2026-08-27 09:48:33 | datacube.py:subpixellate:1772 | Resampling slit 15/24 of frame 3/3
    INFO | 2026-08-27 09:48:33 | slittrace.py:get_radec_image:536 | Generating an RA/DEC image with slice_offset=0.000
    INFO | 2026-08-27 09:48:34 | datacube.py:subpixellate:1772 | Resampling slit 16/24 of frame 3/3
    INFO | 2026-08-27 09:48:34 | slittrace.py:get_radec_image:536 | Generating an RA/DEC image with slice_offset=0.000
    INFO | 2026-08-27 09:48:36 | datacube.py:subpixellate:1772 | Resampling slit 17/24 of frame 3/3
    INFO | 2026-08-27 09:48:36 | slittrace.py:get_radec_image:536 | Generating an RA/DEC image with slice_offset=0.000
    INFO | 2026-08-27 09:48:37 | datacube.py:subpixellate:1772 | Resampling slit 18/24 of frame 3/3
    INFO | 2026-08-27 09:48:37 | slittrace.py:get_radec_image:536 | Generating an RA/DEC image with slice_offset=0.000
    INFO | 2026-08-27 09:48:39 | datacube.py:subpixellate:1772 | Resampling slit 19/24 of frame 3/3
    INFO | 2026-08-27 09:48:39 | slittrace.py:get_radec_image:536 | Generating an RA/DEC image with slice_offset=0.000
    INFO | 2026-08-27 09:48:40 | datacube.py:subpixellate:1772 | Resampling slit 20/24 of frame 3/3
    INFO | 2026-08-27 09:48:40 | slittrace.py:get_radec_image:536 | Generating an RA/DEC image with slice_offset=0.000
    INFO | 2026-08-27 09:48:42 | datacube.py:subpixellate:1772 | Resampling slit 21/24 of frame 3/3
    INFO | 2026-08-27 09:48:42 | slittrace.py:get_radec_image:536 | Generating an RA/DEC image with slice_offset=0.000
    INFO | 2026-08-27 09:48:43 | datacube.py:subpixellate:1772 | Resampling slit 22/24 of frame 3/3
    INFO | 2026-08-27 09:48:43 | slittrace.py:get_radec_image:536 | Generating an RA/DEC image with slice_offset=0.000
    INFO | 2026-08-27 09:48:45 | datacube.py:subpixellate:1772 | Resampling slit 23/24 of frame 3/3
    INFO | 2026-08-27 09:48:45 | slittrace.py:get_radec_image:536 | Generating an RA/DEC image with slice_offset=0.000
    INFO | 2026-08-27 09:48:46 | datacube.py:subpixellate:1772 | Resampling slit 24/24 of frame 3/3
    INFO | 2026-08-27 09:48:46 | slittrace.py:get_radec_image:536 | Generating an RA/DEC image with slice_offset=0.000
    INFO | 2026-08-27 09:48:48 | datacube.py:compute_weights:1304 | Calculating the optimal weights of each pixel
    INFO | 2026-08-27 09:48:48 | datacube.py:compute_weights:1329 | Highest S/N object located at spaxel (x, y) = 11, 30
    INFO | 2026-08-27 09:48:48 | datacube.py:generate_WCS:1049 | Generating WCS
    INFO | 2026-08-27 09:48:48 | datacube.py:compute_weights:1353 | Extracting spectrum of highest S/N detection from frame 1/3
    INFO | 2026-08-27 09:48:48 | datacube.py:subpixellate:1770 | Resampling slit 1/24
    INFO | 2026-08-27 09:48:48 | slittrace.py:get_radec_image:536 | Generating an RA/DEC image with slice_offset=0.000
    INFO | 2026-08-27 09:48:50 | datacube.py:subpixellate:1770 | Resampling slit 2/24
    INFO | 2026-08-27 09:48:50 | slittrace.py:get_radec_image:536 | Generating an RA/DEC image with slice_offset=0.000
    INFO | 2026-08-27 09:48:51 | datacube.py:subpixellate:1770 | Resampling slit 3/24
    INFO | 2026-08-27 09:48:51 | slittrace.py:get_radec_image:536 | Generating an RA/DEC image with slice_offset=0.000
    INFO | 2026-08-27 09:48:53 | datacube.py:subpixellate:1770 | Resampling slit 4/24
    INFO | 2026-08-27 09:48:53 | slittrace.py:get_radec_image:536 | Generating an RA/DEC image with slice_offset=0.000
    INFO | 2026-08-27 09:48:54 | datacube.py:subpixellate:1770 | Resampling slit 5/24
    INFO | 2026-08-27 09:48:54 | slittrace.py:get_radec_image:536 | Generating an RA/DEC image with slice_offset=0.000
    INFO | 2026-08-27 09:48:56 | datacube.py:subpixellate:1770 | Resampling slit 6/24
    INFO | 2026-08-27 09:48:56 | slittrace.py:get_radec_image:536 | Generating an RA/DEC image with slice_offset=0.000
    INFO | 2026-08-27 09:48:57 | datacube.py:subpixellate:1770 | Resampling slit 7/24
    INFO | 2026-08-27 09:48:57 | slittrace.py:get_radec_image:536 | Generating an RA/DEC image with slice_offset=0.000
    INFO | 2026-08-27 09:48:59 | datacube.py:subpixellate:1770 | Resampling slit 8/24
    INFO | 2026-08-27 09:48:59 | slittrace.py:get_radec_image:536 | Generating an RA/DEC image with slice_offset=0.000
    INFO | 2026-08-27 09:49:00 | datacube.py:subpixellate:1770 | Resampling slit 9/24
    INFO | 2026-08-27 09:49:01 | slittrace.py:get_radec_image:536 | Generating an RA/DEC image with slice_offset=0.000
    INFO | 2026-08-27 09:49:02 | datacube.py:subpixellate:1770 | Resampling slit 10/24
    INFO | 2026-08-27 09:49:02 | slittrace.py:get_radec_image:536 | Generating an RA/DEC image with slice_offset=0.000
    INFO | 2026-08-27 09:49:04 | datacube.py:subpixellate:1770 | Resampling slit 11/24
    INFO | 2026-08-27 09:49:04 | slittrace.py:get_radec_image:536 | Generating an RA/DEC image with slice_offset=0.000
    INFO | 2026-08-27 09:49:05 | datacube.py:subpixellate:1770 | Resampling slit 12/24
    INFO | 2026-08-27 09:49:05 | slittrace.py:get_radec_image:536 | Generating an RA/DEC image with slice_offset=0.000
    INFO | 2026-08-27 09:49:07 | datacube.py:subpixellate:1770 | Resampling slit 13/24
    INFO | 2026-08-27 09:49:07 | slittrace.py:get_radec_image:536 | Generating an RA/DEC image with slice_offset=0.000
    INFO | 2026-08-27 09:49:08 | datacube.py:subpixellate:1770 | Resampling slit 14/24
    INFO | 2026-08-27 09:49:08 | slittrace.py:get_radec_image:536 | Generating an RA/DEC image with slice_offset=0.000
    INFO | 2026-08-27 09:49:10 | datacube.py:subpixellate:1770 | Resampling slit 15/24
    INFO | 2026-08-27 09:49:10 | slittrace.py:get_radec_image:536 | Generating an RA/DEC image with slice_offset=0.000
    INFO | 2026-08-27 09:49:11 | datacube.py:subpixellate:1770 | Resampling slit 16/24
    INFO | 2026-08-27 09:49:11 | slittrace.py:get_radec_image:536 | Generating an RA/DEC image with slice_offset=0.000
    INFO | 2026-08-27 09:49:13 | datacube.py:subpixellate:1770 | Resampling slit 17/24
    INFO | 2026-08-27 09:49:13 | slittrace.py:get_radec_image:536 | Generating an RA/DEC image with slice_offset=0.000
    INFO | 2026-08-27 09:49:14 | datacube.py:subpixellate:1770 | Resampling slit 18/24
    INFO | 2026-08-27 09:49:14 | slittrace.py:get_radec_image:536 | Generating an RA/DEC image with slice_offset=0.000
    INFO | 2026-08-27 09:49:16 | datacube.py:subpixellate:1770 | Resampling slit 19/24
    INFO | 2026-08-27 09:49:16 | slittrace.py:get_radec_image:536 | Generating an RA/DEC image with slice_offset=0.000
    INFO | 2026-08-27 09:49:17 | datacube.py:subpixellate:1770 | Resampling slit 20/24
    INFO | 2026-08-27 09:49:18 | slittrace.py:get_radec_image:536 | Generating an RA/DEC image with slice_offset=0.000
    INFO | 2026-08-27 09:49:19 | datacube.py:subpixellate:1770 | Resampling slit 21/24
    INFO | 2026-08-27 09:49:19 | slittrace.py:get_radec_image:536 | Generating an RA/DEC image with slice_offset=0.000
    INFO | 2026-08-27 09:49:21 | datacube.py:subpixellate:1770 | Resampling slit 22/24
    INFO | 2026-08-27 09:49:21 | slittrace.py:get_radec_image:536 | Generating an RA/DEC image with slice_offset=0.000
    INFO | 2026-08-27 09:49:22 | datacube.py:subpixellate:1770 | Resampling slit 23/24
    INFO | 2026-08-27 09:49:22 | slittrace.py:get_radec_image:536 | Generating an RA/DEC image with slice_offset=0.000
    INFO | 2026-08-27 09:49:24 | datacube.py:subpixellate:1770 | Resampling slit 24/24
    INFO | 2026-08-27 09:49:24 | slittrace.py:get_radec_image:536 | Generating an RA/DEC image with slice_offset=0.000
    INFO | 2026-08-27 09:49:25 | datacube.py:compute_weights:1353 | Extracting spectrum of highest S/N detection from frame 2/3
    INFO | 2026-08-27 09:49:25 | datacube.py:subpixellate:1770 | Resampling slit 1/24
    INFO | 2026-08-27 09:49:26 | slittrace.py:get_radec_image:536 | Generating an RA/DEC image with slice_offset=0.000
    INFO | 2026-08-27 09:49:27 | datacube.py:subpixellate:1770 | Resampling slit 2/24
    INFO | 2026-08-27 09:49:27 | slittrace.py:get_radec_image:536 | Generating an RA/DEC image with slice_offset=0.000
    INFO | 2026-08-27 09:49:29 | datacube.py:subpixellate:1770 | Resampling slit 3/24
    INFO | 2026-08-27 09:49:29 | slittrace.py:get_radec_image:536 | Generating an RA/DEC image with slice_offset=0.000
    INFO | 2026-08-27 09:49:30 | datacube.py:subpixellate:1770 | Resampling slit 4/24
    INFO | 2026-08-27 09:49:30 | slittrace.py:get_radec_image:536 | Generating an RA/DEC image with slice_offset=0.000
    INFO | 2026-08-27 09:49:32 | datacube.py:subpixellate:1770 | Resampling slit 5/24
    INFO | 2026-08-27 09:49:32 | slittrace.py:get_radec_image:536 | Generating an RA/DEC image with slice_offset=0.000
    INFO | 2026-08-27 09:49:33 | datacube.py:subpixellate:1770 | Resampling slit 6/24
    INFO | 2026-08-27 09:49:33 | slittrace.py:get_radec_image:536 | Generating an RA/DEC image with slice_offset=0.000
    INFO | 2026-08-27 09:49:35 | datacube.py:subpixellate:1770 | Resampling slit 7/24
    INFO | 2026-08-27 09:49:35 | slittrace.py:get_radec_image:536 | Generating an RA/DEC image with slice_offset=0.000
    INFO | 2026-08-27 09:49:36 | datacube.py:subpixellate:1770 | Resampling slit 8/24
    INFO | 2026-08-27 09:49:36 | slittrace.py:get_radec_image:536 | Generating an RA/DEC image with slice_offset=0.000
    INFO | 2026-08-27 09:49:38 | datacube.py:subpixellate:1770 | Resampling slit 9/24
    INFO | 2026-08-27 09:49:38 | slittrace.py:get_radec_image:536 | Generating an RA/DEC image with slice_offset=0.000
    INFO | 2026-08-27 09:49:40 | datacube.py:subpixellate:1770 | Resampling slit 10/24
    INFO | 2026-08-27 09:49:40 | slittrace.py:get_radec_image:536 | Generating an RA/DEC image with slice_offset=0.000
    INFO | 2026-08-27 09:49:41 | datacube.py:subpixellate:1770 | Resampling slit 11/24
    INFO | 2026-08-27 09:49:41 | slittrace.py:get_radec_image:536 | Generating an RA/DEC image with slice_offset=0.000
    INFO | 2026-08-27 09:49:43 | datacube.py:subpixellate:1770 | Resampling slit 12/24
    INFO | 2026-08-27 09:49:43 | slittrace.py:get_radec_image:536 | Generating an RA/DEC image with slice_offset=0.000
    INFO | 2026-08-27 09:49:44 | datacube.py:subpixellate:1770 | Resampling slit 13/24
    INFO | 2026-08-27 09:49:44 | slittrace.py:get_radec_image:536 | Generating an RA/DEC image with slice_offset=0.000
    INFO | 2026-08-27 09:49:46 | datacube.py:subpixellate:1770 | Resampling slit 14/24
    INFO | 2026-08-27 09:49:46 | slittrace.py:get_radec_image:536 | Generating an RA/DEC image with slice_offset=0.000
    INFO | 2026-08-27 09:49:47 | datacube.py:subpixellate:1770 | Resampling slit 15/24
    INFO | 2026-08-27 09:49:47 | slittrace.py:get_radec_image:536 | Generating an RA/DEC image with slice_offset=0.000
    INFO | 2026-08-27 09:49:49 | datacube.py:subpixellate:1770 | Resampling slit 16/24
    INFO | 2026-08-27 09:49:49 | slittrace.py:get_radec_image:536 | Generating an RA/DEC image with slice_offset=0.000
    INFO | 2026-08-27 09:49:50 | datacube.py:subpixellate:1770 | Resampling slit 17/24
    INFO | 2026-08-27 09:49:51 | slittrace.py:get_radec_image:536 | Generating an RA/DEC image with slice_offset=0.000
    INFO | 2026-08-27 09:49:52 | datacube.py:subpixellate:1770 | Resampling slit 18/24
    INFO | 2026-08-27 09:49:52 | slittrace.py:get_radec_image:536 | Generating an RA/DEC image with slice_offset=0.000
    INFO | 2026-08-27 09:49:54 | datacube.py:subpixellate:1770 | Resampling slit 19/24
    INFO | 2026-08-27 09:49:54 | slittrace.py:get_radec_image:536 | Generating an RA/DEC image with slice_offset=0.000
    INFO | 2026-08-27 09:49:55 | datacube.py:subpixellate:1770 | Resampling slit 20/24
    INFO | 2026-08-27 09:49:55 | slittrace.py:get_radec_image:536 | Generating an RA/DEC image with slice_offset=0.000
    INFO | 2026-08-27 09:49:57 | datacube.py:subpixellate:1770 | Resampling slit 21/24
    INFO | 2026-08-27 09:49:57 | slittrace.py:get_radec_image:536 | Generating an RA/DEC image with slice_offset=0.000
    INFO | 2026-08-27 09:49:58 | datacube.py:subpixellate:1770 | Resampling slit 22/24
    INFO | 2026-08-27 09:49:58 | slittrace.py:get_radec_image:536 | Generating an RA/DEC image with slice_offset=0.000
    INFO | 2026-08-27 09:50:00 | datacube.py:subpixellate:1770 | Resampling slit 23/24
    INFO | 2026-08-27 09:50:00 | slittrace.py:get_radec_image:536 | Generating an RA/DEC image with slice_offset=0.000
    INFO | 2026-08-27 09:50:01 | datacube.py:subpixellate:1770 | Resampling slit 24/24
    INFO | 2026-08-27 09:50:02 | slittrace.py:get_radec_image:536 | Generating an RA/DEC image with slice_offset=0.000
    INFO | 2026-08-27 09:50:03 | datacube.py:compute_weights:1353 | Extracting spectrum of highest S/N detection from frame 3/3
    INFO | 2026-08-27 09:50:03 | datacube.py:subpixellate:1770 | Resampling slit 1/24
    INFO | 2026-08-27 09:50:03 | slittrace.py:get_radec_image:536 | Generating an RA/DEC image with slice_offset=0.000
    INFO | 2026-08-27 09:50:05 | datacube.py:subpixellate:1770 | Resampling slit 2/24
    INFO | 2026-08-27 09:50:05 | slittrace.py:get_radec_image:536 | Generating an RA/DEC image with slice_offset=0.000
    INFO | 2026-08-27 09:50:06 | datacube.py:subpixellate:1770 | Resampling slit 3/24
    INFO | 2026-08-27 09:50:06 | slittrace.py:get_radec_image:536 | Generating an RA/DEC image with slice_offset=0.000
    INFO | 2026-08-27 09:50:08 | datacube.py:subpixellate:1770 | Resampling slit 4/24
    INFO | 2026-08-27 09:50:08 | slittrace.py:get_radec_image:536 | Generating an RA/DEC image with slice_offset=0.000
    INFO | 2026-08-27 09:50:09 | datacube.py:subpixellate:1770 | Resampling slit 5/24
    INFO | 2026-08-27 09:50:09 | slittrace.py:get_radec_image:536 | Generating an RA/DEC image with slice_offset=0.000
    INFO | 2026-08-27 09:50:11 | datacube.py:subpixellate:1770 | Resampling slit 6/24
    INFO | 2026-08-27 09:50:11 | slittrace.py:get_radec_image:536 | Generating an RA/DEC image with slice_offset=0.000
    INFO | 2026-08-27 09:50:12 | datacube.py:subpixellate:1770 | Resampling slit 7/24
    INFO | 2026-08-27 09:50:13 | slittrace.py:get_radec_image:536 | Generating an RA/DEC image with slice_offset=0.000
    INFO | 2026-08-27 09:50:14 | datacube.py:subpixellate:1770 | Resampling slit 8/24
    INFO | 2026-08-27 09:50:14 | slittrace.py:get_radec_image:536 | Generating an RA/DEC image with slice_offset=0.000
    INFO | 2026-08-27 09:50:16 | datacube.py:subpixellate:1770 | Resampling slit 9/24
    INFO | 2026-08-27 09:50:16 | slittrace.py:get_radec_image:536 | Generating an RA/DEC image with slice_offset=0.000
    INFO | 2026-08-27 09:50:17 | datacube.py:subpixellate:1770 | Resampling slit 10/24
    INFO | 2026-08-27 09:50:17 | slittrace.py:get_radec_image:536 | Generating an RA/DEC image with slice_offset=0.000
    INFO | 2026-08-27 09:50:19 | datacube.py:subpixellate:1770 | Resampling slit 11/24
    INFO | 2026-08-27 09:50:19 | slittrace.py:get_radec_image:536 | Generating an RA/DEC image with slice_offset=0.000
    INFO | 2026-08-27 09:50:20 | datacube.py:subpixellate:1770 | Resampling slit 12/24
    INFO | 2026-08-27 09:50:20 | slittrace.py:get_radec_image:536 | Generating an RA/DEC image with slice_offset=0.000
    INFO | 2026-08-27 09:50:22 | datacube.py:subpixellate:1770 | Resampling slit 13/24
    INFO | 2026-08-27 09:50:22 | slittrace.py:get_radec_image:536 | Generating an RA/DEC image with slice_offset=0.000
    INFO | 2026-08-27 09:50:23 | datacube.py:subpixellate:1770 | Resampling slit 14/24
    INFO | 2026-08-27 09:50:24 | slittrace.py:get_radec_image:536 | Generating an RA/DEC image with slice_offset=0.000
    INFO | 2026-08-27 09:50:25 | datacube.py:subpixellate:1770 | Resampling slit 15/24
    INFO | 2026-08-27 09:50:25 | slittrace.py:get_radec_image:536 | Generating an RA/DEC image with slice_offset=0.000
    INFO | 2026-08-27 09:50:27 | datacube.py:subpixellate:1770 | Resampling slit 16/24
    INFO | 2026-08-27 09:50:27 | slittrace.py:get_radec_image:536 | Generating an RA/DEC image with slice_offset=0.000
    INFO | 2026-08-27 09:50:28 | datacube.py:subpixellate:1770 | Resampling slit 17/24
    INFO | 2026-08-27 09:50:28 | slittrace.py:get_radec_image:536 | Generating an RA/DEC image with slice_offset=0.000
    INFO | 2026-08-27 09:50:30 | datacube.py:subpixellate:1770 | Resampling slit 18/24
    INFO | 2026-08-27 09:50:30 | slittrace.py:get_radec_image:536 | Generating an RA/DEC image with slice_offset=0.000
    INFO | 2026-08-27 09:50:31 | datacube.py:subpixellate:1770 | Resampling slit 19/24
    INFO | 2026-08-27 09:50:31 | slittrace.py:get_radec_image:536 | Generating an RA/DEC image with slice_offset=0.000
    INFO | 2026-08-27 09:50:33 | datacube.py:subpixellate:1770 | Resampling slit 20/24
    INFO | 2026-08-27 09:50:33 | slittrace.py:get_radec_image:536 | Generating an RA/DEC image with slice_offset=0.000
    INFO | 2026-08-27 09:50:34 | datacube.py:subpixellate:1770 | Resampling slit 21/24
    INFO | 2026-08-27 09:50:34 | slittrace.py:get_radec_image:536 | Generating an RA/DEC image with slice_offset=0.000
    INFO | 2026-08-27 09:50:36 | datacube.py:subpixellate:1770 | Resampling slit 22/24
    INFO | 2026-08-27 09:50:36 | slittrace.py:get_radec_image:536 | Generating an RA/DEC image with slice_offset=0.000
    INFO | 2026-08-27 09:50:37 | datacube.py:subpixellate:1770 | Resampling slit 23/24
    INFO | 2026-08-27 09:50:37 | slittrace.py:get_radec_image:536 | Generating an RA/DEC image with slice_offset=0.000
    INFO | 2026-08-27 09:50:39 | datacube.py:subpixellate:1770 | Resampling slit 24/24
    INFO | 2026-08-27 09:50:39 | slittrace.py:get_radec_image:536 | Generating an RA/DEC image with slice_offset=0.000
    INFO | 2026-08-27 09:50:42 | datacube.py:compute_weights:1384 | Optimal weighting complete
    INFO | 2026-08-27 09:50:42 | datacube.py:generate_WCS:1049 | Generating WCS
    INFO | 2026-08-27 09:50:42 | datacube.py:create_wcs:1008 | 
----------------------------------------
Parameters of the WCS:
RA   min = 159.90140848131182
DEC  min = 43.099912612361834
WAVE min, max = 6678.408133218117, 8966.822106448308
Spaxel size = 0.33946200000000004 arcsec
Wavelength step = 0.49731978533145593 A
----------------------------------------
    INFO | 2026-08-27 09:50:42 | datacube.py:get_whitelight_range:606 | The white light images will cover the wavelength range: 6921.52A - 8726.69A
    INFO | 2026-08-27 09:50:42 | datacube.py:subpixellate:1772 | Resampling slit 1/24 of frame 1/3
    INFO | 2026-08-27 09:50:43 | datacube.py:subpixellate:1807 | Resampling subslice 1/5
    INFO | 2026-08-27 09:50:43 | slittrace.py:get_radec_image:536 | Generating an RA/DEC image with slice_offset=-0.400
    INFO | 2026-08-27 09:50:48 | datacube.py:subpixellate:1807 | Resampling subslice 2/5
    INFO | 2026-08-27 09:50:48 | slittrace.py:get_radec_image:536 | Generating an RA/DEC image with slice_offset=-0.200
    INFO | 2026-08-27 09:50:52 | datacube.py:subpixellate:1807 | Resampling subslice 3/5
    INFO | 2026-08-27 09:50:52 | slittrace.py:get_radec_image:536 | Generating an RA/DEC image with slice_offset=0.000
    INFO | 2026-08-27 09:50:56 | datacube.py:subpixellate:1807 | Resampling subslice 4/5
    INFO | 2026-08-27 09:50:56 | slittrace.py:get_radec_image:536 | Generating an RA/DEC image with slice_offset=0.200
    INFO | 2026-08-27 09:51:00 | datacube.py:subpixellate:1807 | Resampling subslice 5/5
    INFO | 2026-08-27 09:51:00 | slittrace.py:get_radec_image:536 | Generating an RA/DEC image with slice_offset=0.400
    INFO | 2026-08-27 09:51:03 | datacube.py:subpixellate:1832 | Preparing subpixel weights
    INFO | 2026-08-27 09:51:14 | datacube.py:subpixellate:1772 | Resampling slit 2/24 of frame 1/3
    INFO | 2026-08-27 09:51:15 | datacube.py:subpixellate:1807 | Resampling subslice 1/5
    INFO | 2026-08-27 09:51:15 | slittrace.py:get_radec_image:536 | Generating an RA/DEC image with slice_offset=-0.400
    INFO | 2026-08-27 09:51:19 | datacube.py:subpixellate:1807 | Resampling subslice 2/5
    INFO | 2026-08-27 09:51:19 | slittrace.py:get_radec_image:536 | Generating an RA/DEC image with slice_offset=-0.200
    INFO | 2026-08-27 09:51:23 | datacube.py:subpixellate:1807 | Resampling subslice 3/5
    INFO | 2026-08-27 09:51:23 | slittrace.py:get_radec_image:536 | Generating an RA/DEC image with slice_offset=0.000
    INFO | 2026-08-27 09:51:27 | datacube.py:subpixellate:1807 | Resampling subslice 4/5
    INFO | 2026-08-27 09:51:27 | slittrace.py:get_radec_image:536 | Generating an RA/DEC image with slice_offset=0.200
    INFO | 2026-08-27 09:51:31 | datacube.py:subpixellate:1807 | Resampling subslice 5/5
    INFO | 2026-08-27 09:51:31 | slittrace.py:get_radec_image:536 | Generating an RA/DEC image with slice_offset=0.400
    INFO | 2026-08-27 09:51:34 | datacube.py:subpixellate:1832 | Preparing subpixel weights
    INFO | 2026-08-27 09:51:45 | datacube.py:subpixellate:1772 | Resampling slit 3/24 of frame 1/3
    INFO | 2026-08-27 09:51:46 | datacube.py:subpixellate:1807 | Resampling subslice 1/5
    INFO | 2026-08-27 09:51:46 | slittrace.py:get_radec_image:536 | Generating an RA/DEC image with slice_offset=-0.400
    INFO | 2026-08-27 09:51:50 | datacube.py:subpixellate:1807 | Resampling subslice 2/5
    INFO | 2026-08-27 09:51:50 | slittrace.py:get_radec_image:536 | Generating an RA/DEC image with slice_offset=-0.200
    INFO | 2026-08-27 09:51:54 | datacube.py:subpixellate:1807 | Resampling subslice 3/5
    INFO | 2026-08-27 09:51:54 | slittrace.py:get_radec_image:536 | Generating an RA/DEC image with slice_offset=0.000
    INFO | 2026-08-27 09:51:58 | datacube.py:subpixellate:1807 | Resampling subslice 4/5
    INFO | 2026-08-27 09:51:58 | slittrace.py:get_radec_image:536 | Generating an RA/DEC image with slice_offset=0.200
    INFO | 2026-08-27 09:52:02 | datacube.py:subpixellate:1807 | Resampling subslice 5/5
    INFO | 2026-08-27 09:52:02 | slittrace.py:get_radec_image:536 | Generating an RA/DEC image with slice_offset=0.400
    INFO | 2026-08-27 09:52:06 | datacube.py:subpixellate:1832 | Preparing subpixel weights
    INFO | 2026-08-27 09:52:16 | datacube.py:subpixellate:1772 | Resampling slit 4/24 of frame 1/3
    INFO | 2026-08-27 09:52:18 | datacube.py:subpixellate:1807 | Resampling subslice 1/5
    INFO | 2026-08-27 09:52:18 | slittrace.py:get_radec_image:536 | Generating an RA/DEC image with slice_offset=-0.400
    INFO | 2026-08-27 09:52:22 | datacube.py:subpixellate:1807 | Resampling subslice 2/5
    INFO | 2026-08-27 09:52:22 | slittrace.py:get_radec_image:536 | Generating an RA/DEC image with slice_offset=-0.200
    INFO | 2026-08-27 09:52:26 | datacube.py:subpixellate:1807 | Resampling subslice 3/5
    INFO | 2026-08-27 09:52:26 | slittrace.py:get_radec_image:536 | Generating an RA/DEC image with slice_offset=0.000
    INFO | 2026-08-27 09:52:29 | datacube.py:subpixellate:1807 | Resampling subslice 4/5
    INFO | 2026-08-27 09:52:29 | slittrace.py:get_radec_image:536 | Generating an RA/DEC image with slice_offset=0.200
    INFO | 2026-08-27 09:52:33 | datacube.py:subpixellate:1807 | Resampling subslice 5/5
    INFO | 2026-08-27 09:52:33 | slittrace.py:get_radec_image:536 | Generating an RA/DEC image with slice_offset=0.400
    INFO | 2026-08-27 09:52:37 | datacube.py:subpixellate:1832 | Preparing subpixel weights
    INFO | 2026-08-27 09:52:47 | datacube.py:subpixellate:1772 | Resampling slit 5/24 of frame 1/3
    INFO | 2026-08-27 09:52:49 | datacube.py:subpixellate:1807 | Resampling subslice 1/5
    INFO | 2026-08-27 09:52:49 | slittrace.py:get_radec_image:536 | Generating an RA/DEC image with slice_offset=-0.400
    INFO | 2026-08-27 09:52:53 | datacube.py:subpixellate:1807 | Resampling subslice 2/5
    INFO | 2026-08-27 09:52:53 | slittrace.py:get_radec_image:536 | Generating an RA/DEC image with slice_offset=-0.200
    INFO | 2026-08-27 09:52:57 | datacube.py:subpixellate:1807 | Resampling subslice 3/5
    INFO | 2026-08-27 09:52:57 | slittrace.py:get_radec_image:536 | Generating an RA/DEC image with slice_offset=0.000
    INFO | 2026-08-27 09:53:00 | datacube.py:subpixellate:1807 | Resampling subslice 4/5
    INFO | 2026-08-27 09:53:00 | slittrace.py:get_radec_image:536 | Generating an RA/DEC image with slice_offset=0.200
    INFO | 2026-08-27 09:53:04 | datacube.py:subpixellate:1807 | Resampling subslice 5/5
    INFO | 2026-08-27 09:53:04 | slittrace.py:get_radec_image:536 | Generating an RA/DEC image with slice_offset=0.400
    INFO | 2026-08-27 09:53:08 | datacube.py:subpixellate:1832 | Preparing subpixel weights
    INFO | 2026-08-27 09:53:18 | datacube.py:subpixellate:1772 | Resampling slit 6/24 of frame 1/3
    INFO | 2026-08-27 09:53:20 | datacube.py:subpixellate:1807 | Resampling subslice 1/5
    INFO | 2026-08-27 09:53:20 | slittrace.py:get_radec_image:536 | Generating an RA/DEC image with slice_offset=-0.400
    INFO | 2026-08-27 09:53:24 | datacube.py:subpixellate:1807 | Resampling subslice 2/5
    INFO | 2026-08-27 09:53:24 | slittrace.py:get_radec_image:536 | Generating an RA/DEC image with slice_offset=-0.200
    INFO | 2026-08-27 09:53:28 | datacube.py:subpixellate:1807 | Resampling subslice 3/5
    INFO | 2026-08-27 09:53:28 | slittrace.py:get_radec_image:536 | Generating an RA/DEC image with slice_offset=0.000
    INFO | 2026-08-27 09:53:31 | datacube.py:subpixellate:1807 | Resampling subslice 4/5
    INFO | 2026-08-27 09:53:31 | slittrace.py:get_radec_image:536 | Generating an RA/DEC image with slice_offset=0.200
    INFO | 2026-08-27 09:53:35 | datacube.py:subpixellate:1807 | Resampling subslice 5/5
    INFO | 2026-08-27 09:53:35 | slittrace.py:get_radec_image:536 | Generating an RA/DEC image with slice_offset=0.400
    INFO | 2026-08-27 09:53:39 | datacube.py:subpixellate:1832 | Preparing subpixel weights
    INFO | 2026-08-27 09:53:49 | datacube.py:subpixellate:1772 | Resampling slit 7/24 of frame 1/3
    INFO | 2026-08-27 09:53:51 | datacube.py:subpixellate:1807 | Resampling subslice 1/5
    INFO | 2026-08-27 09:53:51 | slittrace.py:get_radec_image:536 | Generating an RA/DEC image with slice_offset=-0.400
    INFO | 2026-08-27 09:53:55 | datacube.py:subpixellate:1807 | Resampling subslice 2/5
    INFO | 2026-08-27 09:53:55 | slittrace.py:get_radec_image:536 | Generating an RA/DEC image with slice_offset=-0.200
    INFO | 2026-08-27 09:53:59 | datacube.py:subpixellate:1807 | Resampling subslice 3/5
    INFO | 2026-08-27 09:53:59 | slittrace.py:get_radec_image:536 | Generating an RA/DEC image with slice_offset=0.000
    INFO | 2026-08-27 09:54:03 | datacube.py:subpixellate:1807 | Resampling subslice 4/5
    INFO | 2026-08-27 09:54:03 | slittrace.py:get_radec_image:536 | Generating an RA/DEC image with slice_offset=0.200
    INFO | 2026-08-27 09:54:07 | datacube.py:subpixellate:1807 | Resampling subslice 5/5
    INFO | 2026-08-27 09:54:07 | slittrace.py:get_radec_image:536 | Generating an RA/DEC image with slice_offset=0.400
    INFO | 2026-08-27 09:54:10 | datacube.py:subpixellate:1832 | Preparing subpixel weights
    INFO | 2026-08-27 09:54:21 | datacube.py:subpixellate:1772 | Resampling slit 8/24 of frame 1/3
    INFO | 2026-08-27 09:54:22 | datacube.py:subpixellate:1807 | Resampling subslice 1/5
    INFO | 2026-08-27 09:54:22 | slittrace.py:get_radec_image:536 | Generating an RA/DEC image with slice_offset=-0.400
    INFO | 2026-08-27 09:54:26 | datacube.py:subpixellate:1807 | Resampling subslice 2/5
    INFO | 2026-08-27 09:54:26 | slittrace.py:get_radec_image:536 | Generating an RA/DEC image with slice_offset=-0.200
    INFO | 2026-08-27 09:54:30 | datacube.py:subpixellate:1807 | Resampling subslice 3/5
    INFO | 2026-08-27 09:54:30 | slittrace.py:get_radec_image:536 | Generating an RA/DEC image with slice_offset=0.000
    INFO | 2026-08-27 09:54:34 | datacube.py:subpixellate:1807 | Resampling subslice 4/5
    INFO | 2026-08-27 09:54:34 | slittrace.py:get_radec_image:536 | Generating an RA/DEC image with slice_offset=0.200
    INFO | 2026-08-27 09:54:38 | datacube.py:subpixellate:1807 | Resampling subslice 5/5
    INFO | 2026-08-27 09:54:38 | slittrace.py:get_radec_image:536 | Generating an RA/DEC image with slice_offset=0.400
    INFO | 2026-08-27 09:54:41 | datacube.py:subpixellate:1832 | Preparing subpixel weights
    INFO | 2026-08-27 09:54:52 | datacube.py:subpixellate:1772 | Resampling slit 9/24 of frame 1/3
    INFO | 2026-08-27 09:54:53 | datacube.py:subpixellate:1807 | Resampling subslice 1/5
    INFO | 2026-08-27 09:54:53 | slittrace.py:get_radec_image:536 | Generating an RA/DEC image with slice_offset=-0.400
    INFO | 2026-08-27 09:54:57 | datacube.py:subpixellate:1807 | Resampling subslice 2/5
    INFO | 2026-08-27 09:54:57 | slittrace.py:get_radec_image:536 | Generating an RA/DEC image with slice_offset=-0.200
    INFO | 2026-08-27 09:55:01 | datacube.py:subpixellate:1807 | Resampling subslice 3/5
    INFO | 2026-08-27 09:55:01 | slittrace.py:get_radec_image:536 | Generating an RA/DEC image with slice_offset=0.000
    INFO | 2026-08-27 09:55:05 | datacube.py:subpixellate:1807 | Resampling subslice 4/5
    INFO | 2026-08-27 09:55:05 | slittrace.py:get_radec_image:536 | Generating an RA/DEC image with slice_offset=0.200
    INFO | 2026-08-27 09:55:09 | datacube.py:subpixellate:1807 | Resampling subslice 5/5
    INFO | 2026-08-27 09:55:09 | slittrace.py:get_radec_image:536 | Generating an RA/DEC image with slice_offset=0.400
    INFO | 2026-08-27 09:55:12 | datacube.py:subpixellate:1832 | Preparing subpixel weights
    INFO | 2026-08-27 09:55:23 | datacube.py:subpixellate:1772 | Resampling slit 10/24 of frame 1/3
    INFO | 2026-08-27 09:55:24 | datacube.py:subpixellate:1807 | Resampling subslice 1/5
    INFO | 2026-08-27 09:55:24 | slittrace.py:get_radec_image:536 | Generating an RA/DEC image with slice_offset=-0.400
    INFO | 2026-08-27 09:55:28 | datacube.py:subpixellate:1807 | Resampling subslice 2/5
    INFO | 2026-08-27 09:55:28 | slittrace.py:get_radec_image:536 | Generating an RA/DEC image with slice_offset=-0.200
    INFO | 2026-08-27 09:55:32 | datacube.py:subpixellate:1807 | Resampling subslice 3/5
    INFO | 2026-08-27 09:55:32 | slittrace.py:get_radec_image:536 | Generating an RA/DEC image with slice_offset=0.000
    INFO | 2026-08-27 09:55:36 | datacube.py:subpixellate:1807 | Resampling subslice 4/5
    INFO | 2026-08-27 09:55:36 | slittrace.py:get_radec_image:536 | Generating an RA/DEC image with slice_offset=0.200
    INFO | 2026-08-27 09:55:39 | datacube.py:subpixellate:1807 | Resampling subslice 5/5
    INFO | 2026-08-27 09:55:39 | slittrace.py:get_radec_image:536 | Generating an RA/DEC image with slice_offset=0.400
    INFO | 2026-08-27 09:55:43 | datacube.py:subpixellate:1832 | Preparing subpixel weights
    INFO | 2026-08-27 09:55:54 | datacube.py:subpixellate:1772 | Resampling slit 11/24 of frame 1/3
    INFO | 2026-08-27 09:55:55 | datacube.py:subpixellate:1807 | Resampling subslice 1/5
    INFO | 2026-08-27 09:55:55 | slittrace.py:get_radec_image:536 | Generating an RA/DEC image with slice_offset=-0.400
    INFO | 2026-08-27 09:55:59 | datacube.py:subpixellate:1807 | Resampling subslice 2/5
    INFO | 2026-08-27 09:55:59 | slittrace.py:get_radec_image:536 | Generating an RA/DEC image with slice_offset=-0.200
    INFO | 2026-08-27 09:56:03 | datacube.py:subpixellate:1807 | Resampling subslice 3/5
    INFO | 2026-08-27 09:56:03 | slittrace.py:get_radec_image:536 | Generating an RA/DEC image with slice_offset=0.000
    INFO | 2026-08-27 09:56:07 | datacube.py:subpixellate:1807 | Resampling subslice 4/5
    INFO | 2026-08-27 09:56:07 | slittrace.py:get_radec_image:536 | Generating an RA/DEC image with slice_offset=0.200
    INFO | 2026-08-27 09:56:10 | datacube.py:subpixellate:1807 | Resampling subslice 5/5
    INFO | 2026-08-27 09:56:10 | slittrace.py:get_radec_image:536 | Generating an RA/DEC image with slice_offset=0.400
    INFO | 2026-08-27 09:56:14 | datacube.py:subpixellate:1832 | Preparing subpixel weights
    INFO | 2026-08-27 09:56:24 | datacube.py:subpixellate:1772 | Resampling slit 12/24 of frame 1/3
    INFO | 2026-08-27 09:56:26 | datacube.py:subpixellate:1807 | Resampling subslice 1/5
    INFO | 2026-08-27 09:56:26 | slittrace.py:get_radec_image:536 | Generating an RA/DEC image with slice_offset=-0.400
    INFO | 2026-08-27 09:56:30 | datacube.py:subpixellate:1807 | Resampling subslice 2/5
    INFO | 2026-08-27 09:56:30 | slittrace.py:get_radec_image:536 | Generating an RA/DEC image with slice_offset=-0.200
    INFO | 2026-08-27 09:56:34 | datacube.py:subpixellate:1807 | Resampling subslice 3/5
    INFO | 2026-08-27 09:56:34 | slittrace.py:get_radec_image:536 | Generating an RA/DEC image with slice_offset=0.000
    INFO | 2026-08-27 09:56:38 | datacube.py:subpixellate:1807 | Resampling subslice 4/5
    INFO | 2026-08-27 09:56:38 | slittrace.py:get_radec_image:536 | Generating an RA/DEC image with slice_offset=0.200
    INFO | 2026-08-27 09:56:41 | datacube.py:subpixellate:1807 | Resampling subslice 5/5
    INFO | 2026-08-27 09:56:41 | slittrace.py:get_radec_image:536 | Generating an RA/DEC image with slice_offset=0.400
    INFO | 2026-08-27 09:56:45 | datacube.py:subpixellate:1832 | Preparing subpixel weights
    INFO | 2026-08-27 09:56:55 | datacube.py:subpixellate:1772 | Resampling slit 13/24 of frame 1/3
    INFO | 2026-08-27 09:56:57 | datacube.py:subpixellate:1807 | Resampling subslice 1/5
    INFO | 2026-08-27 09:56:57 | slittrace.py:get_radec_image:536 | Generating an RA/DEC image with slice_offset=-0.400
    INFO | 2026-08-27 09:57:01 | datacube.py:subpixellate:1807 | Resampling subslice 2/5
    INFO | 2026-08-27 09:57:01 | slittrace.py:get_radec_image:536 | Generating an RA/DEC image with slice_offset=-0.200
    INFO | 2026-08-27 09:57:05 | datacube.py:subpixellate:1807 | Resampling subslice 3/5
    INFO | 2026-08-27 09:57:05 | slittrace.py:get_radec_image:536 | Generating an RA/DEC image with slice_offset=0.000
    INFO | 2026-08-27 09:57:08 | datacube.py:subpixellate:1807 | Resampling subslice 4/5
    INFO | 2026-08-27 09:57:08 | slittrace.py:get_radec_image:536 | Generating an RA/DEC image with slice_offset=0.200
    INFO | 2026-08-27 09:57:12 | datacube.py:subpixellate:1807 | Resampling subslice 5/5
    INFO | 2026-08-27 09:57:12 | slittrace.py:get_radec_image:536 | Generating an RA/DEC image with slice_offset=0.400
    INFO | 2026-08-27 09:57:16 | datacube.py:subpixellate:1832 | Preparing subpixel weights
    INFO | 2026-08-27 09:57:26 | datacube.py:subpixellate:1772 | Resampling slit 14/24 of frame 1/3
    INFO | 2026-08-27 09:57:28 | datacube.py:subpixellate:1807 | Resampling subslice 1/5
    INFO | 2026-08-27 09:57:28 | slittrace.py:get_radec_image:536 | Generating an RA/DEC image with slice_offset=-0.400
    INFO | 2026-08-27 09:57:32 | datacube.py:subpixellate:1807 | Resampling subslice 2/5
    INFO | 2026-08-27 09:57:32 | slittrace.py:get_radec_image:536 | Generating an RA/DEC image with slice_offset=-0.200
    INFO | 2026-08-27 09:57:36 | datacube.py:subpixellate:1807 | Resampling subslice 3/5
    INFO | 2026-08-27 09:57:36 | slittrace.py:get_radec_image:536 | Generating an RA/DEC image with slice_offset=0.000
    INFO | 2026-08-27 09:57:39 | datacube.py:subpixellate:1807 | Resampling subslice 4/5
    INFO | 2026-08-27 09:57:39 | slittrace.py:get_radec_image:536 | Generating an RA/DEC image with slice_offset=0.200
    INFO | 2026-08-27 09:57:43 | datacube.py:subpixellate:1807 | Resampling subslice 5/5
    INFO | 2026-08-27 09:57:43 | slittrace.py:get_radec_image:536 | Generating an RA/DEC image with slice_offset=0.400
    INFO | 2026-08-27 09:57:47 | datacube.py:subpixellate:1832 | Preparing subpixel weights
    INFO | 2026-08-27 09:57:57 | datacube.py:subpixellate:1772 | Resampling slit 15/24 of frame 1/3
    INFO | 2026-08-27 09:57:59 | datacube.py:subpixellate:1807 | Resampling subslice 1/5
    INFO | 2026-08-27 09:57:59 | slittrace.py:get_radec_image:536 | Generating an RA/DEC image with slice_offset=-0.400
    INFO | 2026-08-27 09:58:03 | datacube.py:subpixellate:1807 | Resampling subslice 2/5
    INFO | 2026-08-27 09:58:03 | slittrace.py:get_radec_image:536 | Generating an RA/DEC image with slice_offset=-0.200
    INFO | 2026-08-27 09:58:07 | datacube.py:subpixellate:1807 | Resampling subslice 3/5
    INFO | 2026-08-27 09:58:07 | slittrace.py:get_radec_image:536 | Generating an RA/DEC image with slice_offset=0.000
    INFO | 2026-08-27 09:58:11 | datacube.py:subpixellate:1807 | Resampling subslice 4/5
    INFO | 2026-08-27 09:58:11 | slittrace.py:get_radec_image:536 | Generating an RA/DEC image with slice_offset=0.200
    INFO | 2026-08-27 09:58:14 | datacube.py:subpixellate:1807 | Resampling subslice 5/5
    INFO | 2026-08-27 09:58:14 | slittrace.py:get_radec_image:536 | Generating an RA/DEC image with slice_offset=0.400
    INFO | 2026-08-27 09:58:18 | datacube.py:subpixellate:1832 | Preparing subpixel weights
    INFO | 2026-08-27 09:58:28 | datacube.py:subpixellate:1772 | Resampling slit 16/24 of frame 1/3
    INFO | 2026-08-27 09:58:30 | datacube.py:subpixellate:1807 | Resampling subslice 1/5
    INFO | 2026-08-27 09:58:30 | slittrace.py:get_radec_image:536 | Generating an RA/DEC image with slice_offset=-0.400
    INFO | 2026-08-27 09:58:34 | datacube.py:subpixellate:1807 | Resampling subslice 2/5
    INFO | 2026-08-27 09:58:34 | slittrace.py:get_radec_image:536 | Generating an RA/DEC image with slice_offset=-0.200
    INFO | 2026-08-27 09:58:38 | datacube.py:subpixellate:1807 | Resampling subslice 3/5
    INFO | 2026-08-27 09:58:38 | slittrace.py:get_radec_image:536 | Generating an RA/DEC image with slice_offset=0.000
    INFO | 2026-08-27 09:58:41 | datacube.py:subpixellate:1807 | Resampling subslice 4/5
    INFO | 2026-08-27 09:58:41 | slittrace.py:get_radec_image:536 | Generating an RA/DEC image with slice_offset=0.200
    INFO | 2026-08-27 09:58:45 | datacube.py:subpixellate:1807 | Resampling subslice 5/5
    INFO | 2026-08-27 09:58:45 | slittrace.py:get_radec_image:536 | Generating an RA/DEC image with slice_offset=0.400
    INFO | 2026-08-27 09:58:49 | datacube.py:subpixellate:1832 | Preparing subpixel weights
    INFO | 2026-08-27 09:58:59 | datacube.py:subpixellate:1772 | Resampling slit 17/24 of frame 1/3
    INFO | 2026-08-27 09:59:01 | datacube.py:subpixellate:1807 | Resampling subslice 1/5
    INFO | 2026-08-27 09:59:01 | slittrace.py:get_radec_image:536 | Generating an RA/DEC image with slice_offset=-0.400
    INFO | 2026-08-27 09:59:05 | datacube.py:subpixellate:1807 | Resampling subslice 2/5
    INFO | 2026-08-27 09:59:05 | slittrace.py:get_radec_image:536 | Generating an RA/DEC image with slice_offset=-0.200
    INFO | 2026-08-27 09:59:09 | datacube.py:subpixellate:1807 | Resampling subslice 3/5
    INFO | 2026-08-27 09:59:09 | slittrace.py:get_radec_image:536 | Generating an RA/DEC image with slice_offset=0.000
    INFO | 2026-08-27 09:59:12 | datacube.py:subpixellate:1807 | Resampling subslice 4/5
    INFO | 2026-08-27 09:59:12 | slittrace.py:get_radec_image:536 | Generating an RA/DEC image with slice_offset=0.200
    INFO | 2026-08-27 09:59:16 | datacube.py:subpixellate:1807 | Resampling subslice 5/5
    INFO | 2026-08-27 09:59:16 | slittrace.py:get_radec_image:536 | Generating an RA/DEC image with slice_offset=0.400
    INFO | 2026-08-27 09:59:20 | datacube.py:subpixellate:1832 | Preparing subpixel weights
    INFO | 2026-08-27 09:59:30 | datacube.py:subpixellate:1772 | Resampling slit 18/24 of frame 1/3
    INFO | 2026-08-27 09:59:32 | datacube.py:subpixellate:1807 | Resampling subslice 1/5
    INFO | 2026-08-27 09:59:32 | slittrace.py:get_radec_image:536 | Generating an RA/DEC image with slice_offset=-0.400
    INFO | 2026-08-27 09:59:36 | datacube.py:subpixellate:1807 | Resampling subslice 2/5
    INFO | 2026-08-27 09:59:36 | slittrace.py:get_radec_image:536 | Generating an RA/DEC image with slice_offset=-0.200
    INFO | 2026-08-27 09:59:40 | datacube.py:subpixellate:1807 | Resampling subslice 3/5
    INFO | 2026-08-27 09:59:40 | slittrace.py:get_radec_image:536 | Generating an RA/DEC image with slice_offset=0.000
    INFO | 2026-08-27 09:59:43 | datacube.py:subpixellate:1807 | Resampling subslice 4/5
    INFO | 2026-08-27 09:59:43 | slittrace.py:get_radec_image:536 | Generating an RA/DEC image with slice_offset=0.200
    INFO | 2026-08-27 09:59:47 | datacube.py:subpixellate:1807 | Resampling subslice 5/5
    INFO | 2026-08-27 09:59:47 | slittrace.py:get_radec_image:536 | Generating an RA/DEC image with slice_offset=0.400
    INFO | 2026-08-27 09:59:51 | datacube.py:subpixellate:1832 | Preparing subpixel weights
    INFO | 2026-08-27 10:00:01 | datacube.py:subpixellate:1772 | Resampling slit 19/24 of frame 1/3
    INFO | 2026-08-27 10:00:03 | datacube.py:subpixellate:1807 | Resampling subslice 1/5
    INFO | 2026-08-27 10:00:03 | slittrace.py:get_radec_image:536 | Generating an RA/DEC image with slice_offset=-0.400
    INFO | 2026-08-27 10:00:07 | datacube.py:subpixellate:1807 | Resampling subslice 2/5
    INFO | 2026-08-27 10:00:07 | slittrace.py:get_radec_image:536 | Generating an RA/DEC image with slice_offset=-0.200
    INFO | 2026-08-27 10:00:11 | datacube.py:subpixellate:1807 | Resampling subslice 3/5
    INFO | 2026-08-27 10:00:11 | slittrace.py:get_radec_image:536 | Generating an RA/DEC image with slice_offset=0.000
    INFO | 2026-08-27 10:00:15 | datacube.py:subpixellate:1807 | Resampling subslice 4/5
    INFO | 2026-08-27 10:00:15 | slittrace.py:get_radec_image:536 | Generating an RA/DEC image with slice_offset=0.200
    INFO | 2026-08-27 10:00:18 | datacube.py:subpixellate:1807 | Resampling subslice 5/5
    INFO | 2026-08-27 10:00:18 | slittrace.py:get_radec_image:536 | Generating an RA/DEC image with slice_offset=0.400
    INFO | 2026-08-27 10:00:22 | datacube.py:subpixellate:1832 | Preparing subpixel weights
    INFO | 2026-08-27 10:00:33 | datacube.py:subpixellate:1772 | Resampling slit 20/24 of frame 1/3
    INFO | 2026-08-27 10:00:34 | datacube.py:subpixellate:1807 | Resampling subslice 1/5
    INFO | 2026-08-27 10:00:34 | slittrace.py:get_radec_image:536 | Generating an RA/DEC image with slice_offset=-0.400
    INFO | 2026-08-27 10:00:38 | datacube.py:subpixellate:1807 | Resampling subslice 2/5
    INFO | 2026-08-27 10:00:38 | slittrace.py:get_radec_image:536 | Generating an RA/DEC image with slice_offset=-0.200
    INFO | 2026-08-27 10:00:42 | datacube.py:subpixellate:1807 | Resampling subslice 3/5
    INFO | 2026-08-27 10:00:42 | slittrace.py:get_radec_image:536 | Generating an RA/DEC image with slice_offset=0.000
    INFO | 2026-08-27 10:00:46 | datacube.py:subpixellate:1807 | Resampling subslice 4/5
    INFO | 2026-08-27 10:00:46 | slittrace.py:get_radec_image:536 | Generating an RA/DEC image with slice_offset=0.200
    INFO | 2026-08-27 10:00:50 | datacube.py:subpixellate:1807 | Resampling subslice 5/5
    INFO | 2026-08-27 10:00:50 | slittrace.py:get_radec_image:536 | Generating an RA/DEC image with slice_offset=0.400
    INFO | 2026-08-27 10:00:53 | datacube.py:subpixellate:1832 | Preparing subpixel weights
    INFO | 2026-08-27 10:01:04 | datacube.py:subpixellate:1772 | Resampling slit 21/24 of frame 1/3
    INFO | 2026-08-27 10:01:05 | datacube.py:subpixellate:1807 | Resampling subslice 1/5
    INFO | 2026-08-27 10:01:05 | slittrace.py:get_radec_image:536 | Generating an RA/DEC image with slice_offset=-0.400
    INFO | 2026-08-27 10:01:09 | datacube.py:subpixellate:1807 | Resampling subslice 2/5
    INFO | 2026-08-27 10:01:09 | slittrace.py:get_radec_image:536 | Generating an RA/DEC image with slice_offset=-0.200
    INFO | 2026-08-27 10:01:13 | datacube.py:subpixellate:1807 | Resampling subslice 3/5
    INFO | 2026-08-27 10:01:13 | slittrace.py:get_radec_image:536 | Generating an RA/DEC image with slice_offset=0.000
    INFO | 2026-08-27 10:01:17 | datacube.py:subpixellate:1807 | Resampling subslice 4/5
    INFO | 2026-08-27 10:01:17 | slittrace.py:get_radec_image:536 | Generating an RA/DEC image with slice_offset=0.200
    INFO | 2026-08-27 10:01:21 | datacube.py:subpixellate:1807 | Resampling subslice 5/5
    INFO | 2026-08-27 10:01:21 | slittrace.py:get_radec_image:536 | Generating an RA/DEC image with slice_offset=0.400
    INFO | 2026-08-27 10:01:24 | datacube.py:subpixellate:1832 | Preparing subpixel weights
    INFO | 2026-08-27 10:01:35 | datacube.py:subpixellate:1772 | Resampling slit 22/24 of frame 1/3
    INFO | 2026-08-27 10:01:36 | datacube.py:subpixellate:1807 | Resampling subslice 1/5
    INFO | 2026-08-27 10:01:36 | slittrace.py:get_radec_image:536 | Generating an RA/DEC image with slice_offset=-0.400
    INFO | 2026-08-27 10:01:40 | datacube.py:subpixellate:1807 | Resampling subslice 2/5
    INFO | 2026-08-27 10:01:40 | slittrace.py:get_radec_image:536 | Generating an RA/DEC image with slice_offset=-0.200
    INFO | 2026-08-27 10:01:44 | datacube.py:subpixellate:1807 | Resampling subslice 3/5
    INFO | 2026-08-27 10:01:44 | slittrace.py:get_radec_image:536 | Generating an RA/DEC image with slice_offset=0.000
    INFO | 2026-08-27 10:01:48 | datacube.py:subpixellate:1807 | Resampling subslice 4/5
    INFO | 2026-08-27 10:01:48 | slittrace.py:get_radec_image:536 | Generating an RA/DEC image with slice_offset=0.200
    INFO | 2026-08-27 10:01:52 | datacube.py:subpixellate:1807 | Resampling subslice 5/5
    INFO | 2026-08-27 10:01:52 | slittrace.py:get_radec_image:536 | Generating an RA/DEC image with slice_offset=0.400
    INFO | 2026-08-27 10:01:56 | datacube.py:subpixellate:1832 | Preparing subpixel weights
    INFO | 2026-08-27 10:02:06 | datacube.py:subpixellate:1772 | Resampling slit 23/24 of frame 1/3
    INFO | 2026-08-27 10:02:08 | datacube.py:subpixellate:1807 | Resampling subslice 1/5
    INFO | 2026-08-27 10:02:08 | slittrace.py:get_radec_image:536 | Generating an RA/DEC image with slice_offset=-0.400
    INFO | 2026-08-27 10:02:12 | datacube.py:subpixellate:1807 | Resampling subslice 2/5
    INFO | 2026-08-27 10:02:12 | slittrace.py:get_radec_image:536 | Generating an RA/DEC image with slice_offset=-0.200
    INFO | 2026-08-27 10:02:15 | datacube.py:subpixellate:1807 | Resampling subslice 3/5
    INFO | 2026-08-27 10:02:15 | slittrace.py:get_radec_image:536 | Generating an RA/DEC image with slice_offset=0.000
    INFO | 2026-08-27 10:02:19 | datacube.py:subpixellate:1807 | Resampling subslice 4/5
    INFO | 2026-08-27 10:02:19 | slittrace.py:get_radec_image:536 | Generating an RA/DEC image with slice_offset=0.200
    INFO | 2026-08-27 10:02:23 | datacube.py:subpixellate:1807 | Resampling subslice 5/5
    INFO | 2026-08-27 10:02:23 | slittrace.py:get_radec_image:536 | Generating an RA/DEC image with slice_offset=0.400
    INFO | 2026-08-27 10:02:27 | datacube.py:subpixellate:1832 | Preparing subpixel weights
    INFO | 2026-08-27 10:02:37 | datacube.py:subpixellate:1772 | Resampling slit 24/24 of frame 1/3
    INFO | 2026-08-27 10:02:39 | datacube.py:subpixellate:1807 | Resampling subslice 1/5
    INFO | 2026-08-27 10:02:39 | slittrace.py:get_radec_image:536 | Generating an RA/DEC image with slice_offset=-0.400
    INFO | 2026-08-27 10:02:43 | datacube.py:subpixellate:1807 | Resampling subslice 2/5
    INFO | 2026-08-27 10:02:43 | slittrace.py:get_radec_image:536 | Generating an RA/DEC image with slice_offset=-0.200
    INFO | 2026-08-27 10:02:47 | datacube.py:subpixellate:1807 | Resampling subslice 3/5
    INFO | 2026-08-27 10:02:47 | slittrace.py:get_radec_image:536 | Generating an RA/DEC image with slice_offset=0.000
    INFO | 2026-08-27 10:02:50 | datacube.py:subpixellate:1807 | Resampling subslice 4/5
    INFO | 2026-08-27 10:02:50 | slittrace.py:get_radec_image:536 | Generating an RA/DEC image with slice_offset=0.200
    INFO | 2026-08-27 10:02:54 | datacube.py:subpixellate:1807 | Resampling subslice 5/5
    INFO | 2026-08-27 10:02:54 | slittrace.py:get_radec_image:536 | Generating an RA/DEC image with slice_offset=0.400
    INFO | 2026-08-27 10:02:59 | datacube.py:subpixellate:1832 | Preparing subpixel weights
    INFO | 2026-08-27 10:03:10 | datacube.py:subpixellate:1772 | Resampling slit 1/24 of frame 2/3
    INFO | 2026-08-27 10:03:12 | datacube.py:subpixellate:1807 | Resampling subslice 1/5
    INFO | 2026-08-27 10:03:12 | slittrace.py:get_radec_image:536 | Generating an RA/DEC image with slice_offset=-0.400
    INFO | 2026-08-27 10:03:16 | datacube.py:subpixellate:1807 | Resampling subslice 2/5
    INFO | 2026-08-27 10:03:16 | slittrace.py:get_radec_image:536 | Generating an RA/DEC image with slice_offset=-0.200
    INFO | 2026-08-27 10:03:19 | datacube.py:subpixellate:1807 | Resampling subslice 3/5
    INFO | 2026-08-27 10:03:19 | slittrace.py:get_radec_image:536 | Generating an RA/DEC image with slice_offset=0.000
    INFO | 2026-08-27 10:03:23 | datacube.py:subpixellate:1807 | Resampling subslice 4/5
    INFO | 2026-08-27 10:03:23 | slittrace.py:get_radec_image:536 | Generating an RA/DEC image with slice_offset=0.200
    INFO | 2026-08-27 10:03:27 | datacube.py:subpixellate:1807 | Resampling subslice 5/5
    INFO | 2026-08-27 10:03:27 | slittrace.py:get_radec_image:536 | Generating an RA/DEC image with slice_offset=0.400
    INFO | 2026-08-27 10:03:31 | datacube.py:subpixellate:1832 | Preparing subpixel weights
    INFO | 2026-08-27 10:03:41 | datacube.py:subpixellate:1772 | Resampling slit 2/24 of frame 2/3
    INFO | 2026-08-27 10:03:43 | datacube.py:subpixellate:1807 | Resampling subslice 1/5
    INFO | 2026-08-27 10:03:43 | slittrace.py:get_radec_image:536 | Generating an RA/DEC image with slice_offset=-0.400
    INFO | 2026-08-27 10:03:47 | datacube.py:subpixellate:1807 | Resampling subslice 2/5
    INFO | 2026-08-27 10:03:47 | slittrace.py:get_radec_image:536 | Generating an RA/DEC image with slice_offset=-0.200
    INFO | 2026-08-27 10:03:51 | datacube.py:subpixellate:1807 | Resampling subslice 3/5
    INFO | 2026-08-27 10:03:51 | slittrace.py:get_radec_image:536 | Generating an RA/DEC image with slice_offset=0.000
    INFO | 2026-08-27 10:03:54 | datacube.py:subpixellate:1807 | Resampling subslice 4/5
    INFO | 2026-08-27 10:03:54 | slittrace.py:get_radec_image:536 | Generating an RA/DEC image with slice_offset=0.200
    INFO | 2026-08-27 10:03:58 | datacube.py:subpixellate:1807 | Resampling subslice 5/5
    INFO | 2026-08-27 10:03:58 | slittrace.py:get_radec_image:536 | Generating an RA/DEC image with slice_offset=0.400
    INFO | 2026-08-27 10:04:02 | datacube.py:subpixellate:1832 | Preparing subpixel weights
    INFO | 2026-08-27 10:04:12 | datacube.py:subpixellate:1772 | Resampling slit 3/24 of frame 2/3
    INFO | 2026-08-27 10:04:14 | datacube.py:subpixellate:1807 | Resampling subslice 1/5
    INFO | 2026-08-27 10:04:14 | slittrace.py:get_radec_image:536 | Generating an RA/DEC image with slice_offset=-0.400
    INFO | 2026-08-27 10:04:18 | datacube.py:subpixellate:1807 | Resampling subslice 2/5
    INFO | 2026-08-27 10:04:18 | slittrace.py:get_radec_image:536 | Generating an RA/DEC image with slice_offset=-0.200
    INFO | 2026-08-27 10:04:22 | datacube.py:subpixellate:1807 | Resampling subslice 3/5
    INFO | 2026-08-27 10:04:22 | slittrace.py:get_radec_image:536 | Generating an RA/DEC image with slice_offset=0.000
    INFO | 2026-08-27 10:04:26 | datacube.py:subpixellate:1807 | Resampling subslice 4/5
    INFO | 2026-08-27 10:04:26 | slittrace.py:get_radec_image:536 | Generating an RA/DEC image with slice_offset=0.200
    INFO | 2026-08-27 10:04:30 | datacube.py:subpixellate:1807 | Resampling subslice 5/5
    INFO | 2026-08-27 10:04:30 | slittrace.py:get_radec_image:536 | Generating an RA/DEC image with slice_offset=0.400
    INFO | 2026-08-27 10:04:34 | datacube.py:subpixellate:1832 | Preparing subpixel weights
    INFO | 2026-08-27 10:04:44 | datacube.py:subpixellate:1772 | Resampling slit 4/24 of frame 2/3
    INFO | 2026-08-27 10:04:46 | datacube.py:subpixellate:1807 | Resampling subslice 1/5
    INFO | 2026-08-27 10:04:46 | slittrace.py:get_radec_image:536 | Generating an RA/DEC image with slice_offset=-0.400
    INFO | 2026-08-27 10:04:50 | datacube.py:subpixellate:1807 | Resampling subslice 2/5
    INFO | 2026-08-27 10:04:50 | slittrace.py:get_radec_image:536 | Generating an RA/DEC image with slice_offset=-0.200
    INFO | 2026-08-27 10:04:54 | datacube.py:subpixellate:1807 | Resampling subslice 3/5
    INFO | 2026-08-27 10:04:54 | slittrace.py:get_radec_image:536 | Generating an RA/DEC image with slice_offset=0.000
    INFO | 2026-08-27 10:04:58 | datacube.py:subpixellate:1807 | Resampling subslice 4/5
    INFO | 2026-08-27 10:04:58 | slittrace.py:get_radec_image:536 | Generating an RA/DEC image with slice_offset=0.200
    INFO | 2026-08-27 10:05:02 | datacube.py:subpixellate:1807 | Resampling subslice 5/5
    INFO | 2026-08-27 10:05:02 | slittrace.py:get_radec_image:536 | Generating an RA/DEC image with slice_offset=0.400
    INFO | 2026-08-27 10:05:06 | datacube.py:subpixellate:1832 | Preparing subpixel weights
    INFO | 2026-08-27 10:05:16 | datacube.py:subpixellate:1772 | Resampling slit 5/24 of frame 2/3
    INFO | 2026-08-27 10:05:18 | datacube.py:subpixellate:1807 | Resampling subslice 1/5
    INFO | 2026-08-27 10:05:18 | slittrace.py:get_radec_image:536 | Generating an RA/DEC image with slice_offset=-0.400
    INFO | 2026-08-27 10:05:22 | datacube.py:subpixellate:1807 | Resampling subslice 2/5
    INFO | 2026-08-27 10:05:22 | slittrace.py:get_radec_image:536 | Generating an RA/DEC image with slice_offset=-0.200
    INFO | 2026-08-27 10:05:26 | datacube.py:subpixellate:1807 | Resampling subslice 3/5
    INFO | 2026-08-27 10:05:26 | slittrace.py:get_radec_image:536 | Generating an RA/DEC image with slice_offset=0.000
    INFO | 2026-08-27 10:05:29 | datacube.py:subpixellate:1807 | Resampling subslice 4/5
    INFO | 2026-08-27 10:05:29 | slittrace.py:get_radec_image:536 | Generating an RA/DEC image with slice_offset=0.200
    INFO | 2026-08-27 10:05:33 | datacube.py:subpixellate:1807 | Resampling subslice 5/5
    INFO | 2026-08-27 10:05:33 | slittrace.py:get_radec_image:536 | Generating an RA/DEC image with slice_offset=0.400
    INFO | 2026-08-27 10:05:37 | datacube.py:subpixellate:1832 | Preparing subpixel weights
    INFO | 2026-08-27 10:05:47 | datacube.py:subpixellate:1772 | Resampling slit 6/24 of frame 2/3
    INFO | 2026-08-27 10:05:49 | datacube.py:subpixellate:1807 | Resampling subslice 1/5
    INFO | 2026-08-27 10:05:49 | slittrace.py:get_radec_image:536 | Generating an RA/DEC image with slice_offset=-0.400
    INFO | 2026-08-27 10:05:53 | datacube.py:subpixellate:1807 | Resampling subslice 2/5
    INFO | 2026-08-27 10:05:53 | slittrace.py:get_radec_image:536 | Generating an RA/DEC image with slice_offset=-0.200
    INFO | 2026-08-27 10:05:57 | datacube.py:subpixellate:1807 | Resampling subslice 3/5
    INFO | 2026-08-27 10:05:57 | slittrace.py:get_radec_image:536 | Generating an RA/DEC image with slice_offset=0.000
    INFO | 2026-08-27 10:06:01 | datacube.py:subpixellate:1807 | Resampling subslice 4/5
    INFO | 2026-08-27 10:06:01 | slittrace.py:get_radec_image:536 | Generating an RA/DEC image with slice_offset=0.200
    INFO | 2026-08-27 10:06:05 | datacube.py:subpixellate:1807 | Resampling subslice 5/5
    INFO | 2026-08-27 10:06:05 | slittrace.py:get_radec_image:536 | Generating an RA/DEC image with slice_offset=0.400
    INFO | 2026-08-27 10:06:08 | datacube.py:subpixellate:1832 | Preparing subpixel weights
    INFO | 2026-08-27 10:06:19 | datacube.py:subpixellate:1772 | Resampling slit 7/24 of frame 2/3
    INFO | 2026-08-27 10:06:21 | datacube.py:subpixellate:1807 | Resampling subslice 1/5
    INFO | 2026-08-27 10:06:21 | slittrace.py:get_radec_image:536 | Generating an RA/DEC image with slice_offset=-0.400
    INFO | 2026-08-27 10:06:24 | datacube.py:subpixellate:1807 | Resampling subslice 2/5
    INFO | 2026-08-27 10:06:24 | slittrace.py:get_radec_image:536 | Generating an RA/DEC image with slice_offset=-0.200
    INFO | 2026-08-27 10:06:28 | datacube.py:subpixellate:1807 | Resampling subslice 3/5
    INFO | 2026-08-27 10:06:28 | slittrace.py:get_radec_image:536 | Generating an RA/DEC image with slice_offset=0.000
    INFO | 2026-08-27 10:06:32 | datacube.py:subpixellate:1807 | Resampling subslice 4/5
    INFO | 2026-08-27 10:06:32 | slittrace.py:get_radec_image:536 | Generating an RA/DEC image with slice_offset=0.200
    INFO | 2026-08-27 10:06:36 | datacube.py:subpixellate:1807 | Resampling subslice 5/5
    INFO | 2026-08-27 10:06:36 | slittrace.py:get_radec_image:536 | Generating an RA/DEC image with slice_offset=0.400
    INFO | 2026-08-27 10:06:40 | datacube.py:subpixellate:1832 | Preparing subpixel weights
    INFO | 2026-08-27 10:06:51 | datacube.py:subpixellate:1772 | Resampling slit 8/24 of frame 2/3
    INFO | 2026-08-27 10:06:52 | datacube.py:subpixellate:1807 | Resampling subslice 1/5
    INFO | 2026-08-27 10:06:52 | slittrace.py:get_radec_image:536 | Generating an RA/DEC image with slice_offset=-0.400
    INFO | 2026-08-27 10:06:56 | datacube.py:subpixellate:1807 | Resampling subslice 2/5
    INFO | 2026-08-27 10:06:56 | slittrace.py:get_radec_image:536 | Generating an RA/DEC image with slice_offset=-0.200
    INFO | 2026-08-27 10:07:00 | datacube.py:subpixellate:1807 | Resampling subslice 3/5
    INFO | 2026-08-27 10:07:00 | slittrace.py:get_radec_image:536 | Generating an RA/DEC image with slice_offset=0.000
    INFO | 2026-08-27 10:07:04 | datacube.py:subpixellate:1807 | Resampling subslice 4/5
    INFO | 2026-08-27 10:07:04 | slittrace.py:get_radec_image:536 | Generating an RA/DEC image with slice_offset=0.200
    INFO | 2026-08-27 10:07:08 | datacube.py:subpixellate:1807 | Resampling subslice 5/5
    INFO | 2026-08-27 10:07:08 | slittrace.py:get_radec_image:536 | Generating an RA/DEC image with slice_offset=0.400
    INFO | 2026-08-27 10:07:12 | datacube.py:subpixellate:1832 | Preparing subpixel weights
    INFO | 2026-08-27 10:07:22 | datacube.py:subpixellate:1772 | Resampling slit 9/24 of frame 2/3
    INFO | 2026-08-27 10:07:24 | datacube.py:subpixellate:1807 | Resampling subslice 1/5
    INFO | 2026-08-27 10:07:24 | slittrace.py:get_radec_image:536 | Generating an RA/DEC image with slice_offset=-0.400
    INFO | 2026-08-27 10:07:28 | datacube.py:subpixellate:1807 | Resampling subslice 2/5
    INFO | 2026-08-27 10:07:28 | slittrace.py:get_radec_image:536 | Generating an RA/DEC image with slice_offset=-0.200
    INFO | 2026-08-27 10:07:32 | datacube.py:subpixellate:1807 | Resampling subslice 3/5
    INFO | 2026-08-27 10:07:32 | slittrace.py:get_radec_image:536 | Generating an RA/DEC image with slice_offset=0.000
    INFO | 2026-08-27 10:07:35 | datacube.py:subpixellate:1807 | Resampling subslice 4/5
    INFO | 2026-08-27 10:07:35 | slittrace.py:get_radec_image:536 | Generating an RA/DEC image with slice_offset=0.200
    INFO | 2026-08-27 10:07:39 | datacube.py:subpixellate:1807 | Resampling subslice 5/5
    INFO | 2026-08-27 10:07:39 | slittrace.py:get_radec_image:536 | Generating an RA/DEC image with slice_offset=0.400
    INFO | 2026-08-27 10:07:43 | datacube.py:subpixellate:1832 | Preparing subpixel weights
    INFO | 2026-08-27 10:07:54 | datacube.py:subpixellate:1772 | Resampling slit 10/24 of frame 2/3
    INFO | 2026-08-27 10:07:55 | datacube.py:subpixellate:1807 | Resampling subslice 1/5
    INFO | 2026-08-27 10:07:55 | slittrace.py:get_radec_image:536 | Generating an RA/DEC image with slice_offset=-0.400
    INFO | 2026-08-27 10:07:59 | datacube.py:subpixellate:1807 | Resampling subslice 2/5
    INFO | 2026-08-27 10:07:59 | slittrace.py:get_radec_image:536 | Generating an RA/DEC image with slice_offset=-0.200
    INFO | 2026-08-27 10:08:03 | datacube.py:subpixellate:1807 | Resampling subslice 3/5
    INFO | 2026-08-27 10:08:03 | slittrace.py:get_radec_image:536 | Generating an RA/DEC image with slice_offset=0.000
    INFO | 2026-08-27 10:08:07 | datacube.py:subpixellate:1807 | Resampling subslice 4/5
    INFO | 2026-08-27 10:08:07 | slittrace.py:get_radec_image:536 | Generating an RA/DEC image with slice_offset=0.200
    INFO | 2026-08-27 10:08:11 | datacube.py:subpixellate:1807 | Resampling subslice 5/5
    INFO | 2026-08-27 10:08:11 | slittrace.py:get_radec_image:536 | Generating an RA/DEC image with slice_offset=0.400
    INFO | 2026-08-27 10:08:14 | datacube.py:subpixellate:1832 | Preparing subpixel weights
    INFO | 2026-08-27 10:08:25 | datacube.py:subpixellate:1772 | Resampling slit 11/24 of frame 2/3
    INFO | 2026-08-27 10:08:27 | datacube.py:subpixellate:1807 | Resampling subslice 1/5
    INFO | 2026-08-27 10:08:27 | slittrace.py:get_radec_image:536 | Generating an RA/DEC image with slice_offset=-0.400
    INFO | 2026-08-27 10:08:31 | datacube.py:subpixellate:1807 | Resampling subslice 2/5
    INFO | 2026-08-27 10:08:31 | slittrace.py:get_radec_image:536 | Generating an RA/DEC image with slice_offset=-0.200
    INFO | 2026-08-27 10:08:35 | datacube.py:subpixellate:1807 | Resampling subslice 3/5
    INFO | 2026-08-27 10:08:35 | slittrace.py:get_radec_image:536 | Generating an RA/DEC image with slice_offset=0.000
    INFO | 2026-08-27 10:08:39 | datacube.py:subpixellate:1807 | Resampling subslice 4/5
    INFO | 2026-08-27 10:08:39 | slittrace.py:get_radec_image:536 | Generating an RA/DEC image with slice_offset=0.200
    INFO | 2026-08-27 10:08:42 | datacube.py:subpixellate:1807 | Resampling subslice 5/5
    INFO | 2026-08-27 10:08:42 | slittrace.py:get_radec_image:536 | Generating an RA/DEC image with slice_offset=0.400
    INFO | 2026-08-27 10:08:46 | datacube.py:subpixellate:1832 | Preparing subpixel weights
    INFO | 2026-08-27 10:08:57 | datacube.py:subpixellate:1772 | Resampling slit 12/24 of frame 2/3
    INFO | 2026-08-27 10:08:59 | datacube.py:subpixellate:1807 | Resampling subslice 1/5
    INFO | 2026-08-27 10:08:59 | slittrace.py:get_radec_image:536 | Generating an RA/DEC image with slice_offset=-0.400
    INFO | 2026-08-27 10:09:02 | datacube.py:subpixellate:1807 | Resampling subslice 2/5
    INFO | 2026-08-27 10:09:02 | slittrace.py:get_radec_image:536 | Generating an RA/DEC image with slice_offset=-0.200
    INFO | 2026-08-27 10:09:06 | datacube.py:subpixellate:1807 | Resampling subslice 3/5
    INFO | 2026-08-27 10:09:06 | slittrace.py:get_radec_image:536 | Generating an RA/DEC image with slice_offset=0.000
    INFO | 2026-08-27 10:09:10 | datacube.py:subpixellate:1807 | Resampling subslice 4/5
    INFO | 2026-08-27 10:09:10 | slittrace.py:get_radec_image:536 | Generating an RA/DEC image with slice_offset=0.200
    INFO | 2026-08-27 10:09:14 | datacube.py:subpixellate:1807 | Resampling subslice 5/5
    INFO | 2026-08-27 10:09:14 | slittrace.py:get_radec_image:536 | Generating an RA/DEC image with slice_offset=0.400
    INFO | 2026-08-27 10:09:18 | datacube.py:subpixellate:1832 | Preparing subpixel weights
    INFO | 2026-08-27 10:09:29 | datacube.py:subpixellate:1772 | Resampling slit 13/24 of frame 2/3
    INFO | 2026-08-27 10:09:30 | datacube.py:subpixellate:1807 | Resampling subslice 1/5
    INFO | 2026-08-27 10:09:30 | slittrace.py:get_radec_image:536 | Generating an RA/DEC image with slice_offset=-0.400
    INFO | 2026-08-27 10:09:34 | datacube.py:subpixellate:1807 | Resampling subslice 2/5
    INFO | 2026-08-27 10:09:34 | slittrace.py:get_radec_image:536 | Generating an RA/DEC image with slice_offset=-0.200
    INFO | 2026-08-27 10:09:38 | datacube.py:subpixellate:1807 | Resampling subslice 3/5
    INFO | 2026-08-27 10:09:38 | slittrace.py:get_radec_image:536 | Generating an RA/DEC image with slice_offset=0.000
    INFO | 2026-08-27 10:09:42 | datacube.py:subpixellate:1807 | Resampling subslice 4/5
    INFO | 2026-08-27 10:09:42 | slittrace.py:get_radec_image:536 | Generating an RA/DEC image with slice_offset=0.200
    INFO | 2026-08-27 10:09:45 | datacube.py:subpixellate:1807 | Resampling subslice 5/5
    INFO | 2026-08-27 10:09:45 | slittrace.py:get_radec_image:536 | Generating an RA/DEC image with slice_offset=0.400
    INFO | 2026-08-27 10:09:49 | datacube.py:subpixellate:1832 | Preparing subpixel weights
    INFO | 2026-08-27 10:10:01 | datacube.py:subpixellate:1772 | Resampling slit 14/24 of frame 2/3
    INFO | 2026-08-27 10:10:02 | datacube.py:subpixellate:1807 | Resampling subslice 1/5
    INFO | 2026-08-27 10:10:02 | slittrace.py:get_radec_image:536 | Generating an RA/DEC image with slice_offset=-0.400
    INFO | 2026-08-27 10:10:07 | datacube.py:subpixellate:1807 | Resampling subslice 2/5
    INFO | 2026-08-27 10:10:07 | slittrace.py:get_radec_image:536 | Generating an RA/DEC image with slice_offset=-0.200
    INFO | 2026-08-27 10:10:11 | datacube.py:subpixellate:1807 | Resampling subslice 3/5
    INFO | 2026-08-27 10:10:11 | slittrace.py:get_radec_image:536 | Generating an RA/DEC image with slice_offset=0.000
    INFO | 2026-08-27 10:10:14 | datacube.py:subpixellate:1807 | Resampling subslice 4/5
    INFO | 2026-08-27 10:10:14 | slittrace.py:get_radec_image:536 | Generating an RA/DEC image with slice_offset=0.200
    INFO | 2026-08-27 10:10:18 | datacube.py:subpixellate:1807 | Resampling subslice 5/5
    INFO | 2026-08-27 10:10:18 | slittrace.py:get_radec_image:536 | Generating an RA/DEC image with slice_offset=0.400
    INFO | 2026-08-27 10:10:22 | datacube.py:subpixellate:1832 | Preparing subpixel weights
    INFO | 2026-08-27 10:10:33 | datacube.py:subpixellate:1772 | Resampling slit 15/24 of frame 2/3
    INFO | 2026-08-27 10:10:35 | datacube.py:subpixellate:1807 | Resampling subslice 1/5
    INFO | 2026-08-27 10:10:35 | slittrace.py:get_radec_image:536 | Generating an RA/DEC image with slice_offset=-0.400
    INFO | 2026-08-27 10:10:39 | datacube.py:subpixellate:1807 | Resampling subslice 2/5
    INFO | 2026-08-27 10:10:39 | slittrace.py:get_radec_image:536 | Generating an RA/DEC image with slice_offset=-0.200
    INFO | 2026-08-27 10:10:43 | datacube.py:subpixellate:1807 | Resampling subslice 3/5
    INFO | 2026-08-27 10:10:43 | slittrace.py:get_radec_image:536 | Generating an RA/DEC image with slice_offset=0.000
    INFO | 2026-08-27 10:10:47 | datacube.py:subpixellate:1807 | Resampling subslice 4/5
    INFO | 2026-08-27 10:10:47 | slittrace.py:get_radec_image:536 | Generating an RA/DEC image with slice_offset=0.200
    INFO | 2026-08-27 10:10:52 | datacube.py:subpixellate:1807 | Resampling subslice 5/5
    INFO | 2026-08-27 10:10:52 | slittrace.py:get_radec_image:536 | Generating an RA/DEC image with slice_offset=0.400
    INFO | 2026-08-27 10:10:56 | datacube.py:subpixellate:1832 | Preparing subpixel weights
    INFO | 2026-08-27 10:11:08 | datacube.py:subpixellate:1772 | Resampling slit 16/24 of frame 2/3
    INFO | 2026-08-27 10:11:10 | datacube.py:subpixellate:1807 | Resampling subslice 1/5
    INFO | 2026-08-27 10:11:10 | slittrace.py:get_radec_image:536 | Generating an RA/DEC image with slice_offset=-0.400
    INFO | 2026-08-27 10:11:15 | datacube.py:subpixellate:1807 | Resampling subslice 2/5
    INFO | 2026-08-27 10:11:15 | slittrace.py:get_radec_image:536 | Generating an RA/DEC image with slice_offset=-0.200
    INFO | 2026-08-27 10:11:19 | datacube.py:subpixellate:1807 | Resampling subslice 3/5
    INFO | 2026-08-27 10:11:19 | slittrace.py:get_radec_image:536 | Generating an RA/DEC image with slice_offset=0.000
    INFO | 2026-08-27 10:11:23 | datacube.py:subpixellate:1807 | Resampling subslice 4/5
    INFO | 2026-08-27 10:11:23 | slittrace.py:get_radec_image:536 | Generating an RA/DEC image with slice_offset=0.200
    INFO | 2026-08-27 10:11:27 | datacube.py:subpixellate:1807 | Resampling subslice 5/5
    INFO | 2026-08-27 10:11:27 | slittrace.py:get_radec_image:536 | Generating an RA/DEC image with slice_offset=0.400
    INFO | 2026-08-27 10:11:32 | datacube.py:subpixellate:1832 | Preparing subpixel weights
    INFO | 2026-08-27 10:11:43 | datacube.py:subpixellate:1772 | Resampling slit 17/24 of frame 2/3
    INFO | 2026-08-27 10:11:45 | datacube.py:subpixellate:1807 | Resampling subslice 1/5
    INFO | 2026-08-27 10:11:45 | slittrace.py:get_radec_image:536 | Generating an RA/DEC image with slice_offset=-0.400
    INFO | 2026-08-27 10:11:50 | datacube.py:subpixellate:1807 | Resampling subslice 2/5
    INFO | 2026-08-27 10:11:50 | slittrace.py:get_radec_image:536 | Generating an RA/DEC image with slice_offset=-0.200
    INFO | 2026-08-27 10:11:54 | datacube.py:subpixellate:1807 | Resampling subslice 3/5
    INFO | 2026-08-27 10:11:54 | slittrace.py:get_radec_image:536 | Generating an RA/DEC image with slice_offset=0.000
    INFO | 2026-08-27 10:11:58 | datacube.py:subpixellate:1807 | Resampling subslice 4/5
    INFO | 2026-08-27 10:11:58 | slittrace.py:get_radec_image:536 | Generating an RA/DEC image with slice_offset=0.200
    INFO | 2026-08-27 10:12:03 | datacube.py:subpixellate:1807 | Resampling subslice 5/5
    INFO | 2026-08-27 10:12:03 | slittrace.py:get_radec_image:536 | Generating an RA/DEC image with slice_offset=0.400
    INFO | 2026-08-27 10:12:07 | datacube.py:subpixellate:1832 | Preparing subpixel weights
    INFO | 2026-08-27 10:12:19 | datacube.py:subpixellate:1772 | Resampling slit 18/24 of frame 2/3
    INFO | 2026-08-27 10:12:20 | datacube.py:subpixellate:1807 | Resampling subslice 1/5
    INFO | 2026-08-27 10:12:20 | slittrace.py:get_radec_image:536 | Generating an RA/DEC image with slice_offset=-0.400
    INFO | 2026-08-27 10:12:25 | datacube.py:subpixellate:1807 | Resampling subslice 2/5
    INFO | 2026-08-27 10:12:25 | slittrace.py:get_radec_image:536 | Generating an RA/DEC image with slice_offset=-0.200
    INFO | 2026-08-27 10:12:29 | datacube.py:subpixellate:1807 | Resampling subslice 3/5
    INFO | 2026-08-27 10:12:29 | slittrace.py:get_radec_image:536 | Generating an RA/DEC image with slice_offset=0.000
    INFO | 2026-08-27 10:12:34 | datacube.py:subpixellate:1807 | Resampling subslice 4/5
    INFO | 2026-08-27 10:12:34 | slittrace.py:get_radec_image:536 | Generating an RA/DEC image with slice_offset=0.200
    INFO | 2026-08-27 10:12:38 | datacube.py:subpixellate:1807 | Resampling subslice 5/5
    INFO | 2026-08-27 10:12:38 | slittrace.py:get_radec_image:536 | Generating an RA/DEC image with slice_offset=0.400
    INFO | 2026-08-27 10:12:42 | datacube.py:subpixellate:1832 | Preparing subpixel weights
    INFO | 2026-08-27 10:12:54 | datacube.py:subpixellate:1772 | Resampling slit 19/24 of frame 2/3
    INFO | 2026-08-27 10:12:56 | datacube.py:subpixellate:1807 | Resampling subslice 1/5
    INFO | 2026-08-27 10:12:56 | slittrace.py:get_radec_image:536 | Generating an RA/DEC image with slice_offset=-0.400
    INFO | 2026-08-27 10:13:00 | datacube.py:subpixellate:1807 | Resampling subslice 2/5
    INFO | 2026-08-27 10:13:00 | slittrace.py:get_radec_image:536 | Generating an RA/DEC image with slice_offset=-0.200
    INFO | 2026-08-27 10:13:05 | datacube.py:subpixellate:1807 | Resampling subslice 3/5
    INFO | 2026-08-27 10:13:05 | slittrace.py:get_radec_image:536 | Generating an RA/DEC image with slice_offset=0.000
    INFO | 2026-08-27 10:13:09 | datacube.py:subpixellate:1807 | Resampling subslice 4/5
    INFO | 2026-08-27 10:13:09 | slittrace.py:get_radec_image:536 | Generating an RA/DEC image with slice_offset=0.200
    INFO | 2026-08-27 10:13:13 | datacube.py:subpixellate:1807 | Resampling subslice 5/5
    INFO | 2026-08-27 10:13:13 | slittrace.py:get_radec_image:536 | Generating an RA/DEC image with slice_offset=0.400
    INFO | 2026-08-27 10:13:18 | datacube.py:subpixellate:1832 | Preparing subpixel weights
    INFO | 2026-08-27 10:13:29 | datacube.py:subpixellate:1772 | Resampling slit 20/24 of frame 2/3
    INFO | 2026-08-27 10:13:31 | datacube.py:subpixellate:1807 | Resampling subslice 1/5
    INFO | 2026-08-27 10:13:31 | slittrace.py:get_radec_image:536 | Generating an RA/DEC image with slice_offset=-0.400
    INFO | 2026-08-27 10:13:36 | datacube.py:subpixellate:1807 | Resampling subslice 2/5
    INFO | 2026-08-27 10:13:36 | slittrace.py:get_radec_image:536 | Generating an RA/DEC image with slice_offset=-0.200
    INFO | 2026-08-27 10:13:40 | datacube.py:subpixellate:1807 | Resampling subslice 3/5
    INFO | 2026-08-27 10:13:40 | slittrace.py:get_radec_image:536 | Generating an RA/DEC image with slice_offset=0.000
    INFO | 2026-08-27 10:13:44 | datacube.py:subpixellate:1807 | Resampling subslice 4/5
    INFO | 2026-08-27 10:13:44 | slittrace.py:get_radec_image:536 | Generating an RA/DEC image with slice_offset=0.200
    INFO | 2026-08-27 10:13:49 | datacube.py:subpixellate:1807 | Resampling subslice 5/5
    INFO | 2026-08-27 10:13:49 | slittrace.py:get_radec_image:536 | Generating an RA/DEC image with slice_offset=0.400
    INFO | 2026-08-27 10:13:53 | datacube.py:subpixellate:1832 | Preparing subpixel weights
    INFO | 2026-08-27 10:14:05 | datacube.py:subpixellate:1772 | Resampling slit 21/24 of frame 2/3
    INFO | 2026-08-27 10:14:06 | datacube.py:subpixellate:1807 | Resampling subslice 1/5
    INFO | 2026-08-27 10:14:06 | slittrace.py:get_radec_image:536 | Generating an RA/DEC image with slice_offset=-0.400
    INFO | 2026-08-27 10:14:10 | datacube.py:subpixellate:1807 | Resampling subslice 2/5
    INFO | 2026-08-27 10:14:10 | slittrace.py:get_radec_image:536 | Generating an RA/DEC image with slice_offset=-0.200
    INFO | 2026-08-27 10:14:14 | datacube.py:subpixellate:1807 | Resampling subslice 3/5
    INFO | 2026-08-27 10:14:14 | slittrace.py:get_radec_image:536 | Generating an RA/DEC image with slice_offset=0.000
    INFO | 2026-08-27 10:14:18 | datacube.py:subpixellate:1807 | Resampling subslice 4/5
    INFO | 2026-08-27 10:14:18 | slittrace.py:get_radec_image:536 | Generating an RA/DEC image with slice_offset=0.200
    INFO | 2026-08-27 10:14:22 | datacube.py:subpixellate:1807 | Resampling subslice 5/5
    INFO | 2026-08-27 10:14:22 | slittrace.py:get_radec_image:536 | Generating an RA/DEC image with slice_offset=0.400
    INFO | 2026-08-27 10:14:26 | datacube.py:subpixellate:1832 | Preparing subpixel weights
    INFO | 2026-08-27 10:14:37 | datacube.py:subpixellate:1772 | Resampling slit 22/24 of frame 2/3
    INFO | 2026-08-27 10:14:39 | datacube.py:subpixellate:1807 | Resampling subslice 1/5
    INFO | 2026-08-27 10:14:39 | slittrace.py:get_radec_image:536 | Generating an RA/DEC image with slice_offset=-0.400
    INFO | 2026-08-27 10:14:43 | datacube.py:subpixellate:1807 | Resampling subslice 2/5
    INFO | 2026-08-27 10:14:43 | slittrace.py:get_radec_image:536 | Generating an RA/DEC image with slice_offset=-0.200
    INFO | 2026-08-27 10:14:46 | datacube.py:subpixellate:1807 | Resampling subslice 3/5
    INFO | 2026-08-27 10:14:46 | slittrace.py:get_radec_image:536 | Generating an RA/DEC image with slice_offset=0.000
    INFO | 2026-08-27 10:14:50 | datacube.py:subpixellate:1807 | Resampling subslice 4/5
    INFO | 2026-08-27 10:14:50 | slittrace.py:get_radec_image:536 | Generating an RA/DEC image with slice_offset=0.200
    INFO | 2026-08-27 10:14:54 | datacube.py:subpixellate:1807 | Resampling subslice 5/5
    INFO | 2026-08-27 10:14:54 | slittrace.py:get_radec_image:536 | Generating an RA/DEC image with slice_offset=0.400
    INFO | 2026-08-27 10:14:58 | datacube.py:subpixellate:1832 | Preparing subpixel weights
    INFO | 2026-08-27 10:15:09 | datacube.py:subpixellate:1772 | Resampling slit 23/24 of frame 2/3
    INFO | 2026-08-27 10:15:10 | datacube.py:subpixellate:1807 | Resampling subslice 1/5
    INFO | 2026-08-27 10:15:10 | slittrace.py:get_radec_image:536 | Generating an RA/DEC image with slice_offset=-0.400
    INFO | 2026-08-27 10:15:14 | datacube.py:subpixellate:1807 | Resampling subslice 2/5
    INFO | 2026-08-27 10:15:14 | slittrace.py:get_radec_image:536 | Generating an RA/DEC image with slice_offset=-0.200
    INFO | 2026-08-27 10:15:18 | datacube.py:subpixellate:1807 | Resampling subslice 3/5
    INFO | 2026-08-27 10:15:18 | slittrace.py:get_radec_image:536 | Generating an RA/DEC image with slice_offset=0.000
    INFO | 2026-08-27 10:15:22 | datacube.py:subpixellate:1807 | Resampling subslice 4/5
    INFO | 2026-08-27 10:15:22 | slittrace.py:get_radec_image:536 | Generating an RA/DEC image with slice_offset=0.200
    INFO | 2026-08-27 10:15:26 | datacube.py:subpixellate:1807 | Resampling subslice 5/5
    INFO | 2026-08-27 10:15:26 | slittrace.py:get_radec_image:536 | Generating an RA/DEC image with slice_offset=0.400
    INFO | 2026-08-27 10:15:30 | datacube.py:subpixellate:1832 | Preparing subpixel weights
    INFO | 2026-08-27 10:15:41 | datacube.py:subpixellate:1772 | Resampling slit 24/24 of frame 2/3
    INFO | 2026-08-27 10:15:43 | datacube.py:subpixellate:1807 | Resampling subslice 1/5
    INFO | 2026-08-27 10:15:43 | slittrace.py:get_radec_image:536 | Generating an RA/DEC image with slice_offset=-0.400
    INFO | 2026-08-27 10:15:46 | datacube.py:subpixellate:1807 | Resampling subslice 2/5
    INFO | 2026-08-27 10:15:46 | slittrace.py:get_radec_image:536 | Generating an RA/DEC image with slice_offset=-0.200
    INFO | 2026-08-27 10:15:50 | datacube.py:subpixellate:1807 | Resampling subslice 3/5
    INFO | 2026-08-27 10:15:50 | slittrace.py:get_radec_image:536 | Generating an RA/DEC image with slice_offset=0.000
    INFO | 2026-08-27 10:15:54 | datacube.py:subpixellate:1807 | Resampling subslice 4/5
    INFO | 2026-08-27 10:15:54 | slittrace.py:get_radec_image:536 | Generating an RA/DEC image with slice_offset=0.200
    INFO | 2026-08-27 10:15:58 | datacube.py:subpixellate:1807 | Resampling subslice 5/5
    INFO | 2026-08-27 10:15:58 | slittrace.py:get_radec_image:536 | Generating an RA/DEC image with slice_offset=0.400
    INFO | 2026-08-27 10:16:02 | datacube.py:subpixellate:1832 | Preparing subpixel weights
    INFO | 2026-08-27 10:16:13 | datacube.py:subpixellate:1772 | Resampling slit 1/24 of frame 3/3
    INFO | 2026-08-27 10:16:15 | datacube.py:subpixellate:1807 | Resampling subslice 1/5
    INFO | 2026-08-27 10:16:15 | slittrace.py:get_radec_image:536 | Generating an RA/DEC image with slice_offset=-0.400
    INFO | 2026-08-27 10:16:18 | datacube.py:subpixellate:1807 | Resampling subslice 2/5
    INFO | 2026-08-27 10:16:18 | slittrace.py:get_radec_image:536 | Generating an RA/DEC image with slice_offset=-0.200
    INFO | 2026-08-27 10:16:22 | datacube.py:subpixellate:1807 | Resampling subslice 3/5
    INFO | 2026-08-27 10:16:22 | slittrace.py:get_radec_image:536 | Generating an RA/DEC image with slice_offset=0.000
    INFO | 2026-08-27 10:16:26 | datacube.py:subpixellate:1807 | Resampling subslice 4/5
    INFO | 2026-08-27 10:16:26 | slittrace.py:get_radec_image:536 | Generating an RA/DEC image with slice_offset=0.200
    INFO | 2026-08-27 10:16:30 | datacube.py:subpixellate:1807 | Resampling subslice 5/5
    INFO | 2026-08-27 10:16:30 | slittrace.py:get_radec_image:536 | Generating an RA/DEC image with slice_offset=0.400
    INFO | 2026-08-27 10:16:34 | datacube.py:subpixellate:1832 | Preparing subpixel weights
    INFO | 2026-08-27 10:16:44 | datacube.py:subpixellate:1772 | Resampling slit 2/24 of frame 3/3
    INFO | 2026-08-27 10:16:46 | datacube.py:subpixellate:1807 | Resampling subslice 1/5
    INFO | 2026-08-27 10:16:46 | slittrace.py:get_radec_image:536 | Generating an RA/DEC image with slice_offset=-0.400
    INFO | 2026-08-27 10:16:50 | datacube.py:subpixellate:1807 | Resampling subslice 2/5
    INFO | 2026-08-27 10:16:50 | slittrace.py:get_radec_image:536 | Generating an RA/DEC image with slice_offset=-0.200
    INFO | 2026-08-27 10:16:54 | datacube.py:subpixellate:1807 | Resampling subslice 3/5
    INFO | 2026-08-27 10:16:54 | slittrace.py:get_radec_image:536 | Generating an RA/DEC image with slice_offset=0.000
    INFO | 2026-08-27 10:16:58 | datacube.py:subpixellate:1807 | Resampling subslice 4/5
    INFO | 2026-08-27 10:16:58 | slittrace.py:get_radec_image:536 | Generating an RA/DEC image with slice_offset=0.200
    INFO | 2026-08-27 10:17:01 | datacube.py:subpixellate:1807 | Resampling subslice 5/5
    INFO | 2026-08-27 10:17:01 | slittrace.py:get_radec_image:536 | Generating an RA/DEC image with slice_offset=0.400
    INFO | 2026-08-27 10:17:05 | datacube.py:subpixellate:1832 | Preparing subpixel weights
    INFO | 2026-08-27 10:17:15 | datacube.py:subpixellate:1772 | Resampling slit 3/24 of frame 3/3
    INFO | 2026-08-27 10:17:17 | datacube.py:subpixellate:1807 | Resampling subslice 1/5
    INFO | 2026-08-27 10:17:17 | slittrace.py:get_radec_image:536 | Generating an RA/DEC image with slice_offset=-0.400
    INFO | 2026-08-27 10:17:21 | datacube.py:subpixellate:1807 | Resampling subslice 2/5
    INFO | 2026-08-27 10:17:21 | slittrace.py:get_radec_image:536 | Generating an RA/DEC image with slice_offset=-0.200
    INFO | 2026-08-27 10:17:25 | datacube.py:subpixellate:1807 | Resampling subslice 3/5
    INFO | 2026-08-27 10:17:25 | slittrace.py:get_radec_image:536 | Generating an RA/DEC image with slice_offset=0.000
    INFO | 2026-08-27 10:17:28 | datacube.py:subpixellate:1807 | Resampling subslice 4/5
    INFO | 2026-08-27 10:17:28 | slittrace.py:get_radec_image:536 | Generating an RA/DEC image with slice_offset=0.200
    INFO | 2026-08-27 10:17:32 | datacube.py:subpixellate:1807 | Resampling subslice 5/5
    INFO | 2026-08-27 10:17:32 | slittrace.py:get_radec_image:536 | Generating an RA/DEC image with slice_offset=0.400
    INFO | 2026-08-27 10:17:36 | datacube.py:subpixellate:1832 | Preparing subpixel weights
    INFO | 2026-08-27 10:17:47 | datacube.py:subpixellate:1772 | Resampling slit 4/24 of frame 3/3
    INFO | 2026-08-27 10:17:48 | datacube.py:subpixellate:1807 | Resampling subslice 1/5
    INFO | 2026-08-27 10:17:48 | slittrace.py:get_radec_image:536 | Generating an RA/DEC image with slice_offset=-0.400
    INFO | 2026-08-27 10:17:53 | datacube.py:subpixellate:1807 | Resampling subslice 2/5
    INFO | 2026-08-27 10:17:53 | slittrace.py:get_radec_image:536 | Generating an RA/DEC image with slice_offset=-0.200
    INFO | 2026-08-27 10:17:56 | datacube.py:subpixellate:1807 | Resampling subslice 3/5
    INFO | 2026-08-27 10:17:56 | slittrace.py:get_radec_image:536 | Generating an RA/DEC image with slice_offset=0.000
    INFO | 2026-08-27 10:18:00 | datacube.py:subpixellate:1807 | Resampling subslice 4/5
    INFO | 2026-08-27 10:18:00 | slittrace.py:get_radec_image:536 | Generating an RA/DEC image with slice_offset=0.200
    INFO | 2026-08-27 10:18:04 | datacube.py:subpixellate:1807 | Resampling subslice 5/5
    INFO | 2026-08-27 10:18:04 | slittrace.py:get_radec_image:536 | Generating an RA/DEC image with slice_offset=0.400
    INFO | 2026-08-27 10:18:08 | datacube.py:subpixellate:1832 | Preparing subpixel weights
    INFO | 2026-08-27 10:18:18 | datacube.py:subpixellate:1772 | Resampling slit 5/24 of frame 3/3
    INFO | 2026-08-27 10:18:20 | datacube.py:subpixellate:1807 | Resampling subslice 1/5
    INFO | 2026-08-27 10:18:20 | slittrace.py:get_radec_image:536 | Generating an RA/DEC image with slice_offset=-0.400
    INFO | 2026-08-27 10:18:24 | datacube.py:subpixellate:1807 | Resampling subslice 2/5
    INFO | 2026-08-27 10:18:24 | slittrace.py:get_radec_image:536 | Generating an RA/DEC image with slice_offset=-0.200
    INFO | 2026-08-27 10:18:28 | datacube.py:subpixellate:1807 | Resampling subslice 3/5
    INFO | 2026-08-27 10:18:28 | slittrace.py:get_radec_image:536 | Generating an RA/DEC image with slice_offset=0.000
    INFO | 2026-08-27 10:18:32 | datacube.py:subpixellate:1807 | Resampling subslice 4/5
    INFO | 2026-08-27 10:18:32 | slittrace.py:get_radec_image:536 | Generating an RA/DEC image with slice_offset=0.200
    INFO | 2026-08-27 10:18:35 | datacube.py:subpixellate:1807 | Resampling subslice 5/5
    INFO | 2026-08-27 10:18:35 | slittrace.py:get_radec_image:536 | Generating an RA/DEC image with slice_offset=0.400
    INFO | 2026-08-27 10:18:39 | datacube.py:subpixellate:1832 | Preparing subpixel weights
    INFO | 2026-08-27 10:18:50 | datacube.py:subpixellate:1772 | Resampling slit 6/24 of frame 3/3
    INFO | 2026-08-27 10:18:51 | datacube.py:subpixellate:1807 | Resampling subslice 1/5
    INFO | 2026-08-27 10:18:51 | slittrace.py:get_radec_image:536 | Generating an RA/DEC image with slice_offset=-0.400
    INFO | 2026-08-27 10:18:55 | datacube.py:subpixellate:1807 | Resampling subslice 2/5
    INFO | 2026-08-27 10:18:55 | slittrace.py:get_radec_image:536 | Generating an RA/DEC image with slice_offset=-0.200
    INFO | 2026-08-27 10:18:59 | datacube.py:subpixellate:1807 | Resampling subslice 3/5
    INFO | 2026-08-27 10:18:59 | slittrace.py:get_radec_image:536 | Generating an RA/DEC image with slice_offset=0.000
    INFO | 2026-08-27 10:19:03 | datacube.py:subpixellate:1807 | Resampling subslice 4/5
    INFO | 2026-08-27 10:19:03 | slittrace.py:get_radec_image:536 | Generating an RA/DEC image with slice_offset=0.200
    INFO | 2026-08-27 10:19:07 | datacube.py:subpixellate:1807 | Resampling subslice 5/5
    INFO | 2026-08-27 10:19:07 | slittrace.py:get_radec_image:536 | Generating an RA/DEC image with slice_offset=0.400
    INFO | 2026-08-27 10:19:10 | datacube.py:subpixellate:1832 | Preparing subpixel weights
    INFO | 2026-08-27 10:19:21 | datacube.py:subpixellate:1772 | Resampling slit 7/24 of frame 3/3
    INFO | 2026-08-27 10:19:23 | datacube.py:subpixellate:1807 | Resampling subslice 1/5
    INFO | 2026-08-27 10:19:23 | slittrace.py:get_radec_image:536 | Generating an RA/DEC image with slice_offset=-0.400
    INFO | 2026-08-27 10:19:27 | datacube.py:subpixellate:1807 | Resampling subslice 2/5
    INFO | 2026-08-27 10:19:27 | slittrace.py:get_radec_image:536 | Generating an RA/DEC image with slice_offset=-0.200
    INFO | 2026-08-27 10:19:31 | datacube.py:subpixellate:1807 | Resampling subslice 3/5
    INFO | 2026-08-27 10:19:31 | slittrace.py:get_radec_image:536 | Generating an RA/DEC image with slice_offset=0.000
    INFO | 2026-08-27 10:19:34 | datacube.py:subpixellate:1807 | Resampling subslice 4/5
    INFO | 2026-08-27 10:19:34 | slittrace.py:get_radec_image:536 | Generating an RA/DEC image with slice_offset=0.200
    INFO | 2026-08-27 10:19:38 | datacube.py:subpixellate:1807 | Resampling subslice 5/5
    INFO | 2026-08-27 10:19:38 | slittrace.py:get_radec_image:536 | Generating an RA/DEC image with slice_offset=0.400
    INFO | 2026-08-27 10:19:42 | datacube.py:subpixellate:1832 | Preparing subpixel weights
    INFO | 2026-08-27 10:19:53 | datacube.py:subpixellate:1772 | Resampling slit 8/24 of frame 3/3
    INFO | 2026-08-27 10:19:54 | datacube.py:subpixellate:1807 | Resampling subslice 1/5
    INFO | 2026-08-27 10:19:54 | slittrace.py:get_radec_image:536 | Generating an RA/DEC image with slice_offset=-0.400
    INFO | 2026-08-27 10:19:58 | datacube.py:subpixellate:1807 | Resampling subslice 2/5
    INFO | 2026-08-27 10:19:58 | slittrace.py:get_radec_image:536 | Generating an RA/DEC image with slice_offset=-0.200
    INFO | 2026-08-27 10:20:02 | datacube.py:subpixellate:1807 | Resampling subslice 3/5
    INFO | 2026-08-27 10:20:02 | slittrace.py:get_radec_image:536 | Generating an RA/DEC image with slice_offset=0.000
    INFO | 2026-08-27 10:20:06 | datacube.py:subpixellate:1807 | Resampling subslice 4/5
    INFO | 2026-08-27 10:20:06 | slittrace.py:get_radec_image:536 | Generating an RA/DEC image with slice_offset=0.200
    INFO | 2026-08-27 10:20:10 | datacube.py:subpixellate:1807 | Resampling subslice 5/5
    INFO | 2026-08-27 10:20:10 | slittrace.py:get_radec_image:536 | Generating an RA/DEC image with slice_offset=0.400
    INFO | 2026-08-27 10:20:13 | datacube.py:subpixellate:1832 | Preparing subpixel weights
    INFO | 2026-08-27 10:20:25 | datacube.py:subpixellate:1772 | Resampling slit 9/24 of frame 3/3
    INFO | 2026-08-27 10:20:26 | datacube.py:subpixellate:1807 | Resampling subslice 1/5
    INFO | 2026-08-27 10:20:26 | slittrace.py:get_radec_image:536 | Generating an RA/DEC image with slice_offset=-0.400
    INFO | 2026-08-27 10:20:30 | datacube.py:subpixellate:1807 | Resampling subslice 2/5
    INFO | 2026-08-27 10:20:30 | slittrace.py:get_radec_image:536 | Generating an RA/DEC image with slice_offset=-0.200
    INFO | 2026-08-27 10:20:34 | datacube.py:subpixellate:1807 | Resampling subslice 3/5
    INFO | 2026-08-27 10:20:34 | slittrace.py:get_radec_image:536 | Generating an RA/DEC image with slice_offset=0.000
    INFO | 2026-08-27 10:20:38 | datacube.py:subpixellate:1807 | Resampling subslice 4/5
    INFO | 2026-08-27 10:20:38 | slittrace.py:get_radec_image:536 | Generating an RA/DEC image with slice_offset=0.200
    INFO | 2026-08-27 10:20:41 | datacube.py:subpixellate:1807 | Resampling subslice 5/5
    INFO | 2026-08-27 10:20:41 | slittrace.py:get_radec_image:536 | Generating an RA/DEC image with slice_offset=0.400
    INFO | 2026-08-27 10:20:45 | datacube.py:subpixellate:1832 | Preparing subpixel weights
    INFO | 2026-08-27 10:20:56 | datacube.py:subpixellate:1772 | Resampling slit 10/24 of frame 3/3
    INFO | 2026-08-27 10:20:57 | datacube.py:subpixellate:1807 | Resampling subslice 1/5
    INFO | 2026-08-27 10:20:57 | slittrace.py:get_radec_image:536 | Generating an RA/DEC image with slice_offset=-0.400
    INFO | 2026-08-27 10:21:01 | datacube.py:subpixellate:1807 | Resampling subslice 2/5
    INFO | 2026-08-27 10:21:01 | slittrace.py:get_radec_image:536 | Generating an RA/DEC image with slice_offset=-0.200
    INFO | 2026-08-27 10:21:05 | datacube.py:subpixellate:1807 | Resampling subslice 3/5
    INFO | 2026-08-27 10:21:05 | slittrace.py:get_radec_image:536 | Generating an RA/DEC image with slice_offset=0.000
    INFO | 2026-08-27 10:21:09 | datacube.py:subpixellate:1807 | Resampling subslice 4/5
    INFO | 2026-08-27 10:21:09 | slittrace.py:get_radec_image:536 | Generating an RA/DEC image with slice_offset=0.200
    INFO | 2026-08-27 10:21:13 | datacube.py:subpixellate:1807 | Resampling subslice 5/5
    INFO | 2026-08-27 10:21:13 | slittrace.py:get_radec_image:536 | Generating an RA/DEC image with slice_offset=0.400
    INFO | 2026-08-27 10:21:16 | datacube.py:subpixellate:1832 | Preparing subpixel weights
    INFO | 2026-08-27 10:21:27 | datacube.py:subpixellate:1772 | Resampling slit 11/24 of frame 3/3
    INFO | 2026-08-27 10:21:29 | datacube.py:subpixellate:1807 | Resampling subslice 1/5
    INFO | 2026-08-27 10:21:29 | slittrace.py:get_radec_image:536 | Generating an RA/DEC image with slice_offset=-0.400
    INFO | 2026-08-27 10:21:33 | datacube.py:subpixellate:1807 | Resampling subslice 2/5
    INFO | 2026-08-27 10:21:33 | slittrace.py:get_radec_image:536 | Generating an RA/DEC image with slice_offset=-0.200
    INFO | 2026-08-27 10:21:36 | datacube.py:subpixellate:1807 | Resampling subslice 3/5
    INFO | 2026-08-27 10:21:36 | slittrace.py:get_radec_image:536 | Generating an RA/DEC image with slice_offset=0.000
    INFO | 2026-08-27 10:21:40 | datacube.py:subpixellate:1807 | Resampling subslice 4/5
    INFO | 2026-08-27 10:21:40 | slittrace.py:get_radec_image:536 | Generating an RA/DEC image with slice_offset=0.200
    INFO | 2026-08-27 10:21:44 | datacube.py:subpixellate:1807 | Resampling subslice 5/5
    INFO | 2026-08-27 10:21:44 | slittrace.py:get_radec_image:536 | Generating an RA/DEC image with slice_offset=0.400
    INFO | 2026-08-27 10:21:48 | datacube.py:subpixellate:1832 | Preparing subpixel weights
    INFO | 2026-08-27 10:21:59 | datacube.py:subpixellate:1772 | Resampling slit 12/24 of frame 3/3
    INFO | 2026-08-27 10:22:01 | datacube.py:subpixellate:1807 | Resampling subslice 1/5
    INFO | 2026-08-27 10:22:01 | slittrace.py:get_radec_image:536 | Generating an RA/DEC image with slice_offset=-0.400
    INFO | 2026-08-27 10:22:04 | datacube.py:subpixellate:1807 | Resampling subslice 2/5
    INFO | 2026-08-27 10:22:04 | slittrace.py:get_radec_image:536 | Generating an RA/DEC image with slice_offset=-0.200
    INFO | 2026-08-27 10:22:08 | datacube.py:subpixellate:1807 | Resampling subslice 3/5
    INFO | 2026-08-27 10:22:08 | slittrace.py:get_radec_image:536 | Generating an RA/DEC image with slice_offset=0.000
    INFO | 2026-08-27 10:22:12 | datacube.py:subpixellate:1807 | Resampling subslice 4/5
    INFO | 2026-08-27 10:22:12 | slittrace.py:get_radec_image:536 | Generating an RA/DEC image with slice_offset=0.200
    INFO | 2026-08-27 10:22:16 | datacube.py:subpixellate:1807 | Resampling subslice 5/5
    INFO | 2026-08-27 10:22:16 | slittrace.py:get_radec_image:536 | Generating an RA/DEC image with slice_offset=0.400
    INFO | 2026-08-27 10:22:20 | datacube.py:subpixellate:1832 | Preparing subpixel weights
    INFO | 2026-08-27 10:22:31 | datacube.py:subpixellate:1772 | Resampling slit 13/24 of frame 3/3
    INFO | 2026-08-27 10:22:32 | datacube.py:subpixellate:1807 | Resampling subslice 1/5
    INFO | 2026-08-27 10:22:32 | slittrace.py:get_radec_image:536 | Generating an RA/DEC image with slice_offset=-0.400
    INFO | 2026-08-27 10:22:36 | datacube.py:subpixellate:1807 | Resampling subslice 2/5
    INFO | 2026-08-27 10:22:36 | slittrace.py:get_radec_image:536 | Generating an RA/DEC image with slice_offset=-0.200
    INFO | 2026-08-27 10:22:40 | datacube.py:subpixellate:1807 | Resampling subslice 3/5
    INFO | 2026-08-27 10:22:40 | slittrace.py:get_radec_image:536 | Generating an RA/DEC image with slice_offset=0.000
    INFO | 2026-08-27 10:22:44 | datacube.py:subpixellate:1807 | Resampling subslice 4/5
    INFO | 2026-08-27 10:22:44 | slittrace.py:get_radec_image:536 | Generating an RA/DEC image with slice_offset=0.200
    INFO | 2026-08-27 10:22:48 | datacube.py:subpixellate:1807 | Resampling subslice 5/5
    INFO | 2026-08-27 10:22:48 | slittrace.py:get_radec_image:536 | Generating an RA/DEC image with slice_offset=0.400
    INFO | 2026-08-27 10:22:51 | datacube.py:subpixellate:1832 | Preparing subpixel weights
    INFO | 2026-08-27 10:23:02 | datacube.py:subpixellate:1772 | Resampling slit 14/24 of frame 3/3
    INFO | 2026-08-27 10:23:04 | datacube.py:subpixellate:1807 | Resampling subslice 1/5
    INFO | 2026-08-27 10:23:04 | slittrace.py:get_radec_image:536 | Generating an RA/DEC image with slice_offset=-0.400
    INFO | 2026-08-27 10:23:08 | datacube.py:subpixellate:1807 | Resampling subslice 2/5
    INFO | 2026-08-27 10:23:08 | slittrace.py:get_radec_image:536 | Generating an RA/DEC image with slice_offset=-0.200
    INFO | 2026-08-27 10:23:11 | datacube.py:subpixellate:1807 | Resampling subslice 3/5
    INFO | 2026-08-27 10:23:11 | slittrace.py:get_radec_image:536 | Generating an RA/DEC image with slice_offset=0.000
    INFO | 2026-08-27 10:23:15 | datacube.py:subpixellate:1807 | Resampling subslice 4/5
    INFO | 2026-08-27 10:23:15 | slittrace.py:get_radec_image:536 | Generating an RA/DEC image with slice_offset=0.200
    INFO | 2026-08-27 10:23:19 | datacube.py:subpixellate:1807 | Resampling subslice 5/5
    INFO | 2026-08-27 10:23:19 | slittrace.py:get_radec_image:536 | Generating an RA/DEC image with slice_offset=0.400
    INFO | 2026-08-27 10:23:23 | datacube.py:subpixellate:1832 | Preparing subpixel weights
    INFO | 2026-08-27 10:23:34 | datacube.py:subpixellate:1772 | Resampling slit 15/24 of frame 3/3
    INFO | 2026-08-27 10:23:36 | datacube.py:subpixellate:1807 | Resampling subslice 1/5
    INFO | 2026-08-27 10:23:36 | slittrace.py:get_radec_image:536 | Generating an RA/DEC image with slice_offset=-0.400
    INFO | 2026-08-27 10:23:40 | datacube.py:subpixellate:1807 | Resampling subslice 2/5
    INFO | 2026-08-27 10:23:40 | slittrace.py:get_radec_image:536 | Generating an RA/DEC image with slice_offset=-0.200
    INFO | 2026-08-27 10:23:44 | datacube.py:subpixellate:1807 | Resampling subslice 3/5
    INFO | 2026-08-27 10:23:44 | slittrace.py:get_radec_image:536 | Generating an RA/DEC image with slice_offset=0.000
    INFO | 2026-08-27 10:23:48 | datacube.py:subpixellate:1807 | Resampling subslice 4/5
    INFO | 2026-08-27 10:23:48 | slittrace.py:get_radec_image:536 | Generating an RA/DEC image with slice_offset=0.200
    INFO | 2026-08-27 10:23:52 | datacube.py:subpixellate:1807 | Resampling subslice 5/5
    INFO | 2026-08-27 10:23:52 | slittrace.py:get_radec_image:536 | Generating an RA/DEC image with slice_offset=0.400
    INFO | 2026-08-27 10:23:55 | datacube.py:subpixellate:1832 | Preparing subpixel weights
    INFO | 2026-08-27 10:24:06 | datacube.py:subpixellate:1772 | Resampling slit 16/24 of frame 3/3
    INFO | 2026-08-27 10:24:08 | datacube.py:subpixellate:1807 | Resampling subslice 1/5
    INFO | 2026-08-27 10:24:08 | slittrace.py:get_radec_image:536 | Generating an RA/DEC image with slice_offset=-0.400
    INFO | 2026-08-27 10:24:12 | datacube.py:subpixellate:1807 | Resampling subslice 2/5
    INFO | 2026-08-27 10:24:12 | slittrace.py:get_radec_image:536 | Generating an RA/DEC image with slice_offset=-0.200
    INFO | 2026-08-27 10:24:16 | datacube.py:subpixellate:1807 | Resampling subslice 3/5
    INFO | 2026-08-27 10:24:16 | slittrace.py:get_radec_image:536 | Generating an RA/DEC image with slice_offset=0.000
    INFO | 2026-08-27 10:24:20 | datacube.py:subpixellate:1807 | Resampling subslice 4/5
    INFO | 2026-08-27 10:24:20 | slittrace.py:get_radec_image:536 | Generating an RA/DEC image with slice_offset=0.200
    INFO | 2026-08-27 10:24:23 | datacube.py:subpixellate:1807 | Resampling subslice 5/5
    INFO | 2026-08-27 10:24:23 | slittrace.py:get_radec_image:536 | Generating an RA/DEC image with slice_offset=0.400
    INFO | 2026-08-27 10:24:27 | datacube.py:subpixellate:1832 | Preparing subpixel weights
    INFO | 2026-08-27 10:24:38 | datacube.py:subpixellate:1772 | Resampling slit 17/24 of frame 3/3
    INFO | 2026-08-27 10:24:40 | datacube.py:subpixellate:1807 | Resampling subslice 1/5
    INFO | 2026-08-27 10:24:40 | slittrace.py:get_radec_image:536 | Generating an RA/DEC image with slice_offset=-0.400
    INFO | 2026-08-27 10:24:44 | datacube.py:subpixellate:1807 | Resampling subslice 2/5
    INFO | 2026-08-27 10:24:44 | slittrace.py:get_radec_image:536 | Generating an RA/DEC image with slice_offset=-0.200
    INFO | 2026-08-27 10:24:47 | datacube.py:subpixellate:1807 | Resampling subslice 3/5
    INFO | 2026-08-27 10:24:47 | slittrace.py:get_radec_image:536 | Generating an RA/DEC image with slice_offset=0.000
    INFO | 2026-08-27 10:24:51 | datacube.py:subpixellate:1807 | Resampling subslice 4/5
    INFO | 2026-08-27 10:24:51 | slittrace.py:get_radec_image:536 | Generating an RA/DEC image with slice_offset=0.200
    INFO | 2026-08-27 10:24:55 | datacube.py:subpixellate:1807 | Resampling subslice 5/5
    INFO | 2026-08-27 10:24:55 | slittrace.py:get_radec_image:536 | Generating an RA/DEC image with slice_offset=0.400
    INFO | 2026-08-27 10:24:59 | datacube.py:subpixellate:1832 | Preparing subpixel weights
    INFO | 2026-08-27 10:25:10 | datacube.py:subpixellate:1772 | Resampling slit 18/24 of frame 3/3
    INFO | 2026-08-27 10:25:12 | datacube.py:subpixellate:1807 | Resampling subslice 1/5
    INFO | 2026-08-27 10:25:12 | slittrace.py:get_radec_image:536 | Generating an RA/DEC image with slice_offset=-0.400
    INFO | 2026-08-27 10:25:16 | datacube.py:subpixellate:1807 | Resampling subslice 2/5
    INFO | 2026-08-27 10:25:16 | slittrace.py:get_radec_image:536 | Generating an RA/DEC image with slice_offset=-0.200
    INFO | 2026-08-27 10:25:20 | datacube.py:subpixellate:1807 | Resampling subslice 3/5
    INFO | 2026-08-27 10:25:20 | slittrace.py:get_radec_image:536 | Generating an RA/DEC image with slice_offset=0.000
    INFO | 2026-08-27 10:25:24 | datacube.py:subpixellate:1807 | Resampling subslice 4/5
    INFO | 2026-08-27 10:25:24 | slittrace.py:get_radec_image:536 | Generating an RA/DEC image with slice_offset=0.200
    INFO | 2026-08-27 10:25:28 | datacube.py:subpixellate:1807 | Resampling subslice 5/5
    INFO | 2026-08-27 10:25:28 | slittrace.py:get_radec_image:536 | Generating an RA/DEC image with slice_offset=0.400
    INFO | 2026-08-27 10:25:32 | datacube.py:subpixellate:1832 | Preparing subpixel weights
    INFO | 2026-08-27 10:25:42 | datacube.py:subpixellate:1772 | Resampling slit 19/24 of frame 3/3
    INFO | 2026-08-27 10:25:44 | datacube.py:subpixellate:1807 | Resampling subslice 1/5
    INFO | 2026-08-27 10:25:44 | slittrace.py:get_radec_image:536 | Generating an RA/DEC image with slice_offset=-0.400
    INFO | 2026-08-27 10:25:48 | datacube.py:subpixellate:1807 | Resampling subslice 2/5
    INFO | 2026-08-27 10:25:48 | slittrace.py:get_radec_image:536 | Generating an RA/DEC image with slice_offset=-0.200
    INFO | 2026-08-27 10:25:52 | datacube.py:subpixellate:1807 | Resampling subslice 3/5
    INFO | 2026-08-27 10:25:52 | slittrace.py:get_radec_image:536 | Generating an RA/DEC image with slice_offset=0.000
    INFO | 2026-08-27 10:25:56 | datacube.py:subpixellate:1807 | Resampling subslice 4/5
    INFO | 2026-08-27 10:25:56 | slittrace.py:get_radec_image:536 | Generating an RA/DEC image with slice_offset=0.200
    INFO | 2026-08-27 10:25:59 | datacube.py:subpixellate:1807 | Resampling subslice 5/5
    INFO | 2026-08-27 10:25:59 | slittrace.py:get_radec_image:536 | Generating an RA/DEC image with slice_offset=0.400
    INFO | 2026-08-27 10:26:03 | datacube.py:subpixellate:1832 | Preparing subpixel weights
    INFO | 2026-08-27 10:26:14 | datacube.py:subpixellate:1772 | Resampling slit 20/24 of frame 3/3
    INFO | 2026-08-27 10:26:15 | datacube.py:subpixellate:1807 | Resampling subslice 1/5
    INFO | 2026-08-27 10:26:15 | slittrace.py:get_radec_image:536 | Generating an RA/DEC image with slice_offset=-0.400
    INFO | 2026-08-27 10:26:19 | datacube.py:subpixellate:1807 | Resampling subslice 2/5
    INFO | 2026-08-27 10:26:19 | slittrace.py:get_radec_image:536 | Generating an RA/DEC image with slice_offset=-0.200
    INFO | 2026-08-27 10:26:23 | datacube.py:subpixellate:1807 | Resampling subslice 3/5
    INFO | 2026-08-27 10:26:23 | slittrace.py:get_radec_image:536 | Generating an RA/DEC image with slice_offset=0.000
    INFO | 2026-08-27 10:26:27 | datacube.py:subpixellate:1807 | Resampling subslice 4/5
    INFO | 2026-08-27 10:26:27 | slittrace.py:get_radec_image:536 | Generating an RA/DEC image with slice_offset=0.200
    INFO | 2026-08-27 10:26:31 | datacube.py:subpixellate:1807 | Resampling subslice 5/5
    INFO | 2026-08-27 10:26:31 | slittrace.py:get_radec_image:536 | Generating an RA/DEC image with slice_offset=0.400
    INFO | 2026-08-27 10:26:35 | datacube.py:subpixellate:1832 | Preparing subpixel weights
    INFO | 2026-08-27 10:26:45 | datacube.py:subpixellate:1772 | Resampling slit 21/24 of frame 3/3
    INFO | 2026-08-27 10:26:47 | datacube.py:subpixellate:1807 | Resampling subslice 1/5
    INFO | 2026-08-27 10:26:47 | slittrace.py:get_radec_image:536 | Generating an RA/DEC image with slice_offset=-0.400
    INFO | 2026-08-27 10:26:51 | datacube.py:subpixellate:1807 | Resampling subslice 2/5
    INFO | 2026-08-27 10:26:51 | slittrace.py:get_radec_image:536 | Generating an RA/DEC image with slice_offset=-0.200
    INFO | 2026-08-27 10:26:55 | datacube.py:subpixellate:1807 | Resampling subslice 3/5
    INFO | 2026-08-27 10:26:55 | slittrace.py:get_radec_image:536 | Generating an RA/DEC image with slice_offset=0.000
    INFO | 2026-08-27 10:26:59 | datacube.py:subpixellate:1807 | Resampling subslice 4/5
    INFO | 2026-08-27 10:26:59 | slittrace.py:get_radec_image:536 | Generating an RA/DEC image with slice_offset=0.200
    INFO | 2026-08-27 10:27:02 | datacube.py:subpixellate:1807 | Resampling subslice 5/5
    INFO | 2026-08-27 10:27:02 | slittrace.py:get_radec_image:536 | Generating an RA/DEC image with slice_offset=0.400
    INFO | 2026-08-27 10:27:06 | datacube.py:subpixellate:1832 | Preparing subpixel weights
    INFO | 2026-08-27 10:27:17 | datacube.py:subpixellate:1772 | Resampling slit 22/24 of frame 3/3
    INFO | 2026-08-27 10:27:18 | datacube.py:subpixellate:1807 | Resampling subslice 1/5
    INFO | 2026-08-27 10:27:18 | slittrace.py:get_radec_image:536 | Generating an RA/DEC image with slice_offset=-0.400
    INFO | 2026-08-27 10:27:22 | datacube.py:subpixellate:1807 | Resampling subslice 2/5
    INFO | 2026-08-27 10:27:22 | slittrace.py:get_radec_image:536 | Generating an RA/DEC image with slice_offset=-0.200
    INFO | 2026-08-27 10:27:26 | datacube.py:subpixellate:1807 | Resampling subslice 3/5
    INFO | 2026-08-27 10:27:26 | slittrace.py:get_radec_image:536 | Generating an RA/DEC image with slice_offset=0.000
    INFO | 2026-08-27 10:27:30 | datacube.py:subpixellate:1807 | Resampling subslice 4/5
    INFO | 2026-08-27 10:27:30 | slittrace.py:get_radec_image:536 | Generating an RA/DEC image with slice_offset=0.200
    INFO | 2026-08-27 10:27:34 | datacube.py:subpixellate:1807 | Resampling subslice 5/5
    INFO | 2026-08-27 10:27:34 | slittrace.py:get_radec_image:536 | Generating an RA/DEC image with slice_offset=0.400
    INFO | 2026-08-27 10:27:38 | datacube.py:subpixellate:1832 | Preparing subpixel weights
    INFO | 2026-08-27 10:27:49 | datacube.py:subpixellate:1772 | Resampling slit 23/24 of frame 3/3
    INFO | 2026-08-27 10:27:50 | datacube.py:subpixellate:1807 | Resampling subslice 1/5
    INFO | 2026-08-27 10:27:50 | slittrace.py:get_radec_image:536 | Generating an RA/DEC image with slice_offset=-0.400
    INFO | 2026-08-27 10:27:54 | datacube.py:subpixellate:1807 | Resampling subslice 2/5
    INFO | 2026-08-27 10:27:54 | slittrace.py:get_radec_image:536 | Generating an RA/DEC image with slice_offset=-0.200
    INFO | 2026-08-27 10:27:58 | datacube.py:subpixellate:1807 | Resampling subslice 3/5
    INFO | 2026-08-27 10:27:58 | slittrace.py:get_radec_image:536 | Generating an RA/DEC image with slice_offset=0.000
    INFO | 2026-08-27 10:28:02 | datacube.py:subpixellate:1807 | Resampling subslice 4/5
    INFO | 2026-08-27 10:28:02 | slittrace.py:get_radec_image:536 | Generating an RA/DEC image with slice_offset=0.200
    INFO | 2026-08-27 10:28:06 | datacube.py:subpixellate:1807 | Resampling subslice 5/5
    INFO | 2026-08-27 10:28:06 | slittrace.py:get_radec_image:536 | Generating an RA/DEC image with slice_offset=0.400
    INFO | 2026-08-27 10:28:09 | datacube.py:subpixellate:1832 | Preparing subpixel weights
    INFO | 2026-08-27 10:28:20 | datacube.py:subpixellate:1772 | Resampling slit 24/24 of frame 3/3
    INFO | 2026-08-27 10:28:22 | datacube.py:subpixellate:1807 | Resampling subslice 1/5
    INFO | 2026-08-27 10:28:22 | slittrace.py:get_radec_image:536 | Generating an RA/DEC image with slice_offset=-0.400
    INFO | 2026-08-27 10:28:26 | datacube.py:subpixellate:1807 | Resampling subslice 2/5
    INFO | 2026-08-27 10:28:26 | slittrace.py:get_radec_image:536 | Generating an RA/DEC image with slice_offset=-0.200
    INFO | 2026-08-27 10:28:29 | datacube.py:subpixellate:1807 | Resampling subslice 3/5
    INFO | 2026-08-27 10:28:29 | slittrace.py:get_radec_image:536 | Generating an RA/DEC image with slice_offset=0.000
    INFO | 2026-08-27 10:28:33 | datacube.py:subpixellate:1807 | Resampling subslice 4/5
    INFO | 2026-08-27 10:28:33 | slittrace.py:get_radec_image:536 | Generating an RA/DEC image with slice_offset=0.200
    INFO | 2026-08-27 10:28:37 | datacube.py:subpixellate:1807 | Resampling subslice 5/5
    INFO | 2026-08-27 10:28:37 | slittrace.py:get_radec_image:536 | Generating an RA/DEC image with slice_offset=0.400
    INFO | 2026-08-27 10:28:41 | datacube.py:subpixellate:1832 | Preparing subpixel weights
    INFO | 2026-08-27 10:28:52 | datacube.py:generate_cube_subpixel:1625 | White light image covers the wavelength range 6921.52 A - 8726.69 A
    INFO | 2026-08-27 10:28:52 | datacube.py:generate_cube_subpixel:1630 | Saving white light image as: feige34_2024-05-09_A_whitelight.fits
    INFO | 2026-08-27 10:28:52 | coadd3d.py:run:1479 | Saving datacube as: feige34_2024-05-09_A.fits
    INFO | 2026-08-27 10:28:52 | io.py:write_to_fits:672 | File written to: feige34_2024-05-09_A.fits
    INFO | 2026-08-27 10:28:52 | coadd_datacube.py:main:75 | Execution time: 42m 47.07s
