    INFO | 2026-08-24 13:08:30 | inputfiles.py:from_file:136 | Loading the reduction file
    INFO | 2026-08-24 13:08:30 | inputfiles.py:from_file:214 | Coadd3d input file loaded successfully.
    INFO | 2026-08-24 13:08:30 | inputfiles.py:vet:927 | .coadd3d file successfully vetted.
    INFO | 2026-08-24 13:08:30 | coadd_datacube.py:main:55 | Restricting to detector=1
    INFO | 2026-08-24 13:08:30 | coadd3d.py:__init__:495 | No RA or Dec offsets have been provided.
    INFO | 2026-08-24 13:08:30 | coadd3d.py:__init__:497 | An automatic alignment will be performed using WCS information from the headers.
    INFO | 2026-08-24 13:08:30 | coadd3d.py:__init__:536 | Adopting the subpixel algorithm to generate the datacube, with subpixellation scales:
  Spectral: 5
  Spatial: 5
  Slices: 5
    INFO | 2026-08-24 13:08:30 | coadd3d.py:set_default_skysub:736 | The sky model in the spec2d science frames will be used for sky subtraction
(unless specific skysub frames have been specified)
    INFO | 2026-08-24 13:08:30 | coadd3d.py:load:1019 | Loading PypeIt spec2d frame (1/6):
Science/spec2d_KR.20231108.17107.41-feige110_KCRM_20231108T044506.941.fits
    INFO | 2026-08-24 13:08:30 | coadd3d.py:load:1035 | Constructing slit image
    INFO | 2026-08-24 13:08:31 | coadd3d.py:get_current_skysub:829 | Using the following frame for sky subtraction:
image
    INFO | 2026-08-24 13:08:31 | coadd3d.py:get_current_scalecorr:718 | Relative spectral illumination correction will not be performed.
    INFO | 2026-08-24 13:08:31 | datacube.py:make_good_skymask:436 | Masking edge pixels where the sky model is poor
    INFO | 2026-08-24 13:08:31 | coadd3d.py:load:1090 | Using wavelength solution: wave0=6696.817, dispersion=0.362 Angstrom/pixel
    INFO | 2026-08-24 13:08:31 | coadd3d.py:get_alignments:962 | Loading alignments
    INFO | 2026-08-24 13:08:31 | datamodel.py:from_file:1558 | Loading Alignments from /Users/kaiwenzhang/PycharmProjects/KCWI/KCWI_RED_channel_characterization/RH2 pypeit run/2023-11-07/pypeit_run/keck_kcrm_B/Calibrations/Alignment_B_1_DET01.fits
    INFO | 2026-08-24 13:08:31 | coadd3d.py:get_alignments:978 | Generating alignment splines
   DEBUG | 2026-08-24 13:08:31 | alignframe.py:__init__:350 | Spatial flexure is not currently implemented for the astrometric alignment
    INFO | 2026-08-24 13:08:31 | alignframe.py:build_splines:375 | Calculating astrometric transform of slit 1/24
    INFO | 2026-08-24 13:08:31 | alignframe.py:build_splines:375 | Calculating astrometric transform of slit 2/24
    INFO | 2026-08-24 13:08:32 | alignframe.py:build_splines:375 | Calculating astrometric transform of slit 3/24
    INFO | 2026-08-24 13:08:32 | alignframe.py:build_splines:375 | Calculating astrometric transform of slit 4/24
    INFO | 2026-08-24 13:08:32 | alignframe.py:build_splines:375 | Calculating astrometric transform of slit 5/24
    INFO | 2026-08-24 13:08:32 | alignframe.py:build_splines:375 | Calculating astrometric transform of slit 6/24
    INFO | 2026-08-24 13:08:32 | alignframe.py:build_splines:375 | Calculating astrometric transform of slit 7/24
    INFO | 2026-08-24 13:08:32 | alignframe.py:build_splines:375 | Calculating astrometric transform of slit 8/24
    INFO | 2026-08-24 13:08:32 | alignframe.py:build_splines:375 | Calculating astrometric transform of slit 9/24
    INFO | 2026-08-24 13:08:33 | alignframe.py:build_splines:375 | Calculating astrometric transform of slit 10/24
    INFO | 2026-08-24 13:08:33 | alignframe.py:build_splines:375 | Calculating astrometric transform of slit 11/24
    INFO | 2026-08-24 13:08:33 | alignframe.py:build_splines:375 | Calculating astrometric transform of slit 12/24
    INFO | 2026-08-24 13:08:33 | alignframe.py:build_splines:375 | Calculating astrometric transform of slit 13/24
    INFO | 2026-08-24 13:08:33 | alignframe.py:build_splines:375 | Calculating astrometric transform of slit 14/24
    INFO | 2026-08-24 13:08:33 | alignframe.py:build_splines:375 | Calculating astrometric transform of slit 15/24
    INFO | 2026-08-24 13:08:33 | alignframe.py:build_splines:375 | Calculating astrometric transform of slit 16/24
    INFO | 2026-08-24 13:08:34 | alignframe.py:build_splines:375 | Calculating astrometric transform of slit 17/24
    INFO | 2026-08-24 13:08:34 | alignframe.py:build_splines:375 | Calculating astrometric transform of slit 18/24
    INFO | 2026-08-24 13:08:34 | alignframe.py:build_splines:375 | Calculating astrometric transform of slit 19/24
    INFO | 2026-08-24 13:08:34 | alignframe.py:build_splines:375 | Calculating astrometric transform of slit 20/24
    INFO | 2026-08-24 13:08:34 | alignframe.py:build_splines:375 | Calculating astrometric transform of slit 21/24
    INFO | 2026-08-24 13:08:34 | alignframe.py:build_splines:375 | Calculating astrometric transform of slit 22/24
    INFO | 2026-08-24 13:08:34 | alignframe.py:build_splines:375 | Calculating astrometric transform of slit 23/24
    INFO | 2026-08-24 13:08:35 | alignframe.py:build_splines:375 | Calculating astrometric transform of slit 24/24
    INFO | 2026-08-24 13:08:35 | keck_kcwi.py:get_wcs:634 | Generating KCRM WCS
    INFO | 2026-08-24 13:08:35 | slittrace.py:get_radec_image:536 | Generating an RA/DEC image
    INFO | 2026-08-24 13:08:36 | coadd3d.py:__init__:278 | Preparing the parameters for the DAR correction
    INFO | 2026-08-24 13:08:36 | coadd3d.py:__init__:294 | DAR correction parameters:
   Airmass = 1.24
   Pressure = 618.48 mbar
   Humidity = 22.90 %
   Temperature = 3.00 deg C
   Reference wavelength = 4500.00 Angstrom
    INFO | 2026-08-24 13:08:36 | coadd3d.py:load:1019 | Loading PypeIt spec2d frame (2/6):
Science/spec2d_KR.20231108.17222.67-feige110_KCRM_20231108T044703.149.fits
    INFO | 2026-08-24 13:08:36 | coadd3d.py:load:1035 | Constructing slit image
    INFO | 2026-08-24 13:08:37 | coadd3d.py:get_current_skysub:829 | Using the following frame for sky subtraction:
image
    INFO | 2026-08-24 13:08:37 | coadd3d.py:get_current_scalecorr:718 | Relative spectral illumination correction will not be performed.
    INFO | 2026-08-24 13:08:37 | datacube.py:make_good_skymask:436 | Masking edge pixels where the sky model is poor
    INFO | 2026-08-24 13:08:37 | coadd3d.py:load:1090 | Using wavelength solution: wave0=6696.817, dispersion=0.362 Angstrom/pixel
    INFO | 2026-08-24 13:08:37 | coadd3d.py:get_alignments:962 | Loading alignments
    INFO | 2026-08-24 13:08:37 | datamodel.py:from_file:1558 | Loading Alignments from /Users/kaiwenzhang/PycharmProjects/KCWI/KCWI_RED_channel_characterization/RH2 pypeit run/2023-11-07/pypeit_run/keck_kcrm_B/Calibrations/Alignment_B_1_DET01.fits
    INFO | 2026-08-24 13:08:37 | coadd3d.py:get_alignments:978 | Generating alignment splines
   DEBUG | 2026-08-24 13:08:37 | alignframe.py:__init__:350 | Spatial flexure is not currently implemented for the astrometric alignment
    INFO | 2026-08-24 13:08:37 | alignframe.py:build_splines:375 | Calculating astrometric transform of slit 1/24
    INFO | 2026-08-24 13:08:37 | alignframe.py:build_splines:375 | Calculating astrometric transform of slit 2/24
    INFO | 2026-08-24 13:08:38 | alignframe.py:build_splines:375 | Calculating astrometric transform of slit 3/24
    INFO | 2026-08-24 13:08:38 | alignframe.py:build_splines:375 | Calculating astrometric transform of slit 4/24
    INFO | 2026-08-24 13:08:38 | alignframe.py:build_splines:375 | Calculating astrometric transform of slit 5/24
    INFO | 2026-08-24 13:08:38 | alignframe.py:build_splines:375 | Calculating astrometric transform of slit 6/24
    INFO | 2026-08-24 13:08:38 | alignframe.py:build_splines:375 | Calculating astrometric transform of slit 7/24
    INFO | 2026-08-24 13:08:38 | alignframe.py:build_splines:375 | Calculating astrometric transform of slit 8/24
    INFO | 2026-08-24 13:08:39 | alignframe.py:build_splines:375 | Calculating astrometric transform of slit 9/24
    INFO | 2026-08-24 13:08:39 | alignframe.py:build_splines:375 | Calculating astrometric transform of slit 10/24
    INFO | 2026-08-24 13:08:39 | alignframe.py:build_splines:375 | Calculating astrometric transform of slit 11/24
    INFO | 2026-08-24 13:08:39 | alignframe.py:build_splines:375 | Calculating astrometric transform of slit 12/24
    INFO | 2026-08-24 13:08:39 | alignframe.py:build_splines:375 | Calculating astrometric transform of slit 13/24
    INFO | 2026-08-24 13:08:39 | alignframe.py:build_splines:375 | Calculating astrometric transform of slit 14/24
    INFO | 2026-08-24 13:08:39 | alignframe.py:build_splines:375 | Calculating astrometric transform of slit 15/24
    INFO | 2026-08-24 13:08:40 | alignframe.py:build_splines:375 | Calculating astrometric transform of slit 16/24
    INFO | 2026-08-24 13:08:40 | alignframe.py:build_splines:375 | Calculating astrometric transform of slit 17/24
    INFO | 2026-08-24 13:08:40 | alignframe.py:build_splines:375 | Calculating astrometric transform of slit 18/24
    INFO | 2026-08-24 13:08:40 | alignframe.py:build_splines:375 | Calculating astrometric transform of slit 19/24
    INFO | 2026-08-24 13:08:40 | alignframe.py:build_splines:375 | Calculating astrometric transform of slit 20/24
    INFO | 2026-08-24 13:08:40 | alignframe.py:build_splines:375 | Calculating astrometric transform of slit 21/24
    INFO | 2026-08-24 13:08:40 | alignframe.py:build_splines:375 | Calculating astrometric transform of slit 22/24
    INFO | 2026-08-24 13:08:41 | alignframe.py:build_splines:375 | Calculating astrometric transform of slit 23/24
    INFO | 2026-08-24 13:08:41 | alignframe.py:build_splines:375 | Calculating astrometric transform of slit 24/24
    INFO | 2026-08-24 13:08:41 | keck_kcwi.py:get_wcs:634 | Generating KCRM WCS
    INFO | 2026-08-24 13:08:41 | slittrace.py:get_radec_image:536 | Generating an RA/DEC image
    INFO | 2026-08-24 13:08:42 | coadd3d.py:__init__:278 | Preparing the parameters for the DAR correction
    INFO | 2026-08-24 13:08:42 | coadd3d.py:__init__:294 | DAR correction parameters:
   Airmass = 1.24
   Pressure = 618.48 mbar
   Humidity = 22.00 %
   Temperature = 3.20 deg C
   Reference wavelength = 4500.00 Angstrom
    INFO | 2026-08-24 13:08:42 | coadd3d.py:load:1019 | Loading PypeIt spec2d frame (3/6):
Science/spec2d_KR.20231108.17326.74-feige110_KCRM_20231108T044846.224.fits
    INFO | 2026-08-24 13:08:43 | coadd3d.py:load:1035 | Constructing slit image
    INFO | 2026-08-24 13:08:43 | coadd3d.py:get_current_skysub:829 | Using the following frame for sky subtraction:
image
    INFO | 2026-08-24 13:08:43 | coadd3d.py:get_current_scalecorr:718 | Relative spectral illumination correction will not be performed.
    INFO | 2026-08-24 13:08:43 | datacube.py:make_good_skymask:436 | Masking edge pixels where the sky model is poor
    INFO | 2026-08-24 13:08:43 | coadd3d.py:load:1090 | Using wavelength solution: wave0=6696.816, dispersion=0.362 Angstrom/pixel
    INFO | 2026-08-24 13:08:43 | coadd3d.py:get_alignments:962 | Loading alignments
    INFO | 2026-08-24 13:08:43 | datamodel.py:from_file:1558 | Loading Alignments from /Users/kaiwenzhang/PycharmProjects/KCWI/KCWI_RED_channel_characterization/RH2 pypeit run/2023-11-07/pypeit_run/keck_kcrm_B/Calibrations/Alignment_B_1_DET01.fits
    INFO | 2026-08-24 13:08:43 | coadd3d.py:get_alignments:978 | Generating alignment splines
   DEBUG | 2026-08-24 13:08:43 | alignframe.py:__init__:350 | Spatial flexure is not currently implemented for the astrometric alignment
    INFO | 2026-08-24 13:08:43 | alignframe.py:build_splines:375 | Calculating astrometric transform of slit 1/24
    INFO | 2026-08-24 13:08:44 | alignframe.py:build_splines:375 | Calculating astrometric transform of slit 2/24
    INFO | 2026-08-24 13:08:44 | alignframe.py:build_splines:375 | Calculating astrometric transform of slit 3/24
    INFO | 2026-08-24 13:08:44 | alignframe.py:build_splines:375 | Calculating astrometric transform of slit 4/24
    INFO | 2026-08-24 13:08:44 | alignframe.py:build_splines:375 | Calculating astrometric transform of slit 5/24
    INFO | 2026-08-24 13:08:44 | alignframe.py:build_splines:375 | Calculating astrometric transform of slit 6/24
    INFO | 2026-08-24 13:08:44 | alignframe.py:build_splines:375 | Calculating astrometric transform of slit 7/24
    INFO | 2026-08-24 13:08:44 | alignframe.py:build_splines:375 | Calculating astrometric transform of slit 8/24
    INFO | 2026-08-24 13:08:45 | alignframe.py:build_splines:375 | Calculating astrometric transform of slit 9/24
    INFO | 2026-08-24 13:08:45 | alignframe.py:build_splines:375 | Calculating astrometric transform of slit 10/24
    INFO | 2026-08-24 13:08:45 | alignframe.py:build_splines:375 | Calculating astrometric transform of slit 11/24
    INFO | 2026-08-24 13:08:45 | alignframe.py:build_splines:375 | Calculating astrometric transform of slit 12/24
    INFO | 2026-08-24 13:08:45 | alignframe.py:build_splines:375 | Calculating astrometric transform of slit 13/24
    INFO | 2026-08-24 13:08:45 | alignframe.py:build_splines:375 | Calculating astrometric transform of slit 14/24
    INFO | 2026-08-24 13:08:45 | alignframe.py:build_splines:375 | Calculating astrometric transform of slit 15/24
    INFO | 2026-08-24 13:08:46 | alignframe.py:build_splines:375 | Calculating astrometric transform of slit 16/24
    INFO | 2026-08-24 13:08:46 | alignframe.py:build_splines:375 | Calculating astrometric transform of slit 17/24
    INFO | 2026-08-24 13:08:46 | alignframe.py:build_splines:375 | Calculating astrometric transform of slit 18/24
    INFO | 2026-08-24 13:08:46 | alignframe.py:build_splines:375 | Calculating astrometric transform of slit 19/24
    INFO | 2026-08-24 13:08:46 | alignframe.py:build_splines:375 | Calculating astrometric transform of slit 20/24
    INFO | 2026-08-24 13:08:46 | alignframe.py:build_splines:375 | Calculating astrometric transform of slit 21/24
    INFO | 2026-08-24 13:08:46 | alignframe.py:build_splines:375 | Calculating astrometric transform of slit 22/24
    INFO | 2026-08-24 13:08:46 | alignframe.py:build_splines:375 | Calculating astrometric transform of slit 23/24
    INFO | 2026-08-24 13:08:47 | alignframe.py:build_splines:375 | Calculating astrometric transform of slit 24/24
    INFO | 2026-08-24 13:08:47 | keck_kcwi.py:get_wcs:634 | Generating KCRM WCS
    INFO | 2026-08-24 13:08:47 | slittrace.py:get_radec_image:536 | Generating an RA/DEC image
    INFO | 2026-08-24 13:08:48 | coadd3d.py:__init__:278 | Preparing the parameters for the DAR correction
    INFO | 2026-08-24 13:08:48 | coadd3d.py:__init__:294 | DAR correction parameters:
   Airmass = 1.23
   Pressure = 618.52 mbar
   Humidity = 21.50 %
   Temperature = 3.30 deg C
   Reference wavelength = 4500.00 Angstrom
    INFO | 2026-08-24 13:08:48 | coadd3d.py:load:1019 | Loading PypeIt spec2d frame (4/6):
Science/spec2d_KR.20231108.17526.69-feige110_KCRM_20231108T045207.190.fits
    INFO | 2026-08-24 13:08:48 | coadd3d.py:load:1035 | Constructing slit image
    INFO | 2026-08-24 13:08:49 | coadd3d.py:get_current_skysub:829 | Using the following frame for sky subtraction:
image
    INFO | 2026-08-24 13:08:49 | coadd3d.py:get_current_scalecorr:718 | Relative spectral illumination correction will not be performed.
    INFO | 2026-08-24 13:08:49 | datacube.py:make_good_skymask:436 | Masking edge pixels where the sky model is poor
    INFO | 2026-08-24 13:08:49 | coadd3d.py:load:1090 | Using wavelength solution: wave0=6696.816, dispersion=0.362 Angstrom/pixel
    INFO | 2026-08-24 13:08:49 | coadd3d.py:get_alignments:962 | Loading alignments
    INFO | 2026-08-24 13:08:49 | datamodel.py:from_file:1558 | Loading Alignments from /Users/kaiwenzhang/PycharmProjects/KCWI/KCWI_RED_channel_characterization/RH2 pypeit run/2023-11-07/pypeit_run/keck_kcrm_B/Calibrations/Alignment_B_1_DET01.fits
    INFO | 2026-08-24 13:08:49 | coadd3d.py:get_alignments:978 | Generating alignment splines
   DEBUG | 2026-08-24 13:08:49 | alignframe.py:__init__:350 | Spatial flexure is not currently implemented for the astrometric alignment
    INFO | 2026-08-24 13:08:49 | alignframe.py:build_splines:375 | Calculating astrometric transform of slit 1/24
    INFO | 2026-08-24 13:08:49 | alignframe.py:build_splines:375 | Calculating astrometric transform of slit 2/24
    INFO | 2026-08-24 13:08:49 | alignframe.py:build_splines:375 | Calculating astrometric transform of slit 3/24
    INFO | 2026-08-24 13:08:50 | alignframe.py:build_splines:375 | Calculating astrometric transform of slit 4/24
    INFO | 2026-08-24 13:08:50 | alignframe.py:build_splines:375 | Calculating astrometric transform of slit 5/24
    INFO | 2026-08-24 13:08:50 | alignframe.py:build_splines:375 | Calculating astrometric transform of slit 6/24
    INFO | 2026-08-24 13:08:50 | alignframe.py:build_splines:375 | Calculating astrometric transform of slit 7/24
    INFO | 2026-08-24 13:08:50 | alignframe.py:build_splines:375 | Calculating astrometric transform of slit 8/24
    INFO | 2026-08-24 13:08:50 | alignframe.py:build_splines:375 | Calculating astrometric transform of slit 9/24
    INFO | 2026-08-24 13:08:51 | alignframe.py:build_splines:375 | Calculating astrometric transform of slit 10/24
    INFO | 2026-08-24 13:08:51 | alignframe.py:build_splines:375 | Calculating astrometric transform of slit 11/24
    INFO | 2026-08-24 13:08:51 | alignframe.py:build_splines:375 | Calculating astrometric transform of slit 12/24
    INFO | 2026-08-24 13:08:51 | alignframe.py:build_splines:375 | Calculating astrometric transform of slit 13/24
    INFO | 2026-08-24 13:08:51 | alignframe.py:build_splines:375 | Calculating astrometric transform of slit 14/24
    INFO | 2026-08-24 13:08:51 | alignframe.py:build_splines:375 | Calculating astrometric transform of slit 15/24
    INFO | 2026-08-24 13:08:51 | alignframe.py:build_splines:375 | Calculating astrometric transform of slit 16/24
    INFO | 2026-08-24 13:08:52 | alignframe.py:build_splines:375 | Calculating astrometric transform of slit 17/24
    INFO | 2026-08-24 13:08:52 | alignframe.py:build_splines:375 | Calculating astrometric transform of slit 18/24
    INFO | 2026-08-24 13:08:52 | alignframe.py:build_splines:375 | Calculating astrometric transform of slit 19/24
    INFO | 2026-08-24 13:08:52 | alignframe.py:build_splines:375 | Calculating astrometric transform of slit 20/24
    INFO | 2026-08-24 13:08:52 | alignframe.py:build_splines:375 | Calculating astrometric transform of slit 21/24
    INFO | 2026-08-24 13:08:52 | alignframe.py:build_splines:375 | Calculating astrometric transform of slit 22/24
    INFO | 2026-08-24 13:08:52 | alignframe.py:build_splines:375 | Calculating astrometric transform of slit 23/24
    INFO | 2026-08-24 13:08:53 | alignframe.py:build_splines:375 | Calculating astrometric transform of slit 24/24
    INFO | 2026-08-24 13:08:53 | keck_kcwi.py:get_wcs:634 | Generating KCRM WCS
    INFO | 2026-08-24 13:08:53 | slittrace.py:get_radec_image:536 | Generating an RA/DEC image
    INFO | 2026-08-24 13:08:54 | coadd3d.py:__init__:278 | Preparing the parameters for the DAR correction
    INFO | 2026-08-24 13:08:54 | coadd3d.py:__init__:294 | DAR correction parameters:
   Airmass = 1.23
   Pressure = 618.49 mbar
   Humidity = 22.40 %
   Temperature = 3.10 deg C
   Reference wavelength = 4500.00 Angstrom
    INFO | 2026-08-24 13:08:54 | coadd3d.py:load:1019 | Loading PypeIt spec2d frame (5/6):
Science/spec2d_KR.20231108.17631.75-feige110_KCRM_20231108T045351.216.fits
    INFO | 2026-08-24 13:08:54 | coadd3d.py:load:1035 | Constructing slit image
    INFO | 2026-08-24 13:08:55 | coadd3d.py:get_current_skysub:829 | Using the following frame for sky subtraction:
image
    INFO | 2026-08-24 13:08:55 | coadd3d.py:get_current_scalecorr:718 | Relative spectral illumination correction will not be performed.
    INFO | 2026-08-24 13:08:55 | datacube.py:make_good_skymask:436 | Masking edge pixels where the sky model is poor
    INFO | 2026-08-24 13:08:55 | coadd3d.py:load:1090 | Using wavelength solution: wave0=6696.816, dispersion=0.362 Angstrom/pixel
    INFO | 2026-08-24 13:08:55 | coadd3d.py:get_alignments:962 | Loading alignments
    INFO | 2026-08-24 13:08:55 | datamodel.py:from_file:1558 | Loading Alignments from /Users/kaiwenzhang/PycharmProjects/KCWI/KCWI_RED_channel_characterization/RH2 pypeit run/2023-11-07/pypeit_run/keck_kcrm_B/Calibrations/Alignment_B_1_DET01.fits
    INFO | 2026-08-24 13:08:55 | coadd3d.py:get_alignments:978 | Generating alignment splines
   DEBUG | 2026-08-24 13:08:55 | alignframe.py:__init__:350 | Spatial flexure is not currently implemented for the astrometric alignment
    INFO | 2026-08-24 13:08:55 | alignframe.py:build_splines:375 | Calculating astrometric transform of slit 1/24
    INFO | 2026-08-24 13:08:55 | alignframe.py:build_splines:375 | Calculating astrometric transform of slit 2/24
    INFO | 2026-08-24 13:08:56 | alignframe.py:build_splines:375 | Calculating astrometric transform of slit 3/24
    INFO | 2026-08-24 13:08:56 | alignframe.py:build_splines:375 | Calculating astrometric transform of slit 4/24
    INFO | 2026-08-24 13:08:56 | alignframe.py:build_splines:375 | Calculating astrometric transform of slit 5/24
    INFO | 2026-08-24 13:08:56 | alignframe.py:build_splines:375 | Calculating astrometric transform of slit 6/24
    INFO | 2026-08-24 13:08:56 | alignframe.py:build_splines:375 | Calculating astrometric transform of slit 7/24
    INFO | 2026-08-24 13:08:56 | alignframe.py:build_splines:375 | Calculating astrometric transform of slit 8/24
    INFO | 2026-08-24 13:08:57 | alignframe.py:build_splines:375 | Calculating astrometric transform of slit 9/24
    INFO | 2026-08-24 13:08:57 | alignframe.py:build_splines:375 | Calculating astrometric transform of slit 10/24
    INFO | 2026-08-24 13:08:57 | alignframe.py:build_splines:375 | Calculating astrometric transform of slit 11/24
    INFO | 2026-08-24 13:08:57 | alignframe.py:build_splines:375 | Calculating astrometric transform of slit 12/24
    INFO | 2026-08-24 13:08:57 | alignframe.py:build_splines:375 | Calculating astrometric transform of slit 13/24
    INFO | 2026-08-24 13:08:57 | alignframe.py:build_splines:375 | Calculating astrometric transform of slit 14/24
    INFO | 2026-08-24 13:08:57 | alignframe.py:build_splines:375 | Calculating astrometric transform of slit 15/24
    INFO | 2026-08-24 13:08:58 | alignframe.py:build_splines:375 | Calculating astrometric transform of slit 16/24
    INFO | 2026-08-24 13:08:58 | alignframe.py:build_splines:375 | Calculating astrometric transform of slit 17/24
    INFO | 2026-08-24 13:08:58 | alignframe.py:build_splines:375 | Calculating astrometric transform of slit 18/24
    INFO | 2026-08-24 13:08:58 | alignframe.py:build_splines:375 | Calculating astrometric transform of slit 19/24
    INFO | 2026-08-24 13:08:58 | alignframe.py:build_splines:375 | Calculating astrometric transform of slit 20/24
    INFO | 2026-08-24 13:08:58 | alignframe.py:build_splines:375 | Calculating astrometric transform of slit 21/24
    INFO | 2026-08-24 13:08:58 | alignframe.py:build_splines:375 | Calculating astrometric transform of slit 22/24
    INFO | 2026-08-24 13:08:59 | alignframe.py:build_splines:375 | Calculating astrometric transform of slit 23/24
    INFO | 2026-08-24 13:08:59 | alignframe.py:build_splines:375 | Calculating astrometric transform of slit 24/24
    INFO | 2026-08-24 13:08:59 | keck_kcwi.py:get_wcs:634 | Generating KCRM WCS
    INFO | 2026-08-24 13:08:59 | slittrace.py:get_radec_image:536 | Generating an RA/DEC image
    INFO | 2026-08-24 13:09:00 | coadd3d.py:__init__:278 | Preparing the parameters for the DAR correction
    INFO | 2026-08-24 13:09:00 | coadd3d.py:__init__:294 | DAR correction parameters:
   Airmass = 1.22
   Pressure = 618.50 mbar
   Humidity = 22.80 %
   Temperature = 3.10 deg C
   Reference wavelength = 4500.00 Angstrom
    INFO | 2026-08-24 13:09:00 | coadd3d.py:load:1019 | Loading PypeIt spec2d frame (6/6):
Science/spec2d_KR.20231108.17735.81-feige110_KCRM_20231108T045535.328.fits
    INFO | 2026-08-24 13:09:00 | coadd3d.py:load:1035 | Constructing slit image
    INFO | 2026-08-24 13:09:01 | coadd3d.py:get_current_skysub:829 | Using the following frame for sky subtraction:
image
    INFO | 2026-08-24 13:09:01 | coadd3d.py:get_current_scalecorr:718 | Relative spectral illumination correction will not be performed.
    INFO | 2026-08-24 13:09:01 | datacube.py:make_good_skymask:436 | Masking edge pixels where the sky model is poor
    INFO | 2026-08-24 13:09:01 | coadd3d.py:load:1090 | Using wavelength solution: wave0=6696.816, dispersion=0.362 Angstrom/pixel
    INFO | 2026-08-24 13:09:01 | coadd3d.py:get_alignments:962 | Loading alignments
    INFO | 2026-08-24 13:09:01 | datamodel.py:from_file:1558 | Loading Alignments from /Users/kaiwenzhang/PycharmProjects/KCWI/KCWI_RED_channel_characterization/RH2 pypeit run/2023-11-07/pypeit_run/keck_kcrm_B/Calibrations/Alignment_B_1_DET01.fits
    INFO | 2026-08-24 13:09:01 | coadd3d.py:get_alignments:978 | Generating alignment splines
   DEBUG | 2026-08-24 13:09:01 | alignframe.py:__init__:350 | Spatial flexure is not currently implemented for the astrometric alignment
    INFO | 2026-08-24 13:09:01 | alignframe.py:build_splines:375 | Calculating astrometric transform of slit 1/24
    INFO | 2026-08-24 13:09:01 | alignframe.py:build_splines:375 | Calculating astrometric transform of slit 2/24
    INFO | 2026-08-24 13:09:02 | alignframe.py:build_splines:375 | Calculating astrometric transform of slit 3/24
    INFO | 2026-08-24 13:09:02 | alignframe.py:build_splines:375 | Calculating astrometric transform of slit 4/24
    INFO | 2026-08-24 13:09:02 | alignframe.py:build_splines:375 | Calculating astrometric transform of slit 5/24
    INFO | 2026-08-24 13:09:02 | alignframe.py:build_splines:375 | Calculating astrometric transform of slit 6/24
    INFO | 2026-08-24 13:09:02 | alignframe.py:build_splines:375 | Calculating astrometric transform of slit 7/24
    INFO | 2026-08-24 13:09:02 | alignframe.py:build_splines:375 | Calculating astrometric transform of slit 8/24
    INFO | 2026-08-24 13:09:02 | alignframe.py:build_splines:375 | Calculating astrometric transform of slit 9/24
    INFO | 2026-08-24 13:09:03 | alignframe.py:build_splines:375 | Calculating astrometric transform of slit 10/24
    INFO | 2026-08-24 13:09:03 | alignframe.py:build_splines:375 | Calculating astrometric transform of slit 11/24
    INFO | 2026-08-24 13:09:03 | alignframe.py:build_splines:375 | Calculating astrometric transform of slit 12/24
    INFO | 2026-08-24 13:09:03 | alignframe.py:build_splines:375 | Calculating astrometric transform of slit 13/24
    INFO | 2026-08-24 13:09:03 | alignframe.py:build_splines:375 | Calculating astrometric transform of slit 14/24
    INFO | 2026-08-24 13:09:03 | alignframe.py:build_splines:375 | Calculating astrometric transform of slit 15/24
    INFO | 2026-08-24 13:09:03 | alignframe.py:build_splines:375 | Calculating astrometric transform of slit 16/24
    INFO | 2026-08-24 13:09:04 | alignframe.py:build_splines:375 | Calculating astrometric transform of slit 17/24
    INFO | 2026-08-24 13:09:04 | alignframe.py:build_splines:375 | Calculating astrometric transform of slit 18/24
    INFO | 2026-08-24 13:09:04 | alignframe.py:build_splines:375 | Calculating astrometric transform of slit 19/24
    INFO | 2026-08-24 13:09:04 | alignframe.py:build_splines:375 | Calculating astrometric transform of slit 20/24
    INFO | 2026-08-24 13:09:04 | alignframe.py:build_splines:375 | Calculating astrometric transform of slit 21/24
    INFO | 2026-08-24 13:09:04 | alignframe.py:build_splines:375 | Calculating astrometric transform of slit 22/24
    INFO | 2026-08-24 13:09:05 | alignframe.py:build_splines:375 | Calculating astrometric transform of slit 23/24
    INFO | 2026-08-24 13:09:05 | alignframe.py:build_splines:375 | Calculating astrometric transform of slit 24/24
    INFO | 2026-08-24 13:09:05 | keck_kcwi.py:get_wcs:634 | Generating KCRM WCS
    INFO | 2026-08-24 13:09:05 | slittrace.py:get_radec_image:536 | Generating an RA/DEC image
    INFO | 2026-08-24 13:09:06 | coadd3d.py:__init__:278 | Preparing the parameters for the DAR correction
    INFO | 2026-08-24 13:09:06 | coadd3d.py:__init__:294 | DAR correction parameters:
   Airmass = 1.22
   Pressure = 618.56 mbar
   Humidity = 23.30 %
   Temperature = 2.90 deg C
   Reference wavelength = 4500.00 Angstrom
    INFO | 2026-08-24 13:09:06 | datacube.py:set_voxel_sampling:776 | Adopting a square pixel spatial scale of 1.357848 arcsec
    INFO | 2026-08-24 13:09:06 | datacube.py:set_voxel_sampling:779 | Adopting a wavelength sampling of 0.362116 Angstrom
    INFO | 2026-08-24 13:09:06 | datacube.py:get_whitelight_range:606 | The white light images will cover the wavelength range: 6745.34A - 7442.51A
    INFO | 2026-08-24 13:09:07 | coadd3d.py:run_align:1316 | Iterating on spatial translation - ITERATION #1/2
    INFO | 2026-08-24 13:09:07 | datacube.py:generate_WCS:1049 | Generating WCS
    INFO | 2026-08-24 13:09:07 | datacube.py:create_wcs:1008 | 
----------------------------------------
Parameters of the WCS:
RA   min = 349.9904584669352
DEC  min = -5.170260587121591
WAVE min, max = 6745.343104918172, 7442.511094656603
Spaxel size = 1.3578480000000002 arcsec
Wavelength step = 697.1679897384311 A
----------------------------------------
    INFO | 2026-08-24 13:09:07 | datacube.py:generate_image_subpixel:1485 | Creating image 1/6
    INFO | 2026-08-24 13:09:07 | datacube.py:subpixellate:1770 | Resampling slit 1/24
    INFO | 2026-08-24 13:09:07 | datacube.py:subpixellate:1807 | Resampling subslice 1/5
    INFO | 2026-08-24 13:09:07 | slittrace.py:get_radec_image:536 | Generating an RA/DEC image with slice_offset=-0.400
    INFO | 2026-08-24 13:09:08 | datacube.py:subpixellate:1807 | Resampling subslice 2/5
    INFO | 2026-08-24 13:09:08 | slittrace.py:get_radec_image:536 | Generating an RA/DEC image with slice_offset=-0.200
    INFO | 2026-08-24 13:09:09 | datacube.py:subpixellate:1807 | Resampling subslice 3/5
    INFO | 2026-08-24 13:09:09 | slittrace.py:get_radec_image:536 | Generating an RA/DEC image with slice_offset=0.000
    INFO | 2026-08-24 13:09:10 | datacube.py:subpixellate:1807 | Resampling subslice 4/5
    INFO | 2026-08-24 13:09:10 | slittrace.py:get_radec_image:536 | Generating an RA/DEC image with slice_offset=0.200
    INFO | 2026-08-24 13:09:10 | datacube.py:subpixellate:1807 | Resampling subslice 5/5
    INFO | 2026-08-24 13:09:10 | slittrace.py:get_radec_image:536 | Generating an RA/DEC image with slice_offset=0.400
    INFO | 2026-08-24 13:09:11 | datacube.py:subpixellate:1770 | Resampling slit 2/24
    INFO | 2026-08-24 13:09:12 | datacube.py:subpixellate:1807 | Resampling subslice 1/5
    INFO | 2026-08-24 13:09:12 | slittrace.py:get_radec_image:536 | Generating an RA/DEC image with slice_offset=-0.400
    INFO | 2026-08-24 13:09:13 | datacube.py:subpixellate:1807 | Resampling subslice 2/5
    INFO | 2026-08-24 13:09:13 | slittrace.py:get_radec_image:536 | Generating an RA/DEC image with slice_offset=-0.200
    INFO | 2026-08-24 13:09:13 | datacube.py:subpixellate:1807 | Resampling subslice 3/5
    INFO | 2026-08-24 13:09:13 | slittrace.py:get_radec_image:536 | Generating an RA/DEC image with slice_offset=0.000
    INFO | 2026-08-24 13:09:14 | datacube.py:subpixellate:1807 | Resampling subslice 4/5
    INFO | 2026-08-24 13:09:14 | slittrace.py:get_radec_image:536 | Generating an RA/DEC image with slice_offset=0.200
    INFO | 2026-08-24 13:09:15 | datacube.py:subpixellate:1807 | Resampling subslice 5/5
    INFO | 2026-08-24 13:09:15 | slittrace.py:get_radec_image:536 | Generating an RA/DEC image with slice_offset=0.400
    INFO | 2026-08-24 13:09:16 | datacube.py:subpixellate:1770 | Resampling slit 3/24
    INFO | 2026-08-24 13:09:16 | datacube.py:subpixellate:1807 | Resampling subslice 1/5
    INFO | 2026-08-24 13:09:16 | slittrace.py:get_radec_image:536 | Generating an RA/DEC image with slice_offset=-0.400
    INFO | 2026-08-24 13:09:17 | datacube.py:subpixellate:1807 | Resampling subslice 2/5
    INFO | 2026-08-24 13:09:17 | slittrace.py:get_radec_image:536 | Generating an RA/DEC image with slice_offset=-0.200
    INFO | 2026-08-24 13:09:18 | datacube.py:subpixellate:1807 | Resampling subslice 3/5
    INFO | 2026-08-24 13:09:18 | slittrace.py:get_radec_image:536 | Generating an RA/DEC image with slice_offset=0.000
    INFO | 2026-08-24 13:09:18 | datacube.py:subpixellate:1807 | Resampling subslice 4/5
    INFO | 2026-08-24 13:09:18 | slittrace.py:get_radec_image:536 | Generating an RA/DEC image with slice_offset=0.200
    INFO | 2026-08-24 13:09:19 | datacube.py:subpixellate:1807 | Resampling subslice 5/5
    INFO | 2026-08-24 13:09:19 | slittrace.py:get_radec_image:536 | Generating an RA/DEC image with slice_offset=0.400
    INFO | 2026-08-24 13:09:20 | datacube.py:subpixellate:1770 | Resampling slit 4/24
    INFO | 2026-08-24 13:09:21 | datacube.py:subpixellate:1807 | Resampling subslice 1/5
    INFO | 2026-08-24 13:09:21 | slittrace.py:get_radec_image:536 | Generating an RA/DEC image with slice_offset=-0.400
    INFO | 2026-08-24 13:09:21 | datacube.py:subpixellate:1807 | Resampling subslice 2/5
    INFO | 2026-08-24 13:09:21 | slittrace.py:get_radec_image:536 | Generating an RA/DEC image with slice_offset=-0.200
    INFO | 2026-08-24 13:09:22 | datacube.py:subpixellate:1807 | Resampling subslice 3/5
    INFO | 2026-08-24 13:09:22 | slittrace.py:get_radec_image:536 | Generating an RA/DEC image with slice_offset=0.000
    INFO | 2026-08-24 13:09:23 | datacube.py:subpixellate:1807 | Resampling subslice 4/5
    INFO | 2026-08-24 13:09:23 | slittrace.py:get_radec_image:536 | Generating an RA/DEC image with slice_offset=0.200
    INFO | 2026-08-24 13:09:24 | datacube.py:subpixellate:1807 | Resampling subslice 5/5
    INFO | 2026-08-24 13:09:24 | slittrace.py:get_radec_image:536 | Generating an RA/DEC image with slice_offset=0.400
    INFO | 2026-08-24 13:09:25 | datacube.py:subpixellate:1770 | Resampling slit 5/24
    INFO | 2026-08-24 13:09:25 | datacube.py:subpixellate:1807 | Resampling subslice 1/5
    INFO | 2026-08-24 13:09:25 | slittrace.py:get_radec_image:536 | Generating an RA/DEC image with slice_offset=-0.400
    INFO | 2026-08-24 13:09:26 | datacube.py:subpixellate:1807 | Resampling subslice 2/5
    INFO | 2026-08-24 13:09:26 | slittrace.py:get_radec_image:536 | Generating an RA/DEC image with slice_offset=-0.200
    INFO | 2026-08-24 13:09:27 | datacube.py:subpixellate:1807 | Resampling subslice 3/5
    INFO | 2026-08-24 13:09:27 | slittrace.py:get_radec_image:536 | Generating an RA/DEC image with slice_offset=0.000
    INFO | 2026-08-24 13:09:27 | datacube.py:subpixellate:1807 | Resampling subslice 4/5
    INFO | 2026-08-24 13:09:27 | slittrace.py:get_radec_image:536 | Generating an RA/DEC image with slice_offset=0.200
    INFO | 2026-08-24 13:09:28 | datacube.py:subpixellate:1807 | Resampling subslice 5/5
    INFO | 2026-08-24 13:09:28 | slittrace.py:get_radec_image:536 | Generating an RA/DEC image with slice_offset=0.400
    INFO | 2026-08-24 13:09:29 | datacube.py:subpixellate:1770 | Resampling slit 6/24
    INFO | 2026-08-24 13:09:29 | datacube.py:subpixellate:1807 | Resampling subslice 1/5
    INFO | 2026-08-24 13:09:29 | slittrace.py:get_radec_image:536 | Generating an RA/DEC image with slice_offset=-0.400
    INFO | 2026-08-24 13:09:30 | datacube.py:subpixellate:1807 | Resampling subslice 2/5
    INFO | 2026-08-24 13:09:30 | slittrace.py:get_radec_image:536 | Generating an RA/DEC image with slice_offset=-0.200
    INFO | 2026-08-24 13:09:31 | datacube.py:subpixellate:1807 | Resampling subslice 3/5
    INFO | 2026-08-24 13:09:31 | slittrace.py:get_radec_image:536 | Generating an RA/DEC image with slice_offset=0.000
    INFO | 2026-08-24 13:09:32 | datacube.py:subpixellate:1807 | Resampling subslice 4/5
    INFO | 2026-08-24 13:09:32 | slittrace.py:get_radec_image:536 | Generating an RA/DEC image with slice_offset=0.200
    INFO | 2026-08-24 13:09:32 | datacube.py:subpixellate:1807 | Resampling subslice 5/5
    INFO | 2026-08-24 13:09:32 | slittrace.py:get_radec_image:536 | Generating an RA/DEC image with slice_offset=0.400
    INFO | 2026-08-24 13:09:33 | datacube.py:subpixellate:1770 | Resampling slit 7/24
    INFO | 2026-08-24 13:09:34 | datacube.py:subpixellate:1807 | Resampling subslice 1/5
    INFO | 2026-08-24 13:09:34 | slittrace.py:get_radec_image:536 | Generating an RA/DEC image with slice_offset=-0.400
    INFO | 2026-08-24 13:09:35 | datacube.py:subpixellate:1807 | Resampling subslice 2/5
    INFO | 2026-08-24 13:09:35 | slittrace.py:get_radec_image:536 | Generating an RA/DEC image with slice_offset=-0.200
    INFO | 2026-08-24 13:09:35 | datacube.py:subpixellate:1807 | Resampling subslice 3/5
    INFO | 2026-08-24 13:09:35 | slittrace.py:get_radec_image:536 | Generating an RA/DEC image with slice_offset=0.000
    INFO | 2026-08-24 13:09:36 | datacube.py:subpixellate:1807 | Resampling subslice 4/5
    INFO | 2026-08-24 13:09:36 | slittrace.py:get_radec_image:536 | Generating an RA/DEC image with slice_offset=0.200
    INFO | 2026-08-24 13:09:37 | datacube.py:subpixellate:1807 | Resampling subslice 5/5
    INFO | 2026-08-24 13:09:37 | slittrace.py:get_radec_image:536 | Generating an RA/DEC image with slice_offset=0.400
    INFO | 2026-08-24 13:09:38 | datacube.py:subpixellate:1770 | Resampling slit 8/24
    INFO | 2026-08-24 13:09:38 | datacube.py:subpixellate:1807 | Resampling subslice 1/5
    INFO | 2026-08-24 13:09:38 | slittrace.py:get_radec_image:536 | Generating an RA/DEC image with slice_offset=-0.400
    INFO | 2026-08-24 13:09:39 | datacube.py:subpixellate:1807 | Resampling subslice 2/5
    INFO | 2026-08-24 13:09:39 | slittrace.py:get_radec_image:536 | Generating an RA/DEC image with slice_offset=-0.200
    INFO | 2026-08-24 13:09:40 | datacube.py:subpixellate:1807 | Resampling subslice 3/5
    INFO | 2026-08-24 13:09:40 | slittrace.py:get_radec_image:536 | Generating an RA/DEC image with slice_offset=0.000
    INFO | 2026-08-24 13:09:40 | datacube.py:subpixellate:1807 | Resampling subslice 4/5
    INFO | 2026-08-24 13:09:40 | slittrace.py:get_radec_image:536 | Generating an RA/DEC image with slice_offset=0.200
    INFO | 2026-08-24 13:09:41 | datacube.py:subpixellate:1807 | Resampling subslice 5/5
    INFO | 2026-08-24 13:09:41 | slittrace.py:get_radec_image:536 | Generating an RA/DEC image with slice_offset=0.400
    INFO | 2026-08-24 13:09:42 | datacube.py:subpixellate:1770 | Resampling slit 9/24
    INFO | 2026-08-24 13:09:43 | datacube.py:subpixellate:1807 | Resampling subslice 1/5
    INFO | 2026-08-24 13:09:43 | slittrace.py:get_radec_image:536 | Generating an RA/DEC image with slice_offset=-0.400
    INFO | 2026-08-24 13:09:43 | datacube.py:subpixellate:1807 | Resampling subslice 2/5
    INFO | 2026-08-24 13:09:43 | slittrace.py:get_radec_image:536 | Generating an RA/DEC image with slice_offset=-0.200
    INFO | 2026-08-24 13:09:44 | datacube.py:subpixellate:1807 | Resampling subslice 3/5
    INFO | 2026-08-24 13:09:44 | slittrace.py:get_radec_image:536 | Generating an RA/DEC image with slice_offset=0.000
    INFO | 2026-08-24 13:09:45 | datacube.py:subpixellate:1807 | Resampling subslice 4/5
    INFO | 2026-08-24 13:09:45 | slittrace.py:get_radec_image:536 | Generating an RA/DEC image with slice_offset=0.200
    INFO | 2026-08-24 13:09:46 | datacube.py:subpixellate:1807 | Resampling subslice 5/5
    INFO | 2026-08-24 13:09:46 | slittrace.py:get_radec_image:536 | Generating an RA/DEC image with slice_offset=0.400
    INFO | 2026-08-24 13:09:47 | datacube.py:subpixellate:1770 | Resampling slit 10/24
    INFO | 2026-08-24 13:09:47 | datacube.py:subpixellate:1807 | Resampling subslice 1/5
    INFO | 2026-08-24 13:09:47 | slittrace.py:get_radec_image:536 | Generating an RA/DEC image with slice_offset=-0.400
    INFO | 2026-08-24 13:09:48 | datacube.py:subpixellate:1807 | Resampling subslice 2/5
    INFO | 2026-08-24 13:09:48 | slittrace.py:get_radec_image:536 | Generating an RA/DEC image with slice_offset=-0.200
    INFO | 2026-08-24 13:09:49 | datacube.py:subpixellate:1807 | Resampling subslice 3/5
    INFO | 2026-08-24 13:09:49 | slittrace.py:get_radec_image:536 | Generating an RA/DEC image with slice_offset=0.000
    INFO | 2026-08-24 13:09:49 | datacube.py:subpixellate:1807 | Resampling subslice 4/5
    INFO | 2026-08-24 13:09:49 | slittrace.py:get_radec_image:536 | Generating an RA/DEC image with slice_offset=0.200
    INFO | 2026-08-24 13:09:50 | datacube.py:subpixellate:1807 | Resampling subslice 5/5
    INFO | 2026-08-24 13:09:50 | slittrace.py:get_radec_image:536 | Generating an RA/DEC image with slice_offset=0.400
    INFO | 2026-08-24 13:09:51 | datacube.py:subpixellate:1770 | Resampling slit 11/24
    INFO | 2026-08-24 13:09:51 | datacube.py:subpixellate:1807 | Resampling subslice 1/5
    INFO | 2026-08-24 13:09:51 | slittrace.py:get_radec_image:536 | Generating an RA/DEC image with slice_offset=-0.400
    INFO | 2026-08-24 13:09:52 | datacube.py:subpixellate:1807 | Resampling subslice 2/5
    INFO | 2026-08-24 13:09:52 | slittrace.py:get_radec_image:536 | Generating an RA/DEC image with slice_offset=-0.200
    INFO | 2026-08-24 13:09:53 | datacube.py:subpixellate:1807 | Resampling subslice 3/5
    INFO | 2026-08-24 13:09:53 | slittrace.py:get_radec_image:536 | Generating an RA/DEC image with slice_offset=0.000
    INFO | 2026-08-24 13:09:54 | datacube.py:subpixellate:1807 | Resampling subslice 4/5
    INFO | 2026-08-24 13:09:54 | slittrace.py:get_radec_image:536 | Generating an RA/DEC image with slice_offset=0.200
    INFO | 2026-08-24 13:09:54 | datacube.py:subpixellate:1807 | Resampling subslice 5/5
    INFO | 2026-08-24 13:09:54 | slittrace.py:get_radec_image:536 | Generating an RA/DEC image with slice_offset=0.400
    INFO | 2026-08-24 13:09:55 | datacube.py:subpixellate:1770 | Resampling slit 12/24
    INFO | 2026-08-24 13:09:56 | datacube.py:subpixellate:1807 | Resampling subslice 1/5
    INFO | 2026-08-24 13:09:56 | slittrace.py:get_radec_image:536 | Generating an RA/DEC image with slice_offset=-0.400
    INFO | 2026-08-24 13:09:57 | datacube.py:subpixellate:1807 | Resampling subslice 2/5
    INFO | 2026-08-24 13:09:57 | slittrace.py:get_radec_image:536 | Generating an RA/DEC image with slice_offset=-0.200
    INFO | 2026-08-24 13:09:57 | datacube.py:subpixellate:1807 | Resampling subslice 3/5
    INFO | 2026-08-24 13:09:57 | slittrace.py:get_radec_image:536 | Generating an RA/DEC image with slice_offset=0.000
    INFO | 2026-08-24 13:09:58 | datacube.py:subpixellate:1807 | Resampling subslice 4/5
    INFO | 2026-08-24 13:09:58 | slittrace.py:get_radec_image:536 | Generating an RA/DEC image with slice_offset=0.200
    INFO | 2026-08-24 13:09:59 | datacube.py:subpixellate:1807 | Resampling subslice 5/5
    INFO | 2026-08-24 13:09:59 | slittrace.py:get_radec_image:536 | Generating an RA/DEC image with slice_offset=0.400
    INFO | 2026-08-24 13:10:00 | datacube.py:subpixellate:1770 | Resampling slit 13/24
    INFO | 2026-08-24 13:10:00 | datacube.py:subpixellate:1807 | Resampling subslice 1/5
    INFO | 2026-08-24 13:10:00 | slittrace.py:get_radec_image:536 | Generating an RA/DEC image with slice_offset=-0.400
    INFO | 2026-08-24 13:10:01 | datacube.py:subpixellate:1807 | Resampling subslice 2/5
    INFO | 2026-08-24 13:10:01 | slittrace.py:get_radec_image:536 | Generating an RA/DEC image with slice_offset=-0.200
    INFO | 2026-08-24 13:10:02 | datacube.py:subpixellate:1807 | Resampling subslice 3/5
    INFO | 2026-08-24 13:10:02 | slittrace.py:get_radec_image:536 | Generating an RA/DEC image with slice_offset=0.000
    INFO | 2026-08-24 13:10:02 | datacube.py:subpixellate:1807 | Resampling subslice 4/5
    INFO | 2026-08-24 13:10:02 | slittrace.py:get_radec_image:536 | Generating an RA/DEC image with slice_offset=0.200
    INFO | 2026-08-24 13:10:03 | datacube.py:subpixellate:1807 | Resampling subslice 5/5
    INFO | 2026-08-24 13:10:03 | slittrace.py:get_radec_image:536 | Generating an RA/DEC image with slice_offset=0.400
    INFO | 2026-08-24 13:10:04 | datacube.py:subpixellate:1770 | Resampling slit 14/24
    INFO | 2026-08-24 13:10:04 | datacube.py:subpixellate:1807 | Resampling subslice 1/5
    INFO | 2026-08-24 13:10:04 | slittrace.py:get_radec_image:536 | Generating an RA/DEC image with slice_offset=-0.400
    INFO | 2026-08-24 13:10:05 | datacube.py:subpixellate:1807 | Resampling subslice 2/5
    INFO | 2026-08-24 13:10:05 | slittrace.py:get_radec_image:536 | Generating an RA/DEC image with slice_offset=-0.200
    INFO | 2026-08-24 13:10:06 | datacube.py:subpixellate:1807 | Resampling subslice 3/5
    INFO | 2026-08-24 13:10:06 | slittrace.py:get_radec_image:536 | Generating an RA/DEC image with slice_offset=0.000
    INFO | 2026-08-24 13:10:07 | datacube.py:subpixellate:1807 | Resampling subslice 4/5
    INFO | 2026-08-24 13:10:07 | slittrace.py:get_radec_image:536 | Generating an RA/DEC image with slice_offset=0.200
    INFO | 2026-08-24 13:10:07 | datacube.py:subpixellate:1807 | Resampling subslice 5/5
    INFO | 2026-08-24 13:10:07 | slittrace.py:get_radec_image:536 | Generating an RA/DEC image with slice_offset=0.400
    INFO | 2026-08-24 13:10:08 | datacube.py:subpixellate:1770 | Resampling slit 15/24
    INFO | 2026-08-24 13:10:09 | datacube.py:subpixellate:1807 | Resampling subslice 1/5
    INFO | 2026-08-24 13:10:09 | slittrace.py:get_radec_image:536 | Generating an RA/DEC image with slice_offset=-0.400
    INFO | 2026-08-24 13:10:09 | datacube.py:subpixellate:1807 | Resampling subslice 2/5
    INFO | 2026-08-24 13:10:09 | slittrace.py:get_radec_image:536 | Generating an RA/DEC image with slice_offset=-0.200
    INFO | 2026-08-24 13:10:10 | datacube.py:subpixellate:1807 | Resampling subslice 3/5
    INFO | 2026-08-24 13:10:10 | slittrace.py:get_radec_image:536 | Generating an RA/DEC image with slice_offset=0.000
    INFO | 2026-08-24 13:10:11 | datacube.py:subpixellate:1807 | Resampling subslice 4/5
    INFO | 2026-08-24 13:10:11 | slittrace.py:get_radec_image:536 | Generating an RA/DEC image with slice_offset=0.200
    INFO | 2026-08-24 13:10:12 | datacube.py:subpixellate:1807 | Resampling subslice 5/5
    INFO | 2026-08-24 13:10:12 | slittrace.py:get_radec_image:536 | Generating an RA/DEC image with slice_offset=0.400
    INFO | 2026-08-24 13:10:13 | datacube.py:subpixellate:1770 | Resampling slit 16/24
    INFO | 2026-08-24 13:10:13 | datacube.py:subpixellate:1807 | Resampling subslice 1/5
    INFO | 2026-08-24 13:10:13 | slittrace.py:get_radec_image:536 | Generating an RA/DEC image with slice_offset=-0.400
    INFO | 2026-08-24 13:10:14 | datacube.py:subpixellate:1807 | Resampling subslice 2/5
    INFO | 2026-08-24 13:10:14 | slittrace.py:get_radec_image:536 | Generating an RA/DEC image with slice_offset=-0.200
    INFO | 2026-08-24 13:10:15 | datacube.py:subpixellate:1807 | Resampling subslice 3/5
    INFO | 2026-08-24 13:10:15 | slittrace.py:get_radec_image:536 | Generating an RA/DEC image with slice_offset=0.000
    INFO | 2026-08-24 13:10:15 | datacube.py:subpixellate:1807 | Resampling subslice 4/5
    INFO | 2026-08-24 13:10:15 | slittrace.py:get_radec_image:536 | Generating an RA/DEC image with slice_offset=0.200
    INFO | 2026-08-24 13:10:16 | datacube.py:subpixellate:1807 | Resampling subslice 5/5
    INFO | 2026-08-24 13:10:16 | slittrace.py:get_radec_image:536 | Generating an RA/DEC image with slice_offset=0.400
    INFO | 2026-08-24 13:10:17 | datacube.py:subpixellate:1770 | Resampling slit 17/24
    INFO | 2026-08-24 13:10:17 | datacube.py:subpixellate:1807 | Resampling subslice 1/5
    INFO | 2026-08-24 13:10:17 | slittrace.py:get_radec_image:536 | Generating an RA/DEC image with slice_offset=-0.400
    INFO | 2026-08-24 13:10:18 | datacube.py:subpixellate:1807 | Resampling subslice 2/5
    INFO | 2026-08-24 13:10:18 | slittrace.py:get_radec_image:536 | Generating an RA/DEC image with slice_offset=-0.200
    INFO | 2026-08-24 13:10:19 | datacube.py:subpixellate:1807 | Resampling subslice 3/5
    INFO | 2026-08-24 13:10:19 | slittrace.py:get_radec_image:536 | Generating an RA/DEC image with slice_offset=0.000
    INFO | 2026-08-24 13:10:20 | datacube.py:subpixellate:1807 | Resampling subslice 4/5
    INFO | 2026-08-24 13:10:20 | slittrace.py:get_radec_image:536 | Generating an RA/DEC image with slice_offset=0.200
    INFO | 2026-08-24 13:10:20 | datacube.py:subpixellate:1807 | Resampling subslice 5/5
    INFO | 2026-08-24 13:10:20 | slittrace.py:get_radec_image:536 | Generating an RA/DEC image with slice_offset=0.400
    INFO | 2026-08-24 13:10:21 | datacube.py:subpixellate:1770 | Resampling slit 18/24
    INFO | 2026-08-24 13:10:22 | datacube.py:subpixellate:1807 | Resampling subslice 1/5
    INFO | 2026-08-24 13:10:22 | slittrace.py:get_radec_image:536 | Generating an RA/DEC image with slice_offset=-0.400
    INFO | 2026-08-24 13:10:23 | datacube.py:subpixellate:1807 | Resampling subslice 2/5
    INFO | 2026-08-24 13:10:23 | slittrace.py:get_radec_image:536 | Generating an RA/DEC image with slice_offset=-0.200
    INFO | 2026-08-24 13:10:23 | datacube.py:subpixellate:1807 | Resampling subslice 3/5
    INFO | 2026-08-24 13:10:23 | slittrace.py:get_radec_image:536 | Generating an RA/DEC image with slice_offset=0.000
    INFO | 2026-08-24 13:10:24 | datacube.py:subpixellate:1807 | Resampling subslice 4/5
    INFO | 2026-08-24 13:10:24 | slittrace.py:get_radec_image:536 | Generating an RA/DEC image with slice_offset=0.200
    INFO | 2026-08-24 13:10:25 | datacube.py:subpixellate:1807 | Resampling subslice 5/5
    INFO | 2026-08-24 13:10:25 | slittrace.py:get_radec_image:536 | Generating an RA/DEC image with slice_offset=0.400
    INFO | 2026-08-24 13:10:26 | datacube.py:subpixellate:1770 | Resampling slit 19/24
    INFO | 2026-08-24 13:10:26 | datacube.py:subpixellate:1807 | Resampling subslice 1/5
    INFO | 2026-08-24 13:10:26 | slittrace.py:get_radec_image:536 | Generating an RA/DEC image with slice_offset=-0.400
    INFO | 2026-08-24 13:10:27 | datacube.py:subpixellate:1807 | Resampling subslice 2/5
    INFO | 2026-08-24 13:10:27 | slittrace.py:get_radec_image:536 | Generating an RA/DEC image with slice_offset=-0.200
    INFO | 2026-08-24 13:10:28 | datacube.py:subpixellate:1807 | Resampling subslice 3/5
    INFO | 2026-08-24 13:10:28 | slittrace.py:get_radec_image:536 | Generating an RA/DEC image with slice_offset=0.000
    INFO | 2026-08-24 13:10:28 | datacube.py:subpixellate:1807 | Resampling subslice 4/5
    INFO | 2026-08-24 13:10:28 | slittrace.py:get_radec_image:536 | Generating an RA/DEC image with slice_offset=0.200
    INFO | 2026-08-24 13:10:29 | datacube.py:subpixellate:1807 | Resampling subslice 5/5
    INFO | 2026-08-24 13:10:29 | slittrace.py:get_radec_image:536 | Generating an RA/DEC image with slice_offset=0.400
    INFO | 2026-08-24 13:10:30 | datacube.py:subpixellate:1770 | Resampling slit 20/24
    INFO | 2026-08-24 13:10:31 | datacube.py:subpixellate:1807 | Resampling subslice 1/5
    INFO | 2026-08-24 13:10:31 | slittrace.py:get_radec_image:536 | Generating an RA/DEC image with slice_offset=-0.400
    INFO | 2026-08-24 13:10:31 | datacube.py:subpixellate:1807 | Resampling subslice 2/5
    INFO | 2026-08-24 13:10:31 | slittrace.py:get_radec_image:536 | Generating an RA/DEC image with slice_offset=-0.200
    INFO | 2026-08-24 13:10:32 | datacube.py:subpixellate:1807 | Resampling subslice 3/5
    INFO | 2026-08-24 13:10:32 | slittrace.py:get_radec_image:536 | Generating an RA/DEC image with slice_offset=0.000
    INFO | 2026-08-24 13:10:33 | datacube.py:subpixellate:1807 | Resampling subslice 4/5
    INFO | 2026-08-24 13:10:33 | slittrace.py:get_radec_image:536 | Generating an RA/DEC image with slice_offset=0.200
    INFO | 2026-08-24 13:10:34 | datacube.py:subpixellate:1807 | Resampling subslice 5/5
    INFO | 2026-08-24 13:10:34 | slittrace.py:get_radec_image:536 | Generating an RA/DEC image with slice_offset=0.400
    INFO | 2026-08-24 13:10:35 | datacube.py:subpixellate:1770 | Resampling slit 21/24
    INFO | 2026-08-24 13:10:35 | datacube.py:subpixellate:1807 | Resampling subslice 1/5
    INFO | 2026-08-24 13:10:35 | slittrace.py:get_radec_image:536 | Generating an RA/DEC image with slice_offset=-0.400
    INFO | 2026-08-24 13:10:36 | datacube.py:subpixellate:1807 | Resampling subslice 2/5
    INFO | 2026-08-24 13:10:36 | slittrace.py:get_radec_image:536 | Generating an RA/DEC image with slice_offset=-0.200
    INFO | 2026-08-24 13:10:37 | datacube.py:subpixellate:1807 | Resampling subslice 3/5
    INFO | 2026-08-24 13:10:37 | slittrace.py:get_radec_image:536 | Generating an RA/DEC image with slice_offset=0.000
    INFO | 2026-08-24 13:10:37 | datacube.py:subpixellate:1807 | Resampling subslice 4/5
    INFO | 2026-08-24 13:10:37 | slittrace.py:get_radec_image:536 | Generating an RA/DEC image with slice_offset=0.200
    INFO | 2026-08-24 13:10:38 | datacube.py:subpixellate:1807 | Resampling subslice 5/5
    INFO | 2026-08-24 13:10:38 | slittrace.py:get_radec_image:536 | Generating an RA/DEC image with slice_offset=0.400
    INFO | 2026-08-24 13:10:39 | datacube.py:subpixellate:1770 | Resampling slit 22/24
    INFO | 2026-08-24 13:10:40 | datacube.py:subpixellate:1807 | Resampling subslice 1/5
    INFO | 2026-08-24 13:10:40 | slittrace.py:get_radec_image:536 | Generating an RA/DEC image with slice_offset=-0.400
    INFO | 2026-08-24 13:10:40 | datacube.py:subpixellate:1807 | Resampling subslice 2/5
    INFO | 2026-08-24 13:10:40 | slittrace.py:get_radec_image:536 | Generating an RA/DEC image with slice_offset=-0.200
    INFO | 2026-08-24 13:10:41 | datacube.py:subpixellate:1807 | Resampling subslice 3/5
    INFO | 2026-08-24 13:10:41 | slittrace.py:get_radec_image:536 | Generating an RA/DEC image with slice_offset=0.000
    INFO | 2026-08-24 13:10:42 | datacube.py:subpixellate:1807 | Resampling subslice 4/5
    INFO | 2026-08-24 13:10:42 | slittrace.py:get_radec_image:536 | Generating an RA/DEC image with slice_offset=0.200
    INFO | 2026-08-24 13:10:43 | datacube.py:subpixellate:1807 | Resampling subslice 5/5
    INFO | 2026-08-24 13:10:43 | slittrace.py:get_radec_image:536 | Generating an RA/DEC image with slice_offset=0.400
    INFO | 2026-08-24 13:10:44 | datacube.py:subpixellate:1770 | Resampling slit 23/24
    INFO | 2026-08-24 13:10:44 | datacube.py:subpixellate:1807 | Resampling subslice 1/5
    INFO | 2026-08-24 13:10:44 | slittrace.py:get_radec_image:536 | Generating an RA/DEC image with slice_offset=-0.400
    INFO | 2026-08-24 13:10:45 | datacube.py:subpixellate:1807 | Resampling subslice 2/5
    INFO | 2026-08-24 13:10:45 | slittrace.py:get_radec_image:536 | Generating an RA/DEC image with slice_offset=-0.200
    INFO | 2026-08-24 13:10:46 | datacube.py:subpixellate:1807 | Resampling subslice 3/5
    INFO | 2026-08-24 13:10:46 | slittrace.py:get_radec_image:536 | Generating an RA/DEC image with slice_offset=0.000
    INFO | 2026-08-24 13:10:46 | datacube.py:subpixellate:1807 | Resampling subslice 4/5
    INFO | 2026-08-24 13:10:46 | slittrace.py:get_radec_image:536 | Generating an RA/DEC image with slice_offset=0.200
    INFO | 2026-08-24 13:10:47 | datacube.py:subpixellate:1807 | Resampling subslice 5/5
    INFO | 2026-08-24 13:10:47 | slittrace.py:get_radec_image:536 | Generating an RA/DEC image with slice_offset=0.400
    INFO | 2026-08-24 13:10:48 | datacube.py:subpixellate:1770 | Resampling slit 24/24
    INFO | 2026-08-24 13:10:49 | datacube.py:subpixellate:1807 | Resampling subslice 1/5
    INFO | 2026-08-24 13:10:49 | slittrace.py:get_radec_image:536 | Generating an RA/DEC image with slice_offset=-0.400
    INFO | 2026-08-24 13:10:49 | datacube.py:subpixellate:1807 | Resampling subslice 2/5
    INFO | 2026-08-24 13:10:49 | slittrace.py:get_radec_image:536 | Generating an RA/DEC image with slice_offset=-0.200
    INFO | 2026-08-24 13:10:50 | datacube.py:subpixellate:1807 | Resampling subslice 3/5
    INFO | 2026-08-24 13:10:50 | slittrace.py:get_radec_image:536 | Generating an RA/DEC image with slice_offset=0.000
    INFO | 2026-08-24 13:10:51 | datacube.py:subpixellate:1807 | Resampling subslice 4/5
    INFO | 2026-08-24 13:10:51 | slittrace.py:get_radec_image:536 | Generating an RA/DEC image with slice_offset=0.200
    INFO | 2026-08-24 13:10:52 | datacube.py:subpixellate:1807 | Resampling subslice 5/5
    INFO | 2026-08-24 13:10:52 | slittrace.py:get_radec_image:536 | Generating an RA/DEC image with slice_offset=0.400
    INFO | 2026-08-24 13:10:53 | datacube.py:generate_image_subpixel:1485 | Creating image 2/6
    INFO | 2026-08-24 13:10:53 | datacube.py:subpixellate:1770 | Resampling slit 1/24
    INFO | 2026-08-24 13:10:53 | datacube.py:subpixellate:1807 | Resampling subslice 1/5
    INFO | 2026-08-24 13:10:53 | slittrace.py:get_radec_image:536 | Generating an RA/DEC image with slice_offset=-0.400
    INFO | 2026-08-24 13:10:54 | datacube.py:subpixellate:1807 | Resampling subslice 2/5
    INFO | 2026-08-24 13:10:54 | slittrace.py:get_radec_image:536 | Generating an RA/DEC image with slice_offset=-0.200
    INFO | 2026-08-24 13:10:55 | datacube.py:subpixellate:1807 | Resampling subslice 3/5
    INFO | 2026-08-24 13:10:55 | slittrace.py:get_radec_image:536 | Generating an RA/DEC image with slice_offset=0.000
    INFO | 2026-08-24 13:10:55 | datacube.py:subpixellate:1807 | Resampling subslice 4/5
    INFO | 2026-08-24 13:10:55 | slittrace.py:get_radec_image:536 | Generating an RA/DEC image with slice_offset=0.200
    INFO | 2026-08-24 13:10:56 | datacube.py:subpixellate:1807 | Resampling subslice 5/5
    INFO | 2026-08-24 13:10:56 | slittrace.py:get_radec_image:536 | Generating an RA/DEC image with slice_offset=0.400
    INFO | 2026-08-24 13:10:57 | datacube.py:subpixellate:1770 | Resampling slit 2/24
    INFO | 2026-08-24 13:10:58 | datacube.py:subpixellate:1807 | Resampling subslice 1/5
    INFO | 2026-08-24 13:10:58 | slittrace.py:get_radec_image:536 | Generating an RA/DEC image with slice_offset=-0.400
    INFO | 2026-08-24 13:10:58 | datacube.py:subpixellate:1807 | Resampling subslice 2/5
    INFO | 2026-08-24 13:10:58 | slittrace.py:get_radec_image:536 | Generating an RA/DEC image with slice_offset=-0.200
    INFO | 2026-08-24 13:10:59 | datacube.py:subpixellate:1807 | Resampling subslice 3/5
    INFO | 2026-08-24 13:10:59 | slittrace.py:get_radec_image:536 | Generating an RA/DEC image with slice_offset=0.000
    INFO | 2026-08-24 13:11:00 | datacube.py:subpixellate:1807 | Resampling subslice 4/5
    INFO | 2026-08-24 13:11:00 | slittrace.py:get_radec_image:536 | Generating an RA/DEC image with slice_offset=0.200
    INFO | 2026-08-24 13:11:01 | datacube.py:subpixellate:1807 | Resampling subslice 5/5
    INFO | 2026-08-24 13:11:01 | slittrace.py:get_radec_image:536 | Generating an RA/DEC image with slice_offset=0.400
    INFO | 2026-08-24 13:11:02 | datacube.py:subpixellate:1770 | Resampling slit 3/24
    INFO | 2026-08-24 13:11:02 | datacube.py:subpixellate:1807 | Resampling subslice 1/5
    INFO | 2026-08-24 13:11:02 | slittrace.py:get_radec_image:536 | Generating an RA/DEC image with slice_offset=-0.400
    INFO | 2026-08-24 13:11:03 | datacube.py:subpixellate:1807 | Resampling subslice 2/5
    INFO | 2026-08-24 13:11:03 | slittrace.py:get_radec_image:536 | Generating an RA/DEC image with slice_offset=-0.200
    INFO | 2026-08-24 13:11:04 | datacube.py:subpixellate:1807 | Resampling subslice 3/5
    INFO | 2026-08-24 13:11:04 | slittrace.py:get_radec_image:536 | Generating an RA/DEC image with slice_offset=0.000
    INFO | 2026-08-24 13:11:04 | datacube.py:subpixellate:1807 | Resampling subslice 4/5
    INFO | 2026-08-24 13:11:04 | slittrace.py:get_radec_image:536 | Generating an RA/DEC image with slice_offset=0.200
    INFO | 2026-08-24 13:11:05 | datacube.py:subpixellate:1807 | Resampling subslice 5/5
    INFO | 2026-08-24 13:11:05 | slittrace.py:get_radec_image:536 | Generating an RA/DEC image with slice_offset=0.400
    INFO | 2026-08-24 13:11:06 | datacube.py:subpixellate:1770 | Resampling slit 4/24
    INFO | 2026-08-24 13:11:07 | datacube.py:subpixellate:1807 | Resampling subslice 1/5
    INFO | 2026-08-24 13:11:07 | slittrace.py:get_radec_image:536 | Generating an RA/DEC image with slice_offset=-0.400
    INFO | 2026-08-24 13:11:07 | datacube.py:subpixellate:1807 | Resampling subslice 2/5
    INFO | 2026-08-24 13:11:07 | slittrace.py:get_radec_image:536 | Generating an RA/DEC image with slice_offset=-0.200
    INFO | 2026-08-24 13:11:08 | datacube.py:subpixellate:1807 | Resampling subslice 3/5
    INFO | 2026-08-24 13:11:08 | slittrace.py:get_radec_image:536 | Generating an RA/DEC image with slice_offset=0.000
    INFO | 2026-08-24 13:11:09 | datacube.py:subpixellate:1807 | Resampling subslice 4/5
    INFO | 2026-08-24 13:11:09 | slittrace.py:get_radec_image:536 | Generating an RA/DEC image with slice_offset=0.200
    INFO | 2026-08-24 13:11:10 | datacube.py:subpixellate:1807 | Resampling subslice 5/5
    INFO | 2026-08-24 13:11:10 | slittrace.py:get_radec_image:536 | Generating an RA/DEC image with slice_offset=0.400
    INFO | 2026-08-24 13:11:11 | datacube.py:subpixellate:1770 | Resampling slit 5/24
    INFO | 2026-08-24 13:11:11 | datacube.py:subpixellate:1807 | Resampling subslice 1/5
    INFO | 2026-08-24 13:11:11 | slittrace.py:get_radec_image:536 | Generating an RA/DEC image with slice_offset=-0.400
    INFO | 2026-08-24 13:11:12 | datacube.py:subpixellate:1807 | Resampling subslice 2/5
    INFO | 2026-08-24 13:11:12 | slittrace.py:get_radec_image:536 | Generating an RA/DEC image with slice_offset=-0.200
    INFO | 2026-08-24 13:11:13 | datacube.py:subpixellate:1807 | Resampling subslice 3/5
    INFO | 2026-08-24 13:11:13 | slittrace.py:get_radec_image:536 | Generating an RA/DEC image with slice_offset=0.000
    INFO | 2026-08-24 13:11:14 | datacube.py:subpixellate:1807 | Resampling subslice 4/5
    INFO | 2026-08-24 13:11:14 | slittrace.py:get_radec_image:536 | Generating an RA/DEC image with slice_offset=0.200
    INFO | 2026-08-24 13:11:14 | datacube.py:subpixellate:1807 | Resampling subslice 5/5
    INFO | 2026-08-24 13:11:14 | slittrace.py:get_radec_image:536 | Generating an RA/DEC image with slice_offset=0.400
    INFO | 2026-08-24 13:11:15 | datacube.py:subpixellate:1770 | Resampling slit 6/24
    INFO | 2026-08-24 13:11:16 | datacube.py:subpixellate:1807 | Resampling subslice 1/5
    INFO | 2026-08-24 13:11:16 | slittrace.py:get_radec_image:536 | Generating an RA/DEC image with slice_offset=-0.400
    INFO | 2026-08-24 13:11:16 | datacube.py:subpixellate:1807 | Resampling subslice 2/5
    INFO | 2026-08-24 13:11:16 | slittrace.py:get_radec_image:536 | Generating an RA/DEC image with slice_offset=-0.200
    INFO | 2026-08-24 13:11:17 | datacube.py:subpixellate:1807 | Resampling subslice 3/5
    INFO | 2026-08-24 13:11:17 | slittrace.py:get_radec_image:536 | Generating an RA/DEC image with slice_offset=0.000
    INFO | 2026-08-24 13:11:18 | datacube.py:subpixellate:1807 | Resampling subslice 4/5
    INFO | 2026-08-24 13:11:18 | slittrace.py:get_radec_image:536 | Generating an RA/DEC image with slice_offset=0.200
    INFO | 2026-08-24 13:11:19 | datacube.py:subpixellate:1807 | Resampling subslice 5/5
    INFO | 2026-08-24 13:11:19 | slittrace.py:get_radec_image:536 | Generating an RA/DEC image with slice_offset=0.400
    INFO | 2026-08-24 13:11:20 | datacube.py:subpixellate:1770 | Resampling slit 7/24
    INFO | 2026-08-24 13:11:20 | datacube.py:subpixellate:1807 | Resampling subslice 1/5
    INFO | 2026-08-24 13:11:20 | slittrace.py:get_radec_image:536 | Generating an RA/DEC image with slice_offset=-0.400
    INFO | 2026-08-24 13:11:21 | datacube.py:subpixellate:1807 | Resampling subslice 2/5
    INFO | 2026-08-24 13:11:21 | slittrace.py:get_radec_image:536 | Generating an RA/DEC image with slice_offset=-0.200
    INFO | 2026-08-24 13:11:22 | datacube.py:subpixellate:1807 | Resampling subslice 3/5
    INFO | 2026-08-24 13:11:22 | slittrace.py:get_radec_image:536 | Generating an RA/DEC image with slice_offset=0.000
    INFO | 2026-08-24 13:11:22 | datacube.py:subpixellate:1807 | Resampling subslice 4/5
    INFO | 2026-08-24 13:11:22 | slittrace.py:get_radec_image:536 | Generating an RA/DEC image with slice_offset=0.200
    INFO | 2026-08-24 13:11:23 | datacube.py:subpixellate:1807 | Resampling subslice 5/5
    INFO | 2026-08-24 13:11:23 | slittrace.py:get_radec_image:536 | Generating an RA/DEC image with slice_offset=0.400
    INFO | 2026-08-24 13:11:24 | datacube.py:subpixellate:1770 | Resampling slit 8/24
    INFO | 2026-08-24 13:11:25 | datacube.py:subpixellate:1807 | Resampling subslice 1/5
    INFO | 2026-08-24 13:11:25 | slittrace.py:get_radec_image:536 | Generating an RA/DEC image with slice_offset=-0.400
    INFO | 2026-08-24 13:11:25 | datacube.py:subpixellate:1807 | Resampling subslice 2/5
    INFO | 2026-08-24 13:11:25 | slittrace.py:get_radec_image:536 | Generating an RA/DEC image with slice_offset=-0.200
    INFO | 2026-08-24 13:11:26 | datacube.py:subpixellate:1807 | Resampling subslice 3/5
    INFO | 2026-08-24 13:11:26 | slittrace.py:get_radec_image:536 | Generating an RA/DEC image with slice_offset=0.000
    INFO | 2026-08-24 13:11:27 | datacube.py:subpixellate:1807 | Resampling subslice 4/5
    INFO | 2026-08-24 13:11:27 | slittrace.py:get_radec_image:536 | Generating an RA/DEC image with slice_offset=0.200
    INFO | 2026-08-24 13:11:28 | datacube.py:subpixellate:1807 | Resampling subslice 5/5
    INFO | 2026-08-24 13:11:28 | slittrace.py:get_radec_image:536 | Generating an RA/DEC image with slice_offset=0.400
    INFO | 2026-08-24 13:11:29 | datacube.py:subpixellate:1770 | Resampling slit 9/24
    INFO | 2026-08-24 13:11:29 | datacube.py:subpixellate:1807 | Resampling subslice 1/5
    INFO | 2026-08-24 13:11:29 | slittrace.py:get_radec_image:536 | Generating an RA/DEC image with slice_offset=-0.400
    INFO | 2026-08-24 13:11:30 | datacube.py:subpixellate:1807 | Resampling subslice 2/5
    INFO | 2026-08-24 13:11:30 | slittrace.py:get_radec_image:536 | Generating an RA/DEC image with slice_offset=-0.200
    INFO | 2026-08-24 13:11:30 | datacube.py:subpixellate:1807 | Resampling subslice 3/5
    INFO | 2026-08-24 13:11:30 | slittrace.py:get_radec_image:536 | Generating an RA/DEC image with slice_offset=0.000
    INFO | 2026-08-24 13:11:31 | datacube.py:subpixellate:1807 | Resampling subslice 4/5
    INFO | 2026-08-24 13:11:31 | slittrace.py:get_radec_image:536 | Generating an RA/DEC image with slice_offset=0.200
    INFO | 2026-08-24 13:11:32 | datacube.py:subpixellate:1807 | Resampling subslice 5/5
    INFO | 2026-08-24 13:11:32 | slittrace.py:get_radec_image:536 | Generating an RA/DEC image with slice_offset=0.400
    INFO | 2026-08-24 13:11:33 | datacube.py:subpixellate:1770 | Resampling slit 10/24
    INFO | 2026-08-24 13:11:33 | datacube.py:subpixellate:1807 | Resampling subslice 1/5
    INFO | 2026-08-24 13:11:33 | slittrace.py:get_radec_image:536 | Generating an RA/DEC image with slice_offset=-0.400
    INFO | 2026-08-24 13:11:34 | datacube.py:subpixellate:1807 | Resampling subslice 2/5
    INFO | 2026-08-24 13:11:34 | slittrace.py:get_radec_image:536 | Generating an RA/DEC image with slice_offset=-0.200
    INFO | 2026-08-24 13:11:35 | datacube.py:subpixellate:1807 | Resampling subslice 3/5
    INFO | 2026-08-24 13:11:35 | slittrace.py:get_radec_image:536 | Generating an RA/DEC image with slice_offset=0.000
    INFO | 2026-08-24 13:11:36 | datacube.py:subpixellate:1807 | Resampling subslice 4/5
    INFO | 2026-08-24 13:11:36 | slittrace.py:get_radec_image:536 | Generating an RA/DEC image with slice_offset=0.200
    INFO | 2026-08-24 13:11:36 | datacube.py:subpixellate:1807 | Resampling subslice 5/5
    INFO | 2026-08-24 13:11:36 | slittrace.py:get_radec_image:536 | Generating an RA/DEC image with slice_offset=0.400
    INFO | 2026-08-24 13:11:37 | datacube.py:subpixellate:1770 | Resampling slit 11/24
    INFO | 2026-08-24 13:11:38 | datacube.py:subpixellate:1807 | Resampling subslice 1/5
    INFO | 2026-08-24 13:11:38 | slittrace.py:get_radec_image:536 | Generating an RA/DEC image with slice_offset=-0.400
    INFO | 2026-08-24 13:11:38 | datacube.py:subpixellate:1807 | Resampling subslice 2/5
    INFO | 2026-08-24 13:11:38 | slittrace.py:get_radec_image:536 | Generating an RA/DEC image with slice_offset=-0.200
    INFO | 2026-08-24 13:11:39 | datacube.py:subpixellate:1807 | Resampling subslice 3/5
    INFO | 2026-08-24 13:11:39 | slittrace.py:get_radec_image:536 | Generating an RA/DEC image with slice_offset=0.000
    INFO | 2026-08-24 13:11:40 | datacube.py:subpixellate:1807 | Resampling subslice 4/5
    INFO | 2026-08-24 13:11:40 | slittrace.py:get_radec_image:536 | Generating an RA/DEC image with slice_offset=0.200
    INFO | 2026-08-24 13:11:41 | datacube.py:subpixellate:1807 | Resampling subslice 5/5
    INFO | 2026-08-24 13:11:41 | slittrace.py:get_radec_image:536 | Generating an RA/DEC image with slice_offset=0.400
    INFO | 2026-08-24 13:11:42 | datacube.py:subpixellate:1770 | Resampling slit 12/24
    INFO | 2026-08-24 13:11:42 | datacube.py:subpixellate:1807 | Resampling subslice 1/5
    INFO | 2026-08-24 13:11:42 | slittrace.py:get_radec_image:536 | Generating an RA/DEC image with slice_offset=-0.400
    INFO | 2026-08-24 13:11:43 | datacube.py:subpixellate:1807 | Resampling subslice 2/5
    INFO | 2026-08-24 13:11:43 | slittrace.py:get_radec_image:536 | Generating an RA/DEC image with slice_offset=-0.200
    INFO | 2026-08-24 13:11:44 | datacube.py:subpixellate:1807 | Resampling subslice 3/5
    INFO | 2026-08-24 13:11:44 | slittrace.py:get_radec_image:536 | Generating an RA/DEC image with slice_offset=0.000
    INFO | 2026-08-24 13:11:44 | datacube.py:subpixellate:1807 | Resampling subslice 4/5
    INFO | 2026-08-24 13:11:44 | slittrace.py:get_radec_image:536 | Generating an RA/DEC image with slice_offset=0.200
    INFO | 2026-08-24 13:11:45 | datacube.py:subpixellate:1807 | Resampling subslice 5/5
    INFO | 2026-08-24 13:11:45 | slittrace.py:get_radec_image:536 | Generating an RA/DEC image with slice_offset=0.400
    INFO | 2026-08-24 13:11:46 | datacube.py:subpixellate:1770 | Resampling slit 13/24
    INFO | 2026-08-24 13:11:46 | datacube.py:subpixellate:1807 | Resampling subslice 1/5
    INFO | 2026-08-24 13:11:46 | slittrace.py:get_radec_image:536 | Generating an RA/DEC image with slice_offset=-0.400
    INFO | 2026-08-24 13:11:47 | datacube.py:subpixellate:1807 | Resampling subslice 2/5
    INFO | 2026-08-24 13:11:47 | slittrace.py:get_radec_image:536 | Generating an RA/DEC image with slice_offset=-0.200
    INFO | 2026-08-24 13:11:48 | datacube.py:subpixellate:1807 | Resampling subslice 3/5
    INFO | 2026-08-24 13:11:48 | slittrace.py:get_radec_image:536 | Generating an RA/DEC image with slice_offset=0.000
    INFO | 2026-08-24 13:11:49 | datacube.py:subpixellate:1807 | Resampling subslice 4/5
    INFO | 2026-08-24 13:11:49 | slittrace.py:get_radec_image:536 | Generating an RA/DEC image with slice_offset=0.200
    INFO | 2026-08-24 13:11:49 | datacube.py:subpixellate:1807 | Resampling subslice 5/5
    INFO | 2026-08-24 13:11:49 | slittrace.py:get_radec_image:536 | Generating an RA/DEC image with slice_offset=0.400
    INFO | 2026-08-24 13:11:50 | datacube.py:subpixellate:1770 | Resampling slit 14/24
    INFO | 2026-08-24 13:11:51 | datacube.py:subpixellate:1807 | Resampling subslice 1/5
    INFO | 2026-08-24 13:11:51 | slittrace.py:get_radec_image:536 | Generating an RA/DEC image with slice_offset=-0.400
    INFO | 2026-08-24 13:11:52 | datacube.py:subpixellate:1807 | Resampling subslice 2/5
    INFO | 2026-08-24 13:11:52 | slittrace.py:get_radec_image:536 | Generating an RA/DEC image with slice_offset=-0.200
    INFO | 2026-08-24 13:11:52 | datacube.py:subpixellate:1807 | Resampling subslice 3/5
    INFO | 2026-08-24 13:11:52 | slittrace.py:get_radec_image:536 | Generating an RA/DEC image with slice_offset=0.000
    INFO | 2026-08-24 13:11:53 | datacube.py:subpixellate:1807 | Resampling subslice 4/5
    INFO | 2026-08-24 13:11:53 | slittrace.py:get_radec_image:536 | Generating an RA/DEC image with slice_offset=0.200
    INFO | 2026-08-24 13:11:54 | datacube.py:subpixellate:1807 | Resampling subslice 5/5
    INFO | 2026-08-24 13:11:54 | slittrace.py:get_radec_image:536 | Generating an RA/DEC image with slice_offset=0.400
    INFO | 2026-08-24 13:11:55 | datacube.py:subpixellate:1770 | Resampling slit 15/24
    INFO | 2026-08-24 13:11:55 | datacube.py:subpixellate:1807 | Resampling subslice 1/5
    INFO | 2026-08-24 13:11:55 | slittrace.py:get_radec_image:536 | Generating an RA/DEC image with slice_offset=-0.400
    INFO | 2026-08-24 13:11:56 | datacube.py:subpixellate:1807 | Resampling subslice 2/5
    INFO | 2026-08-24 13:11:56 | slittrace.py:get_radec_image:536 | Generating an RA/DEC image with slice_offset=-0.200
    INFO | 2026-08-24 13:11:57 | datacube.py:subpixellate:1807 | Resampling subslice 3/5
    INFO | 2026-08-24 13:11:57 | slittrace.py:get_radec_image:536 | Generating an RA/DEC image with slice_offset=0.000
    INFO | 2026-08-24 13:11:57 | datacube.py:subpixellate:1807 | Resampling subslice 4/5
    INFO | 2026-08-24 13:11:57 | slittrace.py:get_radec_image:536 | Generating an RA/DEC image with slice_offset=0.200
    INFO | 2026-08-24 13:11:58 | datacube.py:subpixellate:1807 | Resampling subslice 5/5
    INFO | 2026-08-24 13:11:58 | slittrace.py:get_radec_image:536 | Generating an RA/DEC image with slice_offset=0.400
    INFO | 2026-08-24 13:11:59 | datacube.py:subpixellate:1770 | Resampling slit 16/24
    INFO | 2026-08-24 13:12:00 | datacube.py:subpixellate:1807 | Resampling subslice 1/5
    INFO | 2026-08-24 13:12:00 | slittrace.py:get_radec_image:536 | Generating an RA/DEC image with slice_offset=-0.400
    INFO | 2026-08-24 13:12:00 | datacube.py:subpixellate:1807 | Resampling subslice 2/5
    INFO | 2026-08-24 13:12:00 | slittrace.py:get_radec_image:536 | Generating an RA/DEC image with slice_offset=-0.200
    INFO | 2026-08-24 13:12:01 | datacube.py:subpixellate:1807 | Resampling subslice 3/5
    INFO | 2026-08-24 13:12:01 | slittrace.py:get_radec_image:536 | Generating an RA/DEC image with slice_offset=0.000
    INFO | 2026-08-24 13:12:02 | datacube.py:subpixellate:1807 | Resampling subslice 4/5
    INFO | 2026-08-24 13:12:02 | slittrace.py:get_radec_image:536 | Generating an RA/DEC image with slice_offset=0.200
    INFO | 2026-08-24 13:12:03 | datacube.py:subpixellate:1807 | Resampling subslice 5/5
    INFO | 2026-08-24 13:12:03 | slittrace.py:get_radec_image:536 | Generating an RA/DEC image with slice_offset=0.400
    INFO | 2026-08-24 13:12:04 | datacube.py:subpixellate:1770 | Resampling slit 17/24
    INFO | 2026-08-24 13:12:04 | datacube.py:subpixellate:1807 | Resampling subslice 1/5
    INFO | 2026-08-24 13:12:04 | slittrace.py:get_radec_image:536 | Generating an RA/DEC image with slice_offset=-0.400
    INFO | 2026-08-24 13:12:05 | datacube.py:subpixellate:1807 | Resampling subslice 2/5
    INFO | 2026-08-24 13:12:05 | slittrace.py:get_radec_image:536 | Generating an RA/DEC image with slice_offset=-0.200
    INFO | 2026-08-24 13:12:05 | datacube.py:subpixellate:1807 | Resampling subslice 3/5
    INFO | 2026-08-24 13:12:05 | slittrace.py:get_radec_image:536 | Generating an RA/DEC image with slice_offset=0.000
    INFO | 2026-08-24 13:12:06 | datacube.py:subpixellate:1807 | Resampling subslice 4/5
    INFO | 2026-08-24 13:12:06 | slittrace.py:get_radec_image:536 | Generating an RA/DEC image with slice_offset=0.200
    INFO | 2026-08-24 13:12:07 | datacube.py:subpixellate:1807 | Resampling subslice 5/5
    INFO | 2026-08-24 13:12:07 | slittrace.py:get_radec_image:536 | Generating an RA/DEC image with slice_offset=0.400
    INFO | 2026-08-24 13:12:08 | datacube.py:subpixellate:1770 | Resampling slit 18/24
    INFO | 2026-08-24 13:12:08 | datacube.py:subpixellate:1807 | Resampling subslice 1/5
    INFO | 2026-08-24 13:12:08 | slittrace.py:get_radec_image:536 | Generating an RA/DEC image with slice_offset=-0.400
    INFO | 2026-08-24 13:12:09 | datacube.py:subpixellate:1807 | Resampling subslice 2/5
    INFO | 2026-08-24 13:12:09 | slittrace.py:get_radec_image:536 | Generating an RA/DEC image with slice_offset=-0.200
    INFO | 2026-08-24 13:12:10 | datacube.py:subpixellate:1807 | Resampling subslice 3/5
    INFO | 2026-08-24 13:12:10 | slittrace.py:get_radec_image:536 | Generating an RA/DEC image with slice_offset=0.000
    INFO | 2026-08-24 13:12:11 | datacube.py:subpixellate:1807 | Resampling subslice 4/5
    INFO | 2026-08-24 13:12:11 | slittrace.py:get_radec_image:536 | Generating an RA/DEC image with slice_offset=0.200
    INFO | 2026-08-24 13:12:11 | datacube.py:subpixellate:1807 | Resampling subslice 5/5
    INFO | 2026-08-24 13:12:11 | slittrace.py:get_radec_image:536 | Generating an RA/DEC image with slice_offset=0.400
    INFO | 2026-08-24 13:12:12 | datacube.py:subpixellate:1770 | Resampling slit 19/24
    INFO | 2026-08-24 13:12:13 | datacube.py:subpixellate:1807 | Resampling subslice 1/5
    INFO | 2026-08-24 13:12:13 | slittrace.py:get_radec_image:536 | Generating an RA/DEC image with slice_offset=-0.400
    INFO | 2026-08-24 13:12:14 | datacube.py:subpixellate:1807 | Resampling subslice 2/5
    INFO | 2026-08-24 13:12:14 | slittrace.py:get_radec_image:536 | Generating an RA/DEC image with slice_offset=-0.200
    INFO | 2026-08-24 13:12:14 | datacube.py:subpixellate:1807 | Resampling subslice 3/5
    INFO | 2026-08-24 13:12:14 | slittrace.py:get_radec_image:536 | Generating an RA/DEC image with slice_offset=0.000
    INFO | 2026-08-24 13:12:15 | datacube.py:subpixellate:1807 | Resampling subslice 4/5
    INFO | 2026-08-24 13:12:15 | slittrace.py:get_radec_image:536 | Generating an RA/DEC image with slice_offset=0.200
    INFO | 2026-08-24 13:12:16 | datacube.py:subpixellate:1807 | Resampling subslice 5/5
    INFO | 2026-08-24 13:12:16 | slittrace.py:get_radec_image:536 | Generating an RA/DEC image with slice_offset=0.400
    INFO | 2026-08-24 13:12:17 | datacube.py:subpixellate:1770 | Resampling slit 20/24
    INFO | 2026-08-24 13:12:17 | datacube.py:subpixellate:1807 | Resampling subslice 1/5
    INFO | 2026-08-24 13:12:17 | slittrace.py:get_radec_image:536 | Generating an RA/DEC image with slice_offset=-0.400
    INFO | 2026-08-24 13:12:18 | datacube.py:subpixellate:1807 | Resampling subslice 2/5
    INFO | 2026-08-24 13:12:18 | slittrace.py:get_radec_image:536 | Generating an RA/DEC image with slice_offset=-0.200
    INFO | 2026-08-24 13:12:19 | datacube.py:subpixellate:1807 | Resampling subslice 3/5
    INFO | 2026-08-24 13:12:19 | slittrace.py:get_radec_image:536 | Generating an RA/DEC image with slice_offset=0.000
    INFO | 2026-08-24 13:12:19 | datacube.py:subpixellate:1807 | Resampling subslice 4/5
    INFO | 2026-08-24 13:12:19 | slittrace.py:get_radec_image:536 | Generating an RA/DEC image with slice_offset=0.200
    INFO | 2026-08-24 13:12:20 | datacube.py:subpixellate:1807 | Resampling subslice 5/5
    INFO | 2026-08-24 13:12:20 | slittrace.py:get_radec_image:536 | Generating an RA/DEC image with slice_offset=0.400
    INFO | 2026-08-24 13:12:21 | datacube.py:subpixellate:1770 | Resampling slit 21/24
    INFO | 2026-08-24 13:12:22 | datacube.py:subpixellate:1807 | Resampling subslice 1/5
    INFO | 2026-08-24 13:12:22 | slittrace.py:get_radec_image:536 | Generating an RA/DEC image with slice_offset=-0.400
    INFO | 2026-08-24 13:12:22 | datacube.py:subpixellate:1807 | Resampling subslice 2/5
    INFO | 2026-08-24 13:12:22 | slittrace.py:get_radec_image:536 | Generating an RA/DEC image with slice_offset=-0.200
    INFO | 2026-08-24 13:12:23 | datacube.py:subpixellate:1807 | Resampling subslice 3/5
    INFO | 2026-08-24 13:12:23 | slittrace.py:get_radec_image:536 | Generating an RA/DEC image with slice_offset=0.000
    INFO | 2026-08-24 13:12:24 | datacube.py:subpixellate:1807 | Resampling subslice 4/5
    INFO | 2026-08-24 13:12:24 | slittrace.py:get_radec_image:536 | Generating an RA/DEC image with slice_offset=0.200
    INFO | 2026-08-24 13:12:25 | datacube.py:subpixellate:1807 | Resampling subslice 5/5
    INFO | 2026-08-24 13:12:25 | slittrace.py:get_radec_image:536 | Generating an RA/DEC image with slice_offset=0.400
    INFO | 2026-08-24 13:12:26 | datacube.py:subpixellate:1770 | Resampling slit 22/24
    INFO | 2026-08-24 13:12:26 | datacube.py:subpixellate:1807 | Resampling subslice 1/5
    INFO | 2026-08-24 13:12:26 | slittrace.py:get_radec_image:536 | Generating an RA/DEC image with slice_offset=-0.400
    INFO | 2026-08-24 13:12:27 | datacube.py:subpixellate:1807 | Resampling subslice 2/5
    INFO | 2026-08-24 13:12:27 | slittrace.py:get_radec_image:536 | Generating an RA/DEC image with slice_offset=-0.200
    INFO | 2026-08-24 13:12:28 | datacube.py:subpixellate:1807 | Resampling subslice 3/5
    INFO | 2026-08-24 13:12:28 | slittrace.py:get_radec_image:536 | Generating an RA/DEC image with slice_offset=0.000
    INFO | 2026-08-24 13:12:28 | datacube.py:subpixellate:1807 | Resampling subslice 4/5
    INFO | 2026-08-24 13:12:28 | slittrace.py:get_radec_image:536 | Generating an RA/DEC image with slice_offset=0.200
    INFO | 2026-08-24 13:12:29 | datacube.py:subpixellate:1807 | Resampling subslice 5/5
    INFO | 2026-08-24 13:12:29 | slittrace.py:get_radec_image:536 | Generating an RA/DEC image with slice_offset=0.400
    INFO | 2026-08-24 13:12:30 | datacube.py:subpixellate:1770 | Resampling slit 23/24
    INFO | 2026-08-24 13:12:30 | datacube.py:subpixellate:1807 | Resampling subslice 1/5
    INFO | 2026-08-24 13:12:30 | slittrace.py:get_radec_image:536 | Generating an RA/DEC image with slice_offset=-0.400
    INFO | 2026-08-24 13:12:31 | datacube.py:subpixellate:1807 | Resampling subslice 2/5
    INFO | 2026-08-24 13:12:31 | slittrace.py:get_radec_image:536 | Generating an RA/DEC image with slice_offset=-0.200
    INFO | 2026-08-24 13:12:32 | datacube.py:subpixellate:1807 | Resampling subslice 3/5
    INFO | 2026-08-24 13:12:32 | slittrace.py:get_radec_image:536 | Generating an RA/DEC image with slice_offset=0.000
    INFO | 2026-08-24 13:12:33 | datacube.py:subpixellate:1807 | Resampling subslice 4/5
    INFO | 2026-08-24 13:12:33 | slittrace.py:get_radec_image:536 | Generating an RA/DEC image with slice_offset=0.200
    INFO | 2026-08-24 13:12:33 | datacube.py:subpixellate:1807 | Resampling subslice 5/5
    INFO | 2026-08-24 13:12:33 | slittrace.py:get_radec_image:536 | Generating an RA/DEC image with slice_offset=0.400
    INFO | 2026-08-24 13:12:34 | datacube.py:subpixellate:1770 | Resampling slit 24/24
    INFO | 2026-08-24 13:12:35 | datacube.py:subpixellate:1807 | Resampling subslice 1/5
    INFO | 2026-08-24 13:12:35 | slittrace.py:get_radec_image:536 | Generating an RA/DEC image with slice_offset=-0.400
    INFO | 2026-08-24 13:12:36 | datacube.py:subpixellate:1807 | Resampling subslice 2/5
    INFO | 2026-08-24 13:12:36 | slittrace.py:get_radec_image:536 | Generating an RA/DEC image with slice_offset=-0.200
    INFO | 2026-08-24 13:12:36 | datacube.py:subpixellate:1807 | Resampling subslice 3/5
    INFO | 2026-08-24 13:12:36 | slittrace.py:get_radec_image:536 | Generating an RA/DEC image with slice_offset=0.000
    INFO | 2026-08-24 13:12:37 | datacube.py:subpixellate:1807 | Resampling subslice 4/5
    INFO | 2026-08-24 13:12:37 | slittrace.py:get_radec_image:536 | Generating an RA/DEC image with slice_offset=0.200
    INFO | 2026-08-24 13:12:38 | datacube.py:subpixellate:1807 | Resampling subslice 5/5
    INFO | 2026-08-24 13:12:38 | slittrace.py:get_radec_image:536 | Generating an RA/DEC image with slice_offset=0.400
    INFO | 2026-08-24 13:12:39 | datacube.py:generate_image_subpixel:1485 | Creating image 3/6
    INFO | 2026-08-24 13:12:39 | datacube.py:subpixellate:1770 | Resampling slit 1/24
    INFO | 2026-08-24 13:12:39 | datacube.py:subpixellate:1807 | Resampling subslice 1/5
    INFO | 2026-08-24 13:12:39 | slittrace.py:get_radec_image:536 | Generating an RA/DEC image with slice_offset=-0.400
    INFO | 2026-08-24 13:12:40 | datacube.py:subpixellate:1807 | Resampling subslice 2/5
    INFO | 2026-08-24 13:12:40 | slittrace.py:get_radec_image:536 | Generating an RA/DEC image with slice_offset=-0.200
    INFO | 2026-08-24 13:12:41 | datacube.py:subpixellate:1807 | Resampling subslice 3/5
    INFO | 2026-08-24 13:12:41 | slittrace.py:get_radec_image:536 | Generating an RA/DEC image with slice_offset=0.000
    INFO | 2026-08-24 13:12:42 | datacube.py:subpixellate:1807 | Resampling subslice 4/5
    INFO | 2026-08-24 13:12:42 | slittrace.py:get_radec_image:536 | Generating an RA/DEC image with slice_offset=0.200
    INFO | 2026-08-24 13:12:42 | datacube.py:subpixellate:1807 | Resampling subslice 5/5
    INFO | 2026-08-24 13:12:42 | slittrace.py:get_radec_image:536 | Generating an RA/DEC image with slice_offset=0.400
    INFO | 2026-08-24 13:12:44 | datacube.py:subpixellate:1770 | Resampling slit 2/24
    INFO | 2026-08-24 13:12:44 | datacube.py:subpixellate:1807 | Resampling subslice 1/5
    INFO | 2026-08-24 13:12:44 | slittrace.py:get_radec_image:536 | Generating an RA/DEC image with slice_offset=-0.400
    INFO | 2026-08-24 13:12:45 | datacube.py:subpixellate:1807 | Resampling subslice 2/5
    INFO | 2026-08-24 13:12:45 | slittrace.py:get_radec_image:536 | Generating an RA/DEC image with slice_offset=-0.200
    INFO | 2026-08-24 13:12:45 | datacube.py:subpixellate:1807 | Resampling subslice 3/5
    INFO | 2026-08-24 13:12:45 | slittrace.py:get_radec_image:536 | Generating an RA/DEC image with slice_offset=0.000
    INFO | 2026-08-24 13:12:46 | datacube.py:subpixellate:1807 | Resampling subslice 4/5
    INFO | 2026-08-24 13:12:46 | slittrace.py:get_radec_image:536 | Generating an RA/DEC image with slice_offset=0.200
    INFO | 2026-08-24 13:12:47 | datacube.py:subpixellate:1807 | Resampling subslice 5/5
    INFO | 2026-08-24 13:12:47 | slittrace.py:get_radec_image:536 | Generating an RA/DEC image with slice_offset=0.400
    INFO | 2026-08-24 13:12:48 | datacube.py:subpixellate:1770 | Resampling slit 3/24
    INFO | 2026-08-24 13:12:48 | datacube.py:subpixellate:1807 | Resampling subslice 1/5
    INFO | 2026-08-24 13:12:48 | slittrace.py:get_radec_image:536 | Generating an RA/DEC image with slice_offset=-0.400
    INFO | 2026-08-24 13:12:49 | datacube.py:subpixellate:1807 | Resampling subslice 2/5
    INFO | 2026-08-24 13:12:49 | slittrace.py:get_radec_image:536 | Generating an RA/DEC image with slice_offset=-0.200
    INFO | 2026-08-24 13:12:50 | datacube.py:subpixellate:1807 | Resampling subslice 3/5
    INFO | 2026-08-24 13:12:50 | slittrace.py:get_radec_image:536 | Generating an RA/DEC image with slice_offset=0.000
    INFO | 2026-08-24 13:12:51 | datacube.py:subpixellate:1807 | Resampling subslice 4/5
    INFO | 2026-08-24 13:12:51 | slittrace.py:get_radec_image:536 | Generating an RA/DEC image with slice_offset=0.200
    INFO | 2026-08-24 13:12:51 | datacube.py:subpixellate:1807 | Resampling subslice 5/5
    INFO | 2026-08-24 13:12:51 | slittrace.py:get_radec_image:536 | Generating an RA/DEC image with slice_offset=0.400
    INFO | 2026-08-24 13:12:52 | datacube.py:subpixellate:1770 | Resampling slit 4/24
    INFO | 2026-08-24 13:12:53 | datacube.py:subpixellate:1807 | Resampling subslice 1/5
    INFO | 2026-08-24 13:12:53 | slittrace.py:get_radec_image:536 | Generating an RA/DEC image with slice_offset=-0.400
    INFO | 2026-08-24 13:12:54 | datacube.py:subpixellate:1807 | Resampling subslice 2/5
    INFO | 2026-08-24 13:12:54 | slittrace.py:get_radec_image:536 | Generating an RA/DEC image with slice_offset=-0.200
    INFO | 2026-08-24 13:12:54 | datacube.py:subpixellate:1807 | Resampling subslice 3/5
    INFO | 2026-08-24 13:12:54 | slittrace.py:get_radec_image:536 | Generating an RA/DEC image with slice_offset=0.000
    INFO | 2026-08-24 13:12:55 | datacube.py:subpixellate:1807 | Resampling subslice 4/5
    INFO | 2026-08-24 13:12:55 | slittrace.py:get_radec_image:536 | Generating an RA/DEC image with slice_offset=0.200
    INFO | 2026-08-24 13:12:56 | datacube.py:subpixellate:1807 | Resampling subslice 5/5
    INFO | 2026-08-24 13:12:56 | slittrace.py:get_radec_image:536 | Generating an RA/DEC image with slice_offset=0.400
    INFO | 2026-08-24 13:12:57 | datacube.py:subpixellate:1770 | Resampling slit 5/24
    INFO | 2026-08-24 13:12:57 | datacube.py:subpixellate:1807 | Resampling subslice 1/5
    INFO | 2026-08-24 13:12:57 | slittrace.py:get_radec_image:536 | Generating an RA/DEC image with slice_offset=-0.400
    INFO | 2026-08-24 13:12:58 | datacube.py:subpixellate:1807 | Resampling subslice 2/5
    INFO | 2026-08-24 13:12:58 | slittrace.py:get_radec_image:536 | Generating an RA/DEC image with slice_offset=-0.200
    INFO | 2026-08-24 13:12:59 | datacube.py:subpixellate:1807 | Resampling subslice 3/5
    INFO | 2026-08-24 13:12:59 | slittrace.py:get_radec_image:536 | Generating an RA/DEC image with slice_offset=0.000
    INFO | 2026-08-24 13:12:59 | datacube.py:subpixellate:1807 | Resampling subslice 4/5
    INFO | 2026-08-24 13:12:59 | slittrace.py:get_radec_image:536 | Generating an RA/DEC image with slice_offset=0.200
    INFO | 2026-08-24 13:13:00 | datacube.py:subpixellate:1807 | Resampling subslice 5/5
    INFO | 2026-08-24 13:13:00 | slittrace.py:get_radec_image:536 | Generating an RA/DEC image with slice_offset=0.400
    INFO | 2026-08-24 13:13:01 | datacube.py:subpixellate:1770 | Resampling slit 6/24
    INFO | 2026-08-24 13:13:02 | datacube.py:subpixellate:1807 | Resampling subslice 1/5
    INFO | 2026-08-24 13:13:02 | slittrace.py:get_radec_image:536 | Generating an RA/DEC image with slice_offset=-0.400
    INFO | 2026-08-24 13:13:02 | datacube.py:subpixellate:1807 | Resampling subslice 2/5
    INFO | 2026-08-24 13:13:02 | slittrace.py:get_radec_image:536 | Generating an RA/DEC image with slice_offset=-0.200
    INFO | 2026-08-24 13:13:03 | datacube.py:subpixellate:1807 | Resampling subslice 3/5
    INFO | 2026-08-24 13:13:03 | slittrace.py:get_radec_image:536 | Generating an RA/DEC image with slice_offset=0.000
    INFO | 2026-08-24 13:13:04 | datacube.py:subpixellate:1807 | Resampling subslice 4/5
    INFO | 2026-08-24 13:13:04 | slittrace.py:get_radec_image:536 | Generating an RA/DEC image with slice_offset=0.200
    INFO | 2026-08-24 13:13:05 | datacube.py:subpixellate:1807 | Resampling subslice 5/5
    INFO | 2026-08-24 13:13:05 | slittrace.py:get_radec_image:536 | Generating an RA/DEC image with slice_offset=0.400
    INFO | 2026-08-24 13:13:06 | datacube.py:subpixellate:1770 | Resampling slit 7/24
    INFO | 2026-08-24 13:13:06 | datacube.py:subpixellate:1807 | Resampling subslice 1/5
    INFO | 2026-08-24 13:13:06 | slittrace.py:get_radec_image:536 | Generating an RA/DEC image with slice_offset=-0.400
    INFO | 2026-08-24 13:13:07 | datacube.py:subpixellate:1807 | Resampling subslice 2/5
    INFO | 2026-08-24 13:13:07 | slittrace.py:get_radec_image:536 | Generating an RA/DEC image with slice_offset=-0.200
    INFO | 2026-08-24 13:13:08 | datacube.py:subpixellate:1807 | Resampling subslice 3/5
    INFO | 2026-08-24 13:13:08 | slittrace.py:get_radec_image:536 | Generating an RA/DEC image with slice_offset=0.000
    INFO | 2026-08-24 13:13:08 | datacube.py:subpixellate:1807 | Resampling subslice 4/5
    INFO | 2026-08-24 13:13:08 | slittrace.py:get_radec_image:536 | Generating an RA/DEC image with slice_offset=0.200
    INFO | 2026-08-24 13:13:09 | datacube.py:subpixellate:1807 | Resampling subslice 5/5
    INFO | 2026-08-24 13:13:09 | slittrace.py:get_radec_image:536 | Generating an RA/DEC image with slice_offset=0.400
    INFO | 2026-08-24 13:13:10 | datacube.py:subpixellate:1770 | Resampling slit 8/24
    INFO | 2026-08-24 13:13:10 | datacube.py:subpixellate:1807 | Resampling subslice 1/5
    INFO | 2026-08-24 13:13:10 | slittrace.py:get_radec_image:536 | Generating an RA/DEC image with slice_offset=-0.400
    INFO | 2026-08-24 13:13:11 | datacube.py:subpixellate:1807 | Resampling subslice 2/5
    INFO | 2026-08-24 13:13:11 | slittrace.py:get_radec_image:536 | Generating an RA/DEC image with slice_offset=-0.200
    INFO | 2026-08-24 13:13:12 | datacube.py:subpixellate:1807 | Resampling subslice 3/5
    INFO | 2026-08-24 13:13:12 | slittrace.py:get_radec_image:536 | Generating an RA/DEC image with slice_offset=0.000
    INFO | 2026-08-24 13:13:13 | datacube.py:subpixellate:1807 | Resampling subslice 4/5
    INFO | 2026-08-24 13:13:13 | slittrace.py:get_radec_image:536 | Generating an RA/DEC image with slice_offset=0.200
    INFO | 2026-08-24 13:13:13 | datacube.py:subpixellate:1807 | Resampling subslice 5/5
    INFO | 2026-08-24 13:13:13 | slittrace.py:get_radec_image:536 | Generating an RA/DEC image with slice_offset=0.400
    INFO | 2026-08-24 13:13:15 | datacube.py:subpixellate:1770 | Resampling slit 9/24
    INFO | 2026-08-24 13:13:15 | datacube.py:subpixellate:1807 | Resampling subslice 1/5
    INFO | 2026-08-24 13:13:15 | slittrace.py:get_radec_image:536 | Generating an RA/DEC image with slice_offset=-0.400
    INFO | 2026-08-24 13:13:16 | datacube.py:subpixellate:1807 | Resampling subslice 2/5
    INFO | 2026-08-24 13:13:16 | slittrace.py:get_radec_image:536 | Generating an RA/DEC image with slice_offset=-0.200
    INFO | 2026-08-24 13:13:16 | datacube.py:subpixellate:1807 | Resampling subslice 3/5
    INFO | 2026-08-24 13:13:16 | slittrace.py:get_radec_image:536 | Generating an RA/DEC image with slice_offset=0.000
    INFO | 2026-08-24 13:13:17 | datacube.py:subpixellate:1807 | Resampling subslice 4/5
    INFO | 2026-08-24 13:13:17 | slittrace.py:get_radec_image:536 | Generating an RA/DEC image with slice_offset=0.200
    INFO | 2026-08-24 13:13:18 | datacube.py:subpixellate:1807 | Resampling subslice 5/5
    INFO | 2026-08-24 13:13:18 | slittrace.py:get_radec_image:536 | Generating an RA/DEC image with slice_offset=0.400
    INFO | 2026-08-24 13:13:19 | datacube.py:subpixellate:1770 | Resampling slit 10/24
    INFO | 2026-08-24 13:13:19 | datacube.py:subpixellate:1807 | Resampling subslice 1/5
    INFO | 2026-08-24 13:13:19 | slittrace.py:get_radec_image:536 | Generating an RA/DEC image with slice_offset=-0.400
    INFO | 2026-08-24 13:13:20 | datacube.py:subpixellate:1807 | Resampling subslice 2/5
    INFO | 2026-08-24 13:13:20 | slittrace.py:get_radec_image:536 | Generating an RA/DEC image with slice_offset=-0.200
    INFO | 2026-08-24 13:13:21 | datacube.py:subpixellate:1807 | Resampling subslice 3/5
    INFO | 2026-08-24 13:13:21 | slittrace.py:get_radec_image:536 | Generating an RA/DEC image with slice_offset=0.000
    INFO | 2026-08-24 13:13:22 | datacube.py:subpixellate:1807 | Resampling subslice 4/5
    INFO | 2026-08-24 13:13:22 | slittrace.py:get_radec_image:536 | Generating an RA/DEC image with slice_offset=0.200
    INFO | 2026-08-24 13:13:22 | datacube.py:subpixellate:1807 | Resampling subslice 5/5
    INFO | 2026-08-24 13:13:22 | slittrace.py:get_radec_image:536 | Generating an RA/DEC image with slice_offset=0.400
    INFO | 2026-08-24 13:13:23 | datacube.py:subpixellate:1770 | Resampling slit 11/24
    INFO | 2026-08-24 13:13:24 | datacube.py:subpixellate:1807 | Resampling subslice 1/5
    INFO | 2026-08-24 13:13:24 | slittrace.py:get_radec_image:536 | Generating an RA/DEC image with slice_offset=-0.400
    INFO | 2026-08-24 13:13:24 | datacube.py:subpixellate:1807 | Resampling subslice 2/5
    INFO | 2026-08-24 13:13:24 | slittrace.py:get_radec_image:536 | Generating an RA/DEC image with slice_offset=-0.200
    INFO | 2026-08-24 13:13:25 | datacube.py:subpixellate:1807 | Resampling subslice 3/5
    INFO | 2026-08-24 13:13:25 | slittrace.py:get_radec_image:536 | Generating an RA/DEC image with slice_offset=0.000
    INFO | 2026-08-24 13:13:26 | datacube.py:subpixellate:1807 | Resampling subslice 4/5
    INFO | 2026-08-24 13:13:26 | slittrace.py:get_radec_image:536 | Generating an RA/DEC image with slice_offset=0.200
    INFO | 2026-08-24 13:13:27 | datacube.py:subpixellate:1807 | Resampling subslice 5/5
    INFO | 2026-08-24 13:13:27 | slittrace.py:get_radec_image:536 | Generating an RA/DEC image with slice_offset=0.400
    INFO | 2026-08-24 13:13:28 | datacube.py:subpixellate:1770 | Resampling slit 12/24
    INFO | 2026-08-24 13:13:28 | datacube.py:subpixellate:1807 | Resampling subslice 1/5
    INFO | 2026-08-24 13:13:28 | slittrace.py:get_radec_image:536 | Generating an RA/DEC image with slice_offset=-0.400
    INFO | 2026-08-24 13:13:29 | datacube.py:subpixellate:1807 | Resampling subslice 2/5
    INFO | 2026-08-24 13:13:29 | slittrace.py:get_radec_image:536 | Generating an RA/DEC image with slice_offset=-0.200
    INFO | 2026-08-24 13:13:29 | datacube.py:subpixellate:1807 | Resampling subslice 3/5
    INFO | 2026-08-24 13:13:29 | slittrace.py:get_radec_image:536 | Generating an RA/DEC image with slice_offset=0.000
    INFO | 2026-08-24 13:13:30 | datacube.py:subpixellate:1807 | Resampling subslice 4/5
    INFO | 2026-08-24 13:13:30 | slittrace.py:get_radec_image:536 | Generating an RA/DEC image with slice_offset=0.200
    INFO | 2026-08-24 13:13:31 | datacube.py:subpixellate:1807 | Resampling subslice 5/5
    INFO | 2026-08-24 13:13:31 | slittrace.py:get_radec_image:536 | Generating an RA/DEC image with slice_offset=0.400
    INFO | 2026-08-24 13:13:32 | datacube.py:subpixellate:1770 | Resampling slit 13/24
    INFO | 2026-08-24 13:13:32 | datacube.py:subpixellate:1807 | Resampling subslice 1/5
    INFO | 2026-08-24 13:13:32 | slittrace.py:get_radec_image:536 | Generating an RA/DEC image with slice_offset=-0.400
    INFO | 2026-08-24 13:13:33 | datacube.py:subpixellate:1807 | Resampling subslice 2/5
    INFO | 2026-08-24 13:13:33 | slittrace.py:get_radec_image:536 | Generating an RA/DEC image with slice_offset=-0.200
    INFO | 2026-08-24 13:13:34 | datacube.py:subpixellate:1807 | Resampling subslice 3/5
    INFO | 2026-08-24 13:13:34 | slittrace.py:get_radec_image:536 | Generating an RA/DEC image with slice_offset=0.000
    INFO | 2026-08-24 13:13:35 | datacube.py:subpixellate:1807 | Resampling subslice 4/5
    INFO | 2026-08-24 13:13:35 | slittrace.py:get_radec_image:536 | Generating an RA/DEC image with slice_offset=0.200
    INFO | 2026-08-24 13:13:35 | datacube.py:subpixellate:1807 | Resampling subslice 5/5
    INFO | 2026-08-24 13:13:35 | slittrace.py:get_radec_image:536 | Generating an RA/DEC image with slice_offset=0.400
    INFO | 2026-08-24 13:13:36 | datacube.py:subpixellate:1770 | Resampling slit 14/24
    INFO | 2026-08-24 13:13:37 | datacube.py:subpixellate:1807 | Resampling subslice 1/5
    INFO | 2026-08-24 13:13:37 | slittrace.py:get_radec_image:536 | Generating an RA/DEC image with slice_offset=-0.400
    INFO | 2026-08-24 13:13:37 | datacube.py:subpixellate:1807 | Resampling subslice 2/5
    INFO | 2026-08-24 13:13:37 | slittrace.py:get_radec_image:536 | Generating an RA/DEC image with slice_offset=-0.200
    INFO | 2026-08-24 13:13:38 | datacube.py:subpixellate:1807 | Resampling subslice 3/5
    INFO | 2026-08-24 13:13:38 | slittrace.py:get_radec_image:536 | Generating an RA/DEC image with slice_offset=0.000
    INFO | 2026-08-24 13:13:39 | datacube.py:subpixellate:1807 | Resampling subslice 4/5
    INFO | 2026-08-24 13:13:39 | slittrace.py:get_radec_image:536 | Generating an RA/DEC image with slice_offset=0.200
    INFO | 2026-08-24 13:13:40 | datacube.py:subpixellate:1807 | Resampling subslice 5/5
    INFO | 2026-08-24 13:13:40 | slittrace.py:get_radec_image:536 | Generating an RA/DEC image with slice_offset=0.400
    INFO | 2026-08-24 13:13:41 | datacube.py:subpixellate:1770 | Resampling slit 15/24
    INFO | 2026-08-24 13:13:41 | datacube.py:subpixellate:1807 | Resampling subslice 1/5
    INFO | 2026-08-24 13:13:41 | slittrace.py:get_radec_image:536 | Generating an RA/DEC image with slice_offset=-0.400
    INFO | 2026-08-24 13:13:42 | datacube.py:subpixellate:1807 | Resampling subslice 2/5
    INFO | 2026-08-24 13:13:42 | slittrace.py:get_radec_image:536 | Generating an RA/DEC image with slice_offset=-0.200
    INFO | 2026-08-24 13:13:42 | datacube.py:subpixellate:1807 | Resampling subslice 3/5
    INFO | 2026-08-24 13:13:42 | slittrace.py:get_radec_image:536 | Generating an RA/DEC image with slice_offset=0.000
    INFO | 2026-08-24 13:13:43 | datacube.py:subpixellate:1807 | Resampling subslice 4/5
    INFO | 2026-08-24 13:13:43 | slittrace.py:get_radec_image:536 | Generating an RA/DEC image with slice_offset=0.200
    INFO | 2026-08-24 13:13:44 | datacube.py:subpixellate:1807 | Resampling subslice 5/5
    INFO | 2026-08-24 13:13:44 | slittrace.py:get_radec_image:536 | Generating an RA/DEC image with slice_offset=0.400
    INFO | 2026-08-24 13:13:45 | datacube.py:subpixellate:1770 | Resampling slit 16/24
    INFO | 2026-08-24 13:13:45 | datacube.py:subpixellate:1807 | Resampling subslice 1/5
    INFO | 2026-08-24 13:13:45 | slittrace.py:get_radec_image:536 | Generating an RA/DEC image with slice_offset=-0.400
    INFO | 2026-08-24 13:13:46 | datacube.py:subpixellate:1807 | Resampling subslice 2/5
    INFO | 2026-08-24 13:13:46 | slittrace.py:get_radec_image:536 | Generating an RA/DEC image with slice_offset=-0.200
    INFO | 2026-08-24 13:13:47 | datacube.py:subpixellate:1807 | Resampling subslice 3/5
    INFO | 2026-08-24 13:13:47 | slittrace.py:get_radec_image:536 | Generating an RA/DEC image with slice_offset=0.000
    INFO | 2026-08-24 13:13:48 | datacube.py:subpixellate:1807 | Resampling subslice 4/5
    INFO | 2026-08-24 13:13:48 | slittrace.py:get_radec_image:536 | Generating an RA/DEC image with slice_offset=0.200
    INFO | 2026-08-24 13:13:48 | datacube.py:subpixellate:1807 | Resampling subslice 5/5
    INFO | 2026-08-24 13:13:48 | slittrace.py:get_radec_image:536 | Generating an RA/DEC image with slice_offset=0.400
    INFO | 2026-08-24 13:13:49 | datacube.py:subpixellate:1770 | Resampling slit 17/24
    INFO | 2026-08-24 13:13:50 | datacube.py:subpixellate:1807 | Resampling subslice 1/5
    INFO | 2026-08-24 13:13:50 | slittrace.py:get_radec_image:536 | Generating an RA/DEC image with slice_offset=-0.400
    INFO | 2026-08-24 13:13:50 | datacube.py:subpixellate:1807 | Resampling subslice 2/5
    INFO | 2026-08-24 13:13:50 | slittrace.py:get_radec_image:536 | Generating an RA/DEC image with slice_offset=-0.200
    INFO | 2026-08-24 13:13:51 | datacube.py:subpixellate:1807 | Resampling subslice 3/5
    INFO | 2026-08-24 13:13:51 | slittrace.py:get_radec_image:536 | Generating an RA/DEC image with slice_offset=0.000
    INFO | 2026-08-24 13:13:52 | datacube.py:subpixellate:1807 | Resampling subslice 4/5
    INFO | 2026-08-24 13:13:52 | slittrace.py:get_radec_image:536 | Generating an RA/DEC image with slice_offset=0.200
    INFO | 2026-08-24 13:13:53 | datacube.py:subpixellate:1807 | Resampling subslice 5/5
    INFO | 2026-08-24 13:13:53 | slittrace.py:get_radec_image:536 | Generating an RA/DEC image with slice_offset=0.400
    INFO | 2026-08-24 13:13:54 | datacube.py:subpixellate:1770 | Resampling slit 18/24
    INFO | 2026-08-24 13:13:54 | datacube.py:subpixellate:1807 | Resampling subslice 1/5
    INFO | 2026-08-24 13:13:54 | slittrace.py:get_radec_image:536 | Generating an RA/DEC image with slice_offset=-0.400
    INFO | 2026-08-24 13:13:55 | datacube.py:subpixellate:1807 | Resampling subslice 2/5
    INFO | 2026-08-24 13:13:55 | slittrace.py:get_radec_image:536 | Generating an RA/DEC image with slice_offset=-0.200
    INFO | 2026-08-24 13:13:55 | datacube.py:subpixellate:1807 | Resampling subslice 3/5
    INFO | 2026-08-24 13:13:55 | slittrace.py:get_radec_image:536 | Generating an RA/DEC image with slice_offset=0.000
    INFO | 2026-08-24 13:13:56 | datacube.py:subpixellate:1807 | Resampling subslice 4/5
    INFO | 2026-08-24 13:13:56 | slittrace.py:get_radec_image:536 | Generating an RA/DEC image with slice_offset=0.200
    INFO | 2026-08-24 13:13:57 | datacube.py:subpixellate:1807 | Resampling subslice 5/5
    INFO | 2026-08-24 13:13:57 | slittrace.py:get_radec_image:536 | Generating an RA/DEC image with slice_offset=0.400
    INFO | 2026-08-24 13:13:58 | datacube.py:subpixellate:1770 | Resampling slit 19/24
    INFO | 2026-08-24 13:13:58 | datacube.py:subpixellate:1807 | Resampling subslice 1/5
    INFO | 2026-08-24 13:13:58 | slittrace.py:get_radec_image:536 | Generating an RA/DEC image with slice_offset=-0.400
    INFO | 2026-08-24 13:13:59 | datacube.py:subpixellate:1807 | Resampling subslice 2/5
    INFO | 2026-08-24 13:13:59 | slittrace.py:get_radec_image:536 | Generating an RA/DEC image with slice_offset=-0.200
    INFO | 2026-08-24 13:14:00 | datacube.py:subpixellate:1807 | Resampling subslice 3/5
    INFO | 2026-08-24 13:14:00 | slittrace.py:get_radec_image:536 | Generating an RA/DEC image with slice_offset=0.000
    INFO | 2026-08-24 13:14:01 | datacube.py:subpixellate:1807 | Resampling subslice 4/5
    INFO | 2026-08-24 13:14:01 | slittrace.py:get_radec_image:536 | Generating an RA/DEC image with slice_offset=0.200
    INFO | 2026-08-24 13:14:01 | datacube.py:subpixellate:1807 | Resampling subslice 5/5
    INFO | 2026-08-24 13:14:01 | slittrace.py:get_radec_image:536 | Generating an RA/DEC image with slice_offset=0.400
    INFO | 2026-08-24 13:14:02 | datacube.py:subpixellate:1770 | Resampling slit 20/24
    INFO | 2026-08-24 13:14:03 | datacube.py:subpixellate:1807 | Resampling subslice 1/5
    INFO | 2026-08-24 13:14:03 | slittrace.py:get_radec_image:536 | Generating an RA/DEC image with slice_offset=-0.400
    INFO | 2026-08-24 13:14:04 | datacube.py:subpixellate:1807 | Resampling subslice 2/5
    INFO | 2026-08-24 13:14:04 | slittrace.py:get_radec_image:536 | Generating an RA/DEC image with slice_offset=-0.200
    INFO | 2026-08-24 13:14:04 | datacube.py:subpixellate:1807 | Resampling subslice 3/5
    INFO | 2026-08-24 13:14:04 | slittrace.py:get_radec_image:536 | Generating an RA/DEC image with slice_offset=0.000
    INFO | 2026-08-24 13:14:05 | datacube.py:subpixellate:1807 | Resampling subslice 4/5
    INFO | 2026-08-24 13:14:05 | slittrace.py:get_radec_image:536 | Generating an RA/DEC image with slice_offset=0.200
    INFO | 2026-08-24 13:14:06 | datacube.py:subpixellate:1807 | Resampling subslice 5/5
    INFO | 2026-08-24 13:14:06 | slittrace.py:get_radec_image:536 | Generating an RA/DEC image with slice_offset=0.400
    INFO | 2026-08-24 13:14:07 | datacube.py:subpixellate:1770 | Resampling slit 21/24
    INFO | 2026-08-24 13:14:07 | datacube.py:subpixellate:1807 | Resampling subslice 1/5
    INFO | 2026-08-24 13:14:07 | slittrace.py:get_radec_image:536 | Generating an RA/DEC image with slice_offset=-0.400
    INFO | 2026-08-24 13:14:08 | datacube.py:subpixellate:1807 | Resampling subslice 2/5
    INFO | 2026-08-24 13:14:08 | slittrace.py:get_radec_image:536 | Generating an RA/DEC image with slice_offset=-0.200
    INFO | 2026-08-24 13:14:09 | datacube.py:subpixellate:1807 | Resampling subslice 3/5
    INFO | 2026-08-24 13:14:09 | slittrace.py:get_radec_image:536 | Generating an RA/DEC image with slice_offset=0.000
    INFO | 2026-08-24 13:14:09 | datacube.py:subpixellate:1807 | Resampling subslice 4/5
    INFO | 2026-08-24 13:14:09 | slittrace.py:get_radec_image:536 | Generating an RA/DEC image with slice_offset=0.200
    INFO | 2026-08-24 13:14:10 | datacube.py:subpixellate:1807 | Resampling subslice 5/5
    INFO | 2026-08-24 13:14:10 | slittrace.py:get_radec_image:536 | Generating an RA/DEC image with slice_offset=0.400
    INFO | 2026-08-24 13:14:11 | datacube.py:subpixellate:1770 | Resampling slit 22/24
    INFO | 2026-08-24 13:14:12 | datacube.py:subpixellate:1807 | Resampling subslice 1/5
    INFO | 2026-08-24 13:14:12 | slittrace.py:get_radec_image:536 | Generating an RA/DEC image with slice_offset=-0.400
    INFO | 2026-08-24 13:14:12 | datacube.py:subpixellate:1807 | Resampling subslice 2/5
    INFO | 2026-08-24 13:14:12 | slittrace.py:get_radec_image:536 | Generating an RA/DEC image with slice_offset=-0.200
    INFO | 2026-08-24 13:14:13 | datacube.py:subpixellate:1807 | Resampling subslice 3/5
    INFO | 2026-08-24 13:14:13 | slittrace.py:get_radec_image:536 | Generating an RA/DEC image with slice_offset=0.000
    INFO | 2026-08-24 13:14:14 | datacube.py:subpixellate:1807 | Resampling subslice 4/5
    INFO | 2026-08-24 13:14:14 | slittrace.py:get_radec_image:536 | Generating an RA/DEC image with slice_offset=0.200
    INFO | 2026-08-24 13:14:15 | datacube.py:subpixellate:1807 | Resampling subslice 5/5
    INFO | 2026-08-24 13:14:15 | slittrace.py:get_radec_image:536 | Generating an RA/DEC image with slice_offset=0.400
    INFO | 2026-08-24 13:14:16 | datacube.py:subpixellate:1770 | Resampling slit 23/24
    INFO | 2026-08-24 13:14:16 | datacube.py:subpixellate:1807 | Resampling subslice 1/5
    INFO | 2026-08-24 13:14:16 | slittrace.py:get_radec_image:536 | Generating an RA/DEC image with slice_offset=-0.400
    INFO | 2026-08-24 13:14:17 | datacube.py:subpixellate:1807 | Resampling subslice 2/5
    INFO | 2026-08-24 13:14:17 | slittrace.py:get_radec_image:536 | Generating an RA/DEC image with slice_offset=-0.200
    INFO | 2026-08-24 13:14:18 | datacube.py:subpixellate:1807 | Resampling subslice 3/5
    INFO | 2026-08-24 13:14:18 | slittrace.py:get_radec_image:536 | Generating an RA/DEC image with slice_offset=0.000
    INFO | 2026-08-24 13:14:18 | datacube.py:subpixellate:1807 | Resampling subslice 4/5
    INFO | 2026-08-24 13:14:18 | slittrace.py:get_radec_image:536 | Generating an RA/DEC image with slice_offset=0.200
    INFO | 2026-08-24 13:14:19 | datacube.py:subpixellate:1807 | Resampling subslice 5/5
    INFO | 2026-08-24 13:14:19 | slittrace.py:get_radec_image:536 | Generating an RA/DEC image with slice_offset=0.400
    INFO | 2026-08-24 13:14:20 | datacube.py:subpixellate:1770 | Resampling slit 24/24
    INFO | 2026-08-24 13:14:20 | datacube.py:subpixellate:1807 | Resampling subslice 1/5
    INFO | 2026-08-24 13:14:20 | slittrace.py:get_radec_image:536 | Generating an RA/DEC image with slice_offset=-0.400
    INFO | 2026-08-24 13:14:21 | datacube.py:subpixellate:1807 | Resampling subslice 2/5
    INFO | 2026-08-24 13:14:21 | slittrace.py:get_radec_image:536 | Generating an RA/DEC image with slice_offset=-0.200
    INFO | 2026-08-24 13:14:22 | datacube.py:subpixellate:1807 | Resampling subslice 3/5
    INFO | 2026-08-24 13:14:22 | slittrace.py:get_radec_image:536 | Generating an RA/DEC image with slice_offset=0.000
    INFO | 2026-08-24 13:14:23 | datacube.py:subpixellate:1807 | Resampling subslice 4/5
    INFO | 2026-08-24 13:14:23 | slittrace.py:get_radec_image:536 | Generating an RA/DEC image with slice_offset=0.200
    INFO | 2026-08-24 13:14:24 | datacube.py:subpixellate:1807 | Resampling subslice 5/5
    INFO | 2026-08-24 13:14:24 | slittrace.py:get_radec_image:536 | Generating an RA/DEC image with slice_offset=0.400
    INFO | 2026-08-24 13:14:25 | datacube.py:generate_image_subpixel:1485 | Creating image 4/6
    INFO | 2026-08-24 13:14:25 | datacube.py:subpixellate:1770 | Resampling slit 1/24
    INFO | 2026-08-24 13:14:25 | datacube.py:subpixellate:1807 | Resampling subslice 1/5
    INFO | 2026-08-24 13:14:25 | slittrace.py:get_radec_image:536 | Generating an RA/DEC image with slice_offset=-0.400
    INFO | 2026-08-24 13:14:26 | datacube.py:subpixellate:1807 | Resampling subslice 2/5
    INFO | 2026-08-24 13:14:26 | slittrace.py:get_radec_image:536 | Generating an RA/DEC image with slice_offset=-0.200
    INFO | 2026-08-24 13:14:27 | datacube.py:subpixellate:1807 | Resampling subslice 3/5
    INFO | 2026-08-24 13:14:27 | slittrace.py:get_radec_image:536 | Generating an RA/DEC image with slice_offset=0.000
    INFO | 2026-08-24 13:14:27 | datacube.py:subpixellate:1807 | Resampling subslice 4/5
    INFO | 2026-08-24 13:14:27 | slittrace.py:get_radec_image:536 | Generating an RA/DEC image with slice_offset=0.200
    INFO | 2026-08-24 13:14:28 | datacube.py:subpixellate:1807 | Resampling subslice 5/5
    INFO | 2026-08-24 13:14:28 | slittrace.py:get_radec_image:536 | Generating an RA/DEC image with slice_offset=0.400
    INFO | 2026-08-24 13:14:29 | datacube.py:subpixellate:1770 | Resampling slit 2/24
    INFO | 2026-08-24 13:14:30 | datacube.py:subpixellate:1807 | Resampling subslice 1/5
    INFO | 2026-08-24 13:14:30 | slittrace.py:get_radec_image:536 | Generating an RA/DEC image with slice_offset=-0.400
    INFO | 2026-08-24 13:14:30 | datacube.py:subpixellate:1807 | Resampling subslice 2/5
    INFO | 2026-08-24 13:14:30 | slittrace.py:get_radec_image:536 | Generating an RA/DEC image with slice_offset=-0.200
    INFO | 2026-08-24 13:14:31 | datacube.py:subpixellate:1807 | Resampling subslice 3/5
    INFO | 2026-08-24 13:14:31 | slittrace.py:get_radec_image:536 | Generating an RA/DEC image with slice_offset=0.000
    INFO | 2026-08-24 13:14:32 | datacube.py:subpixellate:1807 | Resampling subslice 4/5
    INFO | 2026-08-24 13:14:32 | slittrace.py:get_radec_image:536 | Generating an RA/DEC image with slice_offset=0.200
    INFO | 2026-08-24 13:14:33 | datacube.py:subpixellate:1807 | Resampling subslice 5/5
    INFO | 2026-08-24 13:14:33 | slittrace.py:get_radec_image:536 | Generating an RA/DEC image with slice_offset=0.400
    INFO | 2026-08-24 13:14:34 | datacube.py:subpixellate:1770 | Resampling slit 3/24
    INFO | 2026-08-24 13:14:34 | datacube.py:subpixellate:1807 | Resampling subslice 1/5
    INFO | 2026-08-24 13:14:34 | slittrace.py:get_radec_image:536 | Generating an RA/DEC image with slice_offset=-0.400
    INFO | 2026-08-24 13:14:35 | datacube.py:subpixellate:1807 | Resampling subslice 2/5
    INFO | 2026-08-24 13:14:35 | slittrace.py:get_radec_image:536 | Generating an RA/DEC image with slice_offset=-0.200
    INFO | 2026-08-24 13:14:36 | datacube.py:subpixellate:1807 | Resampling subslice 3/5
    INFO | 2026-08-24 13:14:36 | slittrace.py:get_radec_image:536 | Generating an RA/DEC image with slice_offset=0.000
    INFO | 2026-08-24 13:14:37 | datacube.py:subpixellate:1807 | Resampling subslice 4/5
    INFO | 2026-08-24 13:14:37 | slittrace.py:get_radec_image:536 | Generating an RA/DEC image with slice_offset=0.200
    INFO | 2026-08-24 13:14:37 | datacube.py:subpixellate:1807 | Resampling subslice 5/5
    INFO | 2026-08-24 13:14:37 | slittrace.py:get_radec_image:536 | Generating an RA/DEC image with slice_offset=0.400
    INFO | 2026-08-24 13:14:38 | datacube.py:subpixellate:1770 | Resampling slit 4/24
    INFO | 2026-08-24 13:14:39 | datacube.py:subpixellate:1807 | Resampling subslice 1/5
    INFO | 2026-08-24 13:14:39 | slittrace.py:get_radec_image:536 | Generating an RA/DEC image with slice_offset=-0.400
    INFO | 2026-08-24 13:14:40 | datacube.py:subpixellate:1807 | Resampling subslice 2/5
    INFO | 2026-08-24 13:14:40 | slittrace.py:get_radec_image:536 | Generating an RA/DEC image with slice_offset=-0.200
    INFO | 2026-08-24 13:14:40 | datacube.py:subpixellate:1807 | Resampling subslice 3/5
    INFO | 2026-08-24 13:14:40 | slittrace.py:get_radec_image:536 | Generating an RA/DEC image with slice_offset=0.000
    INFO | 2026-08-24 13:14:41 | datacube.py:subpixellate:1807 | Resampling subslice 4/5
    INFO | 2026-08-24 13:14:41 | slittrace.py:get_radec_image:536 | Generating an RA/DEC image with slice_offset=0.200
    INFO | 2026-08-24 13:14:42 | datacube.py:subpixellate:1807 | Resampling subslice 5/5
    INFO | 2026-08-24 13:14:42 | slittrace.py:get_radec_image:536 | Generating an RA/DEC image with slice_offset=0.400
    INFO | 2026-08-24 13:14:43 | datacube.py:subpixellate:1770 | Resampling slit 5/24
    INFO | 2026-08-24 13:14:43 | datacube.py:subpixellate:1807 | Resampling subslice 1/5
    INFO | 2026-08-24 13:14:43 | slittrace.py:get_radec_image:536 | Generating an RA/DEC image with slice_offset=-0.400
    INFO | 2026-08-24 13:14:44 | datacube.py:subpixellate:1807 | Resampling subslice 2/5
    INFO | 2026-08-24 13:14:44 | slittrace.py:get_radec_image:536 | Generating an RA/DEC image with slice_offset=-0.200
    INFO | 2026-08-24 13:14:45 | datacube.py:subpixellate:1807 | Resampling subslice 3/5
    INFO | 2026-08-24 13:14:45 | slittrace.py:get_radec_image:536 | Generating an RA/DEC image with slice_offset=0.000
    INFO | 2026-08-24 13:14:46 | datacube.py:subpixellate:1807 | Resampling subslice 4/5
    INFO | 2026-08-24 13:14:46 | slittrace.py:get_radec_image:536 | Generating an RA/DEC image with slice_offset=0.200
    INFO | 2026-08-24 13:14:46 | datacube.py:subpixellate:1807 | Resampling subslice 5/5
    INFO | 2026-08-24 13:14:46 | slittrace.py:get_radec_image:536 | Generating an RA/DEC image with slice_offset=0.400
    INFO | 2026-08-24 13:14:47 | datacube.py:subpixellate:1770 | Resampling slit 6/24
    INFO | 2026-08-24 13:14:48 | datacube.py:subpixellate:1807 | Resampling subslice 1/5
    INFO | 2026-08-24 13:14:48 | slittrace.py:get_radec_image:536 | Generating an RA/DEC image with slice_offset=-0.400
    INFO | 2026-08-24 13:14:48 | datacube.py:subpixellate:1807 | Resampling subslice 2/5
    INFO | 2026-08-24 13:14:48 | slittrace.py:get_radec_image:536 | Generating an RA/DEC image with slice_offset=-0.200
    INFO | 2026-08-24 13:14:49 | datacube.py:subpixellate:1807 | Resampling subslice 3/5
    INFO | 2026-08-24 13:14:49 | slittrace.py:get_radec_image:536 | Generating an RA/DEC image with slice_offset=0.000
    INFO | 2026-08-24 13:14:50 | datacube.py:subpixellate:1807 | Resampling subslice 4/5
    INFO | 2026-08-24 13:14:50 | slittrace.py:get_radec_image:536 | Generating an RA/DEC image with slice_offset=0.200
    INFO | 2026-08-24 13:14:51 | datacube.py:subpixellate:1807 | Resampling subslice 5/5
    INFO | 2026-08-24 13:14:51 | slittrace.py:get_radec_image:536 | Generating an RA/DEC image with slice_offset=0.400
    INFO | 2026-08-24 13:14:52 | datacube.py:subpixellate:1770 | Resampling slit 7/24
    INFO | 2026-08-24 13:14:52 | datacube.py:subpixellate:1807 | Resampling subslice 1/5
    INFO | 2026-08-24 13:14:52 | slittrace.py:get_radec_image:536 | Generating an RA/DEC image with slice_offset=-0.400
    INFO | 2026-08-24 13:14:53 | datacube.py:subpixellate:1807 | Resampling subslice 2/5
    INFO | 2026-08-24 13:14:53 | slittrace.py:get_radec_image:536 | Generating an RA/DEC image with slice_offset=-0.200
    INFO | 2026-08-24 13:14:54 | datacube.py:subpixellate:1807 | Resampling subslice 3/5
    INFO | 2026-08-24 13:14:54 | slittrace.py:get_radec_image:536 | Generating an RA/DEC image with slice_offset=0.000
    INFO | 2026-08-24 13:14:54 | datacube.py:subpixellate:1807 | Resampling subslice 4/5
    INFO | 2026-08-24 13:14:54 | slittrace.py:get_radec_image:536 | Generating an RA/DEC image with slice_offset=0.200
    INFO | 2026-08-24 13:14:55 | datacube.py:subpixellate:1807 | Resampling subslice 5/5
    INFO | 2026-08-24 13:14:55 | slittrace.py:get_radec_image:536 | Generating an RA/DEC image with slice_offset=0.400
    INFO | 2026-08-24 13:14:56 | datacube.py:subpixellate:1770 | Resampling slit 8/24
    INFO | 2026-08-24 13:14:57 | datacube.py:subpixellate:1807 | Resampling subslice 1/5
    INFO | 2026-08-24 13:14:57 | slittrace.py:get_radec_image:536 | Generating an RA/DEC image with slice_offset=-0.400
    INFO | 2026-08-24 13:14:58 | datacube.py:subpixellate:1807 | Resampling subslice 2/5
    INFO | 2026-08-24 13:14:58 | slittrace.py:get_radec_image:536 | Generating an RA/DEC image with slice_offset=-0.200
    INFO | 2026-08-24 13:14:58 | datacube.py:subpixellate:1807 | Resampling subslice 3/5
    INFO | 2026-08-24 13:14:58 | slittrace.py:get_radec_image:536 | Generating an RA/DEC image with slice_offset=0.000
    INFO | 2026-08-24 13:14:59 | datacube.py:subpixellate:1807 | Resampling subslice 4/5
    INFO | 2026-08-24 13:14:59 | slittrace.py:get_radec_image:536 | Generating an RA/DEC image with slice_offset=0.200
    INFO | 2026-08-24 13:15:00 | datacube.py:subpixellate:1807 | Resampling subslice 5/5
    INFO | 2026-08-24 13:15:00 | slittrace.py:get_radec_image:536 | Generating an RA/DEC image with slice_offset=0.400
    INFO | 2026-08-24 13:15:01 | datacube.py:subpixellate:1770 | Resampling slit 9/24
    INFO | 2026-08-24 13:15:01 | datacube.py:subpixellate:1807 | Resampling subslice 1/5
    INFO | 2026-08-24 13:15:01 | slittrace.py:get_radec_image:536 | Generating an RA/DEC image with slice_offset=-0.400
    INFO | 2026-08-24 13:15:02 | datacube.py:subpixellate:1807 | Resampling subslice 2/5
    INFO | 2026-08-24 13:15:02 | slittrace.py:get_radec_image:536 | Generating an RA/DEC image with slice_offset=-0.200
    INFO | 2026-08-24 13:15:03 | datacube.py:subpixellate:1807 | Resampling subslice 3/5
    INFO | 2026-08-24 13:15:03 | slittrace.py:get_radec_image:536 | Generating an RA/DEC image with slice_offset=0.000
    INFO | 2026-08-24 13:15:04 | datacube.py:subpixellate:1807 | Resampling subslice 4/5
    INFO | 2026-08-24 13:15:04 | slittrace.py:get_radec_image:536 | Generating an RA/DEC image with slice_offset=0.200
    INFO | 2026-08-24 13:15:04 | datacube.py:subpixellate:1807 | Resampling subslice 5/5
    INFO | 2026-08-24 13:15:04 | slittrace.py:get_radec_image:536 | Generating an RA/DEC image with slice_offset=0.400
    INFO | 2026-08-24 13:15:05 | datacube.py:subpixellate:1770 | Resampling slit 10/24
    INFO | 2026-08-24 13:15:06 | datacube.py:subpixellate:1807 | Resampling subslice 1/5
    INFO | 2026-08-24 13:15:06 | slittrace.py:get_radec_image:536 | Generating an RA/DEC image with slice_offset=-0.400
    INFO | 2026-08-24 13:15:06 | datacube.py:subpixellate:1807 | Resampling subslice 2/5
    INFO | 2026-08-24 13:15:06 | slittrace.py:get_radec_image:536 | Generating an RA/DEC image with slice_offset=-0.200
    INFO | 2026-08-24 13:15:07 | datacube.py:subpixellate:1807 | Resampling subslice 3/5
    INFO | 2026-08-24 13:15:07 | slittrace.py:get_radec_image:536 | Generating an RA/DEC image with slice_offset=0.000
    INFO | 2026-08-24 13:15:08 | datacube.py:subpixellate:1807 | Resampling subslice 4/5
    INFO | 2026-08-24 13:15:08 | slittrace.py:get_radec_image:536 | Generating an RA/DEC image with slice_offset=0.200
    INFO | 2026-08-24 13:15:09 | datacube.py:subpixellate:1807 | Resampling subslice 5/5
    INFO | 2026-08-24 13:15:09 | slittrace.py:get_radec_image:536 | Generating an RA/DEC image with slice_offset=0.400
    INFO | 2026-08-24 13:15:10 | datacube.py:subpixellate:1770 | Resampling slit 11/24
    INFO | 2026-08-24 13:15:10 | datacube.py:subpixellate:1807 | Resampling subslice 1/5
    INFO | 2026-08-24 13:15:10 | slittrace.py:get_radec_image:536 | Generating an RA/DEC image with slice_offset=-0.400
    INFO | 2026-08-24 13:15:11 | datacube.py:subpixellate:1807 | Resampling subslice 2/5
    INFO | 2026-08-24 13:15:11 | slittrace.py:get_radec_image:536 | Generating an RA/DEC image with slice_offset=-0.200
    INFO | 2026-08-24 13:15:12 | datacube.py:subpixellate:1807 | Resampling subslice 3/5
    INFO | 2026-08-24 13:15:12 | slittrace.py:get_radec_image:536 | Generating an RA/DEC image with slice_offset=0.000
    INFO | 2026-08-24 13:15:12 | datacube.py:subpixellate:1807 | Resampling subslice 4/5
    INFO | 2026-08-24 13:15:12 | slittrace.py:get_radec_image:536 | Generating an RA/DEC image with slice_offset=0.200
    INFO | 2026-08-24 13:15:13 | datacube.py:subpixellate:1807 | Resampling subslice 5/5
    INFO | 2026-08-24 13:15:13 | slittrace.py:get_radec_image:536 | Generating an RA/DEC image with slice_offset=0.400
    INFO | 2026-08-24 13:15:14 | datacube.py:subpixellate:1770 | Resampling slit 12/24
    INFO | 2026-08-24 13:15:14 | datacube.py:subpixellate:1807 | Resampling subslice 1/5
    INFO | 2026-08-24 13:15:14 | slittrace.py:get_radec_image:536 | Generating an RA/DEC image with slice_offset=-0.400
    INFO | 2026-08-24 13:15:15 | datacube.py:subpixellate:1807 | Resampling subslice 2/5
    INFO | 2026-08-24 13:15:15 | slittrace.py:get_radec_image:536 | Generating an RA/DEC image with slice_offset=-0.200
    INFO | 2026-08-24 13:15:16 | datacube.py:subpixellate:1807 | Resampling subslice 3/5
    INFO | 2026-08-24 13:15:16 | slittrace.py:get_radec_image:536 | Generating an RA/DEC image with slice_offset=0.000
    INFO | 2026-08-24 13:15:17 | datacube.py:subpixellate:1807 | Resampling subslice 4/5
    INFO | 2026-08-24 13:15:17 | slittrace.py:get_radec_image:536 | Generating an RA/DEC image with slice_offset=0.200
    INFO | 2026-08-24 13:15:17 | datacube.py:subpixellate:1807 | Resampling subslice 5/5
    INFO | 2026-08-24 13:15:17 | slittrace.py:get_radec_image:536 | Generating an RA/DEC image with slice_offset=0.400
    INFO | 2026-08-24 13:15:18 | datacube.py:subpixellate:1770 | Resampling slit 13/24
    INFO | 2026-08-24 13:15:19 | datacube.py:subpixellate:1807 | Resampling subslice 1/5
    INFO | 2026-08-24 13:15:19 | slittrace.py:get_radec_image:536 | Generating an RA/DEC image with slice_offset=-0.400
    INFO | 2026-08-24 13:15:19 | datacube.py:subpixellate:1807 | Resampling subslice 2/5
    INFO | 2026-08-24 13:15:19 | slittrace.py:get_radec_image:536 | Generating an RA/DEC image with slice_offset=-0.200
    INFO | 2026-08-24 13:15:20 | datacube.py:subpixellate:1807 | Resampling subslice 3/5
    INFO | 2026-08-24 13:15:20 | slittrace.py:get_radec_image:536 | Generating an RA/DEC image with slice_offset=0.000
    INFO | 2026-08-24 13:15:21 | datacube.py:subpixellate:1807 | Resampling subslice 4/5
    INFO | 2026-08-24 13:15:21 | slittrace.py:get_radec_image:536 | Generating an RA/DEC image with slice_offset=0.200
    INFO | 2026-08-24 13:15:22 | datacube.py:subpixellate:1807 | Resampling subslice 5/5
    INFO | 2026-08-24 13:15:22 | slittrace.py:get_radec_image:536 | Generating an RA/DEC image with slice_offset=0.400
    INFO | 2026-08-24 13:15:23 | datacube.py:subpixellate:1770 | Resampling slit 14/24
    INFO | 2026-08-24 13:15:23 | datacube.py:subpixellate:1807 | Resampling subslice 1/5
    INFO | 2026-08-24 13:15:23 | slittrace.py:get_radec_image:536 | Generating an RA/DEC image with slice_offset=-0.400
    INFO | 2026-08-24 13:15:24 | datacube.py:subpixellate:1807 | Resampling subslice 2/5
    INFO | 2026-08-24 13:15:24 | slittrace.py:get_radec_image:536 | Generating an RA/DEC image with slice_offset=-0.200
    INFO | 2026-08-24 13:15:25 | datacube.py:subpixellate:1807 | Resampling subslice 3/5
    INFO | 2026-08-24 13:15:25 | slittrace.py:get_radec_image:536 | Generating an RA/DEC image with slice_offset=0.000
    INFO | 2026-08-24 13:15:25 | datacube.py:subpixellate:1807 | Resampling subslice 4/5
    INFO | 2026-08-24 13:15:25 | slittrace.py:get_radec_image:536 | Generating an RA/DEC image with slice_offset=0.200
    INFO | 2026-08-24 13:15:26 | datacube.py:subpixellate:1807 | Resampling subslice 5/5
    INFO | 2026-08-24 13:15:26 | slittrace.py:get_radec_image:536 | Generating an RA/DEC image with slice_offset=0.400
    INFO | 2026-08-24 13:15:27 | datacube.py:subpixellate:1770 | Resampling slit 15/24
    INFO | 2026-08-24 13:15:27 | datacube.py:subpixellate:1807 | Resampling subslice 1/5
    INFO | 2026-08-24 13:15:27 | slittrace.py:get_radec_image:536 | Generating an RA/DEC image with slice_offset=-0.400
    INFO | 2026-08-24 13:15:28 | datacube.py:subpixellate:1807 | Resampling subslice 2/5
    INFO | 2026-08-24 13:15:28 | slittrace.py:get_radec_image:536 | Generating an RA/DEC image with slice_offset=-0.200
    INFO | 2026-08-24 13:15:29 | datacube.py:subpixellate:1807 | Resampling subslice 3/5
    INFO | 2026-08-24 13:15:29 | slittrace.py:get_radec_image:536 | Generating an RA/DEC image with slice_offset=0.000
    INFO | 2026-08-24 13:15:30 | datacube.py:subpixellate:1807 | Resampling subslice 4/5
    INFO | 2026-08-24 13:15:30 | slittrace.py:get_radec_image:536 | Generating an RA/DEC image with slice_offset=0.200
    INFO | 2026-08-24 13:15:30 | datacube.py:subpixellate:1807 | Resampling subslice 5/5
    INFO | 2026-08-24 13:15:30 | slittrace.py:get_radec_image:536 | Generating an RA/DEC image with slice_offset=0.400
    INFO | 2026-08-24 13:15:32 | datacube.py:subpixellate:1770 | Resampling slit 16/24
    INFO | 2026-08-24 13:15:32 | datacube.py:subpixellate:1807 | Resampling subslice 1/5
    INFO | 2026-08-24 13:15:32 | slittrace.py:get_radec_image:536 | Generating an RA/DEC image with slice_offset=-0.400
    INFO | 2026-08-24 13:15:33 | datacube.py:subpixellate:1807 | Resampling subslice 2/5
    INFO | 2026-08-24 13:15:33 | slittrace.py:get_radec_image:536 | Generating an RA/DEC image with slice_offset=-0.200
    INFO | 2026-08-24 13:15:33 | datacube.py:subpixellate:1807 | Resampling subslice 3/5
    INFO | 2026-08-24 13:15:33 | slittrace.py:get_radec_image:536 | Generating an RA/DEC image with slice_offset=0.000
    INFO | 2026-08-24 13:15:34 | datacube.py:subpixellate:1807 | Resampling subslice 4/5
    INFO | 2026-08-24 13:15:34 | slittrace.py:get_radec_image:536 | Generating an RA/DEC image with slice_offset=0.200
    INFO | 2026-08-24 13:15:35 | datacube.py:subpixellate:1807 | Resampling subslice 5/5
    INFO | 2026-08-24 13:15:35 | slittrace.py:get_radec_image:536 | Generating an RA/DEC image with slice_offset=0.400
    INFO | 2026-08-24 13:15:36 | datacube.py:subpixellate:1770 | Resampling slit 17/24
    INFO | 2026-08-24 13:15:36 | datacube.py:subpixellate:1807 | Resampling subslice 1/5
    INFO | 2026-08-24 13:15:36 | slittrace.py:get_radec_image:536 | Generating an RA/DEC image with slice_offset=-0.400
    INFO | 2026-08-24 13:15:37 | datacube.py:subpixellate:1807 | Resampling subslice 2/5
    INFO | 2026-08-24 13:15:37 | slittrace.py:get_radec_image:536 | Generating an RA/DEC image with slice_offset=-0.200
    INFO | 2026-08-24 13:15:38 | datacube.py:subpixellate:1807 | Resampling subslice 3/5
    INFO | 2026-08-24 13:15:38 | slittrace.py:get_radec_image:536 | Generating an RA/DEC image with slice_offset=0.000
    INFO | 2026-08-24 13:15:39 | datacube.py:subpixellate:1807 | Resampling subslice 4/5
    INFO | 2026-08-24 13:15:39 | slittrace.py:get_radec_image:536 | Generating an RA/DEC image with slice_offset=0.200
    INFO | 2026-08-24 13:15:39 | datacube.py:subpixellate:1807 | Resampling subslice 5/5
    INFO | 2026-08-24 13:15:39 | slittrace.py:get_radec_image:536 | Generating an RA/DEC image with slice_offset=0.400
    INFO | 2026-08-24 13:15:40 | datacube.py:subpixellate:1770 | Resampling slit 18/24
    INFO | 2026-08-24 13:15:41 | datacube.py:subpixellate:1807 | Resampling subslice 1/5
    INFO | 2026-08-24 13:15:41 | slittrace.py:get_radec_image:536 | Generating an RA/DEC image with slice_offset=-0.400
    INFO | 2026-08-24 13:15:42 | datacube.py:subpixellate:1807 | Resampling subslice 2/5
    INFO | 2026-08-24 13:15:42 | slittrace.py:get_radec_image:536 | Generating an RA/DEC image with slice_offset=-0.200
    INFO | 2026-08-24 13:15:42 | datacube.py:subpixellate:1807 | Resampling subslice 3/5
    INFO | 2026-08-24 13:15:42 | slittrace.py:get_radec_image:536 | Generating an RA/DEC image with slice_offset=0.000
    INFO | 2026-08-24 13:15:43 | datacube.py:subpixellate:1807 | Resampling subslice 4/5
    INFO | 2026-08-24 13:15:43 | slittrace.py:get_radec_image:536 | Generating an RA/DEC image with slice_offset=0.200
    INFO | 2026-08-24 13:15:44 | datacube.py:subpixellate:1807 | Resampling subslice 5/5
    INFO | 2026-08-24 13:15:44 | slittrace.py:get_radec_image:536 | Generating an RA/DEC image with slice_offset=0.400
    INFO | 2026-08-24 13:15:45 | datacube.py:subpixellate:1770 | Resampling slit 19/24
    INFO | 2026-08-24 13:15:45 | datacube.py:subpixellate:1807 | Resampling subslice 1/5
    INFO | 2026-08-24 13:15:45 | slittrace.py:get_radec_image:536 | Generating an RA/DEC image with slice_offset=-0.400
    INFO | 2026-08-24 13:15:46 | datacube.py:subpixellate:1807 | Resampling subslice 2/5
    INFO | 2026-08-24 13:15:46 | slittrace.py:get_radec_image:536 | Generating an RA/DEC image with slice_offset=-0.200
    INFO | 2026-08-24 13:15:47 | datacube.py:subpixellate:1807 | Resampling subslice 3/5
    INFO | 2026-08-24 13:15:47 | slittrace.py:get_radec_image:536 | Generating an RA/DEC image with slice_offset=0.000
    INFO | 2026-08-24 13:15:48 | datacube.py:subpixellate:1807 | Resampling subslice 4/5
    INFO | 2026-08-24 13:15:48 | slittrace.py:get_radec_image:536 | Generating an RA/DEC image with slice_offset=0.200
    INFO | 2026-08-24 13:15:48 | datacube.py:subpixellate:1807 | Resampling subslice 5/5
    INFO | 2026-08-24 13:15:48 | slittrace.py:get_radec_image:536 | Generating an RA/DEC image with slice_offset=0.400
    INFO | 2026-08-24 13:15:49 | datacube.py:subpixellate:1770 | Resampling slit 20/24
    INFO | 2026-08-24 13:15:50 | datacube.py:subpixellate:1807 | Resampling subslice 1/5
    INFO | 2026-08-24 13:15:50 | slittrace.py:get_radec_image:536 | Generating an RA/DEC image with slice_offset=-0.400
    INFO | 2026-08-24 13:15:51 | datacube.py:subpixellate:1807 | Resampling subslice 2/5
    INFO | 2026-08-24 13:15:51 | slittrace.py:get_radec_image:536 | Generating an RA/DEC image with slice_offset=-0.200
    INFO | 2026-08-24 13:15:51 | datacube.py:subpixellate:1807 | Resampling subslice 3/5
    INFO | 2026-08-24 13:15:51 | slittrace.py:get_radec_image:536 | Generating an RA/DEC image with slice_offset=0.000
    INFO | 2026-08-24 13:15:52 | datacube.py:subpixellate:1807 | Resampling subslice 4/5
    INFO | 2026-08-24 13:15:52 | slittrace.py:get_radec_image:536 | Generating an RA/DEC image with slice_offset=0.200
    INFO | 2026-08-24 13:15:53 | datacube.py:subpixellate:1807 | Resampling subslice 5/5
    INFO | 2026-08-24 13:15:53 | slittrace.py:get_radec_image:536 | Generating an RA/DEC image with slice_offset=0.400
    INFO | 2026-08-24 13:15:54 | datacube.py:subpixellate:1770 | Resampling slit 21/24
    INFO | 2026-08-24 13:15:54 | datacube.py:subpixellate:1807 | Resampling subslice 1/5
    INFO | 2026-08-24 13:15:54 | slittrace.py:get_radec_image:536 | Generating an RA/DEC image with slice_offset=-0.400
    INFO | 2026-08-24 13:15:55 | datacube.py:subpixellate:1807 | Resampling subslice 2/5
    INFO | 2026-08-24 13:15:55 | slittrace.py:get_radec_image:536 | Generating an RA/DEC image with slice_offset=-0.200
    INFO | 2026-08-24 13:15:56 | datacube.py:subpixellate:1807 | Resampling subslice 3/5
    INFO | 2026-08-24 13:15:56 | slittrace.py:get_radec_image:536 | Generating an RA/DEC image with slice_offset=0.000
    INFO | 2026-08-24 13:15:57 | datacube.py:subpixellate:1807 | Resampling subslice 4/5
    INFO | 2026-08-24 13:15:57 | slittrace.py:get_radec_image:536 | Generating an RA/DEC image with slice_offset=0.200
    INFO | 2026-08-24 13:15:57 | datacube.py:subpixellate:1807 | Resampling subslice 5/5
    INFO | 2026-08-24 13:15:57 | slittrace.py:get_radec_image:536 | Generating an RA/DEC image with slice_offset=0.400
    INFO | 2026-08-24 13:15:58 | datacube.py:subpixellate:1770 | Resampling slit 22/24
    INFO | 2026-08-24 13:15:59 | datacube.py:subpixellate:1807 | Resampling subslice 1/5
    INFO | 2026-08-24 13:15:59 | slittrace.py:get_radec_image:536 | Generating an RA/DEC image with slice_offset=-0.400
    INFO | 2026-08-24 13:16:00 | datacube.py:subpixellate:1807 | Resampling subslice 2/5
    INFO | 2026-08-24 13:16:00 | slittrace.py:get_radec_image:536 | Generating an RA/DEC image with slice_offset=-0.200
    INFO | 2026-08-24 13:16:00 | datacube.py:subpixellate:1807 | Resampling subslice 3/5
    INFO | 2026-08-24 13:16:00 | slittrace.py:get_radec_image:536 | Generating an RA/DEC image with slice_offset=0.000
    INFO | 2026-08-24 13:16:01 | datacube.py:subpixellate:1807 | Resampling subslice 4/5
    INFO | 2026-08-24 13:16:01 | slittrace.py:get_radec_image:536 | Generating an RA/DEC image with slice_offset=0.200
    INFO | 2026-08-24 13:16:02 | datacube.py:subpixellate:1807 | Resampling subslice 5/5
    INFO | 2026-08-24 13:16:02 | slittrace.py:get_radec_image:536 | Generating an RA/DEC image with slice_offset=0.400
    INFO | 2026-08-24 13:16:03 | datacube.py:subpixellate:1770 | Resampling slit 23/24
    INFO | 2026-08-24 13:16:03 | datacube.py:subpixellate:1807 | Resampling subslice 1/5
    INFO | 2026-08-24 13:16:03 | slittrace.py:get_radec_image:536 | Generating an RA/DEC image with slice_offset=-0.400
    INFO | 2026-08-24 13:16:04 | datacube.py:subpixellate:1807 | Resampling subslice 2/5
    INFO | 2026-08-24 13:16:04 | slittrace.py:get_radec_image:536 | Generating an RA/DEC image with slice_offset=-0.200
    INFO | 2026-08-24 13:16:05 | datacube.py:subpixellate:1807 | Resampling subslice 3/5
    INFO | 2026-08-24 13:16:05 | slittrace.py:get_radec_image:536 | Generating an RA/DEC image with slice_offset=0.000
    INFO | 2026-08-24 13:16:06 | datacube.py:subpixellate:1807 | Resampling subslice 4/5
    INFO | 2026-08-24 13:16:06 | slittrace.py:get_radec_image:536 | Generating an RA/DEC image with slice_offset=0.200
    INFO | 2026-08-24 13:16:07 | datacube.py:subpixellate:1807 | Resampling subslice 5/5
    INFO | 2026-08-24 13:16:07 | slittrace.py:get_radec_image:536 | Generating an RA/DEC image with slice_offset=0.400
    INFO | 2026-08-24 13:16:08 | datacube.py:subpixellate:1770 | Resampling slit 24/24
    INFO | 2026-08-24 13:16:08 | datacube.py:subpixellate:1807 | Resampling subslice 1/5
    INFO | 2026-08-24 13:16:08 | slittrace.py:get_radec_image:536 | Generating an RA/DEC image with slice_offset=-0.400
    INFO | 2026-08-24 13:16:09 | datacube.py:subpixellate:1807 | Resampling subslice 2/5
    INFO | 2026-08-24 13:16:09 | slittrace.py:get_radec_image:536 | Generating an RA/DEC image with slice_offset=-0.200
    INFO | 2026-08-24 13:16:10 | datacube.py:subpixellate:1807 | Resampling subslice 3/5
    INFO | 2026-08-24 13:16:10 | slittrace.py:get_radec_image:536 | Generating an RA/DEC image with slice_offset=0.000
    INFO | 2026-08-24 13:16:10 | datacube.py:subpixellate:1807 | Resampling subslice 4/5
    INFO | 2026-08-24 13:16:10 | slittrace.py:get_radec_image:536 | Generating an RA/DEC image with slice_offset=0.200
    INFO | 2026-08-24 13:16:11 | datacube.py:subpixellate:1807 | Resampling subslice 5/5
    INFO | 2026-08-24 13:16:11 | slittrace.py:get_radec_image:536 | Generating an RA/DEC image with slice_offset=0.400
    INFO | 2026-08-24 13:16:12 | datacube.py:generate_image_subpixel:1485 | Creating image 5/6
    INFO | 2026-08-24 13:16:12 | datacube.py:subpixellate:1770 | Resampling slit 1/24
    INFO | 2026-08-24 13:16:13 | datacube.py:subpixellate:1807 | Resampling subslice 1/5
    INFO | 2026-08-24 13:16:13 | slittrace.py:get_radec_image:536 | Generating an RA/DEC image with slice_offset=-0.400
    INFO | 2026-08-24 13:16:13 | datacube.py:subpixellate:1807 | Resampling subslice 2/5
    INFO | 2026-08-24 13:16:13 | slittrace.py:get_radec_image:536 | Generating an RA/DEC image with slice_offset=-0.200
    INFO | 2026-08-24 13:16:14 | datacube.py:subpixellate:1807 | Resampling subslice 3/5
    INFO | 2026-08-24 13:16:14 | slittrace.py:get_radec_image:536 | Generating an RA/DEC image with slice_offset=0.000
    INFO | 2026-08-24 13:16:15 | datacube.py:subpixellate:1807 | Resampling subslice 4/5
    INFO | 2026-08-24 13:16:15 | slittrace.py:get_radec_image:536 | Generating an RA/DEC image with slice_offset=0.200
    INFO | 2026-08-24 13:16:16 | datacube.py:subpixellate:1807 | Resampling subslice 5/5
    INFO | 2026-08-24 13:16:16 | slittrace.py:get_radec_image:536 | Generating an RA/DEC image with slice_offset=0.400
    INFO | 2026-08-24 13:16:17 | datacube.py:subpixellate:1770 | Resampling slit 2/24
    INFO | 2026-08-24 13:16:17 | datacube.py:subpixellate:1807 | Resampling subslice 1/5
    INFO | 2026-08-24 13:16:17 | slittrace.py:get_radec_image:536 | Generating an RA/DEC image with slice_offset=-0.400
    INFO | 2026-08-24 13:16:18 | datacube.py:subpixellate:1807 | Resampling subslice 2/5
    INFO | 2026-08-24 13:16:18 | slittrace.py:get_radec_image:536 | Generating an RA/DEC image with slice_offset=-0.200
    INFO | 2026-08-24 13:16:19 | datacube.py:subpixellate:1807 | Resampling subslice 3/5
    INFO | 2026-08-24 13:16:19 | slittrace.py:get_radec_image:536 | Generating an RA/DEC image with slice_offset=0.000
    INFO | 2026-08-24 13:16:20 | datacube.py:subpixellate:1807 | Resampling subslice 4/5
    INFO | 2026-08-24 13:16:20 | slittrace.py:get_radec_image:536 | Generating an RA/DEC image with slice_offset=0.200
    INFO | 2026-08-24 13:16:20 | datacube.py:subpixellate:1807 | Resampling subslice 5/5
    INFO | 2026-08-24 13:16:20 | slittrace.py:get_radec_image:536 | Generating an RA/DEC image with slice_offset=0.400
    INFO | 2026-08-24 13:16:21 | datacube.py:subpixellate:1770 | Resampling slit 3/24
    INFO | 2026-08-24 13:16:22 | datacube.py:subpixellate:1807 | Resampling subslice 1/5
    INFO | 2026-08-24 13:16:22 | slittrace.py:get_radec_image:536 | Generating an RA/DEC image with slice_offset=-0.400
    INFO | 2026-08-24 13:16:23 | datacube.py:subpixellate:1807 | Resampling subslice 2/5
    INFO | 2026-08-24 13:16:23 | slittrace.py:get_radec_image:536 | Generating an RA/DEC image with slice_offset=-0.200
    INFO | 2026-08-24 13:16:23 | datacube.py:subpixellate:1807 | Resampling subslice 3/5
    INFO | 2026-08-24 13:16:23 | slittrace.py:get_radec_image:536 | Generating an RA/DEC image with slice_offset=0.000
    INFO | 2026-08-24 13:16:24 | datacube.py:subpixellate:1807 | Resampling subslice 4/5
    INFO | 2026-08-24 13:16:24 | slittrace.py:get_radec_image:536 | Generating an RA/DEC image with slice_offset=0.200
    INFO | 2026-08-24 13:16:25 | datacube.py:subpixellate:1807 | Resampling subslice 5/5
    INFO | 2026-08-24 13:16:25 | slittrace.py:get_radec_image:536 | Generating an RA/DEC image with slice_offset=0.400
    INFO | 2026-08-24 13:16:26 | datacube.py:subpixellate:1770 | Resampling slit 4/24
    INFO | 2026-08-24 13:16:26 | datacube.py:subpixellate:1807 | Resampling subslice 1/5
    INFO | 2026-08-24 13:16:26 | slittrace.py:get_radec_image:536 | Generating an RA/DEC image with slice_offset=-0.400
    INFO | 2026-08-24 13:16:27 | datacube.py:subpixellate:1807 | Resampling subslice 2/5
    INFO | 2026-08-24 13:16:27 | slittrace.py:get_radec_image:536 | Generating an RA/DEC image with slice_offset=-0.200
    INFO | 2026-08-24 13:16:28 | datacube.py:subpixellate:1807 | Resampling subslice 3/5
    INFO | 2026-08-24 13:16:28 | slittrace.py:get_radec_image:536 | Generating an RA/DEC image with slice_offset=0.000
    INFO | 2026-08-24 13:16:29 | datacube.py:subpixellate:1807 | Resampling subslice 4/5
    INFO | 2026-08-24 13:16:29 | slittrace.py:get_radec_image:536 | Generating an RA/DEC image with slice_offset=0.200
    INFO | 2026-08-24 13:16:29 | datacube.py:subpixellate:1807 | Resampling subslice 5/5
    INFO | 2026-08-24 13:16:29 | slittrace.py:get_radec_image:536 | Generating an RA/DEC image with slice_offset=0.400
    INFO | 2026-08-24 13:16:31 | datacube.py:subpixellate:1770 | Resampling slit 5/24
    INFO | 2026-08-24 13:16:31 | datacube.py:subpixellate:1807 | Resampling subslice 1/5
    INFO | 2026-08-24 13:16:31 | slittrace.py:get_radec_image:536 | Generating an RA/DEC image with slice_offset=-0.400
    INFO | 2026-08-24 13:16:32 | datacube.py:subpixellate:1807 | Resampling subslice 2/5
    INFO | 2026-08-24 13:16:32 | slittrace.py:get_radec_image:536 | Generating an RA/DEC image with slice_offset=-0.200
    INFO | 2026-08-24 13:16:32 | datacube.py:subpixellate:1807 | Resampling subslice 3/5
    INFO | 2026-08-24 13:16:32 | slittrace.py:get_radec_image:536 | Generating an RA/DEC image with slice_offset=0.000
    INFO | 2026-08-24 13:16:33 | datacube.py:subpixellate:1807 | Resampling subslice 4/5
    INFO | 2026-08-24 13:16:33 | slittrace.py:get_radec_image:536 | Generating an RA/DEC image with slice_offset=0.200
    INFO | 2026-08-24 13:16:34 | datacube.py:subpixellate:1807 | Resampling subslice 5/5
    INFO | 2026-08-24 13:16:34 | slittrace.py:get_radec_image:536 | Generating an RA/DEC image with slice_offset=0.400
    INFO | 2026-08-24 13:16:35 | datacube.py:subpixellate:1770 | Resampling slit 6/24
    INFO | 2026-08-24 13:16:35 | datacube.py:subpixellate:1807 | Resampling subslice 1/5
    INFO | 2026-08-24 13:16:35 | slittrace.py:get_radec_image:536 | Generating an RA/DEC image with slice_offset=-0.400
    INFO | 2026-08-24 13:16:36 | datacube.py:subpixellate:1807 | Resampling subslice 2/5
    INFO | 2026-08-24 13:16:36 | slittrace.py:get_radec_image:536 | Generating an RA/DEC image with slice_offset=-0.200
    INFO | 2026-08-24 13:16:37 | datacube.py:subpixellate:1807 | Resampling subslice 3/5
    INFO | 2026-08-24 13:16:37 | slittrace.py:get_radec_image:536 | Generating an RA/DEC image with slice_offset=0.000
    INFO | 2026-08-24 13:16:38 | datacube.py:subpixellate:1807 | Resampling subslice 4/5
    INFO | 2026-08-24 13:16:38 | slittrace.py:get_radec_image:536 | Generating an RA/DEC image with slice_offset=0.200
    INFO | 2026-08-24 13:16:38 | datacube.py:subpixellate:1807 | Resampling subslice 5/5
    INFO | 2026-08-24 13:16:38 | slittrace.py:get_radec_image:536 | Generating an RA/DEC image with slice_offset=0.400
    INFO | 2026-08-24 13:16:39 | datacube.py:subpixellate:1770 | Resampling slit 7/24
    INFO | 2026-08-24 13:16:40 | datacube.py:subpixellate:1807 | Resampling subslice 1/5
    INFO | 2026-08-24 13:16:40 | slittrace.py:get_radec_image:536 | Generating an RA/DEC image with slice_offset=-0.400
    INFO | 2026-08-24 13:16:41 | datacube.py:subpixellate:1807 | Resampling subslice 2/5
    INFO | 2026-08-24 13:16:41 | slittrace.py:get_radec_image:536 | Generating an RA/DEC image with slice_offset=-0.200
    INFO | 2026-08-24 13:16:41 | datacube.py:subpixellate:1807 | Resampling subslice 3/5
    INFO | 2026-08-24 13:16:41 | slittrace.py:get_radec_image:536 | Generating an RA/DEC image with slice_offset=0.000
    INFO | 2026-08-24 13:16:42 | datacube.py:subpixellate:1807 | Resampling subslice 4/5
    INFO | 2026-08-24 13:16:42 | slittrace.py:get_radec_image:536 | Generating an RA/DEC image with slice_offset=0.200
    INFO | 2026-08-24 13:16:43 | datacube.py:subpixellate:1807 | Resampling subslice 5/5
    INFO | 2026-08-24 13:16:43 | slittrace.py:get_radec_image:536 | Generating an RA/DEC image with slice_offset=0.400
    INFO | 2026-08-24 13:16:44 | datacube.py:subpixellate:1770 | Resampling slit 8/24
    INFO | 2026-08-24 13:16:44 | datacube.py:subpixellate:1807 | Resampling subslice 1/5
    INFO | 2026-08-24 13:16:44 | slittrace.py:get_radec_image:536 | Generating an RA/DEC image with slice_offset=-0.400
    INFO | 2026-08-24 13:16:45 | datacube.py:subpixellate:1807 | Resampling subslice 2/5
    INFO | 2026-08-24 13:16:45 | slittrace.py:get_radec_image:536 | Generating an RA/DEC image with slice_offset=-0.200
    INFO | 2026-08-24 13:16:46 | datacube.py:subpixellate:1807 | Resampling subslice 3/5
    INFO | 2026-08-24 13:16:46 | slittrace.py:get_radec_image:536 | Generating an RA/DEC image with slice_offset=0.000
    INFO | 2026-08-24 13:16:47 | datacube.py:subpixellate:1807 | Resampling subslice 4/5
    INFO | 2026-08-24 13:16:47 | slittrace.py:get_radec_image:536 | Generating an RA/DEC image with slice_offset=0.200
    INFO | 2026-08-24 13:16:47 | datacube.py:subpixellate:1807 | Resampling subslice 5/5
    INFO | 2026-08-24 13:16:47 | slittrace.py:get_radec_image:536 | Generating an RA/DEC image with slice_offset=0.400
    INFO | 2026-08-24 13:16:48 | datacube.py:subpixellate:1770 | Resampling slit 9/24
    INFO | 2026-08-24 13:16:49 | datacube.py:subpixellate:1807 | Resampling subslice 1/5
    INFO | 2026-08-24 13:16:49 | slittrace.py:get_radec_image:536 | Generating an RA/DEC image with slice_offset=-0.400
    INFO | 2026-08-24 13:16:49 | datacube.py:subpixellate:1807 | Resampling subslice 2/5
    INFO | 2026-08-24 13:16:49 | slittrace.py:get_radec_image:536 | Generating an RA/DEC image with slice_offset=-0.200
    INFO | 2026-08-24 13:16:50 | datacube.py:subpixellate:1807 | Resampling subslice 3/5
    INFO | 2026-08-24 13:16:50 | slittrace.py:get_radec_image:536 | Generating an RA/DEC image with slice_offset=0.000
    INFO | 2026-08-24 13:16:51 | datacube.py:subpixellate:1807 | Resampling subslice 4/5
    INFO | 2026-08-24 13:16:51 | slittrace.py:get_radec_image:536 | Generating an RA/DEC image with slice_offset=0.200
    INFO | 2026-08-24 13:16:52 | datacube.py:subpixellate:1807 | Resampling subslice 5/5
    INFO | 2026-08-24 13:16:52 | slittrace.py:get_radec_image:536 | Generating an RA/DEC image with slice_offset=0.400
    INFO | 2026-08-24 13:16:53 | datacube.py:subpixellate:1770 | Resampling slit 10/24
    INFO | 2026-08-24 13:16:53 | datacube.py:subpixellate:1807 | Resampling subslice 1/5
    INFO | 2026-08-24 13:16:53 | slittrace.py:get_radec_image:536 | Generating an RA/DEC image with slice_offset=-0.400
    INFO | 2026-08-24 13:16:54 | datacube.py:subpixellate:1807 | Resampling subslice 2/5
    INFO | 2026-08-24 13:16:54 | slittrace.py:get_radec_image:536 | Generating an RA/DEC image with slice_offset=-0.200
    INFO | 2026-08-24 13:16:55 | datacube.py:subpixellate:1807 | Resampling subslice 3/5
    INFO | 2026-08-24 13:16:55 | slittrace.py:get_radec_image:536 | Generating an RA/DEC image with slice_offset=0.000
    INFO | 2026-08-24 13:16:55 | datacube.py:subpixellate:1807 | Resampling subslice 4/5
    INFO | 2026-08-24 13:16:55 | slittrace.py:get_radec_image:536 | Generating an RA/DEC image with slice_offset=0.200
    INFO | 2026-08-24 13:16:56 | datacube.py:subpixellate:1807 | Resampling subslice 5/5
    INFO | 2026-08-24 13:16:56 | slittrace.py:get_radec_image:536 | Generating an RA/DEC image with slice_offset=0.400
    INFO | 2026-08-24 13:16:57 | datacube.py:subpixellate:1770 | Resampling slit 11/24
    INFO | 2026-08-24 13:16:57 | datacube.py:subpixellate:1807 | Resampling subslice 1/5
    INFO | 2026-08-24 13:16:57 | slittrace.py:get_radec_image:536 | Generating an RA/DEC image with slice_offset=-0.400
    INFO | 2026-08-24 13:16:58 | datacube.py:subpixellate:1807 | Resampling subslice 2/5
    INFO | 2026-08-24 13:16:58 | slittrace.py:get_radec_image:536 | Generating an RA/DEC image with slice_offset=-0.200
    INFO | 2026-08-24 13:16:59 | datacube.py:subpixellate:1807 | Resampling subslice 3/5
    INFO | 2026-08-24 13:16:59 | slittrace.py:get_radec_image:536 | Generating an RA/DEC image with slice_offset=0.000
    INFO | 2026-08-24 13:17:00 | datacube.py:subpixellate:1807 | Resampling subslice 4/5
    INFO | 2026-08-24 13:17:00 | slittrace.py:get_radec_image:536 | Generating an RA/DEC image with slice_offset=0.200
    INFO | 2026-08-24 13:17:00 | datacube.py:subpixellate:1807 | Resampling subslice 5/5
    INFO | 2026-08-24 13:17:00 | slittrace.py:get_radec_image:536 | Generating an RA/DEC image with slice_offset=0.400
    INFO | 2026-08-24 13:17:01 | datacube.py:subpixellate:1770 | Resampling slit 12/24
    INFO | 2026-08-24 13:17:02 | datacube.py:subpixellate:1807 | Resampling subslice 1/5
    INFO | 2026-08-24 13:17:02 | slittrace.py:get_radec_image:536 | Generating an RA/DEC image with slice_offset=-0.400
    INFO | 2026-08-24 13:17:03 | datacube.py:subpixellate:1807 | Resampling subslice 2/5
    INFO | 2026-08-24 13:17:03 | slittrace.py:get_radec_image:536 | Generating an RA/DEC image with slice_offset=-0.200
    INFO | 2026-08-24 13:17:03 | datacube.py:subpixellate:1807 | Resampling subslice 3/5
    INFO | 2026-08-24 13:17:03 | slittrace.py:get_radec_image:536 | Generating an RA/DEC image with slice_offset=0.000
    INFO | 2026-08-24 13:17:04 | datacube.py:subpixellate:1807 | Resampling subslice 4/5
    INFO | 2026-08-24 13:17:04 | slittrace.py:get_radec_image:536 | Generating an RA/DEC image with slice_offset=0.200
    INFO | 2026-08-24 13:17:05 | datacube.py:subpixellate:1807 | Resampling subslice 5/5
    INFO | 2026-08-24 13:17:05 | slittrace.py:get_radec_image:536 | Generating an RA/DEC image with slice_offset=0.400
    INFO | 2026-08-24 13:17:06 | datacube.py:subpixellate:1770 | Resampling slit 13/24
    INFO | 2026-08-24 13:17:06 | datacube.py:subpixellate:1807 | Resampling subslice 1/5
    INFO | 2026-08-24 13:17:06 | slittrace.py:get_radec_image:536 | Generating an RA/DEC image with slice_offset=-0.400
    INFO | 2026-08-24 13:17:07 | datacube.py:subpixellate:1807 | Resampling subslice 2/5
    INFO | 2026-08-24 13:17:07 | slittrace.py:get_radec_image:536 | Generating an RA/DEC image with slice_offset=-0.200
    INFO | 2026-08-24 13:17:08 | datacube.py:subpixellate:1807 | Resampling subslice 3/5
    INFO | 2026-08-24 13:17:08 | slittrace.py:get_radec_image:536 | Generating an RA/DEC image with slice_offset=0.000
    INFO | 2026-08-24 13:17:09 | datacube.py:subpixellate:1807 | Resampling subslice 4/5
    INFO | 2026-08-24 13:17:09 | slittrace.py:get_radec_image:536 | Generating an RA/DEC image with slice_offset=0.200
    INFO | 2026-08-24 13:17:09 | datacube.py:subpixellate:1807 | Resampling subslice 5/5
    INFO | 2026-08-24 13:17:09 | slittrace.py:get_radec_image:536 | Generating an RA/DEC image with slice_offset=0.400
    INFO | 2026-08-24 13:17:10 | datacube.py:subpixellate:1770 | Resampling slit 14/24
    INFO | 2026-08-24 13:17:11 | datacube.py:subpixellate:1807 | Resampling subslice 1/5
    INFO | 2026-08-24 13:17:11 | slittrace.py:get_radec_image:536 | Generating an RA/DEC image with slice_offset=-0.400
    INFO | 2026-08-24 13:17:12 | datacube.py:subpixellate:1807 | Resampling subslice 2/5
    INFO | 2026-08-24 13:17:12 | slittrace.py:get_radec_image:536 | Generating an RA/DEC image with slice_offset=-0.200
    INFO | 2026-08-24 13:17:13 | datacube.py:subpixellate:1807 | Resampling subslice 3/5
    INFO | 2026-08-24 13:17:13 | slittrace.py:get_radec_image:536 | Generating an RA/DEC image with slice_offset=0.000
    INFO | 2026-08-24 13:17:13 | datacube.py:subpixellate:1807 | Resampling subslice 4/5
    INFO | 2026-08-24 13:17:13 | slittrace.py:get_radec_image:536 | Generating an RA/DEC image with slice_offset=0.200
    INFO | 2026-08-24 13:17:14 | datacube.py:subpixellate:1807 | Resampling subslice 5/5
    INFO | 2026-08-24 13:17:14 | slittrace.py:get_radec_image:536 | Generating an RA/DEC image with slice_offset=0.400
    INFO | 2026-08-24 13:17:15 | datacube.py:subpixellate:1770 | Resampling slit 15/24
    INFO | 2026-08-24 13:17:15 | datacube.py:subpixellate:1807 | Resampling subslice 1/5
    INFO | 2026-08-24 13:17:15 | slittrace.py:get_radec_image:536 | Generating an RA/DEC image with slice_offset=-0.400
    INFO | 2026-08-24 13:17:16 | datacube.py:subpixellate:1807 | Resampling subslice 2/5
    INFO | 2026-08-24 13:17:16 | slittrace.py:get_radec_image:536 | Generating an RA/DEC image with slice_offset=-0.200
    INFO | 2026-08-24 13:17:17 | datacube.py:subpixellate:1807 | Resampling subslice 3/5
    INFO | 2026-08-24 13:17:17 | slittrace.py:get_radec_image:536 | Generating an RA/DEC image with slice_offset=0.000
    INFO | 2026-08-24 13:17:18 | datacube.py:subpixellate:1807 | Resampling subslice 4/5
    INFO | 2026-08-24 13:17:18 | slittrace.py:get_radec_image:536 | Generating an RA/DEC image with slice_offset=0.200
    INFO | 2026-08-24 13:17:19 | datacube.py:subpixellate:1807 | Resampling subslice 5/5
    INFO | 2026-08-24 13:17:19 | slittrace.py:get_radec_image:536 | Generating an RA/DEC image with slice_offset=0.400
    INFO | 2026-08-24 13:17:20 | datacube.py:subpixellate:1770 | Resampling slit 16/24
    INFO | 2026-08-24 13:17:20 | datacube.py:subpixellate:1807 | Resampling subslice 1/5
    INFO | 2026-08-24 13:17:20 | slittrace.py:get_radec_image:536 | Generating an RA/DEC image with slice_offset=-0.400
    INFO | 2026-08-24 13:17:21 | datacube.py:subpixellate:1807 | Resampling subslice 2/5
    INFO | 2026-08-24 13:17:21 | slittrace.py:get_radec_image:536 | Generating an RA/DEC image with slice_offset=-0.200
    INFO | 2026-08-24 13:17:21 | datacube.py:subpixellate:1807 | Resampling subslice 3/5
    INFO | 2026-08-24 13:17:21 | slittrace.py:get_radec_image:536 | Generating an RA/DEC image with slice_offset=0.000
    INFO | 2026-08-24 13:17:22 | datacube.py:subpixellate:1807 | Resampling subslice 4/5
    INFO | 2026-08-24 13:17:22 | slittrace.py:get_radec_image:536 | Generating an RA/DEC image with slice_offset=0.200
    INFO | 2026-08-24 13:17:23 | datacube.py:subpixellate:1807 | Resampling subslice 5/5
    INFO | 2026-08-24 13:17:23 | slittrace.py:get_radec_image:536 | Generating an RA/DEC image with slice_offset=0.400
    INFO | 2026-08-24 13:17:24 | datacube.py:subpixellate:1770 | Resampling slit 17/24
    INFO | 2026-08-24 13:17:25 | datacube.py:subpixellate:1807 | Resampling subslice 1/5
    INFO | 2026-08-24 13:17:25 | slittrace.py:get_radec_image:536 | Generating an RA/DEC image with slice_offset=-0.400
    INFO | 2026-08-24 13:17:25 | datacube.py:subpixellate:1807 | Resampling subslice 2/5
    INFO | 2026-08-24 13:17:25 | slittrace.py:get_radec_image:536 | Generating an RA/DEC image with slice_offset=-0.200
    INFO | 2026-08-24 13:17:26 | datacube.py:subpixellate:1807 | Resampling subslice 3/5
    INFO | 2026-08-24 13:17:26 | slittrace.py:get_radec_image:536 | Generating an RA/DEC image with slice_offset=0.000
    INFO | 2026-08-24 13:17:27 | datacube.py:subpixellate:1807 | Resampling subslice 4/5
    INFO | 2026-08-24 13:17:27 | slittrace.py:get_radec_image:536 | Generating an RA/DEC image with slice_offset=0.200
    INFO | 2026-08-24 13:17:28 | datacube.py:subpixellate:1807 | Resampling subslice 5/5
    INFO | 2026-08-24 13:17:28 | slittrace.py:get_radec_image:536 | Generating an RA/DEC image with slice_offset=0.400
    INFO | 2026-08-24 13:17:29 | datacube.py:subpixellate:1770 | Resampling slit 18/24
    INFO | 2026-08-24 13:17:29 | datacube.py:subpixellate:1807 | Resampling subslice 1/5
    INFO | 2026-08-24 13:17:29 | slittrace.py:get_radec_image:536 | Generating an RA/DEC image with slice_offset=-0.400
    INFO | 2026-08-24 13:17:30 | datacube.py:subpixellate:1807 | Resampling subslice 2/5
    INFO | 2026-08-24 13:17:30 | slittrace.py:get_radec_image:536 | Generating an RA/DEC image with slice_offset=-0.200
    INFO | 2026-08-24 13:17:31 | datacube.py:subpixellate:1807 | Resampling subslice 3/5
    INFO | 2026-08-24 13:17:31 | slittrace.py:get_radec_image:536 | Generating an RA/DEC image with slice_offset=0.000
    INFO | 2026-08-24 13:17:32 | datacube.py:subpixellate:1807 | Resampling subslice 4/5
    INFO | 2026-08-24 13:17:32 | slittrace.py:get_radec_image:536 | Generating an RA/DEC image with slice_offset=0.200
    INFO | 2026-08-24 13:17:32 | datacube.py:subpixellate:1807 | Resampling subslice 5/5
    INFO | 2026-08-24 13:17:32 | slittrace.py:get_radec_image:536 | Generating an RA/DEC image with slice_offset=0.400
    INFO | 2026-08-24 13:17:33 | datacube.py:subpixellate:1770 | Resampling slit 19/24
    INFO | 2026-08-24 13:17:34 | datacube.py:subpixellate:1807 | Resampling subslice 1/5
    INFO | 2026-08-24 13:17:34 | slittrace.py:get_radec_image:536 | Generating an RA/DEC image with slice_offset=-0.400
    INFO | 2026-08-24 13:17:35 | datacube.py:subpixellate:1807 | Resampling subslice 2/5
    INFO | 2026-08-24 13:17:35 | slittrace.py:get_radec_image:536 | Generating an RA/DEC image with slice_offset=-0.200
    INFO | 2026-08-24 13:17:35 | datacube.py:subpixellate:1807 | Resampling subslice 3/5
    INFO | 2026-08-24 13:17:35 | slittrace.py:get_radec_image:536 | Generating an RA/DEC image with slice_offset=0.000
    INFO | 2026-08-24 13:17:36 | datacube.py:subpixellate:1807 | Resampling subslice 4/5
    INFO | 2026-08-24 13:17:36 | slittrace.py:get_radec_image:536 | Generating an RA/DEC image with slice_offset=0.200
    INFO | 2026-08-24 13:17:37 | datacube.py:subpixellate:1807 | Resampling subslice 5/5
    INFO | 2026-08-24 13:17:37 | slittrace.py:get_radec_image:536 | Generating an RA/DEC image with slice_offset=0.400
    INFO | 2026-08-24 13:17:38 | datacube.py:subpixellate:1770 | Resampling slit 20/24
    INFO | 2026-08-24 13:17:38 | datacube.py:subpixellate:1807 | Resampling subslice 1/5
    INFO | 2026-08-24 13:17:38 | slittrace.py:get_radec_image:536 | Generating an RA/DEC image with slice_offset=-0.400
    INFO | 2026-08-24 13:17:39 | datacube.py:subpixellate:1807 | Resampling subslice 2/5
    INFO | 2026-08-24 13:17:39 | slittrace.py:get_radec_image:536 | Generating an RA/DEC image with slice_offset=-0.200
    INFO | 2026-08-24 13:17:40 | datacube.py:subpixellate:1807 | Resampling subslice 3/5
    INFO | 2026-08-24 13:17:40 | slittrace.py:get_radec_image:536 | Generating an RA/DEC image with slice_offset=0.000
    INFO | 2026-08-24 13:17:41 | datacube.py:subpixellate:1807 | Resampling subslice 4/5
    INFO | 2026-08-24 13:17:41 | slittrace.py:get_radec_image:536 | Generating an RA/DEC image with slice_offset=0.200
    INFO | 2026-08-24 13:17:42 | datacube.py:subpixellate:1807 | Resampling subslice 5/5
    INFO | 2026-08-24 13:17:42 | slittrace.py:get_radec_image:536 | Generating an RA/DEC image with slice_offset=0.400
    INFO | 2026-08-24 13:17:43 | datacube.py:subpixellate:1770 | Resampling slit 21/24
    INFO | 2026-08-24 13:17:43 | datacube.py:subpixellate:1807 | Resampling subslice 1/5
    INFO | 2026-08-24 13:17:43 | slittrace.py:get_radec_image:536 | Generating an RA/DEC image with slice_offset=-0.400
    INFO | 2026-08-24 13:17:44 | datacube.py:subpixellate:1807 | Resampling subslice 2/5
    INFO | 2026-08-24 13:17:44 | slittrace.py:get_radec_image:536 | Generating an RA/DEC image with slice_offset=-0.200
    INFO | 2026-08-24 13:17:45 | datacube.py:subpixellate:1807 | Resampling subslice 3/5
    INFO | 2026-08-24 13:17:45 | slittrace.py:get_radec_image:536 | Generating an RA/DEC image with slice_offset=0.000
    INFO | 2026-08-24 13:17:45 | datacube.py:subpixellate:1807 | Resampling subslice 4/5
    INFO | 2026-08-24 13:17:45 | slittrace.py:get_radec_image:536 | Generating an RA/DEC image with slice_offset=0.200
    INFO | 2026-08-24 13:17:46 | datacube.py:subpixellate:1807 | Resampling subslice 5/5
    INFO | 2026-08-24 13:17:46 | slittrace.py:get_radec_image:536 | Generating an RA/DEC image with slice_offset=0.400
    INFO | 2026-08-24 13:17:47 | datacube.py:subpixellate:1770 | Resampling slit 22/24
    INFO | 2026-08-24 13:17:47 | datacube.py:subpixellate:1807 | Resampling subslice 1/5
    INFO | 2026-08-24 13:17:47 | slittrace.py:get_radec_image:536 | Generating an RA/DEC image with slice_offset=-0.400
    INFO | 2026-08-24 13:17:48 | datacube.py:subpixellate:1807 | Resampling subslice 2/5
    INFO | 2026-08-24 13:17:48 | slittrace.py:get_radec_image:536 | Generating an RA/DEC image with slice_offset=-0.200
    INFO | 2026-08-24 13:17:49 | datacube.py:subpixellate:1807 | Resampling subslice 3/5
    INFO | 2026-08-24 13:17:49 | slittrace.py:get_radec_image:536 | Generating an RA/DEC image with slice_offset=0.000
    INFO | 2026-08-24 13:17:50 | datacube.py:subpixellate:1807 | Resampling subslice 4/5
    INFO | 2026-08-24 13:17:50 | slittrace.py:get_radec_image:536 | Generating an RA/DEC image with slice_offset=0.200
    INFO | 2026-08-24 13:17:51 | datacube.py:subpixellate:1807 | Resampling subslice 5/5
    INFO | 2026-08-24 13:17:51 | slittrace.py:get_radec_image:536 | Generating an RA/DEC image with slice_offset=0.400
    INFO | 2026-08-24 13:17:52 | datacube.py:subpixellate:1770 | Resampling slit 23/24
    INFO | 2026-08-24 13:17:52 | datacube.py:subpixellate:1807 | Resampling subslice 1/5
    INFO | 2026-08-24 13:17:52 | slittrace.py:get_radec_image:536 | Generating an RA/DEC image with slice_offset=-0.400
    INFO | 2026-08-24 13:17:53 | datacube.py:subpixellate:1807 | Resampling subslice 2/5
    INFO | 2026-08-24 13:17:53 | slittrace.py:get_radec_image:536 | Generating an RA/DEC image with slice_offset=-0.200
    INFO | 2026-08-24 13:17:53 | datacube.py:subpixellate:1807 | Resampling subslice 3/5
    INFO | 2026-08-24 13:17:53 | slittrace.py:get_radec_image:536 | Generating an RA/DEC image with slice_offset=0.000
    INFO | 2026-08-24 13:17:54 | datacube.py:subpixellate:1807 | Resampling subslice 4/5
    INFO | 2026-08-24 13:17:54 | slittrace.py:get_radec_image:536 | Generating an RA/DEC image with slice_offset=0.200
    INFO | 2026-08-24 13:17:55 | datacube.py:subpixellate:1807 | Resampling subslice 5/5
    INFO | 2026-08-24 13:17:55 | slittrace.py:get_radec_image:536 | Generating an RA/DEC image with slice_offset=0.400
    INFO | 2026-08-24 13:17:56 | datacube.py:subpixellate:1770 | Resampling slit 24/24
    INFO | 2026-08-24 13:17:56 | datacube.py:subpixellate:1807 | Resampling subslice 1/5
    INFO | 2026-08-24 13:17:56 | slittrace.py:get_radec_image:536 | Generating an RA/DEC image with slice_offset=-0.400
    INFO | 2026-08-24 13:17:57 | datacube.py:subpixellate:1807 | Resampling subslice 2/5
    INFO | 2026-08-24 13:17:57 | slittrace.py:get_radec_image:536 | Generating an RA/DEC image with slice_offset=-0.200
    INFO | 2026-08-24 13:17:58 | datacube.py:subpixellate:1807 | Resampling subslice 3/5
    INFO | 2026-08-24 13:17:58 | slittrace.py:get_radec_image:536 | Generating an RA/DEC image with slice_offset=0.000
    INFO | 2026-08-24 13:17:59 | datacube.py:subpixellate:1807 | Resampling subslice 4/5
    INFO | 2026-08-24 13:17:59 | slittrace.py:get_radec_image:536 | Generating an RA/DEC image with slice_offset=0.200
    INFO | 2026-08-24 13:17:59 | datacube.py:subpixellate:1807 | Resampling subslice 5/5
    INFO | 2026-08-24 13:17:59 | slittrace.py:get_radec_image:536 | Generating an RA/DEC image with slice_offset=0.400
    INFO | 2026-08-24 13:18:01 | datacube.py:generate_image_subpixel:1485 | Creating image 6/6
    INFO | 2026-08-24 13:18:01 | datacube.py:subpixellate:1770 | Resampling slit 1/24
    INFO | 2026-08-24 13:18:01 | datacube.py:subpixellate:1807 | Resampling subslice 1/5
    INFO | 2026-08-24 13:18:01 | slittrace.py:get_radec_image:536 | Generating an RA/DEC image with slice_offset=-0.400
    INFO | 2026-08-24 13:18:02 | datacube.py:subpixellate:1807 | Resampling subslice 2/5
    INFO | 2026-08-24 13:18:02 | slittrace.py:get_radec_image:536 | Generating an RA/DEC image with slice_offset=-0.200
    INFO | 2026-08-24 13:18:03 | datacube.py:subpixellate:1807 | Resampling subslice 3/5
    INFO | 2026-08-24 13:18:03 | slittrace.py:get_radec_image:536 | Generating an RA/DEC image with slice_offset=0.000
    INFO | 2026-08-24 13:18:04 | datacube.py:subpixellate:1807 | Resampling subslice 4/5
    INFO | 2026-08-24 13:18:04 | slittrace.py:get_radec_image:536 | Generating an RA/DEC image with slice_offset=0.200
    INFO | 2026-08-24 13:18:04 | datacube.py:subpixellate:1807 | Resampling subslice 5/5
    INFO | 2026-08-24 13:18:04 | slittrace.py:get_radec_image:536 | Generating an RA/DEC image with slice_offset=0.400
    INFO | 2026-08-24 13:18:05 | datacube.py:subpixellate:1770 | Resampling slit 2/24
    INFO | 2026-08-24 13:18:06 | datacube.py:subpixellate:1807 | Resampling subslice 1/5
    INFO | 2026-08-24 13:18:06 | slittrace.py:get_radec_image:536 | Generating an RA/DEC image with slice_offset=-0.400
    INFO | 2026-08-24 13:18:07 | datacube.py:subpixellate:1807 | Resampling subslice 2/5
    INFO | 2026-08-24 13:18:07 | slittrace.py:get_radec_image:536 | Generating an RA/DEC image with slice_offset=-0.200
    INFO | 2026-08-24 13:18:07 | datacube.py:subpixellate:1807 | Resampling subslice 3/5
    INFO | 2026-08-24 13:18:07 | slittrace.py:get_radec_image:536 | Generating an RA/DEC image with slice_offset=0.000
    INFO | 2026-08-24 13:18:08 | datacube.py:subpixellate:1807 | Resampling subslice 4/5
    INFO | 2026-08-24 13:18:08 | slittrace.py:get_radec_image:536 | Generating an RA/DEC image with slice_offset=0.200
    INFO | 2026-08-24 13:18:09 | datacube.py:subpixellate:1807 | Resampling subslice 5/5
    INFO | 2026-08-24 13:18:09 | slittrace.py:get_radec_image:536 | Generating an RA/DEC image with slice_offset=0.400
    INFO | 2026-08-24 13:18:10 | datacube.py:subpixellate:1770 | Resampling slit 3/24
    INFO | 2026-08-24 13:18:10 | datacube.py:subpixellate:1807 | Resampling subslice 1/5
    INFO | 2026-08-24 13:18:10 | slittrace.py:get_radec_image:536 | Generating an RA/DEC image with slice_offset=-0.400
    INFO | 2026-08-24 13:18:11 | datacube.py:subpixellate:1807 | Resampling subslice 2/5
    INFO | 2026-08-24 13:18:11 | slittrace.py:get_radec_image:536 | Generating an RA/DEC image with slice_offset=-0.200
    INFO | 2026-08-24 13:18:12 | datacube.py:subpixellate:1807 | Resampling subslice 3/5
    INFO | 2026-08-24 13:18:12 | slittrace.py:get_radec_image:536 | Generating an RA/DEC image with slice_offset=0.000
    INFO | 2026-08-24 13:18:13 | datacube.py:subpixellate:1807 | Resampling subslice 4/5
    INFO | 2026-08-24 13:18:13 | slittrace.py:get_radec_image:536 | Generating an RA/DEC image with slice_offset=0.200
    INFO | 2026-08-24 13:18:13 | datacube.py:subpixellate:1807 | Resampling subslice 5/5
    INFO | 2026-08-24 13:18:13 | slittrace.py:get_radec_image:536 | Generating an RA/DEC image with slice_offset=0.400
    INFO | 2026-08-24 13:18:15 | datacube.py:subpixellate:1770 | Resampling slit 4/24
    INFO | 2026-08-24 13:18:15 | datacube.py:subpixellate:1807 | Resampling subslice 1/5
    INFO | 2026-08-24 13:18:15 | slittrace.py:get_radec_image:536 | Generating an RA/DEC image with slice_offset=-0.400
    INFO | 2026-08-24 13:18:16 | datacube.py:subpixellate:1807 | Resampling subslice 2/5
    INFO | 2026-08-24 13:18:16 | slittrace.py:get_radec_image:536 | Generating an RA/DEC image with slice_offset=-0.200
    INFO | 2026-08-24 13:18:17 | datacube.py:subpixellate:1807 | Resampling subslice 3/5
    INFO | 2026-08-24 13:18:17 | slittrace.py:get_radec_image:536 | Generating an RA/DEC image with slice_offset=0.000
    INFO | 2026-08-24 13:18:17 | datacube.py:subpixellate:1807 | Resampling subslice 4/5
    INFO | 2026-08-24 13:18:17 | slittrace.py:get_radec_image:536 | Generating an RA/DEC image with slice_offset=0.200
    INFO | 2026-08-24 13:18:18 | datacube.py:subpixellate:1807 | Resampling subslice 5/5
    INFO | 2026-08-24 13:18:18 | slittrace.py:get_radec_image:536 | Generating an RA/DEC image with slice_offset=0.400
    INFO | 2026-08-24 13:18:19 | datacube.py:subpixellate:1770 | Resampling slit 5/24
    INFO | 2026-08-24 13:18:19 | datacube.py:subpixellate:1807 | Resampling subslice 1/5
    INFO | 2026-08-24 13:18:19 | slittrace.py:get_radec_image:536 | Generating an RA/DEC image with slice_offset=-0.400
    INFO | 2026-08-24 13:18:20 | datacube.py:subpixellate:1807 | Resampling subslice 2/5
    INFO | 2026-08-24 13:18:20 | slittrace.py:get_radec_image:536 | Generating an RA/DEC image with slice_offset=-0.200
    INFO | 2026-08-24 13:18:21 | datacube.py:subpixellate:1807 | Resampling subslice 3/5
    INFO | 2026-08-24 13:18:21 | slittrace.py:get_radec_image:536 | Generating an RA/DEC image with slice_offset=0.000
    INFO | 2026-08-24 13:18:22 | datacube.py:subpixellate:1807 | Resampling subslice 4/5
    INFO | 2026-08-24 13:18:22 | slittrace.py:get_radec_image:536 | Generating an RA/DEC image with slice_offset=0.200
    INFO | 2026-08-24 13:18:23 | datacube.py:subpixellate:1807 | Resampling subslice 5/5
    INFO | 2026-08-24 13:18:23 | slittrace.py:get_radec_image:536 | Generating an RA/DEC image with slice_offset=0.400
    INFO | 2026-08-24 13:18:24 | datacube.py:subpixellate:1770 | Resampling slit 6/24
    INFO | 2026-08-24 13:18:24 | datacube.py:subpixellate:1807 | Resampling subslice 1/5
    INFO | 2026-08-24 13:18:24 | slittrace.py:get_radec_image:536 | Generating an RA/DEC image with slice_offset=-0.400
    INFO | 2026-08-24 13:18:25 | datacube.py:subpixellate:1807 | Resampling subslice 2/5
    INFO | 2026-08-24 13:18:25 | slittrace.py:get_radec_image:536 | Generating an RA/DEC image with slice_offset=-0.200
    INFO | 2026-08-24 13:18:26 | datacube.py:subpixellate:1807 | Resampling subslice 3/5
    INFO | 2026-08-24 13:18:26 | slittrace.py:get_radec_image:536 | Generating an RA/DEC image with slice_offset=0.000
    INFO | 2026-08-24 13:18:26 | datacube.py:subpixellate:1807 | Resampling subslice 4/5
    INFO | 2026-08-24 13:18:26 | slittrace.py:get_radec_image:536 | Generating an RA/DEC image with slice_offset=0.200
    INFO | 2026-08-24 13:18:27 | datacube.py:subpixellate:1807 | Resampling subslice 5/5
    INFO | 2026-08-24 13:18:27 | slittrace.py:get_radec_image:536 | Generating an RA/DEC image with slice_offset=0.400
    INFO | 2026-08-24 13:18:28 | datacube.py:subpixellate:1770 | Resampling slit 7/24
    INFO | 2026-08-24 13:18:29 | datacube.py:subpixellate:1807 | Resampling subslice 1/5
    INFO | 2026-08-24 13:18:29 | slittrace.py:get_radec_image:536 | Generating an RA/DEC image with slice_offset=-0.400
    INFO | 2026-08-24 13:18:29 | datacube.py:subpixellate:1807 | Resampling subslice 2/5
    INFO | 2026-08-24 13:18:29 | slittrace.py:get_radec_image:536 | Generating an RA/DEC image with slice_offset=-0.200
    INFO | 2026-08-24 13:18:30 | datacube.py:subpixellate:1807 | Resampling subslice 3/5
    INFO | 2026-08-24 13:18:30 | slittrace.py:get_radec_image:536 | Generating an RA/DEC image with slice_offset=0.000
    INFO | 2026-08-24 13:18:31 | datacube.py:subpixellate:1807 | Resampling subslice 4/5
    INFO | 2026-08-24 13:18:31 | slittrace.py:get_radec_image:536 | Generating an RA/DEC image with slice_offset=0.200
    INFO | 2026-08-24 13:18:32 | datacube.py:subpixellate:1807 | Resampling subslice 5/5
    INFO | 2026-08-24 13:18:32 | slittrace.py:get_radec_image:536 | Generating an RA/DEC image with slice_offset=0.400
    INFO | 2026-08-24 13:18:33 | datacube.py:subpixellate:1770 | Resampling slit 8/24
    INFO | 2026-08-24 13:18:33 | datacube.py:subpixellate:1807 | Resampling subslice 1/5
    INFO | 2026-08-24 13:18:33 | slittrace.py:get_radec_image:536 | Generating an RA/DEC image with slice_offset=-0.400
    INFO | 2026-08-24 13:18:34 | datacube.py:subpixellate:1807 | Resampling subslice 2/5
    INFO | 2026-08-24 13:18:34 | slittrace.py:get_radec_image:536 | Generating an RA/DEC image with slice_offset=-0.200
    INFO | 2026-08-24 13:18:34 | datacube.py:subpixellate:1807 | Resampling subslice 3/5
    INFO | 2026-08-24 13:18:34 | slittrace.py:get_radec_image:536 | Generating an RA/DEC image with slice_offset=0.000
    INFO | 2026-08-24 13:18:35 | datacube.py:subpixellate:1807 | Resampling subslice 4/5
    INFO | 2026-08-24 13:18:35 | slittrace.py:get_radec_image:536 | Generating an RA/DEC image with slice_offset=0.200
    INFO | 2026-08-24 13:18:36 | datacube.py:subpixellate:1807 | Resampling subslice 5/5
    INFO | 2026-08-24 13:18:36 | slittrace.py:get_radec_image:536 | Generating an RA/DEC image with slice_offset=0.400
    INFO | 2026-08-24 13:18:37 | datacube.py:subpixellate:1770 | Resampling slit 9/24
    INFO | 2026-08-24 13:18:37 | datacube.py:subpixellate:1807 | Resampling subslice 1/5
    INFO | 2026-08-24 13:18:37 | slittrace.py:get_radec_image:536 | Generating an RA/DEC image with slice_offset=-0.400
    INFO | 2026-08-24 13:18:38 | datacube.py:subpixellate:1807 | Resampling subslice 2/5
    INFO | 2026-08-24 13:18:38 | slittrace.py:get_radec_image:536 | Generating an RA/DEC image with slice_offset=-0.200
    INFO | 2026-08-24 13:18:39 | datacube.py:subpixellate:1807 | Resampling subslice 3/5
    INFO | 2026-08-24 13:18:39 | slittrace.py:get_radec_image:536 | Generating an RA/DEC image with slice_offset=0.000
    INFO | 2026-08-24 13:18:40 | datacube.py:subpixellate:1807 | Resampling subslice 4/5
    INFO | 2026-08-24 13:18:40 | slittrace.py:get_radec_image:536 | Generating an RA/DEC image with slice_offset=0.200
    INFO | 2026-08-24 13:18:41 | datacube.py:subpixellate:1807 | Resampling subslice 5/5
    INFO | 2026-08-24 13:18:41 | slittrace.py:get_radec_image:536 | Generating an RA/DEC image with slice_offset=0.400
    INFO | 2026-08-24 13:18:42 | datacube.py:subpixellate:1770 | Resampling slit 10/24
    INFO | 2026-08-24 13:18:42 | datacube.py:subpixellate:1807 | Resampling subslice 1/5
    INFO | 2026-08-24 13:18:42 | slittrace.py:get_radec_image:536 | Generating an RA/DEC image with slice_offset=-0.400
    INFO | 2026-08-24 13:18:43 | datacube.py:subpixellate:1807 | Resampling subslice 2/5
    INFO | 2026-08-24 13:18:43 | slittrace.py:get_radec_image:536 | Generating an RA/DEC image with slice_offset=-0.200
    INFO | 2026-08-24 13:18:43 | datacube.py:subpixellate:1807 | Resampling subslice 3/5
    INFO | 2026-08-24 13:18:43 | slittrace.py:get_radec_image:536 | Generating an RA/DEC image with slice_offset=0.000
    INFO | 2026-08-24 13:18:44 | datacube.py:subpixellate:1807 | Resampling subslice 4/5
    INFO | 2026-08-24 13:18:44 | slittrace.py:get_radec_image:536 | Generating an RA/DEC image with slice_offset=0.200
    INFO | 2026-08-24 13:18:45 | datacube.py:subpixellate:1807 | Resampling subslice 5/5
    INFO | 2026-08-24 13:18:45 | slittrace.py:get_radec_image:536 | Generating an RA/DEC image with slice_offset=0.400
    INFO | 2026-08-24 13:18:46 | datacube.py:subpixellate:1770 | Resampling slit 11/24
    INFO | 2026-08-24 13:18:46 | datacube.py:subpixellate:1807 | Resampling subslice 1/5
    INFO | 2026-08-24 13:18:46 | slittrace.py:get_radec_image:536 | Generating an RA/DEC image with slice_offset=-0.400
    INFO | 2026-08-24 13:18:47 | datacube.py:subpixellate:1807 | Resampling subslice 2/5
    INFO | 2026-08-24 13:18:47 | slittrace.py:get_radec_image:536 | Generating an RA/DEC image with slice_offset=-0.200
    INFO | 2026-08-24 13:18:48 | datacube.py:subpixellate:1807 | Resampling subslice 3/5
    INFO | 2026-08-24 13:18:48 | slittrace.py:get_radec_image:536 | Generating an RA/DEC image with slice_offset=0.000
    INFO | 2026-08-24 13:18:49 | datacube.py:subpixellate:1807 | Resampling subslice 4/5
    INFO | 2026-08-24 13:18:49 | slittrace.py:get_radec_image:536 | Generating an RA/DEC image with slice_offset=0.200
    INFO | 2026-08-24 13:18:49 | datacube.py:subpixellate:1807 | Resampling subslice 5/5
    INFO | 2026-08-24 13:18:49 | slittrace.py:get_radec_image:536 | Generating an RA/DEC image with slice_offset=0.400
    INFO | 2026-08-24 13:18:50 | datacube.py:subpixellate:1770 | Resampling slit 12/24
    INFO | 2026-08-24 13:18:51 | datacube.py:subpixellate:1807 | Resampling subslice 1/5
    INFO | 2026-08-24 13:18:51 | slittrace.py:get_radec_image:536 | Generating an RA/DEC image with slice_offset=-0.400
    INFO | 2026-08-24 13:18:51 | datacube.py:subpixellate:1807 | Resampling subslice 2/5
    INFO | 2026-08-24 13:18:51 | slittrace.py:get_radec_image:536 | Generating an RA/DEC image with slice_offset=-0.200
    INFO | 2026-08-24 13:18:52 | datacube.py:subpixellate:1807 | Resampling subslice 3/5
    INFO | 2026-08-24 13:18:52 | slittrace.py:get_radec_image:536 | Generating an RA/DEC image with slice_offset=0.000
    INFO | 2026-08-24 13:18:53 | datacube.py:subpixellate:1807 | Resampling subslice 4/5
    INFO | 2026-08-24 13:18:53 | slittrace.py:get_radec_image:536 | Generating an RA/DEC image with slice_offset=0.200
    INFO | 2026-08-24 13:18:54 | datacube.py:subpixellate:1807 | Resampling subslice 5/5
    INFO | 2026-08-24 13:18:54 | slittrace.py:get_radec_image:536 | Generating an RA/DEC image with slice_offset=0.400
    INFO | 2026-08-24 13:18:55 | datacube.py:subpixellate:1770 | Resampling slit 13/24
    INFO | 2026-08-24 13:18:55 | datacube.py:subpixellate:1807 | Resampling subslice 1/5
    INFO | 2026-08-24 13:18:55 | slittrace.py:get_radec_image:536 | Generating an RA/DEC image with slice_offset=-0.400
    INFO | 2026-08-24 13:18:56 | datacube.py:subpixellate:1807 | Resampling subslice 2/5
    INFO | 2026-08-24 13:18:56 | slittrace.py:get_radec_image:536 | Generating an RA/DEC image with slice_offset=-0.200
    INFO | 2026-08-24 13:18:57 | datacube.py:subpixellate:1807 | Resampling subslice 3/5
    INFO | 2026-08-24 13:18:57 | slittrace.py:get_radec_image:536 | Generating an RA/DEC image with slice_offset=0.000
    INFO | 2026-08-24 13:18:57 | datacube.py:subpixellate:1807 | Resampling subslice 4/5
    INFO | 2026-08-24 13:18:57 | slittrace.py:get_radec_image:536 | Generating an RA/DEC image with slice_offset=0.200
    INFO | 2026-08-24 13:18:58 | datacube.py:subpixellate:1807 | Resampling subslice 5/5
    INFO | 2026-08-24 13:18:58 | slittrace.py:get_radec_image:536 | Generating an RA/DEC image with slice_offset=0.400
    INFO | 2026-08-24 13:18:59 | datacube.py:subpixellate:1770 | Resampling slit 14/24
    INFO | 2026-08-24 13:19:00 | datacube.py:subpixellate:1807 | Resampling subslice 1/5
    INFO | 2026-08-24 13:19:00 | slittrace.py:get_radec_image:536 | Generating an RA/DEC image with slice_offset=-0.400
    INFO | 2026-08-24 13:19:00 | datacube.py:subpixellate:1807 | Resampling subslice 2/5
    INFO | 2026-08-24 13:19:00 | slittrace.py:get_radec_image:536 | Generating an RA/DEC image with slice_offset=-0.200
    INFO | 2026-08-24 13:19:01 | datacube.py:subpixellate:1807 | Resampling subslice 3/5
    INFO | 2026-08-24 13:19:01 | slittrace.py:get_radec_image:536 | Generating an RA/DEC image with slice_offset=0.000
    INFO | 2026-08-24 13:19:02 | datacube.py:subpixellate:1807 | Resampling subslice 4/5
    INFO | 2026-08-24 13:19:02 | slittrace.py:get_radec_image:536 | Generating an RA/DEC image with slice_offset=0.200
    INFO | 2026-08-24 13:19:03 | datacube.py:subpixellate:1807 | Resampling subslice 5/5
    INFO | 2026-08-24 13:19:03 | slittrace.py:get_radec_image:536 | Generating an RA/DEC image with slice_offset=0.400
    INFO | 2026-08-24 13:19:04 | datacube.py:subpixellate:1770 | Resampling slit 15/24
    INFO | 2026-08-24 13:19:04 | datacube.py:subpixellate:1807 | Resampling subslice 1/5
    INFO | 2026-08-24 13:19:04 | slittrace.py:get_radec_image:536 | Generating an RA/DEC image with slice_offset=-0.400
    INFO | 2026-08-24 13:19:05 | datacube.py:subpixellate:1807 | Resampling subslice 2/5
    INFO | 2026-08-24 13:19:05 | slittrace.py:get_radec_image:536 | Generating an RA/DEC image with slice_offset=-0.200
    INFO | 2026-08-24 13:19:06 | datacube.py:subpixellate:1807 | Resampling subslice 3/5
    INFO | 2026-08-24 13:19:06 | slittrace.py:get_radec_image:536 | Generating an RA/DEC image with slice_offset=0.000
    INFO | 2026-08-24 13:19:06 | datacube.py:subpixellate:1807 | Resampling subslice 4/5
    INFO | 2026-08-24 13:19:06 | slittrace.py:get_radec_image:536 | Generating an RA/DEC image with slice_offset=0.200
    INFO | 2026-08-24 13:19:07 | datacube.py:subpixellate:1807 | Resampling subslice 5/5
    INFO | 2026-08-24 13:19:07 | slittrace.py:get_radec_image:536 | Generating an RA/DEC image with slice_offset=0.400
    INFO | 2026-08-24 13:19:08 | datacube.py:subpixellate:1770 | Resampling slit 16/24
    INFO | 2026-08-24 13:19:09 | datacube.py:subpixellate:1807 | Resampling subslice 1/5
    INFO | 2026-08-24 13:19:09 | slittrace.py:get_radec_image:536 | Generating an RA/DEC image with slice_offset=-0.400
    INFO | 2026-08-24 13:19:09 | datacube.py:subpixellate:1807 | Resampling subslice 2/5
    INFO | 2026-08-24 13:19:09 | slittrace.py:get_radec_image:536 | Generating an RA/DEC image with slice_offset=-0.200
    INFO | 2026-08-24 13:19:10 | datacube.py:subpixellate:1807 | Resampling subslice 3/5
    INFO | 2026-08-24 13:19:10 | slittrace.py:get_radec_image:536 | Generating an RA/DEC image with slice_offset=0.000
    INFO | 2026-08-24 13:19:11 | datacube.py:subpixellate:1807 | Resampling subslice 4/5
    INFO | 2026-08-24 13:19:11 | slittrace.py:get_radec_image:536 | Generating an RA/DEC image with slice_offset=0.200
    INFO | 2026-08-24 13:19:12 | datacube.py:subpixellate:1807 | Resampling subslice 5/5
    INFO | 2026-08-24 13:19:12 | slittrace.py:get_radec_image:536 | Generating an RA/DEC image with slice_offset=0.400
    INFO | 2026-08-24 13:19:13 | datacube.py:subpixellate:1770 | Resampling slit 17/24
    INFO | 2026-08-24 13:19:13 | datacube.py:subpixellate:1807 | Resampling subslice 1/5
    INFO | 2026-08-24 13:19:13 | slittrace.py:get_radec_image:536 | Generating an RA/DEC image with slice_offset=-0.400
    INFO | 2026-08-24 13:19:14 | datacube.py:subpixellate:1807 | Resampling subslice 2/5
    INFO | 2026-08-24 13:19:14 | slittrace.py:get_radec_image:536 | Generating an RA/DEC image with slice_offset=-0.200
    INFO | 2026-08-24 13:19:15 | datacube.py:subpixellate:1807 | Resampling subslice 3/5
    INFO | 2026-08-24 13:19:15 | slittrace.py:get_radec_image:536 | Generating an RA/DEC image with slice_offset=0.000
    INFO | 2026-08-24 13:19:16 | datacube.py:subpixellate:1807 | Resampling subslice 4/5
    INFO | 2026-08-24 13:19:16 | slittrace.py:get_radec_image:536 | Generating an RA/DEC image with slice_offset=0.200
    INFO | 2026-08-24 13:19:16 | datacube.py:subpixellate:1807 | Resampling subslice 5/5
    INFO | 2026-08-24 13:19:16 | slittrace.py:get_radec_image:536 | Generating an RA/DEC image with slice_offset=0.400
    INFO | 2026-08-24 13:19:17 | datacube.py:subpixellate:1770 | Resampling slit 18/24
    INFO | 2026-08-24 13:19:18 | datacube.py:subpixellate:1807 | Resampling subslice 1/5
    INFO | 2026-08-24 13:19:18 | slittrace.py:get_radec_image:536 | Generating an RA/DEC image with slice_offset=-0.400
    INFO | 2026-08-24 13:19:18 | datacube.py:subpixellate:1807 | Resampling subslice 2/5
    INFO | 2026-08-24 13:19:18 | slittrace.py:get_radec_image:536 | Generating an RA/DEC image with slice_offset=-0.200
    INFO | 2026-08-24 13:19:19 | datacube.py:subpixellate:1807 | Resampling subslice 3/5
    INFO | 2026-08-24 13:19:19 | slittrace.py:get_radec_image:536 | Generating an RA/DEC image with slice_offset=0.000
    INFO | 2026-08-24 13:19:20 | datacube.py:subpixellate:1807 | Resampling subslice 4/5
    INFO | 2026-08-24 13:19:20 | slittrace.py:get_radec_image:536 | Generating an RA/DEC image with slice_offset=0.200
    INFO | 2026-08-24 13:19:21 | datacube.py:subpixellate:1807 | Resampling subslice 5/5
    INFO | 2026-08-24 13:19:21 | slittrace.py:get_radec_image:536 | Generating an RA/DEC image with slice_offset=0.400
    INFO | 2026-08-24 13:19:22 | datacube.py:subpixellate:1770 | Resampling slit 19/24
    INFO | 2026-08-24 13:19:22 | datacube.py:subpixellate:1807 | Resampling subslice 1/5
    INFO | 2026-08-24 13:19:22 | slittrace.py:get_radec_image:536 | Generating an RA/DEC image with slice_offset=-0.400
    INFO | 2026-08-24 13:19:23 | datacube.py:subpixellate:1807 | Resampling subslice 2/5
    INFO | 2026-08-24 13:19:23 | slittrace.py:get_radec_image:536 | Generating an RA/DEC image with slice_offset=-0.200
    INFO | 2026-08-24 13:19:24 | datacube.py:subpixellate:1807 | Resampling subslice 3/5
    INFO | 2026-08-24 13:19:24 | slittrace.py:get_radec_image:536 | Generating an RA/DEC image with slice_offset=0.000
    INFO | 2026-08-24 13:19:25 | datacube.py:subpixellate:1807 | Resampling subslice 4/5
    INFO | 2026-08-24 13:19:25 | slittrace.py:get_radec_image:536 | Generating an RA/DEC image with slice_offset=0.200
    INFO | 2026-08-24 13:19:25 | datacube.py:subpixellate:1807 | Resampling subslice 5/5
    INFO | 2026-08-24 13:19:25 | slittrace.py:get_radec_image:536 | Generating an RA/DEC image with slice_offset=0.400
    INFO | 2026-08-24 13:19:26 | datacube.py:subpixellate:1770 | Resampling slit 20/24
    INFO | 2026-08-24 13:19:27 | datacube.py:subpixellate:1807 | Resampling subslice 1/5
    INFO | 2026-08-24 13:19:27 | slittrace.py:get_radec_image:536 | Generating an RA/DEC image with slice_offset=-0.400
    INFO | 2026-08-24 13:19:27 | datacube.py:subpixellate:1807 | Resampling subslice 2/5
    INFO | 2026-08-24 13:19:27 | slittrace.py:get_radec_image:536 | Generating an RA/DEC image with slice_offset=-0.200
    INFO | 2026-08-24 13:19:28 | datacube.py:subpixellate:1807 | Resampling subslice 3/5
    INFO | 2026-08-24 13:19:28 | slittrace.py:get_radec_image:536 | Generating an RA/DEC image with slice_offset=0.000
    INFO | 2026-08-24 13:19:29 | datacube.py:subpixellate:1807 | Resampling subslice 4/5
    INFO | 2026-08-24 13:19:29 | slittrace.py:get_radec_image:536 | Generating an RA/DEC image with slice_offset=0.200
    INFO | 2026-08-24 13:19:30 | datacube.py:subpixellate:1807 | Resampling subslice 5/5
    INFO | 2026-08-24 13:19:30 | slittrace.py:get_radec_image:536 | Generating an RA/DEC image with slice_offset=0.400
    INFO | 2026-08-24 13:19:31 | datacube.py:subpixellate:1770 | Resampling slit 21/24
    INFO | 2026-08-24 13:19:31 | datacube.py:subpixellate:1807 | Resampling subslice 1/5
    INFO | 2026-08-24 13:19:31 | slittrace.py:get_radec_image:536 | Generating an RA/DEC image with slice_offset=-0.400
    INFO | 2026-08-24 13:19:32 | datacube.py:subpixellate:1807 | Resampling subslice 2/5
    INFO | 2026-08-24 13:19:32 | slittrace.py:get_radec_image:536 | Generating an RA/DEC image with slice_offset=-0.200
    INFO | 2026-08-24 13:19:33 | datacube.py:subpixellate:1807 | Resampling subslice 3/5
    INFO | 2026-08-24 13:19:33 | slittrace.py:get_radec_image:536 | Generating an RA/DEC image with slice_offset=0.000
    INFO | 2026-08-24 13:19:34 | datacube.py:subpixellate:1807 | Resampling subslice 4/5
    INFO | 2026-08-24 13:19:34 | slittrace.py:get_radec_image:536 | Generating an RA/DEC image with slice_offset=0.200
    INFO | 2026-08-24 13:19:34 | datacube.py:subpixellate:1807 | Resampling subslice 5/5
    INFO | 2026-08-24 13:19:34 | slittrace.py:get_radec_image:536 | Generating an RA/DEC image with slice_offset=0.400
    INFO | 2026-08-24 13:19:35 | datacube.py:subpixellate:1770 | Resampling slit 22/24
    INFO | 2026-08-24 13:19:36 | datacube.py:subpixellate:1807 | Resampling subslice 1/5
    INFO | 2026-08-24 13:19:36 | slittrace.py:get_radec_image:536 | Generating an RA/DEC image with slice_offset=-0.400
    INFO | 2026-08-24 13:19:37 | datacube.py:subpixellate:1807 | Resampling subslice 2/5
    INFO | 2026-08-24 13:19:37 | slittrace.py:get_radec_image:536 | Generating an RA/DEC image with slice_offset=-0.200
    INFO | 2026-08-24 13:19:37 | datacube.py:subpixellate:1807 | Resampling subslice 3/5
    INFO | 2026-08-24 13:19:37 | slittrace.py:get_radec_image:536 | Generating an RA/DEC image with slice_offset=0.000
    INFO | 2026-08-24 13:19:38 | datacube.py:subpixellate:1807 | Resampling subslice 4/5
    INFO | 2026-08-24 13:19:38 | slittrace.py:get_radec_image:536 | Generating an RA/DEC image with slice_offset=0.200
    INFO | 2026-08-24 13:19:39 | datacube.py:subpixellate:1807 | Resampling subslice 5/5
    INFO | 2026-08-24 13:19:39 | slittrace.py:get_radec_image:536 | Generating an RA/DEC image with slice_offset=0.400
    INFO | 2026-08-24 13:19:40 | datacube.py:subpixellate:1770 | Resampling slit 23/24
    INFO | 2026-08-24 13:19:40 | datacube.py:subpixellate:1807 | Resampling subslice 1/5
    INFO | 2026-08-24 13:19:40 | slittrace.py:get_radec_image:536 | Generating an RA/DEC image with slice_offset=-0.400
    INFO | 2026-08-24 13:19:41 | datacube.py:subpixellate:1807 | Resampling subslice 2/5
    INFO | 2026-08-24 13:19:41 | slittrace.py:get_radec_image:536 | Generating an RA/DEC image with slice_offset=-0.200
    INFO | 2026-08-24 13:19:42 | datacube.py:subpixellate:1807 | Resampling subslice 3/5
    INFO | 2026-08-24 13:19:42 | slittrace.py:get_radec_image:536 | Generating an RA/DEC image with slice_offset=0.000
    INFO | 2026-08-24 13:19:43 | datacube.py:subpixellate:1807 | Resampling subslice 4/5
    INFO | 2026-08-24 13:19:43 | slittrace.py:get_radec_image:536 | Generating an RA/DEC image with slice_offset=0.200
    INFO | 2026-08-24 13:19:44 | datacube.py:subpixellate:1807 | Resampling subslice 5/5
    INFO | 2026-08-24 13:19:44 | slittrace.py:get_radec_image:536 | Generating an RA/DEC image with slice_offset=0.400
    INFO | 2026-08-24 13:19:45 | datacube.py:subpixellate:1770 | Resampling slit 24/24
    INFO | 2026-08-24 13:19:45 | datacube.py:subpixellate:1807 | Resampling subslice 1/5
    INFO | 2026-08-24 13:19:45 | slittrace.py:get_radec_image:536 | Generating an RA/DEC image with slice_offset=-0.400
    INFO | 2026-08-24 13:19:46 | datacube.py:subpixellate:1807 | Resampling subslice 2/5
    INFO | 2026-08-24 13:19:46 | slittrace.py:get_radec_image:536 | Generating an RA/DEC image with slice_offset=-0.200
    INFO | 2026-08-24 13:19:47 | datacube.py:subpixellate:1807 | Resampling subslice 3/5
    INFO | 2026-08-24 13:19:47 | slittrace.py:get_radec_image:536 | Generating an RA/DEC image with slice_offset=0.000
    INFO | 2026-08-24 13:19:47 | datacube.py:subpixellate:1807 | Resampling subslice 4/5
    INFO | 2026-08-24 13:19:47 | slittrace.py:get_radec_image:536 | Generating an RA/DEC image with slice_offset=0.200
    INFO | 2026-08-24 13:19:48 | datacube.py:subpixellate:1807 | Resampling subslice 5/5
    INFO | 2026-08-24 13:19:48 | slittrace.py:get_radec_image:536 | Generating an RA/DEC image with slice_offset=0.400
    INFO | 2026-08-24 13:19:49 | coadd3d.py:run_align:1340 | Calculating spatial translation of each cube relative to cube #1)
 WARNING | 2026-08-24 13:19:49 | flexure.py:calculate_image_phase:1428 | scikit-image is not installed. Adopting a basic image cross-correlation
    INFO | 2026-08-24 13:19:50 | coadd3d.py:run_align:1351 | Spatial shift of cube #1:
RA, DEC (arcsec) = +0.000 E, +0.000 N
 WARNING | 2026-08-24 13:19:50 | flexure.py:calculate_image_phase:1428 | scikit-image is not installed. Adopting a basic image cross-correlation
    INFO | 2026-08-24 13:19:51 | coadd3d.py:run_align:1351 | Spatial shift of cube #2:
RA, DEC (arcsec) = +0.024 E, -0.021 N
 WARNING | 2026-08-24 13:19:51 | flexure.py:calculate_image_phase:1428 | scikit-image is not installed. Adopting a basic image cross-correlation
    INFO | 2026-08-24 13:19:52 | coadd3d.py:run_align:1351 | Spatial shift of cube #3:
RA, DEC (arcsec) = +0.069 E, -0.032 N
 WARNING | 2026-08-24 13:19:52 | flexure.py:calculate_image_phase:1428 | scikit-image is not installed. Adopting a basic image cross-correlation
    INFO | 2026-08-24 13:19:52 | coadd3d.py:run_align:1351 | Spatial shift of cube #4:
RA, DEC (arcsec) = +0.026 E, +0.082 N
 WARNING | 2026-08-24 13:19:52 | flexure.py:calculate_image_phase:1428 | scikit-image is not installed. Adopting a basic image cross-correlation
    INFO | 2026-08-24 13:19:53 | coadd3d.py:run_align:1351 | Spatial shift of cube #5:
RA, DEC (arcsec) = +0.146 E, +0.114 N
 WARNING | 2026-08-24 13:19:53 | flexure.py:calculate_image_phase:1428 | scikit-image is not installed. Adopting a basic image cross-correlation
    INFO | 2026-08-24 13:19:54 | coadd3d.py:run_align:1351 | Spatial shift of cube #6:
RA, DEC (arcsec) = +0.004 E, +0.077 N
    INFO | 2026-08-24 13:19:54 | coadd3d.py:run_align:1316 | Iterating on spatial translation - ITERATION #2/2
    INFO | 2026-08-24 13:19:54 | datacube.py:generate_WCS:1049 | Generating WCS
    INFO | 2026-08-24 13:19:54 | datacube.py:create_wcs:1008 | 
----------------------------------------
Parameters of the WCS:
RA   min = 349.99045926267877
DEC  min = -5.170239201976539
WAVE min, max = 6745.343104918172, 7442.511094656603
Spaxel size = 1.3578480000000002 arcsec
Wavelength step = 697.1679897384311 A
----------------------------------------
    INFO | 2026-08-24 13:19:54 | datacube.py:generate_image_subpixel:1485 | Creating image 1/6
    INFO | 2026-08-24 13:19:54 | datacube.py:subpixellate:1770 | Resampling slit 1/24
    INFO | 2026-08-24 13:19:55 | datacube.py:subpixellate:1807 | Resampling subslice 1/5
    INFO | 2026-08-24 13:19:55 | slittrace.py:get_radec_image:536 | Generating an RA/DEC image with slice_offset=-0.400
    INFO | 2026-08-24 13:19:56 | datacube.py:subpixellate:1807 | Resampling subslice 2/5
    INFO | 2026-08-24 13:19:56 | slittrace.py:get_radec_image:536 | Generating an RA/DEC image with slice_offset=-0.200
    INFO | 2026-08-24 13:19:56 | datacube.py:subpixellate:1807 | Resampling subslice 3/5
    INFO | 2026-08-24 13:19:56 | slittrace.py:get_radec_image:536 | Generating an RA/DEC image with slice_offset=0.000
    INFO | 2026-08-24 13:19:57 | datacube.py:subpixellate:1807 | Resampling subslice 4/5
    INFO | 2026-08-24 13:19:57 | slittrace.py:get_radec_image:536 | Generating an RA/DEC image with slice_offset=0.200
    INFO | 2026-08-24 13:19:58 | datacube.py:subpixellate:1807 | Resampling subslice 5/5
    INFO | 2026-08-24 13:19:58 | slittrace.py:get_radec_image:536 | Generating an RA/DEC image with slice_offset=0.400
    INFO | 2026-08-24 13:19:59 | datacube.py:subpixellate:1770 | Resampling slit 2/24
    INFO | 2026-08-24 13:19:59 | datacube.py:subpixellate:1807 | Resampling subslice 1/5
    INFO | 2026-08-24 13:19:59 | slittrace.py:get_radec_image:536 | Generating an RA/DEC image with slice_offset=-0.400
    INFO | 2026-08-24 13:20:00 | datacube.py:subpixellate:1807 | Resampling subslice 2/5
    INFO | 2026-08-24 13:20:00 | slittrace.py:get_radec_image:536 | Generating an RA/DEC image with slice_offset=-0.200
    INFO | 2026-08-24 13:20:01 | datacube.py:subpixellate:1807 | Resampling subslice 3/5
    INFO | 2026-08-24 13:20:01 | slittrace.py:get_radec_image:536 | Generating an RA/DEC image with slice_offset=0.000
    INFO | 2026-08-24 13:20:02 | datacube.py:subpixellate:1807 | Resampling subslice 4/5
    INFO | 2026-08-24 13:20:02 | slittrace.py:get_radec_image:536 | Generating an RA/DEC image with slice_offset=0.200
    INFO | 2026-08-24 13:20:03 | datacube.py:subpixellate:1807 | Resampling subslice 5/5
    INFO | 2026-08-24 13:20:03 | slittrace.py:get_radec_image:536 | Generating an RA/DEC image with slice_offset=0.400
    INFO | 2026-08-24 13:20:04 | datacube.py:subpixellate:1770 | Resampling slit 3/24
    INFO | 2026-08-24 13:20:04 | datacube.py:subpixellate:1807 | Resampling subslice 1/5
    INFO | 2026-08-24 13:20:04 | slittrace.py:get_radec_image:536 | Generating an RA/DEC image with slice_offset=-0.400
    INFO | 2026-08-24 13:20:05 | datacube.py:subpixellate:1807 | Resampling subslice 2/5
    INFO | 2026-08-24 13:20:05 | slittrace.py:get_radec_image:536 | Generating an RA/DEC image with slice_offset=-0.200
    INFO | 2026-08-24 13:20:06 | datacube.py:subpixellate:1807 | Resampling subslice 3/5
    INFO | 2026-08-24 13:20:06 | slittrace.py:get_radec_image:536 | Generating an RA/DEC image with slice_offset=0.000
    INFO | 2026-08-24 13:20:06 | datacube.py:subpixellate:1807 | Resampling subslice 4/5
    INFO | 2026-08-24 13:20:06 | slittrace.py:get_radec_image:536 | Generating an RA/DEC image with slice_offset=0.200
    INFO | 2026-08-24 13:20:07 | datacube.py:subpixellate:1807 | Resampling subslice 5/5
    INFO | 2026-08-24 13:20:07 | slittrace.py:get_radec_image:536 | Generating an RA/DEC image with slice_offset=0.400
    INFO | 2026-08-24 13:20:08 | datacube.py:subpixellate:1770 | Resampling slit 4/24
    INFO | 2026-08-24 13:20:09 | datacube.py:subpixellate:1807 | Resampling subslice 1/5
    INFO | 2026-08-24 13:20:09 | slittrace.py:get_radec_image:536 | Generating an RA/DEC image with slice_offset=-0.400
    INFO | 2026-08-24 13:20:10 | datacube.py:subpixellate:1807 | Resampling subslice 2/5
    INFO | 2026-08-24 13:20:10 | slittrace.py:get_radec_image:536 | Generating an RA/DEC image with slice_offset=-0.200
    INFO | 2026-08-24 13:20:10 | datacube.py:subpixellate:1807 | Resampling subslice 3/5
    INFO | 2026-08-24 13:20:10 | slittrace.py:get_radec_image:536 | Generating an RA/DEC image with slice_offset=0.000
    INFO | 2026-08-24 13:20:11 | datacube.py:subpixellate:1807 | Resampling subslice 4/5
    INFO | 2026-08-24 13:20:11 | slittrace.py:get_radec_image:536 | Generating an RA/DEC image with slice_offset=0.200
    INFO | 2026-08-24 13:20:12 | datacube.py:subpixellate:1807 | Resampling subslice 5/5
    INFO | 2026-08-24 13:20:12 | slittrace.py:get_radec_image:536 | Generating an RA/DEC image with slice_offset=0.400
    INFO | 2026-08-24 13:20:13 | datacube.py:subpixellate:1770 | Resampling slit 5/24
    INFO | 2026-08-24 13:20:13 | datacube.py:subpixellate:1807 | Resampling subslice 1/5
    INFO | 2026-08-24 13:20:13 | slittrace.py:get_radec_image:536 | Generating an RA/DEC image with slice_offset=-0.400
    INFO | 2026-08-24 13:20:14 | datacube.py:subpixellate:1807 | Resampling subslice 2/5
    INFO | 2026-08-24 13:20:14 | slittrace.py:get_radec_image:536 | Generating an RA/DEC image with slice_offset=-0.200
    INFO | 2026-08-24 13:20:15 | datacube.py:subpixellate:1807 | Resampling subslice 3/5
    INFO | 2026-08-24 13:20:15 | slittrace.py:get_radec_image:536 | Generating an RA/DEC image with slice_offset=0.000
    INFO | 2026-08-24 13:20:16 | datacube.py:subpixellate:1807 | Resampling subslice 4/5
    INFO | 2026-08-24 13:20:16 | slittrace.py:get_radec_image:536 | Generating an RA/DEC image with slice_offset=0.200
    INFO | 2026-08-24 13:20:16 | datacube.py:subpixellate:1807 | Resampling subslice 5/5
    INFO | 2026-08-24 13:20:16 | slittrace.py:get_radec_image:536 | Generating an RA/DEC image with slice_offset=0.400
    INFO | 2026-08-24 13:20:17 | datacube.py:subpixellate:1770 | Resampling slit 6/24
    INFO | 2026-08-24 13:20:18 | datacube.py:subpixellate:1807 | Resampling subslice 1/5
    INFO | 2026-08-24 13:20:18 | slittrace.py:get_radec_image:536 | Generating an RA/DEC image with slice_offset=-0.400
    INFO | 2026-08-24 13:20:19 | datacube.py:subpixellate:1807 | Resampling subslice 2/5
    INFO | 2026-08-24 13:20:19 | slittrace.py:get_radec_image:536 | Generating an RA/DEC image with slice_offset=-0.200
    INFO | 2026-08-24 13:20:19 | datacube.py:subpixellate:1807 | Resampling subslice 3/5
    INFO | 2026-08-24 13:20:19 | slittrace.py:get_radec_image:536 | Generating an RA/DEC image with slice_offset=0.000
    INFO | 2026-08-24 13:20:20 | datacube.py:subpixellate:1807 | Resampling subslice 4/5
    INFO | 2026-08-24 13:20:20 | slittrace.py:get_radec_image:536 | Generating an RA/DEC image with slice_offset=0.200
    INFO | 2026-08-24 13:20:21 | datacube.py:subpixellate:1807 | Resampling subslice 5/5
    INFO | 2026-08-24 13:20:21 | slittrace.py:get_radec_image:536 | Generating an RA/DEC image with slice_offset=0.400
    INFO | 2026-08-24 13:20:22 | datacube.py:subpixellate:1770 | Resampling slit 7/24
    INFO | 2026-08-24 13:20:22 | datacube.py:subpixellate:1807 | Resampling subslice 1/5
    INFO | 2026-08-24 13:20:22 | slittrace.py:get_radec_image:536 | Generating an RA/DEC image with slice_offset=-0.400
    INFO | 2026-08-24 13:20:23 | datacube.py:subpixellate:1807 | Resampling subslice 2/5
    INFO | 2026-08-24 13:20:23 | slittrace.py:get_radec_image:536 | Generating an RA/DEC image with slice_offset=-0.200
    INFO | 2026-08-24 13:20:24 | datacube.py:subpixellate:1807 | Resampling subslice 3/5
    INFO | 2026-08-24 13:20:24 | slittrace.py:get_radec_image:536 | Generating an RA/DEC image with slice_offset=0.000
    INFO | 2026-08-24 13:20:25 | datacube.py:subpixellate:1807 | Resampling subslice 4/5
    INFO | 2026-08-24 13:20:25 | slittrace.py:get_radec_image:536 | Generating an RA/DEC image with slice_offset=0.200
    INFO | 2026-08-24 13:20:25 | datacube.py:subpixellate:1807 | Resampling subslice 5/5
    INFO | 2026-08-24 13:20:25 | slittrace.py:get_radec_image:536 | Generating an RA/DEC image with slice_offset=0.400
    INFO | 2026-08-24 13:20:26 | datacube.py:subpixellate:1770 | Resampling slit 8/24
    INFO | 2026-08-24 13:20:27 | datacube.py:subpixellate:1807 | Resampling subslice 1/5
    INFO | 2026-08-24 13:20:27 | slittrace.py:get_radec_image:536 | Generating an RA/DEC image with slice_offset=-0.400
    INFO | 2026-08-24 13:20:28 | datacube.py:subpixellate:1807 | Resampling subslice 2/5
    INFO | 2026-08-24 13:20:28 | slittrace.py:get_radec_image:536 | Generating an RA/DEC image with slice_offset=-0.200
    INFO | 2026-08-24 13:20:28 | datacube.py:subpixellate:1807 | Resampling subslice 3/5
    INFO | 2026-08-24 13:20:28 | slittrace.py:get_radec_image:536 | Generating an RA/DEC image with slice_offset=0.000
    INFO | 2026-08-24 13:20:29 | datacube.py:subpixellate:1807 | Resampling subslice 4/5
    INFO | 2026-08-24 13:20:29 | slittrace.py:get_radec_image:536 | Generating an RA/DEC image with slice_offset=0.200
    INFO | 2026-08-24 13:20:30 | datacube.py:subpixellate:1807 | Resampling subslice 5/5
    INFO | 2026-08-24 13:20:30 | slittrace.py:get_radec_image:536 | Generating an RA/DEC image with slice_offset=0.400
    INFO | 2026-08-24 13:20:31 | datacube.py:subpixellate:1770 | Resampling slit 9/24
    INFO | 2026-08-24 13:20:31 | datacube.py:subpixellate:1807 | Resampling subslice 1/5
    INFO | 2026-08-24 13:20:31 | slittrace.py:get_radec_image:536 | Generating an RA/DEC image with slice_offset=-0.400
    INFO | 2026-08-24 13:20:32 | datacube.py:subpixellate:1807 | Resampling subslice 2/5
    INFO | 2026-08-24 13:20:32 | slittrace.py:get_radec_image:536 | Generating an RA/DEC image with slice_offset=-0.200
    INFO | 2026-08-24 13:20:33 | datacube.py:subpixellate:1807 | Resampling subslice 3/5
    INFO | 2026-08-24 13:20:33 | slittrace.py:get_radec_image:536 | Generating an RA/DEC image with slice_offset=0.000
    INFO | 2026-08-24 13:20:34 | datacube.py:subpixellate:1807 | Resampling subslice 4/5
    INFO | 2026-08-24 13:20:34 | slittrace.py:get_radec_image:536 | Generating an RA/DEC image with slice_offset=0.200
    INFO | 2026-08-24 13:20:34 | datacube.py:subpixellate:1807 | Resampling subslice 5/5
    INFO | 2026-08-24 13:20:34 | slittrace.py:get_radec_image:536 | Generating an RA/DEC image with slice_offset=0.400
    INFO | 2026-08-24 13:20:35 | datacube.py:subpixellate:1770 | Resampling slit 10/24
    INFO | 2026-08-24 13:20:36 | datacube.py:subpixellate:1807 | Resampling subslice 1/5
    INFO | 2026-08-24 13:20:36 | slittrace.py:get_radec_image:536 | Generating an RA/DEC image with slice_offset=-0.400
    INFO | 2026-08-24 13:20:37 | datacube.py:subpixellate:1807 | Resampling subslice 2/5
    INFO | 2026-08-24 13:20:37 | slittrace.py:get_radec_image:536 | Generating an RA/DEC image with slice_offset=-0.200
    INFO | 2026-08-24 13:20:37 | datacube.py:subpixellate:1807 | Resampling subslice 3/5
    INFO | 2026-08-24 13:20:37 | slittrace.py:get_radec_image:536 | Generating an RA/DEC image with slice_offset=0.000
    INFO | 2026-08-24 13:20:38 | datacube.py:subpixellate:1807 | Resampling subslice 4/5
    INFO | 2026-08-24 13:20:38 | slittrace.py:get_radec_image:536 | Generating an RA/DEC image with slice_offset=0.200
    INFO | 2026-08-24 13:20:39 | datacube.py:subpixellate:1807 | Resampling subslice 5/5
    INFO | 2026-08-24 13:20:39 | slittrace.py:get_radec_image:536 | Generating an RA/DEC image with slice_offset=0.400
    INFO | 2026-08-24 13:20:40 | datacube.py:subpixellate:1770 | Resampling slit 11/24
    INFO | 2026-08-24 13:20:40 | datacube.py:subpixellate:1807 | Resampling subslice 1/5
    INFO | 2026-08-24 13:20:40 | slittrace.py:get_radec_image:536 | Generating an RA/DEC image with slice_offset=-0.400
    INFO | 2026-08-24 13:20:41 | datacube.py:subpixellate:1807 | Resampling subslice 2/5
    INFO | 2026-08-24 13:20:41 | slittrace.py:get_radec_image:536 | Generating an RA/DEC image with slice_offset=-0.200
    INFO | 2026-08-24 13:20:42 | datacube.py:subpixellate:1807 | Resampling subslice 3/5
    INFO | 2026-08-24 13:20:42 | slittrace.py:get_radec_image:536 | Generating an RA/DEC image with slice_offset=0.000
    INFO | 2026-08-24 13:20:43 | datacube.py:subpixellate:1807 | Resampling subslice 4/5
    INFO | 2026-08-24 13:20:43 | slittrace.py:get_radec_image:536 | Generating an RA/DEC image with slice_offset=0.200
    INFO | 2026-08-24 13:20:43 | datacube.py:subpixellate:1807 | Resampling subslice 5/5
    INFO | 2026-08-24 13:20:43 | slittrace.py:get_radec_image:536 | Generating an RA/DEC image with slice_offset=0.400
    INFO | 2026-08-24 13:20:44 | datacube.py:subpixellate:1770 | Resampling slit 12/24
    INFO | 2026-08-24 13:20:45 | datacube.py:subpixellate:1807 | Resampling subslice 1/5
    INFO | 2026-08-24 13:20:45 | slittrace.py:get_radec_image:536 | Generating an RA/DEC image with slice_offset=-0.400
    INFO | 2026-08-24 13:20:45 | datacube.py:subpixellate:1807 | Resampling subslice 2/5
    INFO | 2026-08-24 13:20:45 | slittrace.py:get_radec_image:536 | Generating an RA/DEC image with slice_offset=-0.200
    INFO | 2026-08-24 13:20:46 | datacube.py:subpixellate:1807 | Resampling subslice 3/5
    INFO | 2026-08-24 13:20:46 | slittrace.py:get_radec_image:536 | Generating an RA/DEC image with slice_offset=0.000
    INFO | 2026-08-24 13:20:47 | datacube.py:subpixellate:1807 | Resampling subslice 4/5
    INFO | 2026-08-24 13:20:47 | slittrace.py:get_radec_image:536 | Generating an RA/DEC image with slice_offset=0.200
    INFO | 2026-08-24 13:20:48 | datacube.py:subpixellate:1807 | Resampling subslice 5/5
    INFO | 2026-08-24 13:20:48 | slittrace.py:get_radec_image:536 | Generating an RA/DEC image with slice_offset=0.400
    INFO | 2026-08-24 13:20:49 | datacube.py:subpixellate:1770 | Resampling slit 13/24
    INFO | 2026-08-24 13:20:49 | datacube.py:subpixellate:1807 | Resampling subslice 1/5
    INFO | 2026-08-24 13:20:49 | slittrace.py:get_radec_image:536 | Generating an RA/DEC image with slice_offset=-0.400
    INFO | 2026-08-24 13:20:50 | datacube.py:subpixellate:1807 | Resampling subslice 2/5
    INFO | 2026-08-24 13:20:50 | slittrace.py:get_radec_image:536 | Generating an RA/DEC image with slice_offset=-0.200
    INFO | 2026-08-24 13:20:51 | datacube.py:subpixellate:1807 | Resampling subslice 3/5
    INFO | 2026-08-24 13:20:51 | slittrace.py:get_radec_image:536 | Generating an RA/DEC image with slice_offset=0.000
    INFO | 2026-08-24 13:20:51 | datacube.py:subpixellate:1807 | Resampling subslice 4/5
    INFO | 2026-08-24 13:20:51 | slittrace.py:get_radec_image:536 | Generating an RA/DEC image with slice_offset=0.200
    INFO | 2026-08-24 13:20:52 | datacube.py:subpixellate:1807 | Resampling subslice 5/5
    INFO | 2026-08-24 13:20:52 | slittrace.py:get_radec_image:536 | Generating an RA/DEC image with slice_offset=0.400
    INFO | 2026-08-24 13:20:53 | datacube.py:subpixellate:1770 | Resampling slit 14/24
    INFO | 2026-08-24 13:20:53 | datacube.py:subpixellate:1807 | Resampling subslice 1/5
    INFO | 2026-08-24 13:20:53 | slittrace.py:get_radec_image:536 | Generating an RA/DEC image with slice_offset=-0.400
    INFO | 2026-08-24 13:20:54 | datacube.py:subpixellate:1807 | Resampling subslice 2/5
    INFO | 2026-08-24 13:20:54 | slittrace.py:get_radec_image:536 | Generating an RA/DEC image with slice_offset=-0.200
    INFO | 2026-08-24 13:20:55 | datacube.py:subpixellate:1807 | Resampling subslice 3/5
    INFO | 2026-08-24 13:20:55 | slittrace.py:get_radec_image:536 | Generating an RA/DEC image with slice_offset=0.000
    INFO | 2026-08-24 13:20:56 | datacube.py:subpixellate:1807 | Resampling subslice 4/5
    INFO | 2026-08-24 13:20:56 | slittrace.py:get_radec_image:536 | Generating an RA/DEC image with slice_offset=0.200
    INFO | 2026-08-24 13:20:57 | datacube.py:subpixellate:1807 | Resampling subslice 5/5
    INFO | 2026-08-24 13:20:57 | slittrace.py:get_radec_image:536 | Generating an RA/DEC image with slice_offset=0.400
    INFO | 2026-08-24 13:20:58 | datacube.py:subpixellate:1770 | Resampling slit 15/24
    INFO | 2026-08-24 13:20:58 | datacube.py:subpixellate:1807 | Resampling subslice 1/5
    INFO | 2026-08-24 13:20:58 | slittrace.py:get_radec_image:536 | Generating an RA/DEC image with slice_offset=-0.400
    INFO | 2026-08-24 13:20:59 | datacube.py:subpixellate:1807 | Resampling subslice 2/5
    INFO | 2026-08-24 13:20:59 | slittrace.py:get_radec_image:536 | Generating an RA/DEC image with slice_offset=-0.200
    INFO | 2026-08-24 13:20:59 | datacube.py:subpixellate:1807 | Resampling subslice 3/5
    INFO | 2026-08-24 13:20:59 | slittrace.py:get_radec_image:536 | Generating an RA/DEC image with slice_offset=0.000
    INFO | 2026-08-24 13:21:00 | datacube.py:subpixellate:1807 | Resampling subslice 4/5
    INFO | 2026-08-24 13:21:00 | slittrace.py:get_radec_image:536 | Generating an RA/DEC image with slice_offset=0.200
    INFO | 2026-08-24 13:21:01 | datacube.py:subpixellate:1807 | Resampling subslice 5/5
    INFO | 2026-08-24 13:21:01 | slittrace.py:get_radec_image:536 | Generating an RA/DEC image with slice_offset=0.400
    INFO | 2026-08-24 13:21:02 | datacube.py:subpixellate:1770 | Resampling slit 16/24
    INFO | 2026-08-24 13:21:02 | datacube.py:subpixellate:1807 | Resampling subslice 1/5
    INFO | 2026-08-24 13:21:02 | slittrace.py:get_radec_image:536 | Generating an RA/DEC image with slice_offset=-0.400
    INFO | 2026-08-24 13:21:03 | datacube.py:subpixellate:1807 | Resampling subslice 2/5
    INFO | 2026-08-24 13:21:03 | slittrace.py:get_radec_image:536 | Generating an RA/DEC image with slice_offset=-0.200
    INFO | 2026-08-24 13:21:04 | datacube.py:subpixellate:1807 | Resampling subslice 3/5
    INFO | 2026-08-24 13:21:04 | slittrace.py:get_radec_image:536 | Generating an RA/DEC image with slice_offset=0.000
    INFO | 2026-08-24 13:21:05 | datacube.py:subpixellate:1807 | Resampling subslice 4/5
    INFO | 2026-08-24 13:21:05 | slittrace.py:get_radec_image:536 | Generating an RA/DEC image with slice_offset=0.200
    INFO | 2026-08-24 13:21:05 | datacube.py:subpixellate:1807 | Resampling subslice 5/5
    INFO | 2026-08-24 13:21:05 | slittrace.py:get_radec_image:536 | Generating an RA/DEC image with slice_offset=0.400
    INFO | 2026-08-24 13:21:06 | datacube.py:subpixellate:1770 | Resampling slit 17/24
    INFO | 2026-08-24 13:21:07 | datacube.py:subpixellate:1807 | Resampling subslice 1/5
    INFO | 2026-08-24 13:21:07 | slittrace.py:get_radec_image:536 | Generating an RA/DEC image with slice_offset=-0.400
    INFO | 2026-08-24 13:21:08 | datacube.py:subpixellate:1807 | Resampling subslice 2/5
    INFO | 2026-08-24 13:21:08 | slittrace.py:get_radec_image:536 | Generating an RA/DEC image with slice_offset=-0.200
    INFO | 2026-08-24 13:21:08 | datacube.py:subpixellate:1807 | Resampling subslice 3/5
    INFO | 2026-08-24 13:21:08 | slittrace.py:get_radec_image:536 | Generating an RA/DEC image with slice_offset=0.000
    INFO | 2026-08-24 13:21:09 | datacube.py:subpixellate:1807 | Resampling subslice 4/5
    INFO | 2026-08-24 13:21:09 | slittrace.py:get_radec_image:536 | Generating an RA/DEC image with slice_offset=0.200
    INFO | 2026-08-24 13:21:10 | datacube.py:subpixellate:1807 | Resampling subslice 5/5
    INFO | 2026-08-24 13:21:10 | slittrace.py:get_radec_image:536 | Generating an RA/DEC image with slice_offset=0.400
    INFO | 2026-08-24 13:21:11 | datacube.py:subpixellate:1770 | Resampling slit 18/24
    INFO | 2026-08-24 13:21:11 | datacube.py:subpixellate:1807 | Resampling subslice 1/5
    INFO | 2026-08-24 13:21:11 | slittrace.py:get_radec_image:536 | Generating an RA/DEC image with slice_offset=-0.400
    INFO | 2026-08-24 13:21:12 | datacube.py:subpixellate:1807 | Resampling subslice 2/5
    INFO | 2026-08-24 13:21:12 | slittrace.py:get_radec_image:536 | Generating an RA/DEC image with slice_offset=-0.200
    INFO | 2026-08-24 13:21:13 | datacube.py:subpixellate:1807 | Resampling subslice 3/5
    INFO | 2026-08-24 13:21:13 | slittrace.py:get_radec_image:536 | Generating an RA/DEC image with slice_offset=0.000
    INFO | 2026-08-24 13:21:14 | datacube.py:subpixellate:1807 | Resampling subslice 4/5
    INFO | 2026-08-24 13:21:14 | slittrace.py:get_radec_image:536 | Generating an RA/DEC image with slice_offset=0.200
    INFO | 2026-08-24 13:21:14 | datacube.py:subpixellate:1807 | Resampling subslice 5/5
    INFO | 2026-08-24 13:21:14 | slittrace.py:get_radec_image:536 | Generating an RA/DEC image with slice_offset=0.400
    INFO | 2026-08-24 13:21:15 | datacube.py:subpixellate:1770 | Resampling slit 19/24
    INFO | 2026-08-24 13:21:16 | datacube.py:subpixellate:1807 | Resampling subslice 1/5
    INFO | 2026-08-24 13:21:16 | slittrace.py:get_radec_image:536 | Generating an RA/DEC image with slice_offset=-0.400
    INFO | 2026-08-24 13:21:16 | datacube.py:subpixellate:1807 | Resampling subslice 2/5
    INFO | 2026-08-24 13:21:16 | slittrace.py:get_radec_image:536 | Generating an RA/DEC image with slice_offset=-0.200
    INFO | 2026-08-24 13:21:17 | datacube.py:subpixellate:1807 | Resampling subslice 3/5
    INFO | 2026-08-24 13:21:17 | slittrace.py:get_radec_image:536 | Generating an RA/DEC image with slice_offset=0.000
    INFO | 2026-08-24 13:21:18 | datacube.py:subpixellate:1807 | Resampling subslice 4/5
    INFO | 2026-08-24 13:21:18 | slittrace.py:get_radec_image:536 | Generating an RA/DEC image with slice_offset=0.200
    INFO | 2026-08-24 13:21:19 | datacube.py:subpixellate:1807 | Resampling subslice 5/5
    INFO | 2026-08-24 13:21:19 | slittrace.py:get_radec_image:536 | Generating an RA/DEC image with slice_offset=0.400
    INFO | 2026-08-24 13:21:20 | datacube.py:subpixellate:1770 | Resampling slit 20/24
    INFO | 2026-08-24 13:21:20 | datacube.py:subpixellate:1807 | Resampling subslice 1/5
    INFO | 2026-08-24 13:21:20 | slittrace.py:get_radec_image:536 | Generating an RA/DEC image with slice_offset=-0.400
    INFO | 2026-08-24 13:21:21 | datacube.py:subpixellate:1807 | Resampling subslice 2/5
    INFO | 2026-08-24 13:21:21 | slittrace.py:get_radec_image:536 | Generating an RA/DEC image with slice_offset=-0.200
    INFO | 2026-08-24 13:21:22 | datacube.py:subpixellate:1807 | Resampling subslice 3/5
    INFO | 2026-08-24 13:21:22 | slittrace.py:get_radec_image:536 | Generating an RA/DEC image with slice_offset=0.000
    INFO | 2026-08-24 13:21:22 | datacube.py:subpixellate:1807 | Resampling subslice 4/5
    INFO | 2026-08-24 13:21:22 | slittrace.py:get_radec_image:536 | Generating an RA/DEC image with slice_offset=0.200
    INFO | 2026-08-24 13:21:23 | datacube.py:subpixellate:1807 | Resampling subslice 5/5
    INFO | 2026-08-24 13:21:23 | slittrace.py:get_radec_image:536 | Generating an RA/DEC image with slice_offset=0.400
    INFO | 2026-08-24 13:21:24 | datacube.py:subpixellate:1770 | Resampling slit 21/24
    INFO | 2026-08-24 13:21:25 | datacube.py:subpixellate:1807 | Resampling subslice 1/5
    INFO | 2026-08-24 13:21:25 | slittrace.py:get_radec_image:536 | Generating an RA/DEC image with slice_offset=-0.400
    INFO | 2026-08-24 13:21:26 | datacube.py:subpixellate:1807 | Resampling subslice 2/5
    INFO | 2026-08-24 13:21:26 | slittrace.py:get_radec_image:536 | Generating an RA/DEC image with slice_offset=-0.200
    INFO | 2026-08-24 13:21:26 | datacube.py:subpixellate:1807 | Resampling subslice 3/5
    INFO | 2026-08-24 13:21:26 | slittrace.py:get_radec_image:536 | Generating an RA/DEC image with slice_offset=0.000
    INFO | 2026-08-24 13:21:27 | datacube.py:subpixellate:1807 | Resampling subslice 4/5
    INFO | 2026-08-24 13:21:27 | slittrace.py:get_radec_image:536 | Generating an RA/DEC image with slice_offset=0.200
    INFO | 2026-08-24 13:21:28 | datacube.py:subpixellate:1807 | Resampling subslice 5/5
    INFO | 2026-08-24 13:21:28 | slittrace.py:get_radec_image:536 | Generating an RA/DEC image with slice_offset=0.400
    INFO | 2026-08-24 13:21:29 | datacube.py:subpixellate:1770 | Resampling slit 22/24
    INFO | 2026-08-24 13:21:29 | datacube.py:subpixellate:1807 | Resampling subslice 1/5
    INFO | 2026-08-24 13:21:29 | slittrace.py:get_radec_image:536 | Generating an RA/DEC image with slice_offset=-0.400
    INFO | 2026-08-24 13:21:30 | datacube.py:subpixellate:1807 | Resampling subslice 2/5
    INFO | 2026-08-24 13:21:30 | slittrace.py:get_radec_image:536 | Generating an RA/DEC image with slice_offset=-0.200
    INFO | 2026-08-24 13:21:31 | datacube.py:subpixellate:1807 | Resampling subslice 3/5
    INFO | 2026-08-24 13:21:31 | slittrace.py:get_radec_image:536 | Generating an RA/DEC image with slice_offset=0.000
    INFO | 2026-08-24 13:21:32 | datacube.py:subpixellate:1807 | Resampling subslice 4/5
    INFO | 2026-08-24 13:21:32 | slittrace.py:get_radec_image:536 | Generating an RA/DEC image with slice_offset=0.200
    INFO | 2026-08-24 13:21:32 | datacube.py:subpixellate:1807 | Resampling subslice 5/5
    INFO | 2026-08-24 13:21:32 | slittrace.py:get_radec_image:536 | Generating an RA/DEC image with slice_offset=0.400
    INFO | 2026-08-24 13:21:33 | datacube.py:subpixellate:1770 | Resampling slit 23/24
    INFO | 2026-08-24 13:21:34 | datacube.py:subpixellate:1807 | Resampling subslice 1/5
    INFO | 2026-08-24 13:21:34 | slittrace.py:get_radec_image:536 | Generating an RA/DEC image with slice_offset=-0.400
    INFO | 2026-08-24 13:21:34 | datacube.py:subpixellate:1807 | Resampling subslice 2/5
    INFO | 2026-08-24 13:21:34 | slittrace.py:get_radec_image:536 | Generating an RA/DEC image with slice_offset=-0.200
    INFO | 2026-08-24 13:21:35 | datacube.py:subpixellate:1807 | Resampling subslice 3/5
    INFO | 2026-08-24 13:21:35 | slittrace.py:get_radec_image:536 | Generating an RA/DEC image with slice_offset=0.000
    INFO | 2026-08-24 13:21:36 | datacube.py:subpixellate:1807 | Resampling subslice 4/5
    INFO | 2026-08-24 13:21:36 | slittrace.py:get_radec_image:536 | Generating an RA/DEC image with slice_offset=0.200
    INFO | 2026-08-24 13:21:37 | datacube.py:subpixellate:1807 | Resampling subslice 5/5
    INFO | 2026-08-24 13:21:37 | slittrace.py:get_radec_image:536 | Generating an RA/DEC image with slice_offset=0.400
    INFO | 2026-08-24 13:21:38 | datacube.py:subpixellate:1770 | Resampling slit 24/24
    INFO | 2026-08-24 13:21:38 | datacube.py:subpixellate:1807 | Resampling subslice 1/5
    INFO | 2026-08-24 13:21:38 | slittrace.py:get_radec_image:536 | Generating an RA/DEC image with slice_offset=-0.400
    INFO | 2026-08-24 13:21:39 | datacube.py:subpixellate:1807 | Resampling subslice 2/5
    INFO | 2026-08-24 13:21:39 | slittrace.py:get_radec_image:536 | Generating an RA/DEC image with slice_offset=-0.200
    INFO | 2026-08-24 13:21:40 | datacube.py:subpixellate:1807 | Resampling subslice 3/5
    INFO | 2026-08-24 13:21:40 | slittrace.py:get_radec_image:536 | Generating an RA/DEC image with slice_offset=0.000
    INFO | 2026-08-24 13:21:41 | datacube.py:subpixellate:1807 | Resampling subslice 4/5
    INFO | 2026-08-24 13:21:41 | slittrace.py:get_radec_image:536 | Generating an RA/DEC image with slice_offset=0.200
    INFO | 2026-08-24 13:21:42 | datacube.py:subpixellate:1807 | Resampling subslice 5/5
    INFO | 2026-08-24 13:21:42 | slittrace.py:get_radec_image:536 | Generating an RA/DEC image with slice_offset=0.400
    INFO | 2026-08-24 13:21:43 | datacube.py:generate_image_subpixel:1485 | Creating image 2/6
    INFO | 2026-08-24 13:21:43 | datacube.py:subpixellate:1770 | Resampling slit 1/24
    INFO | 2026-08-24 13:21:43 | datacube.py:subpixellate:1807 | Resampling subslice 1/5
    INFO | 2026-08-24 13:21:43 | slittrace.py:get_radec_image:536 | Generating an RA/DEC image with slice_offset=-0.400
    INFO | 2026-08-24 13:21:44 | datacube.py:subpixellate:1807 | Resampling subslice 2/5
    INFO | 2026-08-24 13:21:44 | slittrace.py:get_radec_image:536 | Generating an RA/DEC image with slice_offset=-0.200
    INFO | 2026-08-24 13:21:45 | datacube.py:subpixellate:1807 | Resampling subslice 3/5
    INFO | 2026-08-24 13:21:45 | slittrace.py:get_radec_image:536 | Generating an RA/DEC image with slice_offset=0.000
    INFO | 2026-08-24 13:21:46 | datacube.py:subpixellate:1807 | Resampling subslice 4/5
    INFO | 2026-08-24 13:21:46 | slittrace.py:get_radec_image:536 | Generating an RA/DEC image with slice_offset=0.200
    INFO | 2026-08-24 13:21:47 | datacube.py:subpixellate:1807 | Resampling subslice 5/5
    INFO | 2026-08-24 13:21:47 | slittrace.py:get_radec_image:536 | Generating an RA/DEC image with slice_offset=0.400
    INFO | 2026-08-24 13:21:48 | datacube.py:subpixellate:1770 | Resampling slit 2/24
    INFO | 2026-08-24 13:21:48 | datacube.py:subpixellate:1807 | Resampling subslice 1/5
    INFO | 2026-08-24 13:21:48 | slittrace.py:get_radec_image:536 | Generating an RA/DEC image with slice_offset=-0.400
    INFO | 2026-08-24 13:21:49 | datacube.py:subpixellate:1807 | Resampling subslice 2/5
    INFO | 2026-08-24 13:21:49 | slittrace.py:get_radec_image:536 | Generating an RA/DEC image with slice_offset=-0.200
    INFO | 2026-08-24 13:21:50 | datacube.py:subpixellate:1807 | Resampling subslice 3/5
    INFO | 2026-08-24 13:21:50 | slittrace.py:get_radec_image:536 | Generating an RA/DEC image with slice_offset=0.000
    INFO | 2026-08-24 13:21:51 | datacube.py:subpixellate:1807 | Resampling subslice 4/5
    INFO | 2026-08-24 13:21:51 | slittrace.py:get_radec_image:536 | Generating an RA/DEC image with slice_offset=0.200
    INFO | 2026-08-24 13:21:51 | datacube.py:subpixellate:1807 | Resampling subslice 5/5
    INFO | 2026-08-24 13:21:51 | slittrace.py:get_radec_image:536 | Generating an RA/DEC image with slice_offset=0.400
    INFO | 2026-08-24 13:21:52 | datacube.py:subpixellate:1770 | Resampling slit 3/24
    INFO | 2026-08-24 13:21:53 | datacube.py:subpixellate:1807 | Resampling subslice 1/5
    INFO | 2026-08-24 13:21:53 | slittrace.py:get_radec_image:536 | Generating an RA/DEC image with slice_offset=-0.400
    INFO | 2026-08-24 13:21:54 | datacube.py:subpixellate:1807 | Resampling subslice 2/5
    INFO | 2026-08-24 13:21:54 | slittrace.py:get_radec_image:536 | Generating an RA/DEC image with slice_offset=-0.200
    INFO | 2026-08-24 13:21:54 | datacube.py:subpixellate:1807 | Resampling subslice 3/5
    INFO | 2026-08-24 13:21:54 | slittrace.py:get_radec_image:536 | Generating an RA/DEC image with slice_offset=0.000
    INFO | 2026-08-24 13:21:55 | datacube.py:subpixellate:1807 | Resampling subslice 4/5
    INFO | 2026-08-24 13:21:55 | slittrace.py:get_radec_image:536 | Generating an RA/DEC image with slice_offset=0.200
    INFO | 2026-08-24 13:21:56 | datacube.py:subpixellate:1807 | Resampling subslice 5/5
    INFO | 2026-08-24 13:21:56 | slittrace.py:get_radec_image:536 | Generating an RA/DEC image with slice_offset=0.400
    INFO | 2026-08-24 13:21:57 | datacube.py:subpixellate:1770 | Resampling slit 4/24
    INFO | 2026-08-24 13:21:57 | datacube.py:subpixellate:1807 | Resampling subslice 1/5
    INFO | 2026-08-24 13:21:57 | slittrace.py:get_radec_image:536 | Generating an RA/DEC image with slice_offset=-0.400
    INFO | 2026-08-24 13:21:58 | datacube.py:subpixellate:1807 | Resampling subslice 2/5
    INFO | 2026-08-24 13:21:58 | slittrace.py:get_radec_image:536 | Generating an RA/DEC image with slice_offset=-0.200
    INFO | 2026-08-24 13:21:59 | datacube.py:subpixellate:1807 | Resampling subslice 3/5
    INFO | 2026-08-24 13:21:59 | slittrace.py:get_radec_image:536 | Generating an RA/DEC image with slice_offset=0.000
    INFO | 2026-08-24 13:22:00 | datacube.py:subpixellate:1807 | Resampling subslice 4/5
    INFO | 2026-08-24 13:22:00 | slittrace.py:get_radec_image:536 | Generating an RA/DEC image with slice_offset=0.200
    INFO | 2026-08-24 13:22:01 | datacube.py:subpixellate:1807 | Resampling subslice 5/5
    INFO | 2026-08-24 13:22:01 | slittrace.py:get_radec_image:536 | Generating an RA/DEC image with slice_offset=0.400
    INFO | 2026-08-24 13:22:02 | datacube.py:subpixellate:1770 | Resampling slit 5/24
    INFO | 2026-08-24 13:22:02 | datacube.py:subpixellate:1807 | Resampling subslice 1/5
    INFO | 2026-08-24 13:22:02 | slittrace.py:get_radec_image:536 | Generating an RA/DEC image with slice_offset=-0.400
    INFO | 2026-08-24 13:22:03 | datacube.py:subpixellate:1807 | Resampling subslice 2/5
    INFO | 2026-08-24 13:22:03 | slittrace.py:get_radec_image:536 | Generating an RA/DEC image with slice_offset=-0.200
    INFO | 2026-08-24 13:22:04 | datacube.py:subpixellate:1807 | Resampling subslice 3/5
    INFO | 2026-08-24 13:22:04 | slittrace.py:get_radec_image:536 | Generating an RA/DEC image with slice_offset=0.000
    INFO | 2026-08-24 13:22:05 | datacube.py:subpixellate:1807 | Resampling subslice 4/5
    INFO | 2026-08-24 13:22:05 | slittrace.py:get_radec_image:536 | Generating an RA/DEC image with slice_offset=0.200
    INFO | 2026-08-24 13:22:06 | datacube.py:subpixellate:1807 | Resampling subslice 5/5
    INFO | 2026-08-24 13:22:06 | slittrace.py:get_radec_image:536 | Generating an RA/DEC image with slice_offset=0.400
    INFO | 2026-08-24 13:22:07 | datacube.py:subpixellate:1770 | Resampling slit 6/24
    INFO | 2026-08-24 13:22:07 | datacube.py:subpixellate:1807 | Resampling subslice 1/5
    INFO | 2026-08-24 13:22:07 | slittrace.py:get_radec_image:536 | Generating an RA/DEC image with slice_offset=-0.400
    INFO | 2026-08-24 13:22:08 | datacube.py:subpixellate:1807 | Resampling subslice 2/5
    INFO | 2026-08-24 13:22:08 | slittrace.py:get_radec_image:536 | Generating an RA/DEC image with slice_offset=-0.200
    INFO | 2026-08-24 13:22:09 | datacube.py:subpixellate:1807 | Resampling subslice 3/5
    INFO | 2026-08-24 13:22:09 | slittrace.py:get_radec_image:536 | Generating an RA/DEC image with slice_offset=0.000
    INFO | 2026-08-24 13:22:09 | datacube.py:subpixellate:1807 | Resampling subslice 4/5
    INFO | 2026-08-24 13:22:09 | slittrace.py:get_radec_image:536 | Generating an RA/DEC image with slice_offset=0.200
    INFO | 2026-08-24 13:22:10 | datacube.py:subpixellate:1807 | Resampling subslice 5/5
    INFO | 2026-08-24 13:22:10 | slittrace.py:get_radec_image:536 | Generating an RA/DEC image with slice_offset=0.400
    INFO | 2026-08-24 13:22:11 | datacube.py:subpixellate:1770 | Resampling slit 7/24
    INFO | 2026-08-24 13:22:12 | datacube.py:subpixellate:1807 | Resampling subslice 1/5
    INFO | 2026-08-24 13:22:12 | slittrace.py:get_radec_image:536 | Generating an RA/DEC image with slice_offset=-0.400
    INFO | 2026-08-24 13:22:12 | datacube.py:subpixellate:1807 | Resampling subslice 2/5
    INFO | 2026-08-24 13:22:12 | slittrace.py:get_radec_image:536 | Generating an RA/DEC image with slice_offset=-0.200
    INFO | 2026-08-24 13:22:13 | datacube.py:subpixellate:1807 | Resampling subslice 3/5
    INFO | 2026-08-24 13:22:13 | slittrace.py:get_radec_image:536 | Generating an RA/DEC image with slice_offset=0.000
    INFO | 2026-08-24 13:22:14 | datacube.py:subpixellate:1807 | Resampling subslice 4/5
    INFO | 2026-08-24 13:22:14 | slittrace.py:get_radec_image:536 | Generating an RA/DEC image with slice_offset=0.200
    INFO | 2026-08-24 13:22:15 | datacube.py:subpixellate:1807 | Resampling subslice 5/5
    INFO | 2026-08-24 13:22:15 | slittrace.py:get_radec_image:536 | Generating an RA/DEC image with slice_offset=0.400
    INFO | 2026-08-24 13:22:16 | datacube.py:subpixellate:1770 | Resampling slit 8/24
    INFO | 2026-08-24 13:22:16 | datacube.py:subpixellate:1807 | Resampling subslice 1/5
    INFO | 2026-08-24 13:22:16 | slittrace.py:get_radec_image:536 | Generating an RA/DEC image with slice_offset=-0.400
    INFO | 2026-08-24 13:22:17 | datacube.py:subpixellate:1807 | Resampling subslice 2/5
    INFO | 2026-08-24 13:22:17 | slittrace.py:get_radec_image:536 | Generating an RA/DEC image with slice_offset=-0.200
    INFO | 2026-08-24 13:22:17 | datacube.py:subpixellate:1807 | Resampling subslice 3/5
    INFO | 2026-08-24 13:22:17 | slittrace.py:get_radec_image:536 | Generating an RA/DEC image with slice_offset=0.000
    INFO | 2026-08-24 13:22:18 | datacube.py:subpixellate:1807 | Resampling subslice 4/5
    INFO | 2026-08-24 13:22:18 | slittrace.py:get_radec_image:536 | Generating an RA/DEC image with slice_offset=0.200
    INFO | 2026-08-24 13:22:19 | datacube.py:subpixellate:1807 | Resampling subslice 5/5
    INFO | 2026-08-24 13:22:19 | slittrace.py:get_radec_image:536 | Generating an RA/DEC image with slice_offset=0.400
    INFO | 2026-08-24 13:22:20 | datacube.py:subpixellate:1770 | Resampling slit 9/24
    INFO | 2026-08-24 13:22:21 | datacube.py:subpixellate:1807 | Resampling subslice 1/5
    INFO | 2026-08-24 13:22:21 | slittrace.py:get_radec_image:536 | Generating an RA/DEC image with slice_offset=-0.400
    INFO | 2026-08-24 13:22:22 | datacube.py:subpixellate:1807 | Resampling subslice 2/5
    INFO | 2026-08-24 13:22:22 | slittrace.py:get_radec_image:536 | Generating an RA/DEC image with slice_offset=-0.200
    INFO | 2026-08-24 13:22:22 | datacube.py:subpixellate:1807 | Resampling subslice 3/5
    INFO | 2026-08-24 13:22:22 | slittrace.py:get_radec_image:536 | Generating an RA/DEC image with slice_offset=0.000
    INFO | 2026-08-24 13:22:23 | datacube.py:subpixellate:1807 | Resampling subslice 4/5
    INFO | 2026-08-24 13:22:23 | slittrace.py:get_radec_image:536 | Generating an RA/DEC image with slice_offset=0.200
    INFO | 2026-08-24 13:22:24 | datacube.py:subpixellate:1807 | Resampling subslice 5/5
    INFO | 2026-08-24 13:22:24 | slittrace.py:get_radec_image:536 | Generating an RA/DEC image with slice_offset=0.400
    INFO | 2026-08-24 13:22:25 | datacube.py:subpixellate:1770 | Resampling slit 10/24
    INFO | 2026-08-24 13:22:25 | datacube.py:subpixellate:1807 | Resampling subslice 1/5
    INFO | 2026-08-24 13:22:25 | slittrace.py:get_radec_image:536 | Generating an RA/DEC image with slice_offset=-0.400
    INFO | 2026-08-24 13:22:26 | datacube.py:subpixellate:1807 | Resampling subslice 2/5
    INFO | 2026-08-24 13:22:26 | slittrace.py:get_radec_image:536 | Generating an RA/DEC image with slice_offset=-0.200
    INFO | 2026-08-24 13:22:27 | datacube.py:subpixellate:1807 | Resampling subslice 3/5
    INFO | 2026-08-24 13:22:27 | slittrace.py:get_radec_image:536 | Generating an RA/DEC image with slice_offset=0.000
    INFO | 2026-08-24 13:22:28 | datacube.py:subpixellate:1807 | Resampling subslice 4/5
    INFO | 2026-08-24 13:22:28 | slittrace.py:get_radec_image:536 | Generating an RA/DEC image with slice_offset=0.200
    INFO | 2026-08-24 13:22:28 | datacube.py:subpixellate:1807 | Resampling subslice 5/5
    INFO | 2026-08-24 13:22:28 | slittrace.py:get_radec_image:536 | Generating an RA/DEC image with slice_offset=0.400
    INFO | 2026-08-24 13:22:29 | datacube.py:subpixellate:1770 | Resampling slit 11/24
    INFO | 2026-08-24 13:22:30 | datacube.py:subpixellate:1807 | Resampling subslice 1/5
    INFO | 2026-08-24 13:22:30 | slittrace.py:get_radec_image:536 | Generating an RA/DEC image with slice_offset=-0.400
    INFO | 2026-08-24 13:22:30 | datacube.py:subpixellate:1807 | Resampling subslice 2/5
    INFO | 2026-08-24 13:22:30 | slittrace.py:get_radec_image:536 | Generating an RA/DEC image with slice_offset=-0.200
    INFO | 2026-08-24 13:22:31 | datacube.py:subpixellate:1807 | Resampling subslice 3/5
    INFO | 2026-08-24 13:22:31 | slittrace.py:get_radec_image:536 | Generating an RA/DEC image with slice_offset=0.000
    INFO | 2026-08-24 13:22:32 | datacube.py:subpixellate:1807 | Resampling subslice 4/5
    INFO | 2026-08-24 13:22:32 | slittrace.py:get_radec_image:536 | Generating an RA/DEC image with slice_offset=0.200
    INFO | 2026-08-24 13:22:33 | datacube.py:subpixellate:1807 | Resampling subslice 5/5
    INFO | 2026-08-24 13:22:33 | slittrace.py:get_radec_image:536 | Generating an RA/DEC image with slice_offset=0.400
    INFO | 2026-08-24 13:22:34 | datacube.py:subpixellate:1770 | Resampling slit 12/24
    INFO | 2026-08-24 13:22:34 | datacube.py:subpixellate:1807 | Resampling subslice 1/5
    INFO | 2026-08-24 13:22:34 | slittrace.py:get_radec_image:536 | Generating an RA/DEC image with slice_offset=-0.400
    INFO | 2026-08-24 13:22:35 | datacube.py:subpixellate:1807 | Resampling subslice 2/5
    INFO | 2026-08-24 13:22:35 | slittrace.py:get_radec_image:536 | Generating an RA/DEC image with slice_offset=-0.200
    INFO | 2026-08-24 13:22:35 | datacube.py:subpixellate:1807 | Resampling subslice 3/5
    INFO | 2026-08-24 13:22:35 | slittrace.py:get_radec_image:536 | Generating an RA/DEC image with slice_offset=0.000
    INFO | 2026-08-24 13:22:36 | datacube.py:subpixellate:1807 | Resampling subslice 4/5
    INFO | 2026-08-24 13:22:36 | slittrace.py:get_radec_image:536 | Generating an RA/DEC image with slice_offset=0.200
    INFO | 2026-08-24 13:22:37 | datacube.py:subpixellate:1807 | Resampling subslice 5/5
    INFO | 2026-08-24 13:22:37 | slittrace.py:get_radec_image:536 | Generating an RA/DEC image with slice_offset=0.400
    INFO | 2026-08-24 13:22:38 | datacube.py:subpixellate:1770 | Resampling slit 13/24
    INFO | 2026-08-24 13:22:38 | datacube.py:subpixellate:1807 | Resampling subslice 1/5
    INFO | 2026-08-24 13:22:38 | slittrace.py:get_radec_image:536 | Generating an RA/DEC image with slice_offset=-0.400
    INFO | 2026-08-24 13:22:39 | datacube.py:subpixellate:1807 | Resampling subslice 2/5
    INFO | 2026-08-24 13:22:39 | slittrace.py:get_radec_image:536 | Generating an RA/DEC image with slice_offset=-0.200
    INFO | 2026-08-24 13:22:40 | datacube.py:subpixellate:1807 | Resampling subslice 3/5
    INFO | 2026-08-24 13:22:40 | slittrace.py:get_radec_image:536 | Generating an RA/DEC image with slice_offset=0.000
    INFO | 2026-08-24 13:22:40 | datacube.py:subpixellate:1807 | Resampling subslice 4/5
    INFO | 2026-08-24 13:22:40 | slittrace.py:get_radec_image:536 | Generating an RA/DEC image with slice_offset=0.200
    INFO | 2026-08-24 13:22:41 | datacube.py:subpixellate:1807 | Resampling subslice 5/5
    INFO | 2026-08-24 13:22:41 | slittrace.py:get_radec_image:536 | Generating an RA/DEC image with slice_offset=0.400
    INFO | 2026-08-24 13:22:43 | datacube.py:subpixellate:1770 | Resampling slit 14/24
    INFO | 2026-08-24 13:22:43 | datacube.py:subpixellate:1807 | Resampling subslice 1/5
    INFO | 2026-08-24 13:22:43 | slittrace.py:get_radec_image:536 | Generating an RA/DEC image with slice_offset=-0.400
    INFO | 2026-08-24 13:22:44 | datacube.py:subpixellate:1807 | Resampling subslice 2/5
    INFO | 2026-08-24 13:22:44 | slittrace.py:get_radec_image:536 | Generating an RA/DEC image with slice_offset=-0.200
    INFO | 2026-08-24 13:22:44 | datacube.py:subpixellate:1807 | Resampling subslice 3/5
    INFO | 2026-08-24 13:22:44 | slittrace.py:get_radec_image:536 | Generating an RA/DEC image with slice_offset=0.000
    INFO | 2026-08-24 13:22:45 | datacube.py:subpixellate:1807 | Resampling subslice 4/5
    INFO | 2026-08-24 13:22:45 | slittrace.py:get_radec_image:536 | Generating an RA/DEC image with slice_offset=0.200
    INFO | 2026-08-24 13:22:46 | datacube.py:subpixellate:1807 | Resampling subslice 5/5
    INFO | 2026-08-24 13:22:46 | slittrace.py:get_radec_image:536 | Generating an RA/DEC image with slice_offset=0.400
    INFO | 2026-08-24 13:22:47 | datacube.py:subpixellate:1770 | Resampling slit 15/24
    INFO | 2026-08-24 13:22:47 | datacube.py:subpixellate:1807 | Resampling subslice 1/5
    INFO | 2026-08-24 13:22:47 | slittrace.py:get_radec_image:536 | Generating an RA/DEC image with slice_offset=-0.400
    INFO | 2026-08-24 13:22:48 | datacube.py:subpixellate:1807 | Resampling subslice 2/5
    INFO | 2026-08-24 13:22:48 | slittrace.py:get_radec_image:536 | Generating an RA/DEC image with slice_offset=-0.200
    INFO | 2026-08-24 13:22:49 | datacube.py:subpixellate:1807 | Resampling subslice 3/5
    INFO | 2026-08-24 13:22:49 | slittrace.py:get_radec_image:536 | Generating an RA/DEC image with slice_offset=0.000
    INFO | 2026-08-24 13:22:50 | datacube.py:subpixellate:1807 | Resampling subslice 4/5
    INFO | 2026-08-24 13:22:50 | slittrace.py:get_radec_image:536 | Generating an RA/DEC image with slice_offset=0.200
    INFO | 2026-08-24 13:22:50 | datacube.py:subpixellate:1807 | Resampling subslice 5/5
    INFO | 2026-08-24 13:22:50 | slittrace.py:get_radec_image:536 | Generating an RA/DEC image with slice_offset=0.400
    INFO | 2026-08-24 13:22:51 | datacube.py:subpixellate:1770 | Resampling slit 16/24
    INFO | 2026-08-24 13:22:52 | datacube.py:subpixellate:1807 | Resampling subslice 1/5
    INFO | 2026-08-24 13:22:52 | slittrace.py:get_radec_image:536 | Generating an RA/DEC image with slice_offset=-0.400
    INFO | 2026-08-24 13:22:53 | datacube.py:subpixellate:1807 | Resampling subslice 2/5
    INFO | 2026-08-24 13:22:53 | slittrace.py:get_radec_image:536 | Generating an RA/DEC image with slice_offset=-0.200
    INFO | 2026-08-24 13:22:53 | datacube.py:subpixellate:1807 | Resampling subslice 3/5
    INFO | 2026-08-24 13:22:53 | slittrace.py:get_radec_image:536 | Generating an RA/DEC image with slice_offset=0.000
    INFO | 2026-08-24 13:22:54 | datacube.py:subpixellate:1807 | Resampling subslice 4/5
    INFO | 2026-08-24 13:22:54 | slittrace.py:get_radec_image:536 | Generating an RA/DEC image with slice_offset=0.200
    INFO | 2026-08-24 13:22:55 | datacube.py:subpixellate:1807 | Resampling subslice 5/5
    INFO | 2026-08-24 13:22:55 | slittrace.py:get_radec_image:536 | Generating an RA/DEC image with slice_offset=0.400
    INFO | 2026-08-24 13:22:56 | datacube.py:subpixellate:1770 | Resampling slit 17/24
    INFO | 2026-08-24 13:22:56 | datacube.py:subpixellate:1807 | Resampling subslice 1/5
    INFO | 2026-08-24 13:22:56 | slittrace.py:get_radec_image:536 | Generating an RA/DEC image with slice_offset=-0.400
    INFO | 2026-08-24 13:22:57 | datacube.py:subpixellate:1807 | Resampling subslice 2/5
    INFO | 2026-08-24 13:22:57 | slittrace.py:get_radec_image:536 | Generating an RA/DEC image with slice_offset=-0.200
    INFO | 2026-08-24 13:22:58 | datacube.py:subpixellate:1807 | Resampling subslice 3/5
    INFO | 2026-08-24 13:22:58 | slittrace.py:get_radec_image:536 | Generating an RA/DEC image with slice_offset=0.000
    INFO | 2026-08-24 13:22:59 | datacube.py:subpixellate:1807 | Resampling subslice 4/5
    INFO | 2026-08-24 13:22:59 | slittrace.py:get_radec_image:536 | Generating an RA/DEC image with slice_offset=0.200
    INFO | 2026-08-24 13:22:59 | datacube.py:subpixellate:1807 | Resampling subslice 5/5
    INFO | 2026-08-24 13:22:59 | slittrace.py:get_radec_image:536 | Generating an RA/DEC image with slice_offset=0.400
    INFO | 2026-08-24 13:23:00 | datacube.py:subpixellate:1770 | Resampling slit 18/24
    INFO | 2026-08-24 13:23:01 | datacube.py:subpixellate:1807 | Resampling subslice 1/5
    INFO | 2026-08-24 13:23:01 | slittrace.py:get_radec_image:536 | Generating an RA/DEC image with slice_offset=-0.400
    INFO | 2026-08-24 13:23:02 | datacube.py:subpixellate:1807 | Resampling subslice 2/5
    INFO | 2026-08-24 13:23:02 | slittrace.py:get_radec_image:536 | Generating an RA/DEC image with slice_offset=-0.200
    INFO | 2026-08-24 13:23:02 | datacube.py:subpixellate:1807 | Resampling subslice 3/5
    INFO | 2026-08-24 13:23:02 | slittrace.py:get_radec_image:536 | Generating an RA/DEC image with slice_offset=0.000
    INFO | 2026-08-24 13:23:03 | datacube.py:subpixellate:1807 | Resampling subslice 4/5
    INFO | 2026-08-24 13:23:03 | slittrace.py:get_radec_image:536 | Generating an RA/DEC image with slice_offset=0.200
    INFO | 2026-08-24 13:23:04 | datacube.py:subpixellate:1807 | Resampling subslice 5/5
    INFO | 2026-08-24 13:23:04 | slittrace.py:get_radec_image:536 | Generating an RA/DEC image with slice_offset=0.400
    INFO | 2026-08-24 13:23:05 | datacube.py:subpixellate:1770 | Resampling slit 19/24
    INFO | 2026-08-24 13:23:05 | datacube.py:subpixellate:1807 | Resampling subslice 1/5
    INFO | 2026-08-24 13:23:05 | slittrace.py:get_radec_image:536 | Generating an RA/DEC image with slice_offset=-0.400
    INFO | 2026-08-24 13:23:06 | datacube.py:subpixellate:1807 | Resampling subslice 2/5
    INFO | 2026-08-24 13:23:06 | slittrace.py:get_radec_image:536 | Generating an RA/DEC image with slice_offset=-0.200
    INFO | 2026-08-24 13:23:07 | datacube.py:subpixellate:1807 | Resampling subslice 3/5
    INFO | 2026-08-24 13:23:07 | slittrace.py:get_radec_image:536 | Generating an RA/DEC image with slice_offset=0.000
    INFO | 2026-08-24 13:23:08 | datacube.py:subpixellate:1807 | Resampling subslice 4/5
    INFO | 2026-08-24 13:23:08 | slittrace.py:get_radec_image:536 | Generating an RA/DEC image with slice_offset=0.200
    INFO | 2026-08-24 13:23:08 | datacube.py:subpixellate:1807 | Resampling subslice 5/5
    INFO | 2026-08-24 13:23:08 | slittrace.py:get_radec_image:536 | Generating an RA/DEC image with slice_offset=0.400
    INFO | 2026-08-24 13:23:09 | datacube.py:subpixellate:1770 | Resampling slit 20/24
    INFO | 2026-08-24 13:23:10 | datacube.py:subpixellate:1807 | Resampling subslice 1/5
    INFO | 2026-08-24 13:23:10 | slittrace.py:get_radec_image:536 | Generating an RA/DEC image with slice_offset=-0.400
    INFO | 2026-08-24 13:23:10 | datacube.py:subpixellate:1807 | Resampling subslice 2/5
    INFO | 2026-08-24 13:23:10 | slittrace.py:get_radec_image:536 | Generating an RA/DEC image with slice_offset=-0.200
    INFO | 2026-08-24 13:23:11 | datacube.py:subpixellate:1807 | Resampling subslice 3/5
    INFO | 2026-08-24 13:23:11 | slittrace.py:get_radec_image:536 | Generating an RA/DEC image with slice_offset=0.000
    INFO | 2026-08-24 13:23:12 | datacube.py:subpixellate:1807 | Resampling subslice 4/5
    INFO | 2026-08-24 13:23:12 | slittrace.py:get_radec_image:536 | Generating an RA/DEC image with slice_offset=0.200
    INFO | 2026-08-24 13:23:13 | datacube.py:subpixellate:1807 | Resampling subslice 5/5
    INFO | 2026-08-24 13:23:13 | slittrace.py:get_radec_image:536 | Generating an RA/DEC image with slice_offset=0.400
    INFO | 2026-08-24 13:23:14 | datacube.py:subpixellate:1770 | Resampling slit 21/24
    INFO | 2026-08-24 13:23:14 | datacube.py:subpixellate:1807 | Resampling subslice 1/5
    INFO | 2026-08-24 13:23:14 | slittrace.py:get_radec_image:536 | Generating an RA/DEC image with slice_offset=-0.400
    INFO | 2026-08-24 13:23:15 | datacube.py:subpixellate:1807 | Resampling subslice 2/5
    INFO | 2026-08-24 13:23:15 | slittrace.py:get_radec_image:536 | Generating an RA/DEC image with slice_offset=-0.200
    INFO | 2026-08-24 13:23:15 | datacube.py:subpixellate:1807 | Resampling subslice 3/5
    INFO | 2026-08-24 13:23:15 | slittrace.py:get_radec_image:536 | Generating an RA/DEC image with slice_offset=0.000
    INFO | 2026-08-24 13:23:16 | datacube.py:subpixellate:1807 | Resampling subslice 4/5
    INFO | 2026-08-24 13:23:16 | slittrace.py:get_radec_image:536 | Generating an RA/DEC image with slice_offset=0.200
    INFO | 2026-08-24 13:23:17 | datacube.py:subpixellate:1807 | Resampling subslice 5/5
    INFO | 2026-08-24 13:23:17 | slittrace.py:get_radec_image:536 | Generating an RA/DEC image with slice_offset=0.400
    INFO | 2026-08-24 13:23:18 | datacube.py:subpixellate:1770 | Resampling slit 22/24
    INFO | 2026-08-24 13:23:18 | datacube.py:subpixellate:1807 | Resampling subslice 1/5
    INFO | 2026-08-24 13:23:18 | slittrace.py:get_radec_image:536 | Generating an RA/DEC image with slice_offset=-0.400
    INFO | 2026-08-24 13:23:19 | datacube.py:subpixellate:1807 | Resampling subslice 2/5
    INFO | 2026-08-24 13:23:19 | slittrace.py:get_radec_image:536 | Generating an RA/DEC image with slice_offset=-0.200
    INFO | 2026-08-24 13:23:20 | datacube.py:subpixellate:1807 | Resampling subslice 3/5
    INFO | 2026-08-24 13:23:20 | slittrace.py:get_radec_image:536 | Generating an RA/DEC image with slice_offset=0.000
    INFO | 2026-08-24 13:23:21 | datacube.py:subpixellate:1807 | Resampling subslice 4/5
    INFO | 2026-08-24 13:23:21 | slittrace.py:get_radec_image:536 | Generating an RA/DEC image with slice_offset=0.200
    INFO | 2026-08-24 13:23:21 | datacube.py:subpixellate:1807 | Resampling subslice 5/5
    INFO | 2026-08-24 13:23:21 | slittrace.py:get_radec_image:536 | Generating an RA/DEC image with slice_offset=0.400
    INFO | 2026-08-24 13:23:23 | datacube.py:subpixellate:1770 | Resampling slit 23/24
    INFO | 2026-08-24 13:23:23 | datacube.py:subpixellate:1807 | Resampling subslice 1/5
    INFO | 2026-08-24 13:23:23 | slittrace.py:get_radec_image:536 | Generating an RA/DEC image with slice_offset=-0.400
    INFO | 2026-08-24 13:23:24 | datacube.py:subpixellate:1807 | Resampling subslice 2/5
    INFO | 2026-08-24 13:23:24 | slittrace.py:get_radec_image:536 | Generating an RA/DEC image with slice_offset=-0.200
    INFO | 2026-08-24 13:23:24 | datacube.py:subpixellate:1807 | Resampling subslice 3/5
    INFO | 2026-08-24 13:23:24 | slittrace.py:get_radec_image:536 | Generating an RA/DEC image with slice_offset=0.000
    INFO | 2026-08-24 13:23:25 | datacube.py:subpixellate:1807 | Resampling subslice 4/5
    INFO | 2026-08-24 13:23:25 | slittrace.py:get_radec_image:536 | Generating an RA/DEC image with slice_offset=0.200
    INFO | 2026-08-24 13:23:26 | datacube.py:subpixellate:1807 | Resampling subslice 5/5
    INFO | 2026-08-24 13:23:26 | slittrace.py:get_radec_image:536 | Generating an RA/DEC image with slice_offset=0.400
    INFO | 2026-08-24 13:23:27 | datacube.py:subpixellate:1770 | Resampling slit 24/24
    INFO | 2026-08-24 13:23:27 | datacube.py:subpixellate:1807 | Resampling subslice 1/5
    INFO | 2026-08-24 13:23:27 | slittrace.py:get_radec_image:536 | Generating an RA/DEC image with slice_offset=-0.400
    INFO | 2026-08-24 13:23:28 | datacube.py:subpixellate:1807 | Resampling subslice 2/5
    INFO | 2026-08-24 13:23:28 | slittrace.py:get_radec_image:536 | Generating an RA/DEC image with slice_offset=-0.200
    INFO | 2026-08-24 13:23:29 | datacube.py:subpixellate:1807 | Resampling subslice 3/5
    INFO | 2026-08-24 13:23:29 | slittrace.py:get_radec_image:536 | Generating an RA/DEC image with slice_offset=0.000
    INFO | 2026-08-24 13:23:30 | datacube.py:subpixellate:1807 | Resampling subslice 4/5
    INFO | 2026-08-24 13:23:30 | slittrace.py:get_radec_image:536 | Generating an RA/DEC image with slice_offset=0.200
    INFO | 2026-08-24 13:23:30 | datacube.py:subpixellate:1807 | Resampling subslice 5/5
    INFO | 2026-08-24 13:23:30 | slittrace.py:get_radec_image:536 | Generating an RA/DEC image with slice_offset=0.400
    INFO | 2026-08-24 13:23:31 | datacube.py:generate_image_subpixel:1485 | Creating image 3/6
    INFO | 2026-08-24 13:23:31 | datacube.py:subpixellate:1770 | Resampling slit 1/24
    INFO | 2026-08-24 13:23:32 | datacube.py:subpixellate:1807 | Resampling subslice 1/5
    INFO | 2026-08-24 13:23:32 | slittrace.py:get_radec_image:536 | Generating an RA/DEC image with slice_offset=-0.400
    INFO | 2026-08-24 13:23:33 | datacube.py:subpixellate:1807 | Resampling subslice 2/5
    INFO | 2026-08-24 13:23:33 | slittrace.py:get_radec_image:536 | Generating an RA/DEC image with slice_offset=-0.200
    INFO | 2026-08-24 13:23:33 | datacube.py:subpixellate:1807 | Resampling subslice 3/5
    INFO | 2026-08-24 13:23:33 | slittrace.py:get_radec_image:536 | Generating an RA/DEC image with slice_offset=0.000
    INFO | 2026-08-24 13:23:34 | datacube.py:subpixellate:1807 | Resampling subslice 4/5
    INFO | 2026-08-24 13:23:34 | slittrace.py:get_radec_image:536 | Generating an RA/DEC image with slice_offset=0.200
    INFO | 2026-08-24 13:23:35 | datacube.py:subpixellate:1807 | Resampling subslice 5/5
    INFO | 2026-08-24 13:23:35 | slittrace.py:get_radec_image:536 | Generating an RA/DEC image with slice_offset=0.400
    INFO | 2026-08-24 13:23:36 | datacube.py:subpixellate:1770 | Resampling slit 2/24
    INFO | 2026-08-24 13:23:36 | datacube.py:subpixellate:1807 | Resampling subslice 1/5
    INFO | 2026-08-24 13:23:36 | slittrace.py:get_radec_image:536 | Generating an RA/DEC image with slice_offset=-0.400
    INFO | 2026-08-24 13:23:37 | datacube.py:subpixellate:1807 | Resampling subslice 2/5
    INFO | 2026-08-24 13:23:37 | slittrace.py:get_radec_image:536 | Generating an RA/DEC image with slice_offset=-0.200
    INFO | 2026-08-24 13:23:38 | datacube.py:subpixellate:1807 | Resampling subslice 3/5
    INFO | 2026-08-24 13:23:38 | slittrace.py:get_radec_image:536 | Generating an RA/DEC image with slice_offset=0.000
    INFO | 2026-08-24 13:23:38 | datacube.py:subpixellate:1807 | Resampling subslice 4/5
    INFO | 2026-08-24 13:23:38 | slittrace.py:get_radec_image:536 | Generating an RA/DEC image with slice_offset=0.200
    INFO | 2026-08-24 13:23:39 | datacube.py:subpixellate:1807 | Resampling subslice 5/5
    INFO | 2026-08-24 13:23:39 | slittrace.py:get_radec_image:536 | Generating an RA/DEC image with slice_offset=0.400
    INFO | 2026-08-24 13:23:40 | datacube.py:subpixellate:1770 | Resampling slit 3/24
    INFO | 2026-08-24 13:23:41 | datacube.py:subpixellate:1807 | Resampling subslice 1/5
    INFO | 2026-08-24 13:23:41 | slittrace.py:get_radec_image:536 | Generating an RA/DEC image with slice_offset=-0.400
    INFO | 2026-08-24 13:23:41 | datacube.py:subpixellate:1807 | Resampling subslice 2/5
    INFO | 2026-08-24 13:23:41 | slittrace.py:get_radec_image:536 | Generating an RA/DEC image with slice_offset=-0.200
    INFO | 2026-08-24 13:23:42 | datacube.py:subpixellate:1807 | Resampling subslice 3/5
    INFO | 2026-08-24 13:23:42 | slittrace.py:get_radec_image:536 | Generating an RA/DEC image with slice_offset=0.000
    INFO | 2026-08-24 13:23:43 | datacube.py:subpixellate:1807 | Resampling subslice 4/5
    INFO | 2026-08-24 13:23:43 | slittrace.py:get_radec_image:536 | Generating an RA/DEC image with slice_offset=0.200
    INFO | 2026-08-24 13:23:44 | datacube.py:subpixellate:1807 | Resampling subslice 5/5
    INFO | 2026-08-24 13:23:44 | slittrace.py:get_radec_image:536 | Generating an RA/DEC image with slice_offset=0.400
    INFO | 2026-08-24 13:23:45 | datacube.py:subpixellate:1770 | Resampling slit 4/24
    INFO | 2026-08-24 13:23:45 | datacube.py:subpixellate:1807 | Resampling subslice 1/5
    INFO | 2026-08-24 13:23:45 | slittrace.py:get_radec_image:536 | Generating an RA/DEC image with slice_offset=-0.400
    INFO | 2026-08-24 13:23:46 | datacube.py:subpixellate:1807 | Resampling subslice 2/5
    INFO | 2026-08-24 13:23:46 | slittrace.py:get_radec_image:536 | Generating an RA/DEC image with slice_offset=-0.200
    INFO | 2026-08-24 13:23:47 | datacube.py:subpixellate:1807 | Resampling subslice 3/5
    INFO | 2026-08-24 13:23:47 | slittrace.py:get_radec_image:536 | Generating an RA/DEC image with slice_offset=0.000
    INFO | 2026-08-24 13:23:47 | datacube.py:subpixellate:1807 | Resampling subslice 4/5
    INFO | 2026-08-24 13:23:47 | slittrace.py:get_radec_image:536 | Generating an RA/DEC image with slice_offset=0.200
    INFO | 2026-08-24 13:23:48 | datacube.py:subpixellate:1807 | Resampling subslice 5/5
    INFO | 2026-08-24 13:23:48 | slittrace.py:get_radec_image:536 | Generating an RA/DEC image with slice_offset=0.400
    INFO | 2026-08-24 13:23:49 | datacube.py:subpixellate:1770 | Resampling slit 5/24
    INFO | 2026-08-24 13:23:50 | datacube.py:subpixellate:1807 | Resampling subslice 1/5
    INFO | 2026-08-24 13:23:50 | slittrace.py:get_radec_image:536 | Generating an RA/DEC image with slice_offset=-0.400
    INFO | 2026-08-24 13:23:50 | datacube.py:subpixellate:1807 | Resampling subslice 2/5
    INFO | 2026-08-24 13:23:50 | slittrace.py:get_radec_image:536 | Generating an RA/DEC image with slice_offset=-0.200
    INFO | 2026-08-24 13:23:51 | datacube.py:subpixellate:1807 | Resampling subslice 3/5
    INFO | 2026-08-24 13:23:51 | slittrace.py:get_radec_image:536 | Generating an RA/DEC image with slice_offset=0.000
    INFO | 2026-08-24 13:23:52 | datacube.py:subpixellate:1807 | Resampling subslice 4/5
    INFO | 2026-08-24 13:23:52 | slittrace.py:get_radec_image:536 | Generating an RA/DEC image with slice_offset=0.200
    INFO | 2026-08-24 13:23:53 | datacube.py:subpixellate:1807 | Resampling subslice 5/5
    INFO | 2026-08-24 13:23:53 | slittrace.py:get_radec_image:536 | Generating an RA/DEC image with slice_offset=0.400
    INFO | 2026-08-24 13:23:54 | datacube.py:subpixellate:1770 | Resampling slit 6/24
    INFO | 2026-08-24 13:23:54 | datacube.py:subpixellate:1807 | Resampling subslice 1/5
    INFO | 2026-08-24 13:23:54 | slittrace.py:get_radec_image:536 | Generating an RA/DEC image with slice_offset=-0.400
    INFO | 2026-08-24 13:23:55 | datacube.py:subpixellate:1807 | Resampling subslice 2/5
    INFO | 2026-08-24 13:23:55 | slittrace.py:get_radec_image:536 | Generating an RA/DEC image with slice_offset=-0.200
    INFO | 2026-08-24 13:23:55 | datacube.py:subpixellate:1807 | Resampling subslice 3/5
    INFO | 2026-08-24 13:23:55 | slittrace.py:get_radec_image:536 | Generating an RA/DEC image with slice_offset=0.000
    INFO | 2026-08-24 13:23:56 | datacube.py:subpixellate:1807 | Resampling subslice 4/5
    INFO | 2026-08-24 13:23:56 | slittrace.py:get_radec_image:536 | Generating an RA/DEC image with slice_offset=0.200
    INFO | 2026-08-24 13:23:57 | datacube.py:subpixellate:1807 | Resampling subslice 5/5
    INFO | 2026-08-24 13:23:57 | slittrace.py:get_radec_image:536 | Generating an RA/DEC image with slice_offset=0.400
    INFO | 2026-08-24 13:23:58 | datacube.py:subpixellate:1770 | Resampling slit 7/24
    INFO | 2026-08-24 13:23:58 | datacube.py:subpixellate:1807 | Resampling subslice 1/5
    INFO | 2026-08-24 13:23:58 | slittrace.py:get_radec_image:536 | Generating an RA/DEC image with slice_offset=-0.400
    INFO | 2026-08-24 13:23:59 | datacube.py:subpixellate:1807 | Resampling subslice 2/5
    INFO | 2026-08-24 13:23:59 | slittrace.py:get_radec_image:536 | Generating an RA/DEC image with slice_offset=-0.200
    INFO | 2026-08-24 13:24:00 | datacube.py:subpixellate:1807 | Resampling subslice 3/5
    INFO | 2026-08-24 13:24:00 | slittrace.py:get_radec_image:536 | Generating an RA/DEC image with slice_offset=0.000
    INFO | 2026-08-24 13:24:01 | datacube.py:subpixellate:1807 | Resampling subslice 4/5
    INFO | 2026-08-24 13:24:01 | slittrace.py:get_radec_image:536 | Generating an RA/DEC image with slice_offset=0.200
    INFO | 2026-08-24 13:24:01 | datacube.py:subpixellate:1807 | Resampling subslice 5/5
    INFO | 2026-08-24 13:24:01 | slittrace.py:get_radec_image:536 | Generating an RA/DEC image with slice_offset=0.400
    INFO | 2026-08-24 13:24:02 | datacube.py:subpixellate:1770 | Resampling slit 8/24
    INFO | 2026-08-24 13:24:03 | datacube.py:subpixellate:1807 | Resampling subslice 1/5
    INFO | 2026-08-24 13:24:03 | slittrace.py:get_radec_image:536 | Generating an RA/DEC image with slice_offset=-0.400
    INFO | 2026-08-24 13:24:03 | datacube.py:subpixellate:1807 | Resampling subslice 2/5
    INFO | 2026-08-24 13:24:03 | slittrace.py:get_radec_image:536 | Generating an RA/DEC image with slice_offset=-0.200
    INFO | 2026-08-24 13:24:04 | datacube.py:subpixellate:1807 | Resampling subslice 3/5
    INFO | 2026-08-24 13:24:04 | slittrace.py:get_radec_image:536 | Generating an RA/DEC image with slice_offset=0.000
    INFO | 2026-08-24 13:24:05 | datacube.py:subpixellate:1807 | Resampling subslice 4/5
    INFO | 2026-08-24 13:24:05 | slittrace.py:get_radec_image:536 | Generating an RA/DEC image with slice_offset=0.200
    INFO | 2026-08-24 13:24:06 | datacube.py:subpixellate:1807 | Resampling subslice 5/5
    INFO | 2026-08-24 13:24:06 | slittrace.py:get_radec_image:536 | Generating an RA/DEC image with slice_offset=0.400
    INFO | 2026-08-24 13:24:07 | datacube.py:subpixellate:1770 | Resampling slit 9/24
    INFO | 2026-08-24 13:24:07 | datacube.py:subpixellate:1807 | Resampling subslice 1/5
    INFO | 2026-08-24 13:24:07 | slittrace.py:get_radec_image:536 | Generating an RA/DEC image with slice_offset=-0.400
    INFO | 2026-08-24 13:24:08 | datacube.py:subpixellate:1807 | Resampling subslice 2/5
    INFO | 2026-08-24 13:24:08 | slittrace.py:get_radec_image:536 | Generating an RA/DEC image with slice_offset=-0.200
    INFO | 2026-08-24 13:24:09 | datacube.py:subpixellate:1807 | Resampling subslice 3/5
    INFO | 2026-08-24 13:24:09 | slittrace.py:get_radec_image:536 | Generating an RA/DEC image with slice_offset=0.000
    INFO | 2026-08-24 13:24:09 | datacube.py:subpixellate:1807 | Resampling subslice 4/5
    INFO | 2026-08-24 13:24:09 | slittrace.py:get_radec_image:536 | Generating an RA/DEC image with slice_offset=0.200
    INFO | 2026-08-24 13:24:10 | datacube.py:subpixellate:1807 | Resampling subslice 5/5
    INFO | 2026-08-24 13:24:10 | slittrace.py:get_radec_image:536 | Generating an RA/DEC image with slice_offset=0.400
    INFO | 2026-08-24 13:24:11 | datacube.py:subpixellate:1770 | Resampling slit 10/24
    INFO | 2026-08-24 13:24:12 | datacube.py:subpixellate:1807 | Resampling subslice 1/5
    INFO | 2026-08-24 13:24:12 | slittrace.py:get_radec_image:536 | Generating an RA/DEC image with slice_offset=-0.400
    INFO | 2026-08-24 13:24:12 | datacube.py:subpixellate:1807 | Resampling subslice 2/5
    INFO | 2026-08-24 13:24:12 | slittrace.py:get_radec_image:536 | Generating an RA/DEC image with slice_offset=-0.200
    INFO | 2026-08-24 13:24:13 | datacube.py:subpixellate:1807 | Resampling subslice 3/5
    INFO | 2026-08-24 13:24:13 | slittrace.py:get_radec_image:536 | Generating an RA/DEC image with slice_offset=0.000
    INFO | 2026-08-24 13:24:14 | datacube.py:subpixellate:1807 | Resampling subslice 4/5
    INFO | 2026-08-24 13:24:14 | slittrace.py:get_radec_image:536 | Generating an RA/DEC image with slice_offset=0.200
    INFO | 2026-08-24 13:24:15 | datacube.py:subpixellate:1807 | Resampling subslice 5/5
    INFO | 2026-08-24 13:24:15 | slittrace.py:get_radec_image:536 | Generating an RA/DEC image with slice_offset=0.400
    INFO | 2026-08-24 13:24:16 | datacube.py:subpixellate:1770 | Resampling slit 11/24
    INFO | 2026-08-24 13:24:16 | datacube.py:subpixellate:1807 | Resampling subslice 1/5
    INFO | 2026-08-24 13:24:16 | slittrace.py:get_radec_image:536 | Generating an RA/DEC image with slice_offset=-0.400
    INFO | 2026-08-24 13:24:17 | datacube.py:subpixellate:1807 | Resampling subslice 2/5
    INFO | 2026-08-24 13:24:17 | slittrace.py:get_radec_image:536 | Generating an RA/DEC image with slice_offset=-0.200
    INFO | 2026-08-24 13:24:17 | datacube.py:subpixellate:1807 | Resampling subslice 3/5
    INFO | 2026-08-24 13:24:17 | slittrace.py:get_radec_image:536 | Generating an RA/DEC image with slice_offset=0.000
    INFO | 2026-08-24 13:24:18 | datacube.py:subpixellate:1807 | Resampling subslice 4/5
    INFO | 2026-08-24 13:24:18 | slittrace.py:get_radec_image:536 | Generating an RA/DEC image with slice_offset=0.200
    INFO | 2026-08-24 13:24:19 | datacube.py:subpixellate:1807 | Resampling subslice 5/5
    INFO | 2026-08-24 13:24:19 | slittrace.py:get_radec_image:536 | Generating an RA/DEC image with slice_offset=0.400
    INFO | 2026-08-24 13:24:20 | datacube.py:subpixellate:1770 | Resampling slit 12/24
    INFO | 2026-08-24 13:24:20 | datacube.py:subpixellate:1807 | Resampling subslice 1/5
    INFO | 2026-08-24 13:24:20 | slittrace.py:get_radec_image:536 | Generating an RA/DEC image with slice_offset=-0.400
    INFO | 2026-08-24 13:24:21 | datacube.py:subpixellate:1807 | Resampling subslice 2/5
    INFO | 2026-08-24 13:24:21 | slittrace.py:get_radec_image:536 | Generating an RA/DEC image with slice_offset=-0.200
    INFO | 2026-08-24 13:24:22 | datacube.py:subpixellate:1807 | Resampling subslice 3/5
    INFO | 2026-08-24 13:24:22 | slittrace.py:get_radec_image:536 | Generating an RA/DEC image with slice_offset=0.000
    INFO | 2026-08-24 13:24:23 | datacube.py:subpixellate:1807 | Resampling subslice 4/5
    INFO | 2026-08-24 13:24:23 | slittrace.py:get_radec_image:536 | Generating an RA/DEC image with slice_offset=0.200
    INFO | 2026-08-24 13:24:23 | datacube.py:subpixellate:1807 | Resampling subslice 5/5
    INFO | 2026-08-24 13:24:23 | slittrace.py:get_radec_image:536 | Generating an RA/DEC image with slice_offset=0.400
    INFO | 2026-08-24 13:24:24 | datacube.py:subpixellate:1770 | Resampling slit 13/24
    INFO | 2026-08-24 13:24:25 | datacube.py:subpixellate:1807 | Resampling subslice 1/5
    INFO | 2026-08-24 13:24:25 | slittrace.py:get_radec_image:536 | Generating an RA/DEC image with slice_offset=-0.400
    INFO | 2026-08-24 13:24:26 | datacube.py:subpixellate:1807 | Resampling subslice 2/5
    INFO | 2026-08-24 13:24:26 | slittrace.py:get_radec_image:536 | Generating an RA/DEC image with slice_offset=-0.200
    INFO | 2026-08-24 13:24:26 | datacube.py:subpixellate:1807 | Resampling subslice 3/5
    INFO | 2026-08-24 13:24:26 | slittrace.py:get_radec_image:536 | Generating an RA/DEC image with slice_offset=0.000
    INFO | 2026-08-24 13:24:27 | datacube.py:subpixellate:1807 | Resampling subslice 4/5
    INFO | 2026-08-24 13:24:27 | slittrace.py:get_radec_image:536 | Generating an RA/DEC image with slice_offset=0.200
    INFO | 2026-08-24 13:24:28 | datacube.py:subpixellate:1807 | Resampling subslice 5/5
    INFO | 2026-08-24 13:24:28 | slittrace.py:get_radec_image:536 | Generating an RA/DEC image with slice_offset=0.400
    INFO | 2026-08-24 13:24:29 | datacube.py:subpixellate:1770 | Resampling slit 14/24
    INFO | 2026-08-24 13:24:29 | datacube.py:subpixellate:1807 | Resampling subslice 1/5
    INFO | 2026-08-24 13:24:29 | slittrace.py:get_radec_image:536 | Generating an RA/DEC image with slice_offset=-0.400
    INFO | 2026-08-24 13:24:30 | datacube.py:subpixellate:1807 | Resampling subslice 2/5
    INFO | 2026-08-24 13:24:30 | slittrace.py:get_radec_image:536 | Generating an RA/DEC image with slice_offset=-0.200
    INFO | 2026-08-24 13:24:31 | datacube.py:subpixellate:1807 | Resampling subslice 3/5
    INFO | 2026-08-24 13:24:31 | slittrace.py:get_radec_image:536 | Generating an RA/DEC image with slice_offset=0.000
    INFO | 2026-08-24 13:24:31 | datacube.py:subpixellate:1807 | Resampling subslice 4/5
    INFO | 2026-08-24 13:24:31 | slittrace.py:get_radec_image:536 | Generating an RA/DEC image with slice_offset=0.200
    INFO | 2026-08-24 13:24:32 | datacube.py:subpixellate:1807 | Resampling subslice 5/5
    INFO | 2026-08-24 13:24:32 | slittrace.py:get_radec_image:536 | Generating an RA/DEC image with slice_offset=0.400
    INFO | 2026-08-24 13:24:33 | datacube.py:subpixellate:1770 | Resampling slit 15/24
    INFO | 2026-08-24 13:24:34 | datacube.py:subpixellate:1807 | Resampling subslice 1/5
    INFO | 2026-08-24 13:24:34 | slittrace.py:get_radec_image:536 | Generating an RA/DEC image with slice_offset=-0.400
    INFO | 2026-08-24 13:24:34 | datacube.py:subpixellate:1807 | Resampling subslice 2/5
    INFO | 2026-08-24 13:24:34 | slittrace.py:get_radec_image:536 | Generating an RA/DEC image with slice_offset=-0.200
    INFO | 2026-08-24 13:24:35 | datacube.py:subpixellate:1807 | Resampling subslice 3/5
    INFO | 2026-08-24 13:24:35 | slittrace.py:get_radec_image:536 | Generating an RA/DEC image with slice_offset=0.000
    INFO | 2026-08-24 13:24:36 | datacube.py:subpixellate:1807 | Resampling subslice 4/5
    INFO | 2026-08-24 13:24:36 | slittrace.py:get_radec_image:536 | Generating an RA/DEC image with slice_offset=0.200
    INFO | 2026-08-24 13:24:37 | datacube.py:subpixellate:1807 | Resampling subslice 5/5
    INFO | 2026-08-24 13:24:37 | slittrace.py:get_radec_image:536 | Generating an RA/DEC image with slice_offset=0.400
    INFO | 2026-08-24 13:24:38 | datacube.py:subpixellate:1770 | Resampling slit 16/24
    INFO | 2026-08-24 13:24:38 | datacube.py:subpixellate:1807 | Resampling subslice 1/5
    INFO | 2026-08-24 13:24:38 | slittrace.py:get_radec_image:536 | Generating an RA/DEC image with slice_offset=-0.400
    INFO | 2026-08-24 13:24:39 | datacube.py:subpixellate:1807 | Resampling subslice 2/5
    INFO | 2026-08-24 13:24:39 | slittrace.py:get_radec_image:536 | Generating an RA/DEC image with slice_offset=-0.200
    INFO | 2026-08-24 13:24:40 | datacube.py:subpixellate:1807 | Resampling subslice 3/5
    INFO | 2026-08-24 13:24:40 | slittrace.py:get_radec_image:536 | Generating an RA/DEC image with slice_offset=0.000
    INFO | 2026-08-24 13:24:40 | datacube.py:subpixellate:1807 | Resampling subslice 4/5
    INFO | 2026-08-24 13:24:40 | slittrace.py:get_radec_image:536 | Generating an RA/DEC image with slice_offset=0.200
    INFO | 2026-08-24 13:24:41 | datacube.py:subpixellate:1807 | Resampling subslice 5/5
    INFO | 2026-08-24 13:24:41 | slittrace.py:get_radec_image:536 | Generating an RA/DEC image with slice_offset=0.400
    INFO | 2026-08-24 13:24:42 | datacube.py:subpixellate:1770 | Resampling slit 17/24
    INFO | 2026-08-24 13:24:43 | datacube.py:subpixellate:1807 | Resampling subslice 1/5
    INFO | 2026-08-24 13:24:43 | slittrace.py:get_radec_image:536 | Generating an RA/DEC image with slice_offset=-0.400
    INFO | 2026-08-24 13:24:43 | datacube.py:subpixellate:1807 | Resampling subslice 2/5
    INFO | 2026-08-24 13:24:43 | slittrace.py:get_radec_image:536 | Generating an RA/DEC image with slice_offset=-0.200
    INFO | 2026-08-24 13:24:44 | datacube.py:subpixellate:1807 | Resampling subslice 3/5
    INFO | 2026-08-24 13:24:44 | slittrace.py:get_radec_image:536 | Generating an RA/DEC image with slice_offset=0.000
    INFO | 2026-08-24 13:24:45 | datacube.py:subpixellate:1807 | Resampling subslice 4/5
    INFO | 2026-08-24 13:24:45 | slittrace.py:get_radec_image:536 | Generating an RA/DEC image with slice_offset=0.200
    INFO | 2026-08-24 13:24:46 | datacube.py:subpixellate:1807 | Resampling subslice 5/5
    INFO | 2026-08-24 13:24:46 | slittrace.py:get_radec_image:536 | Generating an RA/DEC image with slice_offset=0.400
    INFO | 2026-08-24 13:24:47 | datacube.py:subpixellate:1770 | Resampling slit 18/24
    INFO | 2026-08-24 13:24:47 | datacube.py:subpixellate:1807 | Resampling subslice 1/5
    INFO | 2026-08-24 13:24:47 | slittrace.py:get_radec_image:536 | Generating an RA/DEC image with slice_offset=-0.400
    INFO | 2026-08-24 13:24:48 | datacube.py:subpixellate:1807 | Resampling subslice 2/5
    INFO | 2026-08-24 13:24:48 | slittrace.py:get_radec_image:536 | Generating an RA/DEC image with slice_offset=-0.200
    INFO | 2026-08-24 13:24:49 | datacube.py:subpixellate:1807 | Resampling subslice 3/5
    INFO | 2026-08-24 13:24:49 | slittrace.py:get_radec_image:536 | Generating an RA/DEC image with slice_offset=0.000
    INFO | 2026-08-24 13:24:49 | datacube.py:subpixellate:1807 | Resampling subslice 4/5
    INFO | 2026-08-24 13:24:49 | slittrace.py:get_radec_image:536 | Generating an RA/DEC image with slice_offset=0.200
    INFO | 2026-08-24 13:24:50 | datacube.py:subpixellate:1807 | Resampling subslice 5/5
    INFO | 2026-08-24 13:24:50 | slittrace.py:get_radec_image:536 | Generating an RA/DEC image with slice_offset=0.400
    INFO | 2026-08-24 13:24:51 | datacube.py:subpixellate:1770 | Resampling slit 19/24
    INFO | 2026-08-24 13:24:51 | datacube.py:subpixellate:1807 | Resampling subslice 1/5
    INFO | 2026-08-24 13:24:51 | slittrace.py:get_radec_image:536 | Generating an RA/DEC image with slice_offset=-0.400
    INFO | 2026-08-24 13:24:52 | datacube.py:subpixellate:1807 | Resampling subslice 2/5
    INFO | 2026-08-24 13:24:52 | slittrace.py:get_radec_image:536 | Generating an RA/DEC image with slice_offset=-0.200
    INFO | 2026-08-24 13:24:53 | datacube.py:subpixellate:1807 | Resampling subslice 3/5
    INFO | 2026-08-24 13:24:53 | slittrace.py:get_radec_image:536 | Generating an RA/DEC image with slice_offset=0.000
    INFO | 2026-08-24 13:24:54 | datacube.py:subpixellate:1807 | Resampling subslice 4/5
    INFO | 2026-08-24 13:24:54 | slittrace.py:get_radec_image:536 | Generating an RA/DEC image with slice_offset=0.200
    INFO | 2026-08-24 13:24:54 | datacube.py:subpixellate:1807 | Resampling subslice 5/5
    INFO | 2026-08-24 13:24:54 | slittrace.py:get_radec_image:536 | Generating an RA/DEC image with slice_offset=0.400
    INFO | 2026-08-24 13:24:56 | datacube.py:subpixellate:1770 | Resampling slit 20/24
    INFO | 2026-08-24 13:24:56 | datacube.py:subpixellate:1807 | Resampling subslice 1/5
    INFO | 2026-08-24 13:24:56 | slittrace.py:get_radec_image:536 | Generating an RA/DEC image with slice_offset=-0.400
    INFO | 2026-08-24 13:24:57 | datacube.py:subpixellate:1807 | Resampling subslice 2/5
    INFO | 2026-08-24 13:24:57 | slittrace.py:get_radec_image:536 | Generating an RA/DEC image with slice_offset=-0.200
    INFO | 2026-08-24 13:24:57 | datacube.py:subpixellate:1807 | Resampling subslice 3/5
    INFO | 2026-08-24 13:24:57 | slittrace.py:get_radec_image:536 | Generating an RA/DEC image with slice_offset=0.000
    INFO | 2026-08-24 13:24:58 | datacube.py:subpixellate:1807 | Resampling subslice 4/5
    INFO | 2026-08-24 13:24:58 | slittrace.py:get_radec_image:536 | Generating an RA/DEC image with slice_offset=0.200
    INFO | 2026-08-24 13:24:59 | datacube.py:subpixellate:1807 | Resampling subslice 5/5
    INFO | 2026-08-24 13:24:59 | slittrace.py:get_radec_image:536 | Generating an RA/DEC image with slice_offset=0.400
    INFO | 2026-08-24 13:25:00 | datacube.py:subpixellate:1770 | Resampling slit 21/24
    INFO | 2026-08-24 13:25:00 | datacube.py:subpixellate:1807 | Resampling subslice 1/5
    INFO | 2026-08-24 13:25:00 | slittrace.py:get_radec_image:536 | Generating an RA/DEC image with slice_offset=-0.400
    INFO | 2026-08-24 13:25:01 | datacube.py:subpixellate:1807 | Resampling subslice 2/5
    INFO | 2026-08-24 13:25:01 | slittrace.py:get_radec_image:536 | Generating an RA/DEC image with slice_offset=-0.200
    INFO | 2026-08-24 13:25:02 | datacube.py:subpixellate:1807 | Resampling subslice 3/5
    INFO | 2026-08-24 13:25:02 | slittrace.py:get_radec_image:536 | Generating an RA/DEC image with slice_offset=0.000
    INFO | 2026-08-24 13:25:03 | datacube.py:subpixellate:1807 | Resampling subslice 4/5
    INFO | 2026-08-24 13:25:03 | slittrace.py:get_radec_image:536 | Generating an RA/DEC image with slice_offset=0.200
    INFO | 2026-08-24 13:25:03 | datacube.py:subpixellate:1807 | Resampling subslice 5/5
    INFO | 2026-08-24 13:25:03 | slittrace.py:get_radec_image:536 | Generating an RA/DEC image with slice_offset=0.400
    INFO | 2026-08-24 13:25:04 | datacube.py:subpixellate:1770 | Resampling slit 22/24
    INFO | 2026-08-24 13:25:05 | datacube.py:subpixellate:1807 | Resampling subslice 1/5
    INFO | 2026-08-24 13:25:05 | slittrace.py:get_radec_image:536 | Generating an RA/DEC image with slice_offset=-0.400
    INFO | 2026-08-24 13:25:06 | datacube.py:subpixellate:1807 | Resampling subslice 2/5
    INFO | 2026-08-24 13:25:06 | slittrace.py:get_radec_image:536 | Generating an RA/DEC image with slice_offset=-0.200
    INFO | 2026-08-24 13:25:06 | datacube.py:subpixellate:1807 | Resampling subslice 3/5
    INFO | 2026-08-24 13:25:06 | slittrace.py:get_radec_image:536 | Generating an RA/DEC image with slice_offset=0.000
    INFO | 2026-08-24 13:25:07 | datacube.py:subpixellate:1807 | Resampling subslice 4/5
    INFO | 2026-08-24 13:25:07 | slittrace.py:get_radec_image:536 | Generating an RA/DEC image with slice_offset=0.200
    INFO | 2026-08-24 13:25:08 | datacube.py:subpixellate:1807 | Resampling subslice 5/5
    INFO | 2026-08-24 13:25:08 | slittrace.py:get_radec_image:536 | Generating an RA/DEC image with slice_offset=0.400
    INFO | 2026-08-24 13:25:09 | datacube.py:subpixellate:1770 | Resampling slit 23/24
    INFO | 2026-08-24 13:25:09 | datacube.py:subpixellate:1807 | Resampling subslice 1/5
    INFO | 2026-08-24 13:25:09 | slittrace.py:get_radec_image:536 | Generating an RA/DEC image with slice_offset=-0.400
    INFO | 2026-08-24 13:25:10 | datacube.py:subpixellate:1807 | Resampling subslice 2/5
    INFO | 2026-08-24 13:25:10 | slittrace.py:get_radec_image:536 | Generating an RA/DEC image with slice_offset=-0.200
    INFO | 2026-08-24 13:25:11 | datacube.py:subpixellate:1807 | Resampling subslice 3/5
    INFO | 2026-08-24 13:25:11 | slittrace.py:get_radec_image:536 | Generating an RA/DEC image with slice_offset=0.000
    INFO | 2026-08-24 13:25:11 | datacube.py:subpixellate:1807 | Resampling subslice 4/5
    INFO | 2026-08-24 13:25:11 | slittrace.py:get_radec_image:536 | Generating an RA/DEC image with slice_offset=0.200
    INFO | 2026-08-24 13:25:12 | datacube.py:subpixellate:1807 | Resampling subslice 5/5
    INFO | 2026-08-24 13:25:12 | slittrace.py:get_radec_image:536 | Generating an RA/DEC image with slice_offset=0.400
    INFO | 2026-08-24 13:25:13 | datacube.py:subpixellate:1770 | Resampling slit 24/24
    INFO | 2026-08-24 13:25:14 | datacube.py:subpixellate:1807 | Resampling subslice 1/5
    INFO | 2026-08-24 13:25:14 | slittrace.py:get_radec_image:536 | Generating an RA/DEC image with slice_offset=-0.400
    INFO | 2026-08-24 13:25:14 | datacube.py:subpixellate:1807 | Resampling subslice 2/5
    INFO | 2026-08-24 13:25:14 | slittrace.py:get_radec_image:536 | Generating an RA/DEC image with slice_offset=-0.200
    INFO | 2026-08-24 13:25:15 | datacube.py:subpixellate:1807 | Resampling subslice 3/5
    INFO | 2026-08-24 13:25:15 | slittrace.py:get_radec_image:536 | Generating an RA/DEC image with slice_offset=0.000
    INFO | 2026-08-24 13:25:16 | datacube.py:subpixellate:1807 | Resampling subslice 4/5
    INFO | 2026-08-24 13:25:16 | slittrace.py:get_radec_image:536 | Generating an RA/DEC image with slice_offset=0.200
    INFO | 2026-08-24 13:25:17 | datacube.py:subpixellate:1807 | Resampling subslice 5/5
    INFO | 2026-08-24 13:25:17 | slittrace.py:get_radec_image:536 | Generating an RA/DEC image with slice_offset=0.400
    INFO | 2026-08-24 13:25:18 | datacube.py:generate_image_subpixel:1485 | Creating image 4/6
    INFO | 2026-08-24 13:25:18 | datacube.py:subpixellate:1770 | Resampling slit 1/24
    INFO | 2026-08-24 13:25:18 | datacube.py:subpixellate:1807 | Resampling subslice 1/5
    INFO | 2026-08-24 13:25:18 | slittrace.py:get_radec_image:536 | Generating an RA/DEC image with slice_offset=-0.400
    INFO | 2026-08-24 13:25:19 | datacube.py:subpixellate:1807 | Resampling subslice 2/5
    INFO | 2026-08-24 13:25:19 | slittrace.py:get_radec_image:536 | Generating an RA/DEC image with slice_offset=-0.200
    INFO | 2026-08-24 13:25:20 | datacube.py:subpixellate:1807 | Resampling subslice 3/5
    INFO | 2026-08-24 13:25:20 | slittrace.py:get_radec_image:536 | Generating an RA/DEC image with slice_offset=0.000
    INFO | 2026-08-24 13:25:20 | datacube.py:subpixellate:1807 | Resampling subslice 4/5
    INFO | 2026-08-24 13:25:20 | slittrace.py:get_radec_image:536 | Generating an RA/DEC image with slice_offset=0.200
    INFO | 2026-08-24 13:25:21 | datacube.py:subpixellate:1807 | Resampling subslice 5/5
    INFO | 2026-08-24 13:25:21 | slittrace.py:get_radec_image:536 | Generating an RA/DEC image with slice_offset=0.400
    INFO | 2026-08-24 13:25:22 | datacube.py:subpixellate:1770 | Resampling slit 2/24
    INFO | 2026-08-24 13:25:23 | datacube.py:subpixellate:1807 | Resampling subslice 1/5
    INFO | 2026-08-24 13:25:23 | slittrace.py:get_radec_image:536 | Generating an RA/DEC image with slice_offset=-0.400
    INFO | 2026-08-24 13:25:23 | datacube.py:subpixellate:1807 | Resampling subslice 2/5
    INFO | 2026-08-24 13:25:23 | slittrace.py:get_radec_image:536 | Generating an RA/DEC image with slice_offset=-0.200
    INFO | 2026-08-24 13:25:24 | datacube.py:subpixellate:1807 | Resampling subslice 3/5
    INFO | 2026-08-24 13:25:24 | slittrace.py:get_radec_image:536 | Generating an RA/DEC image with slice_offset=0.000
    INFO | 2026-08-24 13:25:25 | datacube.py:subpixellate:1807 | Resampling subslice 4/5
    INFO | 2026-08-24 13:25:25 | slittrace.py:get_radec_image:536 | Generating an RA/DEC image with slice_offset=0.200
    INFO | 2026-08-24 13:25:26 | datacube.py:subpixellate:1807 | Resampling subslice 5/5
    INFO | 2026-08-24 13:25:26 | slittrace.py:get_radec_image:536 | Generating an RA/DEC image with slice_offset=0.400
    INFO | 2026-08-24 13:25:27 | datacube.py:subpixellate:1770 | Resampling slit 3/24
    INFO | 2026-08-24 13:25:27 | datacube.py:subpixellate:1807 | Resampling subslice 1/5
    INFO | 2026-08-24 13:25:27 | slittrace.py:get_radec_image:536 | Generating an RA/DEC image with slice_offset=-0.400
    INFO | 2026-08-24 13:25:28 | datacube.py:subpixellate:1807 | Resampling subslice 2/5
    INFO | 2026-08-24 13:25:28 | slittrace.py:get_radec_image:536 | Generating an RA/DEC image with slice_offset=-0.200
    INFO | 2026-08-24 13:25:29 | datacube.py:subpixellate:1807 | Resampling subslice 3/5
    INFO | 2026-08-24 13:25:29 | slittrace.py:get_radec_image:536 | Generating an RA/DEC image with slice_offset=0.000
    INFO | 2026-08-24 13:25:30 | datacube.py:subpixellate:1807 | Resampling subslice 4/5
    INFO | 2026-08-24 13:25:30 | slittrace.py:get_radec_image:536 | Generating an RA/DEC image with slice_offset=0.200
    INFO | 2026-08-24 13:25:30 | datacube.py:subpixellate:1807 | Resampling subslice 5/5
    INFO | 2026-08-24 13:25:30 | slittrace.py:get_radec_image:536 | Generating an RA/DEC image with slice_offset=0.400
    INFO | 2026-08-24 13:25:31 | datacube.py:subpixellate:1770 | Resampling slit 4/24
    INFO | 2026-08-24 13:25:32 | datacube.py:subpixellate:1807 | Resampling subslice 1/5
    INFO | 2026-08-24 13:25:32 | slittrace.py:get_radec_image:536 | Generating an RA/DEC image with slice_offset=-0.400
    INFO | 2026-08-24 13:25:33 | datacube.py:subpixellate:1807 | Resampling subslice 2/5
    INFO | 2026-08-24 13:25:33 | slittrace.py:get_radec_image:536 | Generating an RA/DEC image with slice_offset=-0.200
    INFO | 2026-08-24 13:25:33 | datacube.py:subpixellate:1807 | Resampling subslice 3/5
    INFO | 2026-08-24 13:25:33 | slittrace.py:get_radec_image:536 | Generating an RA/DEC image with slice_offset=0.000
    INFO | 2026-08-24 13:25:34 | datacube.py:subpixellate:1807 | Resampling subslice 4/5
    INFO | 2026-08-24 13:25:34 | slittrace.py:get_radec_image:536 | Generating an RA/DEC image with slice_offset=0.200
    INFO | 2026-08-24 13:25:35 | datacube.py:subpixellate:1807 | Resampling subslice 5/5
    INFO | 2026-08-24 13:25:35 | slittrace.py:get_radec_image:536 | Generating an RA/DEC image with slice_offset=0.400
    INFO | 2026-08-24 13:25:36 | datacube.py:subpixellate:1770 | Resampling slit 5/24
    INFO | 2026-08-24 13:25:36 | datacube.py:subpixellate:1807 | Resampling subslice 1/5
    INFO | 2026-08-24 13:25:36 | slittrace.py:get_radec_image:536 | Generating an RA/DEC image with slice_offset=-0.400
    INFO | 2026-08-24 13:25:37 | datacube.py:subpixellate:1807 | Resampling subslice 2/5
    INFO | 2026-08-24 13:25:37 | slittrace.py:get_radec_image:536 | Generating an RA/DEC image with slice_offset=-0.200
    INFO | 2026-08-24 13:25:38 | datacube.py:subpixellate:1807 | Resampling subslice 3/5
    INFO | 2026-08-24 13:25:38 | slittrace.py:get_radec_image:536 | Generating an RA/DEC image with slice_offset=0.000
    INFO | 2026-08-24 13:25:39 | datacube.py:subpixellate:1807 | Resampling subslice 4/5
    INFO | 2026-08-24 13:25:39 | slittrace.py:get_radec_image:536 | Generating an RA/DEC image with slice_offset=0.200
    INFO | 2026-08-24 13:25:39 | datacube.py:subpixellate:1807 | Resampling subslice 5/5
    INFO | 2026-08-24 13:25:39 | slittrace.py:get_radec_image:536 | Generating an RA/DEC image with slice_offset=0.400
    INFO | 2026-08-24 13:25:40 | datacube.py:subpixellate:1770 | Resampling slit 6/24
    INFO | 2026-08-24 13:25:41 | datacube.py:subpixellate:1807 | Resampling subslice 1/5
    INFO | 2026-08-24 13:25:41 | slittrace.py:get_radec_image:536 | Generating an RA/DEC image with slice_offset=-0.400
    INFO | 2026-08-24 13:25:42 | datacube.py:subpixellate:1807 | Resampling subslice 2/5
    INFO | 2026-08-24 13:25:42 | slittrace.py:get_radec_image:536 | Generating an RA/DEC image with slice_offset=-0.200
    INFO | 2026-08-24 13:25:42 | datacube.py:subpixellate:1807 | Resampling subslice 3/5
    INFO | 2026-08-24 13:25:42 | slittrace.py:get_radec_image:536 | Generating an RA/DEC image with slice_offset=0.000
    INFO | 2026-08-24 13:25:43 | datacube.py:subpixellate:1807 | Resampling subslice 4/5
    INFO | 2026-08-24 13:25:43 | slittrace.py:get_radec_image:536 | Generating an RA/DEC image with slice_offset=0.200
    INFO | 2026-08-24 13:25:44 | datacube.py:subpixellate:1807 | Resampling subslice 5/5
    INFO | 2026-08-24 13:25:44 | slittrace.py:get_radec_image:536 | Generating an RA/DEC image with slice_offset=0.400
    INFO | 2026-08-24 13:25:45 | datacube.py:subpixellate:1770 | Resampling slit 7/24
    INFO | 2026-08-24 13:25:45 | datacube.py:subpixellate:1807 | Resampling subslice 1/5
    INFO | 2026-08-24 13:25:45 | slittrace.py:get_radec_image:536 | Generating an RA/DEC image with slice_offset=-0.400
    INFO | 2026-08-24 13:25:46 | datacube.py:subpixellate:1807 | Resampling subslice 2/5
    INFO | 2026-08-24 13:25:46 | slittrace.py:get_radec_image:536 | Generating an RA/DEC image with slice_offset=-0.200
    INFO | 2026-08-24 13:25:47 | datacube.py:subpixellate:1807 | Resampling subslice 3/5
    INFO | 2026-08-24 13:25:47 | slittrace.py:get_radec_image:536 | Generating an RA/DEC image with slice_offset=0.000
    INFO | 2026-08-24 13:25:48 | datacube.py:subpixellate:1807 | Resampling subslice 4/5
    INFO | 2026-08-24 13:25:48 | slittrace.py:get_radec_image:536 | Generating an RA/DEC image with slice_offset=0.200
    INFO | 2026-08-24 13:25:48 | datacube.py:subpixellate:1807 | Resampling subslice 5/5
    INFO | 2026-08-24 13:25:48 | slittrace.py:get_radec_image:536 | Generating an RA/DEC image with slice_offset=0.400
    INFO | 2026-08-24 13:25:49 | datacube.py:subpixellate:1770 | Resampling slit 8/24
    INFO | 2026-08-24 13:25:50 | datacube.py:subpixellate:1807 | Resampling subslice 1/5
    INFO | 2026-08-24 13:25:50 | slittrace.py:get_radec_image:536 | Generating an RA/DEC image with slice_offset=-0.400
    INFO | 2026-08-24 13:25:50 | datacube.py:subpixellate:1807 | Resampling subslice 2/5
    INFO | 2026-08-24 13:25:50 | slittrace.py:get_radec_image:536 | Generating an RA/DEC image with slice_offset=-0.200
    INFO | 2026-08-24 13:25:51 | datacube.py:subpixellate:1807 | Resampling subslice 3/5
    INFO | 2026-08-24 13:25:51 | slittrace.py:get_radec_image:536 | Generating an RA/DEC image with slice_offset=0.000
    INFO | 2026-08-24 13:25:52 | datacube.py:subpixellate:1807 | Resampling subslice 4/5
    INFO | 2026-08-24 13:25:52 | slittrace.py:get_radec_image:536 | Generating an RA/DEC image with slice_offset=0.200
    INFO | 2026-08-24 13:25:53 | datacube.py:subpixellate:1807 | Resampling subslice 5/5
    INFO | 2026-08-24 13:25:53 | slittrace.py:get_radec_image:536 | Generating an RA/DEC image with slice_offset=0.400
    INFO | 2026-08-24 13:25:54 | datacube.py:subpixellate:1770 | Resampling slit 9/24
    INFO | 2026-08-24 13:25:54 | datacube.py:subpixellate:1807 | Resampling subslice 1/5
    INFO | 2026-08-24 13:25:54 | slittrace.py:get_radec_image:536 | Generating an RA/DEC image with slice_offset=-0.400
    INFO | 2026-08-24 13:25:55 | datacube.py:subpixellate:1807 | Resampling subslice 2/5
    INFO | 2026-08-24 13:25:55 | slittrace.py:get_radec_image:536 | Generating an RA/DEC image with slice_offset=-0.200
    INFO | 2026-08-24 13:25:56 | datacube.py:subpixellate:1807 | Resampling subslice 3/5
    INFO | 2026-08-24 13:25:56 | slittrace.py:get_radec_image:536 | Generating an RA/DEC image with slice_offset=0.000
    INFO | 2026-08-24 13:25:56 | datacube.py:subpixellate:1807 | Resampling subslice 4/5
    INFO | 2026-08-24 13:25:56 | slittrace.py:get_radec_image:536 | Generating an RA/DEC image with slice_offset=0.200
    INFO | 2026-08-24 13:25:57 | datacube.py:subpixellate:1807 | Resampling subslice 5/5
    INFO | 2026-08-24 13:25:57 | slittrace.py:get_radec_image:536 | Generating an RA/DEC image with slice_offset=0.400
    INFO | 2026-08-24 13:25:58 | datacube.py:subpixellate:1770 | Resampling slit 10/24
    INFO | 2026-08-24 13:25:59 | datacube.py:subpixellate:1807 | Resampling subslice 1/5
    INFO | 2026-08-24 13:25:59 | slittrace.py:get_radec_image:536 | Generating an RA/DEC image with slice_offset=-0.400
    INFO | 2026-08-24 13:25:59 | datacube.py:subpixellate:1807 | Resampling subslice 2/5
    INFO | 2026-08-24 13:25:59 | slittrace.py:get_radec_image:536 | Generating an RA/DEC image with slice_offset=-0.200
    INFO | 2026-08-24 13:26:00 | datacube.py:subpixellate:1807 | Resampling subslice 3/5
    INFO | 2026-08-24 13:26:00 | slittrace.py:get_radec_image:536 | Generating an RA/DEC image with slice_offset=0.000
    INFO | 2026-08-24 13:26:01 | datacube.py:subpixellate:1807 | Resampling subslice 4/5
    INFO | 2026-08-24 13:26:01 | slittrace.py:get_radec_image:536 | Generating an RA/DEC image with slice_offset=0.200
    INFO | 2026-08-24 13:26:02 | datacube.py:subpixellate:1807 | Resampling subslice 5/5
    INFO | 2026-08-24 13:26:02 | slittrace.py:get_radec_image:536 | Generating an RA/DEC image with slice_offset=0.400
    INFO | 2026-08-24 13:26:03 | datacube.py:subpixellate:1770 | Resampling slit 11/24
    INFO | 2026-08-24 13:26:03 | datacube.py:subpixellate:1807 | Resampling subslice 1/5
    INFO | 2026-08-24 13:26:03 | slittrace.py:get_radec_image:536 | Generating an RA/DEC image with slice_offset=-0.400
    INFO | 2026-08-24 13:26:04 | datacube.py:subpixellate:1807 | Resampling subslice 2/5
    INFO | 2026-08-24 13:26:04 | slittrace.py:get_radec_image:536 | Generating an RA/DEC image with slice_offset=-0.200
    INFO | 2026-08-24 13:26:04 | datacube.py:subpixellate:1807 | Resampling subslice 3/5
    INFO | 2026-08-24 13:26:04 | slittrace.py:get_radec_image:536 | Generating an RA/DEC image with slice_offset=0.000
    INFO | 2026-08-24 13:26:05 | datacube.py:subpixellate:1807 | Resampling subslice 4/5
    INFO | 2026-08-24 13:26:05 | slittrace.py:get_radec_image:536 | Generating an RA/DEC image with slice_offset=0.200
    INFO | 2026-08-24 13:26:06 | datacube.py:subpixellate:1807 | Resampling subslice 5/5
    INFO | 2026-08-24 13:26:06 | slittrace.py:get_radec_image:536 | Generating an RA/DEC image with slice_offset=0.400
    INFO | 2026-08-24 13:26:07 | datacube.py:subpixellate:1770 | Resampling slit 12/24
    INFO | 2026-08-24 13:26:07 | datacube.py:subpixellate:1807 | Resampling subslice 1/5
    INFO | 2026-08-24 13:26:07 | slittrace.py:get_radec_image:536 | Generating an RA/DEC image with slice_offset=-0.400
    INFO | 2026-08-24 13:26:08 | datacube.py:subpixellate:1807 | Resampling subslice 2/5
    INFO | 2026-08-24 13:26:08 | slittrace.py:get_radec_image:536 | Generating an RA/DEC image with slice_offset=-0.200
    INFO | 2026-08-24 13:26:09 | datacube.py:subpixellate:1807 | Resampling subslice 3/5
    INFO | 2026-08-24 13:26:09 | slittrace.py:get_radec_image:536 | Generating an RA/DEC image with slice_offset=0.000
    INFO | 2026-08-24 13:26:09 | datacube.py:subpixellate:1807 | Resampling subslice 4/5
    INFO | 2026-08-24 13:26:09 | slittrace.py:get_radec_image:536 | Generating an RA/DEC image with slice_offset=0.200
    INFO | 2026-08-24 13:26:10 | datacube.py:subpixellate:1807 | Resampling subslice 5/5
    INFO | 2026-08-24 13:26:10 | slittrace.py:get_radec_image:536 | Generating an RA/DEC image with slice_offset=0.400
    INFO | 2026-08-24 13:26:11 | datacube.py:subpixellate:1770 | Resampling slit 13/24
    INFO | 2026-08-24 13:26:11 | datacube.py:subpixellate:1807 | Resampling subslice 1/5
    INFO | 2026-08-24 13:26:11 | slittrace.py:get_radec_image:536 | Generating an RA/DEC image with slice_offset=-0.400
    INFO | 2026-08-24 13:26:12 | datacube.py:subpixellate:1807 | Resampling subslice 2/5
    INFO | 2026-08-24 13:26:12 | slittrace.py:get_radec_image:536 | Generating an RA/DEC image with slice_offset=-0.200
    INFO | 2026-08-24 13:26:13 | datacube.py:subpixellate:1807 | Resampling subslice 3/5
    INFO | 2026-08-24 13:26:13 | slittrace.py:get_radec_image:536 | Generating an RA/DEC image with slice_offset=0.000
    INFO | 2026-08-24 13:26:14 | datacube.py:subpixellate:1807 | Resampling subslice 4/5
    INFO | 2026-08-24 13:26:14 | slittrace.py:get_radec_image:536 | Generating an RA/DEC image with slice_offset=0.200
    INFO | 2026-08-24 13:26:14 | datacube.py:subpixellate:1807 | Resampling subslice 5/5
    INFO | 2026-08-24 13:26:14 | slittrace.py:get_radec_image:536 | Generating an RA/DEC image with slice_offset=0.400
    INFO | 2026-08-24 13:26:15 | datacube.py:subpixellate:1770 | Resampling slit 14/24
    INFO | 2026-08-24 13:26:16 | datacube.py:subpixellate:1807 | Resampling subslice 1/5
    INFO | 2026-08-24 13:26:16 | slittrace.py:get_radec_image:536 | Generating an RA/DEC image with slice_offset=-0.400
    INFO | 2026-08-24 13:26:16 | datacube.py:subpixellate:1807 | Resampling subslice 2/5
    INFO | 2026-08-24 13:26:16 | slittrace.py:get_radec_image:536 | Generating an RA/DEC image with slice_offset=-0.200
    INFO | 2026-08-24 13:26:17 | datacube.py:subpixellate:1807 | Resampling subslice 3/5
    INFO | 2026-08-24 13:26:17 | slittrace.py:get_radec_image:536 | Generating an RA/DEC image with slice_offset=0.000
    INFO | 2026-08-24 13:26:18 | datacube.py:subpixellate:1807 | Resampling subslice 4/5
    INFO | 2026-08-24 13:26:18 | slittrace.py:get_radec_image:536 | Generating an RA/DEC image with slice_offset=0.200
    INFO | 2026-08-24 13:26:19 | datacube.py:subpixellate:1807 | Resampling subslice 5/5
    INFO | 2026-08-24 13:26:19 | slittrace.py:get_radec_image:536 | Generating an RA/DEC image with slice_offset=0.400
    INFO | 2026-08-24 13:26:20 | datacube.py:subpixellate:1770 | Resampling slit 15/24
    INFO | 2026-08-24 13:26:20 | datacube.py:subpixellate:1807 | Resampling subslice 1/5
    INFO | 2026-08-24 13:26:20 | slittrace.py:get_radec_image:536 | Generating an RA/DEC image with slice_offset=-0.400
    INFO | 2026-08-24 13:26:21 | datacube.py:subpixellate:1807 | Resampling subslice 2/5
    INFO | 2026-08-24 13:26:21 | slittrace.py:get_radec_image:536 | Generating an RA/DEC image with slice_offset=-0.200
    INFO | 2026-08-24 13:26:21 | datacube.py:subpixellate:1807 | Resampling subslice 3/5
    INFO | 2026-08-24 13:26:21 | slittrace.py:get_radec_image:536 | Generating an RA/DEC image with slice_offset=0.000
    INFO | 2026-08-24 13:26:22 | datacube.py:subpixellate:1807 | Resampling subslice 4/5
    INFO | 2026-08-24 13:26:22 | slittrace.py:get_radec_image:536 | Generating an RA/DEC image with slice_offset=0.200
    INFO | 2026-08-24 13:26:23 | datacube.py:subpixellate:1807 | Resampling subslice 5/5
    INFO | 2026-08-24 13:26:23 | slittrace.py:get_radec_image:536 | Generating an RA/DEC image with slice_offset=0.400
    INFO | 2026-08-24 13:26:24 | datacube.py:subpixellate:1770 | Resampling slit 16/24
    INFO | 2026-08-24 13:26:24 | datacube.py:subpixellate:1807 | Resampling subslice 1/5
    INFO | 2026-08-24 13:26:24 | slittrace.py:get_radec_image:536 | Generating an RA/DEC image with slice_offset=-0.400
    INFO | 2026-08-24 13:26:25 | datacube.py:subpixellate:1807 | Resampling subslice 2/5
    INFO | 2026-08-24 13:26:25 | slittrace.py:get_radec_image:536 | Generating an RA/DEC image with slice_offset=-0.200
    INFO | 2026-08-24 13:26:26 | datacube.py:subpixellate:1807 | Resampling subslice 3/5
    INFO | 2026-08-24 13:26:26 | slittrace.py:get_radec_image:536 | Generating an RA/DEC image with slice_offset=0.000
    INFO | 2026-08-24 13:26:27 | datacube.py:subpixellate:1807 | Resampling subslice 4/5
    INFO | 2026-08-24 13:26:27 | slittrace.py:get_radec_image:536 | Generating an RA/DEC image with slice_offset=0.200
    INFO | 2026-08-24 13:26:27 | datacube.py:subpixellate:1807 | Resampling subslice 5/5
    INFO | 2026-08-24 13:26:27 | slittrace.py:get_radec_image:536 | Generating an RA/DEC image with slice_offset=0.400
    INFO | 2026-08-24 13:26:28 | datacube.py:subpixellate:1770 | Resampling slit 17/24
    INFO | 2026-08-24 13:26:29 | datacube.py:subpixellate:1807 | Resampling subslice 1/5
    INFO | 2026-08-24 13:26:29 | slittrace.py:get_radec_image:536 | Generating an RA/DEC image with slice_offset=-0.400
    INFO | 2026-08-24 13:26:29 | datacube.py:subpixellate:1807 | Resampling subslice 2/5
    INFO | 2026-08-24 13:26:29 | slittrace.py:get_radec_image:536 | Generating an RA/DEC image with slice_offset=-0.200
    INFO | 2026-08-24 13:26:30 | datacube.py:subpixellate:1807 | Resampling subslice 3/5
    INFO | 2026-08-24 13:26:30 | slittrace.py:get_radec_image:536 | Generating an RA/DEC image with slice_offset=0.000
    INFO | 2026-08-24 13:26:31 | datacube.py:subpixellate:1807 | Resampling subslice 4/5
    INFO | 2026-08-24 13:26:31 | slittrace.py:get_radec_image:536 | Generating an RA/DEC image with slice_offset=0.200
    INFO | 2026-08-24 13:26:32 | datacube.py:subpixellate:1807 | Resampling subslice 5/5
    INFO | 2026-08-24 13:26:32 | slittrace.py:get_radec_image:536 | Generating an RA/DEC image with slice_offset=0.400
    INFO | 2026-08-24 13:26:33 | datacube.py:subpixellate:1770 | Resampling slit 18/24
    INFO | 2026-08-24 13:26:33 | datacube.py:subpixellate:1807 | Resampling subslice 1/5
    INFO | 2026-08-24 13:26:33 | slittrace.py:get_radec_image:536 | Generating an RA/DEC image with slice_offset=-0.400
    INFO | 2026-08-24 13:26:34 | datacube.py:subpixellate:1807 | Resampling subslice 2/5
    INFO | 2026-08-24 13:26:34 | slittrace.py:get_radec_image:536 | Generating an RA/DEC image with slice_offset=-0.200
    INFO | 2026-08-24 13:26:35 | datacube.py:subpixellate:1807 | Resampling subslice 3/5
    INFO | 2026-08-24 13:26:35 | slittrace.py:get_radec_image:536 | Generating an RA/DEC image with slice_offset=0.000
    INFO | 2026-08-24 13:26:35 | datacube.py:subpixellate:1807 | Resampling subslice 4/5
    INFO | 2026-08-24 13:26:35 | slittrace.py:get_radec_image:536 | Generating an RA/DEC image with slice_offset=0.200
    INFO | 2026-08-24 13:26:36 | datacube.py:subpixellate:1807 | Resampling subslice 5/5
    INFO | 2026-08-24 13:26:36 | slittrace.py:get_radec_image:536 | Generating an RA/DEC image with slice_offset=0.400
    INFO | 2026-08-24 13:26:37 | datacube.py:subpixellate:1770 | Resampling slit 19/24
    INFO | 2026-08-24 13:26:38 | datacube.py:subpixellate:1807 | Resampling subslice 1/5
    INFO | 2026-08-24 13:26:38 | slittrace.py:get_radec_image:536 | Generating an RA/DEC image with slice_offset=-0.400
    INFO | 2026-08-24 13:26:38 | datacube.py:subpixellate:1807 | Resampling subslice 2/5
    INFO | 2026-08-24 13:26:38 | slittrace.py:get_radec_image:536 | Generating an RA/DEC image with slice_offset=-0.200
    INFO | 2026-08-24 13:26:39 | datacube.py:subpixellate:1807 | Resampling subslice 3/5
    INFO | 2026-08-24 13:26:39 | slittrace.py:get_radec_image:536 | Generating an RA/DEC image with slice_offset=0.000
    INFO | 2026-08-24 13:26:40 | datacube.py:subpixellate:1807 | Resampling subslice 4/5
    INFO | 2026-08-24 13:26:40 | slittrace.py:get_radec_image:536 | Generating an RA/DEC image with slice_offset=0.200
    INFO | 2026-08-24 13:26:41 | datacube.py:subpixellate:1807 | Resampling subslice 5/5
    INFO | 2026-08-24 13:26:41 | slittrace.py:get_radec_image:536 | Generating an RA/DEC image with slice_offset=0.400
    INFO | 2026-08-24 13:26:42 | datacube.py:subpixellate:1770 | Resampling slit 20/24
    INFO | 2026-08-24 13:26:42 | datacube.py:subpixellate:1807 | Resampling subslice 1/5
    INFO | 2026-08-24 13:26:42 | slittrace.py:get_radec_image:536 | Generating an RA/DEC image with slice_offset=-0.400
    INFO | 2026-08-24 13:26:43 | datacube.py:subpixellate:1807 | Resampling subslice 2/5
    INFO | 2026-08-24 13:26:43 | slittrace.py:get_radec_image:536 | Generating an RA/DEC image with slice_offset=-0.200
    INFO | 2026-08-24 13:26:43 | datacube.py:subpixellate:1807 | Resampling subslice 3/5
    INFO | 2026-08-24 13:26:43 | slittrace.py:get_radec_image:536 | Generating an RA/DEC image with slice_offset=0.000
    INFO | 2026-08-24 13:26:44 | datacube.py:subpixellate:1807 | Resampling subslice 4/5
    INFO | 2026-08-24 13:26:44 | slittrace.py:get_radec_image:536 | Generating an RA/DEC image with slice_offset=0.200
    INFO | 2026-08-24 13:26:45 | datacube.py:subpixellate:1807 | Resampling subslice 5/5
    INFO | 2026-08-24 13:26:45 | slittrace.py:get_radec_image:536 | Generating an RA/DEC image with slice_offset=0.400
    INFO | 2026-08-24 13:26:46 | datacube.py:subpixellate:1770 | Resampling slit 21/24
    INFO | 2026-08-24 13:26:46 | datacube.py:subpixellate:1807 | Resampling subslice 1/5
    INFO | 2026-08-24 13:26:46 | slittrace.py:get_radec_image:536 | Generating an RA/DEC image with slice_offset=-0.400
    INFO | 2026-08-24 13:26:47 | datacube.py:subpixellate:1807 | Resampling subslice 2/5
    INFO | 2026-08-24 13:26:47 | slittrace.py:get_radec_image:536 | Generating an RA/DEC image with slice_offset=-0.200
    INFO | 2026-08-24 13:26:48 | datacube.py:subpixellate:1807 | Resampling subslice 3/5
    INFO | 2026-08-24 13:26:48 | slittrace.py:get_radec_image:536 | Generating an RA/DEC image with slice_offset=0.000
    INFO | 2026-08-24 13:26:49 | datacube.py:subpixellate:1807 | Resampling subslice 4/5
    INFO | 2026-08-24 13:26:49 | slittrace.py:get_radec_image:536 | Generating an RA/DEC image with slice_offset=0.200
    INFO | 2026-08-24 13:26:49 | datacube.py:subpixellate:1807 | Resampling subslice 5/5
    INFO | 2026-08-24 13:26:49 | slittrace.py:get_radec_image:536 | Generating an RA/DEC image with slice_offset=0.400
    INFO | 2026-08-24 13:26:50 | datacube.py:subpixellate:1770 | Resampling slit 22/24
    INFO | 2026-08-24 13:26:51 | datacube.py:subpixellate:1807 | Resampling subslice 1/5
    INFO | 2026-08-24 13:26:51 | slittrace.py:get_radec_image:536 | Generating an RA/DEC image with slice_offset=-0.400
    INFO | 2026-08-24 13:26:51 | datacube.py:subpixellate:1807 | Resampling subslice 2/5
    INFO | 2026-08-24 13:26:51 | slittrace.py:get_radec_image:536 | Generating an RA/DEC image with slice_offset=-0.200
    INFO | 2026-08-24 13:26:52 | datacube.py:subpixellate:1807 | Resampling subslice 3/5
    INFO | 2026-08-24 13:26:52 | slittrace.py:get_radec_image:536 | Generating an RA/DEC image with slice_offset=0.000
    INFO | 2026-08-24 13:26:53 | datacube.py:subpixellate:1807 | Resampling subslice 4/5
    INFO | 2026-08-24 13:26:53 | slittrace.py:get_radec_image:536 | Generating an RA/DEC image with slice_offset=0.200
    INFO | 2026-08-24 13:26:54 | datacube.py:subpixellate:1807 | Resampling subslice 5/5
    INFO | 2026-08-24 13:26:54 | slittrace.py:get_radec_image:536 | Generating an RA/DEC image with slice_offset=0.400
    INFO | 2026-08-24 13:26:55 | datacube.py:subpixellate:1770 | Resampling slit 23/24
    INFO | 2026-08-24 13:26:55 | datacube.py:subpixellate:1807 | Resampling subslice 1/5
    INFO | 2026-08-24 13:26:55 | slittrace.py:get_radec_image:536 | Generating an RA/DEC image with slice_offset=-0.400
    INFO | 2026-08-24 13:26:56 | datacube.py:subpixellate:1807 | Resampling subslice 2/5
    INFO | 2026-08-24 13:26:56 | slittrace.py:get_radec_image:536 | Generating an RA/DEC image with slice_offset=-0.200
    INFO | 2026-08-24 13:26:57 | datacube.py:subpixellate:1807 | Resampling subslice 3/5
    INFO | 2026-08-24 13:26:57 | slittrace.py:get_radec_image:536 | Generating an RA/DEC image with slice_offset=0.000
    INFO | 2026-08-24 13:26:57 | datacube.py:subpixellate:1807 | Resampling subslice 4/5
    INFO | 2026-08-24 13:26:57 | slittrace.py:get_radec_image:536 | Generating an RA/DEC image with slice_offset=0.200
    INFO | 2026-08-24 13:26:58 | datacube.py:subpixellate:1807 | Resampling subslice 5/5
    INFO | 2026-08-24 13:26:58 | slittrace.py:get_radec_image:536 | Generating an RA/DEC image with slice_offset=0.400
    INFO | 2026-08-24 13:26:59 | datacube.py:subpixellate:1770 | Resampling slit 24/24
    INFO | 2026-08-24 13:27:00 | datacube.py:subpixellate:1807 | Resampling subslice 1/5
    INFO | 2026-08-24 13:27:00 | slittrace.py:get_radec_image:536 | Generating an RA/DEC image with slice_offset=-0.400
    INFO | 2026-08-24 13:27:00 | datacube.py:subpixellate:1807 | Resampling subslice 2/5
    INFO | 2026-08-24 13:27:00 | slittrace.py:get_radec_image:536 | Generating an RA/DEC image with slice_offset=-0.200
    INFO | 2026-08-24 13:27:01 | datacube.py:subpixellate:1807 | Resampling subslice 3/5
    INFO | 2026-08-24 13:27:01 | slittrace.py:get_radec_image:536 | Generating an RA/DEC image with slice_offset=0.000
    INFO | 2026-08-24 13:27:02 | datacube.py:subpixellate:1807 | Resampling subslice 4/5
    INFO | 2026-08-24 13:27:02 | slittrace.py:get_radec_image:536 | Generating an RA/DEC image with slice_offset=0.200
    INFO | 2026-08-24 13:27:03 | datacube.py:subpixellate:1807 | Resampling subslice 5/5
    INFO | 2026-08-24 13:27:03 | slittrace.py:get_radec_image:536 | Generating an RA/DEC image with slice_offset=0.400
    INFO | 2026-08-24 13:27:04 | datacube.py:generate_image_subpixel:1485 | Creating image 5/6
    INFO | 2026-08-24 13:27:04 | datacube.py:subpixellate:1770 | Resampling slit 1/24
    INFO | 2026-08-24 13:27:04 | datacube.py:subpixellate:1807 | Resampling subslice 1/5
    INFO | 2026-08-24 13:27:04 | slittrace.py:get_radec_image:536 | Generating an RA/DEC image with slice_offset=-0.400
    INFO | 2026-08-24 13:27:05 | datacube.py:subpixellate:1807 | Resampling subslice 2/5
    INFO | 2026-08-24 13:27:05 | slittrace.py:get_radec_image:536 | Generating an RA/DEC image with slice_offset=-0.200
    INFO | 2026-08-24 13:27:06 | datacube.py:subpixellate:1807 | Resampling subslice 3/5
    INFO | 2026-08-24 13:27:06 | slittrace.py:get_radec_image:536 | Generating an RA/DEC image with slice_offset=0.000
    INFO | 2026-08-24 13:27:06 | datacube.py:subpixellate:1807 | Resampling subslice 4/5
    INFO | 2026-08-24 13:27:06 | slittrace.py:get_radec_image:536 | Generating an RA/DEC image with slice_offset=0.200
    INFO | 2026-08-24 13:27:07 | datacube.py:subpixellate:1807 | Resampling subslice 5/5
    INFO | 2026-08-24 13:27:07 | slittrace.py:get_radec_image:536 | Generating an RA/DEC image with slice_offset=0.400
    INFO | 2026-08-24 13:27:08 | datacube.py:subpixellate:1770 | Resampling slit 2/24
    INFO | 2026-08-24 13:27:09 | datacube.py:subpixellate:1807 | Resampling subslice 1/5
    INFO | 2026-08-24 13:27:09 | slittrace.py:get_radec_image:536 | Generating an RA/DEC image with slice_offset=-0.400
    INFO | 2026-08-24 13:27:09 | datacube.py:subpixellate:1807 | Resampling subslice 2/5
    INFO | 2026-08-24 13:27:09 | slittrace.py:get_radec_image:536 | Generating an RA/DEC image with slice_offset=-0.200
    INFO | 2026-08-24 13:27:10 | datacube.py:subpixellate:1807 | Resampling subslice 3/5
    INFO | 2026-08-24 13:27:10 | slittrace.py:get_radec_image:536 | Generating an RA/DEC image with slice_offset=0.000
    INFO | 2026-08-24 13:27:11 | datacube.py:subpixellate:1807 | Resampling subslice 4/5
    INFO | 2026-08-24 13:27:11 | slittrace.py:get_radec_image:536 | Generating an RA/DEC image with slice_offset=0.200
    INFO | 2026-08-24 13:27:12 | datacube.py:subpixellate:1807 | Resampling subslice 5/5
    INFO | 2026-08-24 13:27:12 | slittrace.py:get_radec_image:536 | Generating an RA/DEC image with slice_offset=0.400
    INFO | 2026-08-24 13:27:13 | datacube.py:subpixellate:1770 | Resampling slit 3/24
    INFO | 2026-08-24 13:27:13 | datacube.py:subpixellate:1807 | Resampling subslice 1/5
    INFO | 2026-08-24 13:27:13 | slittrace.py:get_radec_image:536 | Generating an RA/DEC image with slice_offset=-0.400
    INFO | 2026-08-24 13:27:14 | datacube.py:subpixellate:1807 | Resampling subslice 2/5
    INFO | 2026-08-24 13:27:14 | slittrace.py:get_radec_image:536 | Generating an RA/DEC image with slice_offset=-0.200
    INFO | 2026-08-24 13:27:15 | datacube.py:subpixellate:1807 | Resampling subslice 3/5
    INFO | 2026-08-24 13:27:15 | slittrace.py:get_radec_image:536 | Generating an RA/DEC image with slice_offset=0.000
    INFO | 2026-08-24 13:27:15 | datacube.py:subpixellate:1807 | Resampling subslice 4/5
    INFO | 2026-08-24 13:27:15 | slittrace.py:get_radec_image:536 | Generating an RA/DEC image with slice_offset=0.200
    INFO | 2026-08-24 13:27:16 | datacube.py:subpixellate:1807 | Resampling subslice 5/5
    INFO | 2026-08-24 13:27:16 | slittrace.py:get_radec_image:536 | Generating an RA/DEC image with slice_offset=0.400
    INFO | 2026-08-24 13:27:17 | datacube.py:subpixellate:1770 | Resampling slit 4/24
    INFO | 2026-08-24 13:27:18 | datacube.py:subpixellate:1807 | Resampling subslice 1/5
    INFO | 2026-08-24 13:27:18 | slittrace.py:get_radec_image:536 | Generating an RA/DEC image with slice_offset=-0.400
    INFO | 2026-08-24 13:27:18 | datacube.py:subpixellate:1807 | Resampling subslice 2/5
    INFO | 2026-08-24 13:27:18 | slittrace.py:get_radec_image:536 | Generating an RA/DEC image with slice_offset=-0.200
    INFO | 2026-08-24 13:27:19 | datacube.py:subpixellate:1807 | Resampling subslice 3/5
    INFO | 2026-08-24 13:27:19 | slittrace.py:get_radec_image:536 | Generating an RA/DEC image with slice_offset=0.000
    INFO | 2026-08-24 13:27:20 | datacube.py:subpixellate:1807 | Resampling subslice 4/5
    INFO | 2026-08-24 13:27:20 | slittrace.py:get_radec_image:536 | Generating an RA/DEC image with slice_offset=0.200
    INFO | 2026-08-24 13:27:21 | datacube.py:subpixellate:1807 | Resampling subslice 5/5
    INFO | 2026-08-24 13:27:21 | slittrace.py:get_radec_image:536 | Generating an RA/DEC image with slice_offset=0.400
    INFO | 2026-08-24 13:27:22 | datacube.py:subpixellate:1770 | Resampling slit 5/24
    INFO | 2026-08-24 13:27:22 | datacube.py:subpixellate:1807 | Resampling subslice 1/5
    INFO | 2026-08-24 13:27:22 | slittrace.py:get_radec_image:536 | Generating an RA/DEC image with slice_offset=-0.400
    INFO | 2026-08-24 13:27:23 | datacube.py:subpixellate:1807 | Resampling subslice 2/5
    INFO | 2026-08-24 13:27:23 | slittrace.py:get_radec_image:536 | Generating an RA/DEC image with slice_offset=-0.200
    INFO | 2026-08-24 13:27:24 | datacube.py:subpixellate:1807 | Resampling subslice 3/5
    INFO | 2026-08-24 13:27:24 | slittrace.py:get_radec_image:536 | Generating an RA/DEC image with slice_offset=0.000
    INFO | 2026-08-24 13:27:24 | datacube.py:subpixellate:1807 | Resampling subslice 4/5
    INFO | 2026-08-24 13:27:24 | slittrace.py:get_radec_image:536 | Generating an RA/DEC image with slice_offset=0.200
    INFO | 2026-08-24 13:27:25 | datacube.py:subpixellate:1807 | Resampling subslice 5/5
    INFO | 2026-08-24 13:27:25 | slittrace.py:get_radec_image:536 | Generating an RA/DEC image with slice_offset=0.400
    INFO | 2026-08-24 13:27:26 | datacube.py:subpixellate:1770 | Resampling slit 6/24
    INFO | 2026-08-24 13:27:26 | datacube.py:subpixellate:1807 | Resampling subslice 1/5
    INFO | 2026-08-24 13:27:26 | slittrace.py:get_radec_image:536 | Generating an RA/DEC image with slice_offset=-0.400
    INFO | 2026-08-24 13:27:27 | datacube.py:subpixellate:1807 | Resampling subslice 2/5
    INFO | 2026-08-24 13:27:27 | slittrace.py:get_radec_image:536 | Generating an RA/DEC image with slice_offset=-0.200
    INFO | 2026-08-24 13:27:28 | datacube.py:subpixellate:1807 | Resampling subslice 3/5
    INFO | 2026-08-24 13:27:28 | slittrace.py:get_radec_image:536 | Generating an RA/DEC image with slice_offset=0.000
    INFO | 2026-08-24 13:27:29 | datacube.py:subpixellate:1807 | Resampling subslice 4/5
    INFO | 2026-08-24 13:27:29 | slittrace.py:get_radec_image:536 | Generating an RA/DEC image with slice_offset=0.200
    INFO | 2026-08-24 13:27:30 | datacube.py:subpixellate:1807 | Resampling subslice 5/5
    INFO | 2026-08-24 13:27:30 | slittrace.py:get_radec_image:536 | Generating an RA/DEC image with slice_offset=0.400
    INFO | 2026-08-24 13:27:31 | datacube.py:subpixellate:1770 | Resampling slit 7/24
    INFO | 2026-08-24 13:27:31 | datacube.py:subpixellate:1807 | Resampling subslice 1/5
    INFO | 2026-08-24 13:27:31 | slittrace.py:get_radec_image:536 | Generating an RA/DEC image with slice_offset=-0.400
    INFO | 2026-08-24 13:27:32 | datacube.py:subpixellate:1807 | Resampling subslice 2/5
    INFO | 2026-08-24 13:27:32 | slittrace.py:get_radec_image:536 | Generating an RA/DEC image with slice_offset=-0.200
    INFO | 2026-08-24 13:27:32 | datacube.py:subpixellate:1807 | Resampling subslice 3/5
    INFO | 2026-08-24 13:27:32 | slittrace.py:get_radec_image:536 | Generating an RA/DEC image with slice_offset=0.000
    INFO | 2026-08-24 13:27:33 | datacube.py:subpixellate:1807 | Resampling subslice 4/5
    INFO | 2026-08-24 13:27:33 | slittrace.py:get_radec_image:536 | Generating an RA/DEC image with slice_offset=0.200
    INFO | 2026-08-24 13:27:34 | datacube.py:subpixellate:1807 | Resampling subslice 5/5
    INFO | 2026-08-24 13:27:34 | slittrace.py:get_radec_image:536 | Generating an RA/DEC image with slice_offset=0.400
    INFO | 2026-08-24 13:27:35 | datacube.py:subpixellate:1770 | Resampling slit 8/24
    INFO | 2026-08-24 13:27:35 | datacube.py:subpixellate:1807 | Resampling subslice 1/5
    INFO | 2026-08-24 13:27:35 | slittrace.py:get_radec_image:536 | Generating an RA/DEC image with slice_offset=-0.400
    INFO | 2026-08-24 13:27:36 | datacube.py:subpixellate:1807 | Resampling subslice 2/5
    INFO | 2026-08-24 13:27:36 | slittrace.py:get_radec_image:536 | Generating an RA/DEC image with slice_offset=-0.200
    INFO | 2026-08-24 13:27:37 | datacube.py:subpixellate:1807 | Resampling subslice 3/5
    INFO | 2026-08-24 13:27:37 | slittrace.py:get_radec_image:536 | Generating an RA/DEC image with slice_offset=0.000
    INFO | 2026-08-24 13:27:38 | datacube.py:subpixellate:1807 | Resampling subslice 4/5
    INFO | 2026-08-24 13:27:38 | slittrace.py:get_radec_image:536 | Generating an RA/DEC image with slice_offset=0.200
    INFO | 2026-08-24 13:27:38 | datacube.py:subpixellate:1807 | Resampling subslice 5/5
    INFO | 2026-08-24 13:27:38 | slittrace.py:get_radec_image:536 | Generating an RA/DEC image with slice_offset=0.400
    INFO | 2026-08-24 13:27:39 | datacube.py:subpixellate:1770 | Resampling slit 9/24
    INFO | 2026-08-24 13:27:40 | datacube.py:subpixellate:1807 | Resampling subslice 1/5
    INFO | 2026-08-24 13:27:40 | slittrace.py:get_radec_image:536 | Generating an RA/DEC image with slice_offset=-0.400
    INFO | 2026-08-24 13:27:40 | datacube.py:subpixellate:1807 | Resampling subslice 2/5
    INFO | 2026-08-24 13:27:40 | slittrace.py:get_radec_image:536 | Generating an RA/DEC image with slice_offset=-0.200
    INFO | 2026-08-24 13:27:41 | datacube.py:subpixellate:1807 | Resampling subslice 3/5
    INFO | 2026-08-24 13:27:41 | slittrace.py:get_radec_image:536 | Generating an RA/DEC image with slice_offset=0.000
    INFO | 2026-08-24 13:27:42 | datacube.py:subpixellate:1807 | Resampling subslice 4/5
    INFO | 2026-08-24 13:27:42 | slittrace.py:get_radec_image:536 | Generating an RA/DEC image with slice_offset=0.200
    INFO | 2026-08-24 13:27:43 | datacube.py:subpixellate:1807 | Resampling subslice 5/5
    INFO | 2026-08-24 13:27:43 | slittrace.py:get_radec_image:536 | Generating an RA/DEC image with slice_offset=0.400
    INFO | 2026-08-24 13:27:44 | datacube.py:subpixellate:1770 | Resampling slit 10/24
    INFO | 2026-08-24 13:27:44 | datacube.py:subpixellate:1807 | Resampling subslice 1/5
    INFO | 2026-08-24 13:27:44 | slittrace.py:get_radec_image:536 | Generating an RA/DEC image with slice_offset=-0.400
    INFO | 2026-08-24 13:27:45 | datacube.py:subpixellate:1807 | Resampling subslice 2/5
    INFO | 2026-08-24 13:27:45 | slittrace.py:get_radec_image:536 | Generating an RA/DEC image with slice_offset=-0.200
    INFO | 2026-08-24 13:27:46 | datacube.py:subpixellate:1807 | Resampling subslice 3/5
    INFO | 2026-08-24 13:27:46 | slittrace.py:get_radec_image:536 | Generating an RA/DEC image with slice_offset=0.000
    INFO | 2026-08-24 13:27:46 | datacube.py:subpixellate:1807 | Resampling subslice 4/5
    INFO | 2026-08-24 13:27:46 | slittrace.py:get_radec_image:536 | Generating an RA/DEC image with slice_offset=0.200
    INFO | 2026-08-24 13:27:47 | datacube.py:subpixellate:1807 | Resampling subslice 5/5
    INFO | 2026-08-24 13:27:47 | slittrace.py:get_radec_image:536 | Generating an RA/DEC image with slice_offset=0.400
    INFO | 2026-08-24 13:27:48 | datacube.py:subpixellate:1770 | Resampling slit 11/24
    INFO | 2026-08-24 13:27:48 | datacube.py:subpixellate:1807 | Resampling subslice 1/5
    INFO | 2026-08-24 13:27:48 | slittrace.py:get_radec_image:536 | Generating an RA/DEC image with slice_offset=-0.400
    INFO | 2026-08-24 13:27:49 | datacube.py:subpixellate:1807 | Resampling subslice 2/5
    INFO | 2026-08-24 13:27:49 | slittrace.py:get_radec_image:536 | Generating an RA/DEC image with slice_offset=-0.200
    INFO | 2026-08-24 13:27:50 | datacube.py:subpixellate:1807 | Resampling subslice 3/5
    INFO | 2026-08-24 13:27:50 | slittrace.py:get_radec_image:536 | Generating an RA/DEC image with slice_offset=0.000
    INFO | 2026-08-24 13:27:51 | datacube.py:subpixellate:1807 | Resampling subslice 4/5
    INFO | 2026-08-24 13:27:51 | slittrace.py:get_radec_image:536 | Generating an RA/DEC image with slice_offset=0.200
    INFO | 2026-08-24 13:27:51 | datacube.py:subpixellate:1807 | Resampling subslice 5/5
    INFO | 2026-08-24 13:27:51 | slittrace.py:get_radec_image:536 | Generating an RA/DEC image with slice_offset=0.400
    INFO | 2026-08-24 13:27:52 | datacube.py:subpixellate:1770 | Resampling slit 12/24
    INFO | 2026-08-24 13:27:53 | datacube.py:subpixellate:1807 | Resampling subslice 1/5
    INFO | 2026-08-24 13:27:53 | slittrace.py:get_radec_image:536 | Generating an RA/DEC image with slice_offset=-0.400
    INFO | 2026-08-24 13:27:53 | datacube.py:subpixellate:1807 | Resampling subslice 2/5
    INFO | 2026-08-24 13:27:53 | slittrace.py:get_radec_image:536 | Generating an RA/DEC image with slice_offset=-0.200
    INFO | 2026-08-24 13:27:54 | datacube.py:subpixellate:1807 | Resampling subslice 3/5
    INFO | 2026-08-24 13:27:54 | slittrace.py:get_radec_image:536 | Generating an RA/DEC image with slice_offset=0.000
    INFO | 2026-08-24 13:27:55 | datacube.py:subpixellate:1807 | Resampling subslice 4/5
    INFO | 2026-08-24 13:27:55 | slittrace.py:get_radec_image:536 | Generating an RA/DEC image with slice_offset=0.200
    INFO | 2026-08-24 13:27:56 | datacube.py:subpixellate:1807 | Resampling subslice 5/5
    INFO | 2026-08-24 13:27:56 | slittrace.py:get_radec_image:536 | Generating an RA/DEC image with slice_offset=0.400
    INFO | 2026-08-24 13:27:57 | datacube.py:subpixellate:1770 | Resampling slit 13/24
    INFO | 2026-08-24 13:27:57 | datacube.py:subpixellate:1807 | Resampling subslice 1/5
    INFO | 2026-08-24 13:27:57 | slittrace.py:get_radec_image:536 | Generating an RA/DEC image with slice_offset=-0.400
    INFO | 2026-08-24 13:27:58 | datacube.py:subpixellate:1807 | Resampling subslice 2/5
    INFO | 2026-08-24 13:27:58 | slittrace.py:get_radec_image:536 | Generating an RA/DEC image with slice_offset=-0.200
    INFO | 2026-08-24 13:27:58 | datacube.py:subpixellate:1807 | Resampling subslice 3/5
    INFO | 2026-08-24 13:27:58 | slittrace.py:get_radec_image:536 | Generating an RA/DEC image with slice_offset=0.000
    INFO | 2026-08-24 13:27:59 | datacube.py:subpixellate:1807 | Resampling subslice 4/5
    INFO | 2026-08-24 13:27:59 | slittrace.py:get_radec_image:536 | Generating an RA/DEC image with slice_offset=0.200
    INFO | 2026-08-24 13:28:00 | datacube.py:subpixellate:1807 | Resampling subslice 5/5
    INFO | 2026-08-24 13:28:00 | slittrace.py:get_radec_image:536 | Generating an RA/DEC image with slice_offset=0.400
    INFO | 2026-08-24 13:28:01 | datacube.py:subpixellate:1770 | Resampling slit 14/24
    INFO | 2026-08-24 13:28:01 | datacube.py:subpixellate:1807 | Resampling subslice 1/5
    INFO | 2026-08-24 13:28:01 | slittrace.py:get_radec_image:536 | Generating an RA/DEC image with slice_offset=-0.400
    INFO | 2026-08-24 13:28:02 | datacube.py:subpixellate:1807 | Resampling subslice 2/5
    INFO | 2026-08-24 13:28:02 | slittrace.py:get_radec_image:536 | Generating an RA/DEC image with slice_offset=-0.200
    INFO | 2026-08-24 13:28:03 | datacube.py:subpixellate:1807 | Resampling subslice 3/5
    INFO | 2026-08-24 13:28:03 | slittrace.py:get_radec_image:536 | Generating an RA/DEC image with slice_offset=0.000
    INFO | 2026-08-24 13:28:03 | datacube.py:subpixellate:1807 | Resampling subslice 4/5
    INFO | 2026-08-24 13:28:03 | slittrace.py:get_radec_image:536 | Generating an RA/DEC image with slice_offset=0.200
    INFO | 2026-08-24 13:28:04 | datacube.py:subpixellate:1807 | Resampling subslice 5/5
    INFO | 2026-08-24 13:28:04 | slittrace.py:get_radec_image:536 | Generating an RA/DEC image with slice_offset=0.400
    INFO | 2026-08-24 13:28:05 | datacube.py:subpixellate:1770 | Resampling slit 15/24
    INFO | 2026-08-24 13:28:05 | datacube.py:subpixellate:1807 | Resampling subslice 1/5
    INFO | 2026-08-24 13:28:05 | slittrace.py:get_radec_image:536 | Generating an RA/DEC image with slice_offset=-0.400
    INFO | 2026-08-24 13:28:06 | datacube.py:subpixellate:1807 | Resampling subslice 2/5
    INFO | 2026-08-24 13:28:06 | slittrace.py:get_radec_image:536 | Generating an RA/DEC image with slice_offset=-0.200
    INFO | 2026-08-24 13:28:07 | datacube.py:subpixellate:1807 | Resampling subslice 3/5
    INFO | 2026-08-24 13:28:07 | slittrace.py:get_radec_image:536 | Generating an RA/DEC image with slice_offset=0.000
    INFO | 2026-08-24 13:28:08 | datacube.py:subpixellate:1807 | Resampling subslice 4/5
    INFO | 2026-08-24 13:28:08 | slittrace.py:get_radec_image:536 | Generating an RA/DEC image with slice_offset=0.200
    INFO | 2026-08-24 13:28:09 | datacube.py:subpixellate:1807 | Resampling subslice 5/5
    INFO | 2026-08-24 13:28:09 | slittrace.py:get_radec_image:536 | Generating an RA/DEC image with slice_offset=0.400
    INFO | 2026-08-24 13:28:10 | datacube.py:subpixellate:1770 | Resampling slit 16/24
    INFO | 2026-08-24 13:28:10 | datacube.py:subpixellate:1807 | Resampling subslice 1/5
    INFO | 2026-08-24 13:28:10 | slittrace.py:get_radec_image:536 | Generating an RA/DEC image with slice_offset=-0.400
    INFO | 2026-08-24 13:28:11 | datacube.py:subpixellate:1807 | Resampling subslice 2/5
    INFO | 2026-08-24 13:28:11 | slittrace.py:get_radec_image:536 | Generating an RA/DEC image with slice_offset=-0.200
    INFO | 2026-08-24 13:28:11 | datacube.py:subpixellate:1807 | Resampling subslice 3/5
    INFO | 2026-08-24 13:28:11 | slittrace.py:get_radec_image:536 | Generating an RA/DEC image with slice_offset=0.000
    INFO | 2026-08-24 13:28:12 | datacube.py:subpixellate:1807 | Resampling subslice 4/5
    INFO | 2026-08-24 13:28:12 | slittrace.py:get_radec_image:536 | Generating an RA/DEC image with slice_offset=0.200
    INFO | 2026-08-24 13:28:13 | datacube.py:subpixellate:1807 | Resampling subslice 5/5
    INFO | 2026-08-24 13:28:13 | slittrace.py:get_radec_image:536 | Generating an RA/DEC image with slice_offset=0.400
    INFO | 2026-08-24 13:28:14 | datacube.py:subpixellate:1770 | Resampling slit 17/24
    INFO | 2026-08-24 13:28:14 | datacube.py:subpixellate:1807 | Resampling subslice 1/5
    INFO | 2026-08-24 13:28:14 | slittrace.py:get_radec_image:536 | Generating an RA/DEC image with slice_offset=-0.400
    INFO | 2026-08-24 13:28:15 | datacube.py:subpixellate:1807 | Resampling subslice 2/5
    INFO | 2026-08-24 13:28:15 | slittrace.py:get_radec_image:536 | Generating an RA/DEC image with slice_offset=-0.200
    INFO | 2026-08-24 13:28:16 | datacube.py:subpixellate:1807 | Resampling subslice 3/5
    INFO | 2026-08-24 13:28:16 | slittrace.py:get_radec_image:536 | Generating an RA/DEC image with slice_offset=0.000
    INFO | 2026-08-24 13:28:16 | datacube.py:subpixellate:1807 | Resampling subslice 4/5
    INFO | 2026-08-24 13:28:16 | slittrace.py:get_radec_image:536 | Generating an RA/DEC image with slice_offset=0.200
    INFO | 2026-08-24 13:28:17 | datacube.py:subpixellate:1807 | Resampling subslice 5/5
    INFO | 2026-08-24 13:28:17 | slittrace.py:get_radec_image:536 | Generating an RA/DEC image with slice_offset=0.400
    INFO | 2026-08-24 13:28:18 | datacube.py:subpixellate:1770 | Resampling slit 18/24
    INFO | 2026-08-24 13:28:19 | datacube.py:subpixellate:1807 | Resampling subslice 1/5
    INFO | 2026-08-24 13:28:19 | slittrace.py:get_radec_image:536 | Generating an RA/DEC image with slice_offset=-0.400
    INFO | 2026-08-24 13:28:19 | datacube.py:subpixellate:1807 | Resampling subslice 2/5
    INFO | 2026-08-24 13:28:19 | slittrace.py:get_radec_image:536 | Generating an RA/DEC image with slice_offset=-0.200
    INFO | 2026-08-24 13:28:20 | datacube.py:subpixellate:1807 | Resampling subslice 3/5
    INFO | 2026-08-24 13:28:20 | slittrace.py:get_radec_image:536 | Generating an RA/DEC image with slice_offset=0.000
    INFO | 2026-08-24 13:28:21 | datacube.py:subpixellate:1807 | Resampling subslice 4/5
    INFO | 2026-08-24 13:28:21 | slittrace.py:get_radec_image:536 | Generating an RA/DEC image with slice_offset=0.200
    INFO | 2026-08-24 13:28:21 | datacube.py:subpixellate:1807 | Resampling subslice 5/5
    INFO | 2026-08-24 13:28:21 | slittrace.py:get_radec_image:536 | Generating an RA/DEC image with slice_offset=0.400
    INFO | 2026-08-24 13:28:23 | datacube.py:subpixellate:1770 | Resampling slit 19/24
    INFO | 2026-08-24 13:28:23 | datacube.py:subpixellate:1807 | Resampling subslice 1/5
    INFO | 2026-08-24 13:28:23 | slittrace.py:get_radec_image:536 | Generating an RA/DEC image with slice_offset=-0.400
    INFO | 2026-08-24 13:28:24 | datacube.py:subpixellate:1807 | Resampling subslice 2/5
    INFO | 2026-08-24 13:28:24 | slittrace.py:get_radec_image:536 | Generating an RA/DEC image with slice_offset=-0.200
    INFO | 2026-08-24 13:28:24 | datacube.py:subpixellate:1807 | Resampling subslice 3/5
    INFO | 2026-08-24 13:28:24 | slittrace.py:get_radec_image:536 | Generating an RA/DEC image with slice_offset=0.000
    INFO | 2026-08-24 13:28:25 | datacube.py:subpixellate:1807 | Resampling subslice 4/5
    INFO | 2026-08-24 13:28:25 | slittrace.py:get_radec_image:536 | Generating an RA/DEC image with slice_offset=0.200
    INFO | 2026-08-24 13:28:26 | datacube.py:subpixellate:1807 | Resampling subslice 5/5
    INFO | 2026-08-24 13:28:26 | slittrace.py:get_radec_image:536 | Generating an RA/DEC image with slice_offset=0.400
    INFO | 2026-08-24 13:28:27 | datacube.py:subpixellate:1770 | Resampling slit 20/24
    INFO | 2026-08-24 13:28:27 | datacube.py:subpixellate:1807 | Resampling subslice 1/5
    INFO | 2026-08-24 13:28:27 | slittrace.py:get_radec_image:536 | Generating an RA/DEC image with slice_offset=-0.400
    INFO | 2026-08-24 13:28:28 | datacube.py:subpixellate:1807 | Resampling subslice 2/5
    INFO | 2026-08-24 13:28:28 | slittrace.py:get_radec_image:536 | Generating an RA/DEC image with slice_offset=-0.200
    INFO | 2026-08-24 13:28:29 | datacube.py:subpixellate:1807 | Resampling subslice 3/5
    INFO | 2026-08-24 13:28:29 | slittrace.py:get_radec_image:536 | Generating an RA/DEC image with slice_offset=0.000
    INFO | 2026-08-24 13:28:29 | datacube.py:subpixellate:1807 | Resampling subslice 4/5
    INFO | 2026-08-24 13:28:29 | slittrace.py:get_radec_image:536 | Generating an RA/DEC image with slice_offset=0.200
    INFO | 2026-08-24 13:28:30 | datacube.py:subpixellate:1807 | Resampling subslice 5/5
    INFO | 2026-08-24 13:28:30 | slittrace.py:get_radec_image:536 | Generating an RA/DEC image with slice_offset=0.400
    INFO | 2026-08-24 13:28:31 | datacube.py:subpixellate:1770 | Resampling slit 21/24
    INFO | 2026-08-24 13:28:32 | datacube.py:subpixellate:1807 | Resampling subslice 1/5
    INFO | 2026-08-24 13:28:32 | slittrace.py:get_radec_image:536 | Generating an RA/DEC image with slice_offset=-0.400
    INFO | 2026-08-24 13:28:32 | datacube.py:subpixellate:1807 | Resampling subslice 2/5
    INFO | 2026-08-24 13:28:32 | slittrace.py:get_radec_image:536 | Generating an RA/DEC image with slice_offset=-0.200
    INFO | 2026-08-24 13:28:33 | datacube.py:subpixellate:1807 | Resampling subslice 3/5
    INFO | 2026-08-24 13:28:33 | slittrace.py:get_radec_image:536 | Generating an RA/DEC image with slice_offset=0.000
    INFO | 2026-08-24 13:28:34 | datacube.py:subpixellate:1807 | Resampling subslice 4/5
    INFO | 2026-08-24 13:28:34 | slittrace.py:get_radec_image:536 | Generating an RA/DEC image with slice_offset=0.200
    INFO | 2026-08-24 13:28:35 | datacube.py:subpixellate:1807 | Resampling subslice 5/5
    INFO | 2026-08-24 13:28:35 | slittrace.py:get_radec_image:536 | Generating an RA/DEC image with slice_offset=0.400
    INFO | 2026-08-24 13:28:36 | datacube.py:subpixellate:1770 | Resampling slit 22/24
    INFO | 2026-08-24 13:28:36 | datacube.py:subpixellate:1807 | Resampling subslice 1/5
    INFO | 2026-08-24 13:28:36 | slittrace.py:get_radec_image:536 | Generating an RA/DEC image with slice_offset=-0.400
    INFO | 2026-08-24 13:28:37 | datacube.py:subpixellate:1807 | Resampling subslice 2/5
    INFO | 2026-08-24 13:28:37 | slittrace.py:get_radec_image:536 | Generating an RA/DEC image with slice_offset=-0.200
    INFO | 2026-08-24 13:28:38 | datacube.py:subpixellate:1807 | Resampling subslice 3/5
    INFO | 2026-08-24 13:28:38 | slittrace.py:get_radec_image:536 | Generating an RA/DEC image with slice_offset=0.000
    INFO | 2026-08-24 13:28:38 | datacube.py:subpixellate:1807 | Resampling subslice 4/5
    INFO | 2026-08-24 13:28:38 | slittrace.py:get_radec_image:536 | Generating an RA/DEC image with slice_offset=0.200
    INFO | 2026-08-24 13:28:39 | datacube.py:subpixellate:1807 | Resampling subslice 5/5
    INFO | 2026-08-24 13:28:39 | slittrace.py:get_radec_image:536 | Generating an RA/DEC image with slice_offset=0.400
    INFO | 2026-08-24 13:28:40 | datacube.py:subpixellate:1770 | Resampling slit 23/24
    INFO | 2026-08-24 13:28:40 | datacube.py:subpixellate:1807 | Resampling subslice 1/5
    INFO | 2026-08-24 13:28:40 | slittrace.py:get_radec_image:536 | Generating an RA/DEC image with slice_offset=-0.400
    INFO | 2026-08-24 13:28:41 | datacube.py:subpixellate:1807 | Resampling subslice 2/5
    INFO | 2026-08-24 13:28:41 | slittrace.py:get_radec_image:536 | Generating an RA/DEC image with slice_offset=-0.200
    INFO | 2026-08-24 13:28:42 | datacube.py:subpixellate:1807 | Resampling subslice 3/5
    INFO | 2026-08-24 13:28:42 | slittrace.py:get_radec_image:536 | Generating an RA/DEC image with slice_offset=0.000
    INFO | 2026-08-24 13:28:43 | datacube.py:subpixellate:1807 | Resampling subslice 4/5
    INFO | 2026-08-24 13:28:43 | slittrace.py:get_radec_image:536 | Generating an RA/DEC image with slice_offset=0.200
    INFO | 2026-08-24 13:28:44 | datacube.py:subpixellate:1807 | Resampling subslice 5/5
    INFO | 2026-08-24 13:28:44 | slittrace.py:get_radec_image:536 | Generating an RA/DEC image with slice_offset=0.400
    INFO | 2026-08-24 13:28:45 | datacube.py:subpixellate:1770 | Resampling slit 24/24
    INFO | 2026-08-24 13:28:45 | datacube.py:subpixellate:1807 | Resampling subslice 1/5
    INFO | 2026-08-24 13:28:45 | slittrace.py:get_radec_image:536 | Generating an RA/DEC image with slice_offset=-0.400
    INFO | 2026-08-24 13:28:46 | datacube.py:subpixellate:1807 | Resampling subslice 2/5
    INFO | 2026-08-24 13:28:46 | slittrace.py:get_radec_image:536 | Generating an RA/DEC image with slice_offset=-0.200
    INFO | 2026-08-24 13:28:46 | datacube.py:subpixellate:1807 | Resampling subslice 3/5
    INFO | 2026-08-24 13:28:46 | slittrace.py:get_radec_image:536 | Generating an RA/DEC image with slice_offset=0.000
    INFO | 2026-08-24 13:28:47 | datacube.py:subpixellate:1807 | Resampling subslice 4/5
    INFO | 2026-08-24 13:28:47 | slittrace.py:get_radec_image:536 | Generating an RA/DEC image with slice_offset=0.200
    INFO | 2026-08-24 13:28:48 | datacube.py:subpixellate:1807 | Resampling subslice 5/5
    INFO | 2026-08-24 13:28:48 | slittrace.py:get_radec_image:536 | Generating an RA/DEC image with slice_offset=0.400
    INFO | 2026-08-24 13:28:49 | datacube.py:generate_image_subpixel:1485 | Creating image 6/6
    INFO | 2026-08-24 13:28:49 | datacube.py:subpixellate:1770 | Resampling slit 1/24
    INFO | 2026-08-24 13:28:49 | datacube.py:subpixellate:1807 | Resampling subslice 1/5
    INFO | 2026-08-24 13:28:49 | slittrace.py:get_radec_image:536 | Generating an RA/DEC image with slice_offset=-0.400
    INFO | 2026-08-24 13:28:50 | datacube.py:subpixellate:1807 | Resampling subslice 2/5
    INFO | 2026-08-24 13:28:50 | slittrace.py:get_radec_image:536 | Generating an RA/DEC image with slice_offset=-0.200
    INFO | 2026-08-24 13:28:51 | datacube.py:subpixellate:1807 | Resampling subslice 3/5
    INFO | 2026-08-24 13:28:51 | slittrace.py:get_radec_image:536 | Generating an RA/DEC image with slice_offset=0.000
    INFO | 2026-08-24 13:28:52 | datacube.py:subpixellate:1807 | Resampling subslice 4/5
    INFO | 2026-08-24 13:28:52 | slittrace.py:get_radec_image:536 | Generating an RA/DEC image with slice_offset=0.200
    INFO | 2026-08-24 13:28:52 | datacube.py:subpixellate:1807 | Resampling subslice 5/5
    INFO | 2026-08-24 13:28:52 | slittrace.py:get_radec_image:536 | Generating an RA/DEC image with slice_offset=0.400
    INFO | 2026-08-24 13:28:54 | datacube.py:subpixellate:1770 | Resampling slit 2/24
    INFO | 2026-08-24 13:28:54 | datacube.py:subpixellate:1807 | Resampling subslice 1/5
    INFO | 2026-08-24 13:28:54 | slittrace.py:get_radec_image:536 | Generating an RA/DEC image with slice_offset=-0.400
    INFO | 2026-08-24 13:28:55 | datacube.py:subpixellate:1807 | Resampling subslice 2/5
    INFO | 2026-08-24 13:28:55 | slittrace.py:get_radec_image:536 | Generating an RA/DEC image with slice_offset=-0.200
    INFO | 2026-08-24 13:28:55 | datacube.py:subpixellate:1807 | Resampling subslice 3/5
    INFO | 2026-08-24 13:28:55 | slittrace.py:get_radec_image:536 | Generating an RA/DEC image with slice_offset=0.000
    INFO | 2026-08-24 13:28:56 | datacube.py:subpixellate:1807 | Resampling subslice 4/5
    INFO | 2026-08-24 13:28:56 | slittrace.py:get_radec_image:536 | Generating an RA/DEC image with slice_offset=0.200
    INFO | 2026-08-24 13:28:57 | datacube.py:subpixellate:1807 | Resampling subslice 5/5
    INFO | 2026-08-24 13:28:57 | slittrace.py:get_radec_image:536 | Generating an RA/DEC image with slice_offset=0.400
    INFO | 2026-08-24 13:28:58 | datacube.py:subpixellate:1770 | Resampling slit 3/24
    INFO | 2026-08-24 13:28:58 | datacube.py:subpixellate:1807 | Resampling subslice 1/5
    INFO | 2026-08-24 13:28:58 | slittrace.py:get_radec_image:536 | Generating an RA/DEC image with slice_offset=-0.400
    INFO | 2026-08-24 13:28:59 | datacube.py:subpixellate:1807 | Resampling subslice 2/5
    INFO | 2026-08-24 13:28:59 | slittrace.py:get_radec_image:536 | Generating an RA/DEC image with slice_offset=-0.200
    INFO | 2026-08-24 13:29:00 | datacube.py:subpixellate:1807 | Resampling subslice 3/5
    INFO | 2026-08-24 13:29:00 | slittrace.py:get_radec_image:536 | Generating an RA/DEC image with slice_offset=0.000
    INFO | 2026-08-24 13:29:01 | datacube.py:subpixellate:1807 | Resampling subslice 4/5
    INFO | 2026-08-24 13:29:01 | slittrace.py:get_radec_image:536 | Generating an RA/DEC image with slice_offset=0.200
    INFO | 2026-08-24 13:29:01 | datacube.py:subpixellate:1807 | Resampling subslice 5/5
    INFO | 2026-08-24 13:29:01 | slittrace.py:get_radec_image:536 | Generating an RA/DEC image with slice_offset=0.400
    INFO | 2026-08-24 13:29:02 | datacube.py:subpixellate:1770 | Resampling slit 4/24
    INFO | 2026-08-24 13:29:03 | datacube.py:subpixellate:1807 | Resampling subslice 1/5
    INFO | 2026-08-24 13:29:03 | slittrace.py:get_radec_image:536 | Generating an RA/DEC image with slice_offset=-0.400
    INFO | 2026-08-24 13:29:04 | datacube.py:subpixellate:1807 | Resampling subslice 2/5
    INFO | 2026-08-24 13:29:04 | slittrace.py:get_radec_image:536 | Generating an RA/DEC image with slice_offset=-0.200
    INFO | 2026-08-24 13:29:04 | datacube.py:subpixellate:1807 | Resampling subslice 3/5
    INFO | 2026-08-24 13:29:04 | slittrace.py:get_radec_image:536 | Generating an RA/DEC image with slice_offset=0.000
    INFO | 2026-08-24 13:29:05 | datacube.py:subpixellate:1807 | Resampling subslice 4/5
    INFO | 2026-08-24 13:29:05 | slittrace.py:get_radec_image:536 | Generating an RA/DEC image with slice_offset=0.200
    INFO | 2026-08-24 13:29:06 | datacube.py:subpixellate:1807 | Resampling subslice 5/5
    INFO | 2026-08-24 13:29:06 | slittrace.py:get_radec_image:536 | Generating an RA/DEC image with slice_offset=0.400
    INFO | 2026-08-24 13:29:07 | datacube.py:subpixellate:1770 | Resampling slit 5/24
    INFO | 2026-08-24 13:29:07 | datacube.py:subpixellate:1807 | Resampling subslice 1/5
    INFO | 2026-08-24 13:29:07 | slittrace.py:get_radec_image:536 | Generating an RA/DEC image with slice_offset=-0.400
    INFO | 2026-08-24 13:29:08 | datacube.py:subpixellate:1807 | Resampling subslice 2/5
    INFO | 2026-08-24 13:29:08 | slittrace.py:get_radec_image:536 | Generating an RA/DEC image with slice_offset=-0.200
    INFO | 2026-08-24 13:29:09 | datacube.py:subpixellate:1807 | Resampling subslice 3/5
    INFO | 2026-08-24 13:29:09 | slittrace.py:get_radec_image:536 | Generating an RA/DEC image with slice_offset=0.000
    INFO | 2026-08-24 13:29:09 | datacube.py:subpixellate:1807 | Resampling subslice 4/5
    INFO | 2026-08-24 13:29:09 | slittrace.py:get_radec_image:536 | Generating an RA/DEC image with slice_offset=0.200
    INFO | 2026-08-24 13:29:10 | datacube.py:subpixellate:1807 | Resampling subslice 5/5
    INFO | 2026-08-24 13:29:10 | slittrace.py:get_radec_image:536 | Generating an RA/DEC image with slice_offset=0.400
    INFO | 2026-08-24 13:29:11 | datacube.py:subpixellate:1770 | Resampling slit 6/24
    INFO | 2026-08-24 13:29:12 | datacube.py:subpixellate:1807 | Resampling subslice 1/5
    INFO | 2026-08-24 13:29:12 | slittrace.py:get_radec_image:536 | Generating an RA/DEC image with slice_offset=-0.400
    INFO | 2026-08-24 13:29:12 | datacube.py:subpixellate:1807 | Resampling subslice 2/5
    INFO | 2026-08-24 13:29:12 | slittrace.py:get_radec_image:536 | Generating an RA/DEC image with slice_offset=-0.200
    INFO | 2026-08-24 13:29:13 | datacube.py:subpixellate:1807 | Resampling subslice 3/5
    INFO | 2026-08-24 13:29:13 | slittrace.py:get_radec_image:536 | Generating an RA/DEC image with slice_offset=0.000
    INFO | 2026-08-24 13:29:14 | datacube.py:subpixellate:1807 | Resampling subslice 4/5
    INFO | 2026-08-24 13:29:14 | slittrace.py:get_radec_image:536 | Generating an RA/DEC image with slice_offset=0.200
    INFO | 2026-08-24 13:29:15 | datacube.py:subpixellate:1807 | Resampling subslice 5/5
    INFO | 2026-08-24 13:29:15 | slittrace.py:get_radec_image:536 | Generating an RA/DEC image with slice_offset=0.400
    INFO | 2026-08-24 13:29:16 | datacube.py:subpixellate:1770 | Resampling slit 7/24
    INFO | 2026-08-24 13:29:16 | datacube.py:subpixellate:1807 | Resampling subslice 1/5
    INFO | 2026-08-24 13:29:16 | slittrace.py:get_radec_image:536 | Generating an RA/DEC image with slice_offset=-0.400
    INFO | 2026-08-24 13:29:17 | datacube.py:subpixellate:1807 | Resampling subslice 2/5
    INFO | 2026-08-24 13:29:17 | slittrace.py:get_radec_image:536 | Generating an RA/DEC image with slice_offset=-0.200
    INFO | 2026-08-24 13:29:17 | datacube.py:subpixellate:1807 | Resampling subslice 3/5
    INFO | 2026-08-24 13:29:17 | slittrace.py:get_radec_image:536 | Generating an RA/DEC image with slice_offset=0.000
    INFO | 2026-08-24 13:29:18 | datacube.py:subpixellate:1807 | Resampling subslice 4/5
    INFO | 2026-08-24 13:29:18 | slittrace.py:get_radec_image:536 | Generating an RA/DEC image with slice_offset=0.200
    INFO | 2026-08-24 13:29:19 | datacube.py:subpixellate:1807 | Resampling subslice 5/5
    INFO | 2026-08-24 13:29:19 | slittrace.py:get_radec_image:536 | Generating an RA/DEC image with slice_offset=0.400
    INFO | 2026-08-24 13:29:20 | datacube.py:subpixellate:1770 | Resampling slit 8/24
    INFO | 2026-08-24 13:29:20 | datacube.py:subpixellate:1807 | Resampling subslice 1/5
    INFO | 2026-08-24 13:29:20 | slittrace.py:get_radec_image:536 | Generating an RA/DEC image with slice_offset=-0.400
    INFO | 2026-08-24 13:29:21 | datacube.py:subpixellate:1807 | Resampling subslice 2/5
    INFO | 2026-08-24 13:29:21 | slittrace.py:get_radec_image:536 | Generating an RA/DEC image with slice_offset=-0.200
    INFO | 2026-08-24 13:29:22 | datacube.py:subpixellate:1807 | Resampling subslice 3/5
    INFO | 2026-08-24 13:29:22 | slittrace.py:get_radec_image:536 | Generating an RA/DEC image with slice_offset=0.000
    INFO | 2026-08-24 13:29:23 | datacube.py:subpixellate:1807 | Resampling subslice 4/5
    INFO | 2026-08-24 13:29:23 | slittrace.py:get_radec_image:536 | Generating an RA/DEC image with slice_offset=0.200
    INFO | 2026-08-24 13:29:23 | datacube.py:subpixellate:1807 | Resampling subslice 5/5
    INFO | 2026-08-24 13:29:23 | slittrace.py:get_radec_image:536 | Generating an RA/DEC image with slice_offset=0.400
    INFO | 2026-08-24 13:29:24 | datacube.py:subpixellate:1770 | Resampling slit 9/24
    INFO | 2026-08-24 13:29:25 | datacube.py:subpixellate:1807 | Resampling subslice 1/5
    INFO | 2026-08-24 13:29:25 | slittrace.py:get_radec_image:536 | Generating an RA/DEC image with slice_offset=-0.400
    INFO | 2026-08-24 13:29:26 | datacube.py:subpixellate:1807 | Resampling subslice 2/5
    INFO | 2026-08-24 13:29:26 | slittrace.py:get_radec_image:536 | Generating an RA/DEC image with slice_offset=-0.200
    INFO | 2026-08-24 13:29:26 | datacube.py:subpixellate:1807 | Resampling subslice 3/5
    INFO | 2026-08-24 13:29:26 | slittrace.py:get_radec_image:536 | Generating an RA/DEC image with slice_offset=0.000
    INFO | 2026-08-24 13:29:27 | datacube.py:subpixellate:1807 | Resampling subslice 4/5
    INFO | 2026-08-24 13:29:27 | slittrace.py:get_radec_image:536 | Generating an RA/DEC image with slice_offset=0.200
    INFO | 2026-08-24 13:29:28 | datacube.py:subpixellate:1807 | Resampling subslice 5/5
    INFO | 2026-08-24 13:29:28 | slittrace.py:get_radec_image:536 | Generating an RA/DEC image with slice_offset=0.400
    INFO | 2026-08-24 13:29:29 | datacube.py:subpixellate:1770 | Resampling slit 10/24
    INFO | 2026-08-24 13:29:29 | datacube.py:subpixellate:1807 | Resampling subslice 1/5
    INFO | 2026-08-24 13:29:29 | slittrace.py:get_radec_image:536 | Generating an RA/DEC image with slice_offset=-0.400
    INFO | 2026-08-24 13:29:30 | datacube.py:subpixellate:1807 | Resampling subslice 2/5
    INFO | 2026-08-24 13:29:30 | slittrace.py:get_radec_image:536 | Generating an RA/DEC image with slice_offset=-0.200
    INFO | 2026-08-24 13:29:31 | datacube.py:subpixellate:1807 | Resampling subslice 3/5
    INFO | 2026-08-24 13:29:31 | slittrace.py:get_radec_image:536 | Generating an RA/DEC image with slice_offset=0.000
    INFO | 2026-08-24 13:29:31 | datacube.py:subpixellate:1807 | Resampling subslice 4/5
    INFO | 2026-08-24 13:29:31 | slittrace.py:get_radec_image:536 | Generating an RA/DEC image with slice_offset=0.200
    INFO | 2026-08-24 13:29:32 | datacube.py:subpixellate:1807 | Resampling subslice 5/5
    INFO | 2026-08-24 13:29:32 | slittrace.py:get_radec_image:536 | Generating an RA/DEC image with slice_offset=0.400
    INFO | 2026-08-24 13:29:33 | datacube.py:subpixellate:1770 | Resampling slit 11/24
    INFO | 2026-08-24 13:29:34 | datacube.py:subpixellate:1807 | Resampling subslice 1/5
    INFO | 2026-08-24 13:29:34 | slittrace.py:get_radec_image:536 | Generating an RA/DEC image with slice_offset=-0.400
    INFO | 2026-08-24 13:29:34 | datacube.py:subpixellate:1807 | Resampling subslice 2/5
    INFO | 2026-08-24 13:29:34 | slittrace.py:get_radec_image:536 | Generating an RA/DEC image with slice_offset=-0.200
    INFO | 2026-08-24 13:29:35 | datacube.py:subpixellate:1807 | Resampling subslice 3/5
    INFO | 2026-08-24 13:29:35 | slittrace.py:get_radec_image:536 | Generating an RA/DEC image with slice_offset=0.000
    INFO | 2026-08-24 13:29:36 | datacube.py:subpixellate:1807 | Resampling subslice 4/5
    INFO | 2026-08-24 13:29:36 | slittrace.py:get_radec_image:536 | Generating an RA/DEC image with slice_offset=0.200
    INFO | 2026-08-24 13:29:36 | datacube.py:subpixellate:1807 | Resampling subslice 5/5
    INFO | 2026-08-24 13:29:36 | slittrace.py:get_radec_image:536 | Generating an RA/DEC image with slice_offset=0.400
    INFO | 2026-08-24 13:29:37 | datacube.py:subpixellate:1770 | Resampling slit 12/24
    INFO | 2026-08-24 13:29:38 | datacube.py:subpixellate:1807 | Resampling subslice 1/5
    INFO | 2026-08-24 13:29:38 | slittrace.py:get_radec_image:536 | Generating an RA/DEC image with slice_offset=-0.400
    INFO | 2026-08-24 13:29:39 | datacube.py:subpixellate:1807 | Resampling subslice 2/5
    INFO | 2026-08-24 13:29:39 | slittrace.py:get_radec_image:536 | Generating an RA/DEC image with slice_offset=-0.200
    INFO | 2026-08-24 13:29:39 | datacube.py:subpixellate:1807 | Resampling subslice 3/5
    INFO | 2026-08-24 13:29:39 | slittrace.py:get_radec_image:536 | Generating an RA/DEC image with slice_offset=0.000
    INFO | 2026-08-24 13:29:40 | datacube.py:subpixellate:1807 | Resampling subslice 4/5
    INFO | 2026-08-24 13:29:40 | slittrace.py:get_radec_image:536 | Generating an RA/DEC image with slice_offset=0.200
    INFO | 2026-08-24 13:29:41 | datacube.py:subpixellate:1807 | Resampling subslice 5/5
    INFO | 2026-08-24 13:29:41 | slittrace.py:get_radec_image:536 | Generating an RA/DEC image with slice_offset=0.400
    INFO | 2026-08-24 13:29:42 | datacube.py:subpixellate:1770 | Resampling slit 13/24
    INFO | 2026-08-24 13:29:42 | datacube.py:subpixellate:1807 | Resampling subslice 1/5
    INFO | 2026-08-24 13:29:42 | slittrace.py:get_radec_image:536 | Generating an RA/DEC image with slice_offset=-0.400
    INFO | 2026-08-24 13:29:43 | datacube.py:subpixellate:1807 | Resampling subslice 2/5
    INFO | 2026-08-24 13:29:43 | slittrace.py:get_radec_image:536 | Generating an RA/DEC image with slice_offset=-0.200
    INFO | 2026-08-24 13:29:44 | datacube.py:subpixellate:1807 | Resampling subslice 3/5
    INFO | 2026-08-24 13:29:44 | slittrace.py:get_radec_image:536 | Generating an RA/DEC image with slice_offset=0.000
    INFO | 2026-08-24 13:29:44 | datacube.py:subpixellate:1807 | Resampling subslice 4/5
    INFO | 2026-08-24 13:29:44 | slittrace.py:get_radec_image:536 | Generating an RA/DEC image with slice_offset=0.200
    INFO | 2026-08-24 13:29:45 | datacube.py:subpixellate:1807 | Resampling subslice 5/5
    INFO | 2026-08-24 13:29:45 | slittrace.py:get_radec_image:536 | Generating an RA/DEC image with slice_offset=0.400
    INFO | 2026-08-24 13:29:46 | datacube.py:subpixellate:1770 | Resampling slit 14/24
    INFO | 2026-08-24 13:29:46 | datacube.py:subpixellate:1807 | Resampling subslice 1/5
    INFO | 2026-08-24 13:29:46 | slittrace.py:get_radec_image:536 | Generating an RA/DEC image with slice_offset=-0.400
    INFO | 2026-08-24 13:29:47 | datacube.py:subpixellate:1807 | Resampling subslice 2/5
    INFO | 2026-08-24 13:29:47 | slittrace.py:get_radec_image:536 | Generating an RA/DEC image with slice_offset=-0.200
    INFO | 2026-08-24 13:29:48 | datacube.py:subpixellate:1807 | Resampling subslice 3/5
    INFO | 2026-08-24 13:29:48 | slittrace.py:get_radec_image:536 | Generating an RA/DEC image with slice_offset=0.000
    INFO | 2026-08-24 13:29:49 | datacube.py:subpixellate:1807 | Resampling subslice 4/5
    INFO | 2026-08-24 13:29:49 | slittrace.py:get_radec_image:536 | Generating an RA/DEC image with slice_offset=0.200
    INFO | 2026-08-24 13:29:49 | datacube.py:subpixellate:1807 | Resampling subslice 5/5
    INFO | 2026-08-24 13:29:49 | slittrace.py:get_radec_image:536 | Generating an RA/DEC image with slice_offset=0.400
    INFO | 2026-08-24 13:29:50 | datacube.py:subpixellate:1770 | Resampling slit 15/24
    INFO | 2026-08-24 13:29:51 | datacube.py:subpixellate:1807 | Resampling subslice 1/5
    INFO | 2026-08-24 13:29:51 | slittrace.py:get_radec_image:536 | Generating an RA/DEC image with slice_offset=-0.400
    INFO | 2026-08-24 13:29:51 | datacube.py:subpixellate:1807 | Resampling subslice 2/5
    INFO | 2026-08-24 13:29:51 | slittrace.py:get_radec_image:536 | Generating an RA/DEC image with slice_offset=-0.200
    INFO | 2026-08-24 13:29:52 | datacube.py:subpixellate:1807 | Resampling subslice 3/5
    INFO | 2026-08-24 13:29:52 | slittrace.py:get_radec_image:536 | Generating an RA/DEC image with slice_offset=0.000
    INFO | 2026-08-24 13:29:53 | datacube.py:subpixellate:1807 | Resampling subslice 4/5
    INFO | 2026-08-24 13:29:53 | slittrace.py:get_radec_image:536 | Generating an RA/DEC image with slice_offset=0.200
    INFO | 2026-08-24 13:29:54 | datacube.py:subpixellate:1807 | Resampling subslice 5/5
    INFO | 2026-08-24 13:29:54 | slittrace.py:get_radec_image:536 | Generating an RA/DEC image with slice_offset=0.400
    INFO | 2026-08-24 13:29:55 | datacube.py:subpixellate:1770 | Resampling slit 16/24
    INFO | 2026-08-24 13:29:55 | datacube.py:subpixellate:1807 | Resampling subslice 1/5
    INFO | 2026-08-24 13:29:55 | slittrace.py:get_radec_image:536 | Generating an RA/DEC image with slice_offset=-0.400
    INFO | 2026-08-24 13:29:56 | datacube.py:subpixellate:1807 | Resampling subslice 2/5
    INFO | 2026-08-24 13:29:56 | slittrace.py:get_radec_image:536 | Generating an RA/DEC image with slice_offset=-0.200
    INFO | 2026-08-24 13:29:56 | datacube.py:subpixellate:1807 | Resampling subslice 3/5
    INFO | 2026-08-24 13:29:56 | slittrace.py:get_radec_image:536 | Generating an RA/DEC image with slice_offset=0.000
    INFO | 2026-08-24 13:29:57 | datacube.py:subpixellate:1807 | Resampling subslice 4/5
    INFO | 2026-08-24 13:29:57 | slittrace.py:get_radec_image:536 | Generating an RA/DEC image with slice_offset=0.200
    INFO | 2026-08-24 13:29:58 | datacube.py:subpixellate:1807 | Resampling subslice 5/5
    INFO | 2026-08-24 13:29:58 | slittrace.py:get_radec_image:536 | Generating an RA/DEC image with slice_offset=0.400
    INFO | 2026-08-24 13:29:59 | datacube.py:subpixellate:1770 | Resampling slit 17/24
    INFO | 2026-08-24 13:29:59 | datacube.py:subpixellate:1807 | Resampling subslice 1/5
    INFO | 2026-08-24 13:29:59 | slittrace.py:get_radec_image:536 | Generating an RA/DEC image with slice_offset=-0.400
    INFO | 2026-08-24 13:30:00 | datacube.py:subpixellate:1807 | Resampling subslice 2/5
    INFO | 2026-08-24 13:30:00 | slittrace.py:get_radec_image:536 | Generating an RA/DEC image with slice_offset=-0.200
    INFO | 2026-08-24 13:30:01 | datacube.py:subpixellate:1807 | Resampling subslice 3/5
    INFO | 2026-08-24 13:30:01 | slittrace.py:get_radec_image:536 | Generating an RA/DEC image with slice_offset=0.000
    INFO | 2026-08-24 13:30:02 | datacube.py:subpixellate:1807 | Resampling subslice 4/5
    INFO | 2026-08-24 13:30:02 | slittrace.py:get_radec_image:536 | Generating an RA/DEC image with slice_offset=0.200
    INFO | 2026-08-24 13:30:02 | datacube.py:subpixellate:1807 | Resampling subslice 5/5
    INFO | 2026-08-24 13:30:02 | slittrace.py:get_radec_image:536 | Generating an RA/DEC image with slice_offset=0.400
    INFO | 2026-08-24 13:30:03 | datacube.py:subpixellate:1770 | Resampling slit 18/24
    INFO | 2026-08-24 13:30:04 | datacube.py:subpixellate:1807 | Resampling subslice 1/5
    INFO | 2026-08-24 13:30:04 | slittrace.py:get_radec_image:536 | Generating an RA/DEC image with slice_offset=-0.400
    INFO | 2026-08-24 13:30:04 | datacube.py:subpixellate:1807 | Resampling subslice 2/5
    INFO | 2026-08-24 13:30:04 | slittrace.py:get_radec_image:536 | Generating an RA/DEC image with slice_offset=-0.200
    INFO | 2026-08-24 13:30:05 | datacube.py:subpixellate:1807 | Resampling subslice 3/5
    INFO | 2026-08-24 13:30:05 | slittrace.py:get_radec_image:536 | Generating an RA/DEC image with slice_offset=0.000
    INFO | 2026-08-24 13:30:06 | datacube.py:subpixellate:1807 | Resampling subslice 4/5
    INFO | 2026-08-24 13:30:06 | slittrace.py:get_radec_image:536 | Generating an RA/DEC image with slice_offset=0.200
    INFO | 2026-08-24 13:30:07 | datacube.py:subpixellate:1807 | Resampling subslice 5/5
    INFO | 2026-08-24 13:30:07 | slittrace.py:get_radec_image:536 | Generating an RA/DEC image with slice_offset=0.400
    INFO | 2026-08-24 13:30:08 | datacube.py:subpixellate:1770 | Resampling slit 19/24
    INFO | 2026-08-24 13:30:08 | datacube.py:subpixellate:1807 | Resampling subslice 1/5
    INFO | 2026-08-24 13:30:08 | slittrace.py:get_radec_image:536 | Generating an RA/DEC image with slice_offset=-0.400
    INFO | 2026-08-24 13:30:09 | datacube.py:subpixellate:1807 | Resampling subslice 2/5
    INFO | 2026-08-24 13:30:09 | slittrace.py:get_radec_image:536 | Generating an RA/DEC image with slice_offset=-0.200
    INFO | 2026-08-24 13:30:10 | datacube.py:subpixellate:1807 | Resampling subslice 3/5
    INFO | 2026-08-24 13:30:10 | slittrace.py:get_radec_image:536 | Generating an RA/DEC image with slice_offset=0.000
    INFO | 2026-08-24 13:30:10 | datacube.py:subpixellate:1807 | Resampling subslice 4/5
    INFO | 2026-08-24 13:30:10 | slittrace.py:get_radec_image:536 | Generating an RA/DEC image with slice_offset=0.200
    INFO | 2026-08-24 13:30:11 | datacube.py:subpixellate:1807 | Resampling subslice 5/5
    INFO | 2026-08-24 13:30:11 | slittrace.py:get_radec_image:536 | Generating an RA/DEC image with slice_offset=0.400
    INFO | 2026-08-24 13:30:12 | datacube.py:subpixellate:1770 | Resampling slit 20/24
    INFO | 2026-08-24 13:30:13 | datacube.py:subpixellate:1807 | Resampling subslice 1/5
    INFO | 2026-08-24 13:30:13 | slittrace.py:get_radec_image:536 | Generating an RA/DEC image with slice_offset=-0.400
    INFO | 2026-08-24 13:30:13 | datacube.py:subpixellate:1807 | Resampling subslice 2/5
    INFO | 2026-08-24 13:30:13 | slittrace.py:get_radec_image:536 | Generating an RA/DEC image with slice_offset=-0.200
    INFO | 2026-08-24 13:30:14 | datacube.py:subpixellate:1807 | Resampling subslice 3/5
    INFO | 2026-08-24 13:30:14 | slittrace.py:get_radec_image:536 | Generating an RA/DEC image with slice_offset=0.000
    INFO | 2026-08-24 13:30:15 | datacube.py:subpixellate:1807 | Resampling subslice 4/5
    INFO | 2026-08-24 13:30:15 | slittrace.py:get_radec_image:536 | Generating an RA/DEC image with slice_offset=0.200
    INFO | 2026-08-24 13:30:16 | datacube.py:subpixellate:1807 | Resampling subslice 5/5
    INFO | 2026-08-24 13:30:16 | slittrace.py:get_radec_image:536 | Generating an RA/DEC image with slice_offset=0.400
    INFO | 2026-08-24 13:30:17 | datacube.py:subpixellate:1770 | Resampling slit 21/24
    INFO | 2026-08-24 13:30:17 | datacube.py:subpixellate:1807 | Resampling subslice 1/5
    INFO | 2026-08-24 13:30:17 | slittrace.py:get_radec_image:536 | Generating an RA/DEC image with slice_offset=-0.400
    INFO | 2026-08-24 13:30:18 | datacube.py:subpixellate:1807 | Resampling subslice 2/5
    INFO | 2026-08-24 13:30:18 | slittrace.py:get_radec_image:536 | Generating an RA/DEC image with slice_offset=-0.200
    INFO | 2026-08-24 13:30:18 | datacube.py:subpixellate:1807 | Resampling subslice 3/5
    INFO | 2026-08-24 13:30:18 | slittrace.py:get_radec_image:536 | Generating an RA/DEC image with slice_offset=0.000
    INFO | 2026-08-24 13:30:19 | datacube.py:subpixellate:1807 | Resampling subslice 4/5
    INFO | 2026-08-24 13:30:19 | slittrace.py:get_radec_image:536 | Generating an RA/DEC image with slice_offset=0.200
    INFO | 2026-08-24 13:30:20 | datacube.py:subpixellate:1807 | Resampling subslice 5/5
    INFO | 2026-08-24 13:30:20 | slittrace.py:get_radec_image:536 | Generating an RA/DEC image with slice_offset=0.400
    INFO | 2026-08-24 13:30:21 | datacube.py:subpixellate:1770 | Resampling slit 22/24
    INFO | 2026-08-24 13:30:21 | datacube.py:subpixellate:1807 | Resampling subslice 1/5
    INFO | 2026-08-24 13:30:21 | slittrace.py:get_radec_image:536 | Generating an RA/DEC image with slice_offset=-0.400
    INFO | 2026-08-24 13:30:22 | datacube.py:subpixellate:1807 | Resampling subslice 2/5
    INFO | 2026-08-24 13:30:22 | slittrace.py:get_radec_image:536 | Generating an RA/DEC image with slice_offset=-0.200
    INFO | 2026-08-24 13:30:23 | datacube.py:subpixellate:1807 | Resampling subslice 3/5
    INFO | 2026-08-24 13:30:23 | slittrace.py:get_radec_image:536 | Generating an RA/DEC image with slice_offset=0.000
    INFO | 2026-08-24 13:30:24 | datacube.py:subpixellate:1807 | Resampling subslice 4/5
    INFO | 2026-08-24 13:30:24 | slittrace.py:get_radec_image:536 | Generating an RA/DEC image with slice_offset=0.200
    INFO | 2026-08-24 13:30:24 | datacube.py:subpixellate:1807 | Resampling subslice 5/5
    INFO | 2026-08-24 13:30:24 | slittrace.py:get_radec_image:536 | Generating an RA/DEC image with slice_offset=0.400
    INFO | 2026-08-24 13:30:25 | datacube.py:subpixellate:1770 | Resampling slit 23/24
    INFO | 2026-08-24 13:30:26 | datacube.py:subpixellate:1807 | Resampling subslice 1/5
    INFO | 2026-08-24 13:30:26 | slittrace.py:get_radec_image:536 | Generating an RA/DEC image with slice_offset=-0.400
    INFO | 2026-08-24 13:30:27 | datacube.py:subpixellate:1807 | Resampling subslice 2/5
    INFO | 2026-08-24 13:30:27 | slittrace.py:get_radec_image:536 | Generating an RA/DEC image with slice_offset=-0.200
    INFO | 2026-08-24 13:30:27 | datacube.py:subpixellate:1807 | Resampling subslice 3/5
    INFO | 2026-08-24 13:30:27 | slittrace.py:get_radec_image:536 | Generating an RA/DEC image with slice_offset=0.000
    INFO | 2026-08-24 13:30:28 | datacube.py:subpixellate:1807 | Resampling subslice 4/5
    INFO | 2026-08-24 13:30:28 | slittrace.py:get_radec_image:536 | Generating an RA/DEC image with slice_offset=0.200
    INFO | 2026-08-24 13:30:29 | datacube.py:subpixellate:1807 | Resampling subslice 5/5
    INFO | 2026-08-24 13:30:29 | slittrace.py:get_radec_image:536 | Generating an RA/DEC image with slice_offset=0.400
    INFO | 2026-08-24 13:30:30 | datacube.py:subpixellate:1770 | Resampling slit 24/24
    INFO | 2026-08-24 13:30:30 | datacube.py:subpixellate:1807 | Resampling subslice 1/5
    INFO | 2026-08-24 13:30:30 | slittrace.py:get_radec_image:536 | Generating an RA/DEC image with slice_offset=-0.400
    INFO | 2026-08-24 13:30:31 | datacube.py:subpixellate:1807 | Resampling subslice 2/5
    INFO | 2026-08-24 13:30:31 | slittrace.py:get_radec_image:536 | Generating an RA/DEC image with slice_offset=-0.200
    INFO | 2026-08-24 13:30:32 | datacube.py:subpixellate:1807 | Resampling subslice 3/5
    INFO | 2026-08-24 13:30:32 | slittrace.py:get_radec_image:536 | Generating an RA/DEC image with slice_offset=0.000
    INFO | 2026-08-24 13:30:32 | datacube.py:subpixellate:1807 | Resampling subslice 4/5
    INFO | 2026-08-24 13:30:32 | slittrace.py:get_radec_image:536 | Generating an RA/DEC image with slice_offset=0.200
    INFO | 2026-08-24 13:30:33 | datacube.py:subpixellate:1807 | Resampling subslice 5/5
    INFO | 2026-08-24 13:30:33 | slittrace.py:get_radec_image:536 | Generating an RA/DEC image with slice_offset=0.400
    INFO | 2026-08-24 13:30:34 | coadd3d.py:run_align:1340 | Calculating spatial translation of each cube relative to cube #1)
 WARNING | 2026-08-24 13:30:34 | flexure.py:calculate_image_phase:1428 | scikit-image is not installed. Adopting a basic image cross-correlation
    INFO | 2026-08-24 13:30:35 | coadd3d.py:run_align:1351 | Spatial shift of cube #1:
RA, DEC (arcsec) = +0.000 E, -0.000 N
 WARNING | 2026-08-24 13:30:35 | flexure.py:calculate_image_phase:1428 | scikit-image is not installed. Adopting a basic image cross-correlation
    INFO | 2026-08-24 13:30:36 | coadd3d.py:run_align:1351 | Spatial shift of cube #2:
RA, DEC (arcsec) = +0.125 E, -0.018 N
 WARNING | 2026-08-24 13:30:36 | flexure.py:calculate_image_phase:1428 | scikit-image is not installed. Adopting a basic image cross-correlation
    INFO | 2026-08-24 13:30:37 | coadd3d.py:run_align:1351 | Spatial shift of cube #3:
RA, DEC (arcsec) = +0.145 E, -0.032 N
 WARNING | 2026-08-24 13:30:37 | flexure.py:calculate_image_phase:1428 | scikit-image is not installed. Adopting a basic image cross-correlation
    INFO | 2026-08-24 13:30:38 | coadd3d.py:run_align:1351 | Spatial shift of cube #4:
RA, DEC (arcsec) = +0.051 E, -0.208 N
 WARNING | 2026-08-24 13:30:38 | flexure.py:calculate_image_phase:1428 | scikit-image is not installed. Adopting a basic image cross-correlation
    INFO | 2026-08-24 13:30:38 | coadd3d.py:run_align:1351 | Spatial shift of cube #5:
RA, DEC (arcsec) = +0.323 E, -0.172 N
 WARNING | 2026-08-24 13:30:38 | flexure.py:calculate_image_phase:1428 | scikit-image is not installed. Adopting a basic image cross-correlation
    INFO | 2026-08-24 13:30:39 | coadd3d.py:run_align:1351 | Spatial shift of cube #6:
RA, DEC (arcsec) = +0.007 E, -0.214 N
    INFO | 2026-08-24 13:30:39 | datacube.py:get_whitelight_range:606 | The white light images will cover the wavelength range: 6745.34A - 7442.51A
    INFO | 2026-08-24 13:30:40 | datacube.py:generate_WCS:1049 | Generating WCS
    INFO | 2026-08-24 13:30:40 | datacube.py:create_wcs:1008 | 
----------------------------------------
Parameters of the WCS:
RA   min = 349.99045926267877
DEC  min = -5.170298764630013
WAVE min, max = 6745.343104918172, 7442.511094656603
Spaxel size = 1.3578480000000002 arcsec
Wavelength step = 697.1679897384311 A
----------------------------------------
    INFO | 2026-08-24 13:30:40 | datacube.py:subpixellate:1772 | Resampling slit 1/24 of frame 1/6
    INFO | 2026-08-24 13:30:40 | slittrace.py:get_radec_image:536 | Generating an RA/DEC image with slice_offset=0.000
    INFO | 2026-08-24 13:30:40 | datacube.py:subpixellate:1772 | Resampling slit 2/24 of frame 1/6
    INFO | 2026-08-24 13:30:40 | slittrace.py:get_radec_image:536 | Generating an RA/DEC image with slice_offset=0.000
    INFO | 2026-08-24 13:30:40 | datacube.py:subpixellate:1772 | Resampling slit 3/24 of frame 1/6
    INFO | 2026-08-24 13:30:40 | slittrace.py:get_radec_image:536 | Generating an RA/DEC image with slice_offset=0.000
    INFO | 2026-08-24 13:30:40 | datacube.py:subpixellate:1772 | Resampling slit 4/24 of frame 1/6
    INFO | 2026-08-24 13:30:41 | slittrace.py:get_radec_image:536 | Generating an RA/DEC image with slice_offset=0.000
    INFO | 2026-08-24 13:30:41 | datacube.py:subpixellate:1772 | Resampling slit 5/24 of frame 1/6
    INFO | 2026-08-24 13:30:41 | slittrace.py:get_radec_image:536 | Generating an RA/DEC image with slice_offset=0.000
    INFO | 2026-08-24 13:30:41 | datacube.py:subpixellate:1772 | Resampling slit 6/24 of frame 1/6
    INFO | 2026-08-24 13:30:41 | slittrace.py:get_radec_image:536 | Generating an RA/DEC image with slice_offset=0.000
    INFO | 2026-08-24 13:30:41 | datacube.py:subpixellate:1772 | Resampling slit 7/24 of frame 1/6
    INFO | 2026-08-24 13:30:41 | slittrace.py:get_radec_image:536 | Generating an RA/DEC image with slice_offset=0.000
    INFO | 2026-08-24 13:30:42 | datacube.py:subpixellate:1772 | Resampling slit 8/24 of frame 1/6
    INFO | 2026-08-24 13:30:42 | slittrace.py:get_radec_image:536 | Generating an RA/DEC image with slice_offset=0.000
    INFO | 2026-08-24 13:30:42 | datacube.py:subpixellate:1772 | Resampling slit 9/24 of frame 1/6
    INFO | 2026-08-24 13:30:42 | slittrace.py:get_radec_image:536 | Generating an RA/DEC image with slice_offset=0.000
    INFO | 2026-08-24 13:30:42 | datacube.py:subpixellate:1772 | Resampling slit 10/24 of frame 1/6
    INFO | 2026-08-24 13:30:42 | slittrace.py:get_radec_image:536 | Generating an RA/DEC image with slice_offset=0.000
    INFO | 2026-08-24 13:30:42 | datacube.py:subpixellate:1772 | Resampling slit 11/24 of frame 1/6
    INFO | 2026-08-24 13:30:42 | slittrace.py:get_radec_image:536 | Generating an RA/DEC image with slice_offset=0.000
    INFO | 2026-08-24 13:30:43 | datacube.py:subpixellate:1772 | Resampling slit 12/24 of frame 1/6
    INFO | 2026-08-24 13:30:43 | slittrace.py:get_radec_image:536 | Generating an RA/DEC image with slice_offset=0.000
    INFO | 2026-08-24 13:30:43 | datacube.py:subpixellate:1772 | Resampling slit 13/24 of frame 1/6
    INFO | 2026-08-24 13:30:43 | slittrace.py:get_radec_image:536 | Generating an RA/DEC image with slice_offset=0.000
    INFO | 2026-08-24 13:30:43 | datacube.py:subpixellate:1772 | Resampling slit 14/24 of frame 1/6
    INFO | 2026-08-24 13:30:43 | slittrace.py:get_radec_image:536 | Generating an RA/DEC image with slice_offset=0.000
    INFO | 2026-08-24 13:30:44 | datacube.py:subpixellate:1772 | Resampling slit 15/24 of frame 1/6
    INFO | 2026-08-24 13:30:44 | slittrace.py:get_radec_image:536 | Generating an RA/DEC image with slice_offset=0.000
    INFO | 2026-08-24 13:30:44 | datacube.py:subpixellate:1772 | Resampling slit 16/24 of frame 1/6
    INFO | 2026-08-24 13:30:44 | slittrace.py:get_radec_image:536 | Generating an RA/DEC image with slice_offset=0.000
    INFO | 2026-08-24 13:30:44 | datacube.py:subpixellate:1772 | Resampling slit 17/24 of frame 1/6
    INFO | 2026-08-24 13:30:44 | slittrace.py:get_radec_image:536 | Generating an RA/DEC image with slice_offset=0.000
    INFO | 2026-08-24 13:30:45 | datacube.py:subpixellate:1772 | Resampling slit 18/24 of frame 1/6
    INFO | 2026-08-24 13:30:45 | slittrace.py:get_radec_image:536 | Generating an RA/DEC image with slice_offset=0.000
    INFO | 2026-08-24 13:30:45 | datacube.py:subpixellate:1772 | Resampling slit 19/24 of frame 1/6
    INFO | 2026-08-24 13:30:45 | slittrace.py:get_radec_image:536 | Generating an RA/DEC image with slice_offset=0.000
    INFO | 2026-08-24 13:30:45 | datacube.py:subpixellate:1772 | Resampling slit 20/24 of frame 1/6
    INFO | 2026-08-24 13:30:45 | slittrace.py:get_radec_image:536 | Generating an RA/DEC image with slice_offset=0.000
    INFO | 2026-08-24 13:30:45 | datacube.py:subpixellate:1772 | Resampling slit 21/24 of frame 1/6
    INFO | 2026-08-24 13:30:45 | slittrace.py:get_radec_image:536 | Generating an RA/DEC image with slice_offset=0.000
    INFO | 2026-08-24 13:30:46 | datacube.py:subpixellate:1772 | Resampling slit 22/24 of frame 1/6
    INFO | 2026-08-24 13:30:46 | slittrace.py:get_radec_image:536 | Generating an RA/DEC image with slice_offset=0.000
    INFO | 2026-08-24 13:30:46 | datacube.py:subpixellate:1772 | Resampling slit 23/24 of frame 1/6
    INFO | 2026-08-24 13:30:46 | slittrace.py:get_radec_image:536 | Generating an RA/DEC image with slice_offset=0.000
    INFO | 2026-08-24 13:30:46 | datacube.py:subpixellate:1772 | Resampling slit 24/24 of frame 1/6
    INFO | 2026-08-24 13:30:46 | slittrace.py:get_radec_image:536 | Generating an RA/DEC image with slice_offset=0.000
    INFO | 2026-08-24 13:30:47 | datacube.py:subpixellate:1772 | Resampling slit 1/24 of frame 2/6
    INFO | 2026-08-24 13:30:47 | slittrace.py:get_radec_image:536 | Generating an RA/DEC image with slice_offset=0.000
    INFO | 2026-08-24 13:30:47 | datacube.py:subpixellate:1772 | Resampling slit 2/24 of frame 2/6
    INFO | 2026-08-24 13:30:47 | slittrace.py:get_radec_image:536 | Generating an RA/DEC image with slice_offset=0.000
    INFO | 2026-08-24 13:30:47 | datacube.py:subpixellate:1772 | Resampling slit 3/24 of frame 2/6
    INFO | 2026-08-24 13:30:47 | slittrace.py:get_radec_image:536 | Generating an RA/DEC image with slice_offset=0.000
    INFO | 2026-08-24 13:30:47 | datacube.py:subpixellate:1772 | Resampling slit 4/24 of frame 2/6
    INFO | 2026-08-24 13:30:47 | slittrace.py:get_radec_image:536 | Generating an RA/DEC image with slice_offset=0.000
    INFO | 2026-08-24 13:30:48 | datacube.py:subpixellate:1772 | Resampling slit 5/24 of frame 2/6
    INFO | 2026-08-24 13:30:48 | slittrace.py:get_radec_image:536 | Generating an RA/DEC image with slice_offset=0.000
    INFO | 2026-08-24 13:30:48 | datacube.py:subpixellate:1772 | Resampling slit 6/24 of frame 2/6
    INFO | 2026-08-24 13:30:48 | slittrace.py:get_radec_image:536 | Generating an RA/DEC image with slice_offset=0.000
    INFO | 2026-08-24 13:30:48 | datacube.py:subpixellate:1772 | Resampling slit 7/24 of frame 2/6
    INFO | 2026-08-24 13:30:48 | slittrace.py:get_radec_image:536 | Generating an RA/DEC image with slice_offset=0.000
    INFO | 2026-08-24 13:30:49 | datacube.py:subpixellate:1772 | Resampling slit 8/24 of frame 2/6
    INFO | 2026-08-24 13:30:49 | slittrace.py:get_radec_image:536 | Generating an RA/DEC image with slice_offset=0.000
    INFO | 2026-08-24 13:30:49 | datacube.py:subpixellate:1772 | Resampling slit 9/24 of frame 2/6
    INFO | 2026-08-24 13:30:49 | slittrace.py:get_radec_image:536 | Generating an RA/DEC image with slice_offset=0.000
    INFO | 2026-08-24 13:30:49 | datacube.py:subpixellate:1772 | Resampling slit 10/24 of frame 2/6
    INFO | 2026-08-24 13:30:49 | slittrace.py:get_radec_image:536 | Generating an RA/DEC image with slice_offset=0.000
    INFO | 2026-08-24 13:30:49 | datacube.py:subpixellate:1772 | Resampling slit 11/24 of frame 2/6
    INFO | 2026-08-24 13:30:49 | slittrace.py:get_radec_image:536 | Generating an RA/DEC image with slice_offset=0.000
    INFO | 2026-08-24 13:30:50 | datacube.py:subpixellate:1772 | Resampling slit 12/24 of frame 2/6
    INFO | 2026-08-24 13:30:50 | slittrace.py:get_radec_image:536 | Generating an RA/DEC image with slice_offset=0.000
    INFO | 2026-08-24 13:30:50 | datacube.py:subpixellate:1772 | Resampling slit 13/24 of frame 2/6
    INFO | 2026-08-24 13:30:50 | slittrace.py:get_radec_image:536 | Generating an RA/DEC image with slice_offset=0.000
    INFO | 2026-08-24 13:30:50 | datacube.py:subpixellate:1772 | Resampling slit 14/24 of frame 2/6
    INFO | 2026-08-24 13:30:50 | slittrace.py:get_radec_image:536 | Generating an RA/DEC image with slice_offset=0.000
    INFO | 2026-08-24 13:30:50 | datacube.py:subpixellate:1772 | Resampling slit 15/24 of frame 2/6
    INFO | 2026-08-24 13:30:50 | slittrace.py:get_radec_image:536 | Generating an RA/DEC image with slice_offset=0.000
    INFO | 2026-08-24 13:30:51 | datacube.py:subpixellate:1772 | Resampling slit 16/24 of frame 2/6
    INFO | 2026-08-24 13:30:51 | slittrace.py:get_radec_image:536 | Generating an RA/DEC image with slice_offset=0.000
    INFO | 2026-08-24 13:30:51 | datacube.py:subpixellate:1772 | Resampling slit 17/24 of frame 2/6
    INFO | 2026-08-24 13:30:51 | slittrace.py:get_radec_image:536 | Generating an RA/DEC image with slice_offset=0.000
    INFO | 2026-08-24 13:30:51 | datacube.py:subpixellate:1772 | Resampling slit 18/24 of frame 2/6
    INFO | 2026-08-24 13:30:51 | slittrace.py:get_radec_image:536 | Generating an RA/DEC image with slice_offset=0.000
    INFO | 2026-08-24 13:30:52 | datacube.py:subpixellate:1772 | Resampling slit 19/24 of frame 2/6
    INFO | 2026-08-24 13:30:52 | slittrace.py:get_radec_image:536 | Generating an RA/DEC image with slice_offset=0.000
    INFO | 2026-08-24 13:30:52 | datacube.py:subpixellate:1772 | Resampling slit 20/24 of frame 2/6
    INFO | 2026-08-24 13:30:52 | slittrace.py:get_radec_image:536 | Generating an RA/DEC image with slice_offset=0.000
    INFO | 2026-08-24 13:30:52 | datacube.py:subpixellate:1772 | Resampling slit 21/24 of frame 2/6
    INFO | 2026-08-24 13:30:52 | slittrace.py:get_radec_image:536 | Generating an RA/DEC image with slice_offset=0.000
    INFO | 2026-08-24 13:30:53 | datacube.py:subpixellate:1772 | Resampling slit 22/24 of frame 2/6
    INFO | 2026-08-24 13:30:53 | slittrace.py:get_radec_image:536 | Generating an RA/DEC image with slice_offset=0.000
    INFO | 2026-08-24 13:30:53 | datacube.py:subpixellate:1772 | Resampling slit 23/24 of frame 2/6
    INFO | 2026-08-24 13:30:53 | slittrace.py:get_radec_image:536 | Generating an RA/DEC image with slice_offset=0.000
    INFO | 2026-08-24 13:30:53 | datacube.py:subpixellate:1772 | Resampling slit 24/24 of frame 2/6
    INFO | 2026-08-24 13:30:53 | slittrace.py:get_radec_image:536 | Generating an RA/DEC image with slice_offset=0.000
    INFO | 2026-08-24 13:30:53 | datacube.py:subpixellate:1772 | Resampling slit 1/24 of frame 3/6
    INFO | 2026-08-24 13:30:54 | slittrace.py:get_radec_image:536 | Generating an RA/DEC image with slice_offset=0.000
    INFO | 2026-08-24 13:30:54 | datacube.py:subpixellate:1772 | Resampling slit 2/24 of frame 3/6
    INFO | 2026-08-24 13:30:54 | slittrace.py:get_radec_image:536 | Generating an RA/DEC image with slice_offset=0.000
    INFO | 2026-08-24 13:30:54 | datacube.py:subpixellate:1772 | Resampling slit 3/24 of frame 3/6
    INFO | 2026-08-24 13:30:54 | slittrace.py:get_radec_image:536 | Generating an RA/DEC image with slice_offset=0.000
    INFO | 2026-08-24 13:30:54 | datacube.py:subpixellate:1772 | Resampling slit 4/24 of frame 3/6
    INFO | 2026-08-24 13:30:54 | slittrace.py:get_radec_image:536 | Generating an RA/DEC image with slice_offset=0.000
    INFO | 2026-08-24 13:30:55 | datacube.py:subpixellate:1772 | Resampling slit 5/24 of frame 3/6
    INFO | 2026-08-24 13:30:55 | slittrace.py:get_radec_image:536 | Generating an RA/DEC image with slice_offset=0.000
    INFO | 2026-08-24 13:30:55 | datacube.py:subpixellate:1772 | Resampling slit 6/24 of frame 3/6
    INFO | 2026-08-24 13:30:55 | slittrace.py:get_radec_image:536 | Generating an RA/DEC image with slice_offset=0.000
    INFO | 2026-08-24 13:30:55 | datacube.py:subpixellate:1772 | Resampling slit 7/24 of frame 3/6
    INFO | 2026-08-24 13:30:55 | slittrace.py:get_radec_image:536 | Generating an RA/DEC image with slice_offset=0.000
    INFO | 2026-08-24 13:30:56 | datacube.py:subpixellate:1772 | Resampling slit 8/24 of frame 3/6
    INFO | 2026-08-24 13:30:56 | slittrace.py:get_radec_image:536 | Generating an RA/DEC image with slice_offset=0.000
    INFO | 2026-08-24 13:30:56 | datacube.py:subpixellate:1772 | Resampling slit 9/24 of frame 3/6
    INFO | 2026-08-24 13:30:56 | slittrace.py:get_radec_image:536 | Generating an RA/DEC image with slice_offset=0.000
    INFO | 2026-08-24 13:30:56 | datacube.py:subpixellate:1772 | Resampling slit 10/24 of frame 3/6
    INFO | 2026-08-24 13:30:56 | slittrace.py:get_radec_image:536 | Generating an RA/DEC image with slice_offset=0.000
    INFO | 2026-08-24 13:30:56 | datacube.py:subpixellate:1772 | Resampling slit 11/24 of frame 3/6
    INFO | 2026-08-24 13:30:56 | slittrace.py:get_radec_image:536 | Generating an RA/DEC image with slice_offset=0.000
    INFO | 2026-08-24 13:30:57 | datacube.py:subpixellate:1772 | Resampling slit 12/24 of frame 3/6
    INFO | 2026-08-24 13:30:57 | slittrace.py:get_radec_image:536 | Generating an RA/DEC image with slice_offset=0.000
    INFO | 2026-08-24 13:30:57 | datacube.py:subpixellate:1772 | Resampling slit 13/24 of frame 3/6
    INFO | 2026-08-24 13:30:57 | slittrace.py:get_radec_image:536 | Generating an RA/DEC image with slice_offset=0.000
    INFO | 2026-08-24 13:30:57 | datacube.py:subpixellate:1772 | Resampling slit 14/24 of frame 3/6
    INFO | 2026-08-24 13:30:57 | slittrace.py:get_radec_image:536 | Generating an RA/DEC image with slice_offset=0.000
    INFO | 2026-08-24 13:30:58 | datacube.py:subpixellate:1772 | Resampling slit 15/24 of frame 3/6
    INFO | 2026-08-24 13:30:58 | slittrace.py:get_radec_image:536 | Generating an RA/DEC image with slice_offset=0.000
    INFO | 2026-08-24 13:30:58 | datacube.py:subpixellate:1772 | Resampling slit 16/24 of frame 3/6
    INFO | 2026-08-24 13:30:58 | slittrace.py:get_radec_image:536 | Generating an RA/DEC image with slice_offset=0.000
    INFO | 2026-08-24 13:30:58 | datacube.py:subpixellate:1772 | Resampling slit 17/24 of frame 3/6
    INFO | 2026-08-24 13:30:58 | slittrace.py:get_radec_image:536 | Generating an RA/DEC image with slice_offset=0.000
    INFO | 2026-08-24 13:30:58 | datacube.py:subpixellate:1772 | Resampling slit 18/24 of frame 3/6
    INFO | 2026-08-24 13:30:59 | slittrace.py:get_radec_image:536 | Generating an RA/DEC image with slice_offset=0.000
    INFO | 2026-08-24 13:30:59 | datacube.py:subpixellate:1772 | Resampling slit 19/24 of frame 3/6
    INFO | 2026-08-24 13:30:59 | slittrace.py:get_radec_image:536 | Generating an RA/DEC image with slice_offset=0.000
    INFO | 2026-08-24 13:30:59 | datacube.py:subpixellate:1772 | Resampling slit 20/24 of frame 3/6
    INFO | 2026-08-24 13:30:59 | slittrace.py:get_radec_image:536 | Generating an RA/DEC image with slice_offset=0.000
    INFO | 2026-08-24 13:30:59 | datacube.py:subpixellate:1772 | Resampling slit 21/24 of frame 3/6
    INFO | 2026-08-24 13:30:59 | slittrace.py:get_radec_image:536 | Generating an RA/DEC image with slice_offset=0.000
    INFO | 2026-08-24 13:31:00 | datacube.py:subpixellate:1772 | Resampling slit 22/24 of frame 3/6
    INFO | 2026-08-24 13:31:00 | slittrace.py:get_radec_image:536 | Generating an RA/DEC image with slice_offset=0.000
    INFO | 2026-08-24 13:31:00 | datacube.py:subpixellate:1772 | Resampling slit 23/24 of frame 3/6
    INFO | 2026-08-24 13:31:00 | slittrace.py:get_radec_image:536 | Generating an RA/DEC image with slice_offset=0.000
    INFO | 2026-08-24 13:31:00 | datacube.py:subpixellate:1772 | Resampling slit 24/24 of frame 3/6
    INFO | 2026-08-24 13:31:00 | slittrace.py:get_radec_image:536 | Generating an RA/DEC image with slice_offset=0.000
    INFO | 2026-08-24 13:31:00 | datacube.py:subpixellate:1772 | Resampling slit 1/24 of frame 4/6
    INFO | 2026-08-24 13:31:01 | slittrace.py:get_radec_image:536 | Generating an RA/DEC image with slice_offset=0.000
    INFO | 2026-08-24 13:31:01 | datacube.py:subpixellate:1772 | Resampling slit 2/24 of frame 4/6
    INFO | 2026-08-24 13:31:01 | slittrace.py:get_radec_image:536 | Generating an RA/DEC image with slice_offset=0.000
    INFO | 2026-08-24 13:31:01 | datacube.py:subpixellate:1772 | Resampling slit 3/24 of frame 4/6
    INFO | 2026-08-24 13:31:01 | slittrace.py:get_radec_image:536 | Generating an RA/DEC image with slice_offset=0.000
    INFO | 2026-08-24 13:31:01 | datacube.py:subpixellate:1772 | Resampling slit 4/24 of frame 4/6
    INFO | 2026-08-24 13:31:01 | slittrace.py:get_radec_image:536 | Generating an RA/DEC image with slice_offset=0.000
    INFO | 2026-08-24 13:31:02 | datacube.py:subpixellate:1772 | Resampling slit 5/24 of frame 4/6
    INFO | 2026-08-24 13:31:02 | slittrace.py:get_radec_image:536 | Generating an RA/DEC image with slice_offset=0.000
    INFO | 2026-08-24 13:31:02 | datacube.py:subpixellate:1772 | Resampling slit 6/24 of frame 4/6
    INFO | 2026-08-24 13:31:02 | slittrace.py:get_radec_image:536 | Generating an RA/DEC image with slice_offset=0.000
    INFO | 2026-08-24 13:31:02 | datacube.py:subpixellate:1772 | Resampling slit 7/24 of frame 4/6
    INFO | 2026-08-24 13:31:02 | slittrace.py:get_radec_image:536 | Generating an RA/DEC image with slice_offset=0.000
    INFO | 2026-08-24 13:31:02 | datacube.py:subpixellate:1772 | Resampling slit 8/24 of frame 4/6
    INFO | 2026-08-24 13:31:02 | slittrace.py:get_radec_image:536 | Generating an RA/DEC image with slice_offset=0.000
    INFO | 2026-08-24 13:31:03 | datacube.py:subpixellate:1772 | Resampling slit 9/24 of frame 4/6
    INFO | 2026-08-24 13:31:03 | slittrace.py:get_radec_image:536 | Generating an RA/DEC image with slice_offset=0.000
    INFO | 2026-08-24 13:31:03 | datacube.py:subpixellate:1772 | Resampling slit 10/24 of frame 4/6
    INFO | 2026-08-24 13:31:03 | slittrace.py:get_radec_image:536 | Generating an RA/DEC image with slice_offset=0.000
    INFO | 2026-08-24 13:31:03 | datacube.py:subpixellate:1772 | Resampling slit 11/24 of frame 4/6
    INFO | 2026-08-24 13:31:03 | slittrace.py:get_radec_image:536 | Generating an RA/DEC image with slice_offset=0.000
    INFO | 2026-08-24 13:31:04 | datacube.py:subpixellate:1772 | Resampling slit 12/24 of frame 4/6
    INFO | 2026-08-24 13:31:04 | slittrace.py:get_radec_image:536 | Generating an RA/DEC image with slice_offset=0.000
    INFO | 2026-08-24 13:31:04 | datacube.py:subpixellate:1772 | Resampling slit 13/24 of frame 4/6
    INFO | 2026-08-24 13:31:04 | slittrace.py:get_radec_image:536 | Generating an RA/DEC image with slice_offset=0.000
    INFO | 2026-08-24 13:31:04 | datacube.py:subpixellate:1772 | Resampling slit 14/24 of frame 4/6
    INFO | 2026-08-24 13:31:04 | slittrace.py:get_radec_image:536 | Generating an RA/DEC image with slice_offset=0.000
    INFO | 2026-08-24 13:31:05 | datacube.py:subpixellate:1772 | Resampling slit 15/24 of frame 4/6
    INFO | 2026-08-24 13:31:05 | slittrace.py:get_radec_image:536 | Generating an RA/DEC image with slice_offset=0.000
    INFO | 2026-08-24 13:31:05 | datacube.py:subpixellate:1772 | Resampling slit 16/24 of frame 4/6
    INFO | 2026-08-24 13:31:05 | slittrace.py:get_radec_image:536 | Generating an RA/DEC image with slice_offset=0.000
    INFO | 2026-08-24 13:31:05 | datacube.py:subpixellate:1772 | Resampling slit 17/24 of frame 4/6
    INFO | 2026-08-24 13:31:05 | slittrace.py:get_radec_image:536 | Generating an RA/DEC image with slice_offset=0.000
    INFO | 2026-08-24 13:31:05 | datacube.py:subpixellate:1772 | Resampling slit 18/24 of frame 4/6
    INFO | 2026-08-24 13:31:05 | slittrace.py:get_radec_image:536 | Generating an RA/DEC image with slice_offset=0.000
    INFO | 2026-08-24 13:31:06 | datacube.py:subpixellate:1772 | Resampling slit 19/24 of frame 4/6
    INFO | 2026-08-24 13:31:06 | slittrace.py:get_radec_image:536 | Generating an RA/DEC image with slice_offset=0.000
    INFO | 2026-08-24 13:31:06 | datacube.py:subpixellate:1772 | Resampling slit 20/24 of frame 4/6
    INFO | 2026-08-24 13:31:06 | slittrace.py:get_radec_image:536 | Generating an RA/DEC image with slice_offset=0.000
    INFO | 2026-08-24 13:31:06 | datacube.py:subpixellate:1772 | Resampling slit 21/24 of frame 4/6
    INFO | 2026-08-24 13:31:06 | slittrace.py:get_radec_image:536 | Generating an RA/DEC image with slice_offset=0.000
    INFO | 2026-08-24 13:31:07 | datacube.py:subpixellate:1772 | Resampling slit 22/24 of frame 4/6
    INFO | 2026-08-24 13:31:07 | slittrace.py:get_radec_image:536 | Generating an RA/DEC image with slice_offset=0.000
    INFO | 2026-08-24 13:31:07 | datacube.py:subpixellate:1772 | Resampling slit 23/24 of frame 4/6
    INFO | 2026-08-24 13:31:07 | slittrace.py:get_radec_image:536 | Generating an RA/DEC image with slice_offset=0.000
    INFO | 2026-08-24 13:31:07 | datacube.py:subpixellate:1772 | Resampling slit 24/24 of frame 4/6
    INFO | 2026-08-24 13:31:07 | slittrace.py:get_radec_image:536 | Generating an RA/DEC image with slice_offset=0.000
    INFO | 2026-08-24 13:31:08 | datacube.py:subpixellate:1772 | Resampling slit 1/24 of frame 5/6
    INFO | 2026-08-24 13:31:08 | slittrace.py:get_radec_image:536 | Generating an RA/DEC image with slice_offset=0.000
    INFO | 2026-08-24 13:31:08 | datacube.py:subpixellate:1772 | Resampling slit 2/24 of frame 5/6
    INFO | 2026-08-24 13:31:08 | slittrace.py:get_radec_image:536 | Generating an RA/DEC image with slice_offset=0.000
    INFO | 2026-08-24 13:31:08 | datacube.py:subpixellate:1772 | Resampling slit 3/24 of frame 5/6
    INFO | 2026-08-24 13:31:08 | slittrace.py:get_radec_image:536 | Generating an RA/DEC image with slice_offset=0.000
    INFO | 2026-08-24 13:31:08 | datacube.py:subpixellate:1772 | Resampling slit 4/24 of frame 5/6
    INFO | 2026-08-24 13:31:08 | slittrace.py:get_radec_image:536 | Generating an RA/DEC image with slice_offset=0.000
    INFO | 2026-08-24 13:31:09 | datacube.py:subpixellate:1772 | Resampling slit 5/24 of frame 5/6
    INFO | 2026-08-24 13:31:09 | slittrace.py:get_radec_image:536 | Generating an RA/DEC image with slice_offset=0.000
    INFO | 2026-08-24 13:31:09 | datacube.py:subpixellate:1772 | Resampling slit 6/24 of frame 5/6
    INFO | 2026-08-24 13:31:09 | slittrace.py:get_radec_image:536 | Generating an RA/DEC image with slice_offset=0.000
    INFO | 2026-08-24 13:31:09 | datacube.py:subpixellate:1772 | Resampling slit 7/24 of frame 5/6
    INFO | 2026-08-24 13:31:09 | slittrace.py:get_radec_image:536 | Generating an RA/DEC image with slice_offset=0.000
    INFO | 2026-08-24 13:31:10 | datacube.py:subpixellate:1772 | Resampling slit 8/24 of frame 5/6
    INFO | 2026-08-24 13:31:10 | slittrace.py:get_radec_image:536 | Generating an RA/DEC image with slice_offset=0.000
    INFO | 2026-08-24 13:31:10 | datacube.py:subpixellate:1772 | Resampling slit 9/24 of frame 5/6
    INFO | 2026-08-24 13:31:10 | slittrace.py:get_radec_image:536 | Generating an RA/DEC image with slice_offset=0.000
    INFO | 2026-08-24 13:31:10 | datacube.py:subpixellate:1772 | Resampling slit 10/24 of frame 5/6
    INFO | 2026-08-24 13:31:10 | slittrace.py:get_radec_image:536 | Generating an RA/DEC image with slice_offset=0.000
    INFO | 2026-08-24 13:31:11 | datacube.py:subpixellate:1772 | Resampling slit 11/24 of frame 5/6
    INFO | 2026-08-24 13:31:11 | slittrace.py:get_radec_image:536 | Generating an RA/DEC image with slice_offset=0.000
    INFO | 2026-08-24 13:31:11 | datacube.py:subpixellate:1772 | Resampling slit 12/24 of frame 5/6
    INFO | 2026-08-24 13:31:11 | slittrace.py:get_radec_image:536 | Generating an RA/DEC image with slice_offset=0.000
    INFO | 2026-08-24 13:31:11 | datacube.py:subpixellate:1772 | Resampling slit 13/24 of frame 5/6
    INFO | 2026-08-24 13:31:11 | slittrace.py:get_radec_image:536 | Generating an RA/DEC image with slice_offset=0.000
    INFO | 2026-08-24 13:31:11 | datacube.py:subpixellate:1772 | Resampling slit 14/24 of frame 5/6
    INFO | 2026-08-24 13:31:11 | slittrace.py:get_radec_image:536 | Generating an RA/DEC image with slice_offset=0.000
    INFO | 2026-08-24 13:31:12 | datacube.py:subpixellate:1772 | Resampling slit 15/24 of frame 5/6
    INFO | 2026-08-24 13:31:12 | slittrace.py:get_radec_image:536 | Generating an RA/DEC image with slice_offset=0.000
    INFO | 2026-08-24 13:31:12 | datacube.py:subpixellate:1772 | Resampling slit 16/24 of frame 5/6
    INFO | 2026-08-24 13:31:12 | slittrace.py:get_radec_image:536 | Generating an RA/DEC image with slice_offset=0.000
    INFO | 2026-08-24 13:31:12 | datacube.py:subpixellate:1772 | Resampling slit 17/24 of frame 5/6
    INFO | 2026-08-24 13:31:12 | slittrace.py:get_radec_image:536 | Generating an RA/DEC image with slice_offset=0.000
    INFO | 2026-08-24 13:31:12 | datacube.py:subpixellate:1772 | Resampling slit 18/24 of frame 5/6
    INFO | 2026-08-24 13:31:12 | slittrace.py:get_radec_image:536 | Generating an RA/DEC image with slice_offset=0.000
    INFO | 2026-08-24 13:31:13 | datacube.py:subpixellate:1772 | Resampling slit 19/24 of frame 5/6
    INFO | 2026-08-24 13:31:13 | slittrace.py:get_radec_image:536 | Generating an RA/DEC image with slice_offset=0.000
    INFO | 2026-08-24 13:31:13 | datacube.py:subpixellate:1772 | Resampling slit 20/24 of frame 5/6
    INFO | 2026-08-24 13:31:13 | slittrace.py:get_radec_image:536 | Generating an RA/DEC image with slice_offset=0.000
    INFO | 2026-08-24 13:31:13 | datacube.py:subpixellate:1772 | Resampling slit 21/24 of frame 5/6
    INFO | 2026-08-24 13:31:13 | slittrace.py:get_radec_image:536 | Generating an RA/DEC image with slice_offset=0.000
    INFO | 2026-08-24 13:31:14 | datacube.py:subpixellate:1772 | Resampling slit 22/24 of frame 5/6
    INFO | 2026-08-24 13:31:14 | slittrace.py:get_radec_image:536 | Generating an RA/DEC image with slice_offset=0.000
    INFO | 2026-08-24 13:31:14 | datacube.py:subpixellate:1772 | Resampling slit 23/24 of frame 5/6
    INFO | 2026-08-24 13:31:14 | slittrace.py:get_radec_image:536 | Generating an RA/DEC image with slice_offset=0.000
    INFO | 2026-08-24 13:31:14 | datacube.py:subpixellate:1772 | Resampling slit 24/24 of frame 5/6
    INFO | 2026-08-24 13:31:14 | slittrace.py:get_radec_image:536 | Generating an RA/DEC image with slice_offset=0.000
    INFO | 2026-08-24 13:31:14 | datacube.py:subpixellate:1772 | Resampling slit 1/24 of frame 6/6
    INFO | 2026-08-24 13:31:14 | slittrace.py:get_radec_image:536 | Generating an RA/DEC image with slice_offset=0.000
    INFO | 2026-08-24 13:31:15 | datacube.py:subpixellate:1772 | Resampling slit 2/24 of frame 6/6
    INFO | 2026-08-24 13:31:15 | slittrace.py:get_radec_image:536 | Generating an RA/DEC image with slice_offset=0.000
    INFO | 2026-08-24 13:31:15 | datacube.py:subpixellate:1772 | Resampling slit 3/24 of frame 6/6
    INFO | 2026-08-24 13:31:15 | slittrace.py:get_radec_image:536 | Generating an RA/DEC image with slice_offset=0.000
    INFO | 2026-08-24 13:31:15 | datacube.py:subpixellate:1772 | Resampling slit 4/24 of frame 6/6
    INFO | 2026-08-24 13:31:15 | slittrace.py:get_radec_image:536 | Generating an RA/DEC image with slice_offset=0.000
    INFO | 2026-08-24 13:31:16 | datacube.py:subpixellate:1772 | Resampling slit 5/24 of frame 6/6
    INFO | 2026-08-24 13:31:16 | slittrace.py:get_radec_image:536 | Generating an RA/DEC image with slice_offset=0.000
    INFO | 2026-08-24 13:31:16 | datacube.py:subpixellate:1772 | Resampling slit 6/24 of frame 6/6
    INFO | 2026-08-24 13:31:16 | slittrace.py:get_radec_image:536 | Generating an RA/DEC image with slice_offset=0.000
    INFO | 2026-08-24 13:31:16 | datacube.py:subpixellate:1772 | Resampling slit 7/24 of frame 6/6
    INFO | 2026-08-24 13:31:16 | slittrace.py:get_radec_image:536 | Generating an RA/DEC image with slice_offset=0.000
    INFO | 2026-08-24 13:31:17 | datacube.py:subpixellate:1772 | Resampling slit 8/24 of frame 6/6
    INFO | 2026-08-24 13:31:17 | slittrace.py:get_radec_image:536 | Generating an RA/DEC image with slice_offset=0.000
    INFO | 2026-08-24 13:31:17 | datacube.py:subpixellate:1772 | Resampling slit 9/24 of frame 6/6
    INFO | 2026-08-24 13:31:17 | slittrace.py:get_radec_image:536 | Generating an RA/DEC image with slice_offset=0.000
    INFO | 2026-08-24 13:31:17 | datacube.py:subpixellate:1772 | Resampling slit 10/24 of frame 6/6
    INFO | 2026-08-24 13:31:17 | slittrace.py:get_radec_image:536 | Generating an RA/DEC image with slice_offset=0.000
    INFO | 2026-08-24 13:31:17 | datacube.py:subpixellate:1772 | Resampling slit 11/24 of frame 6/6
    INFO | 2026-08-24 13:31:17 | slittrace.py:get_radec_image:536 | Generating an RA/DEC image with slice_offset=0.000
    INFO | 2026-08-24 13:31:18 | datacube.py:subpixellate:1772 | Resampling slit 12/24 of frame 6/6
    INFO | 2026-08-24 13:31:18 | slittrace.py:get_radec_image:536 | Generating an RA/DEC image with slice_offset=0.000
    INFO | 2026-08-24 13:31:18 | datacube.py:subpixellate:1772 | Resampling slit 13/24 of frame 6/6
    INFO | 2026-08-24 13:31:18 | slittrace.py:get_radec_image:536 | Generating an RA/DEC image with slice_offset=0.000
    INFO | 2026-08-24 13:31:18 | datacube.py:subpixellate:1772 | Resampling slit 14/24 of frame 6/6
    INFO | 2026-08-24 13:31:18 | slittrace.py:get_radec_image:536 | Generating an RA/DEC image with slice_offset=0.000
    INFO | 2026-08-24 13:31:19 | datacube.py:subpixellate:1772 | Resampling slit 15/24 of frame 6/6
    INFO | 2026-08-24 13:31:19 | slittrace.py:get_radec_image:536 | Generating an RA/DEC image with slice_offset=0.000
    INFO | 2026-08-24 13:31:19 | datacube.py:subpixellate:1772 | Resampling slit 16/24 of frame 6/6
    INFO | 2026-08-24 13:31:19 | slittrace.py:get_radec_image:536 | Generating an RA/DEC image with slice_offset=0.000
    INFO | 2026-08-24 13:31:19 | datacube.py:subpixellate:1772 | Resampling slit 17/24 of frame 6/6
    INFO | 2026-08-24 13:31:19 | slittrace.py:get_radec_image:536 | Generating an RA/DEC image with slice_offset=0.000
    INFO | 2026-08-24 13:31:19 | datacube.py:subpixellate:1772 | Resampling slit 18/24 of frame 6/6
    INFO | 2026-08-24 13:31:19 | slittrace.py:get_radec_image:536 | Generating an RA/DEC image with slice_offset=0.000
    INFO | 2026-08-24 13:31:20 | datacube.py:subpixellate:1772 | Resampling slit 19/24 of frame 6/6
    INFO | 2026-08-24 13:31:20 | slittrace.py:get_radec_image:536 | Generating an RA/DEC image with slice_offset=0.000
    INFO | 2026-08-24 13:31:20 | datacube.py:subpixellate:1772 | Resampling slit 20/24 of frame 6/6
    INFO | 2026-08-24 13:31:20 | slittrace.py:get_radec_image:536 | Generating an RA/DEC image with slice_offset=0.000
    INFO | 2026-08-24 13:31:20 | datacube.py:subpixellate:1772 | Resampling slit 21/24 of frame 6/6
    INFO | 2026-08-24 13:31:20 | slittrace.py:get_radec_image:536 | Generating an RA/DEC image with slice_offset=0.000
    INFO | 2026-08-24 13:31:21 | datacube.py:subpixellate:1772 | Resampling slit 22/24 of frame 6/6
    INFO | 2026-08-24 13:31:21 | slittrace.py:get_radec_image:536 | Generating an RA/DEC image with slice_offset=0.000
    INFO | 2026-08-24 13:31:21 | datacube.py:subpixellate:1772 | Resampling slit 23/24 of frame 6/6
    INFO | 2026-08-24 13:31:21 | slittrace.py:get_radec_image:536 | Generating an RA/DEC image with slice_offset=0.000
    INFO | 2026-08-24 13:31:21 | datacube.py:subpixellate:1772 | Resampling slit 24/24 of frame 6/6
    INFO | 2026-08-24 13:31:21 | slittrace.py:get_radec_image:536 | Generating an RA/DEC image with slice_offset=0.000
    INFO | 2026-08-24 13:31:21 | datacube.py:compute_weights:1304 | Calculating the optimal weights of each pixel
    INFO | 2026-08-24 13:31:21 | datacube.py:compute_weights:1329 | Highest S/N object located at spaxel (x, y) = 1280, 12
    INFO | 2026-08-24 13:31:21 | datacube.py:generate_WCS:1049 | Generating WCS
    INFO | 2026-08-24 13:31:21 | datacube.py:compute_weights:1353 | Extracting spectrum of highest S/N detection from frame 1/6
    INFO | 2026-08-24 13:31:22 | datacube.py:subpixellate:1770 | Resampling slit 1/24
    INFO | 2026-08-24 13:31:22 | slittrace.py:get_radec_image:536 | Generating an RA/DEC image with slice_offset=0.000
    INFO | 2026-08-24 13:31:22 | datacube.py:subpixellate:1770 | Resampling slit 2/24
    INFO | 2026-08-24 13:31:22 | slittrace.py:get_radec_image:536 | Generating an RA/DEC image with slice_offset=0.000
    INFO | 2026-08-24 13:31:22 | datacube.py:subpixellate:1770 | Resampling slit 3/24
    INFO | 2026-08-24 13:31:22 | slittrace.py:get_radec_image:536 | Generating an RA/DEC image with slice_offset=0.000
    INFO | 2026-08-24 13:31:22 | datacube.py:subpixellate:1770 | Resampling slit 4/24
    INFO | 2026-08-24 13:31:22 | slittrace.py:get_radec_image:536 | Generating an RA/DEC image with slice_offset=0.000
    INFO | 2026-08-24 13:31:23 | datacube.py:subpixellate:1770 | Resampling slit 5/24
    INFO | 2026-08-24 13:31:23 | slittrace.py:get_radec_image:536 | Generating an RA/DEC image with slice_offset=0.000
    INFO | 2026-08-24 13:31:23 | datacube.py:subpixellate:1770 | Resampling slit 6/24
    INFO | 2026-08-24 13:31:23 | slittrace.py:get_radec_image:536 | Generating an RA/DEC image with slice_offset=0.000
    INFO | 2026-08-24 13:31:23 | datacube.py:subpixellate:1770 | Resampling slit 7/24
    INFO | 2026-08-24 13:31:23 | slittrace.py:get_radec_image:536 | Generating an RA/DEC image with slice_offset=0.000
    INFO | 2026-08-24 13:31:24 | datacube.py:subpixellate:1770 | Resampling slit 8/24
    INFO | 2026-08-24 13:31:24 | slittrace.py:get_radec_image:536 | Generating an RA/DEC image with slice_offset=0.000
    INFO | 2026-08-24 13:31:24 | datacube.py:subpixellate:1770 | Resampling slit 9/24
    INFO | 2026-08-24 13:31:24 | slittrace.py:get_radec_image:536 | Generating an RA/DEC image with slice_offset=0.000
    INFO | 2026-08-24 13:31:24 | datacube.py:subpixellate:1770 | Resampling slit 10/24
    INFO | 2026-08-24 13:31:24 | slittrace.py:get_radec_image:536 | Generating an RA/DEC image with slice_offset=0.000
    INFO | 2026-08-24 13:31:25 | datacube.py:subpixellate:1770 | Resampling slit 11/24
    INFO | 2026-08-24 13:31:25 | slittrace.py:get_radec_image:536 | Generating an RA/DEC image with slice_offset=0.000
    INFO | 2026-08-24 13:31:25 | datacube.py:subpixellate:1770 | Resampling slit 12/24
    INFO | 2026-08-24 13:31:25 | slittrace.py:get_radec_image:536 | Generating an RA/DEC image with slice_offset=0.000
    INFO | 2026-08-24 13:31:25 | datacube.py:subpixellate:1770 | Resampling slit 13/24
    INFO | 2026-08-24 13:31:25 | slittrace.py:get_radec_image:536 | Generating an RA/DEC image with slice_offset=0.000
    INFO | 2026-08-24 13:31:26 | datacube.py:subpixellate:1770 | Resampling slit 14/24
    INFO | 2026-08-24 13:31:26 | slittrace.py:get_radec_image:536 | Generating an RA/DEC image with slice_offset=0.000
    INFO | 2026-08-24 13:31:26 | datacube.py:subpixellate:1770 | Resampling slit 15/24
    INFO | 2026-08-24 13:31:26 | slittrace.py:get_radec_image:536 | Generating an RA/DEC image with slice_offset=0.000
    INFO | 2026-08-24 13:31:26 | datacube.py:subpixellate:1770 | Resampling slit 16/24
    INFO | 2026-08-24 13:31:26 | slittrace.py:get_radec_image:536 | Generating an RA/DEC image with slice_offset=0.000
    INFO | 2026-08-24 13:31:26 | datacube.py:subpixellate:1770 | Resampling slit 17/24
    INFO | 2026-08-24 13:31:26 | slittrace.py:get_radec_image:536 | Generating an RA/DEC image with slice_offset=0.000
    INFO | 2026-08-24 13:31:27 | datacube.py:subpixellate:1770 | Resampling slit 18/24
    INFO | 2026-08-24 13:31:27 | slittrace.py:get_radec_image:536 | Generating an RA/DEC image with slice_offset=0.000
    INFO | 2026-08-24 13:31:27 | datacube.py:subpixellate:1770 | Resampling slit 19/24
    INFO | 2026-08-24 13:31:27 | slittrace.py:get_radec_image:536 | Generating an RA/DEC image with slice_offset=0.000
    INFO | 2026-08-24 13:31:27 | datacube.py:subpixellate:1770 | Resampling slit 20/24
    INFO | 2026-08-24 13:31:27 | slittrace.py:get_radec_image:536 | Generating an RA/DEC image with slice_offset=0.000
    INFO | 2026-08-24 13:31:28 | datacube.py:subpixellate:1770 | Resampling slit 21/24
    INFO | 2026-08-24 13:31:28 | slittrace.py:get_radec_image:536 | Generating an RA/DEC image with slice_offset=0.000
    INFO | 2026-08-24 13:31:28 | datacube.py:subpixellate:1770 | Resampling slit 22/24
    INFO | 2026-08-24 13:31:28 | slittrace.py:get_radec_image:536 | Generating an RA/DEC image with slice_offset=0.000
    INFO | 2026-08-24 13:31:28 | datacube.py:subpixellate:1770 | Resampling slit 23/24
    INFO | 2026-08-24 13:31:28 | slittrace.py:get_radec_image:536 | Generating an RA/DEC image with slice_offset=0.000
    INFO | 2026-08-24 13:31:28 | datacube.py:subpixellate:1770 | Resampling slit 24/24
    INFO | 2026-08-24 13:31:28 | slittrace.py:get_radec_image:536 | Generating an RA/DEC image with slice_offset=0.000
    INFO | 2026-08-24 13:31:29 | datacube.py:compute_weights:1353 | Extracting spectrum of highest S/N detection from frame 2/6
    INFO | 2026-08-24 13:31:29 | datacube.py:subpixellate:1770 | Resampling slit 1/24
    INFO | 2026-08-24 13:31:29 | slittrace.py:get_radec_image:536 | Generating an RA/DEC image with slice_offset=0.000
    INFO | 2026-08-24 13:31:29 | datacube.py:subpixellate:1770 | Resampling slit 2/24
    INFO | 2026-08-24 13:31:29 | slittrace.py:get_radec_image:536 | Generating an RA/DEC image with slice_offset=0.000
    INFO | 2026-08-24 13:31:29 | datacube.py:subpixellate:1770 | Resampling slit 3/24
    INFO | 2026-08-24 13:31:29 | slittrace.py:get_radec_image:536 | Generating an RA/DEC image with slice_offset=0.000
    INFO | 2026-08-24 13:31:30 | datacube.py:subpixellate:1770 | Resampling slit 4/24
    INFO | 2026-08-24 13:31:30 | slittrace.py:get_radec_image:536 | Generating an RA/DEC image with slice_offset=0.000
    INFO | 2026-08-24 13:31:30 | datacube.py:subpixellate:1770 | Resampling slit 5/24
    INFO | 2026-08-24 13:31:30 | slittrace.py:get_radec_image:536 | Generating an RA/DEC image with slice_offset=0.000
    INFO | 2026-08-24 13:31:30 | datacube.py:subpixellate:1770 | Resampling slit 6/24
    INFO | 2026-08-24 13:31:30 | slittrace.py:get_radec_image:536 | Generating an RA/DEC image with slice_offset=0.000
    INFO | 2026-08-24 13:31:30 | datacube.py:subpixellate:1770 | Resampling slit 7/24
    INFO | 2026-08-24 13:31:30 | slittrace.py:get_radec_image:536 | Generating an RA/DEC image with slice_offset=0.000
    INFO | 2026-08-24 13:31:31 | datacube.py:subpixellate:1770 | Resampling slit 8/24
    INFO | 2026-08-24 13:31:31 | slittrace.py:get_radec_image:536 | Generating an RA/DEC image with slice_offset=0.000
    INFO | 2026-08-24 13:31:31 | datacube.py:subpixellate:1770 | Resampling slit 9/24
    INFO | 2026-08-24 13:31:31 | slittrace.py:get_radec_image:536 | Generating an RA/DEC image with slice_offset=0.000
    INFO | 2026-08-24 13:31:31 | datacube.py:subpixellate:1770 | Resampling slit 10/24
    INFO | 2026-08-24 13:31:31 | slittrace.py:get_radec_image:536 | Generating an RA/DEC image with slice_offset=0.000
    INFO | 2026-08-24 13:31:32 | datacube.py:subpixellate:1770 | Resampling slit 11/24
    INFO | 2026-08-24 13:31:32 | slittrace.py:get_radec_image:536 | Generating an RA/DEC image with slice_offset=0.000
    INFO | 2026-08-24 13:31:32 | datacube.py:subpixellate:1770 | Resampling slit 12/24
    INFO | 2026-08-24 13:31:32 | slittrace.py:get_radec_image:536 | Generating an RA/DEC image with slice_offset=0.000
    INFO | 2026-08-24 13:31:32 | datacube.py:subpixellate:1770 | Resampling slit 13/24
    INFO | 2026-08-24 13:31:32 | slittrace.py:get_radec_image:536 | Generating an RA/DEC image with slice_offset=0.000
    INFO | 2026-08-24 13:31:33 | datacube.py:subpixellate:1770 | Resampling slit 14/24
    INFO | 2026-08-24 13:31:33 | slittrace.py:get_radec_image:536 | Generating an RA/DEC image with slice_offset=0.000
    INFO | 2026-08-24 13:31:33 | datacube.py:subpixellate:1770 | Resampling slit 15/24
    INFO | 2026-08-24 13:31:33 | slittrace.py:get_radec_image:536 | Generating an RA/DEC image with slice_offset=0.000
    INFO | 2026-08-24 13:31:33 | datacube.py:subpixellate:1770 | Resampling slit 16/24
    INFO | 2026-08-24 13:31:33 | slittrace.py:get_radec_image:536 | Generating an RA/DEC image with slice_offset=0.000
    INFO | 2026-08-24 13:31:33 | datacube.py:subpixellate:1770 | Resampling slit 17/24
    INFO | 2026-08-24 13:31:33 | slittrace.py:get_radec_image:536 | Generating an RA/DEC image with slice_offset=0.000
    INFO | 2026-08-24 13:31:34 | datacube.py:subpixellate:1770 | Resampling slit 18/24
    INFO | 2026-08-24 13:31:34 | slittrace.py:get_radec_image:536 | Generating an RA/DEC image with slice_offset=0.000
    INFO | 2026-08-24 13:31:34 | datacube.py:subpixellate:1770 | Resampling slit 19/24
    INFO | 2026-08-24 13:31:34 | slittrace.py:get_radec_image:536 | Generating an RA/DEC image with slice_offset=0.000
    INFO | 2026-08-24 13:31:34 | datacube.py:subpixellate:1770 | Resampling slit 20/24
    INFO | 2026-08-24 13:31:34 | slittrace.py:get_radec_image:536 | Generating an RA/DEC image with slice_offset=0.000
    INFO | 2026-08-24 13:31:35 | datacube.py:subpixellate:1770 | Resampling slit 21/24
    INFO | 2026-08-24 13:31:35 | slittrace.py:get_radec_image:536 | Generating an RA/DEC image with slice_offset=0.000
    INFO | 2026-08-24 13:31:35 | datacube.py:subpixellate:1770 | Resampling slit 22/24
    INFO | 2026-08-24 13:31:35 | slittrace.py:get_radec_image:536 | Generating an RA/DEC image with slice_offset=0.000
    INFO | 2026-08-24 13:31:35 | datacube.py:subpixellate:1770 | Resampling slit 23/24
    INFO | 2026-08-24 13:31:35 | slittrace.py:get_radec_image:536 | Generating an RA/DEC image with slice_offset=0.000
    INFO | 2026-08-24 13:31:35 | datacube.py:subpixellate:1770 | Resampling slit 24/24
    INFO | 2026-08-24 13:31:35 | slittrace.py:get_radec_image:536 | Generating an RA/DEC image with slice_offset=0.000
    INFO | 2026-08-24 13:31:36 | datacube.py:compute_weights:1353 | Extracting spectrum of highest S/N detection from frame 3/6
    INFO | 2026-08-24 13:31:36 | datacube.py:subpixellate:1770 | Resampling slit 1/24
    INFO | 2026-08-24 13:31:36 | slittrace.py:get_radec_image:536 | Generating an RA/DEC image with slice_offset=0.000
    INFO | 2026-08-24 13:31:36 | datacube.py:subpixellate:1770 | Resampling slit 2/24
    INFO | 2026-08-24 13:31:36 | slittrace.py:get_radec_image:536 | Generating an RA/DEC image with slice_offset=0.000
    INFO | 2026-08-24 13:31:36 | datacube.py:subpixellate:1770 | Resampling slit 3/24
    INFO | 2026-08-24 13:31:36 | slittrace.py:get_radec_image:536 | Generating an RA/DEC image with slice_offset=0.000
    INFO | 2026-08-24 13:31:37 | datacube.py:subpixellate:1770 | Resampling slit 4/24
    INFO | 2026-08-24 13:31:37 | slittrace.py:get_radec_image:536 | Generating an RA/DEC image with slice_offset=0.000
    INFO | 2026-08-24 13:31:37 | datacube.py:subpixellate:1770 | Resampling slit 5/24
    INFO | 2026-08-24 13:31:37 | slittrace.py:get_radec_image:536 | Generating an RA/DEC image with slice_offset=0.000
    INFO | 2026-08-24 13:31:37 | datacube.py:subpixellate:1770 | Resampling slit 6/24
    INFO | 2026-08-24 13:31:37 | slittrace.py:get_radec_image:536 | Generating an RA/DEC image with slice_offset=0.000
    INFO | 2026-08-24 13:31:37 | datacube.py:subpixellate:1770 | Resampling slit 7/24
    INFO | 2026-08-24 13:31:37 | slittrace.py:get_radec_image:536 | Generating an RA/DEC image with slice_offset=0.000
    INFO | 2026-08-24 13:31:38 | datacube.py:subpixellate:1770 | Resampling slit 8/24
    INFO | 2026-08-24 13:31:38 | slittrace.py:get_radec_image:536 | Generating an RA/DEC image with slice_offset=0.000
    INFO | 2026-08-24 13:31:38 | datacube.py:subpixellate:1770 | Resampling slit 9/24
    INFO | 2026-08-24 13:31:38 | slittrace.py:get_radec_image:536 | Generating an RA/DEC image with slice_offset=0.000
    INFO | 2026-08-24 13:31:38 | datacube.py:subpixellate:1770 | Resampling slit 10/24
    INFO | 2026-08-24 13:31:38 | slittrace.py:get_radec_image:536 | Generating an RA/DEC image with slice_offset=0.000
    INFO | 2026-08-24 13:31:39 | datacube.py:subpixellate:1770 | Resampling slit 11/24
    INFO | 2026-08-24 13:31:39 | slittrace.py:get_radec_image:536 | Generating an RA/DEC image with slice_offset=0.000
    INFO | 2026-08-24 13:31:39 | datacube.py:subpixellate:1770 | Resampling slit 12/24
    INFO | 2026-08-24 13:31:39 | slittrace.py:get_radec_image:536 | Generating an RA/DEC image with slice_offset=0.000
    INFO | 2026-08-24 13:31:39 | datacube.py:subpixellate:1770 | Resampling slit 13/24
    INFO | 2026-08-24 13:31:39 | slittrace.py:get_radec_image:536 | Generating an RA/DEC image with slice_offset=0.000
    INFO | 2026-08-24 13:31:39 | datacube.py:subpixellate:1770 | Resampling slit 14/24
    INFO | 2026-08-24 13:31:39 | slittrace.py:get_radec_image:536 | Generating an RA/DEC image with slice_offset=0.000
    INFO | 2026-08-24 13:31:40 | datacube.py:subpixellate:1770 | Resampling slit 15/24
    INFO | 2026-08-24 13:31:40 | slittrace.py:get_radec_image:536 | Generating an RA/DEC image with slice_offset=0.000
    INFO | 2026-08-24 13:31:40 | datacube.py:subpixellate:1770 | Resampling slit 16/24
    INFO | 2026-08-24 13:31:40 | slittrace.py:get_radec_image:536 | Generating an RA/DEC image with slice_offset=0.000
    INFO | 2026-08-24 13:31:40 | datacube.py:subpixellate:1770 | Resampling slit 17/24
    INFO | 2026-08-24 13:31:40 | slittrace.py:get_radec_image:536 | Generating an RA/DEC image with slice_offset=0.000
    INFO | 2026-08-24 13:31:41 | datacube.py:subpixellate:1770 | Resampling slit 18/24
    INFO | 2026-08-24 13:31:41 | slittrace.py:get_radec_image:536 | Generating an RA/DEC image with slice_offset=0.000
    INFO | 2026-08-24 13:31:41 | datacube.py:subpixellate:1770 | Resampling slit 19/24
    INFO | 2026-08-24 13:31:41 | slittrace.py:get_radec_image:536 | Generating an RA/DEC image with slice_offset=0.000
    INFO | 2026-08-24 13:31:41 | datacube.py:subpixellate:1770 | Resampling slit 20/24
    INFO | 2026-08-24 13:31:41 | slittrace.py:get_radec_image:536 | Generating an RA/DEC image with slice_offset=0.000
    INFO | 2026-08-24 13:31:42 | datacube.py:subpixellate:1770 | Resampling slit 21/24
    INFO | 2026-08-24 13:31:42 | slittrace.py:get_radec_image:536 | Generating an RA/DEC image with slice_offset=0.000
    INFO | 2026-08-24 13:31:42 | datacube.py:subpixellate:1770 | Resampling slit 22/24
    INFO | 2026-08-24 13:31:42 | slittrace.py:get_radec_image:536 | Generating an RA/DEC image with slice_offset=0.000
    INFO | 2026-08-24 13:31:42 | datacube.py:subpixellate:1770 | Resampling slit 23/24
    INFO | 2026-08-24 13:31:42 | slittrace.py:get_radec_image:536 | Generating an RA/DEC image with slice_offset=0.000
    INFO | 2026-08-24 13:31:43 | datacube.py:subpixellate:1770 | Resampling slit 24/24
    INFO | 2026-08-24 13:31:43 | slittrace.py:get_radec_image:536 | Generating an RA/DEC image with slice_offset=0.000
    INFO | 2026-08-24 13:31:43 | datacube.py:compute_weights:1353 | Extracting spectrum of highest S/N detection from frame 4/6
    INFO | 2026-08-24 13:31:43 | datacube.py:subpixellate:1770 | Resampling slit 1/24
    INFO | 2026-08-24 13:31:43 | slittrace.py:get_radec_image:536 | Generating an RA/DEC image with slice_offset=0.000
    INFO | 2026-08-24 13:31:43 | datacube.py:subpixellate:1770 | Resampling slit 2/24
    INFO | 2026-08-24 13:31:43 | slittrace.py:get_radec_image:536 | Generating an RA/DEC image with slice_offset=0.000
    INFO | 2026-08-24 13:31:43 | datacube.py:subpixellate:1770 | Resampling slit 3/24
    INFO | 2026-08-24 13:31:43 | slittrace.py:get_radec_image:536 | Generating an RA/DEC image with slice_offset=0.000
    INFO | 2026-08-24 13:31:44 | datacube.py:subpixellate:1770 | Resampling slit 4/24
    INFO | 2026-08-24 13:31:44 | slittrace.py:get_radec_image:536 | Generating an RA/DEC image with slice_offset=0.000
    INFO | 2026-08-24 13:31:44 | datacube.py:subpixellate:1770 | Resampling slit 5/24
    INFO | 2026-08-24 13:31:44 | slittrace.py:get_radec_image:536 | Generating an RA/DEC image with slice_offset=0.000
    INFO | 2026-08-24 13:31:44 | datacube.py:subpixellate:1770 | Resampling slit 6/24
    INFO | 2026-08-24 13:31:44 | slittrace.py:get_radec_image:536 | Generating an RA/DEC image with slice_offset=0.000
    INFO | 2026-08-24 13:31:45 | datacube.py:subpixellate:1770 | Resampling slit 7/24
    INFO | 2026-08-24 13:31:45 | slittrace.py:get_radec_image:536 | Generating an RA/DEC image with slice_offset=0.000
    INFO | 2026-08-24 13:31:45 | datacube.py:subpixellate:1770 | Resampling slit 8/24
    INFO | 2026-08-24 13:31:45 | slittrace.py:get_radec_image:536 | Generating an RA/DEC image with slice_offset=0.000
    INFO | 2026-08-24 13:31:45 | datacube.py:subpixellate:1770 | Resampling slit 9/24
    INFO | 2026-08-24 13:31:45 | slittrace.py:get_radec_image:536 | Generating an RA/DEC image with slice_offset=0.000
    INFO | 2026-08-24 13:31:46 | datacube.py:subpixellate:1770 | Resampling slit 10/24
    INFO | 2026-08-24 13:31:46 | slittrace.py:get_radec_image:536 | Generating an RA/DEC image with slice_offset=0.000
    INFO | 2026-08-24 13:31:46 | datacube.py:subpixellate:1770 | Resampling slit 11/24
    INFO | 2026-08-24 13:31:46 | slittrace.py:get_radec_image:536 | Generating an RA/DEC image with slice_offset=0.000
    INFO | 2026-08-24 13:31:46 | datacube.py:subpixellate:1770 | Resampling slit 12/24
    INFO | 2026-08-24 13:31:46 | slittrace.py:get_radec_image:536 | Generating an RA/DEC image with slice_offset=0.000
    INFO | 2026-08-24 13:31:47 | datacube.py:subpixellate:1770 | Resampling slit 13/24
    INFO | 2026-08-24 13:31:47 | slittrace.py:get_radec_image:536 | Generating an RA/DEC image with slice_offset=0.000
    INFO | 2026-08-24 13:31:47 | datacube.py:subpixellate:1770 | Resampling slit 14/24
    INFO | 2026-08-24 13:31:47 | slittrace.py:get_radec_image:536 | Generating an RA/DEC image with slice_offset=0.000
    INFO | 2026-08-24 13:31:47 | datacube.py:subpixellate:1770 | Resampling slit 15/24
    INFO | 2026-08-24 13:31:47 | slittrace.py:get_radec_image:536 | Generating an RA/DEC image with slice_offset=0.000
    INFO | 2026-08-24 13:31:48 | datacube.py:subpixellate:1770 | Resampling slit 16/24
    INFO | 2026-08-24 13:31:48 | slittrace.py:get_radec_image:536 | Generating an RA/DEC image with slice_offset=0.000
    INFO | 2026-08-24 13:31:48 | datacube.py:subpixellate:1770 | Resampling slit 17/24
    INFO | 2026-08-24 13:31:48 | slittrace.py:get_radec_image:536 | Generating an RA/DEC image with slice_offset=0.000
    INFO | 2026-08-24 13:31:48 | datacube.py:subpixellate:1770 | Resampling slit 18/24
    INFO | 2026-08-24 13:31:48 | slittrace.py:get_radec_image:536 | Generating an RA/DEC image with slice_offset=0.000
    INFO | 2026-08-24 13:31:48 | datacube.py:subpixellate:1770 | Resampling slit 19/24
    INFO | 2026-08-24 13:31:48 | slittrace.py:get_radec_image:536 | Generating an RA/DEC image with slice_offset=0.000
    INFO | 2026-08-24 13:31:49 | datacube.py:subpixellate:1770 | Resampling slit 20/24
    INFO | 2026-08-24 13:31:49 | slittrace.py:get_radec_image:536 | Generating an RA/DEC image with slice_offset=0.000
    INFO | 2026-08-24 13:31:49 | datacube.py:subpixellate:1770 | Resampling slit 21/24
    INFO | 2026-08-24 13:31:49 | slittrace.py:get_radec_image:536 | Generating an RA/DEC image with slice_offset=0.000
    INFO | 2026-08-24 13:31:49 | datacube.py:subpixellate:1770 | Resampling slit 22/24
    INFO | 2026-08-24 13:31:49 | slittrace.py:get_radec_image:536 | Generating an RA/DEC image with slice_offset=0.000
    INFO | 2026-08-24 13:31:50 | datacube.py:subpixellate:1770 | Resampling slit 23/24
    INFO | 2026-08-24 13:31:50 | slittrace.py:get_radec_image:536 | Generating an RA/DEC image with slice_offset=0.000
    INFO | 2026-08-24 13:31:50 | datacube.py:subpixellate:1770 | Resampling slit 24/24
    INFO | 2026-08-24 13:31:50 | slittrace.py:get_radec_image:536 | Generating an RA/DEC image with slice_offset=0.000
    INFO | 2026-08-24 13:31:50 | datacube.py:compute_weights:1353 | Extracting spectrum of highest S/N detection from frame 5/6
    INFO | 2026-08-24 13:31:50 | datacube.py:subpixellate:1770 | Resampling slit 1/24
    INFO | 2026-08-24 13:31:50 | slittrace.py:get_radec_image:536 | Generating an RA/DEC image with slice_offset=0.000
    INFO | 2026-08-24 13:31:51 | datacube.py:subpixellate:1770 | Resampling slit 2/24
    INFO | 2026-08-24 13:31:51 | slittrace.py:get_radec_image:536 | Generating an RA/DEC image with slice_offset=0.000
    INFO | 2026-08-24 13:31:51 | datacube.py:subpixellate:1770 | Resampling slit 3/24
    INFO | 2026-08-24 13:31:51 | slittrace.py:get_radec_image:536 | Generating an RA/DEC image with slice_offset=0.000
    INFO | 2026-08-24 13:31:51 | datacube.py:subpixellate:1770 | Resampling slit 4/24
    INFO | 2026-08-24 13:31:51 | slittrace.py:get_radec_image:536 | Generating an RA/DEC image with slice_offset=0.000
    INFO | 2026-08-24 13:31:51 | datacube.py:subpixellate:1770 | Resampling slit 5/24
    INFO | 2026-08-24 13:31:51 | slittrace.py:get_radec_image:536 | Generating an RA/DEC image with slice_offset=0.000
    INFO | 2026-08-24 13:31:52 | datacube.py:subpixellate:1770 | Resampling slit 6/24
    INFO | 2026-08-24 13:31:52 | slittrace.py:get_radec_image:536 | Generating an RA/DEC image with slice_offset=0.000
    INFO | 2026-08-24 13:31:52 | datacube.py:subpixellate:1770 | Resampling slit 7/24
    INFO | 2026-08-24 13:31:52 | slittrace.py:get_radec_image:536 | Generating an RA/DEC image with slice_offset=0.000
    INFO | 2026-08-24 13:31:52 | datacube.py:subpixellate:1770 | Resampling slit 8/24
    INFO | 2026-08-24 13:31:52 | slittrace.py:get_radec_image:536 | Generating an RA/DEC image with slice_offset=0.000
    INFO | 2026-08-24 13:31:52 | datacube.py:subpixellate:1770 | Resampling slit 9/24
    INFO | 2026-08-24 13:31:52 | slittrace.py:get_radec_image:536 | Generating an RA/DEC image with slice_offset=0.000
    INFO | 2026-08-24 13:31:53 | datacube.py:subpixellate:1770 | Resampling slit 10/24
    INFO | 2026-08-24 13:31:53 | slittrace.py:get_radec_image:536 | Generating an RA/DEC image with slice_offset=0.000
    INFO | 2026-08-24 13:31:53 | datacube.py:subpixellate:1770 | Resampling slit 11/24
    INFO | 2026-08-24 13:31:53 | slittrace.py:get_radec_image:536 | Generating an RA/DEC image with slice_offset=0.000
    INFO | 2026-08-24 13:31:53 | datacube.py:subpixellate:1770 | Resampling slit 12/24
    INFO | 2026-08-24 13:31:53 | slittrace.py:get_radec_image:536 | Generating an RA/DEC image with slice_offset=0.000
    INFO | 2026-08-24 13:31:54 | datacube.py:subpixellate:1770 | Resampling slit 13/24
    INFO | 2026-08-24 13:31:54 | slittrace.py:get_radec_image:536 | Generating an RA/DEC image with slice_offset=0.000
    INFO | 2026-08-24 13:31:54 | datacube.py:subpixellate:1770 | Resampling slit 14/24
    INFO | 2026-08-24 13:31:54 | slittrace.py:get_radec_image:536 | Generating an RA/DEC image with slice_offset=0.000
    INFO | 2026-08-24 13:31:54 | datacube.py:subpixellate:1770 | Resampling slit 15/24
    INFO | 2026-08-24 13:31:54 | slittrace.py:get_radec_image:536 | Generating an RA/DEC image with slice_offset=0.000
    INFO | 2026-08-24 13:31:54 | datacube.py:subpixellate:1770 | Resampling slit 16/24
    INFO | 2026-08-24 13:31:54 | slittrace.py:get_radec_image:536 | Generating an RA/DEC image with slice_offset=0.000
    INFO | 2026-08-24 13:31:55 | datacube.py:subpixellate:1770 | Resampling slit 17/24
    INFO | 2026-08-24 13:31:55 | slittrace.py:get_radec_image:536 | Generating an RA/DEC image with slice_offset=0.000
    INFO | 2026-08-24 13:31:55 | datacube.py:subpixellate:1770 | Resampling slit 18/24
    INFO | 2026-08-24 13:31:55 | slittrace.py:get_radec_image:536 | Generating an RA/DEC image with slice_offset=0.000
    INFO | 2026-08-24 13:31:55 | datacube.py:subpixellate:1770 | Resampling slit 19/24
    INFO | 2026-08-24 13:31:55 | slittrace.py:get_radec_image:536 | Generating an RA/DEC image with slice_offset=0.000
    INFO | 2026-08-24 13:31:56 | datacube.py:subpixellate:1770 | Resampling slit 20/24
    INFO | 2026-08-24 13:31:56 | slittrace.py:get_radec_image:536 | Generating an RA/DEC image with slice_offset=0.000
    INFO | 2026-08-24 13:31:56 | datacube.py:subpixellate:1770 | Resampling slit 21/24
    INFO | 2026-08-24 13:31:56 | slittrace.py:get_radec_image:536 | Generating an RA/DEC image with slice_offset=0.000
    INFO | 2026-08-24 13:31:56 | datacube.py:subpixellate:1770 | Resampling slit 22/24
    INFO | 2026-08-24 13:31:56 | slittrace.py:get_radec_image:536 | Generating an RA/DEC image with slice_offset=0.000
    INFO | 2026-08-24 13:31:56 | datacube.py:subpixellate:1770 | Resampling slit 23/24
    INFO | 2026-08-24 13:31:56 | slittrace.py:get_radec_image:536 | Generating an RA/DEC image with slice_offset=0.000
    INFO | 2026-08-24 13:31:57 | datacube.py:subpixellate:1770 | Resampling slit 24/24
    INFO | 2026-08-24 13:31:57 | slittrace.py:get_radec_image:536 | Generating an RA/DEC image with slice_offset=0.000
    INFO | 2026-08-24 13:31:57 | datacube.py:compute_weights:1353 | Extracting spectrum of highest S/N detection from frame 6/6
    INFO | 2026-08-24 13:31:57 | datacube.py:subpixellate:1770 | Resampling slit 1/24
    INFO | 2026-08-24 13:31:57 | slittrace.py:get_radec_image:536 | Generating an RA/DEC image with slice_offset=0.000
    INFO | 2026-08-24 13:31:57 | datacube.py:subpixellate:1770 | Resampling slit 2/24
    INFO | 2026-08-24 13:31:57 | slittrace.py:get_radec_image:536 | Generating an RA/DEC image with slice_offset=0.000
    INFO | 2026-08-24 13:31:58 | datacube.py:subpixellate:1770 | Resampling slit 3/24
    INFO | 2026-08-24 13:31:58 | slittrace.py:get_radec_image:536 | Generating an RA/DEC image with slice_offset=0.000
    INFO | 2026-08-24 13:31:58 | datacube.py:subpixellate:1770 | Resampling slit 4/24
    INFO | 2026-08-24 13:31:58 | slittrace.py:get_radec_image:536 | Generating an RA/DEC image with slice_offset=0.000
    INFO | 2026-08-24 13:31:58 | datacube.py:subpixellate:1770 | Resampling slit 5/24
    INFO | 2026-08-24 13:31:58 | slittrace.py:get_radec_image:536 | Generating an RA/DEC image with slice_offset=0.000
    INFO | 2026-08-24 13:31:59 | datacube.py:subpixellate:1770 | Resampling slit 6/24
    INFO | 2026-08-24 13:31:59 | slittrace.py:get_radec_image:536 | Generating an RA/DEC image with slice_offset=0.000
    INFO | 2026-08-24 13:31:59 | datacube.py:subpixellate:1770 | Resampling slit 7/24
    INFO | 2026-08-24 13:31:59 | slittrace.py:get_radec_image:536 | Generating an RA/DEC image with slice_offset=0.000
    INFO | 2026-08-24 13:31:59 | datacube.py:subpixellate:1770 | Resampling slit 8/24
    INFO | 2026-08-24 13:31:59 | slittrace.py:get_radec_image:536 | Generating an RA/DEC image with slice_offset=0.000
    INFO | 2026-08-24 13:31:59 | datacube.py:subpixellate:1770 | Resampling slit 9/24
    INFO | 2026-08-24 13:31:59 | slittrace.py:get_radec_image:536 | Generating an RA/DEC image with slice_offset=0.000
    INFO | 2026-08-24 13:32:00 | datacube.py:subpixellate:1770 | Resampling slit 10/24
    INFO | 2026-08-24 13:32:00 | slittrace.py:get_radec_image:536 | Generating an RA/DEC image with slice_offset=0.000
    INFO | 2026-08-24 13:32:00 | datacube.py:subpixellate:1770 | Resampling slit 11/24
    INFO | 2026-08-24 13:32:00 | slittrace.py:get_radec_image:536 | Generating an RA/DEC image with slice_offset=0.000
    INFO | 2026-08-24 13:32:00 | datacube.py:subpixellate:1770 | Resampling slit 12/24
    INFO | 2026-08-24 13:32:00 | slittrace.py:get_radec_image:536 | Generating an RA/DEC image with slice_offset=0.000
    INFO | 2026-08-24 13:32:01 | datacube.py:subpixellate:1770 | Resampling slit 13/24
    INFO | 2026-08-24 13:32:01 | slittrace.py:get_radec_image:536 | Generating an RA/DEC image with slice_offset=0.000
    INFO | 2026-08-24 13:32:01 | datacube.py:subpixellate:1770 | Resampling slit 14/24
    INFO | 2026-08-24 13:32:01 | slittrace.py:get_radec_image:536 | Generating an RA/DEC image with slice_offset=0.000
    INFO | 2026-08-24 13:32:01 | datacube.py:subpixellate:1770 | Resampling slit 15/24
    INFO | 2026-08-24 13:32:01 | slittrace.py:get_radec_image:536 | Generating an RA/DEC image with slice_offset=0.000
    INFO | 2026-08-24 13:32:01 | datacube.py:subpixellate:1770 | Resampling slit 16/24
    INFO | 2026-08-24 13:32:01 | slittrace.py:get_radec_image:536 | Generating an RA/DEC image with slice_offset=0.000
    INFO | 2026-08-24 13:32:02 | datacube.py:subpixellate:1770 | Resampling slit 17/24
    INFO | 2026-08-24 13:32:02 | slittrace.py:get_radec_image:536 | Generating an RA/DEC image with slice_offset=0.000
    INFO | 2026-08-24 13:32:02 | datacube.py:subpixellate:1770 | Resampling slit 18/24
    INFO | 2026-08-24 13:32:02 | slittrace.py:get_radec_image:536 | Generating an RA/DEC image with slice_offset=0.000
    INFO | 2026-08-24 13:32:02 | datacube.py:subpixellate:1770 | Resampling slit 19/24
    INFO | 2026-08-24 13:32:02 | slittrace.py:get_radec_image:536 | Generating an RA/DEC image with slice_offset=0.000
    INFO | 2026-08-24 13:32:03 | datacube.py:subpixellate:1770 | Resampling slit 20/24
    INFO | 2026-08-24 13:32:03 | slittrace.py:get_radec_image:536 | Generating an RA/DEC image with slice_offset=0.000
    INFO | 2026-08-24 13:32:03 | datacube.py:subpixellate:1770 | Resampling slit 21/24
    INFO | 2026-08-24 13:32:03 | slittrace.py:get_radec_image:536 | Generating an RA/DEC image with slice_offset=0.000
    INFO | 2026-08-24 13:32:03 | datacube.py:subpixellate:1770 | Resampling slit 22/24
    INFO | 2026-08-24 13:32:03 | slittrace.py:get_radec_image:536 | Generating an RA/DEC image with slice_offset=0.000
    INFO | 2026-08-24 13:32:03 | datacube.py:subpixellate:1770 | Resampling slit 23/24
    INFO | 2026-08-24 13:32:04 | slittrace.py:get_radec_image:536 | Generating an RA/DEC image with slice_offset=0.000
    INFO | 2026-08-24 13:32:04 | datacube.py:subpixellate:1770 | Resampling slit 24/24
    INFO | 2026-08-24 13:32:04 | slittrace.py:get_radec_image:536 | Generating an RA/DEC image with slice_offset=0.000
    INFO | 2026-08-24 13:32:05 | datacube.py:compute_weights:1384 | Optimal weighting complete
    INFO | 2026-08-24 13:32:05 | datacube.py:generate_WCS:1049 | Generating WCS
    INFO | 2026-08-24 13:32:05 | datacube.py:create_wcs:1008 | 
----------------------------------------
Parameters of the WCS:
RA   min = 349.990458700934
DEC  min = -5.170298764630013
WAVE min, max = 6697.017517827086, 7489.6177316374315
Spaxel size = 1.3578480000000002 arcsec
Wavelength step = 0.3621162230356276 A
----------------------------------------
    INFO | 2026-08-24 13:32:05 | datacube.py:get_whitelight_range:606 | The white light images will cover the wavelength range: 6745.34A - 7442.51A
    INFO | 2026-08-24 13:32:05 | datacube.py:subpixellate:1772 | Resampling slit 1/24 of frame 1/6
    INFO | 2026-08-24 13:32:05 | datacube.py:subpixellate:1807 | Resampling subslice 1/5
    INFO | 2026-08-24 13:32:05 | slittrace.py:get_radec_image:536 | Generating an RA/DEC image with slice_offset=-0.400
    INFO | 2026-08-24 13:32:06 | datacube.py:subpixellate:1807 | Resampling subslice 2/5
    INFO | 2026-08-24 13:32:06 | slittrace.py:get_radec_image:536 | Generating an RA/DEC image with slice_offset=-0.200
    INFO | 2026-08-24 13:32:07 | datacube.py:subpixellate:1807 | Resampling subslice 3/5
    INFO | 2026-08-24 13:32:07 | slittrace.py:get_radec_image:536 | Generating an RA/DEC image with slice_offset=0.000
    INFO | 2026-08-24 13:32:08 | datacube.py:subpixellate:1807 | Resampling subslice 4/5
    INFO | 2026-08-24 13:32:08 | slittrace.py:get_radec_image:536 | Generating an RA/DEC image with slice_offset=0.200
    INFO | 2026-08-24 13:32:09 | datacube.py:subpixellate:1807 | Resampling subslice 5/5
    INFO | 2026-08-24 13:32:09 | slittrace.py:get_radec_image:536 | Generating an RA/DEC image with slice_offset=0.400
    INFO | 2026-08-24 13:32:09 | datacube.py:subpixellate:1832 | Preparing subpixel weights
    INFO | 2026-08-24 13:32:12 | datacube.py:subpixellate:1772 | Resampling slit 2/24 of frame 1/6
    INFO | 2026-08-24 13:32:13 | datacube.py:subpixellate:1807 | Resampling subslice 1/5
    INFO | 2026-08-24 13:32:13 | slittrace.py:get_radec_image:536 | Generating an RA/DEC image with slice_offset=-0.400
    INFO | 2026-08-24 13:32:14 | datacube.py:subpixellate:1807 | Resampling subslice 2/5
    INFO | 2026-08-24 13:32:14 | slittrace.py:get_radec_image:536 | Generating an RA/DEC image with slice_offset=-0.200
    INFO | 2026-08-24 13:32:15 | datacube.py:subpixellate:1807 | Resampling subslice 3/5
    INFO | 2026-08-24 13:32:15 | slittrace.py:get_radec_image:536 | Generating an RA/DEC image with slice_offset=0.000
    INFO | 2026-08-24 13:32:15 | datacube.py:subpixellate:1807 | Resampling subslice 4/5
    INFO | 2026-08-24 13:32:15 | slittrace.py:get_radec_image:536 | Generating an RA/DEC image with slice_offset=0.200
    INFO | 2026-08-24 13:32:16 | datacube.py:subpixellate:1807 | Resampling subslice 5/5
    INFO | 2026-08-24 13:32:16 | slittrace.py:get_radec_image:536 | Generating an RA/DEC image with slice_offset=0.400
    INFO | 2026-08-24 13:32:17 | datacube.py:subpixellate:1832 | Preparing subpixel weights
    INFO | 2026-08-24 13:32:20 | datacube.py:subpixellate:1772 | Resampling slit 3/24 of frame 1/6
    INFO | 2026-08-24 13:32:21 | datacube.py:subpixellate:1807 | Resampling subslice 1/5
    INFO | 2026-08-24 13:32:21 | slittrace.py:get_radec_image:536 | Generating an RA/DEC image with slice_offset=-0.400
    INFO | 2026-08-24 13:32:21 | datacube.py:subpixellate:1807 | Resampling subslice 2/5
    INFO | 2026-08-24 13:32:21 | slittrace.py:get_radec_image:536 | Generating an RA/DEC image with slice_offset=-0.200
    INFO | 2026-08-24 13:32:22 | datacube.py:subpixellate:1807 | Resampling subslice 3/5
    INFO | 2026-08-24 13:32:22 | slittrace.py:get_radec_image:536 | Generating an RA/DEC image with slice_offset=0.000
    INFO | 2026-08-24 13:32:23 | datacube.py:subpixellate:1807 | Resampling subslice 4/5
    INFO | 2026-08-24 13:32:23 | slittrace.py:get_radec_image:536 | Generating an RA/DEC image with slice_offset=0.200
    INFO | 2026-08-24 13:32:24 | datacube.py:subpixellate:1807 | Resampling subslice 5/5
    INFO | 2026-08-24 13:32:24 | slittrace.py:get_radec_image:536 | Generating an RA/DEC image with slice_offset=0.400
    INFO | 2026-08-24 13:32:25 | datacube.py:subpixellate:1832 | Preparing subpixel weights
    INFO | 2026-08-24 13:32:28 | datacube.py:subpixellate:1772 | Resampling slit 4/24 of frame 1/6
    INFO | 2026-08-24 13:32:28 | datacube.py:subpixellate:1807 | Resampling subslice 1/5
    INFO | 2026-08-24 13:32:28 | slittrace.py:get_radec_image:536 | Generating an RA/DEC image with slice_offset=-0.400
    INFO | 2026-08-24 13:32:29 | datacube.py:subpixellate:1807 | Resampling subslice 2/5
    INFO | 2026-08-24 13:32:29 | slittrace.py:get_radec_image:536 | Generating an RA/DEC image with slice_offset=-0.200
    INFO | 2026-08-24 13:32:30 | datacube.py:subpixellate:1807 | Resampling subslice 3/5
    INFO | 2026-08-24 13:32:30 | slittrace.py:get_radec_image:536 | Generating an RA/DEC image with slice_offset=0.000
    INFO | 2026-08-24 13:32:30 | datacube.py:subpixellate:1807 | Resampling subslice 4/5
    INFO | 2026-08-24 13:32:30 | slittrace.py:get_radec_image:536 | Generating an RA/DEC image with slice_offset=0.200
    INFO | 2026-08-24 13:32:31 | datacube.py:subpixellate:1807 | Resampling subslice 5/5
    INFO | 2026-08-24 13:32:31 | slittrace.py:get_radec_image:536 | Generating an RA/DEC image with slice_offset=0.400
    INFO | 2026-08-24 13:32:32 | datacube.py:subpixellate:1832 | Preparing subpixel weights
    INFO | 2026-08-24 13:32:35 | datacube.py:subpixellate:1772 | Resampling slit 5/24 of frame 1/6
    INFO | 2026-08-24 13:32:35 | datacube.py:subpixellate:1807 | Resampling subslice 1/5
    INFO | 2026-08-24 13:32:35 | slittrace.py:get_radec_image:536 | Generating an RA/DEC image with slice_offset=-0.400
    INFO | 2026-08-24 13:32:36 | datacube.py:subpixellate:1807 | Resampling subslice 2/5
    INFO | 2026-08-24 13:32:36 | slittrace.py:get_radec_image:536 | Generating an RA/DEC image with slice_offset=-0.200
    INFO | 2026-08-24 13:32:37 | datacube.py:subpixellate:1807 | Resampling subslice 3/5
    INFO | 2026-08-24 13:32:37 | slittrace.py:get_radec_image:536 | Generating an RA/DEC image with slice_offset=0.000
    INFO | 2026-08-24 13:32:38 | datacube.py:subpixellate:1807 | Resampling subslice 4/5
    INFO | 2026-08-24 13:32:38 | slittrace.py:get_radec_image:536 | Generating an RA/DEC image with slice_offset=0.200
    INFO | 2026-08-24 13:32:38 | datacube.py:subpixellate:1807 | Resampling subslice 5/5
    INFO | 2026-08-24 13:32:38 | slittrace.py:get_radec_image:536 | Generating an RA/DEC image with slice_offset=0.400
    INFO | 2026-08-24 13:32:39 | datacube.py:subpixellate:1832 | Preparing subpixel weights
    INFO | 2026-08-24 13:32:42 | datacube.py:subpixellate:1772 | Resampling slit 6/24 of frame 1/6
    INFO | 2026-08-24 13:32:42 | datacube.py:subpixellate:1807 | Resampling subslice 1/5
    INFO | 2026-08-24 13:32:42 | slittrace.py:get_radec_image:536 | Generating an RA/DEC image with slice_offset=-0.400
    INFO | 2026-08-24 13:32:43 | datacube.py:subpixellate:1807 | Resampling subslice 2/5
    INFO | 2026-08-24 13:32:43 | slittrace.py:get_radec_image:536 | Generating an RA/DEC image with slice_offset=-0.200
    INFO | 2026-08-24 13:32:44 | datacube.py:subpixellate:1807 | Resampling subslice 3/5
    INFO | 2026-08-24 13:32:44 | slittrace.py:get_radec_image:536 | Generating an RA/DEC image with slice_offset=0.000
    INFO | 2026-08-24 13:32:45 | datacube.py:subpixellate:1807 | Resampling subslice 4/5
    INFO | 2026-08-24 13:32:45 | slittrace.py:get_radec_image:536 | Generating an RA/DEC image with slice_offset=0.200
    INFO | 2026-08-24 13:32:45 | datacube.py:subpixellate:1807 | Resampling subslice 5/5
    INFO | 2026-08-24 13:32:45 | slittrace.py:get_radec_image:536 | Generating an RA/DEC image with slice_offset=0.400
    INFO | 2026-08-24 13:32:46 | datacube.py:subpixellate:1832 | Preparing subpixel weights
    INFO | 2026-08-24 13:32:49 | datacube.py:subpixellate:1772 | Resampling slit 7/24 of frame 1/6
    INFO | 2026-08-24 13:32:49 | datacube.py:subpixellate:1807 | Resampling subslice 1/5
    INFO | 2026-08-24 13:32:49 | slittrace.py:get_radec_image:536 | Generating an RA/DEC image with slice_offset=-0.400
    INFO | 2026-08-24 13:32:50 | datacube.py:subpixellate:1807 | Resampling subslice 2/5
    INFO | 2026-08-24 13:32:50 | slittrace.py:get_radec_image:536 | Generating an RA/DEC image with slice_offset=-0.200
    INFO | 2026-08-24 13:32:51 | datacube.py:subpixellate:1807 | Resampling subslice 3/5
    INFO | 2026-08-24 13:32:51 | slittrace.py:get_radec_image:536 | Generating an RA/DEC image with slice_offset=0.000
    INFO | 2026-08-24 13:32:51 | datacube.py:subpixellate:1807 | Resampling subslice 4/5
    INFO | 2026-08-24 13:32:51 | slittrace.py:get_radec_image:536 | Generating an RA/DEC image with slice_offset=0.200
    INFO | 2026-08-24 13:32:52 | datacube.py:subpixellate:1807 | Resampling subslice 5/5
    INFO | 2026-08-24 13:32:52 | slittrace.py:get_radec_image:536 | Generating an RA/DEC image with slice_offset=0.400
    INFO | 2026-08-24 13:32:53 | datacube.py:subpixellate:1832 | Preparing subpixel weights
    INFO | 2026-08-24 13:32:56 | datacube.py:subpixellate:1772 | Resampling slit 8/24 of frame 1/6
    INFO | 2026-08-24 13:32:56 | datacube.py:subpixellate:1807 | Resampling subslice 1/5
    INFO | 2026-08-24 13:32:56 | slittrace.py:get_radec_image:536 | Generating an RA/DEC image with slice_offset=-0.400
    INFO | 2026-08-24 13:32:57 | datacube.py:subpixellate:1807 | Resampling subslice 2/5
    INFO | 2026-08-24 13:32:57 | slittrace.py:get_radec_image:536 | Generating an RA/DEC image with slice_offset=-0.200
    INFO | 2026-08-24 13:32:58 | datacube.py:subpixellate:1807 | Resampling subslice 3/5
    INFO | 2026-08-24 13:32:58 | slittrace.py:get_radec_image:536 | Generating an RA/DEC image with slice_offset=0.000
    INFO | 2026-08-24 13:32:58 | datacube.py:subpixellate:1807 | Resampling subslice 4/5
    INFO | 2026-08-24 13:32:58 | slittrace.py:get_radec_image:536 | Generating an RA/DEC image with slice_offset=0.200
    INFO | 2026-08-24 13:32:59 | datacube.py:subpixellate:1807 | Resampling subslice 5/5
    INFO | 2026-08-24 13:32:59 | slittrace.py:get_radec_image:536 | Generating an RA/DEC image with slice_offset=0.400
    INFO | 2026-08-24 13:33:00 | datacube.py:subpixellate:1832 | Preparing subpixel weights
    INFO | 2026-08-24 13:33:03 | datacube.py:subpixellate:1772 | Resampling slit 9/24 of frame 1/6
    INFO | 2026-08-24 13:33:03 | datacube.py:subpixellate:1807 | Resampling subslice 1/5
    INFO | 2026-08-24 13:33:03 | slittrace.py:get_radec_image:536 | Generating an RA/DEC image with slice_offset=-0.400
    INFO | 2026-08-24 13:33:04 | datacube.py:subpixellate:1807 | Resampling subslice 2/5
    INFO | 2026-08-24 13:33:04 | slittrace.py:get_radec_image:536 | Generating an RA/DEC image with slice_offset=-0.200
    INFO | 2026-08-24 13:33:05 | datacube.py:subpixellate:1807 | Resampling subslice 3/5
    INFO | 2026-08-24 13:33:05 | slittrace.py:get_radec_image:536 | Generating an RA/DEC image with slice_offset=0.000
    INFO | 2026-08-24 13:33:05 | datacube.py:subpixellate:1807 | Resampling subslice 4/5
    INFO | 2026-08-24 13:33:05 | slittrace.py:get_radec_image:536 | Generating an RA/DEC image with slice_offset=0.200
    INFO | 2026-08-24 13:33:06 | datacube.py:subpixellate:1807 | Resampling subslice 5/5
    INFO | 2026-08-24 13:33:06 | slittrace.py:get_radec_image:536 | Generating an RA/DEC image with slice_offset=0.400
    INFO | 2026-08-24 13:33:07 | datacube.py:subpixellate:1832 | Preparing subpixel weights
    INFO | 2026-08-24 13:33:10 | datacube.py:subpixellate:1772 | Resampling slit 10/24 of frame 1/6
    INFO | 2026-08-24 13:33:10 | datacube.py:subpixellate:1807 | Resampling subslice 1/5
    INFO | 2026-08-24 13:33:10 | slittrace.py:get_radec_image:536 | Generating an RA/DEC image with slice_offset=-0.400
    INFO | 2026-08-24 13:33:11 | datacube.py:subpixellate:1807 | Resampling subslice 2/5
    INFO | 2026-08-24 13:33:11 | slittrace.py:get_radec_image:536 | Generating an RA/DEC image with slice_offset=-0.200
    INFO | 2026-08-24 13:33:12 | datacube.py:subpixellate:1807 | Resampling subslice 3/5
    INFO | 2026-08-24 13:33:12 | slittrace.py:get_radec_image:536 | Generating an RA/DEC image with slice_offset=0.000
    INFO | 2026-08-24 13:33:13 | datacube.py:subpixellate:1807 | Resampling subslice 4/5
    INFO | 2026-08-24 13:33:13 | slittrace.py:get_radec_image:536 | Generating an RA/DEC image with slice_offset=0.200
    INFO | 2026-08-24 13:33:14 | datacube.py:subpixellate:1807 | Resampling subslice 5/5
    INFO | 2026-08-24 13:33:14 | slittrace.py:get_radec_image:536 | Generating an RA/DEC image with slice_offset=0.400
    INFO | 2026-08-24 13:33:14 | datacube.py:subpixellate:1832 | Preparing subpixel weights
    INFO | 2026-08-24 13:33:17 | datacube.py:subpixellate:1772 | Resampling slit 11/24 of frame 1/6
    INFO | 2026-08-24 13:33:18 | datacube.py:subpixellate:1807 | Resampling subslice 1/5
    INFO | 2026-08-24 13:33:18 | slittrace.py:get_radec_image:536 | Generating an RA/DEC image with slice_offset=-0.400
    INFO | 2026-08-24 13:33:18 | datacube.py:subpixellate:1807 | Resampling subslice 2/5
    INFO | 2026-08-24 13:33:18 | slittrace.py:get_radec_image:536 | Generating an RA/DEC image with slice_offset=-0.200
    INFO | 2026-08-24 13:33:19 | datacube.py:subpixellate:1807 | Resampling subslice 3/5
    INFO | 2026-08-24 13:33:19 | slittrace.py:get_radec_image:536 | Generating an RA/DEC image with slice_offset=0.000
    INFO | 2026-08-24 13:33:20 | datacube.py:subpixellate:1807 | Resampling subslice 4/5
    INFO | 2026-08-24 13:33:20 | slittrace.py:get_radec_image:536 | Generating an RA/DEC image with slice_offset=0.200
    INFO | 2026-08-24 13:33:21 | datacube.py:subpixellate:1807 | Resampling subslice 5/5
    INFO | 2026-08-24 13:33:21 | slittrace.py:get_radec_image:536 | Generating an RA/DEC image with slice_offset=0.400
    INFO | 2026-08-24 13:33:21 | datacube.py:subpixellate:1832 | Preparing subpixel weights
    INFO | 2026-08-24 13:33:24 | datacube.py:subpixellate:1772 | Resampling slit 12/24 of frame 1/6
    INFO | 2026-08-24 13:33:25 | datacube.py:subpixellate:1807 | Resampling subslice 1/5
    INFO | 2026-08-24 13:33:25 | slittrace.py:get_radec_image:536 | Generating an RA/DEC image with slice_offset=-0.400
    INFO | 2026-08-24 13:33:25 | datacube.py:subpixellate:1807 | Resampling subslice 2/5
    INFO | 2026-08-24 13:33:25 | slittrace.py:get_radec_image:536 | Generating an RA/DEC image with slice_offset=-0.200
    INFO | 2026-08-24 13:33:26 | datacube.py:subpixellate:1807 | Resampling subslice 3/5
    INFO | 2026-08-24 13:33:26 | slittrace.py:get_radec_image:536 | Generating an RA/DEC image with slice_offset=0.000
    INFO | 2026-08-24 13:33:27 | datacube.py:subpixellate:1807 | Resampling subslice 4/5
    INFO | 2026-08-24 13:33:27 | slittrace.py:get_radec_image:536 | Generating an RA/DEC image with slice_offset=0.200
    INFO | 2026-08-24 13:33:28 | datacube.py:subpixellate:1807 | Resampling subslice 5/5
    INFO | 2026-08-24 13:33:28 | slittrace.py:get_radec_image:536 | Generating an RA/DEC image with slice_offset=0.400
    INFO | 2026-08-24 13:33:29 | datacube.py:subpixellate:1832 | Preparing subpixel weights
    INFO | 2026-08-24 13:33:31 | datacube.py:subpixellate:1772 | Resampling slit 13/24 of frame 1/6
    INFO | 2026-08-24 13:33:32 | datacube.py:subpixellate:1807 | Resampling subslice 1/5
    INFO | 2026-08-24 13:33:32 | slittrace.py:get_radec_image:536 | Generating an RA/DEC image with slice_offset=-0.400
    INFO | 2026-08-24 13:33:33 | datacube.py:subpixellate:1807 | Resampling subslice 2/5
    INFO | 2026-08-24 13:33:33 | slittrace.py:get_radec_image:536 | Generating an RA/DEC image with slice_offset=-0.200
    INFO | 2026-08-24 13:33:33 | datacube.py:subpixellate:1807 | Resampling subslice 3/5
    INFO | 2026-08-24 13:33:33 | slittrace.py:get_radec_image:536 | Generating an RA/DEC image with slice_offset=0.000
    INFO | 2026-08-24 13:33:34 | datacube.py:subpixellate:1807 | Resampling subslice 4/5
    INFO | 2026-08-24 13:33:34 | slittrace.py:get_radec_image:536 | Generating an RA/DEC image with slice_offset=0.200
    INFO | 2026-08-24 13:33:35 | datacube.py:subpixellate:1807 | Resampling subslice 5/5
    INFO | 2026-08-24 13:33:35 | slittrace.py:get_radec_image:536 | Generating an RA/DEC image with slice_offset=0.400
    INFO | 2026-08-24 13:33:36 | datacube.py:subpixellate:1832 | Preparing subpixel weights
    INFO | 2026-08-24 13:33:38 | datacube.py:subpixellate:1772 | Resampling slit 14/24 of frame 1/6
    INFO | 2026-08-24 13:33:39 | datacube.py:subpixellate:1807 | Resampling subslice 1/5
    INFO | 2026-08-24 13:33:39 | slittrace.py:get_radec_image:536 | Generating an RA/DEC image with slice_offset=-0.400
    INFO | 2026-08-24 13:33:40 | datacube.py:subpixellate:1807 | Resampling subslice 2/5
    INFO | 2026-08-24 13:33:40 | slittrace.py:get_radec_image:536 | Generating an RA/DEC image with slice_offset=-0.200
    INFO | 2026-08-24 13:33:40 | datacube.py:subpixellate:1807 | Resampling subslice 3/5
    INFO | 2026-08-24 13:33:40 | slittrace.py:get_radec_image:536 | Generating an RA/DEC image with slice_offset=0.000
    INFO | 2026-08-24 13:33:41 | datacube.py:subpixellate:1807 | Resampling subslice 4/5
    INFO | 2026-08-24 13:33:41 | slittrace.py:get_radec_image:536 | Generating an RA/DEC image with slice_offset=0.200
    INFO | 2026-08-24 13:33:42 | datacube.py:subpixellate:1807 | Resampling subslice 5/5
    INFO | 2026-08-24 13:33:42 | slittrace.py:get_radec_image:536 | Generating an RA/DEC image with slice_offset=0.400
    INFO | 2026-08-24 13:33:43 | datacube.py:subpixellate:1832 | Preparing subpixel weights
    INFO | 2026-08-24 13:33:45 | datacube.py:subpixellate:1772 | Resampling slit 15/24 of frame 1/6
    INFO | 2026-08-24 13:33:46 | datacube.py:subpixellate:1807 | Resampling subslice 1/5
    INFO | 2026-08-24 13:33:46 | slittrace.py:get_radec_image:536 | Generating an RA/DEC image with slice_offset=-0.400
    INFO | 2026-08-24 13:33:47 | datacube.py:subpixellate:1807 | Resampling subslice 2/5
    INFO | 2026-08-24 13:33:47 | slittrace.py:get_radec_image:536 | Generating an RA/DEC image with slice_offset=-0.200
    INFO | 2026-08-24 13:33:47 | datacube.py:subpixellate:1807 | Resampling subslice 3/5
    INFO | 2026-08-24 13:33:47 | slittrace.py:get_radec_image:536 | Generating an RA/DEC image with slice_offset=0.000
    INFO | 2026-08-24 13:33:48 | datacube.py:subpixellate:1807 | Resampling subslice 4/5
    INFO | 2026-08-24 13:33:48 | slittrace.py:get_radec_image:536 | Generating an RA/DEC image with slice_offset=0.200
    INFO | 2026-08-24 13:33:49 | datacube.py:subpixellate:1807 | Resampling subslice 5/5
    INFO | 2026-08-24 13:33:49 | slittrace.py:get_radec_image:536 | Generating an RA/DEC image with slice_offset=0.400
    INFO | 2026-08-24 13:33:50 | datacube.py:subpixellate:1832 | Preparing subpixel weights
    INFO | 2026-08-24 13:33:52 | datacube.py:subpixellate:1772 | Resampling slit 16/24 of frame 1/6
    INFO | 2026-08-24 13:33:53 | datacube.py:subpixellate:1807 | Resampling subslice 1/5
    INFO | 2026-08-24 13:33:53 | slittrace.py:get_radec_image:536 | Generating an RA/DEC image with slice_offset=-0.400
    INFO | 2026-08-24 13:33:54 | datacube.py:subpixellate:1807 | Resampling subslice 2/5
    INFO | 2026-08-24 13:33:54 | slittrace.py:get_radec_image:536 | Generating an RA/DEC image with slice_offset=-0.200
    INFO | 2026-08-24 13:33:55 | datacube.py:subpixellate:1807 | Resampling subslice 3/5
    INFO | 2026-08-24 13:33:55 | slittrace.py:get_radec_image:536 | Generating an RA/DEC image with slice_offset=0.000
    INFO | 2026-08-24 13:33:55 | datacube.py:subpixellate:1807 | Resampling subslice 4/5
    INFO | 2026-08-24 13:33:55 | slittrace.py:get_radec_image:536 | Generating an RA/DEC image with slice_offset=0.200
    INFO | 2026-08-24 13:33:56 | datacube.py:subpixellate:1807 | Resampling subslice 5/5
    INFO | 2026-08-24 13:33:56 | slittrace.py:get_radec_image:536 | Generating an RA/DEC image with slice_offset=0.400
    INFO | 2026-08-24 13:33:57 | datacube.py:subpixellate:1832 | Preparing subpixel weights
    INFO | 2026-08-24 13:34:00 | datacube.py:subpixellate:1772 | Resampling slit 17/24 of frame 1/6
    INFO | 2026-08-24 13:34:00 | datacube.py:subpixellate:1807 | Resampling subslice 1/5
    INFO | 2026-08-24 13:34:00 | slittrace.py:get_radec_image:536 | Generating an RA/DEC image with slice_offset=-0.400
    INFO | 2026-08-24 13:34:01 | datacube.py:subpixellate:1807 | Resampling subslice 2/5
    INFO | 2026-08-24 13:34:01 | slittrace.py:get_radec_image:536 | Generating an RA/DEC image with slice_offset=-0.200
    INFO | 2026-08-24 13:34:02 | datacube.py:subpixellate:1807 | Resampling subslice 3/5
    INFO | 2026-08-24 13:34:02 | slittrace.py:get_radec_image:536 | Generating an RA/DEC image with slice_offset=0.000
    INFO | 2026-08-24 13:34:03 | datacube.py:subpixellate:1807 | Resampling subslice 4/5
    INFO | 2026-08-24 13:34:03 | slittrace.py:get_radec_image:536 | Generating an RA/DEC image with slice_offset=0.200
    INFO | 2026-08-24 13:34:03 | datacube.py:subpixellate:1807 | Resampling subslice 5/5
    INFO | 2026-08-24 13:34:03 | slittrace.py:get_radec_image:536 | Generating an RA/DEC image with slice_offset=0.400
    INFO | 2026-08-24 13:34:04 | datacube.py:subpixellate:1832 | Preparing subpixel weights
    INFO | 2026-08-24 13:34:07 | datacube.py:subpixellate:1772 | Resampling slit 18/24 of frame 1/6
    INFO | 2026-08-24 13:34:07 | datacube.py:subpixellate:1807 | Resampling subslice 1/5
    INFO | 2026-08-24 13:34:07 | slittrace.py:get_radec_image:536 | Generating an RA/DEC image with slice_offset=-0.400
    INFO | 2026-08-24 13:34:08 | datacube.py:subpixellate:1807 | Resampling subslice 2/5
    INFO | 2026-08-24 13:34:08 | slittrace.py:get_radec_image:536 | Generating an RA/DEC image with slice_offset=-0.200
    INFO | 2026-08-24 13:34:09 | datacube.py:subpixellate:1807 | Resampling subslice 3/5
    INFO | 2026-08-24 13:34:09 | slittrace.py:get_radec_image:536 | Generating an RA/DEC image with slice_offset=0.000
    INFO | 2026-08-24 13:34:10 | datacube.py:subpixellate:1807 | Resampling subslice 4/5
    INFO | 2026-08-24 13:34:10 | slittrace.py:get_radec_image:536 | Generating an RA/DEC image with slice_offset=0.200
    INFO | 2026-08-24 13:34:11 | datacube.py:subpixellate:1807 | Resampling subslice 5/5
    INFO | 2026-08-24 13:34:11 | slittrace.py:get_radec_image:536 | Generating an RA/DEC image with slice_offset=0.400
    INFO | 2026-08-24 13:34:11 | datacube.py:subpixellate:1832 | Preparing subpixel weights
    INFO | 2026-08-24 13:34:14 | datacube.py:subpixellate:1772 | Resampling slit 19/24 of frame 1/6
    INFO | 2026-08-24 13:34:15 | datacube.py:subpixellate:1807 | Resampling subslice 1/5
    INFO | 2026-08-24 13:34:15 | slittrace.py:get_radec_image:536 | Generating an RA/DEC image with slice_offset=-0.400
    INFO | 2026-08-24 13:34:16 | datacube.py:subpixellate:1807 | Resampling subslice 2/5
    INFO | 2026-08-24 13:34:16 | slittrace.py:get_radec_image:536 | Generating an RA/DEC image with slice_offset=-0.200
    INFO | 2026-08-24 13:34:16 | datacube.py:subpixellate:1807 | Resampling subslice 3/5
    INFO | 2026-08-24 13:34:16 | slittrace.py:get_radec_image:536 | Generating an RA/DEC image with slice_offset=0.000
    INFO | 2026-08-24 13:34:17 | datacube.py:subpixellate:1807 | Resampling subslice 4/5
    INFO | 2026-08-24 13:34:17 | slittrace.py:get_radec_image:536 | Generating an RA/DEC image with slice_offset=0.200
    INFO | 2026-08-24 13:34:18 | datacube.py:subpixellate:1807 | Resampling subslice 5/5
    INFO | 2026-08-24 13:34:18 | slittrace.py:get_radec_image:536 | Generating an RA/DEC image with slice_offset=0.400
    INFO | 2026-08-24 13:34:19 | datacube.py:subpixellate:1832 | Preparing subpixel weights
    INFO | 2026-08-24 13:34:22 | datacube.py:subpixellate:1772 | Resampling slit 20/24 of frame 1/6
    INFO | 2026-08-24 13:34:22 | datacube.py:subpixellate:1807 | Resampling subslice 1/5
    INFO | 2026-08-24 13:34:22 | slittrace.py:get_radec_image:536 | Generating an RA/DEC image with slice_offset=-0.400
    INFO | 2026-08-24 13:34:23 | datacube.py:subpixellate:1807 | Resampling subslice 2/5
    INFO | 2026-08-24 13:34:23 | slittrace.py:get_radec_image:536 | Generating an RA/DEC image with slice_offset=-0.200
    INFO | 2026-08-24 13:34:24 | datacube.py:subpixellate:1807 | Resampling subslice 3/5
    INFO | 2026-08-24 13:34:24 | slittrace.py:get_radec_image:536 | Generating an RA/DEC image with slice_offset=0.000
    INFO | 2026-08-24 13:34:25 | datacube.py:subpixellate:1807 | Resampling subslice 4/5
    INFO | 2026-08-24 13:34:25 | slittrace.py:get_radec_image:536 | Generating an RA/DEC image with slice_offset=0.200
    INFO | 2026-08-24 13:34:26 | datacube.py:subpixellate:1807 | Resampling subslice 5/5
    INFO | 2026-08-24 13:34:26 | slittrace.py:get_radec_image:536 | Generating an RA/DEC image with slice_offset=0.400
    INFO | 2026-08-24 13:34:26 | datacube.py:subpixellate:1832 | Preparing subpixel weights
    INFO | 2026-08-24 13:34:29 | datacube.py:subpixellate:1772 | Resampling slit 21/24 of frame 1/6
    INFO | 2026-08-24 13:34:30 | datacube.py:subpixellate:1807 | Resampling subslice 1/5
    INFO | 2026-08-24 13:34:30 | slittrace.py:get_radec_image:536 | Generating an RA/DEC image with slice_offset=-0.400
    INFO | 2026-08-24 13:34:31 | datacube.py:subpixellate:1807 | Resampling subslice 2/5
    INFO | 2026-08-24 13:34:31 | slittrace.py:get_radec_image:536 | Generating an RA/DEC image with slice_offset=-0.200
    INFO | 2026-08-24 13:34:31 | datacube.py:subpixellate:1807 | Resampling subslice 3/5
    INFO | 2026-08-24 13:34:31 | slittrace.py:get_radec_image:536 | Generating an RA/DEC image with slice_offset=0.000
    INFO | 2026-08-24 13:34:32 | datacube.py:subpixellate:1807 | Resampling subslice 4/5
    INFO | 2026-08-24 13:34:32 | slittrace.py:get_radec_image:536 | Generating an RA/DEC image with slice_offset=0.200
    INFO | 2026-08-24 13:34:33 | datacube.py:subpixellate:1807 | Resampling subslice 5/5
    INFO | 2026-08-24 13:34:33 | slittrace.py:get_radec_image:536 | Generating an RA/DEC image with slice_offset=0.400
    INFO | 2026-08-24 13:34:34 | datacube.py:subpixellate:1832 | Preparing subpixel weights
    INFO | 2026-08-24 13:34:37 | datacube.py:subpixellate:1772 | Resampling slit 22/24 of frame 1/6
    INFO | 2026-08-24 13:34:37 | datacube.py:subpixellate:1807 | Resampling subslice 1/5
    INFO | 2026-08-24 13:34:37 | slittrace.py:get_radec_image:536 | Generating an RA/DEC image with slice_offset=-0.400
    INFO | 2026-08-24 13:34:38 | datacube.py:subpixellate:1807 | Resampling subslice 2/5
    INFO | 2026-08-24 13:34:38 | slittrace.py:get_radec_image:536 | Generating an RA/DEC image with slice_offset=-0.200
    INFO | 2026-08-24 13:34:39 | datacube.py:subpixellate:1807 | Resampling subslice 3/5
    INFO | 2026-08-24 13:34:39 | slittrace.py:get_radec_image:536 | Generating an RA/DEC image with slice_offset=0.000
    INFO | 2026-08-24 13:34:39 | datacube.py:subpixellate:1807 | Resampling subslice 4/5
    INFO | 2026-08-24 13:34:39 | slittrace.py:get_radec_image:536 | Generating an RA/DEC image with slice_offset=0.200
    INFO | 2026-08-24 13:34:40 | datacube.py:subpixellate:1807 | Resampling subslice 5/5
    INFO | 2026-08-24 13:34:40 | slittrace.py:get_radec_image:536 | Generating an RA/DEC image with slice_offset=0.400
    INFO | 2026-08-24 13:34:41 | datacube.py:subpixellate:1832 | Preparing subpixel weights
    INFO | 2026-08-24 13:34:44 | datacube.py:subpixellate:1772 | Resampling slit 23/24 of frame 1/6
    INFO | 2026-08-24 13:34:44 | datacube.py:subpixellate:1807 | Resampling subslice 1/5
    INFO | 2026-08-24 13:34:44 | slittrace.py:get_radec_image:536 | Generating an RA/DEC image with slice_offset=-0.400
    INFO | 2026-08-24 13:34:45 | datacube.py:subpixellate:1807 | Resampling subslice 2/5
    INFO | 2026-08-24 13:34:45 | slittrace.py:get_radec_image:536 | Generating an RA/DEC image with slice_offset=-0.200
    INFO | 2026-08-24 13:34:46 | datacube.py:subpixellate:1807 | Resampling subslice 3/5
    INFO | 2026-08-24 13:34:46 | slittrace.py:get_radec_image:536 | Generating an RA/DEC image with slice_offset=0.000
    INFO | 2026-08-24 13:34:47 | datacube.py:subpixellate:1807 | Resampling subslice 4/5
    INFO | 2026-08-24 13:34:47 | slittrace.py:get_radec_image:536 | Generating an RA/DEC image with slice_offset=0.200
    INFO | 2026-08-24 13:34:48 | datacube.py:subpixellate:1807 | Resampling subslice 5/5
    INFO | 2026-08-24 13:34:48 | slittrace.py:get_radec_image:536 | Generating an RA/DEC image with slice_offset=0.400
    INFO | 2026-08-24 13:34:49 | datacube.py:subpixellate:1832 | Preparing subpixel weights
    INFO | 2026-08-24 13:34:51 | datacube.py:subpixellate:1772 | Resampling slit 24/24 of frame 1/6
    INFO | 2026-08-24 13:34:52 | datacube.py:subpixellate:1807 | Resampling subslice 1/5
    INFO | 2026-08-24 13:34:52 | slittrace.py:get_radec_image:536 | Generating an RA/DEC image with slice_offset=-0.400
    INFO | 2026-08-24 13:34:53 | datacube.py:subpixellate:1807 | Resampling subslice 2/5
    INFO | 2026-08-24 13:34:53 | slittrace.py:get_radec_image:536 | Generating an RA/DEC image with slice_offset=-0.200
    INFO | 2026-08-24 13:34:53 | datacube.py:subpixellate:1807 | Resampling subslice 3/5
    INFO | 2026-08-24 13:34:53 | slittrace.py:get_radec_image:536 | Generating an RA/DEC image with slice_offset=0.000
    INFO | 2026-08-24 13:34:54 | datacube.py:subpixellate:1807 | Resampling subslice 4/5
    INFO | 2026-08-24 13:34:54 | slittrace.py:get_radec_image:536 | Generating an RA/DEC image with slice_offset=0.200
    INFO | 2026-08-24 13:34:55 | datacube.py:subpixellate:1807 | Resampling subslice 5/5
    INFO | 2026-08-24 13:34:55 | slittrace.py:get_radec_image:536 | Generating an RA/DEC image with slice_offset=0.400
    INFO | 2026-08-24 13:34:56 | datacube.py:subpixellate:1832 | Preparing subpixel weights
    INFO | 2026-08-24 13:34:59 | datacube.py:subpixellate:1772 | Resampling slit 1/24 of frame 2/6
    INFO | 2026-08-24 13:34:59 | datacube.py:subpixellate:1807 | Resampling subslice 1/5
    INFO | 2026-08-24 13:34:59 | slittrace.py:get_radec_image:536 | Generating an RA/DEC image with slice_offset=-0.400
    INFO | 2026-08-24 13:35:00 | datacube.py:subpixellate:1807 | Resampling subslice 2/5
    INFO | 2026-08-24 13:35:00 | slittrace.py:get_radec_image:536 | Generating an RA/DEC image with slice_offset=-0.200
    INFO | 2026-08-24 13:35:01 | datacube.py:subpixellate:1807 | Resampling subslice 3/5
    INFO | 2026-08-24 13:35:01 | slittrace.py:get_radec_image:536 | Generating an RA/DEC image with slice_offset=0.000
    INFO | 2026-08-24 13:35:02 | datacube.py:subpixellate:1807 | Resampling subslice 4/5
    INFO | 2026-08-24 13:35:02 | slittrace.py:get_radec_image:536 | Generating an RA/DEC image with slice_offset=0.200
    INFO | 2026-08-24 13:35:03 | datacube.py:subpixellate:1807 | Resampling subslice 5/5
    INFO | 2026-08-24 13:35:03 | slittrace.py:get_radec_image:536 | Generating an RA/DEC image with slice_offset=0.400
    INFO | 2026-08-24 13:35:03 | datacube.py:subpixellate:1832 | Preparing subpixel weights
    INFO | 2026-08-24 13:35:06 | datacube.py:subpixellate:1772 | Resampling slit 2/24 of frame 2/6
    INFO | 2026-08-24 13:35:07 | datacube.py:subpixellate:1807 | Resampling subslice 1/5
    INFO | 2026-08-24 13:35:07 | slittrace.py:get_radec_image:536 | Generating an RA/DEC image with slice_offset=-0.400
    INFO | 2026-08-24 13:35:07 | datacube.py:subpixellate:1807 | Resampling subslice 2/5
    INFO | 2026-08-24 13:35:07 | slittrace.py:get_radec_image:536 | Generating an RA/DEC image with slice_offset=-0.200
    INFO | 2026-08-24 13:35:08 | datacube.py:subpixellate:1807 | Resampling subslice 3/5
    INFO | 2026-08-24 13:35:08 | slittrace.py:get_radec_image:536 | Generating an RA/DEC image with slice_offset=0.000
    INFO | 2026-08-24 13:35:09 | datacube.py:subpixellate:1807 | Resampling subslice 4/5
    INFO | 2026-08-24 13:35:09 | slittrace.py:get_radec_image:536 | Generating an RA/DEC image with slice_offset=0.200
    INFO | 2026-08-24 13:35:10 | datacube.py:subpixellate:1807 | Resampling subslice 5/5
    INFO | 2026-08-24 13:35:10 | slittrace.py:get_radec_image:536 | Generating an RA/DEC image with slice_offset=0.400
    INFO | 2026-08-24 13:35:11 | datacube.py:subpixellate:1832 | Preparing subpixel weights
    INFO | 2026-08-24 13:35:14 | datacube.py:subpixellate:1772 | Resampling slit 3/24 of frame 2/6
    INFO | 2026-08-24 13:35:14 | datacube.py:subpixellate:1807 | Resampling subslice 1/5
    INFO | 2026-08-24 13:35:14 | slittrace.py:get_radec_image:536 | Generating an RA/DEC image with slice_offset=-0.400
    INFO | 2026-08-24 13:35:15 | datacube.py:subpixellate:1807 | Resampling subslice 2/5
    INFO | 2026-08-24 13:35:15 | slittrace.py:get_radec_image:536 | Generating an RA/DEC image with slice_offset=-0.200
    INFO | 2026-08-24 13:35:16 | datacube.py:subpixellate:1807 | Resampling subslice 3/5
    INFO | 2026-08-24 13:35:16 | slittrace.py:get_radec_image:536 | Generating an RA/DEC image with slice_offset=0.000
    INFO | 2026-08-24 13:35:17 | datacube.py:subpixellate:1807 | Resampling subslice 4/5
    INFO | 2026-08-24 13:35:17 | slittrace.py:get_radec_image:536 | Generating an RA/DEC image with slice_offset=0.200
    INFO | 2026-08-24 13:35:17 | datacube.py:subpixellate:1807 | Resampling subslice 5/5
    INFO | 2026-08-24 13:35:17 | slittrace.py:get_radec_image:536 | Generating an RA/DEC image with slice_offset=0.400
    INFO | 2026-08-24 13:35:18 | datacube.py:subpixellate:1832 | Preparing subpixel weights
    INFO | 2026-08-24 13:35:21 | datacube.py:subpixellate:1772 | Resampling slit 4/24 of frame 2/6
    INFO | 2026-08-24 13:35:21 | datacube.py:subpixellate:1807 | Resampling subslice 1/5
    INFO | 2026-08-24 13:35:21 | slittrace.py:get_radec_image:536 | Generating an RA/DEC image with slice_offset=-0.400
    INFO | 2026-08-24 13:35:22 | datacube.py:subpixellate:1807 | Resampling subslice 2/5
    INFO | 2026-08-24 13:35:22 | slittrace.py:get_radec_image:536 | Generating an RA/DEC image with slice_offset=-0.200
    INFO | 2026-08-24 13:35:23 | datacube.py:subpixellate:1807 | Resampling subslice 3/5
    INFO | 2026-08-24 13:35:23 | slittrace.py:get_radec_image:536 | Generating an RA/DEC image with slice_offset=0.000
    INFO | 2026-08-24 13:35:24 | datacube.py:subpixellate:1807 | Resampling subslice 4/5
    INFO | 2026-08-24 13:35:24 | slittrace.py:get_radec_image:536 | Generating an RA/DEC image with slice_offset=0.200
    INFO | 2026-08-24 13:35:25 | datacube.py:subpixellate:1807 | Resampling subslice 5/5
    INFO | 2026-08-24 13:35:25 | slittrace.py:get_radec_image:536 | Generating an RA/DEC image with slice_offset=0.400
    INFO | 2026-08-24 13:35:26 | datacube.py:subpixellate:1832 | Preparing subpixel weights
    INFO | 2026-08-24 13:35:28 | datacube.py:subpixellate:1772 | Resampling slit 5/24 of frame 2/6
    INFO | 2026-08-24 13:35:29 | datacube.py:subpixellate:1807 | Resampling subslice 1/5
    INFO | 2026-08-24 13:35:29 | slittrace.py:get_radec_image:536 | Generating an RA/DEC image with slice_offset=-0.400
    INFO | 2026-08-24 13:35:30 | datacube.py:subpixellate:1807 | Resampling subslice 2/5
    INFO | 2026-08-24 13:35:30 | slittrace.py:get_radec_image:536 | Generating an RA/DEC image with slice_offset=-0.200
    INFO | 2026-08-24 13:35:30 | datacube.py:subpixellate:1807 | Resampling subslice 3/5
    INFO | 2026-08-24 13:35:30 | slittrace.py:get_radec_image:536 | Generating an RA/DEC image with slice_offset=0.000
    INFO | 2026-08-24 13:35:31 | datacube.py:subpixellate:1807 | Resampling subslice 4/5
    INFO | 2026-08-24 13:35:31 | slittrace.py:get_radec_image:536 | Generating an RA/DEC image with slice_offset=0.200
    INFO | 2026-08-24 13:35:32 | datacube.py:subpixellate:1807 | Resampling subslice 5/5
    INFO | 2026-08-24 13:35:32 | slittrace.py:get_radec_image:536 | Generating an RA/DEC image with slice_offset=0.400
    INFO | 2026-08-24 13:35:33 | datacube.py:subpixellate:1832 | Preparing subpixel weights
    INFO | 2026-08-24 13:35:36 | datacube.py:subpixellate:1772 | Resampling slit 6/24 of frame 2/6
    INFO | 2026-08-24 13:35:36 | datacube.py:subpixellate:1807 | Resampling subslice 1/5
    INFO | 2026-08-24 13:35:36 | slittrace.py:get_radec_image:536 | Generating an RA/DEC image with slice_offset=-0.400
    INFO | 2026-08-24 13:35:37 | datacube.py:subpixellate:1807 | Resampling subslice 2/5
    INFO | 2026-08-24 13:35:37 | slittrace.py:get_radec_image:536 | Generating an RA/DEC image with slice_offset=-0.200
    INFO | 2026-08-24 13:35:38 | datacube.py:subpixellate:1807 | Resampling subslice 3/5
    INFO | 2026-08-24 13:35:38 | slittrace.py:get_radec_image:536 | Generating an RA/DEC image with slice_offset=0.000
    INFO | 2026-08-24 13:35:39 | datacube.py:subpixellate:1807 | Resampling subslice 4/5
    INFO | 2026-08-24 13:35:39 | slittrace.py:get_radec_image:536 | Generating an RA/DEC image with slice_offset=0.200
    INFO | 2026-08-24 13:35:40 | datacube.py:subpixellate:1807 | Resampling subslice 5/5
    INFO | 2026-08-24 13:35:40 | slittrace.py:get_radec_image:536 | Generating an RA/DEC image with slice_offset=0.400
    INFO | 2026-08-24 13:35:40 | datacube.py:subpixellate:1832 | Preparing subpixel weights
    INFO | 2026-08-24 13:35:43 | datacube.py:subpixellate:1772 | Resampling slit 7/24 of frame 2/6
    INFO | 2026-08-24 13:35:44 | datacube.py:subpixellate:1807 | Resampling subslice 1/5
    INFO | 2026-08-24 13:35:44 | slittrace.py:get_radec_image:536 | Generating an RA/DEC image with slice_offset=-0.400
    INFO | 2026-08-24 13:35:45 | datacube.py:subpixellate:1807 | Resampling subslice 2/5
    INFO | 2026-08-24 13:35:45 | slittrace.py:get_radec_image:536 | Generating an RA/DEC image with slice_offset=-0.200
    INFO | 2026-08-24 13:35:45 | datacube.py:subpixellate:1807 | Resampling subslice 3/5
    INFO | 2026-08-24 13:35:45 | slittrace.py:get_radec_image:536 | Generating an RA/DEC image with slice_offset=0.000
    INFO | 2026-08-24 13:35:46 | datacube.py:subpixellate:1807 | Resampling subslice 4/5
    INFO | 2026-08-24 13:35:46 | slittrace.py:get_radec_image:536 | Generating an RA/DEC image with slice_offset=0.200
    INFO | 2026-08-24 13:35:47 | datacube.py:subpixellate:1807 | Resampling subslice 5/5
    INFO | 2026-08-24 13:35:47 | slittrace.py:get_radec_image:536 | Generating an RA/DEC image with slice_offset=0.400
    INFO | 2026-08-24 13:35:48 | datacube.py:subpixellate:1832 | Preparing subpixel weights
    INFO | 2026-08-24 13:35:51 | datacube.py:subpixellate:1772 | Resampling slit 8/24 of frame 2/6
    INFO | 2026-08-24 13:35:51 | datacube.py:subpixellate:1807 | Resampling subslice 1/5
    INFO | 2026-08-24 13:35:51 | slittrace.py:get_radec_image:536 | Generating an RA/DEC image with slice_offset=-0.400
    INFO | 2026-08-24 13:35:52 | datacube.py:subpixellate:1807 | Resampling subslice 2/5
    INFO | 2026-08-24 13:35:52 | slittrace.py:get_radec_image:536 | Generating an RA/DEC image with slice_offset=-0.200
    INFO | 2026-08-24 13:35:53 | datacube.py:subpixellate:1807 | Resampling subslice 3/5
    INFO | 2026-08-24 13:35:53 | slittrace.py:get_radec_image:536 | Generating an RA/DEC image with slice_offset=0.000
    INFO | 2026-08-24 13:35:54 | datacube.py:subpixellate:1807 | Resampling subslice 4/5
    INFO | 2026-08-24 13:35:54 | slittrace.py:get_radec_image:536 | Generating an RA/DEC image with slice_offset=0.200
    INFO | 2026-08-24 13:35:54 | datacube.py:subpixellate:1807 | Resampling subslice 5/5
    INFO | 2026-08-24 13:35:54 | slittrace.py:get_radec_image:536 | Generating an RA/DEC image with slice_offset=0.400
    INFO | 2026-08-24 13:35:55 | datacube.py:subpixellate:1832 | Preparing subpixel weights
    INFO | 2026-08-24 13:35:58 | datacube.py:subpixellate:1772 | Resampling slit 9/24 of frame 2/6
    INFO | 2026-08-24 13:35:58 | datacube.py:subpixellate:1807 | Resampling subslice 1/5
    INFO | 2026-08-24 13:35:58 | slittrace.py:get_radec_image:536 | Generating an RA/DEC image with slice_offset=-0.400
    INFO | 2026-08-24 13:35:59 | datacube.py:subpixellate:1807 | Resampling subslice 2/5
    INFO | 2026-08-24 13:35:59 | slittrace.py:get_radec_image:536 | Generating an RA/DEC image with slice_offset=-0.200
    INFO | 2026-08-24 13:36:00 | datacube.py:subpixellate:1807 | Resampling subslice 3/5
    INFO | 2026-08-24 13:36:00 | slittrace.py:get_radec_image:536 | Generating an RA/DEC image with slice_offset=0.000
    INFO | 2026-08-24 13:36:01 | datacube.py:subpixellate:1807 | Resampling subslice 4/5
    INFO | 2026-08-24 13:36:01 | slittrace.py:get_radec_image:536 | Generating an RA/DEC image with slice_offset=0.200
    INFO | 2026-08-24 13:36:02 | datacube.py:subpixellate:1807 | Resampling subslice 5/5
    INFO | 2026-08-24 13:36:02 | slittrace.py:get_radec_image:536 | Generating an RA/DEC image with slice_offset=0.400
    INFO | 2026-08-24 13:36:02 | datacube.py:subpixellate:1832 | Preparing subpixel weights
    INFO | 2026-08-24 13:36:05 | datacube.py:subpixellate:1772 | Resampling slit 10/24 of frame 2/6
    INFO | 2026-08-24 13:36:06 | datacube.py:subpixellate:1807 | Resampling subslice 1/5
    INFO | 2026-08-24 13:36:06 | slittrace.py:get_radec_image:536 | Generating an RA/DEC image with slice_offset=-0.400
    INFO | 2026-08-24 13:36:07 | datacube.py:subpixellate:1807 | Resampling subslice 2/5
    INFO | 2026-08-24 13:36:07 | slittrace.py:get_radec_image:536 | Generating an RA/DEC image with slice_offset=-0.200
    INFO | 2026-08-24 13:36:07 | datacube.py:subpixellate:1807 | Resampling subslice 3/5
    INFO | 2026-08-24 13:36:07 | slittrace.py:get_radec_image:536 | Generating an RA/DEC image with slice_offset=0.000
    INFO | 2026-08-24 13:36:08 | datacube.py:subpixellate:1807 | Resampling subslice 4/5
    INFO | 2026-08-24 13:36:08 | slittrace.py:get_radec_image:536 | Generating an RA/DEC image with slice_offset=0.200
    INFO | 2026-08-24 13:36:09 | datacube.py:subpixellate:1807 | Resampling subslice 5/5
    INFO | 2026-08-24 13:36:09 | slittrace.py:get_radec_image:536 | Generating an RA/DEC image with slice_offset=0.400
    INFO | 2026-08-24 13:36:10 | datacube.py:subpixellate:1832 | Preparing subpixel weights
    INFO | 2026-08-24 13:36:13 | datacube.py:subpixellate:1772 | Resampling slit 11/24 of frame 2/6
    INFO | 2026-08-24 13:36:13 | datacube.py:subpixellate:1807 | Resampling subslice 1/5
    INFO | 2026-08-24 13:36:13 | slittrace.py:get_radec_image:536 | Generating an RA/DEC image with slice_offset=-0.400
    INFO | 2026-08-24 13:36:14 | datacube.py:subpixellate:1807 | Resampling subslice 2/5
    INFO | 2026-08-24 13:36:14 | slittrace.py:get_radec_image:536 | Generating an RA/DEC image with slice_offset=-0.200
    INFO | 2026-08-24 13:36:15 | datacube.py:subpixellate:1807 | Resampling subslice 3/5
    INFO | 2026-08-24 13:36:15 | slittrace.py:get_radec_image:536 | Generating an RA/DEC image with slice_offset=0.000
    INFO | 2026-08-24 13:36:15 | datacube.py:subpixellate:1807 | Resampling subslice 4/5
    INFO | 2026-08-24 13:36:15 | slittrace.py:get_radec_image:536 | Generating an RA/DEC image with slice_offset=0.200
    INFO | 2026-08-24 13:36:16 | datacube.py:subpixellate:1807 | Resampling subslice 5/5
    INFO | 2026-08-24 13:36:16 | slittrace.py:get_radec_image:536 | Generating an RA/DEC image with slice_offset=0.400
    INFO | 2026-08-24 13:36:17 | datacube.py:subpixellate:1832 | Preparing subpixel weights
    INFO | 2026-08-24 13:36:20 | datacube.py:subpixellate:1772 | Resampling slit 12/24 of frame 2/6
    INFO | 2026-08-24 13:36:20 | datacube.py:subpixellate:1807 | Resampling subslice 1/5
    INFO | 2026-08-24 13:36:20 | slittrace.py:get_radec_image:536 | Generating an RA/DEC image with slice_offset=-0.400
    INFO | 2026-08-24 13:36:21 | datacube.py:subpixellate:1807 | Resampling subslice 2/5
    INFO | 2026-08-24 13:36:21 | slittrace.py:get_radec_image:536 | Generating an RA/DEC image with slice_offset=-0.200
    INFO | 2026-08-24 13:36:22 | datacube.py:subpixellate:1807 | Resampling subslice 3/5
    INFO | 2026-08-24 13:36:22 | slittrace.py:get_radec_image:536 | Generating an RA/DEC image with slice_offset=0.000
    INFO | 2026-08-24 13:36:23 | datacube.py:subpixellate:1807 | Resampling subslice 4/5
    INFO | 2026-08-24 13:36:23 | slittrace.py:get_radec_image:536 | Generating an RA/DEC image with slice_offset=0.200
    INFO | 2026-08-24 13:36:23 | datacube.py:subpixellate:1807 | Resampling subslice 5/5
    INFO | 2026-08-24 13:36:23 | slittrace.py:get_radec_image:536 | Generating an RA/DEC image with slice_offset=0.400
    INFO | 2026-08-24 13:36:24 | datacube.py:subpixellate:1832 | Preparing subpixel weights
    INFO | 2026-08-24 13:36:27 | datacube.py:subpixellate:1772 | Resampling slit 13/24 of frame 2/6
    INFO | 2026-08-24 13:36:27 | datacube.py:subpixellate:1807 | Resampling subslice 1/5
    INFO | 2026-08-24 13:36:27 | slittrace.py:get_radec_image:536 | Generating an RA/DEC image with slice_offset=-0.400
    INFO | 2026-08-24 13:36:28 | datacube.py:subpixellate:1807 | Resampling subslice 2/5
    INFO | 2026-08-24 13:36:28 | slittrace.py:get_radec_image:536 | Generating an RA/DEC image with slice_offset=-0.200
    INFO | 2026-08-24 13:36:29 | datacube.py:subpixellate:1807 | Resampling subslice 3/5
    INFO | 2026-08-24 13:36:29 | slittrace.py:get_radec_image:536 | Generating an RA/DEC image with slice_offset=0.000
    INFO | 2026-08-24 13:36:30 | datacube.py:subpixellate:1807 | Resampling subslice 4/5
    INFO | 2026-08-24 13:36:30 | slittrace.py:get_radec_image:536 | Generating an RA/DEC image with slice_offset=0.200
    INFO | 2026-08-24 13:36:31 | datacube.py:subpixellate:1807 | Resampling subslice 5/5
    INFO | 2026-08-24 13:36:31 | slittrace.py:get_radec_image:536 | Generating an RA/DEC image with slice_offset=0.400
    INFO | 2026-08-24 13:36:31 | datacube.py:subpixellate:1832 | Preparing subpixel weights
    INFO | 2026-08-24 13:36:34 | datacube.py:subpixellate:1772 | Resampling slit 14/24 of frame 2/6
    INFO | 2026-08-24 13:36:35 | datacube.py:subpixellate:1807 | Resampling subslice 1/5
    INFO | 2026-08-24 13:36:35 | slittrace.py:get_radec_image:536 | Generating an RA/DEC image with slice_offset=-0.400
    INFO | 2026-08-24 13:36:35 | datacube.py:subpixellate:1807 | Resampling subslice 2/5
    INFO | 2026-08-24 13:36:35 | slittrace.py:get_radec_image:536 | Generating an RA/DEC image with slice_offset=-0.200
    INFO | 2026-08-24 13:36:36 | datacube.py:subpixellate:1807 | Resampling subslice 3/5
    INFO | 2026-08-24 13:36:36 | slittrace.py:get_radec_image:536 | Generating an RA/DEC image with slice_offset=0.000
    INFO | 2026-08-24 13:36:37 | datacube.py:subpixellate:1807 | Resampling subslice 4/5
    INFO | 2026-08-24 13:36:37 | slittrace.py:get_radec_image:536 | Generating an RA/DEC image with slice_offset=0.200
    INFO | 2026-08-24 13:36:38 | datacube.py:subpixellate:1807 | Resampling subslice 5/5
    INFO | 2026-08-24 13:36:38 | slittrace.py:get_radec_image:536 | Generating an RA/DEC image with slice_offset=0.400
    INFO | 2026-08-24 13:36:39 | datacube.py:subpixellate:1832 | Preparing subpixel weights
    INFO | 2026-08-24 13:36:42 | datacube.py:subpixellate:1772 | Resampling slit 15/24 of frame 2/6
    INFO | 2026-08-24 13:36:42 | datacube.py:subpixellate:1807 | Resampling subslice 1/5
    INFO | 2026-08-24 13:36:42 | slittrace.py:get_radec_image:536 | Generating an RA/DEC image with slice_offset=-0.400
    INFO | 2026-08-24 13:36:43 | datacube.py:subpixellate:1807 | Resampling subslice 2/5
    INFO | 2026-08-24 13:36:43 | slittrace.py:get_radec_image:536 | Generating an RA/DEC image with slice_offset=-0.200
    INFO | 2026-08-24 13:36:44 | datacube.py:subpixellate:1807 | Resampling subslice 3/5
    INFO | 2026-08-24 13:36:44 | slittrace.py:get_radec_image:536 | Generating an RA/DEC image with slice_offset=0.000
    INFO | 2026-08-24 13:36:44 | datacube.py:subpixellate:1807 | Resampling subslice 4/5
    INFO | 2026-08-24 13:36:44 | slittrace.py:get_radec_image:536 | Generating an RA/DEC image with slice_offset=0.200
    INFO | 2026-08-24 13:36:45 | datacube.py:subpixellate:1807 | Resampling subslice 5/5
    INFO | 2026-08-24 13:36:45 | slittrace.py:get_radec_image:536 | Generating an RA/DEC image with slice_offset=0.400
    INFO | 2026-08-24 13:36:46 | datacube.py:subpixellate:1832 | Preparing subpixel weights
    INFO | 2026-08-24 13:36:49 | datacube.py:subpixellate:1772 | Resampling slit 16/24 of frame 2/6
    INFO | 2026-08-24 13:36:49 | datacube.py:subpixellate:1807 | Resampling subslice 1/5
    INFO | 2026-08-24 13:36:49 | slittrace.py:get_radec_image:536 | Generating an RA/DEC image with slice_offset=-0.400
    INFO | 2026-08-24 13:36:50 | datacube.py:subpixellate:1807 | Resampling subslice 2/5
    INFO | 2026-08-24 13:36:50 | slittrace.py:get_radec_image:536 | Generating an RA/DEC image with slice_offset=-0.200
    INFO | 2026-08-24 13:36:51 | datacube.py:subpixellate:1807 | Resampling subslice 3/5
    INFO | 2026-08-24 13:36:51 | slittrace.py:get_radec_image:536 | Generating an RA/DEC image with slice_offset=0.000
    INFO | 2026-08-24 13:36:52 | datacube.py:subpixellate:1807 | Resampling subslice 4/5
    INFO | 2026-08-24 13:36:52 | slittrace.py:get_radec_image:536 | Generating an RA/DEC image with slice_offset=0.200
    INFO | 2026-08-24 13:36:52 | datacube.py:subpixellate:1807 | Resampling subslice 5/5
    INFO | 2026-08-24 13:36:52 | slittrace.py:get_radec_image:536 | Generating an RA/DEC image with slice_offset=0.400
    INFO | 2026-08-24 13:36:53 | datacube.py:subpixellate:1832 | Preparing subpixel weights
    INFO | 2026-08-24 13:36:56 | datacube.py:subpixellate:1772 | Resampling slit 17/24 of frame 2/6
    INFO | 2026-08-24 13:36:56 | datacube.py:subpixellate:1807 | Resampling subslice 1/5
    INFO | 2026-08-24 13:36:56 | slittrace.py:get_radec_image:536 | Generating an RA/DEC image with slice_offset=-0.400
    INFO | 2026-08-24 13:36:57 | datacube.py:subpixellate:1807 | Resampling subslice 2/5
    INFO | 2026-08-24 13:36:57 | slittrace.py:get_radec_image:536 | Generating an RA/DEC image with slice_offset=-0.200
    INFO | 2026-08-24 13:36:58 | datacube.py:subpixellate:1807 | Resampling subslice 3/5
    INFO | 2026-08-24 13:36:58 | slittrace.py:get_radec_image:536 | Generating an RA/DEC image with slice_offset=0.000
    INFO | 2026-08-24 13:36:59 | datacube.py:subpixellate:1807 | Resampling subslice 4/5
    INFO | 2026-08-24 13:36:59 | slittrace.py:get_radec_image:536 | Generating an RA/DEC image with slice_offset=0.200
    INFO | 2026-08-24 13:37:00 | datacube.py:subpixellate:1807 | Resampling subslice 5/5
    INFO | 2026-08-24 13:37:00 | slittrace.py:get_radec_image:536 | Generating an RA/DEC image with slice_offset=0.400
    INFO | 2026-08-24 13:37:00 | datacube.py:subpixellate:1832 | Preparing subpixel weights
    INFO | 2026-08-24 13:37:03 | datacube.py:subpixellate:1772 | Resampling slit 18/24 of frame 2/6
    INFO | 2026-08-24 13:37:04 | datacube.py:subpixellate:1807 | Resampling subslice 1/5
    INFO | 2026-08-24 13:37:04 | slittrace.py:get_radec_image:536 | Generating an RA/DEC image with slice_offset=-0.400
    INFO | 2026-08-24 13:37:05 | datacube.py:subpixellate:1807 | Resampling subslice 2/5
    INFO | 2026-08-24 13:37:05 | slittrace.py:get_radec_image:536 | Generating an RA/DEC image with slice_offset=-0.200
    INFO | 2026-08-24 13:37:05 | datacube.py:subpixellate:1807 | Resampling subslice 3/5
    INFO | 2026-08-24 13:37:05 | slittrace.py:get_radec_image:536 | Generating an RA/DEC image with slice_offset=0.000
    INFO | 2026-08-24 13:37:06 | datacube.py:subpixellate:1807 | Resampling subslice 4/5
    INFO | 2026-08-24 13:37:06 | slittrace.py:get_radec_image:536 | Generating an RA/DEC image with slice_offset=0.200
    INFO | 2026-08-24 13:37:07 | datacube.py:subpixellate:1807 | Resampling subslice 5/5
    INFO | 2026-08-24 13:37:07 | slittrace.py:get_radec_image:536 | Generating an RA/DEC image with slice_offset=0.400
    INFO | 2026-08-24 13:37:08 | datacube.py:subpixellate:1832 | Preparing subpixel weights
    INFO | 2026-08-24 13:37:11 | datacube.py:subpixellate:1772 | Resampling slit 19/24 of frame 2/6
    INFO | 2026-08-24 13:37:11 | datacube.py:subpixellate:1807 | Resampling subslice 1/5
    INFO | 2026-08-24 13:37:11 | slittrace.py:get_radec_image:536 | Generating an RA/DEC image with slice_offset=-0.400
    INFO | 2026-08-24 13:37:12 | datacube.py:subpixellate:1807 | Resampling subslice 2/5
    INFO | 2026-08-24 13:37:12 | slittrace.py:get_radec_image:536 | Generating an RA/DEC image with slice_offset=-0.200
    INFO | 2026-08-24 13:37:13 | datacube.py:subpixellate:1807 | Resampling subslice 3/5
    INFO | 2026-08-24 13:37:13 | slittrace.py:get_radec_image:536 | Generating an RA/DEC image with slice_offset=0.000
    INFO | 2026-08-24 13:37:14 | datacube.py:subpixellate:1807 | Resampling subslice 4/5
    INFO | 2026-08-24 13:37:14 | slittrace.py:get_radec_image:536 | Generating an RA/DEC image with slice_offset=0.200
    INFO | 2026-08-24 13:37:14 | datacube.py:subpixellate:1807 | Resampling subslice 5/5
    INFO | 2026-08-24 13:37:14 | slittrace.py:get_radec_image:536 | Generating an RA/DEC image with slice_offset=0.400
    INFO | 2026-08-24 13:37:15 | datacube.py:subpixellate:1832 | Preparing subpixel weights
    INFO | 2026-08-24 13:37:18 | datacube.py:subpixellate:1772 | Resampling slit 20/24 of frame 2/6
    INFO | 2026-08-24 13:37:18 | datacube.py:subpixellate:1807 | Resampling subslice 1/5
    INFO | 2026-08-24 13:37:18 | slittrace.py:get_radec_image:536 | Generating an RA/DEC image with slice_offset=-0.400
    INFO | 2026-08-24 13:37:19 | datacube.py:subpixellate:1807 | Resampling subslice 2/5
    INFO | 2026-08-24 13:37:19 | slittrace.py:get_radec_image:536 | Generating an RA/DEC image with slice_offset=-0.200
    INFO | 2026-08-24 13:37:20 | datacube.py:subpixellate:1807 | Resampling subslice 3/5
    INFO | 2026-08-24 13:37:20 | slittrace.py:get_radec_image:536 | Generating an RA/DEC image with slice_offset=0.000
    INFO | 2026-08-24 13:37:21 | datacube.py:subpixellate:1807 | Resampling subslice 4/5
    INFO | 2026-08-24 13:37:21 | slittrace.py:get_radec_image:536 | Generating an RA/DEC image with slice_offset=0.200
    INFO | 2026-08-24 13:37:22 | datacube.py:subpixellate:1807 | Resampling subslice 5/5
    INFO | 2026-08-24 13:37:22 | slittrace.py:get_radec_image:536 | Generating an RA/DEC image with slice_offset=0.400
    INFO | 2026-08-24 13:37:22 | datacube.py:subpixellate:1832 | Preparing subpixel weights
    INFO | 2026-08-24 13:37:25 | datacube.py:subpixellate:1772 | Resampling slit 21/24 of frame 2/6
    INFO | 2026-08-24 13:37:26 | datacube.py:subpixellate:1807 | Resampling subslice 1/5
    INFO | 2026-08-24 13:37:26 | slittrace.py:get_radec_image:536 | Generating an RA/DEC image with slice_offset=-0.400
    INFO | 2026-08-24 13:37:26 | datacube.py:subpixellate:1807 | Resampling subslice 2/5
    INFO | 2026-08-24 13:37:26 | slittrace.py:get_radec_image:536 | Generating an RA/DEC image with slice_offset=-0.200
    INFO | 2026-08-24 13:37:27 | datacube.py:subpixellate:1807 | Resampling subslice 3/5
    INFO | 2026-08-24 13:37:27 | slittrace.py:get_radec_image:536 | Generating an RA/DEC image with slice_offset=0.000
    INFO | 2026-08-24 13:37:28 | datacube.py:subpixellate:1807 | Resampling subslice 4/5
    INFO | 2026-08-24 13:37:28 | slittrace.py:get_radec_image:536 | Generating an RA/DEC image with slice_offset=0.200
    INFO | 2026-08-24 13:37:29 | datacube.py:subpixellate:1807 | Resampling subslice 5/5
    INFO | 2026-08-24 13:37:29 | slittrace.py:get_radec_image:536 | Generating an RA/DEC image with slice_offset=0.400
    INFO | 2026-08-24 13:37:30 | datacube.py:subpixellate:1832 | Preparing subpixel weights
    INFO | 2026-08-24 13:37:33 | datacube.py:subpixellate:1772 | Resampling slit 22/24 of frame 2/6
    INFO | 2026-08-24 13:37:33 | datacube.py:subpixellate:1807 | Resampling subslice 1/5
    INFO | 2026-08-24 13:37:33 | slittrace.py:get_radec_image:536 | Generating an RA/DEC image with slice_offset=-0.400
    INFO | 2026-08-24 13:37:34 | datacube.py:subpixellate:1807 | Resampling subslice 2/5
    INFO | 2026-08-24 13:37:34 | slittrace.py:get_radec_image:536 | Generating an RA/DEC image with slice_offset=-0.200
    INFO | 2026-08-24 13:37:35 | datacube.py:subpixellate:1807 | Resampling subslice 3/5
    INFO | 2026-08-24 13:37:35 | slittrace.py:get_radec_image:536 | Generating an RA/DEC image with slice_offset=0.000
    INFO | 2026-08-24 13:37:35 | datacube.py:subpixellate:1807 | Resampling subslice 4/5
    INFO | 2026-08-24 13:37:35 | slittrace.py:get_radec_image:536 | Generating an RA/DEC image with slice_offset=0.200
    INFO | 2026-08-24 13:37:36 | datacube.py:subpixellate:1807 | Resampling subslice 5/5
    INFO | 2026-08-24 13:37:36 | slittrace.py:get_radec_image:536 | Generating an RA/DEC image with slice_offset=0.400
    INFO | 2026-08-24 13:37:37 | datacube.py:subpixellate:1832 | Preparing subpixel weights
    INFO | 2026-08-24 13:37:40 | datacube.py:subpixellate:1772 | Resampling slit 23/24 of frame 2/6
    INFO | 2026-08-24 13:37:40 | datacube.py:subpixellate:1807 | Resampling subslice 1/5
    INFO | 2026-08-24 13:37:40 | slittrace.py:get_radec_image:536 | Generating an RA/DEC image with slice_offset=-0.400
    INFO | 2026-08-24 13:37:41 | datacube.py:subpixellate:1807 | Resampling subslice 2/5
    INFO | 2026-08-24 13:37:41 | slittrace.py:get_radec_image:536 | Generating an RA/DEC image with slice_offset=-0.200
    INFO | 2026-08-24 13:37:42 | datacube.py:subpixellate:1807 | Resampling subslice 3/5
    INFO | 2026-08-24 13:37:42 | slittrace.py:get_radec_image:536 | Generating an RA/DEC image with slice_offset=0.000
    INFO | 2026-08-24 13:37:43 | datacube.py:subpixellate:1807 | Resampling subslice 4/5
    INFO | 2026-08-24 13:37:43 | slittrace.py:get_radec_image:536 | Generating an RA/DEC image with slice_offset=0.200
    INFO | 2026-08-24 13:37:44 | datacube.py:subpixellate:1807 | Resampling subslice 5/5
    INFO | 2026-08-24 13:37:44 | slittrace.py:get_radec_image:536 | Generating an RA/DEC image with slice_offset=0.400
    INFO | 2026-08-24 13:37:44 | datacube.py:subpixellate:1832 | Preparing subpixel weights
    INFO | 2026-08-24 13:37:47 | datacube.py:subpixellate:1772 | Resampling slit 24/24 of frame 2/6
    INFO | 2026-08-24 13:37:48 | datacube.py:subpixellate:1807 | Resampling subslice 1/5
    INFO | 2026-08-24 13:37:48 | slittrace.py:get_radec_image:536 | Generating an RA/DEC image with slice_offset=-0.400
    INFO | 2026-08-24 13:37:48 | datacube.py:subpixellate:1807 | Resampling subslice 2/5
    INFO | 2026-08-24 13:37:48 | slittrace.py:get_radec_image:536 | Generating an RA/DEC image with slice_offset=-0.200
    INFO | 2026-08-24 13:37:49 | datacube.py:subpixellate:1807 | Resampling subslice 3/5
    INFO | 2026-08-24 13:37:49 | slittrace.py:get_radec_image:536 | Generating an RA/DEC image with slice_offset=0.000
    INFO | 2026-08-24 13:37:50 | datacube.py:subpixellate:1807 | Resampling subslice 4/5
    INFO | 2026-08-24 13:37:50 | slittrace.py:get_radec_image:536 | Generating an RA/DEC image with slice_offset=0.200
    INFO | 2026-08-24 13:37:51 | datacube.py:subpixellate:1807 | Resampling subslice 5/5
    INFO | 2026-08-24 13:37:51 | slittrace.py:get_radec_image:536 | Generating an RA/DEC image with slice_offset=0.400
    INFO | 2026-08-24 13:37:52 | datacube.py:subpixellate:1832 | Preparing subpixel weights
    INFO | 2026-08-24 13:37:55 | datacube.py:subpixellate:1772 | Resampling slit 1/24 of frame 3/6
    INFO | 2026-08-24 13:37:55 | datacube.py:subpixellate:1807 | Resampling subslice 1/5
    INFO | 2026-08-24 13:37:55 | slittrace.py:get_radec_image:536 | Generating an RA/DEC image with slice_offset=-0.400
    INFO | 2026-08-24 13:37:56 | datacube.py:subpixellate:1807 | Resampling subslice 2/5
    INFO | 2026-08-24 13:37:56 | slittrace.py:get_radec_image:536 | Generating an RA/DEC image with slice_offset=-0.200
    INFO | 2026-08-24 13:37:57 | datacube.py:subpixellate:1807 | Resampling subslice 3/5
    INFO | 2026-08-24 13:37:57 | slittrace.py:get_radec_image:536 | Generating an RA/DEC image with slice_offset=0.000
    INFO | 2026-08-24 13:37:58 | datacube.py:subpixellate:1807 | Resampling subslice 4/5
    INFO | 2026-08-24 13:37:58 | slittrace.py:get_radec_image:536 | Generating an RA/DEC image with slice_offset=0.200
    INFO | 2026-08-24 13:37:58 | datacube.py:subpixellate:1807 | Resampling subslice 5/5
    INFO | 2026-08-24 13:37:58 | slittrace.py:get_radec_image:536 | Generating an RA/DEC image with slice_offset=0.400
    INFO | 2026-08-24 13:37:59 | datacube.py:subpixellate:1832 | Preparing subpixel weights
    INFO | 2026-08-24 13:38:02 | datacube.py:subpixellate:1772 | Resampling slit 2/24 of frame 3/6
    INFO | 2026-08-24 13:38:03 | datacube.py:subpixellate:1807 | Resampling subslice 1/5
    INFO | 2026-08-24 13:38:03 | slittrace.py:get_radec_image:536 | Generating an RA/DEC image with slice_offset=-0.400
    INFO | 2026-08-24 13:38:03 | datacube.py:subpixellate:1807 | Resampling subslice 2/5
    INFO | 2026-08-24 13:38:03 | slittrace.py:get_radec_image:536 | Generating an RA/DEC image with slice_offset=-0.200
    INFO | 2026-08-24 13:38:04 | datacube.py:subpixellate:1807 | Resampling subslice 3/5
    INFO | 2026-08-24 13:38:04 | slittrace.py:get_radec_image:536 | Generating an RA/DEC image with slice_offset=0.000
    INFO | 2026-08-24 13:38:05 | datacube.py:subpixellate:1807 | Resampling subslice 4/5
    INFO | 2026-08-24 13:38:05 | slittrace.py:get_radec_image:536 | Generating an RA/DEC image with slice_offset=0.200
    INFO | 2026-08-24 13:38:06 | datacube.py:subpixellate:1807 | Resampling subslice 5/5
    INFO | 2026-08-24 13:38:06 | slittrace.py:get_radec_image:536 | Generating an RA/DEC image with slice_offset=0.400
    INFO | 2026-08-24 13:38:07 | datacube.py:subpixellate:1832 | Preparing subpixel weights
    INFO | 2026-08-24 13:38:10 | datacube.py:subpixellate:1772 | Resampling slit 3/24 of frame 3/6
    INFO | 2026-08-24 13:38:10 | datacube.py:subpixellate:1807 | Resampling subslice 1/5
    INFO | 2026-08-24 13:38:10 | slittrace.py:get_radec_image:536 | Generating an RA/DEC image with slice_offset=-0.400
    INFO | 2026-08-24 13:38:11 | datacube.py:subpixellate:1807 | Resampling subslice 2/5
    INFO | 2026-08-24 13:38:11 | slittrace.py:get_radec_image:536 | Generating an RA/DEC image with slice_offset=-0.200
    INFO | 2026-08-24 13:38:12 | datacube.py:subpixellate:1807 | Resampling subslice 3/5
    INFO | 2026-08-24 13:38:12 | slittrace.py:get_radec_image:536 | Generating an RA/DEC image with slice_offset=0.000
    INFO | 2026-08-24 13:38:12 | datacube.py:subpixellate:1807 | Resampling subslice 4/5
    INFO | 2026-08-24 13:38:12 | slittrace.py:get_radec_image:536 | Generating an RA/DEC image with slice_offset=0.200
    INFO | 2026-08-24 13:38:13 | datacube.py:subpixellate:1807 | Resampling subslice 5/5
    INFO | 2026-08-24 13:38:13 | slittrace.py:get_radec_image:536 | Generating an RA/DEC image with slice_offset=0.400
    INFO | 2026-08-24 13:38:14 | datacube.py:subpixellate:1832 | Preparing subpixel weights
    INFO | 2026-08-24 13:38:17 | datacube.py:subpixellate:1772 | Resampling slit 4/24 of frame 3/6
    INFO | 2026-08-24 13:38:17 | datacube.py:subpixellate:1807 | Resampling subslice 1/5
    INFO | 2026-08-24 13:38:17 | slittrace.py:get_radec_image:536 | Generating an RA/DEC image with slice_offset=-0.400
    INFO | 2026-08-24 13:38:18 | datacube.py:subpixellate:1807 | Resampling subslice 2/5
    INFO | 2026-08-24 13:38:18 | slittrace.py:get_radec_image:536 | Generating an RA/DEC image with slice_offset=-0.200
    INFO | 2026-08-24 13:38:19 | datacube.py:subpixellate:1807 | Resampling subslice 3/5
    INFO | 2026-08-24 13:38:19 | slittrace.py:get_radec_image:536 | Generating an RA/DEC image with slice_offset=0.000
    INFO | 2026-08-24 13:38:20 | datacube.py:subpixellate:1807 | Resampling subslice 4/5
    INFO | 2026-08-24 13:38:20 | slittrace.py:get_radec_image:536 | Generating an RA/DEC image with slice_offset=0.200
    INFO | 2026-08-24 13:38:21 | datacube.py:subpixellate:1807 | Resampling subslice 5/5
    INFO | 2026-08-24 13:38:21 | slittrace.py:get_radec_image:536 | Generating an RA/DEC image with slice_offset=0.400
    INFO | 2026-08-24 13:38:22 | datacube.py:subpixellate:1832 | Preparing subpixel weights
    INFO | 2026-08-24 13:38:24 | datacube.py:subpixellate:1772 | Resampling slit 5/24 of frame 3/6
    INFO | 2026-08-24 13:38:25 | datacube.py:subpixellate:1807 | Resampling subslice 1/5
    INFO | 2026-08-24 13:38:25 | slittrace.py:get_radec_image:536 | Generating an RA/DEC image with slice_offset=-0.400
    INFO | 2026-08-24 13:38:26 | datacube.py:subpixellate:1807 | Resampling subslice 2/5
    INFO | 2026-08-24 13:38:26 | slittrace.py:get_radec_image:536 | Generating an RA/DEC image with slice_offset=-0.200
    INFO | 2026-08-24 13:38:26 | datacube.py:subpixellate:1807 | Resampling subslice 3/5
    INFO | 2026-08-24 13:38:26 | slittrace.py:get_radec_image:536 | Generating an RA/DEC image with slice_offset=0.000
    INFO | 2026-08-24 13:38:27 | datacube.py:subpixellate:1807 | Resampling subslice 4/5
    INFO | 2026-08-24 13:38:27 | slittrace.py:get_radec_image:536 | Generating an RA/DEC image with slice_offset=0.200
    INFO | 2026-08-24 13:38:28 | datacube.py:subpixellate:1807 | Resampling subslice 5/5
    INFO | 2026-08-24 13:38:28 | slittrace.py:get_radec_image:536 | Generating an RA/DEC image with slice_offset=0.400
    INFO | 2026-08-24 13:38:29 | datacube.py:subpixellate:1832 | Preparing subpixel weights
    INFO | 2026-08-24 13:38:32 | datacube.py:subpixellate:1772 | Resampling slit 6/24 of frame 3/6
    INFO | 2026-08-24 13:38:32 | datacube.py:subpixellate:1807 | Resampling subslice 1/5
    INFO | 2026-08-24 13:38:32 | slittrace.py:get_radec_image:536 | Generating an RA/DEC image with slice_offset=-0.400
    INFO | 2026-08-24 13:38:33 | datacube.py:subpixellate:1807 | Resampling subslice 2/5
    INFO | 2026-08-24 13:38:33 | slittrace.py:get_radec_image:536 | Generating an RA/DEC image with slice_offset=-0.200
    INFO | 2026-08-24 13:38:34 | datacube.py:subpixellate:1807 | Resampling subslice 3/5
    INFO | 2026-08-24 13:38:34 | slittrace.py:get_radec_image:536 | Generating an RA/DEC image with slice_offset=0.000
    INFO | 2026-08-24 13:38:35 | datacube.py:subpixellate:1807 | Resampling subslice 4/5
    INFO | 2026-08-24 13:38:35 | slittrace.py:get_radec_image:536 | Generating an RA/DEC image with slice_offset=0.200
    INFO | 2026-08-24 13:38:35 | datacube.py:subpixellate:1807 | Resampling subslice 5/5
    INFO | 2026-08-24 13:38:35 | slittrace.py:get_radec_image:536 | Generating an RA/DEC image with slice_offset=0.400
    INFO | 2026-08-24 13:38:36 | datacube.py:subpixellate:1832 | Preparing subpixel weights
    INFO | 2026-08-24 13:38:39 | datacube.py:subpixellate:1772 | Resampling slit 7/24 of frame 3/6
    INFO | 2026-08-24 13:38:40 | datacube.py:subpixellate:1807 | Resampling subslice 1/5
    INFO | 2026-08-24 13:38:40 | slittrace.py:get_radec_image:536 | Generating an RA/DEC image with slice_offset=-0.400
    INFO | 2026-08-24 13:38:40 | datacube.py:subpixellate:1807 | Resampling subslice 2/5
    INFO | 2026-08-24 13:38:40 | slittrace.py:get_radec_image:536 | Generating an RA/DEC image with slice_offset=-0.200
    INFO | 2026-08-24 13:38:41 | datacube.py:subpixellate:1807 | Resampling subslice 3/5
    INFO | 2026-08-24 13:38:41 | slittrace.py:get_radec_image:536 | Generating an RA/DEC image with slice_offset=0.000
    INFO | 2026-08-24 13:38:42 | datacube.py:subpixellate:1807 | Resampling subslice 4/5
    INFO | 2026-08-24 13:38:42 | slittrace.py:get_radec_image:536 | Generating an RA/DEC image with slice_offset=0.200
    INFO | 2026-08-24 13:38:43 | datacube.py:subpixellate:1807 | Resampling subslice 5/5
    INFO | 2026-08-24 13:38:43 | slittrace.py:get_radec_image:536 | Generating an RA/DEC image with slice_offset=0.400
    INFO | 2026-08-24 13:38:44 | datacube.py:subpixellate:1832 | Preparing subpixel weights
    INFO | 2026-08-24 13:38:47 | datacube.py:subpixellate:1772 | Resampling slit 8/24 of frame 3/6
    INFO | 2026-08-24 13:38:47 | datacube.py:subpixellate:1807 | Resampling subslice 1/5
    INFO | 2026-08-24 13:38:47 | slittrace.py:get_radec_image:536 | Generating an RA/DEC image with slice_offset=-0.400
    INFO | 2026-08-24 13:38:48 | datacube.py:subpixellate:1807 | Resampling subslice 2/5
    INFO | 2026-08-24 13:38:48 | slittrace.py:get_radec_image:536 | Generating an RA/DEC image with slice_offset=-0.200
    INFO | 2026-08-24 13:38:49 | datacube.py:subpixellate:1807 | Resampling subslice 3/5
    INFO | 2026-08-24 13:38:49 | slittrace.py:get_radec_image:536 | Generating an RA/DEC image with slice_offset=0.000
    INFO | 2026-08-24 13:38:50 | datacube.py:subpixellate:1807 | Resampling subslice 4/5
    INFO | 2026-08-24 13:38:50 | slittrace.py:get_radec_image:536 | Generating an RA/DEC image with slice_offset=0.200
    INFO | 2026-08-24 13:38:51 | datacube.py:subpixellate:1807 | Resampling subslice 5/5
    INFO | 2026-08-24 13:38:51 | slittrace.py:get_radec_image:536 | Generating an RA/DEC image with slice_offset=0.400
    INFO | 2026-08-24 13:38:51 | datacube.py:subpixellate:1832 | Preparing subpixel weights
    INFO | 2026-08-24 13:38:55 | datacube.py:subpixellate:1772 | Resampling slit 9/24 of frame 3/6
    INFO | 2026-08-24 13:38:55 | datacube.py:subpixellate:1807 | Resampling subslice 1/5
    INFO | 2026-08-24 13:38:55 | slittrace.py:get_radec_image:536 | Generating an RA/DEC image with slice_offset=-0.400
    INFO | 2026-08-24 13:38:56 | datacube.py:subpixellate:1807 | Resampling subslice 2/5
    INFO | 2026-08-24 13:38:56 | slittrace.py:get_radec_image:536 | Generating an RA/DEC image with slice_offset=-0.200
    INFO | 2026-08-24 13:38:57 | datacube.py:subpixellate:1807 | Resampling subslice 3/5
    INFO | 2026-08-24 13:38:57 | slittrace.py:get_radec_image:536 | Generating an RA/DEC image with slice_offset=0.000
    INFO | 2026-08-24 13:38:57 | datacube.py:subpixellate:1807 | Resampling subslice 4/5
    INFO | 2026-08-24 13:38:57 | slittrace.py:get_radec_image:536 | Generating an RA/DEC image with slice_offset=0.200
    INFO | 2026-08-24 13:38:58 | datacube.py:subpixellate:1807 | Resampling subslice 5/5
    INFO | 2026-08-24 13:38:58 | slittrace.py:get_radec_image:536 | Generating an RA/DEC image with slice_offset=0.400
    INFO | 2026-08-24 13:38:59 | datacube.py:subpixellate:1832 | Preparing subpixel weights
    INFO | 2026-08-24 13:39:02 | datacube.py:subpixellate:1772 | Resampling slit 10/24 of frame 3/6
    INFO | 2026-08-24 13:39:02 | datacube.py:subpixellate:1807 | Resampling subslice 1/5
    INFO | 2026-08-24 13:39:02 | slittrace.py:get_radec_image:536 | Generating an RA/DEC image with slice_offset=-0.400
    INFO | 2026-08-24 13:39:03 | datacube.py:subpixellate:1807 | Resampling subslice 2/5
    INFO | 2026-08-24 13:39:03 | slittrace.py:get_radec_image:536 | Generating an RA/DEC image with slice_offset=-0.200
    INFO | 2026-08-24 13:39:04 | datacube.py:subpixellate:1807 | Resampling subslice 3/5
    INFO | 2026-08-24 13:39:04 | slittrace.py:get_radec_image:536 | Generating an RA/DEC image with slice_offset=0.000
    INFO | 2026-08-24 13:39:05 | datacube.py:subpixellate:1807 | Resampling subslice 4/5
    INFO | 2026-08-24 13:39:05 | slittrace.py:get_radec_image:536 | Generating an RA/DEC image with slice_offset=0.200
    INFO | 2026-08-24 13:39:06 | datacube.py:subpixellate:1807 | Resampling subslice 5/5
    INFO | 2026-08-24 13:39:06 | slittrace.py:get_radec_image:536 | Generating an RA/DEC image with slice_offset=0.400
    INFO | 2026-08-24 13:39:06 | datacube.py:subpixellate:1832 | Preparing subpixel weights
    INFO | 2026-08-24 13:39:09 | datacube.py:subpixellate:1772 | Resampling slit 11/24 of frame 3/6
    INFO | 2026-08-24 13:39:10 | datacube.py:subpixellate:1807 | Resampling subslice 1/5
    INFO | 2026-08-24 13:39:10 | slittrace.py:get_radec_image:536 | Generating an RA/DEC image with slice_offset=-0.400
    INFO | 2026-08-24 13:39:11 | datacube.py:subpixellate:1807 | Resampling subslice 2/5
    INFO | 2026-08-24 13:39:11 | slittrace.py:get_radec_image:536 | Generating an RA/DEC image with slice_offset=-0.200
    INFO | 2026-08-24 13:39:11 | datacube.py:subpixellate:1807 | Resampling subslice 3/5
    INFO | 2026-08-24 13:39:11 | slittrace.py:get_radec_image:536 | Generating an RA/DEC image with slice_offset=0.000
    INFO | 2026-08-24 13:39:12 | datacube.py:subpixellate:1807 | Resampling subslice 4/5
    INFO | 2026-08-24 13:39:12 | slittrace.py:get_radec_image:536 | Generating an RA/DEC image with slice_offset=0.200
    INFO | 2026-08-24 13:39:13 | datacube.py:subpixellate:1807 | Resampling subslice 5/5
    INFO | 2026-08-24 13:39:13 | slittrace.py:get_radec_image:536 | Generating an RA/DEC image with slice_offset=0.400
    INFO | 2026-08-24 13:39:14 | datacube.py:subpixellate:1832 | Preparing subpixel weights
    INFO | 2026-08-24 13:39:17 | datacube.py:subpixellate:1772 | Resampling slit 12/24 of frame 3/6
    INFO | 2026-08-24 13:39:17 | datacube.py:subpixellate:1807 | Resampling subslice 1/5
    INFO | 2026-08-24 13:39:17 | slittrace.py:get_radec_image:536 | Generating an RA/DEC image with slice_offset=-0.400
    INFO | 2026-08-24 13:39:18 | datacube.py:subpixellate:1807 | Resampling subslice 2/5
    INFO | 2026-08-24 13:39:18 | slittrace.py:get_radec_image:536 | Generating an RA/DEC image with slice_offset=-0.200
    INFO | 2026-08-24 13:39:19 | datacube.py:subpixellate:1807 | Resampling subslice 3/5
    INFO | 2026-08-24 13:39:19 | slittrace.py:get_radec_image:536 | Generating an RA/DEC image with slice_offset=0.000
    INFO | 2026-08-24 13:39:20 | datacube.py:subpixellate:1807 | Resampling subslice 4/5
    INFO | 2026-08-24 13:39:20 | slittrace.py:get_radec_image:536 | Generating an RA/DEC image with slice_offset=0.200
    INFO | 2026-08-24 13:39:20 | datacube.py:subpixellate:1807 | Resampling subslice 5/5
    INFO | 2026-08-24 13:39:20 | slittrace.py:get_radec_image:536 | Generating an RA/DEC image with slice_offset=0.400
    INFO | 2026-08-24 13:39:21 | datacube.py:subpixellate:1832 | Preparing subpixel weights
    INFO | 2026-08-24 13:39:24 | datacube.py:subpixellate:1772 | Resampling slit 13/24 of frame 3/6
    INFO | 2026-08-24 13:39:24 | datacube.py:subpixellate:1807 | Resampling subslice 1/5
    INFO | 2026-08-24 13:39:24 | slittrace.py:get_radec_image:536 | Generating an RA/DEC image with slice_offset=-0.400
    INFO | 2026-08-24 13:39:25 | datacube.py:subpixellate:1807 | Resampling subslice 2/5
    INFO | 2026-08-24 13:39:25 | slittrace.py:get_radec_image:536 | Generating an RA/DEC image with slice_offset=-0.200
    INFO | 2026-08-24 13:39:26 | datacube.py:subpixellate:1807 | Resampling subslice 3/5
    INFO | 2026-08-24 13:39:26 | slittrace.py:get_radec_image:536 | Generating an RA/DEC image with slice_offset=0.000
    INFO | 2026-08-24 13:39:27 | datacube.py:subpixellate:1807 | Resampling subslice 4/5
    INFO | 2026-08-24 13:39:27 | slittrace.py:get_radec_image:536 | Generating an RA/DEC image with slice_offset=0.200
    INFO | 2026-08-24 13:39:28 | datacube.py:subpixellate:1807 | Resampling subslice 5/5
    INFO | 2026-08-24 13:39:28 | slittrace.py:get_radec_image:536 | Generating an RA/DEC image with slice_offset=0.400
    INFO | 2026-08-24 13:39:28 | datacube.py:subpixellate:1832 | Preparing subpixel weights
    INFO | 2026-08-24 13:39:31 | datacube.py:subpixellate:1772 | Resampling slit 14/24 of frame 3/6
    INFO | 2026-08-24 13:39:31 | datacube.py:subpixellate:1807 | Resampling subslice 1/5
    INFO | 2026-08-24 13:39:31 | slittrace.py:get_radec_image:536 | Generating an RA/DEC image with slice_offset=-0.400
    INFO | 2026-08-24 13:39:32 | datacube.py:subpixellate:1807 | Resampling subslice 2/5
    INFO | 2026-08-24 13:39:32 | slittrace.py:get_radec_image:536 | Generating an RA/DEC image with slice_offset=-0.200
    INFO | 2026-08-24 13:39:33 | datacube.py:subpixellate:1807 | Resampling subslice 3/5
    INFO | 2026-08-24 13:39:33 | slittrace.py:get_radec_image:536 | Generating an RA/DEC image with slice_offset=0.000
    INFO | 2026-08-24 13:39:34 | datacube.py:subpixellate:1807 | Resampling subslice 4/5
    INFO | 2026-08-24 13:39:34 | slittrace.py:get_radec_image:536 | Generating an RA/DEC image with slice_offset=0.200
    INFO | 2026-08-24 13:39:35 | datacube.py:subpixellate:1807 | Resampling subslice 5/5
    INFO | 2026-08-24 13:39:35 | slittrace.py:get_radec_image:536 | Generating an RA/DEC image with slice_offset=0.400
    INFO | 2026-08-24 13:39:35 | datacube.py:subpixellate:1832 | Preparing subpixel weights
    INFO | 2026-08-24 13:39:38 | datacube.py:subpixellate:1772 | Resampling slit 15/24 of frame 3/6
    INFO | 2026-08-24 13:39:38 | datacube.py:subpixellate:1807 | Resampling subslice 1/5
    INFO | 2026-08-24 13:39:38 | slittrace.py:get_radec_image:536 | Generating an RA/DEC image with slice_offset=-0.400
    INFO | 2026-08-24 13:39:39 | datacube.py:subpixellate:1807 | Resampling subslice 2/5
    INFO | 2026-08-24 13:39:39 | slittrace.py:get_radec_image:536 | Generating an RA/DEC image with slice_offset=-0.200
    INFO | 2026-08-24 13:39:40 | datacube.py:subpixellate:1807 | Resampling subslice 3/5
    INFO | 2026-08-24 13:39:40 | slittrace.py:get_radec_image:536 | Generating an RA/DEC image with slice_offset=0.000
    INFO | 2026-08-24 13:39:41 | datacube.py:subpixellate:1807 | Resampling subslice 4/5
    INFO | 2026-08-24 13:39:41 | slittrace.py:get_radec_image:536 | Generating an RA/DEC image with slice_offset=0.200
    INFO | 2026-08-24 13:39:41 | datacube.py:subpixellate:1807 | Resampling subslice 5/5
    INFO | 2026-08-24 13:39:41 | slittrace.py:get_radec_image:536 | Generating an RA/DEC image with slice_offset=0.400
    INFO | 2026-08-24 13:39:42 | datacube.py:subpixellate:1832 | Preparing subpixel weights
    INFO | 2026-08-24 13:39:45 | datacube.py:subpixellate:1772 | Resampling slit 16/24 of frame 3/6
    INFO | 2026-08-24 13:39:45 | datacube.py:subpixellate:1807 | Resampling subslice 1/5
    INFO | 2026-08-24 13:39:45 | slittrace.py:get_radec_image:536 | Generating an RA/DEC image with slice_offset=-0.400
    INFO | 2026-08-24 13:39:46 | datacube.py:subpixellate:1807 | Resampling subslice 2/5
    INFO | 2026-08-24 13:39:46 | slittrace.py:get_radec_image:536 | Generating an RA/DEC image with slice_offset=-0.200
    INFO | 2026-08-24 13:39:47 | datacube.py:subpixellate:1807 | Resampling subslice 3/5
    INFO | 2026-08-24 13:39:47 | slittrace.py:get_radec_image:536 | Generating an RA/DEC image with slice_offset=0.000
    INFO | 2026-08-24 13:39:48 | datacube.py:subpixellate:1807 | Resampling subslice 4/5
    INFO | 2026-08-24 13:39:48 | slittrace.py:get_radec_image:536 | Generating an RA/DEC image with slice_offset=0.200
    INFO | 2026-08-24 13:39:48 | datacube.py:subpixellate:1807 | Resampling subslice 5/5
    INFO | 2026-08-24 13:39:48 | slittrace.py:get_radec_image:536 | Generating an RA/DEC image with slice_offset=0.400
    INFO | 2026-08-24 13:39:49 | datacube.py:subpixellate:1832 | Preparing subpixel weights
    INFO | 2026-08-24 13:39:52 | datacube.py:subpixellate:1772 | Resampling slit 17/24 of frame 3/6
    INFO | 2026-08-24 13:39:52 | datacube.py:subpixellate:1807 | Resampling subslice 1/5
    INFO | 2026-08-24 13:39:52 | slittrace.py:get_radec_image:536 | Generating an RA/DEC image with slice_offset=-0.400
    INFO | 2026-08-24 13:39:53 | datacube.py:subpixellate:1807 | Resampling subslice 2/5
    INFO | 2026-08-24 13:39:53 | slittrace.py:get_radec_image:536 | Generating an RA/DEC image with slice_offset=-0.200
    INFO | 2026-08-24 13:39:54 | datacube.py:subpixellate:1807 | Resampling subslice 3/5
    INFO | 2026-08-24 13:39:54 | slittrace.py:get_radec_image:536 | Generating an RA/DEC image with slice_offset=0.000
    INFO | 2026-08-24 13:39:55 | datacube.py:subpixellate:1807 | Resampling subslice 4/5
    INFO | 2026-08-24 13:39:55 | slittrace.py:get_radec_image:536 | Generating an RA/DEC image with slice_offset=0.200
    INFO | 2026-08-24 13:39:56 | datacube.py:subpixellate:1807 | Resampling subslice 5/5
    INFO | 2026-08-24 13:39:56 | slittrace.py:get_radec_image:536 | Generating an RA/DEC image with slice_offset=0.400
    INFO | 2026-08-24 13:39:57 | datacube.py:subpixellate:1832 | Preparing subpixel weights
    INFO | 2026-08-24 13:39:59 | datacube.py:subpixellate:1772 | Resampling slit 18/24 of frame 3/6
    INFO | 2026-08-24 13:40:00 | datacube.py:subpixellate:1807 | Resampling subslice 1/5
    INFO | 2026-08-24 13:40:00 | slittrace.py:get_radec_image:536 | Generating an RA/DEC image with slice_offset=-0.400
    INFO | 2026-08-24 13:40:01 | datacube.py:subpixellate:1807 | Resampling subslice 2/5
    INFO | 2026-08-24 13:40:01 | slittrace.py:get_radec_image:536 | Generating an RA/DEC image with slice_offset=-0.200
    INFO | 2026-08-24 13:40:01 | datacube.py:subpixellate:1807 | Resampling subslice 3/5
    INFO | 2026-08-24 13:40:01 | slittrace.py:get_radec_image:536 | Generating an RA/DEC image with slice_offset=0.000
    INFO | 2026-08-24 13:40:02 | datacube.py:subpixellate:1807 | Resampling subslice 4/5
    INFO | 2026-08-24 13:40:02 | slittrace.py:get_radec_image:536 | Generating an RA/DEC image with slice_offset=0.200
    INFO | 2026-08-24 13:40:03 | datacube.py:subpixellate:1807 | Resampling subslice 5/5
    INFO | 2026-08-24 13:40:03 | slittrace.py:get_radec_image:536 | Generating an RA/DEC image with slice_offset=0.400
    INFO | 2026-08-24 13:40:04 | datacube.py:subpixellate:1832 | Preparing subpixel weights
    INFO | 2026-08-24 13:40:07 | datacube.py:subpixellate:1772 | Resampling slit 19/24 of frame 3/6
    INFO | 2026-08-24 13:40:07 | datacube.py:subpixellate:1807 | Resampling subslice 1/5
    INFO | 2026-08-24 13:40:07 | slittrace.py:get_radec_image:536 | Generating an RA/DEC image with slice_offset=-0.400
    INFO | 2026-08-24 13:40:08 | datacube.py:subpixellate:1807 | Resampling subslice 2/5
    INFO | 2026-08-24 13:40:08 | slittrace.py:get_radec_image:536 | Generating an RA/DEC image with slice_offset=-0.200
    INFO | 2026-08-24 13:40:09 | datacube.py:subpixellate:1807 | Resampling subslice 3/5
    INFO | 2026-08-24 13:40:09 | slittrace.py:get_radec_image:536 | Generating an RA/DEC image with slice_offset=0.000
    INFO | 2026-08-24 13:40:10 | datacube.py:subpixellate:1807 | Resampling subslice 4/5
    INFO | 2026-08-24 13:40:10 | slittrace.py:get_radec_image:536 | Generating an RA/DEC image with slice_offset=0.200
    INFO | 2026-08-24 13:40:10 | datacube.py:subpixellate:1807 | Resampling subslice 5/5
    INFO | 2026-08-24 13:40:10 | slittrace.py:get_radec_image:536 | Generating an RA/DEC image with slice_offset=0.400
    INFO | 2026-08-24 13:40:11 | datacube.py:subpixellate:1832 | Preparing subpixel weights
    INFO | 2026-08-24 13:40:14 | datacube.py:subpixellate:1772 | Resampling slit 20/24 of frame 3/6
    INFO | 2026-08-24 13:40:14 | datacube.py:subpixellate:1807 | Resampling subslice 1/5
    INFO | 2026-08-24 13:40:14 | slittrace.py:get_radec_image:536 | Generating an RA/DEC image with slice_offset=-0.400
    INFO | 2026-08-24 13:40:15 | datacube.py:subpixellate:1807 | Resampling subslice 2/5
    INFO | 2026-08-24 13:40:15 | slittrace.py:get_radec_image:536 | Generating an RA/DEC image with slice_offset=-0.200
    INFO | 2026-08-24 13:40:16 | datacube.py:subpixellate:1807 | Resampling subslice 3/5
    INFO | 2026-08-24 13:40:16 | slittrace.py:get_radec_image:536 | Generating an RA/DEC image with slice_offset=0.000
    INFO | 2026-08-24 13:40:17 | datacube.py:subpixellate:1807 | Resampling subslice 4/5
    INFO | 2026-08-24 13:40:17 | slittrace.py:get_radec_image:536 | Generating an RA/DEC image with slice_offset=0.200
    INFO | 2026-08-24 13:40:18 | datacube.py:subpixellate:1807 | Resampling subslice 5/5
    INFO | 2026-08-24 13:40:18 | slittrace.py:get_radec_image:536 | Generating an RA/DEC image with slice_offset=0.400
    INFO | 2026-08-24 13:40:18 | datacube.py:subpixellate:1832 | Preparing subpixel weights
    INFO | 2026-08-24 13:40:21 | datacube.py:subpixellate:1772 | Resampling slit 21/24 of frame 3/6
    INFO | 2026-08-24 13:40:22 | datacube.py:subpixellate:1807 | Resampling subslice 1/5
    INFO | 2026-08-24 13:40:22 | slittrace.py:get_radec_image:536 | Generating an RA/DEC image with slice_offset=-0.400
    INFO | 2026-08-24 13:40:23 | datacube.py:subpixellate:1807 | Resampling subslice 2/5
    INFO | 2026-08-24 13:40:23 | slittrace.py:get_radec_image:536 | Generating an RA/DEC image with slice_offset=-0.200
    INFO | 2026-08-24 13:40:23 | datacube.py:subpixellate:1807 | Resampling subslice 3/5
    INFO | 2026-08-24 13:40:23 | slittrace.py:get_radec_image:536 | Generating an RA/DEC image with slice_offset=0.000
    INFO | 2026-08-24 13:40:24 | datacube.py:subpixellate:1807 | Resampling subslice 4/5
    INFO | 2026-08-24 13:40:24 | slittrace.py:get_radec_image:536 | Generating an RA/DEC image with slice_offset=0.200
    INFO | 2026-08-24 13:40:25 | datacube.py:subpixellate:1807 | Resampling subslice 5/5
    INFO | 2026-08-24 13:40:25 | slittrace.py:get_radec_image:536 | Generating an RA/DEC image with slice_offset=0.400
    INFO | 2026-08-24 13:40:26 | datacube.py:subpixellate:1832 | Preparing subpixel weights
    INFO | 2026-08-24 13:40:29 | datacube.py:subpixellate:1772 | Resampling slit 22/24 of frame 3/6
    INFO | 2026-08-24 13:40:29 | datacube.py:subpixellate:1807 | Resampling subslice 1/5
    INFO | 2026-08-24 13:40:29 | slittrace.py:get_radec_image:536 | Generating an RA/DEC image with slice_offset=-0.400
    INFO | 2026-08-24 13:40:30 | datacube.py:subpixellate:1807 | Resampling subslice 2/5
    INFO | 2026-08-24 13:40:30 | slittrace.py:get_radec_image:536 | Generating an RA/DEC image with slice_offset=-0.200
    INFO | 2026-08-24 13:40:31 | datacube.py:subpixellate:1807 | Resampling subslice 3/5
    INFO | 2026-08-24 13:40:31 | slittrace.py:get_radec_image:536 | Generating an RA/DEC image with slice_offset=0.000
    INFO | 2026-08-24 13:40:31 | datacube.py:subpixellate:1807 | Resampling subslice 4/5
    INFO | 2026-08-24 13:40:31 | slittrace.py:get_radec_image:536 | Generating an RA/DEC image with slice_offset=0.200
    INFO | 2026-08-24 13:40:32 | datacube.py:subpixellate:1807 | Resampling subslice 5/5
    INFO | 2026-08-24 13:40:32 | slittrace.py:get_radec_image:536 | Generating an RA/DEC image with slice_offset=0.400
    INFO | 2026-08-24 13:40:33 | datacube.py:subpixellate:1832 | Preparing subpixel weights
    INFO | 2026-08-24 13:40:36 | datacube.py:subpixellate:1772 | Resampling slit 23/24 of frame 3/6
    INFO | 2026-08-24 13:40:36 | datacube.py:subpixellate:1807 | Resampling subslice 1/5
    INFO | 2026-08-24 13:40:36 | slittrace.py:get_radec_image:536 | Generating an RA/DEC image with slice_offset=-0.400
    INFO | 2026-08-24 13:40:37 | datacube.py:subpixellate:1807 | Resampling subslice 2/5
    INFO | 2026-08-24 13:40:37 | slittrace.py:get_radec_image:536 | Generating an RA/DEC image with slice_offset=-0.200
    INFO | 2026-08-24 13:40:38 | datacube.py:subpixellate:1807 | Resampling subslice 3/5
    INFO | 2026-08-24 13:40:38 | slittrace.py:get_radec_image:536 | Generating an RA/DEC image with slice_offset=0.000
    INFO | 2026-08-24 13:40:38 | datacube.py:subpixellate:1807 | Resampling subslice 4/5
    INFO | 2026-08-24 13:40:38 | slittrace.py:get_radec_image:536 | Generating an RA/DEC image with slice_offset=0.200
    INFO | 2026-08-24 13:40:39 | datacube.py:subpixellate:1807 | Resampling subslice 5/5
    INFO | 2026-08-24 13:40:39 | slittrace.py:get_radec_image:536 | Generating an RA/DEC image with slice_offset=0.400
    INFO | 2026-08-24 13:40:40 | datacube.py:subpixellate:1832 | Preparing subpixel weights
    INFO | 2026-08-24 13:40:43 | datacube.py:subpixellate:1772 | Resampling slit 24/24 of frame 3/6
    INFO | 2026-08-24 13:40:43 | datacube.py:subpixellate:1807 | Resampling subslice 1/5
    INFO | 2026-08-24 13:40:43 | slittrace.py:get_radec_image:536 | Generating an RA/DEC image with slice_offset=-0.400
    INFO | 2026-08-24 13:40:44 | datacube.py:subpixellate:1807 | Resampling subslice 2/5
    INFO | 2026-08-24 13:40:44 | slittrace.py:get_radec_image:536 | Generating an RA/DEC image with slice_offset=-0.200
    INFO | 2026-08-24 13:40:45 | datacube.py:subpixellate:1807 | Resampling subslice 3/5
    INFO | 2026-08-24 13:40:45 | slittrace.py:get_radec_image:536 | Generating an RA/DEC image with slice_offset=0.000
    INFO | 2026-08-24 13:40:46 | datacube.py:subpixellate:1807 | Resampling subslice 4/5
    INFO | 2026-08-24 13:40:46 | slittrace.py:get_radec_image:536 | Generating an RA/DEC image with slice_offset=0.200
    INFO | 2026-08-24 13:40:46 | datacube.py:subpixellate:1807 | Resampling subslice 5/5
    INFO | 2026-08-24 13:40:46 | slittrace.py:get_radec_image:536 | Generating an RA/DEC image with slice_offset=0.400
    INFO | 2026-08-24 13:40:47 | datacube.py:subpixellate:1832 | Preparing subpixel weights
    INFO | 2026-08-24 13:40:50 | datacube.py:subpixellate:1772 | Resampling slit 1/24 of frame 4/6
    INFO | 2026-08-24 13:40:50 | datacube.py:subpixellate:1807 | Resampling subslice 1/5
    INFO | 2026-08-24 13:40:50 | slittrace.py:get_radec_image:536 | Generating an RA/DEC image with slice_offset=-0.400
    INFO | 2026-08-24 13:40:51 | datacube.py:subpixellate:1807 | Resampling subslice 2/5
    INFO | 2026-08-24 13:40:51 | slittrace.py:get_radec_image:536 | Generating an RA/DEC image with slice_offset=-0.200
    INFO | 2026-08-24 13:40:52 | datacube.py:subpixellate:1807 | Resampling subslice 3/5
    INFO | 2026-08-24 13:40:52 | slittrace.py:get_radec_image:536 | Generating an RA/DEC image with slice_offset=0.000
    INFO | 2026-08-24 13:40:53 | datacube.py:subpixellate:1807 | Resampling subslice 4/5
    INFO | 2026-08-24 13:40:53 | slittrace.py:get_radec_image:536 | Generating an RA/DEC image with slice_offset=0.200
    INFO | 2026-08-24 13:40:54 | datacube.py:subpixellate:1807 | Resampling subslice 5/5
    INFO | 2026-08-24 13:40:54 | slittrace.py:get_radec_image:536 | Generating an RA/DEC image with slice_offset=0.400
    INFO | 2026-08-24 13:40:55 | datacube.py:subpixellate:1832 | Preparing subpixel weights
    INFO | 2026-08-24 13:40:58 | datacube.py:subpixellate:1772 | Resampling slit 2/24 of frame 4/6
    INFO | 2026-08-24 13:40:58 | datacube.py:subpixellate:1807 | Resampling subslice 1/5
    INFO | 2026-08-24 13:40:58 | slittrace.py:get_radec_image:536 | Generating an RA/DEC image with slice_offset=-0.400
    INFO | 2026-08-24 13:40:59 | datacube.py:subpixellate:1807 | Resampling subslice 2/5
    INFO | 2026-08-24 13:40:59 | slittrace.py:get_radec_image:536 | Generating an RA/DEC image with slice_offset=-0.200
    INFO | 2026-08-24 13:41:00 | datacube.py:subpixellate:1807 | Resampling subslice 3/5
    INFO | 2026-08-24 13:41:00 | slittrace.py:get_radec_image:536 | Generating an RA/DEC image with slice_offset=0.000
    INFO | 2026-08-24 13:41:01 | datacube.py:subpixellate:1807 | Resampling subslice 4/5
    INFO | 2026-08-24 13:41:01 | slittrace.py:get_radec_image:536 | Generating an RA/DEC image with slice_offset=0.200
    INFO | 2026-08-24 13:41:01 | datacube.py:subpixellate:1807 | Resampling subslice 5/5
    INFO | 2026-08-24 13:41:01 | slittrace.py:get_radec_image:536 | Generating an RA/DEC image with slice_offset=0.400
    INFO | 2026-08-24 13:41:02 | datacube.py:subpixellate:1832 | Preparing subpixel weights
    INFO | 2026-08-24 13:41:05 | datacube.py:subpixellate:1772 | Resampling slit 3/24 of frame 4/6
    INFO | 2026-08-24 13:41:05 | datacube.py:subpixellate:1807 | Resampling subslice 1/5
    INFO | 2026-08-24 13:41:05 | slittrace.py:get_radec_image:536 | Generating an RA/DEC image with slice_offset=-0.400
    INFO | 2026-08-24 13:41:06 | datacube.py:subpixellate:1807 | Resampling subslice 2/5
    INFO | 2026-08-24 13:41:06 | slittrace.py:get_radec_image:536 | Generating an RA/DEC image with slice_offset=-0.200
    INFO | 2026-08-24 13:41:07 | datacube.py:subpixellate:1807 | Resampling subslice 3/5
    INFO | 2026-08-24 13:41:07 | slittrace.py:get_radec_image:536 | Generating an RA/DEC image with slice_offset=0.000
    INFO | 2026-08-24 13:41:08 | datacube.py:subpixellate:1807 | Resampling subslice 4/5
    INFO | 2026-08-24 13:41:08 | slittrace.py:get_radec_image:536 | Generating an RA/DEC image with slice_offset=0.200
    INFO | 2026-08-24 13:41:09 | datacube.py:subpixellate:1807 | Resampling subslice 5/5
    INFO | 2026-08-24 13:41:09 | slittrace.py:get_radec_image:536 | Generating an RA/DEC image with slice_offset=0.400
    INFO | 2026-08-24 13:41:09 | datacube.py:subpixellate:1832 | Preparing subpixel weights
    INFO | 2026-08-24 13:41:12 | datacube.py:subpixellate:1772 | Resampling slit 4/24 of frame 4/6
    INFO | 2026-08-24 13:41:13 | datacube.py:subpixellate:1807 | Resampling subslice 1/5
    INFO | 2026-08-24 13:41:13 | slittrace.py:get_radec_image:536 | Generating an RA/DEC image with slice_offset=-0.400
    INFO | 2026-08-24 13:41:14 | datacube.py:subpixellate:1807 | Resampling subslice 2/5
    INFO | 2026-08-24 13:41:14 | slittrace.py:get_radec_image:536 | Generating an RA/DEC image with slice_offset=-0.200
    INFO | 2026-08-24 13:41:14 | datacube.py:subpixellate:1807 | Resampling subslice 3/5
    INFO | 2026-08-24 13:41:14 | slittrace.py:get_radec_image:536 | Generating an RA/DEC image with slice_offset=0.000
    INFO | 2026-08-24 13:41:15 | datacube.py:subpixellate:1807 | Resampling subslice 4/5
    INFO | 2026-08-24 13:41:15 | slittrace.py:get_radec_image:536 | Generating an RA/DEC image with slice_offset=0.200
    INFO | 2026-08-24 13:41:16 | datacube.py:subpixellate:1807 | Resampling subslice 5/5
    INFO | 2026-08-24 13:41:16 | slittrace.py:get_radec_image:536 | Generating an RA/DEC image with slice_offset=0.400
    INFO | 2026-08-24 13:41:17 | datacube.py:subpixellate:1832 | Preparing subpixel weights
    INFO | 2026-08-24 13:41:20 | datacube.py:subpixellate:1772 | Resampling slit 5/24 of frame 4/6
    INFO | 2026-08-24 13:41:20 | datacube.py:subpixellate:1807 | Resampling subslice 1/5
    INFO | 2026-08-24 13:41:20 | slittrace.py:get_radec_image:536 | Generating an RA/DEC image with slice_offset=-0.400
    INFO | 2026-08-24 13:41:21 | datacube.py:subpixellate:1807 | Resampling subslice 2/5
    INFO | 2026-08-24 13:41:21 | slittrace.py:get_radec_image:536 | Generating an RA/DEC image with slice_offset=-0.200
    INFO | 2026-08-24 13:41:22 | datacube.py:subpixellate:1807 | Resampling subslice 3/5
    INFO | 2026-08-24 13:41:22 | slittrace.py:get_radec_image:536 | Generating an RA/DEC image with slice_offset=0.000
    INFO | 2026-08-24 13:41:23 | datacube.py:subpixellate:1807 | Resampling subslice 4/5
    INFO | 2026-08-24 13:41:23 | slittrace.py:get_radec_image:536 | Generating an RA/DEC image with slice_offset=0.200
    INFO | 2026-08-24 13:41:23 | datacube.py:subpixellate:1807 | Resampling subslice 5/5
    INFO | 2026-08-24 13:41:23 | slittrace.py:get_radec_image:536 | Generating an RA/DEC image with slice_offset=0.400
    INFO | 2026-08-24 13:41:24 | datacube.py:subpixellate:1832 | Preparing subpixel weights
    INFO | 2026-08-24 13:41:27 | datacube.py:subpixellate:1772 | Resampling slit 6/24 of frame 4/6
    INFO | 2026-08-24 13:41:27 | datacube.py:subpixellate:1807 | Resampling subslice 1/5
    INFO | 2026-08-24 13:41:27 | slittrace.py:get_radec_image:536 | Generating an RA/DEC image with slice_offset=-0.400
    INFO | 2026-08-24 13:41:28 | datacube.py:subpixellate:1807 | Resampling subslice 2/5
    INFO | 2026-08-24 13:41:28 | slittrace.py:get_radec_image:536 | Generating an RA/DEC image with slice_offset=-0.200
    INFO | 2026-08-24 13:41:29 | datacube.py:subpixellate:1807 | Resampling subslice 3/5
    INFO | 2026-08-24 13:41:29 | slittrace.py:get_radec_image:536 | Generating an RA/DEC image with slice_offset=0.000
    INFO | 2026-08-24 13:41:30 | datacube.py:subpixellate:1807 | Resampling subslice 4/5
    INFO | 2026-08-24 13:41:30 | slittrace.py:get_radec_image:536 | Generating an RA/DEC image with slice_offset=0.200
    INFO | 2026-08-24 13:41:31 | datacube.py:subpixellate:1807 | Resampling subslice 5/5
    INFO | 2026-08-24 13:41:31 | slittrace.py:get_radec_image:536 | Generating an RA/DEC image with slice_offset=0.400
    INFO | 2026-08-24 13:41:32 | datacube.py:subpixellate:1832 | Preparing subpixel weights
    INFO | 2026-08-24 13:41:34 | datacube.py:subpixellate:1772 | Resampling slit 7/24 of frame 4/6
    INFO | 2026-08-24 13:41:35 | datacube.py:subpixellate:1807 | Resampling subslice 1/5
    INFO | 2026-08-24 13:41:35 | slittrace.py:get_radec_image:536 | Generating an RA/DEC image with slice_offset=-0.400
    INFO | 2026-08-24 13:41:36 | datacube.py:subpixellate:1807 | Resampling subslice 2/5
    INFO | 2026-08-24 13:41:36 | slittrace.py:get_radec_image:536 | Generating an RA/DEC image with slice_offset=-0.200
    INFO | 2026-08-24 13:41:37 | datacube.py:subpixellate:1807 | Resampling subslice 3/5
    INFO | 2026-08-24 13:41:37 | slittrace.py:get_radec_image:536 | Generating an RA/DEC image with slice_offset=0.000
    INFO | 2026-08-24 13:41:37 | datacube.py:subpixellate:1807 | Resampling subslice 4/5
    INFO | 2026-08-24 13:41:37 | slittrace.py:get_radec_image:536 | Generating an RA/DEC image with slice_offset=0.200
    INFO | 2026-08-24 13:41:38 | datacube.py:subpixellate:1807 | Resampling subslice 5/5
    INFO | 2026-08-24 13:41:38 | slittrace.py:get_radec_image:536 | Generating an RA/DEC image with slice_offset=0.400
    INFO | 2026-08-24 13:41:39 | datacube.py:subpixellate:1832 | Preparing subpixel weights
    INFO | 2026-08-24 13:41:42 | datacube.py:subpixellate:1772 | Resampling slit 8/24 of frame 4/6
    INFO | 2026-08-24 13:41:42 | datacube.py:subpixellate:1807 | Resampling subslice 1/5
    INFO | 2026-08-24 13:41:42 | slittrace.py:get_radec_image:536 | Generating an RA/DEC image with slice_offset=-0.400
    INFO | 2026-08-24 13:41:43 | datacube.py:subpixellate:1807 | Resampling subslice 2/5
    INFO | 2026-08-24 13:41:43 | slittrace.py:get_radec_image:536 | Generating an RA/DEC image with slice_offset=-0.200
    INFO | 2026-08-24 13:41:44 | datacube.py:subpixellate:1807 | Resampling subslice 3/5
    INFO | 2026-08-24 13:41:44 | slittrace.py:get_radec_image:536 | Generating an RA/DEC image with slice_offset=0.000
    INFO | 2026-08-24 13:41:45 | datacube.py:subpixellate:1807 | Resampling subslice 4/5
    INFO | 2026-08-24 13:41:45 | slittrace.py:get_radec_image:536 | Generating an RA/DEC image with slice_offset=0.200
    INFO | 2026-08-24 13:41:46 | datacube.py:subpixellate:1807 | Resampling subslice 5/5
    INFO | 2026-08-24 13:41:46 | slittrace.py:get_radec_image:536 | Generating an RA/DEC image with slice_offset=0.400
    INFO | 2026-08-24 13:41:46 | datacube.py:subpixellate:1832 | Preparing subpixel weights
    INFO | 2026-08-24 13:41:49 | datacube.py:subpixellate:1772 | Resampling slit 9/24 of frame 4/6
    INFO | 2026-08-24 13:41:50 | datacube.py:subpixellate:1807 | Resampling subslice 1/5
    INFO | 2026-08-24 13:41:50 | slittrace.py:get_radec_image:536 | Generating an RA/DEC image with slice_offset=-0.400
    INFO | 2026-08-24 13:41:51 | datacube.py:subpixellate:1807 | Resampling subslice 2/5
    INFO | 2026-08-24 13:41:51 | slittrace.py:get_radec_image:536 | Generating an RA/DEC image with slice_offset=-0.200
    INFO | 2026-08-24 13:41:51 | datacube.py:subpixellate:1807 | Resampling subslice 3/5
    INFO | 2026-08-24 13:41:51 | slittrace.py:get_radec_image:536 | Generating an RA/DEC image with slice_offset=0.000
    INFO | 2026-08-24 13:41:52 | datacube.py:subpixellate:1807 | Resampling subslice 4/5
    INFO | 2026-08-24 13:41:52 | slittrace.py:get_radec_image:536 | Generating an RA/DEC image with slice_offset=0.200
    INFO | 2026-08-24 13:41:53 | datacube.py:subpixellate:1807 | Resampling subslice 5/5
    INFO | 2026-08-24 13:41:53 | slittrace.py:get_radec_image:536 | Generating an RA/DEC image with slice_offset=0.400
    INFO | 2026-08-24 13:41:54 | datacube.py:subpixellate:1832 | Preparing subpixel weights
    INFO | 2026-08-24 13:41:57 | datacube.py:subpixellate:1772 | Resampling slit 10/24 of frame 4/6
    INFO | 2026-08-24 13:41:57 | datacube.py:subpixellate:1807 | Resampling subslice 1/5
    INFO | 2026-08-24 13:41:57 | slittrace.py:get_radec_image:536 | Generating an RA/DEC image with slice_offset=-0.400
    INFO | 2026-08-24 13:41:58 | datacube.py:subpixellate:1807 | Resampling subslice 2/5
    INFO | 2026-08-24 13:41:58 | slittrace.py:get_radec_image:536 | Generating an RA/DEC image with slice_offset=-0.200
    INFO | 2026-08-24 13:41:59 | datacube.py:subpixellate:1807 | Resampling subslice 3/5
    INFO | 2026-08-24 13:41:59 | slittrace.py:get_radec_image:536 | Generating an RA/DEC image with slice_offset=0.000
    INFO | 2026-08-24 13:42:00 | datacube.py:subpixellate:1807 | Resampling subslice 4/5
    INFO | 2026-08-24 13:42:00 | slittrace.py:get_radec_image:536 | Generating an RA/DEC image with slice_offset=0.200
    INFO | 2026-08-24 13:42:01 | datacube.py:subpixellate:1807 | Resampling subslice 5/5
    INFO | 2026-08-24 13:42:01 | slittrace.py:get_radec_image:536 | Generating an RA/DEC image with slice_offset=0.400
    INFO | 2026-08-24 13:42:01 | datacube.py:subpixellate:1832 | Preparing subpixel weights
    INFO | 2026-08-24 13:42:04 | datacube.py:subpixellate:1772 | Resampling slit 11/24 of frame 4/6
    INFO | 2026-08-24 13:42:05 | datacube.py:subpixellate:1807 | Resampling subslice 1/5
    INFO | 2026-08-24 13:42:05 | slittrace.py:get_radec_image:536 | Generating an RA/DEC image with slice_offset=-0.400
    INFO | 2026-08-24 13:42:06 | datacube.py:subpixellate:1807 | Resampling subslice 2/5
    INFO | 2026-08-24 13:42:06 | slittrace.py:get_radec_image:536 | Generating an RA/DEC image with slice_offset=-0.200
    INFO | 2026-08-24 13:42:06 | datacube.py:subpixellate:1807 | Resampling subslice 3/5
    INFO | 2026-08-24 13:42:06 | slittrace.py:get_radec_image:536 | Generating an RA/DEC image with slice_offset=0.000
    INFO | 2026-08-24 13:42:07 | datacube.py:subpixellate:1807 | Resampling subslice 4/5
    INFO | 2026-08-24 13:42:07 | slittrace.py:get_radec_image:536 | Generating an RA/DEC image with slice_offset=0.200
    INFO | 2026-08-24 13:42:08 | datacube.py:subpixellate:1807 | Resampling subslice 5/5
    INFO | 2026-08-24 13:42:08 | slittrace.py:get_radec_image:536 | Generating an RA/DEC image with slice_offset=0.400
    INFO | 2026-08-24 13:42:09 | datacube.py:subpixellate:1832 | Preparing subpixel weights
    INFO | 2026-08-24 13:42:12 | datacube.py:subpixellate:1772 | Resampling slit 12/24 of frame 4/6
    INFO | 2026-08-24 13:42:12 | datacube.py:subpixellate:1807 | Resampling subslice 1/5
    INFO | 2026-08-24 13:42:12 | slittrace.py:get_radec_image:536 | Generating an RA/DEC image with slice_offset=-0.400
    INFO | 2026-08-24 13:42:13 | datacube.py:subpixellate:1807 | Resampling subslice 2/5
    INFO | 2026-08-24 13:42:13 | slittrace.py:get_radec_image:536 | Generating an RA/DEC image with slice_offset=-0.200
    INFO | 2026-08-24 13:42:14 | datacube.py:subpixellate:1807 | Resampling subslice 3/5
    INFO | 2026-08-24 13:42:14 | slittrace.py:get_radec_image:536 | Generating an RA/DEC image with slice_offset=0.000
    INFO | 2026-08-24 13:42:14 | datacube.py:subpixellate:1807 | Resampling subslice 4/5
    INFO | 2026-08-24 13:42:14 | slittrace.py:get_radec_image:536 | Generating an RA/DEC image with slice_offset=0.200
    INFO | 2026-08-24 13:42:15 | datacube.py:subpixellate:1807 | Resampling subslice 5/5
    INFO | 2026-08-24 13:42:15 | slittrace.py:get_radec_image:536 | Generating an RA/DEC image with slice_offset=0.400
    INFO | 2026-08-24 13:42:16 | datacube.py:subpixellate:1832 | Preparing subpixel weights
    INFO | 2026-08-24 13:42:19 | datacube.py:subpixellate:1772 | Resampling slit 13/24 of frame 4/6
    INFO | 2026-08-24 13:42:19 | datacube.py:subpixellate:1807 | Resampling subslice 1/5
    INFO | 2026-08-24 13:42:19 | slittrace.py:get_radec_image:536 | Generating an RA/DEC image with slice_offset=-0.400
    INFO | 2026-08-24 13:42:20 | datacube.py:subpixellate:1807 | Resampling subslice 2/5
    INFO | 2026-08-24 13:42:20 | slittrace.py:get_radec_image:536 | Generating an RA/DEC image with slice_offset=-0.200
    INFO | 2026-08-24 13:42:21 | datacube.py:subpixellate:1807 | Resampling subslice 3/5
    INFO | 2026-08-24 13:42:21 | slittrace.py:get_radec_image:536 | Generating an RA/DEC image with slice_offset=0.000
    INFO | 2026-08-24 13:42:22 | datacube.py:subpixellate:1807 | Resampling subslice 4/5
    INFO | 2026-08-24 13:42:22 | slittrace.py:get_radec_image:536 | Generating an RA/DEC image with slice_offset=0.200
    INFO | 2026-08-24 13:42:22 | datacube.py:subpixellate:1807 | Resampling subslice 5/5
    INFO | 2026-08-24 13:42:22 | slittrace.py:get_radec_image:536 | Generating an RA/DEC image with slice_offset=0.400
    INFO | 2026-08-24 13:42:23 | datacube.py:subpixellate:1832 | Preparing subpixel weights
    INFO | 2026-08-24 13:42:26 | datacube.py:subpixellate:1772 | Resampling slit 14/24 of frame 4/6
    INFO | 2026-08-24 13:42:27 | datacube.py:subpixellate:1807 | Resampling subslice 1/5
    INFO | 2026-08-24 13:42:27 | slittrace.py:get_radec_image:536 | Generating an RA/DEC image with slice_offset=-0.400
    INFO | 2026-08-24 13:42:27 | datacube.py:subpixellate:1807 | Resampling subslice 2/5
    INFO | 2026-08-24 13:42:27 | slittrace.py:get_radec_image:536 | Generating an RA/DEC image with slice_offset=-0.200
    INFO | 2026-08-24 13:42:28 | datacube.py:subpixellate:1807 | Resampling subslice 3/5
    INFO | 2026-08-24 13:42:28 | slittrace.py:get_radec_image:536 | Generating an RA/DEC image with slice_offset=0.000
    INFO | 2026-08-24 13:42:29 | datacube.py:subpixellate:1807 | Resampling subslice 4/5
    INFO | 2026-08-24 13:42:29 | slittrace.py:get_radec_image:536 | Generating an RA/DEC image with slice_offset=0.200
    INFO | 2026-08-24 13:42:30 | datacube.py:subpixellate:1807 | Resampling subslice 5/5
    INFO | 2026-08-24 13:42:30 | slittrace.py:get_radec_image:536 | Generating an RA/DEC image with slice_offset=0.400
    INFO | 2026-08-24 13:42:31 | datacube.py:subpixellate:1832 | Preparing subpixel weights
    INFO | 2026-08-24 13:42:34 | datacube.py:subpixellate:1772 | Resampling slit 15/24 of frame 4/6
    INFO | 2026-08-24 13:42:34 | datacube.py:subpixellate:1807 | Resampling subslice 1/5
    INFO | 2026-08-24 13:42:34 | slittrace.py:get_radec_image:536 | Generating an RA/DEC image with slice_offset=-0.400
    INFO | 2026-08-24 13:42:35 | datacube.py:subpixellate:1807 | Resampling subslice 2/5
    INFO | 2026-08-24 13:42:35 | slittrace.py:get_radec_image:536 | Generating an RA/DEC image with slice_offset=-0.200
    INFO | 2026-08-24 13:42:36 | datacube.py:subpixellate:1807 | Resampling subslice 3/5
    INFO | 2026-08-24 13:42:36 | slittrace.py:get_radec_image:536 | Generating an RA/DEC image with slice_offset=0.000
    INFO | 2026-08-24 13:42:37 | datacube.py:subpixellate:1807 | Resampling subslice 4/5
    INFO | 2026-08-24 13:42:37 | slittrace.py:get_radec_image:536 | Generating an RA/DEC image with slice_offset=0.200
    INFO | 2026-08-24 13:42:37 | datacube.py:subpixellate:1807 | Resampling subslice 5/5
    INFO | 2026-08-24 13:42:37 | slittrace.py:get_radec_image:536 | Generating an RA/DEC image with slice_offset=0.400
    INFO | 2026-08-24 13:42:38 | datacube.py:subpixellate:1832 | Preparing subpixel weights
    INFO | 2026-08-24 13:42:41 | datacube.py:subpixellate:1772 | Resampling slit 16/24 of frame 4/6
    INFO | 2026-08-24 13:42:42 | datacube.py:subpixellate:1807 | Resampling subslice 1/5
    INFO | 2026-08-24 13:42:42 | slittrace.py:get_radec_image:536 | Generating an RA/DEC image with slice_offset=-0.400
    INFO | 2026-08-24 13:42:42 | datacube.py:subpixellate:1807 | Resampling subslice 2/5
    INFO | 2026-08-24 13:42:42 | slittrace.py:get_radec_image:536 | Generating an RA/DEC image with slice_offset=-0.200
    INFO | 2026-08-24 13:42:43 | datacube.py:subpixellate:1807 | Resampling subslice 3/5
    INFO | 2026-08-24 13:42:43 | slittrace.py:get_radec_image:536 | Generating an RA/DEC image with slice_offset=0.000
    INFO | 2026-08-24 13:42:44 | datacube.py:subpixellate:1807 | Resampling subslice 4/5
    INFO | 2026-08-24 13:42:44 | slittrace.py:get_radec_image:536 | Generating an RA/DEC image with slice_offset=0.200
    INFO | 2026-08-24 13:42:45 | datacube.py:subpixellate:1807 | Resampling subslice 5/5
    INFO | 2026-08-24 13:42:45 | slittrace.py:get_radec_image:536 | Generating an RA/DEC image with slice_offset=0.400
    INFO | 2026-08-24 13:42:46 | datacube.py:subpixellate:1832 | Preparing subpixel weights
    INFO | 2026-08-24 13:42:49 | datacube.py:subpixellate:1772 | Resampling slit 17/24 of frame 4/6
    INFO | 2026-08-24 13:42:49 | datacube.py:subpixellate:1807 | Resampling subslice 1/5
    INFO | 2026-08-24 13:42:49 | slittrace.py:get_radec_image:536 | Generating an RA/DEC image with slice_offset=-0.400
    INFO | 2026-08-24 13:42:50 | datacube.py:subpixellate:1807 | Resampling subslice 2/5
    INFO | 2026-08-24 13:42:50 | slittrace.py:get_radec_image:536 | Generating an RA/DEC image with slice_offset=-0.200
    INFO | 2026-08-24 13:42:50 | datacube.py:subpixellate:1807 | Resampling subslice 3/5
    INFO | 2026-08-24 13:42:50 | slittrace.py:get_radec_image:536 | Generating an RA/DEC image with slice_offset=0.000
    INFO | 2026-08-24 13:42:51 | datacube.py:subpixellate:1807 | Resampling subslice 4/5
    INFO | 2026-08-24 13:42:51 | slittrace.py:get_radec_image:536 | Generating an RA/DEC image with slice_offset=0.200
    INFO | 2026-08-24 13:42:52 | datacube.py:subpixellate:1807 | Resampling subslice 5/5
    INFO | 2026-08-24 13:42:52 | slittrace.py:get_radec_image:536 | Generating an RA/DEC image with slice_offset=0.400
    INFO | 2026-08-24 13:42:53 | datacube.py:subpixellate:1832 | Preparing subpixel weights
    INFO | 2026-08-24 13:42:56 | datacube.py:subpixellate:1772 | Resampling slit 18/24 of frame 4/6
    INFO | 2026-08-24 13:42:56 | datacube.py:subpixellate:1807 | Resampling subslice 1/5
    INFO | 2026-08-24 13:42:56 | slittrace.py:get_radec_image:536 | Generating an RA/DEC image with slice_offset=-0.400
    INFO | 2026-08-24 13:42:57 | datacube.py:subpixellate:1807 | Resampling subslice 2/5
    INFO | 2026-08-24 13:42:57 | slittrace.py:get_radec_image:536 | Generating an RA/DEC image with slice_offset=-0.200
    INFO | 2026-08-24 13:42:58 | datacube.py:subpixellate:1807 | Resampling subslice 3/5
    INFO | 2026-08-24 13:42:58 | slittrace.py:get_radec_image:536 | Generating an RA/DEC image with slice_offset=0.000
    INFO | 2026-08-24 13:42:59 | datacube.py:subpixellate:1807 | Resampling subslice 4/5
    INFO | 2026-08-24 13:42:59 | slittrace.py:get_radec_image:536 | Generating an RA/DEC image with slice_offset=0.200
    INFO | 2026-08-24 13:43:00 | datacube.py:subpixellate:1807 | Resampling subslice 5/5
    INFO | 2026-08-24 13:43:00 | slittrace.py:get_radec_image:536 | Generating an RA/DEC image with slice_offset=0.400
    INFO | 2026-08-24 13:43:00 | datacube.py:subpixellate:1832 | Preparing subpixel weights
    INFO | 2026-08-24 13:43:03 | datacube.py:subpixellate:1772 | Resampling slit 19/24 of frame 4/6
    INFO | 2026-08-24 13:43:04 | datacube.py:subpixellate:1807 | Resampling subslice 1/5
    INFO | 2026-08-24 13:43:04 | slittrace.py:get_radec_image:536 | Generating an RA/DEC image with slice_offset=-0.400
    INFO | 2026-08-24 13:43:05 | datacube.py:subpixellate:1807 | Resampling subslice 2/5
    INFO | 2026-08-24 13:43:05 | slittrace.py:get_radec_image:536 | Generating an RA/DEC image with slice_offset=-0.200
    INFO | 2026-08-24 13:43:05 | datacube.py:subpixellate:1807 | Resampling subslice 3/5
    INFO | 2026-08-24 13:43:05 | slittrace.py:get_radec_image:536 | Generating an RA/DEC image with slice_offset=0.000
    INFO | 2026-08-24 13:43:06 | datacube.py:subpixellate:1807 | Resampling subslice 4/5
    INFO | 2026-08-24 13:43:06 | slittrace.py:get_radec_image:536 | Generating an RA/DEC image with slice_offset=0.200
    INFO | 2026-08-24 13:43:07 | datacube.py:subpixellate:1807 | Resampling subslice 5/5
    INFO | 2026-08-24 13:43:07 | slittrace.py:get_radec_image:536 | Generating an RA/DEC image with slice_offset=0.400
    INFO | 2026-08-24 13:43:08 | datacube.py:subpixellate:1832 | Preparing subpixel weights
    INFO | 2026-08-24 13:43:11 | datacube.py:subpixellate:1772 | Resampling slit 20/24 of frame 4/6
    INFO | 2026-08-24 13:43:11 | datacube.py:subpixellate:1807 | Resampling subslice 1/5
    INFO | 2026-08-24 13:43:11 | slittrace.py:get_radec_image:536 | Generating an RA/DEC image with slice_offset=-0.400
    INFO | 2026-08-24 13:43:12 | datacube.py:subpixellate:1807 | Resampling subslice 2/5
    INFO | 2026-08-24 13:43:12 | slittrace.py:get_radec_image:536 | Generating an RA/DEC image with slice_offset=-0.200
    INFO | 2026-08-24 13:43:13 | datacube.py:subpixellate:1807 | Resampling subslice 3/5
    INFO | 2026-08-24 13:43:13 | slittrace.py:get_radec_image:536 | Generating an RA/DEC image with slice_offset=0.000
    INFO | 2026-08-24 13:43:14 | datacube.py:subpixellate:1807 | Resampling subslice 4/5
    INFO | 2026-08-24 13:43:14 | slittrace.py:get_radec_image:536 | Generating an RA/DEC image with slice_offset=0.200
    INFO | 2026-08-24 13:43:14 | datacube.py:subpixellate:1807 | Resampling subslice 5/5
    INFO | 2026-08-24 13:43:14 | slittrace.py:get_radec_image:536 | Generating an RA/DEC image with slice_offset=0.400
    INFO | 2026-08-24 13:43:15 | datacube.py:subpixellate:1832 | Preparing subpixel weights
    INFO | 2026-08-24 13:43:18 | datacube.py:subpixellate:1772 | Resampling slit 21/24 of frame 4/6
    INFO | 2026-08-24 13:43:18 | datacube.py:subpixellate:1807 | Resampling subslice 1/5
    INFO | 2026-08-24 13:43:18 | slittrace.py:get_radec_image:536 | Generating an RA/DEC image with slice_offset=-0.400
    INFO | 2026-08-24 13:43:19 | datacube.py:subpixellate:1807 | Resampling subslice 2/5
    INFO | 2026-08-24 13:43:19 | slittrace.py:get_radec_image:536 | Generating an RA/DEC image with slice_offset=-0.200
    INFO | 2026-08-24 13:43:20 | datacube.py:subpixellate:1807 | Resampling subslice 3/5
    INFO | 2026-08-24 13:43:20 | slittrace.py:get_radec_image:536 | Generating an RA/DEC image with slice_offset=0.000
    INFO | 2026-08-24 13:43:21 | datacube.py:subpixellate:1807 | Resampling subslice 4/5
    INFO | 2026-08-24 13:43:21 | slittrace.py:get_radec_image:536 | Generating an RA/DEC image with slice_offset=0.200
    INFO | 2026-08-24 13:43:22 | datacube.py:subpixellate:1807 | Resampling subslice 5/5
    INFO | 2026-08-24 13:43:22 | slittrace.py:get_radec_image:536 | Generating an RA/DEC image with slice_offset=0.400
    INFO | 2026-08-24 13:43:22 | datacube.py:subpixellate:1832 | Preparing subpixel weights
    INFO | 2026-08-24 13:43:25 | datacube.py:subpixellate:1772 | Resampling slit 22/24 of frame 4/6
    INFO | 2026-08-24 13:43:26 | datacube.py:subpixellate:1807 | Resampling subslice 1/5
    INFO | 2026-08-24 13:43:26 | slittrace.py:get_radec_image:536 | Generating an RA/DEC image with slice_offset=-0.400
    INFO | 2026-08-24 13:43:27 | datacube.py:subpixellate:1807 | Resampling subslice 2/5
    INFO | 2026-08-24 13:43:27 | slittrace.py:get_radec_image:536 | Generating an RA/DEC image with slice_offset=-0.200
    INFO | 2026-08-24 13:43:27 | datacube.py:subpixellate:1807 | Resampling subslice 3/5
    INFO | 2026-08-24 13:43:27 | slittrace.py:get_radec_image:536 | Generating an RA/DEC image with slice_offset=0.000
    INFO | 2026-08-24 13:43:28 | datacube.py:subpixellate:1807 | Resampling subslice 4/5
    INFO | 2026-08-24 13:43:28 | slittrace.py:get_radec_image:536 | Generating an RA/DEC image with slice_offset=0.200
    INFO | 2026-08-24 13:43:29 | datacube.py:subpixellate:1807 | Resampling subslice 5/5
    INFO | 2026-08-24 13:43:29 | slittrace.py:get_radec_image:536 | Generating an RA/DEC image with slice_offset=0.400
    INFO | 2026-08-24 13:43:30 | datacube.py:subpixellate:1832 | Preparing subpixel weights
    INFO | 2026-08-24 13:43:33 | datacube.py:subpixellate:1772 | Resampling slit 23/24 of frame 4/6
    INFO | 2026-08-24 13:43:33 | datacube.py:subpixellate:1807 | Resampling subslice 1/5
    INFO | 2026-08-24 13:43:33 | slittrace.py:get_radec_image:536 | Generating an RA/DEC image with slice_offset=-0.400
    INFO | 2026-08-24 13:43:34 | datacube.py:subpixellate:1807 | Resampling subslice 2/5
    INFO | 2026-08-24 13:43:34 | slittrace.py:get_radec_image:536 | Generating an RA/DEC image with slice_offset=-0.200
    INFO | 2026-08-24 13:43:35 | datacube.py:subpixellate:1807 | Resampling subslice 3/5
    INFO | 2026-08-24 13:43:35 | slittrace.py:get_radec_image:536 | Generating an RA/DEC image with slice_offset=0.000
    INFO | 2026-08-24 13:43:36 | datacube.py:subpixellate:1807 | Resampling subslice 4/5
    INFO | 2026-08-24 13:43:36 | slittrace.py:get_radec_image:536 | Generating an RA/DEC image with slice_offset=0.200
    INFO | 2026-08-24 13:43:37 | datacube.py:subpixellate:1807 | Resampling subslice 5/5
    INFO | 2026-08-24 13:43:37 | slittrace.py:get_radec_image:536 | Generating an RA/DEC image with slice_offset=0.400
    INFO | 2026-08-24 13:43:37 | datacube.py:subpixellate:1832 | Preparing subpixel weights
    INFO | 2026-08-24 13:43:40 | datacube.py:subpixellate:1772 | Resampling slit 24/24 of frame 4/6
    INFO | 2026-08-24 13:43:41 | datacube.py:subpixellate:1807 | Resampling subslice 1/5
    INFO | 2026-08-24 13:43:41 | slittrace.py:get_radec_image:536 | Generating an RA/DEC image with slice_offset=-0.400
    INFO | 2026-08-24 13:43:41 | datacube.py:subpixellate:1807 | Resampling subslice 2/5
    INFO | 2026-08-24 13:43:41 | slittrace.py:get_radec_image:536 | Generating an RA/DEC image with slice_offset=-0.200
    INFO | 2026-08-24 13:43:42 | datacube.py:subpixellate:1807 | Resampling subslice 3/5
    INFO | 2026-08-24 13:43:42 | slittrace.py:get_radec_image:536 | Generating an RA/DEC image with slice_offset=0.000
    INFO | 2026-08-24 13:43:43 | datacube.py:subpixellate:1807 | Resampling subslice 4/5
    INFO | 2026-08-24 13:43:43 | slittrace.py:get_radec_image:536 | Generating an RA/DEC image with slice_offset=0.200
    INFO | 2026-08-24 13:43:44 | datacube.py:subpixellate:1807 | Resampling subslice 5/5
    INFO | 2026-08-24 13:43:44 | slittrace.py:get_radec_image:536 | Generating an RA/DEC image with slice_offset=0.400
    INFO | 2026-08-24 13:43:45 | datacube.py:subpixellate:1832 | Preparing subpixel weights
    INFO | 2026-08-24 13:43:48 | datacube.py:subpixellate:1772 | Resampling slit 1/24 of frame 5/6
    INFO | 2026-08-24 13:43:48 | datacube.py:subpixellate:1807 | Resampling subslice 1/5
    INFO | 2026-08-24 13:43:48 | slittrace.py:get_radec_image:536 | Generating an RA/DEC image with slice_offset=-0.400
    INFO | 2026-08-24 13:43:49 | datacube.py:subpixellate:1807 | Resampling subslice 2/5
    INFO | 2026-08-24 13:43:49 | slittrace.py:get_radec_image:536 | Generating an RA/DEC image with slice_offset=-0.200
    INFO | 2026-08-24 13:43:50 | datacube.py:subpixellate:1807 | Resampling subslice 3/5
    INFO | 2026-08-24 13:43:50 | slittrace.py:get_radec_image:536 | Generating an RA/DEC image with slice_offset=0.000
    INFO | 2026-08-24 13:43:51 | datacube.py:subpixellate:1807 | Resampling subslice 4/5
    INFO | 2026-08-24 13:43:51 | slittrace.py:get_radec_image:536 | Generating an RA/DEC image with slice_offset=0.200
    INFO | 2026-08-24 13:43:52 | datacube.py:subpixellate:1807 | Resampling subslice 5/5
    INFO | 2026-08-24 13:43:52 | slittrace.py:get_radec_image:536 | Generating an RA/DEC image with slice_offset=0.400
    INFO | 2026-08-24 13:43:53 | datacube.py:subpixellate:1832 | Preparing subpixel weights
    INFO | 2026-08-24 13:43:55 | datacube.py:subpixellate:1772 | Resampling slit 2/24 of frame 5/6
    INFO | 2026-08-24 13:43:56 | datacube.py:subpixellate:1807 | Resampling subslice 1/5
    INFO | 2026-08-24 13:43:56 | slittrace.py:get_radec_image:536 | Generating an RA/DEC image with slice_offset=-0.400
    INFO | 2026-08-24 13:43:57 | datacube.py:subpixellate:1807 | Resampling subslice 2/5
    INFO | 2026-08-24 13:43:57 | slittrace.py:get_radec_image:536 | Generating an RA/DEC image with slice_offset=-0.200
    INFO | 2026-08-24 13:43:58 | datacube.py:subpixellate:1807 | Resampling subslice 3/5
    INFO | 2026-08-24 13:43:58 | slittrace.py:get_radec_image:536 | Generating an RA/DEC image with slice_offset=0.000
    INFO | 2026-08-24 13:43:58 | datacube.py:subpixellate:1807 | Resampling subslice 4/5
    INFO | 2026-08-24 13:43:58 | slittrace.py:get_radec_image:536 | Generating an RA/DEC image with slice_offset=0.200
    INFO | 2026-08-24 13:43:59 | datacube.py:subpixellate:1807 | Resampling subslice 5/5
    INFO | 2026-08-24 13:43:59 | slittrace.py:get_radec_image:536 | Generating an RA/DEC image with slice_offset=0.400
    INFO | 2026-08-24 13:44:00 | datacube.py:subpixellate:1832 | Preparing subpixel weights
    INFO | 2026-08-24 13:44:03 | datacube.py:subpixellate:1772 | Resampling slit 3/24 of frame 5/6
    INFO | 2026-08-24 13:44:03 | datacube.py:subpixellate:1807 | Resampling subslice 1/5
    INFO | 2026-08-24 13:44:03 | slittrace.py:get_radec_image:536 | Generating an RA/DEC image with slice_offset=-0.400
    INFO | 2026-08-24 13:44:04 | datacube.py:subpixellate:1807 | Resampling subslice 2/5
    INFO | 2026-08-24 13:44:04 | slittrace.py:get_radec_image:536 | Generating an RA/DEC image with slice_offset=-0.200
    INFO | 2026-08-24 13:44:05 | datacube.py:subpixellate:1807 | Resampling subslice 3/5
    INFO | 2026-08-24 13:44:05 | slittrace.py:get_radec_image:536 | Generating an RA/DEC image with slice_offset=0.000
    INFO | 2026-08-24 13:44:06 | datacube.py:subpixellate:1807 | Resampling subslice 4/5
    INFO | 2026-08-24 13:44:06 | slittrace.py:get_radec_image:536 | Generating an RA/DEC image with slice_offset=0.200
    INFO | 2026-08-24 13:44:07 | datacube.py:subpixellate:1807 | Resampling subslice 5/5
    INFO | 2026-08-24 13:44:07 | slittrace.py:get_radec_image:536 | Generating an RA/DEC image with slice_offset=0.400
    INFO | 2026-08-24 13:44:08 | datacube.py:subpixellate:1832 | Preparing subpixel weights
    INFO | 2026-08-24 13:44:11 | datacube.py:subpixellate:1772 | Resampling slit 4/24 of frame 5/6
    INFO | 2026-08-24 13:44:11 | datacube.py:subpixellate:1807 | Resampling subslice 1/5
    INFO | 2026-08-24 13:44:11 | slittrace.py:get_radec_image:536 | Generating an RA/DEC image with slice_offset=-0.400
    INFO | 2026-08-24 13:44:12 | datacube.py:subpixellate:1807 | Resampling subslice 2/5
    INFO | 2026-08-24 13:44:12 | slittrace.py:get_radec_image:536 | Generating an RA/DEC image with slice_offset=-0.200
    INFO | 2026-08-24 13:44:13 | datacube.py:subpixellate:1807 | Resampling subslice 3/5
    INFO | 2026-08-24 13:44:13 | slittrace.py:get_radec_image:536 | Generating an RA/DEC image with slice_offset=0.000
    INFO | 2026-08-24 13:44:13 | datacube.py:subpixellate:1807 | Resampling subslice 4/5
    INFO | 2026-08-24 13:44:13 | slittrace.py:get_radec_image:536 | Generating an RA/DEC image with slice_offset=0.200
    INFO | 2026-08-24 13:44:14 | datacube.py:subpixellate:1807 | Resampling subslice 5/5
    INFO | 2026-08-24 13:44:14 | slittrace.py:get_radec_image:536 | Generating an RA/DEC image with slice_offset=0.400
    INFO | 2026-08-24 13:44:15 | datacube.py:subpixellate:1832 | Preparing subpixel weights
    INFO | 2026-08-24 13:44:18 | datacube.py:subpixellate:1772 | Resampling slit 5/24 of frame 5/6
    INFO | 2026-08-24 13:44:18 | datacube.py:subpixellate:1807 | Resampling subslice 1/5
    INFO | 2026-08-24 13:44:18 | slittrace.py:get_radec_image:536 | Generating an RA/DEC image with slice_offset=-0.400
    INFO | 2026-08-24 13:44:19 | datacube.py:subpixellate:1807 | Resampling subslice 2/5
    INFO | 2026-08-24 13:44:19 | slittrace.py:get_radec_image:536 | Generating an RA/DEC image with slice_offset=-0.200
    INFO | 2026-08-24 13:44:20 | datacube.py:subpixellate:1807 | Resampling subslice 3/5
    INFO | 2026-08-24 13:44:20 | slittrace.py:get_radec_image:536 | Generating an RA/DEC image with slice_offset=0.000
    INFO | 2026-08-24 13:44:21 | datacube.py:subpixellate:1807 | Resampling subslice 4/5
    INFO | 2026-08-24 13:44:21 | slittrace.py:get_radec_image:536 | Generating an RA/DEC image with slice_offset=0.200
    INFO | 2026-08-24 13:44:22 | datacube.py:subpixellate:1807 | Resampling subslice 5/5
    INFO | 2026-08-24 13:44:22 | slittrace.py:get_radec_image:536 | Generating an RA/DEC image with slice_offset=0.400
    INFO | 2026-08-24 13:44:22 | datacube.py:subpixellate:1832 | Preparing subpixel weights
    INFO | 2026-08-24 13:44:25 | datacube.py:subpixellate:1772 | Resampling slit 6/24 of frame 5/6
    INFO | 2026-08-24 13:44:26 | datacube.py:subpixellate:1807 | Resampling subslice 1/5
    INFO | 2026-08-24 13:44:26 | slittrace.py:get_radec_image:536 | Generating an RA/DEC image with slice_offset=-0.400
    INFO | 2026-08-24 13:44:27 | datacube.py:subpixellate:1807 | Resampling subslice 2/5
    INFO | 2026-08-24 13:44:27 | slittrace.py:get_radec_image:536 | Generating an RA/DEC image with slice_offset=-0.200
    INFO | 2026-08-24 13:44:27 | datacube.py:subpixellate:1807 | Resampling subslice 3/5
    INFO | 2026-08-24 13:44:27 | slittrace.py:get_radec_image:536 | Generating an RA/DEC image with slice_offset=0.000
    INFO | 2026-08-24 13:44:28 | datacube.py:subpixellate:1807 | Resampling subslice 4/5
    INFO | 2026-08-24 13:44:28 | slittrace.py:get_radec_image:536 | Generating an RA/DEC image with slice_offset=0.200
    INFO | 2026-08-24 13:44:29 | datacube.py:subpixellate:1807 | Resampling subslice 5/5
    INFO | 2026-08-24 13:44:29 | slittrace.py:get_radec_image:536 | Generating an RA/DEC image with slice_offset=0.400
    INFO | 2026-08-24 13:44:30 | datacube.py:subpixellate:1832 | Preparing subpixel weights
    INFO | 2026-08-24 13:44:33 | datacube.py:subpixellate:1772 | Resampling slit 7/24 of frame 5/6
    INFO | 2026-08-24 13:44:33 | datacube.py:subpixellate:1807 | Resampling subslice 1/5
    INFO | 2026-08-24 13:44:33 | slittrace.py:get_radec_image:536 | Generating an RA/DEC image with slice_offset=-0.400
    INFO | 2026-08-24 13:44:34 | datacube.py:subpixellate:1807 | Resampling subslice 2/5
    INFO | 2026-08-24 13:44:34 | slittrace.py:get_radec_image:536 | Generating an RA/DEC image with slice_offset=-0.200
    INFO | 2026-08-24 13:44:35 | datacube.py:subpixellate:1807 | Resampling subslice 3/5
    INFO | 2026-08-24 13:44:35 | slittrace.py:get_radec_image:536 | Generating an RA/DEC image with slice_offset=0.000
    INFO | 2026-08-24 13:44:36 | datacube.py:subpixellate:1807 | Resampling subslice 4/5
    INFO | 2026-08-24 13:44:36 | slittrace.py:get_radec_image:536 | Generating an RA/DEC image with slice_offset=0.200
    INFO | 2026-08-24 13:44:36 | datacube.py:subpixellate:1807 | Resampling subslice 5/5
    INFO | 2026-08-24 13:44:36 | slittrace.py:get_radec_image:536 | Generating an RA/DEC image with slice_offset=0.400
    INFO | 2026-08-24 13:44:37 | datacube.py:subpixellate:1832 | Preparing subpixel weights
    INFO | 2026-08-24 13:44:40 | datacube.py:subpixellate:1772 | Resampling slit 8/24 of frame 5/6
    INFO | 2026-08-24 13:44:41 | datacube.py:subpixellate:1807 | Resampling subslice 1/5
    INFO | 2026-08-24 13:44:41 | slittrace.py:get_radec_image:536 | Generating an RA/DEC image with slice_offset=-0.400
    INFO | 2026-08-24 13:44:42 | datacube.py:subpixellate:1807 | Resampling subslice 2/5
    INFO | 2026-08-24 13:44:42 | slittrace.py:get_radec_image:536 | Generating an RA/DEC image with slice_offset=-0.200
    INFO | 2026-08-24 13:44:42 | datacube.py:subpixellate:1807 | Resampling subslice 3/5
    INFO | 2026-08-24 13:44:42 | slittrace.py:get_radec_image:536 | Generating an RA/DEC image with slice_offset=0.000
    INFO | 2026-08-24 13:44:43 | datacube.py:subpixellate:1807 | Resampling subslice 4/5
    INFO | 2026-08-24 13:44:43 | slittrace.py:get_radec_image:536 | Generating an RA/DEC image with slice_offset=0.200
    INFO | 2026-08-24 13:44:44 | datacube.py:subpixellate:1807 | Resampling subslice 5/5
    INFO | 2026-08-24 13:44:44 | slittrace.py:get_radec_image:536 | Generating an RA/DEC image with slice_offset=0.400
    INFO | 2026-08-24 13:44:45 | datacube.py:subpixellate:1832 | Preparing subpixel weights
    INFO | 2026-08-24 13:44:48 | datacube.py:subpixellate:1772 | Resampling slit 9/24 of frame 5/6
    INFO | 2026-08-24 13:44:48 | datacube.py:subpixellate:1807 | Resampling subslice 1/5
    INFO | 2026-08-24 13:44:48 | slittrace.py:get_radec_image:536 | Generating an RA/DEC image with slice_offset=-0.400
    INFO | 2026-08-24 13:44:49 | datacube.py:subpixellate:1807 | Resampling subslice 2/5
    INFO | 2026-08-24 13:44:49 | slittrace.py:get_radec_image:536 | Generating an RA/DEC image with slice_offset=-0.200
    INFO | 2026-08-24 13:44:50 | datacube.py:subpixellate:1807 | Resampling subslice 3/5
    INFO | 2026-08-24 13:44:50 | slittrace.py:get_radec_image:536 | Generating an RA/DEC image with slice_offset=0.000
    INFO | 2026-08-24 13:44:50 | datacube.py:subpixellate:1807 | Resampling subslice 4/5
    INFO | 2026-08-24 13:44:50 | slittrace.py:get_radec_image:536 | Generating an RA/DEC image with slice_offset=0.200
    INFO | 2026-08-24 13:44:51 | datacube.py:subpixellate:1807 | Resampling subslice 5/5
    INFO | 2026-08-24 13:44:51 | slittrace.py:get_radec_image:536 | Generating an RA/DEC image with slice_offset=0.400
    INFO | 2026-08-24 13:44:52 | datacube.py:subpixellate:1832 | Preparing subpixel weights
    INFO | 2026-08-24 13:44:55 | datacube.py:subpixellate:1772 | Resampling slit 10/24 of frame 5/6
    INFO | 2026-08-24 13:44:55 | datacube.py:subpixellate:1807 | Resampling subslice 1/5
    INFO | 2026-08-24 13:44:55 | slittrace.py:get_radec_image:536 | Generating an RA/DEC image with slice_offset=-0.400
    INFO | 2026-08-24 13:44:56 | datacube.py:subpixellate:1807 | Resampling subslice 2/5
    INFO | 2026-08-24 13:44:56 | slittrace.py:get_radec_image:536 | Generating an RA/DEC image with slice_offset=-0.200
    INFO | 2026-08-24 13:44:57 | datacube.py:subpixellate:1807 | Resampling subslice 3/5
    INFO | 2026-08-24 13:44:57 | slittrace.py:get_radec_image:536 | Generating an RA/DEC image with slice_offset=0.000
    INFO | 2026-08-24 13:44:58 | datacube.py:subpixellate:1807 | Resampling subslice 4/5
    INFO | 2026-08-24 13:44:58 | slittrace.py:get_radec_image:536 | Generating an RA/DEC image with slice_offset=0.200
    INFO | 2026-08-24 13:44:58 | datacube.py:subpixellate:1807 | Resampling subslice 5/5
    INFO | 2026-08-24 13:44:58 | slittrace.py:get_radec_image:536 | Generating an RA/DEC image with slice_offset=0.400
    INFO | 2026-08-24 13:44:59 | datacube.py:subpixellate:1832 | Preparing subpixel weights
    INFO | 2026-08-24 13:45:02 | datacube.py:subpixellate:1772 | Resampling slit 11/24 of frame 5/6
    INFO | 2026-08-24 13:45:03 | datacube.py:subpixellate:1807 | Resampling subslice 1/5
    INFO | 2026-08-24 13:45:03 | slittrace.py:get_radec_image:536 | Generating an RA/DEC image with slice_offset=-0.400
    INFO | 2026-08-24 13:45:03 | datacube.py:subpixellate:1807 | Resampling subslice 2/5
    INFO | 2026-08-24 13:45:03 | slittrace.py:get_radec_image:536 | Generating an RA/DEC image with slice_offset=-0.200
    INFO | 2026-08-24 13:45:04 | datacube.py:subpixellate:1807 | Resampling subslice 3/5
    INFO | 2026-08-24 13:45:04 | slittrace.py:get_radec_image:536 | Generating an RA/DEC image with slice_offset=0.000
    INFO | 2026-08-24 13:45:05 | datacube.py:subpixellate:1807 | Resampling subslice 4/5
    INFO | 2026-08-24 13:45:05 | slittrace.py:get_radec_image:536 | Generating an RA/DEC image with slice_offset=0.200
    INFO | 2026-08-24 13:45:06 | datacube.py:subpixellate:1807 | Resampling subslice 5/5
    INFO | 2026-08-24 13:45:06 | slittrace.py:get_radec_image:536 | Generating an RA/DEC image with slice_offset=0.400
    INFO | 2026-08-24 13:45:07 | datacube.py:subpixellate:1832 | Preparing subpixel weights
    INFO | 2026-08-24 13:45:10 | datacube.py:subpixellate:1772 | Resampling slit 12/24 of frame 5/6
    INFO | 2026-08-24 13:45:10 | datacube.py:subpixellate:1807 | Resampling subslice 1/5
    INFO | 2026-08-24 13:45:10 | slittrace.py:get_radec_image:536 | Generating an RA/DEC image with slice_offset=-0.400
    INFO | 2026-08-24 13:45:11 | datacube.py:subpixellate:1807 | Resampling subslice 2/5
    INFO | 2026-08-24 13:45:11 | slittrace.py:get_radec_image:536 | Generating an RA/DEC image with slice_offset=-0.200
    INFO | 2026-08-24 13:45:12 | datacube.py:subpixellate:1807 | Resampling subslice 3/5
    INFO | 2026-08-24 13:45:12 | slittrace.py:get_radec_image:536 | Generating an RA/DEC image with slice_offset=0.000
    INFO | 2026-08-24 13:45:12 | datacube.py:subpixellate:1807 | Resampling subslice 4/5
    INFO | 2026-08-24 13:45:12 | slittrace.py:get_radec_image:536 | Generating an RA/DEC image with slice_offset=0.200
    INFO | 2026-08-24 13:45:13 | datacube.py:subpixellate:1807 | Resampling subslice 5/5
    INFO | 2026-08-24 13:45:13 | slittrace.py:get_radec_image:536 | Generating an RA/DEC image with slice_offset=0.400
    INFO | 2026-08-24 13:45:14 | datacube.py:subpixellate:1832 | Preparing subpixel weights
    INFO | 2026-08-24 13:45:17 | datacube.py:subpixellate:1772 | Resampling slit 13/24 of frame 5/6
    INFO | 2026-08-24 13:45:17 | datacube.py:subpixellate:1807 | Resampling subslice 1/5
    INFO | 2026-08-24 13:45:17 | slittrace.py:get_radec_image:536 | Generating an RA/DEC image with slice_offset=-0.400
    INFO | 2026-08-24 13:45:18 | datacube.py:subpixellate:1807 | Resampling subslice 2/5
    INFO | 2026-08-24 13:45:18 | slittrace.py:get_radec_image:536 | Generating an RA/DEC image with slice_offset=-0.200
    INFO | 2026-08-24 13:45:19 | datacube.py:subpixellate:1807 | Resampling subslice 3/5
    INFO | 2026-08-24 13:45:19 | slittrace.py:get_radec_image:536 | Generating an RA/DEC image with slice_offset=0.000
    INFO | 2026-08-24 13:45:20 | datacube.py:subpixellate:1807 | Resampling subslice 4/5
    INFO | 2026-08-24 13:45:20 | slittrace.py:get_radec_image:536 | Generating an RA/DEC image with slice_offset=0.200
    INFO | 2026-08-24 13:45:20 | datacube.py:subpixellate:1807 | Resampling subslice 5/5
    INFO | 2026-08-24 13:45:20 | slittrace.py:get_radec_image:536 | Generating an RA/DEC image with slice_offset=0.400
    INFO | 2026-08-24 13:45:21 | datacube.py:subpixellate:1832 | Preparing subpixel weights
    INFO | 2026-08-24 13:45:24 | datacube.py:subpixellate:1772 | Resampling slit 14/24 of frame 5/6
    INFO | 2026-08-24 13:45:24 | datacube.py:subpixellate:1807 | Resampling subslice 1/5
    INFO | 2026-08-24 13:45:24 | slittrace.py:get_radec_image:536 | Generating an RA/DEC image with slice_offset=-0.400
    INFO | 2026-08-24 13:45:25 | datacube.py:subpixellate:1807 | Resampling subslice 2/5
    INFO | 2026-08-24 13:45:25 | slittrace.py:get_radec_image:536 | Generating an RA/DEC image with slice_offset=-0.200
    INFO | 2026-08-24 13:45:26 | datacube.py:subpixellate:1807 | Resampling subslice 3/5
    INFO | 2026-08-24 13:45:26 | slittrace.py:get_radec_image:536 | Generating an RA/DEC image with slice_offset=0.000
    INFO | 2026-08-24 13:45:27 | datacube.py:subpixellate:1807 | Resampling subslice 4/5
    INFO | 2026-08-24 13:45:27 | slittrace.py:get_radec_image:536 | Generating an RA/DEC image with slice_offset=0.200
    INFO | 2026-08-24 13:45:28 | datacube.py:subpixellate:1807 | Resampling subslice 5/5
    INFO | 2026-08-24 13:45:28 | slittrace.py:get_radec_image:536 | Generating an RA/DEC image with slice_offset=0.400
    INFO | 2026-08-24 13:45:28 | datacube.py:subpixellate:1832 | Preparing subpixel weights
    INFO | 2026-08-24 13:45:31 | datacube.py:subpixellate:1772 | Resampling slit 15/24 of frame 5/6
    INFO | 2026-08-24 13:45:32 | datacube.py:subpixellate:1807 | Resampling subslice 1/5
    INFO | 2026-08-24 13:45:32 | slittrace.py:get_radec_image:536 | Generating an RA/DEC image with slice_offset=-0.400
    INFO | 2026-08-24 13:45:32 | datacube.py:subpixellate:1807 | Resampling subslice 2/5
    INFO | 2026-08-24 13:45:32 | slittrace.py:get_radec_image:536 | Generating an RA/DEC image with slice_offset=-0.200
    INFO | 2026-08-24 13:45:33 | datacube.py:subpixellate:1807 | Resampling subslice 3/5
    INFO | 2026-08-24 13:45:33 | slittrace.py:get_radec_image:536 | Generating an RA/DEC image with slice_offset=0.000
    INFO | 2026-08-24 13:45:34 | datacube.py:subpixellate:1807 | Resampling subslice 4/5
    INFO | 2026-08-24 13:45:34 | slittrace.py:get_radec_image:536 | Generating an RA/DEC image with slice_offset=0.200
    INFO | 2026-08-24 13:45:35 | datacube.py:subpixellate:1807 | Resampling subslice 5/5
    INFO | 2026-08-24 13:45:35 | slittrace.py:get_radec_image:536 | Generating an RA/DEC image with slice_offset=0.400
    INFO | 2026-08-24 13:45:36 | datacube.py:subpixellate:1832 | Preparing subpixel weights
    INFO | 2026-08-24 13:45:38 | datacube.py:subpixellate:1772 | Resampling slit 16/24 of frame 5/6
    INFO | 2026-08-24 13:45:39 | datacube.py:subpixellate:1807 | Resampling subslice 1/5
    INFO | 2026-08-24 13:45:39 | slittrace.py:get_radec_image:536 | Generating an RA/DEC image with slice_offset=-0.400
    INFO | 2026-08-24 13:45:40 | datacube.py:subpixellate:1807 | Resampling subslice 2/5
    INFO | 2026-08-24 13:45:40 | slittrace.py:get_radec_image:536 | Generating an RA/DEC image with slice_offset=-0.200
    INFO | 2026-08-24 13:45:41 | datacube.py:subpixellate:1807 | Resampling subslice 3/5
    INFO | 2026-08-24 13:45:41 | slittrace.py:get_radec_image:536 | Generating an RA/DEC image with slice_offset=0.000
    INFO | 2026-08-24 13:45:41 | datacube.py:subpixellate:1807 | Resampling subslice 4/5
    INFO | 2026-08-24 13:45:41 | slittrace.py:get_radec_image:536 | Generating an RA/DEC image with slice_offset=0.200
    INFO | 2026-08-24 13:45:42 | datacube.py:subpixellate:1807 | Resampling subslice 5/5
    INFO | 2026-08-24 13:45:42 | slittrace.py:get_radec_image:536 | Generating an RA/DEC image with slice_offset=0.400
    INFO | 2026-08-24 13:45:43 | datacube.py:subpixellate:1832 | Preparing subpixel weights
    INFO | 2026-08-24 13:45:46 | datacube.py:subpixellate:1772 | Resampling slit 17/24 of frame 5/6
    INFO | 2026-08-24 13:45:46 | datacube.py:subpixellate:1807 | Resampling subslice 1/5
    INFO | 2026-08-24 13:45:46 | slittrace.py:get_radec_image:536 | Generating an RA/DEC image with slice_offset=-0.400
    INFO | 2026-08-24 13:45:47 | datacube.py:subpixellate:1807 | Resampling subslice 2/5
    INFO | 2026-08-24 13:45:47 | slittrace.py:get_radec_image:536 | Generating an RA/DEC image with slice_offset=-0.200
    INFO | 2026-08-24 13:45:48 | datacube.py:subpixellate:1807 | Resampling subslice 3/5
    INFO | 2026-08-24 13:45:48 | slittrace.py:get_radec_image:536 | Generating an RA/DEC image with slice_offset=0.000
    INFO | 2026-08-24 13:45:48 | datacube.py:subpixellate:1807 | Resampling subslice 4/5
    INFO | 2026-08-24 13:45:48 | slittrace.py:get_radec_image:536 | Generating an RA/DEC image with slice_offset=0.200
    INFO | 2026-08-24 13:45:49 | datacube.py:subpixellate:1807 | Resampling subslice 5/5
    INFO | 2026-08-24 13:45:49 | slittrace.py:get_radec_image:536 | Generating an RA/DEC image with slice_offset=0.400
    INFO | 2026-08-24 13:45:50 | datacube.py:subpixellate:1832 | Preparing subpixel weights
    INFO | 2026-08-24 13:45:53 | datacube.py:subpixellate:1772 | Resampling slit 18/24 of frame 5/6
    INFO | 2026-08-24 13:45:53 | datacube.py:subpixellate:1807 | Resampling subslice 1/5
    INFO | 2026-08-24 13:45:53 | slittrace.py:get_radec_image:536 | Generating an RA/DEC image with slice_offset=-0.400
    INFO | 2026-08-24 13:45:54 | datacube.py:subpixellate:1807 | Resampling subslice 2/5
    INFO | 2026-08-24 13:45:54 | slittrace.py:get_radec_image:536 | Generating an RA/DEC image with slice_offset=-0.200
    INFO | 2026-08-24 13:45:55 | datacube.py:subpixellate:1807 | Resampling subslice 3/5
    INFO | 2026-08-24 13:45:55 | slittrace.py:get_radec_image:536 | Generating an RA/DEC image with slice_offset=0.000
    INFO | 2026-08-24 13:45:56 | datacube.py:subpixellate:1807 | Resampling subslice 4/5
    INFO | 2026-08-24 13:45:56 | slittrace.py:get_radec_image:536 | Generating an RA/DEC image with slice_offset=0.200
    INFO | 2026-08-24 13:45:57 | datacube.py:subpixellate:1807 | Resampling subslice 5/5
    INFO | 2026-08-24 13:45:57 | slittrace.py:get_radec_image:536 | Generating an RA/DEC image with slice_offset=0.400
    INFO | 2026-08-24 13:45:57 | datacube.py:subpixellate:1832 | Preparing subpixel weights
    INFO | 2026-08-24 13:46:00 | datacube.py:subpixellate:1772 | Resampling slit 19/24 of frame 5/6
    INFO | 2026-08-24 13:46:01 | datacube.py:subpixellate:1807 | Resampling subslice 1/5
    INFO | 2026-08-24 13:46:01 | slittrace.py:get_radec_image:536 | Generating an RA/DEC image with slice_offset=-0.400
    INFO | 2026-08-24 13:46:02 | datacube.py:subpixellate:1807 | Resampling subslice 2/5
    INFO | 2026-08-24 13:46:02 | slittrace.py:get_radec_image:536 | Generating an RA/DEC image with slice_offset=-0.200
    INFO | 2026-08-24 13:46:02 | datacube.py:subpixellate:1807 | Resampling subslice 3/5
    INFO | 2026-08-24 13:46:02 | slittrace.py:get_radec_image:536 | Generating an RA/DEC image with slice_offset=0.000
    INFO | 2026-08-24 13:46:03 | datacube.py:subpixellate:1807 | Resampling subslice 4/5
    INFO | 2026-08-24 13:46:03 | slittrace.py:get_radec_image:536 | Generating an RA/DEC image with slice_offset=0.200
    INFO | 2026-08-24 13:46:04 | datacube.py:subpixellate:1807 | Resampling subslice 5/5
    INFO | 2026-08-24 13:46:04 | slittrace.py:get_radec_image:536 | Generating an RA/DEC image with slice_offset=0.400
    INFO | 2026-08-24 13:46:05 | datacube.py:subpixellate:1832 | Preparing subpixel weights
    INFO | 2026-08-24 13:46:08 | datacube.py:subpixellate:1772 | Resampling slit 20/24 of frame 5/6
    INFO | 2026-08-24 13:46:08 | datacube.py:subpixellate:1807 | Resampling subslice 1/5
    INFO | 2026-08-24 13:46:08 | slittrace.py:get_radec_image:536 | Generating an RA/DEC image with slice_offset=-0.400
    INFO | 2026-08-24 13:46:09 | datacube.py:subpixellate:1807 | Resampling subslice 2/5
    INFO | 2026-08-24 13:46:09 | slittrace.py:get_radec_image:536 | Generating an RA/DEC image with slice_offset=-0.200
    INFO | 2026-08-24 13:46:10 | datacube.py:subpixellate:1807 | Resampling subslice 3/5
    INFO | 2026-08-24 13:46:10 | slittrace.py:get_radec_image:536 | Generating an RA/DEC image with slice_offset=0.000
    INFO | 2026-08-24 13:46:10 | datacube.py:subpixellate:1807 | Resampling subslice 4/5
    INFO | 2026-08-24 13:46:10 | slittrace.py:get_radec_image:536 | Generating an RA/DEC image with slice_offset=0.200
    INFO | 2026-08-24 13:46:11 | datacube.py:subpixellate:1807 | Resampling subslice 5/5
    INFO | 2026-08-24 13:46:11 | slittrace.py:get_radec_image:536 | Generating an RA/DEC image with slice_offset=0.400
    INFO | 2026-08-24 13:46:12 | datacube.py:subpixellate:1832 | Preparing subpixel weights
    INFO | 2026-08-24 13:46:15 | datacube.py:subpixellate:1772 | Resampling slit 21/24 of frame 5/6
    INFO | 2026-08-24 13:46:15 | datacube.py:subpixellate:1807 | Resampling subslice 1/5
    INFO | 2026-08-24 13:46:15 | slittrace.py:get_radec_image:536 | Generating an RA/DEC image with slice_offset=-0.400
    INFO | 2026-08-24 13:46:16 | datacube.py:subpixellate:1807 | Resampling subslice 2/5
    INFO | 2026-08-24 13:46:16 | slittrace.py:get_radec_image:536 | Generating an RA/DEC image with slice_offset=-0.200
    INFO | 2026-08-24 13:46:17 | datacube.py:subpixellate:1807 | Resampling subslice 3/5
    INFO | 2026-08-24 13:46:17 | slittrace.py:get_radec_image:536 | Generating an RA/DEC image with slice_offset=0.000
    INFO | 2026-08-24 13:46:18 | datacube.py:subpixellate:1807 | Resampling subslice 4/5
    INFO | 2026-08-24 13:46:18 | slittrace.py:get_radec_image:536 | Generating an RA/DEC image with slice_offset=0.200
    INFO | 2026-08-24 13:46:19 | datacube.py:subpixellate:1807 | Resampling subslice 5/5
    INFO | 2026-08-24 13:46:19 | slittrace.py:get_radec_image:536 | Generating an RA/DEC image with slice_offset=0.400
    INFO | 2026-08-24 13:46:19 | datacube.py:subpixellate:1832 | Preparing subpixel weights
    INFO | 2026-08-24 13:46:22 | datacube.py:subpixellate:1772 | Resampling slit 22/24 of frame 5/6
    INFO | 2026-08-24 13:46:23 | datacube.py:subpixellate:1807 | Resampling subslice 1/5
    INFO | 2026-08-24 13:46:23 | slittrace.py:get_radec_image:536 | Generating an RA/DEC image with slice_offset=-0.400
    INFO | 2026-08-24 13:46:24 | datacube.py:subpixellate:1807 | Resampling subslice 2/5
    INFO | 2026-08-24 13:46:24 | slittrace.py:get_radec_image:536 | Generating an RA/DEC image with slice_offset=-0.200
    INFO | 2026-08-24 13:46:24 | datacube.py:subpixellate:1807 | Resampling subslice 3/5
    INFO | 2026-08-24 13:46:24 | slittrace.py:get_radec_image:536 | Generating an RA/DEC image with slice_offset=0.000
    INFO | 2026-08-24 13:46:25 | datacube.py:subpixellate:1807 | Resampling subslice 4/5
    INFO | 2026-08-24 13:46:25 | slittrace.py:get_radec_image:536 | Generating an RA/DEC image with slice_offset=0.200
    INFO | 2026-08-24 13:46:26 | datacube.py:subpixellate:1807 | Resampling subslice 5/5
    INFO | 2026-08-24 13:46:26 | slittrace.py:get_radec_image:536 | Generating an RA/DEC image with slice_offset=0.400
    INFO | 2026-08-24 13:46:27 | datacube.py:subpixellate:1832 | Preparing subpixel weights
    INFO | 2026-08-24 13:46:30 | datacube.py:subpixellate:1772 | Resampling slit 23/24 of frame 5/6
    INFO | 2026-08-24 13:46:30 | datacube.py:subpixellate:1807 | Resampling subslice 1/5
    INFO | 2026-08-24 13:46:30 | slittrace.py:get_radec_image:536 | Generating an RA/DEC image with slice_offset=-0.400
    INFO | 2026-08-24 13:46:31 | datacube.py:subpixellate:1807 | Resampling subslice 2/5
    INFO | 2026-08-24 13:46:31 | slittrace.py:get_radec_image:536 | Generating an RA/DEC image with slice_offset=-0.200
    INFO | 2026-08-24 13:46:32 | datacube.py:subpixellate:1807 | Resampling subslice 3/5
    INFO | 2026-08-24 13:46:32 | slittrace.py:get_radec_image:536 | Generating an RA/DEC image with slice_offset=0.000
    INFO | 2026-08-24 13:46:33 | datacube.py:subpixellate:1807 | Resampling subslice 4/5
    INFO | 2026-08-24 13:46:33 | slittrace.py:get_radec_image:536 | Generating an RA/DEC image with slice_offset=0.200
    INFO | 2026-08-24 13:46:33 | datacube.py:subpixellate:1807 | Resampling subslice 5/5
    INFO | 2026-08-24 13:46:33 | slittrace.py:get_radec_image:536 | Generating an RA/DEC image with slice_offset=0.400
    INFO | 2026-08-24 13:46:34 | datacube.py:subpixellate:1832 | Preparing subpixel weights
    INFO | 2026-08-24 13:46:37 | datacube.py:subpixellate:1772 | Resampling slit 24/24 of frame 5/6
    INFO | 2026-08-24 13:46:38 | datacube.py:subpixellate:1807 | Resampling subslice 1/5
    INFO | 2026-08-24 13:46:38 | slittrace.py:get_radec_image:536 | Generating an RA/DEC image with slice_offset=-0.400
    INFO | 2026-08-24 13:46:38 | datacube.py:subpixellate:1807 | Resampling subslice 2/5
    INFO | 2026-08-24 13:46:38 | slittrace.py:get_radec_image:536 | Generating an RA/DEC image with slice_offset=-0.200
    INFO | 2026-08-24 13:46:39 | datacube.py:subpixellate:1807 | Resampling subslice 3/5
    INFO | 2026-08-24 13:46:39 | slittrace.py:get_radec_image:536 | Generating an RA/DEC image with slice_offset=0.000
    INFO | 2026-08-24 13:46:40 | datacube.py:subpixellate:1807 | Resampling subslice 4/5
    INFO | 2026-08-24 13:46:40 | slittrace.py:get_radec_image:536 | Generating an RA/DEC image with slice_offset=0.200
    INFO | 2026-08-24 13:46:41 | datacube.py:subpixellate:1807 | Resampling subslice 5/5
    INFO | 2026-08-24 13:46:41 | slittrace.py:get_radec_image:536 | Generating an RA/DEC image with slice_offset=0.400
    INFO | 2026-08-24 13:46:42 | datacube.py:subpixellate:1832 | Preparing subpixel weights
    INFO | 2026-08-24 13:46:45 | datacube.py:subpixellate:1772 | Resampling slit 1/24 of frame 6/6
    INFO | 2026-08-24 13:46:45 | datacube.py:subpixellate:1807 | Resampling subslice 1/5
    INFO | 2026-08-24 13:46:45 | slittrace.py:get_radec_image:536 | Generating an RA/DEC image with slice_offset=-0.400
    INFO | 2026-08-24 13:46:46 | datacube.py:subpixellate:1807 | Resampling subslice 2/5
    INFO | 2026-08-24 13:46:46 | slittrace.py:get_radec_image:536 | Generating an RA/DEC image with slice_offset=-0.200
    INFO | 2026-08-24 13:46:47 | datacube.py:subpixellate:1807 | Resampling subslice 3/5
    INFO | 2026-08-24 13:46:47 | slittrace.py:get_radec_image:536 | Generating an RA/DEC image with slice_offset=0.000
    INFO | 2026-08-24 13:46:48 | datacube.py:subpixellate:1807 | Resampling subslice 4/5
    INFO | 2026-08-24 13:46:48 | slittrace.py:get_radec_image:536 | Generating an RA/DEC image with slice_offset=0.200
    INFO | 2026-08-24 13:46:49 | datacube.py:subpixellate:1807 | Resampling subslice 5/5
    INFO | 2026-08-24 13:46:49 | slittrace.py:get_radec_image:536 | Generating an RA/DEC image with slice_offset=0.400
    INFO | 2026-08-24 13:46:49 | datacube.py:subpixellate:1832 | Preparing subpixel weights
    INFO | 2026-08-24 13:46:52 | datacube.py:subpixellate:1772 | Resampling slit 2/24 of frame 6/6
    INFO | 2026-08-24 13:46:53 | datacube.py:subpixellate:1807 | Resampling subslice 1/5
    INFO | 2026-08-24 13:46:53 | slittrace.py:get_radec_image:536 | Generating an RA/DEC image with slice_offset=-0.400
    INFO | 2026-08-24 13:46:54 | datacube.py:subpixellate:1807 | Resampling subslice 2/5
    INFO | 2026-08-24 13:46:54 | slittrace.py:get_radec_image:536 | Generating an RA/DEC image with slice_offset=-0.200
    INFO | 2026-08-24 13:46:54 | datacube.py:subpixellate:1807 | Resampling subslice 3/5
    INFO | 2026-08-24 13:46:54 | slittrace.py:get_radec_image:536 | Generating an RA/DEC image with slice_offset=0.000
    INFO | 2026-08-24 13:46:55 | datacube.py:subpixellate:1807 | Resampling subslice 4/5
    INFO | 2026-08-24 13:46:55 | slittrace.py:get_radec_image:536 | Generating an RA/DEC image with slice_offset=0.200
    INFO | 2026-08-24 13:46:56 | datacube.py:subpixellate:1807 | Resampling subslice 5/5
    INFO | 2026-08-24 13:46:56 | slittrace.py:get_radec_image:536 | Generating an RA/DEC image with slice_offset=0.400
    INFO | 2026-08-24 13:46:57 | datacube.py:subpixellate:1832 | Preparing subpixel weights
    INFO | 2026-08-24 13:47:00 | datacube.py:subpixellate:1772 | Resampling slit 3/24 of frame 6/6
    INFO | 2026-08-24 13:47:00 | datacube.py:subpixellate:1807 | Resampling subslice 1/5
    INFO | 2026-08-24 13:47:00 | slittrace.py:get_radec_image:536 | Generating an RA/DEC image with slice_offset=-0.400
    INFO | 2026-08-24 13:47:01 | datacube.py:subpixellate:1807 | Resampling subslice 2/5
    INFO | 2026-08-24 13:47:01 | slittrace.py:get_radec_image:536 | Generating an RA/DEC image with slice_offset=-0.200
    INFO | 2026-08-24 13:47:02 | datacube.py:subpixellate:1807 | Resampling subslice 3/5
    INFO | 2026-08-24 13:47:02 | slittrace.py:get_radec_image:536 | Generating an RA/DEC image with slice_offset=0.000
    INFO | 2026-08-24 13:47:03 | datacube.py:subpixellate:1807 | Resampling subslice 4/5
    INFO | 2026-08-24 13:47:03 | slittrace.py:get_radec_image:536 | Generating an RA/DEC image with slice_offset=0.200
    INFO | 2026-08-24 13:47:04 | datacube.py:subpixellate:1807 | Resampling subslice 5/5
    INFO | 2026-08-24 13:47:04 | slittrace.py:get_radec_image:536 | Generating an RA/DEC image with slice_offset=0.400
    INFO | 2026-08-24 13:47:05 | datacube.py:subpixellate:1832 | Preparing subpixel weights
    INFO | 2026-08-24 13:47:07 | datacube.py:subpixellate:1772 | Resampling slit 4/24 of frame 6/6
    INFO | 2026-08-24 13:47:08 | datacube.py:subpixellate:1807 | Resampling subslice 1/5
    INFO | 2026-08-24 13:47:08 | slittrace.py:get_radec_image:536 | Generating an RA/DEC image with slice_offset=-0.400
    INFO | 2026-08-24 13:47:09 | datacube.py:subpixellate:1807 | Resampling subslice 2/5
    INFO | 2026-08-24 13:47:09 | slittrace.py:get_radec_image:536 | Generating an RA/DEC image with slice_offset=-0.200
    INFO | 2026-08-24 13:47:10 | datacube.py:subpixellate:1807 | Resampling subslice 3/5
    INFO | 2026-08-24 13:47:10 | slittrace.py:get_radec_image:536 | Generating an RA/DEC image with slice_offset=0.000
    INFO | 2026-08-24 13:47:10 | datacube.py:subpixellate:1807 | Resampling subslice 4/5
    INFO | 2026-08-24 13:47:10 | slittrace.py:get_radec_image:536 | Generating an RA/DEC image with slice_offset=0.200
    INFO | 2026-08-24 13:47:11 | datacube.py:subpixellate:1807 | Resampling subslice 5/5
    INFO | 2026-08-24 13:47:11 | slittrace.py:get_radec_image:536 | Generating an RA/DEC image with slice_offset=0.400
    INFO | 2026-08-24 13:47:12 | datacube.py:subpixellate:1832 | Preparing subpixel weights
    INFO | 2026-08-24 13:47:15 | datacube.py:subpixellate:1772 | Resampling slit 5/24 of frame 6/6
    INFO | 2026-08-24 13:47:15 | datacube.py:subpixellate:1807 | Resampling subslice 1/5
    INFO | 2026-08-24 13:47:15 | slittrace.py:get_radec_image:536 | Generating an RA/DEC image with slice_offset=-0.400
    INFO | 2026-08-24 13:47:16 | datacube.py:subpixellate:1807 | Resampling subslice 2/5
    INFO | 2026-08-24 13:47:16 | slittrace.py:get_radec_image:536 | Generating an RA/DEC image with slice_offset=-0.200
    INFO | 2026-08-24 13:47:17 | datacube.py:subpixellate:1807 | Resampling subslice 3/5
    INFO | 2026-08-24 13:47:17 | slittrace.py:get_radec_image:536 | Generating an RA/DEC image with slice_offset=0.000
    INFO | 2026-08-24 13:47:18 | datacube.py:subpixellate:1807 | Resampling subslice 4/5
    INFO | 2026-08-24 13:47:18 | slittrace.py:get_radec_image:536 | Generating an RA/DEC image with slice_offset=0.200
    INFO | 2026-08-24 13:47:18 | datacube.py:subpixellate:1807 | Resampling subslice 5/5
    INFO | 2026-08-24 13:47:18 | slittrace.py:get_radec_image:536 | Generating an RA/DEC image with slice_offset=0.400
    INFO | 2026-08-24 13:47:19 | datacube.py:subpixellate:1832 | Preparing subpixel weights
    INFO | 2026-08-24 13:47:22 | datacube.py:subpixellate:1772 | Resampling slit 6/24 of frame 6/6
    INFO | 2026-08-24 13:47:23 | datacube.py:subpixellate:1807 | Resampling subslice 1/5
    INFO | 2026-08-24 13:47:23 | slittrace.py:get_radec_image:536 | Generating an RA/DEC image with slice_offset=-0.400
    INFO | 2026-08-24 13:47:23 | datacube.py:subpixellate:1807 | Resampling subslice 2/5
    INFO | 2026-08-24 13:47:23 | slittrace.py:get_radec_image:536 | Generating an RA/DEC image with slice_offset=-0.200
    INFO | 2026-08-24 13:47:24 | datacube.py:subpixellate:1807 | Resampling subslice 3/5
    INFO | 2026-08-24 13:47:24 | slittrace.py:get_radec_image:536 | Generating an RA/DEC image with slice_offset=0.000
    INFO | 2026-08-24 13:47:25 | datacube.py:subpixellate:1807 | Resampling subslice 4/5
    INFO | 2026-08-24 13:47:25 | slittrace.py:get_radec_image:536 | Generating an RA/DEC image with slice_offset=0.200
    INFO | 2026-08-24 13:47:26 | datacube.py:subpixellate:1807 | Resampling subslice 5/5
    INFO | 2026-08-24 13:47:26 | slittrace.py:get_radec_image:536 | Generating an RA/DEC image with slice_offset=0.400
    INFO | 2026-08-24 13:47:27 | datacube.py:subpixellate:1832 | Preparing subpixel weights
    INFO | 2026-08-24 13:47:30 | datacube.py:subpixellate:1772 | Resampling slit 7/24 of frame 6/6
    INFO | 2026-08-24 13:47:30 | datacube.py:subpixellate:1807 | Resampling subslice 1/5
    INFO | 2026-08-24 13:47:30 | slittrace.py:get_radec_image:536 | Generating an RA/DEC image with slice_offset=-0.400
    INFO | 2026-08-24 13:47:31 | datacube.py:subpixellate:1807 | Resampling subslice 2/5
    INFO | 2026-08-24 13:47:31 | slittrace.py:get_radec_image:536 | Generating an RA/DEC image with slice_offset=-0.200
    INFO | 2026-08-24 13:47:32 | datacube.py:subpixellate:1807 | Resampling subslice 3/5
    INFO | 2026-08-24 13:47:32 | slittrace.py:get_radec_image:536 | Generating an RA/DEC image with slice_offset=0.000
    INFO | 2026-08-24 13:47:32 | datacube.py:subpixellate:1807 | Resampling subslice 4/5
    INFO | 2026-08-24 13:47:32 | slittrace.py:get_radec_image:536 | Generating an RA/DEC image with slice_offset=0.200
    INFO | 2026-08-24 13:47:33 | datacube.py:subpixellate:1807 | Resampling subslice 5/5
    INFO | 2026-08-24 13:47:33 | slittrace.py:get_radec_image:536 | Generating an RA/DEC image with slice_offset=0.400
    INFO | 2026-08-24 13:47:34 | datacube.py:subpixellate:1832 | Preparing subpixel weights
    INFO | 2026-08-24 13:47:37 | datacube.py:subpixellate:1772 | Resampling slit 8/24 of frame 6/6
    INFO | 2026-08-24 13:47:37 | datacube.py:subpixellate:1807 | Resampling subslice 1/5
    INFO | 2026-08-24 13:47:37 | slittrace.py:get_radec_image:536 | Generating an RA/DEC image with slice_offset=-0.400
    INFO | 2026-08-24 13:47:38 | datacube.py:subpixellate:1807 | Resampling subslice 2/5
    INFO | 2026-08-24 13:47:38 | slittrace.py:get_radec_image:536 | Generating an RA/DEC image with slice_offset=-0.200
    INFO | 2026-08-24 13:47:39 | datacube.py:subpixellate:1807 | Resampling subslice 3/5
    INFO | 2026-08-24 13:47:39 | slittrace.py:get_radec_image:536 | Generating an RA/DEC image with slice_offset=0.000
    INFO | 2026-08-24 13:47:40 | datacube.py:subpixellate:1807 | Resampling subslice 4/5
    INFO | 2026-08-24 13:47:40 | slittrace.py:get_radec_image:536 | Generating an RA/DEC image with slice_offset=0.200
    INFO | 2026-08-24 13:47:41 | datacube.py:subpixellate:1807 | Resampling subslice 5/5
    INFO | 2026-08-24 13:47:41 | slittrace.py:get_radec_image:536 | Generating an RA/DEC image with slice_offset=0.400
    INFO | 2026-08-24 13:47:41 | datacube.py:subpixellate:1832 | Preparing subpixel weights
    INFO | 2026-08-24 13:47:44 | datacube.py:subpixellate:1772 | Resampling slit 9/24 of frame 6/6
    INFO | 2026-08-24 13:47:45 | datacube.py:subpixellate:1807 | Resampling subslice 1/5
    INFO | 2026-08-24 13:47:45 | slittrace.py:get_radec_image:536 | Generating an RA/DEC image with slice_offset=-0.400
    INFO | 2026-08-24 13:47:46 | datacube.py:subpixellate:1807 | Resampling subslice 2/5
    INFO | 2026-08-24 13:47:46 | slittrace.py:get_radec_image:536 | Generating an RA/DEC image with slice_offset=-0.200
    INFO | 2026-08-24 13:47:46 | datacube.py:subpixellate:1807 | Resampling subslice 3/5
    INFO | 2026-08-24 13:47:46 | slittrace.py:get_radec_image:536 | Generating an RA/DEC image with slice_offset=0.000
    INFO | 2026-08-24 13:47:47 | datacube.py:subpixellate:1807 | Resampling subslice 4/5
    INFO | 2026-08-24 13:47:47 | slittrace.py:get_radec_image:536 | Generating an RA/DEC image with slice_offset=0.200
    INFO | 2026-08-24 13:47:48 | datacube.py:subpixellate:1807 | Resampling subslice 5/5
    INFO | 2026-08-24 13:47:48 | slittrace.py:get_radec_image:536 | Generating an RA/DEC image with slice_offset=0.400
    INFO | 2026-08-24 13:47:49 | datacube.py:subpixellate:1832 | Preparing subpixel weights
    INFO | 2026-08-24 13:47:52 | datacube.py:subpixellate:1772 | Resampling slit 10/24 of frame 6/6
    INFO | 2026-08-24 13:47:52 | datacube.py:subpixellate:1807 | Resampling subslice 1/5
    INFO | 2026-08-24 13:47:52 | slittrace.py:get_radec_image:536 | Generating an RA/DEC image with slice_offset=-0.400
    INFO | 2026-08-24 13:47:53 | datacube.py:subpixellate:1807 | Resampling subslice 2/5
    INFO | 2026-08-24 13:47:53 | slittrace.py:get_radec_image:536 | Generating an RA/DEC image with slice_offset=-0.200
    INFO | 2026-08-24 13:47:54 | datacube.py:subpixellate:1807 | Resampling subslice 3/5
    INFO | 2026-08-24 13:47:54 | slittrace.py:get_radec_image:536 | Generating an RA/DEC image with slice_offset=0.000
    INFO | 2026-08-24 13:47:54 | datacube.py:subpixellate:1807 | Resampling subslice 4/5
    INFO | 2026-08-24 13:47:54 | slittrace.py:get_radec_image:536 | Generating an RA/DEC image with slice_offset=0.200
    INFO | 2026-08-24 13:47:55 | datacube.py:subpixellate:1807 | Resampling subslice 5/5
    INFO | 2026-08-24 13:47:55 | slittrace.py:get_radec_image:536 | Generating an RA/DEC image with slice_offset=0.400
    INFO | 2026-08-24 13:47:56 | datacube.py:subpixellate:1832 | Preparing subpixel weights
    INFO | 2026-08-24 13:47:59 | datacube.py:subpixellate:1772 | Resampling slit 11/24 of frame 6/6
    INFO | 2026-08-24 13:47:59 | datacube.py:subpixellate:1807 | Resampling subslice 1/5
    INFO | 2026-08-24 13:47:59 | slittrace.py:get_radec_image:536 | Generating an RA/DEC image with slice_offset=-0.400
    INFO | 2026-08-24 13:48:00 | datacube.py:subpixellate:1807 | Resampling subslice 2/5
    INFO | 2026-08-24 13:48:00 | slittrace.py:get_radec_image:536 | Generating an RA/DEC image with slice_offset=-0.200
    INFO | 2026-08-24 13:48:01 | datacube.py:subpixellate:1807 | Resampling subslice 3/5
    INFO | 2026-08-24 13:48:01 | slittrace.py:get_radec_image:536 | Generating an RA/DEC image with slice_offset=0.000
    INFO | 2026-08-24 13:48:02 | datacube.py:subpixellate:1807 | Resampling subslice 4/5
    INFO | 2026-08-24 13:48:02 | slittrace.py:get_radec_image:536 | Generating an RA/DEC image with slice_offset=0.200
    INFO | 2026-08-24 13:48:02 | datacube.py:subpixellate:1807 | Resampling subslice 5/5
    INFO | 2026-08-24 13:48:02 | slittrace.py:get_radec_image:536 | Generating an RA/DEC image with slice_offset=0.400
    INFO | 2026-08-24 13:48:03 | datacube.py:subpixellate:1832 | Preparing subpixel weights
    INFO | 2026-08-24 13:48:06 | datacube.py:subpixellate:1772 | Resampling slit 12/24 of frame 6/6
    INFO | 2026-08-24 13:48:07 | datacube.py:subpixellate:1807 | Resampling subslice 1/5
    INFO | 2026-08-24 13:48:07 | slittrace.py:get_radec_image:536 | Generating an RA/DEC image with slice_offset=-0.400
    INFO | 2026-08-24 13:48:07 | datacube.py:subpixellate:1807 | Resampling subslice 2/5
    INFO | 2026-08-24 13:48:07 | slittrace.py:get_radec_image:536 | Generating an RA/DEC image with slice_offset=-0.200
    INFO | 2026-08-24 13:48:08 | datacube.py:subpixellate:1807 | Resampling subslice 3/5
    INFO | 2026-08-24 13:48:08 | slittrace.py:get_radec_image:536 | Generating an RA/DEC image with slice_offset=0.000
    INFO | 2026-08-24 13:48:09 | datacube.py:subpixellate:1807 | Resampling subslice 4/5
    INFO | 2026-08-24 13:48:09 | slittrace.py:get_radec_image:536 | Generating an RA/DEC image with slice_offset=0.200
    INFO | 2026-08-24 13:48:10 | datacube.py:subpixellate:1807 | Resampling subslice 5/5
    INFO | 2026-08-24 13:48:10 | slittrace.py:get_radec_image:536 | Generating an RA/DEC image with slice_offset=0.400
    INFO | 2026-08-24 13:48:11 | datacube.py:subpixellate:1832 | Preparing subpixel weights
    INFO | 2026-08-24 13:48:14 | datacube.py:subpixellate:1772 | Resampling slit 13/24 of frame 6/6
    INFO | 2026-08-24 13:48:14 | datacube.py:subpixellate:1807 | Resampling subslice 1/5
    INFO | 2026-08-24 13:48:14 | slittrace.py:get_radec_image:536 | Generating an RA/DEC image with slice_offset=-0.400
    INFO | 2026-08-24 13:48:15 | datacube.py:subpixellate:1807 | Resampling subslice 2/5
    INFO | 2026-08-24 13:48:15 | slittrace.py:get_radec_image:536 | Generating an RA/DEC image with slice_offset=-0.200
    INFO | 2026-08-24 13:48:16 | datacube.py:subpixellate:1807 | Resampling subslice 3/5
    INFO | 2026-08-24 13:48:16 | slittrace.py:get_radec_image:536 | Generating an RA/DEC image with slice_offset=0.000
    INFO | 2026-08-24 13:48:16 | datacube.py:subpixellate:1807 | Resampling subslice 4/5
    INFO | 2026-08-24 13:48:16 | slittrace.py:get_radec_image:536 | Generating an RA/DEC image with slice_offset=0.200
    INFO | 2026-08-24 13:48:17 | datacube.py:subpixellate:1807 | Resampling subslice 5/5
    INFO | 2026-08-24 13:48:17 | slittrace.py:get_radec_image:536 | Generating an RA/DEC image with slice_offset=0.400
    INFO | 2026-08-24 13:48:18 | datacube.py:subpixellate:1832 | Preparing subpixel weights
    INFO | 2026-08-24 13:48:21 | datacube.py:subpixellate:1772 | Resampling slit 14/24 of frame 6/6
    INFO | 2026-08-24 13:48:21 | datacube.py:subpixellate:1807 | Resampling subslice 1/5
    INFO | 2026-08-24 13:48:21 | slittrace.py:get_radec_image:536 | Generating an RA/DEC image with slice_offset=-0.400
    INFO | 2026-08-24 13:48:22 | datacube.py:subpixellate:1807 | Resampling subslice 2/5
    INFO | 2026-08-24 13:48:22 | slittrace.py:get_radec_image:536 | Generating an RA/DEC image with slice_offset=-0.200
    INFO | 2026-08-24 13:48:23 | datacube.py:subpixellate:1807 | Resampling subslice 3/5
    INFO | 2026-08-24 13:48:23 | slittrace.py:get_radec_image:536 | Generating an RA/DEC image with slice_offset=0.000
    INFO | 2026-08-24 13:48:24 | datacube.py:subpixellate:1807 | Resampling subslice 4/5
    INFO | 2026-08-24 13:48:24 | slittrace.py:get_radec_image:536 | Generating an RA/DEC image with slice_offset=0.200
    INFO | 2026-08-24 13:48:24 | datacube.py:subpixellate:1807 | Resampling subslice 5/5
    INFO | 2026-08-24 13:48:24 | slittrace.py:get_radec_image:536 | Generating an RA/DEC image with slice_offset=0.400
    INFO | 2026-08-24 13:48:25 | datacube.py:subpixellate:1832 | Preparing subpixel weights
    INFO | 2026-08-24 13:48:28 | datacube.py:subpixellate:1772 | Resampling slit 15/24 of frame 6/6
    INFO | 2026-08-24 13:48:29 | datacube.py:subpixellate:1807 | Resampling subslice 1/5
    INFO | 2026-08-24 13:48:29 | slittrace.py:get_radec_image:536 | Generating an RA/DEC image with slice_offset=-0.400
    INFO | 2026-08-24 13:48:29 | datacube.py:subpixellate:1807 | Resampling subslice 2/5
    INFO | 2026-08-24 13:48:29 | slittrace.py:get_radec_image:536 | Generating an RA/DEC image with slice_offset=-0.200
    INFO | 2026-08-24 13:48:30 | datacube.py:subpixellate:1807 | Resampling subslice 3/5
    INFO | 2026-08-24 13:48:30 | slittrace.py:get_radec_image:536 | Generating an RA/DEC image with slice_offset=0.000
    INFO | 2026-08-24 13:48:31 | datacube.py:subpixellate:1807 | Resampling subslice 4/5
    INFO | 2026-08-24 13:48:31 | slittrace.py:get_radec_image:536 | Generating an RA/DEC image with slice_offset=0.200
    INFO | 2026-08-24 13:48:32 | datacube.py:subpixellate:1807 | Resampling subslice 5/5
    INFO | 2026-08-24 13:48:32 | slittrace.py:get_radec_image:536 | Generating an RA/DEC image with slice_offset=0.400
    INFO | 2026-08-24 13:48:32 | datacube.py:subpixellate:1832 | Preparing subpixel weights
    INFO | 2026-08-24 13:48:36 | datacube.py:subpixellate:1772 | Resampling slit 16/24 of frame 6/6
    INFO | 2026-08-24 13:48:36 | datacube.py:subpixellate:1807 | Resampling subslice 1/5
    INFO | 2026-08-24 13:48:36 | slittrace.py:get_radec_image:536 | Generating an RA/DEC image with slice_offset=-0.400
    INFO | 2026-08-24 13:48:37 | datacube.py:subpixellate:1807 | Resampling subslice 2/5
    INFO | 2026-08-24 13:48:37 | slittrace.py:get_radec_image:536 | Generating an RA/DEC image with slice_offset=-0.200
    INFO | 2026-08-24 13:48:38 | datacube.py:subpixellate:1807 | Resampling subslice 3/5
    INFO | 2026-08-24 13:48:38 | slittrace.py:get_radec_image:536 | Generating an RA/DEC image with slice_offset=0.000
    INFO | 2026-08-24 13:48:38 | datacube.py:subpixellate:1807 | Resampling subslice 4/5
    INFO | 2026-08-24 13:48:38 | slittrace.py:get_radec_image:536 | Generating an RA/DEC image with slice_offset=0.200
    INFO | 2026-08-24 13:48:39 | datacube.py:subpixellate:1807 | Resampling subslice 5/5
    INFO | 2026-08-24 13:48:39 | slittrace.py:get_radec_image:536 | Generating an RA/DEC image with slice_offset=0.400
    INFO | 2026-08-24 13:48:40 | datacube.py:subpixellate:1832 | Preparing subpixel weights
    INFO | 2026-08-24 13:48:43 | datacube.py:subpixellate:1772 | Resampling slit 17/24 of frame 6/6
    INFO | 2026-08-24 13:48:43 | datacube.py:subpixellate:1807 | Resampling subslice 1/5
    INFO | 2026-08-24 13:48:43 | slittrace.py:get_radec_image:536 | Generating an RA/DEC image with slice_offset=-0.400
    INFO | 2026-08-24 13:48:44 | datacube.py:subpixellate:1807 | Resampling subslice 2/5
    INFO | 2026-08-24 13:48:44 | slittrace.py:get_radec_image:536 | Generating an RA/DEC image with slice_offset=-0.200
    INFO | 2026-08-24 13:48:45 | datacube.py:subpixellate:1807 | Resampling subslice 3/5
    INFO | 2026-08-24 13:48:45 | slittrace.py:get_radec_image:536 | Generating an RA/DEC image with slice_offset=0.000
    INFO | 2026-08-24 13:48:46 | datacube.py:subpixellate:1807 | Resampling subslice 4/5
    INFO | 2026-08-24 13:48:46 | slittrace.py:get_radec_image:536 | Generating an RA/DEC image with slice_offset=0.200
    INFO | 2026-08-24 13:48:47 | datacube.py:subpixellate:1807 | Resampling subslice 5/5
    INFO | 2026-08-24 13:48:47 | slittrace.py:get_radec_image:536 | Generating an RA/DEC image with slice_offset=0.400
    INFO | 2026-08-24 13:48:47 | datacube.py:subpixellate:1832 | Preparing subpixel weights
    INFO | 2026-08-24 13:48:50 | datacube.py:subpixellate:1772 | Resampling slit 18/24 of frame 6/6
    INFO | 2026-08-24 13:48:51 | datacube.py:subpixellate:1807 | Resampling subslice 1/5
    INFO | 2026-08-24 13:48:51 | slittrace.py:get_radec_image:536 | Generating an RA/DEC image with slice_offset=-0.400
    INFO | 2026-08-24 13:48:52 | datacube.py:subpixellate:1807 | Resampling subslice 2/5
    INFO | 2026-08-24 13:48:52 | slittrace.py:get_radec_image:536 | Generating an RA/DEC image with slice_offset=-0.200
    INFO | 2026-08-24 13:48:52 | datacube.py:subpixellate:1807 | Resampling subslice 3/5
    INFO | 2026-08-24 13:48:52 | slittrace.py:get_radec_image:536 | Generating an RA/DEC image with slice_offset=0.000
    INFO | 2026-08-24 13:48:53 | datacube.py:subpixellate:1807 | Resampling subslice 4/5
    INFO | 2026-08-24 13:48:53 | slittrace.py:get_radec_image:536 | Generating an RA/DEC image with slice_offset=0.200
    INFO | 2026-08-24 13:48:54 | datacube.py:subpixellate:1807 | Resampling subslice 5/5
    INFO | 2026-08-24 13:48:54 | slittrace.py:get_radec_image:536 | Generating an RA/DEC image with slice_offset=0.400
    INFO | 2026-08-24 13:48:55 | datacube.py:subpixellate:1832 | Preparing subpixel weights
    INFO | 2026-08-24 13:48:58 | datacube.py:subpixellate:1772 | Resampling slit 19/24 of frame 6/6
    INFO | 2026-08-24 13:48:58 | datacube.py:subpixellate:1807 | Resampling subslice 1/5
    INFO | 2026-08-24 13:48:58 | slittrace.py:get_radec_image:536 | Generating an RA/DEC image with slice_offset=-0.400
    INFO | 2026-08-24 13:48:59 | datacube.py:subpixellate:1807 | Resampling subslice 2/5
    INFO | 2026-08-24 13:48:59 | slittrace.py:get_radec_image:536 | Generating an RA/DEC image with slice_offset=-0.200
    INFO | 2026-08-24 13:49:00 | datacube.py:subpixellate:1807 | Resampling subslice 3/5
    INFO | 2026-08-24 13:49:00 | slittrace.py:get_radec_image:536 | Generating an RA/DEC image with slice_offset=0.000
    INFO | 2026-08-24 13:49:01 | datacube.py:subpixellate:1807 | Resampling subslice 4/5
    INFO | 2026-08-24 13:49:01 | slittrace.py:get_radec_image:536 | Generating an RA/DEC image with slice_offset=0.200
    INFO | 2026-08-24 13:49:01 | datacube.py:subpixellate:1807 | Resampling subslice 5/5
    INFO | 2026-08-24 13:49:01 | slittrace.py:get_radec_image:536 | Generating an RA/DEC image with slice_offset=0.400
    INFO | 2026-08-24 13:49:02 | datacube.py:subpixellate:1832 | Preparing subpixel weights
    INFO | 2026-08-24 13:49:05 | datacube.py:subpixellate:1772 | Resampling slit 20/24 of frame 6/6
    INFO | 2026-08-24 13:49:06 | datacube.py:subpixellate:1807 | Resampling subslice 1/5
    INFO | 2026-08-24 13:49:06 | slittrace.py:get_radec_image:536 | Generating an RA/DEC image with slice_offset=-0.400
    INFO | 2026-08-24 13:49:06 | datacube.py:subpixellate:1807 | Resampling subslice 2/5
    INFO | 2026-08-24 13:49:06 | slittrace.py:get_radec_image:536 | Generating an RA/DEC image with slice_offset=-0.200
    INFO | 2026-08-24 13:49:07 | datacube.py:subpixellate:1807 | Resampling subslice 3/5
    INFO | 2026-08-24 13:49:07 | slittrace.py:get_radec_image:536 | Generating an RA/DEC image with slice_offset=0.000
    INFO | 2026-08-24 13:49:08 | datacube.py:subpixellate:1807 | Resampling subslice 4/5
    INFO | 2026-08-24 13:49:08 | slittrace.py:get_radec_image:536 | Generating an RA/DEC image with slice_offset=0.200
    INFO | 2026-08-24 13:49:09 | datacube.py:subpixellate:1807 | Resampling subslice 5/5
    INFO | 2026-08-24 13:49:09 | slittrace.py:get_radec_image:536 | Generating an RA/DEC image with slice_offset=0.400
    INFO | 2026-08-24 13:49:10 | datacube.py:subpixellate:1832 | Preparing subpixel weights
    INFO | 2026-08-24 13:49:13 | datacube.py:subpixellate:1772 | Resampling slit 21/24 of frame 6/6
    INFO | 2026-08-24 13:49:13 | datacube.py:subpixellate:1807 | Resampling subslice 1/5
    INFO | 2026-08-24 13:49:13 | slittrace.py:get_radec_image:536 | Generating an RA/DEC image with slice_offset=-0.400
    INFO | 2026-08-24 13:49:14 | datacube.py:subpixellate:1807 | Resampling subslice 2/5
    INFO | 2026-08-24 13:49:14 | slittrace.py:get_radec_image:536 | Generating an RA/DEC image with slice_offset=-0.200
    INFO | 2026-08-24 13:49:15 | datacube.py:subpixellate:1807 | Resampling subslice 3/5
    INFO | 2026-08-24 13:49:15 | slittrace.py:get_radec_image:536 | Generating an RA/DEC image with slice_offset=0.000
    INFO | 2026-08-24 13:49:16 | datacube.py:subpixellate:1807 | Resampling subslice 4/5
    INFO | 2026-08-24 13:49:16 | slittrace.py:get_radec_image:536 | Generating an RA/DEC image with slice_offset=0.200
    INFO | 2026-08-24 13:49:16 | datacube.py:subpixellate:1807 | Resampling subslice 5/5
    INFO | 2026-08-24 13:49:16 | slittrace.py:get_radec_image:536 | Generating an RA/DEC image with slice_offset=0.400
    INFO | 2026-08-24 13:49:17 | datacube.py:subpixellate:1832 | Preparing subpixel weights
    INFO | 2026-08-24 13:49:20 | datacube.py:subpixellate:1772 | Resampling slit 22/24 of frame 6/6
    INFO | 2026-08-24 13:49:20 | datacube.py:subpixellate:1807 | Resampling subslice 1/5
    INFO | 2026-08-24 13:49:20 | slittrace.py:get_radec_image:536 | Generating an RA/DEC image with slice_offset=-0.400
    INFO | 2026-08-24 13:49:21 | datacube.py:subpixellate:1807 | Resampling subslice 2/5
    INFO | 2026-08-24 13:49:21 | slittrace.py:get_radec_image:536 | Generating an RA/DEC image with slice_offset=-0.200
    INFO | 2026-08-24 13:49:22 | datacube.py:subpixellate:1807 | Resampling subslice 3/5
    INFO | 2026-08-24 13:49:22 | slittrace.py:get_radec_image:536 | Generating an RA/DEC image with slice_offset=0.000
    INFO | 2026-08-24 13:49:23 | datacube.py:subpixellate:1807 | Resampling subslice 4/5
    INFO | 2026-08-24 13:49:23 | slittrace.py:get_radec_image:536 | Generating an RA/DEC image with slice_offset=0.200
    INFO | 2026-08-24 13:49:24 | datacube.py:subpixellate:1807 | Resampling subslice 5/5
    INFO | 2026-08-24 13:49:24 | slittrace.py:get_radec_image:536 | Generating an RA/DEC image with slice_offset=0.400
    INFO | 2026-08-24 13:49:25 | datacube.py:subpixellate:1832 | Preparing subpixel weights
    INFO | 2026-08-24 13:49:27 | datacube.py:subpixellate:1772 | Resampling slit 23/24 of frame 6/6
    INFO | 2026-08-24 13:49:28 | datacube.py:subpixellate:1807 | Resampling subslice 1/5
    INFO | 2026-08-24 13:49:28 | slittrace.py:get_radec_image:536 | Generating an RA/DEC image with slice_offset=-0.400
    INFO | 2026-08-24 13:49:28 | datacube.py:subpixellate:1807 | Resampling subslice 2/5
    INFO | 2026-08-24 13:49:28 | slittrace.py:get_radec_image:536 | Generating an RA/DEC image with slice_offset=-0.200
    INFO | 2026-08-24 13:49:29 | datacube.py:subpixellate:1807 | Resampling subslice 3/5
    INFO | 2026-08-24 13:49:29 | slittrace.py:get_radec_image:536 | Generating an RA/DEC image with slice_offset=0.000
    INFO | 2026-08-24 13:49:30 | datacube.py:subpixellate:1807 | Resampling subslice 4/5
    INFO | 2026-08-24 13:49:30 | slittrace.py:get_radec_image:536 | Generating an RA/DEC image with slice_offset=0.200
    INFO | 2026-08-24 13:49:31 | datacube.py:subpixellate:1807 | Resampling subslice 5/5
    INFO | 2026-08-24 13:49:31 | slittrace.py:get_radec_image:536 | Generating an RA/DEC image with slice_offset=0.400
    INFO | 2026-08-24 13:49:32 | datacube.py:subpixellate:1832 | Preparing subpixel weights
    INFO | 2026-08-24 13:49:34 | datacube.py:subpixellate:1772 | Resampling slit 24/24 of frame 6/6
    INFO | 2026-08-24 13:49:35 | datacube.py:subpixellate:1807 | Resampling subslice 1/5
    INFO | 2026-08-24 13:49:35 | slittrace.py:get_radec_image:536 | Generating an RA/DEC image with slice_offset=-0.400
    INFO | 2026-08-24 13:49:35 | datacube.py:subpixellate:1807 | Resampling subslice 2/5
    INFO | 2026-08-24 13:49:35 | slittrace.py:get_radec_image:536 | Generating an RA/DEC image with slice_offset=-0.200
    INFO | 2026-08-24 13:49:36 | datacube.py:subpixellate:1807 | Resampling subslice 3/5
    INFO | 2026-08-24 13:49:36 | slittrace.py:get_radec_image:536 | Generating an RA/DEC image with slice_offset=0.000
    INFO | 2026-08-24 13:49:37 | datacube.py:subpixellate:1807 | Resampling subslice 4/5
    INFO | 2026-08-24 13:49:37 | slittrace.py:get_radec_image:536 | Generating an RA/DEC image with slice_offset=0.200
    INFO | 2026-08-24 13:49:38 | datacube.py:subpixellate:1807 | Resampling subslice 5/5
    INFO | 2026-08-24 13:49:38 | slittrace.py:get_radec_image:536 | Generating an RA/DEC image with slice_offset=0.400
    INFO | 2026-08-24 13:49:39 | datacube.py:subpixellate:1832 | Preparing subpixel weights
    INFO | 2026-08-24 13:49:42 | datacube.py:generate_cube_subpixel:1625 | White light image covers the wavelength range 6745.34 A - 7442.51 A
    INFO | 2026-08-24 13:49:42 | datacube.py:generate_cube_subpixel:1630 | Saving white light image as: feige110_2023-11-07_B_whitelight.fits
    INFO | 2026-08-24 13:49:42 | coadd3d.py:run:1479 | Saving datacube as: feige110_2023-11-07_B.fits
    INFO | 2026-08-24 13:49:48 | io.py:write_to_fits:672 | File written to: feige110_2023-11-07_B.fits
    INFO | 2026-08-24 13:49:48 | coadd_datacube.py:main:75 | Execution time: 41m 18.15s
