    INFO | 2026-08-23 19:27:16 | inputfiles.py:from_file:136 | Loading the reduction file
    INFO | 2026-08-23 19:27:16 | inputfiles.py:from_file:214 | PypeIt input file loaded successfully.
    INFO | 2026-08-23 19:27:16 | inputfiles.py:vet:685 | PypeIt file successfully vetted.
 WARNING | 2026-08-23 19:27:16 | keck_kcwi.py:config_specific_par:156 | Full template solution is unavailable
    INFO | 2026-08-23 19:27:16 | keck_kcwi.py:config_specific_par:157 | Adopting holy-grail algorithm - Check the wavelength solution!
    INFO | 2026-08-23 19:27:16 | pypeit.py:__init__:82 | Loaded spectrograph keck_kcrm
    INFO | 2026-08-23 19:27:16 | pypeit.py:__init__:83 | Setting configuration-specific parameters using KR.20231108.54426.46.fits.
 WARNING | 2026-08-23 19:27:16 | parset.py:to_config:662 | Selected configuration file already exists and will be overwritten!
    INFO | 2026-08-23 19:27:16 | pypeit.py:__init__:99 | Compiling metadata
    INFO | 2026-08-23 19:27:16 | metadata.py:_build:206 | Building metadata for 29 files.
    INFO | 2026-08-23 19:27:16 | metadata.py:_build:235 | Adding metadata for KR.20231108.10348.37.fits
    INFO | 2026-08-23 19:27:16 | metadata.py:_build:235 | Adding metadata for KR.20231108.10383.50.fits
    INFO | 2026-08-23 19:27:16 | metadata.py:_build:235 | Adding metadata for KR.20231108.10417.73.fits
    INFO | 2026-08-23 19:27:16 | metadata.py:_build:235 | Adding metadata for KR.20231108.10600.31.fits
    INFO | 2026-08-23 19:27:16 | metadata.py:_build:235 | Adding metadata for KR.20231108.10745.16.fits
    INFO | 2026-08-23 19:27:16 | metadata.py:_build:235 | Adding metadata for KR.20231108.10888.99.fits
    INFO | 2026-08-23 19:27:16 | metadata.py:_build:235 | Adding metadata for KR.20231108.06687.43.fits
    INFO | 2026-08-23 19:27:16 | metadata.py:_build:235 | Adding metadata for KR.20231108.06731.29.fits
    INFO | 2026-08-23 19:27:16 | metadata.py:_build:235 | Adding metadata for KR.20231108.06775.16.fits
    INFO | 2026-08-23 19:27:16 | metadata.py:_build:235 | Adding metadata for KR.20231108.06819.20.fits
    INFO | 2026-08-23 19:27:16 | metadata.py:_build:235 | Adding metadata for KR.20231108.06862.88.fits
    INFO | 2026-08-23 19:27:16 | metadata.py:_build:235 | Adding metadata for KR.20231108.06906.75.fits
    INFO | 2026-08-23 19:27:16 | metadata.py:_build:235 | Adding metadata for KR.20231108.06950.61.fits
    INFO | 2026-08-23 19:27:16 | metadata.py:_build:235 | Adding metadata for KR.20231108.11929.47.fits
    INFO | 2026-08-23 19:27:16 | metadata.py:_build:235 | Adding metadata for KR.20231108.12073.30.fits
    INFO | 2026-08-23 19:27:16 | metadata.py:_build:235 | Adding metadata for KR.20231108.12217.12.fits
    INFO | 2026-08-23 19:27:16 | metadata.py:_build:235 | Adding metadata for KR.20231108.11400.60.fits
    INFO | 2026-08-23 19:27:16 | metadata.py:_build:235 | Adding metadata for KR.20231108.11454.12.fits
    INFO | 2026-08-23 19:27:16 | metadata.py:_build:235 | Adding metadata for KR.20231108.11508.20.fits
    INFO | 2026-08-23 19:27:16 | metadata.py:_build:235 | Adding metadata for KR.20231108.11562.27.fits
    INFO | 2026-08-23 19:27:16 | metadata.py:_build:235 | Adding metadata for KR.20231108.11616.33.fits
    INFO | 2026-08-23 19:27:16 | metadata.py:_build:235 | Adding metadata for KR.20231108.11670.39.fits
    INFO | 2026-08-23 19:27:16 | metadata.py:_build:235 | Adding metadata for KR.20231108.54426.46.fits
    INFO | 2026-08-23 19:27:16 | metadata.py:_build:235 | Adding metadata for KR.20231108.54563.16.fits
    INFO | 2026-08-23 19:27:16 | metadata.py:_build:235 | Adding metadata for KR.20231108.54678.43.fits
    INFO | 2026-08-23 19:27:16 | metadata.py:_build:235 | Adding metadata for KR.20231108.54782.48.fits
    INFO | 2026-08-23 19:27:16 | metadata.py:_build:235 | Adding metadata for KR.20231108.11052.21.fits
    INFO | 2026-08-23 19:27:16 | metadata.py:_build:235 | Adding metadata for KR.20231108.11196.40.fits
    INFO | 2026-08-23 19:27:16 | metadata.py:_build:235 | Adding metadata for KR.20231108.11340.89.fits
 WARNING | 2026-08-23 19:27:16 | metadata.py:_vet_instrument:180 | The instrument name in the headers of the raw files does not match the expected one! Found KCWI, expected KCRM.  You may have chosen the wrong PypeIt spectrograph name!
 WARNING | 2026-08-23 19:27:16 | metadata.py:get_frame_types:1384 | Removing existing frametype and framebit columns.
    INFO | 2026-08-23 19:27:16 | metadata.py:get_frame_types:1391 | Typing files
    INFO | 2026-08-23 19:27:16 | metadata.py:get_frame_types:1401 | Using user-provided frame types.
    INFO | 2026-08-23 19:27:16 | calibrations.py:check_for_calibs:1862 | Congrats!!  You passed the calibrations inspection!!
    INFO | 2026-08-23 19:27:16 | metadata.py:unique_configurations:696 | Setup column already set.  Finding unique configurations.
    INFO | 2026-08-23 19:27:16 | metadata.py:unique_configurations:706 | Found 1 unique configurations.
    INFO | 2026-08-23 19:27:16 | calibrations.py:association_summary:1731 | Calibration association file written to: /Users/kaiwenzhang/PycharmProjects/KCWI/KCWI_RED_channel_characterization/RH1 pypeit run/2023-11-07/pypeit_run/keck_kcrm_B/keck_kcrm_B.calib
    INFO | 2026-08-23 19:27:16 | pypeit.py:__init__:133 | Setting reduction path to /Users/kaiwenzhang/PycharmProjects/KCWI/KCWI_RED_channel_characterization/RH1 pypeit run/2023-11-07/pypeit_run/keck_kcrm_B
    INFO | 2026-08-23 19:27:16 | pypeit.py:__init__:134 | Calibration frames saved to: /Users/kaiwenzhang/PycharmProjects/KCWI/KCWI_RED_channel_characterization/RH1 pypeit run/2023-11-07/pypeit_run/keck_kcrm_B/Calibrations
    INFO | 2026-08-23 19:27:16 | pypeit.py:__init__:135 | Science data output to: /Users/kaiwenzhang/PycharmProjects/KCWI/KCWI_RED_channel_characterization/RH1 pypeit run/2023-11-07/pypeit_run/keck_kcrm_B/Science
    INFO | 2026-08-23 19:27:16 | pypeit.py:__init__:136 | Quality assessment plots output to: /Users/kaiwenzhang/PycharmProjects/KCWI/KCWI_RED_channel_characterization/RH1 pypeit run/2023-11-07/pypeit_run/keck_kcrm_B/QA
    INFO | 2026-08-23 19:27:16 | pypeit.py:reduce_calibID:311 | Found 4 science frames in calibration group 1.
    INFO | 2026-08-23 19:27:16 | exposure.py:reduce_exposure:406 | Reducing target g191b2b
Combining frames:
KR.20231108.54426.46.fits

    INFO | 2026-08-23 19:27:16 | exposure.py:reduce_exposure:417 | Detectors to work on: [1]
    INFO | 2026-08-23 19:27:16 | exposure.py:reduce_exposure:422 | Calibrating detector 1
    INFO | 2026-08-23 19:27:16 | pypeit_steps.py:calib_one:173 | Building/loading calibrations for detector 1
    INFO | 2026-08-23 19:27:16 | datamodel.py:from_file:1558 | Loading BiasImage from /Users/kaiwenzhang/PycharmProjects/KCWI/KCWI_RED_channel_characterization/RH1 pypeit run/2023-11-07/pypeit_run/keck_kcrm_B/Calibrations/Bias_B_1_DET01.fits
 WARNING | 2026-08-23 19:27:16 | calibrations.py:get_dark:606 | No raw dark frames found and unable to identify a relevant processed calibration frame.  Continuing...
    INFO | 2026-08-23 19:27:16 | keck_kcwi.py:get_rawimage:1426 | Reading KCWI file: /Users/kaiwenzhang/PycharmProjects/KCWI/KCWI_RED_channel_characterization/fits/by_night/RH1/2023-11-07/KR.20231108.10348.37.fits
 WARNING | 2026-08-23 19:27:16 | keck_kcwi.py:bpm:820 | KCRM bad pixel mask is not available for ampmode=L2U2L1U1 binning=2,2
    INFO | 2026-08-23 19:27:16 | datamodel.py:from_file:1558 | Loading ArcImage from /Users/kaiwenzhang/PycharmProjects/KCWI/KCWI_RED_channel_characterization/RH1 pypeit run/2023-11-07/pypeit_run/keck_kcrm_B/Calibrations/Arc_B_1_DET01.fits
    INFO | 2026-08-23 19:27:16 | datamodel.py:from_file:1558 | Loading TiltImage from /Users/kaiwenzhang/PycharmProjects/KCWI/KCWI_RED_channel_characterization/RH1 pypeit run/2023-11-07/pypeit_run/keck_kcrm_B/Calibrations/Tiltimg_B_1_DET01.fits
    INFO | 2026-08-23 19:27:16 | datamodel.py:from_file:1558 | Loading SlitTraceSet from /Users/kaiwenzhang/PycharmProjects/KCWI/KCWI_RED_channel_characterization/RH1 pypeit run/2023-11-07/pypeit_run/keck_kcrm_B/Calibrations/Slits_B_1_DET01.fits.gz
    INFO | 2026-08-23 19:27:16 | datamodel.py:from_file:1558 | Loading WaveCalib from /Users/kaiwenzhang/PycharmProjects/KCWI/KCWI_RED_channel_characterization/RH1 pypeit run/2023-11-07/pypeit_run/keck_kcrm_B/Calibrations/WaveCalib_B_1_DET01.fits
    INFO | 2026-08-23 19:27:17 | datamodel.py:from_file:1558 | Loading WaveTilts from /Users/kaiwenzhang/PycharmProjects/KCWI/KCWI_RED_channel_characterization/RH1 pypeit run/2023-11-07/pypeit_run/keck_kcrm_B/Calibrations/Tilts_B_1_DET01.fits
    INFO | 2026-08-23 19:27:17 | datamodel.py:from_file:1558 | Loading Alignments from /Users/kaiwenzhang/PycharmProjects/KCWI/KCWI_RED_channel_characterization/RH1 pypeit run/2023-11-07/pypeit_run/keck_kcrm_B/Calibrations/Alignment_B_1_DET01.fits
    INFO | 2026-08-23 19:27:17 | datamodel.py:from_file:1558 | Loading ScatteredLight from /Users/kaiwenzhang/PycharmProjects/KCWI/KCWI_RED_channel_characterization/RH1 pypeit run/2023-11-07/pypeit_run/keck_kcrm_B/Calibrations/ScatteredLight_B_1_DET01.fits.gz
    INFO | 2026-08-23 19:27:17 | datamodel.py:from_file:1558 | Loading FlatImages from /Users/kaiwenzhang/PycharmProjects/KCWI/KCWI_RED_channel_characterization/RH1 pypeit run/2023-11-07/pypeit_run/keck_kcrm_B/Calibrations/Flat_B_1_DET01.fits
    INFO | 2026-08-23 19:27:18 | calibrations.py:run_the_steps:1459 | Calibration complete and/or fully loaded!
    INFO | 2026-08-23 19:27:18 | calibrations.py:run_the_steps:1460 | #######################################################################
    INFO | 2026-08-23 19:27:18 | exposure.py:process_exposure:126 | Reducing detector 1
    INFO | 2026-08-23 19:27:18 | datamodel.py:from_file:1558 | Loading BiasImage from /Users/kaiwenzhang/PycharmProjects/KCWI/KCWI_RED_channel_characterization/RH1 pypeit run/2023-11-07/pypeit_run/keck_kcrm_B/Calibrations/Bias_B_1_DET01.fits
 WARNING | 2026-08-23 19:27:18 | calibrations.py:get_dark:606 | No raw dark frames found and unable to identify a relevant processed calibration frame.  Continuing...
    INFO | 2026-08-23 19:27:18 | keck_kcwi.py:get_rawimage:1426 | Reading KCWI file: /Users/kaiwenzhang/PycharmProjects/KCWI/KCWI_RED_channel_characterization/fits/by_night/RH1/2023-11-07/KR.20231108.54426.46.fits
    INFO | 2026-08-23 19:27:18 | datamodel.py:from_file:1558 | Loading ArcImage from /Users/kaiwenzhang/PycharmProjects/KCWI/KCWI_RED_channel_characterization/RH1 pypeit run/2023-11-07/pypeit_run/keck_kcrm_B/Calibrations/Arc_B_1_DET01.fits
    INFO | 2026-08-23 19:27:18 | datamodel.py:from_file:1558 | Loading TiltImage from /Users/kaiwenzhang/PycharmProjects/KCWI/KCWI_RED_channel_characterization/RH1 pypeit run/2023-11-07/pypeit_run/keck_kcrm_B/Calibrations/Tiltimg_B_1_DET01.fits
    INFO | 2026-08-23 19:27:18 | datamodel.py:from_file:1558 | Loading SlitTraceSet from /Users/kaiwenzhang/PycharmProjects/KCWI/KCWI_RED_channel_characterization/RH1 pypeit run/2023-11-07/pypeit_run/keck_kcrm_B/Calibrations/Slits_B_1_DET01.fits.gz
    INFO | 2026-08-23 19:27:18 | datamodel.py:from_file:1558 | Loading WaveCalib from /Users/kaiwenzhang/PycharmProjects/KCWI/KCWI_RED_channel_characterization/RH1 pypeit run/2023-11-07/pypeit_run/keck_kcrm_B/Calibrations/WaveCalib_B_1_DET01.fits
    INFO | 2026-08-23 19:27:18 | datamodel.py:from_file:1558 | Loading WaveTilts from /Users/kaiwenzhang/PycharmProjects/KCWI/KCWI_RED_channel_characterization/RH1 pypeit run/2023-11-07/pypeit_run/keck_kcrm_B/Calibrations/Tilts_B_1_DET01.fits
    INFO | 2026-08-23 19:27:18 | datamodel.py:from_file:1558 | Loading Alignments from /Users/kaiwenzhang/PycharmProjects/KCWI/KCWI_RED_channel_characterization/RH1 pypeit run/2023-11-07/pypeit_run/keck_kcrm_B/Calibrations/Alignment_B_1_DET01.fits
    INFO | 2026-08-23 19:27:18 | datamodel.py:from_file:1558 | Loading ScatteredLight from /Users/kaiwenzhang/PycharmProjects/KCWI/KCWI_RED_channel_characterization/RH1 pypeit run/2023-11-07/pypeit_run/keck_kcrm_B/Calibrations/ScatteredLight_B_1_DET01.fits.gz
    INFO | 2026-08-23 19:27:18 | datamodel.py:from_file:1558 | Loading FlatImages from /Users/kaiwenzhang/PycharmProjects/KCWI/KCWI_RED_channel_characterization/RH1 pypeit run/2023-11-07/pypeit_run/keck_kcrm_B/Calibrations/Flat_B_1_DET01.fits
    INFO | 2026-08-23 19:27:19 | calibrations.py:run_the_steps:1459 | Calibration complete and/or fully loaded!
    INFO | 2026-08-23 19:27:19 | calibrations.py:run_the_steps:1460 | #######################################################################
    INFO | 2026-08-23 19:27:19 | pypeit_steps.py:process_one_det:260 | Image processing begins for KR.20231108.54426.46-g191b2b_KCRM_20231108T150706.470 on det=1
    INFO | 2026-08-23 19:27:19 | keck_kcwi.py:get_rawimage:1426 | Reading KCWI file: /Users/kaiwenzhang/PycharmProjects/KCWI/KCWI_RED_channel_characterization/fits/by_night/RH1/2023-11-07/KR.20231108.54426.46.fits
    INFO | 2026-08-23 19:27:19 | rawimage.py:process:564 | Performing basic image processing on KR.20231108.54426.46.fits.
    INFO | 2026-08-23 19:27:19 | rawimage.py:estimate_readnoise:359 | Estimated readnoise of amplifier 1 = 3.902 e-
    INFO | 2026-08-23 19:27:19 | rawimage.py:estimate_readnoise:359 | Estimated readnoise of amplifier 2 = 3.898 e-
    INFO | 2026-08-23 19:27:22 | procimg.py:lacosmic:170 | Detecting cosmic rays with the L.A.Cosmic algorithm
    INFO | 2026-08-23 19:27:22 | procimg.py:lacosmic:218 | Convolving image with Laplacian kernel
    INFO | 2026-08-23 19:27:23 | procimg.py:lacosmic:229 | Found 2732 candidate cosmic-ray pixels
    INFO | 2026-08-23 19:27:23 | procimg.py:lacosmic:235 | Reduced to 2732 candidates after excluding known bad pixels.
    INFO | 2026-08-23 19:27:26 | procimg.py:lacosmic:246 | Reduced to 1238 candidates after excluding compact objects.
    INFO | 2026-08-23 19:27:26 | procimg.py:lacosmic:250 | Finding neighboring pixels affected by cosmic rays
    INFO | 2026-08-23 19:27:26 | procimg.py:lacosmic:260 | Changed to 3459 candidates after evaluating neighboring pixels.
    INFO | 2026-08-23 19:27:26 | procimg.py:lacosmic:266 | Reduced to 3459 candidates after excluding known bad pixels.
    INFO | 2026-08-23 19:27:26 | procimg.py:lacosmic:271 | Iteration 1: 3459 pixels identified as cosmic rays (3459 are new)
    INFO | 2026-08-23 19:27:26 | procimg.py:lacosmic:300 | 3451 pixels identified as cosmic rays after removing false positives
    INFO | 2026-08-23 19:27:26 | pypeit_steps.py:findobj_on_det:381 | Object finding begins for KR.20231108.54426.46-g191b2b_KCRM_20231108T150706.470 on det=1
    INFO | 2026-08-23 19:27:26 | datamodel.py:from_file:1558 | Loading BiasImage from /Users/kaiwenzhang/PycharmProjects/KCWI/KCWI_RED_channel_characterization/RH1 pypeit run/2023-11-07/pypeit_run/keck_kcrm_B/Calibrations/Bias_B_1_DET01.fits
 WARNING | 2026-08-23 19:27:26 | calibrations.py:get_dark:606 | No raw dark frames found and unable to identify a relevant processed calibration frame.  Continuing...
    INFO | 2026-08-23 19:27:26 | keck_kcwi.py:get_rawimage:1426 | Reading KCWI file: /Users/kaiwenzhang/PycharmProjects/KCWI/KCWI_RED_channel_characterization/fits/by_night/RH1/2023-11-07/KR.20231108.54426.46.fits
    INFO | 2026-08-23 19:27:26 | datamodel.py:from_file:1558 | Loading ArcImage from /Users/kaiwenzhang/PycharmProjects/KCWI/KCWI_RED_channel_characterization/RH1 pypeit run/2023-11-07/pypeit_run/keck_kcrm_B/Calibrations/Arc_B_1_DET01.fits
    INFO | 2026-08-23 19:27:26 | datamodel.py:from_file:1558 | Loading TiltImage from /Users/kaiwenzhang/PycharmProjects/KCWI/KCWI_RED_channel_characterization/RH1 pypeit run/2023-11-07/pypeit_run/keck_kcrm_B/Calibrations/Tiltimg_B_1_DET01.fits
    INFO | 2026-08-23 19:27:27 | datamodel.py:from_file:1558 | Loading SlitTraceSet from /Users/kaiwenzhang/PycharmProjects/KCWI/KCWI_RED_channel_characterization/RH1 pypeit run/2023-11-07/pypeit_run/keck_kcrm_B/Calibrations/Slits_B_1_DET01.fits.gz
    INFO | 2026-08-23 19:27:27 | datamodel.py:from_file:1558 | Loading WaveCalib from /Users/kaiwenzhang/PycharmProjects/KCWI/KCWI_RED_channel_characterization/RH1 pypeit run/2023-11-07/pypeit_run/keck_kcrm_B/Calibrations/WaveCalib_B_1_DET01.fits
    INFO | 2026-08-23 19:27:27 | datamodel.py:from_file:1558 | Loading WaveTilts from /Users/kaiwenzhang/PycharmProjects/KCWI/KCWI_RED_channel_characterization/RH1 pypeit run/2023-11-07/pypeit_run/keck_kcrm_B/Calibrations/Tilts_B_1_DET01.fits
    INFO | 2026-08-23 19:27:27 | datamodel.py:from_file:1558 | Loading Alignments from /Users/kaiwenzhang/PycharmProjects/KCWI/KCWI_RED_channel_characterization/RH1 pypeit run/2023-11-07/pypeit_run/keck_kcrm_B/Calibrations/Alignment_B_1_DET01.fits
    INFO | 2026-08-23 19:27:27 | datamodel.py:from_file:1558 | Loading ScatteredLight from /Users/kaiwenzhang/PycharmProjects/KCWI/KCWI_RED_channel_characterization/RH1 pypeit run/2023-11-07/pypeit_run/keck_kcrm_B/Calibrations/ScatteredLight_B_1_DET01.fits.gz
    INFO | 2026-08-23 19:27:27 | datamodel.py:from_file:1558 | Loading FlatImages from /Users/kaiwenzhang/PycharmProjects/KCWI/KCWI_RED_channel_characterization/RH1 pypeit run/2023-11-07/pypeit_run/keck_kcrm_B/Calibrations/Flat_B_1_DET01.fits
    INFO | 2026-08-23 19:27:28 | calibrations.py:run_the_steps:1459 | Calibration complete and/or fully loaded!
    INFO | 2026-08-23 19:27:28 | calibrations.py:run_the_steps:1460 | #######################################################################
    INFO | 2026-08-23 19:27:28 | pypeit_steps.py:findobj_on_det:387 | Reducing detector 1
    INFO | 2026-08-23 19:27:28 | pypeit_steps.py:load_skyregions:606 | Generating skysub mask based on the user defined regions: :35,62:
    INFO | 2026-08-23 19:27:28 | find_objects.py:__init__:164 | Initializing slits
    INFO | 2026-08-23 19:27:28 | find_objects.py:__init__:232 | Generating tilts image from fit in waveTilts
    INFO | 2026-08-23 19:27:28 | wavetilts.py:fit2tiltimg:143 | Generating a tilts image from the fit parameters
    INFO | 2026-08-23 19:27:35 | find_objects.py:global_skysub:583 | Global sky subtraction for slit: 60
    INFO | 2026-08-23 19:27:35 | skysub.py:global_skysub:195 | Full fit in global sky sub.
    INFO | 2026-08-23 19:27:35 | fitting.py:bspline_profile:1156 | B-spline fit:
    INFO | 2026-08-23 19:27:35 | fitting.py:bspline_profile:1157 |     npoly = 2 profile basis functions
    INFO | 2026-08-23 19:27:35 | fitting.py:bspline_profile:1158 |     ngood = 92204/143872 measurements
    INFO | 2026-08-23 19:27:35 | fitting.py:bspline_profile:1159 | ***************** Iter     Chi^2    N Rej  R. Fac *****************
    INFO | 2026-08-23 19:27:35 | fitting.py:bspline_profile:1163 |                   ----  --------  -------  ------                  
    INFO | 2026-08-23 19:27:35 | fitting.py:bspline_profile:1257 |                      1     0.949    51774    1.00                  
    INFO | 2026-08-23 19:27:35 | fitting.py:bspline_profile:1257 |                      2     0.934    51777    1.00                  
    INFO | 2026-08-23 19:27:35 | fitting.py:bspline_profile:1257 |                      3     0.934    51777    1.00                  
    INFO | 2026-08-23 19:27:35 | fitting.py:bspline_profile:1272 |                   DONE     0.934    51777    1.00                  
    INFO | 2026-08-23 19:27:35 | fitting.py:bspline_profile:1275 | *******************************************************************
    INFO | 2026-08-23 19:27:35 | find_objects.py:global_skysub:583 | Global sky subtraction for slit: 140
    INFO | 2026-08-23 19:27:35 | skysub.py:global_skysub:195 | Full fit in global sky sub.
    INFO | 2026-08-23 19:27:35 | fitting.py:bspline_profile:1156 | B-spline fit:
    INFO | 2026-08-23 19:27:35 | fitting.py:bspline_profile:1157 |     npoly = 2 profile basis functions
    INFO | 2026-08-23 19:27:35 | fitting.py:bspline_profile:1158 |     ngood = 92633/144243 measurements
    INFO | 2026-08-23 19:27:35 | fitting.py:bspline_profile:1159 | ***************** Iter     Chi^2    N Rej  R. Fac *****************
    INFO | 2026-08-23 19:27:35 | fitting.py:bspline_profile:1163 |                   ----  --------  -------  ------                  
    INFO | 2026-08-23 19:27:36 | fitting.py:bspline_profile:1257 |                      1     0.929    51681    1.00                  
    INFO | 2026-08-23 19:27:36 | fitting.py:bspline_profile:1257 |                      2     0.919    51682    1.00                  
    INFO | 2026-08-23 19:27:36 | fitting.py:bspline_profile:1257 |                      3     0.919    51682    1.00                  
    INFO | 2026-08-23 19:27:36 | fitting.py:bspline_profile:1272 |                   DONE     0.919    51682    1.00                  
    INFO | 2026-08-23 19:27:36 | fitting.py:bspline_profile:1275 | *******************************************************************
    INFO | 2026-08-23 19:27:36 | find_objects.py:global_skysub:583 | Global sky subtraction for slit: 216
    INFO | 2026-08-23 19:27:36 | skysub.py:global_skysub:195 | Full fit in global sky sub.
    INFO | 2026-08-23 19:27:36 | fitting.py:bspline_profile:1156 | B-spline fit:
    INFO | 2026-08-23 19:27:36 | fitting.py:bspline_profile:1157 |     npoly = 2 profile basis functions
    INFO | 2026-08-23 19:27:36 | fitting.py:bspline_profile:1158 |     ngood = 92844/144460 measurements
    INFO | 2026-08-23 19:27:36 | fitting.py:bspline_profile:1159 | ***************** Iter     Chi^2    N Rej  R. Fac *****************
    INFO | 2026-08-23 19:27:36 | fitting.py:bspline_profile:1163 |                   ----  --------  -------  ------                  
    INFO | 2026-08-23 19:27:36 | fitting.py:bspline_profile:1257 |                      1     0.936    51697    1.00                  
    INFO | 2026-08-23 19:27:36 | fitting.py:bspline_profile:1257 |                      2     0.925    51697    1.00                  
    INFO | 2026-08-23 19:27:36 | fitting.py:bspline_profile:1272 |                   DONE     0.925    51697    1.00                  
    INFO | 2026-08-23 19:27:36 | fitting.py:bspline_profile:1275 | *******************************************************************
    INFO | 2026-08-23 19:27:37 | find_objects.py:global_skysub:583 | Global sky subtraction for slit: 294
    INFO | 2026-08-23 19:27:37 | skysub.py:global_skysub:195 | Full fit in global sky sub.
    INFO | 2026-08-23 19:27:37 | fitting.py:bspline_profile:1156 | B-spline fit:
    INFO | 2026-08-23 19:27:37 | fitting.py:bspline_profile:1157 |     npoly = 2 profile basis functions
    INFO | 2026-08-23 19:27:37 | fitting.py:bspline_profile:1158 |     ngood = 92486/144492 measurements
    INFO | 2026-08-23 19:27:37 | fitting.py:bspline_profile:1159 | ***************** Iter     Chi^2    N Rej  R. Fac *****************
    INFO | 2026-08-23 19:27:37 | fitting.py:bspline_profile:1163 |                   ----  --------  -------  ------                  
    INFO | 2026-08-23 19:27:37 | fitting.py:bspline_profile:1257 |                      1     0.924    52088    1.00                  
    INFO | 2026-08-23 19:27:37 | fitting.py:bspline_profile:1257 |                      2     0.913    52088    1.00                  
    INFO | 2026-08-23 19:27:37 | fitting.py:bspline_profile:1272 |                   DONE     0.913    52088    1.00                  
    INFO | 2026-08-23 19:27:37 | fitting.py:bspline_profile:1275 | *******************************************************************
    INFO | 2026-08-23 19:27:37 | find_objects.py:global_skysub:583 | Global sky subtraction for slit: 368
    INFO | 2026-08-23 19:27:37 | skysub.py:global_skysub:195 | Full fit in global sky sub.
    INFO | 2026-08-23 19:27:37 | fitting.py:bspline_profile:1156 | B-spline fit:
    INFO | 2026-08-23 19:27:37 | fitting.py:bspline_profile:1157 |     npoly = 2 profile basis functions
    INFO | 2026-08-23 19:27:37 | fitting.py:bspline_profile:1158 |     ngood = 92679/144531 measurements
    INFO | 2026-08-23 19:27:37 | fitting.py:bspline_profile:1159 | ***************** Iter     Chi^2    N Rej  R. Fac *****************
    INFO | 2026-08-23 19:27:37 | fitting.py:bspline_profile:1163 |                   ----  --------  -------  ------                  
    INFO | 2026-08-23 19:27:37 | fitting.py:bspline_profile:1257 |                      1     0.989    51945    1.00                  
    INFO | 2026-08-23 19:27:37 | fitting.py:bspline_profile:1257 |                      2     0.909    51945    1.00                  
    INFO | 2026-08-23 19:27:37 | fitting.py:bspline_profile:1272 |                   DONE     0.909    51945    1.00                  
    INFO | 2026-08-23 19:27:37 | fitting.py:bspline_profile:1275 | *******************************************************************
    INFO | 2026-08-23 19:27:37 | find_objects.py:global_skysub:583 | Global sky subtraction for slit: 443
    INFO | 2026-08-23 19:27:37 | skysub.py:global_skysub:195 | Full fit in global sky sub.
    INFO | 2026-08-23 19:27:37 | fitting.py:bspline_profile:1156 | B-spline fit:
    INFO | 2026-08-23 19:27:37 | fitting.py:bspline_profile:1157 |     npoly = 2 profile basis functions
    INFO | 2026-08-23 19:27:37 | fitting.py:bspline_profile:1158 |     ngood = 92699/144482 measurements
    INFO | 2026-08-23 19:27:37 | fitting.py:bspline_profile:1159 | ***************** Iter     Chi^2    N Rej  R. Fac *****************
    INFO | 2026-08-23 19:27:37 | fitting.py:bspline_profile:1163 |                   ----  --------  -------  ------                  
    INFO | 2026-08-23 19:27:38 | fitting.py:bspline_profile:1257 |                      1     0.943    51866    1.00                  
    INFO | 2026-08-23 19:27:38 | fitting.py:bspline_profile:1257 |                      2     0.902    51866    1.00                  
    INFO | 2026-08-23 19:27:38 | fitting.py:bspline_profile:1272 |                   DONE     0.902    51866    1.00                  
    INFO | 2026-08-23 19:27:38 | fitting.py:bspline_profile:1275 | *******************************************************************
    INFO | 2026-08-23 19:27:38 | find_objects.py:global_skysub:583 | Global sky subtraction for slit: 516
    INFO | 2026-08-23 19:27:38 | skysub.py:global_skysub:195 | Full fit in global sky sub.
    INFO | 2026-08-23 19:27:38 | fitting.py:bspline_profile:1156 | B-spline fit:
    INFO | 2026-08-23 19:27:38 | fitting.py:bspline_profile:1157 |     npoly = 2 profile basis functions
    INFO | 2026-08-23 19:27:38 | fitting.py:bspline_profile:1158 |     ngood = 92454/144444 measurements
    INFO | 2026-08-23 19:27:38 | fitting.py:bspline_profile:1159 | ***************** Iter     Chi^2    N Rej  R. Fac *****************
    INFO | 2026-08-23 19:27:38 | fitting.py:bspline_profile:1163 |                   ----  --------  -------  ------                  
    INFO | 2026-08-23 19:27:38 | fitting.py:bspline_profile:1257 |                      1     1.179    52125    1.00                  
    INFO | 2026-08-23 19:27:38 | fitting.py:bspline_profile:1257 |                      2     0.913    52128    1.00                  
    INFO | 2026-08-23 19:27:39 | fitting.py:bspline_profile:1257 |                      3     0.912    52128    1.00                  
    INFO | 2026-08-23 19:27:39 | fitting.py:bspline_profile:1272 |                   DONE     0.912    52128    1.00                  
    INFO | 2026-08-23 19:27:39 | fitting.py:bspline_profile:1275 | *******************************************************************
    INFO | 2026-08-23 19:27:39 | find_objects.py:global_skysub:583 | Global sky subtraction for slit: 590
    INFO | 2026-08-23 19:27:39 | skysub.py:global_skysub:195 | Full fit in global sky sub.
    INFO | 2026-08-23 19:27:39 | fitting.py:bspline_profile:1156 | B-spline fit:
    INFO | 2026-08-23 19:27:39 | fitting.py:bspline_profile:1157 |     npoly = 2 profile basis functions
    INFO | 2026-08-23 19:27:39 | fitting.py:bspline_profile:1158 |     ngood = 92662/144489 measurements
    INFO | 2026-08-23 19:27:39 | fitting.py:bspline_profile:1159 | ***************** Iter     Chi^2    N Rej  R. Fac *****************
    INFO | 2026-08-23 19:27:39 | fitting.py:bspline_profile:1163 |                   ----  --------  -------  ------                  
    INFO | 2026-08-23 19:27:39 | fitting.py:bspline_profile:1257 |                      1     0.925    51920    1.00                  
    INFO | 2026-08-23 19:27:39 | fitting.py:bspline_profile:1257 |                      2     0.912    51923    1.00                  
    INFO | 2026-08-23 19:27:39 | fitting.py:bspline_profile:1257 |                      3     0.912    51923    1.00                  
    INFO | 2026-08-23 19:27:39 | fitting.py:bspline_profile:1272 |                   DONE     0.912    51923    1.00                  
    INFO | 2026-08-23 19:27:39 | fitting.py:bspline_profile:1275 | *******************************************************************
    INFO | 2026-08-23 19:27:39 | find_objects.py:global_skysub:583 | Global sky subtraction for slit: 663
    INFO | 2026-08-23 19:27:39 | skysub.py:global_skysub:195 | Full fit in global sky sub.
    INFO | 2026-08-23 19:27:39 | fitting.py:bspline_profile:1156 | B-spline fit:
    INFO | 2026-08-23 19:27:39 | fitting.py:bspline_profile:1157 |     npoly = 2 profile basis functions
    INFO | 2026-08-23 19:27:39 | fitting.py:bspline_profile:1158 |     ngood = 92664/144545 measurements
    INFO | 2026-08-23 19:27:39 | fitting.py:bspline_profile:1159 | ***************** Iter     Chi^2    N Rej  R. Fac *****************
    INFO | 2026-08-23 19:27:39 | fitting.py:bspline_profile:1163 |                   ----  --------  -------  ------                  
    INFO | 2026-08-23 19:27:39 | fitting.py:bspline_profile:1257 |                      1     0.925    51963    1.00                  
    INFO | 2026-08-23 19:27:40 | fitting.py:bspline_profile:1257 |                      2     0.914    51965    1.00                  
    INFO | 2026-08-23 19:27:40 | fitting.py:bspline_profile:1257 |                      3     0.914    51965    1.00                  
    INFO | 2026-08-23 19:27:40 | fitting.py:bspline_profile:1272 |                   DONE     0.914    51965    1.00                  
    INFO | 2026-08-23 19:27:40 | fitting.py:bspline_profile:1275 | *******************************************************************
    INFO | 2026-08-23 19:27:40 | find_objects.py:global_skysub:583 | Global sky subtraction for slit: 737
    INFO | 2026-08-23 19:27:40 | skysub.py:global_skysub:195 | Full fit in global sky sub.
    INFO | 2026-08-23 19:27:40 | fitting.py:bspline_profile:1156 | B-spline fit:
    INFO | 2026-08-23 19:27:40 | fitting.py:bspline_profile:1157 |     npoly = 2 profile basis functions
    INFO | 2026-08-23 19:27:40 | fitting.py:bspline_profile:1158 |     ngood = 92619/144387 measurements
    INFO | 2026-08-23 19:27:40 | fitting.py:bspline_profile:1159 | ***************** Iter     Chi^2    N Rej  R. Fac *****************
    INFO | 2026-08-23 19:27:40 | fitting.py:bspline_profile:1163 |                   ----  --------  -------  ------                  
    INFO | 2026-08-23 19:27:40 | fitting.py:bspline_profile:1257 |                      1     0.931    51867    1.00                  
    INFO | 2026-08-23 19:27:40 | fitting.py:bspline_profile:1257 |                      2     0.918    51868    1.00                  
    INFO | 2026-08-23 19:27:40 | fitting.py:bspline_profile:1257 |                      3     0.918    51868    1.00                  
    INFO | 2026-08-23 19:27:40 | fitting.py:bspline_profile:1272 |                   DONE     0.918    51868    1.00                  
    INFO | 2026-08-23 19:27:40 | fitting.py:bspline_profile:1275 | *******************************************************************
    INFO | 2026-08-23 19:27:40 | find_objects.py:global_skysub:583 | Global sky subtraction for slit: 811
    INFO | 2026-08-23 19:27:41 | skysub.py:global_skysub:195 | Full fit in global sky sub.
    INFO | 2026-08-23 19:27:41 | fitting.py:bspline_profile:1156 | B-spline fit:
    INFO | 2026-08-23 19:27:41 | fitting.py:bspline_profile:1157 |     npoly = 2 profile basis functions
    INFO | 2026-08-23 19:27:41 | fitting.py:bspline_profile:1158 |     ngood = 92424/144286 measurements
    INFO | 2026-08-23 19:27:41 | fitting.py:bspline_profile:1159 | ***************** Iter     Chi^2    N Rej  R. Fac *****************
    INFO | 2026-08-23 19:27:41 | fitting.py:bspline_profile:1163 |                   ----  --------  -------  ------                  
    INFO | 2026-08-23 19:27:41 | fitting.py:bspline_profile:1257 |                      1     0.950    51961    1.00                  
    INFO | 2026-08-23 19:27:41 | fitting.py:bspline_profile:1257 |                      2     0.937    51963    1.00                  
    INFO | 2026-08-23 19:27:41 | fitting.py:bspline_profile:1257 |                      3     0.936    51963    1.00                  
    INFO | 2026-08-23 19:27:41 | fitting.py:bspline_profile:1272 |                   DONE     0.936    51963    1.00                  
    INFO | 2026-08-23 19:27:41 | fitting.py:bspline_profile:1275 | *******************************************************************
    INFO | 2026-08-23 19:27:41 | find_objects.py:global_skysub:583 | Global sky subtraction for slit: 885
    INFO | 2026-08-23 19:27:41 | skysub.py:global_skysub:195 | Full fit in global sky sub.
    INFO | 2026-08-23 19:27:41 | fitting.py:bspline_profile:1156 | B-spline fit:
    INFO | 2026-08-23 19:27:41 | fitting.py:bspline_profile:1157 |     npoly = 2 profile basis functions
    INFO | 2026-08-23 19:27:41 | fitting.py:bspline_profile:1158 |     ngood = 92756/144431 measurements
    INFO | 2026-08-23 19:27:41 | fitting.py:bspline_profile:1159 | ***************** Iter     Chi^2    N Rej  R. Fac *****************
    INFO | 2026-08-23 19:27:41 | fitting.py:bspline_profile:1163 |                   ----  --------  -------  ------                  
    INFO | 2026-08-23 19:27:41 | fitting.py:bspline_profile:1257 |                      1     1.103    51941    1.00                  
    INFO | 2026-08-23 19:27:42 | fitting.py:bspline_profile:1257 |                      2     1.068    51946    1.00                  
    INFO | 2026-08-23 19:27:42 | fitting.py:bspline_profile:1257 |                      3     1.067    51946    1.00                  
    INFO | 2026-08-23 19:27:42 | fitting.py:bspline_profile:1272 |                   DONE     1.067    51946    1.00                  
    INFO | 2026-08-23 19:27:42 | fitting.py:bspline_profile:1275 | *******************************************************************
    INFO | 2026-08-23 19:27:42 | find_objects.py:global_skysub:583 | Global sky subtraction for slit: 1163
    INFO | 2026-08-23 19:27:42 | skysub.py:global_skysub:195 | Full fit in global sky sub.
    INFO | 2026-08-23 19:27:42 | fitting.py:bspline_profile:1156 | B-spline fit:
    INFO | 2026-08-23 19:27:42 | fitting.py:bspline_profile:1157 |     npoly = 2 profile basis functions
    INFO | 2026-08-23 19:27:42 | fitting.py:bspline_profile:1158 |     ngood = 92720/144499 measurements
    INFO | 2026-08-23 19:27:42 | fitting.py:bspline_profile:1159 | ***************** Iter     Chi^2    N Rej  R. Fac *****************
    INFO | 2026-08-23 19:27:42 | fitting.py:bspline_profile:1163 |                   ----  --------  -------  ------                  
    INFO | 2026-08-23 19:27:42 | fitting.py:bspline_profile:1257 |                      1     0.994    51912    1.00                  
    INFO | 2026-08-23 19:27:42 | fitting.py:bspline_profile:1257 |                      2     0.976    51914    1.00                  
    INFO | 2026-08-23 19:27:42 | fitting.py:bspline_profile:1257 |                      3     0.975    51915    1.00                  
    INFO | 2026-08-23 19:27:43 | fitting.py:bspline_profile:1257 |                      4     0.975    51915    1.00                  
    INFO | 2026-08-23 19:27:43 | fitting.py:bspline_profile:1272 |                   DONE     0.975    51915    1.00                  
    INFO | 2026-08-23 19:27:43 | fitting.py:bspline_profile:1275 | *******************************************************************
    INFO | 2026-08-23 19:27:43 | find_objects.py:global_skysub:583 | Global sky subtraction for slit: 1237
    INFO | 2026-08-23 19:27:43 | skysub.py:global_skysub:195 | Full fit in global sky sub.
    INFO | 2026-08-23 19:27:43 | fitting.py:bspline_profile:1156 | B-spline fit:
    INFO | 2026-08-23 19:27:43 | fitting.py:bspline_profile:1157 |     npoly = 2 profile basis functions
    INFO | 2026-08-23 19:27:43 | fitting.py:bspline_profile:1158 |     ngood = 92862/144471 measurements
    INFO | 2026-08-23 19:27:43 | fitting.py:bspline_profile:1159 | ***************** Iter     Chi^2    N Rej  R. Fac *****************
    INFO | 2026-08-23 19:27:43 | fitting.py:bspline_profile:1163 |                   ----  --------  -------  ------                  
    INFO | 2026-08-23 19:27:43 | fitting.py:bspline_profile:1257 |                      1     0.951    51711    1.00                  
    INFO | 2026-08-23 19:27:43 | fitting.py:bspline_profile:1257 |                      2     0.937    51711    1.00                  
    INFO | 2026-08-23 19:27:43 | fitting.py:bspline_profile:1272 |                   DONE     0.937    51711    1.00                  
    INFO | 2026-08-23 19:27:43 | fitting.py:bspline_profile:1275 | *******************************************************************
    INFO | 2026-08-23 19:27:43 | find_objects.py:global_skysub:583 | Global sky subtraction for slit: 1311
    INFO | 2026-08-23 19:27:43 | skysub.py:global_skysub:195 | Full fit in global sky sub.
    INFO | 2026-08-23 19:27:43 | fitting.py:bspline_profile:1156 | B-spline fit:
    INFO | 2026-08-23 19:27:43 | fitting.py:bspline_profile:1157 |     npoly = 2 profile basis functions
    INFO | 2026-08-23 19:27:43 | fitting.py:bspline_profile:1158 |     ngood = 93029/144445 measurements
    INFO | 2026-08-23 19:27:43 | fitting.py:bspline_profile:1159 | ***************** Iter     Chi^2    N Rej  R. Fac *****************
    INFO | 2026-08-23 19:27:43 | fitting.py:bspline_profile:1163 |                   ----  --------  -------  ------                  
    INFO | 2026-08-23 19:27:43 | fitting.py:bspline_profile:1257 |                      1     0.956    51553    1.00                  
    INFO | 2026-08-23 19:27:43 | fitting.py:bspline_profile:1257 |                      2     0.937    51554    1.00                  
    INFO | 2026-08-23 19:27:44 | fitting.py:bspline_profile:1257 |                      3     0.937    51554    1.00                  
    INFO | 2026-08-23 19:27:44 | fitting.py:bspline_profile:1272 |                   DONE     0.937    51554    1.00                  
    INFO | 2026-08-23 19:27:44 | fitting.py:bspline_profile:1275 | *******************************************************************
    INFO | 2026-08-23 19:27:44 | find_objects.py:global_skysub:583 | Global sky subtraction for slit: 1385
    INFO | 2026-08-23 19:27:44 | skysub.py:global_skysub:195 | Full fit in global sky sub.
    INFO | 2026-08-23 19:27:44 | fitting.py:bspline_profile:1156 | B-spline fit:
    INFO | 2026-08-23 19:27:44 | fitting.py:bspline_profile:1157 |     npoly = 2 profile basis functions
    INFO | 2026-08-23 19:27:44 | fitting.py:bspline_profile:1158 |     ngood = 92821/144480 measurements
    INFO | 2026-08-23 19:27:44 | fitting.py:bspline_profile:1159 | ***************** Iter     Chi^2    N Rej  R. Fac *****************
    INFO | 2026-08-23 19:27:44 | fitting.py:bspline_profile:1163 |                   ----  --------  -------  ------                  
    INFO | 2026-08-23 19:27:44 | fitting.py:bspline_profile:1257 |                      1     1.458    53214    1.00                  
    INFO | 2026-08-23 19:27:44 | fitting.py:bspline_profile:1257 |                      2     1.230    53419    1.00                  
    INFO | 2026-08-23 19:27:44 | fitting.py:bspline_profile:1257 |                      3     1.207    53444    1.00                  
    INFO | 2026-08-23 19:27:44 | fitting.py:bspline_profile:1257 |                      4     1.205    53445    1.00                  
    INFO | 2026-08-23 19:27:45 | fitting.py:bspline_profile:1257 |                      5     1.205    53445    1.00                  
    INFO | 2026-08-23 19:27:45 | fitting.py:bspline_profile:1272 |                   DONE     1.205    53445    1.00                  
    INFO | 2026-08-23 19:27:45 | fitting.py:bspline_profile:1275 | *******************************************************************
    INFO | 2026-08-23 19:27:45 | find_objects.py:global_skysub:583 | Global sky subtraction for slit: 1458
    INFO | 2026-08-23 19:27:45 | skysub.py:global_skysub:195 | Full fit in global sky sub.
    INFO | 2026-08-23 19:27:45 | fitting.py:bspline_profile:1156 | B-spline fit:
    INFO | 2026-08-23 19:27:45 | fitting.py:bspline_profile:1157 |     npoly = 2 profile basis functions
    INFO | 2026-08-23 19:27:45 | fitting.py:bspline_profile:1158 |     ngood = 92439/143981 measurements
    INFO | 2026-08-23 19:27:45 | fitting.py:bspline_profile:1159 | ***************** Iter     Chi^2    N Rej  R. Fac *****************
    INFO | 2026-08-23 19:27:45 | fitting.py:bspline_profile:1163 |                   ----  --------  -------  ------                  
    INFO | 2026-08-23 19:27:45 | fitting.py:bspline_profile:1257 |                      1     0.963    51648    1.00                  
    INFO | 2026-08-23 19:27:45 | fitting.py:bspline_profile:1257 |                      2     0.948    51649    1.00                  
    INFO | 2026-08-23 19:27:45 | fitting.py:bspline_profile:1257 |                      3     0.948    51649    1.00                  
    INFO | 2026-08-23 19:27:45 | fitting.py:bspline_profile:1272 |                   DONE     0.948    51649    1.00                  
    INFO | 2026-08-23 19:27:45 | fitting.py:bspline_profile:1275 | *******************************************************************
    INFO | 2026-08-23 19:27:45 | find_objects.py:global_skysub:583 | Global sky subtraction for slit: 1533
    INFO | 2026-08-23 19:27:45 | skysub.py:global_skysub:195 | Full fit in global sky sub.
    INFO | 2026-08-23 19:27:45 | fitting.py:bspline_profile:1156 | B-spline fit:
    INFO | 2026-08-23 19:27:45 | fitting.py:bspline_profile:1157 |     npoly = 2 profile basis functions
    INFO | 2026-08-23 19:27:45 | fitting.py:bspline_profile:1158 |     ngood = 92615/144358 measurements
    INFO | 2026-08-23 19:27:45 | fitting.py:bspline_profile:1159 | ***************** Iter     Chi^2    N Rej  R. Fac *****************
    INFO | 2026-08-23 19:27:45 | fitting.py:bspline_profile:1163 |                   ----  --------  -------  ------                  
    INFO | 2026-08-23 19:27:46 | fitting.py:bspline_profile:1257 |                      1     0.935    51822    1.00                  
    INFO | 2026-08-23 19:27:46 | fitting.py:bspline_profile:1257 |                      2     0.924    51822    1.00                  
    INFO | 2026-08-23 19:27:46 | fitting.py:bspline_profile:1272 |                   DONE     0.924    51822    1.00                  
    INFO | 2026-08-23 19:27:46 | fitting.py:bspline_profile:1275 | *******************************************************************
    INFO | 2026-08-23 19:27:46 | find_objects.py:global_skysub:583 | Global sky subtraction for slit: 1606
    INFO | 2026-08-23 19:27:46 | skysub.py:global_skysub:195 | Full fit in global sky sub.
    INFO | 2026-08-23 19:27:46 | fitting.py:bspline_profile:1156 | B-spline fit:
    INFO | 2026-08-23 19:27:46 | fitting.py:bspline_profile:1157 |     npoly = 2 profile basis functions
    INFO | 2026-08-23 19:27:46 | fitting.py:bspline_profile:1158 |     ngood = 92501/144314 measurements
    INFO | 2026-08-23 19:27:46 | fitting.py:bspline_profile:1159 | ***************** Iter     Chi^2    N Rej  R. Fac *****************
    INFO | 2026-08-23 19:27:46 | fitting.py:bspline_profile:1163 |                   ----  --------  -------  ------                  
    INFO | 2026-08-23 19:27:46 | fitting.py:bspline_profile:1257 |                      1     0.989    51930    1.00                  
    INFO | 2026-08-23 19:27:46 | fitting.py:bspline_profile:1257 |                      2     0.934    51933    1.00                  
    INFO | 2026-08-23 19:27:46 | fitting.py:bspline_profile:1257 |                      3     0.934    51933    1.00                  
    INFO | 2026-08-23 19:27:46 | fitting.py:bspline_profile:1272 |                   DONE     0.934    51933    1.00                  
    INFO | 2026-08-23 19:27:46 | fitting.py:bspline_profile:1275 | *******************************************************************
    INFO | 2026-08-23 19:27:46 | find_objects.py:global_skysub:583 | Global sky subtraction for slit: 1682
    INFO | 2026-08-23 19:27:46 | skysub.py:global_skysub:195 | Full fit in global sky sub.
    INFO | 2026-08-23 19:27:46 | fitting.py:bspline_profile:1156 | B-spline fit:
    INFO | 2026-08-23 19:27:46 | fitting.py:bspline_profile:1157 |     npoly = 2 profile basis functions
    INFO | 2026-08-23 19:27:46 | fitting.py:bspline_profile:1158 |     ngood = 92326/144135 measurements
    INFO | 2026-08-23 19:27:46 | fitting.py:bspline_profile:1159 | ***************** Iter     Chi^2    N Rej  R. Fac *****************
    INFO | 2026-08-23 19:27:46 | fitting.py:bspline_profile:1163 |                   ----  --------  -------  ------                  
    INFO | 2026-08-23 19:27:47 | fitting.py:bspline_profile:1257 |                      1     1.073    52065    1.00                  
    INFO | 2026-08-23 19:27:47 | fitting.py:bspline_profile:1257 |                      2     1.038    52070    1.00                  
    INFO | 2026-08-23 19:27:47 | fitting.py:bspline_profile:1257 |                      3     1.037    52070    1.00                  
    INFO | 2026-08-23 19:27:47 | fitting.py:bspline_profile:1272 |                   DONE     1.037    52070    1.00                  
    INFO | 2026-08-23 19:27:47 | fitting.py:bspline_profile:1275 | *******************************************************************
    INFO | 2026-08-23 19:27:47 | find_objects.py:global_skysub:583 | Global sky subtraction for slit: 1757
    INFO | 2026-08-23 19:27:47 | skysub.py:global_skysub:195 | Full fit in global sky sub.
    INFO | 2026-08-23 19:27:47 | fitting.py:bspline_profile:1156 | B-spline fit:
    INFO | 2026-08-23 19:27:47 | fitting.py:bspline_profile:1157 |     npoly = 2 profile basis functions
    INFO | 2026-08-23 19:27:47 | fitting.py:bspline_profile:1158 |     ngood = 92155/143857 measurements
    INFO | 2026-08-23 19:27:47 | fitting.py:bspline_profile:1159 | ***************** Iter     Chi^2    N Rej  R. Fac *****************
    INFO | 2026-08-23 19:27:47 | fitting.py:bspline_profile:1163 |                   ----  --------  -------  ------                  
    INFO | 2026-08-23 19:27:47 | fitting.py:bspline_profile:1257 |                      1     1.008    51828    1.00                  
    INFO | 2026-08-23 19:27:48 | fitting.py:bspline_profile:1257 |                      2     0.919    51830    1.00                  
    INFO | 2026-08-23 19:27:48 | fitting.py:bspline_profile:1257 |                      3     0.919    51830    1.00                  
    INFO | 2026-08-23 19:27:48 | fitting.py:bspline_profile:1272 |                   DONE     0.919    51830    1.00                  
    INFO | 2026-08-23 19:27:48 | fitting.py:bspline_profile:1275 | *******************************************************************
    INFO | 2026-08-23 19:27:48 | find_objects.py:global_skysub:583 | Global sky subtraction for slit: 1836
    INFO | 2026-08-23 19:27:48 | skysub.py:global_skysub:195 | Full fit in global sky sub.
    INFO | 2026-08-23 19:27:48 | fitting.py:bspline_profile:1156 | B-spline fit:
    INFO | 2026-08-23 19:27:48 | fitting.py:bspline_profile:1157 |     npoly = 2 profile basis functions
    INFO | 2026-08-23 19:27:48 | fitting.py:bspline_profile:1158 |     ngood = 92550/144141 measurements
    INFO | 2026-08-23 19:27:48 | fitting.py:bspline_profile:1159 | ***************** Iter     Chi^2    N Rej  R. Fac *****************
    INFO | 2026-08-23 19:27:48 | fitting.py:bspline_profile:1163 |                   ----  --------  -------  ------                  
    INFO | 2026-08-23 19:27:48 | fitting.py:bspline_profile:1257 |                      1     0.953    51693    1.00                  
    INFO | 2026-08-23 19:27:48 | fitting.py:bspline_profile:1257 |                      2     0.939    51693    1.00                  
    INFO | 2026-08-23 19:27:48 | fitting.py:bspline_profile:1272 |                   DONE     0.939    51693    1.00                  
    INFO | 2026-08-23 19:27:48 | fitting.py:bspline_profile:1275 | *******************************************************************
    INFO | 2026-08-23 19:27:48 | find_objects.py:global_skysub:583 | Global sky subtraction for slit: 1913
    INFO | 2026-08-23 19:27:48 | skysub.py:global_skysub:195 | Full fit in global sky sub.
    INFO | 2026-08-23 19:27:48 | fitting.py:bspline_profile:1156 | B-spline fit:
    INFO | 2026-08-23 19:27:48 | fitting.py:bspline_profile:1157 |     npoly = 2 profile basis functions
    INFO | 2026-08-23 19:27:48 | fitting.py:bspline_profile:1158 |     ngood = 92388/143900 measurements
    INFO | 2026-08-23 19:27:48 | fitting.py:bspline_profile:1159 | ***************** Iter     Chi^2    N Rej  R. Fac *****************
    INFO | 2026-08-23 19:27:48 | fitting.py:bspline_profile:1163 |                   ----  --------  -------  ------                  
    INFO | 2026-08-23 19:27:48 | fitting.py:bspline_profile:1257 |                      1     0.935    51620    1.00                  
    INFO | 2026-08-23 19:27:49 | fitting.py:bspline_profile:1257 |                      2     0.920    51621    1.00                  
    INFO | 2026-08-23 19:27:49 | fitting.py:bspline_profile:1257 |                      3     0.919    51621    1.00                  
    INFO | 2026-08-23 19:27:49 | fitting.py:bspline_profile:1272 |                   DONE     0.919    51621    1.00                  
    INFO | 2026-08-23 19:27:49 | fitting.py:bspline_profile:1275 | *******************************************************************
    INFO | 2026-08-23 19:27:49 | find_objects.py:global_skysub:583 | Global sky subtraction for slit: 1995
    INFO | 2026-08-23 19:27:49 | skysub.py:global_skysub:195 | Full fit in global sky sub.
    INFO | 2026-08-23 19:27:49 | fitting.py:bspline_profile:1156 | B-spline fit:
    INFO | 2026-08-23 19:27:49 | fitting.py:bspline_profile:1157 |     npoly = 2 profile basis functions
    INFO | 2026-08-23 19:27:49 | fitting.py:bspline_profile:1158 |     ngood = 91734/143290 measurements
    INFO | 2026-08-23 19:27:49 | fitting.py:bspline_profile:1159 | ***************** Iter     Chi^2    N Rej  R. Fac *****************
    INFO | 2026-08-23 19:27:49 | fitting.py:bspline_profile:1163 |                   ----  --------  -------  ------                  
    INFO | 2026-08-23 19:27:49 | fitting.py:bspline_profile:1257 |                      1     0.975    51636    1.00                  
    INFO | 2026-08-23 19:27:49 | fitting.py:bspline_profile:1257 |                      2     0.932    51636    1.00                  
    INFO | 2026-08-23 19:27:49 | fitting.py:bspline_profile:1272 |                   DONE     0.932    51636    1.00                  
    INFO | 2026-08-23 19:27:49 | fitting.py:bspline_profile:1275 | *******************************************************************
    INFO | 2026-08-23 19:27:49 | find_objects.py:find_objects_pypeline:788 | Finding objects on slit # 60
    INFO | 2026-08-23 19:27:50 | findobj_skymask.py:objs_in_slit:2095 | No objects found automatically.  Consider manual extraction.
    INFO | 2026-08-23 19:27:50 | find_objects.py:find_objects_pypeline:788 | Finding objects on slit # 140
    INFO | 2026-08-23 19:27:50 | findobj_skymask.py:objs_in_slit:2095 | No objects found automatically.  Consider manual extraction.
    INFO | 2026-08-23 19:27:50 | find_objects.py:find_objects_pypeline:788 | Finding objects on slit # 216
    INFO | 2026-08-23 19:27:50 | findobj_skymask.py:objs_in_slit:2095 | No objects found automatically.  Consider manual extraction.
    INFO | 2026-08-23 19:27:50 | find_objects.py:find_objects_pypeline:788 | Finding objects on slit # 294
    INFO | 2026-08-23 19:27:50 | findobj_skymask.py:objs_in_slit:2095 | No objects found automatically.  Consider manual extraction.
    INFO | 2026-08-23 19:27:50 | find_objects.py:find_objects_pypeline:788 | Finding objects on slit # 368
    INFO | 2026-08-23 19:27:51 | findobj_skymask.py:objs_in_slit:2095 | No objects found automatically.  Consider manual extraction.
    INFO | 2026-08-23 19:27:51 | find_objects.py:find_objects_pypeline:788 | Finding objects on slit # 443
    INFO | 2026-08-23 19:27:51 | findobj_skymask.py:objs_in_slit:2095 | No objects found automatically.  Consider manual extraction.
    INFO | 2026-08-23 19:27:51 | find_objects.py:find_objects_pypeline:788 | Finding objects on slit # 516
    INFO | 2026-08-23 19:27:51 | findobj_skymask.py:objs_in_slit:2095 | No objects found automatically.  Consider manual extraction.
    INFO | 2026-08-23 19:27:51 | find_objects.py:find_objects_pypeline:788 | Finding objects on slit # 590
    INFO | 2026-08-23 19:27:51 | findobj_skymask.py:objs_in_slit:2095 | No objects found automatically.  Consider manual extraction.
    INFO | 2026-08-23 19:27:51 | find_objects.py:find_objects_pypeline:788 | Finding objects on slit # 663
    INFO | 2026-08-23 19:27:52 | findobj_skymask.py:objs_in_slit:2095 | No objects found automatically.  Consider manual extraction.
    INFO | 2026-08-23 19:27:52 | find_objects.py:find_objects_pypeline:788 | Finding objects on slit # 737
    INFO | 2026-08-23 19:27:52 | findobj_skymask.py:objs_in_slit:2095 | No objects found automatically.  Consider manual extraction.
    INFO | 2026-08-23 19:27:52 | find_objects.py:find_objects_pypeline:788 | Finding objects on slit # 811
    INFO | 2026-08-23 19:27:52 | findobj_skymask.py:objs_in_slit:2073 | Using slit edges as crutch for object tracing
    INFO | 2026-08-23 19:27:52 | findobj_skymask.py:objs_in_slit:2098 | Automatic finding routine found 1 objects
    INFO | 2026-08-23 19:27:52 | findobj_skymask.py:objs_in_slit:2102 | Fitting the traces
 WARNING | 2026-08-23 19:27:52 | polyutils.py:_fit:662 | RankWarning: The fit may be poorly conditioned
    INFO | 2026-08-23 19:27:52 | findobj_skymask.py:objs_in_slit:2254 | Successfully traced a total of 1 objects
    INFO | 2026-08-23 19:27:52 | find_objects.py:find_objects_pypeline:788 | Finding objects on slit # 885
    INFO | 2026-08-23 19:27:53 | findobj_skymask.py:objs_in_slit:2073 | Using slit edges as crutch for object tracing
    INFO | 2026-08-23 19:27:53 | findobj_skymask.py:objs_in_slit:2098 | Automatic finding routine found 2 objects
    INFO | 2026-08-23 19:27:53 | findobj_skymask.py:objs_in_slit:2102 | Fitting the traces
 WARNING | 2026-08-23 19:27:53 | polyutils.py:_fit:662 | RankWarning: The fit may be poorly conditioned
    INFO | 2026-08-23 19:27:53 | findobj_skymask.py:objs_in_slit:2254 | Successfully traced a total of 2 objects
    INFO | 2026-08-23 19:27:53 | find_objects.py:find_objects_pypeline:788 | Finding objects on slit # 1163
    INFO | 2026-08-23 19:27:53 | findobj_skymask.py:objs_in_slit:2073 | Using slit edges as crutch for object tracing
    INFO | 2026-08-23 19:27:53 | findobj_skymask.py:objs_in_slit:2098 | Automatic finding routine found 1 objects
    INFO | 2026-08-23 19:27:53 | findobj_skymask.py:objs_in_slit:2102 | Fitting the traces
 WARNING | 2026-08-23 19:27:53 | polyutils.py:_fit:662 | RankWarning: The fit may be poorly conditioned
    INFO | 2026-08-23 19:27:53 | findobj_skymask.py:objs_in_slit:2254 | Successfully traced a total of 1 objects
    INFO | 2026-08-23 19:27:53 | find_objects.py:find_objects_pypeline:788 | Finding objects on slit # 1237
    INFO | 2026-08-23 19:27:53 | findobj_skymask.py:objs_in_slit:2073 | Using slit edges as crutch for object tracing
    INFO | 2026-08-23 19:27:53 | findobj_skymask.py:objs_in_slit:2098 | Automatic finding routine found 1 objects
    INFO | 2026-08-23 19:27:53 | findobj_skymask.py:objs_in_slit:2102 | Fitting the traces
 WARNING | 2026-08-23 19:27:54 | polyutils.py:_fit:662 | RankWarning: The fit may be poorly conditioned
    INFO | 2026-08-23 19:27:54 | findobj_skymask.py:objs_in_slit:2254 | Successfully traced a total of 1 objects
    INFO | 2026-08-23 19:27:54 | find_objects.py:find_objects_pypeline:788 | Finding objects on slit # 1311
    INFO | 2026-08-23 19:27:54 | findobj_skymask.py:objs_in_slit:2073 | Using slit edges as crutch for object tracing
    INFO | 2026-08-23 19:27:54 | findobj_skymask.py:objs_in_slit:2098 | Automatic finding routine found 1 objects
    INFO | 2026-08-23 19:27:54 | findobj_skymask.py:objs_in_slit:2102 | Fitting the traces
 WARNING | 2026-08-23 19:27:54 | polyutils.py:_fit:662 | RankWarning: The fit may be poorly conditioned
    INFO | 2026-08-23 19:27:54 | findobj_skymask.py:objs_in_slit:2254 | Successfully traced a total of 1 objects
    INFO | 2026-08-23 19:27:54 | find_objects.py:find_objects_pypeline:788 | Finding objects on slit # 1385
    INFO | 2026-08-23 19:27:54 | findobj_skymask.py:objs_in_slit:2073 | Using slit edges as crutch for object tracing
    INFO | 2026-08-23 19:27:54 | findobj_skymask.py:objs_in_slit:2098 | Automatic finding routine found 2 objects
    INFO | 2026-08-23 19:27:54 | findobj_skymask.py:objs_in_slit:2102 | Fitting the traces
 WARNING | 2026-08-23 19:27:54 | polyutils.py:_fit:662 | RankWarning: The fit may be poorly conditioned
    INFO | 2026-08-23 19:27:55 | findobj_skymask.py:objs_in_slit:2254 | Successfully traced a total of 2 objects
    INFO | 2026-08-23 19:27:55 | find_objects.py:find_objects_pypeline:788 | Finding objects on slit # 1458
    INFO | 2026-08-23 19:27:55 | findobj_skymask.py:objs_in_slit:2073 | Using slit edges as crutch for object tracing
    INFO | 2026-08-23 19:27:55 | findobj_skymask.py:objs_in_slit:2098 | Automatic finding routine found 1 objects
    INFO | 2026-08-23 19:27:55 | findobj_skymask.py:objs_in_slit:2102 | Fitting the traces
 WARNING | 2026-08-23 19:27:55 | polyutils.py:_fit:662 | RankWarning: The fit may be poorly conditioned
    INFO | 2026-08-23 19:27:55 | findobj_skymask.py:objs_in_slit:2254 | Successfully traced a total of 1 objects
    INFO | 2026-08-23 19:27:55 | find_objects.py:find_objects_pypeline:788 | Finding objects on slit # 1533
    INFO | 2026-08-23 19:27:55 | findobj_skymask.py:objs_in_slit:2095 | No objects found automatically.  Consider manual extraction.
    INFO | 2026-08-23 19:27:55 | find_objects.py:find_objects_pypeline:788 | Finding objects on slit # 1606
 WARNING | 2026-08-23 19:27:55 | findobj_skymask.py:objs_in_slit:2000 | Discarding 1 at spatial pixels spat = [67.20696706] which land within trim_edg = (left, right) = [5, 5] pixels from the slit boundary for this nsamp = 70.00 wide slit
 WARNING | 2026-08-23 19:27:55 | findobj_skymask.py:objs_in_slit:2004 | You must decrease from the current value of trim_edg in order to keep them
 WARNING | 2026-08-23 19:27:55 | findobj_skymask.py:objs_in_slit:2005 | Such edge objects are often spurious
    INFO | 2026-08-23 19:27:56 | findobj_skymask.py:objs_in_slit:2095 | No objects found automatically.  Consider manual extraction.
    INFO | 2026-08-23 19:27:56 | find_objects.py:find_objects_pypeline:788 | Finding objects on slit # 1682
 WARNING | 2026-08-23 19:27:56 | findobj_skymask.py:objs_in_slit:2000 | Discarding 1 at spatial pixels spat = [66.53846777] which land within trim_edg = (left, right) = [5, 5] pixels from the slit boundary for this nsamp = 70.00 wide slit
 WARNING | 2026-08-23 19:27:56 | findobj_skymask.py:objs_in_slit:2004 | You must decrease from the current value of trim_edg in order to keep them
 WARNING | 2026-08-23 19:27:56 | findobj_skymask.py:objs_in_slit:2005 | Such edge objects are often spurious
    INFO | 2026-08-23 19:27:56 | findobj_skymask.py:objs_in_slit:2095 | No objects found automatically.  Consider manual extraction.
    INFO | 2026-08-23 19:27:56 | find_objects.py:find_objects_pypeline:788 | Finding objects on slit # 1757
    INFO | 2026-08-23 19:27:56 | findobj_skymask.py:objs_in_slit:2095 | No objects found automatically.  Consider manual extraction.
    INFO | 2026-08-23 19:27:56 | find_objects.py:find_objects_pypeline:788 | Finding objects on slit # 1836
    INFO | 2026-08-23 19:27:56 | findobj_skymask.py:objs_in_slit:2095 | No objects found automatically.  Consider manual extraction.
    INFO | 2026-08-23 19:27:56 | find_objects.py:find_objects_pypeline:788 | Finding objects on slit # 1913
    INFO | 2026-08-23 19:27:57 | findobj_skymask.py:objs_in_slit:2095 | No objects found automatically.  Consider manual extraction.
    INFO | 2026-08-23 19:27:57 | find_objects.py:find_objects_pypeline:788 | Finding objects on slit # 1995
    INFO | 2026-08-23 19:27:57 | findobj_skymask.py:objs_in_slit:2095 | No objects found automatically.  Consider manual extraction.
    INFO | 2026-08-23 19:27:57 | find_objects.py:run:373 | Either no objects were found or a user-provided sky mask was used.  Skipping second pass of sky-subtraction and object finding.
    INFO | 2026-08-23 19:27:57 | datamodel.py:from_file:1558 | Loading BiasImage from /Users/kaiwenzhang/PycharmProjects/KCWI/KCWI_RED_channel_characterization/RH1 pypeit run/2023-11-07/pypeit_run/keck_kcrm_B/Calibrations/Bias_B_1_DET01.fits
 WARNING | 2026-08-23 19:27:57 | calibrations.py:get_dark:606 | No raw dark frames found and unable to identify a relevant processed calibration frame.  Continuing...
    INFO | 2026-08-23 19:27:57 | keck_kcwi.py:get_rawimage:1426 | Reading KCWI file: /Users/kaiwenzhang/PycharmProjects/KCWI/KCWI_RED_channel_characterization/fits/by_night/RH1/2023-11-07/KR.20231108.54426.46.fits
    INFO | 2026-08-23 19:27:57 | datamodel.py:from_file:1558 | Loading ArcImage from /Users/kaiwenzhang/PycharmProjects/KCWI/KCWI_RED_channel_characterization/RH1 pypeit run/2023-11-07/pypeit_run/keck_kcrm_B/Calibrations/Arc_B_1_DET01.fits
    INFO | 2026-08-23 19:27:57 | datamodel.py:from_file:1558 | Loading TiltImage from /Users/kaiwenzhang/PycharmProjects/KCWI/KCWI_RED_channel_characterization/RH1 pypeit run/2023-11-07/pypeit_run/keck_kcrm_B/Calibrations/Tiltimg_B_1_DET01.fits
    INFO | 2026-08-23 19:27:57 | datamodel.py:from_file:1558 | Loading SlitTraceSet from /Users/kaiwenzhang/PycharmProjects/KCWI/KCWI_RED_channel_characterization/RH1 pypeit run/2023-11-07/pypeit_run/keck_kcrm_B/Calibrations/Slits_B_1_DET01.fits.gz
    INFO | 2026-08-23 19:27:57 | datamodel.py:from_file:1558 | Loading WaveCalib from /Users/kaiwenzhang/PycharmProjects/KCWI/KCWI_RED_channel_characterization/RH1 pypeit run/2023-11-07/pypeit_run/keck_kcrm_B/Calibrations/WaveCalib_B_1_DET01.fits
    INFO | 2026-08-23 19:27:57 | datamodel.py:from_file:1558 | Loading WaveTilts from /Users/kaiwenzhang/PycharmProjects/KCWI/KCWI_RED_channel_characterization/RH1 pypeit run/2023-11-07/pypeit_run/keck_kcrm_B/Calibrations/Tilts_B_1_DET01.fits
    INFO | 2026-08-23 19:27:57 | datamodel.py:from_file:1558 | Loading Alignments from /Users/kaiwenzhang/PycharmProjects/KCWI/KCWI_RED_channel_characterization/RH1 pypeit run/2023-11-07/pypeit_run/keck_kcrm_B/Calibrations/Alignment_B_1_DET01.fits
    INFO | 2026-08-23 19:27:57 | datamodel.py:from_file:1558 | Loading ScatteredLight from /Users/kaiwenzhang/PycharmProjects/KCWI/KCWI_RED_channel_characterization/RH1 pypeit run/2023-11-07/pypeit_run/keck_kcrm_B/Calibrations/ScatteredLight_B_1_DET01.fits.gz
    INFO | 2026-08-23 19:27:58 | datamodel.py:from_file:1558 | Loading FlatImages from /Users/kaiwenzhang/PycharmProjects/KCWI/KCWI_RED_channel_characterization/RH1 pypeit run/2023-11-07/pypeit_run/keck_kcrm_B/Calibrations/Flat_B_1_DET01.fits
    INFO | 2026-08-23 19:27:58 | calibrations.py:run_the_steps:1459 | Calibration complete and/or fully loaded!
    INFO | 2026-08-23 19:27:58 | calibrations.py:run_the_steps:1460 | #######################################################################
    INFO | 2026-08-23 19:27:58 | pypeit_steps.py:extract_det:732 | Extraction skipped for KR.20231108.54426.46-g191b2b_KCRM_20231108T150706.470 on det=1
    INFO | 2026-08-23 19:27:58 | wavetilts.py:fit2tiltimg:143 | Generating a tilts image from the fit parameters
    INFO | 2026-08-23 19:28:05 | pypeit_steps.py:refframe_correct:906 | Performing a heliocentric correction
    INFO | 2026-08-23 19:28:05 | pypeit_steps.py:refframe_correct:915 | Applying heliocentric correction = 14.44726 km/s
    INFO | 2026-08-23 19:28:07 | spec2dobj.py:write_to_fits:721 | Wrote: /Users/kaiwenzhang/PycharmProjects/KCWI/KCWI_RED_channel_characterization/RH1 pypeit run/2023-11-07/pypeit_run/keck_kcrm_B/Science/spec2d_KR.20231108.54426.46-g191b2b_KCRM_20231108T150706.470.fits
    INFO | 2026-08-23 19:28:07 | exposure.py:reduce_exposure:406 | Reducing target g191b2b
Combining frames:
KR.20231108.54563.16.fits

    INFO | 2026-08-23 19:28:07 | exposure.py:reduce_exposure:417 | Detectors to work on: [1]
    INFO | 2026-08-23 19:28:07 | exposure.py:reduce_exposure:422 | Calibrating detector 1
    INFO | 2026-08-23 19:28:07 | pypeit_steps.py:calib_one:173 | Building/loading calibrations for detector 1
    INFO | 2026-08-23 19:28:07 | datamodel.py:from_file:1558 | Loading BiasImage from /Users/kaiwenzhang/PycharmProjects/KCWI/KCWI_RED_channel_characterization/RH1 pypeit run/2023-11-07/pypeit_run/keck_kcrm_B/Calibrations/Bias_B_1_DET01.fits
 WARNING | 2026-08-23 19:28:07 | calibrations.py:get_dark:606 | No raw dark frames found and unable to identify a relevant processed calibration frame.  Continuing...
    INFO | 2026-08-23 19:28:07 | keck_kcwi.py:get_rawimage:1426 | Reading KCWI file: /Users/kaiwenzhang/PycharmProjects/KCWI/KCWI_RED_channel_characterization/fits/by_night/RH1/2023-11-07/KR.20231108.10348.37.fits
 WARNING | 2026-08-23 19:28:07 | keck_kcwi.py:bpm:820 | KCRM bad pixel mask is not available for ampmode=L2U2L1U1 binning=2,2
    INFO | 2026-08-23 19:28:07 | datamodel.py:from_file:1558 | Loading ArcImage from /Users/kaiwenzhang/PycharmProjects/KCWI/KCWI_RED_channel_characterization/RH1 pypeit run/2023-11-07/pypeit_run/keck_kcrm_B/Calibrations/Arc_B_1_DET01.fits
    INFO | 2026-08-23 19:28:07 | datamodel.py:from_file:1558 | Loading TiltImage from /Users/kaiwenzhang/PycharmProjects/KCWI/KCWI_RED_channel_characterization/RH1 pypeit run/2023-11-07/pypeit_run/keck_kcrm_B/Calibrations/Tiltimg_B_1_DET01.fits
    INFO | 2026-08-23 19:28:07 | datamodel.py:from_file:1558 | Loading SlitTraceSet from /Users/kaiwenzhang/PycharmProjects/KCWI/KCWI_RED_channel_characterization/RH1 pypeit run/2023-11-07/pypeit_run/keck_kcrm_B/Calibrations/Slits_B_1_DET01.fits.gz
    INFO | 2026-08-23 19:28:07 | datamodel.py:from_file:1558 | Loading WaveCalib from /Users/kaiwenzhang/PycharmProjects/KCWI/KCWI_RED_channel_characterization/RH1 pypeit run/2023-11-07/pypeit_run/keck_kcrm_B/Calibrations/WaveCalib_B_1_DET01.fits
    INFO | 2026-08-23 19:28:07 | datamodel.py:from_file:1558 | Loading WaveTilts from /Users/kaiwenzhang/PycharmProjects/KCWI/KCWI_RED_channel_characterization/RH1 pypeit run/2023-11-07/pypeit_run/keck_kcrm_B/Calibrations/Tilts_B_1_DET01.fits
    INFO | 2026-08-23 19:28:07 | datamodel.py:from_file:1558 | Loading Alignments from /Users/kaiwenzhang/PycharmProjects/KCWI/KCWI_RED_channel_characterization/RH1 pypeit run/2023-11-07/pypeit_run/keck_kcrm_B/Calibrations/Alignment_B_1_DET01.fits
    INFO | 2026-08-23 19:28:07 | datamodel.py:from_file:1558 | Loading ScatteredLight from /Users/kaiwenzhang/PycharmProjects/KCWI/KCWI_RED_channel_characterization/RH1 pypeit run/2023-11-07/pypeit_run/keck_kcrm_B/Calibrations/ScatteredLight_B_1_DET01.fits.gz
    INFO | 2026-08-23 19:28:08 | datamodel.py:from_file:1558 | Loading FlatImages from /Users/kaiwenzhang/PycharmProjects/KCWI/KCWI_RED_channel_characterization/RH1 pypeit run/2023-11-07/pypeit_run/keck_kcrm_B/Calibrations/Flat_B_1_DET01.fits
    INFO | 2026-08-23 19:28:08 | calibrations.py:run_the_steps:1459 | Calibration complete and/or fully loaded!
    INFO | 2026-08-23 19:28:08 | calibrations.py:run_the_steps:1460 | #######################################################################
    INFO | 2026-08-23 19:28:08 | exposure.py:process_exposure:126 | Reducing detector 1
    INFO | 2026-08-23 19:28:08 | datamodel.py:from_file:1558 | Loading BiasImage from /Users/kaiwenzhang/PycharmProjects/KCWI/KCWI_RED_channel_characterization/RH1 pypeit run/2023-11-07/pypeit_run/keck_kcrm_B/Calibrations/Bias_B_1_DET01.fits
 WARNING | 2026-08-23 19:28:08 | calibrations.py:get_dark:606 | No raw dark frames found and unable to identify a relevant processed calibration frame.  Continuing...
    INFO | 2026-08-23 19:28:08 | keck_kcwi.py:get_rawimage:1426 | Reading KCWI file: /Users/kaiwenzhang/PycharmProjects/KCWI/KCWI_RED_channel_characterization/fits/by_night/RH1/2023-11-07/KR.20231108.54563.16.fits
    INFO | 2026-08-23 19:28:08 | datamodel.py:from_file:1558 | Loading ArcImage from /Users/kaiwenzhang/PycharmProjects/KCWI/KCWI_RED_channel_characterization/RH1 pypeit run/2023-11-07/pypeit_run/keck_kcrm_B/Calibrations/Arc_B_1_DET01.fits
    INFO | 2026-08-23 19:28:08 | datamodel.py:from_file:1558 | Loading TiltImage from /Users/kaiwenzhang/PycharmProjects/KCWI/KCWI_RED_channel_characterization/RH1 pypeit run/2023-11-07/pypeit_run/keck_kcrm_B/Calibrations/Tiltimg_B_1_DET01.fits
    INFO | 2026-08-23 19:28:08 | datamodel.py:from_file:1558 | Loading SlitTraceSet from /Users/kaiwenzhang/PycharmProjects/KCWI/KCWI_RED_channel_characterization/RH1 pypeit run/2023-11-07/pypeit_run/keck_kcrm_B/Calibrations/Slits_B_1_DET01.fits.gz
    INFO | 2026-08-23 19:28:08 | datamodel.py:from_file:1558 | Loading WaveCalib from /Users/kaiwenzhang/PycharmProjects/KCWI/KCWI_RED_channel_characterization/RH1 pypeit run/2023-11-07/pypeit_run/keck_kcrm_B/Calibrations/WaveCalib_B_1_DET01.fits
    INFO | 2026-08-23 19:28:08 | datamodel.py:from_file:1558 | Loading WaveTilts from /Users/kaiwenzhang/PycharmProjects/KCWI/KCWI_RED_channel_characterization/RH1 pypeit run/2023-11-07/pypeit_run/keck_kcrm_B/Calibrations/Tilts_B_1_DET01.fits
    INFO | 2026-08-23 19:28:08 | datamodel.py:from_file:1558 | Loading Alignments from /Users/kaiwenzhang/PycharmProjects/KCWI/KCWI_RED_channel_characterization/RH1 pypeit run/2023-11-07/pypeit_run/keck_kcrm_B/Calibrations/Alignment_B_1_DET01.fits
    INFO | 2026-08-23 19:28:08 | datamodel.py:from_file:1558 | Loading ScatteredLight from /Users/kaiwenzhang/PycharmProjects/KCWI/KCWI_RED_channel_characterization/RH1 pypeit run/2023-11-07/pypeit_run/keck_kcrm_B/Calibrations/ScatteredLight_B_1_DET01.fits.gz
    INFO | 2026-08-23 19:28:09 | datamodel.py:from_file:1558 | Loading FlatImages from /Users/kaiwenzhang/PycharmProjects/KCWI/KCWI_RED_channel_characterization/RH1 pypeit run/2023-11-07/pypeit_run/keck_kcrm_B/Calibrations/Flat_B_1_DET01.fits
    INFO | 2026-08-23 19:28:09 | calibrations.py:run_the_steps:1459 | Calibration complete and/or fully loaded!
    INFO | 2026-08-23 19:28:09 | calibrations.py:run_the_steps:1460 | #######################################################################
    INFO | 2026-08-23 19:28:09 | pypeit_steps.py:process_one_det:260 | Image processing begins for KR.20231108.54563.16-g191b2b_KCRM_20231108T150923.155 on det=1
    INFO | 2026-08-23 19:28:09 | keck_kcwi.py:get_rawimage:1426 | Reading KCWI file: /Users/kaiwenzhang/PycharmProjects/KCWI/KCWI_RED_channel_characterization/fits/by_night/RH1/2023-11-07/KR.20231108.54563.16.fits
    INFO | 2026-08-23 19:28:09 | rawimage.py:process:564 | Performing basic image processing on KR.20231108.54563.16.fits.
    INFO | 2026-08-23 19:28:09 | rawimage.py:estimate_readnoise:359 | Estimated readnoise of amplifier 1 = 3.936 e-
    INFO | 2026-08-23 19:28:09 | rawimage.py:estimate_readnoise:359 | Estimated readnoise of amplifier 2 = 3.925 e-
    INFO | 2026-08-23 19:28:12 | procimg.py:lacosmic:170 | Detecting cosmic rays with the L.A.Cosmic algorithm
    INFO | 2026-08-23 19:28:12 | procimg.py:lacosmic:218 | Convolving image with Laplacian kernel
    INFO | 2026-08-23 19:28:13 | procimg.py:lacosmic:229 | Found 4462 candidate cosmic-ray pixels
    INFO | 2026-08-23 19:28:13 | procimg.py:lacosmic:235 | Reduced to 4462 candidates after excluding known bad pixels.
    INFO | 2026-08-23 19:28:16 | procimg.py:lacosmic:246 | Reduced to 2132 candidates after excluding compact objects.
    INFO | 2026-08-23 19:28:16 | procimg.py:lacosmic:250 | Finding neighboring pixels affected by cosmic rays
    INFO | 2026-08-23 19:28:16 | procimg.py:lacosmic:260 | Changed to 5697 candidates after evaluating neighboring pixels.
    INFO | 2026-08-23 19:28:16 | procimg.py:lacosmic:266 | Reduced to 5697 candidates after excluding known bad pixels.
    INFO | 2026-08-23 19:28:16 | procimg.py:lacosmic:271 | Iteration 1: 5697 pixels identified as cosmic rays (5697 are new)
    INFO | 2026-08-23 19:28:16 | procimg.py:lacosmic:300 | 5675 pixels identified as cosmic rays after removing false positives
    INFO | 2026-08-23 19:28:17 | pypeit_steps.py:findobj_on_det:381 | Object finding begins for KR.20231108.54563.16-g191b2b_KCRM_20231108T150923.155 on det=1
    INFO | 2026-08-23 19:28:17 | datamodel.py:from_file:1558 | Loading BiasImage from /Users/kaiwenzhang/PycharmProjects/KCWI/KCWI_RED_channel_characterization/RH1 pypeit run/2023-11-07/pypeit_run/keck_kcrm_B/Calibrations/Bias_B_1_DET01.fits
 WARNING | 2026-08-23 19:28:17 | calibrations.py:get_dark:606 | No raw dark frames found and unable to identify a relevant processed calibration frame.  Continuing...
    INFO | 2026-08-23 19:28:17 | keck_kcwi.py:get_rawimage:1426 | Reading KCWI file: /Users/kaiwenzhang/PycharmProjects/KCWI/KCWI_RED_channel_characterization/fits/by_night/RH1/2023-11-07/KR.20231108.54563.16.fits
    INFO | 2026-08-23 19:28:17 | datamodel.py:from_file:1558 | Loading ArcImage from /Users/kaiwenzhang/PycharmProjects/KCWI/KCWI_RED_channel_characterization/RH1 pypeit run/2023-11-07/pypeit_run/keck_kcrm_B/Calibrations/Arc_B_1_DET01.fits
    INFO | 2026-08-23 19:28:17 | datamodel.py:from_file:1558 | Loading TiltImage from /Users/kaiwenzhang/PycharmProjects/KCWI/KCWI_RED_channel_characterization/RH1 pypeit run/2023-11-07/pypeit_run/keck_kcrm_B/Calibrations/Tiltimg_B_1_DET01.fits
    INFO | 2026-08-23 19:28:17 | datamodel.py:from_file:1558 | Loading SlitTraceSet from /Users/kaiwenzhang/PycharmProjects/KCWI/KCWI_RED_channel_characterization/RH1 pypeit run/2023-11-07/pypeit_run/keck_kcrm_B/Calibrations/Slits_B_1_DET01.fits.gz
    INFO | 2026-08-23 19:28:17 | datamodel.py:from_file:1558 | Loading WaveCalib from /Users/kaiwenzhang/PycharmProjects/KCWI/KCWI_RED_channel_characterization/RH1 pypeit run/2023-11-07/pypeit_run/keck_kcrm_B/Calibrations/WaveCalib_B_1_DET01.fits
    INFO | 2026-08-23 19:28:17 | datamodel.py:from_file:1558 | Loading WaveTilts from /Users/kaiwenzhang/PycharmProjects/KCWI/KCWI_RED_channel_characterization/RH1 pypeit run/2023-11-07/pypeit_run/keck_kcrm_B/Calibrations/Tilts_B_1_DET01.fits
    INFO | 2026-08-23 19:28:17 | datamodel.py:from_file:1558 | Loading Alignments from /Users/kaiwenzhang/PycharmProjects/KCWI/KCWI_RED_channel_characterization/RH1 pypeit run/2023-11-07/pypeit_run/keck_kcrm_B/Calibrations/Alignment_B_1_DET01.fits
    INFO | 2026-08-23 19:28:17 | datamodel.py:from_file:1558 | Loading ScatteredLight from /Users/kaiwenzhang/PycharmProjects/KCWI/KCWI_RED_channel_characterization/RH1 pypeit run/2023-11-07/pypeit_run/keck_kcrm_B/Calibrations/ScatteredLight_B_1_DET01.fits.gz
    INFO | 2026-08-23 19:28:17 | datamodel.py:from_file:1558 | Loading FlatImages from /Users/kaiwenzhang/PycharmProjects/KCWI/KCWI_RED_channel_characterization/RH1 pypeit run/2023-11-07/pypeit_run/keck_kcrm_B/Calibrations/Flat_B_1_DET01.fits
    INFO | 2026-08-23 19:28:18 | calibrations.py:run_the_steps:1459 | Calibration complete and/or fully loaded!
    INFO | 2026-08-23 19:28:18 | calibrations.py:run_the_steps:1460 | #######################################################################
    INFO | 2026-08-23 19:28:18 | pypeit_steps.py:findobj_on_det:387 | Reducing detector 1
    INFO | 2026-08-23 19:28:18 | pypeit_steps.py:load_skyregions:606 | Generating skysub mask based on the user defined regions: :35,62:
    INFO | 2026-08-23 19:28:18 | find_objects.py:__init__:164 | Initializing slits
    INFO | 2026-08-23 19:28:18 | find_objects.py:__init__:232 | Generating tilts image from fit in waveTilts
    INFO | 2026-08-23 19:28:18 | wavetilts.py:fit2tiltimg:143 | Generating a tilts image from the fit parameters
    INFO | 2026-08-23 19:28:25 | find_objects.py:global_skysub:583 | Global sky subtraction for slit: 60
    INFO | 2026-08-23 19:28:25 | skysub.py:global_skysub:195 | Full fit in global sky sub.
    INFO | 2026-08-23 19:28:25 | fitting.py:bspline_profile:1156 | B-spline fit:
    INFO | 2026-08-23 19:28:25 | fitting.py:bspline_profile:1157 |     npoly = 2 profile basis functions
    INFO | 2026-08-23 19:28:25 | fitting.py:bspline_profile:1158 |     ngood = 92275/143872 measurements
    INFO | 2026-08-23 19:28:25 | fitting.py:bspline_profile:1159 | ***************** Iter     Chi^2    N Rej  R. Fac *****************
    INFO | 2026-08-23 19:28:25 | fitting.py:bspline_profile:1163 |                   ----  --------  -------  ------                  
    INFO | 2026-08-23 19:28:25 | fitting.py:bspline_profile:1257 |                      1     0.990    51738    1.00                  
    INFO | 2026-08-23 19:28:25 | fitting.py:bspline_profile:1257 |                      2     0.970    51742    1.00                  
    INFO | 2026-08-23 19:28:25 | fitting.py:bspline_profile:1257 |                      3     0.970    51742    1.00                  
    INFO | 2026-08-23 19:28:25 | fitting.py:bspline_profile:1272 |                   DONE     0.970    51742    1.00                  
    INFO | 2026-08-23 19:28:25 | fitting.py:bspline_profile:1275 | *******************************************************************
    INFO | 2026-08-23 19:28:25 | find_objects.py:global_skysub:583 | Global sky subtraction for slit: 140
    INFO | 2026-08-23 19:28:26 | skysub.py:global_skysub:195 | Full fit in global sky sub.
    INFO | 2026-08-23 19:28:26 | fitting.py:bspline_profile:1156 | B-spline fit:
    INFO | 2026-08-23 19:28:26 | fitting.py:bspline_profile:1157 |     npoly = 2 profile basis functions
    INFO | 2026-08-23 19:28:26 | fitting.py:bspline_profile:1158 |     ngood = 92536/144243 measurements
    INFO | 2026-08-23 19:28:26 | fitting.py:bspline_profile:1159 | ***************** Iter     Chi^2    N Rej  R. Fac *****************
    INFO | 2026-08-23 19:28:26 | fitting.py:bspline_profile:1163 |                   ----  --------  -------  ------                  
    INFO | 2026-08-23 19:28:26 | fitting.py:bspline_profile:1257 |                      1     0.990    51849    1.00                  
    INFO | 2026-08-23 19:28:26 | fitting.py:bspline_profile:1257 |                      2     0.970    51849    1.00                  
    INFO | 2026-08-23 19:28:26 | fitting.py:bspline_profile:1272 |                   DONE     0.970    51849    1.00                  
    INFO | 2026-08-23 19:28:26 | fitting.py:bspline_profile:1275 | *******************************************************************
    INFO | 2026-08-23 19:28:26 | find_objects.py:global_skysub:583 | Global sky subtraction for slit: 216
    INFO | 2026-08-23 19:28:26 | skysub.py:global_skysub:195 | Full fit in global sky sub.
    INFO | 2026-08-23 19:28:26 | fitting.py:bspline_profile:1156 | B-spline fit:
    INFO | 2026-08-23 19:28:26 | fitting.py:bspline_profile:1157 |     npoly = 2 profile basis functions
    INFO | 2026-08-23 19:28:26 | fitting.py:bspline_profile:1158 |     ngood = 92745/144460 measurements
    INFO | 2026-08-23 19:28:26 | fitting.py:bspline_profile:1159 | ***************** Iter     Chi^2    N Rej  R. Fac *****************
    INFO | 2026-08-23 19:28:26 | fitting.py:bspline_profile:1163 |                   ----  --------  -------  ------                  
    INFO | 2026-08-23 19:28:26 | fitting.py:bspline_profile:1257 |                      1     1.047    51890    1.00                  
    INFO | 2026-08-23 19:28:26 | fitting.py:bspline_profile:1257 |                      2     1.022    51894    1.00                  
    INFO | 2026-08-23 19:28:27 | fitting.py:bspline_profile:1257 |                      3     1.021    51894    1.00                  
    INFO | 2026-08-23 19:28:27 | fitting.py:bspline_profile:1272 |                   DONE     1.021    51894    1.00                  
    INFO | 2026-08-23 19:28:27 | fitting.py:bspline_profile:1275 | *******************************************************************
    INFO | 2026-08-23 19:28:27 | find_objects.py:global_skysub:583 | Global sky subtraction for slit: 294
    INFO | 2026-08-23 19:28:27 | skysub.py:global_skysub:195 | Full fit in global sky sub.
    INFO | 2026-08-23 19:28:27 | fitting.py:bspline_profile:1156 | B-spline fit:
    INFO | 2026-08-23 19:28:27 | fitting.py:bspline_profile:1157 |     npoly = 2 profile basis functions
    INFO | 2026-08-23 19:28:27 | fitting.py:bspline_profile:1158 |     ngood = 92483/144492 measurements
    INFO | 2026-08-23 19:28:27 | fitting.py:bspline_profile:1159 | ***************** Iter     Chi^2    N Rej  R. Fac *****************
    INFO | 2026-08-23 19:28:27 | fitting.py:bspline_profile:1163 |                   ----  --------  -------  ------                  
    INFO | 2026-08-23 19:28:27 | fitting.py:bspline_profile:1257 |                      1     0.983    52133    1.00                  
    INFO | 2026-08-23 19:28:27 | fitting.py:bspline_profile:1257 |                      2     0.965    52135    1.00                  
    INFO | 2026-08-23 19:28:27 | fitting.py:bspline_profile:1257 |                      3     0.964    52135    1.00                  
    INFO | 2026-08-23 19:28:27 | fitting.py:bspline_profile:1272 |                   DONE     0.964    52135    1.00                  
    INFO | 2026-08-23 19:28:27 | fitting.py:bspline_profile:1275 | *******************************************************************
    INFO | 2026-08-23 19:28:27 | find_objects.py:global_skysub:583 | Global sky subtraction for slit: 368
    INFO | 2026-08-23 19:28:27 | skysub.py:global_skysub:195 | Full fit in global sky sub.
    INFO | 2026-08-23 19:28:27 | fitting.py:bspline_profile:1156 | B-spline fit:
    INFO | 2026-08-23 19:28:27 | fitting.py:bspline_profile:1157 |     npoly = 2 profile basis functions
    INFO | 2026-08-23 19:28:27 | fitting.py:bspline_profile:1158 |     ngood = 92713/144531 measurements
    INFO | 2026-08-23 19:28:27 | fitting.py:bspline_profile:1159 | ***************** Iter     Chi^2    N Rej  R. Fac *****************
    INFO | 2026-08-23 19:28:27 | fitting.py:bspline_profile:1163 |                   ----  --------  -------  ------                  
    INFO | 2026-08-23 19:28:27 | fitting.py:bspline_profile:1257 |                      1     0.982    51936    1.00                  
    INFO | 2026-08-23 19:28:28 | fitting.py:bspline_profile:1257 |                      2     0.965    51937    1.00                  
    INFO | 2026-08-23 19:28:28 | fitting.py:bspline_profile:1257 |                      3     0.965    51937    1.00                  
    INFO | 2026-08-23 19:28:28 | fitting.py:bspline_profile:1272 |                   DONE     0.965    51937    1.00                  
    INFO | 2026-08-23 19:28:28 | fitting.py:bspline_profile:1275 | *******************************************************************
    INFO | 2026-08-23 19:28:28 | find_objects.py:global_skysub:583 | Global sky subtraction for slit: 443
    INFO | 2026-08-23 19:28:28 | skysub.py:global_skysub:195 | Full fit in global sky sub.
    INFO | 2026-08-23 19:28:28 | fitting.py:bspline_profile:1156 | B-spline fit:
    INFO | 2026-08-23 19:28:28 | fitting.py:bspline_profile:1157 |     npoly = 2 profile basis functions
    INFO | 2026-08-23 19:28:28 | fitting.py:bspline_profile:1158 |     ngood = 92576/144482 measurements
    INFO | 2026-08-23 19:28:28 | fitting.py:bspline_profile:1159 | ***************** Iter     Chi^2    N Rej  R. Fac *****************
    INFO | 2026-08-23 19:28:28 | fitting.py:bspline_profile:1163 |                   ----  --------  -------  ------                  
    INFO | 2026-08-23 19:28:28 | fitting.py:bspline_profile:1257 |                      1     0.984    52046    1.00                  
    INFO | 2026-08-23 19:28:28 | fitting.py:bspline_profile:1257 |                      2     0.962    52047    1.00                  
    INFO | 2026-08-23 19:28:28 | fitting.py:bspline_profile:1257 |                      3     0.962    52047    1.00                  
    INFO | 2026-08-23 19:28:28 | fitting.py:bspline_profile:1272 |                   DONE     0.962    52047    1.00                  
    INFO | 2026-08-23 19:28:28 | fitting.py:bspline_profile:1275 | *******************************************************************
    INFO | 2026-08-23 19:28:28 | find_objects.py:global_skysub:583 | Global sky subtraction for slit: 516
    INFO | 2026-08-23 19:28:29 | skysub.py:global_skysub:195 | Full fit in global sky sub.
    INFO | 2026-08-23 19:28:29 | fitting.py:bspline_profile:1156 | B-spline fit:
    INFO | 2026-08-23 19:28:29 | fitting.py:bspline_profile:1157 |     npoly = 2 profile basis functions
    INFO | 2026-08-23 19:28:29 | fitting.py:bspline_profile:1158 |     ngood = 92245/144444 measurements
    INFO | 2026-08-23 19:28:29 | fitting.py:bspline_profile:1159 | ***************** Iter     Chi^2    N Rej  R. Fac *****************
    INFO | 2026-08-23 19:28:29 | fitting.py:bspline_profile:1163 |                   ----  --------  -------  ------                  
    INFO | 2026-08-23 19:28:29 | fitting.py:bspline_profile:1257 |                      1     1.192    52404    1.00                  
    INFO | 2026-08-23 19:28:29 | fitting.py:bspline_profile:1257 |                      2     0.967    52405    1.00                  
    INFO | 2026-08-23 19:28:29 | fitting.py:bspline_profile:1257 |                      3     0.966    52405    1.00                  
    INFO | 2026-08-23 19:28:29 | fitting.py:bspline_profile:1272 |                   DONE     0.966    52405    1.00                  
    INFO | 2026-08-23 19:28:29 | fitting.py:bspline_profile:1275 | *******************************************************************
    INFO | 2026-08-23 19:28:29 | find_objects.py:global_skysub:583 | Global sky subtraction for slit: 590
    INFO | 2026-08-23 19:28:29 | skysub.py:global_skysub:195 | Full fit in global sky sub.
    INFO | 2026-08-23 19:28:29 | fitting.py:bspline_profile:1156 | B-spline fit:
    INFO | 2026-08-23 19:28:29 | fitting.py:bspline_profile:1157 |     npoly = 2 profile basis functions
    INFO | 2026-08-23 19:28:29 | fitting.py:bspline_profile:1158 |     ngood = 92622/144489 measurements
    INFO | 2026-08-23 19:28:29 | fitting.py:bspline_profile:1159 | ***************** Iter     Chi^2    N Rej  R. Fac *****************
    INFO | 2026-08-23 19:28:29 | fitting.py:bspline_profile:1163 |                   ----  --------  -------  ------                  
    INFO | 2026-08-23 19:28:29 | fitting.py:bspline_profile:1257 |                      1     0.983    52013    1.00                  
    INFO | 2026-08-23 19:28:30 | fitting.py:bspline_profile:1257 |                      2     0.963    52016    1.00                  
    INFO | 2026-08-23 19:28:30 | fitting.py:bspline_profile:1257 |                      3     0.962    52016    1.00                  
    INFO | 2026-08-23 19:28:30 | fitting.py:bspline_profile:1272 |                   DONE     0.962    52016    1.00                  
    INFO | 2026-08-23 19:28:30 | fitting.py:bspline_profile:1275 | *******************************************************************
    INFO | 2026-08-23 19:28:30 | find_objects.py:global_skysub:583 | Global sky subtraction for slit: 663
    INFO | 2026-08-23 19:28:30 | skysub.py:global_skysub:195 | Full fit in global sky sub.
    INFO | 2026-08-23 19:28:30 | fitting.py:bspline_profile:1156 | B-spline fit:
    INFO | 2026-08-23 19:28:30 | fitting.py:bspline_profile:1157 |     npoly = 2 profile basis functions
    INFO | 2026-08-23 19:28:30 | fitting.py:bspline_profile:1158 |     ngood = 92769/144545 measurements
    INFO | 2026-08-23 19:28:30 | fitting.py:bspline_profile:1159 | ***************** Iter     Chi^2    N Rej  R. Fac *****************
    INFO | 2026-08-23 19:28:30 | fitting.py:bspline_profile:1163 |                   ----  --------  -------  ------                  
    INFO | 2026-08-23 19:28:30 | fitting.py:bspline_profile:1257 |                      1     0.987    51927    1.00                  
    INFO | 2026-08-23 19:28:30 | fitting.py:bspline_profile:1257 |                      2     0.964    51931    1.00                  
    INFO | 2026-08-23 19:28:30 | fitting.py:bspline_profile:1257 |                      3     0.964    51931    1.00                  
    INFO | 2026-08-23 19:28:30 | fitting.py:bspline_profile:1272 |                   DONE     0.964    51931    1.00                  
    INFO | 2026-08-23 19:28:30 | fitting.py:bspline_profile:1275 | *******************************************************************
    INFO | 2026-08-23 19:28:30 | find_objects.py:global_skysub:583 | Global sky subtraction for slit: 737
    INFO | 2026-08-23 19:28:30 | skysub.py:global_skysub:195 | Full fit in global sky sub.
    INFO | 2026-08-23 19:28:30 | fitting.py:bspline_profile:1156 | B-spline fit:
    INFO | 2026-08-23 19:28:30 | fitting.py:bspline_profile:1157 |     npoly = 2 profile basis functions
    INFO | 2026-08-23 19:28:30 | fitting.py:bspline_profile:1158 |     ngood = 92620/144387 measurements
    INFO | 2026-08-23 19:28:30 | fitting.py:bspline_profile:1159 | ***************** Iter     Chi^2    N Rej  R. Fac *****************
    INFO | 2026-08-23 19:28:30 | fitting.py:bspline_profile:1163 |                   ----  --------  -------  ------                  
    INFO | 2026-08-23 19:28:31 | fitting.py:bspline_profile:1257 |                      1     0.992    51916    1.00                  
    INFO | 2026-08-23 19:28:31 | fitting.py:bspline_profile:1257 |                      2     0.971    51918    1.00                  
    INFO | 2026-08-23 19:28:31 | fitting.py:bspline_profile:1257 |                      3     0.971    51918    1.00                  
    INFO | 2026-08-23 19:28:31 | fitting.py:bspline_profile:1272 |                   DONE     0.971    51918    1.00                  
    INFO | 2026-08-23 19:28:31 | fitting.py:bspline_profile:1275 | *******************************************************************
    INFO | 2026-08-23 19:28:31 | find_objects.py:global_skysub:583 | Global sky subtraction for slit: 811
    INFO | 2026-08-23 19:28:31 | skysub.py:global_skysub:195 | Full fit in global sky sub.
    INFO | 2026-08-23 19:28:31 | fitting.py:bspline_profile:1156 | B-spline fit:
    INFO | 2026-08-23 19:28:31 | fitting.py:bspline_profile:1157 |     npoly = 2 profile basis functions
    INFO | 2026-08-23 19:28:31 | fitting.py:bspline_profile:1158 |     ngood = 92546/144286 measurements
    INFO | 2026-08-23 19:28:31 | fitting.py:bspline_profile:1159 | ***************** Iter     Chi^2    N Rej  R. Fac *****************
    INFO | 2026-08-23 19:28:31 | fitting.py:bspline_profile:1163 |                   ----  --------  -------  ------                  
    INFO | 2026-08-23 19:28:31 | fitting.py:bspline_profile:1257 |                      1     1.013    51909    1.00                  
    INFO | 2026-08-23 19:28:31 | fitting.py:bspline_profile:1257 |                      2     0.989    51911    1.00                  
    INFO | 2026-08-23 19:28:32 | fitting.py:bspline_profile:1257 |                      3     0.989    51911    1.00                  
    INFO | 2026-08-23 19:28:32 | fitting.py:bspline_profile:1272 |                   DONE     0.989    51911    1.00                  
    INFO | 2026-08-23 19:28:32 | fitting.py:bspline_profile:1275 | *******************************************************************
    INFO | 2026-08-23 19:28:32 | find_objects.py:global_skysub:583 | Global sky subtraction for slit: 885
    INFO | 2026-08-23 19:28:32 | skysub.py:global_skysub:195 | Full fit in global sky sub.
    INFO | 2026-08-23 19:28:32 | fitting.py:bspline_profile:1156 | B-spline fit:
    INFO | 2026-08-23 19:28:32 | fitting.py:bspline_profile:1157 |     npoly = 2 profile basis functions
    INFO | 2026-08-23 19:28:32 | fitting.py:bspline_profile:1158 |     ngood = 92260/144431 measurements
    INFO | 2026-08-23 19:28:32 | fitting.py:bspline_profile:1159 | ***************** Iter     Chi^2    N Rej  R. Fac *****************
    INFO | 2026-08-23 19:28:32 | fitting.py:bspline_profile:1163 |                   ----  --------  -------  ------                  
    INFO | 2026-08-23 19:28:32 | fitting.py:bspline_profile:1257 |                      1     2.099    56121    1.00                  
    INFO | 2026-08-23 19:28:32 | fitting.py:bspline_profile:1257 |                      2     1.326    56616    1.00                  
    INFO | 2026-08-23 19:28:32 | fitting.py:bspline_profile:1257 |                      3     1.263    56666    1.00                  
    INFO | 2026-08-23 19:28:32 | fitting.py:bspline_profile:1257 |                      4     1.257    56667    1.00                  
    INFO | 2026-08-23 19:28:33 | fitting.py:bspline_profile:1257 |                      5     1.257    56667    1.00                  
    INFO | 2026-08-23 19:28:33 | fitting.py:bspline_profile:1272 |                   DONE     1.257    56667    1.00                  
    INFO | 2026-08-23 19:28:33 | fitting.py:bspline_profile:1275 | *******************************************************************
    INFO | 2026-08-23 19:28:33 | find_objects.py:global_skysub:583 | Global sky subtraction for slit: 1163
    INFO | 2026-08-23 19:28:33 | skysub.py:global_skysub:195 | Full fit in global sky sub.
    INFO | 2026-08-23 19:28:33 | fitting.py:bspline_profile:1156 | B-spline fit:
    INFO | 2026-08-23 19:28:33 | fitting.py:bspline_profile:1157 |     npoly = 2 profile basis functions
    INFO | 2026-08-23 19:28:33 | fitting.py:bspline_profile:1158 |     ngood = 92605/144499 measurements
    INFO | 2026-08-23 19:28:33 | fitting.py:bspline_profile:1159 | ***************** Iter     Chi^2    N Rej  R. Fac *****************
    INFO | 2026-08-23 19:28:33 | fitting.py:bspline_profile:1163 |                   ----  --------  -------  ------                  
    INFO | 2026-08-23 19:28:33 | fitting.py:bspline_profile:1257 |                      1     1.154    52288    1.00                  
    INFO | 2026-08-23 19:28:33 | fitting.py:bspline_profile:1257 |                      2     1.098    52295    1.00                  
    INFO | 2026-08-23 19:28:33 | fitting.py:bspline_profile:1257 |                      3     1.097    52295    1.00                  
    INFO | 2026-08-23 19:28:33 | fitting.py:bspline_profile:1272 |                   DONE     1.097    52295    1.00                  
    INFO | 2026-08-23 19:28:33 | fitting.py:bspline_profile:1275 | *******************************************************************
    INFO | 2026-08-23 19:28:33 | find_objects.py:global_skysub:583 | Global sky subtraction for slit: 1237
    INFO | 2026-08-23 19:28:33 | skysub.py:global_skysub:195 | Full fit in global sky sub.
    INFO | 2026-08-23 19:28:33 | fitting.py:bspline_profile:1156 | B-spline fit:
    INFO | 2026-08-23 19:28:33 | fitting.py:bspline_profile:1157 |     npoly = 2 profile basis functions
    INFO | 2026-08-23 19:28:33 | fitting.py:bspline_profile:1158 |     ngood = 91930/144471 measurements
    INFO | 2026-08-23 19:28:33 | fitting.py:bspline_profile:1159 | ***************** Iter     Chi^2    N Rej  R. Fac *****************
    INFO | 2026-08-23 19:28:33 | fitting.py:bspline_profile:1163 |                   ----  --------  -------  ------                  
    INFO | 2026-08-23 19:28:34 | fitting.py:bspline_profile:1257 |                      1     1.033    52735    1.00                  
    INFO | 2026-08-23 19:28:34 | fitting.py:bspline_profile:1257 |                      2     1.005    52737    1.00                  
    INFO | 2026-08-23 19:28:34 | fitting.py:bspline_profile:1257 |                      3     1.005    52737    1.00                  
    INFO | 2026-08-23 19:28:34 | fitting.py:bspline_profile:1272 |                   DONE     1.005    52737    1.00                  
    INFO | 2026-08-23 19:28:34 | fitting.py:bspline_profile:1275 | *******************************************************************
    INFO | 2026-08-23 19:28:34 | find_objects.py:global_skysub:583 | Global sky subtraction for slit: 1311
    INFO | 2026-08-23 19:28:34 | skysub.py:global_skysub:195 | Full fit in global sky sub.
    INFO | 2026-08-23 19:28:34 | fitting.py:bspline_profile:1156 | B-spline fit:
    INFO | 2026-08-23 19:28:34 | fitting.py:bspline_profile:1157 |     npoly = 2 profile basis functions
    INFO | 2026-08-23 19:28:34 | fitting.py:bspline_profile:1158 |     ngood = 92730/144445 measurements
    INFO | 2026-08-23 19:28:34 | fitting.py:bspline_profile:1159 | ***************** Iter     Chi^2    N Rej  R. Fac *****************
    INFO | 2026-08-23 19:28:34 | fitting.py:bspline_profile:1163 |                   ----  --------  -------  ------                  
    INFO | 2026-08-23 19:28:34 | fitting.py:bspline_profile:1257 |                      1     1.045    51933    1.00                  
    INFO | 2026-08-23 19:28:34 | fitting.py:bspline_profile:1257 |                      2     1.004    51939    1.00                  
    INFO | 2026-08-23 19:28:35 | fitting.py:bspline_profile:1257 |                      3     1.003    51939    1.00                  
    INFO | 2026-08-23 19:28:35 | fitting.py:bspline_profile:1272 |                   DONE     1.003    51939    1.00                  
    INFO | 2026-08-23 19:28:35 | fitting.py:bspline_profile:1275 | *******************************************************************
    INFO | 2026-08-23 19:28:35 | find_objects.py:global_skysub:583 | Global sky subtraction for slit: 1385
    INFO | 2026-08-23 19:28:35 | skysub.py:global_skysub:195 | Full fit in global sky sub.
    INFO | 2026-08-23 19:28:35 | fitting.py:bspline_profile:1156 | B-spline fit:
    INFO | 2026-08-23 19:28:35 | fitting.py:bspline_profile:1157 |     npoly = 2 profile basis functions
    INFO | 2026-08-23 19:28:35 | fitting.py:bspline_profile:1158 |     ngood = 92649/144480 measurements
    INFO | 2026-08-23 19:28:35 | fitting.py:bspline_profile:1159 | ***************** Iter     Chi^2    N Rej  R. Fac *****************
    INFO | 2026-08-23 19:28:35 | fitting.py:bspline_profile:1163 |                   ----  --------  -------  ------                  
    INFO | 2026-08-23 19:28:35 | fitting.py:bspline_profile:1257 |                      1     4.017    59630    1.00                  
    INFO | 2026-08-23 19:28:35 | fitting.py:bspline_profile:1257 |                      2     1.262    60427    1.00                  
    INFO | 2026-08-23 19:28:35 | fitting.py:bspline_profile:1257 |                      3     1.142    60519    1.00                  
    INFO | 2026-08-23 19:28:35 | fitting.py:bspline_profile:1257 |                      4     1.131    60530    1.00                  
    INFO | 2026-08-23 19:28:36 | fitting.py:bspline_profile:1257 |                      5     1.129    60532    1.00                  
    INFO | 2026-08-23 19:28:36 | fitting.py:bspline_profile:1257 |                      6     1.129    60532    1.00                  
    INFO | 2026-08-23 19:28:36 | fitting.py:bspline_profile:1272 |                   DONE     1.129    60532    1.00                  
    INFO | 2026-08-23 19:28:36 | fitting.py:bspline_profile:1275 | *******************************************************************
    INFO | 2026-08-23 19:28:36 | find_objects.py:global_skysub:583 | Global sky subtraction for slit: 1458
    INFO | 2026-08-23 19:28:36 | skysub.py:global_skysub:195 | Full fit in global sky sub.
    INFO | 2026-08-23 19:28:36 | fitting.py:bspline_profile:1156 | B-spline fit:
    INFO | 2026-08-23 19:28:36 | fitting.py:bspline_profile:1157 |     npoly = 2 profile basis functions
    INFO | 2026-08-23 19:28:36 | fitting.py:bspline_profile:1158 |     ngood = 92230/143981 measurements
    INFO | 2026-08-23 19:28:36 | fitting.py:bspline_profile:1159 | ***************** Iter     Chi^2    N Rej  R. Fac *****************
    INFO | 2026-08-23 19:28:36 | fitting.py:bspline_profile:1163 |                   ----  --------  -------  ------                  
    INFO | 2026-08-23 19:28:36 | fitting.py:bspline_profile:1257 |                      1     1.111    52036    1.00                  
    INFO | 2026-08-23 19:28:36 | fitting.py:bspline_profile:1257 |                      2     1.071    52050    1.00                  
    INFO | 2026-08-23 19:28:36 | fitting.py:bspline_profile:1257 |                      3     1.069    52050    1.00                  
    INFO | 2026-08-23 19:28:36 | fitting.py:bspline_profile:1272 |                   DONE     1.069    52050    1.00                  
    INFO | 2026-08-23 19:28:36 | fitting.py:bspline_profile:1275 | *******************************************************************
    INFO | 2026-08-23 19:28:36 | find_objects.py:global_skysub:583 | Global sky subtraction for slit: 1533
    INFO | 2026-08-23 19:28:36 | skysub.py:global_skysub:195 | Full fit in global sky sub.
    INFO | 2026-08-23 19:28:36 | fitting.py:bspline_profile:1156 | B-spline fit:
    INFO | 2026-08-23 19:28:36 | fitting.py:bspline_profile:1157 |     npoly = 2 profile basis functions
    INFO | 2026-08-23 19:28:36 | fitting.py:bspline_profile:1158 |     ngood = 92571/144358 measurements
    INFO | 2026-08-23 19:28:36 | fitting.py:bspline_profile:1159 | ***************** Iter     Chi^2    N Rej  R. Fac *****************
    INFO | 2026-08-23 19:28:36 | fitting.py:bspline_profile:1163 |                   ----  --------  -------  ------                  
    INFO | 2026-08-23 19:28:37 | fitting.py:bspline_profile:1257 |                      1     0.997    51935    1.00                  
    INFO | 2026-08-23 19:28:37 | fitting.py:bspline_profile:1257 |                      2     0.976    51938    1.00                  
    INFO | 2026-08-23 19:28:37 | fitting.py:bspline_profile:1257 |                      3     0.975    51938    1.00                  
    INFO | 2026-08-23 19:28:37 | fitting.py:bspline_profile:1272 |                   DONE     0.975    51938    1.00                  
    INFO | 2026-08-23 19:28:37 | fitting.py:bspline_profile:1275 | *******************************************************************
    INFO | 2026-08-23 19:28:37 | find_objects.py:global_skysub:583 | Global sky subtraction for slit: 1606
    INFO | 2026-08-23 19:28:37 | skysub.py:global_skysub:195 | Full fit in global sky sub.
    INFO | 2026-08-23 19:28:37 | fitting.py:bspline_profile:1156 | B-spline fit:
    INFO | 2026-08-23 19:28:37 | fitting.py:bspline_profile:1157 |     npoly = 2 profile basis functions
    INFO | 2026-08-23 19:28:37 | fitting.py:bspline_profile:1158 |     ngood = 92645/144314 measurements
    INFO | 2026-08-23 19:28:37 | fitting.py:bspline_profile:1159 | ***************** Iter     Chi^2    N Rej  R. Fac *****************
    INFO | 2026-08-23 19:28:37 | fitting.py:bspline_profile:1163 |                   ----  --------  -------  ------                  
    INFO | 2026-08-23 19:28:37 | fitting.py:bspline_profile:1257 |                      1     1.128    51943    1.00                  
    INFO | 2026-08-23 19:28:38 | fitting.py:bspline_profile:1257 |                      2     1.018    51949    1.00                  
    INFO | 2026-08-23 19:28:38 | fitting.py:bspline_profile:1257 |                      3     1.017    51950    1.00                  
    INFO | 2026-08-23 19:28:38 | fitting.py:bspline_profile:1257 |                      4     1.017    51950    1.00                  
    INFO | 2026-08-23 19:28:38 | fitting.py:bspline_profile:1272 |                   DONE     1.017    51950    1.00                  
    INFO | 2026-08-23 19:28:38 | fitting.py:bspline_profile:1275 | *******************************************************************
    INFO | 2026-08-23 19:28:38 | find_objects.py:global_skysub:583 | Global sky subtraction for slit: 1682
    INFO | 2026-08-23 19:28:38 | skysub.py:global_skysub:195 | Full fit in global sky sub.
    INFO | 2026-08-23 19:28:38 | fitting.py:bspline_profile:1156 | B-spline fit:
    INFO | 2026-08-23 19:28:38 | fitting.py:bspline_profile:1157 |     npoly = 2 profile basis functions
    INFO | 2026-08-23 19:28:38 | fitting.py:bspline_profile:1158 |     ngood = 91940/144135 measurements
    INFO | 2026-08-23 19:28:38 | fitting.py:bspline_profile:1159 | ***************** Iter     Chi^2    N Rej  R. Fac *****************
    INFO | 2026-08-23 19:28:38 | fitting.py:bspline_profile:1163 |                   ----  --------  -------  ------                  
    INFO | 2026-08-23 19:28:38 | fitting.py:bspline_profile:1257 |                      1     1.783    54930    1.00                  
    INFO | 2026-08-23 19:28:38 | fitting.py:bspline_profile:1257 |                      2     1.118    55217    1.00                  
    INFO | 2026-08-23 19:28:39 | fitting.py:bspline_profile:1257 |                      3     1.081    55233    1.00                  
    INFO | 2026-08-23 19:28:39 | fitting.py:bspline_profile:1257 |                      4     1.079    55234    1.00                  
    INFO | 2026-08-23 19:28:39 | fitting.py:bspline_profile:1257 |                      5     1.079    55234    1.00                  
    INFO | 2026-08-23 19:28:39 | fitting.py:bspline_profile:1272 |                   DONE     1.079    55234    1.00                  
    INFO | 2026-08-23 19:28:39 | fitting.py:bspline_profile:1275 | *******************************************************************
    INFO | 2026-08-23 19:28:39 | find_objects.py:global_skysub:583 | Global sky subtraction for slit: 1757
    INFO | 2026-08-23 19:28:39 | skysub.py:global_skysub:195 | Full fit in global sky sub.
    INFO | 2026-08-23 19:28:39 | fitting.py:bspline_profile:1156 | B-spline fit:
    INFO | 2026-08-23 19:28:39 | fitting.py:bspline_profile:1157 |     npoly = 2 profile basis functions
    INFO | 2026-08-23 19:28:39 | fitting.py:bspline_profile:1158 |     ngood = 92256/143857 measurements
    INFO | 2026-08-23 19:28:39 | fitting.py:bspline_profile:1159 | ***************** Iter     Chi^2    N Rej  R. Fac *****************
    INFO | 2026-08-23 19:28:39 | fitting.py:bspline_profile:1163 |                   ----  --------  -------  ------                  
    INFO | 2026-08-23 19:28:39 | fitting.py:bspline_profile:1257 |                      1     1.002    51763    1.00                  
    INFO | 2026-08-23 19:28:39 | fitting.py:bspline_profile:1257 |                      2     0.979    51764    1.00                  
    INFO | 2026-08-23 19:28:40 | fitting.py:bspline_profile:1257 |                      3     0.979    51764    1.00                  
    INFO | 2026-08-23 19:28:40 | fitting.py:bspline_profile:1272 |                   DONE     0.979    51764    1.00                  
    INFO | 2026-08-23 19:28:40 | fitting.py:bspline_profile:1275 | *******************************************************************
    INFO | 2026-08-23 19:28:40 | find_objects.py:global_skysub:583 | Global sky subtraction for slit: 1836
    INFO | 2026-08-23 19:28:40 | skysub.py:global_skysub:195 | Full fit in global sky sub.
    INFO | 2026-08-23 19:28:40 | fitting.py:bspline_profile:1156 | B-spline fit:
    INFO | 2026-08-23 19:28:40 | fitting.py:bspline_profile:1157 |     npoly = 2 profile basis functions
    INFO | 2026-08-23 19:28:40 | fitting.py:bspline_profile:1158 |     ngood = 92306/144141 measurements
    INFO | 2026-08-23 19:28:40 | fitting.py:bspline_profile:1159 | ***************** Iter     Chi^2    N Rej  R. Fac *****************
    INFO | 2026-08-23 19:28:40 | fitting.py:bspline_profile:1163 |                   ----  --------  -------  ------                  
    INFO | 2026-08-23 19:28:40 | fitting.py:bspline_profile:1257 |                      1     1.011    51997    1.00                  
    INFO | 2026-08-23 19:28:40 | fitting.py:bspline_profile:1257 |                      2     0.979    51999    1.00                  
    INFO | 2026-08-23 19:28:40 | fitting.py:bspline_profile:1257 |                      3     0.979    51999    1.00                  
    INFO | 2026-08-23 19:28:40 | fitting.py:bspline_profile:1272 |                   DONE     0.979    51999    1.00                  
    INFO | 2026-08-23 19:28:40 | fitting.py:bspline_profile:1275 | *******************************************************************
    INFO | 2026-08-23 19:28:40 | find_objects.py:global_skysub:583 | Global sky subtraction for slit: 1913
    INFO | 2026-08-23 19:28:40 | skysub.py:global_skysub:195 | Full fit in global sky sub.
    INFO | 2026-08-23 19:28:40 | fitting.py:bspline_profile:1156 | B-spline fit:
    INFO | 2026-08-23 19:28:40 | fitting.py:bspline_profile:1157 |     npoly = 2 profile basis functions
    INFO | 2026-08-23 19:28:40 | fitting.py:bspline_profile:1158 |     ngood = 92453/143900 measurements
    INFO | 2026-08-23 19:28:40 | fitting.py:bspline_profile:1159 | ***************** Iter     Chi^2    N Rej  R. Fac *****************
    INFO | 2026-08-23 19:28:40 | fitting.py:bspline_profile:1163 |                   ----  --------  -------  ------                  
    INFO | 2026-08-23 19:28:40 | fitting.py:bspline_profile:1257 |                      1     1.047    51620    1.00                  
    INFO | 2026-08-23 19:28:41 | fitting.py:bspline_profile:1257 |                      2     0.974    51623    1.00                  
    INFO | 2026-08-23 19:28:41 | fitting.py:bspline_profile:1257 |                      3     0.974    51623    1.00                  
    INFO | 2026-08-23 19:28:41 | fitting.py:bspline_profile:1272 |                   DONE     0.974    51623    1.00                  
    INFO | 2026-08-23 19:28:41 | fitting.py:bspline_profile:1275 | *******************************************************************
    INFO | 2026-08-23 19:28:41 | find_objects.py:global_skysub:583 | Global sky subtraction for slit: 1995
    INFO | 2026-08-23 19:28:41 | skysub.py:global_skysub:195 | Full fit in global sky sub.
    INFO | 2026-08-23 19:28:41 | fitting.py:bspline_profile:1156 | B-spline fit:
    INFO | 2026-08-23 19:28:41 | fitting.py:bspline_profile:1157 |     npoly = 2 profile basis functions
    INFO | 2026-08-23 19:28:41 | fitting.py:bspline_profile:1158 |     ngood = 91574/143290 measurements
    INFO | 2026-08-23 19:28:41 | fitting.py:bspline_profile:1159 | ***************** Iter     Chi^2    N Rej  R. Fac *****************
    INFO | 2026-08-23 19:28:41 | fitting.py:bspline_profile:1163 |                   ----  --------  -------  ------                  
    INFO | 2026-08-23 19:28:41 | fitting.py:bspline_profile:1257 |                      1     1.016    51864    1.00                  
    INFO | 2026-08-23 19:28:41 | fitting.py:bspline_profile:1257 |                      2     0.994    51867    1.00                  
    INFO | 2026-08-23 19:28:41 | fitting.py:bspline_profile:1257 |                      3     0.994    51867    1.00                  
    INFO | 2026-08-23 19:28:41 | fitting.py:bspline_profile:1272 |                   DONE     0.994    51867    1.00                  
    INFO | 2026-08-23 19:28:41 | fitting.py:bspline_profile:1275 | *******************************************************************
    INFO | 2026-08-23 19:28:41 | find_objects.py:find_objects_pypeline:788 | Finding objects on slit # 60
    INFO | 2026-08-23 19:28:42 | findobj_skymask.py:objs_in_slit:2095 | No objects found automatically.  Consider manual extraction.
    INFO | 2026-08-23 19:28:42 | find_objects.py:find_objects_pypeline:788 | Finding objects on slit # 140
    INFO | 2026-08-23 19:28:42 | findobj_skymask.py:objs_in_slit:2095 | No objects found automatically.  Consider manual extraction.
    INFO | 2026-08-23 19:28:42 | find_objects.py:find_objects_pypeline:788 | Finding objects on slit # 216
    INFO | 2026-08-23 19:28:42 | findobj_skymask.py:objs_in_slit:2073 | Using slit edges as crutch for object tracing
    INFO | 2026-08-23 19:28:42 | findobj_skymask.py:objs_in_slit:2098 | Automatic finding routine found 1 objects
    INFO | 2026-08-23 19:28:42 | findobj_skymask.py:objs_in_slit:2102 | Fitting the traces
 WARNING | 2026-08-23 19:28:42 | polyutils.py:_fit:662 | RankWarning: The fit may be poorly conditioned
    INFO | 2026-08-23 19:28:42 | findobj_skymask.py:objs_in_slit:2254 | Successfully traced a total of 1 objects
    INFO | 2026-08-23 19:28:42 | find_objects.py:find_objects_pypeline:788 | Finding objects on slit # 294
    INFO | 2026-08-23 19:28:43 | findobj_skymask.py:objs_in_slit:2095 | No objects found automatically.  Consider manual extraction.
    INFO | 2026-08-23 19:28:43 | find_objects.py:find_objects_pypeline:788 | Finding objects on slit # 368
    INFO | 2026-08-23 19:28:43 | findobj_skymask.py:objs_in_slit:2095 | No objects found automatically.  Consider manual extraction.
    INFO | 2026-08-23 19:28:43 | find_objects.py:find_objects_pypeline:788 | Finding objects on slit # 443
    INFO | 2026-08-23 19:28:43 | findobj_skymask.py:objs_in_slit:2095 | No objects found automatically.  Consider manual extraction.
    INFO | 2026-08-23 19:28:43 | find_objects.py:find_objects_pypeline:788 | Finding objects on slit # 516
    INFO | 2026-08-23 19:28:43 | findobj_skymask.py:objs_in_slit:2095 | No objects found automatically.  Consider manual extraction.
    INFO | 2026-08-23 19:28:43 | find_objects.py:find_objects_pypeline:788 | Finding objects on slit # 590
    INFO | 2026-08-23 19:28:44 | findobj_skymask.py:objs_in_slit:2095 | No objects found automatically.  Consider manual extraction.
    INFO | 2026-08-23 19:28:44 | find_objects.py:find_objects_pypeline:788 | Finding objects on slit # 663
    INFO | 2026-08-23 19:28:44 | findobj_skymask.py:objs_in_slit:2073 | Using slit edges as crutch for object tracing
    INFO | 2026-08-23 19:28:44 | findobj_skymask.py:objs_in_slit:2098 | Automatic finding routine found 1 objects
    INFO | 2026-08-23 19:28:44 | findobj_skymask.py:objs_in_slit:2102 | Fitting the traces
 WARNING | 2026-08-23 19:28:44 | polyutils.py:_fit:662 | RankWarning: The fit may be poorly conditioned
    INFO | 2026-08-23 19:28:44 | findobj_skymask.py:objs_in_slit:2254 | Successfully traced a total of 1 objects
    INFO | 2026-08-23 19:28:44 | find_objects.py:find_objects_pypeline:788 | Finding objects on slit # 737
    INFO | 2026-08-23 19:28:44 | findobj_skymask.py:objs_in_slit:2073 | Using slit edges as crutch for object tracing
    INFO | 2026-08-23 19:28:44 | findobj_skymask.py:objs_in_slit:2098 | Automatic finding routine found 1 objects
    INFO | 2026-08-23 19:28:44 | findobj_skymask.py:objs_in_slit:2102 | Fitting the traces
 WARNING | 2026-08-23 19:28:44 | polyutils.py:_fit:662 | RankWarning: The fit may be poorly conditioned
    INFO | 2026-08-23 19:28:44 | findobj_skymask.py:objs_in_slit:2254 | Successfully traced a total of 1 objects
    INFO | 2026-08-23 19:28:44 | find_objects.py:find_objects_pypeline:788 | Finding objects on slit # 811
    INFO | 2026-08-23 19:28:45 | findobj_skymask.py:objs_in_slit:2073 | Using slit edges as crutch for object tracing
    INFO | 2026-08-23 19:28:45 | findobj_skymask.py:objs_in_slit:2098 | Automatic finding routine found 1 objects
    INFO | 2026-08-23 19:28:45 | findobj_skymask.py:objs_in_slit:2102 | Fitting the traces
 WARNING | 2026-08-23 19:28:45 | polyutils.py:_fit:662 | RankWarning: The fit may be poorly conditioned
    INFO | 2026-08-23 19:28:45 | findobj_skymask.py:objs_in_slit:2254 | Successfully traced a total of 1 objects
    INFO | 2026-08-23 19:28:45 | find_objects.py:find_objects_pypeline:788 | Finding objects on slit # 885
    INFO | 2026-08-23 19:28:45 | findobj_skymask.py:objs_in_slit:2073 | Using slit edges as crutch for object tracing
    INFO | 2026-08-23 19:28:45 | findobj_skymask.py:objs_in_slit:2098 | Automatic finding routine found 2 objects
    INFO | 2026-08-23 19:28:45 | findobj_skymask.py:objs_in_slit:2102 | Fitting the traces
 WARNING | 2026-08-23 19:28:45 | polyutils.py:_fit:662 | RankWarning: The fit may be poorly conditioned
    INFO | 2026-08-23 19:28:45 | findobj_skymask.py:objs_in_slit:2254 | Successfully traced a total of 2 objects
    INFO | 2026-08-23 19:28:45 | find_objects.py:find_objects_pypeline:788 | Finding objects on slit # 1163
    INFO | 2026-08-23 19:28:46 | findobj_skymask.py:objs_in_slit:2073 | Using slit edges as crutch for object tracing
    INFO | 2026-08-23 19:28:46 | findobj_skymask.py:objs_in_slit:2098 | Automatic finding routine found 1 objects
    INFO | 2026-08-23 19:28:46 | findobj_skymask.py:objs_in_slit:2102 | Fitting the traces
 WARNING | 2026-08-23 19:28:46 | polyutils.py:_fit:662 | RankWarning: The fit may be poorly conditioned
    INFO | 2026-08-23 19:28:46 | findobj_skymask.py:objs_in_slit:2254 | Successfully traced a total of 1 objects
    INFO | 2026-08-23 19:28:46 | find_objects.py:find_objects_pypeline:788 | Finding objects on slit # 1237
    INFO | 2026-08-23 19:28:46 | findobj_skymask.py:objs_in_slit:2073 | Using slit edges as crutch for object tracing
    INFO | 2026-08-23 19:28:46 | findobj_skymask.py:objs_in_slit:2098 | Automatic finding routine found 1 objects
    INFO | 2026-08-23 19:28:46 | findobj_skymask.py:objs_in_slit:2102 | Fitting the traces
 WARNING | 2026-08-23 19:28:46 | polyutils.py:_fit:662 | RankWarning: The fit may be poorly conditioned
    INFO | 2026-08-23 19:28:46 | findobj_skymask.py:objs_in_slit:2254 | Successfully traced a total of 1 objects
    INFO | 2026-08-23 19:28:46 | find_objects.py:find_objects_pypeline:788 | Finding objects on slit # 1311
    INFO | 2026-08-23 19:28:47 | findobj_skymask.py:objs_in_slit:2073 | Using slit edges as crutch for object tracing
    INFO | 2026-08-23 19:28:47 | findobj_skymask.py:objs_in_slit:2098 | Automatic finding routine found 1 objects
    INFO | 2026-08-23 19:28:47 | findobj_skymask.py:objs_in_slit:2102 | Fitting the traces
 WARNING | 2026-08-23 19:28:47 | polyutils.py:_fit:662 | RankWarning: The fit may be poorly conditioned
    INFO | 2026-08-23 19:28:47 | findobj_skymask.py:objs_in_slit:2254 | Successfully traced a total of 1 objects
    INFO | 2026-08-23 19:28:47 | find_objects.py:find_objects_pypeline:788 | Finding objects on slit # 1385
    INFO | 2026-08-23 19:28:47 | findobj_skymask.py:objs_in_slit:2073 | Using slit edges as crutch for object tracing
    INFO | 2026-08-23 19:28:47 | findobj_skymask.py:objs_in_slit:2098 | Automatic finding routine found 2 objects
    INFO | 2026-08-23 19:28:47 | findobj_skymask.py:objs_in_slit:2102 | Fitting the traces
 WARNING | 2026-08-23 19:28:47 | polyutils.py:_fit:662 | RankWarning: The fit may be poorly conditioned
    INFO | 2026-08-23 19:28:47 | findobj_skymask.py:objs_in_slit:2254 | Successfully traced a total of 2 objects
    INFO | 2026-08-23 19:28:47 | find_objects.py:find_objects_pypeline:788 | Finding objects on slit # 1458
    INFO | 2026-08-23 19:28:48 | findobj_skymask.py:objs_in_slit:2073 | Using slit edges as crutch for object tracing
    INFO | 2026-08-23 19:28:48 | findobj_skymask.py:objs_in_slit:2098 | Automatic finding routine found 2 objects
    INFO | 2026-08-23 19:28:48 | findobj_skymask.py:objs_in_slit:2102 | Fitting the traces
 WARNING | 2026-08-23 19:28:48 | polyutils.py:_fit:662 | RankWarning: The fit may be poorly conditioned
    INFO | 2026-08-23 19:28:48 | findobj_skymask.py:objs_in_slit:2254 | Successfully traced a total of 2 objects
    INFO | 2026-08-23 19:28:48 | find_objects.py:find_objects_pypeline:788 | Finding objects on slit # 1533
    INFO | 2026-08-23 19:28:48 | findobj_skymask.py:objs_in_slit:2095 | No objects found automatically.  Consider manual extraction.
    INFO | 2026-08-23 19:28:48 | find_objects.py:find_objects_pypeline:788 | Finding objects on slit # 1606
 WARNING | 2026-08-23 19:28:48 | findobj_skymask.py:objs_in_slit:2000 | Discarding 1 at spatial pixels spat = [67.27931542] which land within trim_edg = (left, right) = [5, 5] pixels from the slit boundary for this nsamp = 70.00 wide slit
 WARNING | 2026-08-23 19:28:48 | findobj_skymask.py:objs_in_slit:2004 | You must decrease from the current value of trim_edg in order to keep them
 WARNING | 2026-08-23 19:28:48 | findobj_skymask.py:objs_in_slit:2005 | Such edge objects are often spurious
    INFO | 2026-08-23 19:28:48 | findobj_skymask.py:objs_in_slit:2095 | No objects found automatically.  Consider manual extraction.
    INFO | 2026-08-23 19:28:48 | find_objects.py:find_objects_pypeline:788 | Finding objects on slit # 1682
 WARNING | 2026-08-23 19:28:48 | findobj_skymask.py:objs_in_slit:2000 | Discarding 1 at spatial pixels spat = [66.73476035] which land within trim_edg = (left, right) = [5, 5] pixels from the slit boundary for this nsamp = 70.00 wide slit
 WARNING | 2026-08-23 19:28:48 | findobj_skymask.py:objs_in_slit:2004 | You must decrease from the current value of trim_edg in order to keep them
 WARNING | 2026-08-23 19:28:48 | findobj_skymask.py:objs_in_slit:2005 | Such edge objects are often spurious
    INFO | 2026-08-23 19:28:49 | findobj_skymask.py:objs_in_slit:2095 | No objects found automatically.  Consider manual extraction.
    INFO | 2026-08-23 19:28:49 | find_objects.py:find_objects_pypeline:788 | Finding objects on slit # 1757
    INFO | 2026-08-23 19:28:49 | findobj_skymask.py:objs_in_slit:2095 | No objects found automatically.  Consider manual extraction.
    INFO | 2026-08-23 19:28:49 | find_objects.py:find_objects_pypeline:788 | Finding objects on slit # 1836
    INFO | 2026-08-23 19:28:49 | findobj_skymask.py:objs_in_slit:2095 | No objects found automatically.  Consider manual extraction.
    INFO | 2026-08-23 19:28:49 | find_objects.py:find_objects_pypeline:788 | Finding objects on slit # 1913
    INFO | 2026-08-23 19:28:49 | findobj_skymask.py:objs_in_slit:2095 | No objects found automatically.  Consider manual extraction.
    INFO | 2026-08-23 19:28:49 | find_objects.py:find_objects_pypeline:788 | Finding objects on slit # 1995
    INFO | 2026-08-23 19:28:50 | findobj_skymask.py:objs_in_slit:2095 | No objects found automatically.  Consider manual extraction.
    INFO | 2026-08-23 19:28:50 | find_objects.py:run:373 | Either no objects were found or a user-provided sky mask was used.  Skipping second pass of sky-subtraction and object finding.
    INFO | 2026-08-23 19:28:50 | datamodel.py:from_file:1558 | Loading BiasImage from /Users/kaiwenzhang/PycharmProjects/KCWI/KCWI_RED_channel_characterization/RH1 pypeit run/2023-11-07/pypeit_run/keck_kcrm_B/Calibrations/Bias_B_1_DET01.fits
 WARNING | 2026-08-23 19:28:50 | calibrations.py:get_dark:606 | No raw dark frames found and unable to identify a relevant processed calibration frame.  Continuing...
    INFO | 2026-08-23 19:28:50 | keck_kcwi.py:get_rawimage:1426 | Reading KCWI file: /Users/kaiwenzhang/PycharmProjects/KCWI/KCWI_RED_channel_characterization/fits/by_night/RH1/2023-11-07/KR.20231108.54563.16.fits
    INFO | 2026-08-23 19:28:50 | datamodel.py:from_file:1558 | Loading ArcImage from /Users/kaiwenzhang/PycharmProjects/KCWI/KCWI_RED_channel_characterization/RH1 pypeit run/2023-11-07/pypeit_run/keck_kcrm_B/Calibrations/Arc_B_1_DET01.fits
    INFO | 2026-08-23 19:28:50 | datamodel.py:from_file:1558 | Loading TiltImage from /Users/kaiwenzhang/PycharmProjects/KCWI/KCWI_RED_channel_characterization/RH1 pypeit run/2023-11-07/pypeit_run/keck_kcrm_B/Calibrations/Tiltimg_B_1_DET01.fits
    INFO | 2026-08-23 19:28:50 | datamodel.py:from_file:1558 | Loading SlitTraceSet from /Users/kaiwenzhang/PycharmProjects/KCWI/KCWI_RED_channel_characterization/RH1 pypeit run/2023-11-07/pypeit_run/keck_kcrm_B/Calibrations/Slits_B_1_DET01.fits.gz
    INFO | 2026-08-23 19:28:50 | datamodel.py:from_file:1558 | Loading WaveCalib from /Users/kaiwenzhang/PycharmProjects/KCWI/KCWI_RED_channel_characterization/RH1 pypeit run/2023-11-07/pypeit_run/keck_kcrm_B/Calibrations/WaveCalib_B_1_DET01.fits
    INFO | 2026-08-23 19:28:50 | datamodel.py:from_file:1558 | Loading WaveTilts from /Users/kaiwenzhang/PycharmProjects/KCWI/KCWI_RED_channel_characterization/RH1 pypeit run/2023-11-07/pypeit_run/keck_kcrm_B/Calibrations/Tilts_B_1_DET01.fits
    INFO | 2026-08-23 19:28:50 | datamodel.py:from_file:1558 | Loading Alignments from /Users/kaiwenzhang/PycharmProjects/KCWI/KCWI_RED_channel_characterization/RH1 pypeit run/2023-11-07/pypeit_run/keck_kcrm_B/Calibrations/Alignment_B_1_DET01.fits
    INFO | 2026-08-23 19:28:50 | datamodel.py:from_file:1558 | Loading ScatteredLight from /Users/kaiwenzhang/PycharmProjects/KCWI/KCWI_RED_channel_characterization/RH1 pypeit run/2023-11-07/pypeit_run/keck_kcrm_B/Calibrations/ScatteredLight_B_1_DET01.fits.gz
    INFO | 2026-08-23 19:28:50 | datamodel.py:from_file:1558 | Loading FlatImages from /Users/kaiwenzhang/PycharmProjects/KCWI/KCWI_RED_channel_characterization/RH1 pypeit run/2023-11-07/pypeit_run/keck_kcrm_B/Calibrations/Flat_B_1_DET01.fits
    INFO | 2026-08-23 19:28:51 | calibrations.py:run_the_steps:1459 | Calibration complete and/or fully loaded!
    INFO | 2026-08-23 19:28:51 | calibrations.py:run_the_steps:1460 | #######################################################################
    INFO | 2026-08-23 19:28:51 | pypeit_steps.py:extract_det:732 | Extraction skipped for KR.20231108.54563.16-g191b2b_KCRM_20231108T150923.155 on det=1
    INFO | 2026-08-23 19:28:51 | wavetilts.py:fit2tiltimg:143 | Generating a tilts image from the fit parameters
    INFO | 2026-08-23 19:28:58 | pypeit_steps.py:refframe_correct:906 | Performing a heliocentric correction
    INFO | 2026-08-23 19:28:58 | pypeit_steps.py:refframe_correct:915 | Applying heliocentric correction = 14.44472 km/s
    INFO | 2026-08-23 19:28:59 | spec2dobj.py:write_to_fits:721 | Wrote: /Users/kaiwenzhang/PycharmProjects/KCWI/KCWI_RED_channel_characterization/RH1 pypeit run/2023-11-07/pypeit_run/keck_kcrm_B/Science/spec2d_KR.20231108.54563.16-g191b2b_KCRM_20231108T150923.155.fits
    INFO | 2026-08-23 19:28:59 | exposure.py:reduce_exposure:406 | Reducing target g191b2b
Combining frames:
KR.20231108.54678.43.fits

    INFO | 2026-08-23 19:28:59 | exposure.py:reduce_exposure:417 | Detectors to work on: [1]
    INFO | 2026-08-23 19:28:59 | exposure.py:reduce_exposure:422 | Calibrating detector 1
    INFO | 2026-08-23 19:28:59 | pypeit_steps.py:calib_one:173 | Building/loading calibrations for detector 1
    INFO | 2026-08-23 19:28:59 | datamodel.py:from_file:1558 | Loading BiasImage from /Users/kaiwenzhang/PycharmProjects/KCWI/KCWI_RED_channel_characterization/RH1 pypeit run/2023-11-07/pypeit_run/keck_kcrm_B/Calibrations/Bias_B_1_DET01.fits
 WARNING | 2026-08-23 19:28:59 | calibrations.py:get_dark:606 | No raw dark frames found and unable to identify a relevant processed calibration frame.  Continuing...
    INFO | 2026-08-23 19:28:59 | keck_kcwi.py:get_rawimage:1426 | Reading KCWI file: /Users/kaiwenzhang/PycharmProjects/KCWI/KCWI_RED_channel_characterization/fits/by_night/RH1/2023-11-07/KR.20231108.10348.37.fits
 WARNING | 2026-08-23 19:28:59 | keck_kcwi.py:bpm:820 | KCRM bad pixel mask is not available for ampmode=L2U2L1U1 binning=2,2
    INFO | 2026-08-23 19:28:59 | datamodel.py:from_file:1558 | Loading ArcImage from /Users/kaiwenzhang/PycharmProjects/KCWI/KCWI_RED_channel_characterization/RH1 pypeit run/2023-11-07/pypeit_run/keck_kcrm_B/Calibrations/Arc_B_1_DET01.fits
    INFO | 2026-08-23 19:28:59 | datamodel.py:from_file:1558 | Loading TiltImage from /Users/kaiwenzhang/PycharmProjects/KCWI/KCWI_RED_channel_characterization/RH1 pypeit run/2023-11-07/pypeit_run/keck_kcrm_B/Calibrations/Tiltimg_B_1_DET01.fits
    INFO | 2026-08-23 19:28:59 | datamodel.py:from_file:1558 | Loading SlitTraceSet from /Users/kaiwenzhang/PycharmProjects/KCWI/KCWI_RED_channel_characterization/RH1 pypeit run/2023-11-07/pypeit_run/keck_kcrm_B/Calibrations/Slits_B_1_DET01.fits.gz
    INFO | 2026-08-23 19:28:59 | datamodel.py:from_file:1558 | Loading WaveCalib from /Users/kaiwenzhang/PycharmProjects/KCWI/KCWI_RED_channel_characterization/RH1 pypeit run/2023-11-07/pypeit_run/keck_kcrm_B/Calibrations/WaveCalib_B_1_DET01.fits
    INFO | 2026-08-23 19:29:00 | datamodel.py:from_file:1558 | Loading WaveTilts from /Users/kaiwenzhang/PycharmProjects/KCWI/KCWI_RED_channel_characterization/RH1 pypeit run/2023-11-07/pypeit_run/keck_kcrm_B/Calibrations/Tilts_B_1_DET01.fits
    INFO | 2026-08-23 19:29:00 | datamodel.py:from_file:1558 | Loading Alignments from /Users/kaiwenzhang/PycharmProjects/KCWI/KCWI_RED_channel_characterization/RH1 pypeit run/2023-11-07/pypeit_run/keck_kcrm_B/Calibrations/Alignment_B_1_DET01.fits
    INFO | 2026-08-23 19:29:00 | datamodel.py:from_file:1558 | Loading ScatteredLight from /Users/kaiwenzhang/PycharmProjects/KCWI/KCWI_RED_channel_characterization/RH1 pypeit run/2023-11-07/pypeit_run/keck_kcrm_B/Calibrations/ScatteredLight_B_1_DET01.fits.gz
    INFO | 2026-08-23 19:29:00 | datamodel.py:from_file:1558 | Loading FlatImages from /Users/kaiwenzhang/PycharmProjects/KCWI/KCWI_RED_channel_characterization/RH1 pypeit run/2023-11-07/pypeit_run/keck_kcrm_B/Calibrations/Flat_B_1_DET01.fits
    INFO | 2026-08-23 19:29:00 | calibrations.py:run_the_steps:1459 | Calibration complete and/or fully loaded!
    INFO | 2026-08-23 19:29:00 | calibrations.py:run_the_steps:1460 | #######################################################################
    INFO | 2026-08-23 19:29:00 | exposure.py:process_exposure:126 | Reducing detector 1
    INFO | 2026-08-23 19:29:00 | datamodel.py:from_file:1558 | Loading BiasImage from /Users/kaiwenzhang/PycharmProjects/KCWI/KCWI_RED_channel_characterization/RH1 pypeit run/2023-11-07/pypeit_run/keck_kcrm_B/Calibrations/Bias_B_1_DET01.fits
 WARNING | 2026-08-23 19:29:00 | calibrations.py:get_dark:606 | No raw dark frames found and unable to identify a relevant processed calibration frame.  Continuing...
    INFO | 2026-08-23 19:29:00 | keck_kcwi.py:get_rawimage:1426 | Reading KCWI file: /Users/kaiwenzhang/PycharmProjects/KCWI/KCWI_RED_channel_characterization/fits/by_night/RH1/2023-11-07/KR.20231108.54678.43.fits
    INFO | 2026-08-23 19:29:00 | datamodel.py:from_file:1558 | Loading ArcImage from /Users/kaiwenzhang/PycharmProjects/KCWI/KCWI_RED_channel_characterization/RH1 pypeit run/2023-11-07/pypeit_run/keck_kcrm_B/Calibrations/Arc_B_1_DET01.fits
    INFO | 2026-08-23 19:29:00 | datamodel.py:from_file:1558 | Loading TiltImage from /Users/kaiwenzhang/PycharmProjects/KCWI/KCWI_RED_channel_characterization/RH1 pypeit run/2023-11-07/pypeit_run/keck_kcrm_B/Calibrations/Tiltimg_B_1_DET01.fits
    INFO | 2026-08-23 19:29:00 | datamodel.py:from_file:1558 | Loading SlitTraceSet from /Users/kaiwenzhang/PycharmProjects/KCWI/KCWI_RED_channel_characterization/RH1 pypeit run/2023-11-07/pypeit_run/keck_kcrm_B/Calibrations/Slits_B_1_DET01.fits.gz
    INFO | 2026-08-23 19:29:00 | datamodel.py:from_file:1558 | Loading WaveCalib from /Users/kaiwenzhang/PycharmProjects/KCWI/KCWI_RED_channel_characterization/RH1 pypeit run/2023-11-07/pypeit_run/keck_kcrm_B/Calibrations/WaveCalib_B_1_DET01.fits
    INFO | 2026-08-23 19:29:01 | datamodel.py:from_file:1558 | Loading WaveTilts from /Users/kaiwenzhang/PycharmProjects/KCWI/KCWI_RED_channel_characterization/RH1 pypeit run/2023-11-07/pypeit_run/keck_kcrm_B/Calibrations/Tilts_B_1_DET01.fits
    INFO | 2026-08-23 19:29:01 | datamodel.py:from_file:1558 | Loading Alignments from /Users/kaiwenzhang/PycharmProjects/KCWI/KCWI_RED_channel_characterization/RH1 pypeit run/2023-11-07/pypeit_run/keck_kcrm_B/Calibrations/Alignment_B_1_DET01.fits
    INFO | 2026-08-23 19:29:01 | datamodel.py:from_file:1558 | Loading ScatteredLight from /Users/kaiwenzhang/PycharmProjects/KCWI/KCWI_RED_channel_characterization/RH1 pypeit run/2023-11-07/pypeit_run/keck_kcrm_B/Calibrations/ScatteredLight_B_1_DET01.fits.gz
    INFO | 2026-08-23 19:29:01 | datamodel.py:from_file:1558 | Loading FlatImages from /Users/kaiwenzhang/PycharmProjects/KCWI/KCWI_RED_channel_characterization/RH1 pypeit run/2023-11-07/pypeit_run/keck_kcrm_B/Calibrations/Flat_B_1_DET01.fits
    INFO | 2026-08-23 19:29:01 | calibrations.py:run_the_steps:1459 | Calibration complete and/or fully loaded!
    INFO | 2026-08-23 19:29:01 | calibrations.py:run_the_steps:1460 | #######################################################################
    INFO | 2026-08-23 19:29:01 | pypeit_steps.py:process_one_det:260 | Image processing begins for KR.20231108.54678.43-g191b2b_KCRM_20231108T151118.413 on det=1
    INFO | 2026-08-23 19:29:01 | keck_kcwi.py:get_rawimage:1426 | Reading KCWI file: /Users/kaiwenzhang/PycharmProjects/KCWI/KCWI_RED_channel_characterization/fits/by_night/RH1/2023-11-07/KR.20231108.54678.43.fits
    INFO | 2026-08-23 19:29:01 | rawimage.py:process:564 | Performing basic image processing on KR.20231108.54678.43.fits.
    INFO | 2026-08-23 19:29:01 | rawimage.py:estimate_readnoise:359 | Estimated readnoise of amplifier 1 = 3.917 e-
    INFO | 2026-08-23 19:29:01 | rawimage.py:estimate_readnoise:359 | Estimated readnoise of amplifier 2 = 3.884 e-
    INFO | 2026-08-23 19:29:04 | procimg.py:lacosmic:170 | Detecting cosmic rays with the L.A.Cosmic algorithm
    INFO | 2026-08-23 19:29:04 | procimg.py:lacosmic:218 | Convolving image with Laplacian kernel
    INFO | 2026-08-23 19:29:06 | procimg.py:lacosmic:229 | Found 4747 candidate cosmic-ray pixels
    INFO | 2026-08-23 19:29:06 | procimg.py:lacosmic:235 | Reduced to 4747 candidates after excluding known bad pixels.
    INFO | 2026-08-23 19:29:08 | procimg.py:lacosmic:246 | Reduced to 2252 candidates after excluding compact objects.
    INFO | 2026-08-23 19:29:08 | procimg.py:lacosmic:250 | Finding neighboring pixels affected by cosmic rays
    INFO | 2026-08-23 19:29:08 | procimg.py:lacosmic:260 | Changed to 5879 candidates after evaluating neighboring pixels.
    INFO | 2026-08-23 19:29:08 | procimg.py:lacosmic:266 | Reduced to 5879 candidates after excluding known bad pixels.
    INFO | 2026-08-23 19:29:08 | procimg.py:lacosmic:271 | Iteration 1: 5879 pixels identified as cosmic rays (5879 are new)
    INFO | 2026-08-23 19:29:09 | procimg.py:lacosmic:300 | 5860 pixels identified as cosmic rays after removing false positives
    INFO | 2026-08-23 19:29:09 | pypeit_steps.py:findobj_on_det:381 | Object finding begins for KR.20231108.54678.43-g191b2b_KCRM_20231108T151118.413 on det=1
    INFO | 2026-08-23 19:29:09 | datamodel.py:from_file:1558 | Loading BiasImage from /Users/kaiwenzhang/PycharmProjects/KCWI/KCWI_RED_channel_characterization/RH1 pypeit run/2023-11-07/pypeit_run/keck_kcrm_B/Calibrations/Bias_B_1_DET01.fits
 WARNING | 2026-08-23 19:29:09 | calibrations.py:get_dark:606 | No raw dark frames found and unable to identify a relevant processed calibration frame.  Continuing...
    INFO | 2026-08-23 19:29:09 | keck_kcwi.py:get_rawimage:1426 | Reading KCWI file: /Users/kaiwenzhang/PycharmProjects/KCWI/KCWI_RED_channel_characterization/fits/by_night/RH1/2023-11-07/KR.20231108.54678.43.fits
    INFO | 2026-08-23 19:29:09 | datamodel.py:from_file:1558 | Loading ArcImage from /Users/kaiwenzhang/PycharmProjects/KCWI/KCWI_RED_channel_characterization/RH1 pypeit run/2023-11-07/pypeit_run/keck_kcrm_B/Calibrations/Arc_B_1_DET01.fits
    INFO | 2026-08-23 19:29:09 | datamodel.py:from_file:1558 | Loading TiltImage from /Users/kaiwenzhang/PycharmProjects/KCWI/KCWI_RED_channel_characterization/RH1 pypeit run/2023-11-07/pypeit_run/keck_kcrm_B/Calibrations/Tiltimg_B_1_DET01.fits
    INFO | 2026-08-23 19:29:09 | datamodel.py:from_file:1558 | Loading SlitTraceSet from /Users/kaiwenzhang/PycharmProjects/KCWI/KCWI_RED_channel_characterization/RH1 pypeit run/2023-11-07/pypeit_run/keck_kcrm_B/Calibrations/Slits_B_1_DET01.fits.gz
    INFO | 2026-08-23 19:29:09 | datamodel.py:from_file:1558 | Loading WaveCalib from /Users/kaiwenzhang/PycharmProjects/KCWI/KCWI_RED_channel_characterization/RH1 pypeit run/2023-11-07/pypeit_run/keck_kcrm_B/Calibrations/WaveCalib_B_1_DET01.fits
    INFO | 2026-08-23 19:29:09 | datamodel.py:from_file:1558 | Loading WaveTilts from /Users/kaiwenzhang/PycharmProjects/KCWI/KCWI_RED_channel_characterization/RH1 pypeit run/2023-11-07/pypeit_run/keck_kcrm_B/Calibrations/Tilts_B_1_DET01.fits
    INFO | 2026-08-23 19:29:09 | datamodel.py:from_file:1558 | Loading Alignments from /Users/kaiwenzhang/PycharmProjects/KCWI/KCWI_RED_channel_characterization/RH1 pypeit run/2023-11-07/pypeit_run/keck_kcrm_B/Calibrations/Alignment_B_1_DET01.fits
    INFO | 2026-08-23 19:29:09 | datamodel.py:from_file:1558 | Loading ScatteredLight from /Users/kaiwenzhang/PycharmProjects/KCWI/KCWI_RED_channel_characterization/RH1 pypeit run/2023-11-07/pypeit_run/keck_kcrm_B/Calibrations/ScatteredLight_B_1_DET01.fits.gz
    INFO | 2026-08-23 19:29:10 | datamodel.py:from_file:1558 | Loading FlatImages from /Users/kaiwenzhang/PycharmProjects/KCWI/KCWI_RED_channel_characterization/RH1 pypeit run/2023-11-07/pypeit_run/keck_kcrm_B/Calibrations/Flat_B_1_DET01.fits
    INFO | 2026-08-23 19:29:10 | calibrations.py:run_the_steps:1459 | Calibration complete and/or fully loaded!
    INFO | 2026-08-23 19:29:10 | calibrations.py:run_the_steps:1460 | #######################################################################
    INFO | 2026-08-23 19:29:10 | pypeit_steps.py:findobj_on_det:387 | Reducing detector 1
    INFO | 2026-08-23 19:29:10 | pypeit_steps.py:load_skyregions:606 | Generating skysub mask based on the user defined regions: :35,62:
    INFO | 2026-08-23 19:29:10 | find_objects.py:__init__:164 | Initializing slits
    INFO | 2026-08-23 19:29:11 | find_objects.py:__init__:232 | Generating tilts image from fit in waveTilts
    INFO | 2026-08-23 19:29:11 | wavetilts.py:fit2tiltimg:143 | Generating a tilts image from the fit parameters
    INFO | 2026-08-23 19:29:17 | find_objects.py:global_skysub:583 | Global sky subtraction for slit: 60
    INFO | 2026-08-23 19:29:17 | skysub.py:global_skysub:195 | Full fit in global sky sub.
    INFO | 2026-08-23 19:29:17 | fitting.py:bspline_profile:1156 | B-spline fit:
    INFO | 2026-08-23 19:29:17 | fitting.py:bspline_profile:1157 |     npoly = 2 profile basis functions
    INFO | 2026-08-23 19:29:17 | fitting.py:bspline_profile:1158 |     ngood = 92382/143872 measurements
    INFO | 2026-08-23 19:29:17 | fitting.py:bspline_profile:1159 | ***************** Iter     Chi^2    N Rej  R. Fac *****************
    INFO | 2026-08-23 19:29:17 | fitting.py:bspline_profile:1163 |                   ----  --------  -------  ------                  
    INFO | 2026-08-23 19:29:18 | fitting.py:bspline_profile:1257 |                      1     1.009    51634    1.00                  
    INFO | 2026-08-23 19:29:18 | fitting.py:bspline_profile:1257 |                      2     0.989    51637    1.00                  
    INFO | 2026-08-23 19:29:18 | fitting.py:bspline_profile:1257 |                      3     0.988    51637    1.00                  
    INFO | 2026-08-23 19:29:18 | fitting.py:bspline_profile:1272 |                   DONE     0.988    51637    1.00                  
    INFO | 2026-08-23 19:29:18 | fitting.py:bspline_profile:1275 | *******************************************************************
    INFO | 2026-08-23 19:29:18 | find_objects.py:global_skysub:583 | Global sky subtraction for slit: 140
    INFO | 2026-08-23 19:29:18 | skysub.py:global_skysub:195 | Full fit in global sky sub.
    INFO | 2026-08-23 19:29:18 | fitting.py:bspline_profile:1156 | B-spline fit:
    INFO | 2026-08-23 19:29:18 | fitting.py:bspline_profile:1157 |     npoly = 2 profile basis functions
    INFO | 2026-08-23 19:29:18 | fitting.py:bspline_profile:1158 |     ngood = 92422/144243 measurements
    INFO | 2026-08-23 19:29:18 | fitting.py:bspline_profile:1159 | ***************** Iter     Chi^2    N Rej  R. Fac *****************
    INFO | 2026-08-23 19:29:18 | fitting.py:bspline_profile:1163 |                   ----  --------  -------  ------                  
    INFO | 2026-08-23 19:29:18 | fitting.py:bspline_profile:1257 |                      1     0.994    51964    1.00                  
    INFO | 2026-08-23 19:29:18 | fitting.py:bspline_profile:1257 |                      2     0.973    51967    1.00                  
    INFO | 2026-08-23 19:29:19 | fitting.py:bspline_profile:1257 |                      3     0.973    51967    1.00                  
    INFO | 2026-08-23 19:29:19 | fitting.py:bspline_profile:1272 |                   DONE     0.973    51967    1.00                  
    INFO | 2026-08-23 19:29:19 | fitting.py:bspline_profile:1275 | *******************************************************************
    INFO | 2026-08-23 19:29:19 | find_objects.py:global_skysub:583 | Global sky subtraction for slit: 216
    INFO | 2026-08-23 19:29:19 | skysub.py:global_skysub:195 | Full fit in global sky sub.
    INFO | 2026-08-23 19:29:19 | fitting.py:bspline_profile:1156 | B-spline fit:
    INFO | 2026-08-23 19:29:19 | fitting.py:bspline_profile:1157 |     npoly = 2 profile basis functions
    INFO | 2026-08-23 19:29:19 | fitting.py:bspline_profile:1158 |     ngood = 92636/144460 measurements
    INFO | 2026-08-23 19:29:19 | fitting.py:bspline_profile:1159 | ***************** Iter     Chi^2    N Rej  R. Fac *****************
    INFO | 2026-08-23 19:29:19 | fitting.py:bspline_profile:1163 |                   ----  --------  -------  ------                  
    INFO | 2026-08-23 19:29:19 | fitting.py:bspline_profile:1257 |                      1     1.038    51995    1.00                  
    INFO | 2026-08-23 19:29:19 | fitting.py:bspline_profile:1257 |                      2     1.014    52000    1.00                  
    INFO | 2026-08-23 19:29:19 | fitting.py:bspline_profile:1257 |                      3     1.014    52000    1.00                  
    INFO | 2026-08-23 19:29:19 | fitting.py:bspline_profile:1272 |                   DONE     1.014    52000    1.00                  
    INFO | 2026-08-23 19:29:19 | fitting.py:bspline_profile:1275 | *******************************************************************
    INFO | 2026-08-23 19:29:19 | find_objects.py:global_skysub:583 | Global sky subtraction for slit: 294
    INFO | 2026-08-23 19:29:19 | skysub.py:global_skysub:195 | Full fit in global sky sub.
    INFO | 2026-08-23 19:29:19 | fitting.py:bspline_profile:1156 | B-spline fit:
    INFO | 2026-08-23 19:29:19 | fitting.py:bspline_profile:1157 |     npoly = 2 profile basis functions
    INFO | 2026-08-23 19:29:19 | fitting.py:bspline_profile:1158 |     ngood = 92470/144492 measurements
    INFO | 2026-08-23 19:29:19 | fitting.py:bspline_profile:1159 | ***************** Iter     Chi^2    N Rej  R. Fac *****************
    INFO | 2026-08-23 19:29:19 | fitting.py:bspline_profile:1163 |                   ----  --------  -------  ------                  
    INFO | 2026-08-23 19:29:19 | fitting.py:bspline_profile:1257 |                      1     1.351    52259    1.00                  
    INFO | 2026-08-23 19:29:20 | fitting.py:bspline_profile:1257 |                      2     0.972    52261    1.00                  
    INFO | 2026-08-23 19:29:20 | fitting.py:bspline_profile:1257 |                      3     0.972    52261    1.00                  
    INFO | 2026-08-23 19:29:20 | fitting.py:bspline_profile:1272 |                   DONE     0.972    52261    1.00                  
    INFO | 2026-08-23 19:29:20 | fitting.py:bspline_profile:1275 | *******************************************************************
    INFO | 2026-08-23 19:29:20 | find_objects.py:global_skysub:583 | Global sky subtraction for slit: 368
    INFO | 2026-08-23 19:29:20 | skysub.py:global_skysub:195 | Full fit in global sky sub.
    INFO | 2026-08-23 19:29:20 | fitting.py:bspline_profile:1156 | B-spline fit:
    INFO | 2026-08-23 19:29:20 | fitting.py:bspline_profile:1157 |     npoly = 2 profile basis functions
    INFO | 2026-08-23 19:29:20 | fitting.py:bspline_profile:1158 |     ngood = 92560/144531 measurements
    INFO | 2026-08-23 19:29:20 | fitting.py:bspline_profile:1159 | ***************** Iter     Chi^2    N Rej  R. Fac *****************
    INFO | 2026-08-23 19:29:20 | fitting.py:bspline_profile:1163 |                   ----  --------  -------  ------                  
    INFO | 2026-08-23 19:29:20 | fitting.py:bspline_profile:1257 |                      1     1.162    52110    1.00                  
    INFO | 2026-08-23 19:29:20 | fitting.py:bspline_profile:1257 |                      2     0.971    52110    1.00                  
    INFO | 2026-08-23 19:29:20 | fitting.py:bspline_profile:1272 |                   DONE     0.971    52110    1.00                  
    INFO | 2026-08-23 19:29:20 | fitting.py:bspline_profile:1275 | *******************************************************************
    INFO | 2026-08-23 19:29:20 | find_objects.py:global_skysub:583 | Global sky subtraction for slit: 443
    INFO | 2026-08-23 19:29:20 | skysub.py:global_skysub:195 | Full fit in global sky sub.
    INFO | 2026-08-23 19:29:20 | fitting.py:bspline_profile:1156 | B-spline fit:
    INFO | 2026-08-23 19:29:20 | fitting.py:bspline_profile:1157 |     npoly = 2 profile basis functions
    INFO | 2026-08-23 19:29:20 | fitting.py:bspline_profile:1158 |     ngood = 92538/144482 measurements
    INFO | 2026-08-23 19:29:20 | fitting.py:bspline_profile:1159 | ***************** Iter     Chi^2    N Rej  R. Fac *****************
    INFO | 2026-08-23 19:29:20 | fitting.py:bspline_profile:1163 |                   ----  --------  -------  ------                  
    INFO | 2026-08-23 19:29:21 | fitting.py:bspline_profile:1257 |                      1     0.984    52060    1.00                  
    INFO | 2026-08-23 19:29:21 | fitting.py:bspline_profile:1257 |                      2     0.968    52061    1.00                  
    INFO | 2026-08-23 19:29:21 | fitting.py:bspline_profile:1257 |                      3     0.968    52061    1.00                  
    INFO | 2026-08-23 19:29:21 | fitting.py:bspline_profile:1272 |                   DONE     0.968    52061    1.00                  
    INFO | 2026-08-23 19:29:21 | fitting.py:bspline_profile:1275 | *******************************************************************
    INFO | 2026-08-23 19:29:21 | find_objects.py:global_skysub:583 | Global sky subtraction for slit: 516
    INFO | 2026-08-23 19:29:21 | skysub.py:global_skysub:195 | Full fit in global sky sub.
    INFO | 2026-08-23 19:29:21 | fitting.py:bspline_profile:1156 | B-spline fit:
    INFO | 2026-08-23 19:29:21 | fitting.py:bspline_profile:1157 |     npoly = 2 profile basis functions
    INFO | 2026-08-23 19:29:21 | fitting.py:bspline_profile:1158 |     ngood = 92784/144444 measurements
    INFO | 2026-08-23 19:29:21 | fitting.py:bspline_profile:1159 | ***************** Iter     Chi^2    N Rej  R. Fac *****************
    INFO | 2026-08-23 19:29:21 | fitting.py:bspline_profile:1163 |                   ----  --------  -------  ------                  
    INFO | 2026-08-23 19:29:21 | fitting.py:bspline_profile:1257 |                      1     0.997    51775    1.00                  
    INFO | 2026-08-23 19:29:21 | fitting.py:bspline_profile:1257 |                      2     0.981    51776    1.00                  
    INFO | 2026-08-23 19:29:22 | fitting.py:bspline_profile:1257 |                      3     0.981    51776    1.00                  
    INFO | 2026-08-23 19:29:22 | fitting.py:bspline_profile:1272 |                   DONE     0.981    51776    1.00                  
    INFO | 2026-08-23 19:29:22 | fitting.py:bspline_profile:1275 | *******************************************************************
    INFO | 2026-08-23 19:29:22 | find_objects.py:global_skysub:583 | Global sky subtraction for slit: 590
    INFO | 2026-08-23 19:29:22 | skysub.py:global_skysub:195 | Full fit in global sky sub.
    INFO | 2026-08-23 19:29:22 | fitting.py:bspline_profile:1156 | B-spline fit:
    INFO | 2026-08-23 19:29:22 | fitting.py:bspline_profile:1157 |     npoly = 2 profile basis functions
    INFO | 2026-08-23 19:29:22 | fitting.py:bspline_profile:1158 |     ngood = 92695/144489 measurements
    INFO | 2026-08-23 19:29:22 | fitting.py:bspline_profile:1159 | ***************** Iter     Chi^2    N Rej  R. Fac *****************
    INFO | 2026-08-23 19:29:22 | fitting.py:bspline_profile:1163 |                   ----  --------  -------  ------                  
    INFO | 2026-08-23 19:29:22 | fitting.py:bspline_profile:1257 |                      1     0.989    51918    1.00                  
    INFO | 2026-08-23 19:29:22 | fitting.py:bspline_profile:1257 |                      2     0.972    51921    1.00                  
    INFO | 2026-08-23 19:29:22 | fitting.py:bspline_profile:1257 |                      3     0.972    51921    1.00                  
    INFO | 2026-08-23 19:29:22 | fitting.py:bspline_profile:1272 |                   DONE     0.972    51921    1.00                  
    INFO | 2026-08-23 19:29:22 | fitting.py:bspline_profile:1275 | *******************************************************************
    INFO | 2026-08-23 19:29:22 | find_objects.py:global_skysub:583 | Global sky subtraction for slit: 663
    INFO | 2026-08-23 19:29:22 | skysub.py:global_skysub:195 | Full fit in global sky sub.
    INFO | 2026-08-23 19:29:22 | fitting.py:bspline_profile:1156 | B-spline fit:
    INFO | 2026-08-23 19:29:22 | fitting.py:bspline_profile:1157 |     npoly = 2 profile basis functions
    INFO | 2026-08-23 19:29:22 | fitting.py:bspline_profile:1158 |     ngood = 92784/144545 measurements
    INFO | 2026-08-23 19:29:22 | fitting.py:bspline_profile:1159 | ***************** Iter     Chi^2    N Rej  R. Fac *****************
    INFO | 2026-08-23 19:29:22 | fitting.py:bspline_profile:1163 |                   ----  --------  -------  ------                  
    INFO | 2026-08-23 19:29:22 | fitting.py:bspline_profile:1257 |                      1     0.993    51899    1.00                  
    INFO | 2026-08-23 19:29:23 | fitting.py:bspline_profile:1257 |                      2     0.974    51901    1.00                  
    INFO | 2026-08-23 19:29:23 | fitting.py:bspline_profile:1257 |                      3     0.974    51901    1.00                  
    INFO | 2026-08-23 19:29:23 | fitting.py:bspline_profile:1272 |                   DONE     0.974    51901    1.00                  
    INFO | 2026-08-23 19:29:23 | fitting.py:bspline_profile:1275 | *******************************************************************
    INFO | 2026-08-23 19:29:23 | find_objects.py:global_skysub:583 | Global sky subtraction for slit: 737
    INFO | 2026-08-23 19:29:23 | skysub.py:global_skysub:195 | Full fit in global sky sub.
    INFO | 2026-08-23 19:29:23 | fitting.py:bspline_profile:1156 | B-spline fit:
    INFO | 2026-08-23 19:29:23 | fitting.py:bspline_profile:1157 |     npoly = 2 profile basis functions
    INFO | 2026-08-23 19:29:23 | fitting.py:bspline_profile:1158 |     ngood = 92716/144387 measurements
    INFO | 2026-08-23 19:29:23 | fitting.py:bspline_profile:1159 | ***************** Iter     Chi^2    N Rej  R. Fac *****************
    INFO | 2026-08-23 19:29:23 | fitting.py:bspline_profile:1163 |                   ----  --------  -------  ------                  
    INFO | 2026-08-23 19:29:23 | fitting.py:bspline_profile:1257 |                      1     1.002    51795    1.00                  
    INFO | 2026-08-23 19:29:23 | fitting.py:bspline_profile:1257 |                      2     0.984    51798    1.00                  
    INFO | 2026-08-23 19:29:23 | fitting.py:bspline_profile:1257 |                      3     0.984    51798    1.00                  
    INFO | 2026-08-23 19:29:23 | fitting.py:bspline_profile:1272 |                   DONE     0.984    51798    1.00                  
    INFO | 2026-08-23 19:29:23 | fitting.py:bspline_profile:1275 | *******************************************************************
    INFO | 2026-08-23 19:29:23 | find_objects.py:global_skysub:583 | Global sky subtraction for slit: 811
    INFO | 2026-08-23 19:29:24 | skysub.py:global_skysub:195 | Full fit in global sky sub.
    INFO | 2026-08-23 19:29:24 | fitting.py:bspline_profile:1156 | B-spline fit:
    INFO | 2026-08-23 19:29:24 | fitting.py:bspline_profile:1157 |     npoly = 2 profile basis functions
    INFO | 2026-08-23 19:29:24 | fitting.py:bspline_profile:1158 |     ngood = 92451/144286 measurements
    INFO | 2026-08-23 19:29:24 | fitting.py:bspline_profile:1159 | ***************** Iter     Chi^2    N Rej  R. Fac *****************
    INFO | 2026-08-23 19:29:24 | fitting.py:bspline_profile:1163 |                   ----  --------  -------  ------                  
    INFO | 2026-08-23 19:29:24 | fitting.py:bspline_profile:1257 |                      1     1.030    51982    1.00                  
    INFO | 2026-08-23 19:29:24 | fitting.py:bspline_profile:1257 |                      2     1.009    51988    1.00                  
    INFO | 2026-08-23 19:29:24 | fitting.py:bspline_profile:1257 |                      3     1.009    51988    1.00                  
    INFO | 2026-08-23 19:29:24 | fitting.py:bspline_profile:1272 |                   DONE     1.009    51988    1.00                  
    INFO | 2026-08-23 19:29:24 | fitting.py:bspline_profile:1275 | *******************************************************************
    INFO | 2026-08-23 19:29:24 | find_objects.py:global_skysub:583 | Global sky subtraction for slit: 885
    INFO | 2026-08-23 19:29:24 | skysub.py:global_skysub:195 | Full fit in global sky sub.
    INFO | 2026-08-23 19:29:24 | fitting.py:bspline_profile:1156 | B-spline fit:
    INFO | 2026-08-23 19:29:24 | fitting.py:bspline_profile:1157 |     npoly = 2 profile basis functions
    INFO | 2026-08-23 19:29:24 | fitting.py:bspline_profile:1158 |     ngood = 92249/144431 measurements
    INFO | 2026-08-23 19:29:24 | fitting.py:bspline_profile:1159 | ***************** Iter     Chi^2    N Rej  R. Fac *****************
    INFO | 2026-08-23 19:29:24 | fitting.py:bspline_profile:1163 |                   ----  --------  -------  ------                  
    INFO | 2026-08-23 19:29:24 | fitting.py:bspline_profile:1257 |                      1     1.947    55488    1.00                  
    INFO | 2026-08-23 19:29:25 | fitting.py:bspline_profile:1257 |                      2     1.387    55904    1.00                  
    INFO | 2026-08-23 19:29:25 | fitting.py:bspline_profile:1257 |                      3     1.336    55956    1.00                  
    INFO | 2026-08-23 19:29:25 | fitting.py:bspline_profile:1257 |                      4     1.329    55962    1.00                  
    INFO | 2026-08-23 19:29:25 | fitting.py:bspline_profile:1257 |                      5     1.329    55962    1.00                  
    INFO | 2026-08-23 19:29:25 | fitting.py:bspline_profile:1272 |                   DONE     1.329    55962    1.00                  
    INFO | 2026-08-23 19:29:25 | fitting.py:bspline_profile:1275 | *******************************************************************
    INFO | 2026-08-23 19:29:25 | find_objects.py:global_skysub:583 | Global sky subtraction for slit: 1163
    INFO | 2026-08-23 19:29:25 | skysub.py:global_skysub:195 | Full fit in global sky sub.
    INFO | 2026-08-23 19:29:25 | fitting.py:bspline_profile:1156 | B-spline fit:
    INFO | 2026-08-23 19:29:25 | fitting.py:bspline_profile:1157 |     npoly = 2 profile basis functions
    INFO | 2026-08-23 19:29:25 | fitting.py:bspline_profile:1158 |     ngood = 92468/144499 measurements
    INFO | 2026-08-23 19:29:25 | fitting.py:bspline_profile:1159 | ***************** Iter     Chi^2    N Rej  R. Fac *****************
    INFO | 2026-08-23 19:29:25 | fitting.py:bspline_profile:1163 |                   ----  --------  -------  ------                  
    INFO | 2026-08-23 19:29:25 | fitting.py:bspline_profile:1257 |                      1     1.327    52534    1.00                  
    INFO | 2026-08-23 19:29:26 | fitting.py:bspline_profile:1257 |                      2     1.128    52552    1.00                  
    INFO | 2026-08-23 19:29:26 | fitting.py:bspline_profile:1257 |                      3     1.126    52552    1.00                  
    INFO | 2026-08-23 19:29:26 | fitting.py:bspline_profile:1272 |                   DONE     1.126    52552    1.00                  
    INFO | 2026-08-23 19:29:26 | fitting.py:bspline_profile:1275 | *******************************************************************
    INFO | 2026-08-23 19:29:26 | find_objects.py:global_skysub:583 | Global sky subtraction for slit: 1237
    INFO | 2026-08-23 19:29:26 | skysub.py:global_skysub:195 | Full fit in global sky sub.
    INFO | 2026-08-23 19:29:26 | fitting.py:bspline_profile:1156 | B-spline fit:
    INFO | 2026-08-23 19:29:26 | fitting.py:bspline_profile:1157 |     npoly = 2 profile basis functions
    INFO | 2026-08-23 19:29:26 | fitting.py:bspline_profile:1158 |     ngood = 91897/144471 measurements
    INFO | 2026-08-23 19:29:26 | fitting.py:bspline_profile:1159 | ***************** Iter     Chi^2    N Rej  R. Fac *****************
    INFO | 2026-08-23 19:29:26 | fitting.py:bspline_profile:1163 |                   ----  --------  -------  ------                  
    INFO | 2026-08-23 19:29:26 | fitting.py:bspline_profile:1257 |                      1     1.198    52821    1.00                  
    INFO | 2026-08-23 19:29:26 | fitting.py:bspline_profile:1257 |                      2     1.012    52830    1.00                  
    INFO | 2026-08-23 19:29:26 | fitting.py:bspline_profile:1257 |                      3     1.010    52830    1.00                  
    INFO | 2026-08-23 19:29:26 | fitting.py:bspline_profile:1272 |                   DONE     1.010    52830    1.00                  
    INFO | 2026-08-23 19:29:26 | fitting.py:bspline_profile:1275 | *******************************************************************
    INFO | 2026-08-23 19:29:26 | find_objects.py:global_skysub:583 | Global sky subtraction for slit: 1311
    INFO | 2026-08-23 19:29:26 | skysub.py:global_skysub:195 | Full fit in global sky sub.
    INFO | 2026-08-23 19:29:26 | fitting.py:bspline_profile:1156 | B-spline fit:
    INFO | 2026-08-23 19:29:26 | fitting.py:bspline_profile:1157 |     npoly = 2 profile basis functions
    INFO | 2026-08-23 19:29:26 | fitting.py:bspline_profile:1158 |     ngood = 92739/144445 measurements
    INFO | 2026-08-23 19:29:26 | fitting.py:bspline_profile:1159 | ***************** Iter     Chi^2    N Rej  R. Fac *****************
    INFO | 2026-08-23 19:29:26 | fitting.py:bspline_profile:1163 |                   ----  --------  -------  ------                  
    INFO | 2026-08-23 19:29:27 | fitting.py:bspline_profile:1257 |                      1     1.045    51889    1.00                  
    INFO | 2026-08-23 19:29:27 | fitting.py:bspline_profile:1257 |                      2     1.019    51890    1.00                  
    INFO | 2026-08-23 19:29:27 | fitting.py:bspline_profile:1257 |                      3     1.019    51890    1.00                  
    INFO | 2026-08-23 19:29:27 | fitting.py:bspline_profile:1272 |                   DONE     1.019    51890    1.00                  
    INFO | 2026-08-23 19:29:27 | fitting.py:bspline_profile:1275 | *******************************************************************
    INFO | 2026-08-23 19:29:27 | find_objects.py:global_skysub:583 | Global sky subtraction for slit: 1385
    INFO | 2026-08-23 19:29:27 | skysub.py:global_skysub:195 | Full fit in global sky sub.
    INFO | 2026-08-23 19:29:27 | fitting.py:bspline_profile:1156 | B-spline fit:
    INFO | 2026-08-23 19:29:27 | fitting.py:bspline_profile:1157 |     npoly = 2 profile basis functions
    INFO | 2026-08-23 19:29:27 | fitting.py:bspline_profile:1158 |     ngood = 92394/144480 measurements
    INFO | 2026-08-23 19:29:27 | fitting.py:bspline_profile:1159 | ***************** Iter     Chi^2    N Rej  R. Fac *****************
    INFO | 2026-08-23 19:29:27 | fitting.py:bspline_profile:1163 |                   ----  --------  -------  ------                  
    INFO | 2026-08-23 19:29:27 | fitting.py:bspline_profile:1257 |                      1     3.385    59367    1.00                  
    INFO | 2026-08-23 19:29:27 | fitting.py:bspline_profile:1257 |                      2     1.324    60262    1.00                  
    INFO | 2026-08-23 19:29:28 | fitting.py:bspline_profile:1257 |                      3     1.193    60387    1.00                  
    INFO | 2026-08-23 19:29:28 | fitting.py:bspline_profile:1257 |                      4     1.178    60398    1.00                  
    INFO | 2026-08-23 19:29:28 | fitting.py:bspline_profile:1257 |                      5     1.177    60400    1.00                  
    INFO | 2026-08-23 19:29:28 | fitting.py:bspline_profile:1257 |                      6     1.176    60401    1.00                  
    INFO | 2026-08-23 19:29:28 | fitting.py:bspline_profile:1257 |                      7     1.176    60401    1.00                  
    INFO | 2026-08-23 19:29:28 | fitting.py:bspline_profile:1272 |                   DONE     1.176    60401    1.00                  
    INFO | 2026-08-23 19:29:28 | fitting.py:bspline_profile:1275 | *******************************************************************
    INFO | 2026-08-23 19:29:28 | find_objects.py:global_skysub:583 | Global sky subtraction for slit: 1458
    INFO | 2026-08-23 19:29:28 | skysub.py:global_skysub:195 | Full fit in global sky sub.
    INFO | 2026-08-23 19:29:28 | fitting.py:bspline_profile:1156 | B-spline fit:
    INFO | 2026-08-23 19:29:28 | fitting.py:bspline_profile:1157 |     npoly = 2 profile basis functions
    INFO | 2026-08-23 19:29:28 | fitting.py:bspline_profile:1158 |     ngood = 92305/143981 measurements
    INFO | 2026-08-23 19:29:28 | fitting.py:bspline_profile:1159 | ***************** Iter     Chi^2    N Rej  R. Fac *****************
    INFO | 2026-08-23 19:29:28 | fitting.py:bspline_profile:1163 |                   ----  --------  -------  ------                  
    INFO | 2026-08-23 19:29:29 | fitting.py:bspline_profile:1257 |                      1     1.136    51994    1.00                  
    INFO | 2026-08-23 19:29:29 | fitting.py:bspline_profile:1257 |                      2     1.092    52007    1.00                  
    INFO | 2026-08-23 19:29:29 | fitting.py:bspline_profile:1257 |                      3     1.090    52007    1.00                  
    INFO | 2026-08-23 19:29:29 | fitting.py:bspline_profile:1272 |                   DONE     1.090    52007    1.00                  
    INFO | 2026-08-23 19:29:29 | fitting.py:bspline_profile:1275 | *******************************************************************
    INFO | 2026-08-23 19:29:29 | find_objects.py:global_skysub:583 | Global sky subtraction for slit: 1533
    INFO | 2026-08-23 19:29:29 | skysub.py:global_skysub:195 | Full fit in global sky sub.
    INFO | 2026-08-23 19:29:29 | fitting.py:bspline_profile:1156 | B-spline fit:
    INFO | 2026-08-23 19:29:29 | fitting.py:bspline_profile:1157 |     npoly = 2 profile basis functions
    INFO | 2026-08-23 19:29:29 | fitting.py:bspline_profile:1158 |     ngood = 92266/144358 measurements
    INFO | 2026-08-23 19:29:29 | fitting.py:bspline_profile:1159 | ***************** Iter     Chi^2    N Rej  R. Fac *****************
    INFO | 2026-08-23 19:29:29 | fitting.py:bspline_profile:1163 |                   ----  --------  -------  ------                  
    INFO | 2026-08-23 19:29:29 | fitting.py:bspline_profile:1257 |                      1     1.044    52251    1.00                  
    INFO | 2026-08-23 19:29:30 | fitting.py:bspline_profile:1257 |                      2     0.982    52251    1.00                  
    INFO | 2026-08-23 19:29:30 | fitting.py:bspline_profile:1272 |                   DONE     0.982    52251    1.00                  
    INFO | 2026-08-23 19:29:30 | fitting.py:bspline_profile:1275 | *******************************************************************
    INFO | 2026-08-23 19:29:30 | find_objects.py:global_skysub:583 | Global sky subtraction for slit: 1606
    INFO | 2026-08-23 19:29:30 | skysub.py:global_skysub:195 | Full fit in global sky sub.
    INFO | 2026-08-23 19:29:30 | fitting.py:bspline_profile:1156 | B-spline fit:
    INFO | 2026-08-23 19:29:30 | fitting.py:bspline_profile:1157 |     npoly = 2 profile basis functions
    INFO | 2026-08-23 19:29:30 | fitting.py:bspline_profile:1158 |     ngood = 92573/144314 measurements
    INFO | 2026-08-23 19:29:30 | fitting.py:bspline_profile:1159 | ***************** Iter     Chi^2    N Rej  R. Fac *****************
    INFO | 2026-08-23 19:29:30 | fitting.py:bspline_profile:1163 |                   ----  --------  -------  ------                  
    INFO | 2026-08-23 19:29:30 | fitting.py:bspline_profile:1257 |                      1     1.060    51946    1.00                  
    INFO | 2026-08-23 19:29:30 | fitting.py:bspline_profile:1257 |                      2     1.031    51952    1.00                  
    INFO | 2026-08-23 19:29:30 | fitting.py:bspline_profile:1257 |                      3     1.030    51952    1.00                  
    INFO | 2026-08-23 19:29:30 | fitting.py:bspline_profile:1272 |                   DONE     1.030    51952    1.00                  
    INFO | 2026-08-23 19:29:30 | fitting.py:bspline_profile:1275 | *******************************************************************
    INFO | 2026-08-23 19:29:30 | find_objects.py:global_skysub:583 | Global sky subtraction for slit: 1682
    INFO | 2026-08-23 19:29:30 | skysub.py:global_skysub:195 | Full fit in global sky sub.
    INFO | 2026-08-23 19:29:30 | fitting.py:bspline_profile:1156 | B-spline fit:
    INFO | 2026-08-23 19:29:30 | fitting.py:bspline_profile:1157 |     npoly = 2 profile basis functions
    INFO | 2026-08-23 19:29:30 | fitting.py:bspline_profile:1158 |     ngood = 92458/144135 measurements
    INFO | 2026-08-23 19:29:30 | fitting.py:bspline_profile:1159 | ***************** Iter     Chi^2    N Rej  R. Fac *****************
    INFO | 2026-08-23 19:29:30 | fitting.py:bspline_profile:1163 |                   ----  --------  -------  ------                  
    INFO | 2026-08-23 19:29:30 | fitting.py:bspline_profile:1257 |                      1     1.606    53970    1.00                  
    INFO | 2026-08-23 19:29:31 | fitting.py:bspline_profile:1257 |                      2     1.142    54256    1.00                  
    INFO | 2026-08-23 19:29:31 | fitting.py:bspline_profile:1257 |                      3     1.106    54275    1.00                  
    INFO | 2026-08-23 19:29:31 | fitting.py:bspline_profile:1257 |                      4     1.104    54275    1.00                  
    INFO | 2026-08-23 19:29:31 | fitting.py:bspline_profile:1272 |                   DONE     1.104    54275    1.00                  
    INFO | 2026-08-23 19:29:31 | fitting.py:bspline_profile:1275 | *******************************************************************
    INFO | 2026-08-23 19:29:31 | find_objects.py:global_skysub:583 | Global sky subtraction for slit: 1757
    INFO | 2026-08-23 19:29:31 | skysub.py:global_skysub:195 | Full fit in global sky sub.
    INFO | 2026-08-23 19:29:31 | fitting.py:bspline_profile:1156 | B-spline fit:
    INFO | 2026-08-23 19:29:31 | fitting.py:bspline_profile:1157 |     npoly = 2 profile basis functions
    INFO | 2026-08-23 19:29:31 | fitting.py:bspline_profile:1158 |     ngood = 92070/143857 measurements
    INFO | 2026-08-23 19:29:31 | fitting.py:bspline_profile:1159 | ***************** Iter     Chi^2    N Rej  R. Fac *****************
    INFO | 2026-08-23 19:29:31 | fitting.py:bspline_profile:1163 |                   ----  --------  -------  ------                  
    INFO | 2026-08-23 19:29:31 | fitting.py:bspline_profile:1257 |                      1     0.999    51933    1.00                  
    INFO | 2026-08-23 19:29:31 | fitting.py:bspline_profile:1257 |                      2     0.978    51938    1.00                  
    INFO | 2026-08-23 19:29:32 | fitting.py:bspline_profile:1257 |                      3     0.977    51938    1.00                  
    INFO | 2026-08-23 19:29:32 | fitting.py:bspline_profile:1272 |                   DONE     0.977    51938    1.00                  
    INFO | 2026-08-23 19:29:32 | fitting.py:bspline_profile:1275 | *******************************************************************
    INFO | 2026-08-23 19:29:32 | find_objects.py:global_skysub:583 | Global sky subtraction for slit: 1836
    INFO | 2026-08-23 19:29:32 | skysub.py:global_skysub:195 | Full fit in global sky sub.
    INFO | 2026-08-23 19:29:32 | fitting.py:bspline_profile:1156 | B-spline fit:
    INFO | 2026-08-23 19:29:32 | fitting.py:bspline_profile:1157 |     npoly = 2 profile basis functions
    INFO | 2026-08-23 19:29:32 | fitting.py:bspline_profile:1158 |     ngood = 92404/144141 measurements
    INFO | 2026-08-23 19:29:32 | fitting.py:bspline_profile:1159 | ***************** Iter     Chi^2    N Rej  R. Fac *****************
    INFO | 2026-08-23 19:29:32 | fitting.py:bspline_profile:1163 |                   ----  --------  -------  ------                  
    INFO | 2026-08-23 19:29:32 | fitting.py:bspline_profile:1257 |                      1     1.009    51871    1.00                  
    INFO | 2026-08-23 19:29:32 | fitting.py:bspline_profile:1257 |                      2     0.989    51872    1.00                  
    INFO | 2026-08-23 19:29:32 | fitting.py:bspline_profile:1257 |                      3     0.989    51872    1.00                  
    INFO | 2026-08-23 19:29:32 | fitting.py:bspline_profile:1272 |                   DONE     0.989    51872    1.00                  
    INFO | 2026-08-23 19:29:32 | fitting.py:bspline_profile:1275 | *******************************************************************
    INFO | 2026-08-23 19:29:32 | find_objects.py:global_skysub:583 | Global sky subtraction for slit: 1913
    INFO | 2026-08-23 19:29:32 | skysub.py:global_skysub:195 | Full fit in global sky sub.
    INFO | 2026-08-23 19:29:32 | fitting.py:bspline_profile:1156 | B-spline fit:
    INFO | 2026-08-23 19:29:32 | fitting.py:bspline_profile:1157 |     npoly = 2 profile basis functions
    INFO | 2026-08-23 19:29:32 | fitting.py:bspline_profile:1158 |     ngood = 92277/143900 measurements
    INFO | 2026-08-23 19:29:32 | fitting.py:bspline_profile:1159 | ***************** Iter     Chi^2    N Rej  R. Fac *****************
    INFO | 2026-08-23 19:29:32 | fitting.py:bspline_profile:1163 |                   ----  --------  -------  ------                  
    INFO | 2026-08-23 19:29:33 | fitting.py:bspline_profile:1257 |                      1     1.058    51793    1.00                  
    INFO | 2026-08-23 19:29:33 | fitting.py:bspline_profile:1257 |                      2     0.984    51793    1.00                  
    INFO | 2026-08-23 19:29:33 | fitting.py:bspline_profile:1272 |                   DONE     0.984    51793    1.00                  
    INFO | 2026-08-23 19:29:33 | fitting.py:bspline_profile:1275 | *******************************************************************
    INFO | 2026-08-23 19:29:33 | find_objects.py:global_skysub:583 | Global sky subtraction for slit: 1995
    INFO | 2026-08-23 19:29:33 | skysub.py:global_skysub:195 | Full fit in global sky sub.
    INFO | 2026-08-23 19:29:33 | fitting.py:bspline_profile:1156 | B-spline fit:
    INFO | 2026-08-23 19:29:33 | fitting.py:bspline_profile:1157 |     npoly = 2 profile basis functions
    INFO | 2026-08-23 19:29:33 | fitting.py:bspline_profile:1158 |     ngood = 91540/143290 measurements
    INFO | 2026-08-23 19:29:33 | fitting.py:bspline_profile:1159 | ***************** Iter     Chi^2    N Rej  R. Fac *****************
    INFO | 2026-08-23 19:29:33 | fitting.py:bspline_profile:1163 |                   ----  --------  -------  ------                  
    INFO | 2026-08-23 19:29:33 | fitting.py:bspline_profile:1257 |                      1     1.004    51890    1.00                  
    INFO | 2026-08-23 19:29:33 | fitting.py:bspline_profile:1257 |                      2     0.984    51894    1.00                  
    INFO | 2026-08-23 19:29:33 | fitting.py:bspline_profile:1257 |                      3     0.983    51894    1.00                  
    INFO | 2026-08-23 19:29:33 | fitting.py:bspline_profile:1272 |                   DONE     0.983    51894    1.00                  
    INFO | 2026-08-23 19:29:33 | fitting.py:bspline_profile:1275 | *******************************************************************
    INFO | 2026-08-23 19:29:33 | find_objects.py:find_objects_pypeline:788 | Finding objects on slit # 60
    INFO | 2026-08-23 19:29:34 | findobj_skymask.py:objs_in_slit:2095 | No objects found automatically.  Consider manual extraction.
    INFO | 2026-08-23 19:29:34 | find_objects.py:find_objects_pypeline:788 | Finding objects on slit # 140
    INFO | 2026-08-23 19:29:34 | findobj_skymask.py:objs_in_slit:2095 | No objects found automatically.  Consider manual extraction.
    INFO | 2026-08-23 19:29:34 | find_objects.py:find_objects_pypeline:788 | Finding objects on slit # 216
    INFO | 2026-08-23 19:29:34 | findobj_skymask.py:objs_in_slit:2073 | Using slit edges as crutch for object tracing
    INFO | 2026-08-23 19:29:34 | findobj_skymask.py:objs_in_slit:2098 | Automatic finding routine found 1 objects
    INFO | 2026-08-23 19:29:34 | findobj_skymask.py:objs_in_slit:2102 | Fitting the traces
 WARNING | 2026-08-23 19:29:34 | polyutils.py:_fit:662 | RankWarning: The fit may be poorly conditioned
    INFO | 2026-08-23 19:29:34 | findobj_skymask.py:objs_in_slit:2254 | Successfully traced a total of 1 objects
    INFO | 2026-08-23 19:29:34 | find_objects.py:find_objects_pypeline:788 | Finding objects on slit # 294
    INFO | 2026-08-23 19:29:35 | findobj_skymask.py:objs_in_slit:2095 | No objects found automatically.  Consider manual extraction.
    INFO | 2026-08-23 19:29:35 | find_objects.py:find_objects_pypeline:788 | Finding objects on slit # 368
    INFO | 2026-08-23 19:29:35 | findobj_skymask.py:objs_in_slit:2095 | No objects found automatically.  Consider manual extraction.
    INFO | 2026-08-23 19:29:35 | find_objects.py:find_objects_pypeline:788 | Finding objects on slit # 443
    INFO | 2026-08-23 19:29:35 | findobj_skymask.py:objs_in_slit:2095 | No objects found automatically.  Consider manual extraction.
    INFO | 2026-08-23 19:29:35 | find_objects.py:find_objects_pypeline:788 | Finding objects on slit # 516
    INFO | 2026-08-23 19:29:35 | findobj_skymask.py:objs_in_slit:2095 | No objects found automatically.  Consider manual extraction.
    INFO | 2026-08-23 19:29:35 | find_objects.py:find_objects_pypeline:788 | Finding objects on slit # 590
    INFO | 2026-08-23 19:29:36 | findobj_skymask.py:objs_in_slit:2095 | No objects found automatically.  Consider manual extraction.
    INFO | 2026-08-23 19:29:36 | find_objects.py:find_objects_pypeline:788 | Finding objects on slit # 663
    INFO | 2026-08-23 19:29:36 | findobj_skymask.py:objs_in_slit:2073 | Using slit edges as crutch for object tracing
    INFO | 2026-08-23 19:29:36 | findobj_skymask.py:objs_in_slit:2098 | Automatic finding routine found 1 objects
    INFO | 2026-08-23 19:29:36 | findobj_skymask.py:objs_in_slit:2102 | Fitting the traces
 WARNING | 2026-08-23 19:29:36 | polyutils.py:_fit:662 | RankWarning: The fit may be poorly conditioned
    INFO | 2026-08-23 19:29:36 | findobj_skymask.py:objs_in_slit:2254 | Successfully traced a total of 1 objects
    INFO | 2026-08-23 19:29:36 | find_objects.py:find_objects_pypeline:788 | Finding objects on slit # 737
    INFO | 2026-08-23 19:29:36 | findobj_skymask.py:objs_in_slit:2073 | Using slit edges as crutch for object tracing
    INFO | 2026-08-23 19:29:36 | findobj_skymask.py:objs_in_slit:2098 | Automatic finding routine found 1 objects
    INFO | 2026-08-23 19:29:36 | findobj_skymask.py:objs_in_slit:2102 | Fitting the traces
 WARNING | 2026-08-23 19:29:36 | polyutils.py:_fit:662 | RankWarning: The fit may be poorly conditioned
    INFO | 2026-08-23 19:29:36 | findobj_skymask.py:objs_in_slit:2254 | Successfully traced a total of 1 objects
    INFO | 2026-08-23 19:29:36 | find_objects.py:find_objects_pypeline:788 | Finding objects on slit # 811
    INFO | 2026-08-23 19:29:37 | findobj_skymask.py:objs_in_slit:2073 | Using slit edges as crutch for object tracing
    INFO | 2026-08-23 19:29:37 | findobj_skymask.py:objs_in_slit:2098 | Automatic finding routine found 1 objects
    INFO | 2026-08-23 19:29:37 | findobj_skymask.py:objs_in_slit:2102 | Fitting the traces
 WARNING | 2026-08-23 19:29:37 | polyutils.py:_fit:662 | RankWarning: The fit may be poorly conditioned
    INFO | 2026-08-23 19:29:37 | findobj_skymask.py:objs_in_slit:2254 | Successfully traced a total of 1 objects
    INFO | 2026-08-23 19:29:37 | find_objects.py:find_objects_pypeline:788 | Finding objects on slit # 885
    INFO | 2026-08-23 19:29:37 | findobj_skymask.py:objs_in_slit:2073 | Using slit edges as crutch for object tracing
    INFO | 2026-08-23 19:29:37 | findobj_skymask.py:objs_in_slit:2098 | Automatic finding routine found 2 objects
    INFO | 2026-08-23 19:29:37 | findobj_skymask.py:objs_in_slit:2102 | Fitting the traces
 WARNING | 2026-08-23 19:29:37 | polyutils.py:_fit:662 | RankWarning: The fit may be poorly conditioned
    INFO | 2026-08-23 19:29:37 | findobj_skymask.py:objs_in_slit:2254 | Successfully traced a total of 2 objects
    INFO | 2026-08-23 19:29:37 | find_objects.py:find_objects_pypeline:788 | Finding objects on slit # 1163
    INFO | 2026-08-23 19:29:38 | findobj_skymask.py:objs_in_slit:2073 | Using slit edges as crutch for object tracing
    INFO | 2026-08-23 19:29:38 | findobj_skymask.py:objs_in_slit:2098 | Automatic finding routine found 1 objects
    INFO | 2026-08-23 19:29:38 | findobj_skymask.py:objs_in_slit:2102 | Fitting the traces
 WARNING | 2026-08-23 19:29:38 | polyutils.py:_fit:662 | RankWarning: The fit may be poorly conditioned
    INFO | 2026-08-23 19:29:38 | findobj_skymask.py:objs_in_slit:2254 | Successfully traced a total of 1 objects
    INFO | 2026-08-23 19:29:38 | find_objects.py:find_objects_pypeline:788 | Finding objects on slit # 1237
    INFO | 2026-08-23 19:29:38 | findobj_skymask.py:objs_in_slit:2073 | Using slit edges as crutch for object tracing
    INFO | 2026-08-23 19:29:38 | findobj_skymask.py:objs_in_slit:2098 | Automatic finding routine found 1 objects
    INFO | 2026-08-23 19:29:38 | findobj_skymask.py:objs_in_slit:2102 | Fitting the traces
 WARNING | 2026-08-23 19:29:38 | polyutils.py:_fit:662 | RankWarning: The fit may be poorly conditioned
    INFO | 2026-08-23 19:29:38 | findobj_skymask.py:objs_in_slit:2254 | Successfully traced a total of 1 objects
    INFO | 2026-08-23 19:29:38 | find_objects.py:find_objects_pypeline:788 | Finding objects on slit # 1311
    INFO | 2026-08-23 19:29:39 | findobj_skymask.py:objs_in_slit:2073 | Using slit edges as crutch for object tracing
    INFO | 2026-08-23 19:29:39 | findobj_skymask.py:objs_in_slit:2098 | Automatic finding routine found 1 objects
    INFO | 2026-08-23 19:29:39 | findobj_skymask.py:objs_in_slit:2102 | Fitting the traces
 WARNING | 2026-08-23 19:29:39 | polyutils.py:_fit:662 | RankWarning: The fit may be poorly conditioned
    INFO | 2026-08-23 19:29:39 | findobj_skymask.py:objs_in_slit:2254 | Successfully traced a total of 1 objects
    INFO | 2026-08-23 19:29:39 | find_objects.py:find_objects_pypeline:788 | Finding objects on slit # 1385
    INFO | 2026-08-23 19:29:39 | findobj_skymask.py:objs_in_slit:2073 | Using slit edges as crutch for object tracing
    INFO | 2026-08-23 19:29:39 | findobj_skymask.py:objs_in_slit:2098 | Automatic finding routine found 2 objects
    INFO | 2026-08-23 19:29:39 | findobj_skymask.py:objs_in_slit:2102 | Fitting the traces
 WARNING | 2026-08-23 19:29:39 | polyutils.py:_fit:662 | RankWarning: The fit may be poorly conditioned
    INFO | 2026-08-23 19:29:39 | findobj_skymask.py:objs_in_slit:2254 | Successfully traced a total of 2 objects
    INFO | 2026-08-23 19:29:39 | find_objects.py:find_objects_pypeline:788 | Finding objects on slit # 1458
    INFO | 2026-08-23 19:29:39 | findobj_skymask.py:objs_in_slit:2073 | Using slit edges as crutch for object tracing
    INFO | 2026-08-23 19:29:39 | findobj_skymask.py:objs_in_slit:2098 | Automatic finding routine found 2 objects
    INFO | 2026-08-23 19:29:39 | findobj_skymask.py:objs_in_slit:2102 | Fitting the traces
 WARNING | 2026-08-23 19:29:39 | polyutils.py:_fit:662 | RankWarning: The fit may be poorly conditioned
    INFO | 2026-08-23 19:29:40 | findobj_skymask.py:objs_in_slit:2254 | Successfully traced a total of 2 objects
    INFO | 2026-08-23 19:29:40 | find_objects.py:find_objects_pypeline:788 | Finding objects on slit # 1533
    INFO | 2026-08-23 19:29:40 | findobj_skymask.py:objs_in_slit:2095 | No objects found automatically.  Consider manual extraction.
    INFO | 2026-08-23 19:29:40 | find_objects.py:find_objects_pypeline:788 | Finding objects on slit # 1606
 WARNING | 2026-08-23 19:29:40 | findobj_skymask.py:objs_in_slit:2000 | Discarding 1 at spatial pixels spat = [67.45890065] which land within trim_edg = (left, right) = [5, 5] pixels from the slit boundary for this nsamp = 70.00 wide slit
 WARNING | 2026-08-23 19:29:40 | findobj_skymask.py:objs_in_slit:2004 | You must decrease from the current value of trim_edg in order to keep them
 WARNING | 2026-08-23 19:29:40 | findobj_skymask.py:objs_in_slit:2005 | Such edge objects are often spurious
    INFO | 2026-08-23 19:29:40 | findobj_skymask.py:objs_in_slit:2095 | No objects found automatically.  Consider manual extraction.
    INFO | 2026-08-23 19:29:40 | find_objects.py:find_objects_pypeline:788 | Finding objects on slit # 1682
 WARNING | 2026-08-23 19:29:40 | findobj_skymask.py:objs_in_slit:2000 | Discarding 1 at spatial pixels spat = [66.96662727] which land within trim_edg = (left, right) = [5, 5] pixels from the slit boundary for this nsamp = 70.00 wide slit
 WARNING | 2026-08-23 19:29:40 | findobj_skymask.py:objs_in_slit:2004 | You must decrease from the current value of trim_edg in order to keep them
 WARNING | 2026-08-23 19:29:40 | findobj_skymask.py:objs_in_slit:2005 | Such edge objects are often spurious
    INFO | 2026-08-23 19:29:41 | findobj_skymask.py:objs_in_slit:2095 | No objects found automatically.  Consider manual extraction.
    INFO | 2026-08-23 19:29:41 | find_objects.py:find_objects_pypeline:788 | Finding objects on slit # 1757
    INFO | 2026-08-23 19:29:41 | findobj_skymask.py:objs_in_slit:2095 | No objects found automatically.  Consider manual extraction.
    INFO | 2026-08-23 19:29:41 | find_objects.py:find_objects_pypeline:788 | Finding objects on slit # 1836
    INFO | 2026-08-23 19:29:41 | findobj_skymask.py:objs_in_slit:2095 | No objects found automatically.  Consider manual extraction.
    INFO | 2026-08-23 19:29:41 | find_objects.py:find_objects_pypeline:788 | Finding objects on slit # 1913
    INFO | 2026-08-23 19:29:41 | findobj_skymask.py:objs_in_slit:2095 | No objects found automatically.  Consider manual extraction.
    INFO | 2026-08-23 19:29:41 | find_objects.py:find_objects_pypeline:788 | Finding objects on slit # 1995
    INFO | 2026-08-23 19:29:41 | findobj_skymask.py:objs_in_slit:2095 | No objects found automatically.  Consider manual extraction.
    INFO | 2026-08-23 19:29:41 | find_objects.py:run:373 | Either no objects were found or a user-provided sky mask was used.  Skipping second pass of sky-subtraction and object finding.
    INFO | 2026-08-23 19:29:42 | datamodel.py:from_file:1558 | Loading BiasImage from /Users/kaiwenzhang/PycharmProjects/KCWI/KCWI_RED_channel_characterization/RH1 pypeit run/2023-11-07/pypeit_run/keck_kcrm_B/Calibrations/Bias_B_1_DET01.fits
 WARNING | 2026-08-23 19:29:42 | calibrations.py:get_dark:606 | No raw dark frames found and unable to identify a relevant processed calibration frame.  Continuing...
    INFO | 2026-08-23 19:29:42 | keck_kcwi.py:get_rawimage:1426 | Reading KCWI file: /Users/kaiwenzhang/PycharmProjects/KCWI/KCWI_RED_channel_characterization/fits/by_night/RH1/2023-11-07/KR.20231108.54678.43.fits
    INFO | 2026-08-23 19:29:42 | datamodel.py:from_file:1558 | Loading ArcImage from /Users/kaiwenzhang/PycharmProjects/KCWI/KCWI_RED_channel_characterization/RH1 pypeit run/2023-11-07/pypeit_run/keck_kcrm_B/Calibrations/Arc_B_1_DET01.fits
    INFO | 2026-08-23 19:29:42 | datamodel.py:from_file:1558 | Loading TiltImage from /Users/kaiwenzhang/PycharmProjects/KCWI/KCWI_RED_channel_characterization/RH1 pypeit run/2023-11-07/pypeit_run/keck_kcrm_B/Calibrations/Tiltimg_B_1_DET01.fits
    INFO | 2026-08-23 19:29:42 | datamodel.py:from_file:1558 | Loading SlitTraceSet from /Users/kaiwenzhang/PycharmProjects/KCWI/KCWI_RED_channel_characterization/RH1 pypeit run/2023-11-07/pypeit_run/keck_kcrm_B/Calibrations/Slits_B_1_DET01.fits.gz
    INFO | 2026-08-23 19:29:42 | datamodel.py:from_file:1558 | Loading WaveCalib from /Users/kaiwenzhang/PycharmProjects/KCWI/KCWI_RED_channel_characterization/RH1 pypeit run/2023-11-07/pypeit_run/keck_kcrm_B/Calibrations/WaveCalib_B_1_DET01.fits
    INFO | 2026-08-23 19:29:42 | datamodel.py:from_file:1558 | Loading WaveTilts from /Users/kaiwenzhang/PycharmProjects/KCWI/KCWI_RED_channel_characterization/RH1 pypeit run/2023-11-07/pypeit_run/keck_kcrm_B/Calibrations/Tilts_B_1_DET01.fits
    INFO | 2026-08-23 19:29:42 | datamodel.py:from_file:1558 | Loading Alignments from /Users/kaiwenzhang/PycharmProjects/KCWI/KCWI_RED_channel_characterization/RH1 pypeit run/2023-11-07/pypeit_run/keck_kcrm_B/Calibrations/Alignment_B_1_DET01.fits
    INFO | 2026-08-23 19:29:42 | datamodel.py:from_file:1558 | Loading ScatteredLight from /Users/kaiwenzhang/PycharmProjects/KCWI/KCWI_RED_channel_characterization/RH1 pypeit run/2023-11-07/pypeit_run/keck_kcrm_B/Calibrations/ScatteredLight_B_1_DET01.fits.gz
    INFO | 2026-08-23 19:29:42 | datamodel.py:from_file:1558 | Loading FlatImages from /Users/kaiwenzhang/PycharmProjects/KCWI/KCWI_RED_channel_characterization/RH1 pypeit run/2023-11-07/pypeit_run/keck_kcrm_B/Calibrations/Flat_B_1_DET01.fits
    INFO | 2026-08-23 19:29:43 | calibrations.py:run_the_steps:1459 | Calibration complete and/or fully loaded!
    INFO | 2026-08-23 19:29:43 | calibrations.py:run_the_steps:1460 | #######################################################################
    INFO | 2026-08-23 19:29:43 | pypeit_steps.py:extract_det:732 | Extraction skipped for KR.20231108.54678.43-g191b2b_KCRM_20231108T151118.413 on det=1
    INFO | 2026-08-23 19:29:43 | wavetilts.py:fit2tiltimg:143 | Generating a tilts image from the fit parameters
    INFO | 2026-08-23 19:29:49 | pypeit_steps.py:refframe_correct:906 | Performing a heliocentric correction
    INFO | 2026-08-23 19:29:49 | pypeit_steps.py:refframe_correct:915 | Applying heliocentric correction = 14.44260 km/s
    INFO | 2026-08-23 19:29:51 | spec2dobj.py:write_to_fits:721 | Wrote: /Users/kaiwenzhang/PycharmProjects/KCWI/KCWI_RED_channel_characterization/RH1 pypeit run/2023-11-07/pypeit_run/keck_kcrm_B/Science/spec2d_KR.20231108.54678.43-g191b2b_KCRM_20231108T151118.413.fits
    INFO | 2026-08-23 19:29:51 | exposure.py:reduce_exposure:406 | Reducing target g191b2b
Combining frames:
KR.20231108.54782.48.fits

    INFO | 2026-08-23 19:29:51 | exposure.py:reduce_exposure:417 | Detectors to work on: [1]
    INFO | 2026-08-23 19:29:51 | exposure.py:reduce_exposure:422 | Calibrating detector 1
    INFO | 2026-08-23 19:29:51 | pypeit_steps.py:calib_one:173 | Building/loading calibrations for detector 1
    INFO | 2026-08-23 19:29:51 | datamodel.py:from_file:1558 | Loading BiasImage from /Users/kaiwenzhang/PycharmProjects/KCWI/KCWI_RED_channel_characterization/RH1 pypeit run/2023-11-07/pypeit_run/keck_kcrm_B/Calibrations/Bias_B_1_DET01.fits
 WARNING | 2026-08-23 19:29:51 | calibrations.py:get_dark:606 | No raw dark frames found and unable to identify a relevant processed calibration frame.  Continuing...
    INFO | 2026-08-23 19:29:51 | keck_kcwi.py:get_rawimage:1426 | Reading KCWI file: /Users/kaiwenzhang/PycharmProjects/KCWI/KCWI_RED_channel_characterization/fits/by_night/RH1/2023-11-07/KR.20231108.10348.37.fits
 WARNING | 2026-08-23 19:29:51 | keck_kcwi.py:bpm:820 | KCRM bad pixel mask is not available for ampmode=L2U2L1U1 binning=2,2
    INFO | 2026-08-23 19:29:51 | datamodel.py:from_file:1558 | Loading ArcImage from /Users/kaiwenzhang/PycharmProjects/KCWI/KCWI_RED_channel_characterization/RH1 pypeit run/2023-11-07/pypeit_run/keck_kcrm_B/Calibrations/Arc_B_1_DET01.fits
    INFO | 2026-08-23 19:29:51 | datamodel.py:from_file:1558 | Loading TiltImage from /Users/kaiwenzhang/PycharmProjects/KCWI/KCWI_RED_channel_characterization/RH1 pypeit run/2023-11-07/pypeit_run/keck_kcrm_B/Calibrations/Tiltimg_B_1_DET01.fits
    INFO | 2026-08-23 19:29:51 | datamodel.py:from_file:1558 | Loading SlitTraceSet from /Users/kaiwenzhang/PycharmProjects/KCWI/KCWI_RED_channel_characterization/RH1 pypeit run/2023-11-07/pypeit_run/keck_kcrm_B/Calibrations/Slits_B_1_DET01.fits.gz
    INFO | 2026-08-23 19:29:51 | datamodel.py:from_file:1558 | Loading WaveCalib from /Users/kaiwenzhang/PycharmProjects/KCWI/KCWI_RED_channel_characterization/RH1 pypeit run/2023-11-07/pypeit_run/keck_kcrm_B/Calibrations/WaveCalib_B_1_DET01.fits
    INFO | 2026-08-23 19:29:51 | datamodel.py:from_file:1558 | Loading WaveTilts from /Users/kaiwenzhang/PycharmProjects/KCWI/KCWI_RED_channel_characterization/RH1 pypeit run/2023-11-07/pypeit_run/keck_kcrm_B/Calibrations/Tilts_B_1_DET01.fits
    INFO | 2026-08-23 19:29:51 | datamodel.py:from_file:1558 | Loading Alignments from /Users/kaiwenzhang/PycharmProjects/KCWI/KCWI_RED_channel_characterization/RH1 pypeit run/2023-11-07/pypeit_run/keck_kcrm_B/Calibrations/Alignment_B_1_DET01.fits
    INFO | 2026-08-23 19:29:51 | datamodel.py:from_file:1558 | Loading ScatteredLight from /Users/kaiwenzhang/PycharmProjects/KCWI/KCWI_RED_channel_characterization/RH1 pypeit run/2023-11-07/pypeit_run/keck_kcrm_B/Calibrations/ScatteredLight_B_1_DET01.fits.gz
    INFO | 2026-08-23 19:29:51 | datamodel.py:from_file:1558 | Loading FlatImages from /Users/kaiwenzhang/PycharmProjects/KCWI/KCWI_RED_channel_characterization/RH1 pypeit run/2023-11-07/pypeit_run/keck_kcrm_B/Calibrations/Flat_B_1_DET01.fits
    INFO | 2026-08-23 19:29:52 | calibrations.py:run_the_steps:1459 | Calibration complete and/or fully loaded!
    INFO | 2026-08-23 19:29:52 | calibrations.py:run_the_steps:1460 | #######################################################################
    INFO | 2026-08-23 19:29:52 | exposure.py:process_exposure:126 | Reducing detector 1
    INFO | 2026-08-23 19:29:52 | datamodel.py:from_file:1558 | Loading BiasImage from /Users/kaiwenzhang/PycharmProjects/KCWI/KCWI_RED_channel_characterization/RH1 pypeit run/2023-11-07/pypeit_run/keck_kcrm_B/Calibrations/Bias_B_1_DET01.fits
 WARNING | 2026-08-23 19:29:52 | calibrations.py:get_dark:606 | No raw dark frames found and unable to identify a relevant processed calibration frame.  Continuing...
    INFO | 2026-08-23 19:29:52 | keck_kcwi.py:get_rawimage:1426 | Reading KCWI file: /Users/kaiwenzhang/PycharmProjects/KCWI/KCWI_RED_channel_characterization/fits/by_night/RH1/2023-11-07/KR.20231108.54782.48.fits
    INFO | 2026-08-23 19:29:52 | datamodel.py:from_file:1558 | Loading ArcImage from /Users/kaiwenzhang/PycharmProjects/KCWI/KCWI_RED_channel_characterization/RH1 pypeit run/2023-11-07/pypeit_run/keck_kcrm_B/Calibrations/Arc_B_1_DET01.fits
    INFO | 2026-08-23 19:29:52 | datamodel.py:from_file:1558 | Loading TiltImage from /Users/kaiwenzhang/PycharmProjects/KCWI/KCWI_RED_channel_characterization/RH1 pypeit run/2023-11-07/pypeit_run/keck_kcrm_B/Calibrations/Tiltimg_B_1_DET01.fits
    INFO | 2026-08-23 19:29:52 | datamodel.py:from_file:1558 | Loading SlitTraceSet from /Users/kaiwenzhang/PycharmProjects/KCWI/KCWI_RED_channel_characterization/RH1 pypeit run/2023-11-07/pypeit_run/keck_kcrm_B/Calibrations/Slits_B_1_DET01.fits.gz
    INFO | 2026-08-23 19:29:52 | datamodel.py:from_file:1558 | Loading WaveCalib from /Users/kaiwenzhang/PycharmProjects/KCWI/KCWI_RED_channel_characterization/RH1 pypeit run/2023-11-07/pypeit_run/keck_kcrm_B/Calibrations/WaveCalib_B_1_DET01.fits
    INFO | 2026-08-23 19:29:52 | datamodel.py:from_file:1558 | Loading WaveTilts from /Users/kaiwenzhang/PycharmProjects/KCWI/KCWI_RED_channel_characterization/RH1 pypeit run/2023-11-07/pypeit_run/keck_kcrm_B/Calibrations/Tilts_B_1_DET01.fits
    INFO | 2026-08-23 19:29:52 | datamodel.py:from_file:1558 | Loading Alignments from /Users/kaiwenzhang/PycharmProjects/KCWI/KCWI_RED_channel_characterization/RH1 pypeit run/2023-11-07/pypeit_run/keck_kcrm_B/Calibrations/Alignment_B_1_DET01.fits
    INFO | 2026-08-23 19:29:52 | datamodel.py:from_file:1558 | Loading ScatteredLight from /Users/kaiwenzhang/PycharmProjects/KCWI/KCWI_RED_channel_characterization/RH1 pypeit run/2023-11-07/pypeit_run/keck_kcrm_B/Calibrations/ScatteredLight_B_1_DET01.fits.gz
    INFO | 2026-08-23 19:29:53 | datamodel.py:from_file:1558 | Loading FlatImages from /Users/kaiwenzhang/PycharmProjects/KCWI/KCWI_RED_channel_characterization/RH1 pypeit run/2023-11-07/pypeit_run/keck_kcrm_B/Calibrations/Flat_B_1_DET01.fits
    INFO | 2026-08-23 19:29:53 | calibrations.py:run_the_steps:1459 | Calibration complete and/or fully loaded!
    INFO | 2026-08-23 19:29:53 | calibrations.py:run_the_steps:1460 | #######################################################################
    INFO | 2026-08-23 19:29:53 | pypeit_steps.py:process_one_det:260 | Image processing begins for KR.20231108.54782.48-g191b2b_KCRM_20231108T151302.525 on det=1
    INFO | 2026-08-23 19:29:53 | keck_kcwi.py:get_rawimage:1426 | Reading KCWI file: /Users/kaiwenzhang/PycharmProjects/KCWI/KCWI_RED_channel_characterization/fits/by_night/RH1/2023-11-07/KR.20231108.54782.48.fits
    INFO | 2026-08-23 19:29:53 | rawimage.py:process:564 | Performing basic image processing on KR.20231108.54782.48.fits.
    INFO | 2026-08-23 19:29:53 | rawimage.py:estimate_readnoise:359 | Estimated readnoise of amplifier 1 = 3.934 e-
    INFO | 2026-08-23 19:29:53 | rawimage.py:estimate_readnoise:359 | Estimated readnoise of amplifier 2 = 3.904 e-
    INFO | 2026-08-23 19:29:56 | procimg.py:lacosmic:170 | Detecting cosmic rays with the L.A.Cosmic algorithm
    INFO | 2026-08-23 19:29:56 | procimg.py:lacosmic:218 | Convolving image with Laplacian kernel
    INFO | 2026-08-23 19:29:57 | procimg.py:lacosmic:229 | Found 5045 candidate cosmic-ray pixels
    INFO | 2026-08-23 19:29:57 | procimg.py:lacosmic:235 | Reduced to 5045 candidates after excluding known bad pixels.
    INFO | 2026-08-23 19:30:00 | procimg.py:lacosmic:246 | Reduced to 2377 candidates after excluding compact objects.
    INFO | 2026-08-23 19:30:00 | procimg.py:lacosmic:250 | Finding neighboring pixels affected by cosmic rays
    INFO | 2026-08-23 19:30:00 | procimg.py:lacosmic:260 | Changed to 6314 candidates after evaluating neighboring pixels.
    INFO | 2026-08-23 19:30:00 | procimg.py:lacosmic:266 | Reduced to 6314 candidates after excluding known bad pixels.
    INFO | 2026-08-23 19:30:00 | procimg.py:lacosmic:271 | Iteration 1: 6314 pixels identified as cosmic rays (6314 are new)
    INFO | 2026-08-23 19:30:00 | procimg.py:lacosmic:300 | 6237 pixels identified as cosmic rays after removing false positives
    INFO | 2026-08-23 19:30:01 | pypeit_steps.py:findobj_on_det:381 | Object finding begins for KR.20231108.54782.48-g191b2b_KCRM_20231108T151302.525 on det=1
    INFO | 2026-08-23 19:30:01 | datamodel.py:from_file:1558 | Loading BiasImage from /Users/kaiwenzhang/PycharmProjects/KCWI/KCWI_RED_channel_characterization/RH1 pypeit run/2023-11-07/pypeit_run/keck_kcrm_B/Calibrations/Bias_B_1_DET01.fits
 WARNING | 2026-08-23 19:30:01 | calibrations.py:get_dark:606 | No raw dark frames found and unable to identify a relevant processed calibration frame.  Continuing...
    INFO | 2026-08-23 19:30:01 | keck_kcwi.py:get_rawimage:1426 | Reading KCWI file: /Users/kaiwenzhang/PycharmProjects/KCWI/KCWI_RED_channel_characterization/fits/by_night/RH1/2023-11-07/KR.20231108.54782.48.fits
    INFO | 2026-08-23 19:30:01 | datamodel.py:from_file:1558 | Loading ArcImage from /Users/kaiwenzhang/PycharmProjects/KCWI/KCWI_RED_channel_characterization/RH1 pypeit run/2023-11-07/pypeit_run/keck_kcrm_B/Calibrations/Arc_B_1_DET01.fits
    INFO | 2026-08-23 19:30:01 | datamodel.py:from_file:1558 | Loading TiltImage from /Users/kaiwenzhang/PycharmProjects/KCWI/KCWI_RED_channel_characterization/RH1 pypeit run/2023-11-07/pypeit_run/keck_kcrm_B/Calibrations/Tiltimg_B_1_DET01.fits
    INFO | 2026-08-23 19:30:01 | datamodel.py:from_file:1558 | Loading SlitTraceSet from /Users/kaiwenzhang/PycharmProjects/KCWI/KCWI_RED_channel_characterization/RH1 pypeit run/2023-11-07/pypeit_run/keck_kcrm_B/Calibrations/Slits_B_1_DET01.fits.gz
    INFO | 2026-08-23 19:30:01 | datamodel.py:from_file:1558 | Loading WaveCalib from /Users/kaiwenzhang/PycharmProjects/KCWI/KCWI_RED_channel_characterization/RH1 pypeit run/2023-11-07/pypeit_run/keck_kcrm_B/Calibrations/WaveCalib_B_1_DET01.fits
    INFO | 2026-08-23 19:30:01 | datamodel.py:from_file:1558 | Loading WaveTilts from /Users/kaiwenzhang/PycharmProjects/KCWI/KCWI_RED_channel_characterization/RH1 pypeit run/2023-11-07/pypeit_run/keck_kcrm_B/Calibrations/Tilts_B_1_DET01.fits
    INFO | 2026-08-23 19:30:01 | datamodel.py:from_file:1558 | Loading Alignments from /Users/kaiwenzhang/PycharmProjects/KCWI/KCWI_RED_channel_characterization/RH1 pypeit run/2023-11-07/pypeit_run/keck_kcrm_B/Calibrations/Alignment_B_1_DET01.fits
    INFO | 2026-08-23 19:30:01 | datamodel.py:from_file:1558 | Loading ScatteredLight from /Users/kaiwenzhang/PycharmProjects/KCWI/KCWI_RED_channel_characterization/RH1 pypeit run/2023-11-07/pypeit_run/keck_kcrm_B/Calibrations/ScatteredLight_B_1_DET01.fits.gz
    INFO | 2026-08-23 19:30:01 | datamodel.py:from_file:1558 | Loading FlatImages from /Users/kaiwenzhang/PycharmProjects/KCWI/KCWI_RED_channel_characterization/RH1 pypeit run/2023-11-07/pypeit_run/keck_kcrm_B/Calibrations/Flat_B_1_DET01.fits
    INFO | 2026-08-23 19:30:02 | calibrations.py:run_the_steps:1459 | Calibration complete and/or fully loaded!
    INFO | 2026-08-23 19:30:02 | calibrations.py:run_the_steps:1460 | #######################################################################
    INFO | 2026-08-23 19:30:02 | pypeit_steps.py:findobj_on_det:387 | Reducing detector 1
    INFO | 2026-08-23 19:30:02 | pypeit_steps.py:load_skyregions:606 | Generating skysub mask based on the user defined regions: :35,62:
    INFO | 2026-08-23 19:30:02 | find_objects.py:__init__:164 | Initializing slits
    INFO | 2026-08-23 19:30:02 | find_objects.py:__init__:232 | Generating tilts image from fit in waveTilts
    INFO | 2026-08-23 19:30:02 | wavetilts.py:fit2tiltimg:143 | Generating a tilts image from the fit parameters
    INFO | 2026-08-23 19:30:09 | find_objects.py:global_skysub:583 | Global sky subtraction for slit: 60
    INFO | 2026-08-23 19:30:09 | skysub.py:global_skysub:195 | Full fit in global sky sub.
    INFO | 2026-08-23 19:30:09 | fitting.py:bspline_profile:1156 | B-spline fit:
    INFO | 2026-08-23 19:30:09 | fitting.py:bspline_profile:1157 |     npoly = 2 profile basis functions
    INFO | 2026-08-23 19:30:09 | fitting.py:bspline_profile:1158 |     ngood = 91981/143872 measurements
    INFO | 2026-08-23 19:30:09 | fitting.py:bspline_profile:1159 | ***************** Iter     Chi^2    N Rej  R. Fac *****************
    INFO | 2026-08-23 19:30:09 | fitting.py:bspline_profile:1163 |                   ----  --------  -------  ------                  
    INFO | 2026-08-23 19:30:09 | fitting.py:bspline_profile:1257 |                      1     1.066    52049    1.00                  
    INFO | 2026-08-23 19:30:09 | fitting.py:bspline_profile:1257 |                      2     0.988    52051    1.00                  
    INFO | 2026-08-23 19:30:09 | fitting.py:bspline_profile:1257 |                      3     0.988    52051    1.00                  
    INFO | 2026-08-23 19:30:09 | fitting.py:bspline_profile:1272 |                   DONE     0.988    52051    1.00                  
    INFO | 2026-08-23 19:30:09 | fitting.py:bspline_profile:1275 | *******************************************************************
    INFO | 2026-08-23 19:30:09 | find_objects.py:global_skysub:583 | Global sky subtraction for slit: 140
    INFO | 2026-08-23 19:30:09 | skysub.py:global_skysub:195 | Full fit in global sky sub.
    INFO | 2026-08-23 19:30:09 | fitting.py:bspline_profile:1156 | B-spline fit:
    INFO | 2026-08-23 19:30:09 | fitting.py:bspline_profile:1157 |     npoly = 2 profile basis functions
    INFO | 2026-08-23 19:30:09 | fitting.py:bspline_profile:1158 |     ngood = 91907/144243 measurements
    INFO | 2026-08-23 19:30:09 | fitting.py:bspline_profile:1159 | ***************** Iter     Chi^2    N Rej  R. Fac *****************
    INFO | 2026-08-23 19:30:09 | fitting.py:bspline_profile:1163 |                   ----  --------  -------  ------                  
    INFO | 2026-08-23 19:30:10 | fitting.py:bspline_profile:1257 |                      1     1.339    52517    1.00                  
    INFO | 2026-08-23 19:30:10 | fitting.py:bspline_profile:1257 |                      2     0.976    52521    1.00                  
    INFO | 2026-08-23 19:30:10 | fitting.py:bspline_profile:1257 |                      3     0.976    52521    1.00                  
    INFO | 2026-08-23 19:30:10 | fitting.py:bspline_profile:1272 |                   DONE     0.976    52521    1.00                  
    INFO | 2026-08-23 19:30:10 | fitting.py:bspline_profile:1275 | *******************************************************************
    INFO | 2026-08-23 19:30:10 | find_objects.py:global_skysub:583 | Global sky subtraction for slit: 216
    INFO | 2026-08-23 19:30:10 | skysub.py:global_skysub:195 | Full fit in global sky sub.
    INFO | 2026-08-23 19:30:10 | fitting.py:bspline_profile:1156 | B-spline fit:
    INFO | 2026-08-23 19:30:10 | fitting.py:bspline_profile:1157 |     npoly = 2 profile basis functions
    INFO | 2026-08-23 19:30:10 | fitting.py:bspline_profile:1158 |     ngood = 92637/144460 measurements
    INFO | 2026-08-23 19:30:10 | fitting.py:bspline_profile:1159 | ***************** Iter     Chi^2    N Rej  R. Fac *****************
    INFO | 2026-08-23 19:30:10 | fitting.py:bspline_profile:1163 |                   ----  --------  -------  ------                  
    INFO | 2026-08-23 19:30:10 | fitting.py:bspline_profile:1257 |                      1     1.016    52005    1.00                  
    INFO | 2026-08-23 19:30:11 | fitting.py:bspline_profile:1257 |                      2     0.990    52006    1.00                  
    INFO | 2026-08-23 19:30:11 | fitting.py:bspline_profile:1257 |                      3     0.990    52006    1.00                  
    INFO | 2026-08-23 19:30:11 | fitting.py:bspline_profile:1272 |                   DONE     0.990    52006    1.00                  
    INFO | 2026-08-23 19:30:11 | fitting.py:bspline_profile:1275 | *******************************************************************
    INFO | 2026-08-23 19:30:11 | find_objects.py:global_skysub:583 | Global sky subtraction for slit: 294
    INFO | 2026-08-23 19:30:11 | skysub.py:global_skysub:195 | Full fit in global sky sub.
    INFO | 2026-08-23 19:30:11 | fitting.py:bspline_profile:1156 | B-spline fit:
    INFO | 2026-08-23 19:30:11 | fitting.py:bspline_profile:1157 |     npoly = 2 profile basis functions
    INFO | 2026-08-23 19:30:11 | fitting.py:bspline_profile:1158 |     ngood = 92278/144492 measurements
    INFO | 2026-08-23 19:30:11 | fitting.py:bspline_profile:1159 | ***************** Iter     Chi^2    N Rej  R. Fac *****************
    INFO | 2026-08-23 19:30:11 | fitting.py:bspline_profile:1163 |                   ----  --------  -------  ------                  
    INFO | 2026-08-23 19:30:11 | fitting.py:bspline_profile:1257 |                      1     0.995    52345    1.00                  
    INFO | 2026-08-23 19:30:11 | fitting.py:bspline_profile:1257 |                      2     0.976    52346    1.00                  
    INFO | 2026-08-23 19:30:11 | fitting.py:bspline_profile:1257 |                      3     0.976    52346    1.00                  
    INFO | 2026-08-23 19:30:11 | fitting.py:bspline_profile:1272 |                   DONE     0.976    52346    1.00                  
    INFO | 2026-08-23 19:30:11 | fitting.py:bspline_profile:1275 | *******************************************************************
    INFO | 2026-08-23 19:30:11 | find_objects.py:global_skysub:583 | Global sky subtraction for slit: 368
    INFO | 2026-08-23 19:30:11 | skysub.py:global_skysub:195 | Full fit in global sky sub.
    INFO | 2026-08-23 19:30:11 | fitting.py:bspline_profile:1156 | B-spline fit:
    INFO | 2026-08-23 19:30:11 | fitting.py:bspline_profile:1157 |     npoly = 2 profile basis functions
    INFO | 2026-08-23 19:30:11 | fitting.py:bspline_profile:1158 |     ngood = 92592/144531 measurements
    INFO | 2026-08-23 19:30:11 | fitting.py:bspline_profile:1159 | ***************** Iter     Chi^2    N Rej  R. Fac *****************
    INFO | 2026-08-23 19:30:11 | fitting.py:bspline_profile:1163 |                   ----  --------  -------  ------                  
    INFO | 2026-08-23 19:30:12 | fitting.py:bspline_profile:1257 |                      1     0.993    52095    1.00                  
    INFO | 2026-08-23 19:30:12 | fitting.py:bspline_profile:1257 |                      2     0.971    52098    1.00                  
    INFO | 2026-08-23 19:30:12 | fitting.py:bspline_profile:1257 |                      3     0.970    52098    1.00                  
    INFO | 2026-08-23 19:30:12 | fitting.py:bspline_profile:1272 |                   DONE     0.970    52098    1.00                  
    INFO | 2026-08-23 19:30:12 | fitting.py:bspline_profile:1275 | *******************************************************************
    INFO | 2026-08-23 19:30:12 | find_objects.py:global_skysub:583 | Global sky subtraction for slit: 443
    INFO | 2026-08-23 19:30:12 | skysub.py:global_skysub:195 | Full fit in global sky sub.
    INFO | 2026-08-23 19:30:12 | fitting.py:bspline_profile:1156 | B-spline fit:
    INFO | 2026-08-23 19:30:12 | fitting.py:bspline_profile:1157 |     npoly = 2 profile basis functions
    INFO | 2026-08-23 19:30:12 | fitting.py:bspline_profile:1158 |     ngood = 92721/144482 measurements
    INFO | 2026-08-23 19:30:12 | fitting.py:bspline_profile:1159 | ***************** Iter     Chi^2    N Rej  R. Fac *****************
    INFO | 2026-08-23 19:30:12 | fitting.py:bspline_profile:1163 |                   ----  --------  -------  ------                  
    INFO | 2026-08-23 19:30:12 | fitting.py:bspline_profile:1257 |                      1     1.019    51908    1.00                  
    INFO | 2026-08-23 19:30:12 | fitting.py:bspline_profile:1257 |                      2     0.968    51910    1.00                  
    INFO | 2026-08-23 19:30:13 | fitting.py:bspline_profile:1257 |                      3     0.968    51910    1.00                  
    INFO | 2026-08-23 19:30:13 | fitting.py:bspline_profile:1272 |                   DONE     0.968    51910    1.00                  
    INFO | 2026-08-23 19:30:13 | fitting.py:bspline_profile:1275 | *******************************************************************
    INFO | 2026-08-23 19:30:13 | find_objects.py:global_skysub:583 | Global sky subtraction for slit: 516
    INFO | 2026-08-23 19:30:13 | skysub.py:global_skysub:195 | Full fit in global sky sub.
    INFO | 2026-08-23 19:30:13 | fitting.py:bspline_profile:1156 | B-spline fit:
    INFO | 2026-08-23 19:30:13 | fitting.py:bspline_profile:1157 |     npoly = 2 profile basis functions
    INFO | 2026-08-23 19:30:13 | fitting.py:bspline_profile:1158 |     ngood = 92441/144444 measurements
    INFO | 2026-08-23 19:30:13 | fitting.py:bspline_profile:1159 | ***************** Iter     Chi^2    N Rej  R. Fac *****************
    INFO | 2026-08-23 19:30:13 | fitting.py:bspline_profile:1163 |                   ----  --------  -------  ------                  
    INFO | 2026-08-23 19:30:13 | fitting.py:bspline_profile:1257 |                      1     0.991    52158    1.00                  
    INFO | 2026-08-23 19:30:13 | fitting.py:bspline_profile:1257 |                      2     0.968    52161    1.00                  
    INFO | 2026-08-23 19:30:13 | fitting.py:bspline_profile:1257 |                      3     0.968    52161    1.00                  
    INFO | 2026-08-23 19:30:13 | fitting.py:bspline_profile:1272 |                   DONE     0.968    52161    1.00                  
    INFO | 2026-08-23 19:30:13 | fitting.py:bspline_profile:1275 | *******************************************************************
    INFO | 2026-08-23 19:30:13 | find_objects.py:global_skysub:583 | Global sky subtraction for slit: 590
    INFO | 2026-08-23 19:30:13 | skysub.py:global_skysub:195 | Full fit in global sky sub.
    INFO | 2026-08-23 19:30:13 | fitting.py:bspline_profile:1156 | B-spline fit:
    INFO | 2026-08-23 19:30:13 | fitting.py:bspline_profile:1157 |     npoly = 2 profile basis functions
    INFO | 2026-08-23 19:30:13 | fitting.py:bspline_profile:1158 |     ngood = 92620/144489 measurements
    INFO | 2026-08-23 19:30:13 | fitting.py:bspline_profile:1159 | ***************** Iter     Chi^2    N Rej  R. Fac *****************
    INFO | 2026-08-23 19:30:13 | fitting.py:bspline_profile:1163 |                   ----  --------  -------  ------                  
    INFO | 2026-08-23 19:30:14 | fitting.py:bspline_profile:1257 |                      1     0.989    52016    1.00                  
    INFO | 2026-08-23 19:30:14 | fitting.py:bspline_profile:1257 |                      2     0.968    52016    1.00                  
    INFO | 2026-08-23 19:30:14 | fitting.py:bspline_profile:1272 |                   DONE     0.968    52016    1.00                  
    INFO | 2026-08-23 19:30:14 | fitting.py:bspline_profile:1275 | *******************************************************************
    INFO | 2026-08-23 19:30:14 | find_objects.py:global_skysub:583 | Global sky subtraction for slit: 663
    INFO | 2026-08-23 19:30:14 | skysub.py:global_skysub:195 | Full fit in global sky sub.
    INFO | 2026-08-23 19:30:14 | fitting.py:bspline_profile:1156 | B-spline fit:
    INFO | 2026-08-23 19:30:14 | fitting.py:bspline_profile:1157 |     npoly = 2 profile basis functions
    INFO | 2026-08-23 19:30:14 | fitting.py:bspline_profile:1158 |     ngood = 92656/144545 measurements
    INFO | 2026-08-23 19:30:14 | fitting.py:bspline_profile:1159 | ***************** Iter     Chi^2    N Rej  R. Fac *****************
    INFO | 2026-08-23 19:30:14 | fitting.py:bspline_profile:1163 |                   ----  --------  -------  ------                  
    INFO | 2026-08-23 19:30:14 | fitting.py:bspline_profile:1257 |                      1     0.999    52023    1.00                  
    INFO | 2026-08-23 19:30:14 | fitting.py:bspline_profile:1257 |                      2     0.980    52026    1.00                  
    INFO | 2026-08-23 19:30:14 | fitting.py:bspline_profile:1257 |                      3     0.980    52026    1.00                  
    INFO | 2026-08-23 19:30:14 | fitting.py:bspline_profile:1272 |                   DONE     0.980    52026    1.00                  
    INFO | 2026-08-23 19:30:14 | fitting.py:bspline_profile:1275 | *******************************************************************
    INFO | 2026-08-23 19:30:14 | find_objects.py:global_skysub:583 | Global sky subtraction for slit: 737
    INFO | 2026-08-23 19:30:14 | skysub.py:global_skysub:195 | Full fit in global sky sub.
    INFO | 2026-08-23 19:30:14 | fitting.py:bspline_profile:1156 | B-spline fit:
    INFO | 2026-08-23 19:30:14 | fitting.py:bspline_profile:1157 |     npoly = 2 profile basis functions
    INFO | 2026-08-23 19:30:14 | fitting.py:bspline_profile:1158 |     ngood = 92384/144387 measurements
    INFO | 2026-08-23 19:30:14 | fitting.py:bspline_profile:1159 | ***************** Iter     Chi^2    N Rej  R. Fac *****************
    INFO | 2026-08-23 19:30:14 | fitting.py:bspline_profile:1163 |                   ----  --------  -------  ------                  
    INFO | 2026-08-23 19:30:15 | fitting.py:bspline_profile:1257 |                      1     1.001    52149    1.00                  
    INFO | 2026-08-23 19:30:15 | fitting.py:bspline_profile:1257 |                      2     0.980    52151    1.00                  
    INFO | 2026-08-23 19:30:15 | fitting.py:bspline_profile:1257 |                      3     0.980    52151    1.00                  
    INFO | 2026-08-23 19:30:15 | fitting.py:bspline_profile:1272 |                   DONE     0.980    52151    1.00                  
    INFO | 2026-08-23 19:30:15 | fitting.py:bspline_profile:1275 | *******************************************************************
    INFO | 2026-08-23 19:30:15 | find_objects.py:global_skysub:583 | Global sky subtraction for slit: 811
    INFO | 2026-08-23 19:30:15 | skysub.py:global_skysub:195 | Full fit in global sky sub.
    INFO | 2026-08-23 19:30:15 | fitting.py:bspline_profile:1156 | B-spline fit:
    INFO | 2026-08-23 19:30:15 | fitting.py:bspline_profile:1157 |     npoly = 2 profile basis functions
    INFO | 2026-08-23 19:30:15 | fitting.py:bspline_profile:1158 |     ngood = 92362/144286 measurements
    INFO | 2026-08-23 19:30:15 | fitting.py:bspline_profile:1159 | ***************** Iter     Chi^2    N Rej  R. Fac *****************
    INFO | 2026-08-23 19:30:15 | fitting.py:bspline_profile:1163 |                   ----  --------  -------  ------                  
    INFO | 2026-08-23 19:30:15 | fitting.py:bspline_profile:1257 |                      1     1.036    52096    1.00                  
    INFO | 2026-08-23 19:30:15 | fitting.py:bspline_profile:1257 |                      2     1.012    52096    1.00                  
    INFO | 2026-08-23 19:30:15 | fitting.py:bspline_profile:1272 |                   DONE     1.012    52096    1.00                  
    INFO | 2026-08-23 19:30:15 | fitting.py:bspline_profile:1275 | *******************************************************************
    INFO | 2026-08-23 19:30:15 | find_objects.py:global_skysub:583 | Global sky subtraction for slit: 885
    INFO | 2026-08-23 19:30:16 | skysub.py:global_skysub:195 | Full fit in global sky sub.
    INFO | 2026-08-23 19:30:16 | fitting.py:bspline_profile:1156 | B-spline fit:
    INFO | 2026-08-23 19:30:16 | fitting.py:bspline_profile:1157 |     npoly = 2 profile basis functions
    INFO | 2026-08-23 19:30:16 | fitting.py:bspline_profile:1158 |     ngood = 92574/144431 measurements
    INFO | 2026-08-23 19:30:16 | fitting.py:bspline_profile:1159 | ***************** Iter     Chi^2    N Rej  R. Fac *****************
    INFO | 2026-08-23 19:30:16 | fitting.py:bspline_profile:1163 |                   ----  --------  -------  ------                  
    INFO | 2026-08-23 19:30:16 | fitting.py:bspline_profile:1257 |                      1     1.828    54289    1.00                  
    INFO | 2026-08-23 19:30:16 | fitting.py:bspline_profile:1257 |                      2     1.456    54582    1.00                  
    INFO | 2026-08-23 19:30:16 | fitting.py:bspline_profile:1257 |                      3     1.421    54624    1.00                  
    INFO | 2026-08-23 19:30:16 | fitting.py:bspline_profile:1257 |                      4     1.416    54627    1.00                  
    INFO | 2026-08-23 19:30:16 | fitting.py:bspline_profile:1257 |                      5     1.416    54627    1.00                  
    INFO | 2026-08-23 19:30:16 | fitting.py:bspline_profile:1272 |                   DONE     1.416    54627    1.00                  
    INFO | 2026-08-23 19:30:16 | fitting.py:bspline_profile:1275 | *******************************************************************
    INFO | 2026-08-23 19:30:16 | find_objects.py:global_skysub:583 | Global sky subtraction for slit: 1163
    INFO | 2026-08-23 19:30:17 | skysub.py:global_skysub:195 | Full fit in global sky sub.
    INFO | 2026-08-23 19:30:17 | fitting.py:bspline_profile:1156 | B-spline fit:
    INFO | 2026-08-23 19:30:17 | fitting.py:bspline_profile:1157 |     npoly = 2 profile basis functions
    INFO | 2026-08-23 19:30:17 | fitting.py:bspline_profile:1158 |     ngood = 92317/144499 measurements
    INFO | 2026-08-23 19:30:17 | fitting.py:bspline_profile:1159 | ***************** Iter     Chi^2    N Rej  R. Fac *****************
    INFO | 2026-08-23 19:30:17 | fitting.py:bspline_profile:1163 |                   ----  --------  -------  ------                  
    INFO | 2026-08-23 19:30:17 | fitting.py:bspline_profile:1257 |                      1     1.286    52824    1.00                  
    INFO | 2026-08-23 19:30:17 | fitting.py:bspline_profile:1257 |                      2     1.180    52850    1.00                  
    INFO | 2026-08-23 19:30:17 | fitting.py:bspline_profile:1257 |                      3     1.177    52850    1.00                  
    INFO | 2026-08-23 19:30:17 | fitting.py:bspline_profile:1272 |                   DONE     1.177    52850    1.00                  
    INFO | 2026-08-23 19:30:17 | fitting.py:bspline_profile:1275 | *******************************************************************
    INFO | 2026-08-23 19:30:17 | find_objects.py:global_skysub:583 | Global sky subtraction for slit: 1237
    INFO | 2026-08-23 19:30:17 | skysub.py:global_skysub:195 | Full fit in global sky sub.
    INFO | 2026-08-23 19:30:17 | fitting.py:bspline_profile:1156 | B-spline fit:
    INFO | 2026-08-23 19:30:17 | fitting.py:bspline_profile:1157 |     npoly = 2 profile basis functions
    INFO | 2026-08-23 19:30:17 | fitting.py:bspline_profile:1158 |     ngood = 92659/144471 measurements
    INFO | 2026-08-23 19:30:17 | fitting.py:bspline_profile:1159 | ***************** Iter     Chi^2    N Rej  R. Fac *****************
    INFO | 2026-08-23 19:30:17 | fitting.py:bspline_profile:1163 |                   ----  --------  -------  ------                  
    INFO | 2026-08-23 19:30:17 | fitting.py:bspline_profile:1257 |                      1     1.069    52053    1.00                  
    INFO | 2026-08-23 19:30:18 | fitting.py:bspline_profile:1257 |                      2     1.022    52056    1.00                  
    INFO | 2026-08-23 19:30:18 | fitting.py:bspline_profile:1257 |                      3     1.022    52056    1.00                  
    INFO | 2026-08-23 19:30:18 | fitting.py:bspline_profile:1272 |                   DONE     1.022    52056    1.00                  
    INFO | 2026-08-23 19:30:18 | fitting.py:bspline_profile:1275 | *******************************************************************
    INFO | 2026-08-23 19:30:18 | find_objects.py:global_skysub:583 | Global sky subtraction for slit: 1311
    INFO | 2026-08-23 19:30:18 | skysub.py:global_skysub:195 | Full fit in global sky sub.
    INFO | 2026-08-23 19:30:18 | fitting.py:bspline_profile:1156 | B-spline fit:
    INFO | 2026-08-23 19:30:18 | fitting.py:bspline_profile:1157 |     npoly = 2 profile basis functions
    INFO | 2026-08-23 19:30:18 | fitting.py:bspline_profile:1158 |     ngood = 92580/144445 measurements
    INFO | 2026-08-23 19:30:18 | fitting.py:bspline_profile:1159 | ***************** Iter     Chi^2    N Rej  R. Fac *****************
    INFO | 2026-08-23 19:30:18 | fitting.py:bspline_profile:1163 |                   ----  --------  -------  ------                  
    INFO | 2026-08-23 19:30:18 | fitting.py:bspline_profile:1257 |                      1     3.532    52165    1.00                  
    INFO | 2026-08-23 19:30:18 | fitting.py:bspline_profile:1257 |                      2     1.018    52171    1.00                  
    INFO | 2026-08-23 19:30:18 | fitting.py:bspline_profile:1257 |                      3     1.018    52171    1.00                  
    INFO | 2026-08-23 19:30:18 | fitting.py:bspline_profile:1272 |                   DONE     1.018    52171    1.00                  
    INFO | 2026-08-23 19:30:18 | fitting.py:bspline_profile:1275 | *******************************************************************
    INFO | 2026-08-23 19:30:18 | find_objects.py:global_skysub:583 | Global sky subtraction for slit: 1385
    INFO | 2026-08-23 19:30:18 | skysub.py:global_skysub:195 | Full fit in global sky sub.
    INFO | 2026-08-23 19:30:18 | fitting.py:bspline_profile:1156 | B-spline fit:
    INFO | 2026-08-23 19:30:18 | fitting.py:bspline_profile:1157 |     npoly = 2 profile basis functions
    INFO | 2026-08-23 19:30:18 | fitting.py:bspline_profile:1158 |     ngood = 92646/144480 measurements
    INFO | 2026-08-23 19:30:18 | fitting.py:bspline_profile:1159 | ***************** Iter     Chi^2    N Rej  R. Fac *****************
    INFO | 2026-08-23 19:30:18 | fitting.py:bspline_profile:1163 |                   ----  --------  -------  ------                  
    INFO | 2026-08-23 19:30:19 | fitting.py:bspline_profile:1257 |                      1     2.993    58450    1.00                  
    INFO | 2026-08-23 19:30:19 | fitting.py:bspline_profile:1257 |                      2     1.381    59364    1.00                  
    INFO | 2026-08-23 19:30:19 | fitting.py:bspline_profile:1257 |                      3     1.254    59554    1.00                  
    INFO | 2026-08-23 19:30:19 | fitting.py:bspline_profile:1257 |                      4     1.231    59581    1.00                  
    INFO | 2026-08-23 19:30:19 | fitting.py:bspline_profile:1257 |                      5     1.227    59582    1.00                  
    INFO | 2026-08-23 19:30:20 | fitting.py:bspline_profile:1257 |                      6     1.227    59582    1.00                  
    INFO | 2026-08-23 19:30:20 | fitting.py:bspline_profile:1272 |                   DONE     1.227    59582    1.00                  
    INFO | 2026-08-23 19:30:20 | fitting.py:bspline_profile:1275 | *******************************************************************
    INFO | 2026-08-23 19:30:20 | find_objects.py:global_skysub:583 | Global sky subtraction for slit: 1458
    INFO | 2026-08-23 19:30:20 | skysub.py:global_skysub:195 | Full fit in global sky sub.
    INFO | 2026-08-23 19:30:20 | fitting.py:bspline_profile:1156 | B-spline fit:
    INFO | 2026-08-23 19:30:20 | fitting.py:bspline_profile:1157 |     npoly = 2 profile basis functions
    INFO | 2026-08-23 19:30:20 | fitting.py:bspline_profile:1158 |     ngood = 92362/143981 measurements
    INFO | 2026-08-23 19:30:20 | fitting.py:bspline_profile:1159 | ***************** Iter     Chi^2    N Rej  R. Fac *****************
    INFO | 2026-08-23 19:30:20 | fitting.py:bspline_profile:1163 |                   ----  --------  -------  ------                  
    INFO | 2026-08-23 19:30:20 | fitting.py:bspline_profile:1257 |                      1     1.266    51965    1.00                  
    INFO | 2026-08-23 19:30:20 | fitting.py:bspline_profile:1257 |                      2     1.080    51968    1.00                  
    INFO | 2026-08-23 19:30:20 | fitting.py:bspline_profile:1257 |                      3     1.080    51968    1.00                  
    INFO | 2026-08-23 19:30:20 | fitting.py:bspline_profile:1272 |                   DONE     1.080    51968    1.00                  
    INFO | 2026-08-23 19:30:20 | fitting.py:bspline_profile:1275 | *******************************************************************
    INFO | 2026-08-23 19:30:20 | find_objects.py:global_skysub:583 | Global sky subtraction for slit: 1533
    INFO | 2026-08-23 19:30:20 | skysub.py:global_skysub:195 | Full fit in global sky sub.
    INFO | 2026-08-23 19:30:20 | fitting.py:bspline_profile:1156 | B-spline fit:
    INFO | 2026-08-23 19:30:20 | fitting.py:bspline_profile:1157 |     npoly = 2 profile basis functions
    INFO | 2026-08-23 19:30:20 | fitting.py:bspline_profile:1158 |     ngood = 92819/144358 measurements
    INFO | 2026-08-23 19:30:20 | fitting.py:bspline_profile:1159 | ***************** Iter     Chi^2    N Rej  R. Fac *****************
    INFO | 2026-08-23 19:30:20 | fitting.py:bspline_profile:1163 |                   ----  --------  -------  ------                  
    INFO | 2026-08-23 19:30:20 | fitting.py:bspline_profile:1257 |                      1     1.001    51704    1.00                  
    INFO | 2026-08-23 19:30:21 | fitting.py:bspline_profile:1257 |                      2     0.977    51708    1.00                  
    INFO | 2026-08-23 19:30:21 | fitting.py:bspline_profile:1257 |                      3     0.976    51708    1.00                  
    INFO | 2026-08-23 19:30:21 | fitting.py:bspline_profile:1272 |                   DONE     0.976    51708    1.00                  
    INFO | 2026-08-23 19:30:21 | fitting.py:bspline_profile:1275 | *******************************************************************
    INFO | 2026-08-23 19:30:21 | find_objects.py:global_skysub:583 | Global sky subtraction for slit: 1606
    INFO | 2026-08-23 19:30:21 | skysub.py:global_skysub:195 | Full fit in global sky sub.
    INFO | 2026-08-23 19:30:21 | fitting.py:bspline_profile:1156 | B-spline fit:
    INFO | 2026-08-23 19:30:21 | fitting.py:bspline_profile:1157 |     npoly = 2 profile basis functions
    INFO | 2026-08-23 19:30:21 | fitting.py:bspline_profile:1158 |     ngood = 92517/144314 measurements
    INFO | 2026-08-23 19:30:21 | fitting.py:bspline_profile:1159 | ***************** Iter     Chi^2    N Rej  R. Fac *****************
    INFO | 2026-08-23 19:30:21 | fitting.py:bspline_profile:1163 |                   ----  --------  -------  ------                  
    INFO | 2026-08-23 19:30:21 | fitting.py:bspline_profile:1257 |                      1     1.067    52003    1.00                  
    INFO | 2026-08-23 19:30:21 | fitting.py:bspline_profile:1257 |                      2     1.037    52008    1.00                  
    INFO | 2026-08-23 19:30:21 | fitting.py:bspline_profile:1257 |                      3     1.037    52008    1.00                  
    INFO | 2026-08-23 19:30:21 | fitting.py:bspline_profile:1272 |                   DONE     1.037    52008    1.00                  
    INFO | 2026-08-23 19:30:21 | fitting.py:bspline_profile:1275 | *******************************************************************
    INFO | 2026-08-23 19:30:22 | find_objects.py:global_skysub:583 | Global sky subtraction for slit: 1682
    INFO | 2026-08-23 19:30:22 | skysub.py:global_skysub:195 | Full fit in global sky sub.
    INFO | 2026-08-23 19:30:22 | fitting.py:bspline_profile:1156 | B-spline fit:
    INFO | 2026-08-23 19:30:22 | fitting.py:bspline_profile:1157 |     npoly = 2 profile basis functions
    INFO | 2026-08-23 19:30:22 | fitting.py:bspline_profile:1158 |     ngood = 92412/144135 measurements
    INFO | 2026-08-23 19:30:22 | fitting.py:bspline_profile:1159 | ***************** Iter     Chi^2    N Rej  R. Fac *****************
    INFO | 2026-08-23 19:30:22 | fitting.py:bspline_profile:1163 |                   ----  --------  -------  ------                  
    INFO | 2026-08-23 19:30:22 | fitting.py:bspline_profile:1257 |                      1     1.453    53501    1.00                  
    INFO | 2026-08-23 19:30:22 | fitting.py:bspline_profile:1257 |                      2     1.148    53698    1.00                  
    INFO | 2026-08-23 19:30:22 | fitting.py:bspline_profile:1257 |                      3     1.124    53713    1.00                  
    INFO | 2026-08-23 19:30:22 | fitting.py:bspline_profile:1257 |                      4     1.122    53713    1.00                  
    INFO | 2026-08-23 19:30:22 | fitting.py:bspline_profile:1272 |                   DONE     1.122    53713    1.00                  
    INFO | 2026-08-23 19:30:22 | fitting.py:bspline_profile:1275 | *******************************************************************
    INFO | 2026-08-23 19:30:22 | find_objects.py:global_skysub:583 | Global sky subtraction for slit: 1757
    INFO | 2026-08-23 19:30:22 | skysub.py:global_skysub:195 | Full fit in global sky sub.
    INFO | 2026-08-23 19:30:22 | fitting.py:bspline_profile:1156 | B-spline fit:
    INFO | 2026-08-23 19:30:22 | fitting.py:bspline_profile:1157 |     npoly = 2 profile basis functions
    INFO | 2026-08-23 19:30:22 | fitting.py:bspline_profile:1158 |     ngood = 92345/143857 measurements
    INFO | 2026-08-23 19:30:22 | fitting.py:bspline_profile:1159 | ***************** Iter     Chi^2    N Rej  R. Fac *****************
    INFO | 2026-08-23 19:30:22 | fitting.py:bspline_profile:1163 |                   ----  --------  -------  ------                  
    INFO | 2026-08-23 19:30:23 | fitting.py:bspline_profile:1257 |                      1     1.012    51704    1.00                  
    INFO | 2026-08-23 19:30:23 | fitting.py:bspline_profile:1257 |                      2     0.984    51705    1.00                  
    INFO | 2026-08-23 19:30:23 | fitting.py:bspline_profile:1257 |                      3     0.984    51705    1.00                  
    INFO | 2026-08-23 19:30:23 | fitting.py:bspline_profile:1272 |                   DONE     0.984    51705    1.00                  
    INFO | 2026-08-23 19:30:23 | fitting.py:bspline_profile:1275 | *******************************************************************
    INFO | 2026-08-23 19:30:23 | find_objects.py:global_skysub:583 | Global sky subtraction for slit: 1836
    INFO | 2026-08-23 19:30:23 | skysub.py:global_skysub:195 | Full fit in global sky sub.
    INFO | 2026-08-23 19:30:23 | fitting.py:bspline_profile:1156 | B-spline fit:
    INFO | 2026-08-23 19:30:23 | fitting.py:bspline_profile:1157 |     npoly = 2 profile basis functions
    INFO | 2026-08-23 19:30:23 | fitting.py:bspline_profile:1158 |     ngood = 92388/144141 measurements
    INFO | 2026-08-23 19:30:23 | fitting.py:bspline_profile:1159 | ***************** Iter     Chi^2    N Rej  R. Fac *****************
    INFO | 2026-08-23 19:30:23 | fitting.py:bspline_profile:1163 |                   ----  --------  -------  ------                  
    INFO | 2026-08-23 19:30:23 | fitting.py:bspline_profile:1257 |                      1     1.149    51961    1.00                  
    INFO | 2026-08-23 19:30:23 | fitting.py:bspline_profile:1257 |                      2     0.981    51963    1.00                  
    INFO | 2026-08-23 19:30:24 | fitting.py:bspline_profile:1257 |                      3     0.980    51963    1.00                  
    INFO | 2026-08-23 19:30:24 | fitting.py:bspline_profile:1272 |                   DONE     0.980    51963    1.00                  
    INFO | 2026-08-23 19:30:24 | fitting.py:bspline_profile:1275 | *******************************************************************
    INFO | 2026-08-23 19:30:24 | find_objects.py:global_skysub:583 | Global sky subtraction for slit: 1913
    INFO | 2026-08-23 19:30:24 | skysub.py:global_skysub:195 | Full fit in global sky sub.
    INFO | 2026-08-23 19:30:24 | fitting.py:bspline_profile:1156 | B-spline fit:
    INFO | 2026-08-23 19:30:24 | fitting.py:bspline_profile:1157 |     npoly = 2 profile basis functions
    INFO | 2026-08-23 19:30:24 | fitting.py:bspline_profile:1158 |     ngood = 92379/143900 measurements
    INFO | 2026-08-23 19:30:24 | fitting.py:bspline_profile:1159 | ***************** Iter     Chi^2    N Rej  R. Fac *****************
    INFO | 2026-08-23 19:30:24 | fitting.py:bspline_profile:1163 |                   ----  --------  -------  ------                  
    INFO | 2026-08-23 19:30:24 | fitting.py:bspline_profile:1257 |                      1     1.003    51682    1.00                  
    INFO | 2026-08-23 19:30:24 | fitting.py:bspline_profile:1257 |                      2     0.979    51684    1.00                  
    INFO | 2026-08-23 19:30:24 | fitting.py:bspline_profile:1257 |                      3     0.978    51684    1.00                  
    INFO | 2026-08-23 19:30:24 | fitting.py:bspline_profile:1272 |                   DONE     0.978    51684    1.00                  
    INFO | 2026-08-23 19:30:24 | fitting.py:bspline_profile:1275 | *******************************************************************
    INFO | 2026-08-23 19:30:24 | find_objects.py:global_skysub:583 | Global sky subtraction for slit: 1995
    INFO | 2026-08-23 19:30:24 | skysub.py:global_skysub:195 | Full fit in global sky sub.
    INFO | 2026-08-23 19:30:24 | fitting.py:bspline_profile:1156 | B-spline fit:
    INFO | 2026-08-23 19:30:24 | fitting.py:bspline_profile:1157 |     npoly = 2 profile basis functions
    INFO | 2026-08-23 19:30:24 | fitting.py:bspline_profile:1158 |     ngood = 91773/143290 measurements
    INFO | 2026-08-23 19:30:24 | fitting.py:bspline_profile:1159 | ***************** Iter     Chi^2    N Rej  R. Fac *****************
    INFO | 2026-08-23 19:30:24 | fitting.py:bspline_profile:1163 |                   ----  --------  -------  ------                  
    INFO | 2026-08-23 19:30:25 | fitting.py:bspline_profile:1257 |                      1     1.004    51671    1.00                  
    INFO | 2026-08-23 19:30:25 | fitting.py:bspline_profile:1257 |                      2     0.982    51673    1.00                  
    INFO | 2026-08-23 19:30:25 | fitting.py:bspline_profile:1257 |                      3     0.982    51673    1.00                  
    INFO | 2026-08-23 19:30:25 | fitting.py:bspline_profile:1272 |                   DONE     0.982    51673    1.00                  
    INFO | 2026-08-23 19:30:25 | fitting.py:bspline_profile:1275 | *******************************************************************
    INFO | 2026-08-23 19:30:25 | find_objects.py:find_objects_pypeline:788 | Finding objects on slit # 60
    INFO | 2026-08-23 19:30:25 | findobj_skymask.py:objs_in_slit:2095 | No objects found automatically.  Consider manual extraction.
    INFO | 2026-08-23 19:30:25 | find_objects.py:find_objects_pypeline:788 | Finding objects on slit # 140
    INFO | 2026-08-23 19:30:25 | findobj_skymask.py:objs_in_slit:2095 | No objects found automatically.  Consider manual extraction.
    INFO | 2026-08-23 19:30:25 | find_objects.py:find_objects_pypeline:788 | Finding objects on slit # 216
    INFO | 2026-08-23 19:30:26 | findobj_skymask.py:objs_in_slit:2095 | No objects found automatically.  Consider manual extraction.
    INFO | 2026-08-23 19:30:26 | find_objects.py:find_objects_pypeline:788 | Finding objects on slit # 294
    INFO | 2026-08-23 19:30:26 | findobj_skymask.py:objs_in_slit:2095 | No objects found automatically.  Consider manual extraction.
    INFO | 2026-08-23 19:30:26 | find_objects.py:find_objects_pypeline:788 | Finding objects on slit # 368
    INFO | 2026-08-23 19:30:26 | findobj_skymask.py:objs_in_slit:2095 | No objects found automatically.  Consider manual extraction.
    INFO | 2026-08-23 19:30:26 | find_objects.py:find_objects_pypeline:788 | Finding objects on slit # 443
    INFO | 2026-08-23 19:30:26 | findobj_skymask.py:objs_in_slit:2095 | No objects found automatically.  Consider manual extraction.
    INFO | 2026-08-23 19:30:26 | find_objects.py:find_objects_pypeline:788 | Finding objects on slit # 516
    INFO | 2026-08-23 19:30:27 | findobj_skymask.py:objs_in_slit:2095 | No objects found automatically.  Consider manual extraction.
    INFO | 2026-08-23 19:30:27 | find_objects.py:find_objects_pypeline:788 | Finding objects on slit # 590
    INFO | 2026-08-23 19:30:27 | findobj_skymask.py:objs_in_slit:2095 | No objects found automatically.  Consider manual extraction.
    INFO | 2026-08-23 19:30:27 | find_objects.py:find_objects_pypeline:788 | Finding objects on slit # 663
    INFO | 2026-08-23 19:30:27 | findobj_skymask.py:objs_in_slit:2073 | Using slit edges as crutch for object tracing
    INFO | 2026-08-23 19:30:27 | findobj_skymask.py:objs_in_slit:2098 | Automatic finding routine found 1 objects
    INFO | 2026-08-23 19:30:27 | findobj_skymask.py:objs_in_slit:2102 | Fitting the traces
 WARNING | 2026-08-23 19:30:27 | polyutils.py:_fit:662 | RankWarning: The fit may be poorly conditioned
    INFO | 2026-08-23 19:30:27 | findobj_skymask.py:objs_in_slit:2254 | Successfully traced a total of 1 objects
    INFO | 2026-08-23 19:30:27 | find_objects.py:find_objects_pypeline:788 | Finding objects on slit # 737
    INFO | 2026-08-23 19:30:28 | findobj_skymask.py:objs_in_slit:2073 | Using slit edges as crutch for object tracing
    INFO | 2026-08-23 19:30:28 | findobj_skymask.py:objs_in_slit:2098 | Automatic finding routine found 1 objects
    INFO | 2026-08-23 19:30:28 | findobj_skymask.py:objs_in_slit:2102 | Fitting the traces
 WARNING | 2026-08-23 19:30:28 | polyutils.py:_fit:662 | RankWarning: The fit may be poorly conditioned
    INFO | 2026-08-23 19:30:28 | findobj_skymask.py:objs_in_slit:2254 | Successfully traced a total of 1 objects
    INFO | 2026-08-23 19:30:28 | find_objects.py:find_objects_pypeline:788 | Finding objects on slit # 811
    INFO | 2026-08-23 19:30:28 | findobj_skymask.py:objs_in_slit:2073 | Using slit edges as crutch for object tracing
    INFO | 2026-08-23 19:30:28 | findobj_skymask.py:objs_in_slit:2098 | Automatic finding routine found 1 objects
    INFO | 2026-08-23 19:30:28 | findobj_skymask.py:objs_in_slit:2102 | Fitting the traces
 WARNING | 2026-08-23 19:30:28 | polyutils.py:_fit:662 | RankWarning: The fit may be poorly conditioned
    INFO | 2026-08-23 19:30:28 | findobj_skymask.py:objs_in_slit:2254 | Successfully traced a total of 1 objects
    INFO | 2026-08-23 19:30:28 | find_objects.py:find_objects_pypeline:788 | Finding objects on slit # 885
    INFO | 2026-08-23 19:30:28 | findobj_skymask.py:objs_in_slit:2073 | Using slit edges as crutch for object tracing
    INFO | 2026-08-23 19:30:28 | findobj_skymask.py:objs_in_slit:2098 | Automatic finding routine found 2 objects
    INFO | 2026-08-23 19:30:28 | findobj_skymask.py:objs_in_slit:2102 | Fitting the traces
 WARNING | 2026-08-23 19:30:28 | polyutils.py:_fit:662 | RankWarning: The fit may be poorly conditioned
    INFO | 2026-08-23 19:30:29 | findobj_skymask.py:objs_in_slit:2254 | Successfully traced a total of 2 objects
    INFO | 2026-08-23 19:30:29 | find_objects.py:find_objects_pypeline:788 | Finding objects on slit # 1163
    INFO | 2026-08-23 19:30:29 | findobj_skymask.py:objs_in_slit:2073 | Using slit edges as crutch for object tracing
    INFO | 2026-08-23 19:30:29 | findobj_skymask.py:objs_in_slit:2098 | Automatic finding routine found 1 objects
    INFO | 2026-08-23 19:30:29 | findobj_skymask.py:objs_in_slit:2102 | Fitting the traces
 WARNING | 2026-08-23 19:30:29 | polyutils.py:_fit:662 | RankWarning: The fit may be poorly conditioned
    INFO | 2026-08-23 19:30:29 | findobj_skymask.py:objs_in_slit:2254 | Successfully traced a total of 1 objects
    INFO | 2026-08-23 19:30:29 | find_objects.py:find_objects_pypeline:788 | Finding objects on slit # 1237
    INFO | 2026-08-23 19:30:29 | findobj_skymask.py:objs_in_slit:2073 | Using slit edges as crutch for object tracing
    INFO | 2026-08-23 19:30:29 | findobj_skymask.py:objs_in_slit:2098 | Automatic finding routine found 1 objects
    INFO | 2026-08-23 19:30:29 | findobj_skymask.py:objs_in_slit:2102 | Fitting the traces
 WARNING | 2026-08-23 19:30:29 | polyutils.py:_fit:662 | RankWarning: The fit may be poorly conditioned
    INFO | 2026-08-23 19:30:30 | findobj_skymask.py:objs_in_slit:2254 | Successfully traced a total of 1 objects
    INFO | 2026-08-23 19:30:30 | find_objects.py:find_objects_pypeline:788 | Finding objects on slit # 1311
    INFO | 2026-08-23 19:30:30 | findobj_skymask.py:objs_in_slit:2073 | Using slit edges as crutch for object tracing
    INFO | 2026-08-23 19:30:30 | findobj_skymask.py:objs_in_slit:2098 | Automatic finding routine found 1 objects
    INFO | 2026-08-23 19:30:30 | findobj_skymask.py:objs_in_slit:2102 | Fitting the traces
 WARNING | 2026-08-23 19:30:30 | polyutils.py:_fit:662 | RankWarning: The fit may be poorly conditioned
    INFO | 2026-08-23 19:30:30 | findobj_skymask.py:objs_in_slit:2254 | Successfully traced a total of 1 objects
    INFO | 2026-08-23 19:30:30 | find_objects.py:find_objects_pypeline:788 | Finding objects on slit # 1385
    INFO | 2026-08-23 19:30:30 | findobj_skymask.py:objs_in_slit:2073 | Using slit edges as crutch for object tracing
    INFO | 2026-08-23 19:30:30 | findobj_skymask.py:objs_in_slit:2098 | Automatic finding routine found 2 objects
    INFO | 2026-08-23 19:30:30 | findobj_skymask.py:objs_in_slit:2102 | Fitting the traces
 WARNING | 2026-08-23 19:30:30 | polyutils.py:_fit:662 | RankWarning: The fit may be poorly conditioned
    INFO | 2026-08-23 19:30:31 | findobj_skymask.py:objs_in_slit:2254 | Successfully traced a total of 2 objects
    INFO | 2026-08-23 19:30:31 | find_objects.py:find_objects_pypeline:788 | Finding objects on slit # 1458
    INFO | 2026-08-23 19:30:31 | findobj_skymask.py:objs_in_slit:2073 | Using slit edges as crutch for object tracing
    INFO | 2026-08-23 19:30:31 | findobj_skymask.py:objs_in_slit:2098 | Automatic finding routine found 2 objects
    INFO | 2026-08-23 19:30:31 | findobj_skymask.py:objs_in_slit:2102 | Fitting the traces
 WARNING | 2026-08-23 19:30:31 | polyutils.py:_fit:662 | RankWarning: The fit may be poorly conditioned
    INFO | 2026-08-23 19:30:31 | findobj_skymask.py:objs_in_slit:2254 | Successfully traced a total of 2 objects
    INFO | 2026-08-23 19:30:31 | find_objects.py:find_objects_pypeline:788 | Finding objects on slit # 1533
    INFO | 2026-08-23 19:30:31 | findobj_skymask.py:objs_in_slit:2095 | No objects found automatically.  Consider manual extraction.
    INFO | 2026-08-23 19:30:31 | find_objects.py:find_objects_pypeline:788 | Finding objects on slit # 1606
 WARNING | 2026-08-23 19:30:32 | findobj_skymask.py:objs_in_slit:2000 | Discarding 1 at spatial pixels spat = [67.75050942] which land within trim_edg = (left, right) = [5, 5] pixels from the slit boundary for this nsamp = 70.00 wide slit
 WARNING | 2026-08-23 19:30:32 | findobj_skymask.py:objs_in_slit:2004 | You must decrease from the current value of trim_edg in order to keep them
 WARNING | 2026-08-23 19:30:32 | findobj_skymask.py:objs_in_slit:2005 | Such edge objects are often spurious
    INFO | 2026-08-23 19:30:32 | findobj_skymask.py:objs_in_slit:2095 | No objects found automatically.  Consider manual extraction.
    INFO | 2026-08-23 19:30:32 | find_objects.py:find_objects_pypeline:788 | Finding objects on slit # 1682
 WARNING | 2026-08-23 19:30:32 | findobj_skymask.py:objs_in_slit:2000 | Discarding 1 at spatial pixels spat = [67.12381991] which land within trim_edg = (left, right) = [5, 5] pixels from the slit boundary for this nsamp = 70.00 wide slit
 WARNING | 2026-08-23 19:30:32 | findobj_skymask.py:objs_in_slit:2004 | You must decrease from the current value of trim_edg in order to keep them
 WARNING | 2026-08-23 19:30:32 | findobj_skymask.py:objs_in_slit:2005 | Such edge objects are often spurious
    INFO | 2026-08-23 19:30:32 | findobj_skymask.py:objs_in_slit:2095 | No objects found automatically.  Consider manual extraction.
    INFO | 2026-08-23 19:30:32 | find_objects.py:find_objects_pypeline:788 | Finding objects on slit # 1757
    INFO | 2026-08-23 19:30:32 | findobj_skymask.py:objs_in_slit:2095 | No objects found automatically.  Consider manual extraction.
    INFO | 2026-08-23 19:30:32 | find_objects.py:find_objects_pypeline:788 | Finding objects on slit # 1836
    INFO | 2026-08-23 19:30:32 | findobj_skymask.py:objs_in_slit:2095 | No objects found automatically.  Consider manual extraction.
    INFO | 2026-08-23 19:30:32 | find_objects.py:find_objects_pypeline:788 | Finding objects on slit # 1913
    INFO | 2026-08-23 19:30:33 | findobj_skymask.py:objs_in_slit:2095 | No objects found automatically.  Consider manual extraction.
    INFO | 2026-08-23 19:30:33 | find_objects.py:find_objects_pypeline:788 | Finding objects on slit # 1995
    INFO | 2026-08-23 19:30:33 | findobj_skymask.py:objs_in_slit:2095 | No objects found automatically.  Consider manual extraction.
    INFO | 2026-08-23 19:30:33 | find_objects.py:run:373 | Either no objects were found or a user-provided sky mask was used.  Skipping second pass of sky-subtraction and object finding.
    INFO | 2026-08-23 19:30:33 | datamodel.py:from_file:1558 | Loading BiasImage from /Users/kaiwenzhang/PycharmProjects/KCWI/KCWI_RED_channel_characterization/RH1 pypeit run/2023-11-07/pypeit_run/keck_kcrm_B/Calibrations/Bias_B_1_DET01.fits
 WARNING | 2026-08-23 19:30:33 | calibrations.py:get_dark:606 | No raw dark frames found and unable to identify a relevant processed calibration frame.  Continuing...
    INFO | 2026-08-23 19:30:33 | keck_kcwi.py:get_rawimage:1426 | Reading KCWI file: /Users/kaiwenzhang/PycharmProjects/KCWI/KCWI_RED_channel_characterization/fits/by_night/RH1/2023-11-07/KR.20231108.54782.48.fits
    INFO | 2026-08-23 19:30:33 | datamodel.py:from_file:1558 | Loading ArcImage from /Users/kaiwenzhang/PycharmProjects/KCWI/KCWI_RED_channel_characterization/RH1 pypeit run/2023-11-07/pypeit_run/keck_kcrm_B/Calibrations/Arc_B_1_DET01.fits
    INFO | 2026-08-23 19:30:33 | datamodel.py:from_file:1558 | Loading TiltImage from /Users/kaiwenzhang/PycharmProjects/KCWI/KCWI_RED_channel_characterization/RH1 pypeit run/2023-11-07/pypeit_run/keck_kcrm_B/Calibrations/Tiltimg_B_1_DET01.fits
    INFO | 2026-08-23 19:30:33 | datamodel.py:from_file:1558 | Loading SlitTraceSet from /Users/kaiwenzhang/PycharmProjects/KCWI/KCWI_RED_channel_characterization/RH1 pypeit run/2023-11-07/pypeit_run/keck_kcrm_B/Calibrations/Slits_B_1_DET01.fits.gz
    INFO | 2026-08-23 19:30:33 | datamodel.py:from_file:1558 | Loading WaveCalib from /Users/kaiwenzhang/PycharmProjects/KCWI/KCWI_RED_channel_characterization/RH1 pypeit run/2023-11-07/pypeit_run/keck_kcrm_B/Calibrations/WaveCalib_B_1_DET01.fits
    INFO | 2026-08-23 19:30:33 | datamodel.py:from_file:1558 | Loading WaveTilts from /Users/kaiwenzhang/PycharmProjects/KCWI/KCWI_RED_channel_characterization/RH1 pypeit run/2023-11-07/pypeit_run/keck_kcrm_B/Calibrations/Tilts_B_1_DET01.fits
    INFO | 2026-08-23 19:30:33 | datamodel.py:from_file:1558 | Loading Alignments from /Users/kaiwenzhang/PycharmProjects/KCWI/KCWI_RED_channel_characterization/RH1 pypeit run/2023-11-07/pypeit_run/keck_kcrm_B/Calibrations/Alignment_B_1_DET01.fits
    INFO | 2026-08-23 19:30:33 | datamodel.py:from_file:1558 | Loading ScatteredLight from /Users/kaiwenzhang/PycharmProjects/KCWI/KCWI_RED_channel_characterization/RH1 pypeit run/2023-11-07/pypeit_run/keck_kcrm_B/Calibrations/ScatteredLight_B_1_DET01.fits.gz
    INFO | 2026-08-23 19:30:34 | datamodel.py:from_file:1558 | Loading FlatImages from /Users/kaiwenzhang/PycharmProjects/KCWI/KCWI_RED_channel_characterization/RH1 pypeit run/2023-11-07/pypeit_run/keck_kcrm_B/Calibrations/Flat_B_1_DET01.fits
    INFO | 2026-08-23 19:30:34 | calibrations.py:run_the_steps:1459 | Calibration complete and/or fully loaded!
    INFO | 2026-08-23 19:30:34 | calibrations.py:run_the_steps:1460 | #######################################################################
    INFO | 2026-08-23 19:30:34 | pypeit_steps.py:extract_det:732 | Extraction skipped for KR.20231108.54782.48-g191b2b_KCRM_20231108T151302.525 on det=1
    INFO | 2026-08-23 19:30:34 | wavetilts.py:fit2tiltimg:143 | Generating a tilts image from the fit parameters
    INFO | 2026-08-23 19:30:41 | pypeit_steps.py:refframe_correct:906 | Performing a heliocentric correction
    INFO | 2026-08-23 19:30:41 | pypeit_steps.py:refframe_correct:915 | Applying heliocentric correction = 14.44069 km/s
    INFO | 2026-08-23 19:30:43 | spec2dobj.py:write_to_fits:721 | Wrote: /Users/kaiwenzhang/PycharmProjects/KCWI/KCWI_RED_channel_characterization/RH1 pypeit run/2023-11-07/pypeit_run/keck_kcrm_B/Science/spec2d_KR.20231108.54782.48-g191b2b_KCRM_20231108T151302.525.fits
    INFO | 2026-08-23 19:30:43 | pypeit.py:reduce_all:232 | Finished calibration group 1
    INFO | 2026-08-23 19:30:43 | pypeit.py:print_end_time:243 | Execution time: 3m 26.48s
    INFO | 2026-08-23 19:30:43 | run_pypeit.py:main:97 | Data reduction complete
    INFO | 2026-08-23 19:30:43 | run_pypeit.py:main:100 | Generating QA HTML
