    INFO | 2026-08-27 07:50:17 | inputfiles.py:from_file:136 | Loading the reduction file
    INFO | 2026-08-27 07:50:17 | inputfiles.py:from_file:214 | PypeIt input file loaded successfully.
    INFO | 2026-08-27 07:50:17 | inputfiles.py:vet:685 | PypeIt file successfully vetted.
    INFO | 2026-08-27 07:50:17 | pypeit.py:__init__:82 | Loaded spectrograph keck_kcrm
    INFO | 2026-08-27 07:50:17 | pypeit.py:__init__:83 | Setting configuration-specific parameters using KR.20241225.57431.46.fits.
 WARNING | 2026-08-27 07:50:17 | parset.py:to_config:662 | Selected configuration file already exists and will be overwritten!
    INFO | 2026-08-27 07:50:17 | pypeit.py:__init__:99 | Compiling metadata
    INFO | 2026-08-27 07:50:17 | metadata.py:_build:206 | Building metadata for 29 files.
    INFO | 2026-08-27 07:50:17 | metadata.py:_build:235 | Adding metadata for KR.20241225.09052.70.fits
    INFO | 2026-08-27 07:50:17 | metadata.py:_build:235 | Adding metadata for KR.20241225.09176.12.fits
    INFO | 2026-08-27 07:50:17 | metadata.py:_build:235 | Adding metadata for KR.20241225.09297.50.fits
    INFO | 2026-08-27 07:50:17 | metadata.py:_build:235 | Adding metadata for KR.20241225.09390.32.fits
    INFO | 2026-08-27 07:50:17 | metadata.py:_build:235 | Adding metadata for KR.20241225.09446.42.fits
    INFO | 2026-08-27 07:50:17 | metadata.py:_build:235 | Adding metadata for KR.20241225.09503.54.fits
    INFO | 2026-08-27 07:50:17 | metadata.py:_build:235 | Adding metadata for KR.20241225.07706.30.fits
    INFO | 2026-08-27 07:50:17 | metadata.py:_build:235 | Adding metadata for KR.20241225.07808.30.fits
    INFO | 2026-08-27 07:50:17 | metadata.py:_build:235 | Adding metadata for KR.20241225.07910.30.fits
    INFO | 2026-08-27 07:50:17 | metadata.py:_build:235 | Adding metadata for KR.20241225.08011.28.fits
    INFO | 2026-08-27 07:50:17 | metadata.py:_build:235 | Adding metadata for KR.20241225.08113.28.fits
    INFO | 2026-08-27 07:50:17 | metadata.py:_build:235 | Adding metadata for KR.20241225.08215.28.fits
    INFO | 2026-08-27 07:50:17 | metadata.py:_build:235 | Adding metadata for KR.20241225.08317.28.fits
    INFO | 2026-08-27 07:50:17 | metadata.py:_build:235 | Adding metadata for KR.20241225.11175.33.fits
    INFO | 2026-08-27 07:50:17 | metadata.py:_build:235 | Adding metadata for KR.20241225.11516.40.fits
    INFO | 2026-08-27 07:50:17 | metadata.py:_build:235 | Adding metadata for KR.20241225.11858.76.fits
    INFO | 2026-08-27 07:50:17 | metadata.py:_build:235 | Adding metadata for KR.20241225.09840.14.fits
    INFO | 2026-08-27 07:50:17 | metadata.py:_build:235 | Adding metadata for KR.20241225.10023.74.fits
    INFO | 2026-08-27 07:50:17 | metadata.py:_build:235 | Adding metadata for KR.20241225.10205.30.fits
    INFO | 2026-08-27 07:50:17 | metadata.py:_build:235 | Adding metadata for KR.20241225.10387.88.fits
    INFO | 2026-08-27 07:50:17 | metadata.py:_build:235 | Adding metadata for KR.20241225.10569.44.fits
    INFO | 2026-08-27 07:50:17 | metadata.py:_build:235 | Adding metadata for KR.20241225.10752.20.fits
    INFO | 2026-08-27 07:50:17 | metadata.py:_build:235 | Adding metadata for KR.20241225.57431.46.fits
    INFO | 2026-08-27 07:50:17 | metadata.py:_build:235 | Adding metadata for KR.20241225.57657.90.fits
    INFO | 2026-08-27 07:50:17 | metadata.py:_build:235 | Adding metadata for KR.20241225.57780.30.fits
    INFO | 2026-08-27 07:50:17 | metadata.py:_build:235 | Adding metadata for KR.20241225.57901.68.fits
    INFO | 2026-08-27 07:50:17 | metadata.py:_build:235 | Adding metadata for KR.20241225.09580.40.fits
    INFO | 2026-08-27 07:50:17 | metadata.py:_build:235 | Adding metadata for KR.20241225.09637.16.fits
    INFO | 2026-08-27 07:50:17 | metadata.py:_build:235 | Adding metadata for KR.20241225.09694.28.fits
 WARNING | 2026-08-27 07:50:17 | metadata.py:_vet_instrument:180 | The instrument name in the headers of the raw files does not match the expected one! Found KCWI, expected KCRM.  You may have chosen the wrong PypeIt spectrograph name!
 WARNING | 2026-08-27 07:50:17 | metadata.py:get_frame_types:1384 | Removing existing frametype and framebit columns.
    INFO | 2026-08-27 07:50:17 | metadata.py:get_frame_types:1391 | Typing files
    INFO | 2026-08-27 07:50:17 | metadata.py:get_frame_types:1401 | Using user-provided frame types.
    INFO | 2026-08-27 07:50:17 | calibrations.py:check_for_calibs:1862 | Congrats!!  You passed the calibrations inspection!!
    INFO | 2026-08-27 07:50:17 | metadata.py:unique_configurations:696 | Setup column already set.  Finding unique configurations.
    INFO | 2026-08-27 07:50:17 | metadata.py:unique_configurations:706 | Found 1 unique configurations.
    INFO | 2026-08-27 07:50:17 | calibrations.py:association_summary:1731 | Calibration association file written to: /Users/kaiwenzhang/PycharmProjects/KCWI/KCWI_RED_channel_characterization/RM2 pypeit run/2024-12-24/pypeit_run/keck_kcrm_A/keck_kcrm_A.calib
    INFO | 2026-08-27 07:50:17 | pypeit.py:__init__:133 | Setting reduction path to /Users/kaiwenzhang/PycharmProjects/KCWI/KCWI_RED_channel_characterization/RM2 pypeit run/2024-12-24/pypeit_run/keck_kcrm_A
    INFO | 2026-08-27 07:50:17 | pypeit.py:__init__:134 | Calibration frames saved to: /Users/kaiwenzhang/PycharmProjects/KCWI/KCWI_RED_channel_characterization/RM2 pypeit run/2024-12-24/pypeit_run/keck_kcrm_A/Calibrations
    INFO | 2026-08-27 07:50:17 | pypeit.py:__init__:135 | Science data output to: /Users/kaiwenzhang/PycharmProjects/KCWI/KCWI_RED_channel_characterization/RM2 pypeit run/2024-12-24/pypeit_run/keck_kcrm_A/Science
    INFO | 2026-08-27 07:50:17 | pypeit.py:__init__:136 | Quality assessment plots output to: /Users/kaiwenzhang/PycharmProjects/KCWI/KCWI_RED_channel_characterization/RM2 pypeit run/2024-12-24/pypeit_run/keck_kcrm_A/QA
    INFO | 2026-08-27 07:50:17 | pypeit.py:reduce_calibID:311 | Found 4 science frames in calibration group 0.
    INFO | 2026-08-27 07:50:17 | exposure.py:reduce_exposure:406 | Reducing target feige 34
Combining frames:
KR.20241225.57431.46.fits

    INFO | 2026-08-27 07:50:17 | exposure.py:reduce_exposure:417 | Detectors to work on: [1]
    INFO | 2026-08-27 07:50:17 | exposure.py:reduce_exposure:422 | Calibrating detector 1
    INFO | 2026-08-27 07:50:17 | pypeit_steps.py:calib_one:173 | Building/loading calibrations for detector 1
    INFO | 2026-08-27 07:50:17 | datamodel.py:from_file:1558 | Loading BiasImage from /Users/kaiwenzhang/PycharmProjects/KCWI/KCWI_RED_channel_characterization/RM2 pypeit run/2024-12-24/pypeit_run/keck_kcrm_A/Calibrations/Bias_A_0_DET01.fits
 WARNING | 2026-08-27 07:50:17 | calibrations.py:get_dark:606 | No raw dark frames found and unable to identify a relevant processed calibration frame.  Continuing...
    INFO | 2026-08-27 07:50:17 | keck_kcwi.py:get_rawimage:1426 | Reading KCWI file: /Users/kaiwenzhang/PycharmProjects/KCWI/KCWI_RED_channel_characterization/fits/by_night/RM2/2024-12-24/KR.20241225.09052.70.fits
 WARNING | 2026-08-27 07:50:18 | keck_kcwi.py:bpm:820 | KCRM bad pixel mask is not available for ampmode=L2U2L1U1 binning=1,1
    INFO | 2026-08-27 07:50:18 | datamodel.py:from_file:1558 | Loading ArcImage from /Users/kaiwenzhang/PycharmProjects/KCWI/KCWI_RED_channel_characterization/RM2 pypeit run/2024-12-24/pypeit_run/keck_kcrm_A/Calibrations/Arc_A_0_DET01.fits
    INFO | 2026-08-27 07:50:18 | datamodel.py:from_file:1558 | Loading TiltImage from /Users/kaiwenzhang/PycharmProjects/KCWI/KCWI_RED_channel_characterization/RM2 pypeit run/2024-12-24/pypeit_run/keck_kcrm_A/Calibrations/Tiltimg_A_0_DET01.fits
    INFO | 2026-08-27 07:50:18 | datamodel.py:from_file:1558 | Loading SlitTraceSet from /Users/kaiwenzhang/PycharmProjects/KCWI/KCWI_RED_channel_characterization/RM2 pypeit run/2024-12-24/pypeit_run/keck_kcrm_A/Calibrations/Slits_A_0_DET01.fits.gz
    INFO | 2026-08-27 07:50:19 | datamodel.py:from_file:1558 | Loading WaveCalib from /Users/kaiwenzhang/PycharmProjects/KCWI/KCWI_RED_channel_characterization/RM2 pypeit run/2024-12-24/pypeit_run/keck_kcrm_A/Calibrations/WaveCalib_A_0_DET01.fits
    INFO | 2026-08-27 07:50:19 | datamodel.py:from_file:1558 | Loading WaveTilts from /Users/kaiwenzhang/PycharmProjects/KCWI/KCWI_RED_channel_characterization/RM2 pypeit run/2024-12-24/pypeit_run/keck_kcrm_A/Calibrations/Tilts_A_0_DET01.fits
    INFO | 2026-08-27 07:50:19 | datamodel.py:from_file:1558 | Loading Alignments from /Users/kaiwenzhang/PycharmProjects/KCWI/KCWI_RED_channel_characterization/RM2 pypeit run/2024-12-24/pypeit_run/keck_kcrm_A/Calibrations/Alignment_A_0_DET01.fits
    INFO | 2026-08-27 07:50:20 | datamodel.py:from_file:1558 | Loading ScatteredLight from /Users/kaiwenzhang/PycharmProjects/KCWI/KCWI_RED_channel_characterization/RM2 pypeit run/2024-12-24/pypeit_run/keck_kcrm_A/Calibrations/ScatteredLight_A_0_DET01.fits.gz
    INFO | 2026-08-27 07:50:21 | datamodel.py:from_file:1558 | Loading FlatImages from /Users/kaiwenzhang/PycharmProjects/KCWI/KCWI_RED_channel_characterization/RM2 pypeit run/2024-12-24/pypeit_run/keck_kcrm_A/Calibrations/Flat_A_0_DET01.fits
    INFO | 2026-08-27 07:50:25 | calibrations.py:run_the_steps:1459 | Calibration complete and/or fully loaded!
    INFO | 2026-08-27 07:50:25 | calibrations.py:run_the_steps:1460 | #######################################################################
    INFO | 2026-08-27 07:50:25 | exposure.py:process_exposure:126 | Reducing detector 1
    INFO | 2026-08-27 07:50:25 | datamodel.py:from_file:1558 | Loading BiasImage from /Users/kaiwenzhang/PycharmProjects/KCWI/KCWI_RED_channel_characterization/RM2 pypeit run/2024-12-24/pypeit_run/keck_kcrm_A/Calibrations/Bias_A_0_DET01.fits
 WARNING | 2026-08-27 07:50:26 | calibrations.py:get_dark:606 | No raw dark frames found and unable to identify a relevant processed calibration frame.  Continuing...
    INFO | 2026-08-27 07:50:26 | keck_kcwi.py:get_rawimage:1426 | Reading KCWI file: /Users/kaiwenzhang/PycharmProjects/KCWI/KCWI_RED_channel_characterization/fits/by_night/RM2/2024-12-24/KR.20241225.57431.46.fits
    INFO | 2026-08-27 07:50:26 | datamodel.py:from_file:1558 | Loading ArcImage from /Users/kaiwenzhang/PycharmProjects/KCWI/KCWI_RED_channel_characterization/RM2 pypeit run/2024-12-24/pypeit_run/keck_kcrm_A/Calibrations/Arc_A_0_DET01.fits
    INFO | 2026-08-27 07:50:26 | datamodel.py:from_file:1558 | Loading TiltImage from /Users/kaiwenzhang/PycharmProjects/KCWI/KCWI_RED_channel_characterization/RM2 pypeit run/2024-12-24/pypeit_run/keck_kcrm_A/Calibrations/Tiltimg_A_0_DET01.fits
    INFO | 2026-08-27 07:50:26 | datamodel.py:from_file:1558 | Loading SlitTraceSet from /Users/kaiwenzhang/PycharmProjects/KCWI/KCWI_RED_channel_characterization/RM2 pypeit run/2024-12-24/pypeit_run/keck_kcrm_A/Calibrations/Slits_A_0_DET01.fits.gz
    INFO | 2026-08-27 07:50:26 | datamodel.py:from_file:1558 | Loading WaveCalib from /Users/kaiwenzhang/PycharmProjects/KCWI/KCWI_RED_channel_characterization/RM2 pypeit run/2024-12-24/pypeit_run/keck_kcrm_A/Calibrations/WaveCalib_A_0_DET01.fits
    INFO | 2026-08-27 07:50:27 | datamodel.py:from_file:1558 | Loading WaveTilts from /Users/kaiwenzhang/PycharmProjects/KCWI/KCWI_RED_channel_characterization/RM2 pypeit run/2024-12-24/pypeit_run/keck_kcrm_A/Calibrations/Tilts_A_0_DET01.fits
    INFO | 2026-08-27 07:50:27 | datamodel.py:from_file:1558 | Loading Alignments from /Users/kaiwenzhang/PycharmProjects/KCWI/KCWI_RED_channel_characterization/RM2 pypeit run/2024-12-24/pypeit_run/keck_kcrm_A/Calibrations/Alignment_A_0_DET01.fits
    INFO | 2026-08-27 07:50:27 | datamodel.py:from_file:1558 | Loading ScatteredLight from /Users/kaiwenzhang/PycharmProjects/KCWI/KCWI_RED_channel_characterization/RM2 pypeit run/2024-12-24/pypeit_run/keck_kcrm_A/Calibrations/ScatteredLight_A_0_DET01.fits.gz
    INFO | 2026-08-27 07:50:28 | datamodel.py:from_file:1558 | Loading FlatImages from /Users/kaiwenzhang/PycharmProjects/KCWI/KCWI_RED_channel_characterization/RM2 pypeit run/2024-12-24/pypeit_run/keck_kcrm_A/Calibrations/Flat_A_0_DET01.fits
    INFO | 2026-08-27 07:50:33 | calibrations.py:run_the_steps:1459 | Calibration complete and/or fully loaded!
    INFO | 2026-08-27 07:50:33 | calibrations.py:run_the_steps:1460 | #######################################################################
    INFO | 2026-08-27 07:50:33 | pypeit_steps.py:process_one_det:260 | Image processing begins for KR.20241225.57431.46-feige34_KCRM_20241225T155711.462 on det=1
    INFO | 2026-08-27 07:50:33 | keck_kcwi.py:get_rawimage:1426 | Reading KCWI file: /Users/kaiwenzhang/PycharmProjects/KCWI/KCWI_RED_channel_characterization/fits/by_night/RM2/2024-12-24/KR.20241225.57431.46.fits
    INFO | 2026-08-27 07:50:33 | rawimage.py:process:564 | Performing basic image processing on KR.20241225.57431.46.fits.
    INFO | 2026-08-27 07:50:33 | rawimage.py:estimate_readnoise:359 | Estimated readnoise of amplifier 1 = 3.723 e-
    INFO | 2026-08-27 07:50:33 | rawimage.py:estimate_readnoise:359 | Estimated readnoise of amplifier 2 = 3.749 e-
    INFO | 2026-08-27 07:50:51 | procimg.py:lacosmic:170 | Detecting cosmic rays with the L.A.Cosmic algorithm
    INFO | 2026-08-27 07:50:51 | procimg.py:lacosmic:218 | Convolving image with Laplacian kernel
    INFO | 2026-08-27 07:50:58 | procimg.py:lacosmic:229 | Found 4860 candidate cosmic-ray pixels
    INFO | 2026-08-27 07:50:58 | procimg.py:lacosmic:235 | Reduced to 4860 candidates after excluding known bad pixels.
    INFO | 2026-08-27 07:51:09 | procimg.py:lacosmic:246 | Reduced to 1228 candidates after excluding compact objects.
    INFO | 2026-08-27 07:51:09 | procimg.py:lacosmic:250 | Finding neighboring pixels affected by cosmic rays
    INFO | 2026-08-27 07:51:09 | procimg.py:lacosmic:260 | Changed to 3619 candidates after evaluating neighboring pixels.
    INFO | 2026-08-27 07:51:09 | procimg.py:lacosmic:266 | Reduced to 3619 candidates after excluding known bad pixels.
    INFO | 2026-08-27 07:51:09 | procimg.py:lacosmic:271 | Iteration 1: 3619 pixels identified as cosmic rays (3619 are new)
    INFO | 2026-08-27 07:51:12 | procimg.py:lacosmic:300 | 3512 pixels identified as cosmic rays after removing false positives
    INFO | 2026-08-27 07:51:12 | pypeit_steps.py:findobj_on_det:381 | Object finding begins for KR.20241225.57431.46-feige34_KCRM_20241225T155711.462 on det=1
    INFO | 2026-08-27 07:51:12 | datamodel.py:from_file:1558 | Loading BiasImage from /Users/kaiwenzhang/PycharmProjects/KCWI/KCWI_RED_channel_characterization/RM2 pypeit run/2024-12-24/pypeit_run/keck_kcrm_A/Calibrations/Bias_A_0_DET01.fits
 WARNING | 2026-08-27 07:51:13 | calibrations.py:get_dark:606 | No raw dark frames found and unable to identify a relevant processed calibration frame.  Continuing...
    INFO | 2026-08-27 07:51:13 | keck_kcwi.py:get_rawimage:1426 | Reading KCWI file: /Users/kaiwenzhang/PycharmProjects/KCWI/KCWI_RED_channel_characterization/fits/by_night/RM2/2024-12-24/KR.20241225.57431.46.fits
    INFO | 2026-08-27 07:51:13 | datamodel.py:from_file:1558 | Loading ArcImage from /Users/kaiwenzhang/PycharmProjects/KCWI/KCWI_RED_channel_characterization/RM2 pypeit run/2024-12-24/pypeit_run/keck_kcrm_A/Calibrations/Arc_A_0_DET01.fits
    INFO | 2026-08-27 07:51:13 | datamodel.py:from_file:1558 | Loading TiltImage from /Users/kaiwenzhang/PycharmProjects/KCWI/KCWI_RED_channel_characterization/RM2 pypeit run/2024-12-24/pypeit_run/keck_kcrm_A/Calibrations/Tiltimg_A_0_DET01.fits
    INFO | 2026-08-27 07:51:14 | datamodel.py:from_file:1558 | Loading SlitTraceSet from /Users/kaiwenzhang/PycharmProjects/KCWI/KCWI_RED_channel_characterization/RM2 pypeit run/2024-12-24/pypeit_run/keck_kcrm_A/Calibrations/Slits_A_0_DET01.fits.gz
    INFO | 2026-08-27 07:51:14 | datamodel.py:from_file:1558 | Loading WaveCalib from /Users/kaiwenzhang/PycharmProjects/KCWI/KCWI_RED_channel_characterization/RM2 pypeit run/2024-12-24/pypeit_run/keck_kcrm_A/Calibrations/WaveCalib_A_0_DET01.fits
    INFO | 2026-08-27 07:51:14 | datamodel.py:from_file:1558 | Loading WaveTilts from /Users/kaiwenzhang/PycharmProjects/KCWI/KCWI_RED_channel_characterization/RM2 pypeit run/2024-12-24/pypeit_run/keck_kcrm_A/Calibrations/Tilts_A_0_DET01.fits
    INFO | 2026-08-27 07:51:14 | datamodel.py:from_file:1558 | Loading Alignments from /Users/kaiwenzhang/PycharmProjects/KCWI/KCWI_RED_channel_characterization/RM2 pypeit run/2024-12-24/pypeit_run/keck_kcrm_A/Calibrations/Alignment_A_0_DET01.fits
    INFO | 2026-08-27 07:51:14 | datamodel.py:from_file:1558 | Loading ScatteredLight from /Users/kaiwenzhang/PycharmProjects/KCWI/KCWI_RED_channel_characterization/RM2 pypeit run/2024-12-24/pypeit_run/keck_kcrm_A/Calibrations/ScatteredLight_A_0_DET01.fits.gz
    INFO | 2026-08-27 07:51:16 | datamodel.py:from_file:1558 | Loading FlatImages from /Users/kaiwenzhang/PycharmProjects/KCWI/KCWI_RED_channel_characterization/RM2 pypeit run/2024-12-24/pypeit_run/keck_kcrm_A/Calibrations/Flat_A_0_DET01.fits
    INFO | 2026-08-27 07:51:20 | calibrations.py:run_the_steps:1459 | Calibration complete and/or fully loaded!
    INFO | 2026-08-27 07:51:20 | calibrations.py:run_the_steps:1460 | #######################################################################
    INFO | 2026-08-27 07:51:20 | pypeit_steps.py:findobj_on_det:387 | Reducing detector 1
    INFO | 2026-08-27 07:51:20 | pypeit_steps.py:load_skyregions:606 | Generating skysub mask based on the user defined regions: :40,66:
    INFO | 2026-08-27 07:51:23 | find_objects.py:__init__:164 | Initializing slits
    INFO | 2026-08-27 07:51:24 | find_objects.py:__init__:232 | Generating tilts image from fit in waveTilts
    INFO | 2026-08-27 07:51:24 | wavetilts.py:fit2tiltimg:143 | Generating a tilts image from the fit parameters
    INFO | 2026-08-27 07:52:11 | find_objects.py:global_skysub:583 | Global sky subtraction for slit: 106
    INFO | 2026-08-27 07:52:12 | skysub.py:global_skysub:195 | Full fit in global sky sub.
    INFO | 2026-08-27 07:52:12 | fitting.py:bspline_profile:1156 | B-spline fit:
    INFO | 2026-08-27 07:52:12 | fitting.py:bspline_profile:1157 |     npoly = 3 profile basis functions
    INFO | 2026-08-27 07:52:12 | fitting.py:bspline_profile:1158 |     ngood = 400233/575376 measurements
    INFO | 2026-08-27 07:52:12 | fitting.py:bspline_profile:1159 | ***************** Iter     Chi^2    N Rej  R. Fac *****************
    INFO | 2026-08-27 07:52:12 | fitting.py:bspline_profile:1163 |                   ----  --------  -------  ------                  
    INFO | 2026-08-27 07:52:13 | fitting.py:bspline_profile:1257 |                      1     0.874   175498    1.00                  
    INFO | 2026-08-27 07:52:14 | fitting.py:bspline_profile:1257 |                      2     0.863   175506    1.00                  
    INFO | 2026-08-27 07:52:15 | fitting.py:bspline_profile:1257 |                      3     0.863   175506    1.00                  
    INFO | 2026-08-27 07:52:15 | fitting.py:bspline_profile:1272 |                   DONE     0.863   175506    1.00                  
    INFO | 2026-08-27 07:52:15 | fitting.py:bspline_profile:1275 | *******************************************************************
    INFO | 2026-08-27 07:52:15 | find_objects.py:global_skysub:583 | Global sky subtraction for slit: 264
    INFO | 2026-08-27 07:52:15 | skysub.py:global_skysub:195 | Full fit in global sky sub.
    INFO | 2026-08-27 07:52:15 | fitting.py:bspline_profile:1156 | B-spline fit:
    INFO | 2026-08-27 07:52:15 | fitting.py:bspline_profile:1157 |     npoly = 3 profile basis functions
    INFO | 2026-08-27 07:52:15 | fitting.py:bspline_profile:1158 |     ngood = 401211/576571 measurements
    INFO | 2026-08-27 07:52:15 | fitting.py:bspline_profile:1159 | ***************** Iter     Chi^2    N Rej  R. Fac *****************
    INFO | 2026-08-27 07:52:15 | fitting.py:bspline_profile:1163 |                   ----  --------  -------  ------                  
    INFO | 2026-08-27 07:52:16 | fitting.py:bspline_profile:1257 |                      1     1.091   176155    1.00                  
    INFO | 2026-08-27 07:52:17 | fitting.py:bspline_profile:1257 |                      2     0.861   176170    1.00                  
    INFO | 2026-08-27 07:52:17 | fitting.py:bspline_profile:1257 |                      3     0.860   176170    1.00                  
    INFO | 2026-08-27 07:52:17 | fitting.py:bspline_profile:1272 |                   DONE     0.860   176170    1.00                  
    INFO | 2026-08-27 07:52:17 | fitting.py:bspline_profile:1275 | *******************************************************************
    INFO | 2026-08-27 07:52:17 | find_objects.py:global_skysub:583 | Global sky subtraction for slit: 421
    INFO | 2026-08-27 07:52:18 | skysub.py:global_skysub:195 | Full fit in global sky sub.
    INFO | 2026-08-27 07:52:18 | fitting.py:bspline_profile:1156 | B-spline fit:
    INFO | 2026-08-27 07:52:18 | fitting.py:bspline_profile:1157 |     npoly = 3 profile basis functions
    INFO | 2026-08-27 07:52:18 | fitting.py:bspline_profile:1158 |     ngood = 402351/577163 measurements
    INFO | 2026-08-27 07:52:18 | fitting.py:bspline_profile:1159 | ***************** Iter     Chi^2    N Rej  R. Fac *****************
    INFO | 2026-08-27 07:52:18 | fitting.py:bspline_profile:1163 |                   ----  --------  -------  ------                  
    INFO | 2026-08-27 07:52:19 | fitting.py:bspline_profile:1257 |                      1     0.896   175231    1.00                  
    INFO | 2026-08-27 07:52:19 | fitting.py:bspline_profile:1257 |                      2     0.859   175239    1.00                  
    INFO | 2026-08-27 07:52:20 | fitting.py:bspline_profile:1257 |                      3     0.859   175239    1.00                  
    INFO | 2026-08-27 07:52:20 | fitting.py:bspline_profile:1272 |                   DONE     0.859   175239    1.00                  
    INFO | 2026-08-27 07:52:20 | fitting.py:bspline_profile:1275 | *******************************************************************
    INFO | 2026-08-27 07:52:20 | find_objects.py:global_skysub:583 | Global sky subtraction for slit: 576
    INFO | 2026-08-27 07:52:20 | skysub.py:global_skysub:195 | Full fit in global sky sub.
    INFO | 2026-08-27 07:52:20 | fitting.py:bspline_profile:1156 | B-spline fit:
    INFO | 2026-08-27 07:52:20 | fitting.py:bspline_profile:1157 |     npoly = 3 profile basis functions
    INFO | 2026-08-27 07:52:20 | fitting.py:bspline_profile:1158 |     ngood = 402024/576880 measurements
    INFO | 2026-08-27 07:52:20 | fitting.py:bspline_profile:1159 | ***************** Iter     Chi^2    N Rej  R. Fac *****************
    INFO | 2026-08-27 07:52:20 | fitting.py:bspline_profile:1163 |                   ----  --------  -------  ------                  
    INFO | 2026-08-27 07:52:21 | fitting.py:bspline_profile:1257 |                      1     1.211   175652    1.00                  
    INFO | 2026-08-27 07:52:22 | fitting.py:bspline_profile:1257 |                      2     0.865   175677    1.00                  
    INFO | 2026-08-27 07:52:22 | fitting.py:bspline_profile:1257 |                      3     0.864   175679    1.00                  
    INFO | 2026-08-27 07:52:23 | fitting.py:bspline_profile:1257 |                      4     0.864   175679    1.00                  
    INFO | 2026-08-27 07:52:23 | fitting.py:bspline_profile:1272 |                   DONE     0.864   175679    1.00                  
    INFO | 2026-08-27 07:52:23 | fitting.py:bspline_profile:1275 | *******************************************************************
    INFO | 2026-08-27 07:52:23 | find_objects.py:global_skysub:583 | Global sky subtraction for slit: 727
    INFO | 2026-08-27 07:52:23 | skysub.py:global_skysub:195 | Full fit in global sky sub.
    INFO | 2026-08-27 07:52:23 | fitting.py:bspline_profile:1156 | B-spline fit:
    INFO | 2026-08-27 07:52:23 | fitting.py:bspline_profile:1157 |     npoly = 3 profile basis functions
    INFO | 2026-08-27 07:52:23 | fitting.py:bspline_profile:1158 |     ngood = 401136/577014 measurements
    INFO | 2026-08-27 07:52:23 | fitting.py:bspline_profile:1159 | ***************** Iter     Chi^2    N Rej  R. Fac *****************
    INFO | 2026-08-27 07:52:23 | fitting.py:bspline_profile:1163 |                   ----  --------  -------  ------                  
    INFO | 2026-08-27 07:52:24 | fitting.py:bspline_profile:1257 |                      1     1.607   177375    1.00                  
    INFO | 2026-08-27 07:52:25 | fitting.py:bspline_profile:1257 |                      2     0.860   177426    1.00                  
    INFO | 2026-08-27 07:52:26 | fitting.py:bspline_profile:1257 |                      3     0.858   177431    1.00                  
    INFO | 2026-08-27 07:52:26 | fitting.py:bspline_profile:1257 |                      4     0.858   177432    1.00                  
    INFO | 2026-08-27 07:52:27 | fitting.py:bspline_profile:1257 |                      5     0.858   177432    1.00                  
    INFO | 2026-08-27 07:52:27 | fitting.py:bspline_profile:1272 |                   DONE     0.858   177432    1.00                  
    INFO | 2026-08-27 07:52:27 | fitting.py:bspline_profile:1275 | *******************************************************************
    INFO | 2026-08-27 07:52:27 | find_objects.py:global_skysub:583 | Global sky subtraction for slit: 877
    INFO | 2026-08-27 07:52:28 | skysub.py:global_skysub:195 | Full fit in global sky sub.
    INFO | 2026-08-27 07:52:28 | fitting.py:bspline_profile:1156 | B-spline fit:
    INFO | 2026-08-27 07:52:28 | fitting.py:bspline_profile:1157 |     npoly = 3 profile basis functions
    INFO | 2026-08-27 07:52:28 | fitting.py:bspline_profile:1158 |     ngood = 402005/577615 measurements
    INFO | 2026-08-27 07:52:28 | fitting.py:bspline_profile:1159 | ***************** Iter     Chi^2    N Rej  R. Fac *****************
    INFO | 2026-08-27 07:52:28 | fitting.py:bspline_profile:1163 |                   ----  --------  -------  ------                  
    INFO | 2026-08-27 07:52:28 | fitting.py:bspline_profile:1257 |                      1     1.095   176276    1.00                  
    INFO | 2026-08-27 07:52:29 | fitting.py:bspline_profile:1257 |                      2     0.854   176287    1.00                  
    INFO | 2026-08-27 07:52:30 | fitting.py:bspline_profile:1257 |                      3     0.853   176287    1.00                  
    INFO | 2026-08-27 07:52:30 | fitting.py:bspline_profile:1272 |                   DONE     0.853   176287    1.00                  
    INFO | 2026-08-27 07:52:30 | fitting.py:bspline_profile:1275 | *******************************************************************
    INFO | 2026-08-27 07:52:30 | find_objects.py:global_skysub:583 | Global sky subtraction for slit: 1025
    INFO | 2026-08-27 07:52:31 | skysub.py:global_skysub:195 | Full fit in global sky sub.
    INFO | 2026-08-27 07:52:31 | fitting.py:bspline_profile:1156 | B-spline fit:
    INFO | 2026-08-27 07:52:31 | fitting.py:bspline_profile:1157 |     npoly = 3 profile basis functions
    INFO | 2026-08-27 07:52:31 | fitting.py:bspline_profile:1158 |     ngood = 402566/577569 measurements
    INFO | 2026-08-27 07:52:31 | fitting.py:bspline_profile:1159 | ***************** Iter     Chi^2    N Rej  R. Fac *****************
    INFO | 2026-08-27 07:52:31 | fitting.py:bspline_profile:1163 |                   ----  --------  -------  ------                  
    INFO | 2026-08-27 07:52:31 | fitting.py:bspline_profile:1257 |                      1     0.918   175450    1.00                  
    INFO | 2026-08-27 07:52:32 | fitting.py:bspline_profile:1257 |                      2     0.853   175460    1.00                  
    INFO | 2026-08-27 07:52:33 | fitting.py:bspline_profile:1257 |                      3     0.853   175460    1.00                  
    INFO | 2026-08-27 07:52:33 | fitting.py:bspline_profile:1272 |                   DONE     0.853   175460    1.00                  
    INFO | 2026-08-27 07:52:33 | fitting.py:bspline_profile:1275 | *******************************************************************
    INFO | 2026-08-27 07:52:33 | find_objects.py:global_skysub:583 | Global sky subtraction for slit: 1172
    INFO | 2026-08-27 07:52:33 | skysub.py:global_skysub:195 | Full fit in global sky sub.
    INFO | 2026-08-27 07:52:33 | fitting.py:bspline_profile:1156 | B-spline fit:
    INFO | 2026-08-27 07:52:33 | fitting.py:bspline_profile:1157 |     npoly = 3 profile basis functions
    INFO | 2026-08-27 07:52:33 | fitting.py:bspline_profile:1158 |     ngood = 401961/577966 measurements
    INFO | 2026-08-27 07:52:33 | fitting.py:bspline_profile:1159 | ***************** Iter     Chi^2    N Rej  R. Fac *****************
    INFO | 2026-08-27 07:52:33 | fitting.py:bspline_profile:1163 |                   ----  --------  -------  ------                  
    INFO | 2026-08-27 07:52:34 | fitting.py:bspline_profile:1257 |                      1     1.072   176575    1.00                  
    INFO | 2026-08-27 07:52:35 | fitting.py:bspline_profile:1257 |                      2     0.856   176587    1.00                  
    INFO | 2026-08-27 07:52:35 | fitting.py:bspline_profile:1257 |                      3     0.856   176587    1.00                  
    INFO | 2026-08-27 07:52:35 | fitting.py:bspline_profile:1272 |                   DONE     0.856   176587    1.00                  
    INFO | 2026-08-27 07:52:35 | fitting.py:bspline_profile:1275 | *******************************************************************
    INFO | 2026-08-27 07:52:35 | find_objects.py:global_skysub:583 | Global sky subtraction for slit: 1320
    INFO | 2026-08-27 07:52:35 | skysub.py:global_skysub:195 | Full fit in global sky sub.
    INFO | 2026-08-27 07:52:35 | fitting.py:bspline_profile:1156 | B-spline fit:
    INFO | 2026-08-27 07:52:35 | fitting.py:bspline_profile:1157 |     npoly = 3 profile basis functions
    INFO | 2026-08-27 07:52:35 | fitting.py:bspline_profile:1158 |     ngood = 402361/578249 measurements
    INFO | 2026-08-27 07:52:35 | fitting.py:bspline_profile:1159 | ***************** Iter     Chi^2    N Rej  R. Fac *****************
    INFO | 2026-08-27 07:52:35 | fitting.py:bspline_profile:1163 |                   ----  --------  -------  ------                  
    INFO | 2026-08-27 07:52:36 | fitting.py:bspline_profile:1257 |                      1     1.004   176354    1.00                  
    INFO | 2026-08-27 07:52:37 | fitting.py:bspline_profile:1257 |                      2     0.857   176364    1.00                  
    INFO | 2026-08-27 07:52:37 | fitting.py:bspline_profile:1257 |                      3     0.857   176365    1.00                  
    INFO | 2026-08-27 07:52:38 | fitting.py:bspline_profile:1257 |                      4     0.857   176365    1.00                  
    INFO | 2026-08-27 07:52:38 | fitting.py:bspline_profile:1272 |                   DONE     0.857   176365    1.00                  
    INFO | 2026-08-27 07:52:38 | fitting.py:bspline_profile:1275 | *******************************************************************
    INFO | 2026-08-27 07:52:38 | find_objects.py:global_skysub:583 | Global sky subtraction for slit: 1468
    INFO | 2026-08-27 07:52:38 | skysub.py:global_skysub:195 | Full fit in global sky sub.
    INFO | 2026-08-27 07:52:38 | fitting.py:bspline_profile:1156 | B-spline fit:
    INFO | 2026-08-27 07:52:38 | fitting.py:bspline_profile:1157 |     npoly = 3 profile basis functions
    INFO | 2026-08-27 07:52:38 | fitting.py:bspline_profile:1158 |     ngood = 403068/577880 measurements
    INFO | 2026-08-27 07:52:38 | fitting.py:bspline_profile:1159 | ***************** Iter     Chi^2    N Rej  R. Fac *****************
    INFO | 2026-08-27 07:52:38 | fitting.py:bspline_profile:1163 |                   ----  --------  -------  ------                  
    INFO | 2026-08-27 07:52:39 | fitting.py:bspline_profile:1257 |                      1     0.871   175172    1.00                  
    INFO | 2026-08-27 07:52:40 | fitting.py:bspline_profile:1257 |                      2     0.860   175174    1.00                  
    INFO | 2026-08-27 07:52:40 | fitting.py:bspline_profile:1257 |                      3     0.860   175174    1.00                  
    INFO | 2026-08-27 07:52:40 | fitting.py:bspline_profile:1272 |                   DONE     0.860   175174    1.00                  
    INFO | 2026-08-27 07:52:40 | fitting.py:bspline_profile:1275 | *******************************************************************
    INFO | 2026-08-27 07:52:40 | find_objects.py:global_skysub:583 | Global sky subtraction for slit: 1616
    INFO | 2026-08-27 07:52:41 | skysub.py:global_skysub:195 | Full fit in global sky sub.
    INFO | 2026-08-27 07:52:41 | fitting.py:bspline_profile:1156 | B-spline fit:
    INFO | 2026-08-27 07:52:41 | fitting.py:bspline_profile:1157 |     npoly = 3 profile basis functions
    INFO | 2026-08-27 07:52:41 | fitting.py:bspline_profile:1158 |     ngood = 403035/578021 measurements
    INFO | 2026-08-27 07:52:41 | fitting.py:bspline_profile:1159 | ***************** Iter     Chi^2    N Rej  R. Fac *****************
    INFO | 2026-08-27 07:52:41 | fitting.py:bspline_profile:1163 |                   ----  --------  -------  ------                  
    INFO | 2026-08-27 07:52:41 | fitting.py:bspline_profile:1257 |                      1     0.913   175346    1.00                  
    INFO | 2026-08-27 07:52:42 | fitting.py:bspline_profile:1257 |                      2     0.865   175351    1.00                  
    INFO | 2026-08-27 07:52:43 | fitting.py:bspline_profile:1257 |                      3     0.864   175351    1.00                  
    INFO | 2026-08-27 07:52:43 | fitting.py:bspline_profile:1272 |                   DONE     0.864   175351    1.00                  
    INFO | 2026-08-27 07:52:43 | fitting.py:bspline_profile:1275 | *******************************************************************
    INFO | 2026-08-27 07:52:43 | find_objects.py:global_skysub:583 | Global sky subtraction for slit: 1764
    INFO | 2026-08-27 07:52:43 | skysub.py:global_skysub:195 | Full fit in global sky sub.
    INFO | 2026-08-27 07:52:43 | fitting.py:bspline_profile:1156 | B-spline fit:
    INFO | 2026-08-27 07:52:43 | fitting.py:bspline_profile:1157 |     npoly = 3 profile basis functions
    INFO | 2026-08-27 07:52:43 | fitting.py:bspline_profile:1158 |     ngood = 403274/579174 measurements
    INFO | 2026-08-27 07:52:43 | fitting.py:bspline_profile:1159 | ***************** Iter     Chi^2    N Rej  R. Fac *****************
    INFO | 2026-08-27 07:52:43 | fitting.py:bspline_profile:1163 |                   ----  --------  -------  ------                  
    INFO | 2026-08-27 07:52:44 | fitting.py:bspline_profile:1257 |                      1     0.919   176454    1.00                  
    INFO | 2026-08-27 07:52:45 | fitting.py:bspline_profile:1257 |                      2     0.859   176467    1.00                  
    INFO | 2026-08-27 07:52:45 | fitting.py:bspline_profile:1257 |                      3     0.859   176467    1.00                  
    INFO | 2026-08-27 07:52:45 | fitting.py:bspline_profile:1272 |                   DONE     0.859   176467    1.00                  
    INFO | 2026-08-27 07:52:45 | fitting.py:bspline_profile:1275 | *******************************************************************
    INFO | 2026-08-27 07:52:45 | find_objects.py:global_skysub:583 | Global sky subtraction for slit: 2321
    INFO | 2026-08-27 07:52:46 | skysub.py:global_skysub:195 | Full fit in global sky sub.
    INFO | 2026-08-27 07:52:46 | fitting.py:bspline_profile:1156 | B-spline fit:
    INFO | 2026-08-27 07:52:46 | fitting.py:bspline_profile:1157 |     npoly = 3 profile basis functions
    INFO | 2026-08-27 07:52:46 | fitting.py:bspline_profile:1158 |     ngood = 402772/579754 measurements
    INFO | 2026-08-27 07:52:46 | fitting.py:bspline_profile:1159 | ***************** Iter     Chi^2    N Rej  R. Fac *****************
    INFO | 2026-08-27 07:52:46 | fitting.py:bspline_profile:1163 |                   ----  --------  -------  ------                  
    INFO | 2026-08-27 07:52:46 | fitting.py:bspline_profile:1257 |                      1     1.394   178287    1.00                  
    INFO | 2026-08-27 07:52:47 | fitting.py:bspline_profile:1257 |                      2     0.865   178337    1.00                  
    INFO | 2026-08-27 07:52:48 | fitting.py:bspline_profile:1257 |                      3     0.863   178341    1.00                  
    INFO | 2026-08-27 07:52:48 | fitting.py:bspline_profile:1257 |                      4     0.863   178341    1.00                  
    INFO | 2026-08-27 07:52:48 | fitting.py:bspline_profile:1272 |                   DONE     0.863   178341    1.00                  
    INFO | 2026-08-27 07:52:48 | fitting.py:bspline_profile:1275 | *******************************************************************
    INFO | 2026-08-27 07:52:48 | find_objects.py:global_skysub:583 | Global sky subtraction for slit: 2468
    INFO | 2026-08-27 07:52:48 | skysub.py:global_skysub:195 | Full fit in global sky sub.
    INFO | 2026-08-27 07:52:48 | fitting.py:bspline_profile:1156 | B-spline fit:
    INFO | 2026-08-27 07:52:48 | fitting.py:bspline_profile:1157 |     npoly = 3 profile basis functions
    INFO | 2026-08-27 07:52:48 | fitting.py:bspline_profile:1158 |     ngood = 403597/579257 measurements
    INFO | 2026-08-27 07:52:48 | fitting.py:bspline_profile:1159 | ***************** Iter     Chi^2    N Rej  R. Fac *****************
    INFO | 2026-08-27 07:52:48 | fitting.py:bspline_profile:1163 |                   ----  --------  -------  ------                  
    INFO | 2026-08-27 07:52:49 | fitting.py:bspline_profile:1257 |                      1     1.403   176753    1.00                  
    INFO | 2026-08-27 07:52:50 | fitting.py:bspline_profile:1257 |                      2     0.865   176783    1.00                  
    INFO | 2026-08-27 07:52:50 | fitting.py:bspline_profile:1257 |                      3     0.864   176784    1.00                  
    INFO | 2026-08-27 07:52:51 | fitting.py:bspline_profile:1257 |                      4     0.864   176784    1.00                  
    INFO | 2026-08-27 07:52:51 | fitting.py:bspline_profile:1272 |                   DONE     0.864   176784    1.00                  
    INFO | 2026-08-27 07:52:51 | fitting.py:bspline_profile:1275 | *******************************************************************
    INFO | 2026-08-27 07:52:51 | find_objects.py:global_skysub:583 | Global sky subtraction for slit: 2616
    INFO | 2026-08-27 07:52:52 | skysub.py:global_skysub:195 | Full fit in global sky sub.
    INFO | 2026-08-27 07:52:52 | fitting.py:bspline_profile:1156 | B-spline fit:
    INFO | 2026-08-27 07:52:52 | fitting.py:bspline_profile:1157 |     npoly = 3 profile basis functions
    INFO | 2026-08-27 07:52:52 | fitting.py:bspline_profile:1158 |     ngood = 403506/578967 measurements
    INFO | 2026-08-27 07:52:52 | fitting.py:bspline_profile:1159 | ***************** Iter     Chi^2    N Rej  R. Fac *****************
    INFO | 2026-08-27 07:52:52 | fitting.py:bspline_profile:1163 |                   ----  --------  -------  ------                  
    INFO | 2026-08-27 07:52:52 | fitting.py:bspline_profile:1257 |                      1     2.030   176913    1.00                  
    INFO | 2026-08-27 07:52:53 | fitting.py:bspline_profile:1257 |                      2     0.860   176948    1.00                  
    INFO | 2026-08-27 07:52:54 | fitting.py:bspline_profile:1257 |                      3     0.859   176952    1.00                  
    INFO | 2026-08-27 07:52:54 | fitting.py:bspline_profile:1257 |                      4     0.858   176952    1.00                  
    INFO | 2026-08-27 07:52:54 | fitting.py:bspline_profile:1272 |                   DONE     0.858   176952    1.00                  
    INFO | 2026-08-27 07:52:54 | fitting.py:bspline_profile:1275 | *******************************************************************
    INFO | 2026-08-27 07:52:54 | find_objects.py:global_skysub:583 | Global sky subtraction for slit: 2762
    INFO | 2026-08-27 07:52:54 | skysub.py:global_skysub:195 | Full fit in global sky sub.
    INFO | 2026-08-27 07:52:54 | fitting.py:bspline_profile:1156 | B-spline fit:
    INFO | 2026-08-27 07:52:54 | fitting.py:bspline_profile:1157 |     npoly = 3 profile basis functions
    INFO | 2026-08-27 07:52:54 | fitting.py:bspline_profile:1158 |     ngood = 403492/579917 measurements
    INFO | 2026-08-27 07:52:54 | fitting.py:bspline_profile:1159 | ***************** Iter     Chi^2    N Rej  R. Fac *****************
    INFO | 2026-08-27 07:52:54 | fitting.py:bspline_profile:1163 |                   ----  --------  -------  ------                  
    INFO | 2026-08-27 07:52:55 | fitting.py:bspline_profile:1257 |                      1     3.488   178110    1.00                  
    INFO | 2026-08-27 07:52:56 | fitting.py:bspline_profile:1257 |                      2     0.858   178148    1.00                  
    INFO | 2026-08-27 07:52:57 | fitting.py:bspline_profile:1257 |                      3     0.856   178149    1.00                  
    INFO | 2026-08-27 07:52:57 | fitting.py:bspline_profile:1257 |                      4     0.856   178149    1.00                  
    INFO | 2026-08-27 07:52:57 | fitting.py:bspline_profile:1272 |                   DONE     0.856   178149    1.00                  
    INFO | 2026-08-27 07:52:57 | fitting.py:bspline_profile:1275 | *******************************************************************
    INFO | 2026-08-27 07:52:57 | find_objects.py:global_skysub:583 | Global sky subtraction for slit: 2909
    INFO | 2026-08-27 07:52:58 | skysub.py:global_skysub:195 | Full fit in global sky sub.
    INFO | 2026-08-27 07:52:58 | fitting.py:bspline_profile:1156 | B-spline fit:
    INFO | 2026-08-27 07:52:58 | fitting.py:bspline_profile:1157 |     npoly = 3 profile basis functions
    INFO | 2026-08-27 07:52:58 | fitting.py:bspline_profile:1158 |     ngood = 403668/578979 measurements
    INFO | 2026-08-27 07:52:58 | fitting.py:bspline_profile:1159 | ***************** Iter     Chi^2    N Rej  R. Fac *****************
    INFO | 2026-08-27 07:52:58 | fitting.py:bspline_profile:1163 |                   ----  --------  -------  ------                  
    INFO | 2026-08-27 07:52:59 | fitting.py:bspline_profile:1257 |                      1     1.516   176707    1.00                  
    INFO | 2026-08-27 07:52:59 | fitting.py:bspline_profile:1257 |                      2     0.856   176740    1.00                  
    INFO | 2026-08-27 07:53:00 | fitting.py:bspline_profile:1257 |                      3     0.855   176743    1.00                  
    INFO | 2026-08-27 07:53:00 | fitting.py:bspline_profile:1257 |                      4     0.855   176743    1.00                  
    INFO | 2026-08-27 07:53:00 | fitting.py:bspline_profile:1272 |                   DONE     0.855   176743    1.00                  
    INFO | 2026-08-27 07:53:00 | fitting.py:bspline_profile:1275 | *******************************************************************
    INFO | 2026-08-27 07:53:00 | find_objects.py:global_skysub:583 | Global sky subtraction for slit: 3056
    INFO | 2026-08-27 07:53:01 | skysub.py:global_skysub:195 | Full fit in global sky sub.
    INFO | 2026-08-27 07:53:01 | fitting.py:bspline_profile:1156 | B-spline fit:
    INFO | 2026-08-27 07:53:01 | fitting.py:bspline_profile:1157 |     npoly = 3 profile basis functions
    INFO | 2026-08-27 07:53:01 | fitting.py:bspline_profile:1158 |     ngood = 403072/579529 measurements
    INFO | 2026-08-27 07:53:01 | fitting.py:bspline_profile:1159 | ***************** Iter     Chi^2    N Rej  R. Fac *****************
    INFO | 2026-08-27 07:53:01 | fitting.py:bspline_profile:1163 |                   ----  --------  -------  ------                  
    INFO | 2026-08-27 07:53:02 | fitting.py:bspline_profile:1257 |                      1     1.043   177148    1.00                  
    INFO | 2026-08-27 07:53:02 | fitting.py:bspline_profile:1257 |                      2     0.858   177157    1.00                  
    INFO | 2026-08-27 07:53:03 | fitting.py:bspline_profile:1257 |                      3     0.858   177158    1.00                  
    INFO | 2026-08-27 07:53:03 | fitting.py:bspline_profile:1257 |                      4     0.858   177158    1.00                  
    INFO | 2026-08-27 07:53:03 | fitting.py:bspline_profile:1272 |                   DONE     0.858   177158    1.00                  
    INFO | 2026-08-27 07:53:03 | fitting.py:bspline_profile:1275 | *******************************************************************
    INFO | 2026-08-27 07:53:03 | find_objects.py:global_skysub:583 | Global sky subtraction for slit: 3204
    INFO | 2026-08-27 07:53:04 | skysub.py:global_skysub:195 | Full fit in global sky sub.
    INFO | 2026-08-27 07:53:04 | fitting.py:bspline_profile:1156 | B-spline fit:
    INFO | 2026-08-27 07:53:04 | fitting.py:bspline_profile:1157 |     npoly = 3 profile basis functions
    INFO | 2026-08-27 07:53:04 | fitting.py:bspline_profile:1158 |     ngood = 404772/579824 measurements
    INFO | 2026-08-27 07:53:04 | fitting.py:bspline_profile:1159 | ***************** Iter     Chi^2    N Rej  R. Fac *****************
    INFO | 2026-08-27 07:53:04 | fitting.py:bspline_profile:1163 |                   ----  --------  -------  ------                  
    INFO | 2026-08-27 07:53:05 | fitting.py:bspline_profile:1257 |                      1     0.865   175429    1.00                  
    INFO | 2026-08-27 07:53:05 | fitting.py:bspline_profile:1257 |                      2     0.854   175436    1.00                  
    INFO | 2026-08-27 07:53:06 | fitting.py:bspline_profile:1257 |                      3     0.854   175437    1.00                  
    INFO | 2026-08-27 07:53:06 | fitting.py:bspline_profile:1257 |                      4     0.854   175437    1.00                  
    INFO | 2026-08-27 07:53:06 | fitting.py:bspline_profile:1272 |                   DONE     0.854   175437    1.00                  
    INFO | 2026-08-27 07:53:06 | fitting.py:bspline_profile:1275 | *******************************************************************
    INFO | 2026-08-27 07:53:07 | find_objects.py:global_skysub:583 | Global sky subtraction for slit: 3352
    INFO | 2026-08-27 07:53:07 | skysub.py:global_skysub:195 | Full fit in global sky sub.
    INFO | 2026-08-27 07:53:07 | fitting.py:bspline_profile:1156 | B-spline fit:
    INFO | 2026-08-27 07:53:07 | fitting.py:bspline_profile:1157 |     npoly = 3 profile basis functions
    INFO | 2026-08-27 07:53:07 | fitting.py:bspline_profile:1158 |     ngood = 404288/579766 measurements
    INFO | 2026-08-27 07:53:07 | fitting.py:bspline_profile:1159 | ***************** Iter     Chi^2    N Rej  R. Fac *****************
    INFO | 2026-08-27 07:53:07 | fitting.py:bspline_profile:1163 |                   ----  --------  -------  ------                  
    INFO | 2026-08-27 07:53:08 | fitting.py:bspline_profile:1257 |                      1     0.967   176129    1.00                  
    INFO | 2026-08-27 07:53:08 | fitting.py:bspline_profile:1257 |                      2     0.859   176143    1.00                  
    INFO | 2026-08-27 07:53:09 | fitting.py:bspline_profile:1257 |                      3     0.859   176145    1.00                  
    INFO | 2026-08-27 07:53:10 | fitting.py:bspline_profile:1257 |                      4     0.859   176147    1.00                  
    INFO | 2026-08-27 07:53:10 | fitting.py:bspline_profile:1257 |                      5     0.859   176149    1.00                  
    INFO | 2026-08-27 07:53:11 | fitting.py:bspline_profile:1257 |                      6     0.858   176150    1.00                  
    INFO | 2026-08-27 07:53:12 | fitting.py:bspline_profile:1257 |                      7     0.858   176150    1.00                  
    INFO | 2026-08-27 07:53:12 | fitting.py:bspline_profile:1272 |                   DONE     0.858   176150    1.00                  
    INFO | 2026-08-27 07:53:12 | fitting.py:bspline_profile:1275 | *******************************************************************
    INFO | 2026-08-27 07:53:12 | find_objects.py:global_skysub:583 | Global sky subtraction for slit: 3502
    INFO | 2026-08-27 07:53:12 | skysub.py:global_skysub:195 | Full fit in global sky sub.
    INFO | 2026-08-27 07:53:12 | fitting.py:bspline_profile:1156 | B-spline fit:
    INFO | 2026-08-27 07:53:12 | fitting.py:bspline_profile:1157 |     npoly = 3 profile basis functions
    INFO | 2026-08-27 07:53:12 | fitting.py:bspline_profile:1158 |     ngood = 403022/579230 measurements
    INFO | 2026-08-27 07:53:12 | fitting.py:bspline_profile:1159 | ***************** Iter     Chi^2    N Rej  R. Fac *****************
    INFO | 2026-08-27 07:53:12 | fitting.py:bspline_profile:1163 |                   ----  --------  -------  ------                  
    INFO | 2026-08-27 07:53:13 | fitting.py:bspline_profile:1257 |                      1     0.951   176728    1.00                  
    INFO | 2026-08-27 07:53:13 | fitting.py:bspline_profile:1257 |                      2     0.859   176733    1.00                  
    INFO | 2026-08-27 07:53:14 | fitting.py:bspline_profile:1257 |                      3     0.859   176734    1.00                  
    INFO | 2026-08-27 07:53:14 | fitting.py:bspline_profile:1257 |                      4     0.859   176734    1.00                  
    INFO | 2026-08-27 07:53:14 | fitting.py:bspline_profile:1272 |                   DONE     0.859   176734    1.00                  
    INFO | 2026-08-27 07:53:14 | fitting.py:bspline_profile:1275 | *******************************************************************
    INFO | 2026-08-27 07:53:15 | find_objects.py:global_skysub:583 | Global sky subtraction for slit: 3655
    INFO | 2026-08-27 07:53:15 | skysub.py:global_skysub:195 | Full fit in global sky sub.
    INFO | 2026-08-27 07:53:15 | fitting.py:bspline_profile:1156 | B-spline fit:
    INFO | 2026-08-27 07:53:15 | fitting.py:bspline_profile:1157 |     npoly = 3 profile basis functions
    INFO | 2026-08-27 07:53:15 | fitting.py:bspline_profile:1158 |     ngood = 404439/579702 measurements
    INFO | 2026-08-27 07:53:15 | fitting.py:bspline_profile:1159 | ***************** Iter     Chi^2    N Rej  R. Fac *****************
    INFO | 2026-08-27 07:53:15 | fitting.py:bspline_profile:1163 |                   ----  --------  -------  ------                  
    INFO | 2026-08-27 07:53:16 | fitting.py:bspline_profile:1257 |                      1     1.224   175992    1.00                  
    INFO | 2026-08-27 07:53:16 | fitting.py:bspline_profile:1257 |                      2     0.864   176010    1.00                  
    INFO | 2026-08-27 07:53:17 | fitting.py:bspline_profile:1257 |                      3     0.863   176012    1.00                  
    INFO | 2026-08-27 07:53:17 | fitting.py:bspline_profile:1257 |                      4     0.863   176012    1.00                  
    INFO | 2026-08-27 07:53:17 | fitting.py:bspline_profile:1272 |                   DONE     0.863   176012    1.00                  
    INFO | 2026-08-27 07:53:17 | fitting.py:bspline_profile:1275 | *******************************************************************
    INFO | 2026-08-27 07:53:17 | find_objects.py:global_skysub:583 | Global sky subtraction for slit: 3810
    INFO | 2026-08-27 07:53:18 | skysub.py:global_skysub:195 | Full fit in global sky sub.
    INFO | 2026-08-27 07:53:18 | fitting.py:bspline_profile:1156 | B-spline fit:
    INFO | 2026-08-27 07:53:18 | fitting.py:bspline_profile:1157 |     npoly = 3 profile basis functions
    INFO | 2026-08-27 07:53:18 | fitting.py:bspline_profile:1158 |     ngood = 403486/578567 measurements
    INFO | 2026-08-27 07:53:18 | fitting.py:bspline_profile:1159 | ***************** Iter     Chi^2    N Rej  R. Fac *****************
    INFO | 2026-08-27 07:53:18 | fitting.py:bspline_profile:1163 |                   ----  --------  -------  ------                  
    INFO | 2026-08-27 07:53:18 | fitting.py:bspline_profile:1257 |                      1     0.941   175505    1.00                  
    INFO | 2026-08-27 07:53:19 | fitting.py:bspline_profile:1257 |                      2     0.858   175515    1.00                  
    INFO | 2026-08-27 07:53:20 | fitting.py:bspline_profile:1257 |                      3     0.858   175516    1.00                  
    INFO | 2026-08-27 07:53:20 | fitting.py:bspline_profile:1257 |                      4     0.858   175516    1.00                  
    INFO | 2026-08-27 07:53:20 | fitting.py:bspline_profile:1272 |                   DONE     0.858   175516    1.00                  
    INFO | 2026-08-27 07:53:20 | fitting.py:bspline_profile:1275 | *******************************************************************
    INFO | 2026-08-27 07:53:20 | find_objects.py:global_skysub:583 | Global sky subtraction for slit: 3968
    INFO | 2026-08-27 07:53:21 | skysub.py:global_skysub:195 | Full fit in global sky sub.
    INFO | 2026-08-27 07:53:21 | fitting.py:bspline_profile:1156 | B-spline fit:
    INFO | 2026-08-27 07:53:21 | fitting.py:bspline_profile:1157 |     npoly = 3 profile basis functions
    INFO | 2026-08-27 07:53:21 | fitting.py:bspline_profile:1158 |     ngood = 402890/578899 measurements
    INFO | 2026-08-27 07:53:21 | fitting.py:bspline_profile:1159 | ***************** Iter     Chi^2    N Rej  R. Fac *****************
    INFO | 2026-08-27 07:53:21 | fitting.py:bspline_profile:1163 |                   ----  --------  -------  ------                  
    INFO | 2026-08-27 07:53:22 | fitting.py:bspline_profile:1257 |                      1     1.074   176681    1.00                  
    INFO | 2026-08-27 07:53:22 | fitting.py:bspline_profile:1257 |                      2     0.863   176702    1.00                  
    INFO | 2026-08-27 07:53:23 | fitting.py:bspline_profile:1257 |                      3     0.863   176702    1.00                  
    INFO | 2026-08-27 07:53:23 | fitting.py:bspline_profile:1272 |                   DONE     0.863   176702    1.00                  
    INFO | 2026-08-27 07:53:23 | fitting.py:bspline_profile:1275 | *******************************************************************
    INFO | 2026-08-27 07:53:23 | find_objects.py:find_objects_pypeline:788 | Finding objects on slit # 106
    INFO | 2026-08-27 07:53:24 | findobj_skymask.py:objs_in_slit:2095 | No objects found automatically.  Consider manual extraction.
    INFO | 2026-08-27 07:53:24 | find_objects.py:find_objects_pypeline:788 | Finding objects on slit # 264
    INFO | 2026-08-27 07:53:25 | findobj_skymask.py:objs_in_slit:2095 | No objects found automatically.  Consider manual extraction.
    INFO | 2026-08-27 07:53:25 | find_objects.py:find_objects_pypeline:788 | Finding objects on slit # 421
    INFO | 2026-08-27 07:53:26 | findobj_skymask.py:objs_in_slit:2095 | No objects found automatically.  Consider manual extraction.
    INFO | 2026-08-27 07:53:26 | find_objects.py:find_objects_pypeline:788 | Finding objects on slit # 576
    INFO | 2026-08-27 07:53:27 | findobj_skymask.py:objs_in_slit:2095 | No objects found automatically.  Consider manual extraction.
    INFO | 2026-08-27 07:53:27 | find_objects.py:find_objects_pypeline:788 | Finding objects on slit # 727
    INFO | 2026-08-27 07:53:27 | findobj_skymask.py:objs_in_slit:2073 | Using slit edges as crutch for object tracing
    INFO | 2026-08-27 07:53:27 | findobj_skymask.py:objs_in_slit:2098 | Automatic finding routine found 1 objects
    INFO | 2026-08-27 07:53:27 | findobj_skymask.py:objs_in_slit:2102 | Fitting the traces
 WARNING | 2026-08-27 07:53:27 | polyutils.py:_fit:662 | RankWarning: The fit may be poorly conditioned
    INFO | 2026-08-27 07:53:28 | findobj_skymask.py:objs_in_slit:2254 | Successfully traced a total of 1 objects
    INFO | 2026-08-27 07:53:28 | find_objects.py:find_objects_pypeline:788 | Finding objects on slit # 877
    INFO | 2026-08-27 07:53:28 | findobj_skymask.py:objs_in_slit:2073 | Using slit edges as crutch for object tracing
    INFO | 2026-08-27 07:53:28 | findobj_skymask.py:objs_in_slit:2098 | Automatic finding routine found 1 objects
    INFO | 2026-08-27 07:53:28 | findobj_skymask.py:objs_in_slit:2102 | Fitting the traces
 WARNING | 2026-08-27 07:53:28 | polyutils.py:_fit:662 | RankWarning: The fit may be poorly conditioned
    INFO | 2026-08-27 07:53:29 | findobj_skymask.py:objs_in_slit:2254 | Successfully traced a total of 1 objects
    INFO | 2026-08-27 07:53:29 | find_objects.py:find_objects_pypeline:788 | Finding objects on slit # 1025
    INFO | 2026-08-27 07:53:30 | findobj_skymask.py:objs_in_slit:2073 | Using slit edges as crutch for object tracing
    INFO | 2026-08-27 07:53:30 | findobj_skymask.py:objs_in_slit:2098 | Automatic finding routine found 1 objects
    INFO | 2026-08-27 07:53:30 | findobj_skymask.py:objs_in_slit:2102 | Fitting the traces
 WARNING | 2026-08-27 07:53:30 | polyutils.py:_fit:662 | RankWarning: The fit may be poorly conditioned
    INFO | 2026-08-27 07:53:30 | findobj_skymask.py:objs_in_slit:2254 | Successfully traced a total of 1 objects
    INFO | 2026-08-27 07:53:30 | find_objects.py:find_objects_pypeline:788 | Finding objects on slit # 1172
    INFO | 2026-08-27 07:53:31 | findobj_skymask.py:objs_in_slit:2073 | Using slit edges as crutch for object tracing
    INFO | 2026-08-27 07:53:31 | findobj_skymask.py:objs_in_slit:2098 | Automatic finding routine found 1 objects
    INFO | 2026-08-27 07:53:31 | findobj_skymask.py:objs_in_slit:2102 | Fitting the traces
 WARNING | 2026-08-27 07:53:31 | polyutils.py:_fit:662 | RankWarning: The fit may be poorly conditioned
    INFO | 2026-08-27 07:53:31 | findobj_skymask.py:objs_in_slit:2254 | Successfully traced a total of 1 objects
    INFO | 2026-08-27 07:53:31 | find_objects.py:find_objects_pypeline:788 | Finding objects on slit # 1320
    INFO | 2026-08-27 07:53:32 | findobj_skymask.py:objs_in_slit:2073 | Using slit edges as crutch for object tracing
    INFO | 2026-08-27 07:53:32 | findobj_skymask.py:objs_in_slit:2098 | Automatic finding routine found 1 objects
    INFO | 2026-08-27 07:53:32 | findobj_skymask.py:objs_in_slit:2102 | Fitting the traces
 WARNING | 2026-08-27 07:53:32 | polyutils.py:_fit:662 | RankWarning: The fit may be poorly conditioned
    INFO | 2026-08-27 07:53:32 | findobj_skymask.py:objs_in_slit:2254 | Successfully traced a total of 1 objects
    INFO | 2026-08-27 07:53:32 | find_objects.py:find_objects_pypeline:788 | Finding objects on slit # 1468
    INFO | 2026-08-27 07:53:33 | findobj_skymask.py:objs_in_slit:2073 | Using slit edges as crutch for object tracing
    INFO | 2026-08-27 07:53:33 | findobj_skymask.py:objs_in_slit:2098 | Automatic finding routine found 1 objects
    INFO | 2026-08-27 07:53:33 | findobj_skymask.py:objs_in_slit:2102 | Fitting the traces
 WARNING | 2026-08-27 07:53:33 | polyutils.py:_fit:662 | RankWarning: The fit may be poorly conditioned
    INFO | 2026-08-27 07:53:33 | findobj_skymask.py:objs_in_slit:2254 | Successfully traced a total of 1 objects
    INFO | 2026-08-27 07:53:33 | find_objects.py:find_objects_pypeline:788 | Finding objects on slit # 1616
    INFO | 2026-08-27 07:53:34 | findobj_skymask.py:objs_in_slit:2073 | Using slit edges as crutch for object tracing
    INFO | 2026-08-27 07:53:34 | findobj_skymask.py:objs_in_slit:2098 | Automatic finding routine found 1 objects
    INFO | 2026-08-27 07:53:34 | findobj_skymask.py:objs_in_slit:2102 | Fitting the traces
 WARNING | 2026-08-27 07:53:34 | polyutils.py:_fit:662 | RankWarning: The fit may be poorly conditioned
    INFO | 2026-08-27 07:53:34 | findobj_skymask.py:objs_in_slit:2254 | Successfully traced a total of 1 objects
    INFO | 2026-08-27 07:53:34 | find_objects.py:find_objects_pypeline:788 | Finding objects on slit # 1764
    INFO | 2026-08-27 07:53:35 | findobj_skymask.py:objs_in_slit:2073 | Using slit edges as crutch for object tracing
    INFO | 2026-08-27 07:53:35 | findobj_skymask.py:objs_in_slit:2098 | Automatic finding routine found 1 objects
    INFO | 2026-08-27 07:53:35 | findobj_skymask.py:objs_in_slit:2102 | Fitting the traces
 WARNING | 2026-08-27 07:53:35 | polyutils.py:_fit:662 | RankWarning: The fit may be poorly conditioned
    INFO | 2026-08-27 07:53:35 | findobj_skymask.py:objs_in_slit:2254 | Successfully traced a total of 1 objects
    INFO | 2026-08-27 07:53:35 | find_objects.py:find_objects_pypeline:788 | Finding objects on slit # 2321
    INFO | 2026-08-27 07:53:36 | findobj_skymask.py:objs_in_slit:2073 | Using slit edges as crutch for object tracing
    INFO | 2026-08-27 07:53:36 | findobj_skymask.py:objs_in_slit:2098 | Automatic finding routine found 1 objects
    INFO | 2026-08-27 07:53:36 | findobj_skymask.py:objs_in_slit:2102 | Fitting the traces
 WARNING | 2026-08-27 07:53:36 | polyutils.py:_fit:662 | RankWarning: The fit may be poorly conditioned
    INFO | 2026-08-27 07:53:36 | findobj_skymask.py:objs_in_slit:2254 | Successfully traced a total of 1 objects
    INFO | 2026-08-27 07:53:36 | find_objects.py:find_objects_pypeline:788 | Finding objects on slit # 2468
    INFO | 2026-08-27 07:53:37 | findobj_skymask.py:objs_in_slit:2073 | Using slit edges as crutch for object tracing
    INFO | 2026-08-27 07:53:37 | findobj_skymask.py:objs_in_slit:2098 | Automatic finding routine found 1 objects
    INFO | 2026-08-27 07:53:37 | findobj_skymask.py:objs_in_slit:2102 | Fitting the traces
 WARNING | 2026-08-27 07:53:37 | polyutils.py:_fit:662 | RankWarning: The fit may be poorly conditioned
    INFO | 2026-08-27 07:53:37 | findobj_skymask.py:objs_in_slit:2254 | Successfully traced a total of 1 objects
    INFO | 2026-08-27 07:53:37 | find_objects.py:find_objects_pypeline:788 | Finding objects on slit # 2616
    INFO | 2026-08-27 07:53:38 | findobj_skymask.py:objs_in_slit:2073 | Using slit edges as crutch for object tracing
    INFO | 2026-08-27 07:53:38 | findobj_skymask.py:objs_in_slit:2098 | Automatic finding routine found 1 objects
    INFO | 2026-08-27 07:53:38 | findobj_skymask.py:objs_in_slit:2102 | Fitting the traces
 WARNING | 2026-08-27 07:53:38 | polyutils.py:_fit:662 | RankWarning: The fit may be poorly conditioned
    INFO | 2026-08-27 07:53:38 | findobj_skymask.py:objs_in_slit:2254 | Successfully traced a total of 1 objects
    INFO | 2026-08-27 07:53:38 | find_objects.py:find_objects_pypeline:788 | Finding objects on slit # 2762
    INFO | 2026-08-27 07:53:39 | findobj_skymask.py:objs_in_slit:2073 | Using slit edges as crutch for object tracing
    INFO | 2026-08-27 07:53:39 | findobj_skymask.py:objs_in_slit:2098 | Automatic finding routine found 1 objects
    INFO | 2026-08-27 07:53:39 | findobj_skymask.py:objs_in_slit:2102 | Fitting the traces
 WARNING | 2026-08-27 07:53:39 | polyutils.py:_fit:662 | RankWarning: The fit may be poorly conditioned
    INFO | 2026-08-27 07:53:39 | findobj_skymask.py:objs_in_slit:2254 | Successfully traced a total of 1 objects
    INFO | 2026-08-27 07:53:39 | find_objects.py:find_objects_pypeline:788 | Finding objects on slit # 2909
    INFO | 2026-08-27 07:53:40 | findobj_skymask.py:objs_in_slit:2073 | Using slit edges as crutch for object tracing
    INFO | 2026-08-27 07:53:40 | findobj_skymask.py:objs_in_slit:2098 | Automatic finding routine found 1 objects
    INFO | 2026-08-27 07:53:40 | findobj_skymask.py:objs_in_slit:2102 | Fitting the traces
 WARNING | 2026-08-27 07:53:40 | polyutils.py:_fit:662 | RankWarning: The fit may be poorly conditioned
    INFO | 2026-08-27 07:53:41 | findobj_skymask.py:objs_in_slit:2254 | Successfully traced a total of 1 objects
    INFO | 2026-08-27 07:53:41 | find_objects.py:find_objects_pypeline:788 | Finding objects on slit # 3056
    INFO | 2026-08-27 07:53:41 | findobj_skymask.py:objs_in_slit:2073 | Using slit edges as crutch for object tracing
    INFO | 2026-08-27 07:53:41 | findobj_skymask.py:objs_in_slit:2098 | Automatic finding routine found 1 objects
    INFO | 2026-08-27 07:53:41 | findobj_skymask.py:objs_in_slit:2102 | Fitting the traces
 WARNING | 2026-08-27 07:53:41 | polyutils.py:_fit:662 | RankWarning: The fit may be poorly conditioned
    INFO | 2026-08-27 07:53:42 | findobj_skymask.py:objs_in_slit:2254 | Successfully traced a total of 1 objects
    INFO | 2026-08-27 07:53:42 | find_objects.py:find_objects_pypeline:788 | Finding objects on slit # 3204
    INFO | 2026-08-27 07:53:42 | findobj_skymask.py:objs_in_slit:2073 | Using slit edges as crutch for object tracing
    INFO | 2026-08-27 07:53:42 | findobj_skymask.py:objs_in_slit:2098 | Automatic finding routine found 1 objects
    INFO | 2026-08-27 07:53:42 | findobj_skymask.py:objs_in_slit:2102 | Fitting the traces
 WARNING | 2026-08-27 07:53:42 | polyutils.py:_fit:662 | RankWarning: The fit may be poorly conditioned
    INFO | 2026-08-27 07:53:43 | findobj_skymask.py:objs_in_slit:2254 | Successfully traced a total of 1 objects
    INFO | 2026-08-27 07:53:43 | find_objects.py:find_objects_pypeline:788 | Finding objects on slit # 3352
    INFO | 2026-08-27 07:53:44 | findobj_skymask.py:objs_in_slit:2073 | Using slit edges as crutch for object tracing
    INFO | 2026-08-27 07:53:44 | findobj_skymask.py:objs_in_slit:2098 | Automatic finding routine found 1 objects
    INFO | 2026-08-27 07:53:44 | findobj_skymask.py:objs_in_slit:2102 | Fitting the traces
 WARNING | 2026-08-27 07:53:44 | polyutils.py:_fit:662 | RankWarning: The fit may be poorly conditioned
    INFO | 2026-08-27 07:53:44 | findobj_skymask.py:objs_in_slit:2254 | Successfully traced a total of 1 objects
    INFO | 2026-08-27 07:53:44 | find_objects.py:find_objects_pypeline:788 | Finding objects on slit # 3502
    INFO | 2026-08-27 07:53:45 | findobj_skymask.py:objs_in_slit:2095 | No objects found automatically.  Consider manual extraction.
    INFO | 2026-08-27 07:53:45 | find_objects.py:find_objects_pypeline:788 | Finding objects on slit # 3655
    INFO | 2026-08-27 07:53:46 | findobj_skymask.py:objs_in_slit:2095 | No objects found automatically.  Consider manual extraction.
    INFO | 2026-08-27 07:53:46 | find_objects.py:find_objects_pypeline:788 | Finding objects on slit # 3810
    INFO | 2026-08-27 07:53:46 | findobj_skymask.py:objs_in_slit:2095 | No objects found automatically.  Consider manual extraction.
    INFO | 2026-08-27 07:53:46 | find_objects.py:find_objects_pypeline:788 | Finding objects on slit # 3968
    INFO | 2026-08-27 07:53:47 | findobj_skymask.py:objs_in_slit:2095 | No objects found automatically.  Consider manual extraction.
    INFO | 2026-08-27 07:53:47 | find_objects.py:run:373 | Either no objects were found or a user-provided sky mask was used.  Skipping second pass of sky-subtraction and object finding.
    INFO | 2026-08-27 07:53:47 | datamodel.py:from_file:1558 | Loading BiasImage from /Users/kaiwenzhang/PycharmProjects/KCWI/KCWI_RED_channel_characterization/RM2 pypeit run/2024-12-24/pypeit_run/keck_kcrm_A/Calibrations/Bias_A_0_DET01.fits
 WARNING | 2026-08-27 07:53:48 | calibrations.py:get_dark:606 | No raw dark frames found and unable to identify a relevant processed calibration frame.  Continuing...
    INFO | 2026-08-27 07:53:48 | keck_kcwi.py:get_rawimage:1426 | Reading KCWI file: /Users/kaiwenzhang/PycharmProjects/KCWI/KCWI_RED_channel_characterization/fits/by_night/RM2/2024-12-24/KR.20241225.57431.46.fits
    INFO | 2026-08-27 07:53:48 | datamodel.py:from_file:1558 | Loading ArcImage from /Users/kaiwenzhang/PycharmProjects/KCWI/KCWI_RED_channel_characterization/RM2 pypeit run/2024-12-24/pypeit_run/keck_kcrm_A/Calibrations/Arc_A_0_DET01.fits
    INFO | 2026-08-27 07:53:48 | datamodel.py:from_file:1558 | Loading TiltImage from /Users/kaiwenzhang/PycharmProjects/KCWI/KCWI_RED_channel_characterization/RM2 pypeit run/2024-12-24/pypeit_run/keck_kcrm_A/Calibrations/Tiltimg_A_0_DET01.fits
    INFO | 2026-08-27 07:53:48 | datamodel.py:from_file:1558 | Loading SlitTraceSet from /Users/kaiwenzhang/PycharmProjects/KCWI/KCWI_RED_channel_characterization/RM2 pypeit run/2024-12-24/pypeit_run/keck_kcrm_A/Calibrations/Slits_A_0_DET01.fits.gz
    INFO | 2026-08-27 07:53:48 | datamodel.py:from_file:1558 | Loading WaveCalib from /Users/kaiwenzhang/PycharmProjects/KCWI/KCWI_RED_channel_characterization/RM2 pypeit run/2024-12-24/pypeit_run/keck_kcrm_A/Calibrations/WaveCalib_A_0_DET01.fits
    INFO | 2026-08-27 07:53:49 | datamodel.py:from_file:1558 | Loading WaveTilts from /Users/kaiwenzhang/PycharmProjects/KCWI/KCWI_RED_channel_characterization/RM2 pypeit run/2024-12-24/pypeit_run/keck_kcrm_A/Calibrations/Tilts_A_0_DET01.fits
    INFO | 2026-08-27 07:53:49 | datamodel.py:from_file:1558 | Loading Alignments from /Users/kaiwenzhang/PycharmProjects/KCWI/KCWI_RED_channel_characterization/RM2 pypeit run/2024-12-24/pypeit_run/keck_kcrm_A/Calibrations/Alignment_A_0_DET01.fits
    INFO | 2026-08-27 07:53:49 | datamodel.py:from_file:1558 | Loading ScatteredLight from /Users/kaiwenzhang/PycharmProjects/KCWI/KCWI_RED_channel_characterization/RM2 pypeit run/2024-12-24/pypeit_run/keck_kcrm_A/Calibrations/ScatteredLight_A_0_DET01.fits.gz
    INFO | 2026-08-27 07:53:50 | datamodel.py:from_file:1558 | Loading FlatImages from /Users/kaiwenzhang/PycharmProjects/KCWI/KCWI_RED_channel_characterization/RM2 pypeit run/2024-12-24/pypeit_run/keck_kcrm_A/Calibrations/Flat_A_0_DET01.fits
    INFO | 2026-08-27 07:53:54 | calibrations.py:run_the_steps:1459 | Calibration complete and/or fully loaded!
    INFO | 2026-08-27 07:53:54 | calibrations.py:run_the_steps:1460 | #######################################################################
    INFO | 2026-08-27 07:53:54 | pypeit_steps.py:extract_det:732 | Extraction skipped for KR.20241225.57431.46-feige34_KCRM_20241225T155711.462 on det=1
    INFO | 2026-08-27 07:53:56 | wavetilts.py:fit2tiltimg:143 | Generating a tilts image from the fit parameters
    INFO | 2026-08-27 07:54:43 | pypeit_steps.py:refframe_correct:906 | Performing a heliocentric correction
    INFO | 2026-08-27 07:54:44 | pypeit_steps.py:refframe_correct:915 | Applying heliocentric correction = 19.49167 km/s
    INFO | 2026-08-27 07:54:51 | spec2dobj.py:write_to_fits:721 | Wrote: /Users/kaiwenzhang/PycharmProjects/KCWI/KCWI_RED_channel_characterization/RM2 pypeit run/2024-12-24/pypeit_run/keck_kcrm_A/Science/spec2d_KR.20241225.57431.46-feige34_KCRM_20241225T155711.462.fits
    INFO | 2026-08-27 07:54:51 | exposure.py:reduce_exposure:406 | Reducing target feige 34
Combining frames:
KR.20241225.57657.90.fits

    INFO | 2026-08-27 07:54:51 | exposure.py:reduce_exposure:417 | Detectors to work on: [1]
    INFO | 2026-08-27 07:54:51 | exposure.py:reduce_exposure:422 | Calibrating detector 1
    INFO | 2026-08-27 07:54:51 | pypeit_steps.py:calib_one:173 | Building/loading calibrations for detector 1
    INFO | 2026-08-27 07:54:51 | datamodel.py:from_file:1558 | Loading BiasImage from /Users/kaiwenzhang/PycharmProjects/KCWI/KCWI_RED_channel_characterization/RM2 pypeit run/2024-12-24/pypeit_run/keck_kcrm_A/Calibrations/Bias_A_0_DET01.fits
 WARNING | 2026-08-27 07:54:52 | calibrations.py:get_dark:606 | No raw dark frames found and unable to identify a relevant processed calibration frame.  Continuing...
    INFO | 2026-08-27 07:54:52 | keck_kcwi.py:get_rawimage:1426 | Reading KCWI file: /Users/kaiwenzhang/PycharmProjects/KCWI/KCWI_RED_channel_characterization/fits/by_night/RM2/2024-12-24/KR.20241225.09052.70.fits
 WARNING | 2026-08-27 07:54:52 | keck_kcwi.py:bpm:820 | KCRM bad pixel mask is not available for ampmode=L2U2L1U1 binning=1,1
    INFO | 2026-08-27 07:54:52 | datamodel.py:from_file:1558 | Loading ArcImage from /Users/kaiwenzhang/PycharmProjects/KCWI/KCWI_RED_channel_characterization/RM2 pypeit run/2024-12-24/pypeit_run/keck_kcrm_A/Calibrations/Arc_A_0_DET01.fits
    INFO | 2026-08-27 07:54:52 | datamodel.py:from_file:1558 | Loading TiltImage from /Users/kaiwenzhang/PycharmProjects/KCWI/KCWI_RED_channel_characterization/RM2 pypeit run/2024-12-24/pypeit_run/keck_kcrm_A/Calibrations/Tiltimg_A_0_DET01.fits
    INFO | 2026-08-27 07:54:53 | datamodel.py:from_file:1558 | Loading SlitTraceSet from /Users/kaiwenzhang/PycharmProjects/KCWI/KCWI_RED_channel_characterization/RM2 pypeit run/2024-12-24/pypeit_run/keck_kcrm_A/Calibrations/Slits_A_0_DET01.fits.gz
    INFO | 2026-08-27 07:54:53 | datamodel.py:from_file:1558 | Loading WaveCalib from /Users/kaiwenzhang/PycharmProjects/KCWI/KCWI_RED_channel_characterization/RM2 pypeit run/2024-12-24/pypeit_run/keck_kcrm_A/Calibrations/WaveCalib_A_0_DET01.fits
    INFO | 2026-08-27 07:54:53 | datamodel.py:from_file:1558 | Loading WaveTilts from /Users/kaiwenzhang/PycharmProjects/KCWI/KCWI_RED_channel_characterization/RM2 pypeit run/2024-12-24/pypeit_run/keck_kcrm_A/Calibrations/Tilts_A_0_DET01.fits
    INFO | 2026-08-27 07:54:53 | datamodel.py:from_file:1558 | Loading Alignments from /Users/kaiwenzhang/PycharmProjects/KCWI/KCWI_RED_channel_characterization/RM2 pypeit run/2024-12-24/pypeit_run/keck_kcrm_A/Calibrations/Alignment_A_0_DET01.fits
    INFO | 2026-08-27 07:54:53 | datamodel.py:from_file:1558 | Loading ScatteredLight from /Users/kaiwenzhang/PycharmProjects/KCWI/KCWI_RED_channel_characterization/RM2 pypeit run/2024-12-24/pypeit_run/keck_kcrm_A/Calibrations/ScatteredLight_A_0_DET01.fits.gz
    INFO | 2026-08-27 07:54:55 | datamodel.py:from_file:1558 | Loading FlatImages from /Users/kaiwenzhang/PycharmProjects/KCWI/KCWI_RED_channel_characterization/RM2 pypeit run/2024-12-24/pypeit_run/keck_kcrm_A/Calibrations/Flat_A_0_DET01.fits
    INFO | 2026-08-27 07:54:59 | calibrations.py:run_the_steps:1459 | Calibration complete and/or fully loaded!
    INFO | 2026-08-27 07:54:59 | calibrations.py:run_the_steps:1460 | #######################################################################
    INFO | 2026-08-27 07:54:59 | exposure.py:process_exposure:126 | Reducing detector 1
    INFO | 2026-08-27 07:54:59 | datamodel.py:from_file:1558 | Loading BiasImage from /Users/kaiwenzhang/PycharmProjects/KCWI/KCWI_RED_channel_characterization/RM2 pypeit run/2024-12-24/pypeit_run/keck_kcrm_A/Calibrations/Bias_A_0_DET01.fits
 WARNING | 2026-08-27 07:55:00 | calibrations.py:get_dark:606 | No raw dark frames found and unable to identify a relevant processed calibration frame.  Continuing...
    INFO | 2026-08-27 07:55:00 | keck_kcwi.py:get_rawimage:1426 | Reading KCWI file: /Users/kaiwenzhang/PycharmProjects/KCWI/KCWI_RED_channel_characterization/fits/by_night/RM2/2024-12-24/KR.20241225.57657.90.fits
    INFO | 2026-08-27 07:55:00 | datamodel.py:from_file:1558 | Loading ArcImage from /Users/kaiwenzhang/PycharmProjects/KCWI/KCWI_RED_channel_characterization/RM2 pypeit run/2024-12-24/pypeit_run/keck_kcrm_A/Calibrations/Arc_A_0_DET01.fits
    INFO | 2026-08-27 07:55:01 | datamodel.py:from_file:1558 | Loading TiltImage from /Users/kaiwenzhang/PycharmProjects/KCWI/KCWI_RED_channel_characterization/RM2 pypeit run/2024-12-24/pypeit_run/keck_kcrm_A/Calibrations/Tiltimg_A_0_DET01.fits
    INFO | 2026-08-27 07:55:01 | datamodel.py:from_file:1558 | Loading SlitTraceSet from /Users/kaiwenzhang/PycharmProjects/KCWI/KCWI_RED_channel_characterization/RM2 pypeit run/2024-12-24/pypeit_run/keck_kcrm_A/Calibrations/Slits_A_0_DET01.fits.gz
    INFO | 2026-08-27 07:55:01 | datamodel.py:from_file:1558 | Loading WaveCalib from /Users/kaiwenzhang/PycharmProjects/KCWI/KCWI_RED_channel_characterization/RM2 pypeit run/2024-12-24/pypeit_run/keck_kcrm_A/Calibrations/WaveCalib_A_0_DET01.fits
    INFO | 2026-08-27 07:55:02 | datamodel.py:from_file:1558 | Loading WaveTilts from /Users/kaiwenzhang/PycharmProjects/KCWI/KCWI_RED_channel_characterization/RM2 pypeit run/2024-12-24/pypeit_run/keck_kcrm_A/Calibrations/Tilts_A_0_DET01.fits
    INFO | 2026-08-27 07:55:02 | datamodel.py:from_file:1558 | Loading Alignments from /Users/kaiwenzhang/PycharmProjects/KCWI/KCWI_RED_channel_characterization/RM2 pypeit run/2024-12-24/pypeit_run/keck_kcrm_A/Calibrations/Alignment_A_0_DET01.fits
    INFO | 2026-08-27 07:55:02 | datamodel.py:from_file:1558 | Loading ScatteredLight from /Users/kaiwenzhang/PycharmProjects/KCWI/KCWI_RED_channel_characterization/RM2 pypeit run/2024-12-24/pypeit_run/keck_kcrm_A/Calibrations/ScatteredLight_A_0_DET01.fits.gz
    INFO | 2026-08-27 07:55:03 | datamodel.py:from_file:1558 | Loading FlatImages from /Users/kaiwenzhang/PycharmProjects/KCWI/KCWI_RED_channel_characterization/RM2 pypeit run/2024-12-24/pypeit_run/keck_kcrm_A/Calibrations/Flat_A_0_DET01.fits
    INFO | 2026-08-27 07:55:06 | calibrations.py:run_the_steps:1459 | Calibration complete and/or fully loaded!
    INFO | 2026-08-27 07:55:06 | calibrations.py:run_the_steps:1460 | #######################################################################
    INFO | 2026-08-27 07:55:06 | pypeit_steps.py:process_one_det:260 | Image processing begins for KR.20241225.57657.90-feige34_KCRM_20241225T160057.917 on det=1
    INFO | 2026-08-27 07:55:07 | keck_kcwi.py:get_rawimage:1426 | Reading KCWI file: /Users/kaiwenzhang/PycharmProjects/KCWI/KCWI_RED_channel_characterization/fits/by_night/RM2/2024-12-24/KR.20241225.57657.90.fits
    INFO | 2026-08-27 07:55:07 | rawimage.py:process:564 | Performing basic image processing on KR.20241225.57657.90.fits.
    INFO | 2026-08-27 07:55:07 | rawimage.py:estimate_readnoise:359 | Estimated readnoise of amplifier 1 = 3.593 e-
    INFO | 2026-08-27 07:55:07 | rawimage.py:estimate_readnoise:359 | Estimated readnoise of amplifier 2 = 3.645 e-
    INFO | 2026-08-27 07:55:24 | procimg.py:lacosmic:170 | Detecting cosmic rays with the L.A.Cosmic algorithm
    INFO | 2026-08-27 07:55:24 | procimg.py:lacosmic:218 | Convolving image with Laplacian kernel
    INFO | 2026-08-27 07:55:31 | procimg.py:lacosmic:229 | Found 6650 candidate cosmic-ray pixels
    INFO | 2026-08-27 07:55:31 | procimg.py:lacosmic:235 | Reduced to 6650 candidates after excluding known bad pixels.
    INFO | 2026-08-27 07:55:42 | procimg.py:lacosmic:246 | Reduced to 1411 candidates after excluding compact objects.
    INFO | 2026-08-27 07:55:42 | procimg.py:lacosmic:250 | Finding neighboring pixels affected by cosmic rays
    INFO | 2026-08-27 07:55:42 | procimg.py:lacosmic:260 | Changed to 4499 candidates after evaluating neighboring pixels.
    INFO | 2026-08-27 07:55:42 | procimg.py:lacosmic:266 | Reduced to 4499 candidates after excluding known bad pixels.
    INFO | 2026-08-27 07:55:42 | procimg.py:lacosmic:271 | Iteration 1: 4499 pixels identified as cosmic rays (4499 are new)
    INFO | 2026-08-27 07:55:46 | procimg.py:lacosmic:300 | 4313 pixels identified as cosmic rays after removing false positives
    INFO | 2026-08-27 07:55:46 | pypeit_steps.py:findobj_on_det:381 | Object finding begins for KR.20241225.57657.90-feige34_KCRM_20241225T160057.917 on det=1
    INFO | 2026-08-27 07:55:46 | datamodel.py:from_file:1558 | Loading BiasImage from /Users/kaiwenzhang/PycharmProjects/KCWI/KCWI_RED_channel_characterization/RM2 pypeit run/2024-12-24/pypeit_run/keck_kcrm_A/Calibrations/Bias_A_0_DET01.fits
 WARNING | 2026-08-27 07:55:47 | calibrations.py:get_dark:606 | No raw dark frames found and unable to identify a relevant processed calibration frame.  Continuing...
    INFO | 2026-08-27 07:55:47 | keck_kcwi.py:get_rawimage:1426 | Reading KCWI file: /Users/kaiwenzhang/PycharmProjects/KCWI/KCWI_RED_channel_characterization/fits/by_night/RM2/2024-12-24/KR.20241225.57657.90.fits
    INFO | 2026-08-27 07:55:47 | datamodel.py:from_file:1558 | Loading ArcImage from /Users/kaiwenzhang/PycharmProjects/KCWI/KCWI_RED_channel_characterization/RM2 pypeit run/2024-12-24/pypeit_run/keck_kcrm_A/Calibrations/Arc_A_0_DET01.fits
    INFO | 2026-08-27 07:55:47 | datamodel.py:from_file:1558 | Loading TiltImage from /Users/kaiwenzhang/PycharmProjects/KCWI/KCWI_RED_channel_characterization/RM2 pypeit run/2024-12-24/pypeit_run/keck_kcrm_A/Calibrations/Tiltimg_A_0_DET01.fits
    INFO | 2026-08-27 07:55:47 | datamodel.py:from_file:1558 | Loading SlitTraceSet from /Users/kaiwenzhang/PycharmProjects/KCWI/KCWI_RED_channel_characterization/RM2 pypeit run/2024-12-24/pypeit_run/keck_kcrm_A/Calibrations/Slits_A_0_DET01.fits.gz
    INFO | 2026-08-27 07:55:47 | datamodel.py:from_file:1558 | Loading WaveCalib from /Users/kaiwenzhang/PycharmProjects/KCWI/KCWI_RED_channel_characterization/RM2 pypeit run/2024-12-24/pypeit_run/keck_kcrm_A/Calibrations/WaveCalib_A_0_DET01.fits
    INFO | 2026-08-27 07:55:48 | datamodel.py:from_file:1558 | Loading WaveTilts from /Users/kaiwenzhang/PycharmProjects/KCWI/KCWI_RED_channel_characterization/RM2 pypeit run/2024-12-24/pypeit_run/keck_kcrm_A/Calibrations/Tilts_A_0_DET01.fits
    INFO | 2026-08-27 07:55:48 | datamodel.py:from_file:1558 | Loading Alignments from /Users/kaiwenzhang/PycharmProjects/KCWI/KCWI_RED_channel_characterization/RM2 pypeit run/2024-12-24/pypeit_run/keck_kcrm_A/Calibrations/Alignment_A_0_DET01.fits
    INFO | 2026-08-27 07:55:48 | datamodel.py:from_file:1558 | Loading ScatteredLight from /Users/kaiwenzhang/PycharmProjects/KCWI/KCWI_RED_channel_characterization/RM2 pypeit run/2024-12-24/pypeit_run/keck_kcrm_A/Calibrations/ScatteredLight_A_0_DET01.fits.gz
    INFO | 2026-08-27 07:55:50 | datamodel.py:from_file:1558 | Loading FlatImages from /Users/kaiwenzhang/PycharmProjects/KCWI/KCWI_RED_channel_characterization/RM2 pypeit run/2024-12-24/pypeit_run/keck_kcrm_A/Calibrations/Flat_A_0_DET01.fits
    INFO | 2026-08-27 07:55:54 | calibrations.py:run_the_steps:1459 | Calibration complete and/or fully loaded!
    INFO | 2026-08-27 07:55:54 | calibrations.py:run_the_steps:1460 | #######################################################################
    INFO | 2026-08-27 07:55:54 | pypeit_steps.py:findobj_on_det:387 | Reducing detector 1
    INFO | 2026-08-27 07:55:54 | pypeit_steps.py:load_skyregions:606 | Generating skysub mask based on the user defined regions: :40,66:
    INFO | 2026-08-27 07:55:56 | find_objects.py:__init__:164 | Initializing slits
    INFO | 2026-08-27 07:55:57 | find_objects.py:__init__:232 | Generating tilts image from fit in waveTilts
    INFO | 2026-08-27 07:55:57 | wavetilts.py:fit2tiltimg:143 | Generating a tilts image from the fit parameters
    INFO | 2026-08-27 07:56:45 | find_objects.py:global_skysub:583 | Global sky subtraction for slit: 106
    INFO | 2026-08-27 07:56:46 | skysub.py:global_skysub:195 | Full fit in global sky sub.
    INFO | 2026-08-27 07:56:46 | fitting.py:bspline_profile:1156 | B-spline fit:
    INFO | 2026-08-27 07:56:46 | fitting.py:bspline_profile:1157 |     npoly = 3 profile basis functions
    INFO | 2026-08-27 07:56:46 | fitting.py:bspline_profile:1158 |     ngood = 400509/575376 measurements
    INFO | 2026-08-27 07:56:46 | fitting.py:bspline_profile:1159 | ***************** Iter     Chi^2    N Rej  R. Fac *****************
    INFO | 2026-08-27 07:56:46 | fitting.py:bspline_profile:1163 |                   ----  --------  -------  ------                  
    INFO | 2026-08-27 07:56:47 | fitting.py:bspline_profile:1257 |                      1     0.902   175283    1.00                  
    INFO | 2026-08-27 07:56:48 | fitting.py:bspline_profile:1257 |                      2     0.889   175288    1.00                  
    INFO | 2026-08-27 07:56:48 | fitting.py:bspline_profile:1257 |                      3     0.889   175288    1.00                  
    INFO | 2026-08-27 07:56:48 | fitting.py:bspline_profile:1272 |                   DONE     0.889   175288    1.00                  
    INFO | 2026-08-27 07:56:48 | fitting.py:bspline_profile:1275 | *******************************************************************
    INFO | 2026-08-27 07:56:48 | find_objects.py:global_skysub:583 | Global sky subtraction for slit: 264
    INFO | 2026-08-27 07:56:49 | skysub.py:global_skysub:195 | Full fit in global sky sub.
    INFO | 2026-08-27 07:56:49 | fitting.py:bspline_profile:1156 | B-spline fit:
    INFO | 2026-08-27 07:56:49 | fitting.py:bspline_profile:1157 |     npoly = 3 profile basis functions
    INFO | 2026-08-27 07:56:49 | fitting.py:bspline_profile:1158 |     ngood = 401402/576571 measurements
    INFO | 2026-08-27 07:56:49 | fitting.py:bspline_profile:1159 | ***************** Iter     Chi^2    N Rej  R. Fac *****************
    INFO | 2026-08-27 07:56:49 | fitting.py:bspline_profile:1163 |                   ----  --------  -------  ------                  
    INFO | 2026-08-27 07:56:49 | fitting.py:bspline_profile:1257 |                      1     0.896   175590    1.00                  
    INFO | 2026-08-27 07:56:50 | fitting.py:bspline_profile:1257 |                      2     0.883   175600    1.00                  
    INFO | 2026-08-27 07:56:50 | fitting.py:bspline_profile:1257 |                      3     0.883   175602    1.00                  
    INFO | 2026-08-27 07:56:51 | fitting.py:bspline_profile:1257 |                      4     0.883   175602    1.00                  
    INFO | 2026-08-27 07:56:51 | fitting.py:bspline_profile:1272 |                   DONE     0.883   175602    1.00                  
    INFO | 2026-08-27 07:56:51 | fitting.py:bspline_profile:1275 | *******************************************************************
    INFO | 2026-08-27 07:56:51 | find_objects.py:global_skysub:583 | Global sky subtraction for slit: 421
    INFO | 2026-08-27 07:56:51 | skysub.py:global_skysub:195 | Full fit in global sky sub.
    INFO | 2026-08-27 07:56:51 | fitting.py:bspline_profile:1156 | B-spline fit:
    INFO | 2026-08-27 07:56:51 | fitting.py:bspline_profile:1157 |     npoly = 3 profile basis functions
    INFO | 2026-08-27 07:56:51 | fitting.py:bspline_profile:1158 |     ngood = 402364/577163 measurements
    INFO | 2026-08-27 07:56:51 | fitting.py:bspline_profile:1159 | ***************** Iter     Chi^2    N Rej  R. Fac *****************
    INFO | 2026-08-27 07:56:51 | fitting.py:bspline_profile:1163 |                   ----  --------  -------  ------                  
    INFO | 2026-08-27 07:56:52 | fitting.py:bspline_profile:1257 |                      1     1.113   175402    1.00                  
    INFO | 2026-08-27 07:56:53 | fitting.py:bspline_profile:1257 |                      2     0.881   175412    1.00                  
    INFO | 2026-08-27 07:56:53 | fitting.py:bspline_profile:1257 |                      3     0.881   175413    1.00                  
    INFO | 2026-08-27 07:56:54 | fitting.py:bspline_profile:1257 |                      4     0.881   175413    1.00                  
    INFO | 2026-08-27 07:56:54 | fitting.py:bspline_profile:1272 |                   DONE     0.881   175413    1.00                  
    INFO | 2026-08-27 07:56:54 | fitting.py:bspline_profile:1275 | *******************************************************************
    INFO | 2026-08-27 07:56:54 | find_objects.py:global_skysub:583 | Global sky subtraction for slit: 576
    INFO | 2026-08-27 07:56:55 | skysub.py:global_skysub:195 | Full fit in global sky sub.
    INFO | 2026-08-27 07:56:55 | fitting.py:bspline_profile:1156 | B-spline fit:
    INFO | 2026-08-27 07:56:55 | fitting.py:bspline_profile:1157 |     npoly = 3 profile basis functions
    INFO | 2026-08-27 07:56:55 | fitting.py:bspline_profile:1158 |     ngood = 402215/576880 measurements
    INFO | 2026-08-27 07:56:55 | fitting.py:bspline_profile:1159 | ***************** Iter     Chi^2    N Rej  R. Fac *****************
    INFO | 2026-08-27 07:56:55 | fitting.py:bspline_profile:1163 |                   ----  --------  -------  ------                  
    INFO | 2026-08-27 07:56:55 | fitting.py:bspline_profile:1257 |                      1     0.981   175199    1.00                  
    INFO | 2026-08-27 07:56:56 | fitting.py:bspline_profile:1257 |                      2     0.891   175211    1.00                  
    INFO | 2026-08-27 07:56:57 | fitting.py:bspline_profile:1257 |                      3     0.890   175212    1.00                  
    INFO | 2026-08-27 07:56:57 | fitting.py:bspline_profile:1257 |                      4     0.890   175213    1.00                  
    INFO | 2026-08-27 07:56:58 | fitting.py:bspline_profile:1257 |                      5     0.890   175213    1.00                  
    INFO | 2026-08-27 07:56:58 | fitting.py:bspline_profile:1272 |                   DONE     0.890   175213    1.00                  
    INFO | 2026-08-27 07:56:58 | fitting.py:bspline_profile:1275 | *******************************************************************
    INFO | 2026-08-27 07:56:58 | find_objects.py:global_skysub:583 | Global sky subtraction for slit: 727
    INFO | 2026-08-27 07:56:58 | skysub.py:global_skysub:195 | Full fit in global sky sub.
    INFO | 2026-08-27 07:56:58 | fitting.py:bspline_profile:1156 | B-spline fit:
    INFO | 2026-08-27 07:56:58 | fitting.py:bspline_profile:1157 |     npoly = 3 profile basis functions
    INFO | 2026-08-27 07:56:58 | fitting.py:bspline_profile:1158 |     ngood = 401237/577014 measurements
    INFO | 2026-08-27 07:56:58 | fitting.py:bspline_profile:1159 | ***************** Iter     Chi^2    N Rej  R. Fac *****************
    INFO | 2026-08-27 07:56:58 | fitting.py:bspline_profile:1163 |                   ----  --------  -------  ------                  
    INFO | 2026-08-27 07:56:59 | fitting.py:bspline_profile:1257 |                      1     1.100   176864    1.00                  
    INFO | 2026-08-27 07:56:59 | fitting.py:bspline_profile:1257 |                      2     0.882   176892    1.00                  
    INFO | 2026-08-27 07:57:00 | fitting.py:bspline_profile:1257 |                      3     0.880   176897    1.00                  
    INFO | 2026-08-27 07:57:01 | fitting.py:bspline_profile:1257 |                      4     0.880   176898    1.00                  
    INFO | 2026-08-27 07:57:01 | fitting.py:bspline_profile:1257 |                      5     0.880   176898    1.00                  
    INFO | 2026-08-27 07:57:01 | fitting.py:bspline_profile:1272 |                   DONE     0.880   176898    1.00                  
    INFO | 2026-08-27 07:57:01 | fitting.py:bspline_profile:1275 | *******************************************************************
    INFO | 2026-08-27 07:57:01 | find_objects.py:global_skysub:583 | Global sky subtraction for slit: 877
    INFO | 2026-08-27 07:57:02 | skysub.py:global_skysub:195 | Full fit in global sky sub.
    INFO | 2026-08-27 07:57:02 | fitting.py:bspline_profile:1156 | B-spline fit:
    INFO | 2026-08-27 07:57:02 | fitting.py:bspline_profile:1157 |     npoly = 3 profile basis functions
    INFO | 2026-08-27 07:57:02 | fitting.py:bspline_profile:1158 |     ngood = 402255/577615 measurements
    INFO | 2026-08-27 07:57:02 | fitting.py:bspline_profile:1159 | ***************** Iter     Chi^2    N Rej  R. Fac *****************
    INFO | 2026-08-27 07:57:02 | fitting.py:bspline_profile:1163 |                   ----  --------  -------  ------                  
    INFO | 2026-08-27 07:57:02 | fitting.py:bspline_profile:1257 |                      1     1.298   176480    1.00                  
    INFO | 2026-08-27 07:57:03 | fitting.py:bspline_profile:1257 |                      2     0.881   176510    1.00                  
    INFO | 2026-08-27 07:57:03 | fitting.py:bspline_profile:1257 |                      3     0.879   176512    1.00                  
    INFO | 2026-08-27 07:57:04 | fitting.py:bspline_profile:1257 |                      4     0.879   176512    1.00                  
    INFO | 2026-08-27 07:57:04 | fitting.py:bspline_profile:1272 |                   DONE     0.879   176512    1.00                  
    INFO | 2026-08-27 07:57:04 | fitting.py:bspline_profile:1275 | *******************************************************************
    INFO | 2026-08-27 07:57:04 | find_objects.py:global_skysub:583 | Global sky subtraction for slit: 1025
    INFO | 2026-08-27 07:57:05 | skysub.py:global_skysub:195 | Full fit in global sky sub.
    INFO | 2026-08-27 07:57:05 | fitting.py:bspline_profile:1156 | B-spline fit:
    INFO | 2026-08-27 07:57:05 | fitting.py:bspline_profile:1157 |     npoly = 3 profile basis functions
    INFO | 2026-08-27 07:57:05 | fitting.py:bspline_profile:1158 |     ngood = 402366/577569 measurements
    INFO | 2026-08-27 07:57:05 | fitting.py:bspline_profile:1159 | ***************** Iter     Chi^2    N Rej  R. Fac *****************
    INFO | 2026-08-27 07:57:05 | fitting.py:bspline_profile:1163 |                   ----  --------  -------  ------                  
    INFO | 2026-08-27 07:57:05 | fitting.py:bspline_profile:1257 |                      1     1.342   176076    1.00                  
    INFO | 2026-08-27 07:57:06 | fitting.py:bspline_profile:1257 |                      2     0.879   176102    1.00                  
    INFO | 2026-08-27 07:57:06 | fitting.py:bspline_profile:1257 |                      3     0.878   176102    1.00                  
    INFO | 2026-08-27 07:57:06 | fitting.py:bspline_profile:1272 |                   DONE     0.878   176102    1.00                  
    INFO | 2026-08-27 07:57:06 | fitting.py:bspline_profile:1275 | *******************************************************************
    INFO | 2026-08-27 07:57:06 | find_objects.py:global_skysub:583 | Global sky subtraction for slit: 1172
    INFO | 2026-08-27 07:57:07 | skysub.py:global_skysub:195 | Full fit in global sky sub.
    INFO | 2026-08-27 07:57:07 | fitting.py:bspline_profile:1156 | B-spline fit:
    INFO | 2026-08-27 07:57:07 | fitting.py:bspline_profile:1157 |     npoly = 3 profile basis functions
    INFO | 2026-08-27 07:57:07 | fitting.py:bspline_profile:1158 |     ngood = 401991/577966 measurements
    INFO | 2026-08-27 07:57:07 | fitting.py:bspline_profile:1159 | ***************** Iter     Chi^2    N Rej  R. Fac *****************
    INFO | 2026-08-27 07:57:07 | fitting.py:bspline_profile:1163 |                   ----  --------  -------  ------                  
    INFO | 2026-08-27 07:57:08 | fitting.py:bspline_profile:1257 |                      1     1.083   176538    1.00                  
    INFO | 2026-08-27 07:57:08 | fitting.py:bspline_profile:1257 |                      2     0.883   176546    1.00                  
    INFO | 2026-08-27 07:57:09 | fitting.py:bspline_profile:1257 |                      3     0.883   176546    1.00                  
    INFO | 2026-08-27 07:57:09 | fitting.py:bspline_profile:1272 |                   DONE     0.883   176546    1.00                  
    INFO | 2026-08-27 07:57:09 | fitting.py:bspline_profile:1275 | *******************************************************************
    INFO | 2026-08-27 07:57:09 | find_objects.py:global_skysub:583 | Global sky subtraction for slit: 1320
    INFO | 2026-08-27 07:57:09 | skysub.py:global_skysub:195 | Full fit in global sky sub.
    INFO | 2026-08-27 07:57:09 | fitting.py:bspline_profile:1156 | B-spline fit:
    INFO | 2026-08-27 07:57:09 | fitting.py:bspline_profile:1157 |     npoly = 3 profile basis functions
    INFO | 2026-08-27 07:57:09 | fitting.py:bspline_profile:1158 |     ngood = 401879/578249 measurements
    INFO | 2026-08-27 07:57:09 | fitting.py:bspline_profile:1159 | ***************** Iter     Chi^2    N Rej  R. Fac *****************
    INFO | 2026-08-27 07:57:09 | fitting.py:bspline_profile:1163 |                   ----  --------  -------  ------                  
    INFO | 2026-08-27 07:57:10 | fitting.py:bspline_profile:1257 |                      1     1.289   177255    1.00                  
    INFO | 2026-08-27 07:57:11 | fitting.py:bspline_profile:1257 |                      2     0.884   177285    1.00                  
    INFO | 2026-08-27 07:57:11 | fitting.py:bspline_profile:1257 |                      3     0.883   177286    1.00                  
    INFO | 2026-08-27 07:57:12 | fitting.py:bspline_profile:1257 |                      4     0.883   177286    1.00                  
    INFO | 2026-08-27 07:57:12 | fitting.py:bspline_profile:1272 |                   DONE     0.883   177286    1.00                  
    INFO | 2026-08-27 07:57:12 | fitting.py:bspline_profile:1275 | *******************************************************************
    INFO | 2026-08-27 07:57:12 | find_objects.py:global_skysub:583 | Global sky subtraction for slit: 1468
    INFO | 2026-08-27 07:57:12 | skysub.py:global_skysub:195 | Full fit in global sky sub.
    INFO | 2026-08-27 07:57:12 | fitting.py:bspline_profile:1156 | B-spline fit:
    INFO | 2026-08-27 07:57:12 | fitting.py:bspline_profile:1157 |     npoly = 3 profile basis functions
    INFO | 2026-08-27 07:57:12 | fitting.py:bspline_profile:1158 |     ngood = 402630/577880 measurements
    INFO | 2026-08-27 07:57:12 | fitting.py:bspline_profile:1159 | ***************** Iter     Chi^2    N Rej  R. Fac *****************
    INFO | 2026-08-27 07:57:12 | fitting.py:bspline_profile:1163 |                   ----  --------  -------  ------                  
    INFO | 2026-08-27 07:57:13 | fitting.py:bspline_profile:1257 |                      1     1.252   176068    1.00                  
    INFO | 2026-08-27 07:57:14 | fitting.py:bspline_profile:1257 |                      2     0.890   176093    1.00                  
    INFO | 2026-08-27 07:57:14 | fitting.py:bspline_profile:1257 |                      3     0.889   176094    1.00                  
    INFO | 2026-08-27 07:57:15 | fitting.py:bspline_profile:1257 |                      4     0.889   176094    1.00                  
    INFO | 2026-08-27 07:57:15 | fitting.py:bspline_profile:1272 |                   DONE     0.889   176094    1.00                  
    INFO | 2026-08-27 07:57:15 | fitting.py:bspline_profile:1275 | *******************************************************************
    INFO | 2026-08-27 07:57:15 | find_objects.py:global_skysub:583 | Global sky subtraction for slit: 1616
    INFO | 2026-08-27 07:57:15 | skysub.py:global_skysub:195 | Full fit in global sky sub.
    INFO | 2026-08-27 07:57:15 | fitting.py:bspline_profile:1156 | B-spline fit:
    INFO | 2026-08-27 07:57:15 | fitting.py:bspline_profile:1157 |     npoly = 3 profile basis functions
    INFO | 2026-08-27 07:57:15 | fitting.py:bspline_profile:1158 |     ngood = 402611/578021 measurements
    INFO | 2026-08-27 07:57:15 | fitting.py:bspline_profile:1159 | ***************** Iter     Chi^2    N Rej  R. Fac *****************
    INFO | 2026-08-27 07:57:15 | fitting.py:bspline_profile:1163 |                   ----  --------  -------  ------                  
    INFO | 2026-08-27 07:57:16 | fitting.py:bspline_profile:1257 |                      1     1.416   176736    1.00                  
    INFO | 2026-08-27 07:57:16 | fitting.py:bspline_profile:1257 |                      2     0.891   176772    1.00                  
    INFO | 2026-08-27 07:57:17 | fitting.py:bspline_profile:1257 |                      3     0.890   176777    1.00                  
    INFO | 2026-08-27 07:57:18 | fitting.py:bspline_profile:1257 |                      4     0.889   176777    1.00                  
    INFO | 2026-08-27 07:57:18 | fitting.py:bspline_profile:1272 |                   DONE     0.889   176777    1.00                  
    INFO | 2026-08-27 07:57:18 | fitting.py:bspline_profile:1275 | *******************************************************************
    INFO | 2026-08-27 07:57:18 | find_objects.py:global_skysub:583 | Global sky subtraction for slit: 1764
    INFO | 2026-08-27 07:57:18 | skysub.py:global_skysub:195 | Full fit in global sky sub.
    INFO | 2026-08-27 07:57:18 | fitting.py:bspline_profile:1156 | B-spline fit:
    INFO | 2026-08-27 07:57:18 | fitting.py:bspline_profile:1157 |     npoly = 3 profile basis functions
    INFO | 2026-08-27 07:57:18 | fitting.py:bspline_profile:1158 |     ngood = 403392/579174 measurements
    INFO | 2026-08-27 07:57:18 | fitting.py:bspline_profile:1159 | ***************** Iter     Chi^2    N Rej  R. Fac *****************
    INFO | 2026-08-27 07:57:18 | fitting.py:bspline_profile:1163 |                   ----  --------  -------  ------                  
    INFO | 2026-08-27 07:57:19 | fitting.py:bspline_profile:1257 |                      1     0.928   176279    1.00                  
    INFO | 2026-08-27 07:57:19 | fitting.py:bspline_profile:1257 |                      2     0.886   176287    1.00                  
    INFO | 2026-08-27 07:57:20 | fitting.py:bspline_profile:1257 |                      3     0.886   176288    1.00                  
    INFO | 2026-08-27 07:57:21 | fitting.py:bspline_profile:1257 |                      4     0.886   176288    1.00                  
    INFO | 2026-08-27 07:57:21 | fitting.py:bspline_profile:1272 |                   DONE     0.886   176288    1.00                  
    INFO | 2026-08-27 07:57:21 | fitting.py:bspline_profile:1275 | *******************************************************************
    INFO | 2026-08-27 07:57:21 | find_objects.py:global_skysub:583 | Global sky subtraction for slit: 2321
    INFO | 2026-08-27 07:57:21 | skysub.py:global_skysub:195 | Full fit in global sky sub.
    INFO | 2026-08-27 07:57:21 | fitting.py:bspline_profile:1156 | B-spline fit:
    INFO | 2026-08-27 07:57:21 | fitting.py:bspline_profile:1157 |     npoly = 3 profile basis functions
    INFO | 2026-08-27 07:57:21 | fitting.py:bspline_profile:1158 |     ngood = 403610/579754 measurements
    INFO | 2026-08-27 07:57:21 | fitting.py:bspline_profile:1159 | ***************** Iter     Chi^2    N Rej  R. Fac *****************
    INFO | 2026-08-27 07:57:21 | fitting.py:bspline_profile:1163 |                   ----  --------  -------  ------                  
    INFO | 2026-08-27 07:57:22 | fitting.py:bspline_profile:1257 |                      1     1.017   176803    1.00                  
    INFO | 2026-08-27 07:57:23 | fitting.py:bspline_profile:1257 |                      2     0.893   176816    1.00                  
    INFO | 2026-08-27 07:57:23 | fitting.py:bspline_profile:1257 |                      3     0.893   176816    1.00                  
    INFO | 2026-08-27 07:57:23 | fitting.py:bspline_profile:1272 |                   DONE     0.893   176816    1.00                  
    INFO | 2026-08-27 07:57:23 | fitting.py:bspline_profile:1275 | *******************************************************************
    INFO | 2026-08-27 07:57:23 | find_objects.py:global_skysub:583 | Global sky subtraction for slit: 2468
    INFO | 2026-08-27 07:57:24 | skysub.py:global_skysub:195 | Full fit in global sky sub.
    INFO | 2026-08-27 07:57:24 | fitting.py:bspline_profile:1156 | B-spline fit:
    INFO | 2026-08-27 07:57:24 | fitting.py:bspline_profile:1157 |     npoly = 3 profile basis functions
    INFO | 2026-08-27 07:57:24 | fitting.py:bspline_profile:1158 |     ngood = 403561/579257 measurements
    INFO | 2026-08-27 07:57:24 | fitting.py:bspline_profile:1159 | ***************** Iter     Chi^2    N Rej  R. Fac *****************
    INFO | 2026-08-27 07:57:24 | fitting.py:bspline_profile:1163 |                   ----  --------  -------  ------                  
    INFO | 2026-08-27 07:57:24 | fitting.py:bspline_profile:1257 |                      1     1.620   177473    1.00                  
    INFO | 2026-08-27 07:57:25 | fitting.py:bspline_profile:1257 |                      2     0.893   177518    1.00                  
    INFO | 2026-08-27 07:57:26 | fitting.py:bspline_profile:1257 |                      3     0.891   177520    1.00                  
    INFO | 2026-08-27 07:57:26 | fitting.py:bspline_profile:1257 |                      4     0.891   177520    1.00                  
    INFO | 2026-08-27 07:57:26 | fitting.py:bspline_profile:1272 |                   DONE     0.891   177520    1.00                  
    INFO | 2026-08-27 07:57:26 | fitting.py:bspline_profile:1275 | *******************************************************************
    INFO | 2026-08-27 07:57:26 | find_objects.py:global_skysub:583 | Global sky subtraction for slit: 2616
    INFO | 2026-08-27 07:57:26 | skysub.py:global_skysub:195 | Full fit in global sky sub.
    INFO | 2026-08-27 07:57:26 | fitting.py:bspline_profile:1156 | B-spline fit:
    INFO | 2026-08-27 07:57:26 | fitting.py:bspline_profile:1157 |     npoly = 3 profile basis functions
    INFO | 2026-08-27 07:57:26 | fitting.py:bspline_profile:1158 |     ngood = 403456/578967 measurements
    INFO | 2026-08-27 07:57:26 | fitting.py:bspline_profile:1159 | ***************** Iter     Chi^2    N Rej  R. Fac *****************
    INFO | 2026-08-27 07:57:26 | fitting.py:bspline_profile:1163 |                   ----  --------  -------  ------                  
    INFO | 2026-08-27 07:57:27 | fitting.py:bspline_profile:1257 |                      1     1.213   176515    1.00                  
    INFO | 2026-08-27 07:57:28 | fitting.py:bspline_profile:1257 |                      2     0.890   176538    1.00                  
    INFO | 2026-08-27 07:57:28 | fitting.py:bspline_profile:1257 |                      3     0.890   176539    1.00                  
    INFO | 2026-08-27 07:57:29 | fitting.py:bspline_profile:1257 |                      4     0.890   176539    1.00                  
    INFO | 2026-08-27 07:57:29 | fitting.py:bspline_profile:1272 |                   DONE     0.890   176539    1.00                  
    INFO | 2026-08-27 07:57:29 | fitting.py:bspline_profile:1275 | *******************************************************************
    INFO | 2026-08-27 07:57:29 | find_objects.py:global_skysub:583 | Global sky subtraction for slit: 2762
    INFO | 2026-08-27 07:57:29 | skysub.py:global_skysub:195 | Full fit in global sky sub.
    INFO | 2026-08-27 07:57:29 | fitting.py:bspline_profile:1156 | B-spline fit:
    INFO | 2026-08-27 07:57:29 | fitting.py:bspline_profile:1157 |     npoly = 3 profile basis functions
    INFO | 2026-08-27 07:57:29 | fitting.py:bspline_profile:1158 |     ngood = 403836/579917 measurements
    INFO | 2026-08-27 07:57:29 | fitting.py:bspline_profile:1159 | ***************** Iter     Chi^2    N Rej  R. Fac *****************
    INFO | 2026-08-27 07:57:29 | fitting.py:bspline_profile:1163 |                   ----  --------  -------  ------                  
    INFO | 2026-08-27 07:57:30 | fitting.py:bspline_profile:1257 |                      1     0.953   176600    1.00                  
    INFO | 2026-08-27 07:57:31 | fitting.py:bspline_profile:1257 |                      2     0.889   176611    1.00                  
    INFO | 2026-08-27 07:57:31 | fitting.py:bspline_profile:1257 |                      3     0.888   176611    1.00                  
    INFO | 2026-08-27 07:57:31 | fitting.py:bspline_profile:1272 |                   DONE     0.888   176611    1.00                  
    INFO | 2026-08-27 07:57:31 | fitting.py:bspline_profile:1275 | *******************************************************************
    INFO | 2026-08-27 07:57:31 | find_objects.py:global_skysub:583 | Global sky subtraction for slit: 2909
    INFO | 2026-08-27 07:57:32 | skysub.py:global_skysub:195 | Full fit in global sky sub.
    INFO | 2026-08-27 07:57:32 | fitting.py:bspline_profile:1156 | B-spline fit:
    INFO | 2026-08-27 07:57:32 | fitting.py:bspline_profile:1157 |     npoly = 3 profile basis functions
    INFO | 2026-08-27 07:57:32 | fitting.py:bspline_profile:1158 |     ngood = 403069/578979 measurements
    INFO | 2026-08-27 07:57:32 | fitting.py:bspline_profile:1159 | ***************** Iter     Chi^2    N Rej  R. Fac *****************
    INFO | 2026-08-27 07:57:32 | fitting.py:bspline_profile:1163 |                   ----  --------  -------  ------                  
    INFO | 2026-08-27 07:57:32 | fitting.py:bspline_profile:1257 |                      1     1.392   177340    1.00                  
    INFO | 2026-08-27 07:57:33 | fitting.py:bspline_profile:1257 |                      2     0.892   177374    1.00                  
    INFO | 2026-08-27 07:57:34 | fitting.py:bspline_profile:1257 |                      3     0.890   177374    1.00                  
    INFO | 2026-08-27 07:57:34 | fitting.py:bspline_profile:1272 |                   DONE     0.890   177374    1.00                  
    INFO | 2026-08-27 07:57:34 | fitting.py:bspline_profile:1275 | *******************************************************************
    INFO | 2026-08-27 07:57:34 | find_objects.py:global_skysub:583 | Global sky subtraction for slit: 3056
    INFO | 2026-08-27 07:57:34 | skysub.py:global_skysub:195 | Full fit in global sky sub.
    INFO | 2026-08-27 07:57:34 | fitting.py:bspline_profile:1156 | B-spline fit:
    INFO | 2026-08-27 07:57:34 | fitting.py:bspline_profile:1157 |     npoly = 3 profile basis functions
    INFO | 2026-08-27 07:57:34 | fitting.py:bspline_profile:1158 |     ngood = 402822/579529 measurements
    INFO | 2026-08-27 07:57:34 | fitting.py:bspline_profile:1159 | ***************** Iter     Chi^2    N Rej  R. Fac *****************
    INFO | 2026-08-27 07:57:34 | fitting.py:bspline_profile:1163 |                   ----  --------  -------  ------                  
    INFO | 2026-08-27 07:57:35 | fitting.py:bspline_profile:1257 |                      1     1.486   178202    1.00                  
    INFO | 2026-08-27 07:57:35 | fitting.py:bspline_profile:1257 |                      2     0.886   178263    1.00                  
    INFO | 2026-08-27 07:57:36 | fitting.py:bspline_profile:1257 |                      3     0.884   178265    1.00                  
    INFO | 2026-08-27 07:57:36 | fitting.py:bspline_profile:1257 |                      4     0.884   178265    1.00                  
    INFO | 2026-08-27 07:57:36 | fitting.py:bspline_profile:1272 |                   DONE     0.884   178265    1.00                  
    INFO | 2026-08-27 07:57:36 | fitting.py:bspline_profile:1275 | *******************************************************************
    INFO | 2026-08-27 07:57:36 | find_objects.py:global_skysub:583 | Global sky subtraction for slit: 3204
    INFO | 2026-08-27 07:57:37 | skysub.py:global_skysub:195 | Full fit in global sky sub.
    INFO | 2026-08-27 07:57:37 | fitting.py:bspline_profile:1156 | B-spline fit:
    INFO | 2026-08-27 07:57:37 | fitting.py:bspline_profile:1157 |     npoly = 3 profile basis functions
    INFO | 2026-08-27 07:57:37 | fitting.py:bspline_profile:1158 |     ngood = 404479/579824 measurements
    INFO | 2026-08-27 07:57:37 | fitting.py:bspline_profile:1159 | ***************** Iter     Chi^2    N Rej  R. Fac *****************
    INFO | 2026-08-27 07:57:37 | fitting.py:bspline_profile:1163 |                   ----  --------  -------  ------                  
    INFO | 2026-08-27 07:57:37 | fitting.py:bspline_profile:1257 |                      1     1.101   176167    1.00                  
    INFO | 2026-08-27 07:57:38 | fitting.py:bspline_profile:1257 |                      2     0.885   176192    1.00                  
    INFO | 2026-08-27 07:57:39 | fitting.py:bspline_profile:1257 |                      3     0.884   176194    1.00                  
    INFO | 2026-08-27 07:57:39 | fitting.py:bspline_profile:1257 |                      4     0.884   176195    1.00                  
    INFO | 2026-08-27 07:57:40 | fitting.py:bspline_profile:1257 |                      5     0.884   176195    1.00                  
    INFO | 2026-08-27 07:57:40 | fitting.py:bspline_profile:1272 |                   DONE     0.884   176195    1.00                  
    INFO | 2026-08-27 07:57:40 | fitting.py:bspline_profile:1275 | *******************************************************************
    INFO | 2026-08-27 07:57:40 | find_objects.py:global_skysub:583 | Global sky subtraction for slit: 3352
    INFO | 2026-08-27 07:57:40 | skysub.py:global_skysub:195 | Full fit in global sky sub.
    INFO | 2026-08-27 07:57:40 | fitting.py:bspline_profile:1156 | B-spline fit:
    INFO | 2026-08-27 07:57:40 | fitting.py:bspline_profile:1157 |     npoly = 3 profile basis functions
    INFO | 2026-08-27 07:57:40 | fitting.py:bspline_profile:1158 |     ngood = 404224/579766 measurements
    INFO | 2026-08-27 07:57:40 | fitting.py:bspline_profile:1159 | ***************** Iter     Chi^2    N Rej  R. Fac *****************
    INFO | 2026-08-27 07:57:40 | fitting.py:bspline_profile:1163 |                   ----  --------  -------  ------                  
    INFO | 2026-08-27 07:57:41 | fitting.py:bspline_profile:1257 |                      1     1.308   176726    1.00                  
    INFO | 2026-08-27 07:57:41 | fitting.py:bspline_profile:1257 |                      2     0.889   176767    1.00                  
    INFO | 2026-08-27 07:57:42 | fitting.py:bspline_profile:1257 |                      3     0.887   176773    1.00                  
    INFO | 2026-08-27 07:57:43 | fitting.py:bspline_profile:1257 |                      4     0.887   176774    1.00                  
    INFO | 2026-08-27 07:57:43 | fitting.py:bspline_profile:1257 |                      5     0.887   176774    1.00                  
    INFO | 2026-08-27 07:57:43 | fitting.py:bspline_profile:1272 |                   DONE     0.887   176774    1.00                  
    INFO | 2026-08-27 07:57:43 | fitting.py:bspline_profile:1275 | *******************************************************************
    INFO | 2026-08-27 07:57:43 | find_objects.py:global_skysub:583 | Global sky subtraction for slit: 3502
    INFO | 2026-08-27 07:57:44 | skysub.py:global_skysub:195 | Full fit in global sky sub.
    INFO | 2026-08-27 07:57:44 | fitting.py:bspline_profile:1156 | B-spline fit:
    INFO | 2026-08-27 07:57:44 | fitting.py:bspline_profile:1157 |     npoly = 3 profile basis functions
    INFO | 2026-08-27 07:57:44 | fitting.py:bspline_profile:1158 |     ngood = 402526/579230 measurements
    INFO | 2026-08-27 07:57:44 | fitting.py:bspline_profile:1159 | ***************** Iter     Chi^2    N Rej  R. Fac *****************
    INFO | 2026-08-27 07:57:44 | fitting.py:bspline_profile:1163 |                   ----  --------  -------  ------                  
    INFO | 2026-08-27 07:57:44 | fitting.py:bspline_profile:1257 |                      1     1.501   178000    1.00                  
    INFO | 2026-08-27 07:57:45 | fitting.py:bspline_profile:1257 |                      2     0.889   178046    1.00                  
    INFO | 2026-08-27 07:57:45 | fitting.py:bspline_profile:1257 |                      3     0.888   178047    1.00                  
    INFO | 2026-08-27 07:57:46 | fitting.py:bspline_profile:1257 |                      4     0.888   178047    1.00                  
    INFO | 2026-08-27 07:57:46 | fitting.py:bspline_profile:1272 |                   DONE     0.888   178047    1.00                  
    INFO | 2026-08-27 07:57:46 | fitting.py:bspline_profile:1275 | *******************************************************************
    INFO | 2026-08-27 07:57:46 | find_objects.py:global_skysub:583 | Global sky subtraction for slit: 3655
    INFO | 2026-08-27 07:57:46 | skysub.py:global_skysub:195 | Full fit in global sky sub.
    INFO | 2026-08-27 07:57:46 | fitting.py:bspline_profile:1156 | B-spline fit:
    INFO | 2026-08-27 07:57:46 | fitting.py:bspline_profile:1157 |     npoly = 3 profile basis functions
    INFO | 2026-08-27 07:57:46 | fitting.py:bspline_profile:1158 |     ngood = 404303/579702 measurements
    INFO | 2026-08-27 07:57:46 | fitting.py:bspline_profile:1159 | ***************** Iter     Chi^2    N Rej  R. Fac *****************
    INFO | 2026-08-27 07:57:46 | fitting.py:bspline_profile:1163 |                   ----  --------  -------  ------                  
    INFO | 2026-08-27 07:57:47 | fitting.py:bspline_profile:1257 |                      1     1.061   176447    1.00                  
    INFO | 2026-08-27 07:57:48 | fitting.py:bspline_profile:1257 |                      2     0.889   176481    1.00                  
    INFO | 2026-08-27 07:57:48 | fitting.py:bspline_profile:1257 |                      3     0.888   176488    1.00                  
    INFO | 2026-08-27 07:57:49 | fitting.py:bspline_profile:1257 |                      4     0.888   176489    1.00                  
    INFO | 2026-08-27 07:57:50 | fitting.py:bspline_profile:1257 |                      5     0.888   176490    1.00                  
    INFO | 2026-08-27 07:57:50 | fitting.py:bspline_profile:1257 |                      6     0.888   176490    1.00                  
    INFO | 2026-08-27 07:57:50 | fitting.py:bspline_profile:1272 |                   DONE     0.888   176490    1.00                  
    INFO | 2026-08-27 07:57:50 | fitting.py:bspline_profile:1275 | *******************************************************************
    INFO | 2026-08-27 07:57:50 | find_objects.py:global_skysub:583 | Global sky subtraction for slit: 3810
    INFO | 2026-08-27 07:57:50 | skysub.py:global_skysub:195 | Full fit in global sky sub.
    INFO | 2026-08-27 07:57:50 | fitting.py:bspline_profile:1156 | B-spline fit:
    INFO | 2026-08-27 07:57:50 | fitting.py:bspline_profile:1157 |     npoly = 3 profile basis functions
    INFO | 2026-08-27 07:57:50 | fitting.py:bspline_profile:1158 |     ngood = 403376/578567 measurements
    INFO | 2026-08-27 07:57:50 | fitting.py:bspline_profile:1159 | ***************** Iter     Chi^2    N Rej  R. Fac *****************
    INFO | 2026-08-27 07:57:50 | fitting.py:bspline_profile:1163 |                   ----  --------  -------  ------                  
    INFO | 2026-08-27 07:57:51 | fitting.py:bspline_profile:1257 |                      1     1.186   176056    1.00                  
    INFO | 2026-08-27 07:57:52 | fitting.py:bspline_profile:1257 |                      2     0.892   176071    1.00                  
    INFO | 2026-08-27 07:57:52 | fitting.py:bspline_profile:1257 |                      3     0.892   176073    1.00                  
    INFO | 2026-08-27 07:57:53 | fitting.py:bspline_profile:1257 |                      4     0.892   176073    1.00                  
    INFO | 2026-08-27 07:57:53 | fitting.py:bspline_profile:1272 |                   DONE     0.892   176073    1.00                  
    INFO | 2026-08-27 07:57:53 | fitting.py:bspline_profile:1275 | *******************************************************************
    INFO | 2026-08-27 07:57:53 | find_objects.py:global_skysub:583 | Global sky subtraction for slit: 3968
    INFO | 2026-08-27 07:57:53 | skysub.py:global_skysub:195 | Full fit in global sky sub.
    INFO | 2026-08-27 07:57:53 | fitting.py:bspline_profile:1156 | B-spline fit:
    INFO | 2026-08-27 07:57:53 | fitting.py:bspline_profile:1157 |     npoly = 3 profile basis functions
    INFO | 2026-08-27 07:57:53 | fitting.py:bspline_profile:1158 |     ngood = 402890/578899 measurements
    INFO | 2026-08-27 07:57:53 | fitting.py:bspline_profile:1159 | ***************** Iter     Chi^2    N Rej  R. Fac *****************
    INFO | 2026-08-27 07:57:53 | fitting.py:bspline_profile:1163 |                   ----  --------  -------  ------                  
    INFO | 2026-08-27 07:57:54 | fitting.py:bspline_profile:1257 |                      1     0.986   176540    1.00                  
    INFO | 2026-08-27 07:57:55 | fitting.py:bspline_profile:1257 |                      2     0.889   176552    1.00                  
    INFO | 2026-08-27 07:57:55 | fitting.py:bspline_profile:1257 |                      3     0.889   176552    1.00                  
    INFO | 2026-08-27 07:57:55 | fitting.py:bspline_profile:1272 |                   DONE     0.889   176552    1.00                  
    INFO | 2026-08-27 07:57:55 | fitting.py:bspline_profile:1275 | *******************************************************************
    INFO | 2026-08-27 07:57:56 | find_objects.py:find_objects_pypeline:788 | Finding objects on slit # 106
    INFO | 2026-08-27 07:57:57 | findobj_skymask.py:objs_in_slit:2095 | No objects found automatically.  Consider manual extraction.
    INFO | 2026-08-27 07:57:57 | find_objects.py:find_objects_pypeline:788 | Finding objects on slit # 264
    INFO | 2026-08-27 07:57:58 | findobj_skymask.py:objs_in_slit:2095 | No objects found automatically.  Consider manual extraction.
    INFO | 2026-08-27 07:57:58 | find_objects.py:find_objects_pypeline:788 | Finding objects on slit # 421
    INFO | 2026-08-27 07:57:58 | findobj_skymask.py:objs_in_slit:2095 | No objects found automatically.  Consider manual extraction.
    INFO | 2026-08-27 07:57:58 | find_objects.py:find_objects_pypeline:788 | Finding objects on slit # 576
    INFO | 2026-08-27 07:57:59 | findobj_skymask.py:objs_in_slit:2073 | Using slit edges as crutch for object tracing
    INFO | 2026-08-27 07:57:59 | findobj_skymask.py:objs_in_slit:2098 | Automatic finding routine found 1 objects
    INFO | 2026-08-27 07:57:59 | findobj_skymask.py:objs_in_slit:2102 | Fitting the traces
 WARNING | 2026-08-27 07:57:59 | polyutils.py:_fit:662 | RankWarning: The fit may be poorly conditioned
    INFO | 2026-08-27 07:57:59 | findobj_skymask.py:objs_in_slit:2254 | Successfully traced a total of 1 objects
    INFO | 2026-08-27 07:57:59 | find_objects.py:find_objects_pypeline:788 | Finding objects on slit # 727
    INFO | 2026-08-27 07:58:00 | findobj_skymask.py:objs_in_slit:2073 | Using slit edges as crutch for object tracing
    INFO | 2026-08-27 07:58:00 | findobj_skymask.py:objs_in_slit:2098 | Automatic finding routine found 1 objects
    INFO | 2026-08-27 07:58:00 | findobj_skymask.py:objs_in_slit:2102 | Fitting the traces
 WARNING | 2026-08-27 07:58:00 | polyutils.py:_fit:662 | RankWarning: The fit may be poorly conditioned
    INFO | 2026-08-27 07:58:00 | findobj_skymask.py:objs_in_slit:2254 | Successfully traced a total of 1 objects
    INFO | 2026-08-27 07:58:00 | find_objects.py:find_objects_pypeline:788 | Finding objects on slit # 877
    INFO | 2026-08-27 07:58:01 | findobj_skymask.py:objs_in_slit:2073 | Using slit edges as crutch for object tracing
    INFO | 2026-08-27 07:58:01 | findobj_skymask.py:objs_in_slit:2098 | Automatic finding routine found 1 objects
    INFO | 2026-08-27 07:58:01 | findobj_skymask.py:objs_in_slit:2102 | Fitting the traces
 WARNING | 2026-08-27 07:58:01 | polyutils.py:_fit:662 | RankWarning: The fit may be poorly conditioned
    INFO | 2026-08-27 07:58:01 | findobj_skymask.py:objs_in_slit:2254 | Successfully traced a total of 1 objects
    INFO | 2026-08-27 07:58:01 | find_objects.py:find_objects_pypeline:788 | Finding objects on slit # 1025
    INFO | 2026-08-27 07:58:02 | findobj_skymask.py:objs_in_slit:2073 | Using slit edges as crutch for object tracing
    INFO | 2026-08-27 07:58:02 | findobj_skymask.py:objs_in_slit:2098 | Automatic finding routine found 1 objects
    INFO | 2026-08-27 07:58:02 | findobj_skymask.py:objs_in_slit:2102 | Fitting the traces
 WARNING | 2026-08-27 07:58:02 | polyutils.py:_fit:662 | RankWarning: The fit may be poorly conditioned
    INFO | 2026-08-27 07:58:03 | findobj_skymask.py:objs_in_slit:2254 | Successfully traced a total of 1 objects
    INFO | 2026-08-27 07:58:03 | find_objects.py:find_objects_pypeline:788 | Finding objects on slit # 1172
    INFO | 2026-08-27 07:58:03 | findobj_skymask.py:objs_in_slit:2073 | Using slit edges as crutch for object tracing
    INFO | 2026-08-27 07:58:03 | findobj_skymask.py:objs_in_slit:2098 | Automatic finding routine found 1 objects
    INFO | 2026-08-27 07:58:03 | findobj_skymask.py:objs_in_slit:2102 | Fitting the traces
 WARNING | 2026-08-27 07:58:03 | polyutils.py:_fit:662 | RankWarning: The fit may be poorly conditioned
    INFO | 2026-08-27 07:58:04 | findobj_skymask.py:objs_in_slit:2254 | Successfully traced a total of 1 objects
    INFO | 2026-08-27 07:58:04 | find_objects.py:find_objects_pypeline:788 | Finding objects on slit # 1320
    INFO | 2026-08-27 07:58:04 | findobj_skymask.py:objs_in_slit:2073 | Using slit edges as crutch for object tracing
    INFO | 2026-08-27 07:58:04 | findobj_skymask.py:objs_in_slit:2098 | Automatic finding routine found 1 objects
    INFO | 2026-08-27 07:58:04 | findobj_skymask.py:objs_in_slit:2102 | Fitting the traces
 WARNING | 2026-08-27 07:58:04 | polyutils.py:_fit:662 | RankWarning: The fit may be poorly conditioned
    INFO | 2026-08-27 07:58:05 | findobj_skymask.py:objs_in_slit:2254 | Successfully traced a total of 1 objects
    INFO | 2026-08-27 07:58:05 | find_objects.py:find_objects_pypeline:788 | Finding objects on slit # 1468
    INFO | 2026-08-27 07:58:05 | findobj_skymask.py:objs_in_slit:2073 | Using slit edges as crutch for object tracing
    INFO | 2026-08-27 07:58:05 | findobj_skymask.py:objs_in_slit:2098 | Automatic finding routine found 1 objects
    INFO | 2026-08-27 07:58:05 | findobj_skymask.py:objs_in_slit:2102 | Fitting the traces
 WARNING | 2026-08-27 07:58:05 | polyutils.py:_fit:662 | RankWarning: The fit may be poorly conditioned
    INFO | 2026-08-27 07:58:06 | findobj_skymask.py:objs_in_slit:2254 | Successfully traced a total of 1 objects
    INFO | 2026-08-27 07:58:06 | find_objects.py:find_objects_pypeline:788 | Finding objects on slit # 1616
    INFO | 2026-08-27 07:58:07 | findobj_skymask.py:objs_in_slit:2073 | Using slit edges as crutch for object tracing
    INFO | 2026-08-27 07:58:07 | findobj_skymask.py:objs_in_slit:2098 | Automatic finding routine found 1 objects
    INFO | 2026-08-27 07:58:07 | findobj_skymask.py:objs_in_slit:2102 | Fitting the traces
 WARNING | 2026-08-27 07:58:07 | polyutils.py:_fit:662 | RankWarning: The fit may be poorly conditioned
    INFO | 2026-08-27 07:58:07 | findobj_skymask.py:objs_in_slit:2254 | Successfully traced a total of 1 objects
    INFO | 2026-08-27 07:58:07 | find_objects.py:find_objects_pypeline:788 | Finding objects on slit # 1764
    INFO | 2026-08-27 07:58:08 | findobj_skymask.py:objs_in_slit:2073 | Using slit edges as crutch for object tracing
    INFO | 2026-08-27 07:58:08 | findobj_skymask.py:objs_in_slit:2098 | Automatic finding routine found 1 objects
    INFO | 2026-08-27 07:58:08 | findobj_skymask.py:objs_in_slit:2102 | Fitting the traces
 WARNING | 2026-08-27 07:58:08 | polyutils.py:_fit:662 | RankWarning: The fit may be poorly conditioned
    INFO | 2026-08-27 07:58:08 | findobj_skymask.py:objs_in_slit:2254 | Successfully traced a total of 1 objects
    INFO | 2026-08-27 07:58:08 | find_objects.py:find_objects_pypeline:788 | Finding objects on slit # 2321
    INFO | 2026-08-27 07:58:09 | findobj_skymask.py:objs_in_slit:2073 | Using slit edges as crutch for object tracing
    INFO | 2026-08-27 07:58:09 | findobj_skymask.py:objs_in_slit:2098 | Automatic finding routine found 1 objects
    INFO | 2026-08-27 07:58:09 | findobj_skymask.py:objs_in_slit:2102 | Fitting the traces
 WARNING | 2026-08-27 07:58:09 | polyutils.py:_fit:662 | RankWarning: The fit may be poorly conditioned
    INFO | 2026-08-27 07:58:10 | findobj_skymask.py:objs_in_slit:2254 | Successfully traced a total of 1 objects
    INFO | 2026-08-27 07:58:10 | find_objects.py:find_objects_pypeline:788 | Finding objects on slit # 2468
    INFO | 2026-08-27 07:58:11 | findobj_skymask.py:objs_in_slit:2073 | Using slit edges as crutch for object tracing
    INFO | 2026-08-27 07:58:11 | findobj_skymask.py:objs_in_slit:2098 | Automatic finding routine found 1 objects
    INFO | 2026-08-27 07:58:11 | findobj_skymask.py:objs_in_slit:2102 | Fitting the traces
 WARNING | 2026-08-27 07:58:11 | polyutils.py:_fit:662 | RankWarning: The fit may be poorly conditioned
    INFO | 2026-08-27 07:58:11 | findobj_skymask.py:objs_in_slit:2254 | Successfully traced a total of 1 objects
    INFO | 2026-08-27 07:58:11 | find_objects.py:find_objects_pypeline:788 | Finding objects on slit # 2616
    INFO | 2026-08-27 07:58:12 | findobj_skymask.py:objs_in_slit:2073 | Using slit edges as crutch for object tracing
    INFO | 2026-08-27 07:58:12 | findobj_skymask.py:objs_in_slit:2098 | Automatic finding routine found 1 objects
    INFO | 2026-08-27 07:58:12 | findobj_skymask.py:objs_in_slit:2102 | Fitting the traces
 WARNING | 2026-08-27 07:58:12 | polyutils.py:_fit:662 | RankWarning: The fit may be poorly conditioned
    INFO | 2026-08-27 07:58:12 | findobj_skymask.py:objs_in_slit:2254 | Successfully traced a total of 1 objects
    INFO | 2026-08-27 07:58:12 | find_objects.py:find_objects_pypeline:788 | Finding objects on slit # 2762
    INFO | 2026-08-27 07:58:13 | findobj_skymask.py:objs_in_slit:2073 | Using slit edges as crutch for object tracing
    INFO | 2026-08-27 07:58:13 | findobj_skymask.py:objs_in_slit:2098 | Automatic finding routine found 1 objects
    INFO | 2026-08-27 07:58:13 | findobj_skymask.py:objs_in_slit:2102 | Fitting the traces
 WARNING | 2026-08-27 07:58:13 | polyutils.py:_fit:662 | RankWarning: The fit may be poorly conditioned
    INFO | 2026-08-27 07:58:13 | findobj_skymask.py:objs_in_slit:2254 | Successfully traced a total of 1 objects
    INFO | 2026-08-27 07:58:13 | find_objects.py:find_objects_pypeline:788 | Finding objects on slit # 2909
    INFO | 2026-08-27 07:58:14 | findobj_skymask.py:objs_in_slit:2073 | Using slit edges as crutch for object tracing
    INFO | 2026-08-27 07:58:14 | findobj_skymask.py:objs_in_slit:2098 | Automatic finding routine found 1 objects
    INFO | 2026-08-27 07:58:14 | findobj_skymask.py:objs_in_slit:2102 | Fitting the traces
 WARNING | 2026-08-27 07:58:14 | polyutils.py:_fit:662 | RankWarning: The fit may be poorly conditioned
    INFO | 2026-08-27 07:58:15 | findobj_skymask.py:objs_in_slit:2254 | Successfully traced a total of 1 objects
    INFO | 2026-08-27 07:58:15 | find_objects.py:find_objects_pypeline:788 | Finding objects on slit # 3056
    INFO | 2026-08-27 07:58:15 | findobj_skymask.py:objs_in_slit:2073 | Using slit edges as crutch for object tracing
    INFO | 2026-08-27 07:58:15 | findobj_skymask.py:objs_in_slit:2098 | Automatic finding routine found 1 objects
    INFO | 2026-08-27 07:58:15 | findobj_skymask.py:objs_in_slit:2102 | Fitting the traces
 WARNING | 2026-08-27 07:58:15 | polyutils.py:_fit:662 | RankWarning: The fit may be poorly conditioned
    INFO | 2026-08-27 07:58:16 | findobj_skymask.py:objs_in_slit:2254 | Successfully traced a total of 1 objects
    INFO | 2026-08-27 07:58:16 | find_objects.py:find_objects_pypeline:788 | Finding objects on slit # 3204
    INFO | 2026-08-27 07:58:17 | findobj_skymask.py:objs_in_slit:2073 | Using slit edges as crutch for object tracing
    INFO | 2026-08-27 07:58:17 | findobj_skymask.py:objs_in_slit:2098 | Automatic finding routine found 1 objects
    INFO | 2026-08-27 07:58:17 | findobj_skymask.py:objs_in_slit:2102 | Fitting the traces
 WARNING | 2026-08-27 07:58:17 | polyutils.py:_fit:662 | RankWarning: The fit may be poorly conditioned
    INFO | 2026-08-27 07:58:17 | findobj_skymask.py:objs_in_slit:2254 | Successfully traced a total of 1 objects
    INFO | 2026-08-27 07:58:17 | find_objects.py:find_objects_pypeline:788 | Finding objects on slit # 3352
    INFO | 2026-08-27 07:58:18 | findobj_skymask.py:objs_in_slit:2073 | Using slit edges as crutch for object tracing
    INFO | 2026-08-27 07:58:18 | findobj_skymask.py:objs_in_slit:2098 | Automatic finding routine found 1 objects
    INFO | 2026-08-27 07:58:18 | findobj_skymask.py:objs_in_slit:2102 | Fitting the traces
 WARNING | 2026-08-27 07:58:18 | polyutils.py:_fit:662 | RankWarning: The fit may be poorly conditioned
    INFO | 2026-08-27 07:58:18 | findobj_skymask.py:objs_in_slit:2254 | Successfully traced a total of 1 objects
    INFO | 2026-08-27 07:58:18 | find_objects.py:find_objects_pypeline:788 | Finding objects on slit # 3502
    INFO | 2026-08-27 07:58:19 | findobj_skymask.py:objs_in_slit:2073 | Using slit edges as crutch for object tracing
    INFO | 2026-08-27 07:58:19 | findobj_skymask.py:objs_in_slit:2098 | Automatic finding routine found 1 objects
    INFO | 2026-08-27 07:58:19 | findobj_skymask.py:objs_in_slit:2102 | Fitting the traces
 WARNING | 2026-08-27 07:58:19 | polyutils.py:_fit:662 | RankWarning: The fit may be poorly conditioned
    INFO | 2026-08-27 07:58:20 | findobj_skymask.py:objs_in_slit:2254 | Successfully traced a total of 1 objects
    INFO | 2026-08-27 07:58:20 | find_objects.py:find_objects_pypeline:788 | Finding objects on slit # 3655
    INFO | 2026-08-27 07:58:20 | findobj_skymask.py:objs_in_slit:2095 | No objects found automatically.  Consider manual extraction.
    INFO | 2026-08-27 07:58:20 | find_objects.py:find_objects_pypeline:788 | Finding objects on slit # 3810
    INFO | 2026-08-27 07:58:22 | findobj_skymask.py:objs_in_slit:2095 | No objects found automatically.  Consider manual extraction.
    INFO | 2026-08-27 07:58:22 | find_objects.py:find_objects_pypeline:788 | Finding objects on slit # 3968
    INFO | 2026-08-27 07:58:22 | findobj_skymask.py:objs_in_slit:2095 | No objects found automatically.  Consider manual extraction.
    INFO | 2026-08-27 07:58:22 | find_objects.py:run:373 | Either no objects were found or a user-provided sky mask was used.  Skipping second pass of sky-subtraction and object finding.
    INFO | 2026-08-27 07:58:23 | datamodel.py:from_file:1558 | Loading BiasImage from /Users/kaiwenzhang/PycharmProjects/KCWI/KCWI_RED_channel_characterization/RM2 pypeit run/2024-12-24/pypeit_run/keck_kcrm_A/Calibrations/Bias_A_0_DET01.fits
 WARNING | 2026-08-27 07:58:23 | calibrations.py:get_dark:606 | No raw dark frames found and unable to identify a relevant processed calibration frame.  Continuing...
    INFO | 2026-08-27 07:58:23 | keck_kcwi.py:get_rawimage:1426 | Reading KCWI file: /Users/kaiwenzhang/PycharmProjects/KCWI/KCWI_RED_channel_characterization/fits/by_night/RM2/2024-12-24/KR.20241225.57657.90.fits
    INFO | 2026-08-27 07:58:24 | datamodel.py:from_file:1558 | Loading ArcImage from /Users/kaiwenzhang/PycharmProjects/KCWI/KCWI_RED_channel_characterization/RM2 pypeit run/2024-12-24/pypeit_run/keck_kcrm_A/Calibrations/Arc_A_0_DET01.fits
    INFO | 2026-08-27 07:58:24 | datamodel.py:from_file:1558 | Loading TiltImage from /Users/kaiwenzhang/PycharmProjects/KCWI/KCWI_RED_channel_characterization/RM2 pypeit run/2024-12-24/pypeit_run/keck_kcrm_A/Calibrations/Tiltimg_A_0_DET01.fits
    INFO | 2026-08-27 07:58:24 | datamodel.py:from_file:1558 | Loading SlitTraceSet from /Users/kaiwenzhang/PycharmProjects/KCWI/KCWI_RED_channel_characterization/RM2 pypeit run/2024-12-24/pypeit_run/keck_kcrm_A/Calibrations/Slits_A_0_DET01.fits.gz
    INFO | 2026-08-27 07:58:25 | datamodel.py:from_file:1558 | Loading WaveCalib from /Users/kaiwenzhang/PycharmProjects/KCWI/KCWI_RED_channel_characterization/RM2 pypeit run/2024-12-24/pypeit_run/keck_kcrm_A/Calibrations/WaveCalib_A_0_DET01.fits
    INFO | 2026-08-27 07:58:25 | datamodel.py:from_file:1558 | Loading WaveTilts from /Users/kaiwenzhang/PycharmProjects/KCWI/KCWI_RED_channel_characterization/RM2 pypeit run/2024-12-24/pypeit_run/keck_kcrm_A/Calibrations/Tilts_A_0_DET01.fits
    INFO | 2026-08-27 07:58:25 | datamodel.py:from_file:1558 | Loading Alignments from /Users/kaiwenzhang/PycharmProjects/KCWI/KCWI_RED_channel_characterization/RM2 pypeit run/2024-12-24/pypeit_run/keck_kcrm_A/Calibrations/Alignment_A_0_DET01.fits
    INFO | 2026-08-27 07:58:26 | datamodel.py:from_file:1558 | Loading ScatteredLight from /Users/kaiwenzhang/PycharmProjects/KCWI/KCWI_RED_channel_characterization/RM2 pypeit run/2024-12-24/pypeit_run/keck_kcrm_A/Calibrations/ScatteredLight_A_0_DET01.fits.gz
    INFO | 2026-08-27 07:58:27 | datamodel.py:from_file:1558 | Loading FlatImages from /Users/kaiwenzhang/PycharmProjects/KCWI/KCWI_RED_channel_characterization/RM2 pypeit run/2024-12-24/pypeit_run/keck_kcrm_A/Calibrations/Flat_A_0_DET01.fits
    INFO | 2026-08-27 07:58:33 | calibrations.py:run_the_steps:1459 | Calibration complete and/or fully loaded!
    INFO | 2026-08-27 07:58:33 | calibrations.py:run_the_steps:1460 | #######################################################################
    INFO | 2026-08-27 07:58:33 | pypeit_steps.py:extract_det:732 | Extraction skipped for KR.20241225.57657.90-feige34_KCRM_20241225T160057.917 on det=1
    INFO | 2026-08-27 07:58:34 | wavetilts.py:fit2tiltimg:143 | Generating a tilts image from the fit parameters
    INFO | 2026-08-27 07:59:26 | pypeit_steps.py:refframe_correct:906 | Performing a heliocentric correction
    INFO | 2026-08-27 07:59:26 | pypeit_steps.py:refframe_correct:915 | Applying heliocentric correction = 19.48589 km/s
    INFO | 2026-08-27 07:59:36 | spec2dobj.py:write_to_fits:721 | Wrote: /Users/kaiwenzhang/PycharmProjects/KCWI/KCWI_RED_channel_characterization/RM2 pypeit run/2024-12-24/pypeit_run/keck_kcrm_A/Science/spec2d_KR.20241225.57657.90-feige34_KCRM_20241225T160057.917.fits
    INFO | 2026-08-27 07:59:36 | exposure.py:reduce_exposure:406 | Reducing target feige 34
Combining frames:
KR.20241225.57780.30.fits

    INFO | 2026-08-27 07:59:36 | exposure.py:reduce_exposure:417 | Detectors to work on: [1]
    INFO | 2026-08-27 07:59:36 | exposure.py:reduce_exposure:422 | Calibrating detector 1
    INFO | 2026-08-27 07:59:36 | pypeit_steps.py:calib_one:173 | Building/loading calibrations for detector 1
    INFO | 2026-08-27 07:59:36 | datamodel.py:from_file:1558 | Loading BiasImage from /Users/kaiwenzhang/PycharmProjects/KCWI/KCWI_RED_channel_characterization/RM2 pypeit run/2024-12-24/pypeit_run/keck_kcrm_A/Calibrations/Bias_A_0_DET01.fits
 WARNING | 2026-08-27 07:59:37 | calibrations.py:get_dark:606 | No raw dark frames found and unable to identify a relevant processed calibration frame.  Continuing...
    INFO | 2026-08-27 07:59:37 | keck_kcwi.py:get_rawimage:1426 | Reading KCWI file: /Users/kaiwenzhang/PycharmProjects/KCWI/KCWI_RED_channel_characterization/fits/by_night/RM2/2024-12-24/KR.20241225.09052.70.fits
 WARNING | 2026-08-27 07:59:37 | keck_kcwi.py:bpm:820 | KCRM bad pixel mask is not available for ampmode=L2U2L1U1 binning=1,1
    INFO | 2026-08-27 07:59:37 | datamodel.py:from_file:1558 | Loading ArcImage from /Users/kaiwenzhang/PycharmProjects/KCWI/KCWI_RED_channel_characterization/RM2 pypeit run/2024-12-24/pypeit_run/keck_kcrm_A/Calibrations/Arc_A_0_DET01.fits
    INFO | 2026-08-27 07:59:38 | datamodel.py:from_file:1558 | Loading TiltImage from /Users/kaiwenzhang/PycharmProjects/KCWI/KCWI_RED_channel_characterization/RM2 pypeit run/2024-12-24/pypeit_run/keck_kcrm_A/Calibrations/Tiltimg_A_0_DET01.fits
    INFO | 2026-08-27 07:59:39 | datamodel.py:from_file:1558 | Loading SlitTraceSet from /Users/kaiwenzhang/PycharmProjects/KCWI/KCWI_RED_channel_characterization/RM2 pypeit run/2024-12-24/pypeit_run/keck_kcrm_A/Calibrations/Slits_A_0_DET01.fits.gz
    INFO | 2026-08-27 07:59:39 | datamodel.py:from_file:1558 | Loading WaveCalib from /Users/kaiwenzhang/PycharmProjects/KCWI/KCWI_RED_channel_characterization/RM2 pypeit run/2024-12-24/pypeit_run/keck_kcrm_A/Calibrations/WaveCalib_A_0_DET01.fits
    INFO | 2026-08-27 07:59:39 | datamodel.py:from_file:1558 | Loading WaveTilts from /Users/kaiwenzhang/PycharmProjects/KCWI/KCWI_RED_channel_characterization/RM2 pypeit run/2024-12-24/pypeit_run/keck_kcrm_A/Calibrations/Tilts_A_0_DET01.fits
    INFO | 2026-08-27 07:59:39 | datamodel.py:from_file:1558 | Loading Alignments from /Users/kaiwenzhang/PycharmProjects/KCWI/KCWI_RED_channel_characterization/RM2 pypeit run/2024-12-24/pypeit_run/keck_kcrm_A/Calibrations/Alignment_A_0_DET01.fits
    INFO | 2026-08-27 07:59:40 | datamodel.py:from_file:1558 | Loading ScatteredLight from /Users/kaiwenzhang/PycharmProjects/KCWI/KCWI_RED_channel_characterization/RM2 pypeit run/2024-12-24/pypeit_run/keck_kcrm_A/Calibrations/ScatteredLight_A_0_DET01.fits.gz
    INFO | 2026-08-27 07:59:41 | datamodel.py:from_file:1558 | Loading FlatImages from /Users/kaiwenzhang/PycharmProjects/KCWI/KCWI_RED_channel_characterization/RM2 pypeit run/2024-12-24/pypeit_run/keck_kcrm_A/Calibrations/Flat_A_0_DET01.fits
    INFO | 2026-08-27 07:59:51 | calibrations.py:run_the_steps:1459 | Calibration complete and/or fully loaded!
    INFO | 2026-08-27 07:59:51 | calibrations.py:run_the_steps:1460 | #######################################################################
    INFO | 2026-08-27 07:59:51 | exposure.py:process_exposure:126 | Reducing detector 1
    INFO | 2026-08-27 07:59:51 | datamodel.py:from_file:1558 | Loading BiasImage from /Users/kaiwenzhang/PycharmProjects/KCWI/KCWI_RED_channel_characterization/RM2 pypeit run/2024-12-24/pypeit_run/keck_kcrm_A/Calibrations/Bias_A_0_DET01.fits
 WARNING | 2026-08-27 07:59:52 | calibrations.py:get_dark:606 | No raw dark frames found and unable to identify a relevant processed calibration frame.  Continuing...
    INFO | 2026-08-27 07:59:52 | keck_kcwi.py:get_rawimage:1426 | Reading KCWI file: /Users/kaiwenzhang/PycharmProjects/KCWI/KCWI_RED_channel_characterization/fits/by_night/RM2/2024-12-24/KR.20241225.57780.30.fits
    INFO | 2026-08-27 07:59:52 | datamodel.py:from_file:1558 | Loading ArcImage from /Users/kaiwenzhang/PycharmProjects/KCWI/KCWI_RED_channel_characterization/RM2 pypeit run/2024-12-24/pypeit_run/keck_kcrm_A/Calibrations/Arc_A_0_DET01.fits
    INFO | 2026-08-27 07:59:53 | datamodel.py:from_file:1558 | Loading TiltImage from /Users/kaiwenzhang/PycharmProjects/KCWI/KCWI_RED_channel_characterization/RM2 pypeit run/2024-12-24/pypeit_run/keck_kcrm_A/Calibrations/Tiltimg_A_0_DET01.fits
    INFO | 2026-08-27 07:59:53 | datamodel.py:from_file:1558 | Loading SlitTraceSet from /Users/kaiwenzhang/PycharmProjects/KCWI/KCWI_RED_channel_characterization/RM2 pypeit run/2024-12-24/pypeit_run/keck_kcrm_A/Calibrations/Slits_A_0_DET01.fits.gz
    INFO | 2026-08-27 07:59:53 | datamodel.py:from_file:1558 | Loading WaveCalib from /Users/kaiwenzhang/PycharmProjects/KCWI/KCWI_RED_channel_characterization/RM2 pypeit run/2024-12-24/pypeit_run/keck_kcrm_A/Calibrations/WaveCalib_A_0_DET01.fits
    INFO | 2026-08-27 07:59:54 | datamodel.py:from_file:1558 | Loading WaveTilts from /Users/kaiwenzhang/PycharmProjects/KCWI/KCWI_RED_channel_characterization/RM2 pypeit run/2024-12-24/pypeit_run/keck_kcrm_A/Calibrations/Tilts_A_0_DET01.fits
    INFO | 2026-08-27 07:59:54 | datamodel.py:from_file:1558 | Loading Alignments from /Users/kaiwenzhang/PycharmProjects/KCWI/KCWI_RED_channel_characterization/RM2 pypeit run/2024-12-24/pypeit_run/keck_kcrm_A/Calibrations/Alignment_A_0_DET01.fits
    INFO | 2026-08-27 07:59:54 | datamodel.py:from_file:1558 | Loading ScatteredLight from /Users/kaiwenzhang/PycharmProjects/KCWI/KCWI_RED_channel_characterization/RM2 pypeit run/2024-12-24/pypeit_run/keck_kcrm_A/Calibrations/ScatteredLight_A_0_DET01.fits.gz
    INFO | 2026-08-27 07:59:56 | datamodel.py:from_file:1558 | Loading FlatImages from /Users/kaiwenzhang/PycharmProjects/KCWI/KCWI_RED_channel_characterization/RM2 pypeit run/2024-12-24/pypeit_run/keck_kcrm_A/Calibrations/Flat_A_0_DET01.fits
    INFO | 2026-08-27 08:00:01 | calibrations.py:run_the_steps:1459 | Calibration complete and/or fully loaded!
    INFO | 2026-08-27 08:00:01 | calibrations.py:run_the_steps:1460 | #######################################################################
    INFO | 2026-08-27 08:00:01 | pypeit_steps.py:process_one_det:260 | Image processing begins for KR.20241225.57780.30-feige34_KCRM_20241225T160300.346 on det=1
    INFO | 2026-08-27 08:00:01 | keck_kcwi.py:get_rawimage:1426 | Reading KCWI file: /Users/kaiwenzhang/PycharmProjects/KCWI/KCWI_RED_channel_characterization/fits/by_night/RM2/2024-12-24/KR.20241225.57780.30.fits
    INFO | 2026-08-27 08:00:01 | rawimage.py:process:564 | Performing basic image processing on KR.20241225.57780.30.fits.
    INFO | 2026-08-27 08:00:02 | rawimage.py:estimate_readnoise:359 | Estimated readnoise of amplifier 1 = 3.715 e-
    INFO | 2026-08-27 08:00:02 | rawimage.py:estimate_readnoise:359 | Estimated readnoise of amplifier 2 = 3.736 e-
    INFO | 2026-08-27 08:00:20 | procimg.py:lacosmic:170 | Detecting cosmic rays with the L.A.Cosmic algorithm
    INFO | 2026-08-27 08:00:20 | procimg.py:lacosmic:218 | Convolving image with Laplacian kernel
    INFO | 2026-08-27 08:00:27 | procimg.py:lacosmic:229 | Found 4958 candidate cosmic-ray pixels
    INFO | 2026-08-27 08:00:27 | procimg.py:lacosmic:235 | Reduced to 4958 candidates after excluding known bad pixels.
    INFO | 2026-08-27 08:00:38 | procimg.py:lacosmic:246 | Reduced to 1104 candidates after excluding compact objects.
    INFO | 2026-08-27 08:00:38 | procimg.py:lacosmic:250 | Finding neighboring pixels affected by cosmic rays
    INFO | 2026-08-27 08:00:38 | procimg.py:lacosmic:260 | Changed to 3332 candidates after evaluating neighboring pixels.
    INFO | 2026-08-27 08:00:38 | procimg.py:lacosmic:266 | Reduced to 3332 candidates after excluding known bad pixels.
    INFO | 2026-08-27 08:00:38 | procimg.py:lacosmic:271 | Iteration 1: 3332 pixels identified as cosmic rays (3332 are new)
    INFO | 2026-08-27 08:00:41 | procimg.py:lacosmic:300 | 3238 pixels identified as cosmic rays after removing false positives
    INFO | 2026-08-27 08:00:41 | pypeit_steps.py:findobj_on_det:381 | Object finding begins for KR.20241225.57780.30-feige34_KCRM_20241225T160300.346 on det=1
    INFO | 2026-08-27 08:00:41 | datamodel.py:from_file:1558 | Loading BiasImage from /Users/kaiwenzhang/PycharmProjects/KCWI/KCWI_RED_channel_characterization/RM2 pypeit run/2024-12-24/pypeit_run/keck_kcrm_A/Calibrations/Bias_A_0_DET01.fits
 WARNING | 2026-08-27 08:00:42 | calibrations.py:get_dark:606 | No raw dark frames found and unable to identify a relevant processed calibration frame.  Continuing...
    INFO | 2026-08-27 08:00:42 | keck_kcwi.py:get_rawimage:1426 | Reading KCWI file: /Users/kaiwenzhang/PycharmProjects/KCWI/KCWI_RED_channel_characterization/fits/by_night/RM2/2024-12-24/KR.20241225.57780.30.fits
    INFO | 2026-08-27 08:00:42 | datamodel.py:from_file:1558 | Loading ArcImage from /Users/kaiwenzhang/PycharmProjects/KCWI/KCWI_RED_channel_characterization/RM2 pypeit run/2024-12-24/pypeit_run/keck_kcrm_A/Calibrations/Arc_A_0_DET01.fits
    INFO | 2026-08-27 08:00:42 | datamodel.py:from_file:1558 | Loading TiltImage from /Users/kaiwenzhang/PycharmProjects/KCWI/KCWI_RED_channel_characterization/RM2 pypeit run/2024-12-24/pypeit_run/keck_kcrm_A/Calibrations/Tiltimg_A_0_DET01.fits
    INFO | 2026-08-27 08:00:43 | datamodel.py:from_file:1558 | Loading SlitTraceSet from /Users/kaiwenzhang/PycharmProjects/KCWI/KCWI_RED_channel_characterization/RM2 pypeit run/2024-12-24/pypeit_run/keck_kcrm_A/Calibrations/Slits_A_0_DET01.fits.gz
    INFO | 2026-08-27 08:00:43 | datamodel.py:from_file:1558 | Loading WaveCalib from /Users/kaiwenzhang/PycharmProjects/KCWI/KCWI_RED_channel_characterization/RM2 pypeit run/2024-12-24/pypeit_run/keck_kcrm_A/Calibrations/WaveCalib_A_0_DET01.fits
    INFO | 2026-08-27 08:00:43 | datamodel.py:from_file:1558 | Loading WaveTilts from /Users/kaiwenzhang/PycharmProjects/KCWI/KCWI_RED_channel_characterization/RM2 pypeit run/2024-12-24/pypeit_run/keck_kcrm_A/Calibrations/Tilts_A_0_DET01.fits
    INFO | 2026-08-27 08:00:43 | datamodel.py:from_file:1558 | Loading Alignments from /Users/kaiwenzhang/PycharmProjects/KCWI/KCWI_RED_channel_characterization/RM2 pypeit run/2024-12-24/pypeit_run/keck_kcrm_A/Calibrations/Alignment_A_0_DET01.fits
    INFO | 2026-08-27 08:00:43 | datamodel.py:from_file:1558 | Loading ScatteredLight from /Users/kaiwenzhang/PycharmProjects/KCWI/KCWI_RED_channel_characterization/RM2 pypeit run/2024-12-24/pypeit_run/keck_kcrm_A/Calibrations/ScatteredLight_A_0_DET01.fits.gz
    INFO | 2026-08-27 08:00:45 | datamodel.py:from_file:1558 | Loading FlatImages from /Users/kaiwenzhang/PycharmProjects/KCWI/KCWI_RED_channel_characterization/RM2 pypeit run/2024-12-24/pypeit_run/keck_kcrm_A/Calibrations/Flat_A_0_DET01.fits
    INFO | 2026-08-27 08:00:48 | calibrations.py:run_the_steps:1459 | Calibration complete and/or fully loaded!
    INFO | 2026-08-27 08:00:48 | calibrations.py:run_the_steps:1460 | #######################################################################
    INFO | 2026-08-27 08:00:48 | pypeit_steps.py:findobj_on_det:387 | Reducing detector 1
    INFO | 2026-08-27 08:00:48 | pypeit_steps.py:load_skyregions:606 | Generating skysub mask based on the user defined regions: :40,66:
    INFO | 2026-08-27 08:00:51 | find_objects.py:__init__:164 | Initializing slits
    INFO | 2026-08-27 08:00:52 | find_objects.py:__init__:232 | Generating tilts image from fit in waveTilts
    INFO | 2026-08-27 08:00:52 | wavetilts.py:fit2tiltimg:143 | Generating a tilts image from the fit parameters
    INFO | 2026-08-27 08:01:38 | find_objects.py:global_skysub:583 | Global sky subtraction for slit: 106
    INFO | 2026-08-27 08:01:39 | skysub.py:global_skysub:195 | Full fit in global sky sub.
    INFO | 2026-08-27 08:01:39 | fitting.py:bspline_profile:1156 | B-spline fit:
    INFO | 2026-08-27 08:01:39 | fitting.py:bspline_profile:1157 |     npoly = 3 profile basis functions
    INFO | 2026-08-27 08:01:39 | fitting.py:bspline_profile:1158 |     ngood = 400367/575376 measurements
    INFO | 2026-08-27 08:01:39 | fitting.py:bspline_profile:1159 | ***************** Iter     Chi^2    N Rej  R. Fac *****************
    INFO | 2026-08-27 08:01:39 | fitting.py:bspline_profile:1163 |                   ----  --------  -------  ------                  
    INFO | 2026-08-27 08:01:40 | fitting.py:bspline_profile:1257 |                      1     1.070   175707    1.00                  
    INFO | 2026-08-27 08:01:40 | fitting.py:bspline_profile:1257 |                      2     0.910   175724    1.00                  
    INFO | 2026-08-27 08:01:41 | fitting.py:bspline_profile:1257 |                      3     0.910   175724    1.00                  
    INFO | 2026-08-27 08:01:41 | fitting.py:bspline_profile:1272 |                   DONE     0.910   175724    1.00                  
    INFO | 2026-08-27 08:01:41 | fitting.py:bspline_profile:1275 | *******************************************************************
    INFO | 2026-08-27 08:01:41 | find_objects.py:global_skysub:583 | Global sky subtraction for slit: 264
    INFO | 2026-08-27 08:01:41 | skysub.py:global_skysub:195 | Full fit in global sky sub.
    INFO | 2026-08-27 08:01:41 | fitting.py:bspline_profile:1156 | B-spline fit:
    INFO | 2026-08-27 08:01:41 | fitting.py:bspline_profile:1157 |     npoly = 3 profile basis functions
    INFO | 2026-08-27 08:01:41 | fitting.py:bspline_profile:1158 |     ngood = 401424/576571 measurements
    INFO | 2026-08-27 08:01:41 | fitting.py:bspline_profile:1159 | ***************** Iter     Chi^2    N Rej  R. Fac *****************
    INFO | 2026-08-27 08:01:41 | fitting.py:bspline_profile:1163 |                   ----  --------  -------  ------                  
    INFO | 2026-08-27 08:01:42 | fitting.py:bspline_profile:1257 |                      1     0.918   175624    1.00                  
    INFO | 2026-08-27 08:01:43 | fitting.py:bspline_profile:1257 |                      2     0.897   175629    1.00                  
    INFO | 2026-08-27 08:01:43 | fitting.py:bspline_profile:1257 |                      3     0.897   175629    1.00                  
    INFO | 2026-08-27 08:01:43 | fitting.py:bspline_profile:1272 |                   DONE     0.897   175629    1.00                  
    INFO | 2026-08-27 08:01:43 | fitting.py:bspline_profile:1275 | *******************************************************************
    INFO | 2026-08-27 08:01:43 | find_objects.py:global_skysub:583 | Global sky subtraction for slit: 421
    INFO | 2026-08-27 08:01:44 | skysub.py:global_skysub:195 | Full fit in global sky sub.
    INFO | 2026-08-27 08:01:44 | fitting.py:bspline_profile:1156 | B-spline fit:
    INFO | 2026-08-27 08:01:44 | fitting.py:bspline_profile:1157 |     npoly = 3 profile basis functions
    INFO | 2026-08-27 08:01:44 | fitting.py:bspline_profile:1158 |     ngood = 402380/577163 measurements
    INFO | 2026-08-27 08:01:44 | fitting.py:bspline_profile:1159 | ***************** Iter     Chi^2    N Rej  R. Fac *****************
    INFO | 2026-08-27 08:01:44 | fitting.py:bspline_profile:1163 |                   ----  --------  -------  ------                  
    INFO | 2026-08-27 08:01:45 | fitting.py:bspline_profile:1257 |                      1     0.952   175251    1.00                  
    INFO | 2026-08-27 08:01:45 | fitting.py:bspline_profile:1257 |                      2     0.901   175259    1.00                  
    INFO | 2026-08-27 08:01:46 | fitting.py:bspline_profile:1257 |                      3     0.901   175259    1.00                  
    INFO | 2026-08-27 08:01:46 | fitting.py:bspline_profile:1272 |                   DONE     0.901   175259    1.00                  
    INFO | 2026-08-27 08:01:46 | fitting.py:bspline_profile:1275 | *******************************************************************
    INFO | 2026-08-27 08:01:46 | find_objects.py:global_skysub:583 | Global sky subtraction for slit: 576
    INFO | 2026-08-27 08:01:47 | skysub.py:global_skysub:195 | Full fit in global sky sub.
    INFO | 2026-08-27 08:01:47 | fitting.py:bspline_profile:1156 | B-spline fit:
    INFO | 2026-08-27 08:01:47 | fitting.py:bspline_profile:1157 |     npoly = 3 profile basis functions
    INFO | 2026-08-27 08:01:47 | fitting.py:bspline_profile:1158 |     ngood = 402028/576880 measurements
    INFO | 2026-08-27 08:01:47 | fitting.py:bspline_profile:1159 | ***************** Iter     Chi^2    N Rej  R. Fac *****************
    INFO | 2026-08-27 08:01:47 | fitting.py:bspline_profile:1163 |                   ----  --------  -------  ------                  
    INFO | 2026-08-27 08:01:47 | fitting.py:bspline_profile:1257 |                      1     1.315   175814    1.00                  
    INFO | 2026-08-27 08:01:48 | fitting.py:bspline_profile:1257 |                      2     0.908   175837    1.00                  
    INFO | 2026-08-27 08:01:49 | fitting.py:bspline_profile:1257 |                      3     0.907   175837    1.00                  
    INFO | 2026-08-27 08:01:49 | fitting.py:bspline_profile:1272 |                   DONE     0.907   175837    1.00                  
    INFO | 2026-08-27 08:01:49 | fitting.py:bspline_profile:1275 | *******************************************************************
    INFO | 2026-08-27 08:01:49 | find_objects.py:global_skysub:583 | Global sky subtraction for slit: 727
    INFO | 2026-08-27 08:01:49 | skysub.py:global_skysub:195 | Full fit in global sky sub.
    INFO | 2026-08-27 08:01:49 | fitting.py:bspline_profile:1156 | B-spline fit:
    INFO | 2026-08-27 08:01:49 | fitting.py:bspline_profile:1157 |     npoly = 3 profile basis functions
    INFO | 2026-08-27 08:01:49 | fitting.py:bspline_profile:1158 |     ngood = 401031/577014 measurements
    INFO | 2026-08-27 08:01:49 | fitting.py:bspline_profile:1159 | ***************** Iter     Chi^2    N Rej  R. Fac *****************
    INFO | 2026-08-27 08:01:49 | fitting.py:bspline_profile:1163 |                   ----  --------  -------  ------                  
    INFO | 2026-08-27 08:01:50 | fitting.py:bspline_profile:1257 |                      1     1.004   176595    1.00                  
    INFO | 2026-08-27 08:01:50 | fitting.py:bspline_profile:1257 |                      2     0.898   176613    1.00                  
    INFO | 2026-08-27 08:01:51 | fitting.py:bspline_profile:1257 |                      3     0.897   176614    1.00                  
    INFO | 2026-08-27 08:01:51 | fitting.py:bspline_profile:1257 |                      4     0.897   176614    1.00                  
    INFO | 2026-08-27 08:01:51 | fitting.py:bspline_profile:1272 |                   DONE     0.897   176614    1.00                  
    INFO | 2026-08-27 08:01:51 | fitting.py:bspline_profile:1275 | *******************************************************************
    INFO | 2026-08-27 08:01:52 | find_objects.py:global_skysub:583 | Global sky subtraction for slit: 877
    INFO | 2026-08-27 08:01:52 | skysub.py:global_skysub:195 | Full fit in global sky sub.
    INFO | 2026-08-27 08:01:52 | fitting.py:bspline_profile:1156 | B-spline fit:
    INFO | 2026-08-27 08:01:52 | fitting.py:bspline_profile:1157 |     npoly = 3 profile basis functions
    INFO | 2026-08-27 08:01:52 | fitting.py:bspline_profile:1158 |     ngood = 402376/577615 measurements
    INFO | 2026-08-27 08:01:52 | fitting.py:bspline_profile:1159 | ***************** Iter     Chi^2    N Rej  R. Fac *****************
    INFO | 2026-08-27 08:01:52 | fitting.py:bspline_profile:1163 |                   ----  --------  -------  ------                  
    INFO | 2026-08-27 08:01:52 | fitting.py:bspline_profile:1257 |                      1     0.968   175799    1.00                  
    INFO | 2026-08-27 08:01:53 | fitting.py:bspline_profile:1257 |                      2     0.899   175810    1.00                  
    INFO | 2026-08-27 08:01:54 | fitting.py:bspline_profile:1257 |                      3     0.899   175811    1.00                  
    INFO | 2026-08-27 08:01:54 | fitting.py:bspline_profile:1257 |                      4     0.899   175811    1.00                  
    INFO | 2026-08-27 08:01:54 | fitting.py:bspline_profile:1272 |                   DONE     0.899   175811    1.00                  
    INFO | 2026-08-27 08:01:54 | fitting.py:bspline_profile:1275 | *******************************************************************
    INFO | 2026-08-27 08:01:54 | find_objects.py:global_skysub:583 | Global sky subtraction for slit: 1025
    INFO | 2026-08-27 08:01:55 | skysub.py:global_skysub:195 | Full fit in global sky sub.
    INFO | 2026-08-27 08:01:55 | fitting.py:bspline_profile:1156 | B-spline fit:
    INFO | 2026-08-27 08:01:55 | fitting.py:bspline_profile:1157 |     npoly = 3 profile basis functions
    INFO | 2026-08-27 08:01:55 | fitting.py:bspline_profile:1158 |     ngood = 402542/577569 measurements
    INFO | 2026-08-27 08:01:55 | fitting.py:bspline_profile:1159 | ***************** Iter     Chi^2    N Rej  R. Fac *****************
    INFO | 2026-08-27 08:01:55 | fitting.py:bspline_profile:1163 |                   ----  --------  -------  ------                  
    INFO | 2026-08-27 08:01:55 | fitting.py:bspline_profile:1257 |                      1     0.974   175552    1.00                  
    INFO | 2026-08-27 08:01:56 | fitting.py:bspline_profile:1257 |                      2     0.898   175559    1.00                  
    INFO | 2026-08-27 08:01:57 | fitting.py:bspline_profile:1257 |                      3     0.898   175559    1.00                  
    INFO | 2026-08-27 08:01:57 | fitting.py:bspline_profile:1272 |                   DONE     0.898   175559    1.00                  
    INFO | 2026-08-27 08:01:57 | fitting.py:bspline_profile:1275 | *******************************************************************
    INFO | 2026-08-27 08:01:57 | find_objects.py:global_skysub:583 | Global sky subtraction for slit: 1172
    INFO | 2026-08-27 08:01:57 | skysub.py:global_skysub:195 | Full fit in global sky sub.
    INFO | 2026-08-27 08:01:57 | fitting.py:bspline_profile:1156 | B-spline fit:
    INFO | 2026-08-27 08:01:57 | fitting.py:bspline_profile:1157 |     npoly = 3 profile basis functions
    INFO | 2026-08-27 08:01:57 | fitting.py:bspline_profile:1158 |     ngood = 401882/577966 measurements
    INFO | 2026-08-27 08:01:57 | fitting.py:bspline_profile:1159 | ***************** Iter     Chi^2    N Rej  R. Fac *****************
    INFO | 2026-08-27 08:01:57 | fitting.py:bspline_profile:1163 |                   ----  --------  -------  ------                  
    INFO | 2026-08-27 08:01:58 | fitting.py:bspline_profile:1257 |                      1     1.116   176967    1.00                  
    INFO | 2026-08-27 08:01:58 | fitting.py:bspline_profile:1257 |                      2     0.895   176986    1.00                  
    INFO | 2026-08-27 08:01:59 | fitting.py:bspline_profile:1257 |                      3     0.894   176992    1.00                  
    INFO | 2026-08-27 08:02:00 | fitting.py:bspline_profile:1257 |                      4     0.894   176993    1.00                  
    INFO | 2026-08-27 08:02:00 | fitting.py:bspline_profile:1257 |                      5     0.894   176993    1.00                  
    INFO | 2026-08-27 08:02:00 | fitting.py:bspline_profile:1272 |                   DONE     0.894   176993    1.00                  
    INFO | 2026-08-27 08:02:00 | fitting.py:bspline_profile:1275 | *******************************************************************
    INFO | 2026-08-27 08:02:00 | find_objects.py:global_skysub:583 | Global sky subtraction for slit: 1320
    INFO | 2026-08-27 08:02:00 | skysub.py:global_skysub:195 | Full fit in global sky sub.
    INFO | 2026-08-27 08:02:00 | fitting.py:bspline_profile:1156 | B-spline fit:
    INFO | 2026-08-27 08:02:00 | fitting.py:bspline_profile:1157 |     npoly = 3 profile basis functions
    INFO | 2026-08-27 08:02:00 | fitting.py:bspline_profile:1158 |     ngood = 402394/578249 measurements
    INFO | 2026-08-27 08:02:00 | fitting.py:bspline_profile:1159 | ***************** Iter     Chi^2    N Rej  R. Fac *****************
    INFO | 2026-08-27 08:02:00 | fitting.py:bspline_profile:1163 |                   ----  --------  -------  ------                  
    INFO | 2026-08-27 08:02:01 | fitting.py:bspline_profile:1257 |                      1     0.940   176372    1.00                  
    INFO | 2026-08-27 08:02:02 | fitting.py:bspline_profile:1257 |                      2     0.899   176378    1.00                  
    INFO | 2026-08-27 08:02:02 | fitting.py:bspline_profile:1257 |                      3     0.899   176378    1.00                  
    INFO | 2026-08-27 08:02:02 | fitting.py:bspline_profile:1272 |                   DONE     0.899   176378    1.00                  
    INFO | 2026-08-27 08:02:02 | fitting.py:bspline_profile:1275 | *******************************************************************
    INFO | 2026-08-27 08:02:03 | find_objects.py:global_skysub:583 | Global sky subtraction for slit: 1468
    INFO | 2026-08-27 08:02:03 | skysub.py:global_skysub:195 | Full fit in global sky sub.
    INFO | 2026-08-27 08:02:03 | fitting.py:bspline_profile:1156 | B-spline fit:
    INFO | 2026-08-27 08:02:03 | fitting.py:bspline_profile:1157 |     npoly = 3 profile basis functions
    INFO | 2026-08-27 08:02:03 | fitting.py:bspline_profile:1158 |     ngood = 402571/577880 measurements
    INFO | 2026-08-27 08:02:03 | fitting.py:bspline_profile:1159 | ***************** Iter     Chi^2    N Rej  R. Fac *****************
    INFO | 2026-08-27 08:02:03 | fitting.py:bspline_profile:1163 |                   ----  --------  -------  ------                  
    INFO | 2026-08-27 08:02:04 | fitting.py:bspline_profile:1257 |                      1     1.305   176322    1.00                  
    INFO | 2026-08-27 08:02:04 | fitting.py:bspline_profile:1257 |                      2     0.900   176343    1.00                  
    INFO | 2026-08-27 08:02:05 | fitting.py:bspline_profile:1257 |                      3     0.900   176346    1.00                  
    INFO | 2026-08-27 08:02:05 | fitting.py:bspline_profile:1257 |                      4     0.899   176346    1.00                  
    INFO | 2026-08-27 08:02:05 | fitting.py:bspline_profile:1272 |                   DONE     0.899   176346    1.00                  
    INFO | 2026-08-27 08:02:05 | fitting.py:bspline_profile:1275 | *******************************************************************
    INFO | 2026-08-27 08:02:05 | find_objects.py:global_skysub:583 | Global sky subtraction for slit: 1616
    INFO | 2026-08-27 08:02:06 | skysub.py:global_skysub:195 | Full fit in global sky sub.
    INFO | 2026-08-27 08:02:06 | fitting.py:bspline_profile:1156 | B-spline fit:
    INFO | 2026-08-27 08:02:06 | fitting.py:bspline_profile:1157 |     npoly = 3 profile basis functions
    INFO | 2026-08-27 08:02:06 | fitting.py:bspline_profile:1158 |     ngood = 402845/578021 measurements
    INFO | 2026-08-27 08:02:06 | fitting.py:bspline_profile:1159 | ***************** Iter     Chi^2    N Rej  R. Fac *****************
    INFO | 2026-08-27 08:02:06 | fitting.py:bspline_profile:1163 |                   ----  --------  -------  ------                  
    INFO | 2026-08-27 08:02:07 | fitting.py:bspline_profile:1257 |                      1     1.130   175975    1.00                  
    INFO | 2026-08-27 08:02:07 | fitting.py:bspline_profile:1257 |                      2     0.901   176001    1.00                  
    INFO | 2026-08-27 08:02:08 | fitting.py:bspline_profile:1257 |                      3     0.899   176001    1.00                  
    INFO | 2026-08-27 08:02:08 | fitting.py:bspline_profile:1272 |                   DONE     0.899   176001    1.00                  
    INFO | 2026-08-27 08:02:08 | fitting.py:bspline_profile:1275 | *******************************************************************
    INFO | 2026-08-27 08:02:08 | find_objects.py:global_skysub:583 | Global sky subtraction for slit: 1764
    INFO | 2026-08-27 08:02:08 | skysub.py:global_skysub:195 | Full fit in global sky sub.
    INFO | 2026-08-27 08:02:08 | fitting.py:bspline_profile:1156 | B-spline fit:
    INFO | 2026-08-27 08:02:08 | fitting.py:bspline_profile:1157 |     npoly = 3 profile basis functions
    INFO | 2026-08-27 08:02:08 | fitting.py:bspline_profile:1158 |     ngood = 403363/579174 measurements
    INFO | 2026-08-27 08:02:08 | fitting.py:bspline_profile:1159 | ***************** Iter     Chi^2    N Rej  R. Fac *****************
    INFO | 2026-08-27 08:02:08 | fitting.py:bspline_profile:1163 |                   ----  --------  -------  ------                  
    INFO | 2026-08-27 08:02:09 | fitting.py:bspline_profile:1257 |                      1     1.382   176937    1.00                  
    INFO | 2026-08-27 08:02:09 | fitting.py:bspline_profile:1257 |                      2     0.906   176967    1.00                  
    INFO | 2026-08-27 08:02:10 | fitting.py:bspline_profile:1257 |                      3     0.905   176969    1.00                  
    INFO | 2026-08-27 08:02:11 | fitting.py:bspline_profile:1257 |                      4     0.905   176969    1.00                  
    INFO | 2026-08-27 08:02:11 | fitting.py:bspline_profile:1272 |                   DONE     0.905   176969    1.00                  
    INFO | 2026-08-27 08:02:11 | fitting.py:bspline_profile:1275 | *******************************************************************
    INFO | 2026-08-27 08:02:11 | find_objects.py:global_skysub:583 | Global sky subtraction for slit: 2321
    INFO | 2026-08-27 08:02:11 | skysub.py:global_skysub:195 | Full fit in global sky sub.
    INFO | 2026-08-27 08:02:11 | fitting.py:bspline_profile:1156 | B-spline fit:
    INFO | 2026-08-27 08:02:11 | fitting.py:bspline_profile:1157 |     npoly = 3 profile basis functions
    INFO | 2026-08-27 08:02:11 | fitting.py:bspline_profile:1158 |     ngood = 403898/579754 measurements
    INFO | 2026-08-27 08:02:11 | fitting.py:bspline_profile:1159 | ***************** Iter     Chi^2    N Rej  R. Fac *****************
    INFO | 2026-08-27 08:02:11 | fitting.py:bspline_profile:1163 |                   ----  --------  -------  ------                  
    INFO | 2026-08-27 08:02:12 | fitting.py:bspline_profile:1257 |                      1     1.171   176819    1.00                  
    INFO | 2026-08-27 08:02:12 | fitting.py:bspline_profile:1257 |                      2     0.908   176839    1.00                  
    INFO | 2026-08-27 08:02:13 | fitting.py:bspline_profile:1257 |                      3     0.907   176839    1.00                  
    INFO | 2026-08-27 08:02:13 | fitting.py:bspline_profile:1272 |                   DONE     0.907   176839    1.00                  
    INFO | 2026-08-27 08:02:13 | fitting.py:bspline_profile:1275 | *******************************************************************
    INFO | 2026-08-27 08:02:13 | find_objects.py:global_skysub:583 | Global sky subtraction for slit: 2468
    INFO | 2026-08-27 08:02:13 | skysub.py:global_skysub:195 | Full fit in global sky sub.
    INFO | 2026-08-27 08:02:13 | fitting.py:bspline_profile:1156 | B-spline fit:
    INFO | 2026-08-27 08:02:13 | fitting.py:bspline_profile:1157 |     npoly = 3 profile basis functions
    INFO | 2026-08-27 08:02:13 | fitting.py:bspline_profile:1158 |     ngood = 403766/579257 measurements
    INFO | 2026-08-27 08:02:13 | fitting.py:bspline_profile:1159 | ***************** Iter     Chi^2    N Rej  R. Fac *****************
    INFO | 2026-08-27 08:02:13 | fitting.py:bspline_profile:1163 |                   ----  --------  -------  ------                  
    INFO | 2026-08-27 08:02:14 | fitting.py:bspline_profile:1257 |                      1     1.171   176371    1.00                  
    INFO | 2026-08-27 08:02:15 | fitting.py:bspline_profile:1257 |                      2     0.906   176396    1.00                  
    INFO | 2026-08-27 08:02:15 | fitting.py:bspline_profile:1257 |                      3     0.905   176396    1.00                  
    INFO | 2026-08-27 08:02:15 | fitting.py:bspline_profile:1272 |                   DONE     0.905   176396    1.00                  
    INFO | 2026-08-27 08:02:15 | fitting.py:bspline_profile:1275 | *******************************************************************
    INFO | 2026-08-27 08:02:15 | find_objects.py:global_skysub:583 | Global sky subtraction for slit: 2616
    INFO | 2026-08-27 08:02:16 | skysub.py:global_skysub:195 | Full fit in global sky sub.
    INFO | 2026-08-27 08:02:16 | fitting.py:bspline_profile:1156 | B-spline fit:
    INFO | 2026-08-27 08:02:16 | fitting.py:bspline_profile:1157 |     npoly = 3 profile basis functions
    INFO | 2026-08-27 08:02:16 | fitting.py:bspline_profile:1158 |     ngood = 403324/578967 measurements
    INFO | 2026-08-27 08:02:16 | fitting.py:bspline_profile:1159 | ***************** Iter     Chi^2    N Rej  R. Fac *****************
    INFO | 2026-08-27 08:02:16 | fitting.py:bspline_profile:1163 |                   ----  --------  -------  ------                  
    INFO | 2026-08-27 08:02:16 | fitting.py:bspline_profile:1257 |                      1     1.695   177275    1.00                  
    INFO | 2026-08-27 08:02:17 | fitting.py:bspline_profile:1257 |                      2     0.901   177318    1.00                  
    INFO | 2026-08-27 08:02:18 | fitting.py:bspline_profile:1257 |                      3     0.900   177322    1.00                  
    INFO | 2026-08-27 08:02:18 | fitting.py:bspline_profile:1257 |                      4     0.900   177324    1.00                  
    INFO | 2026-08-27 08:02:19 | fitting.py:bspline_profile:1257 |                      5     0.900   177324    1.00                  
    INFO | 2026-08-27 08:02:19 | fitting.py:bspline_profile:1272 |                   DONE     0.900   177324    1.00                  
    INFO | 2026-08-27 08:02:19 | fitting.py:bspline_profile:1275 | *******************************************************************
    INFO | 2026-08-27 08:02:19 | find_objects.py:global_skysub:583 | Global sky subtraction for slit: 2762
    INFO | 2026-08-27 08:02:19 | skysub.py:global_skysub:195 | Full fit in global sky sub.
    INFO | 2026-08-27 08:02:19 | fitting.py:bspline_profile:1156 | B-spline fit:
    INFO | 2026-08-27 08:02:19 | fitting.py:bspline_profile:1157 |     npoly = 3 profile basis functions
    INFO | 2026-08-27 08:02:19 | fitting.py:bspline_profile:1158 |     ngood = 404024/579917 measurements
    INFO | 2026-08-27 08:02:19 | fitting.py:bspline_profile:1159 | ***************** Iter     Chi^2    N Rej  R. Fac *****************
    INFO | 2026-08-27 08:02:19 | fitting.py:bspline_profile:1163 |                   ----  --------  -------  ------                  
    INFO | 2026-08-27 08:02:20 | fitting.py:bspline_profile:1257 |                      1     1.212   176916    1.00                  
    INFO | 2026-08-27 08:02:21 | fitting.py:bspline_profile:1257 |                      2     0.900   176951    1.00                  
    INFO | 2026-08-27 08:02:21 | fitting.py:bspline_profile:1257 |                      3     0.899   176954    1.00                  
    INFO | 2026-08-27 08:02:22 | fitting.py:bspline_profile:1257 |                      4     0.899   176955    1.00                  
    INFO | 2026-08-27 08:02:23 | fitting.py:bspline_profile:1257 |                      5     0.899   176955    1.00                  
    INFO | 2026-08-27 08:02:23 | fitting.py:bspline_profile:1272 |                   DONE     0.899   176955    1.00                  
    INFO | 2026-08-27 08:02:23 | fitting.py:bspline_profile:1275 | *******************************************************************
    INFO | 2026-08-27 08:02:23 | find_objects.py:global_skysub:583 | Global sky subtraction for slit: 2909
    INFO | 2026-08-27 08:02:23 | skysub.py:global_skysub:195 | Full fit in global sky sub.
    INFO | 2026-08-27 08:02:23 | fitting.py:bspline_profile:1156 | B-spline fit:
    INFO | 2026-08-27 08:02:23 | fitting.py:bspline_profile:1157 |     npoly = 3 profile basis functions
    INFO | 2026-08-27 08:02:23 | fitting.py:bspline_profile:1158 |     ngood = 403692/578979 measurements
    INFO | 2026-08-27 08:02:23 | fitting.py:bspline_profile:1159 | ***************** Iter     Chi^2    N Rej  R. Fac *****************
    INFO | 2026-08-27 08:02:23 | fitting.py:bspline_profile:1163 |                   ----  --------  -------  ------                  
    INFO | 2026-08-27 08:02:24 | fitting.py:bspline_profile:1257 |                      1     1.300   176548    1.00                  
    INFO | 2026-08-27 08:02:24 | fitting.py:bspline_profile:1257 |                      2     0.902   176583    1.00                  
    INFO | 2026-08-27 08:02:25 | fitting.py:bspline_profile:1257 |                      3     0.901   176586    1.00                  
    INFO | 2026-08-27 08:02:25 | fitting.py:bspline_profile:1257 |                      4     0.901   176586    1.00                  
    INFO | 2026-08-27 08:02:25 | fitting.py:bspline_profile:1272 |                   DONE     0.901   176586    1.00                  
    INFO | 2026-08-27 08:02:25 | fitting.py:bspline_profile:1275 | *******************************************************************
    INFO | 2026-08-27 08:02:26 | find_objects.py:global_skysub:583 | Global sky subtraction for slit: 3056
    INFO | 2026-08-27 08:02:26 | skysub.py:global_skysub:195 | Full fit in global sky sub.
    INFO | 2026-08-27 08:02:26 | fitting.py:bspline_profile:1156 | B-spline fit:
    INFO | 2026-08-27 08:02:26 | fitting.py:bspline_profile:1157 |     npoly = 3 profile basis functions
    INFO | 2026-08-27 08:02:26 | fitting.py:bspline_profile:1158 |     ngood = 403068/579529 measurements
    INFO | 2026-08-27 08:02:26 | fitting.py:bspline_profile:1159 | ***************** Iter     Chi^2    N Rej  R. Fac *****************
    INFO | 2026-08-27 08:02:26 | fitting.py:bspline_profile:1163 |                   ----  --------  -------  ------                  
    INFO | 2026-08-27 08:02:26 | fitting.py:bspline_profile:1257 |                      1     1.095   177190    1.00                  
    INFO | 2026-08-27 08:02:27 | fitting.py:bspline_profile:1257 |                      2     0.900   177207    1.00                  
    INFO | 2026-08-27 08:02:28 | fitting.py:bspline_profile:1257 |                      3     0.900   177208    1.00                  
    INFO | 2026-08-27 08:02:28 | fitting.py:bspline_profile:1257 |                      4     0.900   177208    1.00                  
    INFO | 2026-08-27 08:02:28 | fitting.py:bspline_profile:1272 |                   DONE     0.900   177208    1.00                  
    INFO | 2026-08-27 08:02:28 | fitting.py:bspline_profile:1275 | *******************************************************************
    INFO | 2026-08-27 08:02:28 | find_objects.py:global_skysub:583 | Global sky subtraction for slit: 3204
    INFO | 2026-08-27 08:02:29 | skysub.py:global_skysub:195 | Full fit in global sky sub.
    INFO | 2026-08-27 08:02:29 | fitting.py:bspline_profile:1156 | B-spline fit:
    INFO | 2026-08-27 08:02:29 | fitting.py:bspline_profile:1157 |     npoly = 3 profile basis functions
    INFO | 2026-08-27 08:02:29 | fitting.py:bspline_profile:1158 |     ngood = 404529/579824 measurements
    INFO | 2026-08-27 08:02:29 | fitting.py:bspline_profile:1159 | ***************** Iter     Chi^2    N Rej  R. Fac *****************
    INFO | 2026-08-27 08:02:29 | fitting.py:bspline_profile:1163 |                   ----  --------  -------  ------                  
    INFO | 2026-08-27 08:02:29 | fitting.py:bspline_profile:1257 |                      1     1.166   176211    1.00                  
    INFO | 2026-08-27 08:02:30 | fitting.py:bspline_profile:1257 |                      2     0.905   176233    1.00                  
    INFO | 2026-08-27 08:02:31 | fitting.py:bspline_profile:1257 |                      3     0.904   176237    1.00                  
    INFO | 2026-08-27 08:02:31 | fitting.py:bspline_profile:1257 |                      4     0.904   176237    1.00                  
    INFO | 2026-08-27 08:02:31 | fitting.py:bspline_profile:1272 |                   DONE     0.904   176237    1.00                  
    INFO | 2026-08-27 08:02:31 | fitting.py:bspline_profile:1275 | *******************************************************************
    INFO | 2026-08-27 08:02:31 | find_objects.py:global_skysub:583 | Global sky subtraction for slit: 3352
    INFO | 2026-08-27 08:02:32 | skysub.py:global_skysub:195 | Full fit in global sky sub.
    INFO | 2026-08-27 08:02:32 | fitting.py:bspline_profile:1156 | B-spline fit:
    INFO | 2026-08-27 08:02:32 | fitting.py:bspline_profile:1157 |     npoly = 3 profile basis functions
    INFO | 2026-08-27 08:02:32 | fitting.py:bspline_profile:1158 |     ngood = 403974/579766 measurements
    INFO | 2026-08-27 08:02:32 | fitting.py:bspline_profile:1159 | ***************** Iter     Chi^2    N Rej  R. Fac *****************
    INFO | 2026-08-27 08:02:32 | fitting.py:bspline_profile:1163 |                   ----  --------  -------  ------                  
    INFO | 2026-08-27 08:02:32 | fitting.py:bspline_profile:1257 |                      1     1.075   176503    1.00                  
    INFO | 2026-08-27 08:02:33 | fitting.py:bspline_profile:1257 |                      2     0.898   176522    1.00                  
    INFO | 2026-08-27 08:02:34 | fitting.py:bspline_profile:1257 |                      3     0.898   176523    1.00                  
    INFO | 2026-08-27 08:02:34 | fitting.py:bspline_profile:1257 |                      4     0.898   176523    1.00                  
    INFO | 2026-08-27 08:02:34 | fitting.py:bspline_profile:1272 |                   DONE     0.898   176523    1.00                  
    INFO | 2026-08-27 08:02:34 | fitting.py:bspline_profile:1275 | *******************************************************************
    INFO | 2026-08-27 08:02:34 | find_objects.py:global_skysub:583 | Global sky subtraction for slit: 3502
    INFO | 2026-08-27 08:02:35 | skysub.py:global_skysub:195 | Full fit in global sky sub.
    INFO | 2026-08-27 08:02:35 | fitting.py:bspline_profile:1156 | B-spline fit:
    INFO | 2026-08-27 08:02:35 | fitting.py:bspline_profile:1157 |     npoly = 3 profile basis functions
    INFO | 2026-08-27 08:02:35 | fitting.py:bspline_profile:1158 |     ngood = 402856/579230 measurements
    INFO | 2026-08-27 08:02:35 | fitting.py:bspline_profile:1159 | ***************** Iter     Chi^2    N Rej  R. Fac *****************
    INFO | 2026-08-27 08:02:35 | fitting.py:bspline_profile:1163 |                   ----  --------  -------  ------                  
    INFO | 2026-08-27 08:02:35 | fitting.py:bspline_profile:1257 |                      1     1.059   177131    1.00                  
    INFO | 2026-08-27 08:02:36 | fitting.py:bspline_profile:1257 |                      2     0.901   177149    1.00                  
    INFO | 2026-08-27 08:02:37 | fitting.py:bspline_profile:1257 |                      3     0.900   177149    1.00                  
    INFO | 2026-08-27 08:02:37 | fitting.py:bspline_profile:1272 |                   DONE     0.900   177149    1.00                  
    INFO | 2026-08-27 08:02:37 | fitting.py:bspline_profile:1275 | *******************************************************************
    INFO | 2026-08-27 08:02:37 | find_objects.py:global_skysub:583 | Global sky subtraction for slit: 3655
    INFO | 2026-08-27 08:02:37 | skysub.py:global_skysub:195 | Full fit in global sky sub.
    INFO | 2026-08-27 08:02:37 | fitting.py:bspline_profile:1156 | B-spline fit:
    INFO | 2026-08-27 08:02:37 | fitting.py:bspline_profile:1157 |     npoly = 3 profile basis functions
    INFO | 2026-08-27 08:02:37 | fitting.py:bspline_profile:1158 |     ngood = 403979/579702 measurements
    INFO | 2026-08-27 08:02:37 | fitting.py:bspline_profile:1159 | ***************** Iter     Chi^2    N Rej  R. Fac *****************
    INFO | 2026-08-27 08:02:37 | fitting.py:bspline_profile:1163 |                   ----  --------  -------  ------                  
    INFO | 2026-08-27 08:02:38 | fitting.py:bspline_profile:1257 |                      1     1.152   176819    1.00                  
    INFO | 2026-08-27 08:02:38 | fitting.py:bspline_profile:1257 |                      2     0.900   176838    1.00                  
    INFO | 2026-08-27 08:02:39 | fitting.py:bspline_profile:1257 |                      3     0.900   176839    1.00                  
    INFO | 2026-08-27 08:02:39 | fitting.py:bspline_profile:1257 |                      4     0.900   176840    1.00                  
    INFO | 2026-08-27 08:02:40 | fitting.py:bspline_profile:1257 |                      5     0.900   176840    1.00                  
    INFO | 2026-08-27 08:02:40 | fitting.py:bspline_profile:1272 |                   DONE     0.900   176840    1.00                  
    INFO | 2026-08-27 08:02:40 | fitting.py:bspline_profile:1275 | *******************************************************************
    INFO | 2026-08-27 08:02:40 | find_objects.py:global_skysub:583 | Global sky subtraction for slit: 3810
    INFO | 2026-08-27 08:02:40 | skysub.py:global_skysub:195 | Full fit in global sky sub.
    INFO | 2026-08-27 08:02:40 | fitting.py:bspline_profile:1156 | B-spline fit:
    INFO | 2026-08-27 08:02:40 | fitting.py:bspline_profile:1157 |     npoly = 3 profile basis functions
    INFO | 2026-08-27 08:02:40 | fitting.py:bspline_profile:1158 |     ngood = 403179/578567 measurements
    INFO | 2026-08-27 08:02:40 | fitting.py:bspline_profile:1159 | ***************** Iter     Chi^2    N Rej  R. Fac *****************
    INFO | 2026-08-27 08:02:40 | fitting.py:bspline_profile:1163 |                   ----  --------  -------  ------                  
    INFO | 2026-08-27 08:02:41 | fitting.py:bspline_profile:1257 |                      1     1.687   177585    1.00                  
    INFO | 2026-08-27 08:02:42 | fitting.py:bspline_profile:1257 |                      2     0.907   177646    1.00                  
    INFO | 2026-08-27 08:02:42 | fitting.py:bspline_profile:1257 |                      3     0.905   177655    1.00                  
    INFO | 2026-08-27 08:02:43 | fitting.py:bspline_profile:1257 |                      4     0.905   177655    1.00                  
    INFO | 2026-08-27 08:02:43 | fitting.py:bspline_profile:1272 |                   DONE     0.905   177655    1.00                  
    INFO | 2026-08-27 08:02:43 | fitting.py:bspline_profile:1275 | *******************************************************************
    INFO | 2026-08-27 08:02:43 | find_objects.py:global_skysub:583 | Global sky subtraction for slit: 3968
    INFO | 2026-08-27 08:02:43 | skysub.py:global_skysub:195 | Full fit in global sky sub.
    INFO | 2026-08-27 08:02:43 | fitting.py:bspline_profile:1156 | B-spline fit:
    INFO | 2026-08-27 08:02:43 | fitting.py:bspline_profile:1157 |     npoly = 3 profile basis functions
    INFO | 2026-08-27 08:02:43 | fitting.py:bspline_profile:1158 |     ngood = 402659/578899 measurements
    INFO | 2026-08-27 08:02:43 | fitting.py:bspline_profile:1159 | ***************** Iter     Chi^2    N Rej  R. Fac *****************
    INFO | 2026-08-27 08:02:43 | fitting.py:bspline_profile:1163 |                   ----  --------  -------  ------                  
    INFO | 2026-08-27 08:02:44 | fitting.py:bspline_profile:1257 |                      1     1.201   177141    1.00                  
    INFO | 2026-08-27 08:02:45 | fitting.py:bspline_profile:1257 |                      2     0.899   177169    1.00                  
    INFO | 2026-08-27 08:02:45 | fitting.py:bspline_profile:1257 |                      3     0.898   177170    1.00                  
    INFO | 2026-08-27 08:02:46 | fitting.py:bspline_profile:1257 |                      4     0.898   177170    1.00                  
    INFO | 2026-08-27 08:02:46 | fitting.py:bspline_profile:1272 |                   DONE     0.898   177170    1.00                  
    INFO | 2026-08-27 08:02:46 | fitting.py:bspline_profile:1275 | *******************************************************************
    INFO | 2026-08-27 08:02:46 | find_objects.py:find_objects_pypeline:788 | Finding objects on slit # 106
    INFO | 2026-08-27 08:02:47 | findobj_skymask.py:objs_in_slit:2095 | No objects found automatically.  Consider manual extraction.
    INFO | 2026-08-27 08:02:47 | find_objects.py:find_objects_pypeline:788 | Finding objects on slit # 264
    INFO | 2026-08-27 08:02:48 | findobj_skymask.py:objs_in_slit:2095 | No objects found automatically.  Consider manual extraction.
    INFO | 2026-08-27 08:02:48 | find_objects.py:find_objects_pypeline:788 | Finding objects on slit # 421
    INFO | 2026-08-27 08:02:48 | findobj_skymask.py:objs_in_slit:2095 | No objects found automatically.  Consider manual extraction.
    INFO | 2026-08-27 08:02:48 | find_objects.py:find_objects_pypeline:788 | Finding objects on slit # 576
    INFO | 2026-08-27 08:02:49 | findobj_skymask.py:objs_in_slit:2073 | Using slit edges as crutch for object tracing
    INFO | 2026-08-27 08:02:49 | findobj_skymask.py:objs_in_slit:2098 | Automatic finding routine found 1 objects
    INFO | 2026-08-27 08:02:49 | findobj_skymask.py:objs_in_slit:2102 | Fitting the traces
 WARNING | 2026-08-27 08:02:49 | polyutils.py:_fit:662 | RankWarning: The fit may be poorly conditioned
    INFO | 2026-08-27 08:02:50 | findobj_skymask.py:objs_in_slit:2254 | Successfully traced a total of 1 objects
    INFO | 2026-08-27 08:02:50 | find_objects.py:find_objects_pypeline:788 | Finding objects on slit # 727
    INFO | 2026-08-27 08:02:50 | findobj_skymask.py:objs_in_slit:2073 | Using slit edges as crutch for object tracing
    INFO | 2026-08-27 08:02:50 | findobj_skymask.py:objs_in_slit:2098 | Automatic finding routine found 1 objects
    INFO | 2026-08-27 08:02:50 | findobj_skymask.py:objs_in_slit:2102 | Fitting the traces
 WARNING | 2026-08-27 08:02:50 | polyutils.py:_fit:662 | RankWarning: The fit may be poorly conditioned
    INFO | 2026-08-27 08:02:51 | findobj_skymask.py:objs_in_slit:2254 | Successfully traced a total of 1 objects
    INFO | 2026-08-27 08:02:51 | find_objects.py:find_objects_pypeline:788 | Finding objects on slit # 877
    INFO | 2026-08-27 08:02:51 | findobj_skymask.py:objs_in_slit:2073 | Using slit edges as crutch for object tracing
    INFO | 2026-08-27 08:02:51 | findobj_skymask.py:objs_in_slit:2098 | Automatic finding routine found 1 objects
    INFO | 2026-08-27 08:02:51 | findobj_skymask.py:objs_in_slit:2102 | Fitting the traces
 WARNING | 2026-08-27 08:02:51 | polyutils.py:_fit:662 | RankWarning: The fit may be poorly conditioned
    INFO | 2026-08-27 08:02:52 | findobj_skymask.py:objs_in_slit:2254 | Successfully traced a total of 1 objects
    INFO | 2026-08-27 08:02:52 | find_objects.py:find_objects_pypeline:788 | Finding objects on slit # 1025
    INFO | 2026-08-27 08:02:52 | findobj_skymask.py:objs_in_slit:2073 | Using slit edges as crutch for object tracing
    INFO | 2026-08-27 08:02:52 | findobj_skymask.py:objs_in_slit:2098 | Automatic finding routine found 1 objects
    INFO | 2026-08-27 08:02:52 | findobj_skymask.py:objs_in_slit:2102 | Fitting the traces
 WARNING | 2026-08-27 08:02:52 | polyutils.py:_fit:662 | RankWarning: The fit may be poorly conditioned
    INFO | 2026-08-27 08:02:53 | findobj_skymask.py:objs_in_slit:2254 | Successfully traced a total of 1 objects
    INFO | 2026-08-27 08:02:53 | find_objects.py:find_objects_pypeline:788 | Finding objects on slit # 1172
    INFO | 2026-08-27 08:02:53 | findobj_skymask.py:objs_in_slit:2073 | Using slit edges as crutch for object tracing
    INFO | 2026-08-27 08:02:53 | findobj_skymask.py:objs_in_slit:2098 | Automatic finding routine found 1 objects
    INFO | 2026-08-27 08:02:53 | findobj_skymask.py:objs_in_slit:2102 | Fitting the traces
 WARNING | 2026-08-27 08:02:53 | polyutils.py:_fit:662 | RankWarning: The fit may be poorly conditioned
    INFO | 2026-08-27 08:02:54 | findobj_skymask.py:objs_in_slit:2254 | Successfully traced a total of 1 objects
    INFO | 2026-08-27 08:02:54 | find_objects.py:find_objects_pypeline:788 | Finding objects on slit # 1320
    INFO | 2026-08-27 08:02:54 | findobj_skymask.py:objs_in_slit:2073 | Using slit edges as crutch for object tracing
    INFO | 2026-08-27 08:02:54 | findobj_skymask.py:objs_in_slit:2098 | Automatic finding routine found 1 objects
    INFO | 2026-08-27 08:02:54 | findobj_skymask.py:objs_in_slit:2102 | Fitting the traces
 WARNING | 2026-08-27 08:02:54 | polyutils.py:_fit:662 | RankWarning: The fit may be poorly conditioned
    INFO | 2026-08-27 08:02:55 | findobj_skymask.py:objs_in_slit:2254 | Successfully traced a total of 1 objects
    INFO | 2026-08-27 08:02:55 | find_objects.py:find_objects_pypeline:788 | Finding objects on slit # 1468
    INFO | 2026-08-27 08:02:56 | findobj_skymask.py:objs_in_slit:2073 | Using slit edges as crutch for object tracing
    INFO | 2026-08-27 08:02:56 | findobj_skymask.py:objs_in_slit:2098 | Automatic finding routine found 1 objects
    INFO | 2026-08-27 08:02:56 | findobj_skymask.py:objs_in_slit:2102 | Fitting the traces
 WARNING | 2026-08-27 08:02:56 | polyutils.py:_fit:662 | RankWarning: The fit may be poorly conditioned
    INFO | 2026-08-27 08:02:56 | findobj_skymask.py:objs_in_slit:2254 | Successfully traced a total of 1 objects
    INFO | 2026-08-27 08:02:56 | find_objects.py:find_objects_pypeline:788 | Finding objects on slit # 1616
    INFO | 2026-08-27 08:02:57 | findobj_skymask.py:objs_in_slit:2073 | Using slit edges as crutch for object tracing
    INFO | 2026-08-27 08:02:57 | findobj_skymask.py:objs_in_slit:2098 | Automatic finding routine found 1 objects
    INFO | 2026-08-27 08:02:57 | findobj_skymask.py:objs_in_slit:2102 | Fitting the traces
 WARNING | 2026-08-27 08:02:57 | polyutils.py:_fit:662 | RankWarning: The fit may be poorly conditioned
    INFO | 2026-08-27 08:02:57 | findobj_skymask.py:objs_in_slit:2254 | Successfully traced a total of 1 objects
    INFO | 2026-08-27 08:02:57 | find_objects.py:find_objects_pypeline:788 | Finding objects on slit # 1764
    INFO | 2026-08-27 08:02:58 | findobj_skymask.py:objs_in_slit:2073 | Using slit edges as crutch for object tracing
    INFO | 2026-08-27 08:02:58 | findobj_skymask.py:objs_in_slit:2098 | Automatic finding routine found 1 objects
    INFO | 2026-08-27 08:02:58 | findobj_skymask.py:objs_in_slit:2102 | Fitting the traces
 WARNING | 2026-08-27 08:02:58 | polyutils.py:_fit:662 | RankWarning: The fit may be poorly conditioned
    INFO | 2026-08-27 08:02:58 | findobj_skymask.py:objs_in_slit:2254 | Successfully traced a total of 1 objects
    INFO | 2026-08-27 08:02:58 | find_objects.py:find_objects_pypeline:788 | Finding objects on slit # 2321
    INFO | 2026-08-27 08:02:59 | findobj_skymask.py:objs_in_slit:2073 | Using slit edges as crutch for object tracing
    INFO | 2026-08-27 08:02:59 | findobj_skymask.py:objs_in_slit:2098 | Automatic finding routine found 1 objects
    INFO | 2026-08-27 08:02:59 | findobj_skymask.py:objs_in_slit:2102 | Fitting the traces
 WARNING | 2026-08-27 08:02:59 | polyutils.py:_fit:662 | RankWarning: The fit may be poorly conditioned
    INFO | 2026-08-27 08:02:59 | findobj_skymask.py:objs_in_slit:2254 | Successfully traced a total of 1 objects
    INFO | 2026-08-27 08:02:59 | find_objects.py:find_objects_pypeline:788 | Finding objects on slit # 2468
    INFO | 2026-08-27 08:03:00 | findobj_skymask.py:objs_in_slit:2073 | Using slit edges as crutch for object tracing
    INFO | 2026-08-27 08:03:00 | findobj_skymask.py:objs_in_slit:2098 | Automatic finding routine found 1 objects
    INFO | 2026-08-27 08:03:00 | findobj_skymask.py:objs_in_slit:2102 | Fitting the traces
 WARNING | 2026-08-27 08:03:00 | polyutils.py:_fit:662 | RankWarning: The fit may be poorly conditioned
    INFO | 2026-08-27 08:03:00 | findobj_skymask.py:objs_in_slit:2254 | Successfully traced a total of 1 objects
    INFO | 2026-08-27 08:03:00 | find_objects.py:find_objects_pypeline:788 | Finding objects on slit # 2616
    INFO | 2026-08-27 08:03:01 | findobj_skymask.py:objs_in_slit:2073 | Using slit edges as crutch for object tracing
    INFO | 2026-08-27 08:03:01 | findobj_skymask.py:objs_in_slit:2098 | Automatic finding routine found 1 objects
    INFO | 2026-08-27 08:03:01 | findobj_skymask.py:objs_in_slit:2102 | Fitting the traces
 WARNING | 2026-08-27 08:03:01 | polyutils.py:_fit:662 | RankWarning: The fit may be poorly conditioned
    INFO | 2026-08-27 08:03:01 | findobj_skymask.py:objs_in_slit:2254 | Successfully traced a total of 1 objects
    INFO | 2026-08-27 08:03:01 | find_objects.py:find_objects_pypeline:788 | Finding objects on slit # 2762
    INFO | 2026-08-27 08:03:02 | findobj_skymask.py:objs_in_slit:2073 | Using slit edges as crutch for object tracing
    INFO | 2026-08-27 08:03:02 | findobj_skymask.py:objs_in_slit:2098 | Automatic finding routine found 1 objects
    INFO | 2026-08-27 08:03:02 | findobj_skymask.py:objs_in_slit:2102 | Fitting the traces
 WARNING | 2026-08-27 08:03:02 | polyutils.py:_fit:662 | RankWarning: The fit may be poorly conditioned
    INFO | 2026-08-27 08:03:02 | findobj_skymask.py:objs_in_slit:2254 | Successfully traced a total of 1 objects
    INFO | 2026-08-27 08:03:02 | find_objects.py:find_objects_pypeline:788 | Finding objects on slit # 2909
    INFO | 2026-08-27 08:03:03 | findobj_skymask.py:objs_in_slit:2073 | Using slit edges as crutch for object tracing
    INFO | 2026-08-27 08:03:03 | findobj_skymask.py:objs_in_slit:2098 | Automatic finding routine found 1 objects
    INFO | 2026-08-27 08:03:03 | findobj_skymask.py:objs_in_slit:2102 | Fitting the traces
 WARNING | 2026-08-27 08:03:03 | polyutils.py:_fit:662 | RankWarning: The fit may be poorly conditioned
    INFO | 2026-08-27 08:03:03 | findobj_skymask.py:objs_in_slit:2254 | Successfully traced a total of 1 objects
    INFO | 2026-08-27 08:03:03 | find_objects.py:find_objects_pypeline:788 | Finding objects on slit # 3056
    INFO | 2026-08-27 08:03:04 | findobj_skymask.py:objs_in_slit:2073 | Using slit edges as crutch for object tracing
    INFO | 2026-08-27 08:03:04 | findobj_skymask.py:objs_in_slit:2098 | Automatic finding routine found 1 objects
    INFO | 2026-08-27 08:03:04 | findobj_skymask.py:objs_in_slit:2102 | Fitting the traces
 WARNING | 2026-08-27 08:03:04 | polyutils.py:_fit:662 | RankWarning: The fit may be poorly conditioned
    INFO | 2026-08-27 08:03:04 | findobj_skymask.py:objs_in_slit:2254 | Successfully traced a total of 1 objects
    INFO | 2026-08-27 08:03:04 | find_objects.py:find_objects_pypeline:788 | Finding objects on slit # 3204
    INFO | 2026-08-27 08:03:05 | findobj_skymask.py:objs_in_slit:2073 | Using slit edges as crutch for object tracing
    INFO | 2026-08-27 08:03:05 | findobj_skymask.py:objs_in_slit:2098 | Automatic finding routine found 1 objects
    INFO | 2026-08-27 08:03:05 | findobj_skymask.py:objs_in_slit:2102 | Fitting the traces
 WARNING | 2026-08-27 08:03:05 | polyutils.py:_fit:662 | RankWarning: The fit may be poorly conditioned
    INFO | 2026-08-27 08:03:05 | findobj_skymask.py:objs_in_slit:2254 | Successfully traced a total of 1 objects
    INFO | 2026-08-27 08:03:05 | find_objects.py:find_objects_pypeline:788 | Finding objects on slit # 3352
    INFO | 2026-08-27 08:03:06 | findobj_skymask.py:objs_in_slit:2073 | Using slit edges as crutch for object tracing
    INFO | 2026-08-27 08:03:06 | findobj_skymask.py:objs_in_slit:2098 | Automatic finding routine found 1 objects
    INFO | 2026-08-27 08:03:06 | findobj_skymask.py:objs_in_slit:2102 | Fitting the traces
 WARNING | 2026-08-27 08:03:06 | polyutils.py:_fit:662 | RankWarning: The fit may be poorly conditioned
    INFO | 2026-08-27 08:03:06 | findobj_skymask.py:objs_in_slit:2254 | Successfully traced a total of 1 objects
    INFO | 2026-08-27 08:03:06 | find_objects.py:find_objects_pypeline:788 | Finding objects on slit # 3502
    INFO | 2026-08-27 08:03:07 | findobj_skymask.py:objs_in_slit:2073 | Using slit edges as crutch for object tracing
    INFO | 2026-08-27 08:03:07 | findobj_skymask.py:objs_in_slit:2098 | Automatic finding routine found 1 objects
    INFO | 2026-08-27 08:03:07 | findobj_skymask.py:objs_in_slit:2102 | Fitting the traces
 WARNING | 2026-08-27 08:03:07 | polyutils.py:_fit:662 | RankWarning: The fit may be poorly conditioned
    INFO | 2026-08-27 08:03:07 | findobj_skymask.py:objs_in_slit:2254 | Successfully traced a total of 1 objects
    INFO | 2026-08-27 08:03:07 | find_objects.py:find_objects_pypeline:788 | Finding objects on slit # 3655
    INFO | 2026-08-27 08:03:08 | findobj_skymask.py:objs_in_slit:2095 | No objects found automatically.  Consider manual extraction.
    INFO | 2026-08-27 08:03:08 | find_objects.py:find_objects_pypeline:788 | Finding objects on slit # 3810
    INFO | 2026-08-27 08:03:08 | findobj_skymask.py:objs_in_slit:2095 | No objects found automatically.  Consider manual extraction.
    INFO | 2026-08-27 08:03:08 | find_objects.py:find_objects_pypeline:788 | Finding objects on slit # 3968
    INFO | 2026-08-27 08:03:09 | findobj_skymask.py:objs_in_slit:2095 | No objects found automatically.  Consider manual extraction.
    INFO | 2026-08-27 08:03:09 | find_objects.py:run:373 | Either no objects were found or a user-provided sky mask was used.  Skipping second pass of sky-subtraction and object finding.
    INFO | 2026-08-27 08:03:09 | datamodel.py:from_file:1558 | Loading BiasImage from /Users/kaiwenzhang/PycharmProjects/KCWI/KCWI_RED_channel_characterization/RM2 pypeit run/2024-12-24/pypeit_run/keck_kcrm_A/Calibrations/Bias_A_0_DET01.fits
 WARNING | 2026-08-27 08:03:10 | calibrations.py:get_dark:606 | No raw dark frames found and unable to identify a relevant processed calibration frame.  Continuing...
    INFO | 2026-08-27 08:03:10 | keck_kcwi.py:get_rawimage:1426 | Reading KCWI file: /Users/kaiwenzhang/PycharmProjects/KCWI/KCWI_RED_channel_characterization/fits/by_night/RM2/2024-12-24/KR.20241225.57780.30.fits
    INFO | 2026-08-27 08:03:10 | datamodel.py:from_file:1558 | Loading ArcImage from /Users/kaiwenzhang/PycharmProjects/KCWI/KCWI_RED_channel_characterization/RM2 pypeit run/2024-12-24/pypeit_run/keck_kcrm_A/Calibrations/Arc_A_0_DET01.fits
    INFO | 2026-08-27 08:03:10 | datamodel.py:from_file:1558 | Loading TiltImage from /Users/kaiwenzhang/PycharmProjects/KCWI/KCWI_RED_channel_characterization/RM2 pypeit run/2024-12-24/pypeit_run/keck_kcrm_A/Calibrations/Tiltimg_A_0_DET01.fits
    INFO | 2026-08-27 08:03:10 | datamodel.py:from_file:1558 | Loading SlitTraceSet from /Users/kaiwenzhang/PycharmProjects/KCWI/KCWI_RED_channel_characterization/RM2 pypeit run/2024-12-24/pypeit_run/keck_kcrm_A/Calibrations/Slits_A_0_DET01.fits.gz
    INFO | 2026-08-27 08:03:10 | datamodel.py:from_file:1558 | Loading WaveCalib from /Users/kaiwenzhang/PycharmProjects/KCWI/KCWI_RED_channel_characterization/RM2 pypeit run/2024-12-24/pypeit_run/keck_kcrm_A/Calibrations/WaveCalib_A_0_DET01.fits
    INFO | 2026-08-27 08:03:11 | datamodel.py:from_file:1558 | Loading WaveTilts from /Users/kaiwenzhang/PycharmProjects/KCWI/KCWI_RED_channel_characterization/RM2 pypeit run/2024-12-24/pypeit_run/keck_kcrm_A/Calibrations/Tilts_A_0_DET01.fits
    INFO | 2026-08-27 08:03:11 | datamodel.py:from_file:1558 | Loading Alignments from /Users/kaiwenzhang/PycharmProjects/KCWI/KCWI_RED_channel_characterization/RM2 pypeit run/2024-12-24/pypeit_run/keck_kcrm_A/Calibrations/Alignment_A_0_DET01.fits
    INFO | 2026-08-27 08:03:11 | datamodel.py:from_file:1558 | Loading ScatteredLight from /Users/kaiwenzhang/PycharmProjects/KCWI/KCWI_RED_channel_characterization/RM2 pypeit run/2024-12-24/pypeit_run/keck_kcrm_A/Calibrations/ScatteredLight_A_0_DET01.fits.gz
    INFO | 2026-08-27 08:03:12 | datamodel.py:from_file:1558 | Loading FlatImages from /Users/kaiwenzhang/PycharmProjects/KCWI/KCWI_RED_channel_characterization/RM2 pypeit run/2024-12-24/pypeit_run/keck_kcrm_A/Calibrations/Flat_A_0_DET01.fits
    INFO | 2026-08-27 08:03:16 | calibrations.py:run_the_steps:1459 | Calibration complete and/or fully loaded!
    INFO | 2026-08-27 08:03:16 | calibrations.py:run_the_steps:1460 | #######################################################################
    INFO | 2026-08-27 08:03:16 | pypeit_steps.py:extract_det:732 | Extraction skipped for KR.20241225.57780.30-feige34_KCRM_20241225T160300.346 on det=1
    INFO | 2026-08-27 08:03:18 | wavetilts.py:fit2tiltimg:143 | Generating a tilts image from the fit parameters
    INFO | 2026-08-27 08:04:02 | pypeit_steps.py:refframe_correct:906 | Performing a heliocentric correction
    INFO | 2026-08-27 08:04:02 | pypeit_steps.py:refframe_correct:915 | Applying heliocentric correction = 19.48278 km/s
    INFO | 2026-08-27 08:04:10 | spec2dobj.py:write_to_fits:721 | Wrote: /Users/kaiwenzhang/PycharmProjects/KCWI/KCWI_RED_channel_characterization/RM2 pypeit run/2024-12-24/pypeit_run/keck_kcrm_A/Science/spec2d_KR.20241225.57780.30-feige34_KCRM_20241225T160300.346.fits
    INFO | 2026-08-27 08:04:10 | exposure.py:reduce_exposure:406 | Reducing target feige 34
Combining frames:
KR.20241225.57901.68.fits

    INFO | 2026-08-27 08:04:10 | exposure.py:reduce_exposure:417 | Detectors to work on: [1]
    INFO | 2026-08-27 08:04:10 | exposure.py:reduce_exposure:422 | Calibrating detector 1
    INFO | 2026-08-27 08:04:10 | pypeit_steps.py:calib_one:173 | Building/loading calibrations for detector 1
    INFO | 2026-08-27 08:04:10 | datamodel.py:from_file:1558 | Loading BiasImage from /Users/kaiwenzhang/PycharmProjects/KCWI/KCWI_RED_channel_characterization/RM2 pypeit run/2024-12-24/pypeit_run/keck_kcrm_A/Calibrations/Bias_A_0_DET01.fits
 WARNING | 2026-08-27 08:04:11 | calibrations.py:get_dark:606 | No raw dark frames found and unable to identify a relevant processed calibration frame.  Continuing...
    INFO | 2026-08-27 08:04:11 | keck_kcwi.py:get_rawimage:1426 | Reading KCWI file: /Users/kaiwenzhang/PycharmProjects/KCWI/KCWI_RED_channel_characterization/fits/by_night/RM2/2024-12-24/KR.20241225.09052.70.fits
 WARNING | 2026-08-27 08:04:11 | keck_kcwi.py:bpm:820 | KCRM bad pixel mask is not available for ampmode=L2U2L1U1 binning=1,1
    INFO | 2026-08-27 08:04:11 | datamodel.py:from_file:1558 | Loading ArcImage from /Users/kaiwenzhang/PycharmProjects/KCWI/KCWI_RED_channel_characterization/RM2 pypeit run/2024-12-24/pypeit_run/keck_kcrm_A/Calibrations/Arc_A_0_DET01.fits
    INFO | 2026-08-27 08:04:12 | datamodel.py:from_file:1558 | Loading TiltImage from /Users/kaiwenzhang/PycharmProjects/KCWI/KCWI_RED_channel_characterization/RM2 pypeit run/2024-12-24/pypeit_run/keck_kcrm_A/Calibrations/Tiltimg_A_0_DET01.fits
    INFO | 2026-08-27 08:04:12 | datamodel.py:from_file:1558 | Loading SlitTraceSet from /Users/kaiwenzhang/PycharmProjects/KCWI/KCWI_RED_channel_characterization/RM2 pypeit run/2024-12-24/pypeit_run/keck_kcrm_A/Calibrations/Slits_A_0_DET01.fits.gz
    INFO | 2026-08-27 08:04:12 | datamodel.py:from_file:1558 | Loading WaveCalib from /Users/kaiwenzhang/PycharmProjects/KCWI/KCWI_RED_channel_characterization/RM2 pypeit run/2024-12-24/pypeit_run/keck_kcrm_A/Calibrations/WaveCalib_A_0_DET01.fits
    INFO | 2026-08-27 08:04:12 | datamodel.py:from_file:1558 | Loading WaveTilts from /Users/kaiwenzhang/PycharmProjects/KCWI/KCWI_RED_channel_characterization/RM2 pypeit run/2024-12-24/pypeit_run/keck_kcrm_A/Calibrations/Tilts_A_0_DET01.fits
    INFO | 2026-08-27 08:04:13 | datamodel.py:from_file:1558 | Loading Alignments from /Users/kaiwenzhang/PycharmProjects/KCWI/KCWI_RED_channel_characterization/RM2 pypeit run/2024-12-24/pypeit_run/keck_kcrm_A/Calibrations/Alignment_A_0_DET01.fits
    INFO | 2026-08-27 08:04:13 | datamodel.py:from_file:1558 | Loading ScatteredLight from /Users/kaiwenzhang/PycharmProjects/KCWI/KCWI_RED_channel_characterization/RM2 pypeit run/2024-12-24/pypeit_run/keck_kcrm_A/Calibrations/ScatteredLight_A_0_DET01.fits.gz
    INFO | 2026-08-27 08:04:15 | datamodel.py:from_file:1558 | Loading FlatImages from /Users/kaiwenzhang/PycharmProjects/KCWI/KCWI_RED_channel_characterization/RM2 pypeit run/2024-12-24/pypeit_run/keck_kcrm_A/Calibrations/Flat_A_0_DET01.fits
    INFO | 2026-08-27 08:04:18 | calibrations.py:run_the_steps:1459 | Calibration complete and/or fully loaded!
    INFO | 2026-08-27 08:04:18 | calibrations.py:run_the_steps:1460 | #######################################################################
    INFO | 2026-08-27 08:04:18 | exposure.py:process_exposure:126 | Reducing detector 1
    INFO | 2026-08-27 08:04:18 | datamodel.py:from_file:1558 | Loading BiasImage from /Users/kaiwenzhang/PycharmProjects/KCWI/KCWI_RED_channel_characterization/RM2 pypeit run/2024-12-24/pypeit_run/keck_kcrm_A/Calibrations/Bias_A_0_DET01.fits
 WARNING | 2026-08-27 08:04:19 | calibrations.py:get_dark:606 | No raw dark frames found and unable to identify a relevant processed calibration frame.  Continuing...
    INFO | 2026-08-27 08:04:19 | keck_kcwi.py:get_rawimage:1426 | Reading KCWI file: /Users/kaiwenzhang/PycharmProjects/KCWI/KCWI_RED_channel_characterization/fits/by_night/RM2/2024-12-24/KR.20241225.57901.68.fits
    INFO | 2026-08-27 08:04:19 | datamodel.py:from_file:1558 | Loading ArcImage from /Users/kaiwenzhang/PycharmProjects/KCWI/KCWI_RED_channel_characterization/RM2 pypeit run/2024-12-24/pypeit_run/keck_kcrm_A/Calibrations/Arc_A_0_DET01.fits
    INFO | 2026-08-27 08:04:20 | datamodel.py:from_file:1558 | Loading TiltImage from /Users/kaiwenzhang/PycharmProjects/KCWI/KCWI_RED_channel_characterization/RM2 pypeit run/2024-12-24/pypeit_run/keck_kcrm_A/Calibrations/Tiltimg_A_0_DET01.fits
    INFO | 2026-08-27 08:04:20 | datamodel.py:from_file:1558 | Loading SlitTraceSet from /Users/kaiwenzhang/PycharmProjects/KCWI/KCWI_RED_channel_characterization/RM2 pypeit run/2024-12-24/pypeit_run/keck_kcrm_A/Calibrations/Slits_A_0_DET01.fits.gz
    INFO | 2026-08-27 08:04:20 | datamodel.py:from_file:1558 | Loading WaveCalib from /Users/kaiwenzhang/PycharmProjects/KCWI/KCWI_RED_channel_characterization/RM2 pypeit run/2024-12-24/pypeit_run/keck_kcrm_A/Calibrations/WaveCalib_A_0_DET01.fits
    INFO | 2026-08-27 08:04:20 | datamodel.py:from_file:1558 | Loading WaveTilts from /Users/kaiwenzhang/PycharmProjects/KCWI/KCWI_RED_channel_characterization/RM2 pypeit run/2024-12-24/pypeit_run/keck_kcrm_A/Calibrations/Tilts_A_0_DET01.fits
    INFO | 2026-08-27 08:04:20 | datamodel.py:from_file:1558 | Loading Alignments from /Users/kaiwenzhang/PycharmProjects/KCWI/KCWI_RED_channel_characterization/RM2 pypeit run/2024-12-24/pypeit_run/keck_kcrm_A/Calibrations/Alignment_A_0_DET01.fits
    INFO | 2026-08-27 08:04:20 | datamodel.py:from_file:1558 | Loading ScatteredLight from /Users/kaiwenzhang/PycharmProjects/KCWI/KCWI_RED_channel_characterization/RM2 pypeit run/2024-12-24/pypeit_run/keck_kcrm_A/Calibrations/ScatteredLight_A_0_DET01.fits.gz
    INFO | 2026-08-27 08:04:22 | datamodel.py:from_file:1558 | Loading FlatImages from /Users/kaiwenzhang/PycharmProjects/KCWI/KCWI_RED_channel_characterization/RM2 pypeit run/2024-12-24/pypeit_run/keck_kcrm_A/Calibrations/Flat_A_0_DET01.fits
    INFO | 2026-08-27 08:04:26 | calibrations.py:run_the_steps:1459 | Calibration complete and/or fully loaded!
    INFO | 2026-08-27 08:04:26 | calibrations.py:run_the_steps:1460 | #######################################################################
    INFO | 2026-08-27 08:04:26 | pypeit_steps.py:process_one_det:260 | Image processing begins for KR.20241225.57901.68-feige34_KCRM_20241225T160501.651 on det=1
    INFO | 2026-08-27 08:04:26 | keck_kcwi.py:get_rawimage:1426 | Reading KCWI file: /Users/kaiwenzhang/PycharmProjects/KCWI/KCWI_RED_channel_characterization/fits/by_night/RM2/2024-12-24/KR.20241225.57901.68.fits
    INFO | 2026-08-27 08:04:26 | rawimage.py:process:564 | Performing basic image processing on KR.20241225.57901.68.fits.
    INFO | 2026-08-27 08:04:27 | rawimage.py:estimate_readnoise:359 | Estimated readnoise of amplifier 1 = 3.600 e-
    INFO | 2026-08-27 08:04:27 | rawimage.py:estimate_readnoise:359 | Estimated readnoise of amplifier 2 = 3.646 e-
    INFO | 2026-08-27 08:04:43 | procimg.py:lacosmic:170 | Detecting cosmic rays with the L.A.Cosmic algorithm
    INFO | 2026-08-27 08:04:44 | procimg.py:lacosmic:218 | Convolving image with Laplacian kernel
    INFO | 2026-08-27 08:04:50 | procimg.py:lacosmic:229 | Found 6635 candidate cosmic-ray pixels
    INFO | 2026-08-27 08:04:50 | procimg.py:lacosmic:235 | Reduced to 6635 candidates after excluding known bad pixels.
    INFO | 2026-08-27 08:05:01 | procimg.py:lacosmic:246 | Reduced to 1654 candidates after excluding compact objects.
    INFO | 2026-08-27 08:05:01 | procimg.py:lacosmic:250 | Finding neighboring pixels affected by cosmic rays
    INFO | 2026-08-27 08:05:01 | procimg.py:lacosmic:260 | Changed to 4894 candidates after evaluating neighboring pixels.
    INFO | 2026-08-27 08:05:01 | procimg.py:lacosmic:266 | Reduced to 4893 candidates after excluding known bad pixels.
    INFO | 2026-08-27 08:05:01 | procimg.py:lacosmic:271 | Iteration 1: 4893 pixels identified as cosmic rays (4893 are new)
    INFO | 2026-08-27 08:05:04 | procimg.py:lacosmic:300 | 4750 pixels identified as cosmic rays after removing false positives
    INFO | 2026-08-27 08:05:05 | pypeit_steps.py:findobj_on_det:381 | Object finding begins for KR.20241225.57901.68-feige34_KCRM_20241225T160501.651 on det=1
    INFO | 2026-08-27 08:05:05 | datamodel.py:from_file:1558 | Loading BiasImage from /Users/kaiwenzhang/PycharmProjects/KCWI/KCWI_RED_channel_characterization/RM2 pypeit run/2024-12-24/pypeit_run/keck_kcrm_A/Calibrations/Bias_A_0_DET01.fits
 WARNING | 2026-08-27 08:05:05 | calibrations.py:get_dark:606 | No raw dark frames found and unable to identify a relevant processed calibration frame.  Continuing...
    INFO | 2026-08-27 08:05:05 | keck_kcwi.py:get_rawimage:1426 | Reading KCWI file: /Users/kaiwenzhang/PycharmProjects/KCWI/KCWI_RED_channel_characterization/fits/by_night/RM2/2024-12-24/KR.20241225.57901.68.fits
    INFO | 2026-08-27 08:05:05 | datamodel.py:from_file:1558 | Loading ArcImage from /Users/kaiwenzhang/PycharmProjects/KCWI/KCWI_RED_channel_characterization/RM2 pypeit run/2024-12-24/pypeit_run/keck_kcrm_A/Calibrations/Arc_A_0_DET01.fits
    INFO | 2026-08-27 08:05:06 | datamodel.py:from_file:1558 | Loading TiltImage from /Users/kaiwenzhang/PycharmProjects/KCWI/KCWI_RED_channel_characterization/RM2 pypeit run/2024-12-24/pypeit_run/keck_kcrm_A/Calibrations/Tiltimg_A_0_DET01.fits
    INFO | 2026-08-27 08:05:06 | datamodel.py:from_file:1558 | Loading SlitTraceSet from /Users/kaiwenzhang/PycharmProjects/KCWI/KCWI_RED_channel_characterization/RM2 pypeit run/2024-12-24/pypeit_run/keck_kcrm_A/Calibrations/Slits_A_0_DET01.fits.gz
    INFO | 2026-08-27 08:05:06 | datamodel.py:from_file:1558 | Loading WaveCalib from /Users/kaiwenzhang/PycharmProjects/KCWI/KCWI_RED_channel_characterization/RM2 pypeit run/2024-12-24/pypeit_run/keck_kcrm_A/Calibrations/WaveCalib_A_0_DET01.fits
    INFO | 2026-08-27 08:05:06 | datamodel.py:from_file:1558 | Loading WaveTilts from /Users/kaiwenzhang/PycharmProjects/KCWI/KCWI_RED_channel_characterization/RM2 pypeit run/2024-12-24/pypeit_run/keck_kcrm_A/Calibrations/Tilts_A_0_DET01.fits
    INFO | 2026-08-27 08:05:06 | datamodel.py:from_file:1558 | Loading Alignments from /Users/kaiwenzhang/PycharmProjects/KCWI/KCWI_RED_channel_characterization/RM2 pypeit run/2024-12-24/pypeit_run/keck_kcrm_A/Calibrations/Alignment_A_0_DET01.fits
    INFO | 2026-08-27 08:05:07 | datamodel.py:from_file:1558 | Loading ScatteredLight from /Users/kaiwenzhang/PycharmProjects/KCWI/KCWI_RED_channel_characterization/RM2 pypeit run/2024-12-24/pypeit_run/keck_kcrm_A/Calibrations/ScatteredLight_A_0_DET01.fits.gz
    INFO | 2026-08-27 08:05:08 | datamodel.py:from_file:1558 | Loading FlatImages from /Users/kaiwenzhang/PycharmProjects/KCWI/KCWI_RED_channel_characterization/RM2 pypeit run/2024-12-24/pypeit_run/keck_kcrm_A/Calibrations/Flat_A_0_DET01.fits
    INFO | 2026-08-27 08:05:12 | calibrations.py:run_the_steps:1459 | Calibration complete and/or fully loaded!
    INFO | 2026-08-27 08:05:12 | calibrations.py:run_the_steps:1460 | #######################################################################
    INFO | 2026-08-27 08:05:12 | pypeit_steps.py:findobj_on_det:387 | Reducing detector 1
    INFO | 2026-08-27 08:05:12 | pypeit_steps.py:load_skyregions:606 | Generating skysub mask based on the user defined regions: :40,66:
    INFO | 2026-08-27 08:05:14 | find_objects.py:__init__:164 | Initializing slits
    INFO | 2026-08-27 08:05:16 | find_objects.py:__init__:232 | Generating tilts image from fit in waveTilts
    INFO | 2026-08-27 08:05:16 | wavetilts.py:fit2tiltimg:143 | Generating a tilts image from the fit parameters
    INFO | 2026-08-27 08:05:59 | find_objects.py:global_skysub:583 | Global sky subtraction for slit: 106
    INFO | 2026-08-27 08:06:01 | skysub.py:global_skysub:195 | Full fit in global sky sub.
    INFO | 2026-08-27 08:06:01 | fitting.py:bspline_profile:1156 | B-spline fit:
    INFO | 2026-08-27 08:06:01 | fitting.py:bspline_profile:1157 |     npoly = 3 profile basis functions
    INFO | 2026-08-27 08:06:01 | fitting.py:bspline_profile:1158 |     ngood = 400210/575376 measurements
    INFO | 2026-08-27 08:06:01 | fitting.py:bspline_profile:1159 | ***************** Iter     Chi^2    N Rej  R. Fac *****************
    INFO | 2026-08-27 08:06:01 | fitting.py:bspline_profile:1163 |                   ----  --------  -------  ------                  
    INFO | 2026-08-27 08:06:02 | fitting.py:bspline_profile:1257 |                      1     1.185   176122    1.00                  
    INFO | 2026-08-27 08:06:02 | fitting.py:bspline_profile:1257 |                      2     0.931   176154    1.00                  
    INFO | 2026-08-27 08:06:03 | fitting.py:bspline_profile:1257 |                      3     0.930   176155    1.00                  
    INFO | 2026-08-27 08:06:03 | fitting.py:bspline_profile:1257 |                      4     0.930   176155    1.00                  
    INFO | 2026-08-27 08:06:03 | fitting.py:bspline_profile:1272 |                   DONE     0.930   176155    1.00                  
    INFO | 2026-08-27 08:06:03 | fitting.py:bspline_profile:1275 | *******************************************************************
    INFO | 2026-08-27 08:06:03 | find_objects.py:global_skysub:583 | Global sky subtraction for slit: 264
    INFO | 2026-08-27 08:06:04 | skysub.py:global_skysub:195 | Full fit in global sky sub.
    INFO | 2026-08-27 08:06:04 | fitting.py:bspline_profile:1156 | B-spline fit:
    INFO | 2026-08-27 08:06:04 | fitting.py:bspline_profile:1157 |     npoly = 3 profile basis functions
    INFO | 2026-08-27 08:06:04 | fitting.py:bspline_profile:1158 |     ngood = 400979/576571 measurements
    INFO | 2026-08-27 08:06:04 | fitting.py:bspline_profile:1159 | ***************** Iter     Chi^2    N Rej  R. Fac *****************
    INFO | 2026-08-27 08:06:04 | fitting.py:bspline_profile:1163 |                   ----  --------  -------  ------                  
    INFO | 2026-08-27 08:06:05 | fitting.py:bspline_profile:1257 |                      1     1.398   176754    1.00                  
    INFO | 2026-08-27 08:06:05 | fitting.py:bspline_profile:1257 |                      2     0.926   176786    1.00                  
    INFO | 2026-08-27 08:06:06 | fitting.py:bspline_profile:1257 |                      3     0.925   176787    1.00                  
    INFO | 2026-08-27 08:06:07 | fitting.py:bspline_profile:1257 |                      4     0.925   176787    1.00                  
    INFO | 2026-08-27 08:06:07 | fitting.py:bspline_profile:1272 |                   DONE     0.925   176787    1.00                  
    INFO | 2026-08-27 08:06:07 | fitting.py:bspline_profile:1275 | *******************************************************************
    INFO | 2026-08-27 08:06:07 | find_objects.py:global_skysub:583 | Global sky subtraction for slit: 421
    INFO | 2026-08-27 08:06:07 | skysub.py:global_skysub:195 | Full fit in global sky sub.
    INFO | 2026-08-27 08:06:07 | fitting.py:bspline_profile:1156 | B-spline fit:
    INFO | 2026-08-27 08:06:07 | fitting.py:bspline_profile:1157 |     npoly = 3 profile basis functions
    INFO | 2026-08-27 08:06:07 | fitting.py:bspline_profile:1158 |     ngood = 402380/577163 measurements
    INFO | 2026-08-27 08:06:07 | fitting.py:bspline_profile:1159 | ***************** Iter     Chi^2    N Rej  R. Fac *****************
    INFO | 2026-08-27 08:06:07 | fitting.py:bspline_profile:1163 |                   ----  --------  -------  ------                  
    INFO | 2026-08-27 08:06:08 | fitting.py:bspline_profile:1257 |                      1     1.329   176209    1.00                  
    INFO | 2026-08-27 08:06:08 | fitting.py:bspline_profile:1257 |                      2     0.921   176242    1.00                  
    INFO | 2026-08-27 08:06:09 | fitting.py:bspline_profile:1257 |                      3     0.920   176244    1.00                  
    INFO | 2026-08-27 08:06:10 | fitting.py:bspline_profile:1257 |                      4     0.919   176245    1.00                  
    INFO | 2026-08-27 08:06:10 | fitting.py:bspline_profile:1257 |                      5     0.919   176245    1.00                  
    INFO | 2026-08-27 08:06:10 | fitting.py:bspline_profile:1272 |                   DONE     0.919   176245    1.00                  
    INFO | 2026-08-27 08:06:10 | fitting.py:bspline_profile:1275 | *******************************************************************
    INFO | 2026-08-27 08:06:10 | find_objects.py:global_skysub:583 | Global sky subtraction for slit: 576
    INFO | 2026-08-27 08:06:11 | skysub.py:global_skysub:195 | Full fit in global sky sub.
    INFO | 2026-08-27 08:06:11 | fitting.py:bspline_profile:1156 | B-spline fit:
    INFO | 2026-08-27 08:06:11 | fitting.py:bspline_profile:1157 |     npoly = 3 profile basis functions
    INFO | 2026-08-27 08:06:11 | fitting.py:bspline_profile:1158 |     ngood = 402162/576880 measurements
    INFO | 2026-08-27 08:06:11 | fitting.py:bspline_profile:1159 | ***************** Iter     Chi^2    N Rej  R. Fac *****************
    INFO | 2026-08-27 08:06:11 | fitting.py:bspline_profile:1163 |                   ----  --------  -------  ------                  
    INFO | 2026-08-27 08:06:11 | fitting.py:bspline_profile:1257 |                      1     1.294   175663    1.00                  
    INFO | 2026-08-27 08:06:12 | fitting.py:bspline_profile:1257 |                      2     0.928   175687    1.00                  
    INFO | 2026-08-27 08:06:13 | fitting.py:bspline_profile:1257 |                      3     0.927   175690    1.00                  
    INFO | 2026-08-27 08:06:13 | fitting.py:bspline_profile:1257 |                      4     0.927   175690    1.00                  
    INFO | 2026-08-27 08:06:13 | fitting.py:bspline_profile:1272 |                   DONE     0.927   175690    1.00                  
    INFO | 2026-08-27 08:06:13 | fitting.py:bspline_profile:1275 | *******************************************************************
    INFO | 2026-08-27 08:06:13 | find_objects.py:global_skysub:583 | Global sky subtraction for slit: 727
    INFO | 2026-08-27 08:06:14 | skysub.py:global_skysub:195 | Full fit in global sky sub.
    INFO | 2026-08-27 08:06:14 | fitting.py:bspline_profile:1156 | B-spline fit:
    INFO | 2026-08-27 08:06:14 | fitting.py:bspline_profile:1157 |     npoly = 3 profile basis functions
    INFO | 2026-08-27 08:06:14 | fitting.py:bspline_profile:1158 |     ngood = 401085/577014 measurements
    INFO | 2026-08-27 08:06:14 | fitting.py:bspline_profile:1159 | ***************** Iter     Chi^2    N Rej  R. Fac *****************
    INFO | 2026-08-27 08:06:14 | fitting.py:bspline_profile:1163 |                   ----  --------  -------  ------                  
    INFO | 2026-08-27 08:06:14 | fitting.py:bspline_profile:1257 |                      1     1.287   177026    1.00                  
    INFO | 2026-08-27 08:06:15 | fitting.py:bspline_profile:1257 |                      2     0.924   177057    1.00                  
    INFO | 2026-08-27 08:06:16 | fitting.py:bspline_profile:1257 |                      3     0.923   177059    1.00                  
    INFO | 2026-08-27 08:06:16 | fitting.py:bspline_profile:1257 |                      4     0.923   177059    1.00                  
    INFO | 2026-08-27 08:06:16 | fitting.py:bspline_profile:1272 |                   DONE     0.923   177059    1.00                  
    INFO | 2026-08-27 08:06:16 | fitting.py:bspline_profile:1275 | *******************************************************************
    INFO | 2026-08-27 08:06:16 | find_objects.py:global_skysub:583 | Global sky subtraction for slit: 877
    INFO | 2026-08-27 08:06:17 | skysub.py:global_skysub:195 | Full fit in global sky sub.
    INFO | 2026-08-27 08:06:17 | fitting.py:bspline_profile:1156 | B-spline fit:
    INFO | 2026-08-27 08:06:17 | fitting.py:bspline_profile:1157 |     npoly = 3 profile basis functions
    INFO | 2026-08-27 08:06:17 | fitting.py:bspline_profile:1158 |     ngood = 402161/577615 measurements
    INFO | 2026-08-27 08:06:17 | fitting.py:bspline_profile:1159 | ***************** Iter     Chi^2    N Rej  R. Fac *****************
    INFO | 2026-08-27 08:06:17 | fitting.py:bspline_profile:1163 |                   ----  --------  -------  ------                  
    INFO | 2026-08-27 08:06:18 | fitting.py:bspline_profile:1257 |                      1     1.044   176232    1.00                  
    INFO | 2026-08-27 08:06:18 | fitting.py:bspline_profile:1257 |                      2     0.916   176249    1.00                  
    INFO | 2026-08-27 08:06:19 | fitting.py:bspline_profile:1257 |                      3     0.916   176250    1.00                  
    INFO | 2026-08-27 08:06:19 | fitting.py:bspline_profile:1257 |                      4     0.916   176250    1.00                  
    INFO | 2026-08-27 08:06:19 | fitting.py:bspline_profile:1272 |                   DONE     0.916   176250    1.00                  
    INFO | 2026-08-27 08:06:19 | fitting.py:bspline_profile:1275 | *******************************************************************
    INFO | 2026-08-27 08:06:20 | find_objects.py:global_skysub:583 | Global sky subtraction for slit: 1025
    INFO | 2026-08-27 08:06:20 | skysub.py:global_skysub:195 | Full fit in global sky sub.
    INFO | 2026-08-27 08:06:20 | fitting.py:bspline_profile:1156 | B-spline fit:
    INFO | 2026-08-27 08:06:20 | fitting.py:bspline_profile:1157 |     npoly = 3 profile basis functions
    INFO | 2026-08-27 08:06:20 | fitting.py:bspline_profile:1158 |     ngood = 402290/577569 measurements
    INFO | 2026-08-27 08:06:20 | fitting.py:bspline_profile:1159 | ***************** Iter     Chi^2    N Rej  R. Fac *****************
    INFO | 2026-08-27 08:06:20 | fitting.py:bspline_profile:1163 |                   ----  --------  -------  ------                  
    INFO | 2026-08-27 08:06:21 | fitting.py:bspline_profile:1257 |                      1     1.288   176515    1.00                  
    INFO | 2026-08-27 08:06:22 | fitting.py:bspline_profile:1257 |                      2     0.923   176557    1.00                  
    INFO | 2026-08-27 08:06:22 | fitting.py:bspline_profile:1257 |                      3     0.922   176562    1.00                  
    INFO | 2026-08-27 08:06:23 | fitting.py:bspline_profile:1257 |                      4     0.922   176563    1.00                  
    INFO | 2026-08-27 08:06:23 | fitting.py:bspline_profile:1257 |                      5     0.922   176564    1.00                  
    INFO | 2026-08-27 08:06:24 | fitting.py:bspline_profile:1257 |                      6     0.922   176566    1.00                  
    INFO | 2026-08-27 08:06:25 | fitting.py:bspline_profile:1257 |                      7     0.921   176566    1.00                  
    INFO | 2026-08-27 08:06:25 | fitting.py:bspline_profile:1272 |                   DONE     0.921   176566    1.00                  
    INFO | 2026-08-27 08:06:25 | fitting.py:bspline_profile:1275 | *******************************************************************
    INFO | 2026-08-27 08:06:25 | find_objects.py:global_skysub:583 | Global sky subtraction for slit: 1172
    INFO | 2026-08-27 08:06:25 | skysub.py:global_skysub:195 | Full fit in global sky sub.
    INFO | 2026-08-27 08:06:25 | fitting.py:bspline_profile:1156 | B-spline fit:
    INFO | 2026-08-27 08:06:25 | fitting.py:bspline_profile:1157 |     npoly = 3 profile basis functions
    INFO | 2026-08-27 08:06:25 | fitting.py:bspline_profile:1158 |     ngood = 401665/577966 measurements
    INFO | 2026-08-27 08:06:25 | fitting.py:bspline_profile:1159 | ***************** Iter     Chi^2    N Rej  R. Fac *****************
    INFO | 2026-08-27 08:06:25 | fitting.py:bspline_profile:1163 |                   ----  --------  -------  ------                  
    INFO | 2026-08-27 08:06:26 | fitting.py:bspline_profile:1257 |                      1     1.458   177574    1.00                  
    INFO | 2026-08-27 08:06:26 | fitting.py:bspline_profile:1257 |                      2     0.921   177612    1.00                  
    INFO | 2026-08-27 08:06:27 | fitting.py:bspline_profile:1257 |                      3     0.920   177617    1.00                  
    INFO | 2026-08-27 08:06:28 | fitting.py:bspline_profile:1257 |                      4     0.920   177618    1.00                  
    INFO | 2026-08-27 08:06:28 | fitting.py:bspline_profile:1257 |                      5     0.920   177618    1.00                  
    INFO | 2026-08-27 08:06:28 | fitting.py:bspline_profile:1272 |                   DONE     0.920   177618    1.00                  
    INFO | 2026-08-27 08:06:28 | fitting.py:bspline_profile:1275 | *******************************************************************
    INFO | 2026-08-27 08:06:28 | find_objects.py:global_skysub:583 | Global sky subtraction for slit: 1320
    INFO | 2026-08-27 08:06:28 | skysub.py:global_skysub:195 | Full fit in global sky sub.
    INFO | 2026-08-27 08:06:28 | fitting.py:bspline_profile:1156 | B-spline fit:
    INFO | 2026-08-27 08:06:28 | fitting.py:bspline_profile:1157 |     npoly = 3 profile basis functions
    INFO | 2026-08-27 08:06:28 | fitting.py:bspline_profile:1158 |     ngood = 402454/578249 measurements
    INFO | 2026-08-27 08:06:28 | fitting.py:bspline_profile:1159 | ***************** Iter     Chi^2    N Rej  R. Fac *****************
    INFO | 2026-08-27 08:06:28 | fitting.py:bspline_profile:1163 |                   ----  --------  -------  ------                  
    INFO | 2026-08-27 08:06:29 | fitting.py:bspline_profile:1257 |                      1     1.636   177588    1.00                  
    INFO | 2026-08-27 08:06:30 | fitting.py:bspline_profile:1257 |                      2     0.925   177645    1.00                  
    INFO | 2026-08-27 08:06:30 | fitting.py:bspline_profile:1257 |                      3     0.923   177649    1.00                  
    INFO | 2026-08-27 08:06:31 | fitting.py:bspline_profile:1257 |                      4     0.923   177651    1.00                  
    INFO | 2026-08-27 08:06:32 | fitting.py:bspline_profile:1257 |                      5     0.923   177652    1.00                  
    INFO | 2026-08-27 08:06:32 | fitting.py:bspline_profile:1257 |                      6     0.922   177653    1.00                  
    INFO | 2026-08-27 08:06:33 | fitting.py:bspline_profile:1257 |                      7     0.922   177654    1.00                  
    INFO | 2026-08-27 08:06:33 | fitting.py:bspline_profile:1257 |                      8     0.922   177654    1.00                  
    INFO | 2026-08-27 08:06:33 | fitting.py:bspline_profile:1272 |                   DONE     0.922   177654    1.00                  
    INFO | 2026-08-27 08:06:33 | fitting.py:bspline_profile:1275 | *******************************************************************
    INFO | 2026-08-27 08:06:34 | find_objects.py:global_skysub:583 | Global sky subtraction for slit: 1468
    INFO | 2026-08-27 08:06:34 | skysub.py:global_skysub:195 | Full fit in global sky sub.
    INFO | 2026-08-27 08:06:34 | fitting.py:bspline_profile:1156 | B-spline fit:
    INFO | 2026-08-27 08:06:34 | fitting.py:bspline_profile:1157 |     npoly = 3 profile basis functions
    INFO | 2026-08-27 08:06:34 | fitting.py:bspline_profile:1158 |     ngood = 402268/577880 measurements
    INFO | 2026-08-27 08:06:34 | fitting.py:bspline_profile:1159 | ***************** Iter     Chi^2    N Rej  R. Fac *****************
    INFO | 2026-08-27 08:06:34 | fitting.py:bspline_profile:1163 |                   ----  --------  -------  ------                  
    INFO | 2026-08-27 08:06:35 | fitting.py:bspline_profile:1257 |                      1     1.715   177303    1.00                  
    INFO | 2026-08-27 08:06:35 | fitting.py:bspline_profile:1257 |                      2     0.924   177359    1.00                  
    INFO | 2026-08-27 08:06:36 | fitting.py:bspline_profile:1257 |                      3     0.922   177364    1.00                  
    INFO | 2026-08-27 08:06:36 | fitting.py:bspline_profile:1257 |                      4     0.922   177366    1.00                  
    INFO | 2026-08-27 08:06:37 | fitting.py:bspline_profile:1257 |                      5     0.922   177367    1.00                  
    INFO | 2026-08-27 08:06:38 | fitting.py:bspline_profile:1257 |                      6     0.922   177367    1.00                  
    INFO | 2026-08-27 08:06:38 | fitting.py:bspline_profile:1272 |                   DONE     0.922   177367    1.00                  
    INFO | 2026-08-27 08:06:38 | fitting.py:bspline_profile:1275 | *******************************************************************
    INFO | 2026-08-27 08:06:38 | find_objects.py:global_skysub:583 | Global sky subtraction for slit: 1616
    INFO | 2026-08-27 08:06:38 | skysub.py:global_skysub:195 | Full fit in global sky sub.
    INFO | 2026-08-27 08:06:38 | fitting.py:bspline_profile:1156 | B-spline fit:
    INFO | 2026-08-27 08:06:38 | fitting.py:bspline_profile:1157 |     npoly = 3 profile basis functions
    INFO | 2026-08-27 08:06:38 | fitting.py:bspline_profile:1158 |     ngood = 402178/578021 measurements
    INFO | 2026-08-27 08:06:38 | fitting.py:bspline_profile:1159 | ***************** Iter     Chi^2    N Rej  R. Fac *****************
    INFO | 2026-08-27 08:06:38 | fitting.py:bspline_profile:1163 |                   ----  --------  -------  ------                  
    INFO | 2026-08-27 08:06:39 | fitting.py:bspline_profile:1257 |                      1     1.466   176932    1.00                  
    INFO | 2026-08-27 08:06:39 | fitting.py:bspline_profile:1257 |                      2     0.927   176967    1.00                  
    INFO | 2026-08-27 08:06:40 | fitting.py:bspline_profile:1257 |                      3     0.926   176969    1.00                  
    INFO | 2026-08-27 08:06:41 | fitting.py:bspline_profile:1257 |                      4     0.926   176969    1.00                  
    INFO | 2026-08-27 08:06:41 | fitting.py:bspline_profile:1272 |                   DONE     0.926   176969    1.00                  
    INFO | 2026-08-27 08:06:41 | fitting.py:bspline_profile:1275 | *******************************************************************
    INFO | 2026-08-27 08:06:41 | find_objects.py:global_skysub:583 | Global sky subtraction for slit: 1764
    INFO | 2026-08-27 08:06:41 | skysub.py:global_skysub:195 | Full fit in global sky sub.
    INFO | 2026-08-27 08:06:41 | fitting.py:bspline_profile:1156 | B-spline fit:
    INFO | 2026-08-27 08:06:41 | fitting.py:bspline_profile:1157 |     npoly = 3 profile basis functions
    INFO | 2026-08-27 08:06:41 | fitting.py:bspline_profile:1158 |     ngood = 403054/579174 measurements
    INFO | 2026-08-27 08:06:41 | fitting.py:bspline_profile:1159 | ***************** Iter     Chi^2    N Rej  R. Fac *****************
    INFO | 2026-08-27 08:06:41 | fitting.py:bspline_profile:1163 |                   ----  --------  -------  ------                  
    INFO | 2026-08-27 08:06:42 | fitting.py:bspline_profile:1257 |                      1     1.055   176864    1.00                  
    INFO | 2026-08-27 08:06:43 | fitting.py:bspline_profile:1257 |                      2     0.927   176882    1.00                  
    INFO | 2026-08-27 08:06:43 | fitting.py:bspline_profile:1257 |                      3     0.926   176883    1.00                  
    INFO | 2026-08-27 08:06:44 | fitting.py:bspline_profile:1257 |                      4     0.926   176883    1.00                  
    INFO | 2026-08-27 08:06:44 | fitting.py:bspline_profile:1272 |                   DONE     0.926   176883    1.00                  
    INFO | 2026-08-27 08:06:44 | fitting.py:bspline_profile:1275 | *******************************************************************
    INFO | 2026-08-27 08:06:44 | find_objects.py:global_skysub:583 | Global sky subtraction for slit: 2321
    INFO | 2026-08-27 08:06:44 | skysub.py:global_skysub:195 | Full fit in global sky sub.
    INFO | 2026-08-27 08:06:44 | fitting.py:bspline_profile:1156 | B-spline fit:
    INFO | 2026-08-27 08:06:44 | fitting.py:bspline_profile:1157 |     npoly = 3 profile basis functions
    INFO | 2026-08-27 08:06:44 | fitting.py:bspline_profile:1158 |     ngood = 403772/579754 measurements
    INFO | 2026-08-27 08:06:44 | fitting.py:bspline_profile:1159 | ***************** Iter     Chi^2    N Rej  R. Fac *****************
    INFO | 2026-08-27 08:06:44 | fitting.py:bspline_profile:1163 |                   ----  --------  -------  ------                  
    INFO | 2026-08-27 08:06:45 | fitting.py:bspline_profile:1257 |                      1     1.115   176838    1.00                  
    INFO | 2026-08-27 08:06:46 | fitting.py:bspline_profile:1257 |                      2     0.932   176858    1.00                  
    INFO | 2026-08-27 08:06:46 | fitting.py:bspline_profile:1257 |                      3     0.931   176858    1.00                  
    INFO | 2026-08-27 08:06:46 | fitting.py:bspline_profile:1272 |                   DONE     0.931   176858    1.00                  
    INFO | 2026-08-27 08:06:46 | fitting.py:bspline_profile:1275 | *******************************************************************
    INFO | 2026-08-27 08:06:46 | find_objects.py:global_skysub:583 | Global sky subtraction for slit: 2468
    INFO | 2026-08-27 08:06:47 | skysub.py:global_skysub:195 | Full fit in global sky sub.
    INFO | 2026-08-27 08:06:47 | fitting.py:bspline_profile:1156 | B-spline fit:
    INFO | 2026-08-27 08:06:47 | fitting.py:bspline_profile:1157 |     npoly = 3 profile basis functions
    INFO | 2026-08-27 08:06:47 | fitting.py:bspline_profile:1158 |     ngood = 403897/579257 measurements
    INFO | 2026-08-27 08:06:47 | fitting.py:bspline_profile:1159 | ***************** Iter     Chi^2    N Rej  R. Fac *****************
    INFO | 2026-08-27 08:06:47 | fitting.py:bspline_profile:1163 |                   ----  --------  -------  ------                  
    INFO | 2026-08-27 08:06:47 | fitting.py:bspline_profile:1257 |                      1     1.066   176194    1.00                  
    INFO | 2026-08-27 08:06:48 | fitting.py:bspline_profile:1257 |                      2     0.933   176216    1.00                  
    INFO | 2026-08-27 08:06:49 | fitting.py:bspline_profile:1257 |                      3     0.932   176218    1.00                  
    INFO | 2026-08-27 08:06:49 | fitting.py:bspline_profile:1257 |                      4     0.932   176218    1.00                  
    INFO | 2026-08-27 08:06:49 | fitting.py:bspline_profile:1272 |                   DONE     0.932   176218    1.00                  
    INFO | 2026-08-27 08:06:49 | fitting.py:bspline_profile:1275 | *******************************************************************
    INFO | 2026-08-27 08:06:49 | find_objects.py:global_skysub:583 | Global sky subtraction for slit: 2616
    INFO | 2026-08-27 08:06:50 | skysub.py:global_skysub:195 | Full fit in global sky sub.
    INFO | 2026-08-27 08:06:50 | fitting.py:bspline_profile:1156 | B-spline fit:
    INFO | 2026-08-27 08:06:50 | fitting.py:bspline_profile:1157 |     npoly = 3 profile basis functions
    INFO | 2026-08-27 08:06:50 | fitting.py:bspline_profile:1158 |     ngood = 403586/578967 measurements
    INFO | 2026-08-27 08:06:50 | fitting.py:bspline_profile:1159 | ***************** Iter     Chi^2    N Rej  R. Fac *****************
    INFO | 2026-08-27 08:06:50 | fitting.py:bspline_profile:1163 |                   ----  --------  -------  ------                  
    INFO | 2026-08-27 08:06:50 | fitting.py:bspline_profile:1257 |                      1     1.168   176718    1.00                  
    INFO | 2026-08-27 08:06:51 | fitting.py:bspline_profile:1257 |                      2     0.934   176751    1.00                  
    INFO | 2026-08-27 08:06:52 | fitting.py:bspline_profile:1257 |                      3     0.932   176755    1.00                  
    INFO | 2026-08-27 08:06:52 | fitting.py:bspline_profile:1257 |                      4     0.932   176757    1.00                  
    INFO | 2026-08-27 08:06:53 | fitting.py:bspline_profile:1257 |                      5     0.932   176757    1.00                  
    INFO | 2026-08-27 08:06:53 | fitting.py:bspline_profile:1272 |                   DONE     0.932   176757    1.00                  
    INFO | 2026-08-27 08:06:53 | fitting.py:bspline_profile:1275 | *******************************************************************
    INFO | 2026-08-27 08:06:53 | find_objects.py:global_skysub:583 | Global sky subtraction for slit: 2762
    INFO | 2026-08-27 08:06:53 | skysub.py:global_skysub:195 | Full fit in global sky sub.
    INFO | 2026-08-27 08:06:53 | fitting.py:bspline_profile:1156 | B-spline fit:
    INFO | 2026-08-27 08:06:53 | fitting.py:bspline_profile:1157 |     npoly = 3 profile basis functions
    INFO | 2026-08-27 08:06:53 | fitting.py:bspline_profile:1158 |     ngood = 403969/579917 measurements
    INFO | 2026-08-27 08:06:53 | fitting.py:bspline_profile:1159 | ***************** Iter     Chi^2    N Rej  R. Fac *****************
    INFO | 2026-08-27 08:06:53 | fitting.py:bspline_profile:1163 |                   ----  --------  -------  ------                  
    INFO | 2026-08-27 08:06:54 | fitting.py:bspline_profile:1257 |                      1     1.083   176740    1.00                  
    INFO | 2026-08-27 08:06:54 | fitting.py:bspline_profile:1257 |                      2     0.928   176763    1.00                  
    INFO | 2026-08-27 08:06:55 | fitting.py:bspline_profile:1257 |                      3     0.928   176765    1.00                  
    INFO | 2026-08-27 08:06:56 | fitting.py:bspline_profile:1257 |                      4     0.928   176765    1.00                  
    INFO | 2026-08-27 08:06:56 | fitting.py:bspline_profile:1272 |                   DONE     0.928   176765    1.00                  
    INFO | 2026-08-27 08:06:56 | fitting.py:bspline_profile:1275 | *******************************************************************
    INFO | 2026-08-27 08:06:56 | find_objects.py:global_skysub:583 | Global sky subtraction for slit: 2909
    INFO | 2026-08-27 08:06:56 | skysub.py:global_skysub:195 | Full fit in global sky sub.
    INFO | 2026-08-27 08:06:56 | fitting.py:bspline_profile:1156 | B-spline fit:
    INFO | 2026-08-27 08:06:56 | fitting.py:bspline_profile:1157 |     npoly = 3 profile basis functions
    INFO | 2026-08-27 08:06:56 | fitting.py:bspline_profile:1158 |     ngood = 403711/578979 measurements
    INFO | 2026-08-27 08:06:56 | fitting.py:bspline_profile:1159 | ***************** Iter     Chi^2    N Rej  R. Fac *****************
    INFO | 2026-08-27 08:06:56 | fitting.py:bspline_profile:1163 |                   ----  --------  -------  ------                  
    INFO | 2026-08-27 08:06:57 | fitting.py:bspline_profile:1257 |                      1     1.907   177008    1.00                  
    INFO | 2026-08-27 08:06:58 | fitting.py:bspline_profile:1257 |                      2     0.935   177051    1.00                  
    INFO | 2026-08-27 08:06:58 | fitting.py:bspline_profile:1257 |                      3     0.933   177056    1.00                  
    INFO | 2026-08-27 08:06:59 | fitting.py:bspline_profile:1257 |                      4     0.933   177059    1.00                  
    INFO | 2026-08-27 08:06:59 | fitting.py:bspline_profile:1257 |                      5     0.933   177060    1.00                  
    INFO | 2026-08-27 08:07:00 | fitting.py:bspline_profile:1257 |                      6     0.933   177060    1.00                  
    INFO | 2026-08-27 08:07:00 | fitting.py:bspline_profile:1272 |                   DONE     0.933   177060    1.00                  
    INFO | 2026-08-27 08:07:00 | fitting.py:bspline_profile:1275 | *******************************************************************
    INFO | 2026-08-27 08:07:00 | find_objects.py:global_skysub:583 | Global sky subtraction for slit: 3056
    INFO | 2026-08-27 08:07:00 | skysub.py:global_skysub:195 | Full fit in global sky sub.
    INFO | 2026-08-27 08:07:00 | fitting.py:bspline_profile:1156 | B-spline fit:
    INFO | 2026-08-27 08:07:00 | fitting.py:bspline_profile:1157 |     npoly = 3 profile basis functions
    INFO | 2026-08-27 08:07:00 | fitting.py:bspline_profile:1158 |     ngood = 402814/579529 measurements
    INFO | 2026-08-27 08:07:00 | fitting.py:bspline_profile:1159 | ***************** Iter     Chi^2    N Rej  R. Fac *****************
    INFO | 2026-08-27 08:07:00 | fitting.py:bspline_profile:1163 |                   ----  --------  -------  ------                  
    INFO | 2026-08-27 08:07:01 | fitting.py:bspline_profile:1257 |                      1     0.997   177377    1.00                  
    INFO | 2026-08-27 08:07:02 | fitting.py:bspline_profile:1257 |                      2     0.928   177394    1.00                  
    INFO | 2026-08-27 08:07:02 | fitting.py:bspline_profile:1257 |                      3     0.927   177394    1.00                  
    INFO | 2026-08-27 08:07:02 | fitting.py:bspline_profile:1272 |                   DONE     0.927   177394    1.00                  
    INFO | 2026-08-27 08:07:02 | fitting.py:bspline_profile:1275 | *******************************************************************
    INFO | 2026-08-27 08:07:02 | find_objects.py:global_skysub:583 | Global sky subtraction for slit: 3204
    INFO | 2026-08-27 08:07:03 | skysub.py:global_skysub:195 | Full fit in global sky sub.
    INFO | 2026-08-27 08:07:03 | fitting.py:bspline_profile:1156 | B-spline fit:
    INFO | 2026-08-27 08:07:03 | fitting.py:bspline_profile:1157 |     npoly = 3 profile basis functions
    INFO | 2026-08-27 08:07:03 | fitting.py:bspline_profile:1158 |     ngood = 404724/579824 measurements
    INFO | 2026-08-27 08:07:03 | fitting.py:bspline_profile:1159 | ***************** Iter     Chi^2    N Rej  R. Fac *****************
    INFO | 2026-08-27 08:07:03 | fitting.py:bspline_profile:1163 |                   ----  --------  -------  ------                  
    INFO | 2026-08-27 08:07:03 | fitting.py:bspline_profile:1257 |                      1     0.957   175700    1.00                  
    INFO | 2026-08-27 08:07:04 | fitting.py:bspline_profile:1257 |                      2     0.930   175716    1.00                  
    INFO | 2026-08-27 08:07:05 | fitting.py:bspline_profile:1257 |                      3     0.929   175716    1.00                  
    INFO | 2026-08-27 08:07:05 | fitting.py:bspline_profile:1272 |                   DONE     0.929   175716    1.00                  
    INFO | 2026-08-27 08:07:05 | fitting.py:bspline_profile:1275 | *******************************************************************
    INFO | 2026-08-27 08:07:05 | find_objects.py:global_skysub:583 | Global sky subtraction for slit: 3352
    INFO | 2026-08-27 08:07:05 | skysub.py:global_skysub:195 | Full fit in global sky sub.
    INFO | 2026-08-27 08:07:05 | fitting.py:bspline_profile:1156 | B-spline fit:
    INFO | 2026-08-27 08:07:05 | fitting.py:bspline_profile:1157 |     npoly = 3 profile basis functions
    INFO | 2026-08-27 08:07:05 | fitting.py:bspline_profile:1158 |     ngood = 404072/579766 measurements
    INFO | 2026-08-27 08:07:05 | fitting.py:bspline_profile:1159 | ***************** Iter     Chi^2    N Rej  R. Fac *****************
    INFO | 2026-08-27 08:07:05 | fitting.py:bspline_profile:1163 |                   ----  --------  -------  ------                  
    INFO | 2026-08-27 08:07:06 | fitting.py:bspline_profile:1257 |                      1     1.279   176680    1.00                  
    INFO | 2026-08-27 08:07:06 | fitting.py:bspline_profile:1257 |                      2     0.928   176707    1.00                  
    INFO | 2026-08-27 08:07:07 | fitting.py:bspline_profile:1257 |                      3     0.927   176711    1.00                  
    INFO | 2026-08-27 08:07:08 | fitting.py:bspline_profile:1257 |                      4     0.927   176711    1.00                  
    INFO | 2026-08-27 08:07:08 | fitting.py:bspline_profile:1272 |                   DONE     0.927   176711    1.00                  
    INFO | 2026-08-27 08:07:08 | fitting.py:bspline_profile:1275 | *******************************************************************
    INFO | 2026-08-27 08:07:08 | find_objects.py:global_skysub:583 | Global sky subtraction for slit: 3502
    INFO | 2026-08-27 08:07:08 | skysub.py:global_skysub:195 | Full fit in global sky sub.
    INFO | 2026-08-27 08:07:08 | fitting.py:bspline_profile:1156 | B-spline fit:
    INFO | 2026-08-27 08:07:08 | fitting.py:bspline_profile:1157 |     npoly = 3 profile basis functions
    INFO | 2026-08-27 08:07:08 | fitting.py:bspline_profile:1158 |     ngood = 402880/579230 measurements
    INFO | 2026-08-27 08:07:08 | fitting.py:bspline_profile:1159 | ***************** Iter     Chi^2    N Rej  R. Fac *****************
    INFO | 2026-08-27 08:07:08 | fitting.py:bspline_profile:1163 |                   ----  --------  -------  ------                  
    INFO | 2026-08-27 08:07:09 | fitting.py:bspline_profile:1257 |                      1     1.500   177790    1.00                  
    INFO | 2026-08-27 08:07:09 | fitting.py:bspline_profile:1257 |                      2     0.933   177853    1.00                  
    INFO | 2026-08-27 08:07:10 | fitting.py:bspline_profile:1257 |                      3     0.931   177855    1.00                  
    INFO | 2026-08-27 08:07:11 | fitting.py:bspline_profile:1257 |                      4     0.931   177856    1.00                  
    INFO | 2026-08-27 08:07:11 | fitting.py:bspline_profile:1257 |                      5     0.931   177856    1.00                  
    INFO | 2026-08-27 08:07:11 | fitting.py:bspline_profile:1272 |                   DONE     0.931   177856    1.00                  
    INFO | 2026-08-27 08:07:11 | fitting.py:bspline_profile:1275 | *******************************************************************
    INFO | 2026-08-27 08:07:11 | find_objects.py:global_skysub:583 | Global sky subtraction for slit: 3655
    INFO | 2026-08-27 08:07:12 | skysub.py:global_skysub:195 | Full fit in global sky sub.
    INFO | 2026-08-27 08:07:12 | fitting.py:bspline_profile:1156 | B-spline fit:
    INFO | 2026-08-27 08:07:12 | fitting.py:bspline_profile:1157 |     npoly = 3 profile basis functions
    INFO | 2026-08-27 08:07:12 | fitting.py:bspline_profile:1158 |     ngood = 404156/579702 measurements
    INFO | 2026-08-27 08:07:12 | fitting.py:bspline_profile:1159 | ***************** Iter     Chi^2    N Rej  R. Fac *****************
    INFO | 2026-08-27 08:07:12 | fitting.py:bspline_profile:1163 |                   ----  --------  -------  ------                  
    INFO | 2026-08-27 08:07:12 | fitting.py:bspline_profile:1257 |                      1     1.037   176344    1.00                  
    INFO | 2026-08-27 08:07:13 | fitting.py:bspline_profile:1257 |                      2     0.929   176359    1.00                  
    INFO | 2026-08-27 08:07:14 | fitting.py:bspline_profile:1257 |                      3     0.928   176363    1.00                  
    INFO | 2026-08-27 08:07:14 | fitting.py:bspline_profile:1257 |                      4     0.928   176364    1.00                  
    INFO | 2026-08-27 08:07:15 | fitting.py:bspline_profile:1257 |                      5     0.928   176364    1.00                  
    INFO | 2026-08-27 08:07:15 | fitting.py:bspline_profile:1272 |                   DONE     0.928   176364    1.00                  
    INFO | 2026-08-27 08:07:15 | fitting.py:bspline_profile:1275 | *******************************************************************
    INFO | 2026-08-27 08:07:15 | find_objects.py:global_skysub:583 | Global sky subtraction for slit: 3810
    INFO | 2026-08-27 08:07:15 | skysub.py:global_skysub:195 | Full fit in global sky sub.
    INFO | 2026-08-27 08:07:15 | fitting.py:bspline_profile:1156 | B-spline fit:
    INFO | 2026-08-27 08:07:15 | fitting.py:bspline_profile:1157 |     npoly = 3 profile basis functions
    INFO | 2026-08-27 08:07:15 | fitting.py:bspline_profile:1158 |     ngood = 402900/578567 measurements
    INFO | 2026-08-27 08:07:15 | fitting.py:bspline_profile:1159 | ***************** Iter     Chi^2    N Rej  R. Fac *****************
    INFO | 2026-08-27 08:07:15 | fitting.py:bspline_profile:1163 |                   ----  --------  -------  ------                  
    INFO | 2026-08-27 08:07:16 | fitting.py:bspline_profile:1257 |                      1     1.221   176582    1.00                  
    INFO | 2026-08-27 08:07:17 | fitting.py:bspline_profile:1257 |                      2     0.928   176611    1.00                  
    INFO | 2026-08-27 08:07:17 | fitting.py:bspline_profile:1257 |                      3     0.927   176612    1.00                  
    INFO | 2026-08-27 08:07:18 | fitting.py:bspline_profile:1257 |                      4     0.927   176612    1.00                  
    INFO | 2026-08-27 08:07:18 | fitting.py:bspline_profile:1272 |                   DONE     0.927   176612    1.00                  
    INFO | 2026-08-27 08:07:18 | fitting.py:bspline_profile:1275 | *******************************************************************
    INFO | 2026-08-27 08:07:18 | find_objects.py:global_skysub:583 | Global sky subtraction for slit: 3968
    INFO | 2026-08-27 08:07:18 | skysub.py:global_skysub:195 | Full fit in global sky sub.
    INFO | 2026-08-27 08:07:18 | fitting.py:bspline_profile:1156 | B-spline fit:
    INFO | 2026-08-27 08:07:18 | fitting.py:bspline_profile:1157 |     npoly = 3 profile basis functions
    INFO | 2026-08-27 08:07:18 | fitting.py:bspline_profile:1158 |     ngood = 402700/578899 measurements
    INFO | 2026-08-27 08:07:18 | fitting.py:bspline_profile:1159 | ***************** Iter     Chi^2    N Rej  R. Fac *****************
    INFO | 2026-08-27 08:07:18 | fitting.py:bspline_profile:1163 |                   ----  --------  -------  ------                  
    INFO | 2026-08-27 08:07:19 | fitting.py:bspline_profile:1257 |                      1     0.954   176796    1.00                  
    INFO | 2026-08-27 08:07:19 | fitting.py:bspline_profile:1257 |                      2     0.922   176808    1.00                  
    INFO | 2026-08-27 08:07:20 | fitting.py:bspline_profile:1257 |                      3     0.922   176808    1.00                  
    INFO | 2026-08-27 08:07:20 | fitting.py:bspline_profile:1272 |                   DONE     0.922   176808    1.00                  
    INFO | 2026-08-27 08:07:20 | fitting.py:bspline_profile:1275 | *******************************************************************
    INFO | 2026-08-27 08:07:20 | find_objects.py:find_objects_pypeline:788 | Finding objects on slit # 106
    INFO | 2026-08-27 08:07:21 | findobj_skymask.py:objs_in_slit:2095 | No objects found automatically.  Consider manual extraction.
    INFO | 2026-08-27 08:07:21 | find_objects.py:find_objects_pypeline:788 | Finding objects on slit # 264
    INFO | 2026-08-27 08:07:22 | findobj_skymask.py:objs_in_slit:2095 | No objects found automatically.  Consider manual extraction.
    INFO | 2026-08-27 08:07:22 | find_objects.py:find_objects_pypeline:788 | Finding objects on slit # 421
    INFO | 2026-08-27 08:07:23 | findobj_skymask.py:objs_in_slit:2095 | No objects found automatically.  Consider manual extraction.
    INFO | 2026-08-27 08:07:23 | find_objects.py:find_objects_pypeline:788 | Finding objects on slit # 576
    INFO | 2026-08-27 08:07:24 | findobj_skymask.py:objs_in_slit:2073 | Using slit edges as crutch for object tracing
    INFO | 2026-08-27 08:07:24 | findobj_skymask.py:objs_in_slit:2098 | Automatic finding routine found 1 objects
    INFO | 2026-08-27 08:07:24 | findobj_skymask.py:objs_in_slit:2102 | Fitting the traces
 WARNING | 2026-08-27 08:07:24 | polyutils.py:_fit:662 | RankWarning: The fit may be poorly conditioned
    INFO | 2026-08-27 08:07:24 | findobj_skymask.py:objs_in_slit:2254 | Successfully traced a total of 1 objects
    INFO | 2026-08-27 08:07:24 | find_objects.py:find_objects_pypeline:788 | Finding objects on slit # 727
    INFO | 2026-08-27 08:07:25 | findobj_skymask.py:objs_in_slit:2073 | Using slit edges as crutch for object tracing
    INFO | 2026-08-27 08:07:25 | findobj_skymask.py:objs_in_slit:2098 | Automatic finding routine found 1 objects
    INFO | 2026-08-27 08:07:25 | findobj_skymask.py:objs_in_slit:2102 | Fitting the traces
 WARNING | 2026-08-27 08:07:25 | polyutils.py:_fit:662 | RankWarning: The fit may be poorly conditioned
    INFO | 2026-08-27 08:07:25 | findobj_skymask.py:objs_in_slit:2254 | Successfully traced a total of 1 objects
    INFO | 2026-08-27 08:07:25 | find_objects.py:find_objects_pypeline:788 | Finding objects on slit # 877
    INFO | 2026-08-27 08:07:26 | findobj_skymask.py:objs_in_slit:2073 | Using slit edges as crutch for object tracing
    INFO | 2026-08-27 08:07:26 | findobj_skymask.py:objs_in_slit:2098 | Automatic finding routine found 1 objects
    INFO | 2026-08-27 08:07:26 | findobj_skymask.py:objs_in_slit:2102 | Fitting the traces
 WARNING | 2026-08-27 08:07:26 | polyutils.py:_fit:662 | RankWarning: The fit may be poorly conditioned
    INFO | 2026-08-27 08:07:26 | findobj_skymask.py:objs_in_slit:2254 | Successfully traced a total of 1 objects
    INFO | 2026-08-27 08:07:26 | find_objects.py:find_objects_pypeline:788 | Finding objects on slit # 1025
    INFO | 2026-08-27 08:07:27 | findobj_skymask.py:objs_in_slit:2073 | Using slit edges as crutch for object tracing
    INFO | 2026-08-27 08:07:27 | findobj_skymask.py:objs_in_slit:2098 | Automatic finding routine found 1 objects
    INFO | 2026-08-27 08:07:27 | findobj_skymask.py:objs_in_slit:2102 | Fitting the traces
 WARNING | 2026-08-27 08:07:27 | polyutils.py:_fit:662 | RankWarning: The fit may be poorly conditioned
    INFO | 2026-08-27 08:07:27 | findobj_skymask.py:objs_in_slit:2254 | Successfully traced a total of 1 objects
    INFO | 2026-08-27 08:07:27 | find_objects.py:find_objects_pypeline:788 | Finding objects on slit # 1172
    INFO | 2026-08-27 08:07:28 | findobj_skymask.py:objs_in_slit:2073 | Using slit edges as crutch for object tracing
    INFO | 2026-08-27 08:07:28 | findobj_skymask.py:objs_in_slit:2098 | Automatic finding routine found 1 objects
    INFO | 2026-08-27 08:07:28 | findobj_skymask.py:objs_in_slit:2102 | Fitting the traces
 WARNING | 2026-08-27 08:07:28 | polyutils.py:_fit:662 | RankWarning: The fit may be poorly conditioned
    INFO | 2026-08-27 08:07:28 | findobj_skymask.py:objs_in_slit:2254 | Successfully traced a total of 1 objects
    INFO | 2026-08-27 08:07:28 | find_objects.py:find_objects_pypeline:788 | Finding objects on slit # 1320
    INFO | 2026-08-27 08:07:29 | findobj_skymask.py:objs_in_slit:2073 | Using slit edges as crutch for object tracing
    INFO | 2026-08-27 08:07:29 | findobj_skymask.py:objs_in_slit:2098 | Automatic finding routine found 1 objects
    INFO | 2026-08-27 08:07:29 | findobj_skymask.py:objs_in_slit:2102 | Fitting the traces
 WARNING | 2026-08-27 08:07:29 | polyutils.py:_fit:662 | RankWarning: The fit may be poorly conditioned
    INFO | 2026-08-27 08:07:29 | findobj_skymask.py:objs_in_slit:2254 | Successfully traced a total of 1 objects
    INFO | 2026-08-27 08:07:29 | find_objects.py:find_objects_pypeline:788 | Finding objects on slit # 1468
    INFO | 2026-08-27 08:07:30 | findobj_skymask.py:objs_in_slit:2073 | Using slit edges as crutch for object tracing
    INFO | 2026-08-27 08:07:30 | findobj_skymask.py:objs_in_slit:2098 | Automatic finding routine found 1 objects
    INFO | 2026-08-27 08:07:30 | findobj_skymask.py:objs_in_slit:2102 | Fitting the traces
 WARNING | 2026-08-27 08:07:30 | polyutils.py:_fit:662 | RankWarning: The fit may be poorly conditioned
    INFO | 2026-08-27 08:07:31 | findobj_skymask.py:objs_in_slit:2254 | Successfully traced a total of 1 objects
    INFO | 2026-08-27 08:07:31 | find_objects.py:find_objects_pypeline:788 | Finding objects on slit # 1616
    INFO | 2026-08-27 08:07:31 | findobj_skymask.py:objs_in_slit:2073 | Using slit edges as crutch for object tracing
    INFO | 2026-08-27 08:07:31 | findobj_skymask.py:objs_in_slit:2098 | Automatic finding routine found 1 objects
    INFO | 2026-08-27 08:07:31 | findobj_skymask.py:objs_in_slit:2102 | Fitting the traces
 WARNING | 2026-08-27 08:07:31 | polyutils.py:_fit:662 | RankWarning: The fit may be poorly conditioned
    INFO | 2026-08-27 08:07:32 | findobj_skymask.py:objs_in_slit:2254 | Successfully traced a total of 1 objects
    INFO | 2026-08-27 08:07:32 | find_objects.py:find_objects_pypeline:788 | Finding objects on slit # 1764
    INFO | 2026-08-27 08:07:33 | findobj_skymask.py:objs_in_slit:2073 | Using slit edges as crutch for object tracing
    INFO | 2026-08-27 08:07:33 | findobj_skymask.py:objs_in_slit:2098 | Automatic finding routine found 1 objects
    INFO | 2026-08-27 08:07:33 | findobj_skymask.py:objs_in_slit:2102 | Fitting the traces
 WARNING | 2026-08-27 08:07:33 | polyutils.py:_fit:662 | RankWarning: The fit may be poorly conditioned
    INFO | 2026-08-27 08:07:33 | findobj_skymask.py:objs_in_slit:2254 | Successfully traced a total of 1 objects
    INFO | 2026-08-27 08:07:33 | find_objects.py:find_objects_pypeline:788 | Finding objects on slit # 2321
    INFO | 2026-08-27 08:07:34 | findobj_skymask.py:objs_in_slit:2073 | Using slit edges as crutch for object tracing
    INFO | 2026-08-27 08:07:34 | findobj_skymask.py:objs_in_slit:2098 | Automatic finding routine found 1 objects
    INFO | 2026-08-27 08:07:34 | findobj_skymask.py:objs_in_slit:2102 | Fitting the traces
 WARNING | 2026-08-27 08:07:34 | polyutils.py:_fit:662 | RankWarning: The fit may be poorly conditioned
    INFO | 2026-08-27 08:07:34 | findobj_skymask.py:objs_in_slit:2254 | Successfully traced a total of 1 objects
    INFO | 2026-08-27 08:07:34 | find_objects.py:find_objects_pypeline:788 | Finding objects on slit # 2468
    INFO | 2026-08-27 08:07:35 | findobj_skymask.py:objs_in_slit:2073 | Using slit edges as crutch for object tracing
    INFO | 2026-08-27 08:07:35 | findobj_skymask.py:objs_in_slit:2098 | Automatic finding routine found 1 objects
    INFO | 2026-08-27 08:07:35 | findobj_skymask.py:objs_in_slit:2102 | Fitting the traces
 WARNING | 2026-08-27 08:07:35 | polyutils.py:_fit:662 | RankWarning: The fit may be poorly conditioned
    INFO | 2026-08-27 08:07:35 | findobj_skymask.py:objs_in_slit:2254 | Successfully traced a total of 1 objects
    INFO | 2026-08-27 08:07:35 | find_objects.py:find_objects_pypeline:788 | Finding objects on slit # 2616
    INFO | 2026-08-27 08:07:36 | findobj_skymask.py:objs_in_slit:2073 | Using slit edges as crutch for object tracing
    INFO | 2026-08-27 08:07:36 | findobj_skymask.py:objs_in_slit:2098 | Automatic finding routine found 1 objects
    INFO | 2026-08-27 08:07:36 | findobj_skymask.py:objs_in_slit:2102 | Fitting the traces
 WARNING | 2026-08-27 08:07:36 | polyutils.py:_fit:662 | RankWarning: The fit may be poorly conditioned
    INFO | 2026-08-27 08:07:36 | findobj_skymask.py:objs_in_slit:2254 | Successfully traced a total of 1 objects
    INFO | 2026-08-27 08:07:36 | find_objects.py:find_objects_pypeline:788 | Finding objects on slit # 2762
    INFO | 2026-08-27 08:07:37 | findobj_skymask.py:objs_in_slit:2073 | Using slit edges as crutch for object tracing
    INFO | 2026-08-27 08:07:37 | findobj_skymask.py:objs_in_slit:2098 | Automatic finding routine found 1 objects
    INFO | 2026-08-27 08:07:37 | findobj_skymask.py:objs_in_slit:2102 | Fitting the traces
 WARNING | 2026-08-27 08:07:37 | polyutils.py:_fit:662 | RankWarning: The fit may be poorly conditioned
    INFO | 2026-08-27 08:07:37 | findobj_skymask.py:objs_in_slit:2254 | Successfully traced a total of 1 objects
    INFO | 2026-08-27 08:07:37 | find_objects.py:find_objects_pypeline:788 | Finding objects on slit # 2909
    INFO | 2026-08-27 08:07:38 | findobj_skymask.py:objs_in_slit:2073 | Using slit edges as crutch for object tracing
    INFO | 2026-08-27 08:07:38 | findobj_skymask.py:objs_in_slit:2098 | Automatic finding routine found 1 objects
    INFO | 2026-08-27 08:07:38 | findobj_skymask.py:objs_in_slit:2102 | Fitting the traces
 WARNING | 2026-08-27 08:07:38 | polyutils.py:_fit:662 | RankWarning: The fit may be poorly conditioned
    INFO | 2026-08-27 08:07:38 | findobj_skymask.py:objs_in_slit:2254 | Successfully traced a total of 1 objects
    INFO | 2026-08-27 08:07:38 | find_objects.py:find_objects_pypeline:788 | Finding objects on slit # 3056
    INFO | 2026-08-27 08:07:39 | findobj_skymask.py:objs_in_slit:2073 | Using slit edges as crutch for object tracing
    INFO | 2026-08-27 08:07:39 | findobj_skymask.py:objs_in_slit:2098 | Automatic finding routine found 1 objects
    INFO | 2026-08-27 08:07:39 | findobj_skymask.py:objs_in_slit:2102 | Fitting the traces
 WARNING | 2026-08-27 08:07:39 | polyutils.py:_fit:662 | RankWarning: The fit may be poorly conditioned
    INFO | 2026-08-27 08:07:39 | findobj_skymask.py:objs_in_slit:2254 | Successfully traced a total of 1 objects
    INFO | 2026-08-27 08:07:39 | find_objects.py:find_objects_pypeline:788 | Finding objects on slit # 3204
    INFO | 2026-08-27 08:07:40 | findobj_skymask.py:objs_in_slit:2073 | Using slit edges as crutch for object tracing
    INFO | 2026-08-27 08:07:40 | findobj_skymask.py:objs_in_slit:2098 | Automatic finding routine found 1 objects
    INFO | 2026-08-27 08:07:40 | findobj_skymask.py:objs_in_slit:2102 | Fitting the traces
 WARNING | 2026-08-27 08:07:40 | polyutils.py:_fit:662 | RankWarning: The fit may be poorly conditioned
    INFO | 2026-08-27 08:07:40 | findobj_skymask.py:objs_in_slit:2254 | Successfully traced a total of 1 objects
    INFO | 2026-08-27 08:07:40 | find_objects.py:find_objects_pypeline:788 | Finding objects on slit # 3352
    INFO | 2026-08-27 08:07:41 | findobj_skymask.py:objs_in_slit:2073 | Using slit edges as crutch for object tracing
    INFO | 2026-08-27 08:07:41 | findobj_skymask.py:objs_in_slit:2098 | Automatic finding routine found 1 objects
    INFO | 2026-08-27 08:07:41 | findobj_skymask.py:objs_in_slit:2102 | Fitting the traces
 WARNING | 2026-08-27 08:07:41 | polyutils.py:_fit:662 | RankWarning: The fit may be poorly conditioned
    INFO | 2026-08-27 08:07:41 | findobj_skymask.py:objs_in_slit:2254 | Successfully traced a total of 1 objects
    INFO | 2026-08-27 08:07:41 | find_objects.py:find_objects_pypeline:788 | Finding objects on slit # 3502
    INFO | 2026-08-27 08:07:42 | findobj_skymask.py:objs_in_slit:2073 | Using slit edges as crutch for object tracing
    INFO | 2026-08-27 08:07:42 | findobj_skymask.py:objs_in_slit:2098 | Automatic finding routine found 1 objects
    INFO | 2026-08-27 08:07:42 | findobj_skymask.py:objs_in_slit:2102 | Fitting the traces
 WARNING | 2026-08-27 08:07:42 | polyutils.py:_fit:662 | RankWarning: The fit may be poorly conditioned
    INFO | 2026-08-27 08:07:43 | findobj_skymask.py:objs_in_slit:2254 | Successfully traced a total of 1 objects
    INFO | 2026-08-27 08:07:43 | find_objects.py:find_objects_pypeline:788 | Finding objects on slit # 3655
    INFO | 2026-08-27 08:07:43 | findobj_skymask.py:objs_in_slit:2095 | No objects found automatically.  Consider manual extraction.
    INFO | 2026-08-27 08:07:43 | find_objects.py:find_objects_pypeline:788 | Finding objects on slit # 3810
    INFO | 2026-08-27 08:07:44 | findobj_skymask.py:objs_in_slit:2095 | No objects found automatically.  Consider manual extraction.
    INFO | 2026-08-27 08:07:44 | find_objects.py:find_objects_pypeline:788 | Finding objects on slit # 3968
    INFO | 2026-08-27 08:07:45 | findobj_skymask.py:objs_in_slit:2095 | No objects found automatically.  Consider manual extraction.
    INFO | 2026-08-27 08:07:45 | find_objects.py:run:373 | Either no objects were found or a user-provided sky mask was used.  Skipping second pass of sky-subtraction and object finding.
    INFO | 2026-08-27 08:07:45 | datamodel.py:from_file:1558 | Loading BiasImage from /Users/kaiwenzhang/PycharmProjects/KCWI/KCWI_RED_channel_characterization/RM2 pypeit run/2024-12-24/pypeit_run/keck_kcrm_A/Calibrations/Bias_A_0_DET01.fits
 WARNING | 2026-08-27 08:07:45 | calibrations.py:get_dark:606 | No raw dark frames found and unable to identify a relevant processed calibration frame.  Continuing...
    INFO | 2026-08-27 08:07:45 | keck_kcwi.py:get_rawimage:1426 | Reading KCWI file: /Users/kaiwenzhang/PycharmProjects/KCWI/KCWI_RED_channel_characterization/fits/by_night/RM2/2024-12-24/KR.20241225.57901.68.fits
    INFO | 2026-08-27 08:07:46 | datamodel.py:from_file:1558 | Loading ArcImage from /Users/kaiwenzhang/PycharmProjects/KCWI/KCWI_RED_channel_characterization/RM2 pypeit run/2024-12-24/pypeit_run/keck_kcrm_A/Calibrations/Arc_A_0_DET01.fits
    INFO | 2026-08-27 08:07:46 | datamodel.py:from_file:1558 | Loading TiltImage from /Users/kaiwenzhang/PycharmProjects/KCWI/KCWI_RED_channel_characterization/RM2 pypeit run/2024-12-24/pypeit_run/keck_kcrm_A/Calibrations/Tiltimg_A_0_DET01.fits
    INFO | 2026-08-27 08:07:46 | datamodel.py:from_file:1558 | Loading SlitTraceSet from /Users/kaiwenzhang/PycharmProjects/KCWI/KCWI_RED_channel_characterization/RM2 pypeit run/2024-12-24/pypeit_run/keck_kcrm_A/Calibrations/Slits_A_0_DET01.fits.gz
    INFO | 2026-08-27 08:07:46 | datamodel.py:from_file:1558 | Loading WaveCalib from /Users/kaiwenzhang/PycharmProjects/KCWI/KCWI_RED_channel_characterization/RM2 pypeit run/2024-12-24/pypeit_run/keck_kcrm_A/Calibrations/WaveCalib_A_0_DET01.fits
    INFO | 2026-08-27 08:07:47 | datamodel.py:from_file:1558 | Loading WaveTilts from /Users/kaiwenzhang/PycharmProjects/KCWI/KCWI_RED_channel_characterization/RM2 pypeit run/2024-12-24/pypeit_run/keck_kcrm_A/Calibrations/Tilts_A_0_DET01.fits
    INFO | 2026-08-27 08:07:47 | datamodel.py:from_file:1558 | Loading Alignments from /Users/kaiwenzhang/PycharmProjects/KCWI/KCWI_RED_channel_characterization/RM2 pypeit run/2024-12-24/pypeit_run/keck_kcrm_A/Calibrations/Alignment_A_0_DET01.fits
    INFO | 2026-08-27 08:07:47 | datamodel.py:from_file:1558 | Loading ScatteredLight from /Users/kaiwenzhang/PycharmProjects/KCWI/KCWI_RED_channel_characterization/RM2 pypeit run/2024-12-24/pypeit_run/keck_kcrm_A/Calibrations/ScatteredLight_A_0_DET01.fits.gz
    INFO | 2026-08-27 08:07:48 | datamodel.py:from_file:1558 | Loading FlatImages from /Users/kaiwenzhang/PycharmProjects/KCWI/KCWI_RED_channel_characterization/RM2 pypeit run/2024-12-24/pypeit_run/keck_kcrm_A/Calibrations/Flat_A_0_DET01.fits
    INFO | 2026-08-27 08:07:52 | calibrations.py:run_the_steps:1459 | Calibration complete and/or fully loaded!
    INFO | 2026-08-27 08:07:52 | calibrations.py:run_the_steps:1460 | #######################################################################
    INFO | 2026-08-27 08:07:52 | pypeit_steps.py:extract_det:732 | Extraction skipped for KR.20241225.57901.68-feige34_KCRM_20241225T160501.651 on det=1
    INFO | 2026-08-27 08:07:54 | wavetilts.py:fit2tiltimg:143 | Generating a tilts image from the fit parameters
    INFO | 2026-08-27 08:08:40 | pypeit_steps.py:refframe_correct:906 | Performing a heliocentric correction
    INFO | 2026-08-27 08:08:40 | pypeit_steps.py:refframe_correct:915 | Applying heliocentric correction = 19.47971 km/s
    INFO | 2026-08-27 08:08:50 | spec2dobj.py:write_to_fits:721 | Wrote: /Users/kaiwenzhang/PycharmProjects/KCWI/KCWI_RED_channel_characterization/RM2 pypeit run/2024-12-24/pypeit_run/keck_kcrm_A/Science/spec2d_KR.20241225.57901.68-feige34_KCRM_20241225T160501.651.fits
    INFO | 2026-08-27 08:08:50 | pypeit.py:reduce_all:232 | Finished calibration group 0
    INFO | 2026-08-27 08:08:50 | pypeit.py:print_end_time:243 | Execution time: 18m 32.66s
    INFO | 2026-08-27 08:08:50 | run_pypeit.py:main:97 | Data reduction complete
    INFO | 2026-08-27 08:08:50 | run_pypeit.py:main:100 | Generating QA HTML
