[1;38;2;49;54;149m    [INFO][0m - [38;2;116;173;209minputfiles.py:from_file:136[0m - Loading the reduction file
[1;38;2;49;54;149m    [INFO][0m - [38;2;116;173;209minputfiles.py:from_file:214[0m - PypeIt input file loaded successfully.
[1;38;2;49;54;149m    [INFO][0m - [38;2;116;173;209minputfiles.py:vet:685[0m - PypeIt file successfully vetted.
[1;38;2;49;54;149m    [INFO][0m - [38;2;116;173;209mpypeit.py:__init__:82[0m - Loaded spectrograph keck_kcrm
[1;38;2;49;54;149m    [INFO][0m - [38;2;116;173;209mpypeit.py:__init__:83[0m - Setting configuration-specific parameters using KR.20240503.19774.85.fits.
[1;38;2;253;174;97m [WARNING][0m - [38;2;116;173;209mparset.py:to_config:662[0m - Selected configuration file already exists and will be overwritten!
[1;38;2;49;54;149m    [INFO][0m - [38;2;116;173;209mpypeit.py:__init__:99[0m - Compiling metadata
[1;38;2;49;54;149m    [INFO][0m - [38;2;116;173;209mmetadata.py:_build:206[0m - Building metadata for 31 files.
[1;38;2;49;54;149m    [INFO][0m - [38;2;116;173;209mmetadata.py:_build:235[0m - Adding metadata for KR.20240503.11067.90.fits
[1;38;2;49;54;149m    [INFO][0m - [38;2;116;173;209mmetadata.py:_build:235[0m - Adding metadata for KR.20240503.11098.71.fits
[1;38;2;49;54;149m    [INFO][0m - [38;2;116;173;209mmetadata.py:_build:235[0m - Adding metadata for KR.20240503.11130.33.fits
[1;38;2;49;54;149m    [INFO][0m - [38;2;116;173;209mmetadata.py:_build:235[0m - Adding metadata for KR.20240503.11243.55.fits
[1;38;2;49;54;149m    [INFO][0m - [38;2;116;173;209mmetadata.py:_build:235[0m - Adding metadata for KR.20240503.11320.50.fits
[1;38;2;49;54;149m    [INFO][0m - [38;2;116;173;209mmetadata.py:_build:235[0m - Adding metadata for KR.20240503.11394.51.fits
[1;38;2;49;54;149m    [INFO][0m - [38;2;116;173;209mmetadata.py:_build:235[0m - Adding metadata for KR.20240503.09256.59.fits
[1;38;2;49;54;149m    [INFO][0m - [38;2;116;173;209mmetadata.py:_build:235[0m - Adding metadata for KR.20240503.09301.47.fits
[1;38;2;49;54;149m    [INFO][0m - [38;2;116;173;209mmetadata.py:_build:235[0m - Adding metadata for KR.20240503.09345.33.fits
[1;38;2;49;54;149m    [INFO][0m - [38;2;116;173;209mmetadata.py:_build:235[0m - Adding metadata for KR.20240503.09389.19.fits
[1;38;2;49;54;149m    [INFO][0m - [38;2;116;173;209mmetadata.py:_build:235[0m - Adding metadata for KR.20240503.09432.98.fits
[1;38;2;49;54;149m    [INFO][0m - [38;2;116;173;209mmetadata.py:_build:235[0m - Adding metadata for KR.20240503.09476.91.fits
[1;38;2;49;54;149m    [INFO][0m - [38;2;116;173;209mmetadata.py:_build:235[0m - Adding metadata for KR.20240503.09519.75.fits
[1;38;2;49;54;149m    [INFO][0m - [38;2;116;173;209mmetadata.py:_build:235[0m - Adding metadata for KR.20240503.12161.55.fits
[1;38;2;49;54;149m    [INFO][0m - [38;2;116;173;209mmetadata.py:_build:235[0m - Adding metadata for KR.20240503.12239.70.fits
[1;38;2;49;54;149m    [INFO][0m - [38;2;116;173;209mmetadata.py:_build:235[0m - Adding metadata for KR.20240503.12317.61.fits
[1;38;2;49;54;149m    [INFO][0m - [38;2;116;173;209mmetadata.py:_build:235[0m - Adding metadata for KR.20240503.11696.43.fits
[1;38;2;49;54;149m    [INFO][0m - [38;2;116;173;209mmetadata.py:_build:235[0m - Adding metadata for KR.20240503.11747.43.fits
[1;38;2;49;54;149m    [INFO][0m - [38;2;116;173;209mmetadata.py:_build:235[0m - Adding metadata for KR.20240503.11798.43.fits
[1;38;2;49;54;149m    [INFO][0m - [38;2;116;173;209mmetadata.py:_build:235[0m - Adding metadata for KR.20240503.11849.43.fits
[1;38;2;49;54;149m    [INFO][0m - [38;2;116;173;209mmetadata.py:_build:235[0m - Adding metadata for KR.20240503.11900.43.fits
[1;38;2;49;54;149m    [INFO][0m - [38;2;116;173;209mmetadata.py:_build:235[0m - Adding metadata for KR.20240503.11951.43.fits
[1;38;2;49;54;149m    [INFO][0m - [38;2;116;173;209mmetadata.py:_build:235[0m - Adding metadata for KR.20240503.19774.85.fits
[1;38;2;49;54;149m    [INFO][0m - [38;2;116;173;209mmetadata.py:_build:235[0m - Adding metadata for KR.20240503.19870.73.fits
[1;38;2;49;54;149m    [INFO][0m - [38;2;116;173;209mmetadata.py:_build:235[0m - Adding metadata for KR.20240503.19977.83.fits
[1;38;2;49;54;149m    [INFO][0m - [38;2;116;173;209mmetadata.py:_build:235[0m - Adding metadata for KR.20240503.20101.25.fits
[1;38;2;49;54;149m    [INFO][0m - [38;2;116;173;209mmetadata.py:_build:235[0m - Adding metadata for KR.20240503.20289.95.fits
[1;38;2;49;54;149m    [INFO][0m - [38;2;116;173;209mmetadata.py:_build:235[0m - Adding metadata for KR.20240503.20460.29.fits
[1;38;2;49;54;149m    [INFO][0m - [38;2;116;173;209mmetadata.py:_build:235[0m - Adding metadata for KR.20240503.11489.37.fits
[1;38;2;49;54;149m    [INFO][0m - [38;2;116;173;209mmetadata.py:_build:235[0m - Adding metadata for KR.20240503.11564.85.fits
[1;38;2;49;54;149m    [INFO][0m - [38;2;116;173;209mmetadata.py:_build:235[0m - Adding metadata for KR.20240503.11640.33.fits
[1;38;2;253;174;97m [WARNING][0m - [38;2;116;173;209mmetadata.py:_vet_instrument:180[0m - The instrument name in the headers of the raw files does not match the expected one! Found KCWI, expected KCRM.  You may have chosen the wrong PypeIt spectrograph name!
[1;38;2;253;174;97m [WARNING][0m - [38;2;116;173;209mmetadata.py:get_frame_types:1384[0m - Removing existing frametype and framebit columns.
[1;38;2;49;54;149m    [INFO][0m - [38;2;116;173;209mmetadata.py:get_frame_types:1391[0m - Typing files
[1;38;2;49;54;149m    [INFO][0m - [38;2;116;173;209mmetadata.py:get_frame_types:1401[0m - Using user-provided frame types.
[1;38;2;49;54;149m    [INFO][0m - [38;2;116;173;209mmetadata.py:unique_configurations:696[0m - Setup column already set.  Finding unique configurations.
[1;38;2;49;54;149m    [INFO][0m - [38;2;116;173;209mmetadata.py:unique_configurations:706[0m - Found 1 unique configurations.
[1;38;2;49;54;149m    [INFO][0m - [38;2;116;173;209mcalibrations.py:association_summary:1731[0m - Calibration association file written to: /Users/kaiwenzhang/PycharmProjects/KCWI/KCWI_RED_channel_characterization/RM1 pypeit run/2024-05-02/pypeit_run/keck_kcrm_B/keck_kcrm_B.calib
[1;38;2;49;54;149m    [INFO][0m - [38;2;116;173;209mpypeit.py:__init__:133[0m - Setting reduction path to /Users/kaiwenzhang/PycharmProjects/KCWI/KCWI_RED_channel_characterization/RM1 pypeit run/2024-05-02/pypeit_run/keck_kcrm_B
[1;38;2;49;54;149m    [INFO][0m - [38;2;116;173;209mpypeit.py:__init__:134[0m - Calibration frames saved to: /Users/kaiwenzhang/PycharmProjects/KCWI/KCWI_RED_channel_characterization/RM1 pypeit run/2024-05-02/pypeit_run/keck_kcrm_B/Calibrations
[1;38;2;49;54;149m    [INFO][0m - [38;2;116;173;209mpypeit.py:__init__:135[0m - Science data output to: /Users/kaiwenzhang/PycharmProjects/KCWI/KCWI_RED_channel_characterization/RM1 pypeit run/2024-05-02/pypeit_run/keck_kcrm_B/Science
[1;38;2;49;54;149m    [INFO][0m - [38;2;116;173;209mpypeit.py:__init__:136[0m - Quality assessment plots output to: /Users/kaiwenzhang/PycharmProjects/KCWI/KCWI_RED_channel_characterization/RM1 pypeit run/2024-05-02/pypeit_run/keck_kcrm_B/QA
[1;38;2;49;54;149m    [INFO][0m - [38;2;116;173;209mpypeit.py:calib_all:183[0m - Detectors to work on: [1]
[1;38;2;49;54;149m    [INFO][0m - [38;2;116;173;209mpypeit.py:calib_all:187[0m - Working on detector 1
[1;38;2;49;54;149m    [INFO][0m - [38;2;116;173;209mpypeit_steps.py:calib_one:173[0m - Building/loading calibrations for detector 1
[1;38;2;49;54;149m    [INFO][0m - [38;2;116;173;209mcalibrations.py:get_bias:569[0m - Preparing a Bias calibration frame.
[1;38;2;49;54;149m    [INFO][0m - [38;2;116;173;209mkeck_kcwi.py:get_rawimage:1426[0m - Reading KCWI file: /Users/kaiwenzhang/PycharmProjects/KCWI/KCWI_RED_channel_characterization/fits/by_night/RM1/2024-05-02/KR.20240503.09256.59.fits
[1;38;2;49;54;149m    [INFO][0m - [38;2;116;173;209mrawimage.py:process:564[0m - Performing basic image processing on KR.20240503.09256.59.fits.
[1;38;2;49;54;149m    [INFO][0m - [38;2;116;173;209mrawimage.py:estimate_readnoise:359[0m - Estimated readnoise of amplifier 1 = 3.846 e-
[1;38;2;49;54;149m    [INFO][0m - [38;2;116;173;209mrawimage.py:estimate_readnoise:359[0m - Estimated readnoise of amplifier 2 = 3.832 e-
[1;38;2;49;54;149m    [INFO][0m - [38;2;116;173;209mkeck_kcwi.py:get_rawimage:1426[0m - Reading KCWI file: /Users/kaiwenzhang/PycharmProjects/KCWI/KCWI_RED_channel_characterization/fits/by_night/RM1/2024-05-02/KR.20240503.09256.59.fits
[1;38;2;49;54;149m    [INFO][0m - [38;2;116;173;209mkeck_kcwi.py:get_rawimage:1426[0m - Reading KCWI file: /Users/kaiwenzhang/PycharmProjects/KCWI/KCWI_RED_channel_characterization/fits/by_night/RM1/2024-05-02/KR.20240503.09301.47.fits
[1;38;2;49;54;149m    [INFO][0m - [38;2;116;173;209mrawimage.py:process:564[0m - Performing basic image processing on KR.20240503.09301.47.fits.
[1;38;2;49;54;149m    [INFO][0m - [38;2;116;173;209mrawimage.py:estimate_readnoise:359[0m - Estimated readnoise of amplifier 1 = 3.863 e-
[1;38;2;49;54;149m    [INFO][0m - [38;2;116;173;209mrawimage.py:estimate_readnoise:359[0m - Estimated readnoise of amplifier 2 = 3.844 e-
[1;38;2;49;54;149m    [INFO][0m - [38;2;116;173;209mkeck_kcwi.py:get_rawimage:1426[0m - Reading KCWI file: /Users/kaiwenzhang/PycharmProjects/KCWI/KCWI_RED_channel_characterization/fits/by_night/RM1/2024-05-02/KR.20240503.09301.47.fits
[1;38;2;49;54;149m    [INFO][0m - [38;2;116;173;209mkeck_kcwi.py:get_rawimage:1426[0m - Reading KCWI file: /Users/kaiwenzhang/PycharmProjects/KCWI/KCWI_RED_channel_characterization/fits/by_night/RM1/2024-05-02/KR.20240503.09345.33.fits
[1;38;2;49;54;149m    [INFO][0m - [38;2;116;173;209mrawimage.py:process:564[0m - Performing basic image processing on KR.20240503.09345.33.fits.
[1;38;2;49;54;149m    [INFO][0m - [38;2;116;173;209mrawimage.py:estimate_readnoise:359[0m - Estimated readnoise of amplifier 1 = 3.871 e-
[1;38;2;49;54;149m    [INFO][0m - [38;2;116;173;209mrawimage.py:estimate_readnoise:359[0m - Estimated readnoise of amplifier 2 = 3.844 e-
[1;38;2;49;54;149m    [INFO][0m - [38;2;116;173;209mkeck_kcwi.py:get_rawimage:1426[0m - Reading KCWI file: /Users/kaiwenzhang/PycharmProjects/KCWI/KCWI_RED_channel_characterization/fits/by_night/RM1/2024-05-02/KR.20240503.09345.33.fits
[1;38;2;49;54;149m    [INFO][0m - [38;2;116;173;209mkeck_kcwi.py:get_rawimage:1426[0m - Reading KCWI file: /Users/kaiwenzhang/PycharmProjects/KCWI/KCWI_RED_channel_characterization/fits/by_night/RM1/2024-05-02/KR.20240503.09389.19.fits
[1;38;2;49;54;149m    [INFO][0m - [38;2;116;173;209mrawimage.py:process:564[0m - Performing basic image processing on KR.20240503.09389.19.fits.
[1;38;2;49;54;149m    [INFO][0m - [38;2;116;173;209mrawimage.py:estimate_readnoise:359[0m - Estimated readnoise of amplifier 1 = 3.798 e-
[1;38;2;49;54;149m    [INFO][0m - [38;2;116;173;209mrawimage.py:estimate_readnoise:359[0m - Estimated readnoise of amplifier 2 = 3.809 e-
[1;38;2;49;54;149m    [INFO][0m - [38;2;116;173;209mkeck_kcwi.py:get_rawimage:1426[0m - Reading KCWI file: /Users/kaiwenzhang/PycharmProjects/KCWI/KCWI_RED_channel_characterization/fits/by_night/RM1/2024-05-02/KR.20240503.09389.19.fits
[1;38;2;49;54;149m    [INFO][0m - [38;2;116;173;209mkeck_kcwi.py:get_rawimage:1426[0m - Reading KCWI file: /Users/kaiwenzhang/PycharmProjects/KCWI/KCWI_RED_channel_characterization/fits/by_night/RM1/2024-05-02/KR.20240503.09432.98.fits
[1;38;2;49;54;149m    [INFO][0m - [38;2;116;173;209mrawimage.py:process:564[0m - Performing basic image processing on KR.20240503.09432.98.fits.
[1;38;2;49;54;149m    [INFO][0m - [38;2;116;173;209mrawimage.py:estimate_readnoise:359[0m - Estimated readnoise of amplifier 1 = 3.772 e-
[1;38;2;49;54;149m    [INFO][0m - [38;2;116;173;209mrawimage.py:estimate_readnoise:359[0m - Estimated readnoise of amplifier 2 = 3.792 e-
[1;38;2;49;54;149m    [INFO][0m - [38;2;116;173;209mkeck_kcwi.py:get_rawimage:1426[0m - Reading KCWI file: /Users/kaiwenzhang/PycharmProjects/KCWI/KCWI_RED_channel_characterization/fits/by_night/RM1/2024-05-02/KR.20240503.09432.98.fits
[1;38;2;49;54;149m    [INFO][0m - [38;2;116;173;209mkeck_kcwi.py:get_rawimage:1426[0m - Reading KCWI file: /Users/kaiwenzhang/PycharmProjects/KCWI/KCWI_RED_channel_characterization/fits/by_night/RM1/2024-05-02/KR.20240503.09476.91.fits
[1;38;2;49;54;149m    [INFO][0m - [38;2;116;173;209mrawimage.py:process:564[0m - Performing basic image processing on KR.20240503.09476.91.fits.
[1;38;2;49;54;149m    [INFO][0m - [38;2;116;173;209mrawimage.py:estimate_readnoise:359[0m - Estimated readnoise of amplifier 1 = 3.828 e-
[1;38;2;49;54;149m    [INFO][0m - [38;2;116;173;209mrawimage.py:estimate_readnoise:359[0m - Estimated readnoise of amplifier 2 = 3.800 e-
[1;38;2;49;54;149m    [INFO][0m - [38;2;116;173;209mkeck_kcwi.py:get_rawimage:1426[0m - Reading KCWI file: /Users/kaiwenzhang/PycharmProjects/KCWI/KCWI_RED_channel_characterization/fits/by_night/RM1/2024-05-02/KR.20240503.09476.91.fits
[1;38;2;49;54;149m    [INFO][0m - [38;2;116;173;209mkeck_kcwi.py:get_rawimage:1426[0m - Reading KCWI file: /Users/kaiwenzhang/PycharmProjects/KCWI/KCWI_RED_channel_characterization/fits/by_night/RM1/2024-05-02/KR.20240503.09519.75.fits
[1;38;2;49;54;149m    [INFO][0m - [38;2;116;173;209mrawimage.py:process:564[0m - Performing basic image processing on KR.20240503.09519.75.fits.
[1;38;2;49;54;149m    [INFO][0m - [38;2;116;173;209mrawimage.py:estimate_readnoise:359[0m - Estimated readnoise of amplifier 1 = 3.814 e-
[1;38;2;49;54;149m    [INFO][0m - [38;2;116;173;209mrawimage.py:estimate_readnoise:359[0m - Estimated readnoise of amplifier 2 = 3.801 e-
[1;38;2;49;54;149m    [INFO][0m - [38;2;116;173;209mkeck_kcwi.py:get_rawimage:1426[0m - Reading KCWI file: /Users/kaiwenzhang/PycharmProjects/KCWI/KCWI_RED_channel_characterization/fits/by_night/RM1/2024-05-02/KR.20240503.09519.75.fits
[1;38;2;49;54;149m    [INFO][0m - [38;2;116;173;209mio.py:write_to_fits:672[0m - File written to: /Users/kaiwenzhang/PycharmProjects/KCWI/KCWI_RED_channel_characterization/RM1 pypeit run/2024-05-02/pypeit_run/keck_kcrm_B/Calibrations/Bias_B_1_DET01.fits
[1;38;2;253;174;97m [WARNING][0m - [38;2;116;173;209mcalibrations.py:get_dark:606[0m - No raw dark frames found and unable to identify a relevant processed calibration frame.  Continuing...
[1;38;2;49;54;149m    [INFO][0m - [38;2;116;173;209mkeck_kcwi.py:get_rawimage:1426[0m - Reading KCWI file: /Users/kaiwenzhang/PycharmProjects/KCWI/KCWI_RED_channel_characterization/fits/by_night/RM1/2024-05-02/KR.20240503.11067.90.fits
[1;38;2;253;174;97m [WARNING][0m - [38;2;116;173;209mkeck_kcwi.py:bpm:820[0m - KCRM bad pixel mask is not available for ampmode=L2U2L1U1 binning=2,2
[1;38;2;49;54;149m    [INFO][0m - [38;2;116;173;209mkeck_kcwi.py:get_rawimage:1426[0m - Reading KCWI file: /Users/kaiwenzhang/PycharmProjects/KCWI/KCWI_RED_channel_characterization/fits/by_night/RM1/2024-05-02/KR.20240503.11243.55.fits
[1;38;2;253;174;97m [WARNING][0m - [38;2;116;173;209mkeck_kcwi.py:bpm:820[0m - KCRM bad pixel mask is not available for ampmode=L2U2L1U1 binning=2,2
[1;38;2;49;54;149m    [INFO][0m - [38;2;116;173;209mcalibrations.py:get_arc:387[0m - Preparing a Arc calibration frame.
[1;38;2;49;54;149m    [INFO][0m - [38;2;116;173;209mkeck_kcwi.py:get_rawimage:1426[0m - Reading KCWI file: /Users/kaiwenzhang/PycharmProjects/KCWI/KCWI_RED_channel_characterization/fits/by_night/RM1/2024-05-02/KR.20240503.11243.55.fits
[1;38;2;49;54;149m    [INFO][0m - [38;2;116;173;209mrawimage.py:process:564[0m - Performing basic image processing on KR.20240503.11243.55.fits.
[1;38;2;49;54;149m    [INFO][0m - [38;2;116;173;209mrawimage.py:estimate_readnoise:359[0m - Estimated readnoise of amplifier 1 = 8.045 e-
[1;38;2;49;54;149m    [INFO][0m - [38;2;116;173;209mrawimage.py:estimate_readnoise:359[0m - Estimated readnoise of amplifier 2 = 8.228 e-
[1;38;2;49;54;149m    [INFO][0m - [38;2;116;173;209mrawimage.py:estimate_readnoise:359[0m - Estimated readnoise of amplifier 3 = 8.305 e-
[1;38;2;49;54;149m    [INFO][0m - [38;2;116;173;209mrawimage.py:estimate_readnoise:359[0m - Estimated readnoise of amplifier 4 = 7.799 e-
[1;38;2;49;54;149m    [INFO][0m - [38;2;116;173;209mkeck_kcwi.py:get_rawimage:1426[0m - Reading KCWI file: /Users/kaiwenzhang/PycharmProjects/KCWI/KCWI_RED_channel_characterization/fits/by_night/RM1/2024-05-02/KR.20240503.11320.50.fits
[1;38;2;49;54;149m    [INFO][0m - [38;2;116;173;209mrawimage.py:process:564[0m - Performing basic image processing on KR.20240503.11320.50.fits.
[1;38;2;49;54;149m    [INFO][0m - [38;2;116;173;209mrawimage.py:estimate_readnoise:359[0m - Estimated readnoise of amplifier 1 = 7.830 e-
[1;38;2;49;54;149m    [INFO][0m - [38;2;116;173;209mrawimage.py:estimate_readnoise:359[0m - Estimated readnoise of amplifier 2 = 8.012 e-
[1;38;2;49;54;149m    [INFO][0m - [38;2;116;173;209mrawimage.py:estimate_readnoise:359[0m - Estimated readnoise of amplifier 3 = 8.130 e-
[1;38;2;49;54;149m    [INFO][0m - [38;2;116;173;209mrawimage.py:estimate_readnoise:359[0m - Estimated readnoise of amplifier 4 = 7.655 e-
[1;38;2;49;54;149m    [INFO][0m - [38;2;116;173;209mkeck_kcwi.py:get_rawimage:1426[0m - Reading KCWI file: /Users/kaiwenzhang/PycharmProjects/KCWI/KCWI_RED_channel_characterization/fits/by_night/RM1/2024-05-02/KR.20240503.11394.51.fits
[1;38;2;49;54;149m    [INFO][0m - [38;2;116;173;209mrawimage.py:process:564[0m - Performing basic image processing on KR.20240503.11394.51.fits.
[1;38;2;49;54;149m    [INFO][0m - [38;2;116;173;209mrawimage.py:estimate_readnoise:359[0m - Estimated readnoise of amplifier 1 = 7.861 e-
[1;38;2;49;54;149m    [INFO][0m - [38;2;116;173;209mrawimage.py:estimate_readnoise:359[0m - Estimated readnoise of amplifier 2 = 8.006 e-
[1;38;2;49;54;149m    [INFO][0m - [38;2;116;173;209mrawimage.py:estimate_readnoise:359[0m - Estimated readnoise of amplifier 3 = 8.163 e-
[1;38;2;49;54;149m    [INFO][0m - [38;2;116;173;209mrawimage.py:estimate_readnoise:359[0m - Estimated readnoise of amplifier 4 = 7.675 e-
[1;38;2;253;174;97m [WARNING][0m - [38;2;116;173;209mcombineimage.py:run:195[0m - Exposure time is not consistent for all images being combined!  Using the average.
[1;38;2;49;54;149m    [INFO][0m - [38;2;116;173;209mio.py:write_to_fits:672[0m - File written to: /Users/kaiwenzhang/PycharmProjects/KCWI/KCWI_RED_channel_characterization/RM1 pypeit run/2024-05-02/pypeit_run/keck_kcrm_B/Calibrations/Arc_B_1_DET01.fits
[1;38;2;49;54;149m    [INFO][0m - [38;2;116;173;209mkeck_kcwi.py:get_rawimage:1426[0m - Reading KCWI file: /Users/kaiwenzhang/PycharmProjects/KCWI/KCWI_RED_channel_characterization/fits/by_night/RM1/2024-05-02/KR.20240503.11489.37.fits
[1;38;2;253;174;97m [WARNING][0m - [38;2;116;173;209mkeck_kcwi.py:bpm:820[0m - KCRM bad pixel mask is not available for ampmode=L2U2L1U1 binning=2,2
[1;38;2;49;54;149m    [INFO][0m - [38;2;116;173;209mcalibrations.py:get_tiltimg:439[0m - Preparing a Tiltimg calibration frame.
[1;38;2;49;54;149m    [INFO][0m - [38;2;116;173;209mkeck_kcwi.py:get_rawimage:1426[0m - Reading KCWI file: /Users/kaiwenzhang/PycharmProjects/KCWI/KCWI_RED_channel_characterization/fits/by_night/RM1/2024-05-02/KR.20240503.11489.37.fits
[1;38;2;49;54;149m    [INFO][0m - [38;2;116;173;209mrawimage.py:process:564[0m - Performing basic image processing on KR.20240503.11489.37.fits.
[1;38;2;49;54;149m    [INFO][0m - [38;2;116;173;209mrawimage.py:estimate_readnoise:359[0m - Estimated readnoise of amplifier 1 = 7.910 e-
[1;38;2;49;54;149m    [INFO][0m - [38;2;116;173;209mrawimage.py:estimate_readnoise:359[0m - Estimated readnoise of amplifier 2 = 8.099 e-
[1;38;2;49;54;149m    [INFO][0m - [38;2;116;173;209mrawimage.py:estimate_readnoise:359[0m - Estimated readnoise of amplifier 3 = 8.175 e-
[1;38;2;49;54;149m    [INFO][0m - [38;2;116;173;209mrawimage.py:estimate_readnoise:359[0m - Estimated readnoise of amplifier 4 = 7.742 e-
[1;38;2;49;54;149m    [INFO][0m - [38;2;116;173;209mkeck_kcwi.py:get_rawimage:1426[0m - Reading KCWI file: /Users/kaiwenzhang/PycharmProjects/KCWI/KCWI_RED_channel_characterization/fits/by_night/RM1/2024-05-02/KR.20240503.11564.85.fits
[1;38;2;49;54;149m    [INFO][0m - [38;2;116;173;209mrawimage.py:process:564[0m - Performing basic image processing on KR.20240503.11564.85.fits.
[1;38;2;49;54;149m    [INFO][0m - [38;2;116;173;209mrawimage.py:estimate_readnoise:359[0m - Estimated readnoise of amplifier 1 = 7.960 e-
[1;38;2;49;54;149m    [INFO][0m - [38;2;116;173;209mrawimage.py:estimate_readnoise:359[0m - Estimated readnoise of amplifier 2 = 8.128 e-
[1;38;2;49;54;149m    [INFO][0m - [38;2;116;173;209mrawimage.py:estimate_readnoise:359[0m - Estimated readnoise of amplifier 3 = 8.280 e-
[1;38;2;49;54;149m    [INFO][0m - [38;2;116;173;209mrawimage.py:estimate_readnoise:359[0m - Estimated readnoise of amplifier 4 = 7.740 e-
[1;38;2;49;54;149m    [INFO][0m - [38;2;116;173;209mkeck_kcwi.py:get_rawimage:1426[0m - Reading KCWI file: /Users/kaiwenzhang/PycharmProjects/KCWI/KCWI_RED_channel_characterization/fits/by_night/RM1/2024-05-02/KR.20240503.11640.33.fits
[1;38;2;49;54;149m    [INFO][0m - [38;2;116;173;209mrawimage.py:process:564[0m - Performing basic image processing on KR.20240503.11640.33.fits.
[1;38;2;49;54;149m    [INFO][0m - [38;2;116;173;209mrawimage.py:estimate_readnoise:359[0m - Estimated readnoise of amplifier 1 = 7.998 e-
[1;38;2;49;54;149m    [INFO][0m - [38;2;116;173;209mrawimage.py:estimate_readnoise:359[0m - Estimated readnoise of amplifier 2 = 8.141 e-
[1;38;2;49;54;149m    [INFO][0m - [38;2;116;173;209mrawimage.py:estimate_readnoise:359[0m - Estimated readnoise of amplifier 3 = 8.339 e-
[1;38;2;49;54;149m    [INFO][0m - [38;2;116;173;209mrawimage.py:estimate_readnoise:359[0m - Estimated readnoise of amplifier 4 = 7.820 e-
[1;38;2;49;54;149m    [INFO][0m - [38;2;116;173;209mio.py:write_to_fits:672[0m - File written to: /Users/kaiwenzhang/PycharmProjects/KCWI/KCWI_RED_channel_characterization/RM1 pypeit run/2024-05-02/pypeit_run/keck_kcrm_B/Calibrations/Tiltimg_B_1_DET01.fits
[1;38;2;49;54;149m    [INFO][0m - [38;2;116;173;209mcalibrations.py:get_slits:1076[0m - Creating edge tracing calibration frame using files: 
[1;38;2;49;54;149m    [INFO][0m - [38;2;116;173;209mcalibrations.py:get_slits:1078[0m -         KR.20240503.12161.55.fits
[1;38;2;49;54;149m    [INFO][0m - [38;2;116;173;209mcalibrations.py:get_slits:1078[0m -         KR.20240503.12239.70.fits
[1;38;2;49;54;149m    [INFO][0m - [38;2;116;173;209mcalibrations.py:get_slits:1078[0m -         KR.20240503.12317.61.fits
[1;38;2;49;54;149m    [INFO][0m - [38;2;116;173;209mkeck_kcwi.py:get_rawimage:1426[0m - Reading KCWI file: /Users/kaiwenzhang/PycharmProjects/KCWI/KCWI_RED_channel_characterization/fits/by_night/RM1/2024-05-02/KR.20240503.12161.55.fits
[1;38;2;49;54;149m    [INFO][0m - [38;2;116;173;209mkeck_kcwi.py:get_rawimage:1426[0m - Reading KCWI file: /Users/kaiwenzhang/PycharmProjects/KCWI/KCWI_RED_channel_characterization/fits/by_night/RM1/2024-05-02/KR.20240503.12161.55.fits
[1;38;2;49;54;149m    [INFO][0m - [38;2;116;173;209mrawimage.py:process:564[0m - Performing basic image processing on KR.20240503.12161.55.fits.
[1;38;2;49;54;149m    [INFO][0m - [38;2;116;173;209mrawimage.py:estimate_readnoise:359[0m - Estimated readnoise of amplifier 1 = 3.801 e-
[1;38;2;49;54;149m    [INFO][0m - [38;2;116;173;209mrawimage.py:estimate_readnoise:359[0m - Estimated readnoise of amplifier 2 = 3.790 e-
[1;38;2;49;54;149m    [INFO][0m - [38;2;116;173;209mkeck_kcwi.py:get_rawimage:1426[0m - Reading KCWI file: /Users/kaiwenzhang/PycharmProjects/KCWI/KCWI_RED_channel_characterization/fits/by_night/RM1/2024-05-02/KR.20240503.12239.70.fits
[1;38;2;49;54;149m    [INFO][0m - [38;2;116;173;209mrawimage.py:process:564[0m - Performing basic image processing on KR.20240503.12239.70.fits.
[1;38;2;49;54;149m    [INFO][0m - [38;2;116;173;209mrawimage.py:estimate_readnoise:359[0m - Estimated readnoise of amplifier 1 = 3.794 e-
[1;38;2;49;54;149m    [INFO][0m - [38;2;116;173;209mrawimage.py:estimate_readnoise:359[0m - Estimated readnoise of amplifier 2 = 3.787 e-
[1;38;2;49;54;149m    [INFO][0m - [38;2;116;173;209mkeck_kcwi.py:get_rawimage:1426[0m - Reading KCWI file: /Users/kaiwenzhang/PycharmProjects/KCWI/KCWI_RED_channel_characterization/fits/by_night/RM1/2024-05-02/KR.20240503.12317.61.fits
[1;38;2;49;54;149m    [INFO][0m - [38;2;116;173;209mrawimage.py:process:564[0m - Performing basic image processing on KR.20240503.12317.61.fits.
[1;38;2;49;54;149m    [INFO][0m - [38;2;116;173;209mrawimage.py:estimate_readnoise:359[0m - Estimated readnoise of amplifier 1 = 3.775 e-
[1;38;2;49;54;149m    [INFO][0m - [38;2;116;173;209mrawimage.py:estimate_readnoise:359[0m - Estimated readnoise of amplifier 2 = 3.777 e-
[1;38;2;253;174;97m [WARNING][0m - [38;2;116;173;209mcombineimage.py:run:195[0m - Exposure time is not consistent for all images being combined!  Using the average.
[1;38;2;49;54;149m    [INFO][0m - [38;2;116;173;209medgetrace.py:initial_trace:901[0m - --------------------------------------------------
[1;38;2;49;54;149m    [INFO][0m - [38;2;116;173;209medgetrace.py:initial_trace:902[0m -              Initialize Edge Tracing              
[1;38;2;49;54;149m    [INFO][0m - [38;2;116;173;209medgetrace.py:initial_trace:903[0m - --------------------------------------------------
[1;38;2;49;54;149m    [INFO][0m - [38;2;116;173;209mtrace.py:detect_slit_edges:90[0m - Detecting slit edges in the trace image
[1;38;2;49;54;149m    [INFO][0m - [38;2;116;173;209mtrace.py:detect_slit_edges:133[0m - Applying bad pixel mask
[1;38;2;49;54;149m    [INFO][0m - [38;2;116;173;209mtrace.py:identify_traces:174[0m - Finding unique traces among detected edges.
[1;38;2;49;54;149m    [INFO][0m - [38;2;116;173;209medgetrace.py:centroid_refine:1782[0m - --------------------------------------------------
[1;38;2;49;54;149m    [INFO][0m - [38;2;116;173;209medgetrace.py:centroid_refine:1783[0m -              Edge Centroid Refinement             
[1;38;2;49;54;149m    [INFO][0m - [38;2;116;173;209medgetrace.py:centroid_refine:1784[0m - --------------------------------------------------
[1;38;2;49;54;149m    [INFO][0m - [38;2;116;173;209medgetrace.py:centroid_refine:1785[0m - Width of window for centroiding the edges: 6.0
[1;38;2;49;54;149m    [INFO][0m - [38;2;116;173;209medgetrace.py:centroid_refine:1786[0m - Max shift between spectrally adjacent pixels: 0.15
[1;38;2;49;54;149m    [INFO][0m - [38;2;116;173;209medgetrace.py:centroid_refine:1787[0m - Max centroid error: None
[1;38;2;49;54;149m    [INFO][0m - [38;2;116;173;209medgetrace.py:centroid_refine:1788[0m - Minimum spectral pixels for a valid trace: 681.12
[1;38;2;49;54;149m    [INFO][0m - [38;2;116;173;209medgetrace.py:centroid_refine:1827[0m - Found 25 left edge trace(s) to refine
[1;38;2;49;54;149m    [INFO][0m - [38;2;116;173;209medgetrace.py:centroid_refine:1847[0m - Following 25 left edge(s) from row 167; 0 trace(s) remain.
[1;38;2;49;54;149m    [INFO][0m - [38;2;116;173;209medgetrace.py:check_traces:2024[0m - Tolerance for finding repeat traces: 3.0
[1;38;2;49;54;149m    [INFO][0m - [38;2;116;173;209medgetrace.py:check_traces:2045[0m - Minimum spectral length of any trace (pixels): 681.12
[1;38;2;49;54;149m    [INFO][0m - [38;2;116;173;209medgetrace.py:check_traces:2050[0m - Found 1 short trace(s).
[1;38;2;49;54;149m    [INFO][0m - [38;2;116;173;209medgetrace.py:check_traces:2086[0m - Identified 1 bad trace(s) in all.
[1;38;2;49;54;149m    [INFO][0m - [38;2;116;173;209medgetrace.py:centroid_refine:1827[0m - Found 25 right edge trace(s) to refine
[1;38;2;49;54;149m    [INFO][0m - [38;2;116;173;209medgetrace.py:centroid_refine:1847[0m - Following 25 right edge(s) from row 158; 0 trace(s) remain.
[1;38;2;49;54;149m    [INFO][0m - [38;2;116;173;209medgetrace.py:check_traces:2024[0m - Tolerance for finding repeat traces: 3.0
[1;38;2;49;54;149m    [INFO][0m - [38;2;116;173;209medgetrace.py:check_traces:2045[0m - Minimum spectral length of any trace (pixels): 681.12
[1;38;2;49;54;149m    [INFO][0m - [38;2;116;173;209medgetrace.py:check_traces:2050[0m - Found 1 short trace(s).
[1;38;2;49;54;149m    [INFO][0m - [38;2;116;173;209medgetrace.py:check_traces:2086[0m - Identified 1 bad trace(s) in all.
[1;38;2;49;54;149m    [INFO][0m - [38;2;116;173;209medgetrace.py:remove_traces:2735[0m - Removing 2 edge traces.
[1;38;2;253;174;97m [WARNING][0m - [38;2;116;173;209medgetrace.py:spatial_sort:2908[0m - Fit data is not available; cannot use it for spatially sorting the edges.
[1;38;2;49;54;149m    [INFO][0m - [38;2;116;173;209medgetrace.py:spatial_sort:2928[0m - Re-sorting edges based on where they cross row 1032
[1;38;2;49;54;149m    [INFO][0m - [38;2;116;173;209medgetrace.py:fit_refine:3032[0m - --------------------------------------------------
[1;38;2;49;54;149m    [INFO][0m - [38;2;116;173;209medgetrace.py:fit_refine:3033[0m -          Fitting Polynomial to Edge Trace         
[1;38;2;49;54;149m    [INFO][0m - [38;2;116;173;209medgetrace.py:fit_refine:3034[0m - --------------------------------------------------
[1;38;2;49;54;149m    [INFO][0m - [38;2;116;173;209medgetrace.py:fit_refine:3035[0m - Max shift btwn input and remeasured edge centroids: 0.50
[1;38;2;49;54;149m    [INFO][0m - [38;2;116;173;209medgetrace.py:fit_refine:3036[0m - Max centroid error: None
[1;38;2;49;54;149m    [INFO][0m - [38;2;116;173;209medgetrace.py:fit_refine:3037[0m - Trace fitting function: legendre
[1;38;2;49;54;149m    [INFO][0m - [38;2;116;173;209medgetrace.py:fit_refine:3038[0m - Trace fitting order: 4
[1;38;2;49;54;149m    [INFO][0m - [38;2;116;173;209medgetrace.py:fit_refine:3039[0m - Weighting for remeasuring edge centroids: uniform
[1;38;2;49;54;149m    [INFO][0m - [38;2;116;173;209medgetrace.py:fit_refine:3040[0m - FWHM parameter for remeasuring edge centroids: 3.0
[1;38;2;49;54;149m    [INFO][0m - [38;2;116;173;209medgetrace.py:fit_refine:3041[0m - Maximum deviation for fitted data: 5.0
[1;38;2;49;54;149m    [INFO][0m - [38;2;116;173;209medgetrace.py:fit_refine:3042[0m - Maximum number of rejection iterations: 25
[1;38;2;49;54;149m    [INFO][0m - [38;2;116;173;209medgetrace.py:fit_refine:3043[0m - Number of remeasuring and refitting iterations: 1
[1;38;2;49;54;149m    [INFO][0m - [38;2;116;173;209medgetrace.py:check_traces:2045[0m - Minimum spectral length of any trace (pixels): 1238.40
[1;38;2;49;54;149m    [INFO][0m - [38;2;116;173;209medgetrace.py:check_traces:2086[0m - Identified 0 bad trace(s) in all.
[1;38;2;253;174;97m [WARNING][0m - [38;2;116;173;209mpolyutils.py:_fit:662[0m - RankWarning: The fit may be poorly conditioned
[1;38;2;49;54;149m    [INFO][0m - [38;2;116;173;209medgetrace.py:merge_traces:2179[0m - No traces merged.
[1;38;2;49;54;149m    [INFO][0m - [38;2;116;173;209medgetrace.py:can_pca:3133[0m - Minimum length of traces to include in the PCA: 1238.3999999999999
[1;38;2;49;54;149m    [INFO][0m - [38;2;116;173;209medgetrace.py:check_traces:2045[0m - Minimum spectral length of any trace (pixels): 1238.40
[1;38;2;49;54;149m    [INFO][0m - [38;2;116;173;209medgetrace.py:check_traces:2086[0m - Identified 0 bad trace(s) in all.
[1;38;2;49;54;149m    [INFO][0m - [38;2;116;173;209medgetrace.py:build_pca:3262[0m - --------------------------------------------------
[1;38;2;49;54;149m    [INFO][0m - [38;2;116;173;209medgetrace.py:build_pca:3263[0m -           Constructing PCA interpolator           
[1;38;2;49;54;149m    [INFO][0m - [38;2;116;173;209medgetrace.py:build_pca:3264[0m - --------------------------------------------------
[1;38;2;49;54;149m    [INFO][0m - [38;2;116;173;209medgetrace.py:build_pca:3265[0m - PCA composition of the left and right traces is done simultaneously.
[1;38;2;49;54;149m    [INFO][0m - [38;2;116;173;209medgetrace.py:build_pca:3270[0m - Requested pecentage of variance explained by PCA: 99.8
[1;38;2;49;54;149m    [INFO][0m - [38;2;116;173;209medgetrace.py:build_pca:3272[0m - Function fit to PCA coefficients: polynomial
[1;38;2;49;54;149m    [INFO][0m - [38;2;116;173;209medgetrace.py:build_pca:3273[0m - Lower sigma rejection: 2.0
[1;38;2;49;54;149m    [INFO][0m - [38;2;116;173;209medgetrace.py:build_pca:3274[0m - Upper sigma rejection: 2.0
[1;38;2;49;54;149m    [INFO][0m - [38;2;116;173;209medgetrace.py:build_pca:3275[0m - Maximum number of rejections per iteration: 1
[1;38;2;49;54;149m    [INFO][0m - [38;2;116;173;209medgetrace.py:build_pca:3276[0m - Maximum number of rejection iterations: 25
[1;38;2;49;54;149m    [INFO][0m - [38;2;116;173;209medgetrace.py:can_pca:3133[0m - Minimum length of traces to include in the PCA: 1238.3999999999999
[1;38;2;49;54;149m    [INFO][0m - [38;2;116;173;209medgetrace.py:check_traces:2045[0m - Minimum spectral length of any trace (pixels): 1238.40
[1;38;2;49;54;149m    [INFO][0m - [38;2;116;173;209medgetrace.py:check_traces:2086[0m - Identified 0 bad trace(s) in all.
[1;38;2;49;54;149m    [INFO][0m - [38;2;116;173;209mpca.py:pca_decomposition:101[0m - The unconstrained PCA yields 48 components.
[1;38;2;49;54;149m    [INFO][0m - [38;2;116;173;209mpca.py:pca_decomposition:115[0m - PCA will include 2 component(s), containing 99.980% of the total variance.
[1;38;2;49;54;149m    [INFO][0m - [38;2;116;173;209medgetrace.py:build_pca:3335[0m - Order of function fit to each component: [2 1]
[1;38;2;49;54;149m    [INFO][0m - [38;2;116;173;209medgetrace.py:peak_refine:3492[0m - --------------------------------------------------
[1;38;2;49;54;149m    [INFO][0m - [38;2;116;173;209medgetrace.py:peak_refine:3493[0m -    Refining traces using collapsed Sobel image    
[1;38;2;49;54;149m    [INFO][0m - [38;2;116;173;209medgetrace.py:peak_refine:3494[0m - --------------------------------------------------
[1;38;2;49;54;149m    [INFO][0m - [38;2;116;173;209medgetrace.py:peak_refine:3495[0m - Threshold for peak detection: 5.0
[1;38;2;49;54;149m    [INFO][0m - [38;2;116;173;209medgetrace.py:peak_refine:3496[0m - Detector range (spectral axis) collapsed: [0.0, 1.0]
[1;38;2;49;54;149m    [INFO][0m - [38;2;116;173;209medgetrace.py:peak_refine:3497[0m - Image fraction for trace mask filter: None
[1;38;2;49;54;149m    [INFO][0m - [38;2;116;173;209medgetrace.py:peak_refine:3498[0m - Threshold for trace masking: None
[1;38;2;49;54;149m    [INFO][0m - [38;2;116;173;209medgetrace.py:peak_refine:3499[0m - Trace fitting function: legendre
[1;38;2;49;54;149m    [INFO][0m - [38;2;116;173;209medgetrace.py:peak_refine:3500[0m - Trace fitting order: 4
[1;38;2;49;54;149m    [INFO][0m - [38;2;116;173;209medgetrace.py:peak_refine:3501[0m - FWHM parameter for uniform-weighted centroids: 3.0
[1;38;2;49;54;149m    [INFO][0m - [38;2;116;173;209medgetrace.py:peak_refine:3502[0m - Number of uniform-weighted iterations: 9.0
[1;38;2;49;54;149m    [INFO][0m - [38;2;116;173;209medgetrace.py:peak_refine:3503[0m - FWHM parameter for Gaussian-weighted centroids: 3.0
[1;38;2;49;54;149m    [INFO][0m - [38;2;116;173;209medgetrace.py:peak_refine:3504[0m - Number of Gaussian-weighted iterations: 6.0
[1;38;2;49;54;149m    [INFO][0m - [38;2;116;173;209medgetrace.py:peak_refine:3505[0m - Minimum separation between any two subsequent edges of the same side: 15.0 pixels
[1;38;2;49;54;149m    [INFO][0m - [38;2;116;173;209medgetrace.py:peak_refine:3507[0m - Maximum deviation for fitted data: 5.0
[1;38;2;49;54;149m    [INFO][0m - [38;2;116;173;209medgetrace.py:peak_refine:3508[0m - Maximum number of rejection iterations: 25
[1;38;2;49;54;149m    [INFO][0m - [38;2;116;173;209mtrace.py:peak_trace:1426[0m - Rectifying image by extracting along trace for each spatial pixel
[1;38;2;49;54;149m    [INFO][0m - [38;2;116;173;209mtrace.py:peak_trace:1434[0m - Collapsing image spectrally between pixels 0:2064
[1;38;2;49;54;149m    [INFO][0m - [38;2;116;173;209mtrace.py:peak_trace:1463[0m - Searching for peaks.
[1;38;2;49;54;149m    [INFO][0m - [38;2;116;173;209mtrace.py:peak_trace:1472[0m - Found 24 good peak(s) in the rectified, collapsed image
[1;38;2;253;174;97m [WARNING][0m - [38;2;116;173;209mpolyutils.py:_fit:662[0m - RankWarning: The fit may be poorly conditioned
[1;38;2;49;54;149m    [INFO][0m - [38;2;116;173;209mtrace.py:peak_trace:1463[0m - Searching for peaks.
[1;38;2;49;54;149m    [INFO][0m - [38;2;116;173;209mtrace.py:peak_trace:1472[0m - Found 25 good trough(s) in the rectified, collapsed image
[1;38;2;49;54;149m    [INFO][0m - [38;2;116;173;209medgetrace.py:spatial_sort:2928[0m - Re-sorting edges based on where they cross row 1032
[1;38;2;49;54;149m    [INFO][0m - [38;2;116;173;209medgetrace.py:can_pca:3133[0m - Minimum length of traces to include in the PCA: 1238.3999999999999
[1;38;2;49;54;149m    [INFO][0m - [38;2;116;173;209medgetrace.py:check_traces:2045[0m - Minimum spectral length of any trace (pixels): 1238.40
[1;38;2;49;54;149m    [INFO][0m - [38;2;116;173;209medgetrace.py:check_traces:2086[0m - Identified 1 bad trace(s) in all.
[1;38;2;49;54;149m    [INFO][0m - [38;2;116;173;209medgetrace.py:build_pca:3262[0m - --------------------------------------------------
[1;38;2;49;54;149m    [INFO][0m - [38;2;116;173;209medgetrace.py:build_pca:3263[0m -           Constructing PCA interpolator           
[1;38;2;49;54;149m    [INFO][0m - [38;2;116;173;209medgetrace.py:build_pca:3264[0m - --------------------------------------------------
[1;38;2;49;54;149m    [INFO][0m - [38;2;116;173;209medgetrace.py:build_pca:3265[0m - PCA composition of the left and right traces is done simultaneously.
[1;38;2;49;54;149m    [INFO][0m - [38;2;116;173;209medgetrace.py:build_pca:3270[0m - Requested pecentage of variance explained by PCA: 99.8
[1;38;2;49;54;149m    [INFO][0m - [38;2;116;173;209medgetrace.py:build_pca:3272[0m - Function fit to PCA coefficients: polynomial
[1;38;2;49;54;149m    [INFO][0m - [38;2;116;173;209medgetrace.py:build_pca:3273[0m - Lower sigma rejection: 2.0
[1;38;2;49;54;149m    [INFO][0m - [38;2;116;173;209medgetrace.py:build_pca:3274[0m - Upper sigma rejection: 2.0
[1;38;2;49;54;149m    [INFO][0m - [38;2;116;173;209medgetrace.py:build_pca:3275[0m - Maximum number of rejections per iteration: 1
[1;38;2;49;54;149m    [INFO][0m - [38;2;116;173;209medgetrace.py:build_pca:3276[0m - Maximum number of rejection iterations: 25
[1;38;2;253;174;97m [WARNING][0m - [38;2;116;173;209medgetrace.py:build_pca:3280[0m - PCA model already exists and will be overwritten.
[1;38;2;49;54;149m    [INFO][0m - [38;2;116;173;209medgetrace.py:can_pca:3133[0m - Minimum length of traces to include in the PCA: 1238.3999999999999
[1;38;2;49;54;149m    [INFO][0m - [38;2;116;173;209medgetrace.py:check_traces:2045[0m - Minimum spectral length of any trace (pixels): 1238.40
[1;38;2;49;54;149m    [INFO][0m - [38;2;116;173;209medgetrace.py:check_traces:2050[0m - Found 1 short trace(s).
[1;38;2;49;54;149m    [INFO][0m - [38;2;116;173;209medgetrace.py:check_traces:2086[0m - Identified 1 bad trace(s) in all.
[1;38;2;49;54;149m    [INFO][0m - [38;2;116;173;209mpca.py:pca_decomposition:101[0m - The unconstrained PCA yields 48 components.
[1;38;2;49;54;149m    [INFO][0m - [38;2;116;173;209mpca.py:pca_decomposition:115[0m - PCA will include 2 component(s), containing 99.971% of the total variance.
[1;38;2;49;54;149m    [INFO][0m - [38;2;116;173;209medgetrace.py:build_pca:3335[0m - Order of function fit to each component: [2 1]
[1;38;2;49;54;149m    [INFO][0m - [38;2;116;173;209medgetrace.py:can_pca:3133[0m - Minimum length of traces to include in the PCA: 1238.3999999999999
[1;38;2;49;54;149m    [INFO][0m - [38;2;116;173;209medgetrace.py:check_traces:2045[0m - Minimum spectral length of any trace (pixels): 1238.40
[1;38;2;49;54;149m    [INFO][0m - [38;2;116;173;209medgetrace.py:check_traces:2050[0m - Found 1 short trace(s).
[1;38;2;49;54;149m    [INFO][0m - [38;2;116;173;209medgetrace.py:check_traces:2086[0m - Identified 1 bad trace(s) in all.
[1;38;2;49;54;149m    [INFO][0m - [38;2;116;173;209medgetrace.py:remove_traces:2735[0m - Removing 1 edge traces.
[1;38;2;49;54;149m    [INFO][0m - [38;2;116;173;209medgetrace.py:spatial_sort:2928[0m - Re-sorting edges based on where they cross row 1032
[1;38;2;49;54;149m    [INFO][0m - [38;2;116;173;209medgetrace.py:can_pca:3133[0m - Minimum length of traces to include in the PCA: 1238.3999999999999
[1;38;2;49;54;149m    [INFO][0m - [38;2;116;173;209medgetrace.py:check_traces:2045[0m - Minimum spectral length of any trace (pixels): 1238.40
[1;38;2;49;54;149m    [INFO][0m - [38;2;116;173;209medgetrace.py:check_traces:2086[0m - Identified 0 bad trace(s) in all.
[1;38;2;49;54;149m    [INFO][0m - [38;2;116;173;209medgetrace.py:build_pca:3262[0m - --------------------------------------------------
[1;38;2;49;54;149m    [INFO][0m - [38;2;116;173;209medgetrace.py:build_pca:3263[0m -           Constructing PCA interpolator           
[1;38;2;49;54;149m    [INFO][0m - [38;2;116;173;209medgetrace.py:build_pca:3264[0m - --------------------------------------------------
[1;38;2;49;54;149m    [INFO][0m - [38;2;116;173;209medgetrace.py:build_pca:3265[0m - PCA composition of the left and right traces is done simultaneously.
[1;38;2;49;54;149m    [INFO][0m - [38;2;116;173;209medgetrace.py:build_pca:3270[0m - Requested pecentage of variance explained by PCA: 99.8
[1;38;2;49;54;149m    [INFO][0m - [38;2;116;173;209medgetrace.py:build_pca:3272[0m - Function fit to PCA coefficients: polynomial
[1;38;2;49;54;149m    [INFO][0m - [38;2;116;173;209medgetrace.py:build_pca:3273[0m - Lower sigma rejection: 2.0
[1;38;2;49;54;149m    [INFO][0m - [38;2;116;173;209medgetrace.py:build_pca:3274[0m - Upper sigma rejection: 2.0
[1;38;2;49;54;149m    [INFO][0m - [38;2;116;173;209medgetrace.py:build_pca:3275[0m - Maximum number of rejections per iteration: 1
[1;38;2;49;54;149m    [INFO][0m - [38;2;116;173;209medgetrace.py:build_pca:3276[0m - Maximum number of rejection iterations: 25
[1;38;2;253;174;97m [WARNING][0m - [38;2;116;173;209medgetrace.py:build_pca:3280[0m - PCA model already exists and will be overwritten.
[1;38;2;49;54;149m    [INFO][0m - [38;2;116;173;209medgetrace.py:can_pca:3133[0m - Minimum length of traces to include in the PCA: 1238.3999999999999
[1;38;2;49;54;149m    [INFO][0m - [38;2;116;173;209medgetrace.py:check_traces:2045[0m - Minimum spectral length of any trace (pixels): 1238.40
[1;38;2;49;54;149m    [INFO][0m - [38;2;116;173;209medgetrace.py:check_traces:2086[0m - Identified 0 bad trace(s) in all.
[1;38;2;49;54;149m    [INFO][0m - [38;2;116;173;209mpca.py:pca_decomposition:101[0m - The unconstrained PCA yields 48 components.
[1;38;2;49;54;149m    [INFO][0m - [38;2;116;173;209mpca.py:pca_decomposition:115[0m - PCA will include 2 component(s), containing 99.971% of the total variance.
[1;38;2;49;54;149m    [INFO][0m - [38;2;116;173;209medgetrace.py:build_pca:3335[0m - Order of function fit to each component: [2 1]
[1;38;2;49;54;149m    [INFO][0m - [38;2;116;173;209medgetrace.py:spatial_sort:2928[0m - Re-sorting edges based on where they cross row 1032
[1;38;2;49;54;149m    [INFO][0m - [38;2;116;173;209medgetrace.py:can_pca:3133[0m - Minimum length of traces to include in the PCA: 1238.3999999999999
[1;38;2;49;54;149m    [INFO][0m - [38;2;116;173;209medgetrace.py:check_traces:2045[0m - Minimum spectral length of any trace (pixels): 1238.40
[1;38;2;49;54;149m    [INFO][0m - [38;2;116;173;209medgetrace.py:check_traces:2086[0m - Identified 0 bad trace(s) in all.
[1;38;2;49;54;149m    [INFO][0m - [38;2;116;173;209medgetrace.py:check_synced:2466[0m - Minimum slit gap (binned pixels): None
[1;38;2;49;54;149m    [INFO][0m - [38;2;116;173;209medgetrace.py:check_synced:2467[0m - Minimum change in slit length (binned pixels): None
[1;38;2;49;54;149m    [INFO][0m - [38;2;116;173;209medgetrace.py:check_synced:2468[0m - Range in the change in slit length not limited
[1;38;2;49;54;149m    [INFO][0m - [38;2;116;173;209medgetrace.py:check_synced:2470[0m - Minimum slit length (binned pixels): None
[1;38;2;49;54;149m    [INFO][0m - [38;2;116;173;209medgetrace.py:check_synced:2471[0m - Minimum science slit length (binned pixels): None
[1;38;2;49;54;149m    [INFO][0m - [38;2;116;173;209medgetrace.py:check_synced:2472[0m - Range in slit length not limited
[1;38;2;253;174;97m [WARNING][0m - [38;2;116;173;209medgetrace.py:remove_traces:2727[0m - No trace to remove.
[1;38;2;49;54;149m    [INFO][0m - [38;2;116;173;209mio.py:write_to_fits:670[0m - Compressing file: /Users/kaiwenzhang/PycharmProjects/KCWI/KCWI_RED_channel_characterization/RM1 pypeit run/2024-05-02/pypeit_run/keck_kcrm_B/Calibrations/Edges_B_1_DET01.fits
[1;38;2;49;54;149m    [INFO][0m - [38;2;116;173;209mio.py:write_to_fits:672[0m - File written to: /Users/kaiwenzhang/PycharmProjects/KCWI/KCWI_RED_channel_characterization/RM1 pypeit run/2024-05-02/pypeit_run/keck_kcrm_B/Calibrations/Edges_B_1_DET01.fits.gz
[1;38;2;49;54;149m    [INFO][0m - [38;2;116;173;209mio.py:write_to_fits:670[0m - Compressing file: /Users/kaiwenzhang/PycharmProjects/KCWI/KCWI_RED_channel_characterization/RM1 pypeit run/2024-05-02/pypeit_run/keck_kcrm_B/Calibrations/Slits_B_1_DET01.fits
[1;38;2;49;54;149m    [INFO][0m - [38;2;116;173;209mio.py:write_to_fits:672[0m - File written to: /Users/kaiwenzhang/PycharmProjects/KCWI/KCWI_RED_channel_characterization/RM1 pypeit run/2024-05-02/pypeit_run/keck_kcrm_B/Calibrations/Slits_B_1_DET01.fits.gz
[1;38;2;49;54;149m    [INFO][0m - [38;2;116;173;209mcalibrations.py:get_wv_calib:1263[0m - Preparing a WaveCalib calibration frame.
[1;38;2;49;54;149m    [INFO][0m - [38;2;116;173;209marc.py:get_censpec:491[0m - Extracting approximate arc spectrum of slit 1/24
[1;38;2;49;54;149m    [INFO][0m - [38;2;116;173;209marc.py:get_censpec:491[0m - Extracting approximate arc spectrum of slit 2/24
[1;38;2;49;54;149m    [INFO][0m - [38;2;116;173;209marc.py:get_censpec:491[0m - Extracting approximate arc spectrum of slit 3/24
[1;38;2;49;54;149m    [INFO][0m - [38;2;116;173;209marc.py:get_censpec:491[0m - Extracting approximate arc spectrum of slit 4/24
[1;38;2;49;54;149m    [INFO][0m - [38;2;116;173;209marc.py:get_censpec:491[0m - Extracting approximate arc spectrum of slit 5/24
[1;38;2;49;54;149m    [INFO][0m - [38;2;116;173;209marc.py:get_censpec:491[0m - Extracting approximate arc spectrum of slit 6/24
[1;38;2;49;54;149m    [INFO][0m - [38;2;116;173;209marc.py:get_censpec:491[0m - Extracting approximate arc spectrum of slit 7/24
[1;38;2;49;54;149m    [INFO][0m - [38;2;116;173;209marc.py:get_censpec:491[0m - Extracting approximate arc spectrum of slit 8/24
[1;38;2;49;54;149m    [INFO][0m - [38;2;116;173;209marc.py:get_censpec:491[0m - Extracting approximate arc spectrum of slit 9/24
[1;38;2;49;54;149m    [INFO][0m - [38;2;116;173;209marc.py:get_censpec:491[0m - Extracting approximate arc spectrum of slit 10/24
[1;38;2;49;54;149m    [INFO][0m - [38;2;116;173;209marc.py:get_censpec:491[0m - Extracting approximate arc spectrum of slit 11/24
[1;38;2;49;54;149m    [INFO][0m - [38;2;116;173;209marc.py:get_censpec:491[0m - Extracting approximate arc spectrum of slit 12/24
[1;38;2;49;54;149m    [INFO][0m - [38;2;116;173;209marc.py:get_censpec:491[0m - Extracting approximate arc spectrum of slit 13/24
[1;38;2;49;54;149m    [INFO][0m - [38;2;116;173;209marc.py:get_censpec:491[0m - Extracting approximate arc spectrum of slit 14/24
[1;38;2;49;54;149m    [INFO][0m - [38;2;116;173;209marc.py:get_censpec:491[0m - Extracting approximate arc spectrum of slit 15/24
[1;38;2;49;54;149m    [INFO][0m - [38;2;116;173;209marc.py:get_censpec:491[0m - Extracting approximate arc spectrum of slit 16/24
[1;38;2;49;54;149m    [INFO][0m - [38;2;116;173;209marc.py:get_censpec:491[0m - Extracting approximate arc spectrum of slit 17/24
[1;38;2;49;54;149m    [INFO][0m - [38;2;116;173;209marc.py:get_censpec:491[0m - Extracting approximate arc spectrum of slit 18/24
[1;38;2;49;54;149m    [INFO][0m - [38;2;116;173;209marc.py:get_censpec:491[0m - Extracting approximate arc spectrum of slit 19/24
[1;38;2;49;54;149m    [INFO][0m - [38;2;116;173;209marc.py:get_censpec:491[0m - Extracting approximate arc spectrum of slit 20/24
[1;38;2;49;54;149m    [INFO][0m - [38;2;116;173;209marc.py:get_censpec:491[0m - Extracting approximate arc spectrum of slit 21/24
[1;38;2;49;54;149m    [INFO][0m - [38;2;116;173;209marc.py:get_censpec:491[0m - Extracting approximate arc spectrum of slit 22/24
[1;38;2;49;54;149m    [INFO][0m - [38;2;116;173;209marc.py:get_censpec:491[0m - Extracting approximate arc spectrum of slit 23/24
[1;38;2;49;54;149m    [INFO][0m - [38;2;116;173;209marc.py:get_censpec:491[0m - Extracting approximate arc spectrum of slit 24/24
[1;38;2;49;54;149m    [INFO][0m - [38;2;116;173;209mautoid.py:map_fwhm:931[0m - Calculating spectral resolution of slit 1/24
[1;38;2;253;174;97m [WARNING][0m - [38;2;116;173;209mfitting.py:robust_fit:456[0m - Maximum number of iterations maxiter=10 reached in robust_polyfit_djs
[1;38;2;49;54;149m    [INFO][0m - [38;2;116;173;209mautoid.py:map_fwhm:931[0m - Calculating spectral resolution of slit 2/24
[1;38;2;253;174;97m [WARNING][0m - [38;2;116;173;209mfitting.py:robust_fit:456[0m - Maximum number of iterations maxiter=10 reached in robust_polyfit_djs
[1;38;2;49;54;149m    [INFO][0m - [38;2;116;173;209mautoid.py:map_fwhm:931[0m - Calculating spectral resolution of slit 3/24
[1;38;2;253;174;97m [WARNING][0m - [38;2;116;173;209mfitting.py:robust_fit:456[0m - Maximum number of iterations maxiter=10 reached in robust_polyfit_djs
[1;38;2;49;54;149m    [INFO][0m - [38;2;116;173;209mautoid.py:map_fwhm:931[0m - Calculating spectral resolution of slit 4/24
[1;38;2;253;174;97m [WARNING][0m - [38;2;116;173;209mfitting.py:robust_fit:456[0m - Maximum number of iterations maxiter=10 reached in robust_polyfit_djs
[1;38;2;49;54;149m    [INFO][0m - [38;2;116;173;209mautoid.py:map_fwhm:931[0m - Calculating spectral resolution of slit 5/24
[1;38;2;253;174;97m [WARNING][0m - [38;2;116;173;209mfitting.py:robust_fit:456[0m - Maximum number of iterations maxiter=10 reached in robust_polyfit_djs
[1;38;2;49;54;149m    [INFO][0m - [38;2;116;173;209mautoid.py:map_fwhm:931[0m - Calculating spectral resolution of slit 6/24
[1;38;2;253;174;97m [WARNING][0m - [38;2;116;173;209mfitting.py:robust_fit:456[0m - Maximum number of iterations maxiter=10 reached in robust_polyfit_djs
[1;38;2;49;54;149m    [INFO][0m - [38;2;116;173;209mautoid.py:map_fwhm:931[0m - Calculating spectral resolution of slit 7/24
[1;38;2;253;174;97m [WARNING][0m - [38;2;116;173;209mfitting.py:robust_fit:456[0m - Maximum number of iterations maxiter=10 reached in robust_polyfit_djs
[1;38;2;49;54;149m    [INFO][0m - [38;2;116;173;209mautoid.py:map_fwhm:931[0m - Calculating spectral resolution of slit 8/24
[1;38;2;253;174;97m [WARNING][0m - [38;2;116;173;209mfitting.py:robust_fit:456[0m - Maximum number of iterations maxiter=10 reached in robust_polyfit_djs
[1;38;2;49;54;149m    [INFO][0m - [38;2;116;173;209mautoid.py:map_fwhm:931[0m - Calculating spectral resolution of slit 9/24
[1;38;2;253;174;97m [WARNING][0m - [38;2;116;173;209mfitting.py:robust_fit:456[0m - Maximum number of iterations maxiter=10 reached in robust_polyfit_djs
[1;38;2;49;54;149m    [INFO][0m - [38;2;116;173;209mautoid.py:map_fwhm:931[0m - Calculating spectral resolution of slit 10/24
[1;38;2;253;174;97m [WARNING][0m - [38;2;116;173;209mfitting.py:robust_fit:456[0m - Maximum number of iterations maxiter=10 reached in robust_polyfit_djs
[1;38;2;49;54;149m    [INFO][0m - [38;2;116;173;209mautoid.py:map_fwhm:931[0m - Calculating spectral resolution of slit 11/24
[1;38;2;49;54;149m    [INFO][0m - [38;2;116;173;209mautoid.py:map_fwhm:931[0m - Calculating spectral resolution of slit 12/24
[1;38;2;49;54;149m    [INFO][0m - [38;2;116;173;209mautoid.py:map_fwhm:931[0m - Calculating spectral resolution of slit 13/24
[1;38;2;49;54;149m    [INFO][0m - [38;2;116;173;209mautoid.py:map_fwhm:931[0m - Calculating spectral resolution of slit 14/24
[1;38;2;253;174;97m [WARNING][0m - [38;2;116;173;209mfitting.py:robust_fit:456[0m - Maximum number of iterations maxiter=10 reached in robust_polyfit_djs
[1;38;2;49;54;149m    [INFO][0m - [38;2;116;173;209mautoid.py:map_fwhm:931[0m - Calculating spectral resolution of slit 15/24
[1;38;2;253;174;97m [WARNING][0m - [38;2;116;173;209mfitting.py:robust_fit:456[0m - Maximum number of iterations maxiter=10 reached in robust_polyfit_djs
[1;38;2;49;54;149m    [INFO][0m - [38;2;116;173;209mautoid.py:map_fwhm:931[0m - Calculating spectral resolution of slit 16/24
[1;38;2;253;174;97m [WARNING][0m - [38;2;116;173;209mfitting.py:robust_fit:456[0m - Maximum number of iterations maxiter=10 reached in robust_polyfit_djs
[1;38;2;49;54;149m    [INFO][0m - [38;2;116;173;209mautoid.py:map_fwhm:931[0m - Calculating spectral resolution of slit 17/24
[1;38;2;253;174;97m [WARNING][0m - [38;2;116;173;209mfitting.py:robust_fit:456[0m - Maximum number of iterations maxiter=10 reached in robust_polyfit_djs
[1;38;2;49;54;149m    [INFO][0m - [38;2;116;173;209mautoid.py:map_fwhm:931[0m - Calculating spectral resolution of slit 18/24
[1;38;2;253;174;97m [WARNING][0m - [38;2;116;173;209mfitting.py:robust_fit:456[0m - Maximum number of iterations maxiter=10 reached in robust_polyfit_djs
[1;38;2;49;54;149m    [INFO][0m - [38;2;116;173;209mautoid.py:map_fwhm:931[0m - Calculating spectral resolution of slit 19/24
[1;38;2;49;54;149m    [INFO][0m - [38;2;116;173;209mautoid.py:map_fwhm:931[0m - Calculating spectral resolution of slit 20/24
[1;38;2;253;174;97m [WARNING][0m - [38;2;116;173;209mfitting.py:robust_fit:456[0m - Maximum number of iterations maxiter=10 reached in robust_polyfit_djs
[1;38;2;49;54;149m    [INFO][0m - [38;2;116;173;209mautoid.py:map_fwhm:931[0m - Calculating spectral resolution of slit 21/24
[1;38;2;49;54;149m    [INFO][0m - [38;2;116;173;209mautoid.py:map_fwhm:931[0m - Calculating spectral resolution of slit 22/24
[1;38;2;253;174;97m [WARNING][0m - [38;2;116;173;209mfitting.py:robust_fit:456[0m - Maximum number of iterations maxiter=10 reached in robust_polyfit_djs
[1;38;2;49;54;149m    [INFO][0m - [38;2;116;173;209mautoid.py:map_fwhm:931[0m - Calculating spectral resolution of slit 23/24
[1;38;2;49;54;149m    [INFO][0m - [38;2;116;173;209mautoid.py:map_fwhm:931[0m - Calculating spectral resolution of slit 24/24
[1;38;2;253;174;97m [WARNING][0m - [38;2;116;173;209mfitting.py:robust_fit:456[0m - Maximum number of iterations maxiter=10 reached in robust_polyfit_djs
[1;38;2;49;54;149m    [INFO][0m - [38;2;116;173;209mwaveio.py:load_line_lists:223[0m - Arc lamps used: FeI, ArI, ArII
[1;38;2;49;54;149m    [INFO][0m - [38;2;116;173;209mautoid.py:full_template:1142[0m - Processing slit/order 61 (1/24)
[1;38;2;49;54;149m    [INFO][0m - [38;2;116;173;209mautoid.py:full_template:1143[0m - Using sigdetect = 5.0
[1;38;2;49;54;149m    [INFO][0m - [38;2;116;173;209mautoid.py:set_fwhm:1029[0m - Measured arc lines FWHM: 4.1 pixels
[1;38;2;49;54;149m    [INFO][0m - [38;2;116;173;209mautoid.py:full_template:1244[0m - Shift = -149.74; cc = 0.5440
[1;38;2;49;54;149m    [INFO][0m - [38;2;116;173;209mautoid.py:reidentify:595[0m - Cross-correlating with arxiv slit # 0
[1;38;2;49;54;149m    [INFO][0m - [38;2;116;173;209mautoid.py:reidentify:603[0m - shift = -1.339, stretch = 1.002, cc = 0.923
[1;38;2;253;174;97m [WARNING][0m - [38;2;116;173;209m_minpack_py.py:curve_fit:1071[0m - OptimizeWarning: Covariance of the parameters could not be estimated
[1;38;2;49;54;149m    [INFO][0m - [38;2;116;173;209mautoid.py:reidentify:595[0m - Cross-correlating with arxiv slit # 0
[1;38;2;253;174;97m [WARNING][0m - [38;2;116;173;209m_minpack_py.py:curve_fit:1071[0m - OptimizeWarning: Covariance of the parameters could not be estimated
[1;38;2;49;54;149m    [INFO][0m - [38;2;116;173;209mautoid.py:reidentify:603[0m - shift = 1.338, stretch = 1.008, cc = 0.854
[1;38;2;253;174;97m [WARNING][0m - [38;2;116;173;209mfitting.py:robust_fit:456[0m - Maximum number of iterations maxiter=10 reached in robust_polyfit_djs
[1;38;2;49;54;149m    [INFO][0m - [38;2;116;173;209mwv_fitting.py:iterative_fitting:462[0m - RMS of the final wavelength fit: 0.200809 pixels
[1;38;2;49;54;149m    [INFO][0m - [38;2;116;173;209mautoid.py:full_template:1142[0m - Processing slit/order 142 (2/24)
[1;38;2;49;54;149m    [INFO][0m - [38;2;116;173;209mautoid.py:full_template:1143[0m - Using sigdetect = 5.0
[1;38;2;49;54;149m    [INFO][0m - [38;2;116;173;209mautoid.py:set_fwhm:1029[0m - Measured arc lines FWHM: 4.0 pixels
[1;38;2;49;54;149m    [INFO][0m - [38;2;116;173;209mautoid.py:full_template:1244[0m - Shift = -34.76; cc = 0.5835
[1;38;2;49;54;149m    [INFO][0m - [38;2;116;173;209mautoid.py:reidentify:595[0m - Cross-correlating with arxiv slit # 0
[1;38;2;49;54;149m    [INFO][0m - [38;2;116;173;209mautoid.py:reidentify:603[0m - shift = 0.911, stretch = 0.999, cc = 0.931
[1;38;2;49;54;149m    [INFO][0m - [38;2;116;173;209mautoid.py:reidentify:595[0m - Cross-correlating with arxiv slit # 0
[1;38;2;49;54;149m    [INFO][0m - [38;2;116;173;209mautoid.py:reidentify:603[0m - shift = 0.893, stretch = 1.002, cc = 0.988
[1;38;2;253;174;97m [WARNING][0m - [38;2;116;173;209mfitting.py:robust_fit:456[0m - Maximum number of iterations maxiter=10 reached in robust_polyfit_djs
[1;38;2;49;54;149m    [INFO][0m - [38;2;116;173;209mwv_fitting.py:iterative_fitting:462[0m - RMS of the final wavelength fit: 0.247608 pixels
[1;38;2;49;54;149m    [INFO][0m - [38;2;116;173;209mautoid.py:full_template:1142[0m - Processing slit/order 217 (3/24)
[1;38;2;49;54;149m    [INFO][0m - [38;2;116;173;209mautoid.py:full_template:1143[0m - Using sigdetect = 5.0
[1;38;2;49;54;149m    [INFO][0m - [38;2;116;173;209mautoid.py:set_fwhm:1029[0m - Measured arc lines FWHM: 4.1 pixels
[1;38;2;49;54;149m    [INFO][0m - [38;2;116;173;209mautoid.py:full_template:1244[0m - Shift = -165.61; cc = 0.5722
[1;38;2;49;54;149m    [INFO][0m - [38;2;116;173;209mautoid.py:reidentify:595[0m - Cross-correlating with arxiv slit # 0
[1;38;2;49;54;149m    [INFO][0m - [38;2;116;173;209mautoid.py:reidentify:603[0m - shift = -1.403, stretch = 1.002, cc = 0.929
[1;38;2;253;174;97m [WARNING][0m - [38;2;116;173;209m_minpack_py.py:curve_fit:1071[0m - OptimizeWarning: Covariance of the parameters could not be estimated
[1;38;2;49;54;149m    [INFO][0m - [38;2;116;173;209mautoid.py:reidentify:595[0m - Cross-correlating with arxiv slit # 0
[1;38;2;253;174;97m [WARNING][0m - [38;2;116;173;209m_minpack_py.py:curve_fit:1071[0m - OptimizeWarning: Covariance of the parameters could not be estimated
[1;38;2;49;54;149m    [INFO][0m - [38;2;116;173;209mautoid.py:reidentify:603[0m - shift = 1.659, stretch = 1.007, cc = 0.846
[1;38;2;253;174;97m [WARNING][0m - [38;2;116;173;209mfitting.py:robust_fit:456[0m - Maximum number of iterations maxiter=10 reached in robust_polyfit_djs
[1;38;2;49;54;149m    [INFO][0m - [38;2;116;173;209mwv_fitting.py:iterative_fitting:462[0m - RMS of the final wavelength fit: 0.254393 pixels
[1;38;2;49;54;149m    [INFO][0m - [38;2;116;173;209mautoid.py:full_template:1142[0m - Processing slit/order 296 (4/24)
[1;38;2;49;54;149m    [INFO][0m - [38;2;116;173;209mautoid.py:full_template:1143[0m - Using sigdetect = 5.0
[1;38;2;49;54;149m    [INFO][0m - [38;2;116;173;209mautoid.py:set_fwhm:1029[0m - Measured arc lines FWHM: 4.0 pixels
[1;38;2;49;54;149m    [INFO][0m - [38;2;116;173;209mautoid.py:full_template:1244[0m - Shift = -59.17; cc = 0.5892
[1;38;2;49;54;149m    [INFO][0m - [38;2;116;173;209mautoid.py:reidentify:595[0m - Cross-correlating with arxiv slit # 0
[1;38;2;49;54;149m    [INFO][0m - [38;2;116;173;209mautoid.py:reidentify:603[0m - shift = 0.219, stretch = 1.000, cc = 0.919
[1;38;2;49;54;149m    [INFO][0m - [38;2;116;173;209mautoid.py:reidentify:595[0m - Cross-correlating with arxiv slit # 0
[1;38;2;253;174;97m [WARNING][0m - [38;2;116;173;209m_minpack_py.py:curve_fit:1071[0m - OptimizeWarning: Covariance of the parameters could not be estimated
[1;38;2;49;54;149m    [INFO][0m - [38;2;116;173;209mautoid.py:reidentify:603[0m - shift = 0.260, stretch = 1.002, cc = 0.948
[1;38;2;253;174;97m [WARNING][0m - [38;2;116;173;209mfitting.py:robust_fit:456[0m - Maximum number of iterations maxiter=10 reached in robust_polyfit_djs
[1;38;2;49;54;149m    [INFO][0m - [38;2;116;173;209mwv_fitting.py:iterative_fitting:462[0m - RMS of the final wavelength fit: 0.267989 pixels
[1;38;2;49;54;149m    [INFO][0m - [38;2;116;173;209mautoid.py:full_template:1142[0m - Processing slit/order 369 (5/24)
[1;38;2;49;54;149m    [INFO][0m - [38;2;116;173;209mautoid.py:full_template:1143[0m - Using sigdetect = 5.0
[1;38;2;49;54;149m    [INFO][0m - [38;2;116;173;209mautoid.py:set_fwhm:1029[0m - Measured arc lines FWHM: 4.1 pixels
[1;38;2;49;54;149m    [INFO][0m - [38;2;116;173;209mautoid.py:full_template:1244[0m - Shift = -177.28; cc = 0.5610
[1;38;2;49;54;149m    [INFO][0m - [38;2;116;173;209mautoid.py:reidentify:595[0m - Cross-correlating with arxiv slit # 0
[1;38;2;49;54;149m    [INFO][0m - [38;2;116;173;209mautoid.py:reidentify:603[0m - shift = -1.544, stretch = 1.002, cc = 0.939
[1;38;2;253;174;97m [WARNING][0m - [38;2;116;173;209m_minpack_py.py:curve_fit:1071[0m - OptimizeWarning: Covariance of the parameters could not be estimated
[1;38;2;49;54;149m    [INFO][0m - [38;2;116;173;209mautoid.py:reidentify:595[0m - Cross-correlating with arxiv slit # 0
[1;38;2;253;174;97m [WARNING][0m - [38;2;116;173;209m_minpack_py.py:curve_fit:1071[0m - OptimizeWarning: Covariance of the parameters could not be estimated
[1;38;2;49;54;149m    [INFO][0m - [38;2;116;173;209mautoid.py:reidentify:603[0m - shift = 0.710, stretch = 1.007, cc = 0.776
[1;38;2;253;174;97m [WARNING][0m - [38;2;116;173;209mfitting.py:robust_fit:456[0m - Maximum number of iterations maxiter=10 reached in robust_polyfit_djs
[1;38;2;49;54;149m    [INFO][0m - [38;2;116;173;209mwv_fitting.py:iterative_fitting:462[0m - RMS of the final wavelength fit: 0.25078 pixels
[1;38;2;49;54;149m    [INFO][0m - [38;2;116;173;209mautoid.py:full_template:1142[0m - Processing slit/order 445 (6/24)
[1;38;2;49;54;149m    [INFO][0m - [38;2;116;173;209mautoid.py:full_template:1143[0m - Using sigdetect = 5.0
[1;38;2;49;54;149m    [INFO][0m - [38;2;116;173;209mautoid.py:set_fwhm:1029[0m - Measured arc lines FWHM: 4.0 pixels
[1;38;2;49;54;149m    [INFO][0m - [38;2;116;173;209mautoid.py:full_template:1244[0m - Shift = -80.11; cc = 0.5933
[1;38;2;49;54;149m    [INFO][0m - [38;2;116;173;209mautoid.py:reidentify:595[0m - Cross-correlating with arxiv slit # 0
[1;38;2;49;54;149m    [INFO][0m - [38;2;116;173;209mautoid.py:reidentify:603[0m - shift = 0.037, stretch = 0.999, cc = 0.956
[1;38;2;253;174;97m [WARNING][0m - [38;2;116;173;209m_minpack_py.py:curve_fit:1071[0m - OptimizeWarning: Covariance of the parameters could not be estimated
[1;38;2;49;54;149m    [INFO][0m - [38;2;116;173;209mautoid.py:reidentify:595[0m - Cross-correlating with arxiv slit # 0
[1;38;2;253;174;97m [WARNING][0m - [38;2;116;173;209m_minpack_py.py:curve_fit:1071[0m - OptimizeWarning: Covariance of the parameters could not be estimated
[1;38;2;49;54;149m    [INFO][0m - [38;2;116;173;209mautoid.py:reidentify:603[0m - shift = -0.057, stretch = 1.003, cc = 0.926
[1;38;2;253;174;97m [WARNING][0m - [38;2;116;173;209mfitting.py:robust_fit:456[0m - Maximum number of iterations maxiter=10 reached in robust_polyfit_djs
[1;38;2;49;54;149m    [INFO][0m - [38;2;116;173;209mwv_fitting.py:iterative_fitting:462[0m - RMS of the final wavelength fit: 0.200825 pixels
[1;38;2;49;54;149m    [INFO][0m - [38;2;116;173;209mautoid.py:full_template:1142[0m - Processing slit/order 517 (7/24)
[1;38;2;49;54;149m    [INFO][0m - [38;2;116;173;209mautoid.py:full_template:1143[0m - Using sigdetect = 5.0
[1;38;2;49;54;149m    [INFO][0m - [38;2;116;173;209mautoid.py:set_fwhm:1029[0m - Measured arc lines FWHM: 4.1 pixels
[1;38;2;49;54;149m    [INFO][0m - [38;2;116;173;209mautoid.py:full_template:1244[0m - Shift = -186.38; cc = 0.5734
[1;38;2;49;54;149m    [INFO][0m - [38;2;116;173;209mautoid.py:reidentify:595[0m - Cross-correlating with arxiv slit # 0
[1;38;2;49;54;149m    [INFO][0m - [38;2;116;173;209mautoid.py:reidentify:603[0m - shift = -1.231, stretch = 1.001, cc = 0.949
[1;38;2;253;174;97m [WARNING][0m - [38;2;116;173;209m_minpack_py.py:curve_fit:1071[0m - OptimizeWarning: Covariance of the parameters could not be estimated
[1;38;2;49;54;149m    [INFO][0m - [38;2;116;173;209mautoid.py:reidentify:595[0m - Cross-correlating with arxiv slit # 0
[1;38;2;49;54;149m    [INFO][0m - [38;2;116;173;209mautoid.py:reidentify:603[0m - shift = 0.396, stretch = 1.008, cc = 0.762
[1;38;2;253;174;97m [WARNING][0m - [38;2;116;173;209mfitting.py:robust_fit:456[0m - Maximum number of iterations maxiter=10 reached in robust_polyfit_djs
[1;38;2;49;54;149m    [INFO][0m - [38;2;116;173;209mwv_fitting.py:iterative_fitting:462[0m - RMS of the final wavelength fit: 0.251473 pixels
[1;38;2;49;54;149m    [INFO][0m - [38;2;116;173;209mautoid.py:full_template:1142[0m - Processing slit/order 591 (8/24)
[1;38;2;49;54;149m    [INFO][0m - [38;2;116;173;209mautoid.py:full_template:1143[0m - Using sigdetect = 5.0
[1;38;2;49;54;149m    [INFO][0m - [38;2;116;173;209mautoid.py:set_fwhm:1029[0m - Measured arc lines FWHM: 4.0 pixels
[1;38;2;49;54;149m    [INFO][0m - [38;2;116;173;209mautoid.py:full_template:1244[0m - Shift = -97.47; cc = 0.5784
[1;38;2;49;54;149m    [INFO][0m - [38;2;116;173;209mautoid.py:reidentify:595[0m - Cross-correlating with arxiv slit # 0
[1;38;2;49;54;149m    [INFO][0m - [38;2;116;173;209mautoid.py:reidentify:603[0m - shift = 0.197, stretch = 1.001, cc = 0.920
[1;38;2;253;174;97m [WARNING][0m - [38;2;116;173;209m_minpack_py.py:curve_fit:1071[0m - OptimizeWarning: Covariance of the parameters could not be estimated
[1;38;2;49;54;149m    [INFO][0m - [38;2;116;173;209mautoid.py:reidentify:595[0m - Cross-correlating with arxiv slit # 0
[1;38;2;253;174;97m [WARNING][0m - [38;2;116;173;209m_minpack_py.py:curve_fit:1071[0m - OptimizeWarning: Covariance of the parameters could not be estimated
[1;38;2;49;54;149m    [INFO][0m - [38;2;116;173;209mautoid.py:reidentify:603[0m - shift = -0.000, stretch = 1.004, cc = 0.873
[1;38;2;253;174;97m [WARNING][0m - [38;2;116;173;209mfitting.py:robust_fit:456[0m - Maximum number of iterations maxiter=10 reached in robust_polyfit_djs
[1;38;2;49;54;149m    [INFO][0m - [38;2;116;173;209mwv_fitting.py:iterative_fitting:462[0m - RMS of the final wavelength fit: 0.193571 pixels
[1;38;2;49;54;149m    [INFO][0m - [38;2;116;173;209mautoid.py:full_template:1142[0m - Processing slit/order 664 (9/24)
[1;38;2;49;54;149m    [INFO][0m - [38;2;116;173;209mautoid.py:full_template:1143[0m - Using sigdetect = 5.0
[1;38;2;49;54;149m    [INFO][0m - [38;2;116;173;209mautoid.py:set_fwhm:1029[0m - Measured arc lines FWHM: 4.1 pixels
[1;38;2;49;54;149m    [INFO][0m - [38;2;116;173;209mautoid.py:full_template:1244[0m - Shift = -192.38; cc = 0.5668
[1;38;2;49;54;149m    [INFO][0m - [38;2;116;173;209mautoid.py:reidentify:595[0m - Cross-correlating with arxiv slit # 0
[1;38;2;49;54;149m    [INFO][0m - [38;2;116;173;209mautoid.py:reidentify:603[0m - shift = -1.008, stretch = 1.001, cc = 0.948
[1;38;2;253;174;97m [WARNING][0m - [38;2;116;173;209m_minpack_py.py:curve_fit:1071[0m - OptimizeWarning: Covariance of the parameters could not be estimated
[1;38;2;49;54;149m    [INFO][0m - [38;2;116;173;209mautoid.py:reidentify:595[0m - Cross-correlating with arxiv slit # 0
[1;38;2;49;54;149m    [INFO][0m - [38;2;116;173;209mautoid.py:reidentify:603[0m - shift = 0.538, stretch = 1.007, cc = 0.761
[1;38;2;253;174;97m [WARNING][0m - [38;2;116;173;209mfitting.py:robust_fit:456[0m - Maximum number of iterations maxiter=10 reached in robust_polyfit_djs
[1;38;2;49;54;149m    [INFO][0m - [38;2;116;173;209mwv_fitting.py:iterative_fitting:462[0m - RMS of the final wavelength fit: 0.238293 pixels
[1;38;2;49;54;149m    [INFO][0m - [38;2;116;173;209mautoid.py:full_template:1142[0m - Processing slit/order 738 (10/24)
[1;38;2;49;54;149m    [INFO][0m - [38;2;116;173;209mautoid.py:full_template:1143[0m - Using sigdetect = 5.0
[1;38;2;49;54;149m    [INFO][0m - [38;2;116;173;209mautoid.py:set_fwhm:1029[0m - Measured arc lines FWHM: 4.1 pixels
[1;38;2;49;54;149m    [INFO][0m - [38;2;116;173;209mautoid.py:full_template:1244[0m - Shift = -112.08; cc = 0.6048
[1;38;2;49;54;149m    [INFO][0m - [38;2;116;173;209mautoid.py:reidentify:595[0m - Cross-correlating with arxiv slit # 0
[1;38;2;49;54;149m    [INFO][0m - [38;2;116;173;209mautoid.py:reidentify:603[0m - shift = 0.007, stretch = 0.999, cc = 0.963
[1;38;2;253;174;97m [WARNING][0m - [38;2;116;173;209m_minpack_py.py:curve_fit:1071[0m - OptimizeWarning: Covariance of the parameters could not be estimated
[1;38;2;49;54;149m    [INFO][0m - [38;2;116;173;209mautoid.py:reidentify:595[0m - Cross-correlating with arxiv slit # 0
[1;38;2;253;174;97m [WARNING][0m - [38;2;116;173;209m_minpack_py.py:curve_fit:1071[0m - OptimizeWarning: Covariance of the parameters could not be estimated
[1;38;2;49;54;149m    [INFO][0m - [38;2;116;173;209mautoid.py:reidentify:603[0m - shift = -0.109, stretch = 1.003, cc = 0.895
[1;38;2;253;174;97m [WARNING][0m - [38;2;116;173;209mfitting.py:robust_fit:456[0m - Maximum number of iterations maxiter=10 reached in robust_polyfit_djs
[1;38;2;49;54;149m    [INFO][0m - [38;2;116;173;209mwv_fitting.py:iterative_fitting:462[0m - RMS of the final wavelength fit: 0.25417 pixels
[1;38;2;49;54;149m    [INFO][0m - [38;2;116;173;209mautoid.py:full_template:1142[0m - Processing slit/order 812 (11/24)
[1;38;2;49;54;149m    [INFO][0m - [38;2;116;173;209mautoid.py:full_template:1143[0m - Using sigdetect = 5.0
[1;38;2;49;54;149m    [INFO][0m - [38;2;116;173;209mautoid.py:set_fwhm:1029[0m - Measured arc lines FWHM: 4.1 pixels
[1;38;2;49;54;149m    [INFO][0m - [38;2;116;173;209mautoid.py:full_template:1244[0m - Shift = -196.71; cc = 0.5940
[1;38;2;49;54;149m    [INFO][0m - [38;2;116;173;209mautoid.py:reidentify:595[0m - Cross-correlating with arxiv slit # 0
[1;38;2;49;54;149m    [INFO][0m - [38;2;116;173;209mautoid.py:reidentify:603[0m - shift = -0.676, stretch = 1.001, cc = 0.959
[1;38;2;49;54;149m    [INFO][0m - [38;2;116;173;209mautoid.py:reidentify:595[0m - Cross-correlating with arxiv slit # 0
[1;38;2;49;54;149m    [INFO][0m - [38;2;116;173;209mautoid.py:reidentify:603[0m - shift = 1.053, stretch = 1.007, cc = 0.767
[1;38;2;253;174;97m [WARNING][0m - [38;2;116;173;209mfitting.py:robust_fit:456[0m - Maximum number of iterations maxiter=10 reached in robust_polyfit_djs
[1;38;2;49;54;149m    [INFO][0m - [38;2;116;173;209mwv_fitting.py:iterative_fitting:462[0m - RMS of the final wavelength fit: 0.333342 pixels
[1;38;2;49;54;149m    [INFO][0m - [38;2;116;173;209mautoid.py:full_template:1142[0m - Processing slit/order 886 (12/24)
[1;38;2;49;54;149m    [INFO][0m - [38;2;116;173;209mautoid.py:full_template:1143[0m - Using sigdetect = 5.0
[1;38;2;49;54;149m    [INFO][0m - [38;2;116;173;209mautoid.py:set_fwhm:1029[0m - Measured arc lines FWHM: 4.1 pixels
[1;38;2;49;54;149m    [INFO][0m - [38;2;116;173;209mautoid.py:full_template:1244[0m - Shift = -93.02; cc = 0.6329
[1;38;2;49;54;149m    [INFO][0m - [38;2;116;173;209mautoid.py:reidentify:595[0m - Cross-correlating with arxiv slit # 0
[1;38;2;49;54;149m    [INFO][0m - [38;2;116;173;209mautoid.py:reidentify:603[0m - shift = 0.157, stretch = 1.000, cc = 0.968
[1;38;2;253;174;97m [WARNING][0m - [38;2;116;173;209m_minpack_py.py:curve_fit:1071[0m - OptimizeWarning: Covariance of the parameters could not be estimated
[1;38;2;49;54;149m    [INFO][0m - [38;2;116;173;209mautoid.py:reidentify:595[0m - Cross-correlating with arxiv slit # 0
[1;38;2;253;174;97m [WARNING][0m - [38;2;116;173;209m_minpack_py.py:curve_fit:1071[0m - OptimizeWarning: Covariance of the parameters could not be estimated
[1;38;2;49;54;149m    [INFO][0m - [38;2;116;173;209mautoid.py:reidentify:603[0m - shift = -0.447, stretch = 1.002, cc = 0.873
[1;38;2;253;174;97m [WARNING][0m - [38;2;116;173;209mfitting.py:robust_fit:456[0m - Maximum number of iterations maxiter=10 reached in robust_polyfit_djs
[1;38;2;49;54;149m    [INFO][0m - [38;2;116;173;209mwv_fitting.py:iterative_fitting:462[0m - RMS of the final wavelength fit: 0.367763 pixels
[1;38;2;49;54;149m    [INFO][0m - [38;2;116;173;209mautoid.py:full_template:1142[0m - Processing slit/order 1164 (13/24)
[1;38;2;49;54;149m    [INFO][0m - [38;2;116;173;209mautoid.py:full_template:1143[0m - Using sigdetect = 5.0
[1;38;2;49;54;149m    [INFO][0m - [38;2;116;173;209mautoid.py:set_fwhm:1029[0m - Measured arc lines FWHM: 4.1 pixels
[1;38;2;49;54;149m    [INFO][0m - [38;2;116;173;209mautoid.py:full_template:1244[0m - Shift = -209.63; cc = 0.6186
[1;38;2;49;54;149m    [INFO][0m - [38;2;116;173;209mautoid.py:reidentify:595[0m - Cross-correlating with arxiv slit # 0
[1;38;2;49;54;149m    [INFO][0m - [38;2;116;173;209mautoid.py:reidentify:603[0m - shift = -0.785, stretch = 1.001, cc = 0.979
[1;38;2;253;174;97m [WARNING][0m - [38;2;116;173;209m_minpack_py.py:curve_fit:1071[0m - OptimizeWarning: Covariance of the parameters could not be estimated
[1;38;2;49;54;149m    [INFO][0m - [38;2;116;173;209mautoid.py:reidentify:595[0m - Cross-correlating with arxiv slit # 0
[1;38;2;253;174;97m [WARNING][0m - [38;2;116;173;209m_minpack_py.py:curve_fit:1071[0m - OptimizeWarning: Covariance of the parameters could not be estimated
[1;38;2;49;54;149m    [INFO][0m - [38;2;116;173;209mautoid.py:reidentify:603[0m - shift = 1.130, stretch = 1.007, cc = 0.770
[1;38;2;253;174;97m [WARNING][0m - [38;2;116;173;209mfitting.py:robust_fit:456[0m - Maximum number of iterations maxiter=10 reached in robust_polyfit_djs
[1;38;2;49;54;149m    [INFO][0m - [38;2;116;173;209mwv_fitting.py:iterative_fitting:462[0m - RMS of the final wavelength fit: 0.361456 pixels
[1;38;2;49;54;149m    [INFO][0m - [38;2;116;173;209mautoid.py:full_template:1142[0m - Processing slit/order 1238 (14/24)
[1;38;2;49;54;149m    [INFO][0m - [38;2;116;173;209mautoid.py:full_template:1143[0m - Using sigdetect = 5.0
[1;38;2;49;54;149m    [INFO][0m - [38;2;116;173;209mautoid.py:set_fwhm:1029[0m - Measured arc lines FWHM: 4.0 pixels
[1;38;2;49;54;149m    [INFO][0m - [38;2;116;173;209mautoid.py:full_template:1244[0m - Shift = -104.07; cc = 0.6732
[1;38;2;49;54;149m    [INFO][0m - [38;2;116;173;209mautoid.py:reidentify:595[0m - Cross-correlating with arxiv slit # 0
[1;38;2;49;54;149m    [INFO][0m - [38;2;116;173;209mautoid.py:reidentify:603[0m - shift = 0.002, stretch = 1.000, cc = 0.999
[1;38;2;253;174;97m [WARNING][0m - [38;2;116;173;209m_minpack_py.py:curve_fit:1071[0m - OptimizeWarning: Covariance of the parameters could not be estimated
[1;38;2;49;54;149m    [INFO][0m - [38;2;116;173;209mautoid.py:reidentify:595[0m - Cross-correlating with arxiv slit # 0
[1;38;2;253;174;97m [WARNING][0m - [38;2;116;173;209m_minpack_py.py:curve_fit:1071[0m - OptimizeWarning: Covariance of the parameters could not be estimated
[1;38;2;49;54;149m    [INFO][0m - [38;2;116;173;209mautoid.py:reidentify:603[0m - shift = -0.265, stretch = 1.003, cc = 0.882
[1;38;2;49;54;149m    [INFO][0m - [38;2;116;173;209mwv_fitting.py:iterative_fitting:462[0m - RMS of the final wavelength fit: 0.344511 pixels
[1;38;2;49;54;149m    [INFO][0m - [38;2;116;173;209mautoid.py:full_template:1142[0m - Processing slit/order 1312 (15/24)
[1;38;2;49;54;149m    [INFO][0m - [38;2;116;173;209mautoid.py:full_template:1143[0m - Using sigdetect = 5.0
[1;38;2;49;54;149m    [INFO][0m - [38;2;116;173;209mautoid.py:set_fwhm:1029[0m - Measured arc lines FWHM: 4.1 pixels
[1;38;2;49;54;149m    [INFO][0m - [38;2;116;173;209mautoid.py:full_template:1244[0m - Shift = -180.70; cc = 0.6316
[1;38;2;49;54;149m    [INFO][0m - [38;2;116;173;209mautoid.py:reidentify:595[0m - Cross-correlating with arxiv slit # 0
[1;38;2;49;54;149m    [INFO][0m - [38;2;116;173;209mautoid.py:reidentify:603[0m - shift = -0.364, stretch = 1.001, cc = 0.988
[1;38;2;253;174;97m [WARNING][0m - [38;2;116;173;209m_minpack_py.py:curve_fit:1071[0m - OptimizeWarning: Covariance of the parameters could not be estimated
[1;38;2;49;54;149m    [INFO][0m - [38;2;116;173;209mautoid.py:reidentify:595[0m - Cross-correlating with arxiv slit # 0
[1;38;2;49;54;149m    [INFO][0m - [38;2;116;173;209mautoid.py:reidentify:603[0m - shift = 0.854, stretch = 1.006, cc = 0.812
[1;38;2;253;174;97m [WARNING][0m - [38;2;116;173;209mfitting.py:robust_fit:456[0m - Maximum number of iterations maxiter=10 reached in robust_polyfit_djs
[1;38;2;49;54;149m    [INFO][0m - [38;2;116;173;209mwv_fitting.py:iterative_fitting:462[0m - RMS of the final wavelength fit: 0.333375 pixels
[1;38;2;49;54;149m    [INFO][0m - [38;2;116;173;209mautoid.py:full_template:1142[0m - Processing slit/order 1386 (16/24)
[1;38;2;49;54;149m    [INFO][0m - [38;2;116;173;209mautoid.py:full_template:1143[0m - Using sigdetect = 5.0
[1;38;2;49;54;149m    [INFO][0m - [38;2;116;173;209mautoid.py:set_fwhm:1029[0m - Measured arc lines FWHM: 4.0 pixels
[1;38;2;49;54;149m    [INFO][0m - [38;2;116;173;209mautoid.py:full_template:1244[0m - Shift = -95.44; cc = 0.6343
[1;38;2;49;54;149m    [INFO][0m - [38;2;116;173;209mautoid.py:reidentify:595[0m - Cross-correlating with arxiv slit # 0
[1;38;2;49;54;149m    [INFO][0m - [38;2;116;173;209mautoid.py:reidentify:603[0m - shift = 0.325, stretch = 1.001, cc = 0.957
[1;38;2;253;174;97m [WARNING][0m - [38;2;116;173;209m_minpack_py.py:curve_fit:1071[0m - OptimizeWarning: Covariance of the parameters could not be estimated
[1;38;2;49;54;149m    [INFO][0m - [38;2;116;173;209mautoid.py:reidentify:595[0m - Cross-correlating with arxiv slit # 0
[1;38;2;253;174;97m [WARNING][0m - [38;2;116;173;209m_minpack_py.py:curve_fit:1071[0m - OptimizeWarning: Covariance of the parameters could not be estimated
[1;38;2;49;54;149m    [INFO][0m - [38;2;116;173;209mautoid.py:reidentify:603[0m - shift = 0.177, stretch = 1.003, cc = 0.897
[1;38;2;49;54;149m    [INFO][0m - [38;2;116;173;209mwv_fitting.py:iterative_fitting:462[0m - RMS of the final wavelength fit: 0.452068 pixels
[1;38;2;49;54;149m    [INFO][0m - [38;2;116;173;209mautoid.py:full_template:1142[0m - Processing slit/order 1459 (17/24)
[1;38;2;49;54;149m    [INFO][0m - [38;2;116;173;209mautoid.py:full_template:1143[0m - Using sigdetect = 5.0
[1;38;2;49;54;149m    [INFO][0m - [38;2;116;173;209mautoid.py:set_fwhm:1029[0m - Measured arc lines FWHM: 4.0 pixels
[1;38;2;49;54;149m    [INFO][0m - [38;2;116;173;209mautoid.py:full_template:1244[0m - Shift = -180.65; cc = 0.6252
[1;38;2;49;54;149m    [INFO][0m - [38;2;116;173;209mautoid.py:reidentify:595[0m - Cross-correlating with arxiv slit # 0
[1;38;2;49;54;149m    [INFO][0m - [38;2;116;173;209mautoid.py:reidentify:603[0m - shift = -0.659, stretch = 1.001, cc = 0.982
[1;38;2;253;174;97m [WARNING][0m - [38;2;116;173;209m_minpack_py.py:curve_fit:1071[0m - OptimizeWarning: Covariance of the parameters could not be estimated
[1;38;2;49;54;149m    [INFO][0m - [38;2;116;173;209mautoid.py:reidentify:595[0m - Cross-correlating with arxiv slit # 0
[1;38;2;49;54;149m    [INFO][0m - [38;2;116;173;209mautoid.py:reidentify:603[0m - shift = 0.821, stretch = 1.007, cc = 0.804
[1;38;2;253;174;97m [WARNING][0m - [38;2;116;173;209mfitting.py:robust_fit:456[0m - Maximum number of iterations maxiter=10 reached in robust_polyfit_djs
[1;38;2;49;54;149m    [INFO][0m - [38;2;116;173;209mwv_fitting.py:iterative_fitting:462[0m - RMS of the final wavelength fit: 0.21658 pixels
[1;38;2;49;54;149m    [INFO][0m - [38;2;116;173;209mautoid.py:full_template:1142[0m - Processing slit/order 1534 (18/24)
[1;38;2;49;54;149m    [INFO][0m - [38;2;116;173;209mautoid.py:full_template:1143[0m - Using sigdetect = 5.0
[1;38;2;49;54;149m    [INFO][0m - [38;2;116;173;209mautoid.py:set_fwhm:1029[0m - Measured arc lines FWHM: 4.0 pixels
[1;38;2;49;54;149m    [INFO][0m - [38;2;116;173;209mautoid.py:full_template:1244[0m - Shift = -82.17; cc = 0.6335
[1;38;2;49;54;149m    [INFO][0m - [38;2;116;173;209mautoid.py:reidentify:595[0m - Cross-correlating with arxiv slit # 0
[1;38;2;49;54;149m    [INFO][0m - [38;2;116;173;209mautoid.py:reidentify:603[0m - shift = 0.211, stretch = 1.000, cc = 0.970
[1;38;2;49;54;149m    [INFO][0m - [38;2;116;173;209mautoid.py:reidentify:595[0m - Cross-correlating with arxiv slit # 0
[1;38;2;253;174;97m [WARNING][0m - [38;2;116;173;209m_minpack_py.py:curve_fit:1071[0m - OptimizeWarning: Covariance of the parameters could not be estimated
[1;38;2;49;54;149m    [INFO][0m - [38;2;116;173;209mautoid.py:reidentify:603[0m - shift = 0.022, stretch = 1.003, cc = 0.917
[1;38;2;253;174;97m [WARNING][0m - [38;2;116;173;209mfitting.py:robust_fit:456[0m - Maximum number of iterations maxiter=10 reached in robust_polyfit_djs
[1;38;2;49;54;149m    [INFO][0m - [38;2;116;173;209mwv_fitting.py:iterative_fitting:462[0m - RMS of the final wavelength fit: 0.173455 pixels
[1;38;2;49;54;149m    [INFO][0m - [38;2;116;173;209mautoid.py:full_template:1142[0m - Processing slit/order 1607 (19/24)
[1;38;2;49;54;149m    [INFO][0m - [38;2;116;173;209mautoid.py:full_template:1143[0m - Using sigdetect = 5.0
[1;38;2;49;54;149m    [INFO][0m - [38;2;116;173;209mautoid.py:set_fwhm:1029[0m - Measured arc lines FWHM: 4.1 pixels
[1;38;2;49;54;149m    [INFO][0m - [38;2;116;173;209mautoid.py:full_template:1244[0m - Shift = -176.52; cc = 0.6205
[1;38;2;49;54;149m    [INFO][0m - [38;2;116;173;209mautoid.py:reidentify:595[0m - Cross-correlating with arxiv slit # 0
[1;38;2;49;54;149m    [INFO][0m - [38;2;116;173;209mautoid.py:reidentify:603[0m - shift = -0.847, stretch = 1.001, cc = 0.975
[1;38;2;253;174;97m [WARNING][0m - [38;2;116;173;209m_minpack_py.py:curve_fit:1071[0m - OptimizeWarning: Covariance of the parameters could not be estimated
[1;38;2;49;54;149m    [INFO][0m - [38;2;116;173;209mautoid.py:reidentify:595[0m - Cross-correlating with arxiv slit # 0
[1;38;2;49;54;149m    [INFO][0m - [38;2;116;173;209mautoid.py:reidentify:603[0m - shift = 1.000, stretch = 1.007, cc = 0.814
[1;38;2;253;174;97m [WARNING][0m - [38;2;116;173;209mfitting.py:robust_fit:456[0m - Maximum number of iterations maxiter=10 reached in robust_polyfit_djs
[1;38;2;49;54;149m    [INFO][0m - [38;2;116;173;209mwv_fitting.py:iterative_fitting:462[0m - RMS of the final wavelength fit: 0.299207 pixels
[1;38;2;49;54;149m    [INFO][0m - [38;2;116;173;209mautoid.py:full_template:1142[0m - Processing slit/order 1683 (20/24)
[1;38;2;49;54;149m    [INFO][0m - [38;2;116;173;209mautoid.py:full_template:1143[0m - Using sigdetect = 5.0
[1;38;2;49;54;149m    [INFO][0m - [38;2;116;173;209mautoid.py:set_fwhm:1029[0m - Measured arc lines FWHM: 4.0 pixels
[1;38;2;49;54;149m    [INFO][0m - [38;2;116;173;209mautoid.py:full_template:1244[0m - Shift = -63.89; cc = 0.6350
[1;38;2;49;54;149m    [INFO][0m - [38;2;116;173;209mautoid.py:reidentify:595[0m - Cross-correlating with arxiv slit # 0
[1;38;2;49;54;149m    [INFO][0m - [38;2;116;173;209mautoid.py:reidentify:603[0m - shift = 1.011, stretch = 0.999, cc = 0.977
[1;38;2;49;54;149m    [INFO][0m - [38;2;116;173;209mautoid.py:reidentify:595[0m - Cross-correlating with arxiv slit # 0
[1;38;2;49;54;149m    [INFO][0m - [38;2;116;173;209mautoid.py:reidentify:603[0m - shift = 0.786, stretch = 1.002, cc = 0.943
[1;38;2;49;54;149m    [INFO][0m - [38;2;116;173;209mwv_fitting.py:iterative_fitting:462[0m - RMS of the final wavelength fit: 0.287687 pixels
[1;38;2;49;54;149m    [INFO][0m - [38;2;116;173;209mautoid.py:full_template:1142[0m - Processing slit/order 1758 (21/24)
[1;38;2;49;54;149m    [INFO][0m - [38;2;116;173;209mautoid.py:full_template:1143[0m - Using sigdetect = 5.0
[1;38;2;49;54;149m    [INFO][0m - [38;2;116;173;209mautoid.py:set_fwhm:1029[0m - Measured arc lines FWHM: 4.1 pixels
[1;38;2;49;54;149m    [INFO][0m - [38;2;116;173;209mautoid.py:full_template:1244[0m - Shift = -167.30; cc = 0.6017
[1;38;2;49;54;149m    [INFO][0m - [38;2;116;173;209mautoid.py:reidentify:595[0m - Cross-correlating with arxiv slit # 0
[1;38;2;49;54;149m    [INFO][0m - [38;2;116;173;209mautoid.py:reidentify:603[0m - shift = -1.182, stretch = 1.001, cc = 0.961
[1;38;2;253;174;97m [WARNING][0m - [38;2;116;173;209m_minpack_py.py:curve_fit:1071[0m - OptimizeWarning: Covariance of the parameters could not be estimated
[1;38;2;49;54;149m    [INFO][0m - [38;2;116;173;209mautoid.py:reidentify:595[0m - Cross-correlating with arxiv slit # 0
[1;38;2;253;174;97m [WARNING][0m - [38;2;116;173;209m_minpack_py.py:curve_fit:1071[0m - OptimizeWarning: Covariance of the parameters could not be estimated
[1;38;2;49;54;149m    [INFO][0m - [38;2;116;173;209mautoid.py:reidentify:603[0m - shift = 1.179, stretch = 1.007, cc = 0.824
[1;38;2;49;54;149m    [INFO][0m - [38;2;116;173;209mwv_fitting.py:iterative_fitting:462[0m - RMS of the final wavelength fit: 0.322527 pixels
[1;38;2;49;54;149m    [INFO][0m - [38;2;116;173;209mautoid.py:full_template:1142[0m - Processing slit/order 1837 (22/24)
[1;38;2;49;54;149m    [INFO][0m - [38;2;116;173;209mautoid.py:full_template:1143[0m - Using sigdetect = 5.0
[1;38;2;49;54;149m    [INFO][0m - [38;2;116;173;209mautoid.py:set_fwhm:1029[0m - Measured arc lines FWHM: 4.0 pixels
[1;38;2;49;54;149m    [INFO][0m - [38;2;116;173;209mautoid.py:full_template:1244[0m - Shift = -41.45; cc = 0.6508
[1;38;2;49;54;149m    [INFO][0m - [38;2;116;173;209mautoid.py:reidentify:595[0m - Cross-correlating with arxiv slit # 0
[1;38;2;49;54;149m    [INFO][0m - [38;2;116;173;209mautoid.py:reidentify:603[0m - shift = 0.740, stretch = 0.999, cc = 0.979
[1;38;2;49;54;149m    [INFO][0m - [38;2;116;173;209mautoid.py:reidentify:595[0m - Cross-correlating with arxiv slit # 0
[1;38;2;49;54;149m    [INFO][0m - [38;2;116;173;209mautoid.py:reidentify:603[0m - shift = 0.386, stretch = 1.002, cc = 0.989
[1;38;2;253;174;97m [WARNING][0m - [38;2;116;173;209mfitting.py:robust_fit:456[0m - Maximum number of iterations maxiter=10 reached in robust_polyfit_djs
[1;38;2;49;54;149m    [INFO][0m - [38;2;116;173;209mwv_fitting.py:iterative_fitting:462[0m - RMS of the final wavelength fit: 0.283054 pixels
[1;38;2;49;54;149m    [INFO][0m - [38;2;116;173;209mautoid.py:full_template:1142[0m - Processing slit/order 1914 (23/24)
[1;38;2;49;54;149m    [INFO][0m - [38;2;116;173;209mautoid.py:full_template:1143[0m - Using sigdetect = 5.0
[1;38;2;49;54;149m    [INFO][0m - [38;2;116;173;209mautoid.py:set_fwhm:1029[0m - Measured arc lines FWHM: 4.1 pixels
[1;38;2;49;54;149m    [INFO][0m - [38;2;116;173;209mautoid.py:full_template:1244[0m - Shift = -153.20; cc = 0.5972
[1;38;2;49;54;149m    [INFO][0m - [38;2;116;173;209mautoid.py:reidentify:595[0m - Cross-correlating with arxiv slit # 0
[1;38;2;49;54;149m    [INFO][0m - [38;2;116;173;209mautoid.py:reidentify:603[0m - shift = -1.415, stretch = 1.002, cc = 0.969
[1;38;2;253;174;97m [WARNING][0m - [38;2;116;173;209m_minpack_py.py:curve_fit:1071[0m - OptimizeWarning: Covariance of the parameters could not be estimated
[1;38;2;49;54;149m    [INFO][0m - [38;2;116;173;209mautoid.py:reidentify:595[0m - Cross-correlating with arxiv slit # 0
[1;38;2;253;174;97m [WARNING][0m - [38;2;116;173;209m_minpack_py.py:curve_fit:1071[0m - OptimizeWarning: Covariance of the parameters could not be estimated
[1;38;2;49;54;149m    [INFO][0m - [38;2;116;173;209mautoid.py:reidentify:603[0m - shift = 1.322, stretch = 1.007, cc = 0.849
[1;38;2;253;174;97m [WARNING][0m - [38;2;116;173;209mfitting.py:robust_fit:456[0m - Maximum number of iterations maxiter=10 reached in robust_polyfit_djs
[1;38;2;49;54;149m    [INFO][0m - [38;2;116;173;209mwv_fitting.py:iterative_fitting:462[0m - RMS of the final wavelength fit: 0.312528 pixels
[1;38;2;49;54;149m    [INFO][0m - [38;2;116;173;209mautoid.py:full_template:1142[0m - Processing slit/order 1996 (24/24)
[1;38;2;49;54;149m    [INFO][0m - [38;2;116;173;209mautoid.py:full_template:1143[0m - Using sigdetect = 5.0
[1;38;2;49;54;149m    [INFO][0m - [38;2;116;173;209mautoid.py:set_fwhm:1029[0m - Measured arc lines FWHM: 3.9 pixels
[1;38;2;49;54;149m    [INFO][0m - [38;2;116;173;209mautoid.py:full_template:1244[0m - Shift = -10.59; cc = 0.6350
[1;38;2;49;54;149m    [INFO][0m - [38;2;116;173;209mautoid.py:reidentify:595[0m - Cross-correlating with arxiv slit # 0
[1;38;2;49;54;149m    [INFO][0m - [38;2;116;173;209mautoid.py:reidentify:603[0m - shift = 1.165, stretch = 0.998, cc = 0.982
[1;38;2;49;54;149m    [INFO][0m - [38;2;116;173;209mautoid.py:reidentify:595[0m - Cross-correlating with arxiv slit # 0
[1;38;2;49;54;149m    [INFO][0m - [38;2;116;173;209mautoid.py:reidentify:603[0m - shift = 0.473, stretch = 1.002, cc = 0.991
[1;38;2;253;174;97m [WARNING][0m - [38;2;116;173;209mfitting.py:robust_fit:456[0m - Maximum number of iterations maxiter=10 reached in robust_polyfit_djs
[1;38;2;49;54;149m    [INFO][0m - [38;2;116;173;209mwv_fitting.py:iterative_fitting:462[0m - RMS of the final wavelength fit: 0.261081 pixels
[1;38;2;49;54;149m    [INFO][0m - [38;2;116;173;209mwavecalib.py:build_wv_calib:795[0m - Preparing wavelength calibration QA for slit 1/24
[1;38;2;49;54;149m    [INFO][0m - [38;2;116;173;209mwavecalib.py:build_wv_calib:795[0m - Preparing wavelength calibration QA for slit 2/24
[1;38;2;49;54;149m    [INFO][0m - [38;2;116;173;209mwavecalib.py:build_wv_calib:795[0m - Preparing wavelength calibration QA for slit 3/24
[1;38;2;49;54;149m    [INFO][0m - [38;2;116;173;209mwavecalib.py:build_wv_calib:795[0m - Preparing wavelength calibration QA for slit 4/24
[1;38;2;49;54;149m    [INFO][0m - [38;2;116;173;209mwavecalib.py:build_wv_calib:795[0m - Preparing wavelength calibration QA for slit 5/24
[1;38;2;49;54;149m    [INFO][0m - [38;2;116;173;209mwavecalib.py:build_wv_calib:795[0m - Preparing wavelength calibration QA for slit 6/24
[1;38;2;49;54;149m    [INFO][0m - [38;2;116;173;209mwavecalib.py:build_wv_calib:795[0m - Preparing wavelength calibration QA for slit 7/24
[1;38;2;49;54;149m    [INFO][0m - [38;2;116;173;209mwavecalib.py:build_wv_calib:795[0m - Preparing wavelength calibration QA for slit 8/24
[1;38;2;49;54;149m    [INFO][0m - [38;2;116;173;209mwavecalib.py:build_wv_calib:795[0m - Preparing wavelength calibration QA for slit 9/24
[1;38;2;49;54;149m    [INFO][0m - [38;2;116;173;209mwavecalib.py:build_wv_calib:795[0m - Preparing wavelength calibration QA for slit 10/24
[1;38;2;49;54;149m    [INFO][0m - [38;2;116;173;209mwavecalib.py:build_wv_calib:795[0m - Preparing wavelength calibration QA for slit 11/24
[1;38;2;49;54;149m    [INFO][0m - [38;2;116;173;209mwavecalib.py:build_wv_calib:795[0m - Preparing wavelength calibration QA for slit 12/24
[1;38;2;49;54;149m    [INFO][0m - [38;2;116;173;209mwavecalib.py:build_wv_calib:795[0m - Preparing wavelength calibration QA for slit 13/24
[1;38;2;49;54;149m    [INFO][0m - [38;2;116;173;209mwavecalib.py:build_wv_calib:795[0m - Preparing wavelength calibration QA for slit 14/24
[1;38;2;49;54;149m    [INFO][0m - [38;2;116;173;209mwavecalib.py:build_wv_calib:795[0m - Preparing wavelength calibration QA for slit 15/24
[1;38;2;49;54;149m    [INFO][0m - [38;2;116;173;209mwavecalib.py:build_wv_calib:795[0m - Preparing wavelength calibration QA for slit 16/24
[1;38;2;49;54;149m    [INFO][0m - [38;2;116;173;209mwavecalib.py:build_wv_calib:795[0m - Preparing wavelength calibration QA for slit 17/24
[1;38;2;49;54;149m    [INFO][0m - [38;2;116;173;209mwavecalib.py:build_wv_calib:795[0m - Preparing wavelength calibration QA for slit 18/24
[1;38;2;49;54;149m    [INFO][0m - [38;2;116;173;209mwavecalib.py:build_wv_calib:795[0m - Preparing wavelength calibration QA for slit 19/24
[1;38;2;49;54;149m    [INFO][0m - [38;2;116;173;209mwavecalib.py:build_wv_calib:795[0m - Preparing wavelength calibration QA for slit 20/24
[1;38;2;49;54;149m    [INFO][0m - [38;2;116;173;209mwavecalib.py:build_wv_calib:795[0m - Preparing wavelength calibration QA for slit 21/24
[1;38;2;49;54;149m    [INFO][0m - [38;2;116;173;209mwavecalib.py:build_wv_calib:795[0m - Preparing wavelength calibration QA for slit 22/24
[1;38;2;49;54;149m    [INFO][0m - [38;2;116;173;209mwavecalib.py:build_wv_calib:795[0m - Preparing wavelength calibration QA for slit 23/24
[1;38;2;49;54;149m    [INFO][0m - [38;2;116;173;209mwavecalib.py:build_wv_calib:795[0m - Preparing wavelength calibration QA for slit 24/24
[1;38;2;49;54;149m    [INFO][0m - [38;2;116;173;209mio.py:write_to_fits:672[0m - File written to: /Users/kaiwenzhang/PycharmProjects/KCWI/KCWI_RED_channel_characterization/RM1 pypeit run/2024-05-02/pypeit_run/keck_kcrm_B/Calibrations/WaveCalib_B_1_DET01.fits
[1;38;2;49;54;149m    [INFO][0m - [38;2;116;173;209marc.py:get_censpec:491[0m - Extracting approximate arc spectrum of slit 1/24
[1;38;2;49;54;149m    [INFO][0m - [38;2;116;173;209marc.py:get_censpec:491[0m - Extracting approximate arc spectrum of slit 2/24
[1;38;2;49;54;149m    [INFO][0m - [38;2;116;173;209marc.py:get_censpec:491[0m - Extracting approximate arc spectrum of slit 3/24
[1;38;2;49;54;149m    [INFO][0m - [38;2;116;173;209marc.py:get_censpec:491[0m - Extracting approximate arc spectrum of slit 4/24
[1;38;2;49;54;149m    [INFO][0m - [38;2;116;173;209marc.py:get_censpec:491[0m - Extracting approximate arc spectrum of slit 5/24
[1;38;2;49;54;149m    [INFO][0m - [38;2;116;173;209marc.py:get_censpec:491[0m - Extracting approximate arc spectrum of slit 6/24
[1;38;2;49;54;149m    [INFO][0m - [38;2;116;173;209marc.py:get_censpec:491[0m - Extracting approximate arc spectrum of slit 7/24
[1;38;2;49;54;149m    [INFO][0m - [38;2;116;173;209marc.py:get_censpec:491[0m - Extracting approximate arc spectrum of slit 8/24
[1;38;2;49;54;149m    [INFO][0m - [38;2;116;173;209marc.py:get_censpec:491[0m - Extracting approximate arc spectrum of slit 9/24
[1;38;2;49;54;149m    [INFO][0m - [38;2;116;173;209marc.py:get_censpec:491[0m - Extracting approximate arc spectrum of slit 10/24
[1;38;2;49;54;149m    [INFO][0m - [38;2;116;173;209marc.py:get_censpec:491[0m - Extracting approximate arc spectrum of slit 11/24
[1;38;2;49;54;149m    [INFO][0m - [38;2;116;173;209marc.py:get_censpec:491[0m - Extracting approximate arc spectrum of slit 12/24
[1;38;2;49;54;149m    [INFO][0m - [38;2;116;173;209marc.py:get_censpec:491[0m - Extracting approximate arc spectrum of slit 13/24
[1;38;2;49;54;149m    [INFO][0m - [38;2;116;173;209marc.py:get_censpec:491[0m - Extracting approximate arc spectrum of slit 14/24
[1;38;2;49;54;149m    [INFO][0m - [38;2;116;173;209marc.py:get_censpec:491[0m - Extracting approximate arc spectrum of slit 15/24
[1;38;2;49;54;149m    [INFO][0m - [38;2;116;173;209marc.py:get_censpec:491[0m - Extracting approximate arc spectrum of slit 16/24
[1;38;2;49;54;149m    [INFO][0m - [38;2;116;173;209marc.py:get_censpec:491[0m - Extracting approximate arc spectrum of slit 17/24
[1;38;2;49;54;149m    [INFO][0m - [38;2;116;173;209marc.py:get_censpec:491[0m - Extracting approximate arc spectrum of slit 18/24
[1;38;2;49;54;149m    [INFO][0m - [38;2;116;173;209marc.py:get_censpec:491[0m - Extracting approximate arc spectrum of slit 19/24
[1;38;2;49;54;149m    [INFO][0m - [38;2;116;173;209marc.py:get_censpec:491[0m - Extracting approximate arc spectrum of slit 20/24
[1;38;2;49;54;149m    [INFO][0m - [38;2;116;173;209marc.py:get_censpec:491[0m - Extracting approximate arc spectrum of slit 21/24
[1;38;2;49;54;149m    [INFO][0m - [38;2;116;173;209marc.py:get_censpec:491[0m - Extracting approximate arc spectrum of slit 22/24
[1;38;2;49;54;149m    [INFO][0m - [38;2;116;173;209marc.py:get_censpec:491[0m - Extracting approximate arc spectrum of slit 23/24
[1;38;2;49;54;149m    [INFO][0m - [38;2;116;173;209marc.py:get_censpec:491[0m - Extracting approximate arc spectrum of slit 24/24
[1;38;2;49;54;149m    [INFO][0m - [38;2;116;173;209mwavetilts.py:run:748[0m - Computing tilts for slit/order 61 (1/24)
[1;38;2;49;54;149m    [INFO][0m - [38;2;116;173;209mautoid.py:set_fwhm:1029[0m - Measured arc lines FWHM: 4.1 pixels
[1;38;2;49;54;149m    [INFO][0m - [38;2;116;173;209mwavetilts.py:run:752[0m - Finding lines for tilt analysis
[1;38;2;49;54;149m    [INFO][0m - [38;2;116;173;209mtracewave.py:tilts_find_lines:82[0m - Rejecting 22 lines below sigma threshold.
[1;38;2;49;54;149m    [INFO][0m - [38;2;116;173;209mtracewave.py:tilts_find_lines:103[0m - Removed 4 lines that were too close to neighboring lines.
[1;38;2;49;54;149m    [INFO][0m - [38;2;116;173;209mtracewave.py:tilts_find_lines:125[0m - Modeling arc line tilts with 19 arc lines
[1;38;2;49;54;149m    [INFO][0m - [38;2;116;173;209mwavetilts.py:run:769[0m - Trace the tilts
[1;38;2;49;54;149m    [INFO][0m - [38;2;116;173;209mtracewave.py:trace_tilts_work:482[0m - Number of usable arc lines for tilts: 19/19
[1;38;2;49;54;149m    [INFO][0m - [38;2;116;173;209mtracewave.py:trace_tilts:638[0m - PCA modeling 19 good tilts
[1;38;2;49;54;149m    [INFO][0m - [38;2;116;173;209mpca.py:pca_decomposition:101[0m - The unconstrained PCA yields 19 components.
[1;38;2;49;54;149m    [INFO][0m - [38;2;116;173;209mpca.py:pca_decomposition:115[0m - PCA will include 2 component(s), containing 99.927% of the total variance.
[1;38;2;49;54;149m    [INFO][0m - [38;2;116;173;209mtracepca.py:pca_trace_object:410[0m - Order of function fit to each component: [2 1]
[1;38;2;49;54;149m    [INFO][0m - [38;2;116;173;209mtracewave.py:trace_tilts_work:482[0m - Number of usable arc lines for tilts: 19/19
[1;38;2;49;54;149m    [INFO][0m - [38;2;116;173;209mtracewave.py:fit_tilts:706[0m - Fitting tilts with a low order, 2D legendre2d
[1;38;2;49;54;149m    [INFO][0m - [38;2;116;173;209mtracewave.py:fit_tilts:743[0m - Residuals: 2D Legendre Fit
[1;38;2;49;54;149m    [INFO][0m - [38;2;116;173;209mtracewave.py:fit_tilts:744[0m - RMS (pixels): 0.021595295572557984
[1;38;2;49;54;149m    [INFO][0m - [38;2;116;173;209mtracewave.py:fit_tilts:745[0m - RMS/FWHM: 0.005249241256180668
[1;38;2;49;54;149m    [INFO][0m - [38;2;116;173;209mtracewave.py:fit_tilts:747[0m - Inverting the fit to generate the tilts image
[1;38;2;49;54;149m    [INFO][0m - [38;2;116;173;209mtracewave.py:fit_tilts:806[0m - Rejected 0/167736 pixels in final inversion tilts image fit
[1;38;2;49;54;149m    [INFO][0m - [38;2;116;173;209mwavetilts.py:run:748[0m - Computing tilts for slit/order 142 (2/24)
[1;38;2;49;54;149m    [INFO][0m - [38;2;116;173;209mautoid.py:set_fwhm:1029[0m - Measured arc lines FWHM: 4.0 pixels
[1;38;2;49;54;149m    [INFO][0m - [38;2;116;173;209mwavetilts.py:run:752[0m - Finding lines for tilt analysis
[1;38;2;49;54;149m    [INFO][0m - [38;2;116;173;209mtracewave.py:tilts_find_lines:82[0m - Rejecting 21 lines below sigma threshold.
[1;38;2;49;54;149m    [INFO][0m - [38;2;116;173;209mtracewave.py:tilts_find_lines:103[0m - Removed 3 lines that were too close to neighboring lines.
[1;38;2;49;54;149m    [INFO][0m - [38;2;116;173;209mtracewave.py:tilts_find_lines:125[0m - Modeling arc line tilts with 21 arc lines
[1;38;2;49;54;149m    [INFO][0m - [38;2;116;173;209mwavetilts.py:run:769[0m - Trace the tilts
[1;38;2;49;54;149m    [INFO][0m - [38;2;116;173;209mtracewave.py:trace_tilts_work:482[0m - Number of usable arc lines for tilts: 20/21
[1;38;2;49;54;149m    [INFO][0m - [38;2;116;173;209mtracewave.py:trace_tilts:638[0m - PCA modeling 20 good tilts
[1;38;2;49;54;149m    [INFO][0m - [38;2;116;173;209mpca.py:pca_decomposition:101[0m - The unconstrained PCA yields 20 components.
[1;38;2;49;54;149m    [INFO][0m - [38;2;116;173;209mpca.py:pca_decomposition:115[0m - PCA will include 2 component(s), containing 99.646% of the total variance.
[1;38;2;49;54;149m    [INFO][0m - [38;2;116;173;209mtracepca.py:pca_trace_object:410[0m - Order of function fit to each component: [2 1]
[1;38;2;49;54;149m    [INFO][0m - [38;2;116;173;209mtracewave.py:trace_tilts_work:482[0m - Number of usable arc lines for tilts: 20/21
[1;38;2;49;54;149m    [INFO][0m - [38;2;116;173;209mtracewave.py:fit_tilts:706[0m - Fitting tilts with a low order, 2D legendre2d
[1;38;2;49;54;149m    [INFO][0m - [38;2;116;173;209mtracewave.py:fit_tilts:743[0m - Residuals: 2D Legendre Fit
[1;38;2;49;54;149m    [INFO][0m - [38;2;116;173;209mtracewave.py:fit_tilts:744[0m - RMS (pixels): 0.019377589354999294
[1;38;2;49;54;149m    [INFO][0m - [38;2;116;173;209mtracewave.py:fit_tilts:745[0m - RMS/FWHM: 0.004821276380032308
[1;38;2;49;54;149m    [INFO][0m - [38;2;116;173;209mtracewave.py:fit_tilts:747[0m - Inverting the fit to generate the tilts image
[1;38;2;49;54;149m    [INFO][0m - [38;2;116;173;209mtracewave.py:fit_tilts:806[0m - Rejected 0/168125 pixels in final inversion tilts image fit
[1;38;2;253;174;97m [WARNING][0m - [38;2;116;173;209m_methods.py:_var:155[0m - RuntimeWarning: Degrees of freedom <= 0 for slice
[1;38;2;253;174;97m [WARNING][0m - [38;2;116;173;209m_methods.py:_var:178[0m - RuntimeWarning: invalid value encountered in divide
[1;38;2;253;174;97m [WARNING][0m - [38;2;116;173;209m_methods.py:_var:211[0m - RuntimeWarning: invalid value encountered in scalar divide
[1;38;2;49;54;149m    [INFO][0m - [38;2;116;173;209mwavetilts.py:run:748[0m - Computing tilts for slit/order 217 (3/24)
[1;38;2;49;54;149m    [INFO][0m - [38;2;116;173;209mautoid.py:set_fwhm:1029[0m - Measured arc lines FWHM: 4.1 pixels
[1;38;2;49;54;149m    [INFO][0m - [38;2;116;173;209mwavetilts.py:run:752[0m - Finding lines for tilt analysis
[1;38;2;49;54;149m    [INFO][0m - [38;2;116;173;209mtracewave.py:tilts_find_lines:82[0m - Rejecting 26 lines below sigma threshold.
[1;38;2;49;54;149m    [INFO][0m - [38;2;116;173;209mtracewave.py:tilts_find_lines:103[0m - Removed 4 lines that were too close to neighboring lines.
[1;38;2;49;54;149m    [INFO][0m - [38;2;116;173;209mtracewave.py:tilts_find_lines:125[0m - Modeling arc line tilts with 23 arc lines
[1;38;2;49;54;149m    [INFO][0m - [38;2;116;173;209mwavetilts.py:run:769[0m - Trace the tilts
[1;38;2;49;54;149m    [INFO][0m - [38;2;116;173;209mtracewave.py:trace_tilts_work:482[0m - Number of usable arc lines for tilts: 23/23
[1;38;2;49;54;149m    [INFO][0m - [38;2;116;173;209mtracewave.py:trace_tilts:638[0m - PCA modeling 23 good tilts
[1;38;2;49;54;149m    [INFO][0m - [38;2;116;173;209mpca.py:pca_decomposition:101[0m - The unconstrained PCA yields 23 components.
[1;38;2;49;54;149m    [INFO][0m - [38;2;116;173;209mpca.py:pca_decomposition:115[0m - PCA will include 2 component(s), containing 99.909% of the total variance.
[1;38;2;49;54;149m    [INFO][0m - [38;2;116;173;209mtracepca.py:pca_trace_object:410[0m - Order of function fit to each component: [2 1]
[1;38;2;49;54;149m    [INFO][0m - [38;2;116;173;209mtracewave.py:trace_tilts_work:482[0m - Number of usable arc lines for tilts: 23/23
[1;38;2;49;54;149m    [INFO][0m - [38;2;116;173;209mtracewave.py:fit_tilts:706[0m - Fitting tilts with a low order, 2D legendre2d
[1;38;2;49;54;149m    [INFO][0m - [38;2;116;173;209mtracewave.py:fit_tilts:743[0m - Residuals: 2D Legendre Fit
[1;38;2;49;54;149m    [INFO][0m - [38;2;116;173;209mtracewave.py:fit_tilts:744[0m - RMS (pixels): 0.021896678839043976
[1;38;2;49;54;149m    [INFO][0m - [38;2;116;173;209mtracewave.py:fit_tilts:745[0m - RMS/FWHM: 0.005334326695718286
[1;38;2;49;54;149m    [INFO][0m - [38;2;116;173;209mtracewave.py:fit_tilts:747[0m - Inverting the fit to generate the tilts image
[1;38;2;49;54;149m    [INFO][0m - [38;2;116;173;209mtracewave.py:fit_tilts:806[0m - Rejected 0/167852 pixels in final inversion tilts image fit
[1;38;2;49;54;149m    [INFO][0m - [38;2;116;173;209mwavetilts.py:run:748[0m - Computing tilts for slit/order 296 (4/24)
[1;38;2;49;54;149m    [INFO][0m - [38;2;116;173;209mautoid.py:set_fwhm:1029[0m - Measured arc lines FWHM: 4.0 pixels
[1;38;2;49;54;149m    [INFO][0m - [38;2;116;173;209mwavetilts.py:run:752[0m - Finding lines for tilt analysis
[1;38;2;49;54;149m    [INFO][0m - [38;2;116;173;209mtracewave.py:tilts_find_lines:82[0m - Rejecting 23 lines below sigma threshold.
[1;38;2;49;54;149m    [INFO][0m - [38;2;116;173;209mtracewave.py:tilts_find_lines:103[0m - Removed 3 lines that were too close to neighboring lines.
[1;38;2;49;54;149m    [INFO][0m - [38;2;116;173;209mtracewave.py:tilts_find_lines:125[0m - Modeling arc line tilts with 20 arc lines
[1;38;2;49;54;149m    [INFO][0m - [38;2;116;173;209mwavetilts.py:run:769[0m - Trace the tilts
[1;38;2;49;54;149m    [INFO][0m - [38;2;116;173;209mtracewave.py:trace_tilts_work:482[0m - Number of usable arc lines for tilts: 19/20
[1;38;2;49;54;149m    [INFO][0m - [38;2;116;173;209mtracewave.py:trace_tilts:638[0m - PCA modeling 19 good tilts
[1;38;2;49;54;149m    [INFO][0m - [38;2;116;173;209mpca.py:pca_decomposition:101[0m - The unconstrained PCA yields 19 components.
[1;38;2;49;54;149m    [INFO][0m - [38;2;116;173;209mpca.py:pca_decomposition:115[0m - PCA will include 2 component(s), containing 99.944% of the total variance.
[1;38;2;49;54;149m    [INFO][0m - [38;2;116;173;209mtracepca.py:pca_trace_object:410[0m - Order of function fit to each component: [2 1]
[1;38;2;49;54;149m    [INFO][0m - [38;2;116;173;209mtracewave.py:trace_tilts_work:482[0m - Number of usable arc lines for tilts: 19/20
[1;38;2;49;54;149m    [INFO][0m - [38;2;116;173;209mtracewave.py:fit_tilts:706[0m - Fitting tilts with a low order, 2D legendre2d
[1;38;2;49;54;149m    [INFO][0m - [38;2;116;173;209mtracewave.py:fit_tilts:743[0m - Residuals: 2D Legendre Fit
[1;38;2;49;54;149m    [INFO][0m - [38;2;116;173;209mtracewave.py:fit_tilts:744[0m - RMS (pixels): 0.02063969221644678
[1;38;2;49;54;149m    [INFO][0m - [38;2;116;173;209mtracewave.py:fit_tilts:745[0m - RMS/FWHM: 0.005161763787764298
[1;38;2;49;54;149m    [INFO][0m - [38;2;116;173;209mtracewave.py:fit_tilts:747[0m - Inverting the fit to generate the tilts image
[1;38;2;49;54;149m    [INFO][0m - [38;2;116;173;209mtracewave.py:fit_tilts:806[0m - Rejected 0/168413 pixels in final inversion tilts image fit
[1;38;2;253;174;97m [WARNING][0m - [38;2;116;173;209m_methods.py:_var:155[0m - RuntimeWarning: Degrees of freedom <= 0 for slice
[1;38;2;253;174;97m [WARNING][0m - [38;2;116;173;209m_methods.py:_var:178[0m - RuntimeWarning: invalid value encountered in divide
[1;38;2;253;174;97m [WARNING][0m - [38;2;116;173;209m_methods.py:_var:211[0m - RuntimeWarning: invalid value encountered in scalar divide
[1;38;2;49;54;149m    [INFO][0m - [38;2;116;173;209mwavetilts.py:run:748[0m - Computing tilts for slit/order 369 (5/24)
[1;38;2;49;54;149m    [INFO][0m - [38;2;116;173;209mautoid.py:set_fwhm:1029[0m - Measured arc lines FWHM: 4.1 pixels
[1;38;2;49;54;149m    [INFO][0m - [38;2;116;173;209mwavetilts.py:run:752[0m - Finding lines for tilt analysis
[1;38;2;49;54;149m    [INFO][0m - [38;2;116;173;209mtracewave.py:tilts_find_lines:82[0m - Rejecting 25 lines below sigma threshold.
[1;38;2;49;54;149m    [INFO][0m - [38;2;116;173;209mtracewave.py:tilts_find_lines:103[0m - Removed 4 lines that were too close to neighboring lines.
[1;38;2;49;54;149m    [INFO][0m - [38;2;116;173;209mtracewave.py:tilts_find_lines:125[0m - Modeling arc line tilts with 21 arc lines
[1;38;2;49;54;149m    [INFO][0m - [38;2;116;173;209mwavetilts.py:run:769[0m - Trace the tilts
[1;38;2;49;54;149m    [INFO][0m - [38;2;116;173;209mtracewave.py:trace_tilts_work:482[0m - Number of usable arc lines for tilts: 20/21
[1;38;2;49;54;149m    [INFO][0m - [38;2;116;173;209mtracewave.py:trace_tilts:638[0m - PCA modeling 20 good tilts
[1;38;2;49;54;149m    [INFO][0m - [38;2;116;173;209mpca.py:pca_decomposition:101[0m - The unconstrained PCA yields 20 components.
[1;38;2;49;54;149m    [INFO][0m - [38;2;116;173;209mpca.py:pca_decomposition:115[0m - PCA will include 2 component(s), containing 99.946% of the total variance.
[1;38;2;49;54;149m    [INFO][0m - [38;2;116;173;209mtracepca.py:pca_trace_object:410[0m - Order of function fit to each component: [2 1]
[1;38;2;49;54;149m    [INFO][0m - [38;2;116;173;209mtracewave.py:trace_tilts_work:482[0m - Number of usable arc lines for tilts: 19/21
[1;38;2;49;54;149m    [INFO][0m - [38;2;116;173;209mtracewave.py:fit_tilts:706[0m - Fitting tilts with a low order, 2D legendre2d
[1;38;2;49;54;149m    [INFO][0m - [38;2;116;173;209mtracewave.py:fit_tilts:743[0m - Residuals: 2D Legendre Fit
[1;38;2;49;54;149m    [INFO][0m - [38;2;116;173;209mtracewave.py:fit_tilts:744[0m - RMS (pixels): 0.019106915063888574
[1;38;2;49;54;149m    [INFO][0m - [38;2;116;173;209mtracewave.py:fit_tilts:745[0m - RMS/FWHM: 0.004653754271607038
[1;38;2;49;54;149m    [INFO][0m - [38;2;116;173;209mtracewave.py:fit_tilts:747[0m - Inverting the fit to generate the tilts image
[1;38;2;49;54;149m    [INFO][0m - [38;2;116;173;209mtracewave.py:fit_tilts:806[0m - Rejected 0/168649 pixels in final inversion tilts image fit
[1;38;2;253;174;97m [WARNING][0m - [38;2;116;173;209m_methods.py:_var:155[0m - RuntimeWarning: Degrees of freedom <= 0 for slice
[1;38;2;253;174;97m [WARNING][0m - [38;2;116;173;209m_methods.py:_var:178[0m - RuntimeWarning: invalid value encountered in divide
[1;38;2;253;174;97m [WARNING][0m - [38;2;116;173;209m_methods.py:_var:211[0m - RuntimeWarning: invalid value encountered in scalar divide
[1;38;2;49;54;149m    [INFO][0m - [38;2;116;173;209mwavetilts.py:run:748[0m - Computing tilts for slit/order 445 (6/24)
[1;38;2;49;54;149m    [INFO][0m - [38;2;116;173;209mautoid.py:set_fwhm:1029[0m - Measured arc lines FWHM: 4.0 pixels
[1;38;2;49;54;149m    [INFO][0m - [38;2;116;173;209mwavetilts.py:run:752[0m - Finding lines for tilt analysis
[1;38;2;49;54;149m    [INFO][0m - [38;2;116;173;209mtracewave.py:tilts_find_lines:82[0m - Rejecting 23 lines below sigma threshold.
[1;38;2;49;54;149m    [INFO][0m - [38;2;116;173;209mtracewave.py:tilts_find_lines:103[0m - Removed 2 lines that were too close to neighboring lines.
[1;38;2;49;54;149m    [INFO][0m - [38;2;116;173;209mtracewave.py:tilts_find_lines:125[0m - Modeling arc line tilts with 20 arc lines
[1;38;2;49;54;149m    [INFO][0m - [38;2;116;173;209mwavetilts.py:run:769[0m - Trace the tilts
[1;38;2;49;54;149m    [INFO][0m - [38;2;116;173;209mtracewave.py:trace_tilts_work:482[0m - Number of usable arc lines for tilts: 19/20
[1;38;2;49;54;149m    [INFO][0m - [38;2;116;173;209mtracewave.py:trace_tilts:638[0m - PCA modeling 19 good tilts
[1;38;2;49;54;149m    [INFO][0m - [38;2;116;173;209mpca.py:pca_decomposition:101[0m - The unconstrained PCA yields 19 components.
[1;38;2;49;54;149m    [INFO][0m - [38;2;116;173;209mpca.py:pca_decomposition:115[0m - PCA will include 2 component(s), containing 99.955% of the total variance.
[1;38;2;49;54;149m    [INFO][0m - [38;2;116;173;209mtracepca.py:pca_trace_object:410[0m - Order of function fit to each component: [2 1]
[1;38;2;49;54;149m    [INFO][0m - [38;2;116;173;209mtracewave.py:trace_tilts_work:482[0m - Number of usable arc lines for tilts: 18/20
[1;38;2;49;54;149m    [INFO][0m - [38;2;116;173;209mtracewave.py:fit_tilts:706[0m - Fitting tilts with a low order, 2D legendre2d
[1;38;2;49;54;149m    [INFO][0m - [38;2;116;173;209mtracewave.py:fit_tilts:743[0m - Residuals: 2D Legendre Fit
[1;38;2;49;54;149m    [INFO][0m - [38;2;116;173;209mtracewave.py:fit_tilts:744[0m - RMS (pixels): 0.01878032868456177
[1;38;2;49;54;149m    [INFO][0m - [38;2;116;173;209mtracewave.py:fit_tilts:745[0m - RMS/FWHM: 0.004714013990253509
[1;38;2;49;54;149m    [INFO][0m - [38;2;116;173;209mtracewave.py:fit_tilts:747[0m - Inverting the fit to generate the tilts image
[1;38;2;49;54;149m    [INFO][0m - [38;2;116;173;209mtracewave.py:fit_tilts:806[0m - Rejected 0/168199 pixels in final inversion tilts image fit
[1;38;2;253;174;97m [WARNING][0m - [38;2;116;173;209m_methods.py:_var:155[0m - RuntimeWarning: Degrees of freedom <= 0 for slice
[1;38;2;253;174;97m [WARNING][0m - [38;2;116;173;209m_methods.py:_var:178[0m - RuntimeWarning: invalid value encountered in divide
[1;38;2;253;174;97m [WARNING][0m - [38;2;116;173;209m_methods.py:_var:211[0m - RuntimeWarning: invalid value encountered in scalar divide
[1;38;2;49;54;149m    [INFO][0m - [38;2;116;173;209mwavetilts.py:run:748[0m - Computing tilts for slit/order 517 (7/24)
[1;38;2;49;54;149m    [INFO][0m - [38;2;116;173;209mautoid.py:set_fwhm:1029[0m - Measured arc lines FWHM: 4.1 pixels
[1;38;2;49;54;149m    [INFO][0m - [38;2;116;173;209mwavetilts.py:run:752[0m - Finding lines for tilt analysis
[1;38;2;49;54;149m    [INFO][0m - [38;2;116;173;209mtracewave.py:tilts_find_lines:82[0m - Rejecting 23 lines below sigma threshold.
[1;38;2;49;54;149m    [INFO][0m - [38;2;116;173;209mtracewave.py:tilts_find_lines:103[0m - Removed 4 lines that were too close to neighboring lines.
[1;38;2;49;54;149m    [INFO][0m - [38;2;116;173;209mtracewave.py:tilts_find_lines:125[0m - Modeling arc line tilts with 22 arc lines
[1;38;2;49;54;149m    [INFO][0m - [38;2;116;173;209mwavetilts.py:run:769[0m - Trace the tilts
[1;38;2;49;54;149m    [INFO][0m - [38;2;116;173;209mtracewave.py:trace_tilts_work:482[0m - Number of usable arc lines for tilts: 22/22
[1;38;2;49;54;149m    [INFO][0m - [38;2;116;173;209mtracewave.py:trace_tilts:638[0m - PCA modeling 22 good tilts
[1;38;2;49;54;149m    [INFO][0m - [38;2;116;173;209mpca.py:pca_decomposition:101[0m - The unconstrained PCA yields 22 components.
[1;38;2;49;54;149m    [INFO][0m - [38;2;116;173;209mpca.py:pca_decomposition:115[0m - PCA will include 2 component(s), containing 99.925% of the total variance.
[1;38;2;49;54;149m    [INFO][0m - [38;2;116;173;209mtracepca.py:pca_trace_object:410[0m - Order of function fit to each component: [2 1]
[1;38;2;49;54;149m    [INFO][0m - [38;2;116;173;209mtracewave.py:trace_tilts_work:482[0m - Number of usable arc lines for tilts: 22/22
[1;38;2;49;54;149m    [INFO][0m - [38;2;116;173;209mtracewave.py:fit_tilts:706[0m - Fitting tilts with a low order, 2D legendre2d
[1;38;2;49;54;149m    [INFO][0m - [38;2;116;173;209mtracewave.py:fit_tilts:743[0m - Residuals: 2D Legendre Fit
[1;38;2;49;54;149m    [INFO][0m - [38;2;116;173;209mtracewave.py:fit_tilts:744[0m - RMS (pixels): 0.018154643346137457
[1;38;2;49;54;149m    [INFO][0m - [38;2;116;173;209mtracewave.py:fit_tilts:745[0m - RMS/FWHM: 0.004468293348909994
[1;38;2;49;54;149m    [INFO][0m - [38;2;116;173;209mtracewave.py:fit_tilts:747[0m - Inverting the fit to generate the tilts image
[1;38;2;49;54;149m    [INFO][0m - [38;2;116;173;209mtracewave.py:fit_tilts:806[0m - Rejected 0/167914 pixels in final inversion tilts image fit
[1;38;2;49;54;149m    [INFO][0m - [38;2;116;173;209mwavetilts.py:run:748[0m - Computing tilts for slit/order 591 (8/24)
[1;38;2;49;54;149m    [INFO][0m - [38;2;116;173;209mautoid.py:set_fwhm:1029[0m - Measured arc lines FWHM: 4.0 pixels
[1;38;2;49;54;149m    [INFO][0m - [38;2;116;173;209mwavetilts.py:run:752[0m - Finding lines for tilt analysis
[1;38;2;49;54;149m    [INFO][0m - [38;2;116;173;209mtracewave.py:tilts_find_lines:82[0m - Rejecting 22 lines below sigma threshold.
[1;38;2;49;54;149m    [INFO][0m - [38;2;116;173;209mtracewave.py:tilts_find_lines:103[0m - Removed 2 lines that were too close to neighboring lines.
[1;38;2;49;54;149m    [INFO][0m - [38;2;116;173;209mtracewave.py:tilts_find_lines:125[0m - Modeling arc line tilts with 19 arc lines
[1;38;2;49;54;149m    [INFO][0m - [38;2;116;173;209mwavetilts.py:run:769[0m - Trace the tilts
[1;38;2;49;54;149m    [INFO][0m - [38;2;116;173;209mtracewave.py:trace_tilts_work:482[0m - Number of usable arc lines for tilts: 19/19
[1;38;2;49;54;149m    [INFO][0m - [38;2;116;173;209mtracewave.py:trace_tilts:638[0m - PCA modeling 19 good tilts
[1;38;2;49;54;149m    [INFO][0m - [38;2;116;173;209mpca.py:pca_decomposition:101[0m - The unconstrained PCA yields 19 components.
[1;38;2;49;54;149m    [INFO][0m - [38;2;116;173;209mpca.py:pca_decomposition:115[0m - PCA will include 2 component(s), containing 99.950% of the total variance.
[1;38;2;49;54;149m    [INFO][0m - [38;2;116;173;209mtracepca.py:pca_trace_object:410[0m - Order of function fit to each component: [2 1]
[1;38;2;49;54;149m    [INFO][0m - [38;2;116;173;209mtracewave.py:trace_tilts_work:482[0m - Number of usable arc lines for tilts: 19/19
[1;38;2;49;54;149m    [INFO][0m - [38;2;116;173;209mtracewave.py:fit_tilts:706[0m - Fitting tilts with a low order, 2D legendre2d
[1;38;2;49;54;149m    [INFO][0m - [38;2;116;173;209mtracewave.py:fit_tilts:743[0m - Residuals: 2D Legendre Fit
[1;38;2;49;54;149m    [INFO][0m - [38;2;116;173;209mtracewave.py:fit_tilts:744[0m - RMS (pixels): 0.017646219085545943
[1;38;2;49;54;149m    [INFO][0m - [38;2;116;173;209mtracewave.py:fit_tilts:745[0m - RMS/FWHM: 0.004367164019377027
[1;38;2;49;54;149m    [INFO][0m - [38;2;116;173;209mtracewave.py:fit_tilts:747[0m - Inverting the fit to generate the tilts image
[1;38;2;49;54;149m    [INFO][0m - [38;2;116;173;209mtracewave.py:fit_tilts:806[0m - Rejected 0/168667 pixels in final inversion tilts image fit
[1;38;2;49;54;149m    [INFO][0m - [38;2;116;173;209mwavetilts.py:run:748[0m - Computing tilts for slit/order 664 (9/24)
[1;38;2;49;54;149m    [INFO][0m - [38;2;116;173;209mautoid.py:set_fwhm:1029[0m - Measured arc lines FWHM: 4.1 pixels
[1;38;2;49;54;149m    [INFO][0m - [38;2;116;173;209mwavetilts.py:run:752[0m - Finding lines for tilt analysis
[1;38;2;49;54;149m    [INFO][0m - [38;2;116;173;209mtracewave.py:tilts_find_lines:82[0m - Rejecting 21 lines below sigma threshold.
[1;38;2;49;54;149m    [INFO][0m - [38;2;116;173;209mtracewave.py:tilts_find_lines:103[0m - Removed 4 lines that were too close to neighboring lines.
[1;38;2;49;54;149m    [INFO][0m - [38;2;116;173;209mtracewave.py:tilts_find_lines:125[0m - Modeling arc line tilts with 19 arc lines
[1;38;2;49;54;149m    [INFO][0m - [38;2;116;173;209mwavetilts.py:run:769[0m - Trace the tilts
[1;38;2;49;54;149m    [INFO][0m - [38;2;116;173;209mtracewave.py:trace_tilts_work:482[0m - Number of usable arc lines for tilts: 19/19
[1;38;2;49;54;149m    [INFO][0m - [38;2;116;173;209mtracewave.py:trace_tilts:638[0m - PCA modeling 19 good tilts
[1;38;2;49;54;149m    [INFO][0m - [38;2;116;173;209mpca.py:pca_decomposition:101[0m - The unconstrained PCA yields 19 components.
[1;38;2;49;54;149m    [INFO][0m - [38;2;116;173;209mpca.py:pca_decomposition:115[0m - PCA will include 2 component(s), containing 99.962% of the total variance.
[1;38;2;49;54;149m    [INFO][0m - [38;2;116;173;209mtracepca.py:pca_trace_object:410[0m - Order of function fit to each component: [2 1]
[1;38;2;49;54;149m    [INFO][0m - [38;2;116;173;209mtracewave.py:trace_tilts_work:482[0m - Number of usable arc lines for tilts: 19/19
[1;38;2;49;54;149m    [INFO][0m - [38;2;116;173;209mtracewave.py:fit_tilts:706[0m - Fitting tilts with a low order, 2D legendre2d
[1;38;2;49;54;149m    [INFO][0m - [38;2;116;173;209mtracewave.py:fit_tilts:743[0m - Residuals: 2D Legendre Fit
[1;38;2;49;54;149m    [INFO][0m - [38;2;116;173;209mtracewave.py:fit_tilts:744[0m - RMS (pixels): 0.020627376048396727
[1;38;2;49;54;149m    [INFO][0m - [38;2;116;173;209mtracewave.py:fit_tilts:745[0m - RMS/FWHM: 0.005037917831700501
[1;38;2;49;54;149m    [INFO][0m - [38;2;116;173;209mtracewave.py:fit_tilts:747[0m - Inverting the fit to generate the tilts image
[1;38;2;49;54;149m    [INFO][0m - [38;2;116;173;209mtracewave.py:fit_tilts:806[0m - Rejected 0/168222 pixels in final inversion tilts image fit
[1;38;2;49;54;149m    [INFO][0m - [38;2;116;173;209mwavetilts.py:run:748[0m - Computing tilts for slit/order 738 (10/24)
[1;38;2;49;54;149m    [INFO][0m - [38;2;116;173;209mautoid.py:set_fwhm:1029[0m - Measured arc lines FWHM: 4.1 pixels
[1;38;2;49;54;149m    [INFO][0m - [38;2;116;173;209mwavetilts.py:run:752[0m - Finding lines for tilt analysis
[1;38;2;49;54;149m    [INFO][0m - [38;2;116;173;209mtracewave.py:tilts_find_lines:82[0m - Rejecting 23 lines below sigma threshold.
[1;38;2;49;54;149m    [INFO][0m - [38;2;116;173;209mtracewave.py:tilts_find_lines:103[0m - Removed 3 lines that were too close to neighboring lines.
[1;38;2;49;54;149m    [INFO][0m - [38;2;116;173;209mtracewave.py:tilts_find_lines:125[0m - Modeling arc line tilts with 19 arc lines
[1;38;2;49;54;149m    [INFO][0m - [38;2;116;173;209mwavetilts.py:run:769[0m - Trace the tilts
[1;38;2;49;54;149m    [INFO][0m - [38;2;116;173;209mtracewave.py:trace_tilts_work:482[0m - Number of usable arc lines for tilts: 19/19
[1;38;2;49;54;149m    [INFO][0m - [38;2;116;173;209mtracewave.py:trace_tilts:638[0m - PCA modeling 19 good tilts
[1;38;2;49;54;149m    [INFO][0m - [38;2;116;173;209mpca.py:pca_decomposition:101[0m - The unconstrained PCA yields 19 components.
[1;38;2;49;54;149m    [INFO][0m - [38;2;116;173;209mpca.py:pca_decomposition:115[0m - PCA will include 2 component(s), containing 99.981% of the total variance.
[1;38;2;49;54;149m    [INFO][0m - [38;2;116;173;209mtracepca.py:pca_trace_object:410[0m - Order of function fit to each component: [2 1]
[1;38;2;253;174;97m [WARNING][0m - [38;2;116;173;209mfitting.py:robust_fit:456[0m - Maximum number of iterations maxiter=25 reached in robust_polyfit_djs
[1;38;2;49;54;149m    [INFO][0m - [38;2;116;173;209mtracewave.py:trace_tilts_work:482[0m - Number of usable arc lines for tilts: 19/19
[1;38;2;49;54;149m    [INFO][0m - [38;2;116;173;209mtracewave.py:fit_tilts:706[0m - Fitting tilts with a low order, 2D legendre2d
[1;38;2;49;54;149m    [INFO][0m - [38;2;116;173;209mtracewave.py:fit_tilts:743[0m - Residuals: 2D Legendre Fit
[1;38;2;49;54;149m    [INFO][0m - [38;2;116;173;209mtracewave.py:fit_tilts:744[0m - RMS (pixels): 0.01667404221158584
[1;38;2;49;54;149m    [INFO][0m - [38;2;116;173;209mtracewave.py:fit_tilts:745[0m - RMS/FWHM: 0.0040985553313462614
[1;38;2;49;54;149m    [INFO][0m - [38;2;116;173;209mtracewave.py:fit_tilts:747[0m - Inverting the fit to generate the tilts image
[1;38;2;49;54;149m    [INFO][0m - [38;2;116;173;209mtracewave.py:fit_tilts:806[0m - Rejected 0/168190 pixels in final inversion tilts image fit
[1;38;2;49;54;149m    [INFO][0m - [38;2;116;173;209mwavetilts.py:run:748[0m - Computing tilts for slit/order 812 (11/24)
[1;38;2;49;54;149m    [INFO][0m - [38;2;116;173;209mautoid.py:set_fwhm:1029[0m - Measured arc lines FWHM: 4.1 pixels
[1;38;2;49;54;149m    [INFO][0m - [38;2;116;173;209mwavetilts.py:run:752[0m - Finding lines for tilt analysis
[1;38;2;49;54;149m    [INFO][0m - [38;2;116;173;209mtracewave.py:tilts_find_lines:82[0m - Rejecting 22 lines below sigma threshold.
[1;38;2;49;54;149m    [INFO][0m - [38;2;116;173;209mtracewave.py:tilts_find_lines:103[0m - Removed 3 lines that were too close to neighboring lines.
[1;38;2;49;54;149m    [INFO][0m - [38;2;116;173;209mtracewave.py:tilts_find_lines:125[0m - Modeling arc line tilts with 19 arc lines
[1;38;2;49;54;149m    [INFO][0m - [38;2;116;173;209mwavetilts.py:run:769[0m - Trace the tilts
[1;38;2;49;54;149m    [INFO][0m - [38;2;116;173;209mtracewave.py:trace_tilts_work:482[0m - Number of usable arc lines for tilts: 17/19
[1;38;2;49;54;149m    [INFO][0m - [38;2;116;173;209mtracewave.py:trace_tilts:638[0m - PCA modeling 17 good tilts
[1;38;2;49;54;149m    [INFO][0m - [38;2;116;173;209mpca.py:pca_decomposition:101[0m - The unconstrained PCA yields 17 components.
[1;38;2;49;54;149m    [INFO][0m - [38;2;116;173;209mpca.py:pca_decomposition:115[0m - PCA will include 2 component(s), containing 99.978% of the total variance.
[1;38;2;49;54;149m    [INFO][0m - [38;2;116;173;209mtracepca.py:pca_trace_object:410[0m - Order of function fit to each component: [2 1]
[1;38;2;49;54;149m    [INFO][0m - [38;2;116;173;209mtracewave.py:trace_tilts_work:482[0m - Number of usable arc lines for tilts: 18/19
[1;38;2;49;54;149m    [INFO][0m - [38;2;116;173;209mtracewave.py:fit_tilts:706[0m - Fitting tilts with a low order, 2D legendre2d
[1;38;2;49;54;149m    [INFO][0m - [38;2;116;173;209mtracewave.py:fit_tilts:743[0m - Residuals: 2D Legendre Fit
[1;38;2;49;54;149m    [INFO][0m - [38;2;116;173;209mtracewave.py:fit_tilts:744[0m - RMS (pixels): 0.01686540588642174
[1;38;2;49;54;149m    [INFO][0m - [38;2;116;173;209mtracewave.py:fit_tilts:745[0m - RMS/FWHM: 0.004099103181491237
[1;38;2;49;54;149m    [INFO][0m - [38;2;116;173;209mtracewave.py:fit_tilts:747[0m - Inverting the fit to generate the tilts image
[1;38;2;49;54;149m    [INFO][0m - [38;2;116;173;209mtracewave.py:fit_tilts:806[0m - Rejected 0/168108 pixels in final inversion tilts image fit
[1;38;2;253;174;97m [WARNING][0m - [38;2;116;173;209m_methods.py:_var:155[0m - RuntimeWarning: Degrees of freedom <= 0 for slice
[1;38;2;253;174;97m [WARNING][0m - [38;2;116;173;209m_methods.py:_var:178[0m - RuntimeWarning: invalid value encountered in divide
[1;38;2;253;174;97m [WARNING][0m - [38;2;116;173;209m_methods.py:_var:211[0m - RuntimeWarning: invalid value encountered in scalar divide
[1;38;2;49;54;149m    [INFO][0m - [38;2;116;173;209mwavetilts.py:run:748[0m - Computing tilts for slit/order 886 (12/24)
[1;38;2;49;54;149m    [INFO][0m - [38;2;116;173;209mautoid.py:set_fwhm:1029[0m - Measured arc lines FWHM: 4.1 pixels
[1;38;2;49;54;149m    [INFO][0m - [38;2;116;173;209mwavetilts.py:run:752[0m - Finding lines for tilt analysis
[1;38;2;49;54;149m    [INFO][0m - [38;2;116;173;209mtracewave.py:tilts_find_lines:82[0m - Rejecting 22 lines below sigma threshold.
[1;38;2;49;54;149m    [INFO][0m - [38;2;116;173;209mtracewave.py:tilts_find_lines:103[0m - Removed 2 lines that were too close to neighboring lines.
[1;38;2;49;54;149m    [INFO][0m - [38;2;116;173;209mtracewave.py:tilts_find_lines:125[0m - Modeling arc line tilts with 19 arc lines
[1;38;2;49;54;149m    [INFO][0m - [38;2;116;173;209mwavetilts.py:run:769[0m - Trace the tilts
[1;38;2;49;54;149m    [INFO][0m - [38;2;116;173;209mtracewave.py:trace_tilts_work:482[0m - Number of usable arc lines for tilts: 19/19
[1;38;2;49;54;149m    [INFO][0m - [38;2;116;173;209mtracewave.py:trace_tilts:638[0m - PCA modeling 19 good tilts
[1;38;2;49;54;149m    [INFO][0m - [38;2;116;173;209mpca.py:pca_decomposition:101[0m - The unconstrained PCA yields 19 components.
[1;38;2;49;54;149m    [INFO][0m - [38;2;116;173;209mpca.py:pca_decomposition:115[0m - PCA will include 2 component(s), containing 99.992% of the total variance.
[1;38;2;49;54;149m    [INFO][0m - [38;2;116;173;209mtracepca.py:pca_trace_object:410[0m - Order of function fit to each component: [2 1]
[1;38;2;49;54;149m    [INFO][0m - [38;2;116;173;209mtracewave.py:trace_tilts_work:482[0m - Number of usable arc lines for tilts: 19/19
[1;38;2;49;54;149m    [INFO][0m - [38;2;116;173;209mtracewave.py:fit_tilts:706[0m - Fitting tilts with a low order, 2D legendre2d
[1;38;2;49;54;149m    [INFO][0m - [38;2;116;173;209mtracewave.py:fit_tilts:743[0m - Residuals: 2D Legendre Fit
[1;38;2;49;54;149m    [INFO][0m - [38;2;116;173;209mtracewave.py:fit_tilts:744[0m - RMS (pixels): 0.01380746471287359
[1;38;2;49;54;149m    [INFO][0m - [38;2;116;173;209mtracewave.py:fit_tilts:745[0m - RMS/FWHM: 0.0033802510043609794
[1;38;2;49;54;149m    [INFO][0m - [38;2;116;173;209mtracewave.py:fit_tilts:747[0m - Inverting the fit to generate the tilts image
[1;38;2;49;54;149m    [INFO][0m - [38;2;116;173;209mtracewave.py:fit_tilts:806[0m - Rejected 0/168565 pixels in final inversion tilts image fit
[1;38;2;49;54;149m    [INFO][0m - [38;2;116;173;209mwavetilts.py:run:748[0m - Computing tilts for slit/order 1164 (13/24)
[1;38;2;49;54;149m    [INFO][0m - [38;2;116;173;209mautoid.py:set_fwhm:1029[0m - Measured arc lines FWHM: 4.1 pixels
[1;38;2;49;54;149m    [INFO][0m - [38;2;116;173;209mwavetilts.py:run:752[0m - Finding lines for tilt analysis
[1;38;2;49;54;149m    [INFO][0m - [38;2;116;173;209mtracewave.py:tilts_find_lines:82[0m - Rejecting 26 lines below sigma threshold.
[1;38;2;49;54;149m    [INFO][0m - [38;2;116;173;209mtracewave.py:tilts_find_lines:103[0m - Removed 3 lines that were too close to neighboring lines.
[1;38;2;49;54;149m    [INFO][0m - [38;2;116;173;209mtracewave.py:tilts_find_lines:125[0m - Modeling arc line tilts with 20 arc lines
[1;38;2;49;54;149m    [INFO][0m - [38;2;116;173;209mwavetilts.py:run:769[0m - Trace the tilts
[1;38;2;49;54;149m    [INFO][0m - [38;2;116;173;209mtracewave.py:trace_tilts_work:482[0m - Number of usable arc lines for tilts: 20/20
[1;38;2;49;54;149m    [INFO][0m - [38;2;116;173;209mtracewave.py:trace_tilts:638[0m - PCA modeling 20 good tilts
[1;38;2;49;54;149m    [INFO][0m - [38;2;116;173;209mpca.py:pca_decomposition:101[0m - The unconstrained PCA yields 20 components.
[1;38;2;49;54;149m    [INFO][0m - [38;2;116;173;209mpca.py:pca_decomposition:115[0m - PCA will include 2 component(s), containing 99.943% of the total variance.
[1;38;2;49;54;149m    [INFO][0m - [38;2;116;173;209mtracepca.py:pca_trace_object:410[0m - Order of function fit to each component: [2 1]
[1;38;2;49;54;149m    [INFO][0m - [38;2;116;173;209mtracewave.py:trace_tilts_work:482[0m - Number of usable arc lines for tilts: 19/20
[1;38;2;49;54;149m    [INFO][0m - [38;2;116;173;209mtracewave.py:fit_tilts:706[0m - Fitting tilts with a low order, 2D legendre2d
[1;38;2;49;54;149m    [INFO][0m - [38;2;116;173;209mtracewave.py:fit_tilts:743[0m - Residuals: 2D Legendre Fit
[1;38;2;49;54;149m    [INFO][0m - [38;2;116;173;209mtracewave.py:fit_tilts:744[0m - RMS (pixels): 0.019393032772738752
[1;38;2;49;54;149m    [INFO][0m - [38;2;116;173;209mtracewave.py:fit_tilts:745[0m - RMS/FWHM: 0.004777889750603123
[1;38;2;49;54;149m    [INFO][0m - [38;2;116;173;209mtracewave.py:fit_tilts:747[0m - Inverting the fit to generate the tilts image
[1;38;2;49;54;149m    [INFO][0m - [38;2;116;173;209mtracewave.py:fit_tilts:806[0m - Rejected 0/168733 pixels in final inversion tilts image fit
[1;38;2;253;174;97m [WARNING][0m - [38;2;116;173;209m_methods.py:_var:155[0m - RuntimeWarning: Degrees of freedom <= 0 for slice
[1;38;2;253;174;97m [WARNING][0m - [38;2;116;173;209m_methods.py:_var:178[0m - RuntimeWarning: invalid value encountered in divide
[1;38;2;253;174;97m [WARNING][0m - [38;2;116;173;209m_methods.py:_var:211[0m - RuntimeWarning: invalid value encountered in scalar divide
[1;38;2;49;54;149m    [INFO][0m - [38;2;116;173;209mwavetilts.py:run:748[0m - Computing tilts for slit/order 1238 (14/24)
[1;38;2;49;54;149m    [INFO][0m - [38;2;116;173;209mautoid.py:set_fwhm:1029[0m - Measured arc lines FWHM: 4.0 pixels
[1;38;2;49;54;149m    [INFO][0m - [38;2;116;173;209mwavetilts.py:run:752[0m - Finding lines for tilt analysis
[1;38;2;49;54;149m    [INFO][0m - [38;2;116;173;209mtracewave.py:tilts_find_lines:82[0m - Rejecting 24 lines below sigma threshold.
[1;38;2;49;54;149m    [INFO][0m - [38;2;116;173;209mtracewave.py:tilts_find_lines:103[0m - Removed 2 lines that were too close to neighboring lines.
[1;38;2;49;54;149m    [INFO][0m - [38;2;116;173;209mtracewave.py:tilts_find_lines:125[0m - Modeling arc line tilts with 17 arc lines
[1;38;2;49;54;149m    [INFO][0m - [38;2;116;173;209mwavetilts.py:run:769[0m - Trace the tilts
[1;38;2;49;54;149m    [INFO][0m - [38;2;116;173;209mtracewave.py:trace_tilts_work:482[0m - Number of usable arc lines for tilts: 17/17
[1;38;2;49;54;149m    [INFO][0m - [38;2;116;173;209mtracewave.py:trace_tilts:638[0m - PCA modeling 17 good tilts
[1;38;2;49;54;149m    [INFO][0m - [38;2;116;173;209mpca.py:pca_decomposition:101[0m - The unconstrained PCA yields 17 components.
[1;38;2;49;54;149m    [INFO][0m - [38;2;116;173;209mpca.py:pca_decomposition:115[0m - PCA will include 2 component(s), containing 99.884% of the total variance.
[1;38;2;49;54;149m    [INFO][0m - [38;2;116;173;209mtracepca.py:pca_trace_object:410[0m - Order of function fit to each component: [2 1]
[1;38;2;49;54;149m    [INFO][0m - [38;2;116;173;209mtracewave.py:trace_tilts_work:482[0m - Number of usable arc lines for tilts: 17/17
[1;38;2;49;54;149m    [INFO][0m - [38;2;116;173;209mtracewave.py:fit_tilts:706[0m - Fitting tilts with a low order, 2D legendre2d
[1;38;2;49;54;149m    [INFO][0m - [38;2;116;173;209mtracewave.py:fit_tilts:743[0m - Residuals: 2D Legendre Fit
[1;38;2;49;54;149m    [INFO][0m - [38;2;116;173;209mtracewave.py:fit_tilts:744[0m - RMS (pixels): 0.017896921257141585
[1;38;2;49;54;149m    [INFO][0m - [38;2;116;173;209mtracewave.py:fit_tilts:745[0m - RMS/FWHM: 0.0044550228366062
[1;38;2;49;54;149m    [INFO][0m - [38;2;116;173;209mtracewave.py:fit_tilts:747[0m - Inverting the fit to generate the tilts image
[1;38;2;49;54;149m    [INFO][0m - [38;2;116;173;209mtracewave.py:fit_tilts:806[0m - Rejected 0/168765 pixels in final inversion tilts image fit
[1;38;2;49;54;149m    [INFO][0m - [38;2;116;173;209mwavetilts.py:run:748[0m - Computing tilts for slit/order 1312 (15/24)
[1;38;2;49;54;149m    [INFO][0m - [38;2;116;173;209mautoid.py:set_fwhm:1029[0m - Measured arc lines FWHM: 4.1 pixels
[1;38;2;49;54;149m    [INFO][0m - [38;2;116;173;209mwavetilts.py:run:752[0m - Finding lines for tilt analysis
[1;38;2;49;54;149m    [INFO][0m - [38;2;116;173;209mtracewave.py:tilts_find_lines:82[0m - Rejecting 21 lines below sigma threshold.
[1;38;2;49;54;149m    [INFO][0m - [38;2;116;173;209mtracewave.py:tilts_find_lines:103[0m - Removed 3 lines that were too close to neighboring lines.
[1;38;2;49;54;149m    [INFO][0m - [38;2;116;173;209mtracewave.py:tilts_find_lines:125[0m - Modeling arc line tilts with 18 arc lines
[1;38;2;49;54;149m    [INFO][0m - [38;2;116;173;209mwavetilts.py:run:769[0m - Trace the tilts
[1;38;2;49;54;149m    [INFO][0m - [38;2;116;173;209mtracewave.py:trace_tilts_work:482[0m - Number of usable arc lines for tilts: 18/18
[1;38;2;49;54;149m    [INFO][0m - [38;2;116;173;209mtracewave.py:trace_tilts:638[0m - PCA modeling 18 good tilts
[1;38;2;49;54;149m    [INFO][0m - [38;2;116;173;209mpca.py:pca_decomposition:101[0m - The unconstrained PCA yields 18 components.
[1;38;2;49;54;149m    [INFO][0m - [38;2;116;173;209mpca.py:pca_decomposition:115[0m - PCA will include 2 component(s), containing 99.962% of the total variance.
[1;38;2;49;54;149m    [INFO][0m - [38;2;116;173;209mtracepca.py:pca_trace_object:410[0m - Order of function fit to each component: [2 1]
[1;38;2;49;54;149m    [INFO][0m - [38;2;116;173;209mtracewave.py:trace_tilts_work:482[0m - Number of usable arc lines for tilts: 18/18
[1;38;2;49;54;149m    [INFO][0m - [38;2;116;173;209mtracewave.py:fit_tilts:706[0m - Fitting tilts with a low order, 2D legendre2d
[1;38;2;49;54;149m    [INFO][0m - [38;2;116;173;209mtracewave.py:fit_tilts:743[0m - Residuals: 2D Legendre Fit
[1;38;2;49;54;149m    [INFO][0m - [38;2;116;173;209mtracewave.py:fit_tilts:744[0m - RMS (pixels): 0.02129457327462254
[1;38;2;49;54;149m    [INFO][0m - [38;2;116;173;209mtracewave.py:fit_tilts:745[0m - RMS/FWHM: 0.005175038122910644
[1;38;2;49;54;149m    [INFO][0m - [38;2;116;173;209mtracewave.py:fit_tilts:747[0m - Inverting the fit to generate the tilts image
[1;38;2;49;54;149m    [INFO][0m - [38;2;116;173;209mtracewave.py:fit_tilts:806[0m - Rejected 0/168766 pixels in final inversion tilts image fit
[1;38;2;49;54;149m    [INFO][0m - [38;2;116;173;209mwavetilts.py:run:748[0m - Computing tilts for slit/order 1386 (16/24)
[1;38;2;49;54;149m    [INFO][0m - [38;2;116;173;209mautoid.py:set_fwhm:1029[0m - Measured arc lines FWHM: 4.0 pixels
[1;38;2;49;54;149m    [INFO][0m - [38;2;116;173;209mwavetilts.py:run:752[0m - Finding lines for tilt analysis
[1;38;2;49;54;149m    [INFO][0m - [38;2;116;173;209mtracewave.py:tilts_find_lines:82[0m - Rejecting 20 lines below sigma threshold.
[1;38;2;49;54;149m    [INFO][0m - [38;2;116;173;209mtracewave.py:tilts_find_lines:103[0m - Removed 4 lines that were too close to neighboring lines.
[1;38;2;49;54;149m    [INFO][0m - [38;2;116;173;209mtracewave.py:tilts_find_lines:125[0m - Modeling arc line tilts with 18 arc lines
[1;38;2;49;54;149m    [INFO][0m - [38;2;116;173;209mwavetilts.py:run:769[0m - Trace the tilts
[1;38;2;49;54;149m    [INFO][0m - [38;2;116;173;209mtracewave.py:trace_tilts_work:482[0m - Number of usable arc lines for tilts: 14/18
[1;38;2;49;54;149m    [INFO][0m - [38;2;116;173;209mtracewave.py:trace_tilts:638[0m - PCA modeling 14 good tilts
[1;38;2;49;54;149m    [INFO][0m - [38;2;116;173;209mpca.py:pca_decomposition:101[0m - The unconstrained PCA yields 14 components.
[1;38;2;49;54;149m    [INFO][0m - [38;2;116;173;209mpca.py:pca_decomposition:115[0m - PCA will include 2 component(s), containing 99.956% of the total variance.
[1;38;2;49;54;149m    [INFO][0m - [38;2;116;173;209mtracepca.py:pca_trace_object:410[0m - Order of function fit to each component: [2 1]
[1;38;2;49;54;149m    [INFO][0m - [38;2;116;173;209mtracewave.py:trace_tilts_work:482[0m - Number of usable arc lines for tilts: 15/18
[1;38;2;49;54;149m    [INFO][0m - [38;2;116;173;209mtracewave.py:fit_tilts:706[0m - Fitting tilts with a low order, 2D legendre2d
[1;38;2;49;54;149m    [INFO][0m - [38;2;116;173;209mtracewave.py:fit_tilts:743[0m - Residuals: 2D Legendre Fit
[1;38;2;49;54;149m    [INFO][0m - [38;2;116;173;209mtracewave.py:fit_tilts:744[0m - RMS (pixels): 0.017527154420180702
[1;38;2;49;54;149m    [INFO][0m - [38;2;116;173;209mtracewave.py:fit_tilts:745[0m - RMS/FWHM: 0.00436111273898061
[1;38;2;49;54;149m    [INFO][0m - [38;2;116;173;209mtracewave.py:fit_tilts:747[0m - Inverting the fit to generate the tilts image
[1;38;2;49;54;149m    [INFO][0m - [38;2;116;173;209mtracewave.py:fit_tilts:806[0m - Rejected 0/168695 pixels in final inversion tilts image fit
[1;38;2;253;174;97m [WARNING][0m - [38;2;116;173;209m_methods.py:_var:155[0m - RuntimeWarning: Degrees of freedom <= 0 for slice
[1;38;2;253;174;97m [WARNING][0m - [38;2;116;173;209m_methods.py:_var:178[0m - RuntimeWarning: invalid value encountered in divide
[1;38;2;253;174;97m [WARNING][0m - [38;2;116;173;209m_methods.py:_var:211[0m - RuntimeWarning: invalid value encountered in scalar divide
[1;38;2;49;54;149m    [INFO][0m - [38;2;116;173;209mwavetilts.py:run:748[0m - Computing tilts for slit/order 1459 (17/24)
[1;38;2;49;54;149m    [INFO][0m - [38;2;116;173;209mautoid.py:set_fwhm:1029[0m - Measured arc lines FWHM: 4.0 pixels
[1;38;2;49;54;149m    [INFO][0m - [38;2;116;173;209mwavetilts.py:run:752[0m - Finding lines for tilt analysis
[1;38;2;49;54;149m    [INFO][0m - [38;2;116;173;209mtracewave.py:tilts_find_lines:82[0m - Rejecting 21 lines below sigma threshold.
[1;38;2;49;54;149m    [INFO][0m - [38;2;116;173;209mtracewave.py:tilts_find_lines:103[0m - Removed 2 lines that were too close to neighboring lines.
[1;38;2;49;54;149m    [INFO][0m - [38;2;116;173;209mtracewave.py:tilts_find_lines:125[0m - Modeling arc line tilts with 19 arc lines
[1;38;2;49;54;149m    [INFO][0m - [38;2;116;173;209mwavetilts.py:run:769[0m - Trace the tilts
[1;38;2;49;54;149m    [INFO][0m - [38;2;116;173;209mtracewave.py:trace_tilts_work:482[0m - Number of usable arc lines for tilts: 18/19
[1;38;2;49;54;149m    [INFO][0m - [38;2;116;173;209mtracewave.py:trace_tilts:638[0m - PCA modeling 18 good tilts
[1;38;2;49;54;149m    [INFO][0m - [38;2;116;173;209mpca.py:pca_decomposition:101[0m - The unconstrained PCA yields 18 components.
[1;38;2;49;54;149m    [INFO][0m - [38;2;116;173;209mpca.py:pca_decomposition:115[0m - PCA will include 2 component(s), containing 99.968% of the total variance.
[1;38;2;49;54;149m    [INFO][0m - [38;2;116;173;209mtracepca.py:pca_trace_object:410[0m - Order of function fit to each component: [2 1]
[1;38;2;49;54;149m    [INFO][0m - [38;2;116;173;209mtracewave.py:trace_tilts_work:482[0m - Number of usable arc lines for tilts: 17/19
[1;38;2;49;54;149m    [INFO][0m - [38;2;116;173;209mtracewave.py:fit_tilts:706[0m - Fitting tilts with a low order, 2D legendre2d
[1;38;2;49;54;149m    [INFO][0m - [38;2;116;173;209mtracewave.py:fit_tilts:743[0m - Residuals: 2D Legendre Fit
[1;38;2;49;54;149m    [INFO][0m - [38;2;116;173;209mtracewave.py:fit_tilts:744[0m - RMS (pixels): 0.017971439551651373
[1;38;2;49;54;149m    [INFO][0m - [38;2;116;173;209mtracewave.py:fit_tilts:745[0m - RMS/FWHM: 0.0044380164964029495
[1;38;2;49;54;149m    [INFO][0m - [38;2;116;173;209mtracewave.py:fit_tilts:747[0m - Inverting the fit to generate the tilts image
[1;38;2;49;54;149m    [INFO][0m - [38;2;116;173;209mtracewave.py:fit_tilts:806[0m - Rejected 0/168530 pixels in final inversion tilts image fit
[1;38;2;253;174;97m [WARNING][0m - [38;2;116;173;209m_methods.py:_var:155[0m - RuntimeWarning: Degrees of freedom <= 0 for slice
[1;38;2;253;174;97m [WARNING][0m - [38;2;116;173;209m_methods.py:_var:178[0m - RuntimeWarning: invalid value encountered in divide
[1;38;2;253;174;97m [WARNING][0m - [38;2;116;173;209m_methods.py:_var:211[0m - RuntimeWarning: invalid value encountered in scalar divide
[1;38;2;49;54;149m    [INFO][0m - [38;2;116;173;209mwavetilts.py:run:748[0m - Computing tilts for slit/order 1534 (18/24)
[1;38;2;49;54;149m    [INFO][0m - [38;2;116;173;209mautoid.py:set_fwhm:1029[0m - Measured arc lines FWHM: 4.0 pixels
[1;38;2;49;54;149m    [INFO][0m - [38;2;116;173;209mwavetilts.py:run:752[0m - Finding lines for tilt analysis
[1;38;2;49;54;149m    [INFO][0m - [38;2;116;173;209mtracewave.py:tilts_find_lines:82[0m - Rejecting 23 lines below sigma threshold.
[1;38;2;49;54;149m    [INFO][0m - [38;2;116;173;209mtracewave.py:tilts_find_lines:103[0m - Removed 3 lines that were too close to neighboring lines.
[1;38;2;49;54;149m    [INFO][0m - [38;2;116;173;209mtracewave.py:tilts_find_lines:125[0m - Modeling arc line tilts with 19 arc lines
[1;38;2;49;54;149m    [INFO][0m - [38;2;116;173;209mwavetilts.py:run:769[0m - Trace the tilts
[1;38;2;49;54;149m    [INFO][0m - [38;2;116;173;209mtracewave.py:trace_tilts_work:482[0m - Number of usable arc lines for tilts: 19/19
[1;38;2;49;54;149m    [INFO][0m - [38;2;116;173;209mtracewave.py:trace_tilts:638[0m - PCA modeling 19 good tilts
[1;38;2;49;54;149m    [INFO][0m - [38;2;116;173;209mpca.py:pca_decomposition:101[0m - The unconstrained PCA yields 19 components.
[1;38;2;49;54;149m    [INFO][0m - [38;2;116;173;209mpca.py:pca_decomposition:115[0m - PCA will include 2 component(s), containing 99.928% of the total variance.
[1;38;2;49;54;149m    [INFO][0m - [38;2;116;173;209mtracepca.py:pca_trace_object:410[0m - Order of function fit to each component: [2 1]
[1;38;2;49;54;149m    [INFO][0m - [38;2;116;173;209mtracewave.py:trace_tilts_work:482[0m - Number of usable arc lines for tilts: 19/19
[1;38;2;49;54;149m    [INFO][0m - [38;2;116;173;209mtracewave.py:fit_tilts:706[0m - Fitting tilts with a low order, 2D legendre2d
[1;38;2;49;54;149m    [INFO][0m - [38;2;116;173;209mtracewave.py:fit_tilts:743[0m - Residuals: 2D Legendre Fit
[1;38;2;49;54;149m    [INFO][0m - [38;2;116;173;209mtracewave.py:fit_tilts:744[0m - RMS (pixels): 0.016926539880277994
[1;38;2;49;54;149m    [INFO][0m - [38;2;116;173;209mtracewave.py:fit_tilts:745[0m - RMS/FWHM: 0.004208858878025915
[1;38;2;49;54;149m    [INFO][0m - [38;2;116;173;209mtracewave.py:fit_tilts:747[0m - Inverting the fit to generate the tilts image
[1;38;2;49;54;149m    [INFO][0m - [38;2;116;173;209mtracewave.py:fit_tilts:806[0m - Rejected 0/169037 pixels in final inversion tilts image fit
[1;38;2;49;54;149m    [INFO][0m - [38;2;116;173;209mwavetilts.py:run:748[0m - Computing tilts for slit/order 1607 (19/24)
[1;38;2;49;54;149m    [INFO][0m - [38;2;116;173;209mautoid.py:set_fwhm:1029[0m - Measured arc lines FWHM: 4.1 pixels
[1;38;2;49;54;149m    [INFO][0m - [38;2;116;173;209mwavetilts.py:run:752[0m - Finding lines for tilt analysis
[1;38;2;49;54;149m    [INFO][0m - [38;2;116;173;209mtracewave.py:tilts_find_lines:82[0m - Rejecting 24 lines below sigma threshold.
[1;38;2;49;54;149m    [INFO][0m - [38;2;116;173;209mtracewave.py:tilts_find_lines:103[0m - Removed 2 lines that were too close to neighboring lines.
[1;38;2;49;54;149m    [INFO][0m - [38;2;116;173;209mtracewave.py:tilts_find_lines:125[0m - Modeling arc line tilts with 19 arc lines
[1;38;2;49;54;149m    [INFO][0m - [38;2;116;173;209mwavetilts.py:run:769[0m - Trace the tilts
[1;38;2;49;54;149m    [INFO][0m - [38;2;116;173;209mtracewave.py:trace_tilts_work:482[0m - Number of usable arc lines for tilts: 16/19
[1;38;2;49;54;149m    [INFO][0m - [38;2;116;173;209mtracewave.py:trace_tilts:638[0m - PCA modeling 16 good tilts
[1;38;2;49;54;149m    [INFO][0m - [38;2;116;173;209mpca.py:pca_decomposition:101[0m - The unconstrained PCA yields 16 components.
[1;38;2;49;54;149m    [INFO][0m - [38;2;116;173;209mpca.py:pca_decomposition:115[0m - PCA will include 2 component(s), containing 99.943% of the total variance.
[1;38;2;49;54;149m    [INFO][0m - [38;2;116;173;209mtracepca.py:pca_trace_object:410[0m - Order of function fit to each component: [2 1]
[1;38;2;49;54;149m    [INFO][0m - [38;2;116;173;209mtracewave.py:trace_tilts_work:482[0m - Number of usable arc lines for tilts: 18/19
[1;38;2;49;54;149m    [INFO][0m - [38;2;116;173;209mtracewave.py:fit_tilts:706[0m - Fitting tilts with a low order, 2D legendre2d
[1;38;2;49;54;149m    [INFO][0m - [38;2;116;173;209mtracewave.py:fit_tilts:743[0m - Residuals: 2D Legendre Fit
[1;38;2;49;54;149m    [INFO][0m - [38;2;116;173;209mtracewave.py:fit_tilts:744[0m - RMS (pixels): 0.022304080146138827
[1;38;2;49;54;149m    [INFO][0m - [38;2;116;173;209mtracewave.py:fit_tilts:745[0m - RMS/FWHM: 0.00544952474569593
[1;38;2;49;54;149m    [INFO][0m - [38;2;116;173;209mtracewave.py:fit_tilts:747[0m - Inverting the fit to generate the tilts image
[1;38;2;49;54;149m    [INFO][0m - [38;2;116;173;209mtracewave.py:fit_tilts:806[0m - Rejected 0/168472 pixels in final inversion tilts image fit
[1;38;2;253;174;97m [WARNING][0m - [38;2;116;173;209m_methods.py:_var:155[0m - RuntimeWarning: Degrees of freedom <= 0 for slice
[1;38;2;253;174;97m [WARNING][0m - [38;2;116;173;209m_methods.py:_var:178[0m - RuntimeWarning: invalid value encountered in divide
[1;38;2;253;174;97m [WARNING][0m - [38;2;116;173;209m_methods.py:_var:211[0m - RuntimeWarning: invalid value encountered in scalar divide
[1;38;2;49;54;149m    [INFO][0m - [38;2;116;173;209mwavetilts.py:run:748[0m - Computing tilts for slit/order 1683 (20/24)
[1;38;2;49;54;149m    [INFO][0m - [38;2;116;173;209mautoid.py:set_fwhm:1029[0m - Measured arc lines FWHM: 4.0 pixels
[1;38;2;49;54;149m    [INFO][0m - [38;2;116;173;209mwavetilts.py:run:752[0m - Finding lines for tilt analysis
[1;38;2;49;54;149m    [INFO][0m - [38;2;116;173;209mtracewave.py:tilts_find_lines:82[0m - Rejecting 24 lines below sigma threshold.
[1;38;2;49;54;149m    [INFO][0m - [38;2;116;173;209mtracewave.py:tilts_find_lines:103[0m - Removed 2 lines that were too close to neighboring lines.
[1;38;2;49;54;149m    [INFO][0m - [38;2;116;173;209mtracewave.py:tilts_find_lines:125[0m - Modeling arc line tilts with 18 arc lines
[1;38;2;49;54;149m    [INFO][0m - [38;2;116;173;209mwavetilts.py:run:769[0m - Trace the tilts
[1;38;2;49;54;149m    [INFO][0m - [38;2;116;173;209mtracewave.py:trace_tilts_work:482[0m - Number of usable arc lines for tilts: 16/18
[1;38;2;49;54;149m    [INFO][0m - [38;2;116;173;209mtracewave.py:trace_tilts:638[0m - PCA modeling 16 good tilts
[1;38;2;49;54;149m    [INFO][0m - [38;2;116;173;209mpca.py:pca_decomposition:101[0m - The unconstrained PCA yields 16 components.
[1;38;2;49;54;149m    [INFO][0m - [38;2;116;173;209mpca.py:pca_decomposition:115[0m - PCA will include 2 component(s), containing 99.517% of the total variance.
[1;38;2;49;54;149m    [INFO][0m - [38;2;116;173;209mtracepca.py:pca_trace_object:410[0m - Order of function fit to each component: [2 1]
[1;38;2;49;54;149m    [INFO][0m - [38;2;116;173;209mtracewave.py:trace_tilts_work:482[0m - Number of usable arc lines for tilts: 15/18
[1;38;2;49;54;149m    [INFO][0m - [38;2;116;173;209mtracewave.py:fit_tilts:706[0m - Fitting tilts with a low order, 2D legendre2d
[1;38;2;49;54;149m    [INFO][0m - [38;2;116;173;209mtracewave.py:fit_tilts:743[0m - Residuals: 2D Legendre Fit
[1;38;2;49;54;149m    [INFO][0m - [38;2;116;173;209mtracewave.py:fit_tilts:744[0m - RMS (pixels): 0.018170927774065166
[1;38;2;49;54;149m    [INFO][0m - [38;2;116;173;209mtracewave.py:fit_tilts:745[0m - RMS/FWHM: 0.0045818873192483315
[1;38;2;49;54;149m    [INFO][0m - [38;2;116;173;209mtracewave.py:fit_tilts:747[0m - Inverting the fit to generate the tilts image
[1;38;2;49;54;149m    [INFO][0m - [38;2;116;173;209mtracewave.py:fit_tilts:806[0m - Rejected 0/168435 pixels in final inversion tilts image fit
[1;38;2;253;174;97m [WARNING][0m - [38;2;116;173;209m_methods.py:_var:155[0m - RuntimeWarning: Degrees of freedom <= 0 for slice
[1;38;2;253;174;97m [WARNING][0m - [38;2;116;173;209m_methods.py:_var:178[0m - RuntimeWarning: invalid value encountered in divide
[1;38;2;253;174;97m [WARNING][0m - [38;2;116;173;209m_methods.py:_var:211[0m - RuntimeWarning: invalid value encountered in scalar divide
[1;38;2;49;54;149m    [INFO][0m - [38;2;116;173;209mwavetilts.py:run:748[0m - Computing tilts for slit/order 1758 (21/24)
[1;38;2;49;54;149m    [INFO][0m - [38;2;116;173;209mautoid.py:set_fwhm:1029[0m - Measured arc lines FWHM: 4.1 pixels
[1;38;2;49;54;149m    [INFO][0m - [38;2;116;173;209mwavetilts.py:run:752[0m - Finding lines for tilt analysis
[1;38;2;49;54;149m    [INFO][0m - [38;2;116;173;209mtracewave.py:tilts_find_lines:82[0m - Rejecting 24 lines below sigma threshold.
[1;38;2;49;54;149m    [INFO][0m - [38;2;116;173;209mtracewave.py:tilts_find_lines:103[0m - Removed 3 lines that were too close to neighboring lines.
[1;38;2;49;54;149m    [INFO][0m - [38;2;116;173;209mtracewave.py:tilts_find_lines:125[0m - Modeling arc line tilts with 19 arc lines
[1;38;2;49;54;149m    [INFO][0m - [38;2;116;173;209mwavetilts.py:run:769[0m - Trace the tilts
[1;38;2;49;54;149m    [INFO][0m - [38;2;116;173;209mtracewave.py:trace_tilts_work:482[0m - Number of usable arc lines for tilts: 18/19
[1;38;2;49;54;149m    [INFO][0m - [38;2;116;173;209mtracewave.py:trace_tilts:638[0m - PCA modeling 18 good tilts
[1;38;2;49;54;149m    [INFO][0m - [38;2;116;173;209mpca.py:pca_decomposition:101[0m - The unconstrained PCA yields 18 components.
[1;38;2;49;54;149m    [INFO][0m - [38;2;116;173;209mpca.py:pca_decomposition:115[0m - PCA will include 2 component(s), containing 99.529% of the total variance.
[1;38;2;49;54;149m    [INFO][0m - [38;2;116;173;209mtracepca.py:pca_trace_object:410[0m - Order of function fit to each component: [2 1]
[1;38;2;49;54;149m    [INFO][0m - [38;2;116;173;209mtracewave.py:trace_tilts_work:482[0m - Number of usable arc lines for tilts: 18/19
[1;38;2;49;54;149m    [INFO][0m - [38;2;116;173;209mtracewave.py:fit_tilts:706[0m - Fitting tilts with a low order, 2D legendre2d
[1;38;2;49;54;149m    [INFO][0m - [38;2;116;173;209mtracewave.py:fit_tilts:743[0m - Residuals: 2D Legendre Fit
[1;38;2;49;54;149m    [INFO][0m - [38;2;116;173;209mtracewave.py:fit_tilts:744[0m - RMS (pixels): 0.021473086132576327
[1;38;2;49;54;149m    [INFO][0m - [38;2;116;173;209mtracewave.py:fit_tilts:745[0m - RMS/FWHM: 0.005244739653053444
[1;38;2;49;54;149m    [INFO][0m - [38;2;116;173;209mtracewave.py:fit_tilts:747[0m - Inverting the fit to generate the tilts image
[1;38;2;49;54;149m    [INFO][0m - [38;2;116;173;209mtracewave.py:fit_tilts:806[0m - Rejected 0/168379 pixels in final inversion tilts image fit
[1;38;2;253;174;97m [WARNING][0m - [38;2;116;173;209m_methods.py:_var:155[0m - RuntimeWarning: Degrees of freedom <= 0 for slice
[1;38;2;253;174;97m [WARNING][0m - [38;2;116;173;209m_methods.py:_var:178[0m - RuntimeWarning: invalid value encountered in divide
[1;38;2;253;174;97m [WARNING][0m - [38;2;116;173;209m_methods.py:_var:211[0m - RuntimeWarning: invalid value encountered in scalar divide
[1;38;2;49;54;149m    [INFO][0m - [38;2;116;173;209mwavetilts.py:run:748[0m - Computing tilts for slit/order 1837 (22/24)
[1;38;2;49;54;149m    [INFO][0m - [38;2;116;173;209mautoid.py:set_fwhm:1029[0m - Measured arc lines FWHM: 4.0 pixels
[1;38;2;49;54;149m    [INFO][0m - [38;2;116;173;209mwavetilts.py:run:752[0m - Finding lines for tilt analysis
[1;38;2;49;54;149m    [INFO][0m - [38;2;116;173;209mtracewave.py:tilts_find_lines:82[0m - Rejecting 22 lines below sigma threshold.
[1;38;2;49;54;149m    [INFO][0m - [38;2;116;173;209mtracewave.py:tilts_find_lines:103[0m - Removed 3 lines that were too close to neighboring lines.
[1;38;2;49;54;149m    [INFO][0m - [38;2;116;173;209mtracewave.py:tilts_find_lines:125[0m - Modeling arc line tilts with 19 arc lines
[1;38;2;49;54;149m    [INFO][0m - [38;2;116;173;209mwavetilts.py:run:769[0m - Trace the tilts
[1;38;2;49;54;149m    [INFO][0m - [38;2;116;173;209mtracewave.py:trace_tilts_work:482[0m - Number of usable arc lines for tilts: 17/19
[1;38;2;49;54;149m    [INFO][0m - [38;2;116;173;209mtracewave.py:trace_tilts:638[0m - PCA modeling 17 good tilts
[1;38;2;49;54;149m    [INFO][0m - [38;2;116;173;209mpca.py:pca_decomposition:101[0m - The unconstrained PCA yields 17 components.
[1;38;2;49;54;149m    [INFO][0m - [38;2;116;173;209mpca.py:pca_decomposition:115[0m - PCA will include 2 component(s), containing 99.889% of the total variance.
[1;38;2;49;54;149m    [INFO][0m - [38;2;116;173;209mtracepca.py:pca_trace_object:410[0m - Order of function fit to each component: [2 1]
[1;38;2;49;54;149m    [INFO][0m - [38;2;116;173;209mtracewave.py:trace_tilts_work:482[0m - Number of usable arc lines for tilts: 17/19
[1;38;2;49;54;149m    [INFO][0m - [38;2;116;173;209mtracewave.py:fit_tilts:706[0m - Fitting tilts with a low order, 2D legendre2d
[1;38;2;49;54;149m    [INFO][0m - [38;2;116;173;209mtracewave.py:fit_tilts:743[0m - Residuals: 2D Legendre Fit
[1;38;2;49;54;149m    [INFO][0m - [38;2;116;173;209mtracewave.py:fit_tilts:744[0m - RMS (pixels): 0.020676105846152915
[1;38;2;49;54;149m    [INFO][0m - [38;2;116;173;209mtracewave.py:fit_tilts:745[0m - RMS/FWHM: 0.0052242751835913865
[1;38;2;49;54;149m    [INFO][0m - [38;2;116;173;209mtracewave.py:fit_tilts:747[0m - Inverting the fit to generate the tilts image
[1;38;2;49;54;149m    [INFO][0m - [38;2;116;173;209mtracewave.py:fit_tilts:806[0m - Rejected 0/168395 pixels in final inversion tilts image fit
[1;38;2;253;174;97m [WARNING][0m - [38;2;116;173;209m_methods.py:_var:155[0m - RuntimeWarning: Degrees of freedom <= 0 for slice
[1;38;2;253;174;97m [WARNING][0m - [38;2;116;173;209m_methods.py:_var:178[0m - RuntimeWarning: invalid value encountered in divide
[1;38;2;253;174;97m [WARNING][0m - [38;2;116;173;209m_methods.py:_var:211[0m - RuntimeWarning: invalid value encountered in scalar divide
[1;38;2;49;54;149m    [INFO][0m - [38;2;116;173;209mwavetilts.py:run:748[0m - Computing tilts for slit/order 1914 (23/24)
[1;38;2;49;54;149m    [INFO][0m - [38;2;116;173;209mautoid.py:set_fwhm:1029[0m - Measured arc lines FWHM: 4.1 pixels
[1;38;2;49;54;149m    [INFO][0m - [38;2;116;173;209mwavetilts.py:run:752[0m - Finding lines for tilt analysis
[1;38;2;49;54;149m    [INFO][0m - [38;2;116;173;209mtracewave.py:tilts_find_lines:82[0m - Rejecting 21 lines below sigma threshold.
[1;38;2;49;54;149m    [INFO][0m - [38;2;116;173;209mtracewave.py:tilts_find_lines:103[0m - Removed 1 lines that were too close to neighboring lines.
[1;38;2;49;54;149m    [INFO][0m - [38;2;116;173;209mtracewave.py:tilts_find_lines:125[0m - Modeling arc line tilts with 19 arc lines
[1;38;2;49;54;149m    [INFO][0m - [38;2;116;173;209mwavetilts.py:run:769[0m - Trace the tilts
[1;38;2;49;54;149m    [INFO][0m - [38;2;116;173;209mtracewave.py:trace_tilts_work:482[0m - Number of usable arc lines for tilts: 19/19
[1;38;2;49;54;149m    [INFO][0m - [38;2;116;173;209mtracewave.py:trace_tilts:638[0m - PCA modeling 19 good tilts
[1;38;2;49;54;149m    [INFO][0m - [38;2;116;173;209mpca.py:pca_decomposition:101[0m - The unconstrained PCA yields 19 components.
[1;38;2;49;54;149m    [INFO][0m - [38;2;116;173;209mpca.py:pca_decomposition:115[0m - PCA will include 2 component(s), containing 99.922% of the total variance.
[1;38;2;49;54;149m    [INFO][0m - [38;2;116;173;209mtracepca.py:pca_trace_object:410[0m - Order of function fit to each component: [2 1]
[1;38;2;49;54;149m    [INFO][0m - [38;2;116;173;209mtracewave.py:trace_tilts_work:482[0m - Number of usable arc lines for tilts: 19/19
[1;38;2;49;54;149m    [INFO][0m - [38;2;116;173;209mtracewave.py:fit_tilts:706[0m - Fitting tilts with a low order, 2D legendre2d
[1;38;2;49;54;149m    [INFO][0m - [38;2;116;173;209mtracewave.py:fit_tilts:743[0m - Residuals: 2D Legendre Fit
[1;38;2;49;54;149m    [INFO][0m - [38;2;116;173;209mtracewave.py:fit_tilts:744[0m - RMS (pixels): 0.02283681002097233
[1;38;2;49;54;149m    [INFO][0m - [38;2;116;173;209mtracewave.py:fit_tilts:745[0m - RMS/FWHM: 0.005555509425338857
[1;38;2;49;54;149m    [INFO][0m - [38;2;116;173;209mtracewave.py:fit_tilts:747[0m - Inverting the fit to generate the tilts image
[1;38;2;49;54;149m    [INFO][0m - [38;2;116;173;209mtracewave.py:fit_tilts:806[0m - Rejected 0/168556 pixels in final inversion tilts image fit
[1;38;2;49;54;149m    [INFO][0m - [38;2;116;173;209mwavetilts.py:run:748[0m - Computing tilts for slit/order 1996 (24/24)
[1;38;2;49;54;149m    [INFO][0m - [38;2;116;173;209mautoid.py:set_fwhm:1029[0m - Measured arc lines FWHM: 3.9 pixels
[1;38;2;49;54;149m    [INFO][0m - [38;2;116;173;209mwavetilts.py:run:752[0m - Finding lines for tilt analysis
[1;38;2;49;54;149m    [INFO][0m - [38;2;116;173;209mtracewave.py:tilts_find_lines:82[0m - Rejecting 21 lines below sigma threshold.
[1;38;2;49;54;149m    [INFO][0m - [38;2;116;173;209mtracewave.py:tilts_find_lines:103[0m - Removed 3 lines that were too close to neighboring lines.
[1;38;2;49;54;149m    [INFO][0m - [38;2;116;173;209mtracewave.py:tilts_find_lines:125[0m - Modeling arc line tilts with 19 arc lines
[1;38;2;49;54;149m    [INFO][0m - [38;2;116;173;209mwavetilts.py:run:769[0m - Trace the tilts
[1;38;2;49;54;149m    [INFO][0m - [38;2;116;173;209mtracewave.py:trace_tilts_work:482[0m - Number of usable arc lines for tilts: 19/19
[1;38;2;49;54;149m    [INFO][0m - [38;2;116;173;209mtracewave.py:trace_tilts:638[0m - PCA modeling 19 good tilts
[1;38;2;49;54;149m    [INFO][0m - [38;2;116;173;209mpca.py:pca_decomposition:101[0m - The unconstrained PCA yields 19 components.
[1;38;2;49;54;149m    [INFO][0m - [38;2;116;173;209mpca.py:pca_decomposition:115[0m - PCA will include 2 component(s), containing 99.914% of the total variance.
[1;38;2;49;54;149m    [INFO][0m - [38;2;116;173;209mtracepca.py:pca_trace_object:410[0m - Order of function fit to each component: [2 1]
[1;38;2;49;54;149m    [INFO][0m - [38;2;116;173;209mtracewave.py:trace_tilts_work:482[0m - Number of usable arc lines for tilts: 19/19
[1;38;2;49;54;149m    [INFO][0m - [38;2;116;173;209mtracewave.py:fit_tilts:706[0m - Fitting tilts with a low order, 2D legendre2d
[1;38;2;49;54;149m    [INFO][0m - [38;2;116;173;209mtracewave.py:fit_tilts:743[0m - Residuals: 2D Legendre Fit
[1;38;2;49;54;149m    [INFO][0m - [38;2;116;173;209mtracewave.py:fit_tilts:744[0m - RMS (pixels): 0.02841367368327962
[1;38;2;49;54;149m    [INFO][0m - [38;2;116;173;209mtracewave.py:fit_tilts:745[0m - RMS/FWHM: 0.007199780149427098
[1;38;2;49;54;149m    [INFO][0m - [38;2;116;173;209mtracewave.py:fit_tilts:747[0m - Inverting the fit to generate the tilts image
[1;38;2;49;54;149m    [INFO][0m - [38;2;116;173;209mtracewave.py:fit_tilts:806[0m - Rejected 0/168526 pixels in final inversion tilts image fit
[1;38;2;49;54;149m    [INFO][0m - [38;2;116;173;209mio.py:write_to_fits:672[0m - File written to: /Users/kaiwenzhang/PycharmProjects/KCWI/KCWI_RED_channel_characterization/RM1 pypeit run/2024-05-02/pypeit_run/keck_kcrm_B/Calibrations/Tilts_B_1_DET01.fits
[1;38;2;49;54;149m    [INFO][0m - [38;2;116;173;209mkeck_kcwi.py:get_rawimage:1426[0m - Reading KCWI file: /Users/kaiwenzhang/PycharmProjects/KCWI/KCWI_RED_channel_characterization/fits/by_night/RM1/2024-05-02/KR.20240503.11067.90.fits
[1;38;2;253;174;97m [WARNING][0m - [38;2;116;173;209mkeck_kcwi.py:bpm:820[0m - KCRM bad pixel mask is not available for ampmode=L2U2L1U1 binning=2,2
[1;38;2;49;54;149m    [INFO][0m - [38;2;116;173;209mcalibrations.py:get_align:499[0m - Preparing a Alignment calibration frame.
[1;38;2;49;54;149m    [INFO][0m - [38;2;116;173;209mkeck_kcwi.py:get_rawimage:1426[0m - Reading KCWI file: /Users/kaiwenzhang/PycharmProjects/KCWI/KCWI_RED_channel_characterization/fits/by_night/RM1/2024-05-02/KR.20240503.11067.90.fits
[1;38;2;49;54;149m    [INFO][0m - [38;2;116;173;209mrawimage.py:process:564[0m - Performing basic image processing on KR.20240503.11067.90.fits.
[1;38;2;49;54;149m    [INFO][0m - [38;2;116;173;209mrawimage.py:estimate_readnoise:359[0m - Estimated readnoise of amplifier 1 = 7.898 e-
[1;38;2;49;54;149m    [INFO][0m - [38;2;116;173;209mrawimage.py:estimate_readnoise:359[0m - Estimated readnoise of amplifier 2 = 8.065 e-
[1;38;2;49;54;149m    [INFO][0m - [38;2;116;173;209mrawimage.py:estimate_readnoise:359[0m - Estimated readnoise of amplifier 3 = 8.167 e-
[1;38;2;49;54;149m    [INFO][0m - [38;2;116;173;209mrawimage.py:estimate_readnoise:359[0m - Estimated readnoise of amplifier 4 = 7.678 e-
[1;38;2;49;54;149m    [INFO][0m - [38;2;116;173;209mkeck_kcwi.py:get_rawimage:1426[0m - Reading KCWI file: /Users/kaiwenzhang/PycharmProjects/KCWI/KCWI_RED_channel_characterization/fits/by_night/RM1/2024-05-02/KR.20240503.11098.71.fits
[1;38;2;49;54;149m    [INFO][0m - [38;2;116;173;209mrawimage.py:process:564[0m - Performing basic image processing on KR.20240503.11098.71.fits.
[1;38;2;49;54;149m    [INFO][0m - [38;2;116;173;209mrawimage.py:estimate_readnoise:359[0m - Estimated readnoise of amplifier 1 = 7.739 e-
[1;38;2;49;54;149m    [INFO][0m - [38;2;116;173;209mrawimage.py:estimate_readnoise:359[0m - Estimated readnoise of amplifier 2 = 7.886 e-
[1;38;2;49;54;149m    [INFO][0m - [38;2;116;173;209mrawimage.py:estimate_readnoise:359[0m - Estimated readnoise of amplifier 3 = 8.028 e-
[1;38;2;49;54;149m    [INFO][0m - [38;2;116;173;209mrawimage.py:estimate_readnoise:359[0m - Estimated readnoise of amplifier 4 = 7.575 e-
[1;38;2;49;54;149m    [INFO][0m - [38;2;116;173;209mkeck_kcwi.py:get_rawimage:1426[0m - Reading KCWI file: /Users/kaiwenzhang/PycharmProjects/KCWI/KCWI_RED_channel_characterization/fits/by_night/RM1/2024-05-02/KR.20240503.11130.33.fits
[1;38;2;49;54;149m    [INFO][0m - [38;2;116;173;209mrawimage.py:process:564[0m - Performing basic image processing on KR.20240503.11130.33.fits.
[1;38;2;49;54;149m    [INFO][0m - [38;2;116;173;209mrawimage.py:estimate_readnoise:359[0m - Estimated readnoise of amplifier 1 = 7.246 e-
[1;38;2;49;54;149m    [INFO][0m - [38;2;116;173;209mrawimage.py:estimate_readnoise:359[0m - Estimated readnoise of amplifier 2 = 7.401 e-
[1;38;2;49;54;149m    [INFO][0m - [38;2;116;173;209mrawimage.py:estimate_readnoise:359[0m - Estimated readnoise of amplifier 3 = 7.565 e-
[1;38;2;49;54;149m    [INFO][0m - [38;2;116;173;209mrawimage.py:estimate_readnoise:359[0m - Estimated readnoise of amplifier 4 = 7.173 e-
[1;38;2;253;174;97m [WARNING][0m - [38;2;116;173;209mcombineimage.py:run:195[0m - Exposure time is not consistent for all images being combined!  Using the average.
[1;38;2;49;54;149m    [INFO][0m - [38;2;116;173;209malignframe.py:build_traces:198[0m - Fitting alignment traces in slit 1/24
[1;38;2;49;54;149m    [INFO][0m - [38;2;116;173;209mfindobj_skymask.py:objs_in_slit:2073[0m - Using slit edges as crutch for object tracing
[1;38;2;49;54;149m    [INFO][0m - [38;2;116;173;209mfindobj_skymask.py:objs_in_slit:2098[0m - Automatic finding routine found 5 objects
[1;38;2;49;54;149m    [INFO][0m - [38;2;116;173;209mfindobj_skymask.py:objs_in_slit:2102[0m - Fitting the traces
[1;38;2;253;174;97m [WARNING][0m - [38;2;116;173;209mpolyutils.py:_fit:662[0m - RankWarning: The fit may be poorly conditioned
[1;38;2;49;54;149m    [INFO][0m - [38;2;116;173;209mfindobj_skymask.py:objs_in_slit:2254[0m - Successfully traced a total of 5 objects
[1;38;2;49;54;149m    [INFO][0m - [38;2;116;173;209malignframe.py:build_traces:198[0m - Fitting alignment traces in slit 2/24
[1;38;2;49;54;149m    [INFO][0m - [38;2;116;173;209mfindobj_skymask.py:objs_in_slit:2073[0m - Using slit edges as crutch for object tracing
[1;38;2;49;54;149m    [INFO][0m - [38;2;116;173;209mfindobj_skymask.py:objs_in_slit:2098[0m - Automatic finding routine found 5 objects
[1;38;2;49;54;149m    [INFO][0m - [38;2;116;173;209mfindobj_skymask.py:objs_in_slit:2102[0m - Fitting the traces
[1;38;2;253;174;97m [WARNING][0m - [38;2;116;173;209mpolyutils.py:_fit:662[0m - RankWarning: The fit may be poorly conditioned
[1;38;2;49;54;149m    [INFO][0m - [38;2;116;173;209mfindobj_skymask.py:objs_in_slit:2254[0m - Successfully traced a total of 5 objects
[1;38;2;49;54;149m    [INFO][0m - [38;2;116;173;209malignframe.py:build_traces:198[0m - Fitting alignment traces in slit 3/24
[1;38;2;49;54;149m    [INFO][0m - [38;2;116;173;209mfindobj_skymask.py:objs_in_slit:2073[0m - Using slit edges as crutch for object tracing
[1;38;2;49;54;149m    [INFO][0m - [38;2;116;173;209mfindobj_skymask.py:objs_in_slit:2098[0m - Automatic finding routine found 5 objects
[1;38;2;49;54;149m    [INFO][0m - [38;2;116;173;209mfindobj_skymask.py:objs_in_slit:2102[0m - Fitting the traces
[1;38;2;253;174;97m [WARNING][0m - [38;2;116;173;209mpolyutils.py:_fit:662[0m - RankWarning: The fit may be poorly conditioned
[1;38;2;49;54;149m    [INFO][0m - [38;2;116;173;209mfindobj_skymask.py:objs_in_slit:2254[0m - Successfully traced a total of 5 objects
[1;38;2;49;54;149m    [INFO][0m - [38;2;116;173;209malignframe.py:build_traces:198[0m - Fitting alignment traces in slit 4/24
[1;38;2;49;54;149m    [INFO][0m - [38;2;116;173;209mfindobj_skymask.py:objs_in_slit:2073[0m - Using slit edges as crutch for object tracing
[1;38;2;49;54;149m    [INFO][0m - [38;2;116;173;209mfindobj_skymask.py:objs_in_slit:2098[0m - Automatic finding routine found 5 objects
[1;38;2;49;54;149m    [INFO][0m - [38;2;116;173;209mfindobj_skymask.py:objs_in_slit:2102[0m - Fitting the traces
[1;38;2;253;174;97m [WARNING][0m - [38;2;116;173;209mpolyutils.py:_fit:662[0m - RankWarning: The fit may be poorly conditioned
[1;38;2;49;54;149m    [INFO][0m - [38;2;116;173;209mfindobj_skymask.py:objs_in_slit:2254[0m - Successfully traced a total of 5 objects
[1;38;2;49;54;149m    [INFO][0m - [38;2;116;173;209malignframe.py:build_traces:198[0m - Fitting alignment traces in slit 5/24
[1;38;2;49;54;149m    [INFO][0m - [38;2;116;173;209mfindobj_skymask.py:objs_in_slit:2073[0m - Using slit edges as crutch for object tracing
[1;38;2;49;54;149m    [INFO][0m - [38;2;116;173;209mfindobj_skymask.py:objs_in_slit:2098[0m - Automatic finding routine found 5 objects
[1;38;2;49;54;149m    [INFO][0m - [38;2;116;173;209mfindobj_skymask.py:objs_in_slit:2102[0m - Fitting the traces
[1;38;2;253;174;97m [WARNING][0m - [38;2;116;173;209mpolyutils.py:_fit:662[0m - RankWarning: The fit may be poorly conditioned
[1;38;2;49;54;149m    [INFO][0m - [38;2;116;173;209mfindobj_skymask.py:objs_in_slit:2254[0m - Successfully traced a total of 5 objects
[1;38;2;49;54;149m    [INFO][0m - [38;2;116;173;209malignframe.py:build_traces:198[0m - Fitting alignment traces in slit 6/24
[1;38;2;49;54;149m    [INFO][0m - [38;2;116;173;209mfindobj_skymask.py:objs_in_slit:2073[0m - Using slit edges as crutch for object tracing
[1;38;2;49;54;149m    [INFO][0m - [38;2;116;173;209mfindobj_skymask.py:objs_in_slit:2098[0m - Automatic finding routine found 5 objects
[1;38;2;49;54;149m    [INFO][0m - [38;2;116;173;209mfindobj_skymask.py:objs_in_slit:2102[0m - Fitting the traces
[1;38;2;253;174;97m [WARNING][0m - [38;2;116;173;209mpolyutils.py:_fit:662[0m - RankWarning: The fit may be poorly conditioned
[1;38;2;49;54;149m    [INFO][0m - [38;2;116;173;209mfindobj_skymask.py:objs_in_slit:2254[0m - Successfully traced a total of 5 objects
[1;38;2;49;54;149m    [INFO][0m - [38;2;116;173;209malignframe.py:build_traces:198[0m - Fitting alignment traces in slit 7/24
[1;38;2;49;54;149m    [INFO][0m - [38;2;116;173;209mfindobj_skymask.py:objs_in_slit:2073[0m - Using slit edges as crutch for object tracing
[1;38;2;49;54;149m    [INFO][0m - [38;2;116;173;209mfindobj_skymask.py:objs_in_slit:2098[0m - Automatic finding routine found 5 objects
[1;38;2;49;54;149m    [INFO][0m - [38;2;116;173;209mfindobj_skymask.py:objs_in_slit:2102[0m - Fitting the traces
[1;38;2;253;174;97m [WARNING][0m - [38;2;116;173;209mpolyutils.py:_fit:662[0m - RankWarning: The fit may be poorly conditioned
[1;38;2;49;54;149m    [INFO][0m - [38;2;116;173;209mfindobj_skymask.py:objs_in_slit:2254[0m - Successfully traced a total of 5 objects
[1;38;2;49;54;149m    [INFO][0m - [38;2;116;173;209malignframe.py:build_traces:198[0m - Fitting alignment traces in slit 8/24
[1;38;2;49;54;149m    [INFO][0m - [38;2;116;173;209mfindobj_skymask.py:objs_in_slit:2073[0m - Using slit edges as crutch for object tracing
[1;38;2;49;54;149m    [INFO][0m - [38;2;116;173;209mfindobj_skymask.py:objs_in_slit:2098[0m - Automatic finding routine found 5 objects
[1;38;2;49;54;149m    [INFO][0m - [38;2;116;173;209mfindobj_skymask.py:objs_in_slit:2102[0m - Fitting the traces
[1;38;2;253;174;97m [WARNING][0m - [38;2;116;173;209mpolyutils.py:_fit:662[0m - RankWarning: The fit may be poorly conditioned
[1;38;2;49;54;149m    [INFO][0m - [38;2;116;173;209mfindobj_skymask.py:objs_in_slit:2254[0m - Successfully traced a total of 5 objects
[1;38;2;49;54;149m    [INFO][0m - [38;2;116;173;209malignframe.py:build_traces:198[0m - Fitting alignment traces in slit 9/24
[1;38;2;49;54;149m    [INFO][0m - [38;2;116;173;209mfindobj_skymask.py:objs_in_slit:2073[0m - Using slit edges as crutch for object tracing
[1;38;2;49;54;149m    [INFO][0m - [38;2;116;173;209mfindobj_skymask.py:objs_in_slit:2098[0m - Automatic finding routine found 5 objects
[1;38;2;49;54;149m    [INFO][0m - [38;2;116;173;209mfindobj_skymask.py:objs_in_slit:2102[0m - Fitting the traces
[1;38;2;253;174;97m [WARNING][0m - [38;2;116;173;209mpolyutils.py:_fit:662[0m - RankWarning: The fit may be poorly conditioned
[1;38;2;49;54;149m    [INFO][0m - [38;2;116;173;209mfindobj_skymask.py:objs_in_slit:2254[0m - Successfully traced a total of 5 objects
[1;38;2;49;54;149m    [INFO][0m - [38;2;116;173;209malignframe.py:build_traces:198[0m - Fitting alignment traces in slit 10/24
[1;38;2;49;54;149m    [INFO][0m - [38;2;116;173;209mfindobj_skymask.py:objs_in_slit:2073[0m - Using slit edges as crutch for object tracing
[1;38;2;49;54;149m    [INFO][0m - [38;2;116;173;209mfindobj_skymask.py:objs_in_slit:2098[0m - Automatic finding routine found 5 objects
[1;38;2;49;54;149m    [INFO][0m - [38;2;116;173;209mfindobj_skymask.py:objs_in_slit:2102[0m - Fitting the traces
[1;38;2;253;174;97m [WARNING][0m - [38;2;116;173;209mpolyutils.py:_fit:662[0m - RankWarning: The fit may be poorly conditioned
[1;38;2;49;54;149m    [INFO][0m - [38;2;116;173;209mfindobj_skymask.py:objs_in_slit:2254[0m - Successfully traced a total of 5 objects
[1;38;2;49;54;149m    [INFO][0m - [38;2;116;173;209malignframe.py:build_traces:198[0m - Fitting alignment traces in slit 11/24
[1;38;2;49;54;149m    [INFO][0m - [38;2;116;173;209mfindobj_skymask.py:objs_in_slit:2073[0m - Using slit edges as crutch for object tracing
[1;38;2;49;54;149m    [INFO][0m - [38;2;116;173;209mfindobj_skymask.py:objs_in_slit:2098[0m - Automatic finding routine found 5 objects
[1;38;2;49;54;149m    [INFO][0m - [38;2;116;173;209mfindobj_skymask.py:objs_in_slit:2102[0m - Fitting the traces
[1;38;2;253;174;97m [WARNING][0m - [38;2;116;173;209mpolyutils.py:_fit:662[0m - RankWarning: The fit may be poorly conditioned
[1;38;2;49;54;149m    [INFO][0m - [38;2;116;173;209mfindobj_skymask.py:objs_in_slit:2254[0m - Successfully traced a total of 5 objects
[1;38;2;49;54;149m    [INFO][0m - [38;2;116;173;209malignframe.py:build_traces:198[0m - Fitting alignment traces in slit 12/24
[1;38;2;49;54;149m    [INFO][0m - [38;2;116;173;209mfindobj_skymask.py:objs_in_slit:2073[0m - Using slit edges as crutch for object tracing
[1;38;2;49;54;149m    [INFO][0m - [38;2;116;173;209mfindobj_skymask.py:objs_in_slit:2098[0m - Automatic finding routine found 5 objects
[1;38;2;49;54;149m    [INFO][0m - [38;2;116;173;209mfindobj_skymask.py:objs_in_slit:2102[0m - Fitting the traces
[1;38;2;253;174;97m [WARNING][0m - [38;2;116;173;209mpolyutils.py:_fit:662[0m - RankWarning: The fit may be poorly conditioned
[1;38;2;49;54;149m    [INFO][0m - [38;2;116;173;209mfindobj_skymask.py:objs_in_slit:2254[0m - Successfully traced a total of 5 objects
[1;38;2;49;54;149m    [INFO][0m - [38;2;116;173;209malignframe.py:build_traces:198[0m - Fitting alignment traces in slit 13/24
[1;38;2;49;54;149m    [INFO][0m - [38;2;116;173;209mfindobj_skymask.py:objs_in_slit:2073[0m - Using slit edges as crutch for object tracing
[1;38;2;49;54;149m    [INFO][0m - [38;2;116;173;209mfindobj_skymask.py:objs_in_slit:2098[0m - Automatic finding routine found 5 objects
[1;38;2;49;54;149m    [INFO][0m - [38;2;116;173;209mfindobj_skymask.py:objs_in_slit:2102[0m - Fitting the traces
[1;38;2;253;174;97m [WARNING][0m - [38;2;116;173;209mpolyutils.py:_fit:662[0m - RankWarning: The fit may be poorly conditioned
[1;38;2;49;54;149m    [INFO][0m - [38;2;116;173;209mfindobj_skymask.py:objs_in_slit:2254[0m - Successfully traced a total of 5 objects
[1;38;2;49;54;149m    [INFO][0m - [38;2;116;173;209malignframe.py:build_traces:198[0m - Fitting alignment traces in slit 14/24
[1;38;2;49;54;149m    [INFO][0m - [38;2;116;173;209mfindobj_skymask.py:objs_in_slit:2073[0m - Using slit edges as crutch for object tracing
[1;38;2;49;54;149m    [INFO][0m - [38;2;116;173;209mfindobj_skymask.py:objs_in_slit:2098[0m - Automatic finding routine found 5 objects
[1;38;2;49;54;149m    [INFO][0m - [38;2;116;173;209mfindobj_skymask.py:objs_in_slit:2102[0m - Fitting the traces
[1;38;2;253;174;97m [WARNING][0m - [38;2;116;173;209mpolyutils.py:_fit:662[0m - RankWarning: The fit may be poorly conditioned
[1;38;2;49;54;149m    [INFO][0m - [38;2;116;173;209mfindobj_skymask.py:objs_in_slit:2254[0m - Successfully traced a total of 5 objects
[1;38;2;49;54;149m    [INFO][0m - [38;2;116;173;209malignframe.py:build_traces:198[0m - Fitting alignment traces in slit 15/24
[1;38;2;49;54;149m    [INFO][0m - [38;2;116;173;209mfindobj_skymask.py:objs_in_slit:2073[0m - Using slit edges as crutch for object tracing
[1;38;2;49;54;149m    [INFO][0m - [38;2;116;173;209mfindobj_skymask.py:objs_in_slit:2098[0m - Automatic finding routine found 5 objects
[1;38;2;49;54;149m    [INFO][0m - [38;2;116;173;209mfindobj_skymask.py:objs_in_slit:2102[0m - Fitting the traces
[1;38;2;253;174;97m [WARNING][0m - [38;2;116;173;209mpolyutils.py:_fit:662[0m - RankWarning: The fit may be poorly conditioned
[1;38;2;49;54;149m    [INFO][0m - [38;2;116;173;209mfindobj_skymask.py:objs_in_slit:2254[0m - Successfully traced a total of 5 objects
[1;38;2;49;54;149m    [INFO][0m - [38;2;116;173;209malignframe.py:build_traces:198[0m - Fitting alignment traces in slit 16/24
[1;38;2;49;54;149m    [INFO][0m - [38;2;116;173;209mfindobj_skymask.py:objs_in_slit:2073[0m - Using slit edges as crutch for object tracing
[1;38;2;49;54;149m    [INFO][0m - [38;2;116;173;209mfindobj_skymask.py:objs_in_slit:2098[0m - Automatic finding routine found 5 objects
[1;38;2;49;54;149m    [INFO][0m - [38;2;116;173;209mfindobj_skymask.py:objs_in_slit:2102[0m - Fitting the traces
[1;38;2;253;174;97m [WARNING][0m - [38;2;116;173;209mpolyutils.py:_fit:662[0m - RankWarning: The fit may be poorly conditioned
[1;38;2;49;54;149m    [INFO][0m - [38;2;116;173;209mfindobj_skymask.py:objs_in_slit:2254[0m - Successfully traced a total of 5 objects
[1;38;2;49;54;149m    [INFO][0m - [38;2;116;173;209malignframe.py:build_traces:198[0m - Fitting alignment traces in slit 17/24
[1;38;2;49;54;149m    [INFO][0m - [38;2;116;173;209mfindobj_skymask.py:objs_in_slit:2073[0m - Using slit edges as crutch for object tracing
[1;38;2;49;54;149m    [INFO][0m - [38;2;116;173;209mfindobj_skymask.py:objs_in_slit:2098[0m - Automatic finding routine found 5 objects
[1;38;2;49;54;149m    [INFO][0m - [38;2;116;173;209mfindobj_skymask.py:objs_in_slit:2102[0m - Fitting the traces
[1;38;2;253;174;97m [WARNING][0m - [38;2;116;173;209mpolyutils.py:_fit:662[0m - RankWarning: The fit may be poorly conditioned
[1;38;2;49;54;149m    [INFO][0m - [38;2;116;173;209mfindobj_skymask.py:objs_in_slit:2254[0m - Successfully traced a total of 5 objects
[1;38;2;49;54;149m    [INFO][0m - [38;2;116;173;209malignframe.py:build_traces:198[0m - Fitting alignment traces in slit 18/24
[1;38;2;49;54;149m    [INFO][0m - [38;2;116;173;209mfindobj_skymask.py:objs_in_slit:2073[0m - Using slit edges as crutch for object tracing
[1;38;2;49;54;149m    [INFO][0m - [38;2;116;173;209mfindobj_skymask.py:objs_in_slit:2098[0m - Automatic finding routine found 5 objects
[1;38;2;49;54;149m    [INFO][0m - [38;2;116;173;209mfindobj_skymask.py:objs_in_slit:2102[0m - Fitting the traces
[1;38;2;253;174;97m [WARNING][0m - [38;2;116;173;209mpolyutils.py:_fit:662[0m - RankWarning: The fit may be poorly conditioned
[1;38;2;49;54;149m    [INFO][0m - [38;2;116;173;209mfindobj_skymask.py:objs_in_slit:2254[0m - Successfully traced a total of 5 objects
[1;38;2;49;54;149m    [INFO][0m - [38;2;116;173;209malignframe.py:build_traces:198[0m - Fitting alignment traces in slit 19/24
[1;38;2;49;54;149m    [INFO][0m - [38;2;116;173;209mfindobj_skymask.py:objs_in_slit:2073[0m - Using slit edges as crutch for object tracing
[1;38;2;49;54;149m    [INFO][0m - [38;2;116;173;209mfindobj_skymask.py:objs_in_slit:2098[0m - Automatic finding routine found 5 objects
[1;38;2;49;54;149m    [INFO][0m - [38;2;116;173;209mfindobj_skymask.py:objs_in_slit:2102[0m - Fitting the traces
[1;38;2;253;174;97m [WARNING][0m - [38;2;116;173;209mpolyutils.py:_fit:662[0m - RankWarning: The fit may be poorly conditioned
[1;38;2;49;54;149m    [INFO][0m - [38;2;116;173;209mfindobj_skymask.py:objs_in_slit:2254[0m - Successfully traced a total of 5 objects
[1;38;2;49;54;149m    [INFO][0m - [38;2;116;173;209malignframe.py:build_traces:198[0m - Fitting alignment traces in slit 20/24
[1;38;2;49;54;149m    [INFO][0m - [38;2;116;173;209mfindobj_skymask.py:objs_in_slit:2073[0m - Using slit edges as crutch for object tracing
[1;38;2;49;54;149m    [INFO][0m - [38;2;116;173;209mfindobj_skymask.py:objs_in_slit:2098[0m - Automatic finding routine found 5 objects
[1;38;2;49;54;149m    [INFO][0m - [38;2;116;173;209mfindobj_skymask.py:objs_in_slit:2102[0m - Fitting the traces
[1;38;2;253;174;97m [WARNING][0m - [38;2;116;173;209mpolyutils.py:_fit:662[0m - RankWarning: The fit may be poorly conditioned
[1;38;2;49;54;149m    [INFO][0m - [38;2;116;173;209mfindobj_skymask.py:objs_in_slit:2254[0m - Successfully traced a total of 5 objects
[1;38;2;49;54;149m    [INFO][0m - [38;2;116;173;209malignframe.py:build_traces:198[0m - Fitting alignment traces in slit 21/24
[1;38;2;49;54;149m    [INFO][0m - [38;2;116;173;209mfindobj_skymask.py:objs_in_slit:2073[0m - Using slit edges as crutch for object tracing
[1;38;2;49;54;149m    [INFO][0m - [38;2;116;173;209mfindobj_skymask.py:objs_in_slit:2098[0m - Automatic finding routine found 5 objects
[1;38;2;49;54;149m    [INFO][0m - [38;2;116;173;209mfindobj_skymask.py:objs_in_slit:2102[0m - Fitting the traces
[1;38;2;253;174;97m [WARNING][0m - [38;2;116;173;209mpolyutils.py:_fit:662[0m - RankWarning: The fit may be poorly conditioned
[1;38;2;49;54;149m    [INFO][0m - [38;2;116;173;209mfindobj_skymask.py:objs_in_slit:2254[0m - Successfully traced a total of 5 objects
[1;38;2;49;54;149m    [INFO][0m - [38;2;116;173;209malignframe.py:build_traces:198[0m - Fitting alignment traces in slit 22/24
[1;38;2;49;54;149m    [INFO][0m - [38;2;116;173;209mfindobj_skymask.py:objs_in_slit:2073[0m - Using slit edges as crutch for object tracing
[1;38;2;49;54;149m    [INFO][0m - [38;2;116;173;209mfindobj_skymask.py:objs_in_slit:2098[0m - Automatic finding routine found 5 objects
[1;38;2;49;54;149m    [INFO][0m - [38;2;116;173;209mfindobj_skymask.py:objs_in_slit:2102[0m - Fitting the traces
[1;38;2;253;174;97m [WARNING][0m - [38;2;116;173;209mpolyutils.py:_fit:662[0m - RankWarning: The fit may be poorly conditioned
[1;38;2;49;54;149m    [INFO][0m - [38;2;116;173;209mfindobj_skymask.py:objs_in_slit:2254[0m - Successfully traced a total of 5 objects
[1;38;2;49;54;149m    [INFO][0m - [38;2;116;173;209malignframe.py:build_traces:198[0m - Fitting alignment traces in slit 23/24
[1;38;2;49;54;149m    [INFO][0m - [38;2;116;173;209mfindobj_skymask.py:objs_in_slit:2073[0m - Using slit edges as crutch for object tracing
[1;38;2;49;54;149m    [INFO][0m - [38;2;116;173;209mfindobj_skymask.py:objs_in_slit:2098[0m - Automatic finding routine found 5 objects
[1;38;2;49;54;149m    [INFO][0m - [38;2;116;173;209mfindobj_skymask.py:objs_in_slit:2102[0m - Fitting the traces
[1;38;2;253;174;97m [WARNING][0m - [38;2;116;173;209mpolyutils.py:_fit:662[0m - RankWarning: The fit may be poorly conditioned
[1;38;2;49;54;149m    [INFO][0m - [38;2;116;173;209mfindobj_skymask.py:objs_in_slit:2254[0m - Successfully traced a total of 5 objects
[1;38;2;49;54;149m    [INFO][0m - [38;2;116;173;209malignframe.py:build_traces:198[0m - Fitting alignment traces in slit 24/24
[1;38;2;49;54;149m    [INFO][0m - [38;2;116;173;209mfindobj_skymask.py:objs_in_slit:2073[0m - Using slit edges as crutch for object tracing
[1;38;2;49;54;149m    [INFO][0m - [38;2;116;173;209mfindobj_skymask.py:objs_in_slit:2098[0m - Automatic finding routine found 5 objects
[1;38;2;49;54;149m    [INFO][0m - [38;2;116;173;209mfindobj_skymask.py:objs_in_slit:2102[0m - Fitting the traces
[1;38;2;253;174;97m [WARNING][0m - [38;2;116;173;209mpolyutils.py:_fit:662[0m - RankWarning: The fit may be poorly conditioned
[1;38;2;49;54;149m    [INFO][0m - [38;2;116;173;209mfindobj_skymask.py:objs_in_slit:2254[0m - Successfully traced a total of 5 objects
[1;38;2;49;54;149m    [INFO][0m - [38;2;116;173;209mio.py:write_to_fits:672[0m - File written to: /Users/kaiwenzhang/PycharmProjects/KCWI/KCWI_RED_channel_characterization/RM1 pypeit run/2024-05-02/pypeit_run/keck_kcrm_B/Calibrations/Alignment_B_1_DET01.fits
[1;38;2;49;54;149m    [INFO][0m - [38;2;116;173;209mcalibrations.py:get_scattlight:710[0m - Creating scattered light calibration frame using files: 
[1;38;2;49;54;149m    [INFO][0m - [38;2;116;173;209mcalibrations.py:get_scattlight:712[0m -         KR.20240503.11696.43.fits
[1;38;2;49;54;149m    [INFO][0m - [38;2;116;173;209mcalibrations.py:get_scattlight:712[0m -         KR.20240503.11747.43.fits
[1;38;2;49;54;149m    [INFO][0m - [38;2;116;173;209mcalibrations.py:get_scattlight:712[0m -         KR.20240503.11798.43.fits
[1;38;2;49;54;149m    [INFO][0m - [38;2;116;173;209mcalibrations.py:get_scattlight:712[0m -         KR.20240503.11849.43.fits
[1;38;2;49;54;149m    [INFO][0m - [38;2;116;173;209mcalibrations.py:get_scattlight:712[0m -         KR.20240503.11900.43.fits
[1;38;2;49;54;149m    [INFO][0m - [38;2;116;173;209mcalibrations.py:get_scattlight:712[0m -         KR.20240503.11951.43.fits
[1;38;2;49;54;149m    [INFO][0m - [38;2;116;173;209mkeck_kcwi.py:get_rawimage:1426[0m - Reading KCWI file: /Users/kaiwenzhang/PycharmProjects/KCWI/KCWI_RED_channel_characterization/fits/by_night/RM1/2024-05-02/KR.20240503.11696.43.fits
[1;38;2;49;54;149m    [INFO][0m - [38;2;116;173;209mkeck_kcwi.py:get_rawimage:1426[0m - Reading KCWI file: /Users/kaiwenzhang/PycharmProjects/KCWI/KCWI_RED_channel_characterization/fits/by_night/RM1/2024-05-02/KR.20240503.11696.43.fits
[1;38;2;49;54;149m    [INFO][0m - [38;2;116;173;209mrawimage.py:process:564[0m - Performing basic image processing on KR.20240503.11696.43.fits.
[1;38;2;49;54;149m    [INFO][0m - [38;2;116;173;209mrawimage.py:estimate_readnoise:359[0m - Estimated readnoise of amplifier 1 = 3.830 e-
[1;38;2;49;54;149m    [INFO][0m - [38;2;116;173;209mrawimage.py:estimate_readnoise:359[0m - Estimated readnoise of amplifier 2 = 3.796 e-
[1;38;2;49;54;149m    [INFO][0m - [38;2;116;173;209mkeck_kcwi.py:get_rawimage:1426[0m - Reading KCWI file: /Users/kaiwenzhang/PycharmProjects/KCWI/KCWI_RED_channel_characterization/fits/by_night/RM1/2024-05-02/KR.20240503.11747.43.fits
[1;38;2;49;54;149m    [INFO][0m - [38;2;116;173;209mrawimage.py:process:564[0m - Performing basic image processing on KR.20240503.11747.43.fits.
[1;38;2;49;54;149m    [INFO][0m - [38;2;116;173;209mrawimage.py:estimate_readnoise:359[0m - Estimated readnoise of amplifier 1 = 3.783 e-
[1;38;2;49;54;149m    [INFO][0m - [38;2;116;173;209mrawimage.py:estimate_readnoise:359[0m - Estimated readnoise of amplifier 2 = 3.781 e-
[1;38;2;49;54;149m    [INFO][0m - [38;2;116;173;209mkeck_kcwi.py:get_rawimage:1426[0m - Reading KCWI file: /Users/kaiwenzhang/PycharmProjects/KCWI/KCWI_RED_channel_characterization/fits/by_night/RM1/2024-05-02/KR.20240503.11798.43.fits
[1;38;2;49;54;149m    [INFO][0m - [38;2;116;173;209mrawimage.py:process:564[0m - Performing basic image processing on KR.20240503.11798.43.fits.
[1;38;2;49;54;149m    [INFO][0m - [38;2;116;173;209mrawimage.py:estimate_readnoise:359[0m - Estimated readnoise of amplifier 1 = 3.798 e-
[1;38;2;49;54;149m    [INFO][0m - [38;2;116;173;209mrawimage.py:estimate_readnoise:359[0m - Estimated readnoise of amplifier 2 = 3.778 e-
[1;38;2;49;54;149m    [INFO][0m - [38;2;116;173;209mkeck_kcwi.py:get_rawimage:1426[0m - Reading KCWI file: /Users/kaiwenzhang/PycharmProjects/KCWI/KCWI_RED_channel_characterization/fits/by_night/RM1/2024-05-02/KR.20240503.11849.43.fits
[1;38;2;49;54;149m    [INFO][0m - [38;2;116;173;209mrawimage.py:process:564[0m - Performing basic image processing on KR.20240503.11849.43.fits.
[1;38;2;49;54;149m    [INFO][0m - [38;2;116;173;209mrawimage.py:estimate_readnoise:359[0m - Estimated readnoise of amplifier 1 = 3.751 e-
[1;38;2;49;54;149m    [INFO][0m - [38;2;116;173;209mrawimage.py:estimate_readnoise:359[0m - Estimated readnoise of amplifier 2 = 3.772 e-
[1;38;2;49;54;149m    [INFO][0m - [38;2;116;173;209mkeck_kcwi.py:get_rawimage:1426[0m - Reading KCWI file: /Users/kaiwenzhang/PycharmProjects/KCWI/KCWI_RED_channel_characterization/fits/by_night/RM1/2024-05-02/KR.20240503.11900.43.fits
[1;38;2;49;54;149m    [INFO][0m - [38;2;116;173;209mrawimage.py:process:564[0m - Performing basic image processing on KR.20240503.11900.43.fits.
[1;38;2;49;54;149m    [INFO][0m - [38;2;116;173;209mrawimage.py:estimate_readnoise:359[0m - Estimated readnoise of amplifier 1 = 3.769 e-
[1;38;2;49;54;149m    [INFO][0m - [38;2;116;173;209mrawimage.py:estimate_readnoise:359[0m - Estimated readnoise of amplifier 2 = 3.768 e-
[1;38;2;49;54;149m    [INFO][0m - [38;2;116;173;209mkeck_kcwi.py:get_rawimage:1426[0m - Reading KCWI file: /Users/kaiwenzhang/PycharmProjects/KCWI/KCWI_RED_channel_characterization/fits/by_night/RM1/2024-05-02/KR.20240503.11951.43.fits
[1;38;2;49;54;149m    [INFO][0m - [38;2;116;173;209mrawimage.py:process:564[0m - Performing basic image processing on KR.20240503.11951.43.fits.
[1;38;2;49;54;149m    [INFO][0m - [38;2;116;173;209mrawimage.py:estimate_readnoise:359[0m - Estimated readnoise of amplifier 1 = 3.749 e-
[1;38;2;49;54;149m    [INFO][0m - [38;2;116;173;209mrawimage.py:estimate_readnoise:359[0m - Estimated readnoise of amplifier 2 = 3.765 e-
[1;38;2;253;174;97m [WARNING][0m - [38;2;116;173;209mcombineimage.py:run:195[0m - Exposure time is not consistent for all images being combined!  Using the average.
[1;38;2;253;174;97m [WARNING][0m - [38;2;116;173;209mspectrograph.py:scattered_light_archive:2221[0m - Initial scattered light model parameters have not been setup for grating RM1 of keck_kcrm
[1;38;2;49;54;149m    [INFO][0m - [38;2;116;173;209mutils.py:replace_bad:1503[0m - Replacing bad pixels
[1;38;2;49;54;149m    [INFO][0m - [38;2;116;173;209mscattlight.py:scattered_light:224[0m - Performing a least-squares fit to the scattered light
[1;38;2;49;54;149m    [INFO][0m - [38;2;116;173;209mscattlight.py:scattered_light:231[0m - Generating best-fitting scattered light model
[1;38;2;49;54;149m    [INFO][0m - [38;2;116;173;209mio.py:write_to_fits:670[0m - Compressing file: /Users/kaiwenzhang/PycharmProjects/KCWI/KCWI_RED_channel_characterization/RM1 pypeit run/2024-05-02/pypeit_run/keck_kcrm_B/Calibrations/ScatteredLight_B_1_DET01.fits
[1;38;2;49;54;149m    [INFO][0m - [38;2;116;173;209mio.py:write_to_fits:672[0m - File written to: /Users/kaiwenzhang/PycharmProjects/KCWI/KCWI_RED_channel_characterization/RM1 pypeit run/2024-05-02/pypeit_run/keck_kcrm_B/Calibrations/ScatteredLight_B_1_DET01.fits.gz
[1;38;2;49;54;149m    [INFO][0m - [38;2;116;173;209mkeck_kcwi.py:get_rawimage:1426[0m - Reading KCWI file: /Users/kaiwenzhang/PycharmProjects/KCWI/KCWI_RED_channel_characterization/fits/by_night/RM1/2024-05-02/KR.20240503.11696.43.fits
[1;38;2;49;54;149m    [INFO][0m - [38;2;116;173;209mcalibrations.py:get_flats:888[0m - Creating pixel-flat calibration frame using files: 
[1;38;2;49;54;149m    [INFO][0m - [38;2;116;173;209mcalibrations.py:get_flats:890[0m -         KR.20240503.11696.43.fits
[1;38;2;49;54;149m    [INFO][0m - [38;2;116;173;209mcalibrations.py:get_flats:890[0m -         KR.20240503.11747.43.fits
[1;38;2;49;54;149m    [INFO][0m - [38;2;116;173;209mcalibrations.py:get_flats:890[0m -         KR.20240503.11798.43.fits
[1;38;2;49;54;149m    [INFO][0m - [38;2;116;173;209mcalibrations.py:get_flats:890[0m -         KR.20240503.11849.43.fits
[1;38;2;49;54;149m    [INFO][0m - [38;2;116;173;209mcalibrations.py:get_flats:890[0m -         KR.20240503.11900.43.fits
[1;38;2;49;54;149m    [INFO][0m - [38;2;116;173;209mcalibrations.py:get_flats:890[0m -         KR.20240503.11951.43.fits
[1;38;2;49;54;149m    [INFO][0m - [38;2;116;173;209mkeck_kcwi.py:get_rawimage:1426[0m - Reading KCWI file: /Users/kaiwenzhang/PycharmProjects/KCWI/KCWI_RED_channel_characterization/fits/by_night/RM1/2024-05-02/KR.20240503.11696.43.fits
[1;38;2;49;54;149m    [INFO][0m - [38;2;116;173;209mrawimage.py:process:564[0m - Performing basic image processing on KR.20240503.11696.43.fits.
[1;38;2;49;54;149m    [INFO][0m - [38;2;116;173;209mrawimage.py:estimate_readnoise:359[0m - Estimated readnoise of amplifier 1 = 3.830 e-
[1;38;2;49;54;149m    [INFO][0m - [38;2;116;173;209mrawimage.py:estimate_readnoise:359[0m - Estimated readnoise of amplifier 2 = 3.796 e-
[1;38;2;49;54;149m    [INFO][0m - [38;2;116;173;209mkeck_kcwi.py:get_rawimage:1426[0m - Reading KCWI file: /Users/kaiwenzhang/PycharmProjects/KCWI/KCWI_RED_channel_characterization/fits/by_night/RM1/2024-05-02/KR.20240503.11747.43.fits
[1;38;2;49;54;149m    [INFO][0m - [38;2;116;173;209mrawimage.py:process:564[0m - Performing basic image processing on KR.20240503.11747.43.fits.
[1;38;2;49;54;149m    [INFO][0m - [38;2;116;173;209mrawimage.py:estimate_readnoise:359[0m - Estimated readnoise of amplifier 1 = 3.783 e-
[1;38;2;49;54;149m    [INFO][0m - [38;2;116;173;209mrawimage.py:estimate_readnoise:359[0m - Estimated readnoise of amplifier 2 = 3.781 e-
[1;38;2;49;54;149m    [INFO][0m - [38;2;116;173;209mkeck_kcwi.py:get_rawimage:1426[0m - Reading KCWI file: /Users/kaiwenzhang/PycharmProjects/KCWI/KCWI_RED_channel_characterization/fits/by_night/RM1/2024-05-02/KR.20240503.11798.43.fits
[1;38;2;49;54;149m    [INFO][0m - [38;2;116;173;209mrawimage.py:process:564[0m - Performing basic image processing on KR.20240503.11798.43.fits.
[1;38;2;49;54;149m    [INFO][0m - [38;2;116;173;209mrawimage.py:estimate_readnoise:359[0m - Estimated readnoise of amplifier 1 = 3.798 e-
[1;38;2;49;54;149m    [INFO][0m - [38;2;116;173;209mrawimage.py:estimate_readnoise:359[0m - Estimated readnoise of amplifier 2 = 3.778 e-
[1;38;2;49;54;149m    [INFO][0m - [38;2;116;173;209mkeck_kcwi.py:get_rawimage:1426[0m - Reading KCWI file: /Users/kaiwenzhang/PycharmProjects/KCWI/KCWI_RED_channel_characterization/fits/by_night/RM1/2024-05-02/KR.20240503.11849.43.fits
[1;38;2;49;54;149m    [INFO][0m - [38;2;116;173;209mrawimage.py:process:564[0m - Performing basic image processing on KR.20240503.11849.43.fits.
[1;38;2;49;54;149m    [INFO][0m - [38;2;116;173;209mrawimage.py:estimate_readnoise:359[0m - Estimated readnoise of amplifier 1 = 3.751 e-
[1;38;2;49;54;149m    [INFO][0m - [38;2;116;173;209mrawimage.py:estimate_readnoise:359[0m - Estimated readnoise of amplifier 2 = 3.772 e-
[1;38;2;49;54;149m    [INFO][0m - [38;2;116;173;209mkeck_kcwi.py:get_rawimage:1426[0m - Reading KCWI file: /Users/kaiwenzhang/PycharmProjects/KCWI/KCWI_RED_channel_characterization/fits/by_night/RM1/2024-05-02/KR.20240503.11900.43.fits
[1;38;2;49;54;149m    [INFO][0m - [38;2;116;173;209mrawimage.py:process:564[0m - Performing basic image processing on KR.20240503.11900.43.fits.
[1;38;2;49;54;149m    [INFO][0m - [38;2;116;173;209mrawimage.py:estimate_readnoise:359[0m - Estimated readnoise of amplifier 1 = 3.769 e-
[1;38;2;49;54;149m    [INFO][0m - [38;2;116;173;209mrawimage.py:estimate_readnoise:359[0m - Estimated readnoise of amplifier 2 = 3.768 e-
[1;38;2;49;54;149m    [INFO][0m - [38;2;116;173;209mkeck_kcwi.py:get_rawimage:1426[0m - Reading KCWI file: /Users/kaiwenzhang/PycharmProjects/KCWI/KCWI_RED_channel_characterization/fits/by_night/RM1/2024-05-02/KR.20240503.11951.43.fits
[1;38;2;49;54;149m    [INFO][0m - [38;2;116;173;209mrawimage.py:process:564[0m - Performing basic image processing on KR.20240503.11951.43.fits.
[1;38;2;49;54;149m    [INFO][0m - [38;2;116;173;209mrawimage.py:estimate_readnoise:359[0m - Estimated readnoise of amplifier 1 = 3.749 e-
[1;38;2;49;54;149m    [INFO][0m - [38;2;116;173;209mrawimage.py:estimate_readnoise:359[0m - Estimated readnoise of amplifier 2 = 3.765 e-
[1;38;2;253;174;97m [WARNING][0m - [38;2;116;173;209mcombineimage.py:run:195[0m - Exposure time is not consistent for all images being combined!  Using the average.
[1;38;2;49;54;149m    [INFO][0m - [38;2;116;173;209mflatfield.py:build_waveimg:704[0m - Generating wavelength image
[1;38;2;49;54;149m    [INFO][0m - [38;2;116;173;209mwavetilts.py:fit2tiltimg:143[0m - Generating a tilts image from the fit parameters
[1;38;2;49;54;149m    [INFO][0m - [38;2;116;173;209mflatfield.py:fit:924[0m - Modeling the flat-field response for slit spat_id=61: 1/24
[1;38;2;49;54;149m    [INFO][0m - [38;2;116;173;209mflatfield.py:fit:1008[0m - Spectral fit of flatfield for 131761/144145  pixels in the slit.
[1;38;2;49;54;149m    [INFO][0m - [38;2;116;173;209mfitting.py:bspline_profile:1156[0m - B-spline fit:
[1;38;2;49;54;149m    [INFO][0m - [38;2;116;173;209mfitting.py:bspline_profile:1157[0m -     npoly = 1 profile basis functions
[1;38;2;49;54;149m    [INFO][0m - [38;2;116;173;209mfitting.py:bspline_profile:1158[0m -     ngood = 131761/131761 measurements
[1;38;2;49;54;149m    [INFO][0m - [38;2;116;173;209mfitting.py:bspline_profile:1159[0m - ***************** Iter     Chi^2    N Rej  R. Fac *****************
[1;38;2;49;54;149m    [INFO][0m - [38;2;116;173;209mfitting.py:bspline_profile:1163[0m -                   ----  --------  -------  ------                  
[1;38;2;49;54;149m    [INFO][0m - [38;2;116;173;209mfitting.py:bspline_profile:1257[0m -                      1     0.009       40    1.00                  
[1;38;2;49;54;149m    [INFO][0m - [38;2;116;173;209mfitting.py:bspline_profile:1257[0m -                      2     0.009       45    1.00                  
[1;38;2;49;54;149m    [INFO][0m - [38;2;116;173;209mfitting.py:bspline_profile:1257[0m -                      3     0.009       48    1.00                  
[1;38;2;49;54;149m    [INFO][0m - [38;2;116;173;209mfitting.py:bspline_profile:1257[0m -                      4     0.009       50    1.00                  
[1;38;2;49;54;149m    [INFO][0m - [38;2;116;173;209mfitting.py:bspline_profile:1257[0m -                      5     0.009       51    1.00                  
[1;38;2;49;54;149m    [INFO][0m - [38;2;116;173;209mfitting.py:bspline_profile:1257[0m -                      6     0.009       51    1.00                  
[1;38;2;49;54;149m    [INFO][0m - [38;2;116;173;209mfitting.py:bspline_profile:1272[0m -                   DONE     0.009       51    1.00                  
[1;38;2;49;54;149m    [INFO][0m - [38;2;116;173;209mfitting.py:bspline_profile:1275[0m - *******************************************************************
[1;38;2;49;54;149m    [INFO][0m - [38;2;116;173;209mflatfield.py:fit:1097[0m - Spatial fit of flatfield for 147369/164785  pixels in the slit.
[1;38;2;49;54;149m    [INFO][0m - [38;2;116;173;209mfitting.py:bspline_profile:1156[0m - B-spline fit:
[1;38;2;49;54;149m    [INFO][0m - [38;2;116;173;209mfitting.py:bspline_profile:1157[0m -     npoly = 1 profile basis functions
[1;38;2;49;54;149m    [INFO][0m - [38;2;116;173;209mfitting.py:bspline_profile:1158[0m -     ngood = 147369/147369 measurements
[1;38;2;49;54;149m    [INFO][0m - [38;2;116;173;209mfitting.py:bspline_profile:1159[0m - ***************** Iter     Chi^2    N Rej  R. Fac *****************
[1;38;2;49;54;149m    [INFO][0m - [38;2;116;173;209mfitting.py:bspline_profile:1163[0m -                   ----  --------  -------  ------                  
[1;38;2;49;54;149m    [INFO][0m - [38;2;116;173;209mfitting.py:bspline_profile:1257[0m -                      1     0.000        0    1.00                  
[1;38;2;49;54;149m    [INFO][0m - [38;2;116;173;209mfitting.py:bspline_profile:1272[0m -                   DONE     0.000        0    1.00                  
[1;38;2;49;54;149m    [INFO][0m - [38;2;116;173;209mfitting.py:bspline_profile:1275[0m - *******************************************************************
[1;38;2;253;174;97m [WARNING][0m - [38;2;116;173;209mflat.py:tweak_slit_edges_gradient:538[0m - Left slit edge shift of 1.0% exceeds the maximum allowed of 0.0%
The left edge will not be tweaked.
[1;38;2;253;174;97m [WARNING][0m - [38;2;116;173;209mflat.py:tweak_slit_edges_gradient:547[0m - Right slit edge shift of -0.9% exceeds the maximum allowed of 0.0%
The right edge will not be tweaked.
[1;38;2;49;54;149m    [INFO][0m - [38;2;116;173;209mfitting.py:bspline_profile:1156[0m - B-spline fit:
[1;38;2;49;54;149m    [INFO][0m - [38;2;116;173;209mfitting.py:bspline_profile:1157[0m -     npoly = 1 profile basis functions
[1;38;2;49;54;149m    [INFO][0m - [38;2;116;173;209mfitting.py:bspline_profile:1158[0m -     ngood = 147369/147369 measurements
[1;38;2;49;54;149m    [INFO][0m - [38;2;116;173;209mfitting.py:bspline_profile:1159[0m - ***************** Iter     Chi^2    N Rej  R. Fac *****************
[1;38;2;49;54;149m    [INFO][0m - [38;2;116;173;209mfitting.py:bspline_profile:1163[0m -                   ----  --------  -------  ------                  
[1;38;2;49;54;149m    [INFO][0m - [38;2;116;173;209mfitting.py:bspline_profile:1257[0m -                      1     0.000        0    1.00                  
[1;38;2;49;54;149m    [INFO][0m - [38;2;116;173;209mfitting.py:bspline_profile:1272[0m -                   DONE     0.000        0    1.00                  
[1;38;2;49;54;149m    [INFO][0m - [38;2;116;173;209mfitting.py:bspline_profile:1275[0m - *******************************************************************
[1;38;2;49;54;149m    [INFO][0m - [38;2;116;173;209mflatfield.py:spatial_fit_finecorr:1477[0m - Performing a fine correction to the spatial illumination (slit 61)
[1;38;2;253;174;97m [WARNING][0m - [38;2;116;173;209mfitting.py:robust_fit:456[0m - Maximum number of iterations maxiter=10 reached in robust_polyfit_djs
[1;38;2;49;54;149m    [INFO][0m - [38;2;116;173;209mflatfield.py:spatillum_finecorr_qa:1966[0m - Generating QA for spatial illumination fine correction
[1;38;2;49;54;149m    [INFO][0m - [38;2;116;173;209mflatfield.py:spatillum_finecorr_qa:2047[0m - Saved QA:
/Users/kaiwenzhang/PycharmProjects/KCWI/KCWI_RED_channel_characterization/RM1 pypeit run/2024-05-02/pypeit_run/keck_kcrm_B/QA/PNGs/Spatillum_FineCorr_B_1_DET01_S0061_spatillum_finecorr.png
[1;38;2;49;54;149m    [INFO][0m - [38;2;116;173;209mflatfield.py:fit:1218[0m - Performing 2D illumination + scattered light flat field fit
[1;38;2;49;54;149m    [INFO][0m - [38;2;116;173;209mfitting.py:bspline_profile:1156[0m - B-spline fit:
[1;38;2;49;54;149m    [INFO][0m - [38;2;116;173;209mfitting.py:bspline_profile:1157[0m -     npoly = 7 profile basis functions
[1;38;2;49;54;149m    [INFO][0m - [38;2;116;173;209mfitting.py:bspline_profile:1158[0m -     ngood = 143247/144145 measurements
[1;38;2;49;54;149m    [INFO][0m - [38;2;116;173;209mfitting.py:bspline_profile:1159[0m - ***************** Iter     Chi^2    N Rej  R. Fac *****************
[1;38;2;49;54;149m    [INFO][0m - [38;2;116;173;209mfitting.py:bspline_profile:1163[0m -                   ----  --------  -------  ------                  
[1;38;2;49;54;149m    [INFO][0m - [38;2;116;173;209mfitting.py:bspline_profile:1257[0m -                      1     4.656    10598    1.00                  
[1;38;2;49;54;149m    [INFO][0m - [38;2;116;173;209mfitting.py:bspline_profile:1257[0m -                      2     0.711    10938    1.00                  
[1;38;2;49;54;149m    [INFO][0m - [38;2;116;173;209mfitting.py:bspline_profile:1257[0m -                      3     0.637    11064    1.00                  
[1;38;2;49;54;149m    [INFO][0m - [38;2;116;173;209mfitting.py:bspline_profile:1257[0m -                      4     0.615    11141    1.00                  
[1;38;2;49;54;149m    [INFO][0m - [38;2;116;173;209mfitting.py:bspline_profile:1257[0m -                      5     0.602    11189    1.00                  
[1;38;2;49;54;149m    [INFO][0m - [38;2;116;173;209mfitting.py:bspline_profile:1257[0m -                      6     0.594    11221    1.00                  
[1;38;2;49;54;149m    [INFO][0m - [38;2;116;173;209mfitting.py:bspline_profile:1257[0m -                      7     0.589    11244    1.00                  
[1;38;2;49;54;149m    [INFO][0m - [38;2;116;173;209mfitting.py:bspline_profile:1257[0m -                      8     0.585    11260    1.00                  
[1;38;2;49;54;149m    [INFO][0m - [38;2;116;173;209mfitting.py:bspline_profile:1257[0m -                      9     0.582    11269    1.00                  
[1;38;2;49;54;149m    [INFO][0m - [38;2;116;173;209mfitting.py:bspline_profile:1257[0m -                     10     0.581    11275    1.00                  
[1;38;2;49;54;149m    [INFO][0m - [38;2;116;173;209mfitting.py:bspline_profile:1257[0m -                     11     0.580    11278    1.00                  
[1;38;2;49;54;149m    [INFO][0m - [38;2;116;173;209mfitting.py:bspline_profile:1257[0m -                     12     0.580    11281    1.00                  
[1;38;2;49;54;149m    [INFO][0m - [38;2;116;173;209mfitting.py:bspline_profile:1257[0m -                     13     0.579    11284    1.00                  
[1;38;2;49;54;149m    [INFO][0m - [38;2;116;173;209mfitting.py:bspline_profile:1257[0m -                     14     0.579    11285    1.00                  
[1;38;2;49;54;149m    [INFO][0m - [38;2;116;173;209mfitting.py:bspline_profile:1257[0m -                     15     0.579    11286    1.00                  
[1;38;2;49;54;149m    [INFO][0m - [38;2;116;173;209mfitting.py:bspline_profile:1257[0m -                     16     0.579    11287    1.00                  
[1;38;2;49;54;149m    [INFO][0m - [38;2;116;173;209mfitting.py:bspline_profile:1257[0m -                     17     0.579    11287    1.00                  
[1;38;2;49;54;149m    [INFO][0m - [38;2;116;173;209mfitting.py:bspline_profile:1272[0m -                   DONE     0.579    11287    1.00                  
[1;38;2;49;54;149m    [INFO][0m - [38;2;116;173;209mfitting.py:bspline_profile:1275[0m - *******************************************************************
[1;38;2;49;54;149m    [INFO][0m - [38;2;116;173;209mflatfield.py:fit:924[0m - Modeling the flat-field response for slit spat_id=142: 2/24
[1;38;2;49;54;149m    [INFO][0m - [38;2;116;173;209mflatfield.py:fit:1008[0m - Spectral fit of flatfield for 132150/144534  pixels in the slit.
[1;38;2;49;54;149m    [INFO][0m - [38;2;116;173;209mfitting.py:bspline_profile:1156[0m - B-spline fit:
[1;38;2;49;54;149m    [INFO][0m - [38;2;116;173;209mfitting.py:bspline_profile:1157[0m -     npoly = 1 profile basis functions
[1;38;2;49;54;149m    [INFO][0m - [38;2;116;173;209mfitting.py:bspline_profile:1158[0m -     ngood = 132150/132150 measurements
[1;38;2;49;54;149m    [INFO][0m - [38;2;116;173;209mfitting.py:bspline_profile:1159[0m - ***************** Iter     Chi^2    N Rej  R. Fac *****************
[1;38;2;49;54;149m    [INFO][0m - [38;2;116;173;209mfitting.py:bspline_profile:1163[0m -                   ----  --------  -------  ------                  
[1;38;2;49;54;149m    [INFO][0m - [38;2;116;173;209mfitting.py:bspline_profile:1257[0m -                      1     0.006        6    1.00                  
[1;38;2;49;54;149m    [INFO][0m - [38;2;116;173;209mfitting.py:bspline_profile:1257[0m -                      2     0.005        8    1.00                  
[1;38;2;49;54;149m    [INFO][0m - [38;2;116;173;209mfitting.py:bspline_profile:1257[0m -                      3     0.005        9    1.00                  
[1;38;2;49;54;149m    [INFO][0m - [38;2;116;173;209mfitting.py:bspline_profile:1257[0m -                      4     0.005        9    1.00                  
[1;38;2;49;54;149m    [INFO][0m - [38;2;116;173;209mfitting.py:bspline_profile:1272[0m -                   DONE     0.005        9    1.00                  
[1;38;2;49;54;149m    [INFO][0m - [38;2;116;173;209mfitting.py:bspline_profile:1275[0m - *******************************************************************
[1;38;2;49;54;149m    [INFO][0m - [38;2;116;173;209mflatfield.py:fit:1097[0m - Spatial fit of flatfield for 148234/155759  pixels in the slit.
[1;38;2;49;54;149m    [INFO][0m - [38;2;116;173;209mfitting.py:bspline_profile:1156[0m - B-spline fit:
[1;38;2;49;54;149m    [INFO][0m - [38;2;116;173;209mfitting.py:bspline_profile:1157[0m -     npoly = 1 profile basis functions
[1;38;2;49;54;149m    [INFO][0m - [38;2;116;173;209mfitting.py:bspline_profile:1158[0m -     ngood = 148234/148234 measurements
[1;38;2;49;54;149m    [INFO][0m - [38;2;116;173;209mfitting.py:bspline_profile:1159[0m - ***************** Iter     Chi^2    N Rej  R. Fac *****************
[1;38;2;49;54;149m    [INFO][0m - [38;2;116;173;209mfitting.py:bspline_profile:1163[0m -                   ----  --------  -------  ------                  
[1;38;2;49;54;149m    [INFO][0m - [38;2;116;173;209mfitting.py:bspline_profile:1257[0m -                      1     0.000        0    1.00                  
[1;38;2;49;54;149m    [INFO][0m - [38;2;116;173;209mfitting.py:bspline_profile:1272[0m -                   DONE     0.000        0    1.00                  
[1;38;2;49;54;149m    [INFO][0m - [38;2;116;173;209mfitting.py:bspline_profile:1275[0m - *******************************************************************
[1;38;2;253;174;97m [WARNING][0m - [38;2;116;173;209mflat.py:tweak_slit_edges_gradient:538[0m - Left slit edge shift of 1.1% exceeds the maximum allowed of 0.0%
The left edge will not be tweaked.
[1;38;2;253;174;97m [WARNING][0m - [38;2;116;173;209mflat.py:tweak_slit_edges_gradient:547[0m - Right slit edge shift of -1.8% exceeds the maximum allowed of 0.0%
The right edge will not be tweaked.
[1;38;2;49;54;149m    [INFO][0m - [38;2;116;173;209mfitting.py:bspline_profile:1156[0m - B-spline fit:
[1;38;2;49;54;149m    [INFO][0m - [38;2;116;173;209mfitting.py:bspline_profile:1157[0m -     npoly = 1 profile basis functions
[1;38;2;49;54;149m    [INFO][0m - [38;2;116;173;209mfitting.py:bspline_profile:1158[0m -     ngood = 148234/148234 measurements
[1;38;2;49;54;149m    [INFO][0m - [38;2;116;173;209mfitting.py:bspline_profile:1159[0m - ***************** Iter     Chi^2    N Rej  R. Fac *****************
[1;38;2;49;54;149m    [INFO][0m - [38;2;116;173;209mfitting.py:bspline_profile:1163[0m -                   ----  --------  -------  ------                  
[1;38;2;49;54;149m    [INFO][0m - [38;2;116;173;209mfitting.py:bspline_profile:1257[0m -                      1     0.000        0    1.00                  
[1;38;2;49;54;149m    [INFO][0m - [38;2;116;173;209mfitting.py:bspline_profile:1272[0m -                   DONE     0.000        0    1.00                  
[1;38;2;49;54;149m    [INFO][0m - [38;2;116;173;209mfitting.py:bspline_profile:1275[0m - *******************************************************************
[1;38;2;49;54;149m    [INFO][0m - [38;2;116;173;209mflatfield.py:spatial_fit_finecorr:1477[0m - Performing a fine correction to the spatial illumination (slit 142)
[1;38;2;253;174;97m [WARNING][0m - [38;2;116;173;209mfitting.py:robust_fit:456[0m - Maximum number of iterations maxiter=10 reached in robust_polyfit_djs
[1;38;2;49;54;149m    [INFO][0m - [38;2;116;173;209mflatfield.py:spatillum_finecorr_qa:1966[0m - Generating QA for spatial illumination fine correction
[1;38;2;49;54;149m    [INFO][0m - [38;2;116;173;209mflatfield.py:spatillum_finecorr_qa:2047[0m - Saved QA:
/Users/kaiwenzhang/PycharmProjects/KCWI/KCWI_RED_channel_characterization/RM1 pypeit run/2024-05-02/pypeit_run/keck_kcrm_B/QA/PNGs/Spatillum_FineCorr_B_1_DET01_S0142_spatillum_finecorr.png
[1;38;2;49;54;149m    [INFO][0m - [38;2;116;173;209mflatfield.py:fit:1218[0m - Performing 2D illumination + scattered light flat field fit
[1;38;2;49;54;149m    [INFO][0m - [38;2;116;173;209mfitting.py:bspline_profile:1156[0m - B-spline fit:
[1;38;2;49;54;149m    [INFO][0m - [38;2;116;173;209mfitting.py:bspline_profile:1157[0m -     npoly = 7 profile basis functions
[1;38;2;49;54;149m    [INFO][0m - [38;2;116;173;209mfitting.py:bspline_profile:1158[0m -     ngood = 142647/144534 measurements
[1;38;2;49;54;149m    [INFO][0m - [38;2;116;173;209mfitting.py:bspline_profile:1159[0m - ***************** Iter     Chi^2    N Rej  R. Fac *****************
[1;38;2;49;54;149m    [INFO][0m - [38;2;116;173;209mfitting.py:bspline_profile:1163[0m -                   ----  --------  -------  ------                  
[1;38;2;49;54;149m    [INFO][0m - [38;2;116;173;209mfitting.py:bspline_profile:1257[0m -                      1     2.886     6614    1.00                  
[1;38;2;49;54;149m    [INFO][0m - [38;2;116;173;209mfitting.py:bspline_profile:1257[0m -                      2     0.530     6861    1.00                  
[1;38;2;49;54;149m    [INFO][0m - [38;2;116;173;209mfitting.py:bspline_profile:1257[0m -                      3     0.475     6991    1.00                  
[1;38;2;49;54;149m    [INFO][0m - [38;2;116;173;209mfitting.py:bspline_profile:1257[0m -                      4     0.452     7072    1.00                  
[1;38;2;49;54;149m    [INFO][0m - [38;2;116;173;209mfitting.py:bspline_profile:1257[0m -                      5     0.438     7128    1.00                  
[1;38;2;49;54;149m    [INFO][0m - [38;2;116;173;209mfitting.py:bspline_profile:1257[0m -                      6     0.429     7156    1.00                  
[1;38;2;49;54;149m    [INFO][0m - [38;2;116;173;209mfitting.py:bspline_profile:1257[0m -                      7     0.424     7175    1.00                  
[1;38;2;49;54;149m    [INFO][0m - [38;2;116;173;209mfitting.py:bspline_profile:1257[0m -                      8     0.422     7188    1.00                  
[1;38;2;49;54;149m    [INFO][0m - [38;2;116;173;209mfitting.py:bspline_profile:1257[0m -                      9     0.420     7199    1.00                  
[1;38;2;49;54;149m    [INFO][0m - [38;2;116;173;209mfitting.py:bspline_profile:1257[0m -                     10     0.418     7212    1.00                  
[1;38;2;49;54;149m    [INFO][0m - [38;2;116;173;209mfitting.py:bspline_profile:1257[0m -                     11     0.416     7225    1.00                  
[1;38;2;49;54;149m    [INFO][0m - [38;2;116;173;209mfitting.py:bspline_profile:1257[0m -                     12     0.414     7236    1.00                  
[1;38;2;49;54;149m    [INFO][0m - [38;2;116;173;209mfitting.py:bspline_profile:1257[0m -                     13     0.412     7242    1.00                  
[1;38;2;49;54;149m    [INFO][0m - [38;2;116;173;209mfitting.py:bspline_profile:1257[0m -                     14     0.411     7243    1.00                  
[1;38;2;49;54;149m    [INFO][0m - [38;2;116;173;209mfitting.py:bspline_profile:1257[0m -                     15     0.410     7244    1.00                  
[1;38;2;49;54;149m    [INFO][0m - [38;2;116;173;209mfitting.py:bspline_profile:1257[0m -                     16     0.410     7245    1.00                  
[1;38;2;49;54;149m    [INFO][0m - [38;2;116;173;209mfitting.py:bspline_profile:1257[0m -                     17     0.410     7245    1.00                  
[1;38;2;49;54;149m    [INFO][0m - [38;2;116;173;209mfitting.py:bspline_profile:1272[0m -                   DONE     0.410     7245    1.00                  
[1;38;2;49;54;149m    [INFO][0m - [38;2;116;173;209mfitting.py:bspline_profile:1275[0m - *******************************************************************
[1;38;2;49;54;149m    [INFO][0m - [38;2;116;173;209mflatfield.py:fit:924[0m - Modeling the flat-field response for slit spat_id=217: 3/24
[1;38;2;49;54;149m    [INFO][0m - [38;2;116;173;209mflatfield.py:fit:1008[0m - Spectral fit of flatfield for 131995/144379  pixels in the slit.
[1;38;2;49;54;149m    [INFO][0m - [38;2;116;173;209mfitting.py:bspline_profile:1156[0m - B-spline fit:
[1;38;2;49;54;149m    [INFO][0m - [38;2;116;173;209mfitting.py:bspline_profile:1157[0m -     npoly = 1 profile basis functions
[1;38;2;49;54;149m    [INFO][0m - [38;2;116;173;209mfitting.py:bspline_profile:1158[0m -     ngood = 131995/131995 measurements
[1;38;2;49;54;149m    [INFO][0m - [38;2;116;173;209mfitting.py:bspline_profile:1159[0m - ***************** Iter     Chi^2    N Rej  R. Fac *****************
[1;38;2;49;54;149m    [INFO][0m - [38;2;116;173;209mfitting.py:bspline_profile:1163[0m -                   ----  --------  -------  ------                  
[1;38;2;49;54;149m    [INFO][0m - [38;2;116;173;209mfitting.py:bspline_profile:1257[0m -                      1     0.007        8    1.00                  
[1;38;2;49;54;149m    [INFO][0m - [38;2;116;173;209mfitting.py:bspline_profile:1257[0m -                      2     0.007       10    1.00                  
[1;38;2;49;54;149m    [INFO][0m - [38;2;116;173;209mfitting.py:bspline_profile:1257[0m -                      3     0.007       11    1.00                  
[1;38;2;49;54;149m    [INFO][0m - [38;2;116;173;209mfitting.py:bspline_profile:1257[0m -                      4     0.007       12    1.00                  
[1;38;2;49;54;149m    [INFO][0m - [38;2;116;173;209mfitting.py:bspline_profile:1257[0m -                      5     0.007       12    1.00                  
[1;38;2;49;54;149m    [INFO][0m - [38;2;116;173;209mfitting.py:bspline_profile:1272[0m -                   DONE     0.007       12    1.00                  
[1;38;2;49;54;149m    [INFO][0m - [38;2;116;173;209mfitting.py:bspline_profile:1275[0m - *******************************************************************
[1;38;2;49;54;149m    [INFO][0m - [38;2;116;173;209mflatfield.py:fit:1097[0m - Spatial fit of flatfield for 144660/161916  pixels in the slit.
[1;38;2;49;54;149m    [INFO][0m - [38;2;116;173;209mfitting.py:bspline_profile:1156[0m - B-spline fit:
[1;38;2;49;54;149m    [INFO][0m - [38;2;116;173;209mfitting.py:bspline_profile:1157[0m -     npoly = 1 profile basis functions
[1;38;2;49;54;149m    [INFO][0m - [38;2;116;173;209mfitting.py:bspline_profile:1158[0m -     ngood = 144660/144660 measurements
[1;38;2;49;54;149m    [INFO][0m - [38;2;116;173;209mfitting.py:bspline_profile:1159[0m - ***************** Iter     Chi^2    N Rej  R. Fac *****************
[1;38;2;49;54;149m    [INFO][0m - [38;2;116;173;209mfitting.py:bspline_profile:1163[0m -                   ----  --------  -------  ------                  
[1;38;2;49;54;149m    [INFO][0m - [38;2;116;173;209mfitting.py:bspline_profile:1257[0m -                      1     0.000        0    1.00                  
[1;38;2;49;54;149m    [INFO][0m - [38;2;116;173;209mfitting.py:bspline_profile:1272[0m -                   DONE     0.000        0    1.00                  
[1;38;2;49;54;149m    [INFO][0m - [38;2;116;173;209mfitting.py:bspline_profile:1275[0m - *******************************************************************
[1;38;2;253;174;97m [WARNING][0m - [38;2;116;173;209mflat.py:tweak_slit_edges_gradient:538[0m - Left slit edge shift of 0.9% exceeds the maximum allowed of 0.0%
The left edge will not be tweaked.
[1;38;2;253;174;97m [WARNING][0m - [38;2;116;173;209mflat.py:tweak_slit_edges_gradient:547[0m - Right slit edge shift of -1.1% exceeds the maximum allowed of 0.0%
The right edge will not be tweaked.
[1;38;2;49;54;149m    [INFO][0m - [38;2;116;173;209mfitting.py:bspline_profile:1156[0m - B-spline fit:
[1;38;2;49;54;149m    [INFO][0m - [38;2;116;173;209mfitting.py:bspline_profile:1157[0m -     npoly = 1 profile basis functions
[1;38;2;49;54;149m    [INFO][0m - [38;2;116;173;209mfitting.py:bspline_profile:1158[0m -     ngood = 144660/144660 measurements
[1;38;2;49;54;149m    [INFO][0m - [38;2;116;173;209mfitting.py:bspline_profile:1159[0m - ***************** Iter     Chi^2    N Rej  R. Fac *****************
[1;38;2;49;54;149m    [INFO][0m - [38;2;116;173;209mfitting.py:bspline_profile:1163[0m -                   ----  --------  -------  ------                  
[1;38;2;49;54;149m    [INFO][0m - [38;2;116;173;209mfitting.py:bspline_profile:1257[0m -                      1     0.000        0    1.00                  
[1;38;2;49;54;149m    [INFO][0m - [38;2;116;173;209mfitting.py:bspline_profile:1272[0m -                   DONE     0.000        0    1.00                  
[1;38;2;49;54;149m    [INFO][0m - [38;2;116;173;209mfitting.py:bspline_profile:1275[0m - *******************************************************************
[1;38;2;49;54;149m    [INFO][0m - [38;2;116;173;209mflatfield.py:spatial_fit_finecorr:1477[0m - Performing a fine correction to the spatial illumination (slit 217)
[1;38;2;253;174;97m [WARNING][0m - [38;2;116;173;209mfitting.py:robust_fit:456[0m - Maximum number of iterations maxiter=10 reached in robust_polyfit_djs
[1;38;2;49;54;149m    [INFO][0m - [38;2;116;173;209mflatfield.py:spatillum_finecorr_qa:1966[0m - Generating QA for spatial illumination fine correction
[1;38;2;49;54;149m    [INFO][0m - [38;2;116;173;209mflatfield.py:spatillum_finecorr_qa:2047[0m - Saved QA:
/Users/kaiwenzhang/PycharmProjects/KCWI/KCWI_RED_channel_characterization/RM1 pypeit run/2024-05-02/pypeit_run/keck_kcrm_B/QA/PNGs/Spatillum_FineCorr_B_1_DET01_S0217_spatillum_finecorr.png
[1;38;2;49;54;149m    [INFO][0m - [38;2;116;173;209mflatfield.py:fit:1218[0m - Performing 2D illumination + scattered light flat field fit
[1;38;2;49;54;149m    [INFO][0m - [38;2;116;173;209mfitting.py:bspline_profile:1156[0m - B-spline fit:
[1;38;2;49;54;149m    [INFO][0m - [38;2;116;173;209mfitting.py:bspline_profile:1157[0m -     npoly = 7 profile basis functions
[1;38;2;49;54;149m    [INFO][0m - [38;2;116;173;209mfitting.py:bspline_profile:1158[0m -     ngood = 143592/144379 measurements
[1;38;2;49;54;149m    [INFO][0m - [38;2;116;173;209mfitting.py:bspline_profile:1159[0m - ***************** Iter     Chi^2    N Rej  R. Fac *****************
[1;38;2;49;54;149m    [INFO][0m - [38;2;116;173;209mfitting.py:bspline_profile:1163[0m -                   ----  --------  -------  ------                  
[1;38;2;49;54;149m    [INFO][0m - [38;2;116;173;209mfitting.py:bspline_profile:1257[0m -                      1     4.486    10224    1.00                  
[1;38;2;49;54;149m    [INFO][0m - [38;2;116;173;209mfitting.py:bspline_profile:1257[0m -                      2     0.673    10599    1.00                  
[1;38;2;49;54;149m    [INFO][0m - [38;2;116;173;209mfitting.py:bspline_profile:1257[0m -                      3     0.593    10735    1.00                  
[1;38;2;49;54;149m    [INFO][0m - [38;2;116;173;209mfitting.py:bspline_profile:1257[0m -                      4     0.570    10811    1.00                  
[1;38;2;49;54;149m    [INFO][0m - [38;2;116;173;209mfitting.py:bspline_profile:1257[0m -                      5     0.558    10851    1.00                  
[1;38;2;49;54;149m    [INFO][0m - [38;2;116;173;209mfitting.py:bspline_profile:1257[0m -                      6     0.552    10876    1.00                  
[1;38;2;49;54;149m    [INFO][0m - [38;2;116;173;209mfitting.py:bspline_profile:1257[0m -                      7     0.548    10897    1.00                  
[1;38;2;49;54;149m    [INFO][0m - [38;2;116;173;209mfitting.py:bspline_profile:1257[0m -                      8     0.545    10915    1.00                  
[1;38;2;49;54;149m    [INFO][0m - [38;2;116;173;209mfitting.py:bspline_profile:1257[0m -                      9     0.542    10929    1.00                  
[1;38;2;49;54;149m    [INFO][0m - [38;2;116;173;209mfitting.py:bspline_profile:1257[0m -                     10     0.539    10936    1.00                  
[1;38;2;49;54;149m    [INFO][0m - [38;2;116;173;209mfitting.py:bspline_profile:1257[0m -                     11     0.538    10943    1.00                  
[1;38;2;49;54;149m    [INFO][0m - [38;2;116;173;209mfitting.py:bspline_profile:1257[0m -                     12     0.536    10950    1.00                  
[1;38;2;49;54;149m    [INFO][0m - [38;2;116;173;209mfitting.py:bspline_profile:1257[0m -                     13     0.535    10954    1.00                  
[1;38;2;49;54;149m    [INFO][0m - [38;2;116;173;209mfitting.py:bspline_profile:1257[0m -                     14     0.535    10960    1.00                  
[1;38;2;49;54;149m    [INFO][0m - [38;2;116;173;209mfitting.py:bspline_profile:1257[0m -                     15     0.534    10968    1.00                  
[1;38;2;49;54;149m    [INFO][0m - [38;2;116;173;209mfitting.py:bspline_profile:1257[0m -                     16     0.533    10972    1.00                  
[1;38;2;49;54;149m    [INFO][0m - [38;2;116;173;209mfitting.py:bspline_profile:1257[0m -                     17     0.532    10976    1.00                  
[1;38;2;49;54;149m    [INFO][0m - [38;2;116;173;209mfitting.py:bspline_profile:1257[0m -                     18     0.531    10976    1.00                  
[1;38;2;49;54;149m    [INFO][0m - [38;2;116;173;209mfitting.py:bspline_profile:1272[0m -                   DONE     0.531    10976    1.00                  
[1;38;2;49;54;149m    [INFO][0m - [38;2;116;173;209mfitting.py:bspline_profile:1275[0m - *******************************************************************
[1;38;2;49;54;149m    [INFO][0m - [38;2;116;173;209mflatfield.py:fit:924[0m - Modeling the flat-field response for slit spat_id=296: 4/24
[1;38;2;49;54;149m    [INFO][0m - [38;2;116;173;209mflatfield.py:fit:1008[0m - Spectral fit of flatfield for 132130/144822  pixels in the slit.
[1;38;2;49;54;149m    [INFO][0m - [38;2;116;173;209mfitting.py:bspline_profile:1156[0m - B-spline fit:
[1;38;2;49;54;149m    [INFO][0m - [38;2;116;173;209mfitting.py:bspline_profile:1157[0m -     npoly = 1 profile basis functions
[1;38;2;49;54;149m    [INFO][0m - [38;2;116;173;209mfitting.py:bspline_profile:1158[0m -     ngood = 132130/132130 measurements
[1;38;2;49;54;149m    [INFO][0m - [38;2;116;173;209mfitting.py:bspline_profile:1159[0m - ***************** Iter     Chi^2    N Rej  R. Fac *****************
[1;38;2;49;54;149m    [INFO][0m - [38;2;116;173;209mfitting.py:bspline_profile:1163[0m -                   ----  --------  -------  ------                  
[1;38;2;49;54;149m    [INFO][0m - [38;2;116;173;209mfitting.py:bspline_profile:1257[0m -                      1     0.010      310    1.00                  
[1;38;2;49;54;149m    [INFO][0m - [38;2;116;173;209mfitting.py:bspline_profile:1257[0m -                      2     0.006      312    1.00                  
[1;38;2;49;54;149m    [INFO][0m - [38;2;116;173;209mfitting.py:bspline_profile:1257[0m -                      3     0.006      312    1.00                  
[1;38;2;49;54;149m    [INFO][0m - [38;2;116;173;209mfitting.py:bspline_profile:1272[0m -                   DONE     0.006      312    1.00                  
[1;38;2;49;54;149m    [INFO][0m - [38;2;116;173;209mfitting.py:bspline_profile:1275[0m - *******************************************************************
[1;38;2;49;54;149m    [INFO][0m - [38;2;116;173;209mflatfield.py:fit:1097[0m - Spatial fit of flatfield for 143910/152231  pixels in the slit.
[1;38;2;49;54;149m    [INFO][0m - [38;2;116;173;209mfitting.py:bspline_profile:1156[0m - B-spline fit:
[1;38;2;49;54;149m    [INFO][0m - [38;2;116;173;209mfitting.py:bspline_profile:1157[0m -     npoly = 1 profile basis functions
[1;38;2;49;54;149m    [INFO][0m - [38;2;116;173;209mfitting.py:bspline_profile:1158[0m -     ngood = 143910/143910 measurements
[1;38;2;49;54;149m    [INFO][0m - [38;2;116;173;209mfitting.py:bspline_profile:1159[0m - ***************** Iter     Chi^2    N Rej  R. Fac *****************
[1;38;2;49;54;149m    [INFO][0m - [38;2;116;173;209mfitting.py:bspline_profile:1163[0m -                   ----  --------  -------  ------                  
[1;38;2;49;54;149m    [INFO][0m - [38;2;116;173;209mfitting.py:bspline_profile:1257[0m -                      1     0.000        0    1.00                  
[1;38;2;49;54;149m    [INFO][0m - [38;2;116;173;209mfitting.py:bspline_profile:1272[0m -                   DONE     0.000        0    1.00                  
[1;38;2;49;54;149m    [INFO][0m - [38;2;116;173;209mfitting.py:bspline_profile:1275[0m - *******************************************************************
[1;38;2;253;174;97m [WARNING][0m - [38;2;116;173;209mflat.py:tweak_slit_edges_gradient:538[0m - Left slit edge shift of 1.2% exceeds the maximum allowed of 0.0%
The left edge will not be tweaked.
[1;38;2;253;174;97m [WARNING][0m - [38;2;116;173;209mflat.py:tweak_slit_edges_gradient:547[0m - Right slit edge shift of -5.8% exceeds the maximum allowed of 0.0%
The right edge will not be tweaked.
[1;38;2;49;54;149m    [INFO][0m - [38;2;116;173;209mfitting.py:bspline_profile:1156[0m - B-spline fit:
[1;38;2;49;54;149m    [INFO][0m - [38;2;116;173;209mfitting.py:bspline_profile:1157[0m -     npoly = 1 profile basis functions
[1;38;2;49;54;149m    [INFO][0m - [38;2;116;173;209mfitting.py:bspline_profile:1158[0m -     ngood = 143910/143910 measurements
[1;38;2;49;54;149m    [INFO][0m - [38;2;116;173;209mfitting.py:bspline_profile:1159[0m - ***************** Iter     Chi^2    N Rej  R. Fac *****************
[1;38;2;49;54;149m    [INFO][0m - [38;2;116;173;209mfitting.py:bspline_profile:1163[0m -                   ----  --------  -------  ------                  
[1;38;2;49;54;149m    [INFO][0m - [38;2;116;173;209mfitting.py:bspline_profile:1257[0m -                      1     0.000        0    1.00                  
[1;38;2;49;54;149m    [INFO][0m - [38;2;116;173;209mfitting.py:bspline_profile:1272[0m -                   DONE     0.000        0    1.00                  
[1;38;2;49;54;149m    [INFO][0m - [38;2;116;173;209mfitting.py:bspline_profile:1275[0m - *******************************************************************
[1;38;2;49;54;149m    [INFO][0m - [38;2;116;173;209mflatfield.py:spatial_fit_finecorr:1477[0m - Performing a fine correction to the spatial illumination (slit 296)
[1;38;2;253;174;97m [WARNING][0m - [38;2;116;173;209mfitting.py:robust_fit:456[0m - Maximum number of iterations maxiter=10 reached in robust_polyfit_djs
[1;38;2;49;54;149m    [INFO][0m - [38;2;116;173;209mflatfield.py:spatillum_finecorr_qa:1966[0m - Generating QA for spatial illumination fine correction
[1;38;2;49;54;149m    [INFO][0m - [38;2;116;173;209mflatfield.py:spatillum_finecorr_qa:2047[0m - Saved QA:
/Users/kaiwenzhang/PycharmProjects/KCWI/KCWI_RED_channel_characterization/RM1 pypeit run/2024-05-02/pypeit_run/keck_kcrm_B/QA/PNGs/Spatillum_FineCorr_B_1_DET01_S0296_spatillum_finecorr.png
[1;38;2;49;54;149m    [INFO][0m - [38;2;116;173;209mflatfield.py:fit:1218[0m - Performing 2D illumination + scattered light flat field fit
[1;38;2;49;54;149m    [INFO][0m - [38;2;116;173;209mfitting.py:bspline_profile:1156[0m - B-spline fit:
[1;38;2;49;54;149m    [INFO][0m - [38;2;116;173;209mfitting.py:bspline_profile:1157[0m -     npoly = 7 profile basis functions
[1;38;2;49;54;149m    [INFO][0m - [38;2;116;173;209mfitting.py:bspline_profile:1158[0m -     ngood = 140662/144822 measurements
[1;38;2;49;54;149m    [INFO][0m - [38;2;116;173;209mfitting.py:bspline_profile:1159[0m - ***************** Iter     Chi^2    N Rej  R. Fac *****************
[1;38;2;49;54;149m    [INFO][0m - [38;2;116;173;209mfitting.py:bspline_profile:1163[0m -                   ----  --------  -------  ------                  
[1;38;2;49;54;149m    [INFO][0m - [38;2;116;173;209mfitting.py:bspline_profile:1257[0m -                      1     2.607     8901    1.00                  
[1;38;2;49;54;149m    [INFO][0m - [38;2;116;173;209mfitting.py:bspline_profile:1257[0m -                      2     0.468     9117    1.00                  
[1;38;2;49;54;149m    [INFO][0m - [38;2;116;173;209mfitting.py:bspline_profile:1257[0m -                      3     0.424     9195    1.00                  
[1;38;2;49;54;149m    [INFO][0m - [38;2;116;173;209mfitting.py:bspline_profile:1257[0m -                      4     0.410     9233    1.00                  
[1;38;2;49;54;149m    [INFO][0m - [38;2;116;173;209mfitting.py:bspline_profile:1257[0m -                      5     0.404     9258    1.00                  
[1;38;2;49;54;149m    [INFO][0m - [38;2;116;173;209mfitting.py:bspline_profile:1257[0m -                      6     0.400     9279    1.00                  
[1;38;2;49;54;149m    [INFO][0m - [38;2;116;173;209mfitting.py:bspline_profile:1257[0m -                      7     0.396     9293    1.00                  
[1;38;2;49;54;149m    [INFO][0m - [38;2;116;173;209mfitting.py:bspline_profile:1257[0m -                      8     0.394     9303    1.00                  
[1;38;2;49;54;149m    [INFO][0m - [38;2;116;173;209mfitting.py:bspline_profile:1257[0m -                      9     0.393     9309    1.00                  
[1;38;2;49;54;149m    [INFO][0m - [38;2;116;173;209mfitting.py:bspline_profile:1257[0m -                     10     0.392     9313    1.00                  
[1;38;2;49;54;149m    [INFO][0m - [38;2;116;173;209mfitting.py:bspline_profile:1257[0m -                     11     0.392     9317    1.00                  
[1;38;2;49;54;149m    [INFO][0m - [38;2;116;173;209mfitting.py:bspline_profile:1257[0m -                     12     0.391     9320    1.00                  
[1;38;2;49;54;149m    [INFO][0m - [38;2;116;173;209mfitting.py:bspline_profile:1257[0m -                     13     0.391     9321    1.00                  
[1;38;2;49;54;149m    [INFO][0m - [38;2;116;173;209mfitting.py:bspline_profile:1257[0m -                     14     0.391     9321    1.00                  
[1;38;2;49;54;149m    [INFO][0m - [38;2;116;173;209mfitting.py:bspline_profile:1272[0m -                   DONE     0.391     9321    1.00                  
[1;38;2;49;54;149m    [INFO][0m - [38;2;116;173;209mfitting.py:bspline_profile:1275[0m - *******************************************************************
[1;38;2;49;54;149m    [INFO][0m - [38;2;116;173;209mflatfield.py:fit:924[0m - Modeling the flat-field response for slit spat_id=369: 5/24
[1;38;2;49;54;149m    [INFO][0m - [38;2;116;173;209mflatfield.py:fit:1008[0m - Spectral fit of flatfield for 132674/145058  pixels in the slit.
[1;38;2;49;54;149m    [INFO][0m - [38;2;116;173;209mfitting.py:bspline_profile:1156[0m - B-spline fit:
[1;38;2;49;54;149m    [INFO][0m - [38;2;116;173;209mfitting.py:bspline_profile:1157[0m -     npoly = 1 profile basis functions
[1;38;2;49;54;149m    [INFO][0m - [38;2;116;173;209mfitting.py:bspline_profile:1158[0m -     ngood = 132674/132674 measurements
[1;38;2;49;54;149m    [INFO][0m - [38;2;116;173;209mfitting.py:bspline_profile:1159[0m - ***************** Iter     Chi^2    N Rej  R. Fac *****************
[1;38;2;49;54;149m    [INFO][0m - [38;2;116;173;209mfitting.py:bspline_profile:1163[0m -                   ----  --------  -------  ------                  
[1;38;2;49;54;149m    [INFO][0m - [38;2;116;173;209mfitting.py:bspline_profile:1257[0m -                      1     0.007        5    1.00                  
[1;38;2;49;54;149m    [INFO][0m - [38;2;116;173;209mfitting.py:bspline_profile:1257[0m -                      2     0.007        7    1.00                  
[1;38;2;49;54;149m    [INFO][0m - [38;2;116;173;209mfitting.py:bspline_profile:1257[0m -                      3     0.007        8    1.00                  
[1;38;2;49;54;149m    [INFO][0m - [38;2;116;173;209mfitting.py:bspline_profile:1257[0m -                      4     0.007        8    1.00                  
[1;38;2;49;54;149m    [INFO][0m - [38;2;116;173;209mfitting.py:bspline_profile:1272[0m -                   DONE     0.007        8    1.00                  
[1;38;2;49;54;149m    [INFO][0m - [38;2;116;173;209mfitting.py:bspline_profile:1275[0m - *******************************************************************
[1;38;2;49;54;149m    [INFO][0m - [38;2;116;173;209mflatfield.py:fit:1097[0m - Spatial fit of flatfield for 139417/155676  pixels in the slit.
[1;38;2;49;54;149m    [INFO][0m - [38;2;116;173;209mfitting.py:bspline_profile:1156[0m - B-spline fit:
[1;38;2;49;54;149m    [INFO][0m - [38;2;116;173;209mfitting.py:bspline_profile:1157[0m -     npoly = 1 profile basis functions
[1;38;2;49;54;149m    [INFO][0m - [38;2;116;173;209mfitting.py:bspline_profile:1158[0m -     ngood = 139417/139417 measurements
[1;38;2;49;54;149m    [INFO][0m - [38;2;116;173;209mfitting.py:bspline_profile:1159[0m - ***************** Iter     Chi^2    N Rej  R. Fac *****************
[1;38;2;49;54;149m    [INFO][0m - [38;2;116;173;209mfitting.py:bspline_profile:1163[0m -                   ----  --------  -------  ------                  
[1;38;2;49;54;149m    [INFO][0m - [38;2;116;173;209mfitting.py:bspline_profile:1257[0m -                      1     0.000        0    1.00                  
[1;38;2;49;54;149m    [INFO][0m - [38;2;116;173;209mfitting.py:bspline_profile:1272[0m -                   DONE     0.000        0    1.00                  
[1;38;2;49;54;149m    [INFO][0m - [38;2;116;173;209mfitting.py:bspline_profile:1275[0m - *******************************************************************
[1;38;2;253;174;97m [WARNING][0m - [38;2;116;173;209mflat.py:tweak_slit_edges_gradient:538[0m - Left slit edge shift of 1.1% exceeds the maximum allowed of 0.0%
The left edge will not be tweaked.
[1;38;2;253;174;97m [WARNING][0m - [38;2;116;173;209mflat.py:tweak_slit_edges_gradient:547[0m - Right slit edge shift of -2.1% exceeds the maximum allowed of 0.0%
The right edge will not be tweaked.
[1;38;2;49;54;149m    [INFO][0m - [38;2;116;173;209mfitting.py:bspline_profile:1156[0m - B-spline fit:
[1;38;2;49;54;149m    [INFO][0m - [38;2;116;173;209mfitting.py:bspline_profile:1157[0m -     npoly = 1 profile basis functions
[1;38;2;49;54;149m    [INFO][0m - [38;2;116;173;209mfitting.py:bspline_profile:1158[0m -     ngood = 139417/139417 measurements
[1;38;2;49;54;149m    [INFO][0m - [38;2;116;173;209mfitting.py:bspline_profile:1159[0m - ***************** Iter     Chi^2    N Rej  R. Fac *****************
[1;38;2;49;54;149m    [INFO][0m - [38;2;116;173;209mfitting.py:bspline_profile:1163[0m -                   ----  --------  -------  ------                  
[1;38;2;49;54;149m    [INFO][0m - [38;2;116;173;209mfitting.py:bspline_profile:1257[0m -                      1     0.000        0    1.00                  
[1;38;2;49;54;149m    [INFO][0m - [38;2;116;173;209mfitting.py:bspline_profile:1272[0m -                   DONE     0.000        0    1.00                  
[1;38;2;49;54;149m    [INFO][0m - [38;2;116;173;209mfitting.py:bspline_profile:1275[0m - *******************************************************************
[1;38;2;49;54;149m    [INFO][0m - [38;2;116;173;209mflatfield.py:spatial_fit_finecorr:1477[0m - Performing a fine correction to the spatial illumination (slit 369)
[1;38;2;253;174;97m [WARNING][0m - [38;2;116;173;209mfitting.py:robust_fit:456[0m - Maximum number of iterations maxiter=10 reached in robust_polyfit_djs
[1;38;2;49;54;149m    [INFO][0m - [38;2;116;173;209mflatfield.py:spatillum_finecorr_qa:1966[0m - Generating QA for spatial illumination fine correction
[1;38;2;49;54;149m    [INFO][0m - [38;2;116;173;209mflatfield.py:spatillum_finecorr_qa:2047[0m - Saved QA:
/Users/kaiwenzhang/PycharmProjects/KCWI/KCWI_RED_channel_characterization/RM1 pypeit run/2024-05-02/pypeit_run/keck_kcrm_B/QA/PNGs/Spatillum_FineCorr_B_1_DET01_S0369_spatillum_finecorr.png
[1;38;2;49;54;149m    [INFO][0m - [38;2;116;173;209mflatfield.py:fit:1218[0m - Performing 2D illumination + scattered light flat field fit
[1;38;2;49;54;149m    [INFO][0m - [38;2;116;173;209mfitting.py:bspline_profile:1156[0m - B-spline fit:
[1;38;2;49;54;149m    [INFO][0m - [38;2;116;173;209mfitting.py:bspline_profile:1157[0m -     npoly = 7 profile basis functions
[1;38;2;49;54;149m    [INFO][0m - [38;2;116;173;209mfitting.py:bspline_profile:1158[0m -     ngood = 142949/145058 measurements
[1;38;2;49;54;149m    [INFO][0m - [38;2;116;173;209mfitting.py:bspline_profile:1159[0m - ***************** Iter     Chi^2    N Rej  R. Fac *****************
[1;38;2;49;54;149m    [INFO][0m - [38;2;116;173;209mfitting.py:bspline_profile:1163[0m -                   ----  --------  -------  ------                  
[1;38;2;49;54;149m    [INFO][0m - [38;2;116;173;209mfitting.py:bspline_profile:1257[0m -                      1     5.002    10714    1.00                  
[1;38;2;49;54;149m    [INFO][0m - [38;2;116;173;209mfitting.py:bspline_profile:1257[0m -                      2     0.671    10997    1.00                  
[1;38;2;49;54;149m    [INFO][0m - [38;2;116;173;209mfitting.py:bspline_profile:1257[0m -                      3     0.615    11153    1.00                  
[1;38;2;49;54;149m    [INFO][0m - [38;2;116;173;209mfitting.py:bspline_profile:1257[0m -                      4     0.586    11256    1.00                  
[1;38;2;49;54;149m    [INFO][0m - [38;2;116;173;209mfitting.py:bspline_profile:1257[0m -                      5     0.567    11335    1.00                  
[1;38;2;49;54;149m    [INFO][0m - [38;2;116;173;209mfitting.py:bspline_profile:1257[0m -                      6     0.551    11376    1.00                  
[1;38;2;49;54;149m    [INFO][0m - [38;2;116;173;209mfitting.py:bspline_profile:1257[0m -                      7     0.544    11403    1.00                  
[1;38;2;49;54;149m    [INFO][0m - [38;2;116;173;209mfitting.py:bspline_profile:1257[0m -                      8     0.540    11419    1.00                  
[1;38;2;49;54;149m    [INFO][0m - [38;2;116;173;209mfitting.py:bspline_profile:1257[0m -                      9     0.538    11435    1.00                  
[1;38;2;49;54;149m    [INFO][0m - [38;2;116;173;209mfitting.py:bspline_profile:1257[0m -                     10     0.535    11443    1.00                  
[1;38;2;49;54;149m    [INFO][0m - [38;2;116;173;209mfitting.py:bspline_profile:1257[0m -                     11     0.534    11449    1.00                  
[1;38;2;49;54;149m    [INFO][0m - [38;2;116;173;209mfitting.py:bspline_profile:1257[0m -                     12     0.533    11458    1.00                  
[1;38;2;49;54;149m    [INFO][0m - [38;2;116;173;209mfitting.py:bspline_profile:1257[0m -                     13     0.532    11464    1.00                  
[1;38;2;49;54;149m    [INFO][0m - [38;2;116;173;209mfitting.py:bspline_profile:1257[0m -                     14     0.531    11467    1.00                  
[1;38;2;49;54;149m    [INFO][0m - [38;2;116;173;209mfitting.py:bspline_profile:1257[0m -                     15     0.531    11469    1.00                  
[1;38;2;49;54;149m    [INFO][0m - [38;2;116;173;209mfitting.py:bspline_profile:1257[0m -                     16     0.530    11471    1.00                  
[1;38;2;49;54;149m    [INFO][0m - [38;2;116;173;209mfitting.py:bspline_profile:1257[0m -                     17     0.530    11474    1.00                  
[1;38;2;49;54;149m    [INFO][0m - [38;2;116;173;209mfitting.py:bspline_profile:1257[0m -                     18     0.530    11475    1.00                  
[1;38;2;49;54;149m    [INFO][0m - [38;2;116;173;209mfitting.py:bspline_profile:1257[0m -                     19     0.530    11475    1.00                  
[1;38;2;49;54;149m    [INFO][0m - [38;2;116;173;209mfitting.py:bspline_profile:1272[0m -                   DONE     0.530    11475    1.00                  
[1;38;2;49;54;149m    [INFO][0m - [38;2;116;173;209mfitting.py:bspline_profile:1275[0m - *******************************************************************
[1;38;2;49;54;149m    [INFO][0m - [38;2;116;173;209mflatfield.py:fit:924[0m - Modeling the flat-field response for slit spat_id=445: 6/24
[1;38;2;49;54;149m    [INFO][0m - [38;2;116;173;209mflatfield.py:fit:1008[0m - Spectral fit of flatfield for 132283/144667  pixels in the slit.
[1;38;2;49;54;149m    [INFO][0m - [38;2;116;173;209mfitting.py:bspline_profile:1156[0m - B-spline fit:
[1;38;2;49;54;149m    [INFO][0m - [38;2;116;173;209mfitting.py:bspline_profile:1157[0m -     npoly = 1 profile basis functions
[1;38;2;49;54;149m    [INFO][0m - [38;2;116;173;209mfitting.py:bspline_profile:1158[0m -     ngood = 132283/132283 measurements
[1;38;2;49;54;149m    [INFO][0m - [38;2;116;173;209mfitting.py:bspline_profile:1159[0m - ***************** Iter     Chi^2    N Rej  R. Fac *****************
[1;38;2;49;54;149m    [INFO][0m - [38;2;116;173;209mfitting.py:bspline_profile:1163[0m -                   ----  --------  -------  ------                  
[1;38;2;49;54;149m    [INFO][0m - [38;2;116;173;209mfitting.py:bspline_profile:1257[0m -                      1     0.006       10    1.00                  
[1;38;2;49;54;149m    [INFO][0m - [38;2;116;173;209mfitting.py:bspline_profile:1257[0m -                      2     0.006       11    1.00                  
[1;38;2;49;54;149m    [INFO][0m - [38;2;116;173;209mfitting.py:bspline_profile:1257[0m -                      3     0.006       12    1.00                  
[1;38;2;49;54;149m    [INFO][0m - [38;2;116;173;209mfitting.py:bspline_profile:1257[0m -                      4     0.006       12    1.00                  
[1;38;2;49;54;149m    [INFO][0m - [38;2;116;173;209mfitting.py:bspline_profile:1272[0m -                   DONE     0.006       12    1.00                  
[1;38;2;49;54;149m    [INFO][0m - [38;2;116;173;209mfitting.py:bspline_profile:1275[0m - *******************************************************************
[1;38;2;49;54;149m    [INFO][0m - [38;2;116;173;209mflatfield.py:fit:1097[0m - Spatial fit of flatfield for 142113/150376  pixels in the slit.
[1;38;2;49;54;149m    [INFO][0m - [38;2;116;173;209mfitting.py:bspline_profile:1156[0m - B-spline fit:
[1;38;2;49;54;149m    [INFO][0m - [38;2;116;173;209mfitting.py:bspline_profile:1157[0m -     npoly = 1 profile basis functions
[1;38;2;49;54;149m    [INFO][0m - [38;2;116;173;209mfitting.py:bspline_profile:1158[0m -     ngood = 142113/142113 measurements
[1;38;2;49;54;149m    [INFO][0m - [38;2;116;173;209mfitting.py:bspline_profile:1159[0m - ***************** Iter     Chi^2    N Rej  R. Fac *****************
[1;38;2;49;54;149m    [INFO][0m - [38;2;116;173;209mfitting.py:bspline_profile:1163[0m -                   ----  --------  -------  ------                  
[1;38;2;49;54;149m    [INFO][0m - [38;2;116;173;209mfitting.py:bspline_profile:1257[0m -                      1     0.000        0    1.00                  
[1;38;2;49;54;149m    [INFO][0m - [38;2;116;173;209mfitting.py:bspline_profile:1272[0m -                   DONE     0.000        0    1.00                  
[1;38;2;49;54;149m    [INFO][0m - [38;2;116;173;209mfitting.py:bspline_profile:1275[0m - *******************************************************************
[1;38;2;253;174;97m [WARNING][0m - [38;2;116;173;209mflat.py:tweak_slit_edges_gradient:538[0m - Left slit edge shift of 1.1% exceeds the maximum allowed of 0.0%
The left edge will not be tweaked.
[1;38;2;253;174;97m [WARNING][0m - [38;2;116;173;209mflat.py:tweak_slit_edges_gradient:547[0m - Right slit edge shift of -7.5% exceeds the maximum allowed of 0.0%
The right edge will not be tweaked.
[1;38;2;49;54;149m    [INFO][0m - [38;2;116;173;209mfitting.py:bspline_profile:1156[0m - B-spline fit:
[1;38;2;49;54;149m    [INFO][0m - [38;2;116;173;209mfitting.py:bspline_profile:1157[0m -     npoly = 1 profile basis functions
[1;38;2;49;54;149m    [INFO][0m - [38;2;116;173;209mfitting.py:bspline_profile:1158[0m -     ngood = 142113/142113 measurements
[1;38;2;49;54;149m    [INFO][0m - [38;2;116;173;209mfitting.py:bspline_profile:1159[0m - ***************** Iter     Chi^2    N Rej  R. Fac *****************
[1;38;2;49;54;149m    [INFO][0m - [38;2;116;173;209mfitting.py:bspline_profile:1163[0m -                   ----  --------  -------  ------                  
[1;38;2;49;54;149m    [INFO][0m - [38;2;116;173;209mfitting.py:bspline_profile:1257[0m -                      1     0.000        0    1.00                  
[1;38;2;49;54;149m    [INFO][0m - [38;2;116;173;209mfitting.py:bspline_profile:1272[0m -                   DONE     0.000        0    1.00                  
[1;38;2;49;54;149m    [INFO][0m - [38;2;116;173;209mfitting.py:bspline_profile:1275[0m - *******************************************************************
[1;38;2;49;54;149m    [INFO][0m - [38;2;116;173;209mflatfield.py:spatial_fit_finecorr:1477[0m - Performing a fine correction to the spatial illumination (slit 445)
[1;38;2;253;174;97m [WARNING][0m - [38;2;116;173;209mfitting.py:robust_fit:456[0m - Maximum number of iterations maxiter=10 reached in robust_polyfit_djs
[1;38;2;49;54;149m    [INFO][0m - [38;2;116;173;209mflatfield.py:spatillum_finecorr_qa:1966[0m - Generating QA for spatial illumination fine correction
[1;38;2;49;54;149m    [INFO][0m - [38;2;116;173;209mflatfield.py:spatillum_finecorr_qa:2047[0m - Saved QA:
/Users/kaiwenzhang/PycharmProjects/KCWI/KCWI_RED_channel_characterization/RM1 pypeit run/2024-05-02/pypeit_run/keck_kcrm_B/QA/PNGs/Spatillum_FineCorr_B_1_DET01_S0445_spatillum_finecorr.png
[1;38;2;49;54;149m    [INFO][0m - [38;2;116;173;209mflatfield.py:fit:1218[0m - Performing 2D illumination + scattered light flat field fit
[1;38;2;49;54;149m    [INFO][0m - [38;2;116;173;209mfitting.py:bspline_profile:1156[0m - B-spline fit:
[1;38;2;49;54;149m    [INFO][0m - [38;2;116;173;209mfitting.py:bspline_profile:1157[0m -     npoly = 7 profile basis functions
[1;38;2;49;54;149m    [INFO][0m - [38;2;116;173;209mfitting.py:bspline_profile:1158[0m -     ngood = 139700/144667 measurements
[1;38;2;49;54;149m    [INFO][0m - [38;2;116;173;209mfitting.py:bspline_profile:1159[0m - ***************** Iter     Chi^2    N Rej  R. Fac *****************
[1;38;2;49;54;149m    [INFO][0m - [38;2;116;173;209mfitting.py:bspline_profile:1163[0m -                   ----  --------  -------  ------                  
[1;38;2;49;54;149m    [INFO][0m - [38;2;116;173;209mfitting.py:bspline_profile:1257[0m -                      1     2.026     8394    1.00                  
[1;38;2;49;54;149m    [INFO][0m - [38;2;116;173;209mfitting.py:bspline_profile:1257[0m -                      2     0.432     8533    1.00                  
[1;38;2;49;54;149m    [INFO][0m - [38;2;116;173;209mfitting.py:bspline_profile:1257[0m -                      3     0.397     8588    1.00                  
[1;38;2;49;54;149m    [INFO][0m - [38;2;116;173;209mfitting.py:bspline_profile:1257[0m -                      4     0.388     8617    1.00                  
[1;38;2;49;54;149m    [INFO][0m - [38;2;116;173;209mfitting.py:bspline_profile:1257[0m -                      5     0.383     8636    1.00                  
[1;38;2;49;54;149m    [INFO][0m - [38;2;116;173;209mfitting.py:bspline_profile:1257[0m -                      6     0.381     8647    1.00                  
[1;38;2;49;54;149m    [INFO][0m - [38;2;116;173;209mfitting.py:bspline_profile:1257[0m -                      7     0.379     8659    1.00                  
[1;38;2;49;54;149m    [INFO][0m - [38;2;116;173;209mfitting.py:bspline_profile:1257[0m -                      8     0.377     8666    1.00                  
[1;38;2;49;54;149m    [INFO][0m - [38;2;116;173;209mfitting.py:bspline_profile:1257[0m -                      9     0.374     8669    1.00                  
[1;38;2;49;54;149m    [INFO][0m - [38;2;116;173;209mfitting.py:bspline_profile:1257[0m -                     10     0.374     8670    1.00                  
[1;38;2;49;54;149m    [INFO][0m - [38;2;116;173;209mfitting.py:bspline_profile:1257[0m -                     11     0.374     8672    1.00                  
[1;38;2;49;54;149m    [INFO][0m - [38;2;116;173;209mfitting.py:bspline_profile:1257[0m -                     12     0.374     8674    1.00                  
[1;38;2;49;54;149m    [INFO][0m - [38;2;116;173;209mfitting.py:bspline_profile:1257[0m -                     13     0.373     8675    1.00                  
[1;38;2;49;54;149m    [INFO][0m - [38;2;116;173;209mfitting.py:bspline_profile:1257[0m -                     14     0.373     8678    1.00                  
[1;38;2;49;54;149m    [INFO][0m - [38;2;116;173;209mfitting.py:bspline_profile:1257[0m -                     15     0.373     8678    1.00                  
[1;38;2;49;54;149m    [INFO][0m - [38;2;116;173;209mfitting.py:bspline_profile:1272[0m -                   DONE     0.373     8678    1.00                  
[1;38;2;49;54;149m    [INFO][0m - [38;2;116;173;209mfitting.py:bspline_profile:1275[0m - *******************************************************************
[1;38;2;49;54;149m    [INFO][0m - [38;2;116;173;209mflatfield.py:fit:924[0m - Modeling the flat-field response for slit spat_id=517: 7/24
[1;38;2;49;54;149m    [INFO][0m - [38;2;116;173;209mflatfield.py:fit:1008[0m - Spectral fit of flatfield for 132057/144441  pixels in the slit.
[1;38;2;49;54;149m    [INFO][0m - [38;2;116;173;209mfitting.py:bspline_profile:1156[0m - B-spline fit:
[1;38;2;49;54;149m    [INFO][0m - [38;2;116;173;209mfitting.py:bspline_profile:1157[0m -     npoly = 1 profile basis functions
[1;38;2;49;54;149m    [INFO][0m - [38;2;116;173;209mfitting.py:bspline_profile:1158[0m -     ngood = 132057/132057 measurements
[1;38;2;49;54;149m    [INFO][0m - [38;2;116;173;209mfitting.py:bspline_profile:1159[0m - ***************** Iter     Chi^2    N Rej  R. Fac *****************
[1;38;2;49;54;149m    [INFO][0m - [38;2;116;173;209mfitting.py:bspline_profile:1163[0m -                   ----  --------  -------  ------                  
[1;38;2;49;54;149m    [INFO][0m - [38;2;116;173;209mfitting.py:bspline_profile:1257[0m -                      1     0.007        3    1.00                  
[1;38;2;49;54;149m    [INFO][0m - [38;2;116;173;209mfitting.py:bspline_profile:1257[0m -                      2     0.007        4    1.00                  
[1;38;2;49;54;149m    [INFO][0m - [38;2;116;173;209mfitting.py:bspline_profile:1257[0m -                      3     0.007        5    1.00                  
[1;38;2;49;54;149m    [INFO][0m - [38;2;116;173;209mfitting.py:bspline_profile:1257[0m -                      4     0.007        5    1.00                  
[1;38;2;49;54;149m    [INFO][0m - [38;2;116;173;209mfitting.py:bspline_profile:1272[0m -                   DONE     0.007        5    1.00                  
[1;38;2;49;54;149m    [INFO][0m - [38;2;116;173;209mfitting.py:bspline_profile:1275[0m - *******************************************************************
[1;38;2;49;54;149m    [INFO][0m - [38;2;116;173;209mflatfield.py:fit:1097[0m - Spatial fit of flatfield for 136320/151860  pixels in the slit.
[1;38;2;49;54;149m    [INFO][0m - [38;2;116;173;209mfitting.py:bspline_profile:1156[0m - B-spline fit:
[1;38;2;49;54;149m    [INFO][0m - [38;2;116;173;209mfitting.py:bspline_profile:1157[0m -     npoly = 1 profile basis functions
[1;38;2;49;54;149m    [INFO][0m - [38;2;116;173;209mfitting.py:bspline_profile:1158[0m -     ngood = 136320/136320 measurements
[1;38;2;49;54;149m    [INFO][0m - [38;2;116;173;209mfitting.py:bspline_profile:1159[0m - ***************** Iter     Chi^2    N Rej  R. Fac *****************
[1;38;2;49;54;149m    [INFO][0m - [38;2;116;173;209mfitting.py:bspline_profile:1163[0m -                   ----  --------  -------  ------                  
[1;38;2;49;54;149m    [INFO][0m - [38;2;116;173;209mfitting.py:bspline_profile:1257[0m -                      1     0.000        0    1.00                  
[1;38;2;49;54;149m    [INFO][0m - [38;2;116;173;209mfitting.py:bspline_profile:1272[0m -                   DONE     0.000        0    1.00                  
[1;38;2;49;54;149m    [INFO][0m - [38;2;116;173;209mfitting.py:bspline_profile:1275[0m - *******************************************************************
[1;38;2;253;174;97m [WARNING][0m - [38;2;116;173;209mflat.py:tweak_slit_edges_gradient:538[0m - Left slit edge shift of 1.2% exceeds the maximum allowed of 0.0%
The left edge will not be tweaked.
[1;38;2;253;174;97m [WARNING][0m - [38;2;116;173;209mflat.py:tweak_slit_edges_gradient:547[0m - Right slit edge shift of -104.4% exceeds the maximum allowed of 0.0%
The right edge will not be tweaked.
[1;38;2;49;54;149m    [INFO][0m - [38;2;116;173;209mfitting.py:bspline_profile:1156[0m - B-spline fit:
[1;38;2;49;54;149m    [INFO][0m - [38;2;116;173;209mfitting.py:bspline_profile:1157[0m -     npoly = 1 profile basis functions
[1;38;2;49;54;149m    [INFO][0m - [38;2;116;173;209mfitting.py:bspline_profile:1158[0m -     ngood = 136320/136320 measurements
[1;38;2;49;54;149m    [INFO][0m - [38;2;116;173;209mfitting.py:bspline_profile:1159[0m - ***************** Iter     Chi^2    N Rej  R. Fac *****************
[1;38;2;49;54;149m    [INFO][0m - [38;2;116;173;209mfitting.py:bspline_profile:1163[0m -                   ----  --------  -------  ------                  
[1;38;2;49;54;149m    [INFO][0m - [38;2;116;173;209mfitting.py:bspline_profile:1257[0m -                      1     0.000        0    1.00                  
[1;38;2;49;54;149m    [INFO][0m - [38;2;116;173;209mfitting.py:bspline_profile:1272[0m -                   DONE     0.000        0    1.00                  
[1;38;2;49;54;149m    [INFO][0m - [38;2;116;173;209mfitting.py:bspline_profile:1275[0m - *******************************************************************
[1;38;2;49;54;149m    [INFO][0m - [38;2;116;173;209mflatfield.py:spatial_fit_finecorr:1477[0m - Performing a fine correction to the spatial illumination (slit 517)
[1;38;2;253;174;97m [WARNING][0m - [38;2;116;173;209mfitting.py:robust_fit:456[0m - Maximum number of iterations maxiter=10 reached in robust_polyfit_djs
[1;38;2;49;54;149m    [INFO][0m - [38;2;116;173;209mflatfield.py:spatillum_finecorr_qa:1966[0m - Generating QA for spatial illumination fine correction
[1;38;2;49;54;149m    [INFO][0m - [38;2;116;173;209mflatfield.py:spatillum_finecorr_qa:2047[0m - Saved QA:
/Users/kaiwenzhang/PycharmProjects/KCWI/KCWI_RED_channel_characterization/RM1 pypeit run/2024-05-02/pypeit_run/keck_kcrm_B/QA/PNGs/Spatillum_FineCorr_B_1_DET01_S0517_spatillum_finecorr.png
[1;38;2;49;54;149m    [INFO][0m - [38;2;116;173;209mflatfield.py:fit:1218[0m - Performing 2D illumination + scattered light flat field fit
[1;38;2;49;54;149m    [INFO][0m - [38;2;116;173;209mfitting.py:bspline_profile:1156[0m - B-spline fit:
[1;38;2;49;54;149m    [INFO][0m - [38;2;116;173;209mfitting.py:bspline_profile:1157[0m -     npoly = 7 profile basis functions
[1;38;2;49;54;149m    [INFO][0m - [38;2;116;173;209mfitting.py:bspline_profile:1158[0m -     ngood = 141158/144441 measurements
[1;38;2;49;54;149m    [INFO][0m - [38;2;116;173;209mfitting.py:bspline_profile:1159[0m - ***************** Iter     Chi^2    N Rej  R. Fac *****************
[1;38;2;49;54;149m    [INFO][0m - [38;2;116;173;209mfitting.py:bspline_profile:1163[0m -                   ----  --------  -------  ------                  
[1;38;2;49;54;149m    [INFO][0m - [38;2;116;173;209mfitting.py:bspline_profile:1257[0m -                      1     3.489     9817    1.00                  
[1;38;2;49;54;149m    [INFO][0m - [38;2;116;173;209mfitting.py:bspline_profile:1257[0m -                      2     0.572    10045    1.00                  
[1;38;2;49;54;149m    [INFO][0m - [38;2;116;173;209mfitting.py:bspline_profile:1257[0m -                      3     0.525    10120    1.00                  
[1;38;2;49;54;149m    [INFO][0m - [38;2;116;173;209mfitting.py:bspline_profile:1257[0m -                      4     0.512    10171    1.00                  
[1;38;2;49;54;149m    [INFO][0m - [38;2;116;173;209mfitting.py:bspline_profile:1257[0m -                      5     0.503    10198    1.00                  
[1;38;2;49;54;149m    [INFO][0m - [38;2;116;173;209mfitting.py:bspline_profile:1257[0m -                      6     0.497    10212    1.00                  
[1;38;2;49;54;149m    [INFO][0m - [38;2;116;173;209mfitting.py:bspline_profile:1257[0m -                      7     0.494    10221    1.00                  
[1;38;2;49;54;149m    [INFO][0m - [38;2;116;173;209mfitting.py:bspline_profile:1257[0m -                      8     0.493    10226    1.00                  
[1;38;2;49;54;149m    [INFO][0m - [38;2;116;173;209mfitting.py:bspline_profile:1257[0m -                      9     0.492    10230    1.00                  
[1;38;2;49;54;149m    [INFO][0m - [38;2;116;173;209mfitting.py:bspline_profile:1257[0m -                     10     0.492    10233    1.00                  
[1;38;2;49;54;149m    [INFO][0m - [38;2;116;173;209mfitting.py:bspline_profile:1257[0m -                     11     0.491    10235    1.00                  
[1;38;2;49;54;149m    [INFO][0m - [38;2;116;173;209mfitting.py:bspline_profile:1257[0m -                     12     0.491    10236    1.00                  
[1;38;2;49;54;149m    [INFO][0m - [38;2;116;173;209mfitting.py:bspline_profile:1257[0m -                     13     0.491    10236    1.00                  
[1;38;2;49;54;149m    [INFO][0m - [38;2;116;173;209mfitting.py:bspline_profile:1272[0m -                   DONE     0.491    10236    1.00                  
[1;38;2;49;54;149m    [INFO][0m - [38;2;116;173;209mfitting.py:bspline_profile:1275[0m - *******************************************************************
[1;38;2;49;54;149m    [INFO][0m - [38;2;116;173;209mflatfield.py:fit:924[0m - Modeling the flat-field response for slit spat_id=591: 8/24
[1;38;2;49;54;149m    [INFO][0m - [38;2;116;173;209mflatfield.py:fit:1008[0m - Spectral fit of flatfield for 132751/145135  pixels in the slit.
[1;38;2;49;54;149m    [INFO][0m - [38;2;116;173;209mfitting.py:bspline_profile:1156[0m - B-spline fit:
[1;38;2;49;54;149m    [INFO][0m - [38;2;116;173;209mfitting.py:bspline_profile:1157[0m -     npoly = 1 profile basis functions
[1;38;2;49;54;149m    [INFO][0m - [38;2;116;173;209mfitting.py:bspline_profile:1158[0m -     ngood = 132751/132751 measurements
[1;38;2;49;54;149m    [INFO][0m - [38;2;116;173;209mfitting.py:bspline_profile:1159[0m - ***************** Iter     Chi^2    N Rej  R. Fac *****************
[1;38;2;49;54;149m    [INFO][0m - [38;2;116;173;209mfitting.py:bspline_profile:1163[0m -                   ----  --------  -------  ------                  
[1;38;2;49;54;149m    [INFO][0m - [38;2;116;173;209mfitting.py:bspline_profile:1257[0m -                      1     0.006        9    1.00                  
[1;38;2;49;54;149m    [INFO][0m - [38;2;116;173;209mfitting.py:bspline_profile:1257[0m -                      2     0.006       10    1.00                  
[1;38;2;49;54;149m    [INFO][0m - [38;2;116;173;209mfitting.py:bspline_profile:1257[0m -                      3     0.006       10    1.00                  
[1;38;2;49;54;149m    [INFO][0m - [38;2;116;173;209mfitting.py:bspline_profile:1272[0m -                   DONE     0.006       10    1.00                  
[1;38;2;49;54;149m    [INFO][0m - [38;2;116;173;209mfitting.py:bspline_profile:1275[0m - *******************************************************************
[1;38;2;49;54;149m    [INFO][0m - [38;2;116;173;209mflatfield.py:fit:1097[0m - Spatial fit of flatfield for 142761/151223  pixels in the slit.
[1;38;2;49;54;149m    [INFO][0m - [38;2;116;173;209mfitting.py:bspline_profile:1156[0m - B-spline fit:
[1;38;2;49;54;149m    [INFO][0m - [38;2;116;173;209mfitting.py:bspline_profile:1157[0m -     npoly = 1 profile basis functions
[1;38;2;49;54;149m    [INFO][0m - [38;2;116;173;209mfitting.py:bspline_profile:1158[0m -     ngood = 142761/142761 measurements
[1;38;2;49;54;149m    [INFO][0m - [38;2;116;173;209mfitting.py:bspline_profile:1159[0m - ***************** Iter     Chi^2    N Rej  R. Fac *****************
[1;38;2;49;54;149m    [INFO][0m - [38;2;116;173;209mfitting.py:bspline_profile:1163[0m -                   ----  --------  -------  ------                  
[1;38;2;49;54;149m    [INFO][0m - [38;2;116;173;209mfitting.py:bspline_profile:1257[0m -                      1     0.000        0    1.00                  
[1;38;2;49;54;149m    [INFO][0m - [38;2;116;173;209mfitting.py:bspline_profile:1272[0m -                   DONE     0.000        0    1.00                  
[1;38;2;49;54;149m    [INFO][0m - [38;2;116;173;209mfitting.py:bspline_profile:1275[0m - *******************************************************************
[1;38;2;253;174;97m [WARNING][0m - [38;2;116;173;209mflat.py:tweak_slit_edges_gradient:538[0m - Left slit edge shift of 1.0% exceeds the maximum allowed of 0.0%
The left edge will not be tweaked.
[1;38;2;253;174;97m [WARNING][0m - [38;2;116;173;209mflat.py:tweak_slit_edges_gradient:547[0m - Right slit edge shift of -105.3% exceeds the maximum allowed of 0.0%
The right edge will not be tweaked.
[1;38;2;49;54;149m    [INFO][0m - [38;2;116;173;209mfitting.py:bspline_profile:1156[0m - B-spline fit:
[1;38;2;49;54;149m    [INFO][0m - [38;2;116;173;209mfitting.py:bspline_profile:1157[0m -     npoly = 1 profile basis functions
[1;38;2;49;54;149m    [INFO][0m - [38;2;116;173;209mfitting.py:bspline_profile:1158[0m -     ngood = 142761/142761 measurements
[1;38;2;49;54;149m    [INFO][0m - [38;2;116;173;209mfitting.py:bspline_profile:1159[0m - ***************** Iter     Chi^2    N Rej  R. Fac *****************
[1;38;2;49;54;149m    [INFO][0m - [38;2;116;173;209mfitting.py:bspline_profile:1163[0m -                   ----  --------  -------  ------                  
[1;38;2;49;54;149m    [INFO][0m - [38;2;116;173;209mfitting.py:bspline_profile:1257[0m -                      1     0.000        0    1.00                  
[1;38;2;49;54;149m    [INFO][0m - [38;2;116;173;209mfitting.py:bspline_profile:1272[0m -                   DONE     0.000        0    1.00                  
[1;38;2;49;54;149m    [INFO][0m - [38;2;116;173;209mfitting.py:bspline_profile:1275[0m - *******************************************************************
[1;38;2;49;54;149m    [INFO][0m - [38;2;116;173;209mflatfield.py:spatial_fit_finecorr:1477[0m - Performing a fine correction to the spatial illumination (slit 591)
[1;38;2;253;174;97m [WARNING][0m - [38;2;116;173;209mfitting.py:robust_fit:456[0m - Maximum number of iterations maxiter=10 reached in robust_polyfit_djs
[1;38;2;49;54;149m    [INFO][0m - [38;2;116;173;209mflatfield.py:spatillum_finecorr_qa:1966[0m - Generating QA for spatial illumination fine correction
[1;38;2;49;54;149m    [INFO][0m - [38;2;116;173;209mflatfield.py:spatillum_finecorr_qa:2047[0m - Saved QA:
/Users/kaiwenzhang/PycharmProjects/KCWI/KCWI_RED_channel_characterization/RM1 pypeit run/2024-05-02/pypeit_run/keck_kcrm_B/QA/PNGs/Spatillum_FineCorr_B_1_DET01_S0591_spatillum_finecorr.png
[1;38;2;49;54;149m    [INFO][0m - [38;2;116;173;209mflatfield.py:fit:1218[0m - Performing 2D illumination + scattered light flat field fit
[1;38;2;49;54;149m    [INFO][0m - [38;2;116;173;209mfitting.py:bspline_profile:1156[0m - B-spline fit:
[1;38;2;49;54;149m    [INFO][0m - [38;2;116;173;209mfitting.py:bspline_profile:1157[0m -     npoly = 7 profile basis functions
[1;38;2;49;54;149m    [INFO][0m - [38;2;116;173;209mfitting.py:bspline_profile:1158[0m -     ngood = 140643/145135 measurements
[1;38;2;49;54;149m    [INFO][0m - [38;2;116;173;209mfitting.py:bspline_profile:1159[0m - ***************** Iter     Chi^2    N Rej  R. Fac *****************
[1;38;2;49;54;149m    [INFO][0m - [38;2;116;173;209mfitting.py:bspline_profile:1163[0m -                   ----  --------  -------  ------                  
[1;38;2;49;54;149m    [INFO][0m - [38;2;116;173;209mfitting.py:bspline_profile:1257[0m -                      1     2.424     9313    1.00                  
[1;38;2;49;54;149m    [INFO][0m - [38;2;116;173;209mfitting.py:bspline_profile:1257[0m -                      2     0.405     9487    1.00                  
[1;38;2;49;54;149m    [INFO][0m - [38;2;116;173;209mfitting.py:bspline_profile:1257[0m -                      3     0.369     9535    1.00                  
[1;38;2;49;54;149m    [INFO][0m - [38;2;116;173;209mfitting.py:bspline_profile:1257[0m -                      4     0.361     9562    1.00                  
[1;38;2;49;54;149m    [INFO][0m - [38;2;116;173;209mfitting.py:bspline_profile:1257[0m -                      5     0.357     9575    1.00                  
[1;38;2;49;54;149m    [INFO][0m - [38;2;116;173;209mfitting.py:bspline_profile:1257[0m -                      6     0.355     9582    1.00                  
[1;38;2;49;54;149m    [INFO][0m - [38;2;116;173;209mfitting.py:bspline_profile:1257[0m -                      7     0.354     9589    1.00                  
[1;38;2;49;54;149m    [INFO][0m - [38;2;116;173;209mfitting.py:bspline_profile:1257[0m -                      8     0.353     9596    1.00                  
[1;38;2;49;54;149m    [INFO][0m - [38;2;116;173;209mfitting.py:bspline_profile:1257[0m -                      9     0.352     9603    1.00                  
[1;38;2;49;54;149m    [INFO][0m - [38;2;116;173;209mfitting.py:bspline_profile:1257[0m -                     10     0.350     9612    1.00                  
[1;38;2;49;54;149m    [INFO][0m - [38;2;116;173;209mfitting.py:bspline_profile:1257[0m -                     11     0.349     9615    1.00                  
[1;38;2;49;54;149m    [INFO][0m - [38;2;116;173;209mfitting.py:bspline_profile:1257[0m -                     12     0.349     9620    1.00                  
[1;38;2;49;54;149m    [INFO][0m - [38;2;116;173;209mfitting.py:bspline_profile:1257[0m -                     13     0.348     9623    1.00                  
[1;38;2;49;54;149m    [INFO][0m - [38;2;116;173;209mfitting.py:bspline_profile:1257[0m -                     14     0.347     9624    1.00                  
[1;38;2;49;54;149m    [INFO][0m - [38;2;116;173;209mfitting.py:bspline_profile:1257[0m -                     15     0.347     9625    1.00                  
[1;38;2;49;54;149m    [INFO][0m - [38;2;116;173;209mfitting.py:bspline_profile:1257[0m -                     16     0.347     9625    1.00                  
[1;38;2;49;54;149m    [INFO][0m - [38;2;116;173;209mfitting.py:bspline_profile:1272[0m -                   DONE     0.347     9625    1.00                  
[1;38;2;49;54;149m    [INFO][0m - [38;2;116;173;209mfitting.py:bspline_profile:1275[0m - *******************************************************************
[1;38;2;49;54;149m    [INFO][0m - [38;2;116;173;209mflatfield.py:fit:924[0m - Modeling the flat-field response for slit spat_id=664: 9/24
[1;38;2;49;54;149m    [INFO][0m - [38;2;116;173;209mflatfield.py:fit:1008[0m - Spectral fit of flatfield for 132365/144749  pixels in the slit.
[1;38;2;49;54;149m    [INFO][0m - [38;2;116;173;209mfitting.py:bspline_profile:1156[0m - B-spline fit:
[1;38;2;49;54;149m    [INFO][0m - [38;2;116;173;209mfitting.py:bspline_profile:1157[0m -     npoly = 1 profile basis functions
[1;38;2;49;54;149m    [INFO][0m - [38;2;116;173;209mfitting.py:bspline_profile:1158[0m -     ngood = 132365/132365 measurements
[1;38;2;49;54;149m    [INFO][0m - [38;2;116;173;209mfitting.py:bspline_profile:1159[0m - ***************** Iter     Chi^2    N Rej  R. Fac *****************
[1;38;2;49;54;149m    [INFO][0m - [38;2;116;173;209mfitting.py:bspline_profile:1163[0m -                   ----  --------  -------  ------                  
[1;38;2;49;54;149m    [INFO][0m - [38;2;116;173;209mfitting.py:bspline_profile:1257[0m -                      1     0.007       14    1.00                  
[1;38;2;49;54;149m    [INFO][0m - [38;2;116;173;209mfitting.py:bspline_profile:1257[0m -                      2     0.007       14    1.00                  
[1;38;2;49;54;149m    [INFO][0m - [38;2;116;173;209mfitting.py:bspline_profile:1272[0m -                   DONE     0.007       14    1.00                  
[1;38;2;49;54;149m    [INFO][0m - [38;2;116;173;209mfitting.py:bspline_profile:1275[0m - *******************************************************************
[1;38;2;49;54;149m    [INFO][0m - [38;2;116;173;209mflatfield.py:fit:1097[0m - Spatial fit of flatfield for 138271/153187  pixels in the slit.
[1;38;2;49;54;149m    [INFO][0m - [38;2;116;173;209mfitting.py:bspline_profile:1156[0m - B-spline fit:
[1;38;2;49;54;149m    [INFO][0m - [38;2;116;173;209mfitting.py:bspline_profile:1157[0m -     npoly = 1 profile basis functions
[1;38;2;49;54;149m    [INFO][0m - [38;2;116;173;209mfitting.py:bspline_profile:1158[0m -     ngood = 138271/138271 measurements
[1;38;2;49;54;149m    [INFO][0m - [38;2;116;173;209mfitting.py:bspline_profile:1159[0m - ***************** Iter     Chi^2    N Rej  R. Fac *****************
[1;38;2;49;54;149m    [INFO][0m - [38;2;116;173;209mfitting.py:bspline_profile:1163[0m -                   ----  --------  -------  ------                  
[1;38;2;49;54;149m    [INFO][0m - [38;2;116;173;209mfitting.py:bspline_profile:1257[0m -                      1     0.000        0    1.00                  
[1;38;2;49;54;149m    [INFO][0m - [38;2;116;173;209mfitting.py:bspline_profile:1272[0m -                   DONE     0.000        0    1.00                  
[1;38;2;49;54;149m    [INFO][0m - [38;2;116;173;209mfitting.py:bspline_profile:1275[0m - *******************************************************************
[1;38;2;253;174;97m [WARNING][0m - [38;2;116;173;209mflat.py:tweak_slit_edges_gradient:538[0m - Left slit edge shift of 1.2% exceeds the maximum allowed of 0.0%
The left edge will not be tweaked.
[1;38;2;253;174;97m [WARNING][0m - [38;2;116;173;209mflat.py:tweak_slit_edges_gradient:547[0m - Right slit edge shift of -104.5% exceeds the maximum allowed of 0.0%
The right edge will not be tweaked.
[1;38;2;49;54;149m    [INFO][0m - [38;2;116;173;209mfitting.py:bspline_profile:1156[0m - B-spline fit:
[1;38;2;49;54;149m    [INFO][0m - [38;2;116;173;209mfitting.py:bspline_profile:1157[0m -     npoly = 1 profile basis functions
[1;38;2;49;54;149m    [INFO][0m - [38;2;116;173;209mfitting.py:bspline_profile:1158[0m -     ngood = 138271/138271 measurements
[1;38;2;49;54;149m    [INFO][0m - [38;2;116;173;209mfitting.py:bspline_profile:1159[0m - ***************** Iter     Chi^2    N Rej  R. Fac *****************
[1;38;2;49;54;149m    [INFO][0m - [38;2;116;173;209mfitting.py:bspline_profile:1163[0m -                   ----  --------  -------  ------                  
[1;38;2;49;54;149m    [INFO][0m - [38;2;116;173;209mfitting.py:bspline_profile:1257[0m -                      1     0.000        0    1.00                  
[1;38;2;49;54;149m    [INFO][0m - [38;2;116;173;209mfitting.py:bspline_profile:1272[0m -                   DONE     0.000        0    1.00                  
[1;38;2;49;54;149m    [INFO][0m - [38;2;116;173;209mfitting.py:bspline_profile:1275[0m - *******************************************************************
[1;38;2;49;54;149m    [INFO][0m - [38;2;116;173;209mflatfield.py:spatial_fit_finecorr:1477[0m - Performing a fine correction to the spatial illumination (slit 664)
[1;38;2;253;174;97m [WARNING][0m - [38;2;116;173;209mfitting.py:robust_fit:456[0m - Maximum number of iterations maxiter=10 reached in robust_polyfit_djs
[1;38;2;49;54;149m    [INFO][0m - [38;2;116;173;209mflatfield.py:spatillum_finecorr_qa:1966[0m - Generating QA for spatial illumination fine correction
[1;38;2;49;54;149m    [INFO][0m - [38;2;116;173;209mflatfield.py:spatillum_finecorr_qa:2047[0m - Saved QA:
/Users/kaiwenzhang/PycharmProjects/KCWI/KCWI_RED_channel_characterization/RM1 pypeit run/2024-05-02/pypeit_run/keck_kcrm_B/QA/PNGs/Spatillum_FineCorr_B_1_DET01_S0664_spatillum_finecorr.png
[1;38;2;49;54;149m    [INFO][0m - [38;2;116;173;209mflatfield.py:fit:1218[0m - Performing 2D illumination + scattered light flat field fit
[1;38;2;49;54;149m    [INFO][0m - [38;2;116;173;209mfitting.py:bspline_profile:1156[0m - B-spline fit:
[1;38;2;49;54;149m    [INFO][0m - [38;2;116;173;209mfitting.py:bspline_profile:1157[0m -     npoly = 7 profile basis functions
[1;38;2;49;54;149m    [INFO][0m - [38;2;116;173;209mfitting.py:bspline_profile:1158[0m -     ngood = 142437/144749 measurements
[1;38;2;49;54;149m    [INFO][0m - [38;2;116;173;209mfitting.py:bspline_profile:1159[0m - ***************** Iter     Chi^2    N Rej  R. Fac *****************
[1;38;2;49;54;149m    [INFO][0m - [38;2;116;173;209mfitting.py:bspline_profile:1163[0m -                   ----  --------  -------  ------                  
[1;38;2;49;54;149m    [INFO][0m - [38;2;116;173;209mfitting.py:bspline_profile:1257[0m -                      1     3.962    10240    1.00                  
[1;38;2;49;54;149m    [INFO][0m - [38;2;116;173;209mfitting.py:bspline_profile:1257[0m -                      2     0.602    10515    1.00                  
[1;38;2;49;54;149m    [INFO][0m - [38;2;116;173;209mfitting.py:bspline_profile:1257[0m -                      3     0.541    10619    1.00                  
[1;38;2;49;54;149m    [INFO][0m - [38;2;116;173;209mfitting.py:bspline_profile:1257[0m -                      4     0.523    10677    1.00                  
[1;38;2;49;54;149m    [INFO][0m - [38;2;116;173;209mfitting.py:bspline_profile:1257[0m -                      5     0.513    10712    1.00                  
[1;38;2;49;54;149m    [INFO][0m - [38;2;116;173;209mfitting.py:bspline_profile:1257[0m -                      6     0.507    10735    1.00                  
[1;38;2;49;54;149m    [INFO][0m - [38;2;116;173;209mfitting.py:bspline_profile:1257[0m -                      7     0.503    10747    1.00                  
[1;38;2;49;54;149m    [INFO][0m - [38;2;116;173;209mfitting.py:bspline_profile:1257[0m -                      8     0.501    10755    1.00                  
[1;38;2;49;54;149m    [INFO][0m - [38;2;116;173;209mfitting.py:bspline_profile:1257[0m -                      9     0.500    10759    1.00                  
[1;38;2;49;54;149m    [INFO][0m - [38;2;116;173;209mfitting.py:bspline_profile:1257[0m -                     10     0.500    10764    1.00                  
[1;38;2;49;54;149m    [INFO][0m - [38;2;116;173;209mfitting.py:bspline_profile:1257[0m -                     11     0.499    10767    1.00                  
[1;38;2;49;54;149m    [INFO][0m - [38;2;116;173;209mfitting.py:bspline_profile:1257[0m -                     12     0.499    10768    1.00                  
[1;38;2;49;54;149m    [INFO][0m - [38;2;116;173;209mfitting.py:bspline_profile:1257[0m -                     13     0.498    10771    1.00                  
[1;38;2;49;54;149m    [INFO][0m - [38;2;116;173;209mfitting.py:bspline_profile:1257[0m -                     14     0.498    10776    1.00                  
[1;38;2;49;54;149m    [INFO][0m - [38;2;116;173;209mfitting.py:bspline_profile:1257[0m -                     15     0.497    10778    1.00                  
[1;38;2;49;54;149m    [INFO][0m - [38;2;116;173;209mfitting.py:bspline_profile:1257[0m -                     16     0.497    10779    1.00                  
[1;38;2;49;54;149m    [INFO][0m - [38;2;116;173;209mfitting.py:bspline_profile:1257[0m -                     17     0.497    10779    1.00                  
[1;38;2;49;54;149m    [INFO][0m - [38;2;116;173;209mfitting.py:bspline_profile:1272[0m -                   DONE     0.497    10779    1.00                  
[1;38;2;49;54;149m    [INFO][0m - [38;2;116;173;209mfitting.py:bspline_profile:1275[0m - *******************************************************************
[1;38;2;49;54;149m    [INFO][0m - [38;2;116;173;209mflatfield.py:fit:924[0m - Modeling the flat-field response for slit spat_id=738: 10/24
[1;38;2;49;54;149m    [INFO][0m - [38;2;116;173;209mflatfield.py:fit:1008[0m - Spectral fit of flatfield for 132333/144717  pixels in the slit.
[1;38;2;49;54;149m    [INFO][0m - [38;2;116;173;209mfitting.py:bspline_profile:1156[0m - B-spline fit:
[1;38;2;49;54;149m    [INFO][0m - [38;2;116;173;209mfitting.py:bspline_profile:1157[0m -     npoly = 1 profile basis functions
[1;38;2;49;54;149m    [INFO][0m - [38;2;116;173;209mfitting.py:bspline_profile:1158[0m -     ngood = 132333/132333 measurements
[1;38;2;49;54;149m    [INFO][0m - [38;2;116;173;209mfitting.py:bspline_profile:1159[0m - ***************** Iter     Chi^2    N Rej  R. Fac *****************
[1;38;2;49;54;149m    [INFO][0m - [38;2;116;173;209mfitting.py:bspline_profile:1163[0m -                   ----  --------  -------  ------                  
[1;38;2;49;54;149m    [INFO][0m - [38;2;116;173;209mfitting.py:bspline_profile:1257[0m -                      1     0.006       35    1.00                  
[1;38;2;49;54;149m    [INFO][0m - [38;2;116;173;209mfitting.py:bspline_profile:1257[0m -                      2     0.006       42    1.00                  
[1;38;2;49;54;149m    [INFO][0m - [38;2;116;173;209mfitting.py:bspline_profile:1257[0m -                      3     0.006       42    1.00                  
[1;38;2;49;54;149m    [INFO][0m - [38;2;116;173;209mfitting.py:bspline_profile:1272[0m -                   DONE     0.006       42    1.00                  
[1;38;2;49;54;149m    [INFO][0m - [38;2;116;173;209mfitting.py:bspline_profile:1275[0m - *******************************************************************
[1;38;2;49;54;149m    [INFO][0m - [38;2;116;173;209mflatfield.py:fit:1097[0m - Spatial fit of flatfield for 143532/152000  pixels in the slit.
[1;38;2;49;54;149m    [INFO][0m - [38;2;116;173;209mfitting.py:bspline_profile:1156[0m - B-spline fit:
[1;38;2;49;54;149m    [INFO][0m - [38;2;116;173;209mfitting.py:bspline_profile:1157[0m -     npoly = 1 profile basis functions
[1;38;2;49;54;149m    [INFO][0m - [38;2;116;173;209mfitting.py:bspline_profile:1158[0m -     ngood = 143532/143532 measurements
[1;38;2;49;54;149m    [INFO][0m - [38;2;116;173;209mfitting.py:bspline_profile:1159[0m - ***************** Iter     Chi^2    N Rej  R. Fac *****************
[1;38;2;49;54;149m    [INFO][0m - [38;2;116;173;209mfitting.py:bspline_profile:1163[0m -                   ----  --------  -------  ------                  
[1;38;2;49;54;149m    [INFO][0m - [38;2;116;173;209mfitting.py:bspline_profile:1257[0m -                      1     0.000        0    1.00                  
[1;38;2;49;54;149m    [INFO][0m - [38;2;116;173;209mfitting.py:bspline_profile:1272[0m -                   DONE     0.000        0    1.00                  
[1;38;2;49;54;149m    [INFO][0m - [38;2;116;173;209mfitting.py:bspline_profile:1275[0m - *******************************************************************
[1;38;2;253;174;97m [WARNING][0m - [38;2;116;173;209mflat.py:tweak_slit_edges_gradient:538[0m - Left slit edge shift of 1.0% exceeds the maximum allowed of 0.0%
The left edge will not be tweaked.
[1;38;2;253;174;97m [WARNING][0m - [38;2;116;173;209mflat.py:tweak_slit_edges_gradient:547[0m - Right slit edge shift of -105.1% exceeds the maximum allowed of 0.0%
The right edge will not be tweaked.
[1;38;2;49;54;149m    [INFO][0m - [38;2;116;173;209mfitting.py:bspline_profile:1156[0m - B-spline fit:
[1;38;2;49;54;149m    [INFO][0m - [38;2;116;173;209mfitting.py:bspline_profile:1157[0m -     npoly = 1 profile basis functions
[1;38;2;49;54;149m    [INFO][0m - [38;2;116;173;209mfitting.py:bspline_profile:1158[0m -     ngood = 143532/143532 measurements
[1;38;2;49;54;149m    [INFO][0m - [38;2;116;173;209mfitting.py:bspline_profile:1159[0m - ***************** Iter     Chi^2    N Rej  R. Fac *****************
[1;38;2;49;54;149m    [INFO][0m - [38;2;116;173;209mfitting.py:bspline_profile:1163[0m -                   ----  --------  -------  ------                  
[1;38;2;49;54;149m    [INFO][0m - [38;2;116;173;209mfitting.py:bspline_profile:1257[0m -                      1     0.000        0    1.00                  
[1;38;2;49;54;149m    [INFO][0m - [38;2;116;173;209mfitting.py:bspline_profile:1272[0m -                   DONE     0.000        0    1.00                  
[1;38;2;49;54;149m    [INFO][0m - [38;2;116;173;209mfitting.py:bspline_profile:1275[0m - *******************************************************************
[1;38;2;49;54;149m    [INFO][0m - [38;2;116;173;209mflatfield.py:spatial_fit_finecorr:1477[0m - Performing a fine correction to the spatial illumination (slit 738)
[1;38;2;253;174;97m [WARNING][0m - [38;2;116;173;209mfitting.py:robust_fit:456[0m - Maximum number of iterations maxiter=10 reached in robust_polyfit_djs
[1;38;2;49;54;149m    [INFO][0m - [38;2;116;173;209mflatfield.py:spatillum_finecorr_qa:1966[0m - Generating QA for spatial illumination fine correction
[1;38;2;49;54;149m    [INFO][0m - [38;2;116;173;209mflatfield.py:spatillum_finecorr_qa:2047[0m - Saved QA:
/Users/kaiwenzhang/PycharmProjects/KCWI/KCWI_RED_channel_characterization/RM1 pypeit run/2024-05-02/pypeit_run/keck_kcrm_B/QA/PNGs/Spatillum_FineCorr_B_1_DET01_S0738_spatillum_finecorr.png
[1;38;2;49;54;149m    [INFO][0m - [38;2;116;173;209mflatfield.py:fit:1218[0m - Performing 2D illumination + scattered light flat field fit
[1;38;2;49;54;149m    [INFO][0m - [38;2;116;173;209mfitting.py:bspline_profile:1156[0m - B-spline fit:
[1;38;2;49;54;149m    [INFO][0m - [38;2;116;173;209mfitting.py:bspline_profile:1157[0m -     npoly = 7 profile basis functions
[1;38;2;49;54;149m    [INFO][0m - [38;2;116;173;209mfitting.py:bspline_profile:1158[0m -     ngood = 141362/144717 measurements
[1;38;2;49;54;149m    [INFO][0m - [38;2;116;173;209mfitting.py:bspline_profile:1159[0m - ***************** Iter     Chi^2    N Rej  R. Fac *****************
[1;38;2;49;54;149m    [INFO][0m - [38;2;116;173;209mfitting.py:bspline_profile:1163[0m -                   ----  --------  -------  ------                  
[1;38;2;49;54;149m    [INFO][0m - [38;2;116;173;209mfitting.py:bspline_profile:1257[0m -                      1     1.919     6957    1.00                  
[1;38;2;49;54;149m    [INFO][0m - [38;2;116;173;209mfitting.py:bspline_profile:1257[0m -                      2     0.425     7082    1.00                  
[1;38;2;49;54;149m    [INFO][0m - [38;2;116;173;209mfitting.py:bspline_profile:1257[0m -                      3     0.399     7122    1.00                  
[1;38;2;49;54;149m    [INFO][0m - [38;2;116;173;209mfitting.py:bspline_profile:1257[0m -                      4     0.393     7140    1.00                  
[1;38;2;49;54;149m    [INFO][0m - [38;2;116;173;209mfitting.py:bspline_profile:1257[0m -                      5     0.390     7150    1.00                  
[1;38;2;49;54;149m    [INFO][0m - [38;2;116;173;209mfitting.py:bspline_profile:1257[0m -                      6     0.389     7157    1.00                  
[1;38;2;49;54;149m    [INFO][0m - [38;2;116;173;209mfitting.py:bspline_profile:1257[0m -                      7     0.388     7159    1.00                  
[1;38;2;49;54;149m    [INFO][0m - [38;2;116;173;209mfitting.py:bspline_profile:1257[0m -                      8     0.387     7160    1.00                  
[1;38;2;49;54;149m    [INFO][0m - [38;2;116;173;209mfitting.py:bspline_profile:1257[0m -                      9     0.387     7161    1.00                  
[1;38;2;49;54;149m    [INFO][0m - [38;2;116;173;209mfitting.py:bspline_profile:1257[0m -                     10     0.387     7161    1.00                  
[1;38;2;49;54;149m    [INFO][0m - [38;2;116;173;209mfitting.py:bspline_profile:1272[0m -                   DONE     0.387     7161    1.00                  
[1;38;2;49;54;149m    [INFO][0m - [38;2;116;173;209mfitting.py:bspline_profile:1275[0m - *******************************************************************
[1;38;2;49;54;149m    [INFO][0m - [38;2;116;173;209mflatfield.py:fit:924[0m - Modeling the flat-field response for slit spat_id=812: 11/24
[1;38;2;49;54;149m    [INFO][0m - [38;2;116;173;209mflatfield.py:fit:1008[0m - Spectral fit of flatfield for 132251/144635  pixels in the slit.
[1;38;2;49;54;149m    [INFO][0m - [38;2;116;173;209mfitting.py:bspline_profile:1156[0m - B-spline fit:
[1;38;2;49;54;149m    [INFO][0m - [38;2;116;173;209mfitting.py:bspline_profile:1157[0m -     npoly = 1 profile basis functions
[1;38;2;49;54;149m    [INFO][0m - [38;2;116;173;209mfitting.py:bspline_profile:1158[0m -     ngood = 132251/132251 measurements
[1;38;2;49;54;149m    [INFO][0m - [38;2;116;173;209mfitting.py:bspline_profile:1159[0m - ***************** Iter     Chi^2    N Rej  R. Fac *****************
[1;38;2;49;54;149m    [INFO][0m - [38;2;116;173;209mfitting.py:bspline_profile:1163[0m -                   ----  --------  -------  ------                  
[1;38;2;49;54;149m    [INFO][0m - [38;2;116;173;209mfitting.py:bspline_profile:1257[0m -                      1     0.007       43    1.00                  
[1;38;2;49;54;149m    [INFO][0m - [38;2;116;173;209mfitting.py:bspline_profile:1257[0m -                      2     0.007       53    1.00                  
[1;38;2;49;54;149m    [INFO][0m - [38;2;116;173;209mfitting.py:bspline_profile:1257[0m -                      3     0.007       56    1.00                  
[1;38;2;49;54;149m    [INFO][0m - [38;2;116;173;209mfitting.py:bspline_profile:1257[0m -                      4     0.007       56    1.00                  
[1;38;2;49;54;149m    [INFO][0m - [38;2;116;173;209mfitting.py:bspline_profile:1272[0m -                   DONE     0.007       56    1.00                  
[1;38;2;49;54;149m    [INFO][0m - [38;2;116;173;209mfitting.py:bspline_profile:1275[0m - *******************************************************************
[1;38;2;49;54;149m    [INFO][0m - [38;2;116;173;209mflatfield.py:fit:1097[0m - Spatial fit of flatfield for 138588/152622  pixels in the slit.
[1;38;2;49;54;149m    [INFO][0m - [38;2;116;173;209mfitting.py:bspline_profile:1156[0m - B-spline fit:
[1;38;2;49;54;149m    [INFO][0m - [38;2;116;173;209mfitting.py:bspline_profile:1157[0m -     npoly = 1 profile basis functions
[1;38;2;49;54;149m    [INFO][0m - [38;2;116;173;209mfitting.py:bspline_profile:1158[0m -     ngood = 138588/138588 measurements
[1;38;2;49;54;149m    [INFO][0m - [38;2;116;173;209mfitting.py:bspline_profile:1159[0m - ***************** Iter     Chi^2    N Rej  R. Fac *****************
[1;38;2;49;54;149m    [INFO][0m - [38;2;116;173;209mfitting.py:bspline_profile:1163[0m -                   ----  --------  -------  ------                  
[1;38;2;49;54;149m    [INFO][0m - [38;2;116;173;209mfitting.py:bspline_profile:1257[0m -                      1     0.000        0    1.00                  
[1;38;2;49;54;149m    [INFO][0m - [38;2;116;173;209mfitting.py:bspline_profile:1272[0m -                   DONE     0.000        0    1.00                  
[1;38;2;49;54;149m    [INFO][0m - [38;2;116;173;209mfitting.py:bspline_profile:1275[0m - *******************************************************************
[1;38;2;253;174;97m [WARNING][0m - [38;2;116;173;209mflat.py:tweak_slit_edges_gradient:538[0m - Left slit edge shift of 1.1% exceeds the maximum allowed of 0.0%
The left edge will not be tweaked.
[1;38;2;253;174;97m [WARNING][0m - [38;2;116;173;209mflat.py:tweak_slit_edges_gradient:547[0m - Right slit edge shift of -104.8% exceeds the maximum allowed of 0.0%
The right edge will not be tweaked.
[1;38;2;49;54;149m    [INFO][0m - [38;2;116;173;209mfitting.py:bspline_profile:1156[0m - B-spline fit:
[1;38;2;49;54;149m    [INFO][0m - [38;2;116;173;209mfitting.py:bspline_profile:1157[0m -     npoly = 1 profile basis functions
[1;38;2;49;54;149m    [INFO][0m - [38;2;116;173;209mfitting.py:bspline_profile:1158[0m -     ngood = 138588/138588 measurements
[1;38;2;49;54;149m    [INFO][0m - [38;2;116;173;209mfitting.py:bspline_profile:1159[0m - ***************** Iter     Chi^2    N Rej  R. Fac *****************
[1;38;2;49;54;149m    [INFO][0m - [38;2;116;173;209mfitting.py:bspline_profile:1163[0m -                   ----  --------  -------  ------                  
[1;38;2;49;54;149m    [INFO][0m - [38;2;116;173;209mfitting.py:bspline_profile:1257[0m -                      1     0.000        0    1.00                  
[1;38;2;49;54;149m    [INFO][0m - [38;2;116;173;209mfitting.py:bspline_profile:1272[0m -                   DONE     0.000        0    1.00                  
[1;38;2;49;54;149m    [INFO][0m - [38;2;116;173;209mfitting.py:bspline_profile:1275[0m - *******************************************************************
[1;38;2;49;54;149m    [INFO][0m - [38;2;116;173;209mflatfield.py:spatial_fit_finecorr:1477[0m - Performing a fine correction to the spatial illumination (slit 812)
[1;38;2;253;174;97m [WARNING][0m - [38;2;116;173;209mfitting.py:robust_fit:456[0m - Maximum number of iterations maxiter=10 reached in robust_polyfit_djs
[1;38;2;49;54;149m    [INFO][0m - [38;2;116;173;209mflatfield.py:spatillum_finecorr_qa:1966[0m - Generating QA for spatial illumination fine correction
[1;38;2;49;54;149m    [INFO][0m - [38;2;116;173;209mflatfield.py:spatillum_finecorr_qa:2047[0m - Saved QA:
/Users/kaiwenzhang/PycharmProjects/KCWI/KCWI_RED_channel_characterization/RM1 pypeit run/2024-05-02/pypeit_run/keck_kcrm_B/QA/PNGs/Spatillum_FineCorr_B_1_DET01_S0812_spatillum_finecorr.png
[1;38;2;49;54;149m    [INFO][0m - [38;2;116;173;209mflatfield.py:fit:1218[0m - Performing 2D illumination + scattered light flat field fit
[1;38;2;49;54;149m    [INFO][0m - [38;2;116;173;209mfitting.py:bspline_profile:1156[0m - B-spline fit:
[1;38;2;49;54;149m    [INFO][0m - [38;2;116;173;209mfitting.py:bspline_profile:1157[0m -     npoly = 7 profile basis functions
[1;38;2;49;54;149m    [INFO][0m - [38;2;116;173;209mfitting.py:bspline_profile:1158[0m -     ngood = 141884/144635 measurements
[1;38;2;49;54;149m    [INFO][0m - [38;2;116;173;209mfitting.py:bspline_profile:1159[0m - ***************** Iter     Chi^2    N Rej  R. Fac *****************
[1;38;2;49;54;149m    [INFO][0m - [38;2;116;173;209mfitting.py:bspline_profile:1163[0m -                   ----  --------  -------  ------                  
[1;38;2;49;54;149m    [INFO][0m - [38;2;116;173;209mfitting.py:bspline_profile:1257[0m -                      1     3.044     9059    1.00                  
[1;38;2;49;54;149m    [INFO][0m - [38;2;116;173;209mfitting.py:bspline_profile:1257[0m -                      2     0.553     9230    1.00                  
[1;38;2;49;54;149m    [INFO][0m - [38;2;116;173;209mfitting.py:bspline_profile:1257[0m -                      3     0.522     9301    1.00                  
[1;38;2;49;54;149m    [INFO][0m - [38;2;116;173;209mfitting.py:bspline_profile:1257[0m -                      4     0.510     9336    1.00                  
[1;38;2;49;54;149m    [INFO][0m - [38;2;116;173;209mfitting.py:bspline_profile:1257[0m -                      5     0.505     9360    1.00                  
[1;38;2;49;54;149m    [INFO][0m - [38;2;116;173;209mfitting.py:bspline_profile:1257[0m -                      6     0.501     9379    1.00                  
[1;38;2;49;54;149m    [INFO][0m - [38;2;116;173;209mfitting.py:bspline_profile:1257[0m -                      7     0.499     9394    1.00                  
[1;38;2;49;54;149m    [INFO][0m - [38;2;116;173;209mfitting.py:bspline_profile:1257[0m -                      8     0.496     9407    1.00                  
[1;38;2;49;54;149m    [INFO][0m - [38;2;116;173;209mfitting.py:bspline_profile:1257[0m -                      9     0.494     9415    1.00                  
[1;38;2;49;54;149m    [INFO][0m - [38;2;116;173;209mfitting.py:bspline_profile:1257[0m -                     10     0.493     9421    1.00                  
[1;38;2;49;54;149m    [INFO][0m - [38;2;116;173;209mfitting.py:bspline_profile:1257[0m -                     11     0.492     9423    1.00                  
[1;38;2;49;54;149m    [INFO][0m - [38;2;116;173;209mfitting.py:bspline_profile:1257[0m -                     12     0.492     9426    1.00                  
[1;38;2;49;54;149m    [INFO][0m - [38;2;116;173;209mfitting.py:bspline_profile:1257[0m -                     13     0.492     9428    1.00                  
[1;38;2;49;54;149m    [INFO][0m - [38;2;116;173;209mfitting.py:bspline_profile:1257[0m -                     14     0.491     9429    1.00                  
[1;38;2;49;54;149m    [INFO][0m - [38;2;116;173;209mfitting.py:bspline_profile:1257[0m -                     15     0.491     9430    1.00                  
[1;38;2;49;54;149m    [INFO][0m - [38;2;116;173;209mfitting.py:bspline_profile:1257[0m -                     16     0.491     9432    1.00                  
[1;38;2;49;54;149m    [INFO][0m - [38;2;116;173;209mfitting.py:bspline_profile:1257[0m -                     17     0.491     9435    1.00                  
[1;38;2;49;54;149m    [INFO][0m - [38;2;116;173;209mfitting.py:bspline_profile:1257[0m -                     18     0.490     9440    1.00                  
[1;38;2;49;54;149m    [INFO][0m - [38;2;116;173;209mfitting.py:bspline_profile:1257[0m -                     19     0.490     9442    1.00                  
[1;38;2;49;54;149m    [INFO][0m - [38;2;116;173;209mfitting.py:bspline_profile:1257[0m -                     20     0.489     9443    1.00                  
[1;38;2;49;54;149m    [INFO][0m - [38;2;116;173;209mfitting.py:bspline_profile:1257[0m -                     21     0.489     9443    1.00                  
[1;38;2;49;54;149m    [INFO][0m - [38;2;116;173;209mfitting.py:bspline_profile:1272[0m -                   DONE     0.489     9443    1.00                  
[1;38;2;49;54;149m    [INFO][0m - [38;2;116;173;209mfitting.py:bspline_profile:1275[0m - *******************************************************************
[1;38;2;49;54;149m    [INFO][0m - [38;2;116;173;209mflatfield.py:fit:924[0m - Modeling the flat-field response for slit spat_id=886: 12/24
[1;38;2;49;54;149m    [INFO][0m - [38;2;116;173;209mflatfield.py:fit:1008[0m - Spectral fit of flatfield for 132649/145033  pixels in the slit.
[1;38;2;49;54;149m    [INFO][0m - [38;2;116;173;209mfitting.py:bspline_profile:1156[0m - B-spline fit:
[1;38;2;49;54;149m    [INFO][0m - [38;2;116;173;209mfitting.py:bspline_profile:1157[0m -     npoly = 1 profile basis functions
[1;38;2;49;54;149m    [INFO][0m - [38;2;116;173;209mfitting.py:bspline_profile:1158[0m -     ngood = 132649/132649 measurements
[1;38;2;49;54;149m    [INFO][0m - [38;2;116;173;209mfitting.py:bspline_profile:1159[0m - ***************** Iter     Chi^2    N Rej  R. Fac *****************
[1;38;2;49;54;149m    [INFO][0m - [38;2;116;173;209mfitting.py:bspline_profile:1163[0m -                   ----  --------  -------  ------                  
[1;38;2;49;54;149m    [INFO][0m - [38;2;116;173;209mfitting.py:bspline_profile:1257[0m -                      1     0.005       54    1.00                  
[1;38;2;49;54;149m    [INFO][0m - [38;2;116;173;209mfitting.py:bspline_profile:1257[0m -                      2     0.005       69    1.00                  
[1;38;2;49;54;149m    [INFO][0m - [38;2;116;173;209mfitting.py:bspline_profile:1257[0m -                      3     0.005       71    1.00                  
[1;38;2;49;54;149m    [INFO][0m - [38;2;116;173;209mfitting.py:bspline_profile:1257[0m -                      4     0.005       71    1.00                  
[1;38;2;49;54;149m    [INFO][0m - [38;2;116;173;209mfitting.py:bspline_profile:1272[0m -                   DONE     0.005       71    1.00                  
[1;38;2;49;54;149m    [INFO][0m - [38;2;116;173;209mfitting.py:bspline_profile:1275[0m - *******************************************************************
[1;38;2;49;54;149m    [INFO][0m - [38;2;116;173;209mflatfield.py:fit:1097[0m - Spatial fit of flatfield for 159273/165673  pixels in the slit.
[1;38;2;49;54;149m    [INFO][0m - [38;2;116;173;209mfitting.py:bspline_profile:1156[0m - B-spline fit:
[1;38;2;49;54;149m    [INFO][0m - [38;2;116;173;209mfitting.py:bspline_profile:1157[0m -     npoly = 1 profile basis functions
[1;38;2;49;54;149m    [INFO][0m - [38;2;116;173;209mfitting.py:bspline_profile:1158[0m -     ngood = 159273/159273 measurements
[1;38;2;49;54;149m    [INFO][0m - [38;2;116;173;209mfitting.py:bspline_profile:1159[0m - ***************** Iter     Chi^2    N Rej  R. Fac *****************
[1;38;2;49;54;149m    [INFO][0m - [38;2;116;173;209mfitting.py:bspline_profile:1163[0m -                   ----  --------  -------  ------                  
[1;38;2;49;54;149m    [INFO][0m - [38;2;116;173;209mfitting.py:bspline_profile:1257[0m -                      1     0.000        0    1.00                  
[1;38;2;49;54;149m    [INFO][0m - [38;2;116;173;209mfitting.py:bspline_profile:1272[0m -                   DONE     0.000        0    1.00                  
[1;38;2;49;54;149m    [INFO][0m - [38;2;116;173;209mfitting.py:bspline_profile:1275[0m - *******************************************************************
[1;38;2;253;174;97m [WARNING][0m - [38;2;116;173;209mflat.py:tweak_slit_edges_gradient:538[0m - Left slit edge shift of 1.0% exceeds the maximum allowed of 0.0%
The left edge will not be tweaked.
[1;38;2;253;174;97m [WARNING][0m - [38;2;116;173;209mflat.py:tweak_slit_edges_gradient:547[0m - Right slit edge shift of -0.9% exceeds the maximum allowed of 0.0%
The right edge will not be tweaked.
[1;38;2;49;54;149m    [INFO][0m - [38;2;116;173;209mfitting.py:bspline_profile:1156[0m - B-spline fit:
[1;38;2;49;54;149m    [INFO][0m - [38;2;116;173;209mfitting.py:bspline_profile:1157[0m -     npoly = 1 profile basis functions
[1;38;2;49;54;149m    [INFO][0m - [38;2;116;173;209mfitting.py:bspline_profile:1158[0m -     ngood = 159273/159273 measurements
[1;38;2;49;54;149m    [INFO][0m - [38;2;116;173;209mfitting.py:bspline_profile:1159[0m - ***************** Iter     Chi^2    N Rej  R. Fac *****************
[1;38;2;49;54;149m    [INFO][0m - [38;2;116;173;209mfitting.py:bspline_profile:1163[0m -                   ----  --------  -------  ------                  
[1;38;2;49;54;149m    [INFO][0m - [38;2;116;173;209mfitting.py:bspline_profile:1257[0m -                      1     0.000        0    1.00                  
[1;38;2;49;54;149m    [INFO][0m - [38;2;116;173;209mfitting.py:bspline_profile:1272[0m -                   DONE     0.000        0    1.00                  
[1;38;2;49;54;149m    [INFO][0m - [38;2;116;173;209mfitting.py:bspline_profile:1275[0m - *******************************************************************
[1;38;2;49;54;149m    [INFO][0m - [38;2;116;173;209mflatfield.py:spatial_fit_finecorr:1477[0m - Performing a fine correction to the spatial illumination (slit 886)
[1;38;2;253;174;97m [WARNING][0m - [38;2;116;173;209mfitting.py:robust_fit:456[0m - Maximum number of iterations maxiter=10 reached in robust_polyfit_djs
[1;38;2;49;54;149m    [INFO][0m - [38;2;116;173;209mflatfield.py:spatillum_finecorr_qa:1966[0m - Generating QA for spatial illumination fine correction
[1;38;2;49;54;149m    [INFO][0m - [38;2;116;173;209mflatfield.py:spatillum_finecorr_qa:2047[0m - Saved QA:
/Users/kaiwenzhang/PycharmProjects/KCWI/KCWI_RED_channel_characterization/RM1 pypeit run/2024-05-02/pypeit_run/keck_kcrm_B/QA/PNGs/Spatillum_FineCorr_B_1_DET01_S0886_spatillum_finecorr.png
[1;38;2;49;54;149m    [INFO][0m - [38;2;116;173;209mflatfield.py:fit:1218[0m - Performing 2D illumination + scattered light flat field fit
[1;38;2;49;54;149m    [INFO][0m - [38;2;116;173;209mfitting.py:bspline_profile:1156[0m - B-spline fit:
[1;38;2;49;54;149m    [INFO][0m - [38;2;116;173;209mfitting.py:bspline_profile:1157[0m -     npoly = 7 profile basis functions
[1;38;2;49;54;149m    [INFO][0m - [38;2;116;173;209mfitting.py:bspline_profile:1158[0m -     ngood = 144617/145033 measurements
[1;38;2;49;54;149m    [INFO][0m - [38;2;116;173;209mfitting.py:bspline_profile:1159[0m - ***************** Iter     Chi^2    N Rej  R. Fac *****************
[1;38;2;49;54;149m    [INFO][0m - [38;2;116;173;209mfitting.py:bspline_profile:1163[0m -                   ----  --------  -------  ------                  
[1;38;2;49;54;149m    [INFO][0m - [38;2;116;173;209mfitting.py:bspline_profile:1257[0m -                      1     2.732     5451    1.00                  
[1;38;2;49;54;149m    [INFO][0m - [38;2;116;173;209mfitting.py:bspline_profile:1257[0m -                      2     0.480     5687    1.00                  
[1;38;2;49;54;149m    [INFO][0m - [38;2;116;173;209mfitting.py:bspline_profile:1257[0m -                      3     0.428     5778    1.00                  
[1;38;2;49;54;149m    [INFO][0m - [38;2;116;173;209mfitting.py:bspline_profile:1257[0m -                      4     0.412     5842    1.00                  
[1;38;2;49;54;149m    [INFO][0m - [38;2;116;173;209mfitting.py:bspline_profile:1257[0m -                      5     0.402     5895    1.00                  
[1;38;2;49;54;149m    [INFO][0m - [38;2;116;173;209mfitting.py:bspline_profile:1257[0m -                      6     0.394     5939    1.00                  
[1;38;2;49;54;149m    [INFO][0m - [38;2;116;173;209mfitting.py:bspline_profile:1257[0m -                      7     0.386     5966    1.00                  
[1;38;2;49;54;149m    [INFO][0m - [38;2;116;173;209mfitting.py:bspline_profile:1257[0m -                      8     0.382     5983    1.00                  
[1;38;2;49;54;149m    [INFO][0m - [38;2;116;173;209mfitting.py:bspline_profile:1257[0m -                      9     0.379     6003    1.00                  
[1;38;2;49;54;149m    [INFO][0m - [38;2;116;173;209mfitting.py:bspline_profile:1257[0m -                     10     0.376     6015    1.00                  
[1;38;2;49;54;149m    [INFO][0m - [38;2;116;173;209mfitting.py:bspline_profile:1257[0m -                     11     0.374     6018    1.00                  
[1;38;2;49;54;149m    [INFO][0m - [38;2;116;173;209mfitting.py:bspline_profile:1257[0m -                     12     0.374     6019    1.00                  
[1;38;2;49;54;149m    [INFO][0m - [38;2;116;173;209mfitting.py:bspline_profile:1257[0m -                     13     0.374     6020    1.00                  
[1;38;2;49;54;149m    [INFO][0m - [38;2;116;173;209mfitting.py:bspline_profile:1257[0m -                     14     0.374     6021    1.00                  
[1;38;2;49;54;149m    [INFO][0m - [38;2;116;173;209mfitting.py:bspline_profile:1257[0m -                     15     0.374     6021    1.00                  
[1;38;2;49;54;149m    [INFO][0m - [38;2;116;173;209mfitting.py:bspline_profile:1272[0m -                   DONE     0.374     6021    1.00                  
[1;38;2;49;54;149m    [INFO][0m - [38;2;116;173;209mfitting.py:bspline_profile:1275[0m - *******************************************************************
[1;38;2;49;54;149m    [INFO][0m - [38;2;116;173;209mflatfield.py:fit:924[0m - Modeling the flat-field response for slit spat_id=1164: 13/24
[1;38;2;49;54;149m    [INFO][0m - [38;2;116;173;209mflatfield.py:fit:1008[0m - Spectral fit of flatfield for 132817/145201  pixels in the slit.
[1;38;2;49;54;149m    [INFO][0m - [38;2;116;173;209mfitting.py:bspline_profile:1156[0m - B-spline fit:
[1;38;2;49;54;149m    [INFO][0m - [38;2;116;173;209mfitting.py:bspline_profile:1157[0m -     npoly = 1 profile basis functions
[1;38;2;49;54;149m    [INFO][0m - [38;2;116;173;209mfitting.py:bspline_profile:1158[0m -     ngood = 132817/132817 measurements
[1;38;2;49;54;149m    [INFO][0m - [38;2;116;173;209mfitting.py:bspline_profile:1159[0m - ***************** Iter     Chi^2    N Rej  R. Fac *****************
[1;38;2;49;54;149m    [INFO][0m - [38;2;116;173;209mfitting.py:bspline_profile:1163[0m -                   ----  --------  -------  ------                  
[1;38;2;49;54;149m    [INFO][0m - [38;2;116;173;209mfitting.py:bspline_profile:1257[0m -                      1     0.009      239    1.00                  
[1;38;2;49;54;149m    [INFO][0m - [38;2;116;173;209mfitting.py:bspline_profile:1257[0m -                      2     0.009      311    1.00                  
[1;38;2;49;54;149m    [INFO][0m - [38;2;116;173;209mfitting.py:bspline_profile:1257[0m -                      3     0.009      323    1.00                  
[1;38;2;49;54;149m    [INFO][0m - [38;2;116;173;209mfitting.py:bspline_profile:1257[0m -                      4     0.009      323    1.00                  
[1;38;2;49;54;149m    [INFO][0m - [38;2;116;173;209mfitting.py:bspline_profile:1272[0m -                   DONE     0.009      323    1.00                  
[1;38;2;49;54;149m    [INFO][0m - [38;2;116;173;209mfitting.py:bspline_profile:1275[0m - *******************************************************************
[1;38;2;49;54;149m    [INFO][0m - [38;2;116;173;209mflatfield.py:fit:1097[0m - Spatial fit of flatfield for 140106/152168  pixels in the slit.
[1;38;2;49;54;149m    [INFO][0m - [38;2;116;173;209mfitting.py:bspline_profile:1156[0m - B-spline fit:
[1;38;2;49;54;149m    [INFO][0m - [38;2;116;173;209mfitting.py:bspline_profile:1157[0m -     npoly = 1 profile basis functions
[1;38;2;49;54;149m    [INFO][0m - [38;2;116;173;209mfitting.py:bspline_profile:1158[0m -     ngood = 140106/140106 measurements
[1;38;2;49;54;149m    [INFO][0m - [38;2;116;173;209mfitting.py:bspline_profile:1159[0m - ***************** Iter     Chi^2    N Rej  R. Fac *****************
[1;38;2;49;54;149m    [INFO][0m - [38;2;116;173;209mfitting.py:bspline_profile:1163[0m -                   ----  --------  -------  ------                  
[1;38;2;49;54;149m    [INFO][0m - [38;2;116;173;209mfitting.py:bspline_profile:1257[0m -                      1     0.000        0    1.00                  
[1;38;2;49;54;149m    [INFO][0m - [38;2;116;173;209mfitting.py:bspline_profile:1272[0m -                   DONE     0.000        0    1.00                  
[1;38;2;49;54;149m    [INFO][0m - [38;2;116;173;209mfitting.py:bspline_profile:1275[0m - *******************************************************************
[1;38;2;253;174;97m [WARNING][0m - [38;2;116;173;209mflat.py:tweak_slit_edges_gradient:538[0m - Left slit edge shift of 1.1% exceeds the maximum allowed of 0.0%
The left edge will not be tweaked.
[1;38;2;253;174;97m [WARNING][0m - [38;2;116;173;209mflat.py:tweak_slit_edges_gradient:547[0m - Right slit edge shift of -5.8% exceeds the maximum allowed of 0.0%
The right edge will not be tweaked.
[1;38;2;49;54;149m    [INFO][0m - [38;2;116;173;209mfitting.py:bspline_profile:1156[0m - B-spline fit:
[1;38;2;49;54;149m    [INFO][0m - [38;2;116;173;209mfitting.py:bspline_profile:1157[0m -     npoly = 1 profile basis functions
[1;38;2;49;54;149m    [INFO][0m - [38;2;116;173;209mfitting.py:bspline_profile:1158[0m -     ngood = 140106/140106 measurements
[1;38;2;49;54;149m    [INFO][0m - [38;2;116;173;209mfitting.py:bspline_profile:1159[0m - ***************** Iter     Chi^2    N Rej  R. Fac *****************
[1;38;2;49;54;149m    [INFO][0m - [38;2;116;173;209mfitting.py:bspline_profile:1163[0m -                   ----  --------  -------  ------                  
[1;38;2;49;54;149m    [INFO][0m - [38;2;116;173;209mfitting.py:bspline_profile:1257[0m -                      1     0.000        0    1.00                  
[1;38;2;49;54;149m    [INFO][0m - [38;2;116;173;209mfitting.py:bspline_profile:1272[0m -                   DONE     0.000        0    1.00                  
[1;38;2;49;54;149m    [INFO][0m - [38;2;116;173;209mfitting.py:bspline_profile:1275[0m - *******************************************************************
[1;38;2;49;54;149m    [INFO][0m - [38;2;116;173;209mflatfield.py:spatial_fit_finecorr:1477[0m - Performing a fine correction to the spatial illumination (slit 1164)
[1;38;2;253;174;97m [WARNING][0m - [38;2;116;173;209mfitting.py:robust_fit:456[0m - Maximum number of iterations maxiter=10 reached in robust_polyfit_djs
[1;38;2;49;54;149m    [INFO][0m - [38;2;116;173;209mflatfield.py:spatillum_finecorr_qa:1966[0m - Generating QA for spatial illumination fine correction
[1;38;2;49;54;149m    [INFO][0m - [38;2;116;173;209mflatfield.py:spatillum_finecorr_qa:2047[0m - Saved QA:
/Users/kaiwenzhang/PycharmProjects/KCWI/KCWI_RED_channel_characterization/RM1 pypeit run/2024-05-02/pypeit_run/keck_kcrm_B/QA/PNGs/Spatillum_FineCorr_B_1_DET01_S1164_spatillum_finecorr.png
[1;38;2;49;54;149m    [INFO][0m - [38;2;116;173;209mflatfield.py:fit:1218[0m - Performing 2D illumination + scattered light flat field fit
[1;38;2;49;54;149m    [INFO][0m - [38;2;116;173;209mfitting.py:bspline_profile:1156[0m - B-spline fit:
[1;38;2;49;54;149m    [INFO][0m - [38;2;116;173;209mfitting.py:bspline_profile:1157[0m -     npoly = 7 profile basis functions
[1;38;2;49;54;149m    [INFO][0m - [38;2;116;173;209mfitting.py:bspline_profile:1158[0m -     ngood = 141322/145201 measurements
[1;38;2;49;54;149m    [INFO][0m - [38;2;116;173;209mfitting.py:bspline_profile:1159[0m - ***************** Iter     Chi^2    N Rej  R. Fac *****************
[1;38;2;49;54;149m    [INFO][0m - [38;2;116;173;209mfitting.py:bspline_profile:1163[0m -                   ----  --------  -------  ------                  
[1;38;2;49;54;149m    [INFO][0m - [38;2;116;173;209mfitting.py:bspline_profile:1257[0m -                      1     2.323     8552    1.00                  
[1;38;2;49;54;149m    [INFO][0m - [38;2;116;173;209mfitting.py:bspline_profile:1257[0m -                      2     0.507     8721    1.00                  
[1;38;2;49;54;149m    [INFO][0m - [38;2;116;173;209mfitting.py:bspline_profile:1257[0m -                      3     0.477     8782    1.00                  
[1;38;2;49;54;149m    [INFO][0m - [38;2;116;173;209mfitting.py:bspline_profile:1257[0m -                      4     0.467     8816    1.00                  
[1;38;2;49;54;149m    [INFO][0m - [38;2;116;173;209mfitting.py:bspline_profile:1257[0m -                      5     0.461     8843    1.00                  
[1;38;2;49;54;149m    [INFO][0m - [38;2;116;173;209mfitting.py:bspline_profile:1257[0m -                      6     0.457     8867    1.00                  
[1;38;2;49;54;149m    [INFO][0m - [38;2;116;173;209mfitting.py:bspline_profile:1257[0m -                      7     0.453     8887    1.00                  
[1;38;2;49;54;149m    [INFO][0m - [38;2;116;173;209mfitting.py:bspline_profile:1257[0m -                      8     0.450     8898    1.00                  
[1;38;2;49;54;149m    [INFO][0m - [38;2;116;173;209mfitting.py:bspline_profile:1257[0m -                      9     0.449     8905    1.00                  
[1;38;2;49;54;149m    [INFO][0m - [38;2;116;173;209mfitting.py:bspline_profile:1257[0m -                     10     0.448     8910    1.00                  
[1;38;2;49;54;149m    [INFO][0m - [38;2;116;173;209mfitting.py:bspline_profile:1257[0m -                     11     0.447     8913    1.00                  
[1;38;2;49;54;149m    [INFO][0m - [38;2;116;173;209mfitting.py:bspline_profile:1257[0m -                     12     0.447     8916    1.00                  
[1;38;2;49;54;149m    [INFO][0m - [38;2;116;173;209mfitting.py:bspline_profile:1257[0m -                     13     0.446     8918    1.00                  
[1;38;2;49;54;149m    [INFO][0m - [38;2;116;173;209mfitting.py:bspline_profile:1257[0m -                     14     0.446     8921    1.00                  
[1;38;2;49;54;149m    [INFO][0m - [38;2;116;173;209mfitting.py:bspline_profile:1257[0m -                     15     0.445     8927    1.00                  
[1;38;2;49;54;149m    [INFO][0m - [38;2;116;173;209mfitting.py:bspline_profile:1257[0m -                     16     0.444     8931    1.00                  
[1;38;2;49;54;149m    [INFO][0m - [38;2;116;173;209mfitting.py:bspline_profile:1257[0m -                     17     0.443     8932    1.00                  
[1;38;2;49;54;149m    [INFO][0m - [38;2;116;173;209mfitting.py:bspline_profile:1257[0m -                     18     0.443     8935    1.00                  
[1;38;2;49;54;149m    [INFO][0m - [38;2;116;173;209mfitting.py:bspline_profile:1257[0m -                     19     0.442     8935    1.00                  
[1;38;2;49;54;149m    [INFO][0m - [38;2;116;173;209mfitting.py:bspline_profile:1272[0m -                   DONE     0.442     8935    1.00                  
[1;38;2;49;54;149m    [INFO][0m - [38;2;116;173;209mfitting.py:bspline_profile:1275[0m - *******************************************************************
[1;38;2;49;54;149m    [INFO][0m - [38;2;116;173;209mflatfield.py:fit:924[0m - Modeling the flat-field response for slit spat_id=1238: 14/24
[1;38;2;49;54;149m    [INFO][0m - [38;2;116;173;209mflatfield.py:fit:1008[0m - Spectral fit of flatfield for 132849/145233  pixels in the slit.
[1;38;2;49;54;149m    [INFO][0m - [38;2;116;173;209mfitting.py:bspline_profile:1156[0m - B-spline fit:
[1;38;2;49;54;149m    [INFO][0m - [38;2;116;173;209mfitting.py:bspline_profile:1157[0m -     npoly = 1 profile basis functions
[1;38;2;49;54;149m    [INFO][0m - [38;2;116;173;209mfitting.py:bspline_profile:1158[0m -     ngood = 132849/132849 measurements
[1;38;2;49;54;149m    [INFO][0m - [38;2;116;173;209mfitting.py:bspline_profile:1159[0m - ***************** Iter     Chi^2    N Rej  R. Fac *****************
[1;38;2;49;54;149m    [INFO][0m - [38;2;116;173;209mfitting.py:bspline_profile:1163[0m -                   ----  --------  -------  ------                  
[1;38;2;49;54;149m    [INFO][0m - [38;2;116;173;209mfitting.py:bspline_profile:1257[0m -                      1     0.006      181    1.00                  
[1;38;2;49;54;149m    [INFO][0m - [38;2;116;173;209mfitting.py:bspline_profile:1257[0m -                      2     0.006      229    1.00                  
[1;38;2;49;54;149m    [INFO][0m - [38;2;116;173;209mfitting.py:bspline_profile:1257[0m -                      3     0.006      237    1.00                  
[1;38;2;49;54;149m    [INFO][0m - [38;2;116;173;209mfitting.py:bspline_profile:1257[0m -                      4     0.006      241    1.00                  
[1;38;2;49;54;149m    [INFO][0m - [38;2;116;173;209mfitting.py:bspline_profile:1257[0m -                      5     0.006      241    1.00                  
[1;38;2;49;54;149m    [INFO][0m - [38;2;116;173;209mfitting.py:bspline_profile:1272[0m -                   DONE     0.006      241    1.00                  
[1;38;2;49;54;149m    [INFO][0m - [38;2;116;173;209mfitting.py:bspline_profile:1275[0m - *******************************************************************
[1;38;2;49;54;149m    [INFO][0m - [38;2;116;173;209mflatfield.py:fit:1097[0m - Spatial fit of flatfield for 149070/152844  pixels in the slit.
[1;38;2;49;54;149m    [INFO][0m - [38;2;116;173;209mfitting.py:bspline_profile:1156[0m - B-spline fit:
[1;38;2;49;54;149m    [INFO][0m - [38;2;116;173;209mfitting.py:bspline_profile:1157[0m -     npoly = 1 profile basis functions
[1;38;2;49;54;149m    [INFO][0m - [38;2;116;173;209mfitting.py:bspline_profile:1158[0m -     ngood = 149070/149070 measurements
[1;38;2;49;54;149m    [INFO][0m - [38;2;116;173;209mfitting.py:bspline_profile:1159[0m - ***************** Iter     Chi^2    N Rej  R. Fac *****************
[1;38;2;49;54;149m    [INFO][0m - [38;2;116;173;209mfitting.py:bspline_profile:1163[0m -                   ----  --------  -------  ------                  
[1;38;2;49;54;149m    [INFO][0m - [38;2;116;173;209mfitting.py:bspline_profile:1257[0m -                      1     0.000        0    1.00                  
[1;38;2;49;54;149m    [INFO][0m - [38;2;116;173;209mfitting.py:bspline_profile:1272[0m -                   DONE     0.000        0    1.00                  
[1;38;2;49;54;149m    [INFO][0m - [38;2;116;173;209mfitting.py:bspline_profile:1275[0m - *******************************************************************
[1;38;2;253;174;97m [WARNING][0m - [38;2;116;173;209mflat.py:tweak_slit_edges_gradient:538[0m - Left slit edge shift of 1.0% exceeds the maximum allowed of 0.0%
The left edge will not be tweaked.
[1;38;2;253;174;97m [WARNING][0m - [38;2;116;173;209mflat.py:tweak_slit_edges_gradient:547[0m - Right slit edge shift of -105.0% exceeds the maximum allowed of 0.0%
The right edge will not be tweaked.
[1;38;2;49;54;149m    [INFO][0m - [38;2;116;173;209mfitting.py:bspline_profile:1156[0m - B-spline fit:
[1;38;2;49;54;149m    [INFO][0m - [38;2;116;173;209mfitting.py:bspline_profile:1157[0m -     npoly = 1 profile basis functions
[1;38;2;49;54;149m    [INFO][0m - [38;2;116;173;209mfitting.py:bspline_profile:1158[0m -     ngood = 149070/149070 measurements
[1;38;2;49;54;149m    [INFO][0m - [38;2;116;173;209mfitting.py:bspline_profile:1159[0m - ***************** Iter     Chi^2    N Rej  R. Fac *****************
[1;38;2;49;54;149m    [INFO][0m - [38;2;116;173;209mfitting.py:bspline_profile:1163[0m -                   ----  --------  -------  ------                  
[1;38;2;49;54;149m    [INFO][0m - [38;2;116;173;209mfitting.py:bspline_profile:1257[0m -                      1     0.000        0    1.00                  
[1;38;2;49;54;149m    [INFO][0m - [38;2;116;173;209mfitting.py:bspline_profile:1272[0m -                   DONE     0.000        0    1.00                  
[1;38;2;49;54;149m    [INFO][0m - [38;2;116;173;209mfitting.py:bspline_profile:1275[0m - *******************************************************************
[1;38;2;49;54;149m    [INFO][0m - [38;2;116;173;209mflatfield.py:spatial_fit_finecorr:1477[0m - Performing a fine correction to the spatial illumination (slit 1238)
[1;38;2;253;174;97m [WARNING][0m - [38;2;116;173;209mfitting.py:robust_fit:456[0m - Maximum number of iterations maxiter=10 reached in robust_polyfit_djs
[1;38;2;49;54;149m    [INFO][0m - [38;2;116;173;209mflatfield.py:spatillum_finecorr_qa:1966[0m - Generating QA for spatial illumination fine correction
[1;38;2;49;54;149m    [INFO][0m - [38;2;116;173;209mflatfield.py:spatillum_finecorr_qa:2047[0m - Saved QA:
/Users/kaiwenzhang/PycharmProjects/KCWI/KCWI_RED_channel_characterization/RM1 pypeit run/2024-05-02/pypeit_run/keck_kcrm_B/QA/PNGs/Spatillum_FineCorr_B_1_DET01_S1238_spatillum_finecorr.png
[1;38;2;49;54;149m    [INFO][0m - [38;2;116;173;209mflatfield.py:fit:1218[0m - Performing 2D illumination + scattered light flat field fit
[1;38;2;49;54;149m    [INFO][0m - [38;2;116;173;209mfitting.py:bspline_profile:1156[0m - B-spline fit:
[1;38;2;49;54;149m    [INFO][0m - [38;2;116;173;209mfitting.py:bspline_profile:1157[0m -     npoly = 7 profile basis functions
[1;38;2;49;54;149m    [INFO][0m - [38;2;116;173;209mfitting.py:bspline_profile:1158[0m -     ngood = 142508/145233 measurements
[1;38;2;49;54;149m    [INFO][0m - [38;2;116;173;209mfitting.py:bspline_profile:1159[0m - ***************** Iter     Chi^2    N Rej  R. Fac *****************
[1;38;2;49;54;149m    [INFO][0m - [38;2;116;173;209mfitting.py:bspline_profile:1163[0m -                   ----  --------  -------  ------                  
[1;38;2;49;54;149m    [INFO][0m - [38;2;116;173;209mfitting.py:bspline_profile:1257[0m -                      1     1.434     5378    1.00                  
[1;38;2;49;54;149m    [INFO][0m - [38;2;116;173;209mfitting.py:bspline_profile:1257[0m -                      2     0.379     5522    1.00                  
[1;38;2;49;54;149m    [INFO][0m - [38;2;116;173;209mfitting.py:bspline_profile:1257[0m -                      3     0.350     5598    1.00                  
[1;38;2;49;54;149m    [INFO][0m - [38;2;116;173;209mfitting.py:bspline_profile:1257[0m -                      4     0.337     5638    1.00                  
[1;38;2;49;54;149m    [INFO][0m - [38;2;116;173;209mfitting.py:bspline_profile:1257[0m -                      5     0.330     5668    1.00                  
[1;38;2;49;54;149m    [INFO][0m - [38;2;116;173;209mfitting.py:bspline_profile:1257[0m -                      6     0.326     5687    1.00                  
[1;38;2;49;54;149m    [INFO][0m - [38;2;116;173;209mfitting.py:bspline_profile:1257[0m -                      7     0.323     5697    1.00                  
[1;38;2;49;54;149m    [INFO][0m - [38;2;116;173;209mfitting.py:bspline_profile:1257[0m -                      8     0.322     5703    1.00                  
[1;38;2;49;54;149m    [INFO][0m - [38;2;116;173;209mfitting.py:bspline_profile:1257[0m -                      9     0.321     5709    1.00                  
[1;38;2;49;54;149m    [INFO][0m - [38;2;116;173;209mfitting.py:bspline_profile:1257[0m -                     10     0.320     5714    1.00                  
[1;38;2;49;54;149m    [INFO][0m - [38;2;116;173;209mfitting.py:bspline_profile:1257[0m -                     11     0.320     5722    1.00                  
[1;38;2;49;54;149m    [INFO][0m - [38;2;116;173;209mfitting.py:bspline_profile:1257[0m -                     12     0.318     5725    1.00                  
[1;38;2;49;54;149m    [INFO][0m - [38;2;116;173;209mfitting.py:bspline_profile:1257[0m -                     13     0.318     5728    1.00                  
[1;38;2;49;54;149m    [INFO][0m - [38;2;116;173;209mfitting.py:bspline_profile:1257[0m -                     14     0.318     5730    1.00                  
[1;38;2;49;54;149m    [INFO][0m - [38;2;116;173;209mfitting.py:bspline_profile:1257[0m -                     15     0.317     5730    1.00                  
[1;38;2;49;54;149m    [INFO][0m - [38;2;116;173;209mfitting.py:bspline_profile:1272[0m -                   DONE     0.317     5730    1.00                  
[1;38;2;49;54;149m    [INFO][0m - [38;2;116;173;209mfitting.py:bspline_profile:1275[0m - *******************************************************************
[1;38;2;49;54;149m    [INFO][0m - [38;2;116;173;209mflatfield.py:fit:924[0m - Modeling the flat-field response for slit spat_id=1312: 15/24
[1;38;2;49;54;149m    [INFO][0m - [38;2;116;173;209mflatfield.py:fit:1008[0m - Spectral fit of flatfield for 132850/145234  pixels in the slit.
[1;38;2;49;54;149m    [INFO][0m - [38;2;116;173;209mfitting.py:bspline_profile:1156[0m - B-spline fit:
[1;38;2;49;54;149m    [INFO][0m - [38;2;116;173;209mfitting.py:bspline_profile:1157[0m -     npoly = 1 profile basis functions
[1;38;2;49;54;149m    [INFO][0m - [38;2;116;173;209mfitting.py:bspline_profile:1158[0m -     ngood = 132850/132850 measurements
[1;38;2;49;54;149m    [INFO][0m - [38;2;116;173;209mfitting.py:bspline_profile:1159[0m - ***************** Iter     Chi^2    N Rej  R. Fac *****************
[1;38;2;49;54;149m    [INFO][0m - [38;2;116;173;209mfitting.py:bspline_profile:1163[0m -                   ----  --------  -------  ------                  
[1;38;2;49;54;149m    [INFO][0m - [38;2;116;173;209mfitting.py:bspline_profile:1257[0m -                      1     0.007      169    1.00                  
[1;38;2;49;54;149m    [INFO][0m - [38;2;116;173;209mfitting.py:bspline_profile:1257[0m -                      2     0.007      208    1.00                  
[1;38;2;49;54;149m    [INFO][0m - [38;2;116;173;209mfitting.py:bspline_profile:1257[0m -                      3     0.007      217    1.00                  
[1;38;2;49;54;149m    [INFO][0m - [38;2;116;173;209mfitting.py:bspline_profile:1257[0m -                      4     0.007      219    1.00                  
[1;38;2;49;54;149m    [INFO][0m - [38;2;116;173;209mfitting.py:bspline_profile:1257[0m -                      5     0.007      219    1.00                  
[1;38;2;49;54;149m    [INFO][0m - [38;2;116;173;209mfitting.py:bspline_profile:1272[0m -                   DONE     0.007      219    1.00                  
[1;38;2;49;54;149m    [INFO][0m - [38;2;116;173;209mfitting.py:bspline_profile:1275[0m - *******************************************************************
[1;38;2;49;54;149m    [INFO][0m - [38;2;116;173;209mflatfield.py:fit:1097[0m - Spatial fit of flatfield for 143632/152309  pixels in the slit.
[1;38;2;49;54;149m    [INFO][0m - [38;2;116;173;209mfitting.py:bspline_profile:1156[0m - B-spline fit:
[1;38;2;49;54;149m    [INFO][0m - [38;2;116;173;209mfitting.py:bspline_profile:1157[0m -     npoly = 1 profile basis functions
[1;38;2;49;54;149m    [INFO][0m - [38;2;116;173;209mfitting.py:bspline_profile:1158[0m -     ngood = 143632/143632 measurements
[1;38;2;49;54;149m    [INFO][0m - [38;2;116;173;209mfitting.py:bspline_profile:1159[0m - ***************** Iter     Chi^2    N Rej  R. Fac *****************
[1;38;2;49;54;149m    [INFO][0m - [38;2;116;173;209mfitting.py:bspline_profile:1163[0m -                   ----  --------  -------  ------                  
[1;38;2;49;54;149m    [INFO][0m - [38;2;116;173;209mfitting.py:bspline_profile:1257[0m -                      1     0.000        0    1.00                  
[1;38;2;49;54;149m    [INFO][0m - [38;2;116;173;209mfitting.py:bspline_profile:1272[0m -                   DONE     0.000        0    1.00                  
[1;38;2;49;54;149m    [INFO][0m - [38;2;116;173;209mfitting.py:bspline_profile:1275[0m - *******************************************************************
[1;38;2;253;174;97m [WARNING][0m - [38;2;116;173;209mflat.py:tweak_slit_edges_gradient:538[0m - Left slit edge shift of 1.1% exceeds the maximum allowed of 0.0%
The left edge will not be tweaked.
[1;38;2;253;174;97m [WARNING][0m - [38;2;116;173;209mflat.py:tweak_slit_edges_gradient:547[0m - Right slit edge shift of -105.1% exceeds the maximum allowed of 0.0%
The right edge will not be tweaked.
[1;38;2;49;54;149m    [INFO][0m - [38;2;116;173;209mfitting.py:bspline_profile:1156[0m - B-spline fit:
[1;38;2;49;54;149m    [INFO][0m - [38;2;116;173;209mfitting.py:bspline_profile:1157[0m -     npoly = 1 profile basis functions
[1;38;2;49;54;149m    [INFO][0m - [38;2;116;173;209mfitting.py:bspline_profile:1158[0m -     ngood = 143632/143632 measurements
[1;38;2;49;54;149m    [INFO][0m - [38;2;116;173;209mfitting.py:bspline_profile:1159[0m - ***************** Iter     Chi^2    N Rej  R. Fac *****************
[1;38;2;49;54;149m    [INFO][0m - [38;2;116;173;209mfitting.py:bspline_profile:1163[0m -                   ----  --------  -------  ------                  
[1;38;2;49;54;149m    [INFO][0m - [38;2;116;173;209mfitting.py:bspline_profile:1257[0m -                      1     0.000        0    1.00                  
[1;38;2;49;54;149m    [INFO][0m - [38;2;116;173;209mfitting.py:bspline_profile:1272[0m -                   DONE     0.000        0    1.00                  
[1;38;2;49;54;149m    [INFO][0m - [38;2;116;173;209mfitting.py:bspline_profile:1275[0m - *******************************************************************
[1;38;2;49;54;149m    [INFO][0m - [38;2;116;173;209mflatfield.py:spatial_fit_finecorr:1477[0m - Performing a fine correction to the spatial illumination (slit 1312)
[1;38;2;253;174;97m [WARNING][0m - [38;2;116;173;209mfitting.py:robust_fit:456[0m - Maximum number of iterations maxiter=10 reached in robust_polyfit_djs
[1;38;2;49;54;149m    [INFO][0m - [38;2;116;173;209mflatfield.py:spatillum_finecorr_qa:1966[0m - Generating QA for spatial illumination fine correction
[1;38;2;49;54;149m    [INFO][0m - [38;2;116;173;209mflatfield.py:spatillum_finecorr_qa:2047[0m - Saved QA:
/Users/kaiwenzhang/PycharmProjects/KCWI/KCWI_RED_channel_characterization/RM1 pypeit run/2024-05-02/pypeit_run/keck_kcrm_B/QA/PNGs/Spatillum_FineCorr_B_1_DET01_S1312_spatillum_finecorr.png
[1;38;2;49;54;149m    [INFO][0m - [38;2;116;173;209mflatfield.py:fit:1218[0m - Performing 2D illumination + scattered light flat field fit
[1;38;2;49;54;149m    [INFO][0m - [38;2;116;173;209mfitting.py:bspline_profile:1156[0m - B-spline fit:
[1;38;2;49;54;149m    [INFO][0m - [38;2;116;173;209mfitting.py:bspline_profile:1157[0m -     npoly = 7 profile basis functions
[1;38;2;49;54;149m    [INFO][0m - [38;2;116;173;209mfitting.py:bspline_profile:1158[0m -     ngood = 141678/145234 measurements
[1;38;2;49;54;149m    [INFO][0m - [38;2;116;173;209mfitting.py:bspline_profile:1159[0m - ***************** Iter     Chi^2    N Rej  R. Fac *****************
[1;38;2;49;54;149m    [INFO][0m - [38;2;116;173;209mfitting.py:bspline_profile:1163[0m -                   ----  --------  -------  ------                  
[1;38;2;49;54;149m    [INFO][0m - [38;2;116;173;209mfitting.py:bspline_profile:1257[0m -                      1     1.942     7368    1.00                  
[1;38;2;49;54;149m    [INFO][0m - [38;2;116;173;209mfitting.py:bspline_profile:1257[0m -                      2     0.407     7467    1.00                  
[1;38;2;49;54;149m    [INFO][0m - [38;2;116;173;209mfitting.py:bspline_profile:1257[0m -                      3     0.390     7503    1.00                  
[1;38;2;49;54;149m    [INFO][0m - [38;2;116;173;209mfitting.py:bspline_profile:1257[0m -                      4     0.384     7519    1.00                  
[1;38;2;49;54;149m    [INFO][0m - [38;2;116;173;209mfitting.py:bspline_profile:1257[0m -                      5     0.382     7522    1.00                  
[1;38;2;49;54;149m    [INFO][0m - [38;2;116;173;209mfitting.py:bspline_profile:1257[0m -                      6     0.382     7524    1.00                  
[1;38;2;49;54;149m    [INFO][0m - [38;2;116;173;209mfitting.py:bspline_profile:1257[0m -                      7     0.382     7526    1.00                  
[1;38;2;49;54;149m    [INFO][0m - [38;2;116;173;209mfitting.py:bspline_profile:1257[0m -                      8     0.381     7529    1.00                  
[1;38;2;49;54;149m    [INFO][0m - [38;2;116;173;209mfitting.py:bspline_profile:1257[0m -                      9     0.381     7530    1.00                  
[1;38;2;49;54;149m    [INFO][0m - [38;2;116;173;209mfitting.py:bspline_profile:1257[0m -                     10     0.381     7530    1.00                  
[1;38;2;49;54;149m    [INFO][0m - [38;2;116;173;209mfitting.py:bspline_profile:1272[0m -                   DONE     0.381     7530    1.00                  
[1;38;2;49;54;149m    [INFO][0m - [38;2;116;173;209mfitting.py:bspline_profile:1275[0m - *******************************************************************
[1;38;2;49;54;149m    [INFO][0m - [38;2;116;173;209mflatfield.py:fit:924[0m - Modeling the flat-field response for slit spat_id=1386: 16/24
[1;38;2;49;54;149m    [INFO][0m - [38;2;116;173;209mflatfield.py:fit:1008[0m - Spectral fit of flatfield for 132779/145163  pixels in the slit.
[1;38;2;49;54;149m    [INFO][0m - [38;2;116;173;209mfitting.py:bspline_profile:1156[0m - B-spline fit:
[1;38;2;49;54;149m    [INFO][0m - [38;2;116;173;209mfitting.py:bspline_profile:1157[0m -     npoly = 1 profile basis functions
[1;38;2;49;54;149m    [INFO][0m - [38;2;116;173;209mfitting.py:bspline_profile:1158[0m -     ngood = 132779/132779 measurements
[1;38;2;49;54;149m    [INFO][0m - [38;2;116;173;209mfitting.py:bspline_profile:1159[0m - ***************** Iter     Chi^2    N Rej  R. Fac *****************
[1;38;2;49;54;149m    [INFO][0m - [38;2;116;173;209mfitting.py:bspline_profile:1163[0m -                   ----  --------  -------  ------                  
[1;38;2;49;54;149m    [INFO][0m - [38;2;116;173;209mfitting.py:bspline_profile:1257[0m -                      1     0.005      185    1.00                  
[1;38;2;49;54;149m    [INFO][0m - [38;2;116;173;209mfitting.py:bspline_profile:1257[0m -                      2     0.005      236    1.00                  
[1;38;2;49;54;149m    [INFO][0m - [38;2;116;173;209mfitting.py:bspline_profile:1257[0m -                      3     0.005      242    1.00                  
[1;38;2;49;54;149m    [INFO][0m - [38;2;116;173;209mfitting.py:bspline_profile:1257[0m -                      4     0.005      243    1.00                  
[1;38;2;49;54;149m    [INFO][0m - [38;2;116;173;209mfitting.py:bspline_profile:1257[0m -                      5     0.005      243    1.00                  
[1;38;2;49;54;149m    [INFO][0m - [38;2;116;173;209mfitting.py:bspline_profile:1272[0m -                   DONE     0.005      243    1.00                  
[1;38;2;49;54;149m    [INFO][0m - [38;2;116;173;209mfitting.py:bspline_profile:1275[0m - *******************************************************************
[1;38;2;49;54;149m    [INFO][0m - [38;2;116;173;209mflatfield.py:fit:1097[0m - Spatial fit of flatfield for 150499/152349  pixels in the slit.
[1;38;2;49;54;149m    [INFO][0m - [38;2;116;173;209mfitting.py:bspline_profile:1156[0m - B-spline fit:
[1;38;2;49;54;149m    [INFO][0m - [38;2;116;173;209mfitting.py:bspline_profile:1157[0m -     npoly = 1 profile basis functions
[1;38;2;49;54;149m    [INFO][0m - [38;2;116;173;209mfitting.py:bspline_profile:1158[0m -     ngood = 150499/150499 measurements
[1;38;2;49;54;149m    [INFO][0m - [38;2;116;173;209mfitting.py:bspline_profile:1159[0m - ***************** Iter     Chi^2    N Rej  R. Fac *****************
[1;38;2;49;54;149m    [INFO][0m - [38;2;116;173;209mfitting.py:bspline_profile:1163[0m -                   ----  --------  -------  ------                  
[1;38;2;49;54;149m    [INFO][0m - [38;2;116;173;209mfitting.py:bspline_profile:1257[0m -                      1     0.000        0    1.00                  
[1;38;2;49;54;149m    [INFO][0m - [38;2;116;173;209mfitting.py:bspline_profile:1272[0m -                   DONE     0.000        0    1.00                  
[1;38;2;49;54;149m    [INFO][0m - [38;2;116;173;209mfitting.py:bspline_profile:1275[0m - *******************************************************************
[1;38;2;253;174;97m [WARNING][0m - [38;2;116;173;209mflat.py:tweak_slit_edges_gradient:538[0m - Left slit edge shift of 1.0% exceeds the maximum allowed of 0.0%
The left edge will not be tweaked.
[1;38;2;253;174;97m [WARNING][0m - [38;2;116;173;209mflat.py:tweak_slit_edges_gradient:547[0m - Right slit edge shift of -105.0% exceeds the maximum allowed of 0.0%
The right edge will not be tweaked.
[1;38;2;49;54;149m    [INFO][0m - [38;2;116;173;209mfitting.py:bspline_profile:1156[0m - B-spline fit:
[1;38;2;49;54;149m    [INFO][0m - [38;2;116;173;209mfitting.py:bspline_profile:1157[0m -     npoly = 1 profile basis functions
[1;38;2;49;54;149m    [INFO][0m - [38;2;116;173;209mfitting.py:bspline_profile:1158[0m -     ngood = 150499/150499 measurements
[1;38;2;49;54;149m    [INFO][0m - [38;2;116;173;209mfitting.py:bspline_profile:1159[0m - ***************** Iter     Chi^2    N Rej  R. Fac *****************
[1;38;2;49;54;149m    [INFO][0m - [38;2;116;173;209mfitting.py:bspline_profile:1163[0m -                   ----  --------  -------  ------                  
[1;38;2;49;54;149m    [INFO][0m - [38;2;116;173;209mfitting.py:bspline_profile:1257[0m -                      1     0.000        0    1.00                  
[1;38;2;49;54;149m    [INFO][0m - [38;2;116;173;209mfitting.py:bspline_profile:1272[0m -                   DONE     0.000        0    1.00                  
[1;38;2;49;54;149m    [INFO][0m - [38;2;116;173;209mfitting.py:bspline_profile:1275[0m - *******************************************************************
[1;38;2;49;54;149m    [INFO][0m - [38;2;116;173;209mflatfield.py:spatial_fit_finecorr:1477[0m - Performing a fine correction to the spatial illumination (slit 1386)
[1;38;2;253;174;97m [WARNING][0m - [38;2;116;173;209mfitting.py:robust_fit:456[0m - Maximum number of iterations maxiter=10 reached in robust_polyfit_djs
[1;38;2;49;54;149m    [INFO][0m - [38;2;116;173;209mflatfield.py:spatillum_finecorr_qa:1966[0m - Generating QA for spatial illumination fine correction
[1;38;2;49;54;149m    [INFO][0m - [38;2;116;173;209mflatfield.py:spatillum_finecorr_qa:2047[0m - Saved QA:
/Users/kaiwenzhang/PycharmProjects/KCWI/KCWI_RED_channel_characterization/RM1 pypeit run/2024-05-02/pypeit_run/keck_kcrm_B/QA/PNGs/Spatillum_FineCorr_B_1_DET01_S1386_spatillum_finecorr.png
[1;38;2;49;54;149m    [INFO][0m - [38;2;116;173;209mflatfield.py:fit:1218[0m - Performing 2D illumination + scattered light flat field fit
[1;38;2;49;54;149m    [INFO][0m - [38;2;116;173;209mfitting.py:bspline_profile:1156[0m - B-spline fit:
[1;38;2;49;54;149m    [INFO][0m - [38;2;116;173;209mfitting.py:bspline_profile:1157[0m -     npoly = 7 profile basis functions
[1;38;2;49;54;149m    [INFO][0m - [38;2;116;173;209mfitting.py:bspline_profile:1158[0m -     ngood = 142013/145163 measurements
[1;38;2;49;54;149m    [INFO][0m - [38;2;116;173;209mfitting.py:bspline_profile:1159[0m - ***************** Iter     Chi^2    N Rej  R. Fac *****************
[1;38;2;49;54;149m    [INFO][0m - [38;2;116;173;209mfitting.py:bspline_profile:1163[0m -                   ----  --------  -------  ------                  
[1;38;2;49;54;149m    [INFO][0m - [38;2;116;173;209mfitting.py:bspline_profile:1257[0m -                      1     1.281     5636    1.00                  
[1;38;2;49;54;149m    [INFO][0m - [38;2;116;173;209mfitting.py:bspline_profile:1257[0m -                      2     0.319     5761    1.00                  
[1;38;2;49;54;149m    [INFO][0m - [38;2;116;173;209mfitting.py:bspline_profile:1257[0m -                      3     0.295     5816    1.00                  
[1;38;2;49;54;149m    [INFO][0m - [38;2;116;173;209mfitting.py:bspline_profile:1257[0m -                      4     0.287     5839    1.00                  
[1;38;2;49;54;149m    [INFO][0m - [38;2;116;173;209mfitting.py:bspline_profile:1257[0m -                      5     0.283     5850    1.00                  
[1;38;2;49;54;149m    [INFO][0m - [38;2;116;173;209mfitting.py:bspline_profile:1257[0m -                      6     0.282     5856    1.00                  
[1;38;2;49;54;149m    [INFO][0m - [38;2;116;173;209mfitting.py:bspline_profile:1257[0m -                      7     0.281     5861    1.00                  
[1;38;2;49;54;149m    [INFO][0m - [38;2;116;173;209mfitting.py:bspline_profile:1257[0m -                      8     0.280     5863    1.00                  
[1;38;2;49;54;149m    [INFO][0m - [38;2;116;173;209mfitting.py:bspline_profile:1257[0m -                      9     0.280     5865    1.00                  
[1;38;2;49;54;149m    [INFO][0m - [38;2;116;173;209mfitting.py:bspline_profile:1257[0m -                     10     0.280     5865    1.00                  
[1;38;2;49;54;149m    [INFO][0m - [38;2;116;173;209mfitting.py:bspline_profile:1272[0m -                   DONE     0.280     5865    1.00                  
[1;38;2;49;54;149m    [INFO][0m - [38;2;116;173;209mfitting.py:bspline_profile:1275[0m - *******************************************************************
[1;38;2;49;54;149m    [INFO][0m - [38;2;116;173;209mflatfield.py:fit:924[0m - Modeling the flat-field response for slit spat_id=1459: 17/24
[1;38;2;49;54;149m    [INFO][0m - [38;2;116;173;209mflatfield.py:fit:1008[0m - Spectral fit of flatfield for 132614/144998  pixels in the slit.
[1;38;2;49;54;149m    [INFO][0m - [38;2;116;173;209mfitting.py:bspline_profile:1156[0m - B-spline fit:
[1;38;2;49;54;149m    [INFO][0m - [38;2;116;173;209mfitting.py:bspline_profile:1157[0m -     npoly = 1 profile basis functions
[1;38;2;49;54;149m    [INFO][0m - [38;2;116;173;209mfitting.py:bspline_profile:1158[0m -     ngood = 132614/132614 measurements
[1;38;2;49;54;149m    [INFO][0m - [38;2;116;173;209mfitting.py:bspline_profile:1159[0m - ***************** Iter     Chi^2    N Rej  R. Fac *****************
[1;38;2;49;54;149m    [INFO][0m - [38;2;116;173;209mfitting.py:bspline_profile:1163[0m -                   ----  --------  -------  ------                  
[1;38;2;49;54;149m    [INFO][0m - [38;2;116;173;209mfitting.py:bspline_profile:1257[0m -                      1     0.007      181    1.00                  
[1;38;2;49;54;149m    [INFO][0m - [38;2;116;173;209mfitting.py:bspline_profile:1257[0m -                      2     0.007      233    1.00                  
[1;38;2;49;54;149m    [INFO][0m - [38;2;116;173;209mfitting.py:bspline_profile:1257[0m -                      3     0.007      246    1.00                  
[1;38;2;49;54;149m    [INFO][0m - [38;2;116;173;209mfitting.py:bspline_profile:1257[0m -                      4     0.007      248    1.00                  
[1;38;2;49;54;149m    [INFO][0m - [38;2;116;173;209mfitting.py:bspline_profile:1257[0m -                      5     0.007      248    1.00                  
[1;38;2;49;54;149m    [INFO][0m - [38;2;116;173;209mfitting.py:bspline_profile:1272[0m -                   DONE     0.007      248    1.00                  
[1;38;2;49;54;149m    [INFO][0m - [38;2;116;173;209mfitting.py:bspline_profile:1275[0m - *******************************************************************
[1;38;2;49;54;149m    [INFO][0m - [38;2;116;173;209mflatfield.py:fit:1097[0m - Spatial fit of flatfield for 146121/153575  pixels in the slit.
[1;38;2;49;54;149m    [INFO][0m - [38;2;116;173;209mfitting.py:bspline_profile:1156[0m - B-spline fit:
[1;38;2;49;54;149m    [INFO][0m - [38;2;116;173;209mfitting.py:bspline_profile:1157[0m -     npoly = 1 profile basis functions
[1;38;2;49;54;149m    [INFO][0m - [38;2;116;173;209mfitting.py:bspline_profile:1158[0m -     ngood = 146121/146121 measurements
[1;38;2;49;54;149m    [INFO][0m - [38;2;116;173;209mfitting.py:bspline_profile:1159[0m - ***************** Iter     Chi^2    N Rej  R. Fac *****************
[1;38;2;49;54;149m    [INFO][0m - [38;2;116;173;209mfitting.py:bspline_profile:1163[0m -                   ----  --------  -------  ------                  
[1;38;2;49;54;149m    [INFO][0m - [38;2;116;173;209mfitting.py:bspline_profile:1257[0m -                      1     0.000        0    1.00                  
[1;38;2;49;54;149m    [INFO][0m - [38;2;116;173;209mfitting.py:bspline_profile:1272[0m -                   DONE     0.000        0    1.00                  
[1;38;2;49;54;149m    [INFO][0m - [38;2;116;173;209mfitting.py:bspline_profile:1275[0m - *******************************************************************
[1;38;2;253;174;97m [WARNING][0m - [38;2;116;173;209mflat.py:tweak_slit_edges_gradient:538[0m - Left slit edge shift of 1.0% exceeds the maximum allowed of 0.0%
The left edge will not be tweaked.
[1;38;2;253;174;97m [WARNING][0m - [38;2;116;173;209mflat.py:tweak_slit_edges_gradient:547[0m - Right slit edge shift of -104.8% exceeds the maximum allowed of 0.0%
The right edge will not be tweaked.
[1;38;2;49;54;149m    [INFO][0m - [38;2;116;173;209mfitting.py:bspline_profile:1156[0m - B-spline fit:
[1;38;2;49;54;149m    [INFO][0m - [38;2;116;173;209mfitting.py:bspline_profile:1157[0m -     npoly = 1 profile basis functions
[1;38;2;49;54;149m    [INFO][0m - [38;2;116;173;209mfitting.py:bspline_profile:1158[0m -     ngood = 146121/146121 measurements
[1;38;2;49;54;149m    [INFO][0m - [38;2;116;173;209mfitting.py:bspline_profile:1159[0m - ***************** Iter     Chi^2    N Rej  R. Fac *****************
[1;38;2;49;54;149m    [INFO][0m - [38;2;116;173;209mfitting.py:bspline_profile:1163[0m -                   ----  --------  -------  ------                  
[1;38;2;49;54;149m    [INFO][0m - [38;2;116;173;209mfitting.py:bspline_profile:1257[0m -                      1     0.000        0    1.00                  
[1;38;2;49;54;149m    [INFO][0m - [38;2;116;173;209mfitting.py:bspline_profile:1272[0m -                   DONE     0.000        0    1.00                  
[1;38;2;49;54;149m    [INFO][0m - [38;2;116;173;209mfitting.py:bspline_profile:1275[0m - *******************************************************************
[1;38;2;49;54;149m    [INFO][0m - [38;2;116;173;209mflatfield.py:spatial_fit_finecorr:1477[0m - Performing a fine correction to the spatial illumination (slit 1459)
[1;38;2;253;174;97m [WARNING][0m - [38;2;116;173;209mfitting.py:robust_fit:456[0m - Maximum number of iterations maxiter=10 reached in robust_polyfit_djs
[1;38;2;49;54;149m    [INFO][0m - [38;2;116;173;209mflatfield.py:spatillum_finecorr_qa:1966[0m - Generating QA for spatial illumination fine correction
[1;38;2;49;54;149m    [INFO][0m - [38;2;116;173;209mflatfield.py:spatillum_finecorr_qa:2047[0m - Saved QA:
/Users/kaiwenzhang/PycharmProjects/KCWI/KCWI_RED_channel_characterization/RM1 pypeit run/2024-05-02/pypeit_run/keck_kcrm_B/QA/PNGs/Spatillum_FineCorr_B_1_DET01_S1459_spatillum_finecorr.png
[1;38;2;49;54;149m    [INFO][0m - [38;2;116;173;209mflatfield.py:fit:1218[0m - Performing 2D illumination + scattered light flat field fit
[1;38;2;49;54;149m    [INFO][0m - [38;2;116;173;209mfitting.py:bspline_profile:1156[0m - B-spline fit:
[1;38;2;49;54;149m    [INFO][0m - [38;2;116;173;209mfitting.py:bspline_profile:1157[0m -     npoly = 7 profile basis functions
[1;38;2;49;54;149m    [INFO][0m - [38;2;116;173;209mfitting.py:bspline_profile:1158[0m -     ngood = 142984/144998 measurements
[1;38;2;49;54;149m    [INFO][0m - [38;2;116;173;209mfitting.py:bspline_profile:1159[0m - ***************** Iter     Chi^2    N Rej  R. Fac *****************
[1;38;2;49;54;149m    [INFO][0m - [38;2;116;173;209mfitting.py:bspline_profile:1163[0m -                   ----  --------  -------  ------                  
[1;38;2;49;54;149m    [INFO][0m - [38;2;116;173;209mfitting.py:bspline_profile:1257[0m -                      1     2.657     7040    1.00                  
[1;38;2;49;54;149m    [INFO][0m - [38;2;116;173;209mfitting.py:bspline_profile:1257[0m -                      2     0.440     7262    1.00                  
[1;38;2;49;54;149m    [INFO][0m - [38;2;116;173;209mfitting.py:bspline_profile:1257[0m -                      3     0.384     7329    1.00                  
[1;38;2;49;54;149m    [INFO][0m - [38;2;116;173;209mfitting.py:bspline_profile:1257[0m -                      4     0.371     7374    1.00                  
[1;38;2;49;54;149m    [INFO][0m - [38;2;116;173;209mfitting.py:bspline_profile:1257[0m -                      5     0.363     7407    1.00                  
[1;38;2;49;54;149m    [INFO][0m - [38;2;116;173;209mfitting.py:bspline_profile:1257[0m -                      6     0.358     7425    1.00                  
[1;38;2;49;54;149m    [INFO][0m - [38;2;116;173;209mfitting.py:bspline_profile:1257[0m -                      7     0.355     7438    1.00                  
[1;38;2;49;54;149m    [INFO][0m - [38;2;116;173;209mfitting.py:bspline_profile:1257[0m -                      8     0.353     7439    1.00                  
[1;38;2;49;54;149m    [INFO][0m - [38;2;116;173;209mfitting.py:bspline_profile:1257[0m -                      9     0.353     7440    1.00                  
[1;38;2;49;54;149m    [INFO][0m - [38;2;116;173;209mfitting.py:bspline_profile:1257[0m -                     10     0.353     7440    1.00                  
[1;38;2;49;54;149m    [INFO][0m - [38;2;116;173;209mfitting.py:bspline_profile:1272[0m -                   DONE     0.353     7440    1.00                  
[1;38;2;49;54;149m    [INFO][0m - [38;2;116;173;209mfitting.py:bspline_profile:1275[0m - *******************************************************************
[1;38;2;49;54;149m    [INFO][0m - [38;2;116;173;209mflatfield.py:fit:924[0m - Modeling the flat-field response for slit spat_id=1534: 18/24
[1;38;2;49;54;149m    [INFO][0m - [38;2;116;173;209mflatfield.py:fit:1008[0m - Spectral fit of flatfield for 133121/145505  pixels in the slit.
[1;38;2;49;54;149m    [INFO][0m - [38;2;116;173;209mfitting.py:bspline_profile:1156[0m - B-spline fit:
[1;38;2;49;54;149m    [INFO][0m - [38;2;116;173;209mfitting.py:bspline_profile:1157[0m -     npoly = 1 profile basis functions
[1;38;2;49;54;149m    [INFO][0m - [38;2;116;173;209mfitting.py:bspline_profile:1158[0m -     ngood = 133121/133121 measurements
[1;38;2;49;54;149m    [INFO][0m - [38;2;116;173;209mfitting.py:bspline_profile:1159[0m - ***************** Iter     Chi^2    N Rej  R. Fac *****************
[1;38;2;49;54;149m    [INFO][0m - [38;2;116;173;209mfitting.py:bspline_profile:1163[0m -                   ----  --------  -------  ------                  
[1;38;2;49;54;149m    [INFO][0m - [38;2;116;173;209mfitting.py:bspline_profile:1257[0m -                      1     0.004       70    1.00                  
[1;38;2;49;54;149m    [INFO][0m - [38;2;116;173;209mfitting.py:bspline_profile:1257[0m -                      2     0.004       94    1.00                  
[1;38;2;49;54;149m    [INFO][0m - [38;2;116;173;209mfitting.py:bspline_profile:1257[0m -                      3     0.004      100    1.00                  
[1;38;2;49;54;149m    [INFO][0m - [38;2;116;173;209mfitting.py:bspline_profile:1257[0m -                      4     0.004      100    1.00                  
[1;38;2;49;54;149m    [INFO][0m - [38;2;116;173;209mfitting.py:bspline_profile:1272[0m -                   DONE     0.004      100    1.00                  
[1;38;2;49;54;149m    [INFO][0m - [38;2;116;173;209mfitting.py:bspline_profile:1275[0m - *******************************************************************
[1;38;2;49;54;149m    [INFO][0m - [38;2;116;173;209mflatfield.py:fit:1097[0m - Spatial fit of flatfield for 152333/152333  pixels in the slit.
[1;38;2;49;54;149m    [INFO][0m - [38;2;116;173;209mfitting.py:bspline_profile:1156[0m - B-spline fit:
[1;38;2;49;54;149m    [INFO][0m - [38;2;116;173;209mfitting.py:bspline_profile:1157[0m -     npoly = 1 profile basis functions
[1;38;2;49;54;149m    [INFO][0m - [38;2;116;173;209mfitting.py:bspline_profile:1158[0m -     ngood = 152333/152333 measurements
[1;38;2;49;54;149m    [INFO][0m - [38;2;116;173;209mfitting.py:bspline_profile:1159[0m - ***************** Iter     Chi^2    N Rej  R. Fac *****************
[1;38;2;49;54;149m    [INFO][0m - [38;2;116;173;209mfitting.py:bspline_profile:1163[0m -                   ----  --------  -------  ------                  
[1;38;2;49;54;149m    [INFO][0m - [38;2;116;173;209mfitting.py:bspline_profile:1257[0m -                      1     0.000        0    1.00                  
[1;38;2;49;54;149m    [INFO][0m - [38;2;116;173;209mfitting.py:bspline_profile:1272[0m -                   DONE     0.000        0    1.00                  
[1;38;2;49;54;149m    [INFO][0m - [38;2;116;173;209mfitting.py:bspline_profile:1275[0m - *******************************************************************
[1;38;2;253;174;97m [WARNING][0m - [38;2;116;173;209mflat.py:tweak_slit_edges_gradient:538[0m - Left slit edge shift of 1.2% exceeds the maximum allowed of 0.0%
The left edge will not be tweaked.
[1;38;2;253;174;97m [WARNING][0m - [38;2;116;173;209mflat.py:tweak_slit_edges_gradient:547[0m - Right slit edge shift of -105.5% exceeds the maximum allowed of 0.0%
The right edge will not be tweaked.
[1;38;2;49;54;149m    [INFO][0m - [38;2;116;173;209mfitting.py:bspline_profile:1156[0m - B-spline fit:
[1;38;2;49;54;149m    [INFO][0m - [38;2;116;173;209mfitting.py:bspline_profile:1157[0m -     npoly = 1 profile basis functions
[1;38;2;49;54;149m    [INFO][0m - [38;2;116;173;209mfitting.py:bspline_profile:1158[0m -     ngood = 152333/152333 measurements
[1;38;2;49;54;149m    [INFO][0m - [38;2;116;173;209mfitting.py:bspline_profile:1159[0m - ***************** Iter     Chi^2    N Rej  R. Fac *****************
[1;38;2;49;54;149m    [INFO][0m - [38;2;116;173;209mfitting.py:bspline_profile:1163[0m -                   ----  --------  -------  ------                  
[1;38;2;49;54;149m    [INFO][0m - [38;2;116;173;209mfitting.py:bspline_profile:1257[0m -                      1     0.000        0    1.00                  
[1;38;2;49;54;149m    [INFO][0m - [38;2;116;173;209mfitting.py:bspline_profile:1272[0m -                   DONE     0.000        0    1.00                  
[1;38;2;49;54;149m    [INFO][0m - [38;2;116;173;209mfitting.py:bspline_profile:1275[0m - *******************************************************************
[1;38;2;49;54;149m    [INFO][0m - [38;2;116;173;209mflatfield.py:spatial_fit_finecorr:1477[0m - Performing a fine correction to the spatial illumination (slit 1534)
[1;38;2;253;174;97m [WARNING][0m - [38;2;116;173;209mfitting.py:robust_fit:456[0m - Maximum number of iterations maxiter=10 reached in robust_polyfit_djs
[1;38;2;49;54;149m    [INFO][0m - [38;2;116;173;209mflatfield.py:spatillum_finecorr_qa:1966[0m - Generating QA for spatial illumination fine correction
[1;38;2;49;54;149m    [INFO][0m - [38;2;116;173;209mflatfield.py:spatillum_finecorr_qa:2047[0m - Saved QA:
/Users/kaiwenzhang/PycharmProjects/KCWI/KCWI_RED_channel_characterization/RM1 pypeit run/2024-05-02/pypeit_run/keck_kcrm_B/QA/PNGs/Spatillum_FineCorr_B_1_DET01_S1534_spatillum_finecorr.png
[1;38;2;49;54;149m    [INFO][0m - [38;2;116;173;209mflatfield.py:fit:1218[0m - Performing 2D illumination + scattered light flat field fit
[1;38;2;49;54;149m    [INFO][0m - [38;2;116;173;209mfitting.py:bspline_profile:1156[0m - B-spline fit:
[1;38;2;49;54;149m    [INFO][0m - [38;2;116;173;209mfitting.py:bspline_profile:1157[0m -     npoly = 7 profile basis functions
[1;38;2;49;54;149m    [INFO][0m - [38;2;116;173;209mfitting.py:bspline_profile:1158[0m -     ngood = 141957/145505 measurements
[1;38;2;49;54;149m    [INFO][0m - [38;2;116;173;209mfitting.py:bspline_profile:1159[0m - ***************** Iter     Chi^2    N Rej  R. Fac *****************
[1;38;2;49;54;149m    [INFO][0m - [38;2;116;173;209mfitting.py:bspline_profile:1163[0m -                   ----  --------  -------  ------                  
[1;38;2;49;54;149m    [INFO][0m - [38;2;116;173;209mfitting.py:bspline_profile:1257[0m -                      1     1.678     6756    1.00                  
[1;38;2;49;54;149m    [INFO][0m - [38;2;116;173;209mfitting.py:bspline_profile:1257[0m -                      2     0.306     6852    1.00                  
[1;38;2;49;54;149m    [INFO][0m - [38;2;116;173;209mfitting.py:bspline_profile:1257[0m -                      3     0.283     6892    1.00                  
[1;38;2;49;54;149m    [INFO][0m - [38;2;116;173;209mfitting.py:bspline_profile:1257[0m -                      4     0.276     6909    1.00                  
[1;38;2;49;54;149m    [INFO][0m - [38;2;116;173;209mfitting.py:bspline_profile:1257[0m -                      5     0.273     6920    1.00                  
[1;38;2;49;54;149m    [INFO][0m - [38;2;116;173;209mfitting.py:bspline_profile:1257[0m -                      6     0.271     6925    1.00                  
[1;38;2;49;54;149m    [INFO][0m - [38;2;116;173;209mfitting.py:bspline_profile:1257[0m -                      7     0.270     6928    1.00                  
[1;38;2;49;54;149m    [INFO][0m - [38;2;116;173;209mfitting.py:bspline_profile:1257[0m -                      8     0.270     6930    1.00                  
[1;38;2;49;54;149m    [INFO][0m - [38;2;116;173;209mfitting.py:bspline_profile:1257[0m -                      9     0.270     6930    1.00                  
[1;38;2;49;54;149m    [INFO][0m - [38;2;116;173;209mfitting.py:bspline_profile:1272[0m -                   DONE     0.270     6930    1.00                  
[1;38;2;49;54;149m    [INFO][0m - [38;2;116;173;209mfitting.py:bspline_profile:1275[0m - *******************************************************************
[1;38;2;49;54;149m    [INFO][0m - [38;2;116;173;209mflatfield.py:fit:924[0m - Modeling the flat-field response for slit spat_id=1607: 19/24
[1;38;2;49;54;149m    [INFO][0m - [38;2;116;173;209mflatfield.py:fit:1008[0m - Spectral fit of flatfield for 132556/144940  pixels in the slit.
[1;38;2;49;54;149m    [INFO][0m - [38;2;116;173;209mfitting.py:bspline_profile:1156[0m - B-spline fit:
[1;38;2;49;54;149m    [INFO][0m - [38;2;116;173;209mfitting.py:bspline_profile:1157[0m -     npoly = 1 profile basis functions
[1;38;2;49;54;149m    [INFO][0m - [38;2;116;173;209mfitting.py:bspline_profile:1158[0m -     ngood = 132556/132556 measurements
[1;38;2;49;54;149m    [INFO][0m - [38;2;116;173;209mfitting.py:bspline_profile:1159[0m - ***************** Iter     Chi^2    N Rej  R. Fac *****************
[1;38;2;49;54;149m    [INFO][0m - [38;2;116;173;209mfitting.py:bspline_profile:1163[0m -                   ----  --------  -------  ------                  
[1;38;2;49;54;149m    [INFO][0m - [38;2;116;173;209mfitting.py:bspline_profile:1257[0m -                      1     0.007      189    1.00                  
[1;38;2;49;54;149m    [INFO][0m - [38;2;116;173;209mfitting.py:bspline_profile:1257[0m -                      2     0.007      246    1.00                  
[1;38;2;49;54;149m    [INFO][0m - [38;2;116;173;209mfitting.py:bspline_profile:1257[0m -                      3     0.007      259    1.00                  
[1;38;2;49;54;149m    [INFO][0m - [38;2;116;173;209mfitting.py:bspline_profile:1257[0m -                      4     0.006      265    1.00                  
[1;38;2;49;54;149m    [INFO][0m - [38;2;116;173;209mfitting.py:bspline_profile:1257[0m -                      5     0.006      267    1.00                  
[1;38;2;49;54;149m    [INFO][0m - [38;2;116;173;209mfitting.py:bspline_profile:1257[0m -                      6     0.006      267    1.00                  
[1;38;2;49;54;149m    [INFO][0m - [38;2;116;173;209mfitting.py:bspline_profile:1272[0m -                   DONE     0.006      267    1.00                  
[1;38;2;49;54;149m    [INFO][0m - [38;2;116;173;209mfitting.py:bspline_profile:1275[0m - *******************************************************************
[1;38;2;49;54;149m    [INFO][0m - [38;2;116;173;209mflatfield.py:fit:1097[0m - Spatial fit of flatfield for 150389/156244  pixels in the slit.
[1;38;2;49;54;149m    [INFO][0m - [38;2;116;173;209mfitting.py:bspline_profile:1156[0m - B-spline fit:
[1;38;2;49;54;149m    [INFO][0m - [38;2;116;173;209mfitting.py:bspline_profile:1157[0m -     npoly = 1 profile basis functions
[1;38;2;49;54;149m    [INFO][0m - [38;2;116;173;209mfitting.py:bspline_profile:1158[0m -     ngood = 150389/150389 measurements
[1;38;2;49;54;149m    [INFO][0m - [38;2;116;173;209mfitting.py:bspline_profile:1159[0m - ***************** Iter     Chi^2    N Rej  R. Fac *****************
[1;38;2;49;54;149m    [INFO][0m - [38;2;116;173;209mfitting.py:bspline_profile:1163[0m -                   ----  --------  -------  ------                  
[1;38;2;49;54;149m    [INFO][0m - [38;2;116;173;209mfitting.py:bspline_profile:1257[0m -                      1     0.000        0    1.00                  
[1;38;2;49;54;149m    [INFO][0m - [38;2;116;173;209mfitting.py:bspline_profile:1272[0m -                   DONE     0.000        0    1.00                  
[1;38;2;49;54;149m    [INFO][0m - [38;2;116;173;209mfitting.py:bspline_profile:1275[0m - *******************************************************************
[1;38;2;253;174;97m [WARNING][0m - [38;2;116;173;209mflat.py:tweak_slit_edges_gradient:538[0m - Left slit edge shift of 1.2% exceeds the maximum allowed of 0.0%
The left edge will not be tweaked.
[1;38;2;253;174;97m [WARNING][0m - [38;2;116;173;209mflat.py:tweak_slit_edges_gradient:547[0m - Right slit edge shift of -105.1% exceeds the maximum allowed of 0.0%
The right edge will not be tweaked.
[1;38;2;49;54;149m    [INFO][0m - [38;2;116;173;209mfitting.py:bspline_profile:1156[0m - B-spline fit:
[1;38;2;49;54;149m    [INFO][0m - [38;2;116;173;209mfitting.py:bspline_profile:1157[0m -     npoly = 1 profile basis functions
[1;38;2;49;54;149m    [INFO][0m - [38;2;116;173;209mfitting.py:bspline_profile:1158[0m -     ngood = 150389/150389 measurements
[1;38;2;49;54;149m    [INFO][0m - [38;2;116;173;209mfitting.py:bspline_profile:1159[0m - ***************** Iter     Chi^2    N Rej  R. Fac *****************
[1;38;2;49;54;149m    [INFO][0m - [38;2;116;173;209mfitting.py:bspline_profile:1163[0m -                   ----  --------  -------  ------                  
[1;38;2;49;54;149m    [INFO][0m - [38;2;116;173;209mfitting.py:bspline_profile:1257[0m -                      1     0.000        0    1.00                  
[1;38;2;49;54;149m    [INFO][0m - [38;2;116;173;209mfitting.py:bspline_profile:1272[0m -                   DONE     0.000        0    1.00                  
[1;38;2;49;54;149m    [INFO][0m - [38;2;116;173;209mfitting.py:bspline_profile:1275[0m - *******************************************************************
[1;38;2;49;54;149m    [INFO][0m - [38;2;116;173;209mflatfield.py:spatial_fit_finecorr:1477[0m - Performing a fine correction to the spatial illumination (slit 1607)
[1;38;2;253;174;97m [WARNING][0m - [38;2;116;173;209mfitting.py:robust_fit:456[0m - Maximum number of iterations maxiter=10 reached in robust_polyfit_djs
[1;38;2;49;54;149m    [INFO][0m - [38;2;116;173;209mflatfield.py:spatillum_finecorr_qa:1966[0m - Generating QA for spatial illumination fine correction
[1;38;2;49;54;149m    [INFO][0m - [38;2;116;173;209mflatfield.py:spatillum_finecorr_qa:2047[0m - Saved QA:
/Users/kaiwenzhang/PycharmProjects/KCWI/KCWI_RED_channel_characterization/RM1 pypeit run/2024-05-02/pypeit_run/keck_kcrm_B/QA/PNGs/Spatillum_FineCorr_B_1_DET01_S1607_spatillum_finecorr.png
[1;38;2;49;54;149m    [INFO][0m - [38;2;116;173;209mflatfield.py:fit:1218[0m - Performing 2D illumination + scattered light flat field fit
[1;38;2;49;54;149m    [INFO][0m - [38;2;116;173;209mfitting.py:bspline_profile:1156[0m - B-spline fit:
[1;38;2;49;54;149m    [INFO][0m - [38;2;116;173;209mfitting.py:bspline_profile:1157[0m -     npoly = 7 profile basis functions
[1;38;2;49;54;149m    [INFO][0m - [38;2;116;173;209mfitting.py:bspline_profile:1158[0m -     ngood = 143771/144940 measurements
[1;38;2;49;54;149m    [INFO][0m - [38;2;116;173;209mfitting.py:bspline_profile:1159[0m - ***************** Iter     Chi^2    N Rej  R. Fac *****************
[1;38;2;49;54;149m    [INFO][0m - [38;2;116;173;209mfitting.py:bspline_profile:1163[0m -                   ----  --------  -------  ------                  
[1;38;2;49;54;149m    [INFO][0m - [38;2;116;173;209mfitting.py:bspline_profile:1257[0m -                      1     2.427     5701    1.00                  
[1;38;2;49;54;149m    [INFO][0m - [38;2;116;173;209mfitting.py:bspline_profile:1257[0m -                      2     0.498     6041    1.00                  
[1;38;2;49;54;149m    [INFO][0m - [38;2;116;173;209mfitting.py:bspline_profile:1257[0m -                      3     0.417     6148    1.00                  
[1;38;2;49;54;149m    [INFO][0m - [38;2;116;173;209mfitting.py:bspline_profile:1257[0m -                      4     0.396     6202    1.00                  
[1;38;2;49;54;149m    [INFO][0m - [38;2;116;173;209mfitting.py:bspline_profile:1257[0m -                      5     0.388     6237    1.00                  
[1;38;2;49;54;149m    [INFO][0m - [38;2;116;173;209mfitting.py:bspline_profile:1257[0m -                      6     0.382     6260    1.00                  
[1;38;2;49;54;149m    [INFO][0m - [38;2;116;173;209mfitting.py:bspline_profile:1257[0m -                      7     0.378     6288    1.00                  
[1;38;2;49;54;149m    [INFO][0m - [38;2;116;173;209mfitting.py:bspline_profile:1257[0m -                      8     0.373     6306    1.00                  
[1;38;2;49;54;149m    [INFO][0m - [38;2;116;173;209mfitting.py:bspline_profile:1257[0m -                      9     0.370     6323    1.00                  
[1;38;2;49;54;149m    [INFO][0m - [38;2;116;173;209mfitting.py:bspline_profile:1257[0m -                     10     0.368     6335    1.00                  
[1;38;2;49;54;149m    [INFO][0m - [38;2;116;173;209mfitting.py:bspline_profile:1257[0m -                     11     0.366     6342    1.00                  
[1;38;2;49;54;149m    [INFO][0m - [38;2;116;173;209mfitting.py:bspline_profile:1257[0m -                     12     0.365     6353    1.00                  
[1;38;2;49;54;149m    [INFO][0m - [38;2;116;173;209mfitting.py:bspline_profile:1257[0m -                     13     0.363     6362    1.00                  
[1;38;2;49;54;149m    [INFO][0m - [38;2;116;173;209mfitting.py:bspline_profile:1257[0m -                     14     0.362     6370    1.00                  
[1;38;2;49;54;149m    [INFO][0m - [38;2;116;173;209mfitting.py:bspline_profile:1257[0m -                     15     0.360     6376    1.00                  
[1;38;2;49;54;149m    [INFO][0m - [38;2;116;173;209mfitting.py:bspline_profile:1257[0m -                     16     0.359     6380    1.00                  
[1;38;2;49;54;149m    [INFO][0m - [38;2;116;173;209mfitting.py:bspline_profile:1257[0m -                     17     0.359     6385    1.00                  
[1;38;2;49;54;149m    [INFO][0m - [38;2;116;173;209mfitting.py:bspline_profile:1257[0m -                     18     0.358     6390    1.00                  
[1;38;2;49;54;149m    [INFO][0m - [38;2;116;173;209mfitting.py:bspline_profile:1257[0m -                     19     0.357     6392    1.00                  
[1;38;2;49;54;149m    [INFO][0m - [38;2;116;173;209mfitting.py:bspline_profile:1257[0m -                     20     0.357     6393    1.00                  
[1;38;2;49;54;149m    [INFO][0m - [38;2;116;173;209mfitting.py:bspline_profile:1257[0m -                     21     0.357     6393    1.00                  
[1;38;2;49;54;149m    [INFO][0m - [38;2;116;173;209mfitting.py:bspline_profile:1272[0m -                   DONE     0.357     6393    1.00                  
[1;38;2;49;54;149m    [INFO][0m - [38;2;116;173;209mfitting.py:bspline_profile:1275[0m - *******************************************************************
[1;38;2;49;54;149m    [INFO][0m - [38;2;116;173;209mflatfield.py:fit:924[0m - Modeling the flat-field response for slit spat_id=1683: 20/24
[1;38;2;49;54;149m    [INFO][0m - [38;2;116;173;209mflatfield.py:fit:1008[0m - Spectral fit of flatfield for 132519/144903  pixels in the slit.
[1;38;2;49;54;149m    [INFO][0m - [38;2;116;173;209mfitting.py:bspline_profile:1156[0m - B-spline fit:
[1;38;2;49;54;149m    [INFO][0m - [38;2;116;173;209mfitting.py:bspline_profile:1157[0m -     npoly = 1 profile basis functions
[1;38;2;49;54;149m    [INFO][0m - [38;2;116;173;209mfitting.py:bspline_profile:1158[0m -     ngood = 132519/132519 measurements
[1;38;2;49;54;149m    [INFO][0m - [38;2;116;173;209mfitting.py:bspline_profile:1159[0m - ***************** Iter     Chi^2    N Rej  R. Fac *****************
[1;38;2;49;54;149m    [INFO][0m - [38;2;116;173;209mfitting.py:bspline_profile:1163[0m -                   ----  --------  -------  ------                  
[1;38;2;49;54;149m    [INFO][0m - [38;2;116;173;209mfitting.py:bspline_profile:1257[0m -                      1     0.003        0    1.00                  
[1;38;2;49;54;149m    [INFO][0m - [38;2;116;173;209mfitting.py:bspline_profile:1272[0m -                   DONE     0.003        0    1.00                  
[1;38;2;49;54;149m    [INFO][0m - [38;2;116;173;209mfitting.py:bspline_profile:1275[0m - *******************************************************************
[1;38;2;49;54;149m    [INFO][0m - [38;2;116;173;209mflatfield.py:fit:1097[0m - Spatial fit of flatfield for 154811/154811  pixels in the slit.
[1;38;2;49;54;149m    [INFO][0m - [38;2;116;173;209mfitting.py:bspline_profile:1156[0m - B-spline fit:
[1;38;2;49;54;149m    [INFO][0m - [38;2;116;173;209mfitting.py:bspline_profile:1157[0m -     npoly = 1 profile basis functions
[1;38;2;49;54;149m    [INFO][0m - [38;2;116;173;209mfitting.py:bspline_profile:1158[0m -     ngood = 154811/154811 measurements
[1;38;2;49;54;149m    [INFO][0m - [38;2;116;173;209mfitting.py:bspline_profile:1159[0m - ***************** Iter     Chi^2    N Rej  R. Fac *****************
[1;38;2;49;54;149m    [INFO][0m - [38;2;116;173;209mfitting.py:bspline_profile:1163[0m -                   ----  --------  -------  ------                  
[1;38;2;49;54;149m    [INFO][0m - [38;2;116;173;209mfitting.py:bspline_profile:1257[0m -                      1     0.000        0    1.00                  
[1;38;2;49;54;149m    [INFO][0m - [38;2;116;173;209mfitting.py:bspline_profile:1272[0m -                   DONE     0.000        0    1.00                  
[1;38;2;49;54;149m    [INFO][0m - [38;2;116;173;209mfitting.py:bspline_profile:1275[0m - *******************************************************************
[1;38;2;253;174;97m [WARNING][0m - [38;2;116;173;209mflat.py:tweak_slit_edges_gradient:538[0m - Left slit edge shift of 1.1% exceeds the maximum allowed of 0.0%
The left edge will not be tweaked.
[1;38;2;253;174;97m [WARNING][0m - [38;2;116;173;209mflat.py:tweak_slit_edges_gradient:547[0m - Right slit edge shift of -2.9% exceeds the maximum allowed of 0.0%
The right edge will not be tweaked.
[1;38;2;49;54;149m    [INFO][0m - [38;2;116;173;209mfitting.py:bspline_profile:1156[0m - B-spline fit:
[1;38;2;49;54;149m    [INFO][0m - [38;2;116;173;209mfitting.py:bspline_profile:1157[0m -     npoly = 1 profile basis functions
[1;38;2;49;54;149m    [INFO][0m - [38;2;116;173;209mfitting.py:bspline_profile:1158[0m -     ngood = 154811/154811 measurements
[1;38;2;49;54;149m    [INFO][0m - [38;2;116;173;209mfitting.py:bspline_profile:1159[0m - ***************** Iter     Chi^2    N Rej  R. Fac *****************
[1;38;2;49;54;149m    [INFO][0m - [38;2;116;173;209mfitting.py:bspline_profile:1163[0m -                   ----  --------  -------  ------                  
[1;38;2;49;54;149m    [INFO][0m - [38;2;116;173;209mfitting.py:bspline_profile:1257[0m -                      1     0.000        0    1.00                  
[1;38;2;49;54;149m    [INFO][0m - [38;2;116;173;209mfitting.py:bspline_profile:1272[0m -                   DONE     0.000        0    1.00                  
[1;38;2;49;54;149m    [INFO][0m - [38;2;116;173;209mfitting.py:bspline_profile:1275[0m - *******************************************************************
[1;38;2;49;54;149m    [INFO][0m - [38;2;116;173;209mflatfield.py:spatial_fit_finecorr:1477[0m - Performing a fine correction to the spatial illumination (slit 1683)
[1;38;2;253;174;97m [WARNING][0m - [38;2;116;173;209mfitting.py:robust_fit:456[0m - Maximum number of iterations maxiter=10 reached in robust_polyfit_djs
[1;38;2;49;54;149m    [INFO][0m - [38;2;116;173;209mflatfield.py:spatillum_finecorr_qa:1966[0m - Generating QA for spatial illumination fine correction
[1;38;2;49;54;149m    [INFO][0m - [38;2;116;173;209mflatfield.py:spatillum_finecorr_qa:2047[0m - Saved QA:
/Users/kaiwenzhang/PycharmProjects/KCWI/KCWI_RED_channel_characterization/RM1 pypeit run/2024-05-02/pypeit_run/keck_kcrm_B/QA/PNGs/Spatillum_FineCorr_B_1_DET01_S1683_spatillum_finecorr.png
[1;38;2;49;54;149m    [INFO][0m - [38;2;116;173;209mflatfield.py:fit:1218[0m - Performing 2D illumination + scattered light flat field fit
[1;38;2;49;54;149m    [INFO][0m - [38;2;116;173;209mfitting.py:bspline_profile:1156[0m - B-spline fit:
[1;38;2;49;54;149m    [INFO][0m - [38;2;116;173;209mfitting.py:bspline_profile:1157[0m -     npoly = 7 profile basis functions
[1;38;2;49;54;149m    [INFO][0m - [38;2;116;173;209mfitting.py:bspline_profile:1158[0m -     ngood = 143039/144903 measurements
[1;38;2;49;54;149m    [INFO][0m - [38;2;116;173;209mfitting.py:bspline_profile:1159[0m - ***************** Iter     Chi^2    N Rej  R. Fac *****************
[1;38;2;49;54;149m    [INFO][0m - [38;2;116;173;209mfitting.py:bspline_profile:1163[0m -                   ----  --------  -------  ------                  
[1;38;2;49;54;149m    [INFO][0m - [38;2;116;173;209mfitting.py:bspline_profile:1257[0m -                      1     1.811     4727    1.00                  
[1;38;2;49;54;149m    [INFO][0m - [38;2;116;173;209mfitting.py:bspline_profile:1257[0m -                      2     0.357     4922    1.00                  
[1;38;2;49;54;149m    [INFO][0m - [38;2;116;173;209mfitting.py:bspline_profile:1257[0m -                      3     0.314     5016    1.00                  
[1;38;2;49;54;149m    [INFO][0m - [38;2;116;173;209mfitting.py:bspline_profile:1257[0m -                      4     0.295     5066    1.00                  
[1;38;2;49;54;149m    [INFO][0m - [38;2;116;173;209mfitting.py:bspline_profile:1257[0m -                      5     0.286     5099    1.00                  
[1;38;2;49;54;149m    [INFO][0m - [38;2;116;173;209mfitting.py:bspline_profile:1257[0m -                      6     0.281     5124    1.00                  
[1;38;2;49;54;149m    [INFO][0m - [38;2;116;173;209mfitting.py:bspline_profile:1257[0m -                      7     0.277     5148    1.00                  
[1;38;2;49;54;149m    [INFO][0m - [38;2;116;173;209mfitting.py:bspline_profile:1257[0m -                      8     0.274     5161    1.00                  
[1;38;2;49;54;149m    [INFO][0m - [38;2;116;173;209mfitting.py:bspline_profile:1257[0m -                      9     0.272     5164    1.00                  
[1;38;2;49;54;149m    [INFO][0m - [38;2;116;173;209mfitting.py:bspline_profile:1257[0m -                     10     0.271     5165    1.00                  
[1;38;2;49;54;149m    [INFO][0m - [38;2;116;173;209mfitting.py:bspline_profile:1257[0m -                     11     0.271     5166    1.00                  
[1;38;2;49;54;149m    [INFO][0m - [38;2;116;173;209mfitting.py:bspline_profile:1257[0m -                     12     0.271     5168    1.00                  
[1;38;2;49;54;149m    [INFO][0m - [38;2;116;173;209mfitting.py:bspline_profile:1257[0m -                     13     0.271     5172    1.00                  
[1;38;2;49;54;149m    [INFO][0m - [38;2;116;173;209mfitting.py:bspline_profile:1257[0m -                     14     0.270     5176    1.00                  
[1;38;2;49;54;149m    [INFO][0m - [38;2;116;173;209mfitting.py:bspline_profile:1257[0m -                     15     0.270     5181    1.00                  
[1;38;2;49;54;149m    [INFO][0m - [38;2;116;173;209mfitting.py:bspline_profile:1257[0m -                     16     0.269     5182    1.00                  
[1;38;2;49;54;149m    [INFO][0m - [38;2;116;173;209mfitting.py:bspline_profile:1257[0m -                     17     0.269     5184    1.00                  
[1;38;2;49;54;149m    [INFO][0m - [38;2;116;173;209mfitting.py:bspline_profile:1257[0m -                     18     0.268     5184    1.00                  
[1;38;2;49;54;149m    [INFO][0m - [38;2;116;173;209mfitting.py:bspline_profile:1272[0m -                   DONE     0.268     5184    1.00                  
[1;38;2;49;54;149m    [INFO][0m - [38;2;116;173;209mfitting.py:bspline_profile:1275[0m - *******************************************************************
[1;38;2;49;54;149m    [INFO][0m - [38;2;116;173;209mflatfield.py:fit:924[0m - Modeling the flat-field response for slit spat_id=1758: 21/24
[1;38;2;49;54;149m    [INFO][0m - [38;2;116;173;209mflatfield.py:fit:1008[0m - Spectral fit of flatfield for 132463/144847  pixels in the slit.
[1;38;2;49;54;149m    [INFO][0m - [38;2;116;173;209mfitting.py:bspline_profile:1156[0m - B-spline fit:
[1;38;2;49;54;149m    [INFO][0m - [38;2;116;173;209mfitting.py:bspline_profile:1157[0m -     npoly = 1 profile basis functions
[1;38;2;49;54;149m    [INFO][0m - [38;2;116;173;209mfitting.py:bspline_profile:1158[0m -     ngood = 132463/132463 measurements
[1;38;2;49;54;149m    [INFO][0m - [38;2;116;173;209mfitting.py:bspline_profile:1159[0m - ***************** Iter     Chi^2    N Rej  R. Fac *****************
[1;38;2;49;54;149m    [INFO][0m - [38;2;116;173;209mfitting.py:bspline_profile:1163[0m -                   ----  --------  -------  ------                  
[1;38;2;49;54;149m    [INFO][0m - [38;2;116;173;209mfitting.py:bspline_profile:1257[0m -                      1     0.008      377    1.00                  
[1;38;2;49;54;149m    [INFO][0m - [38;2;116;173;209mfitting.py:bspline_profile:1257[0m -                      2     0.007      462    1.00                  
[1;38;2;49;54;149m    [INFO][0m - [38;2;116;173;209mfitting.py:bspline_profile:1257[0m -                      3     0.007      475    1.00                  
[1;38;2;49;54;149m    [INFO][0m - [38;2;116;173;209mfitting.py:bspline_profile:1257[0m -                      4     0.007      476    1.00                  
[1;38;2;49;54;149m    [INFO][0m - [38;2;116;173;209mfitting.py:bspline_profile:1257[0m -                      5     0.007      476    1.00                  
[1;38;2;49;54;149m    [INFO][0m - [38;2;116;173;209mfitting.py:bspline_profile:1272[0m -                   DONE     0.007      476    1.00                  
[1;38;2;49;54;149m    [INFO][0m - [38;2;116;173;209mfitting.py:bspline_profile:1275[0m - *******************************************************************
[1;38;2;49;54;149m    [INFO][0m - [38;2;116;173;209mflatfield.py:fit:1097[0m - Spatial fit of flatfield for 158807/162836  pixels in the slit.
[1;38;2;49;54;149m    [INFO][0m - [38;2;116;173;209mfitting.py:bspline_profile:1156[0m - B-spline fit:
[1;38;2;49;54;149m    [INFO][0m - [38;2;116;173;209mfitting.py:bspline_profile:1157[0m -     npoly = 1 profile basis functions
[1;38;2;49;54;149m    [INFO][0m - [38;2;116;173;209mfitting.py:bspline_profile:1158[0m -     ngood = 158807/158807 measurements
[1;38;2;49;54;149m    [INFO][0m - [38;2;116;173;209mfitting.py:bspline_profile:1159[0m - ***************** Iter     Chi^2    N Rej  R. Fac *****************
[1;38;2;49;54;149m    [INFO][0m - [38;2;116;173;209mfitting.py:bspline_profile:1163[0m -                   ----  --------  -------  ------                  
[1;38;2;49;54;149m    [INFO][0m - [38;2;116;173;209mfitting.py:bspline_profile:1257[0m -                      1     0.000        0    1.00                  
[1;38;2;49;54;149m    [INFO][0m - [38;2;116;173;209mfitting.py:bspline_profile:1272[0m -                   DONE     0.000        0    1.00                  
[1;38;2;49;54;149m    [INFO][0m - [38;2;116;173;209mfitting.py:bspline_profile:1275[0m - *******************************************************************
[1;38;2;253;174;97m [WARNING][0m - [38;2;116;173;209mflat.py:tweak_slit_edges_gradient:538[0m - Left slit edge shift of 1.1% exceeds the maximum allowed of 0.0%
The left edge will not be tweaked.
[1;38;2;253;174;97m [WARNING][0m - [38;2;116;173;209mflat.py:tweak_slit_edges_gradient:547[0m - Right slit edge shift of -0.8% exceeds the maximum allowed of 0.0%
The right edge will not be tweaked.
[1;38;2;49;54;149m    [INFO][0m - [38;2;116;173;209mfitting.py:bspline_profile:1156[0m - B-spline fit:
[1;38;2;49;54;149m    [INFO][0m - [38;2;116;173;209mfitting.py:bspline_profile:1157[0m -     npoly = 1 profile basis functions
[1;38;2;49;54;149m    [INFO][0m - [38;2;116;173;209mfitting.py:bspline_profile:1158[0m -     ngood = 158807/158807 measurements
[1;38;2;49;54;149m    [INFO][0m - [38;2;116;173;209mfitting.py:bspline_profile:1159[0m - ***************** Iter     Chi^2    N Rej  R. Fac *****************
[1;38;2;49;54;149m    [INFO][0m - [38;2;116;173;209mfitting.py:bspline_profile:1163[0m -                   ----  --------  -------  ------                  
[1;38;2;49;54;149m    [INFO][0m - [38;2;116;173;209mfitting.py:bspline_profile:1257[0m -                      1     0.000        0    1.00                  
[1;38;2;49;54;149m    [INFO][0m - [38;2;116;173;209mfitting.py:bspline_profile:1272[0m -                   DONE     0.000        0    1.00                  
[1;38;2;49;54;149m    [INFO][0m - [38;2;116;173;209mfitting.py:bspline_profile:1275[0m - *******************************************************************
[1;38;2;49;54;149m    [INFO][0m - [38;2;116;173;209mflatfield.py:spatial_fit_finecorr:1477[0m - Performing a fine correction to the spatial illumination (slit 1758)
[1;38;2;253;174;97m [WARNING][0m - [38;2;116;173;209mfitting.py:robust_fit:456[0m - Maximum number of iterations maxiter=10 reached in robust_polyfit_djs
[1;38;2;49;54;149m    [INFO][0m - [38;2;116;173;209mflatfield.py:spatillum_finecorr_qa:1966[0m - Generating QA for spatial illumination fine correction
[1;38;2;49;54;149m    [INFO][0m - [38;2;116;173;209mflatfield.py:spatillum_finecorr_qa:2047[0m - Saved QA:
/Users/kaiwenzhang/PycharmProjects/KCWI/KCWI_RED_channel_characterization/RM1 pypeit run/2024-05-02/pypeit_run/keck_kcrm_B/QA/PNGs/Spatillum_FineCorr_B_1_DET01_S1758_spatillum_finecorr.png
[1;38;2;49;54;149m    [INFO][0m - [38;2;116;173;209mflatfield.py:fit:1218[0m - Performing 2D illumination + scattered light flat field fit
[1;38;2;49;54;149m    [INFO][0m - [38;2;116;173;209mfitting.py:bspline_profile:1156[0m - B-spline fit:
[1;38;2;49;54;149m    [INFO][0m - [38;2;116;173;209mfitting.py:bspline_profile:1157[0m -     npoly = 7 profile basis functions
[1;38;2;49;54;149m    [INFO][0m - [38;2;116;173;209mfitting.py:bspline_profile:1158[0m -     ngood = 144291/144847 measurements
[1;38;2;49;54;149m    [INFO][0m - [38;2;116;173;209mfitting.py:bspline_profile:1159[0m - ***************** Iter     Chi^2    N Rej  R. Fac *****************
[1;38;2;49;54;149m    [INFO][0m - [38;2;116;173;209mfitting.py:bspline_profile:1163[0m -                   ----  --------  -------  ------                  
[1;38;2;49;54;149m    [INFO][0m - [38;2;116;173;209mfitting.py:bspline_profile:1257[0m -                      1     2.758     6040    1.00                  
[1;38;2;49;54;149m    [INFO][0m - [38;2;116;173;209mfitting.py:bspline_profile:1257[0m -                      2     0.481     6316    1.00                  
[1;38;2;49;54;149m    [INFO][0m - [38;2;116;173;209mfitting.py:bspline_profile:1257[0m -                      3     0.417     6451    1.00                  
[1;38;2;49;54;149m    [INFO][0m - [38;2;116;173;209mfitting.py:bspline_profile:1257[0m -                      4     0.389     6519    1.00                  
[1;38;2;49;54;149m    [INFO][0m - [38;2;116;173;209mfitting.py:bspline_profile:1257[0m -                      5     0.377     6564    1.00                  
[1;38;2;49;54;149m    [INFO][0m - [38;2;116;173;209mfitting.py:bspline_profile:1257[0m -                      6     0.370     6593    1.00                  
[1;38;2;49;54;149m    [INFO][0m - [38;2;116;173;209mfitting.py:bspline_profile:1257[0m -                      7     0.366     6615    1.00                  
[1;38;2;49;54;149m    [INFO][0m - [38;2;116;173;209mfitting.py:bspline_profile:1257[0m -                      8     0.362     6626    1.00                  
[1;38;2;49;54;149m    [INFO][0m - [38;2;116;173;209mfitting.py:bspline_profile:1257[0m -                      9     0.361     6634    1.00                  
[1;38;2;49;54;149m    [INFO][0m - [38;2;116;173;209mfitting.py:bspline_profile:1257[0m -                     10     0.360     6637    1.00                  
[1;38;2;49;54;149m    [INFO][0m - [38;2;116;173;209mfitting.py:bspline_profile:1257[0m -                     11     0.359     6640    1.00                  
[1;38;2;49;54;149m    [INFO][0m - [38;2;116;173;209mfitting.py:bspline_profile:1257[0m -                     12     0.359     6646    1.00                  
[1;38;2;49;54;149m    [INFO][0m - [38;2;116;173;209mfitting.py:bspline_profile:1257[0m -                     13     0.358     6651    1.00                  
[1;38;2;49;54;149m    [INFO][0m - [38;2;116;173;209mfitting.py:bspline_profile:1257[0m -                     14     0.357     6654    1.00                  
[1;38;2;49;54;149m    [INFO][0m - [38;2;116;173;209mfitting.py:bspline_profile:1257[0m -                     15     0.357     6656    1.00                  
[1;38;2;49;54;149m    [INFO][0m - [38;2;116;173;209mfitting.py:bspline_profile:1257[0m -                     16     0.356     6657    1.00                  
[1;38;2;49;54;149m    [INFO][0m - [38;2;116;173;209mfitting.py:bspline_profile:1257[0m -                     17     0.356     6659    1.00                  
[1;38;2;49;54;149m    [INFO][0m - [38;2;116;173;209mfitting.py:bspline_profile:1257[0m -                     18     0.356     6660    1.00                  
[1;38;2;49;54;149m    [INFO][0m - [38;2;116;173;209mfitting.py:bspline_profile:1257[0m -                     19     0.356     6660    1.00                  
[1;38;2;49;54;149m    [INFO][0m - [38;2;116;173;209mfitting.py:bspline_profile:1272[0m -                   DONE     0.356     6660    1.00                  
[1;38;2;49;54;149m    [INFO][0m - [38;2;116;173;209mfitting.py:bspline_profile:1275[0m - *******************************************************************
[1;38;2;49;54;149m    [INFO][0m - [38;2;116;173;209mflatfield.py:fit:924[0m - Modeling the flat-field response for slit spat_id=1837: 22/24
[1;38;2;49;54;149m    [INFO][0m - [38;2;116;173;209mflatfield.py:fit:1008[0m - Spectral fit of flatfield for 132479/144863  pixels in the slit.
[1;38;2;49;54;149m    [INFO][0m - [38;2;116;173;209mfitting.py:bspline_profile:1156[0m - B-spline fit:
[1;38;2;49;54;149m    [INFO][0m - [38;2;116;173;209mfitting.py:bspline_profile:1157[0m -     npoly = 1 profile basis functions
[1;38;2;49;54;149m    [INFO][0m - [38;2;116;173;209mfitting.py:bspline_profile:1158[0m -     ngood = 132479/132479 measurements
[1;38;2;49;54;149m    [INFO][0m - [38;2;116;173;209mfitting.py:bspline_profile:1159[0m - ***************** Iter     Chi^2    N Rej  R. Fac *****************
[1;38;2;49;54;149m    [INFO][0m - [38;2;116;173;209mfitting.py:bspline_profile:1163[0m -                   ----  --------  -------  ------                  
[1;38;2;49;54;149m    [INFO][0m - [38;2;116;173;209mfitting.py:bspline_profile:1257[0m -                      1     0.003        0    1.00                  
[1;38;2;49;54;149m    [INFO][0m - [38;2;116;173;209mfitting.py:bspline_profile:1272[0m -                   DONE     0.003        0    1.00                  
[1;38;2;49;54;149m    [INFO][0m - [38;2;116;173;209mfitting.py:bspline_profile:1275[0m - *******************************************************************
[1;38;2;49;54;149m    [INFO][0m - [38;2;116;173;209mflatfield.py:fit:1097[0m - Spatial fit of flatfield for 158603/158603  pixels in the slit.
[1;38;2;49;54;149m    [INFO][0m - [38;2;116;173;209mfitting.py:bspline_profile:1156[0m - B-spline fit:
[1;38;2;49;54;149m    [INFO][0m - [38;2;116;173;209mfitting.py:bspline_profile:1157[0m -     npoly = 1 profile basis functions
[1;38;2;49;54;149m    [INFO][0m - [38;2;116;173;209mfitting.py:bspline_profile:1158[0m -     ngood = 158603/158603 measurements
[1;38;2;49;54;149m    [INFO][0m - [38;2;116;173;209mfitting.py:bspline_profile:1159[0m - ***************** Iter     Chi^2    N Rej  R. Fac *****************
[1;38;2;49;54;149m    [INFO][0m - [38;2;116;173;209mfitting.py:bspline_profile:1163[0m -                   ----  --------  -------  ------                  
[1;38;2;49;54;149m    [INFO][0m - [38;2;116;173;209mfitting.py:bspline_profile:1257[0m -                      1     0.000        0    1.00                  
[1;38;2;49;54;149m    [INFO][0m - [38;2;116;173;209mfitting.py:bspline_profile:1272[0m -                   DONE     0.000        0    1.00                  
[1;38;2;49;54;149m    [INFO][0m - [38;2;116;173;209mfitting.py:bspline_profile:1275[0m - *******************************************************************
[1;38;2;253;174;97m [WARNING][0m - [38;2;116;173;209mflat.py:tweak_slit_edges_gradient:538[0m - Left slit edge shift of 1.3% exceeds the maximum allowed of 0.0%
The left edge will not be tweaked.
[1;38;2;253;174;97m [WARNING][0m - [38;2;116;173;209mflat.py:tweak_slit_edges_gradient:547[0m - Right slit edge shift of -0.8% exceeds the maximum allowed of 0.0%
The right edge will not be tweaked.
[1;38;2;49;54;149m    [INFO][0m - [38;2;116;173;209mfitting.py:bspline_profile:1156[0m - B-spline fit:
[1;38;2;49;54;149m    [INFO][0m - [38;2;116;173;209mfitting.py:bspline_profile:1157[0m -     npoly = 1 profile basis functions
[1;38;2;49;54;149m    [INFO][0m - [38;2;116;173;209mfitting.py:bspline_profile:1158[0m -     ngood = 158603/158603 measurements
[1;38;2;49;54;149m    [INFO][0m - [38;2;116;173;209mfitting.py:bspline_profile:1159[0m - ***************** Iter     Chi^2    N Rej  R. Fac *****************
[1;38;2;49;54;149m    [INFO][0m - [38;2;116;173;209mfitting.py:bspline_profile:1163[0m -                   ----  --------  -------  ------                  
[1;38;2;49;54;149m    [INFO][0m - [38;2;116;173;209mfitting.py:bspline_profile:1257[0m -                      1     0.000        0    1.00                  
[1;38;2;49;54;149m    [INFO][0m - [38;2;116;173;209mfitting.py:bspline_profile:1272[0m -                   DONE     0.000        0    1.00                  
[1;38;2;49;54;149m    [INFO][0m - [38;2;116;173;209mfitting.py:bspline_profile:1275[0m - *******************************************************************
[1;38;2;49;54;149m    [INFO][0m - [38;2;116;173;209mflatfield.py:spatial_fit_finecorr:1477[0m - Performing a fine correction to the spatial illumination (slit 1837)
[1;38;2;253;174;97m [WARNING][0m - [38;2;116;173;209mfitting.py:robust_fit:456[0m - Maximum number of iterations maxiter=10 reached in robust_polyfit_djs
[1;38;2;49;54;149m    [INFO][0m - [38;2;116;173;209mflatfield.py:spatillum_finecorr_qa:1966[0m - Generating QA for spatial illumination fine correction
[1;38;2;49;54;149m    [INFO][0m - [38;2;116;173;209mflatfield.py:spatillum_finecorr_qa:2047[0m - Saved QA:
/Users/kaiwenzhang/PycharmProjects/KCWI/KCWI_RED_channel_characterization/RM1 pypeit run/2024-05-02/pypeit_run/keck_kcrm_B/QA/PNGs/Spatillum_FineCorr_B_1_DET01_S1837_spatillum_finecorr.png
[1;38;2;49;54;149m    [INFO][0m - [38;2;116;173;209mflatfield.py:fit:1218[0m - Performing 2D illumination + scattered light flat field fit
[1;38;2;49;54;149m    [INFO][0m - [38;2;116;173;209mfitting.py:bspline_profile:1156[0m - B-spline fit:
[1;38;2;49;54;149m    [INFO][0m - [38;2;116;173;209mfitting.py:bspline_profile:1157[0m -     npoly = 7 profile basis functions
[1;38;2;49;54;149m    [INFO][0m - [38;2;116;173;209mfitting.py:bspline_profile:1158[0m -     ngood = 144701/144863 measurements
[1;38;2;49;54;149m    [INFO][0m - [38;2;116;173;209mfitting.py:bspline_profile:1159[0m - ***************** Iter     Chi^2    N Rej  R. Fac *****************
[1;38;2;49;54;149m    [INFO][0m - [38;2;116;173;209mfitting.py:bspline_profile:1163[0m -                   ----  --------  -------  ------                  
[1;38;2;49;54;149m    [INFO][0m - [38;2;116;173;209mfitting.py:bspline_profile:1257[0m -                      1     1.847     3610    1.00                  
[1;38;2;49;54;149m    [INFO][0m - [38;2;116;173;209mfitting.py:bspline_profile:1257[0m -                      2     0.476     3907    1.00                  
[1;38;2;49;54;149m    [INFO][0m - [38;2;116;173;209mfitting.py:bspline_profile:1257[0m -                      3     0.410     4032    1.00                  
[1;38;2;49;54;149m    [INFO][0m - [38;2;116;173;209mfitting.py:bspline_profile:1257[0m -                      4     0.389     4094    1.00                  
[1;38;2;49;54;149m    [INFO][0m - [38;2;116;173;209mfitting.py:bspline_profile:1257[0m -                      5     0.379     4134    1.00                  
[1;38;2;49;54;149m    [INFO][0m - [38;2;116;173;209mfitting.py:bspline_profile:1257[0m -                      6     0.373     4161    1.00                  
[1;38;2;49;54;149m    [INFO][0m - [38;2;116;173;209mfitting.py:bspline_profile:1257[0m -                      7     0.369     4174    1.00                  
[1;38;2;49;54;149m    [INFO][0m - [38;2;116;173;209mfitting.py:bspline_profile:1257[0m -                      8     0.367     4184    1.00                  
[1;38;2;49;54;149m    [INFO][0m - [38;2;116;173;209mfitting.py:bspline_profile:1257[0m -                      9     0.366     4192    1.00                  
[1;38;2;49;54;149m    [INFO][0m - [38;2;116;173;209mfitting.py:bspline_profile:1257[0m -                     10     0.365     4196    1.00                  
[1;38;2;49;54;149m    [INFO][0m - [38;2;116;173;209mfitting.py:bspline_profile:1257[0m -                     11     0.364     4197    1.00                  
[1;38;2;49;54;149m    [INFO][0m - [38;2;116;173;209mfitting.py:bspline_profile:1257[0m -                     12     0.364     4198    1.00                  
[1;38;2;49;54;149m    [INFO][0m - [38;2;116;173;209mfitting.py:bspline_profile:1257[0m -                     13     0.364     4199    1.00                  
[1;38;2;49;54;149m    [INFO][0m - [38;2;116;173;209mfitting.py:bspline_profile:1257[0m -                     14     0.364     4201    1.00                  
[1;38;2;49;54;149m    [INFO][0m - [38;2;116;173;209mfitting.py:bspline_profile:1257[0m -                     15     0.364     4203    1.00                  
[1;38;2;49;54;149m    [INFO][0m - [38;2;116;173;209mfitting.py:bspline_profile:1257[0m -                     16     0.363     4204    1.00                  
[1;38;2;49;54;149m    [INFO][0m - [38;2;116;173;209mfitting.py:bspline_profile:1257[0m -                     17     0.363     4204    1.00                  
[1;38;2;49;54;149m    [INFO][0m - [38;2;116;173;209mfitting.py:bspline_profile:1272[0m -                   DONE     0.363     4204    1.00                  
[1;38;2;49;54;149m    [INFO][0m - [38;2;116;173;209mfitting.py:bspline_profile:1275[0m - *******************************************************************
[1;38;2;49;54;149m    [INFO][0m - [38;2;116;173;209mflatfield.py:fit:924[0m - Modeling the flat-field response for slit spat_id=1914: 23/24
[1;38;2;49;54;149m    [INFO][0m - [38;2;116;173;209mflatfield.py:fit:1008[0m - Spectral fit of flatfield for 132581/144965  pixels in the slit.
[1;38;2;49;54;149m    [INFO][0m - [38;2;116;173;209mfitting.py:bspline_profile:1156[0m - B-spline fit:
[1;38;2;49;54;149m    [INFO][0m - [38;2;116;173;209mfitting.py:bspline_profile:1157[0m -     npoly = 1 profile basis functions
[1;38;2;49;54;149m    [INFO][0m - [38;2;116;173;209mfitting.py:bspline_profile:1158[0m -     ngood = 132581/132581 measurements
[1;38;2;49;54;149m    [INFO][0m - [38;2;116;173;209mfitting.py:bspline_profile:1159[0m - ***************** Iter     Chi^2    N Rej  R. Fac *****************
[1;38;2;49;54;149m    [INFO][0m - [38;2;116;173;209mfitting.py:bspline_profile:1163[0m -                   ----  --------  -------  ------                  
[1;38;2;49;54;149m    [INFO][0m - [38;2;116;173;209mfitting.py:bspline_profile:1257[0m -                      1     0.007      432    1.00                  
[1;38;2;49;54;149m    [INFO][0m - [38;2;116;173;209mfitting.py:bspline_profile:1257[0m -                      2     0.005      495    1.00                  
[1;38;2;49;54;149m    [INFO][0m - [38;2;116;173;209mfitting.py:bspline_profile:1257[0m -                      3     0.005      508    1.00                  
[1;38;2;49;54;149m    [INFO][0m - [38;2;116;173;209mfitting.py:bspline_profile:1257[0m -                      4     0.005      512    1.00                  
[1;38;2;49;54;149m    [INFO][0m - [38;2;116;173;209mfitting.py:bspline_profile:1257[0m -                      5     0.005      512    1.00                  
[1;38;2;49;54;149m    [INFO][0m - [38;2;116;173;209mfitting.py:bspline_profile:1272[0m -                   DONE     0.005      512    1.00                  
[1;38;2;49;54;149m    [INFO][0m - [38;2;116;173;209mfitting.py:bspline_profile:1275[0m - *******************************************************************
[1;38;2;49;54;149m    [INFO][0m - [38;2;116;173;209mflatfield.py:fit:1097[0m - Spatial fit of flatfield for 164167/165605  pixels in the slit.
[1;38;2;49;54;149m    [INFO][0m - [38;2;116;173;209mfitting.py:bspline_profile:1156[0m - B-spline fit:
[1;38;2;49;54;149m    [INFO][0m - [38;2;116;173;209mfitting.py:bspline_profile:1157[0m -     npoly = 1 profile basis functions
[1;38;2;49;54;149m    [INFO][0m - [38;2;116;173;209mfitting.py:bspline_profile:1158[0m -     ngood = 164167/164167 measurements
[1;38;2;49;54;149m    [INFO][0m - [38;2;116;173;209mfitting.py:bspline_profile:1159[0m - ***************** Iter     Chi^2    N Rej  R. Fac *****************
[1;38;2;49;54;149m    [INFO][0m - [38;2;116;173;209mfitting.py:bspline_profile:1163[0m -                   ----  --------  -------  ------                  
[1;38;2;49;54;149m    [INFO][0m - [38;2;116;173;209mfitting.py:bspline_profile:1257[0m -                      1     0.000        0    1.00                  
[1;38;2;49;54;149m    [INFO][0m - [38;2;116;173;209mfitting.py:bspline_profile:1272[0m -                   DONE     0.000        0    1.00                  
[1;38;2;49;54;149m    [INFO][0m - [38;2;116;173;209mfitting.py:bspline_profile:1275[0m - *******************************************************************
[1;38;2;253;174;97m [WARNING][0m - [38;2;116;173;209mflat.py:tweak_slit_edges_gradient:538[0m - Left slit edge shift of 1.3% exceeds the maximum allowed of 0.0%
The left edge will not be tweaked.
[1;38;2;253;174;97m [WARNING][0m - [38;2;116;173;209mflat.py:tweak_slit_edges_gradient:547[0m - Right slit edge shift of -0.8% exceeds the maximum allowed of 0.0%
The right edge will not be tweaked.
[1;38;2;49;54;149m    [INFO][0m - [38;2;116;173;209mfitting.py:bspline_profile:1156[0m - B-spline fit:
[1;38;2;49;54;149m    [INFO][0m - [38;2;116;173;209mfitting.py:bspline_profile:1157[0m -     npoly = 1 profile basis functions
[1;38;2;49;54;149m    [INFO][0m - [38;2;116;173;209mfitting.py:bspline_profile:1158[0m -     ngood = 164167/164167 measurements
[1;38;2;49;54;149m    [INFO][0m - [38;2;116;173;209mfitting.py:bspline_profile:1159[0m - ***************** Iter     Chi^2    N Rej  R. Fac *****************
[1;38;2;49;54;149m    [INFO][0m - [38;2;116;173;209mfitting.py:bspline_profile:1163[0m -                   ----  --------  -------  ------                  
[1;38;2;49;54;149m    [INFO][0m - [38;2;116;173;209mfitting.py:bspline_profile:1257[0m -                      1     0.000        0    1.00                  
[1;38;2;49;54;149m    [INFO][0m - [38;2;116;173;209mfitting.py:bspline_profile:1272[0m -                   DONE     0.000        0    1.00                  
[1;38;2;49;54;149m    [INFO][0m - [38;2;116;173;209mfitting.py:bspline_profile:1275[0m - *******************************************************************
[1;38;2;49;54;149m    [INFO][0m - [38;2;116;173;209mflatfield.py:spatial_fit_finecorr:1477[0m - Performing a fine correction to the spatial illumination (slit 1914)
[1;38;2;253;174;97m [WARNING][0m - [38;2;116;173;209mfitting.py:robust_fit:456[0m - Maximum number of iterations maxiter=10 reached in robust_polyfit_djs
[1;38;2;49;54;149m    [INFO][0m - [38;2;116;173;209mflatfield.py:spatillum_finecorr_qa:1966[0m - Generating QA for spatial illumination fine correction
[1;38;2;49;54;149m    [INFO][0m - [38;2;116;173;209mflatfield.py:spatillum_finecorr_qa:2047[0m - Saved QA:
/Users/kaiwenzhang/PycharmProjects/KCWI/KCWI_RED_channel_characterization/RM1 pypeit run/2024-05-02/pypeit_run/keck_kcrm_B/QA/PNGs/Spatillum_FineCorr_B_1_DET01_S1914_spatillum_finecorr.png
[1;38;2;49;54;149m    [INFO][0m - [38;2;116;173;209mflatfield.py:fit:1218[0m - Performing 2D illumination + scattered light flat field fit
[1;38;2;49;54;149m    [INFO][0m - [38;2;116;173;209mfitting.py:bspline_profile:1156[0m - B-spline fit:
[1;38;2;49;54;149m    [INFO][0m - [38;2;116;173;209mfitting.py:bspline_profile:1157[0m -     npoly = 7 profile basis functions
[1;38;2;49;54;149m    [INFO][0m - [38;2;116;173;209mfitting.py:bspline_profile:1158[0m -     ngood = 144801/144965 measurements
[1;38;2;49;54;149m    [INFO][0m - [38;2;116;173;209mfitting.py:bspline_profile:1159[0m - ***************** Iter     Chi^2    N Rej  R. Fac *****************
[1;38;2;49;54;149m    [INFO][0m - [38;2;116;173;209mfitting.py:bspline_profile:1163[0m -                   ----  --------  -------  ------                  
[1;38;2;49;54;149m    [INFO][0m - [38;2;116;173;209mfitting.py:bspline_profile:1257[0m -                      1     3.420     6429    1.00                  
[1;38;2;49;54;149m    [INFO][0m - [38;2;116;173;209mfitting.py:bspline_profile:1257[0m -                      2     0.456     6590    1.00                  
[1;38;2;49;54;149m    [INFO][0m - [38;2;116;173;209mfitting.py:bspline_profile:1257[0m -                      3     0.419     6678    1.00                  
[1;38;2;49;54;149m    [INFO][0m - [38;2;116;173;209mfitting.py:bspline_profile:1257[0m -                      4     0.405     6740    1.00                  
[1;38;2;49;54;149m    [INFO][0m - [38;2;116;173;209mfitting.py:bspline_profile:1257[0m -                      5     0.394     6780    1.00                  
[1;38;2;49;54;149m    [INFO][0m - [38;2;116;173;209mfitting.py:bspline_profile:1257[0m -                      6     0.387     6804    1.00                  
[1;38;2;49;54;149m    [INFO][0m - [38;2;116;173;209mfitting.py:bspline_profile:1257[0m -                      7     0.384     6818    1.00                  
[1;38;2;49;54;149m    [INFO][0m - [38;2;116;173;209mfitting.py:bspline_profile:1257[0m -                      8     0.382     6828    1.00                  
[1;38;2;49;54;149m    [INFO][0m - [38;2;116;173;209mfitting.py:bspline_profile:1257[0m -                      9     0.380     6834    1.00                  
[1;38;2;49;54;149m    [INFO][0m - [38;2;116;173;209mfitting.py:bspline_profile:1257[0m -                     10     0.380     6837    1.00                  
[1;38;2;49;54;149m    [INFO][0m - [38;2;116;173;209mfitting.py:bspline_profile:1257[0m -                     11     0.379     6841    1.00                  
[1;38;2;49;54;149m    [INFO][0m - [38;2;116;173;209mfitting.py:bspline_profile:1257[0m -                     12     0.379     6847    1.00                  
[1;38;2;49;54;149m    [INFO][0m - [38;2;116;173;209mfitting.py:bspline_profile:1257[0m -                     13     0.378     6851    1.00                  
[1;38;2;49;54;149m    [INFO][0m - [38;2;116;173;209mfitting.py:bspline_profile:1257[0m -                     14     0.377     6854    1.00                  
[1;38;2;49;54;149m    [INFO][0m - [38;2;116;173;209mfitting.py:bspline_profile:1257[0m -                     15     0.377     6856    1.00                  
[1;38;2;49;54;149m    [INFO][0m - [38;2;116;173;209mfitting.py:bspline_profile:1257[0m -                     16     0.377     6856    1.00                  
[1;38;2;49;54;149m    [INFO][0m - [38;2;116;173;209mfitting.py:bspline_profile:1272[0m -                   DONE     0.377     6856    1.00                  
[1;38;2;49;54;149m    [INFO][0m - [38;2;116;173;209mfitting.py:bspline_profile:1275[0m - *******************************************************************
[1;38;2;49;54;149m    [INFO][0m - [38;2;116;173;209mflatfield.py:fit:924[0m - Modeling the flat-field response for slit spat_id=1996: 24/24
[1;38;2;49;54;149m    [INFO][0m - [38;2;116;173;209mflatfield.py:fit:1008[0m - Spectral fit of flatfield for 132551/144935  pixels in the slit.
[1;38;2;49;54;149m    [INFO][0m - [38;2;116;173;209mfitting.py:bspline_profile:1156[0m - B-spline fit:
[1;38;2;49;54;149m    [INFO][0m - [38;2;116;173;209mfitting.py:bspline_profile:1157[0m -     npoly = 1 profile basis functions
[1;38;2;49;54;149m    [INFO][0m - [38;2;116;173;209mfitting.py:bspline_profile:1158[0m -     ngood = 132551/132551 measurements
[1;38;2;49;54;149m    [INFO][0m - [38;2;116;173;209mfitting.py:bspline_profile:1159[0m - ***************** Iter     Chi^2    N Rej  R. Fac *****************
[1;38;2;49;54;149m    [INFO][0m - [38;2;116;173;209mfitting.py:bspline_profile:1163[0m -                   ----  --------  -------  ------                  
[1;38;2;49;54;149m    [INFO][0m - [38;2;116;173;209mfitting.py:bspline_profile:1257[0m -                      1     0.004        0    1.00                  
[1;38;2;49;54;149m    [INFO][0m - [38;2;116;173;209mfitting.py:bspline_profile:1272[0m -                   DONE     0.004        0    1.00                  
[1;38;2;49;54;149m    [INFO][0m - [38;2;116;173;209mfitting.py:bspline_profile:1275[0m - *******************************************************************
[1;38;2;49;54;149m    [INFO][0m - [38;2;116;173;209mflatfield.py:fit:1097[0m - Spatial fit of flatfield for 165575/165575  pixels in the slit.
[1;38;2;49;54;149m    [INFO][0m - [38;2;116;173;209mfitting.py:bspline_profile:1156[0m - B-spline fit:
[1;38;2;49;54;149m    [INFO][0m - [38;2;116;173;209mfitting.py:bspline_profile:1157[0m -     npoly = 1 profile basis functions
[1;38;2;49;54;149m    [INFO][0m - [38;2;116;173;209mfitting.py:bspline_profile:1158[0m -     ngood = 165575/165575 measurements
[1;38;2;49;54;149m    [INFO][0m - [38;2;116;173;209mfitting.py:bspline_profile:1159[0m - ***************** Iter     Chi^2    N Rej  R. Fac *****************
[1;38;2;49;54;149m    [INFO][0m - [38;2;116;173;209mfitting.py:bspline_profile:1163[0m -                   ----  --------  -------  ------                  
[1;38;2;49;54;149m    [INFO][0m - [38;2;116;173;209mfitting.py:bspline_profile:1257[0m -                      1     0.000        0    1.00                  
[1;38;2;49;54;149m    [INFO][0m - [38;2;116;173;209mfitting.py:bspline_profile:1272[0m -                   DONE     0.000        0    1.00                  
[1;38;2;49;54;149m    [INFO][0m - [38;2;116;173;209mfitting.py:bspline_profile:1275[0m - *******************************************************************
[1;38;2;253;174;97m [WARNING][0m - [38;2;116;173;209mflat.py:tweak_slit_edges_gradient:538[0m - Left slit edge shift of 1.4% exceeds the maximum allowed of 0.0%
The left edge will not be tweaked.
[1;38;2;253;174;97m [WARNING][0m - [38;2;116;173;209mflat.py:tweak_slit_edges_gradient:547[0m - Right slit edge shift of -1.1% exceeds the maximum allowed of 0.0%
The right edge will not be tweaked.
[1;38;2;49;54;149m    [INFO][0m - [38;2;116;173;209mfitting.py:bspline_profile:1156[0m - B-spline fit:
[1;38;2;49;54;149m    [INFO][0m - [38;2;116;173;209mfitting.py:bspline_profile:1157[0m -     npoly = 1 profile basis functions
[1;38;2;49;54;149m    [INFO][0m - [38;2;116;173;209mfitting.py:bspline_profile:1158[0m -     ngood = 165575/165575 measurements
[1;38;2;49;54;149m    [INFO][0m - [38;2;116;173;209mfitting.py:bspline_profile:1159[0m - ***************** Iter     Chi^2    N Rej  R. Fac *****************
[1;38;2;49;54;149m    [INFO][0m - [38;2;116;173;209mfitting.py:bspline_profile:1163[0m -                   ----  --------  -------  ------                  
[1;38;2;49;54;149m    [INFO][0m - [38;2;116;173;209mfitting.py:bspline_profile:1257[0m -                      1     0.000        0    1.00                  
[1;38;2;49;54;149m    [INFO][0m - [38;2;116;173;209mfitting.py:bspline_profile:1272[0m -                   DONE     0.000        0    1.00                  
[1;38;2;49;54;149m    [INFO][0m - [38;2;116;173;209mfitting.py:bspline_profile:1275[0m - *******************************************************************
[1;38;2;49;54;149m    [INFO][0m - [38;2;116;173;209mflatfield.py:spatial_fit_finecorr:1477[0m - Performing a fine correction to the spatial illumination (slit 1996)
[1;38;2;253;174;97m [WARNING][0m - [38;2;116;173;209mfitting.py:robust_fit:456[0m - Maximum number of iterations maxiter=10 reached in robust_polyfit_djs
[1;38;2;49;54;149m    [INFO][0m - [38;2;116;173;209mflatfield.py:spatillum_finecorr_qa:1966[0m - Generating QA for spatial illumination fine correction
[1;38;2;49;54;149m    [INFO][0m - [38;2;116;173;209mflatfield.py:spatillum_finecorr_qa:2047[0m - Saved QA:
/Users/kaiwenzhang/PycharmProjects/KCWI/KCWI_RED_channel_characterization/RM1 pypeit run/2024-05-02/pypeit_run/keck_kcrm_B/QA/PNGs/Spatillum_FineCorr_B_1_DET01_S1996_spatillum_finecorr.png
[1;38;2;49;54;149m    [INFO][0m - [38;2;116;173;209mflatfield.py:fit:1218[0m - Performing 2D illumination + scattered light flat field fit
[1;38;2;49;54;149m    [INFO][0m - [38;2;116;173;209mfitting.py:bspline_profile:1156[0m - B-spline fit:
[1;38;2;49;54;149m    [INFO][0m - [38;2;116;173;209mfitting.py:bspline_profile:1157[0m -     npoly = 7 profile basis functions
[1;38;2;49;54;149m    [INFO][0m - [38;2;116;173;209mfitting.py:bspline_profile:1158[0m -     ngood = 144855/144935 measurements
[1;38;2;49;54;149m    [INFO][0m - [38;2;116;173;209mfitting.py:bspline_profile:1159[0m - ***************** Iter     Chi^2    N Rej  R. Fac *****************
[1;38;2;49;54;149m    [INFO][0m - [38;2;116;173;209mfitting.py:bspline_profile:1163[0m -                   ----  --------  -------  ------                  
[1;38;2;49;54;149m    [INFO][0m - [38;2;116;173;209mfitting.py:bspline_profile:1257[0m -                      1     2.863     5759    1.00                  
[1;38;2;49;54;149m    [INFO][0m - [38;2;116;173;209mfitting.py:bspline_profile:1257[0m -                      2     0.409     6001    1.00                  
[1;38;2;49;54;149m    [INFO][0m - [38;2;116;173;209mfitting.py:bspline_profile:1257[0m -                      3     0.354     6097    1.00                  
[1;38;2;49;54;149m    [INFO][0m - [38;2;116;173;209mfitting.py:bspline_profile:1257[0m -                      4     0.338     6147    1.00                  
[1;38;2;49;54;149m    [INFO][0m - [38;2;116;173;209mfitting.py:bspline_profile:1257[0m -                      5     0.330     6178    1.00                  
[1;38;2;49;54;149m    [INFO][0m - [38;2;116;173;209mfitting.py:bspline_profile:1257[0m -                      6     0.326     6189    1.00                  
[1;38;2;49;54;149m    [INFO][0m - [38;2;116;173;209mfitting.py:bspline_profile:1257[0m -                      7     0.324     6198    1.00                  
[1;38;2;49;54;149m    [INFO][0m - [38;2;116;173;209mfitting.py:bspline_profile:1257[0m -                      8     0.323     6200    1.00                  
[1;38;2;49;54;149m    [INFO][0m - [38;2;116;173;209mfitting.py:bspline_profile:1257[0m -                      9     0.323     6201    1.00                  
[1;38;2;49;54;149m    [INFO][0m - [38;2;116;173;209mfitting.py:bspline_profile:1257[0m -                     10     0.323     6203    1.00                  
[1;38;2;49;54;149m    [INFO][0m - [38;2;116;173;209mfitting.py:bspline_profile:1257[0m -                     11     0.322     6204    1.00                  
[1;38;2;49;54;149m    [INFO][0m - [38;2;116;173;209mfitting.py:bspline_profile:1257[0m -                     12     0.322     6205    1.00                  
[1;38;2;49;54;149m    [INFO][0m - [38;2;116;173;209mfitting.py:bspline_profile:1257[0m -                     13     0.322     6205    1.00                  
[1;38;2;49;54;149m    [INFO][0m - [38;2;116;173;209mfitting.py:bspline_profile:1272[0m -                   DONE     0.322     6205    1.00                  
[1;38;2;49;54;149m    [INFO][0m - [38;2;116;173;209mfitting.py:bspline_profile:1275[0m - *******************************************************************
[1;38;2;49;54;149m    [INFO][0m - [38;2;116;173;209mflatfield.py:spectral_illumination:1640[0m - Deriving spectral illumination profile
[1;38;2;49;54;149m    [INFO][0m - [38;2;116;173;209mflatfield.py:spectral_illumination:1645[0m - Performing a joint fit to the flat-field response
[1;38;2;49;54;149m    [INFO][0m - [38;2;116;173;209mflatfield.py:illum_profile_spectral:2202[0m - Performing relative spectral sensitivity correction (reference slit = 14)
[1;38;2;49;54;149m    [INFO][0m - [38;2;116;173;209mflatfield.py:illum_profile_spectral:2206[0m - Using 'smooth_weights' algorithm for relative spectral sensitivity
[1;38;2;49;54;149m    [INFO][0m - [38;2;116;173;209mflatfield.py:illum_profile_spectral:2300[0m - Iteration 1 :: Minimum/Maximum scales = 0.02533, 9.96690
[1;38;2;49;54;149m    [INFO][0m - [38;2;116;173;209mflatfield.py:illum_profile_spectral:2300[0m - Iteration 2 :: Minimum/Maximum scales = 0.64254, 1.17380
[1;38;2;49;54;149m    [INFO][0m - [38;2;116;173;209mflatfield.py:illum_profile_spectral:2300[0m - Iteration 3 :: Minimum/Maximum scales = 0.71683, 1.08423
[1;38;2;49;54;149m    [INFO][0m - [38;2;116;173;209mflatfield.py:illum_profile_spectral:2300[0m - Iteration 4 :: Minimum/Maximum scales = 0.74873, 1.09371
[1;38;2;49;54;149m    [INFO][0m - [38;2;116;173;209mkeck_kcwi.py:get_rawimage:1426[0m - Reading KCWI file: /Users/kaiwenzhang/PycharmProjects/KCWI/KCWI_RED_channel_characterization/fits/by_night/RM1/2024-05-02/KR.20240503.12161.55.fits
[1;38;2;49;54;149m    [INFO][0m - [38;2;116;173;209mcalibrations.py:get_flats:942[0m - Creating slit-illumination flat calibration frame using files: 
[1;38;2;49;54;149m    [INFO][0m - [38;2;116;173;209mcalibrations.py:get_flats:944[0m -         KR.20240503.12161.55.fits
[1;38;2;49;54;149m    [INFO][0m - [38;2;116;173;209mcalibrations.py:get_flats:944[0m -         KR.20240503.12239.70.fits
[1;38;2;49;54;149m    [INFO][0m - [38;2;116;173;209mcalibrations.py:get_flats:944[0m -         KR.20240503.12317.61.fits
[1;38;2;49;54;149m    [INFO][0m - [38;2;116;173;209mkeck_kcwi.py:get_rawimage:1426[0m - Reading KCWI file: /Users/kaiwenzhang/PycharmProjects/KCWI/KCWI_RED_channel_characterization/fits/by_night/RM1/2024-05-02/KR.20240503.12161.55.fits
[1;38;2;49;54;149m    [INFO][0m - [38;2;116;173;209mrawimage.py:process:564[0m - Performing basic image processing on KR.20240503.12161.55.fits.
[1;38;2;49;54;149m    [INFO][0m - [38;2;116;173;209mrawimage.py:estimate_readnoise:359[0m - Estimated readnoise of amplifier 1 = 3.801 e-
[1;38;2;49;54;149m    [INFO][0m - [38;2;116;173;209mrawimage.py:estimate_readnoise:359[0m - Estimated readnoise of amplifier 2 = 3.790 e-
[1;38;2;49;54;149m    [INFO][0m - [38;2;116;173;209mkeck_kcwi.py:get_rawimage:1426[0m - Reading KCWI file: /Users/kaiwenzhang/PycharmProjects/KCWI/KCWI_RED_channel_characterization/fits/by_night/RM1/2024-05-02/KR.20240503.12239.70.fits
[1;38;2;49;54;149m    [INFO][0m - [38;2;116;173;209mrawimage.py:process:564[0m - Performing basic image processing on KR.20240503.12239.70.fits.
[1;38;2;49;54;149m    [INFO][0m - [38;2;116;173;209mrawimage.py:estimate_readnoise:359[0m - Estimated readnoise of amplifier 1 = 3.794 e-
[1;38;2;49;54;149m    [INFO][0m - [38;2;116;173;209mrawimage.py:estimate_readnoise:359[0m - Estimated readnoise of amplifier 2 = 3.787 e-
[1;38;2;49;54;149m    [INFO][0m - [38;2;116;173;209mkeck_kcwi.py:get_rawimage:1426[0m - Reading KCWI file: /Users/kaiwenzhang/PycharmProjects/KCWI/KCWI_RED_channel_characterization/fits/by_night/RM1/2024-05-02/KR.20240503.12317.61.fits
[1;38;2;49;54;149m    [INFO][0m - [38;2;116;173;209mrawimage.py:process:564[0m - Performing basic image processing on KR.20240503.12317.61.fits.
[1;38;2;49;54;149m    [INFO][0m - [38;2;116;173;209mrawimage.py:estimate_readnoise:359[0m - Estimated readnoise of amplifier 1 = 3.775 e-
[1;38;2;49;54;149m    [INFO][0m - [38;2;116;173;209mrawimage.py:estimate_readnoise:359[0m - Estimated readnoise of amplifier 2 = 3.777 e-
[1;38;2;253;174;97m [WARNING][0m - [38;2;116;173;209mcombineimage.py:run:195[0m - Exposure time is not consistent for all images being combined!  Using the average.
[1;38;2;49;54;149m    [INFO][0m - [38;2;116;173;209mflatfield.py:build_waveimg:704[0m - Generating wavelength image
[1;38;2;49;54;149m    [INFO][0m - [38;2;116;173;209mwavetilts.py:fit2tiltimg:143[0m - Generating a tilts image from the fit parameters
[1;38;2;49;54;149m    [INFO][0m - [38;2;116;173;209mflatfield.py:fit:924[0m - Modeling the flat-field response for slit spat_id=61: 1/24
[1;38;2;49;54;149m    [INFO][0m - [38;2;116;173;209mflatfield.py:fit:1008[0m - Spectral fit of flatfield for 131761/144145  pixels in the slit.
[1;38;2;49;54;149m    [INFO][0m - [38;2;116;173;209mfitting.py:bspline_profile:1156[0m - B-spline fit:
[1;38;2;49;54;149m    [INFO][0m - [38;2;116;173;209mfitting.py:bspline_profile:1157[0m -     npoly = 1 profile basis functions
[1;38;2;49;54;149m    [INFO][0m - [38;2;116;173;209mfitting.py:bspline_profile:1158[0m -     ngood = 131761/131761 measurements
[1;38;2;49;54;149m    [INFO][0m - [38;2;116;173;209mfitting.py:bspline_profile:1159[0m - ***************** Iter     Chi^2    N Rej  R. Fac *****************
[1;38;2;49;54;149m    [INFO][0m - [38;2;116;173;209mfitting.py:bspline_profile:1163[0m -                   ----  --------  -------  ------                  
[1;38;2;49;54;149m    [INFO][0m - [38;2;116;173;209mfitting.py:bspline_profile:1257[0m -                      1     0.004       64    1.00                  
[1;38;2;49;54;149m    [INFO][0m - [38;2;116;173;209mfitting.py:bspline_profile:1257[0m -                      2     0.004       67    1.00                  
[1;38;2;49;54;149m    [INFO][0m - [38;2;116;173;209mfitting.py:bspline_profile:1257[0m -                      3     0.004       67    1.00                  
[1;38;2;49;54;149m    [INFO][0m - [38;2;116;173;209mfitting.py:bspline_profile:1272[0m -                   DONE     0.004       67    1.00                  
[1;38;2;49;54;149m    [INFO][0m - [38;2;116;173;209mfitting.py:bspline_profile:1275[0m - *******************************************************************
[1;38;2;49;54;149m    [INFO][0m - [38;2;116;173;209mflatfield.py:fit:1097[0m - Spatial fit of flatfield for 145703/164785  pixels in the slit.
[1;38;2;49;54;149m    [INFO][0m - [38;2;116;173;209mfitting.py:bspline_profile:1156[0m - B-spline fit:
[1;38;2;49;54;149m    [INFO][0m - [38;2;116;173;209mfitting.py:bspline_profile:1157[0m -     npoly = 1 profile basis functions
[1;38;2;49;54;149m    [INFO][0m - [38;2;116;173;209mfitting.py:bspline_profile:1158[0m -     ngood = 145703/145703 measurements
[1;38;2;49;54;149m    [INFO][0m - [38;2;116;173;209mfitting.py:bspline_profile:1159[0m - ***************** Iter     Chi^2    N Rej  R. Fac *****************
[1;38;2;49;54;149m    [INFO][0m - [38;2;116;173;209mfitting.py:bspline_profile:1163[0m -                   ----  --------  -------  ------                  
[1;38;2;49;54;149m    [INFO][0m - [38;2;116;173;209mfitting.py:bspline_profile:1257[0m -                      1     0.000        0    1.00                  
[1;38;2;49;54;149m    [INFO][0m - [38;2;116;173;209mfitting.py:bspline_profile:1272[0m -                   DONE     0.000        0    1.00                  
[1;38;2;49;54;149m    [INFO][0m - [38;2;116;173;209mfitting.py:bspline_profile:1275[0m - *******************************************************************
[1;38;2;253;174;97m [WARNING][0m - [38;2;116;173;209mflat.py:tweak_slit_edges_gradient:538[0m - Left slit edge shift of 1.0% exceeds the maximum allowed of 0.0%
The left edge will not be tweaked.
[1;38;2;253;174;97m [WARNING][0m - [38;2;116;173;209mflat.py:tweak_slit_edges_gradient:547[0m - Right slit edge shift of -0.9% exceeds the maximum allowed of 0.0%
The right edge will not be tweaked.
[1;38;2;49;54;149m    [INFO][0m - [38;2;116;173;209mfitting.py:bspline_profile:1156[0m - B-spline fit:
[1;38;2;49;54;149m    [INFO][0m - [38;2;116;173;209mfitting.py:bspline_profile:1157[0m -     npoly = 1 profile basis functions
[1;38;2;49;54;149m    [INFO][0m - [38;2;116;173;209mfitting.py:bspline_profile:1158[0m -     ngood = 145703/145703 measurements
[1;38;2;49;54;149m    [INFO][0m - [38;2;116;173;209mfitting.py:bspline_profile:1159[0m - ***************** Iter     Chi^2    N Rej  R. Fac *****************
[1;38;2;49;54;149m    [INFO][0m - [38;2;116;173;209mfitting.py:bspline_profile:1163[0m -                   ----  --------  -------  ------                  
[1;38;2;49;54;149m    [INFO][0m - [38;2;116;173;209mfitting.py:bspline_profile:1257[0m -                      1     0.000        0    1.00                  
[1;38;2;49;54;149m    [INFO][0m - [38;2;116;173;209mfitting.py:bspline_profile:1272[0m -                   DONE     0.000        0    1.00                  
[1;38;2;49;54;149m    [INFO][0m - [38;2;116;173;209mfitting.py:bspline_profile:1275[0m - *******************************************************************
[1;38;2;49;54;149m    [INFO][0m - [38;2;116;173;209mflatfield.py:spatial_fit_finecorr:1477[0m - Performing a fine correction to the spatial illumination (slit 61)
[1;38;2;253;174;97m [WARNING][0m - [38;2;116;173;209mfitting.py:robust_fit:456[0m - Maximum number of iterations maxiter=10 reached in robust_polyfit_djs
[1;38;2;49;54;149m    [INFO][0m - [38;2;116;173;209mflatfield.py:spatillum_finecorr_qa:1966[0m - Generating QA for spatial illumination fine correction
[1;38;2;49;54;149m    [INFO][0m - [38;2;116;173;209mflatfield.py:spatillum_finecorr_qa:2047[0m - Saved QA:
/Users/kaiwenzhang/PycharmProjects/KCWI/KCWI_RED_channel_characterization/RM1 pypeit run/2024-05-02/pypeit_run/keck_kcrm_B/QA/PNGs/Spatillum_FineCorr_illumflat_B_1_DET01_S0061_spatillum_finecorr.png
[1;38;2;49;54;149m    [INFO][0m - [38;2;116;173;209mflatfield.py:fit:924[0m - Modeling the flat-field response for slit spat_id=142: 2/24
[1;38;2;49;54;149m    [INFO][0m - [38;2;116;173;209mflatfield.py:fit:1008[0m - Spectral fit of flatfield for 132150/144534  pixels in the slit.
[1;38;2;49;54;149m    [INFO][0m - [38;2;116;173;209mfitting.py:bspline_profile:1156[0m - B-spline fit:
[1;38;2;49;54;149m    [INFO][0m - [38;2;116;173;209mfitting.py:bspline_profile:1157[0m -     npoly = 1 profile basis functions
[1;38;2;49;54;149m    [INFO][0m - [38;2;116;173;209mfitting.py:bspline_profile:1158[0m -     ngood = 132150/132150 measurements
[1;38;2;49;54;149m    [INFO][0m - [38;2;116;173;209mfitting.py:bspline_profile:1159[0m - ***************** Iter     Chi^2    N Rej  R. Fac *****************
[1;38;2;49;54;149m    [INFO][0m - [38;2;116;173;209mfitting.py:bspline_profile:1163[0m -                   ----  --------  -------  ------                  
[1;38;2;49;54;149m    [INFO][0m - [38;2;116;173;209mfitting.py:bspline_profile:1257[0m -                      1     0.001        3    1.00                  
[1;38;2;49;54;149m    [INFO][0m - [38;2;116;173;209mfitting.py:bspline_profile:1257[0m -                      2     0.001        4    1.00                  
[1;38;2;49;54;149m    [INFO][0m - [38;2;116;173;209mfitting.py:bspline_profile:1257[0m -                      3     0.001        4    1.00                  
[1;38;2;49;54;149m    [INFO][0m - [38;2;116;173;209mfitting.py:bspline_profile:1272[0m -                   DONE     0.001        4    1.00                  
[1;38;2;49;54;149m    [INFO][0m - [38;2;116;173;209mfitting.py:bspline_profile:1275[0m - *******************************************************************
[1;38;2;49;54;149m    [INFO][0m - [38;2;116;173;209mflatfield.py:fit:1097[0m - Spatial fit of flatfield for 146576/155759  pixels in the slit.
[1;38;2;49;54;149m    [INFO][0m - [38;2;116;173;209mfitting.py:bspline_profile:1156[0m - B-spline fit:
[1;38;2;49;54;149m    [INFO][0m - [38;2;116;173;209mfitting.py:bspline_profile:1157[0m -     npoly = 1 profile basis functions
[1;38;2;49;54;149m    [INFO][0m - [38;2;116;173;209mfitting.py:bspline_profile:1158[0m -     ngood = 146576/146576 measurements
[1;38;2;49;54;149m    [INFO][0m - [38;2;116;173;209mfitting.py:bspline_profile:1159[0m - ***************** Iter     Chi^2    N Rej  R. Fac *****************
[1;38;2;49;54;149m    [INFO][0m - [38;2;116;173;209mfitting.py:bspline_profile:1163[0m -                   ----  --------  -------  ------                  
[1;38;2;49;54;149m    [INFO][0m - [38;2;116;173;209mfitting.py:bspline_profile:1257[0m -                      1     0.000        0    1.00                  
[1;38;2;49;54;149m    [INFO][0m - [38;2;116;173;209mfitting.py:bspline_profile:1272[0m -                   DONE     0.000        0    1.00                  
[1;38;2;49;54;149m    [INFO][0m - [38;2;116;173;209mfitting.py:bspline_profile:1275[0m - *******************************************************************
[1;38;2;253;174;97m [WARNING][0m - [38;2;116;173;209mflat.py:tweak_slit_edges_gradient:538[0m - Left slit edge shift of 1.1% exceeds the maximum allowed of 0.0%
The left edge will not be tweaked.
[1;38;2;253;174;97m [WARNING][0m - [38;2;116;173;209mflat.py:tweak_slit_edges_gradient:547[0m - Right slit edge shift of -1.8% exceeds the maximum allowed of 0.0%
The right edge will not be tweaked.
[1;38;2;49;54;149m    [INFO][0m - [38;2;116;173;209mfitting.py:bspline_profile:1156[0m - B-spline fit:
[1;38;2;49;54;149m    [INFO][0m - [38;2;116;173;209mfitting.py:bspline_profile:1157[0m -     npoly = 1 profile basis functions
[1;38;2;49;54;149m    [INFO][0m - [38;2;116;173;209mfitting.py:bspline_profile:1158[0m -     ngood = 146576/146576 measurements
[1;38;2;49;54;149m    [INFO][0m - [38;2;116;173;209mfitting.py:bspline_profile:1159[0m - ***************** Iter     Chi^2    N Rej  R. Fac *****************
[1;38;2;49;54;149m    [INFO][0m - [38;2;116;173;209mfitting.py:bspline_profile:1163[0m -                   ----  --------  -------  ------                  
[1;38;2;49;54;149m    [INFO][0m - [38;2;116;173;209mfitting.py:bspline_profile:1257[0m -                      1     0.000        0    1.00                  
[1;38;2;49;54;149m    [INFO][0m - [38;2;116;173;209mfitting.py:bspline_profile:1272[0m -                   DONE     0.000        0    1.00                  
[1;38;2;49;54;149m    [INFO][0m - [38;2;116;173;209mfitting.py:bspline_profile:1275[0m - *******************************************************************
[1;38;2;49;54;149m    [INFO][0m - [38;2;116;173;209mflatfield.py:spatial_fit_finecorr:1477[0m - Performing a fine correction to the spatial illumination (slit 142)
[1;38;2;253;174;97m [WARNING][0m - [38;2;116;173;209mfitting.py:robust_fit:456[0m - Maximum number of iterations maxiter=10 reached in robust_polyfit_djs
[1;38;2;49;54;149m    [INFO][0m - [38;2;116;173;209mflatfield.py:spatillum_finecorr_qa:1966[0m - Generating QA for spatial illumination fine correction
[1;38;2;49;54;149m    [INFO][0m - [38;2;116;173;209mflatfield.py:spatillum_finecorr_qa:2047[0m - Saved QA:
/Users/kaiwenzhang/PycharmProjects/KCWI/KCWI_RED_channel_characterization/RM1 pypeit run/2024-05-02/pypeit_run/keck_kcrm_B/QA/PNGs/Spatillum_FineCorr_illumflat_B_1_DET01_S0142_spatillum_finecorr.png
[1;38;2;49;54;149m    [INFO][0m - [38;2;116;173;209mflatfield.py:fit:924[0m - Modeling the flat-field response for slit spat_id=217: 3/24
[1;38;2;49;54;149m    [INFO][0m - [38;2;116;173;209mflatfield.py:fit:1008[0m - Spectral fit of flatfield for 131995/144379  pixels in the slit.
[1;38;2;49;54;149m    [INFO][0m - [38;2;116;173;209mfitting.py:bspline_profile:1156[0m - B-spline fit:
[1;38;2;49;54;149m    [INFO][0m - [38;2;116;173;209mfitting.py:bspline_profile:1157[0m -     npoly = 1 profile basis functions
[1;38;2;49;54;149m    [INFO][0m - [38;2;116;173;209mfitting.py:bspline_profile:1158[0m -     ngood = 131995/131995 measurements
[1;38;2;49;54;149m    [INFO][0m - [38;2;116;173;209mfitting.py:bspline_profile:1159[0m - ***************** Iter     Chi^2    N Rej  R. Fac *****************
[1;38;2;49;54;149m    [INFO][0m - [38;2;116;173;209mfitting.py:bspline_profile:1163[0m -                   ----  --------  -------  ------                  
[1;38;2;49;54;149m    [INFO][0m - [38;2;116;173;209mfitting.py:bspline_profile:1257[0m -                      1     0.003       35    1.00                  
[1;38;2;49;54;149m    [INFO][0m - [38;2;116;173;209mfitting.py:bspline_profile:1257[0m -                      2     0.003       35    1.00                  
[1;38;2;49;54;149m    [INFO][0m - [38;2;116;173;209mfitting.py:bspline_profile:1272[0m -                   DONE     0.003       35    1.00                  
[1;38;2;49;54;149m    [INFO][0m - [38;2;116;173;209mfitting.py:bspline_profile:1275[0m - *******************************************************************
[1;38;2;49;54;149m    [INFO][0m - [38;2;116;173;209mflatfield.py:fit:1097[0m - Spatial fit of flatfield for 142989/161916  pixels in the slit.
[1;38;2;49;54;149m    [INFO][0m - [38;2;116;173;209mfitting.py:bspline_profile:1156[0m - B-spline fit:
[1;38;2;49;54;149m    [INFO][0m - [38;2;116;173;209mfitting.py:bspline_profile:1157[0m -     npoly = 1 profile basis functions
[1;38;2;49;54;149m    [INFO][0m - [38;2;116;173;209mfitting.py:bspline_profile:1158[0m -     ngood = 142989/142989 measurements
[1;38;2;49;54;149m    [INFO][0m - [38;2;116;173;209mfitting.py:bspline_profile:1159[0m - ***************** Iter     Chi^2    N Rej  R. Fac *****************
[1;38;2;49;54;149m    [INFO][0m - [38;2;116;173;209mfitting.py:bspline_profile:1163[0m -                   ----  --------  -------  ------                  
[1;38;2;49;54;149m    [INFO][0m - [38;2;116;173;209mfitting.py:bspline_profile:1257[0m -                      1     0.000        0    1.00                  
[1;38;2;49;54;149m    [INFO][0m - [38;2;116;173;209mfitting.py:bspline_profile:1272[0m -                   DONE     0.000        0    1.00                  
[1;38;2;49;54;149m    [INFO][0m - [38;2;116;173;209mfitting.py:bspline_profile:1275[0m - *******************************************************************
[1;38;2;253;174;97m [WARNING][0m - [38;2;116;173;209mflat.py:tweak_slit_edges_gradient:538[0m - Left slit edge shift of 0.9% exceeds the maximum allowed of 0.0%
The left edge will not be tweaked.
[1;38;2;253;174;97m [WARNING][0m - [38;2;116;173;209mflat.py:tweak_slit_edges_gradient:547[0m - Right slit edge shift of -1.1% exceeds the maximum allowed of 0.0%
The right edge will not be tweaked.
[1;38;2;49;54;149m    [INFO][0m - [38;2;116;173;209mfitting.py:bspline_profile:1156[0m - B-spline fit:
[1;38;2;49;54;149m    [INFO][0m - [38;2;116;173;209mfitting.py:bspline_profile:1157[0m -     npoly = 1 profile basis functions
[1;38;2;49;54;149m    [INFO][0m - [38;2;116;173;209mfitting.py:bspline_profile:1158[0m -     ngood = 142989/142989 measurements
[1;38;2;49;54;149m    [INFO][0m - [38;2;116;173;209mfitting.py:bspline_profile:1159[0m - ***************** Iter     Chi^2    N Rej  R. Fac *****************
[1;38;2;49;54;149m    [INFO][0m - [38;2;116;173;209mfitting.py:bspline_profile:1163[0m -                   ----  --------  -------  ------                  
[1;38;2;49;54;149m    [INFO][0m - [38;2;116;173;209mfitting.py:bspline_profile:1257[0m -                      1     0.000        0    1.00                  
[1;38;2;49;54;149m    [INFO][0m - [38;2;116;173;209mfitting.py:bspline_profile:1272[0m -                   DONE     0.000        0    1.00                  
[1;38;2;49;54;149m    [INFO][0m - [38;2;116;173;209mfitting.py:bspline_profile:1275[0m - *******************************************************************
[1;38;2;49;54;149m    [INFO][0m - [38;2;116;173;209mflatfield.py:spatial_fit_finecorr:1477[0m - Performing a fine correction to the spatial illumination (slit 217)
[1;38;2;253;174;97m [WARNING][0m - [38;2;116;173;209mfitting.py:robust_fit:456[0m - Maximum number of iterations maxiter=10 reached in robust_polyfit_djs
[1;38;2;49;54;149m    [INFO][0m - [38;2;116;173;209mflatfield.py:spatillum_finecorr_qa:1966[0m - Generating QA for spatial illumination fine correction
[1;38;2;49;54;149m    [INFO][0m - [38;2;116;173;209mflatfield.py:spatillum_finecorr_qa:2047[0m - Saved QA:
/Users/kaiwenzhang/PycharmProjects/KCWI/KCWI_RED_channel_characterization/RM1 pypeit run/2024-05-02/pypeit_run/keck_kcrm_B/QA/PNGs/Spatillum_FineCorr_illumflat_B_1_DET01_S0217_spatillum_finecorr.png
[1;38;2;49;54;149m    [INFO][0m - [38;2;116;173;209mflatfield.py:fit:924[0m - Modeling the flat-field response for slit spat_id=296: 4/24
[1;38;2;49;54;149m    [INFO][0m - [38;2;116;173;209mflatfield.py:fit:1008[0m - Spectral fit of flatfield for 132130/144822  pixels in the slit.
[1;38;2;49;54;149m    [INFO][0m - [38;2;116;173;209mfitting.py:bspline_profile:1156[0m - B-spline fit:
[1;38;2;49;54;149m    [INFO][0m - [38;2;116;173;209mfitting.py:bspline_profile:1157[0m -     npoly = 1 profile basis functions
[1;38;2;49;54;149m    [INFO][0m - [38;2;116;173;209mfitting.py:bspline_profile:1158[0m -     ngood = 132130/132130 measurements
[1;38;2;49;54;149m    [INFO][0m - [38;2;116;173;209mfitting.py:bspline_profile:1159[0m - ***************** Iter     Chi^2    N Rej  R. Fac *****************
[1;38;2;49;54;149m    [INFO][0m - [38;2;116;173;209mfitting.py:bspline_profile:1163[0m -                   ----  --------  -------  ------                  
[1;38;2;49;54;149m    [INFO][0m - [38;2;116;173;209mfitting.py:bspline_profile:1257[0m -                      1     0.002        3    1.00                  
[1;38;2;49;54;149m    [INFO][0m - [38;2;116;173;209mfitting.py:bspline_profile:1257[0m -                      2     0.002        3    1.00                  
[1;38;2;49;54;149m    [INFO][0m - [38;2;116;173;209mfitting.py:bspline_profile:1272[0m -                   DONE     0.002        3    1.00                  
[1;38;2;49;54;149m    [INFO][0m - [38;2;116;173;209mfitting.py:bspline_profile:1275[0m - *******************************************************************
[1;38;2;49;54;149m    [INFO][0m - [38;2;116;173;209mflatfield.py:fit:1097[0m - Spatial fit of flatfield for 142254/152231  pixels in the slit.
[1;38;2;49;54;149m    [INFO][0m - [38;2;116;173;209mfitting.py:bspline_profile:1156[0m - B-spline fit:
[1;38;2;49;54;149m    [INFO][0m - [38;2;116;173;209mfitting.py:bspline_profile:1157[0m -     npoly = 1 profile basis functions
[1;38;2;49;54;149m    [INFO][0m - [38;2;116;173;209mfitting.py:bspline_profile:1158[0m -     ngood = 142254/142254 measurements
[1;38;2;49;54;149m    [INFO][0m - [38;2;116;173;209mfitting.py:bspline_profile:1159[0m - ***************** Iter     Chi^2    N Rej  R. Fac *****************
[1;38;2;49;54;149m    [INFO][0m - [38;2;116;173;209mfitting.py:bspline_profile:1163[0m -                   ----  --------  -------  ------                  
[1;38;2;49;54;149m    [INFO][0m - [38;2;116;173;209mfitting.py:bspline_profile:1257[0m -                      1     0.000        0    1.00                  
[1;38;2;49;54;149m    [INFO][0m - [38;2;116;173;209mfitting.py:bspline_profile:1272[0m -                   DONE     0.000        0    1.00                  
[1;38;2;49;54;149m    [INFO][0m - [38;2;116;173;209mfitting.py:bspline_profile:1275[0m - *******************************************************************
[1;38;2;253;174;97m [WARNING][0m - [38;2;116;173;209mflat.py:tweak_slit_edges_gradient:538[0m - Left slit edge shift of 1.1% exceeds the maximum allowed of 0.0%
The left edge will not be tweaked.
[1;38;2;253;174;97m [WARNING][0m - [38;2;116;173;209mflat.py:tweak_slit_edges_gradient:547[0m - Right slit edge shift of -6.0% exceeds the maximum allowed of 0.0%
The right edge will not be tweaked.
[1;38;2;49;54;149m    [INFO][0m - [38;2;116;173;209mfitting.py:bspline_profile:1156[0m - B-spline fit:
[1;38;2;49;54;149m    [INFO][0m - [38;2;116;173;209mfitting.py:bspline_profile:1157[0m -     npoly = 1 profile basis functions
[1;38;2;49;54;149m    [INFO][0m - [38;2;116;173;209mfitting.py:bspline_profile:1158[0m -     ngood = 142254/142254 measurements
[1;38;2;49;54;149m    [INFO][0m - [38;2;116;173;209mfitting.py:bspline_profile:1159[0m - ***************** Iter     Chi^2    N Rej  R. Fac *****************
[1;38;2;49;54;149m    [INFO][0m - [38;2;116;173;209mfitting.py:bspline_profile:1163[0m -                   ----  --------  -------  ------                  
[1;38;2;49;54;149m    [INFO][0m - [38;2;116;173;209mfitting.py:bspline_profile:1257[0m -                      1     0.000        0    1.00                  
[1;38;2;49;54;149m    [INFO][0m - [38;2;116;173;209mfitting.py:bspline_profile:1272[0m -                   DONE     0.000        0    1.00                  
[1;38;2;49;54;149m    [INFO][0m - [38;2;116;173;209mfitting.py:bspline_profile:1275[0m - *******************************************************************
[1;38;2;49;54;149m    [INFO][0m - [38;2;116;173;209mflatfield.py:spatial_fit_finecorr:1477[0m - Performing a fine correction to the spatial illumination (slit 296)
[1;38;2;253;174;97m [WARNING][0m - [38;2;116;173;209mfitting.py:robust_fit:456[0m - Maximum number of iterations maxiter=10 reached in robust_polyfit_djs
[1;38;2;49;54;149m    [INFO][0m - [38;2;116;173;209mflatfield.py:spatillum_finecorr_qa:1966[0m - Generating QA for spatial illumination fine correction
[1;38;2;49;54;149m    [INFO][0m - [38;2;116;173;209mflatfield.py:spatillum_finecorr_qa:2047[0m - Saved QA:
/Users/kaiwenzhang/PycharmProjects/KCWI/KCWI_RED_channel_characterization/RM1 pypeit run/2024-05-02/pypeit_run/keck_kcrm_B/QA/PNGs/Spatillum_FineCorr_illumflat_B_1_DET01_S0296_spatillum_finecorr.png
[1;38;2;49;54;149m    [INFO][0m - [38;2;116;173;209mflatfield.py:fit:924[0m - Modeling the flat-field response for slit spat_id=369: 5/24
[1;38;2;49;54;149m    [INFO][0m - [38;2;116;173;209mflatfield.py:fit:1008[0m - Spectral fit of flatfield for 132674/145058  pixels in the slit.
[1;38;2;49;54;149m    [INFO][0m - [38;2;116;173;209mfitting.py:bspline_profile:1156[0m - B-spline fit:
[1;38;2;49;54;149m    [INFO][0m - [38;2;116;173;209mfitting.py:bspline_profile:1157[0m -     npoly = 1 profile basis functions
[1;38;2;49;54;149m    [INFO][0m - [38;2;116;173;209mfitting.py:bspline_profile:1158[0m -     ngood = 132674/132674 measurements
[1;38;2;49;54;149m    [INFO][0m - [38;2;116;173;209mfitting.py:bspline_profile:1159[0m - ***************** Iter     Chi^2    N Rej  R. Fac *****************
[1;38;2;49;54;149m    [INFO][0m - [38;2;116;173;209mfitting.py:bspline_profile:1163[0m -                   ----  --------  -------  ------                  
[1;38;2;49;54;149m    [INFO][0m - [38;2;116;173;209mfitting.py:bspline_profile:1257[0m -                      1     0.003       31    1.00                  
[1;38;2;49;54;149m    [INFO][0m - [38;2;116;173;209mfitting.py:bspline_profile:1257[0m -                      2     0.003       33    1.00                  
[1;38;2;49;54;149m    [INFO][0m - [38;2;116;173;209mfitting.py:bspline_profile:1257[0m -                      3     0.003       34    1.00                  
[1;38;2;49;54;149m    [INFO][0m - [38;2;116;173;209mfitting.py:bspline_profile:1257[0m -                      4     0.003       35    1.00                  
[1;38;2;49;54;149m    [INFO][0m - [38;2;116;173;209mfitting.py:bspline_profile:1257[0m -                      5     0.003       35    1.00                  
[1;38;2;49;54;149m    [INFO][0m - [38;2;116;173;209mfitting.py:bspline_profile:1272[0m -                   DONE     0.003       35    1.00                  
[1;38;2;49;54;149m    [INFO][0m - [38;2;116;173;209mfitting.py:bspline_profile:1275[0m - *******************************************************************
[1;38;2;49;54;149m    [INFO][0m - [38;2;116;173;209mflatfield.py:fit:1097[0m - Spatial fit of flatfield for 137776/155676  pixels in the slit.
[1;38;2;49;54;149m    [INFO][0m - [38;2;116;173;209mfitting.py:bspline_profile:1156[0m - B-spline fit:
[1;38;2;49;54;149m    [INFO][0m - [38;2;116;173;209mfitting.py:bspline_profile:1157[0m -     npoly = 1 profile basis functions
[1;38;2;49;54;149m    [INFO][0m - [38;2;116;173;209mfitting.py:bspline_profile:1158[0m -     ngood = 137776/137776 measurements
[1;38;2;49;54;149m    [INFO][0m - [38;2;116;173;209mfitting.py:bspline_profile:1159[0m - ***************** Iter     Chi^2    N Rej  R. Fac *****************
[1;38;2;49;54;149m    [INFO][0m - [38;2;116;173;209mfitting.py:bspline_profile:1163[0m -                   ----  --------  -------  ------                  
[1;38;2;49;54;149m    [INFO][0m - [38;2;116;173;209mfitting.py:bspline_profile:1257[0m -                      1     0.000        0    1.00                  
[1;38;2;49;54;149m    [INFO][0m - [38;2;116;173;209mfitting.py:bspline_profile:1272[0m -                   DONE     0.000        0    1.00                  
[1;38;2;49;54;149m    [INFO][0m - [38;2;116;173;209mfitting.py:bspline_profile:1275[0m - *******************************************************************
[1;38;2;253;174;97m [WARNING][0m - [38;2;116;173;209mflat.py:tweak_slit_edges_gradient:538[0m - Left slit edge shift of 0.9% exceeds the maximum allowed of 0.0%
The left edge will not be tweaked.
[1;38;2;253;174;97m [WARNING][0m - [38;2;116;173;209mflat.py:tweak_slit_edges_gradient:547[0m - Right slit edge shift of -2.1% exceeds the maximum allowed of 0.0%
The right edge will not be tweaked.
[1;38;2;49;54;149m    [INFO][0m - [38;2;116;173;209mfitting.py:bspline_profile:1156[0m - B-spline fit:
[1;38;2;49;54;149m    [INFO][0m - [38;2;116;173;209mfitting.py:bspline_profile:1157[0m -     npoly = 1 profile basis functions
[1;38;2;49;54;149m    [INFO][0m - [38;2;116;173;209mfitting.py:bspline_profile:1158[0m -     ngood = 137776/137776 measurements
[1;38;2;49;54;149m    [INFO][0m - [38;2;116;173;209mfitting.py:bspline_profile:1159[0m - ***************** Iter     Chi^2    N Rej  R. Fac *****************
[1;38;2;49;54;149m    [INFO][0m - [38;2;116;173;209mfitting.py:bspline_profile:1163[0m -                   ----  --------  -------  ------                  
[1;38;2;49;54;149m    [INFO][0m - [38;2;116;173;209mfitting.py:bspline_profile:1257[0m -                      1     0.000        0    1.00                  
[1;38;2;49;54;149m    [INFO][0m - [38;2;116;173;209mfitting.py:bspline_profile:1272[0m -                   DONE     0.000        0    1.00                  
[1;38;2;49;54;149m    [INFO][0m - [38;2;116;173;209mfitting.py:bspline_profile:1275[0m - *******************************************************************
[1;38;2;49;54;149m    [INFO][0m - [38;2;116;173;209mflatfield.py:spatial_fit_finecorr:1477[0m - Performing a fine correction to the spatial illumination (slit 369)
[1;38;2;253;174;97m [WARNING][0m - [38;2;116;173;209mfitting.py:robust_fit:456[0m - Maximum number of iterations maxiter=10 reached in robust_polyfit_djs
[1;38;2;49;54;149m    [INFO][0m - [38;2;116;173;209mflatfield.py:spatillum_finecorr_qa:1966[0m - Generating QA for spatial illumination fine correction
[1;38;2;49;54;149m    [INFO][0m - [38;2;116;173;209mflatfield.py:spatillum_finecorr_qa:2047[0m - Saved QA:
/Users/kaiwenzhang/PycharmProjects/KCWI/KCWI_RED_channel_characterization/RM1 pypeit run/2024-05-02/pypeit_run/keck_kcrm_B/QA/PNGs/Spatillum_FineCorr_illumflat_B_1_DET01_S0369_spatillum_finecorr.png
[1;38;2;49;54;149m    [INFO][0m - [38;2;116;173;209mflatfield.py:fit:924[0m - Modeling the flat-field response for slit spat_id=445: 6/24
[1;38;2;49;54;149m    [INFO][0m - [38;2;116;173;209mflatfield.py:fit:1008[0m - Spectral fit of flatfield for 132283/144667  pixels in the slit.
[1;38;2;49;54;149m    [INFO][0m - [38;2;116;173;209mfitting.py:bspline_profile:1156[0m - B-spline fit:
[1;38;2;49;54;149m    [INFO][0m - [38;2;116;173;209mfitting.py:bspline_profile:1157[0m -     npoly = 1 profile basis functions
[1;38;2;49;54;149m    [INFO][0m - [38;2;116;173;209mfitting.py:bspline_profile:1158[0m -     ngood = 132283/132283 measurements
[1;38;2;49;54;149m    [INFO][0m - [38;2;116;173;209mfitting.py:bspline_profile:1159[0m - ***************** Iter     Chi^2    N Rej  R. Fac *****************
[1;38;2;49;54;149m    [INFO][0m - [38;2;116;173;209mfitting.py:bspline_profile:1163[0m -                   ----  --------  -------  ------                  
[1;38;2;49;54;149m    [INFO][0m - [38;2;116;173;209mfitting.py:bspline_profile:1257[0m -                      1     0.002        3    1.00                  
[1;38;2;49;54;149m    [INFO][0m - [38;2;116;173;209mfitting.py:bspline_profile:1257[0m -                      2     0.002        3    1.00                  
[1;38;2;49;54;149m    [INFO][0m - [38;2;116;173;209mfitting.py:bspline_profile:1272[0m -                   DONE     0.002        3    1.00                  
[1;38;2;49;54;149m    [INFO][0m - [38;2;116;173;209mfitting.py:bspline_profile:1275[0m - *******************************************************************
[1;38;2;49;54;149m    [INFO][0m - [38;2;116;173;209mflatfield.py:fit:1097[0m - Spatial fit of flatfield for 140445/150376  pixels in the slit.
[1;38;2;49;54;149m    [INFO][0m - [38;2;116;173;209mfitting.py:bspline_profile:1156[0m - B-spline fit:
[1;38;2;49;54;149m    [INFO][0m - [38;2;116;173;209mfitting.py:bspline_profile:1157[0m -     npoly = 1 profile basis functions
[1;38;2;49;54;149m    [INFO][0m - [38;2;116;173;209mfitting.py:bspline_profile:1158[0m -     ngood = 140445/140445 measurements
[1;38;2;49;54;149m    [INFO][0m - [38;2;116;173;209mfitting.py:bspline_profile:1159[0m - ***************** Iter     Chi^2    N Rej  R. Fac *****************
[1;38;2;49;54;149m    [INFO][0m - [38;2;116;173;209mfitting.py:bspline_profile:1163[0m -                   ----  --------  -------  ------                  
[1;38;2;49;54;149m    [INFO][0m - [38;2;116;173;209mfitting.py:bspline_profile:1257[0m -                      1     0.000        0    1.00                  
[1;38;2;49;54;149m    [INFO][0m - [38;2;116;173;209mfitting.py:bspline_profile:1272[0m -                   DONE     0.000        0    1.00                  
[1;38;2;49;54;149m    [INFO][0m - [38;2;116;173;209mfitting.py:bspline_profile:1275[0m - *******************************************************************
[1;38;2;253;174;97m [WARNING][0m - [38;2;116;173;209mflat.py:tweak_slit_edges_gradient:538[0m - Left slit edge shift of 1.1% exceeds the maximum allowed of 0.0%
The left edge will not be tweaked.
[1;38;2;253;174;97m [WARNING][0m - [38;2;116;173;209mflat.py:tweak_slit_edges_gradient:547[0m - Right slit edge shift of -7.7% exceeds the maximum allowed of 0.0%
The right edge will not be tweaked.
[1;38;2;49;54;149m    [INFO][0m - [38;2;116;173;209mfitting.py:bspline_profile:1156[0m - B-spline fit:
[1;38;2;49;54;149m    [INFO][0m - [38;2;116;173;209mfitting.py:bspline_profile:1157[0m -     npoly = 1 profile basis functions
[1;38;2;49;54;149m    [INFO][0m - [38;2;116;173;209mfitting.py:bspline_profile:1158[0m -     ngood = 140445/140445 measurements
[1;38;2;49;54;149m    [INFO][0m - [38;2;116;173;209mfitting.py:bspline_profile:1159[0m - ***************** Iter     Chi^2    N Rej  R. Fac *****************
[1;38;2;49;54;149m    [INFO][0m - [38;2;116;173;209mfitting.py:bspline_profile:1163[0m -                   ----  --------  -------  ------                  
[1;38;2;49;54;149m    [INFO][0m - [38;2;116;173;209mfitting.py:bspline_profile:1257[0m -                      1     0.000        0    1.00                  
[1;38;2;49;54;149m    [INFO][0m - [38;2;116;173;209mfitting.py:bspline_profile:1272[0m -                   DONE     0.000        0    1.00                  
[1;38;2;49;54;149m    [INFO][0m - [38;2;116;173;209mfitting.py:bspline_profile:1275[0m - *******************************************************************
[1;38;2;49;54;149m    [INFO][0m - [38;2;116;173;209mflatfield.py:spatial_fit_finecorr:1477[0m - Performing a fine correction to the spatial illumination (slit 445)
[1;38;2;253;174;97m [WARNING][0m - [38;2;116;173;209mfitting.py:robust_fit:456[0m - Maximum number of iterations maxiter=10 reached in robust_polyfit_djs
[1;38;2;49;54;149m    [INFO][0m - [38;2;116;173;209mflatfield.py:spatillum_finecorr_qa:1966[0m - Generating QA for spatial illumination fine correction
[1;38;2;49;54;149m    [INFO][0m - [38;2;116;173;209mflatfield.py:spatillum_finecorr_qa:2047[0m - Saved QA:
/Users/kaiwenzhang/PycharmProjects/KCWI/KCWI_RED_channel_characterization/RM1 pypeit run/2024-05-02/pypeit_run/keck_kcrm_B/QA/PNGs/Spatillum_FineCorr_illumflat_B_1_DET01_S0445_spatillum_finecorr.png
[1;38;2;49;54;149m    [INFO][0m - [38;2;116;173;209mflatfield.py:fit:924[0m - Modeling the flat-field response for slit spat_id=517: 7/24
[1;38;2;49;54;149m    [INFO][0m - [38;2;116;173;209mflatfield.py:fit:1008[0m - Spectral fit of flatfield for 132057/144441  pixels in the slit.
[1;38;2;49;54;149m    [INFO][0m - [38;2;116;173;209mfitting.py:bspline_profile:1156[0m - B-spline fit:
[1;38;2;49;54;149m    [INFO][0m - [38;2;116;173;209mfitting.py:bspline_profile:1157[0m -     npoly = 1 profile basis functions
[1;38;2;49;54;149m    [INFO][0m - [38;2;116;173;209mfitting.py:bspline_profile:1158[0m -     ngood = 132057/132057 measurements
[1;38;2;49;54;149m    [INFO][0m - [38;2;116;173;209mfitting.py:bspline_profile:1159[0m - ***************** Iter     Chi^2    N Rej  R. Fac *****************
[1;38;2;49;54;149m    [INFO][0m - [38;2;116;173;209mfitting.py:bspline_profile:1163[0m -                   ----  --------  -------  ------                  
[1;38;2;49;54;149m    [INFO][0m - [38;2;116;173;209mfitting.py:bspline_profile:1257[0m -                      1     0.003       23    1.00                  
[1;38;2;49;54;149m    [INFO][0m - [38;2;116;173;209mfitting.py:bspline_profile:1257[0m -                      2     0.003       24    1.00                  
[1;38;2;49;54;149m    [INFO][0m - [38;2;116;173;209mfitting.py:bspline_profile:1257[0m -                      3     0.003       24    1.00                  
[1;38;2;49;54;149m    [INFO][0m - [38;2;116;173;209mfitting.py:bspline_profile:1272[0m -                   DONE     0.003       24    1.00                  
[1;38;2;49;54;149m    [INFO][0m - [38;2;116;173;209mfitting.py:bspline_profile:1275[0m - *******************************************************************
[1;38;2;49;54;149m    [INFO][0m - [38;2;116;173;209mflatfield.py:fit:1097[0m - Spatial fit of flatfield for 134673/151860  pixels in the slit.
[1;38;2;49;54;149m    [INFO][0m - [38;2;116;173;209mfitting.py:bspline_profile:1156[0m - B-spline fit:
[1;38;2;49;54;149m    [INFO][0m - [38;2;116;173;209mfitting.py:bspline_profile:1157[0m -     npoly = 1 profile basis functions
[1;38;2;49;54;149m    [INFO][0m - [38;2;116;173;209mfitting.py:bspline_profile:1158[0m -     ngood = 134673/134673 measurements
[1;38;2;49;54;149m    [INFO][0m - [38;2;116;173;209mfitting.py:bspline_profile:1159[0m - ***************** Iter     Chi^2    N Rej  R. Fac *****************
[1;38;2;49;54;149m    [INFO][0m - [38;2;116;173;209mfitting.py:bspline_profile:1163[0m -                   ----  --------  -------  ------                  
[1;38;2;49;54;149m    [INFO][0m - [38;2;116;173;209mfitting.py:bspline_profile:1257[0m -                      1     0.000        0    1.00                  
[1;38;2;49;54;149m    [INFO][0m - [38;2;116;173;209mfitting.py:bspline_profile:1272[0m -                   DONE     0.000        0    1.00                  
[1;38;2;49;54;149m    [INFO][0m - [38;2;116;173;209mfitting.py:bspline_profile:1275[0m - *******************************************************************
[1;38;2;253;174;97m [WARNING][0m - [38;2;116;173;209mflat.py:tweak_slit_edges_gradient:538[0m - Left slit edge shift of 1.2% exceeds the maximum allowed of 0.0%
The left edge will not be tweaked.
[1;38;2;253;174;97m [WARNING][0m - [38;2;116;173;209mflat.py:tweak_slit_edges_gradient:547[0m - Right slit edge shift of -104.5% exceeds the maximum allowed of 0.0%
The right edge will not be tweaked.
[1;38;2;49;54;149m    [INFO][0m - [38;2;116;173;209mfitting.py:bspline_profile:1156[0m - B-spline fit:
[1;38;2;49;54;149m    [INFO][0m - [38;2;116;173;209mfitting.py:bspline_profile:1157[0m -     npoly = 1 profile basis functions
[1;38;2;49;54;149m    [INFO][0m - [38;2;116;173;209mfitting.py:bspline_profile:1158[0m -     ngood = 134673/134673 measurements
[1;38;2;49;54;149m    [INFO][0m - [38;2;116;173;209mfitting.py:bspline_profile:1159[0m - ***************** Iter     Chi^2    N Rej  R. Fac *****************
[1;38;2;49;54;149m    [INFO][0m - [38;2;116;173;209mfitting.py:bspline_profile:1163[0m -                   ----  --------  -------  ------                  
[1;38;2;49;54;149m    [INFO][0m - [38;2;116;173;209mfitting.py:bspline_profile:1257[0m -                      1     0.000        0    1.00                  
[1;38;2;49;54;149m    [INFO][0m - [38;2;116;173;209mfitting.py:bspline_profile:1272[0m -                   DONE     0.000        0    1.00                  
[1;38;2;49;54;149m    [INFO][0m - [38;2;116;173;209mfitting.py:bspline_profile:1275[0m - *******************************************************************
[1;38;2;49;54;149m    [INFO][0m - [38;2;116;173;209mflatfield.py:spatial_fit_finecorr:1477[0m - Performing a fine correction to the spatial illumination (slit 517)
[1;38;2;253;174;97m [WARNING][0m - [38;2;116;173;209mfitting.py:robust_fit:456[0m - Maximum number of iterations maxiter=10 reached in robust_polyfit_djs
[1;38;2;49;54;149m    [INFO][0m - [38;2;116;173;209mflatfield.py:spatillum_finecorr_qa:1966[0m - Generating QA for spatial illumination fine correction
[1;38;2;49;54;149m    [INFO][0m - [38;2;116;173;209mflatfield.py:spatillum_finecorr_qa:2047[0m - Saved QA:
/Users/kaiwenzhang/PycharmProjects/KCWI/KCWI_RED_channel_characterization/RM1 pypeit run/2024-05-02/pypeit_run/keck_kcrm_B/QA/PNGs/Spatillum_FineCorr_illumflat_B_1_DET01_S0517_spatillum_finecorr.png
[1;38;2;49;54;149m    [INFO][0m - [38;2;116;173;209mflatfield.py:fit:924[0m - Modeling the flat-field response for slit spat_id=591: 8/24
[1;38;2;49;54;149m    [INFO][0m - [38;2;116;173;209mflatfield.py:fit:1008[0m - Spectral fit of flatfield for 132751/145135  pixels in the slit.
[1;38;2;49;54;149m    [INFO][0m - [38;2;116;173;209mfitting.py:bspline_profile:1156[0m - B-spline fit:
[1;38;2;49;54;149m    [INFO][0m - [38;2;116;173;209mfitting.py:bspline_profile:1157[0m -     npoly = 1 profile basis functions
[1;38;2;49;54;149m    [INFO][0m - [38;2;116;173;209mfitting.py:bspline_profile:1158[0m -     ngood = 132751/132751 measurements
[1;38;2;49;54;149m    [INFO][0m - [38;2;116;173;209mfitting.py:bspline_profile:1159[0m - ***************** Iter     Chi^2    N Rej  R. Fac *****************
[1;38;2;49;54;149m    [INFO][0m - [38;2;116;173;209mfitting.py:bspline_profile:1163[0m -                   ----  --------  -------  ------                  
[1;38;2;49;54;149m    [INFO][0m - [38;2;116;173;209mfitting.py:bspline_profile:1257[0m -                      1     0.002        2    1.00                  
[1;38;2;49;54;149m    [INFO][0m - [38;2;116;173;209mfitting.py:bspline_profile:1257[0m -                      2     0.002        2    1.00                  
[1;38;2;49;54;149m    [INFO][0m - [38;2;116;173;209mfitting.py:bspline_profile:1272[0m -                   DONE     0.002        2    1.00                  
[1;38;2;49;54;149m    [INFO][0m - [38;2;116;173;209mfitting.py:bspline_profile:1275[0m - *******************************************************************
[1;38;2;49;54;149m    [INFO][0m - [38;2;116;173;209mflatfield.py:fit:1097[0m - Spatial fit of flatfield for 141071/151223  pixels in the slit.
[1;38;2;49;54;149m    [INFO][0m - [38;2;116;173;209mfitting.py:bspline_profile:1156[0m - B-spline fit:
[1;38;2;49;54;149m    [INFO][0m - [38;2;116;173;209mfitting.py:bspline_profile:1157[0m -     npoly = 1 profile basis functions
[1;38;2;49;54;149m    [INFO][0m - [38;2;116;173;209mfitting.py:bspline_profile:1158[0m -     ngood = 141071/141071 measurements
[1;38;2;49;54;149m    [INFO][0m - [38;2;116;173;209mfitting.py:bspline_profile:1159[0m - ***************** Iter     Chi^2    N Rej  R. Fac *****************
[1;38;2;49;54;149m    [INFO][0m - [38;2;116;173;209mfitting.py:bspline_profile:1163[0m -                   ----  --------  -------  ------                  
[1;38;2;49;54;149m    [INFO][0m - [38;2;116;173;209mfitting.py:bspline_profile:1257[0m -                      1     0.000        0    1.00                  
[1;38;2;49;54;149m    [INFO][0m - [38;2;116;173;209mfitting.py:bspline_profile:1272[0m -                   DONE     0.000        0    1.00                  
[1;38;2;49;54;149m    [INFO][0m - [38;2;116;173;209mfitting.py:bspline_profile:1275[0m - *******************************************************************
[1;38;2;253;174;97m [WARNING][0m - [38;2;116;173;209mflat.py:tweak_slit_edges_gradient:538[0m - Left slit edge shift of 0.9% exceeds the maximum allowed of 0.0%
The left edge will not be tweaked.
[1;38;2;253;174;97m [WARNING][0m - [38;2;116;173;209mflat.py:tweak_slit_edges_gradient:547[0m - Right slit edge shift of -105.3% exceeds the maximum allowed of 0.0%
The right edge will not be tweaked.
[1;38;2;49;54;149m    [INFO][0m - [38;2;116;173;209mfitting.py:bspline_profile:1156[0m - B-spline fit:
[1;38;2;49;54;149m    [INFO][0m - [38;2;116;173;209mfitting.py:bspline_profile:1157[0m -     npoly = 1 profile basis functions
[1;38;2;49;54;149m    [INFO][0m - [38;2;116;173;209mfitting.py:bspline_profile:1158[0m -     ngood = 141071/141071 measurements
[1;38;2;49;54;149m    [INFO][0m - [38;2;116;173;209mfitting.py:bspline_profile:1159[0m - ***************** Iter     Chi^2    N Rej  R. Fac *****************
[1;38;2;49;54;149m    [INFO][0m - [38;2;116;173;209mfitting.py:bspline_profile:1163[0m -                   ----  --------  -------  ------                  
[1;38;2;49;54;149m    [INFO][0m - [38;2;116;173;209mfitting.py:bspline_profile:1257[0m -                      1     0.000        0    1.00                  
[1;38;2;49;54;149m    [INFO][0m - [38;2;116;173;209mfitting.py:bspline_profile:1272[0m -                   DONE     0.000        0    1.00                  
[1;38;2;49;54;149m    [INFO][0m - [38;2;116;173;209mfitting.py:bspline_profile:1275[0m - *******************************************************************
[1;38;2;49;54;149m    [INFO][0m - [38;2;116;173;209mflatfield.py:spatial_fit_finecorr:1477[0m - Performing a fine correction to the spatial illumination (slit 591)
[1;38;2;253;174;97m [WARNING][0m - [38;2;116;173;209mfitting.py:robust_fit:456[0m - Maximum number of iterations maxiter=10 reached in robust_polyfit_djs
[1;38;2;49;54;149m    [INFO][0m - [38;2;116;173;209mflatfield.py:spatillum_finecorr_qa:1966[0m - Generating QA for spatial illumination fine correction
[1;38;2;49;54;149m    [INFO][0m - [38;2;116;173;209mflatfield.py:spatillum_finecorr_qa:2047[0m - Saved QA:
/Users/kaiwenzhang/PycharmProjects/KCWI/KCWI_RED_channel_characterization/RM1 pypeit run/2024-05-02/pypeit_run/keck_kcrm_B/QA/PNGs/Spatillum_FineCorr_illumflat_B_1_DET01_S0591_spatillum_finecorr.png
[1;38;2;49;54;149m    [INFO][0m - [38;2;116;173;209mflatfield.py:fit:924[0m - Modeling the flat-field response for slit spat_id=664: 9/24
[1;38;2;49;54;149m    [INFO][0m - [38;2;116;173;209mflatfield.py:fit:1008[0m - Spectral fit of flatfield for 132365/144749  pixels in the slit.
[1;38;2;49;54;149m    [INFO][0m - [38;2;116;173;209mfitting.py:bspline_profile:1156[0m - B-spline fit:
[1;38;2;49;54;149m    [INFO][0m - [38;2;116;173;209mfitting.py:bspline_profile:1157[0m -     npoly = 1 profile basis functions
[1;38;2;49;54;149m    [INFO][0m - [38;2;116;173;209mfitting.py:bspline_profile:1158[0m -     ngood = 132365/132365 measurements
[1;38;2;49;54;149m    [INFO][0m - [38;2;116;173;209mfitting.py:bspline_profile:1159[0m - ***************** Iter     Chi^2    N Rej  R. Fac *****************
[1;38;2;49;54;149m    [INFO][0m - [38;2;116;173;209mfitting.py:bspline_profile:1163[0m -                   ----  --------  -------  ------                  
[1;38;2;49;54;149m    [INFO][0m - [38;2;116;173;209mfitting.py:bspline_profile:1257[0m -                      1     0.003        7    1.00                  
[1;38;2;49;54;149m    [INFO][0m - [38;2;116;173;209mfitting.py:bspline_profile:1257[0m -                      2     0.003        7    1.00                  
[1;38;2;49;54;149m    [INFO][0m - [38;2;116;173;209mfitting.py:bspline_profile:1272[0m -                   DONE     0.003        7    1.00                  
[1;38;2;49;54;149m    [INFO][0m - [38;2;116;173;209mfitting.py:bspline_profile:1275[0m - *******************************************************************
[1;38;2;49;54;149m    [INFO][0m - [38;2;116;173;209mflatfield.py:fit:1097[0m - Spatial fit of flatfield for 136581/153187  pixels in the slit.
[1;38;2;49;54;149m    [INFO][0m - [38;2;116;173;209mfitting.py:bspline_profile:1156[0m - B-spline fit:
[1;38;2;49;54;149m    [INFO][0m - [38;2;116;173;209mfitting.py:bspline_profile:1157[0m -     npoly = 1 profile basis functions
[1;38;2;49;54;149m    [INFO][0m - [38;2;116;173;209mfitting.py:bspline_profile:1158[0m -     ngood = 136581/136581 measurements
[1;38;2;49;54;149m    [INFO][0m - [38;2;116;173;209mfitting.py:bspline_profile:1159[0m - ***************** Iter     Chi^2    N Rej  R. Fac *****************
[1;38;2;49;54;149m    [INFO][0m - [38;2;116;173;209mfitting.py:bspline_profile:1163[0m -                   ----  --------  -------  ------                  
[1;38;2;49;54;149m    [INFO][0m - [38;2;116;173;209mfitting.py:bspline_profile:1257[0m -                      1     0.000        0    1.00                  
[1;38;2;49;54;149m    [INFO][0m - [38;2;116;173;209mfitting.py:bspline_profile:1272[0m -                   DONE     0.000        0    1.00                  
[1;38;2;49;54;149m    [INFO][0m - [38;2;116;173;209mfitting.py:bspline_profile:1275[0m - *******************************************************************
[1;38;2;253;174;97m [WARNING][0m - [38;2;116;173;209mflat.py:tweak_slit_edges_gradient:538[0m - Left slit edge shift of 1.1% exceeds the maximum allowed of 0.0%
The left edge will not be tweaked.
[1;38;2;253;174;97m [WARNING][0m - [38;2;116;173;209mflat.py:tweak_slit_edges_gradient:547[0m - Right slit edge shift of -104.5% exceeds the maximum allowed of 0.0%
The right edge will not be tweaked.
[1;38;2;49;54;149m    [INFO][0m - [38;2;116;173;209mfitting.py:bspline_profile:1156[0m - B-spline fit:
[1;38;2;49;54;149m    [INFO][0m - [38;2;116;173;209mfitting.py:bspline_profile:1157[0m -     npoly = 1 profile basis functions
[1;38;2;49;54;149m    [INFO][0m - [38;2;116;173;209mfitting.py:bspline_profile:1158[0m -     ngood = 136581/136581 measurements
[1;38;2;49;54;149m    [INFO][0m - [38;2;116;173;209mfitting.py:bspline_profile:1159[0m - ***************** Iter     Chi^2    N Rej  R. Fac *****************
[1;38;2;49;54;149m    [INFO][0m - [38;2;116;173;209mfitting.py:bspline_profile:1163[0m -                   ----  --------  -------  ------                  
[1;38;2;49;54;149m    [INFO][0m - [38;2;116;173;209mfitting.py:bspline_profile:1257[0m -                      1     0.000        0    1.00                  
[1;38;2;49;54;149m    [INFO][0m - [38;2;116;173;209mfitting.py:bspline_profile:1272[0m -                   DONE     0.000        0    1.00                  
[1;38;2;49;54;149m    [INFO][0m - [38;2;116;173;209mfitting.py:bspline_profile:1275[0m - *******************************************************************
[1;38;2;49;54;149m    [INFO][0m - [38;2;116;173;209mflatfield.py:spatial_fit_finecorr:1477[0m - Performing a fine correction to the spatial illumination (slit 664)
[1;38;2;253;174;97m [WARNING][0m - [38;2;116;173;209mfitting.py:robust_fit:456[0m - Maximum number of iterations maxiter=10 reached in robust_polyfit_djs
[1;38;2;49;54;149m    [INFO][0m - [38;2;116;173;209mflatfield.py:spatillum_finecorr_qa:1966[0m - Generating QA for spatial illumination fine correction
[1;38;2;49;54;149m    [INFO][0m - [38;2;116;173;209mflatfield.py:spatillum_finecorr_qa:2047[0m - Saved QA:
/Users/kaiwenzhang/PycharmProjects/KCWI/KCWI_RED_channel_characterization/RM1 pypeit run/2024-05-02/pypeit_run/keck_kcrm_B/QA/PNGs/Spatillum_FineCorr_illumflat_B_1_DET01_S0664_spatillum_finecorr.png
[1;38;2;49;54;149m    [INFO][0m - [38;2;116;173;209mflatfield.py:fit:924[0m - Modeling the flat-field response for slit spat_id=738: 10/24
[1;38;2;49;54;149m    [INFO][0m - [38;2;116;173;209mflatfield.py:fit:1008[0m - Spectral fit of flatfield for 132333/144717  pixels in the slit.
[1;38;2;49;54;149m    [INFO][0m - [38;2;116;173;209mfitting.py:bspline_profile:1156[0m - B-spline fit:
[1;38;2;49;54;149m    [INFO][0m - [38;2;116;173;209mfitting.py:bspline_profile:1157[0m -     npoly = 1 profile basis functions
[1;38;2;49;54;149m    [INFO][0m - [38;2;116;173;209mfitting.py:bspline_profile:1158[0m -     ngood = 132333/132333 measurements
[1;38;2;49;54;149m    [INFO][0m - [38;2;116;173;209mfitting.py:bspline_profile:1159[0m - ***************** Iter     Chi^2    N Rej  R. Fac *****************
[1;38;2;49;54;149m    [INFO][0m - [38;2;116;173;209mfitting.py:bspline_profile:1163[0m -                   ----  --------  -------  ------                  
[1;38;2;49;54;149m    [INFO][0m - [38;2;116;173;209mfitting.py:bspline_profile:1257[0m -                      1     0.002        0    1.00                  
[1;38;2;49;54;149m    [INFO][0m - [38;2;116;173;209mfitting.py:bspline_profile:1272[0m -                   DONE     0.002        0    1.00                  
[1;38;2;49;54;149m    [INFO][0m - [38;2;116;173;209mfitting.py:bspline_profile:1275[0m - *******************************************************************
[1;38;2;49;54;149m    [INFO][0m - [38;2;116;173;209mflatfield.py:fit:1097[0m - Spatial fit of flatfield for 141788/152000  pixels in the slit.
[1;38;2;49;54;149m    [INFO][0m - [38;2;116;173;209mfitting.py:bspline_profile:1156[0m - B-spline fit:
[1;38;2;49;54;149m    [INFO][0m - [38;2;116;173;209mfitting.py:bspline_profile:1157[0m -     npoly = 1 profile basis functions
[1;38;2;49;54;149m    [INFO][0m - [38;2;116;173;209mfitting.py:bspline_profile:1158[0m -     ngood = 141788/141788 measurements
[1;38;2;49;54;149m    [INFO][0m - [38;2;116;173;209mfitting.py:bspline_profile:1159[0m - ***************** Iter     Chi^2    N Rej  R. Fac *****************
[1;38;2;49;54;149m    [INFO][0m - [38;2;116;173;209mfitting.py:bspline_profile:1163[0m -                   ----  --------  -------  ------                  
[1;38;2;49;54;149m    [INFO][0m - [38;2;116;173;209mfitting.py:bspline_profile:1257[0m -                      1     0.000        0    1.00                  
[1;38;2;49;54;149m    [INFO][0m - [38;2;116;173;209mfitting.py:bspline_profile:1272[0m -                   DONE     0.000        0    1.00                  
[1;38;2;49;54;149m    [INFO][0m - [38;2;116;173;209mfitting.py:bspline_profile:1275[0m - *******************************************************************
[1;38;2;253;174;97m [WARNING][0m - [38;2;116;173;209mflat.py:tweak_slit_edges_gradient:538[0m - Left slit edge shift of 0.9% exceeds the maximum allowed of 0.0%
The left edge will not be tweaked.
[1;38;2;253;174;97m [WARNING][0m - [38;2;116;173;209mflat.py:tweak_slit_edges_gradient:547[0m - Right slit edge shift of -105.3% exceeds the maximum allowed of 0.0%
The right edge will not be tweaked.
[1;38;2;49;54;149m    [INFO][0m - [38;2;116;173;209mfitting.py:bspline_profile:1156[0m - B-spline fit:
[1;38;2;49;54;149m    [INFO][0m - [38;2;116;173;209mfitting.py:bspline_profile:1157[0m -     npoly = 1 profile basis functions
[1;38;2;49;54;149m    [INFO][0m - [38;2;116;173;209mfitting.py:bspline_profile:1158[0m -     ngood = 141788/141788 measurements
[1;38;2;49;54;149m    [INFO][0m - [38;2;116;173;209mfitting.py:bspline_profile:1159[0m - ***************** Iter     Chi^2    N Rej  R. Fac *****************
[1;38;2;49;54;149m    [INFO][0m - [38;2;116;173;209mfitting.py:bspline_profile:1163[0m -                   ----  --------  -------  ------                  
[1;38;2;49;54;149m    [INFO][0m - [38;2;116;173;209mfitting.py:bspline_profile:1257[0m -                      1     0.000        0    1.00                  
[1;38;2;49;54;149m    [INFO][0m - [38;2;116;173;209mfitting.py:bspline_profile:1272[0m -                   DONE     0.000        0    1.00                  
[1;38;2;49;54;149m    [INFO][0m - [38;2;116;173;209mfitting.py:bspline_profile:1275[0m - *******************************************************************
[1;38;2;49;54;149m    [INFO][0m - [38;2;116;173;209mflatfield.py:spatial_fit_finecorr:1477[0m - Performing a fine correction to the spatial illumination (slit 738)
[1;38;2;253;174;97m [WARNING][0m - [38;2;116;173;209mfitting.py:robust_fit:456[0m - Maximum number of iterations maxiter=10 reached in robust_polyfit_djs
[1;38;2;49;54;149m    [INFO][0m - [38;2;116;173;209mflatfield.py:spatillum_finecorr_qa:1966[0m - Generating QA for spatial illumination fine correction
[1;38;2;49;54;149m    [INFO][0m - [38;2;116;173;209mflatfield.py:spatillum_finecorr_qa:2047[0m - Saved QA:
/Users/kaiwenzhang/PycharmProjects/KCWI/KCWI_RED_channel_characterization/RM1 pypeit run/2024-05-02/pypeit_run/keck_kcrm_B/QA/PNGs/Spatillum_FineCorr_illumflat_B_1_DET01_S0738_spatillum_finecorr.png
[1;38;2;49;54;149m    [INFO][0m - [38;2;116;173;209mflatfield.py:fit:924[0m - Modeling the flat-field response for slit spat_id=812: 11/24
[1;38;2;49;54;149m    [INFO][0m - [38;2;116;173;209mflatfield.py:fit:1008[0m - Spectral fit of flatfield for 132251/144635  pixels in the slit.
[1;38;2;49;54;149m    [INFO][0m - [38;2;116;173;209mfitting.py:bspline_profile:1156[0m - B-spline fit:
[1;38;2;49;54;149m    [INFO][0m - [38;2;116;173;209mfitting.py:bspline_profile:1157[0m -     npoly = 1 profile basis functions
[1;38;2;49;54;149m    [INFO][0m - [38;2;116;173;209mfitting.py:bspline_profile:1158[0m -     ngood = 132251/132251 measurements
[1;38;2;49;54;149m    [INFO][0m - [38;2;116;173;209mfitting.py:bspline_profile:1159[0m - ***************** Iter     Chi^2    N Rej  R. Fac *****************
[1;38;2;49;54;149m    [INFO][0m - [38;2;116;173;209mfitting.py:bspline_profile:1163[0m -                   ----  --------  -------  ------                  
[1;38;2;49;54;149m    [INFO][0m - [38;2;116;173;209mfitting.py:bspline_profile:1257[0m -                      1     0.003        6    1.00                  
[1;38;2;49;54;149m    [INFO][0m - [38;2;116;173;209mfitting.py:bspline_profile:1257[0m -                      2     0.003        6    1.00                  
[1;38;2;49;54;149m    [INFO][0m - [38;2;116;173;209mfitting.py:bspline_profile:1272[0m -                   DONE     0.003        6    1.00                  
[1;38;2;49;54;149m    [INFO][0m - [38;2;116;173;209mfitting.py:bspline_profile:1275[0m - *******************************************************************
[1;38;2;49;54;149m    [INFO][0m - [38;2;116;173;209mflatfield.py:fit:1097[0m - Spatial fit of flatfield for 136879/152622  pixels in the slit.
[1;38;2;49;54;149m    [INFO][0m - [38;2;116;173;209mfitting.py:bspline_profile:1156[0m - B-spline fit:
[1;38;2;49;54;149m    [INFO][0m - [38;2;116;173;209mfitting.py:bspline_profile:1157[0m -     npoly = 1 profile basis functions
[1;38;2;49;54;149m    [INFO][0m - [38;2;116;173;209mfitting.py:bspline_profile:1158[0m -     ngood = 136879/136879 measurements
[1;38;2;49;54;149m    [INFO][0m - [38;2;116;173;209mfitting.py:bspline_profile:1159[0m - ***************** Iter     Chi^2    N Rej  R. Fac *****************
[1;38;2;49;54;149m    [INFO][0m - [38;2;116;173;209mfitting.py:bspline_profile:1163[0m -                   ----  --------  -------  ------                  
[1;38;2;49;54;149m    [INFO][0m - [38;2;116;173;209mfitting.py:bspline_profile:1257[0m -                      1     0.000        0    1.00                  
[1;38;2;49;54;149m    [INFO][0m - [38;2;116;173;209mfitting.py:bspline_profile:1272[0m -                   DONE     0.000        0    1.00                  
[1;38;2;49;54;149m    [INFO][0m - [38;2;116;173;209mfitting.py:bspline_profile:1275[0m - *******************************************************************
[1;38;2;253;174;97m [WARNING][0m - [38;2;116;173;209mflat.py:tweak_slit_edges_gradient:538[0m - Left slit edge shift of 1.0% exceeds the maximum allowed of 0.0%
The left edge will not be tweaked.
[1;38;2;253;174;97m [WARNING][0m - [38;2;116;173;209mflat.py:tweak_slit_edges_gradient:547[0m - Right slit edge shift of -104.9% exceeds the maximum allowed of 0.0%
The right edge will not be tweaked.
[1;38;2;49;54;149m    [INFO][0m - [38;2;116;173;209mfitting.py:bspline_profile:1156[0m - B-spline fit:
[1;38;2;49;54;149m    [INFO][0m - [38;2;116;173;209mfitting.py:bspline_profile:1157[0m -     npoly = 1 profile basis functions
[1;38;2;49;54;149m    [INFO][0m - [38;2;116;173;209mfitting.py:bspline_profile:1158[0m -     ngood = 136879/136879 measurements
[1;38;2;49;54;149m    [INFO][0m - [38;2;116;173;209mfitting.py:bspline_profile:1159[0m - ***************** Iter     Chi^2    N Rej  R. Fac *****************
[1;38;2;49;54;149m    [INFO][0m - [38;2;116;173;209mfitting.py:bspline_profile:1163[0m -                   ----  --------  -------  ------                  
[1;38;2;49;54;149m    [INFO][0m - [38;2;116;173;209mfitting.py:bspline_profile:1257[0m -                      1     0.000        0    1.00                  
[1;38;2;49;54;149m    [INFO][0m - [38;2;116;173;209mfitting.py:bspline_profile:1272[0m -                   DONE     0.000        0    1.00                  
[1;38;2;49;54;149m    [INFO][0m - [38;2;116;173;209mfitting.py:bspline_profile:1275[0m - *******************************************************************
[1;38;2;49;54;149m    [INFO][0m - [38;2;116;173;209mflatfield.py:spatial_fit_finecorr:1477[0m - Performing a fine correction to the spatial illumination (slit 812)
[1;38;2;253;174;97m [WARNING][0m - [38;2;116;173;209mfitting.py:robust_fit:456[0m - Maximum number of iterations maxiter=10 reached in robust_polyfit_djs
[1;38;2;49;54;149m    [INFO][0m - [38;2;116;173;209mflatfield.py:spatillum_finecorr_qa:1966[0m - Generating QA for spatial illumination fine correction
[1;38;2;49;54;149m    [INFO][0m - [38;2;116;173;209mflatfield.py:spatillum_finecorr_qa:2047[0m - Saved QA:
/Users/kaiwenzhang/PycharmProjects/KCWI/KCWI_RED_channel_characterization/RM1 pypeit run/2024-05-02/pypeit_run/keck_kcrm_B/QA/PNGs/Spatillum_FineCorr_illumflat_B_1_DET01_S0812_spatillum_finecorr.png
[1;38;2;49;54;149m    [INFO][0m - [38;2;116;173;209mflatfield.py:fit:924[0m - Modeling the flat-field response for slit spat_id=886: 12/24
[1;38;2;49;54;149m    [INFO][0m - [38;2;116;173;209mflatfield.py:fit:1008[0m - Spectral fit of flatfield for 132649/145033  pixels in the slit.
[1;38;2;49;54;149m    [INFO][0m - [38;2;116;173;209mfitting.py:bspline_profile:1156[0m - B-spline fit:
[1;38;2;49;54;149m    [INFO][0m - [38;2;116;173;209mfitting.py:bspline_profile:1157[0m -     npoly = 1 profile basis functions
[1;38;2;49;54;149m    [INFO][0m - [38;2;116;173;209mfitting.py:bspline_profile:1158[0m -     ngood = 132649/132649 measurements
[1;38;2;49;54;149m    [INFO][0m - [38;2;116;173;209mfitting.py:bspline_profile:1159[0m - ***************** Iter     Chi^2    N Rej  R. Fac *****************
[1;38;2;49;54;149m    [INFO][0m - [38;2;116;173;209mfitting.py:bspline_profile:1163[0m -                   ----  --------  -------  ------                  
[1;38;2;49;54;149m    [INFO][0m - [38;2;116;173;209mfitting.py:bspline_profile:1257[0m -                      1     0.002        1    1.00                  
[1;38;2;49;54;149m    [INFO][0m - [38;2;116;173;209mfitting.py:bspline_profile:1257[0m -                      2     0.002        1    1.00                  
[1;38;2;49;54;149m    [INFO][0m - [38;2;116;173;209mfitting.py:bspline_profile:1272[0m -                   DONE     0.002        1    1.00                  
[1;38;2;49;54;149m    [INFO][0m - [38;2;116;173;209mfitting.py:bspline_profile:1275[0m - *******************************************************************
[1;38;2;49;54;149m    [INFO][0m - [38;2;116;173;209mflatfield.py:fit:1097[0m - Spatial fit of flatfield for 157353/165673  pixels in the slit.
[1;38;2;49;54;149m    [INFO][0m - [38;2;116;173;209mfitting.py:bspline_profile:1156[0m - B-spline fit:
[1;38;2;49;54;149m    [INFO][0m - [38;2;116;173;209mfitting.py:bspline_profile:1157[0m -     npoly = 1 profile basis functions
[1;38;2;49;54;149m    [INFO][0m - [38;2;116;173;209mfitting.py:bspline_profile:1158[0m -     ngood = 157353/157353 measurements
[1;38;2;49;54;149m    [INFO][0m - [38;2;116;173;209mfitting.py:bspline_profile:1159[0m - ***************** Iter     Chi^2    N Rej  R. Fac *****************
[1;38;2;49;54;149m    [INFO][0m - [38;2;116;173;209mfitting.py:bspline_profile:1163[0m -                   ----  --------  -------  ------                  
[1;38;2;49;54;149m    [INFO][0m - [38;2;116;173;209mfitting.py:bspline_profile:1257[0m -                      1     0.000        0    1.00                  
[1;38;2;49;54;149m    [INFO][0m - [38;2;116;173;209mfitting.py:bspline_profile:1272[0m -                   DONE     0.000        0    1.00                  
[1;38;2;49;54;149m    [INFO][0m - [38;2;116;173;209mfitting.py:bspline_profile:1275[0m - *******************************************************************
[1;38;2;253;174;97m [WARNING][0m - [38;2;116;173;209mflat.py:tweak_slit_edges_gradient:538[0m - Left slit edge shift of 1.0% exceeds the maximum allowed of 0.0%
The left edge will not be tweaked.
[1;38;2;253;174;97m [WARNING][0m - [38;2;116;173;209mflat.py:tweak_slit_edges_gradient:547[0m - Right slit edge shift of -1.0% exceeds the maximum allowed of 0.0%
The right edge will not be tweaked.
[1;38;2;49;54;149m    [INFO][0m - [38;2;116;173;209mfitting.py:bspline_profile:1156[0m - B-spline fit:
[1;38;2;49;54;149m    [INFO][0m - [38;2;116;173;209mfitting.py:bspline_profile:1157[0m -     npoly = 1 profile basis functions
[1;38;2;49;54;149m    [INFO][0m - [38;2;116;173;209mfitting.py:bspline_profile:1158[0m -     ngood = 157353/157353 measurements
[1;38;2;49;54;149m    [INFO][0m - [38;2;116;173;209mfitting.py:bspline_profile:1159[0m - ***************** Iter     Chi^2    N Rej  R. Fac *****************
[1;38;2;49;54;149m    [INFO][0m - [38;2;116;173;209mfitting.py:bspline_profile:1163[0m -                   ----  --------  -------  ------                  
[1;38;2;49;54;149m    [INFO][0m - [38;2;116;173;209mfitting.py:bspline_profile:1257[0m -                      1     0.000        0    1.00                  
[1;38;2;49;54;149m    [INFO][0m - [38;2;116;173;209mfitting.py:bspline_profile:1272[0m -                   DONE     0.000        0    1.00                  
[1;38;2;49;54;149m    [INFO][0m - [38;2;116;173;209mfitting.py:bspline_profile:1275[0m - *******************************************************************
[1;38;2;49;54;149m    [INFO][0m - [38;2;116;173;209mflatfield.py:spatial_fit_finecorr:1477[0m - Performing a fine correction to the spatial illumination (slit 886)
[1;38;2;253;174;97m [WARNING][0m - [38;2;116;173;209mfitting.py:robust_fit:456[0m - Maximum number of iterations maxiter=10 reached in robust_polyfit_djs
[1;38;2;49;54;149m    [INFO][0m - [38;2;116;173;209mflatfield.py:spatillum_finecorr_qa:1966[0m - Generating QA for spatial illumination fine correction
[1;38;2;49;54;149m    [INFO][0m - [38;2;116;173;209mflatfield.py:spatillum_finecorr_qa:2047[0m - Saved QA:
/Users/kaiwenzhang/PycharmProjects/KCWI/KCWI_RED_channel_characterization/RM1 pypeit run/2024-05-02/pypeit_run/keck_kcrm_B/QA/PNGs/Spatillum_FineCorr_illumflat_B_1_DET01_S0886_spatillum_finecorr.png
[1;38;2;49;54;149m    [INFO][0m - [38;2;116;173;209mflatfield.py:fit:924[0m - Modeling the flat-field response for slit spat_id=1164: 13/24
[1;38;2;49;54;149m    [INFO][0m - [38;2;116;173;209mflatfield.py:fit:1008[0m - Spectral fit of flatfield for 132817/145201  pixels in the slit.
[1;38;2;49;54;149m    [INFO][0m - [38;2;116;173;209mfitting.py:bspline_profile:1156[0m - B-spline fit:
[1;38;2;49;54;149m    [INFO][0m - [38;2;116;173;209mfitting.py:bspline_profile:1157[0m -     npoly = 1 profile basis functions
[1;38;2;49;54;149m    [INFO][0m - [38;2;116;173;209mfitting.py:bspline_profile:1158[0m -     ngood = 132817/132817 measurements
[1;38;2;49;54;149m    [INFO][0m - [38;2;116;173;209mfitting.py:bspline_profile:1159[0m - ***************** Iter     Chi^2    N Rej  R. Fac *****************
[1;38;2;49;54;149m    [INFO][0m - [38;2;116;173;209mfitting.py:bspline_profile:1163[0m -                   ----  --------  -------  ------                  
[1;38;2;49;54;149m    [INFO][0m - [38;2;116;173;209mfitting.py:bspline_profile:1257[0m -                      1     0.004       12    1.00                  
[1;38;2;49;54;149m    [INFO][0m - [38;2;116;173;209mfitting.py:bspline_profile:1257[0m -                      2     0.004       12    1.00                  
[1;38;2;49;54;149m    [INFO][0m - [38;2;116;173;209mfitting.py:bspline_profile:1272[0m -                   DONE     0.004       12    1.00                  
[1;38;2;49;54;149m    [INFO][0m - [38;2;116;173;209mfitting.py:bspline_profile:1275[0m - *******************************************************************
[1;38;2;49;54;149m    [INFO][0m - [38;2;116;173;209mflatfield.py:fit:1097[0m - Spatial fit of flatfield for 138372/152168  pixels in the slit.
[1;38;2;49;54;149m    [INFO][0m - [38;2;116;173;209mfitting.py:bspline_profile:1156[0m - B-spline fit:
[1;38;2;49;54;149m    [INFO][0m - [38;2;116;173;209mfitting.py:bspline_profile:1157[0m -     npoly = 1 profile basis functions
[1;38;2;49;54;149m    [INFO][0m - [38;2;116;173;209mfitting.py:bspline_profile:1158[0m -     ngood = 138372/138372 measurements
[1;38;2;49;54;149m    [INFO][0m - [38;2;116;173;209mfitting.py:bspline_profile:1159[0m - ***************** Iter     Chi^2    N Rej  R. Fac *****************
[1;38;2;49;54;149m    [INFO][0m - [38;2;116;173;209mfitting.py:bspline_profile:1163[0m -                   ----  --------  -------  ------                  
[1;38;2;49;54;149m    [INFO][0m - [38;2;116;173;209mfitting.py:bspline_profile:1257[0m -                      1     0.000        0    1.00                  
[1;38;2;49;54;149m    [INFO][0m - [38;2;116;173;209mfitting.py:bspline_profile:1272[0m -                   DONE     0.000        0    1.00                  
[1;38;2;49;54;149m    [INFO][0m - [38;2;116;173;209mfitting.py:bspline_profile:1275[0m - *******************************************************************
[1;38;2;253;174;97m [WARNING][0m - [38;2;116;173;209mflat.py:tweak_slit_edges_gradient:538[0m - Left slit edge shift of 1.0% exceeds the maximum allowed of 0.0%
The left edge will not be tweaked.
[1;38;2;253;174;97m [WARNING][0m - [38;2;116;173;209mflat.py:tweak_slit_edges_gradient:547[0m - Right slit edge shift of -5.8% exceeds the maximum allowed of 0.0%
The right edge will not be tweaked.
[1;38;2;49;54;149m    [INFO][0m - [38;2;116;173;209mfitting.py:bspline_profile:1156[0m - B-spline fit:
[1;38;2;49;54;149m    [INFO][0m - [38;2;116;173;209mfitting.py:bspline_profile:1157[0m -     npoly = 1 profile basis functions
[1;38;2;49;54;149m    [INFO][0m - [38;2;116;173;209mfitting.py:bspline_profile:1158[0m -     ngood = 138372/138372 measurements
[1;38;2;49;54;149m    [INFO][0m - [38;2;116;173;209mfitting.py:bspline_profile:1159[0m - ***************** Iter     Chi^2    N Rej  R. Fac *****************
[1;38;2;49;54;149m    [INFO][0m - [38;2;116;173;209mfitting.py:bspline_profile:1163[0m -                   ----  --------  -------  ------                  
[1;38;2;49;54;149m    [INFO][0m - [38;2;116;173;209mfitting.py:bspline_profile:1257[0m -                      1     0.000        0    1.00                  
[1;38;2;49;54;149m    [INFO][0m - [38;2;116;173;209mfitting.py:bspline_profile:1272[0m -                   DONE     0.000        0    1.00                  
[1;38;2;49;54;149m    [INFO][0m - [38;2;116;173;209mfitting.py:bspline_profile:1275[0m - *******************************************************************
[1;38;2;49;54;149m    [INFO][0m - [38;2;116;173;209mflatfield.py:spatial_fit_finecorr:1477[0m - Performing a fine correction to the spatial illumination (slit 1164)
[1;38;2;253;174;97m [WARNING][0m - [38;2;116;173;209mfitting.py:robust_fit:456[0m - Maximum number of iterations maxiter=10 reached in robust_polyfit_djs
[1;38;2;49;54;149m    [INFO][0m - [38;2;116;173;209mflatfield.py:spatillum_finecorr_qa:1966[0m - Generating QA for spatial illumination fine correction
[1;38;2;49;54;149m    [INFO][0m - [38;2;116;173;209mflatfield.py:spatillum_finecorr_qa:2047[0m - Saved QA:
/Users/kaiwenzhang/PycharmProjects/KCWI/KCWI_RED_channel_characterization/RM1 pypeit run/2024-05-02/pypeit_run/keck_kcrm_B/QA/PNGs/Spatillum_FineCorr_illumflat_B_1_DET01_S1164_spatillum_finecorr.png
[1;38;2;49;54;149m    [INFO][0m - [38;2;116;173;209mflatfield.py:fit:924[0m - Modeling the flat-field response for slit spat_id=1238: 14/24
[1;38;2;49;54;149m    [INFO][0m - [38;2;116;173;209mflatfield.py:fit:1008[0m - Spectral fit of flatfield for 132849/145233  pixels in the slit.
[1;38;2;49;54;149m    [INFO][0m - [38;2;116;173;209mfitting.py:bspline_profile:1156[0m - B-spline fit:
[1;38;2;49;54;149m    [INFO][0m - [38;2;116;173;209mfitting.py:bspline_profile:1157[0m -     npoly = 1 profile basis functions
[1;38;2;49;54;149m    [INFO][0m - [38;2;116;173;209mfitting.py:bspline_profile:1158[0m -     ngood = 132849/132849 measurements
[1;38;2;49;54;149m    [INFO][0m - [38;2;116;173;209mfitting.py:bspline_profile:1159[0m - ***************** Iter     Chi^2    N Rej  R. Fac *****************
[1;38;2;49;54;149m    [INFO][0m - [38;2;116;173;209mfitting.py:bspline_profile:1163[0m -                   ----  --------  -------  ------                  
[1;38;2;49;54;149m    [INFO][0m - [38;2;116;173;209mfitting.py:bspline_profile:1257[0m -                      1     0.002        0    1.00                  
[1;38;2;49;54;149m    [INFO][0m - [38;2;116;173;209mfitting.py:bspline_profile:1272[0m -                   DONE     0.002        0    1.00                  
[1;38;2;49;54;149m    [INFO][0m - [38;2;116;173;209mfitting.py:bspline_profile:1275[0m - *******************************************************************
[1;38;2;49;54;149m    [INFO][0m - [38;2;116;173;209mflatfield.py:fit:1097[0m - Spatial fit of flatfield for 147220/152844  pixels in the slit.
[1;38;2;49;54;149m    [INFO][0m - [38;2;116;173;209mfitting.py:bspline_profile:1156[0m - B-spline fit:
[1;38;2;49;54;149m    [INFO][0m - [38;2;116;173;209mfitting.py:bspline_profile:1157[0m -     npoly = 1 profile basis functions
[1;38;2;49;54;149m    [INFO][0m - [38;2;116;173;209mfitting.py:bspline_profile:1158[0m -     ngood = 147220/147220 measurements
[1;38;2;49;54;149m    [INFO][0m - [38;2;116;173;209mfitting.py:bspline_profile:1159[0m - ***************** Iter     Chi^2    N Rej  R. Fac *****************
[1;38;2;49;54;149m    [INFO][0m - [38;2;116;173;209mfitting.py:bspline_profile:1163[0m -                   ----  --------  -------  ------                  
[1;38;2;49;54;149m    [INFO][0m - [38;2;116;173;209mfitting.py:bspline_profile:1257[0m -                      1     0.000        0    1.00                  
[1;38;2;49;54;149m    [INFO][0m - [38;2;116;173;209mfitting.py:bspline_profile:1272[0m -                   DONE     0.000        0    1.00                  
[1;38;2;49;54;149m    [INFO][0m - [38;2;116;173;209mfitting.py:bspline_profile:1275[0m - *******************************************************************
[1;38;2;253;174;97m [WARNING][0m - [38;2;116;173;209mflat.py:tweak_slit_edges_gradient:538[0m - Left slit edge shift of 0.9% exceeds the maximum allowed of 0.0%
The left edge will not be tweaked.
[1;38;2;253;174;97m [WARNING][0m - [38;2;116;173;209mflat.py:tweak_slit_edges_gradient:547[0m - Right slit edge shift of -105.0% exceeds the maximum allowed of 0.0%
The right edge will not be tweaked.
[1;38;2;49;54;149m    [INFO][0m - [38;2;116;173;209mfitting.py:bspline_profile:1156[0m - B-spline fit:
[1;38;2;49;54;149m    [INFO][0m - [38;2;116;173;209mfitting.py:bspline_profile:1157[0m -     npoly = 1 profile basis functions
[1;38;2;49;54;149m    [INFO][0m - [38;2;116;173;209mfitting.py:bspline_profile:1158[0m -     ngood = 147220/147220 measurements
[1;38;2;49;54;149m    [INFO][0m - [38;2;116;173;209mfitting.py:bspline_profile:1159[0m - ***************** Iter     Chi^2    N Rej  R. Fac *****************
[1;38;2;49;54;149m    [INFO][0m - [38;2;116;173;209mfitting.py:bspline_profile:1163[0m -                   ----  --------  -------  ------                  
[1;38;2;49;54;149m    [INFO][0m - [38;2;116;173;209mfitting.py:bspline_profile:1257[0m -                      1     0.000        0    1.00                  
[1;38;2;49;54;149m    [INFO][0m - [38;2;116;173;209mfitting.py:bspline_profile:1272[0m -                   DONE     0.000        0    1.00                  
[1;38;2;49;54;149m    [INFO][0m - [38;2;116;173;209mfitting.py:bspline_profile:1275[0m - *******************************************************************
[1;38;2;49;54;149m    [INFO][0m - [38;2;116;173;209mflatfield.py:spatial_fit_finecorr:1477[0m - Performing a fine correction to the spatial illumination (slit 1238)
[1;38;2;253;174;97m [WARNING][0m - [38;2;116;173;209mfitting.py:robust_fit:456[0m - Maximum number of iterations maxiter=10 reached in robust_polyfit_djs
[1;38;2;49;54;149m    [INFO][0m - [38;2;116;173;209mflatfield.py:spatillum_finecorr_qa:1966[0m - Generating QA for spatial illumination fine correction
[1;38;2;49;54;149m    [INFO][0m - [38;2;116;173;209mflatfield.py:spatillum_finecorr_qa:2047[0m - Saved QA:
/Users/kaiwenzhang/PycharmProjects/KCWI/KCWI_RED_channel_characterization/RM1 pypeit run/2024-05-02/pypeit_run/keck_kcrm_B/QA/PNGs/Spatillum_FineCorr_illumflat_B_1_DET01_S1238_spatillum_finecorr.png
[1;38;2;49;54;149m    [INFO][0m - [38;2;116;173;209mflatfield.py:fit:924[0m - Modeling the flat-field response for slit spat_id=1312: 15/24
[1;38;2;49;54;149m    [INFO][0m - [38;2;116;173;209mflatfield.py:fit:1008[0m - Spectral fit of flatfield for 132850/145234  pixels in the slit.
[1;38;2;49;54;149m    [INFO][0m - [38;2;116;173;209mfitting.py:bspline_profile:1156[0m - B-spline fit:
[1;38;2;49;54;149m    [INFO][0m - [38;2;116;173;209mfitting.py:bspline_profile:1157[0m -     npoly = 1 profile basis functions
[1;38;2;49;54;149m    [INFO][0m - [38;2;116;173;209mfitting.py:bspline_profile:1158[0m -     ngood = 132850/132850 measurements
[1;38;2;49;54;149m    [INFO][0m - [38;2;116;173;209mfitting.py:bspline_profile:1159[0m - ***************** Iter     Chi^2    N Rej  R. Fac *****************
[1;38;2;49;54;149m    [INFO][0m - [38;2;116;173;209mfitting.py:bspline_profile:1163[0m -                   ----  --------  -------  ------                  
[1;38;2;49;54;149m    [INFO][0m - [38;2;116;173;209mfitting.py:bspline_profile:1257[0m -                      1     0.003        3    1.00                  
[1;38;2;49;54;149m    [INFO][0m - [38;2;116;173;209mfitting.py:bspline_profile:1257[0m -                      2     0.003        3    1.00                  
[1;38;2;49;54;149m    [INFO][0m - [38;2;116;173;209mfitting.py:bspline_profile:1272[0m -                   DONE     0.003        3    1.00                  
[1;38;2;49;54;149m    [INFO][0m - [38;2;116;173;209mfitting.py:bspline_profile:1275[0m - *******************************************************************
[1;38;2;49;54;149m    [INFO][0m - [38;2;116;173;209mflatfield.py:fit:1097[0m - Spatial fit of flatfield for 141843/152309  pixels in the slit.
[1;38;2;49;54;149m    [INFO][0m - [38;2;116;173;209mfitting.py:bspline_profile:1156[0m - B-spline fit:
[1;38;2;49;54;149m    [INFO][0m - [38;2;116;173;209mfitting.py:bspline_profile:1157[0m -     npoly = 1 profile basis functions
[1;38;2;49;54;149m    [INFO][0m - [38;2;116;173;209mfitting.py:bspline_profile:1158[0m -     ngood = 141843/141843 measurements
[1;38;2;49;54;149m    [INFO][0m - [38;2;116;173;209mfitting.py:bspline_profile:1159[0m - ***************** Iter     Chi^2    N Rej  R. Fac *****************
[1;38;2;49;54;149m    [INFO][0m - [38;2;116;173;209mfitting.py:bspline_profile:1163[0m -                   ----  --------  -------  ------                  
[1;38;2;49;54;149m    [INFO][0m - [38;2;116;173;209mfitting.py:bspline_profile:1257[0m -                      1     0.000        0    1.00                  
[1;38;2;49;54;149m    [INFO][0m - [38;2;116;173;209mfitting.py:bspline_profile:1272[0m -                   DONE     0.000        0    1.00                  
[1;38;2;49;54;149m    [INFO][0m - [38;2;116;173;209mfitting.py:bspline_profile:1275[0m - *******************************************************************
[1;38;2;253;174;97m [WARNING][0m - [38;2;116;173;209mflat.py:tweak_slit_edges_gradient:538[0m - Left slit edge shift of 0.9% exceeds the maximum allowed of 0.0%
The left edge will not be tweaked.
[1;38;2;253;174;97m [WARNING][0m - [38;2;116;173;209mflat.py:tweak_slit_edges_gradient:547[0m - Right slit edge shift of -105.1% exceeds the maximum allowed of 0.0%
The right edge will not be tweaked.
[1;38;2;49;54;149m    [INFO][0m - [38;2;116;173;209mfitting.py:bspline_profile:1156[0m - B-spline fit:
[1;38;2;49;54;149m    [INFO][0m - [38;2;116;173;209mfitting.py:bspline_profile:1157[0m -     npoly = 1 profile basis functions
[1;38;2;49;54;149m    [INFO][0m - [38;2;116;173;209mfitting.py:bspline_profile:1158[0m -     ngood = 141843/141843 measurements
[1;38;2;49;54;149m    [INFO][0m - [38;2;116;173;209mfitting.py:bspline_profile:1159[0m - ***************** Iter     Chi^2    N Rej  R. Fac *****************
[1;38;2;49;54;149m    [INFO][0m - [38;2;116;173;209mfitting.py:bspline_profile:1163[0m -                   ----  --------  -------  ------                  
[1;38;2;49;54;149m    [INFO][0m - [38;2;116;173;209mfitting.py:bspline_profile:1257[0m -                      1     0.000        0    1.00                  
[1;38;2;49;54;149m    [INFO][0m - [38;2;116;173;209mfitting.py:bspline_profile:1272[0m -                   DONE     0.000        0    1.00                  
[1;38;2;49;54;149m    [INFO][0m - [38;2;116;173;209mfitting.py:bspline_profile:1275[0m - *******************************************************************
[1;38;2;49;54;149m    [INFO][0m - [38;2;116;173;209mflatfield.py:spatial_fit_finecorr:1477[0m - Performing a fine correction to the spatial illumination (slit 1312)
[1;38;2;253;174;97m [WARNING][0m - [38;2;116;173;209mfitting.py:robust_fit:456[0m - Maximum number of iterations maxiter=10 reached in robust_polyfit_djs
[1;38;2;49;54;149m    [INFO][0m - [38;2;116;173;209mflatfield.py:spatillum_finecorr_qa:1966[0m - Generating QA for spatial illumination fine correction
[1;38;2;49;54;149m    [INFO][0m - [38;2;116;173;209mflatfield.py:spatillum_finecorr_qa:2047[0m - Saved QA:
/Users/kaiwenzhang/PycharmProjects/KCWI/KCWI_RED_channel_characterization/RM1 pypeit run/2024-05-02/pypeit_run/keck_kcrm_B/QA/PNGs/Spatillum_FineCorr_illumflat_B_1_DET01_S1312_spatillum_finecorr.png
[1;38;2;49;54;149m    [INFO][0m - [38;2;116;173;209mflatfield.py:fit:924[0m - Modeling the flat-field response for slit spat_id=1386: 16/24
[1;38;2;49;54;149m    [INFO][0m - [38;2;116;173;209mflatfield.py:fit:1008[0m - Spectral fit of flatfield for 132779/145163  pixels in the slit.
[1;38;2;49;54;149m    [INFO][0m - [38;2;116;173;209mfitting.py:bspline_profile:1156[0m - B-spline fit:
[1;38;2;49;54;149m    [INFO][0m - [38;2;116;173;209mfitting.py:bspline_profile:1157[0m -     npoly = 1 profile basis functions
[1;38;2;49;54;149m    [INFO][0m - [38;2;116;173;209mfitting.py:bspline_profile:1158[0m -     ngood = 132779/132779 measurements
[1;38;2;49;54;149m    [INFO][0m - [38;2;116;173;209mfitting.py:bspline_profile:1159[0m - ***************** Iter     Chi^2    N Rej  R. Fac *****************
[1;38;2;49;54;149m    [INFO][0m - [38;2;116;173;209mfitting.py:bspline_profile:1163[0m -                   ----  --------  -------  ------                  
[1;38;2;49;54;149m    [INFO][0m - [38;2;116;173;209mfitting.py:bspline_profile:1257[0m -                      1     0.002        0    1.00                  
[1;38;2;49;54;149m    [INFO][0m - [38;2;116;173;209mfitting.py:bspline_profile:1272[0m -                   DONE     0.002        0    1.00                  
[1;38;2;49;54;149m    [INFO][0m - [38;2;116;173;209mfitting.py:bspline_profile:1275[0m - *******************************************************************
[1;38;2;49;54;149m    [INFO][0m - [38;2;116;173;209mflatfield.py:fit:1097[0m - Spatial fit of flatfield for 148649/152349  pixels in the slit.
[1;38;2;49;54;149m    [INFO][0m - [38;2;116;173;209mfitting.py:bspline_profile:1156[0m - B-spline fit:
[1;38;2;49;54;149m    [INFO][0m - [38;2;116;173;209mfitting.py:bspline_profile:1157[0m -     npoly = 1 profile basis functions
[1;38;2;49;54;149m    [INFO][0m - [38;2;116;173;209mfitting.py:bspline_profile:1158[0m -     ngood = 148649/148649 measurements
[1;38;2;49;54;149m    [INFO][0m - [38;2;116;173;209mfitting.py:bspline_profile:1159[0m - ***************** Iter     Chi^2    N Rej  R. Fac *****************
[1;38;2;49;54;149m    [INFO][0m - [38;2;116;173;209mfitting.py:bspline_profile:1163[0m -                   ----  --------  -------  ------                  
[1;38;2;49;54;149m    [INFO][0m - [38;2;116;173;209mfitting.py:bspline_profile:1257[0m -                      1     0.000        0    1.00                  
[1;38;2;49;54;149m    [INFO][0m - [38;2;116;173;209mfitting.py:bspline_profile:1272[0m -                   DONE     0.000        0    1.00                  
[1;38;2;49;54;149m    [INFO][0m - [38;2;116;173;209mfitting.py:bspline_profile:1275[0m - *******************************************************************
[1;38;2;253;174;97m [WARNING][0m - [38;2;116;173;209mflat.py:tweak_slit_edges_gradient:538[0m - Left slit edge shift of 0.8% exceeds the maximum allowed of 0.0%
The left edge will not be tweaked.
[1;38;2;253;174;97m [WARNING][0m - [38;2;116;173;209mflat.py:tweak_slit_edges_gradient:547[0m - Right slit edge shift of -105.0% exceeds the maximum allowed of 0.0%
The right edge will not be tweaked.
[1;38;2;49;54;149m    [INFO][0m - [38;2;116;173;209mfitting.py:bspline_profile:1156[0m - B-spline fit:
[1;38;2;49;54;149m    [INFO][0m - [38;2;116;173;209mfitting.py:bspline_profile:1157[0m -     npoly = 1 profile basis functions
[1;38;2;49;54;149m    [INFO][0m - [38;2;116;173;209mfitting.py:bspline_profile:1158[0m -     ngood = 148649/148649 measurements
[1;38;2;49;54;149m    [INFO][0m - [38;2;116;173;209mfitting.py:bspline_profile:1159[0m - ***************** Iter     Chi^2    N Rej  R. Fac *****************
[1;38;2;49;54;149m    [INFO][0m - [38;2;116;173;209mfitting.py:bspline_profile:1163[0m -                   ----  --------  -------  ------                  
[1;38;2;49;54;149m    [INFO][0m - [38;2;116;173;209mfitting.py:bspline_profile:1257[0m -                      1     0.000        0    1.00                  
[1;38;2;49;54;149m    [INFO][0m - [38;2;116;173;209mfitting.py:bspline_profile:1272[0m -                   DONE     0.000        0    1.00                  
[1;38;2;49;54;149m    [INFO][0m - [38;2;116;173;209mfitting.py:bspline_profile:1275[0m - *******************************************************************
[1;38;2;49;54;149m    [INFO][0m - [38;2;116;173;209mflatfield.py:spatial_fit_finecorr:1477[0m - Performing a fine correction to the spatial illumination (slit 1386)
[1;38;2;253;174;97m [WARNING][0m - [38;2;116;173;209mfitting.py:robust_fit:456[0m - Maximum number of iterations maxiter=10 reached in robust_polyfit_djs
[1;38;2;49;54;149m    [INFO][0m - [38;2;116;173;209mflatfield.py:spatillum_finecorr_qa:1966[0m - Generating QA for spatial illumination fine correction
[1;38;2;49;54;149m    [INFO][0m - [38;2;116;173;209mflatfield.py:spatillum_finecorr_qa:2047[0m - Saved QA:
/Users/kaiwenzhang/PycharmProjects/KCWI/KCWI_RED_channel_characterization/RM1 pypeit run/2024-05-02/pypeit_run/keck_kcrm_B/QA/PNGs/Spatillum_FineCorr_illumflat_B_1_DET01_S1386_spatillum_finecorr.png
[1;38;2;49;54;149m    [INFO][0m - [38;2;116;173;209mflatfield.py:fit:924[0m - Modeling the flat-field response for slit spat_id=1459: 17/24
[1;38;2;49;54;149m    [INFO][0m - [38;2;116;173;209mflatfield.py:fit:1008[0m - Spectral fit of flatfield for 132614/144998  pixels in the slit.
[1;38;2;49;54;149m    [INFO][0m - [38;2;116;173;209mfitting.py:bspline_profile:1156[0m - B-spline fit:
[1;38;2;49;54;149m    [INFO][0m - [38;2;116;173;209mfitting.py:bspline_profile:1157[0m -     npoly = 1 profile basis functions
[1;38;2;49;54;149m    [INFO][0m - [38;2;116;173;209mfitting.py:bspline_profile:1158[0m -     ngood = 132614/132614 measurements
[1;38;2;49;54;149m    [INFO][0m - [38;2;116;173;209mfitting.py:bspline_profile:1159[0m - ***************** Iter     Chi^2    N Rej  R. Fac *****************
[1;38;2;49;54;149m    [INFO][0m - [38;2;116;173;209mfitting.py:bspline_profile:1163[0m -                   ----  --------  -------  ------                  
[1;38;2;49;54;149m    [INFO][0m - [38;2;116;173;209mfitting.py:bspline_profile:1257[0m -                      1     0.003        1    1.00                  
[1;38;2;49;54;149m    [INFO][0m - [38;2;116;173;209mfitting.py:bspline_profile:1257[0m -                      2     0.003        1    1.00                  
[1;38;2;49;54;149m    [INFO][0m - [38;2;116;173;209mfitting.py:bspline_profile:1272[0m -                   DONE     0.003        1    1.00                  
[1;38;2;49;54;149m    [INFO][0m - [38;2;116;173;209mfitting.py:bspline_profile:1275[0m - *******************************************************************
[1;38;2;49;54;149m    [INFO][0m - [38;2;116;173;209mflatfield.py:fit:1097[0m - Spatial fit of flatfield for 144331/153575  pixels in the slit.
[1;38;2;49;54;149m    [INFO][0m - [38;2;116;173;209mfitting.py:bspline_profile:1156[0m - B-spline fit:
[1;38;2;49;54;149m    [INFO][0m - [38;2;116;173;209mfitting.py:bspline_profile:1157[0m -     npoly = 1 profile basis functions
[1;38;2;49;54;149m    [INFO][0m - [38;2;116;173;209mfitting.py:bspline_profile:1158[0m -     ngood = 144331/144331 measurements
[1;38;2;49;54;149m    [INFO][0m - [38;2;116;173;209mfitting.py:bspline_profile:1159[0m - ***************** Iter     Chi^2    N Rej  R. Fac *****************
[1;38;2;49;54;149m    [INFO][0m - [38;2;116;173;209mfitting.py:bspline_profile:1163[0m -                   ----  --------  -------  ------                  
[1;38;2;49;54;149m    [INFO][0m - [38;2;116;173;209mfitting.py:bspline_profile:1257[0m -                      1     0.000        0    1.00                  
[1;38;2;49;54;149m    [INFO][0m - [38;2;116;173;209mfitting.py:bspline_profile:1272[0m -                   DONE     0.000        0    1.00                  
[1;38;2;49;54;149m    [INFO][0m - [38;2;116;173;209mfitting.py:bspline_profile:1275[0m - *******************************************************************
[1;38;2;253;174;97m [WARNING][0m - [38;2;116;173;209mflat.py:tweak_slit_edges_gradient:538[0m - Left slit edge shift of 0.9% exceeds the maximum allowed of 0.0%
The left edge will not be tweaked.
[1;38;2;253;174;97m [WARNING][0m - [38;2;116;173;209mflat.py:tweak_slit_edges_gradient:547[0m - Right slit edge shift of -104.8% exceeds the maximum allowed of 0.0%
The right edge will not be tweaked.
[1;38;2;49;54;149m    [INFO][0m - [38;2;116;173;209mfitting.py:bspline_profile:1156[0m - B-spline fit:
[1;38;2;49;54;149m    [INFO][0m - [38;2;116;173;209mfitting.py:bspline_profile:1157[0m -     npoly = 1 profile basis functions
[1;38;2;49;54;149m    [INFO][0m - [38;2;116;173;209mfitting.py:bspline_profile:1158[0m -     ngood = 144331/144331 measurements
[1;38;2;49;54;149m    [INFO][0m - [38;2;116;173;209mfitting.py:bspline_profile:1159[0m - ***************** Iter     Chi^2    N Rej  R. Fac *****************
[1;38;2;49;54;149m    [INFO][0m - [38;2;116;173;209mfitting.py:bspline_profile:1163[0m -                   ----  --------  -------  ------                  
[1;38;2;49;54;149m    [INFO][0m - [38;2;116;173;209mfitting.py:bspline_profile:1257[0m -                      1     0.000        0    1.00                  
[1;38;2;49;54;149m    [INFO][0m - [38;2;116;173;209mfitting.py:bspline_profile:1272[0m -                   DONE     0.000        0    1.00                  
[1;38;2;49;54;149m    [INFO][0m - [38;2;116;173;209mfitting.py:bspline_profile:1275[0m - *******************************************************************
[1;38;2;49;54;149m    [INFO][0m - [38;2;116;173;209mflatfield.py:spatial_fit_finecorr:1477[0m - Performing a fine correction to the spatial illumination (slit 1459)
[1;38;2;253;174;97m [WARNING][0m - [38;2;116;173;209mfitting.py:robust_fit:456[0m - Maximum number of iterations maxiter=10 reached in robust_polyfit_djs
[1;38;2;49;54;149m    [INFO][0m - [38;2;116;173;209mflatfield.py:spatillum_finecorr_qa:1966[0m - Generating QA for spatial illumination fine correction
[1;38;2;49;54;149m    [INFO][0m - [38;2;116;173;209mflatfield.py:spatillum_finecorr_qa:2047[0m - Saved QA:
/Users/kaiwenzhang/PycharmProjects/KCWI/KCWI_RED_channel_characterization/RM1 pypeit run/2024-05-02/pypeit_run/keck_kcrm_B/QA/PNGs/Spatillum_FineCorr_illumflat_B_1_DET01_S1459_spatillum_finecorr.png
[1;38;2;49;54;149m    [INFO][0m - [38;2;116;173;209mflatfield.py:fit:924[0m - Modeling the flat-field response for slit spat_id=1534: 18/24
[1;38;2;49;54;149m    [INFO][0m - [38;2;116;173;209mflatfield.py:fit:1008[0m - Spectral fit of flatfield for 133121/145505  pixels in the slit.
[1;38;2;49;54;149m    [INFO][0m - [38;2;116;173;209mfitting.py:bspline_profile:1156[0m - B-spline fit:
[1;38;2;49;54;149m    [INFO][0m - [38;2;116;173;209mfitting.py:bspline_profile:1157[0m -     npoly = 1 profile basis functions
[1;38;2;49;54;149m    [INFO][0m - [38;2;116;173;209mfitting.py:bspline_profile:1158[0m -     ngood = 133121/133121 measurements
[1;38;2;49;54;149m    [INFO][0m - [38;2;116;173;209mfitting.py:bspline_profile:1159[0m - ***************** Iter     Chi^2    N Rej  R. Fac *****************
[1;38;2;49;54;149m    [INFO][0m - [38;2;116;173;209mfitting.py:bspline_profile:1163[0m -                   ----  --------  -------  ------                  
[1;38;2;49;54;149m    [INFO][0m - [38;2;116;173;209mfitting.py:bspline_profile:1257[0m -                      1     0.001        0    1.00                  
[1;38;2;49;54;149m    [INFO][0m - [38;2;116;173;209mfitting.py:bspline_profile:1272[0m -                   DONE     0.001        0    1.00                  
[1;38;2;49;54;149m    [INFO][0m - [38;2;116;173;209mfitting.py:bspline_profile:1275[0m - *******************************************************************
[1;38;2;49;54;149m    [INFO][0m - [38;2;116;173;209mflatfield.py:fit:1097[0m - Spatial fit of flatfield for 150927/152333  pixels in the slit.
[1;38;2;49;54;149m    [INFO][0m - [38;2;116;173;209mfitting.py:bspline_profile:1156[0m - B-spline fit:
[1;38;2;49;54;149m    [INFO][0m - [38;2;116;173;209mfitting.py:bspline_profile:1157[0m -     npoly = 1 profile basis functions
[1;38;2;49;54;149m    [INFO][0m - [38;2;116;173;209mfitting.py:bspline_profile:1158[0m -     ngood = 150927/150927 measurements
[1;38;2;49;54;149m    [INFO][0m - [38;2;116;173;209mfitting.py:bspline_profile:1159[0m - ***************** Iter     Chi^2    N Rej  R. Fac *****************
[1;38;2;49;54;149m    [INFO][0m - [38;2;116;173;209mfitting.py:bspline_profile:1163[0m -                   ----  --------  -------  ------                  
[1;38;2;49;54;149m    [INFO][0m - [38;2;116;173;209mfitting.py:bspline_profile:1257[0m -                      1     0.000        0    1.00                  
[1;38;2;49;54;149m    [INFO][0m - [38;2;116;173;209mfitting.py:bspline_profile:1272[0m -                   DONE     0.000        0    1.00                  
[1;38;2;49;54;149m    [INFO][0m - [38;2;116;173;209mfitting.py:bspline_profile:1275[0m - *******************************************************************
[1;38;2;253;174;97m [WARNING][0m - [38;2;116;173;209mflat.py:tweak_slit_edges_gradient:538[0m - Left slit edge shift of 1.0% exceeds the maximum allowed of 0.0%
The left edge will not be tweaked.
[1;38;2;253;174;97m [WARNING][0m - [38;2;116;173;209mflat.py:tweak_slit_edges_gradient:547[0m - Right slit edge shift of -105.5% exceeds the maximum allowed of 0.0%
The right edge will not be tweaked.
[1;38;2;49;54;149m    [INFO][0m - [38;2;116;173;209mfitting.py:bspline_profile:1156[0m - B-spline fit:
[1;38;2;49;54;149m    [INFO][0m - [38;2;116;173;209mfitting.py:bspline_profile:1157[0m -     npoly = 1 profile basis functions
[1;38;2;49;54;149m    [INFO][0m - [38;2;116;173;209mfitting.py:bspline_profile:1158[0m -     ngood = 150927/150927 measurements
[1;38;2;49;54;149m    [INFO][0m - [38;2;116;173;209mfitting.py:bspline_profile:1159[0m - ***************** Iter     Chi^2    N Rej  R. Fac *****************
[1;38;2;49;54;149m    [INFO][0m - [38;2;116;173;209mfitting.py:bspline_profile:1163[0m -                   ----  --------  -------  ------                  
[1;38;2;49;54;149m    [INFO][0m - [38;2;116;173;209mfitting.py:bspline_profile:1257[0m -                      1     0.000        0    1.00                  
[1;38;2;49;54;149m    [INFO][0m - [38;2;116;173;209mfitting.py:bspline_profile:1272[0m -                   DONE     0.000        0    1.00                  
[1;38;2;49;54;149m    [INFO][0m - [38;2;116;173;209mfitting.py:bspline_profile:1275[0m - *******************************************************************
[1;38;2;49;54;149m    [INFO][0m - [38;2;116;173;209mflatfield.py:spatial_fit_finecorr:1477[0m - Performing a fine correction to the spatial illumination (slit 1534)
[1;38;2;253;174;97m [WARNING][0m - [38;2;116;173;209mfitting.py:robust_fit:456[0m - Maximum number of iterations maxiter=10 reached in robust_polyfit_djs
[1;38;2;49;54;149m    [INFO][0m - [38;2;116;173;209mflatfield.py:spatillum_finecorr_qa:1966[0m - Generating QA for spatial illumination fine correction
[1;38;2;49;54;149m    [INFO][0m - [38;2;116;173;209mflatfield.py:spatillum_finecorr_qa:2047[0m - Saved QA:
/Users/kaiwenzhang/PycharmProjects/KCWI/KCWI_RED_channel_characterization/RM1 pypeit run/2024-05-02/pypeit_run/keck_kcrm_B/QA/PNGs/Spatillum_FineCorr_illumflat_B_1_DET01_S1534_spatillum_finecorr.png
[1;38;2;49;54;149m    [INFO][0m - [38;2;116;173;209mflatfield.py:fit:924[0m - Modeling the flat-field response for slit spat_id=1607: 19/24
[1;38;2;49;54;149m    [INFO][0m - [38;2;116;173;209mflatfield.py:fit:1008[0m - Spectral fit of flatfield for 132556/144940  pixels in the slit.
[1;38;2;49;54;149m    [INFO][0m - [38;2;116;173;209mfitting.py:bspline_profile:1156[0m - B-spline fit:
[1;38;2;49;54;149m    [INFO][0m - [38;2;116;173;209mfitting.py:bspline_profile:1157[0m -     npoly = 1 profile basis functions
[1;38;2;49;54;149m    [INFO][0m - [38;2;116;173;209mfitting.py:bspline_profile:1158[0m -     ngood = 132556/132556 measurements
[1;38;2;49;54;149m    [INFO][0m - [38;2;116;173;209mfitting.py:bspline_profile:1159[0m - ***************** Iter     Chi^2    N Rej  R. Fac *****************
[1;38;2;49;54;149m    [INFO][0m - [38;2;116;173;209mfitting.py:bspline_profile:1163[0m -                   ----  --------  -------  ------                  
[1;38;2;49;54;149m    [INFO][0m - [38;2;116;173;209mfitting.py:bspline_profile:1257[0m -                      1     0.002        3    1.00                  
[1;38;2;49;54;149m    [INFO][0m - [38;2;116;173;209mfitting.py:bspline_profile:1257[0m -                      2     0.002        3    1.00                  
[1;38;2;49;54;149m    [INFO][0m - [38;2;116;173;209mfitting.py:bspline_profile:1272[0m -                   DONE     0.002        3    1.00                  
[1;38;2;49;54;149m    [INFO][0m - [38;2;116;173;209mfitting.py:bspline_profile:1275[0m - *******************************************************************
[1;38;2;49;54;149m    [INFO][0m - [38;2;116;173;209mflatfield.py:fit:1097[0m - Spatial fit of flatfield for 148495/156244  pixels in the slit.
[1;38;2;49;54;149m    [INFO][0m - [38;2;116;173;209mfitting.py:bspline_profile:1156[0m - B-spline fit:
[1;38;2;49;54;149m    [INFO][0m - [38;2;116;173;209mfitting.py:bspline_profile:1157[0m -     npoly = 1 profile basis functions
[1;38;2;49;54;149m    [INFO][0m - [38;2;116;173;209mfitting.py:bspline_profile:1158[0m -     ngood = 148495/148495 measurements
[1;38;2;49;54;149m    [INFO][0m - [38;2;116;173;209mfitting.py:bspline_profile:1159[0m - ***************** Iter     Chi^2    N Rej  R. Fac *****************
[1;38;2;49;54;149m    [INFO][0m - [38;2;116;173;209mfitting.py:bspline_profile:1163[0m -                   ----  --------  -------  ------                  
[1;38;2;49;54;149m    [INFO][0m - [38;2;116;173;209mfitting.py:bspline_profile:1257[0m -                      1     0.000        0    1.00                  
[1;38;2;49;54;149m    [INFO][0m - [38;2;116;173;209mfitting.py:bspline_profile:1272[0m -                   DONE     0.000        0    1.00                  
[1;38;2;49;54;149m    [INFO][0m - [38;2;116;173;209mfitting.py:bspline_profile:1275[0m - *******************************************************************
[1;38;2;253;174;97m [WARNING][0m - [38;2;116;173;209mflat.py:tweak_slit_edges_gradient:538[0m - Left slit edge shift of 0.9% exceeds the maximum allowed of 0.0%
The left edge will not be tweaked.
[1;38;2;253;174;97m [WARNING][0m - [38;2;116;173;209mflat.py:tweak_slit_edges_gradient:547[0m - Right slit edge shift of -1.8% exceeds the maximum allowed of 0.0%
The right edge will not be tweaked.
[1;38;2;49;54;149m    [INFO][0m - [38;2;116;173;209mfitting.py:bspline_profile:1156[0m - B-spline fit:
[1;38;2;49;54;149m    [INFO][0m - [38;2;116;173;209mfitting.py:bspline_profile:1157[0m -     npoly = 1 profile basis functions
[1;38;2;49;54;149m    [INFO][0m - [38;2;116;173;209mfitting.py:bspline_profile:1158[0m -     ngood = 148495/148495 measurements
[1;38;2;49;54;149m    [INFO][0m - [38;2;116;173;209mfitting.py:bspline_profile:1159[0m - ***************** Iter     Chi^2    N Rej  R. Fac *****************
[1;38;2;49;54;149m    [INFO][0m - [38;2;116;173;209mfitting.py:bspline_profile:1163[0m -                   ----  --------  -------  ------                  
[1;38;2;49;54;149m    [INFO][0m - [38;2;116;173;209mfitting.py:bspline_profile:1257[0m -                      1     0.000        0    1.00                  
[1;38;2;49;54;149m    [INFO][0m - [38;2;116;173;209mfitting.py:bspline_profile:1272[0m -                   DONE     0.000        0    1.00                  
[1;38;2;49;54;149m    [INFO][0m - [38;2;116;173;209mfitting.py:bspline_profile:1275[0m - *******************************************************************
[1;38;2;49;54;149m    [INFO][0m - [38;2;116;173;209mflatfield.py:spatial_fit_finecorr:1477[0m - Performing a fine correction to the spatial illumination (slit 1607)
[1;38;2;253;174;97m [WARNING][0m - [38;2;116;173;209mfitting.py:robust_fit:456[0m - Maximum number of iterations maxiter=10 reached in robust_polyfit_djs
[1;38;2;49;54;149m    [INFO][0m - [38;2;116;173;209mflatfield.py:spatillum_finecorr_qa:1966[0m - Generating QA for spatial illumination fine correction
[1;38;2;49;54;149m    [INFO][0m - [38;2;116;173;209mflatfield.py:spatillum_finecorr_qa:2047[0m - Saved QA:
/Users/kaiwenzhang/PycharmProjects/KCWI/KCWI_RED_channel_characterization/RM1 pypeit run/2024-05-02/pypeit_run/keck_kcrm_B/QA/PNGs/Spatillum_FineCorr_illumflat_B_1_DET01_S1607_spatillum_finecorr.png
[1;38;2;49;54;149m    [INFO][0m - [38;2;116;173;209mflatfield.py:fit:924[0m - Modeling the flat-field response for slit spat_id=1683: 20/24
[1;38;2;49;54;149m    [INFO][0m - [38;2;116;173;209mflatfield.py:fit:1008[0m - Spectral fit of flatfield for 132519/144903  pixels in the slit.
[1;38;2;49;54;149m    [INFO][0m - [38;2;116;173;209mfitting.py:bspline_profile:1156[0m - B-spline fit:
[1;38;2;49;54;149m    [INFO][0m - [38;2;116;173;209mfitting.py:bspline_profile:1157[0m -     npoly = 1 profile basis functions
[1;38;2;49;54;149m    [INFO][0m - [38;2;116;173;209mfitting.py:bspline_profile:1158[0m -     ngood = 132519/132519 measurements
[1;38;2;49;54;149m    [INFO][0m - [38;2;116;173;209mfitting.py:bspline_profile:1159[0m - ***************** Iter     Chi^2    N Rej  R. Fac *****************
[1;38;2;49;54;149m    [INFO][0m - [38;2;116;173;209mfitting.py:bspline_profile:1163[0m -                   ----  --------  -------  ------                  
[1;38;2;49;54;149m    [INFO][0m - [38;2;116;173;209mfitting.py:bspline_profile:1257[0m -                      1     0.001        0    1.00                  
[1;38;2;49;54;149m    [INFO][0m - [38;2;116;173;209mfitting.py:bspline_profile:1272[0m -                   DONE     0.001        0    1.00                  
[1;38;2;49;54;149m    [INFO][0m - [38;2;116;173;209mfitting.py:bspline_profile:1275[0m - *******************************************************************
[1;38;2;49;54;149m    [INFO][0m - [38;2;116;173;209mflatfield.py:fit:1097[0m - Spatial fit of flatfield for 154811/154811  pixels in the slit.
[1;38;2;49;54;149m    [INFO][0m - [38;2;116;173;209mfitting.py:bspline_profile:1156[0m - B-spline fit:
[1;38;2;49;54;149m    [INFO][0m - [38;2;116;173;209mfitting.py:bspline_profile:1157[0m -     npoly = 1 profile basis functions
[1;38;2;49;54;149m    [INFO][0m - [38;2;116;173;209mfitting.py:bspline_profile:1158[0m -     ngood = 154811/154811 measurements
[1;38;2;49;54;149m    [INFO][0m - [38;2;116;173;209mfitting.py:bspline_profile:1159[0m - ***************** Iter     Chi^2    N Rej  R. Fac *****************
[1;38;2;49;54;149m    [INFO][0m - [38;2;116;173;209mfitting.py:bspline_profile:1163[0m -                   ----  --------  -------  ------                  
[1;38;2;49;54;149m    [INFO][0m - [38;2;116;173;209mfitting.py:bspline_profile:1257[0m -                      1     0.000        0    1.00                  
[1;38;2;49;54;149m    [INFO][0m - [38;2;116;173;209mfitting.py:bspline_profile:1272[0m -                   DONE     0.000        0    1.00                  
[1;38;2;49;54;149m    [INFO][0m - [38;2;116;173;209mfitting.py:bspline_profile:1275[0m - *******************************************************************
[1;38;2;253;174;97m [WARNING][0m - [38;2;116;173;209mflat.py:tweak_slit_edges_gradient:538[0m - Left slit edge shift of 1.0% exceeds the maximum allowed of 0.0%
The left edge will not be tweaked.
[1;38;2;253;174;97m [WARNING][0m - [38;2;116;173;209mflat.py:tweak_slit_edges_gradient:547[0m - Right slit edge shift of -2.7% exceeds the maximum allowed of 0.0%
The right edge will not be tweaked.
[1;38;2;49;54;149m    [INFO][0m - [38;2;116;173;209mfitting.py:bspline_profile:1156[0m - B-spline fit:
[1;38;2;49;54;149m    [INFO][0m - [38;2;116;173;209mfitting.py:bspline_profile:1157[0m -     npoly = 1 profile basis functions
[1;38;2;49;54;149m    [INFO][0m - [38;2;116;173;209mfitting.py:bspline_profile:1158[0m -     ngood = 154811/154811 measurements
[1;38;2;49;54;149m    [INFO][0m - [38;2;116;173;209mfitting.py:bspline_profile:1159[0m - ***************** Iter     Chi^2    N Rej  R. Fac *****************
[1;38;2;49;54;149m    [INFO][0m - [38;2;116;173;209mfitting.py:bspline_profile:1163[0m -                   ----  --------  -------  ------                  
[1;38;2;49;54;149m    [INFO][0m - [38;2;116;173;209mfitting.py:bspline_profile:1257[0m -                      1     0.000        0    1.00                  
[1;38;2;49;54;149m    [INFO][0m - [38;2;116;173;209mfitting.py:bspline_profile:1272[0m -                   DONE     0.000        0    1.00                  
[1;38;2;49;54;149m    [INFO][0m - [38;2;116;173;209mfitting.py:bspline_profile:1275[0m - *******************************************************************
[1;38;2;49;54;149m    [INFO][0m - [38;2;116;173;209mflatfield.py:spatial_fit_finecorr:1477[0m - Performing a fine correction to the spatial illumination (slit 1683)
[1;38;2;253;174;97m [WARNING][0m - [38;2;116;173;209mfitting.py:robust_fit:456[0m - Maximum number of iterations maxiter=10 reached in robust_polyfit_djs
[1;38;2;49;54;149m    [INFO][0m - [38;2;116;173;209mflatfield.py:spatillum_finecorr_qa:1966[0m - Generating QA for spatial illumination fine correction
[1;38;2;49;54;149m    [INFO][0m - [38;2;116;173;209mflatfield.py:spatillum_finecorr_qa:2047[0m - Saved QA:
/Users/kaiwenzhang/PycharmProjects/KCWI/KCWI_RED_channel_characterization/RM1 pypeit run/2024-05-02/pypeit_run/keck_kcrm_B/QA/PNGs/Spatillum_FineCorr_illumflat_B_1_DET01_S1683_spatillum_finecorr.png
[1;38;2;49;54;149m    [INFO][0m - [38;2;116;173;209mflatfield.py:fit:924[0m - Modeling the flat-field response for slit spat_id=1758: 21/24
[1;38;2;49;54;149m    [INFO][0m - [38;2;116;173;209mflatfield.py:fit:1008[0m - Spectral fit of flatfield for 132463/144847  pixels in the slit.
[1;38;2;49;54;149m    [INFO][0m - [38;2;116;173;209mfitting.py:bspline_profile:1156[0m - B-spline fit:
[1;38;2;49;54;149m    [INFO][0m - [38;2;116;173;209mfitting.py:bspline_profile:1157[0m -     npoly = 1 profile basis functions
[1;38;2;49;54;149m    [INFO][0m - [38;2;116;173;209mfitting.py:bspline_profile:1158[0m -     ngood = 132463/132463 measurements
[1;38;2;49;54;149m    [INFO][0m - [38;2;116;173;209mfitting.py:bspline_profile:1159[0m - ***************** Iter     Chi^2    N Rej  R. Fac *****************
[1;38;2;49;54;149m    [INFO][0m - [38;2;116;173;209mfitting.py:bspline_profile:1163[0m -                   ----  --------  -------  ------                  
[1;38;2;49;54;149m    [INFO][0m - [38;2;116;173;209mfitting.py:bspline_profile:1257[0m -                      1     0.002        5    1.00                  
[1;38;2;49;54;149m    [INFO][0m - [38;2;116;173;209mfitting.py:bspline_profile:1257[0m -                      2     0.002        5    1.00                  
[1;38;2;49;54;149m    [INFO][0m - [38;2;116;173;209mfitting.py:bspline_profile:1272[0m -                   DONE     0.002        5    1.00                  
[1;38;2;49;54;149m    [INFO][0m - [38;2;116;173;209mfitting.py:bspline_profile:1275[0m - *******************************************************************
[1;38;2;49;54;149m    [INFO][0m - [38;2;116;173;209mflatfield.py:fit:1097[0m - Spatial fit of flatfield for 156832/162836  pixels in the slit.
[1;38;2;49;54;149m    [INFO][0m - [38;2;116;173;209mfitting.py:bspline_profile:1156[0m - B-spline fit:
[1;38;2;49;54;149m    [INFO][0m - [38;2;116;173;209mfitting.py:bspline_profile:1157[0m -     npoly = 1 profile basis functions
[1;38;2;49;54;149m    [INFO][0m - [38;2;116;173;209mfitting.py:bspline_profile:1158[0m -     ngood = 156832/156832 measurements
[1;38;2;49;54;149m    [INFO][0m - [38;2;116;173;209mfitting.py:bspline_profile:1159[0m - ***************** Iter     Chi^2    N Rej  R. Fac *****************
[1;38;2;49;54;149m    [INFO][0m - [38;2;116;173;209mfitting.py:bspline_profile:1163[0m -                   ----  --------  -------  ------                  
[1;38;2;49;54;149m    [INFO][0m - [38;2;116;173;209mfitting.py:bspline_profile:1257[0m -                      1     0.000        0    1.00                  
[1;38;2;49;54;149m    [INFO][0m - [38;2;116;173;209mfitting.py:bspline_profile:1272[0m -                   DONE     0.000        0    1.00                  
[1;38;2;49;54;149m    [INFO][0m - [38;2;116;173;209mfitting.py:bspline_profile:1275[0m - *******************************************************************
[1;38;2;253;174;97m [WARNING][0m - [38;2;116;173;209mflat.py:tweak_slit_edges_gradient:538[0m - Left slit edge shift of 1.0% exceeds the maximum allowed of 0.0%
The left edge will not be tweaked.
[1;38;2;253;174;97m [WARNING][0m - [38;2;116;173;209mflat.py:tweak_slit_edges_gradient:547[0m - Right slit edge shift of -0.8% exceeds the maximum allowed of 0.0%
The right edge will not be tweaked.
[1;38;2;49;54;149m    [INFO][0m - [38;2;116;173;209mfitting.py:bspline_profile:1156[0m - B-spline fit:
[1;38;2;49;54;149m    [INFO][0m - [38;2;116;173;209mfitting.py:bspline_profile:1157[0m -     npoly = 1 profile basis functions
[1;38;2;49;54;149m    [INFO][0m - [38;2;116;173;209mfitting.py:bspline_profile:1158[0m -     ngood = 156832/156832 measurements
[1;38;2;49;54;149m    [INFO][0m - [38;2;116;173;209mfitting.py:bspline_profile:1159[0m - ***************** Iter     Chi^2    N Rej  R. Fac *****************
[1;38;2;49;54;149m    [INFO][0m - [38;2;116;173;209mfitting.py:bspline_profile:1163[0m -                   ----  --------  -------  ------                  
[1;38;2;49;54;149m    [INFO][0m - [38;2;116;173;209mfitting.py:bspline_profile:1257[0m -                      1     0.000        0    1.00                  
[1;38;2;49;54;149m    [INFO][0m - [38;2;116;173;209mfitting.py:bspline_profile:1272[0m -                   DONE     0.000        0    1.00                  
[1;38;2;49;54;149m    [INFO][0m - [38;2;116;173;209mfitting.py:bspline_profile:1275[0m - *******************************************************************
[1;38;2;49;54;149m    [INFO][0m - [38;2;116;173;209mflatfield.py:spatial_fit_finecorr:1477[0m - Performing a fine correction to the spatial illumination (slit 1758)
[1;38;2;253;174;97m [WARNING][0m - [38;2;116;173;209mfitting.py:robust_fit:456[0m - Maximum number of iterations maxiter=10 reached in robust_polyfit_djs
[1;38;2;49;54;149m    [INFO][0m - [38;2;116;173;209mflatfield.py:spatillum_finecorr_qa:1966[0m - Generating QA for spatial illumination fine correction
[1;38;2;49;54;149m    [INFO][0m - [38;2;116;173;209mflatfield.py:spatillum_finecorr_qa:2047[0m - Saved QA:
/Users/kaiwenzhang/PycharmProjects/KCWI/KCWI_RED_channel_characterization/RM1 pypeit run/2024-05-02/pypeit_run/keck_kcrm_B/QA/PNGs/Spatillum_FineCorr_illumflat_B_1_DET01_S1758_spatillum_finecorr.png
[1;38;2;49;54;149m    [INFO][0m - [38;2;116;173;209mflatfield.py:fit:924[0m - Modeling the flat-field response for slit spat_id=1837: 22/24
[1;38;2;49;54;149m    [INFO][0m - [38;2;116;173;209mflatfield.py:fit:1008[0m - Spectral fit of flatfield for 132479/144863  pixels in the slit.
[1;38;2;49;54;149m    [INFO][0m - [38;2;116;173;209mfitting.py:bspline_profile:1156[0m - B-spline fit:
[1;38;2;49;54;149m    [INFO][0m - [38;2;116;173;209mfitting.py:bspline_profile:1157[0m -     npoly = 1 profile basis functions
[1;38;2;49;54;149m    [INFO][0m - [38;2;116;173;209mfitting.py:bspline_profile:1158[0m -     ngood = 132479/132479 measurements
[1;38;2;49;54;149m    [INFO][0m - [38;2;116;173;209mfitting.py:bspline_profile:1159[0m - ***************** Iter     Chi^2    N Rej  R. Fac *****************
[1;38;2;49;54;149m    [INFO][0m - [38;2;116;173;209mfitting.py:bspline_profile:1163[0m -                   ----  --------  -------  ------                  
[1;38;2;49;54;149m    [INFO][0m - [38;2;116;173;209mfitting.py:bspline_profile:1257[0m -                      1     0.001        0    1.00                  
[1;38;2;49;54;149m    [INFO][0m - [38;2;116;173;209mfitting.py:bspline_profile:1272[0m -                   DONE     0.001        0    1.00                  
[1;38;2;49;54;149m    [INFO][0m - [38;2;116;173;209mfitting.py:bspline_profile:1275[0m - *******************************************************************
[1;38;2;49;54;149m    [INFO][0m - [38;2;116;173;209mflatfield.py:fit:1097[0m - Spatial fit of flatfield for 158603/158603  pixels in the slit.
[1;38;2;49;54;149m    [INFO][0m - [38;2;116;173;209mfitting.py:bspline_profile:1156[0m - B-spline fit:
[1;38;2;49;54;149m    [INFO][0m - [38;2;116;173;209mfitting.py:bspline_profile:1157[0m -     npoly = 1 profile basis functions
[1;38;2;49;54;149m    [INFO][0m - [38;2;116;173;209mfitting.py:bspline_profile:1158[0m -     ngood = 158603/158603 measurements
[1;38;2;49;54;149m    [INFO][0m - [38;2;116;173;209mfitting.py:bspline_profile:1159[0m - ***************** Iter     Chi^2    N Rej  R. Fac *****************
[1;38;2;49;54;149m    [INFO][0m - [38;2;116;173;209mfitting.py:bspline_profile:1163[0m -                   ----  --------  -------  ------                  
[1;38;2;49;54;149m    [INFO][0m - [38;2;116;173;209mfitting.py:bspline_profile:1257[0m -                      1     0.000        0    1.00                  
[1;38;2;49;54;149m    [INFO][0m - [38;2;116;173;209mfitting.py:bspline_profile:1272[0m -                   DONE     0.000        0    1.00                  
[1;38;2;49;54;149m    [INFO][0m - [38;2;116;173;209mfitting.py:bspline_profile:1275[0m - *******************************************************************
[1;38;2;253;174;97m [WARNING][0m - [38;2;116;173;209mflat.py:tweak_slit_edges_gradient:538[0m - Left slit edge shift of 1.1% exceeds the maximum allowed of 0.0%
The left edge will not be tweaked.
[1;38;2;253;174;97m [WARNING][0m - [38;2;116;173;209mflat.py:tweak_slit_edges_gradient:547[0m - Right slit edge shift of -0.9% exceeds the maximum allowed of 0.0%
The right edge will not be tweaked.
[1;38;2;49;54;149m    [INFO][0m - [38;2;116;173;209mfitting.py:bspline_profile:1156[0m - B-spline fit:
[1;38;2;49;54;149m    [INFO][0m - [38;2;116;173;209mfitting.py:bspline_profile:1157[0m -     npoly = 1 profile basis functions
[1;38;2;49;54;149m    [INFO][0m - [38;2;116;173;209mfitting.py:bspline_profile:1158[0m -     ngood = 158603/158603 measurements
[1;38;2;49;54;149m    [INFO][0m - [38;2;116;173;209mfitting.py:bspline_profile:1159[0m - ***************** Iter     Chi^2    N Rej  R. Fac *****************
[1;38;2;49;54;149m    [INFO][0m - [38;2;116;173;209mfitting.py:bspline_profile:1163[0m -                   ----  --------  -------  ------                  
[1;38;2;49;54;149m    [INFO][0m - [38;2;116;173;209mfitting.py:bspline_profile:1257[0m -                      1     0.000        0    1.00                  
[1;38;2;49;54;149m    [INFO][0m - [38;2;116;173;209mfitting.py:bspline_profile:1272[0m -                   DONE     0.000        0    1.00                  
[1;38;2;49;54;149m    [INFO][0m - [38;2;116;173;209mfitting.py:bspline_profile:1275[0m - *******************************************************************
[1;38;2;49;54;149m    [INFO][0m - [38;2;116;173;209mflatfield.py:spatial_fit_finecorr:1477[0m - Performing a fine correction to the spatial illumination (slit 1837)
[1;38;2;253;174;97m [WARNING][0m - [38;2;116;173;209mfitting.py:robust_fit:456[0m - Maximum number of iterations maxiter=10 reached in robust_polyfit_djs
[1;38;2;49;54;149m    [INFO][0m - [38;2;116;173;209mflatfield.py:spatillum_finecorr_qa:1966[0m - Generating QA for spatial illumination fine correction
[1;38;2;49;54;149m    [INFO][0m - [38;2;116;173;209mflatfield.py:spatillum_finecorr_qa:2047[0m - Saved QA:
/Users/kaiwenzhang/PycharmProjects/KCWI/KCWI_RED_channel_characterization/RM1 pypeit run/2024-05-02/pypeit_run/keck_kcrm_B/QA/PNGs/Spatillum_FineCorr_illumflat_B_1_DET01_S1837_spatillum_finecorr.png
[1;38;2;49;54;149m    [INFO][0m - [38;2;116;173;209mflatfield.py:fit:924[0m - Modeling the flat-field response for slit spat_id=1914: 23/24
[1;38;2;49;54;149m    [INFO][0m - [38;2;116;173;209mflatfield.py:fit:1008[0m - Spectral fit of flatfield for 132581/144965  pixels in the slit.
[1;38;2;49;54;149m    [INFO][0m - [38;2;116;173;209mfitting.py:bspline_profile:1156[0m - B-spline fit:
[1;38;2;49;54;149m    [INFO][0m - [38;2;116;173;209mfitting.py:bspline_profile:1157[0m -     npoly = 1 profile basis functions
[1;38;2;49;54;149m    [INFO][0m - [38;2;116;173;209mfitting.py:bspline_profile:1158[0m -     ngood = 132581/132581 measurements
[1;38;2;49;54;149m    [INFO][0m - [38;2;116;173;209mfitting.py:bspline_profile:1159[0m - ***************** Iter     Chi^2    N Rej  R. Fac *****************
[1;38;2;49;54;149m    [INFO][0m - [38;2;116;173;209mfitting.py:bspline_profile:1163[0m -                   ----  --------  -------  ------                  
[1;38;2;49;54;149m    [INFO][0m - [38;2;116;173;209mfitting.py:bspline_profile:1257[0m -                      1     0.002       22    1.00                  
[1;38;2;49;54;149m    [INFO][0m - [38;2;116;173;209mfitting.py:bspline_profile:1257[0m -                      2     0.002       26    1.00                  
[1;38;2;49;54;149m    [INFO][0m - [38;2;116;173;209mfitting.py:bspline_profile:1257[0m -                      3     0.002       26    1.00                  
[1;38;2;49;54;149m    [INFO][0m - [38;2;116;173;209mfitting.py:bspline_profile:1272[0m -                   DONE     0.002       26    1.00                  
[1;38;2;49;54;149m    [INFO][0m - [38;2;116;173;209mfitting.py:bspline_profile:1275[0m - *******************************************************************
[1;38;2;49;54;149m    [INFO][0m - [38;2;116;173;209mflatfield.py:fit:1097[0m - Spatial fit of flatfield for 162085/165605  pixels in the slit.
[1;38;2;49;54;149m    [INFO][0m - [38;2;116;173;209mfitting.py:bspline_profile:1156[0m - B-spline fit:
[1;38;2;49;54;149m    [INFO][0m - [38;2;116;173;209mfitting.py:bspline_profile:1157[0m -     npoly = 1 profile basis functions
[1;38;2;49;54;149m    [INFO][0m - [38;2;116;173;209mfitting.py:bspline_profile:1158[0m -     ngood = 162085/162085 measurements
[1;38;2;49;54;149m    [INFO][0m - [38;2;116;173;209mfitting.py:bspline_profile:1159[0m - ***************** Iter     Chi^2    N Rej  R. Fac *****************
[1;38;2;49;54;149m    [INFO][0m - [38;2;116;173;209mfitting.py:bspline_profile:1163[0m -                   ----  --------  -------  ------                  
[1;38;2;49;54;149m    [INFO][0m - [38;2;116;173;209mfitting.py:bspline_profile:1257[0m -                      1     0.000        0    1.00                  
[1;38;2;49;54;149m    [INFO][0m - [38;2;116;173;209mfitting.py:bspline_profile:1272[0m -                   DONE     0.000        0    1.00                  
[1;38;2;49;54;149m    [INFO][0m - [38;2;116;173;209mfitting.py:bspline_profile:1275[0m - *******************************************************************
[1;38;2;253;174;97m [WARNING][0m - [38;2;116;173;209mflat.py:tweak_slit_edges_gradient:538[0m - Left slit edge shift of 1.1% exceeds the maximum allowed of 0.0%
The left edge will not be tweaked.
[1;38;2;253;174;97m [WARNING][0m - [38;2;116;173;209mflat.py:tweak_slit_edges_gradient:547[0m - Right slit edge shift of -0.9% exceeds the maximum allowed of 0.0%
The right edge will not be tweaked.
[1;38;2;49;54;149m    [INFO][0m - [38;2;116;173;209mfitting.py:bspline_profile:1156[0m - B-spline fit:
[1;38;2;49;54;149m    [INFO][0m - [38;2;116;173;209mfitting.py:bspline_profile:1157[0m -     npoly = 1 profile basis functions
[1;38;2;49;54;149m    [INFO][0m - [38;2;116;173;209mfitting.py:bspline_profile:1158[0m -     ngood = 162085/162085 measurements
[1;38;2;49;54;149m    [INFO][0m - [38;2;116;173;209mfitting.py:bspline_profile:1159[0m - ***************** Iter     Chi^2    N Rej  R. Fac *****************
[1;38;2;49;54;149m    [INFO][0m - [38;2;116;173;209mfitting.py:bspline_profile:1163[0m -                   ----  --------  -------  ------                  
[1;38;2;49;54;149m    [INFO][0m - [38;2;116;173;209mfitting.py:bspline_profile:1257[0m -                      1     0.000        0    1.00                  
[1;38;2;49;54;149m    [INFO][0m - [38;2;116;173;209mfitting.py:bspline_profile:1272[0m -                   DONE     0.000        0    1.00                  
[1;38;2;49;54;149m    [INFO][0m - [38;2;116;173;209mfitting.py:bspline_profile:1275[0m - *******************************************************************
[1;38;2;49;54;149m    [INFO][0m - [38;2;116;173;209mflatfield.py:spatial_fit_finecorr:1477[0m - Performing a fine correction to the spatial illumination (slit 1914)
[1;38;2;253;174;97m [WARNING][0m - [38;2;116;173;209mfitting.py:robust_fit:456[0m - Maximum number of iterations maxiter=10 reached in robust_polyfit_djs
[1;38;2;49;54;149m    [INFO][0m - [38;2;116;173;209mflatfield.py:spatillum_finecorr_qa:1966[0m - Generating QA for spatial illumination fine correction
[1;38;2;49;54;149m    [INFO][0m - [38;2;116;173;209mflatfield.py:spatillum_finecorr_qa:2047[0m - Saved QA:
/Users/kaiwenzhang/PycharmProjects/KCWI/KCWI_RED_channel_characterization/RM1 pypeit run/2024-05-02/pypeit_run/keck_kcrm_B/QA/PNGs/Spatillum_FineCorr_illumflat_B_1_DET01_S1914_spatillum_finecorr.png
[1;38;2;49;54;149m    [INFO][0m - [38;2;116;173;209mflatfield.py:fit:924[0m - Modeling the flat-field response for slit spat_id=1996: 24/24
[1;38;2;49;54;149m    [INFO][0m - [38;2;116;173;209mflatfield.py:fit:1008[0m - Spectral fit of flatfield for 132551/144935  pixels in the slit.
[1;38;2;49;54;149m    [INFO][0m - [38;2;116;173;209mfitting.py:bspline_profile:1156[0m - B-spline fit:
[1;38;2;49;54;149m    [INFO][0m - [38;2;116;173;209mfitting.py:bspline_profile:1157[0m -     npoly = 1 profile basis functions
[1;38;2;49;54;149m    [INFO][0m - [38;2;116;173;209mfitting.py:bspline_profile:1158[0m -     ngood = 132551/132551 measurements
[1;38;2;49;54;149m    [INFO][0m - [38;2;116;173;209mfitting.py:bspline_profile:1159[0m - ***************** Iter     Chi^2    N Rej  R. Fac *****************
[1;38;2;49;54;149m    [INFO][0m - [38;2;116;173;209mfitting.py:bspline_profile:1163[0m -                   ----  --------  -------  ------                  
[1;38;2;49;54;149m    [INFO][0m - [38;2;116;173;209mfitting.py:bspline_profile:1257[0m -                      1     0.002        0    1.00                  
[1;38;2;49;54;149m    [INFO][0m - [38;2;116;173;209mfitting.py:bspline_profile:1272[0m -                   DONE     0.002        0    1.00                  
[1;38;2;49;54;149m    [INFO][0m - [38;2;116;173;209mfitting.py:bspline_profile:1275[0m - *******************************************************************
[1;38;2;49;54;149m    [INFO][0m - [38;2;116;173;209mflatfield.py:fit:1097[0m - Spatial fit of flatfield for 165575/165575  pixels in the slit.
[1;38;2;49;54;149m    [INFO][0m - [38;2;116;173;209mfitting.py:bspline_profile:1156[0m - B-spline fit:
[1;38;2;49;54;149m    [INFO][0m - [38;2;116;173;209mfitting.py:bspline_profile:1157[0m -     npoly = 1 profile basis functions
[1;38;2;49;54;149m    [INFO][0m - [38;2;116;173;209mfitting.py:bspline_profile:1158[0m -     ngood = 165575/165575 measurements
[1;38;2;49;54;149m    [INFO][0m - [38;2;116;173;209mfitting.py:bspline_profile:1159[0m - ***************** Iter     Chi^2    N Rej  R. Fac *****************
[1;38;2;49;54;149m    [INFO][0m - [38;2;116;173;209mfitting.py:bspline_profile:1163[0m -                   ----  --------  -------  ------                  
[1;38;2;49;54;149m    [INFO][0m - [38;2;116;173;209mfitting.py:bspline_profile:1257[0m -                      1     0.000        0    1.00                  
[1;38;2;49;54;149m    [INFO][0m - [38;2;116;173;209mfitting.py:bspline_profile:1272[0m -                   DONE     0.000        0    1.00                  
[1;38;2;49;54;149m    [INFO][0m - [38;2;116;173;209mfitting.py:bspline_profile:1275[0m - *******************************************************************
[1;38;2;253;174;97m [WARNING][0m - [38;2;116;173;209mflat.py:tweak_slit_edges_gradient:538[0m - Left slit edge shift of 1.1% exceeds the maximum allowed of 0.0%
The left edge will not be tweaked.
[1;38;2;253;174;97m [WARNING][0m - [38;2;116;173;209mflat.py:tweak_slit_edges_gradient:547[0m - Right slit edge shift of -1.1% exceeds the maximum allowed of 0.0%
The right edge will not be tweaked.
[1;38;2;49;54;149m    [INFO][0m - [38;2;116;173;209mfitting.py:bspline_profile:1156[0m - B-spline fit:
[1;38;2;49;54;149m    [INFO][0m - [38;2;116;173;209mfitting.py:bspline_profile:1157[0m -     npoly = 1 profile basis functions
[1;38;2;49;54;149m    [INFO][0m - [38;2;116;173;209mfitting.py:bspline_profile:1158[0m -     ngood = 165575/165575 measurements
[1;38;2;49;54;149m    [INFO][0m - [38;2;116;173;209mfitting.py:bspline_profile:1159[0m - ***************** Iter     Chi^2    N Rej  R. Fac *****************
[1;38;2;49;54;149m    [INFO][0m - [38;2;116;173;209mfitting.py:bspline_profile:1163[0m -                   ----  --------  -------  ------                  
[1;38;2;49;54;149m    [INFO][0m - [38;2;116;173;209mfitting.py:bspline_profile:1257[0m -                      1     0.000        0    1.00                  
[1;38;2;49;54;149m    [INFO][0m - [38;2;116;173;209mfitting.py:bspline_profile:1272[0m -                   DONE     0.000        0    1.00                  
[1;38;2;49;54;149m    [INFO][0m - [38;2;116;173;209mfitting.py:bspline_profile:1275[0m - *******************************************************************
[1;38;2;49;54;149m    [INFO][0m - [38;2;116;173;209mflatfield.py:spatial_fit_finecorr:1477[0m - Performing a fine correction to the spatial illumination (slit 1996)
[1;38;2;253;174;97m [WARNING][0m - [38;2;116;173;209mfitting.py:robust_fit:456[0m - Maximum number of iterations maxiter=10 reached in robust_polyfit_djs
[1;38;2;49;54;149m    [INFO][0m - [38;2;116;173;209mflatfield.py:spatillum_finecorr_qa:1966[0m - Generating QA for spatial illumination fine correction
[1;38;2;49;54;149m    [INFO][0m - [38;2;116;173;209mflatfield.py:spatillum_finecorr_qa:2047[0m - Saved QA:
/Users/kaiwenzhang/PycharmProjects/KCWI/KCWI_RED_channel_characterization/RM1 pypeit run/2024-05-02/pypeit_run/keck_kcrm_B/QA/PNGs/Spatillum_FineCorr_illumflat_B_1_DET01_S1996_spatillum_finecorr.png
[1;38;2;49;54;149m    [INFO][0m - [38;2;116;173;209mio.py:write_to_fits:672[0m - File written to: /Users/kaiwenzhang/PycharmProjects/KCWI/KCWI_RED_channel_characterization/RM1 pypeit run/2024-05-02/pypeit_run/keck_kcrm_B/Calibrations/Flat_B_1_DET01.fits
[1;38;2;49;54;149m    [INFO][0m - [38;2;116;173;209mio.py:write_to_fits:670[0m - Compressing file: /Users/kaiwenzhang/PycharmProjects/KCWI/KCWI_RED_channel_characterization/RM1 pypeit run/2024-05-02/pypeit_run/keck_kcrm_B/Calibrations/Slits_B_1_DET01.fits
[1;38;2;49;54;149m    [INFO][0m - [38;2;116;173;209mio.py:write_to_fits:672[0m - File written to: /Users/kaiwenzhang/PycharmProjects/KCWI/KCWI_RED_channel_characterization/RM1 pypeit run/2024-05-02/pypeit_run/keck_kcrm_B/Calibrations/Slits_B_1_DET01.fits.gz
[1;38;2;49;54;149m    [INFO][0m - [38;2;116;173;209mcalibrations.py:run_the_steps:1459[0m - Calibration complete and/or fully loaded!
[1;38;2;49;54;149m    [INFO][0m - [38;2;116;173;209mcalibrations.py:run_the_steps:1460[0m - #######################################################################
[1;38;2;49;54;149m    [INFO][0m - [38;2;116;173;209mpypeit.py:print_end_time:243[0m - Execution time: 9m 46.27s
[1;38;2;49;54;149m    [INFO][0m - [38;2;116;173;209mrun_pypeit.py:main:97[0m - Data reduction complete
[1;38;2;49;54;149m    [INFO][0m - [38;2;116;173;209mrun_pypeit.py:main:100[0m - Generating QA HTML
   Iteration     Total nfev        Cost      Cost reduction    Step norm     Optimality   
       0              1         6.5545e+09                                    8.02e+10    
       1              2         1.1077e+09      5.45e+09       1.21e+02       8.54e+09    
       2              3         1.0266e+09      8.11e+07       1.59e+02       1.56e+08    
       3              4         1.0266e+09      2.82e+04       3.11e-01       5.64e+04    
`ftol` termination condition is satisfied.
Function evaluations 4, initial cost 6.5545e+09, final cost 1.0266e+09, first-order optimality 5.64e+04.
Wrote: /Users/kaiwenzhang/PycharmProjects/KCWI/KCWI_RED_channel_characterization/RM1 pypeit run/2024-05-02/pypeit_run/keck_kcrm_B/QA/MF_B.html
