
$ /opt/miniconda3/envs/pypeit/bin/run_pypeit keck_kcrm_B.pypeit -c
[1;38;2;49;54;149m    [INFO][0m - [38;2;116;173;209minputfiles.py:from_file:136[0m - Loading the reduction file
[1;38;2;49;54;149m    [INFO][0m - [38;2;116;173;209minputfiles.py:from_file:214[0m - PypeIt input file loaded successfully.
[1;38;2;49;54;149m    [INFO][0m - [38;2;116;173;209minputfiles.py:vet:685[0m - PypeIt file successfully vetted.
[1;38;2;253;174;97m [WARNING][0m - [38;2;116;173;209mkeck_kcwi.py:config_specific_par:156[0m - Full template solution is unavailable
[1;38;2;49;54;149m    [INFO][0m - [38;2;116;173;209mkeck_kcwi.py:config_specific_par:157[0m - Adopting holy-grail algorithm - Check the wavelength solution!
[1;38;2;49;54;149m    [INFO][0m - [38;2;116;173;209mpypeit.py:__init__:82[0m - Loaded spectrograph keck_kcrm
[1;38;2;49;54;149m    [INFO][0m - [38;2;116;173;209mpypeit.py:__init__:83[0m - Setting configuration-specific parameters using KR.20231108.54426.46.fits.
[1;38;2;49;54;149m    [INFO][0m - [38;2;116;173;209mpypeit.py:__init__:99[0m - Compiling metadata
[1;38;2;49;54;149m    [INFO][0m - [38;2;116;173;209mmetadata.py:_build:206[0m - Building metadata for 29 files.
[1;38;2;49;54;149m    [INFO][0m - [38;2;116;173;209mmetadata.py:_build:235[0m - Adding metadata for KR.20231108.10348.37.fits
[1;38;2;49;54;149m    [INFO][0m - [38;2;116;173;209mmetadata.py:_build:235[0m - Adding metadata for KR.20231108.10383.50.fits
[1;38;2;49;54;149m    [INFO][0m - [38;2;116;173;209mmetadata.py:_build:235[0m - Adding metadata for KR.20231108.10417.73.fits
[1;38;2;49;54;149m    [INFO][0m - [38;2;116;173;209mmetadata.py:_build:235[0m - Adding metadata for KR.20231108.10600.31.fits
[1;38;2;49;54;149m    [INFO][0m - [38;2;116;173;209mmetadata.py:_build:235[0m - Adding metadata for KR.20231108.10745.16.fits
[1;38;2;49;54;149m    [INFO][0m - [38;2;116;173;209mmetadata.py:_build:235[0m - Adding metadata for KR.20231108.10888.99.fits
[1;38;2;49;54;149m    [INFO][0m - [38;2;116;173;209mmetadata.py:_build:235[0m - Adding metadata for KR.20231108.06687.43.fits
[1;38;2;49;54;149m    [INFO][0m - [38;2;116;173;209mmetadata.py:_build:235[0m - Adding metadata for KR.20231108.06731.29.fits
[1;38;2;49;54;149m    [INFO][0m - [38;2;116;173;209mmetadata.py:_build:235[0m - Adding metadata for KR.20231108.06775.16.fits
[1;38;2;49;54;149m    [INFO][0m - [38;2;116;173;209mmetadata.py:_build:235[0m - Adding metadata for KR.20231108.06819.20.fits
[1;38;2;49;54;149m    [INFO][0m - [38;2;116;173;209mmetadata.py:_build:235[0m - Adding metadata for KR.20231108.06862.88.fits
[1;38;2;49;54;149m    [INFO][0m - [38;2;116;173;209mmetadata.py:_build:235[0m - Adding metadata for KR.20231108.06906.75.fits
[1;38;2;49;54;149m    [INFO][0m - [38;2;116;173;209mmetadata.py:_build:235[0m - Adding metadata for KR.20231108.06950.61.fits
[1;38;2;49;54;149m    [INFO][0m - [38;2;116;173;209mmetadata.py:_build:235[0m - Adding metadata for KR.20231108.11929.47.fits
[1;38;2;49;54;149m    [INFO][0m - [38;2;116;173;209mmetadata.py:_build:235[0m - Adding metadata for KR.20231108.12073.30.fits
[1;38;2;49;54;149m    [INFO][0m - [38;2;116;173;209mmetadata.py:_build:235[0m - Adding metadata for KR.20231108.12217.12.fits
[1;38;2;49;54;149m    [INFO][0m - [38;2;116;173;209mmetadata.py:_build:235[0m - Adding metadata for KR.20231108.11400.60.fits
[1;38;2;49;54;149m    [INFO][0m - [38;2;116;173;209mmetadata.py:_build:235[0m - Adding metadata for KR.20231108.11454.12.fits
[1;38;2;49;54;149m    [INFO][0m - [38;2;116;173;209mmetadata.py:_build:235[0m - Adding metadata for KR.20231108.11508.20.fits
[1;38;2;49;54;149m    [INFO][0m - [38;2;116;173;209mmetadata.py:_build:235[0m - Adding metadata for KR.20231108.11562.27.fits
[1;38;2;49;54;149m    [INFO][0m - [38;2;116;173;209mmetadata.py:_build:235[0m - Adding metadata for KR.20231108.11616.33.fits
[1;38;2;49;54;149m    [INFO][0m - [38;2;116;173;209mmetadata.py:_build:235[0m - Adding metadata for KR.20231108.11670.39.fits
[1;38;2;49;54;149m    [INFO][0m - [38;2;116;173;209mmetadata.py:_build:235[0m - Adding metadata for KR.20231108.54426.46.fits
[1;38;2;49;54;149m    [INFO][0m - [38;2;116;173;209mmetadata.py:_build:235[0m - Adding metadata for KR.20231108.54563.16.fits
[1;38;2;49;54;149m    [INFO][0m - [38;2;116;173;209mmetadata.py:_build:235[0m - Adding metadata for KR.20231108.54678.43.fits
[1;38;2;49;54;149m    [INFO][0m - [38;2;116;173;209mmetadata.py:_build:235[0m - Adding metadata for KR.20231108.54782.48.fits
[1;38;2;49;54;149m    [INFO][0m - [38;2;116;173;209mmetadata.py:_build:235[0m - Adding metadata for KR.20231108.11052.21.fits
[1;38;2;49;54;149m    [INFO][0m - [38;2;116;173;209mmetadata.py:_build:235[0m - Adding metadata for KR.20231108.11196.40.fits
[1;38;2;49;54;149m    [INFO][0m - [38;2;116;173;209mmetadata.py:_build:235[0m - Adding metadata for KR.20231108.11340.89.fits
[1;38;2;253;174;97m [WARNING][0m - [38;2;116;173;209mmetadata.py:_vet_instrument:180[0m - The instrument name in the headers of the raw files does not match the expected one! Found KCWI, expected KCRM.  You may have chosen the wrong PypeIt spectrograph name!
[1;38;2;253;174;97m [WARNING][0m - [38;2;116;173;209mmetadata.py:get_frame_types:1384[0m - Removing existing frametype and framebit columns.
[1;38;2;49;54;149m    [INFO][0m - [38;2;116;173;209mmetadata.py:get_frame_types:1391[0m - Typing files
[1;38;2;49;54;149m    [INFO][0m - [38;2;116;173;209mmetadata.py:get_frame_types:1401[0m - Using user-provided frame types.
[1;38;2;49;54;149m    [INFO][0m - [38;2;116;173;209mmetadata.py:unique_configurations:696[0m - Setup column already set.  Finding unique configurations.
[1;38;2;49;54;149m    [INFO][0m - [38;2;116;173;209mmetadata.py:unique_configurations:706[0m - Found 1 unique configurations.
[1;38;2;49;54;149m    [INFO][0m - [38;2;116;173;209mcalibrations.py:association_summary:1731[0m - Calibration association file written to: /Users/kaiwenzhang/PycharmProjects/KCWI/KCWI_RED_channel_characterization/RH1 pypeit run/2023-11-07/pypeit_run/keck_kcrm_B/keck_kcrm_B.calib
[1;38;2;49;54;149m    [INFO][0m - [38;2;116;173;209mpypeit.py:__init__:133[0m - Setting reduction path to /Users/kaiwenzhang/PycharmProjects/KCWI/KCWI_RED_channel_characterization/RH1 pypeit run/2023-11-07/pypeit_run/keck_kcrm_B
[1;38;2;49;54;149m    [INFO][0m - [38;2;116;173;209mpypeit.py:__init__:134[0m - Calibration frames saved to: /Users/kaiwenzhang/PycharmProjects/KCWI/KCWI_RED_channel_characterization/RH1 pypeit run/2023-11-07/pypeit_run/keck_kcrm_B/Calibrations
[1;38;2;49;54;149m    [INFO][0m - [38;2;116;173;209mpypeit.py:__init__:135[0m - Science data output to: /Users/kaiwenzhang/PycharmProjects/KCWI/KCWI_RED_channel_characterization/RH1 pypeit run/2023-11-07/pypeit_run/keck_kcrm_B/Science
[1;38;2;49;54;149m    [INFO][0m - [38;2;116;173;209mpypeit.py:__init__:136[0m - Quality assessment plots output to: /Users/kaiwenzhang/PycharmProjects/KCWI/KCWI_RED_channel_characterization/RH1 pypeit run/2023-11-07/pypeit_run/keck_kcrm_B/QA
[1;38;2;49;54;149m    [INFO][0m - [38;2;116;173;209mpypeit.py:calib_all:183[0m - Detectors to work on: [1]
[1;38;2;49;54;149m    [INFO][0m - [38;2;116;173;209mpypeit.py:calib_all:187[0m - Working on detector 1
[1;38;2;49;54;149m    [INFO][0m - [38;2;116;173;209mpypeit_steps.py:calib_one:173[0m - Building/loading calibrations for detector 1
[1;38;2;49;54;149m    [INFO][0m - [38;2;116;173;209mcalibrations.py:get_bias:569[0m - Preparing a Bias calibration frame.
[1;38;2;49;54;149m    [INFO][0m - [38;2;116;173;209mkeck_kcwi.py:get_rawimage:1426[0m - Reading KCWI file: /Users/kaiwenzhang/PycharmProjects/KCWI/KCWI_RED_channel_characterization/fits/by_night/RH1/2023-11-07/KR.20231108.06687.43.fits
[1;38;2;49;54;149m    [INFO][0m - [38;2;116;173;209mrawimage.py:process:564[0m - Performing basic image processing on KR.20231108.06687.43.fits.
[1;38;2;49;54;149m    [INFO][0m - [38;2;116;173;209mrawimage.py:estimate_readnoise:359[0m - Estimated readnoise of amplifier 1 = 3.911 e-
[1;38;2;49;54;149m    [INFO][0m - [38;2;116;173;209mrawimage.py:estimate_readnoise:359[0m - Estimated readnoise of amplifier 2 = 3.904 e-
[1;38;2;49;54;149m    [INFO][0m - [38;2;116;173;209mkeck_kcwi.py:get_rawimage:1426[0m - Reading KCWI file: /Users/kaiwenzhang/PycharmProjects/KCWI/KCWI_RED_channel_characterization/fits/by_night/RH1/2023-11-07/KR.20231108.06687.43.fits
[1;38;2;49;54;149m    [INFO][0m - [38;2;116;173;209mkeck_kcwi.py:get_rawimage:1426[0m - Reading KCWI file: /Users/kaiwenzhang/PycharmProjects/KCWI/KCWI_RED_channel_characterization/fits/by_night/RH1/2023-11-07/KR.20231108.06731.29.fits
[1;38;2;49;54;149m    [INFO][0m - [38;2;116;173;209mrawimage.py:process:564[0m - Performing basic image processing on KR.20231108.06731.29.fits.
[1;38;2;49;54;149m    [INFO][0m - [38;2;116;173;209mrawimage.py:estimate_readnoise:359[0m - Estimated readnoise of amplifier 1 = 3.908 e-
[1;38;2;49;54;149m    [INFO][0m - [38;2;116;173;209mrawimage.py:estimate_readnoise:359[0m - Estimated readnoise of amplifier 2 = 3.892 e-
[1;38;2;49;54;149m    [INFO][0m - [38;2;116;173;209mkeck_kcwi.py:get_rawimage:1426[0m - Reading KCWI file: /Users/kaiwenzhang/PycharmProjects/KCWI/KCWI_RED_channel_characterization/fits/by_night/RH1/2023-11-07/KR.20231108.06731.29.fits
[1;38;2;49;54;149m    [INFO][0m - [38;2;116;173;209mkeck_kcwi.py:get_rawimage:1426[0m - Reading KCWI file: /Users/kaiwenzhang/PycharmProjects/KCWI/KCWI_RED_channel_characterization/fits/by_night/RH1/2023-11-07/KR.20231108.06775.16.fits
[1;38;2;49;54;149m    [INFO][0m - [38;2;116;173;209mrawimage.py:process:564[0m - Performing basic image processing on KR.20231108.06775.16.fits.
[1;38;2;49;54;149m    [INFO][0m - [38;2;116;173;209mrawimage.py:estimate_readnoise:359[0m - Estimated readnoise of amplifier 1 = 3.933 e-
[1;38;2;49;54;149m    [INFO][0m - [38;2;116;173;209mrawimage.py:estimate_readnoise:359[0m - Estimated readnoise of amplifier 2 = 3.913 e-
[1;38;2;49;54;149m    [INFO][0m - [38;2;116;173;209mkeck_kcwi.py:get_rawimage:1426[0m - Reading KCWI file: /Users/kaiwenzhang/PycharmProjects/KCWI/KCWI_RED_channel_characterization/fits/by_night/RH1/2023-11-07/KR.20231108.06775.16.fits
[1;38;2;49;54;149m    [INFO][0m - [38;2;116;173;209mkeck_kcwi.py:get_rawimage:1426[0m - Reading KCWI file: /Users/kaiwenzhang/PycharmProjects/KCWI/KCWI_RED_channel_characterization/fits/by_night/RH1/2023-11-07/KR.20231108.06819.20.fits
[1;38;2;49;54;149m    [INFO][0m - [38;2;116;173;209mrawimage.py:process:564[0m - Performing basic image processing on KR.20231108.06819.20.fits.
[1;38;2;49;54;149m    [INFO][0m - [38;2;116;173;209mrawimage.py:estimate_readnoise:359[0m - Estimated readnoise of amplifier 1 = 3.916 e-
[1;38;2;49;54;149m    [INFO][0m - [38;2;116;173;209mrawimage.py:estimate_readnoise:359[0m - Estimated readnoise of amplifier 2 = 3.897 e-
[1;38;2;49;54;149m    [INFO][0m - [38;2;116;173;209mkeck_kcwi.py:get_rawimage:1426[0m - Reading KCWI file: /Users/kaiwenzhang/PycharmProjects/KCWI/KCWI_RED_channel_characterization/fits/by_night/RH1/2023-11-07/KR.20231108.06819.20.fits
[1;38;2;49;54;149m    [INFO][0m - [38;2;116;173;209mkeck_kcwi.py:get_rawimage:1426[0m - Reading KCWI file: /Users/kaiwenzhang/PycharmProjects/KCWI/KCWI_RED_channel_characterization/fits/by_night/RH1/2023-11-07/KR.20231108.06862.88.fits
[1;38;2;49;54;149m    [INFO][0m - [38;2;116;173;209mrawimage.py:process:564[0m - Performing basic image processing on KR.20231108.06862.88.fits.
[1;38;2;49;54;149m    [INFO][0m - [38;2;116;173;209mrawimage.py:estimate_readnoise:359[0m - Estimated readnoise of amplifier 1 = 3.920 e-
[1;38;2;49;54;149m    [INFO][0m - [38;2;116;173;209mrawimage.py:estimate_readnoise:359[0m - Estimated readnoise of amplifier 2 = 3.895 e-
[1;38;2;49;54;149m    [INFO][0m - [38;2;116;173;209mkeck_kcwi.py:get_rawimage:1426[0m - Reading KCWI file: /Users/kaiwenzhang/PycharmProjects/KCWI/KCWI_RED_channel_characterization/fits/by_night/RH1/2023-11-07/KR.20231108.06862.88.fits
[1;38;2;49;54;149m    [INFO][0m - [38;2;116;173;209mkeck_kcwi.py:get_rawimage:1426[0m - Reading KCWI file: /Users/kaiwenzhang/PycharmProjects/KCWI/KCWI_RED_channel_characterization/fits/by_night/RH1/2023-11-07/KR.20231108.06906.75.fits
[1;38;2;49;54;149m    [INFO][0m - [38;2;116;173;209mrawimage.py:process:564[0m - Performing basic image processing on KR.20231108.06906.75.fits.
[1;38;2;49;54;149m    [INFO][0m - [38;2;116;173;209mrawimage.py:estimate_readnoise:359[0m - Estimated readnoise of amplifier 1 = 3.922 e-
[1;38;2;49;54;149m    [INFO][0m - [38;2;116;173;209mrawimage.py:estimate_readnoise:359[0m - Estimated readnoise of amplifier 2 = 3.896 e-
[1;38;2;49;54;149m    [INFO][0m - [38;2;116;173;209mkeck_kcwi.py:get_rawimage:1426[0m - Reading KCWI file: /Users/kaiwenzhang/PycharmProjects/KCWI/KCWI_RED_channel_characterization/fits/by_night/RH1/2023-11-07/KR.20231108.06906.75.fits
[1;38;2;49;54;149m    [INFO][0m - [38;2;116;173;209mkeck_kcwi.py:get_rawimage:1426[0m - Reading KCWI file: /Users/kaiwenzhang/PycharmProjects/KCWI/KCWI_RED_channel_characterization/fits/by_night/RH1/2023-11-07/KR.20231108.06950.61.fits
[1;38;2;49;54;149m    [INFO][0m - [38;2;116;173;209mrawimage.py:process:564[0m - Performing basic image processing on KR.20231108.06950.61.fits.
[1;38;2;49;54;149m    [INFO][0m - [38;2;116;173;209mrawimage.py:estimate_readnoise:359[0m - Estimated readnoise of amplifier 1 = 3.912 e-
[1;38;2;49;54;149m    [INFO][0m - [38;2;116;173;209mrawimage.py:estimate_readnoise:359[0m - Estimated readnoise of amplifier 2 = 3.890 e-
[1;38;2;49;54;149m    [INFO][0m - [38;2;116;173;209mkeck_kcwi.py:get_rawimage:1426[0m - Reading KCWI file: /Users/kaiwenzhang/PycharmProjects/KCWI/KCWI_RED_channel_characterization/fits/by_night/RH1/2023-11-07/KR.20231108.06950.61.fits
[1;38;2;49;54;149m    [INFO][0m - [38;2;116;173;209mio.py:write_to_fits:672[0m - File written to: /Users/kaiwenzhang/PycharmProjects/KCWI/KCWI_RED_channel_characterization/RH1 pypeit run/2023-11-07/pypeit_run/keck_kcrm_B/Calibrations/Bias_B_1_DET01.fits
[1;38;2;253;174;97m [WARNING][0m - [38;2;116;173;209mcalibrations.py:get_dark:606[0m - No raw dark frames found and unable to identify a relevant processed calibration frame.  Continuing...
[1;38;2;49;54;149m    [INFO][0m - [38;2;116;173;209mkeck_kcwi.py:get_rawimage:1426[0m - Reading KCWI file: /Users/kaiwenzhang/PycharmProjects/KCWI/KCWI_RED_channel_characterization/fits/by_night/RH1/2023-11-07/KR.20231108.10348.37.fits
[1;38;2;253;174;97m [WARNING][0m - [38;2;116;173;209mkeck_kcwi.py:bpm:820[0m - KCRM bad pixel mask is not available for ampmode=L2U2L1U1 binning=2,2
[1;38;2;49;54;149m    [INFO][0m - [38;2;116;173;209mkeck_kcwi.py:get_rawimage:1426[0m - Reading KCWI file: /Users/kaiwenzhang/PycharmProjects/KCWI/KCWI_RED_channel_characterization/fits/by_night/RH1/2023-11-07/KR.20231108.10600.31.fits
[1;38;2;253;174;97m [WARNING][0m - [38;2;116;173;209mkeck_kcwi.py:bpm:820[0m - KCRM bad pixel mask is not available for ampmode=L2U2L1U1 binning=2,2
[1;38;2;49;54;149m    [INFO][0m - [38;2;116;173;209mcalibrations.py:get_arc:387[0m - Preparing a Arc calibration frame.
[1;38;2;49;54;149m    [INFO][0m - [38;2;116;173;209mkeck_kcwi.py:get_rawimage:1426[0m - Reading KCWI file: /Users/kaiwenzhang/PycharmProjects/KCWI/KCWI_RED_channel_characterization/fits/by_night/RH1/2023-11-07/KR.20231108.10600.31.fits
[1;38;2;49;54;149m    [INFO][0m - [38;2;116;173;209mrawimage.py:process:564[0m - Performing basic image processing on KR.20231108.10600.31.fits.
[1;38;2;49;54;149m    [INFO][0m - [38;2;116;173;209mrawimage.py:estimate_readnoise:359[0m - Estimated readnoise of amplifier 1 = 7.212 e-
[1;38;2;49;54;149m    [INFO][0m - [38;2;116;173;209mrawimage.py:estimate_readnoise:359[0m - Estimated readnoise of amplifier 2 = 7.377 e-
[1;38;2;49;54;149m    [INFO][0m - [38;2;116;173;209mrawimage.py:estimate_readnoise:359[0m - Estimated readnoise of amplifier 3 = 7.474 e-
[1;38;2;49;54;149m    [INFO][0m - [38;2;116;173;209mrawimage.py:estimate_readnoise:359[0m - Estimated readnoise of amplifier 4 = 7.115 e-
[1;38;2;49;54;149m    [INFO][0m - [38;2;116;173;209mkeck_kcwi.py:get_rawimage:1426[0m - Reading KCWI file: /Users/kaiwenzhang/PycharmProjects/KCWI/KCWI_RED_channel_characterization/fits/by_night/RH1/2023-11-07/KR.20231108.10745.16.fits
[1;38;2;49;54;149m    [INFO][0m - [38;2;116;173;209mrawimage.py:process:564[0m - Performing basic image processing on KR.20231108.10745.16.fits.
[1;38;2;49;54;149m    [INFO][0m - [38;2;116;173;209mrawimage.py:estimate_readnoise:359[0m - Estimated readnoise of amplifier 1 = 7.695 e-
[1;38;2;49;54;149m    [INFO][0m - [38;2;116;173;209mrawimage.py:estimate_readnoise:359[0m - Estimated readnoise of amplifier 2 = 7.836 e-
[1;38;2;49;54;149m    [INFO][0m - [38;2;116;173;209mrawimage.py:estimate_readnoise:359[0m - Estimated readnoise of amplifier 3 = 7.961 e-
[1;38;2;49;54;149m    [INFO][0m - [38;2;116;173;209mrawimage.py:estimate_readnoise:359[0m - Estimated readnoise of amplifier 4 = 7.501 e-
[1;38;2;49;54;149m    [INFO][0m - [38;2;116;173;209mkeck_kcwi.py:get_rawimage:1426[0m - Reading KCWI file: /Users/kaiwenzhang/PycharmProjects/KCWI/KCWI_RED_channel_characterization/fits/by_night/RH1/2023-11-07/KR.20231108.10888.99.fits
[1;38;2;49;54;149m    [INFO][0m - [38;2;116;173;209mrawimage.py:process:564[0m - Performing basic image processing on KR.20231108.10888.99.fits.
[1;38;2;49;54;149m    [INFO][0m - [38;2;116;173;209mrawimage.py:estimate_readnoise:359[0m - Estimated readnoise of amplifier 1 = 7.203 e-
[1;38;2;49;54;149m    [INFO][0m - [38;2;116;173;209mrawimage.py:estimate_readnoise:359[0m - Estimated readnoise of amplifier 2 = 7.335 e-
[1;38;2;49;54;149m    [INFO][0m - [38;2;116;173;209mrawimage.py:estimate_readnoise:359[0m - Estimated readnoise of amplifier 3 = 7.530 e-
[1;38;2;49;54;149m    [INFO][0m - [38;2;116;173;209mrawimage.py:estimate_readnoise:359[0m - Estimated readnoise of amplifier 4 = 7.099 e-
[1;38;2;49;54;149m    [INFO][0m - [38;2;116;173;209mio.py:write_to_fits:672[0m - File written to: /Users/kaiwenzhang/PycharmProjects/KCWI/KCWI_RED_channel_characterization/RH1 pypeit run/2023-11-07/pypeit_run/keck_kcrm_B/Calibrations/Arc_B_1_DET01.fits
[1;38;2;49;54;149m    [INFO][0m - [38;2;116;173;209mkeck_kcwi.py:get_rawimage:1426[0m - Reading KCWI file: /Users/kaiwenzhang/PycharmProjects/KCWI/KCWI_RED_channel_characterization/fits/by_night/RH1/2023-11-07/KR.20231108.11052.21.fits
[1;38;2;253;174;97m [WARNING][0m - [38;2;116;173;209mkeck_kcwi.py:bpm:820[0m - KCRM bad pixel mask is not available for ampmode=L2U2L1U1 binning=2,2
[1;38;2;49;54;149m    [INFO][0m - [38;2;116;173;209mcalibrations.py:get_tiltimg:439[0m - Preparing a Tiltimg calibration frame.
[1;38;2;49;54;149m    [INFO][0m - [38;2;116;173;209mkeck_kcwi.py:get_rawimage:1426[0m - Reading KCWI file: /Users/kaiwenzhang/PycharmProjects/KCWI/KCWI_RED_channel_characterization/fits/by_night/RH1/2023-11-07/KR.20231108.11052.21.fits
[1;38;2;49;54;149m    [INFO][0m - [38;2;116;173;209mrawimage.py:process:564[0m - Performing basic image processing on KR.20231108.11052.21.fits.
[1;38;2;49;54;149m    [INFO][0m - [38;2;116;173;209mrawimage.py:estimate_readnoise:359[0m - Estimated readnoise of amplifier 1 = 7.620 e-
[1;38;2;49;54;149m    [INFO][0m - [38;2;116;173;209mrawimage.py:estimate_readnoise:359[0m - Estimated readnoise of amplifier 2 = 7.785 e-
[1;38;2;49;54;149m    [INFO][0m - [38;2;116;173;209mrawimage.py:estimate_readnoise:359[0m - Estimated readnoise of amplifier 3 = 7.917 e-
[1;38;2;49;54;149m    [INFO][0m - [38;2;116;173;209mrawimage.py:estimate_readnoise:359[0m - Estimated readnoise of amplifier 4 = 7.454 e-
[1;38;2;49;54;149m    [INFO][0m - [38;2;116;173;209mkeck_kcwi.py:get_rawimage:1426[0m - Reading KCWI file: /Users/kaiwenzhang/PycharmProjects/KCWI/KCWI_RED_channel_characterization/fits/by_night/RH1/2023-11-07/KR.20231108.11196.40.fits
[1;38;2;49;54;149m    [INFO][0m - [38;2;116;173;209mrawimage.py:process:564[0m - Performing basic image processing on KR.20231108.11196.40.fits.
[1;38;2;49;54;149m    [INFO][0m - [38;2;116;173;209mrawimage.py:estimate_readnoise:359[0m - Estimated readnoise of amplifier 1 = 7.229 e-
[1;38;2;49;54;149m    [INFO][0m - [38;2;116;173;209mrawimage.py:estimate_readnoise:359[0m - Estimated readnoise of amplifier 2 = 7.382 e-
[1;38;2;49;54;149m    [INFO][0m - [38;2;116;173;209mrawimage.py:estimate_readnoise:359[0m - Estimated readnoise of amplifier 3 = 7.537 e-
[1;38;2;49;54;149m    [INFO][0m - [38;2;116;173;209mrawimage.py:estimate_readnoise:359[0m - Estimated readnoise of amplifier 4 = 7.108 e-
[1;38;2;49;54;149m    [INFO][0m - [38;2;116;173;209mkeck_kcwi.py:get_rawimage:1426[0m - Reading KCWI file: /Users/kaiwenzhang/PycharmProjects/KCWI/KCWI_RED_channel_characterization/fits/by_night/RH1/2023-11-07/KR.20231108.11340.89.fits
[1;38;2;49;54;149m    [INFO][0m - [38;2;116;173;209mrawimage.py:process:564[0m - Performing basic image processing on KR.20231108.11340.89.fits.
[1;38;2;49;54;149m    [INFO][0m - [38;2;116;173;209mrawimage.py:estimate_readnoise:359[0m - Estimated readnoise of amplifier 1 = 7.641 e-
[1;38;2;49;54;149m    [INFO][0m - [38;2;116;173;209mrawimage.py:estimate_readnoise:359[0m - Estimated readnoise of amplifier 2 = 7.831 e-
[1;38;2;49;54;149m    [INFO][0m - [38;2;116;173;209mrawimage.py:estimate_readnoise:359[0m - Estimated readnoise of amplifier 3 = 7.963 e-
[1;38;2;49;54;149m    [INFO][0m - [38;2;116;173;209mrawimage.py:estimate_readnoise:359[0m - Estimated readnoise of amplifier 4 = 7.512 e-
[1;38;2;49;54;149m    [INFO][0m - [38;2;116;173;209mio.py:write_to_fits:672[0m - File written to: /Users/kaiwenzhang/PycharmProjects/KCWI/KCWI_RED_channel_characterization/RH1 pypeit run/2023-11-07/pypeit_run/keck_kcrm_B/Calibrations/Tiltimg_B_1_DET01.fits
[1;38;2;49;54;149m    [INFO][0m - [38;2;116;173;209mcalibrations.py:get_slits:1076[0m - Creating edge tracing calibration frame using files: 
[1;38;2;49;54;149m    [INFO][0m - [38;2;116;173;209mcalibrations.py:get_slits:1078[0m -         KR.20231108.11929.47.fits
[1;38;2;49;54;149m    [INFO][0m - [38;2;116;173;209mcalibrations.py:get_slits:1078[0m -         KR.20231108.12073.30.fits
[1;38;2;49;54;149m    [INFO][0m - [38;2;116;173;209mcalibrations.py:get_slits:1078[0m -         KR.20231108.12217.12.fits
[1;38;2;49;54;149m    [INFO][0m - [38;2;116;173;209mkeck_kcwi.py:get_rawimage:1426[0m - Reading KCWI file: /Users/kaiwenzhang/PycharmProjects/KCWI/KCWI_RED_channel_characterization/fits/by_night/RH1/2023-11-07/KR.20231108.11929.47.fits
[1;38;2;49;54;149m    [INFO][0m - [38;2;116;173;209mkeck_kcwi.py:get_rawimage:1426[0m - Reading KCWI file: /Users/kaiwenzhang/PycharmProjects/KCWI/KCWI_RED_channel_characterization/fits/by_night/RH1/2023-11-07/KR.20231108.11929.47.fits
[1;38;2;49;54;149m    [INFO][0m - [38;2;116;173;209mrawimage.py:process:564[0m - Performing basic image processing on KR.20231108.11929.47.fits.
[1;38;2;49;54;149m    [INFO][0m - [38;2;116;173;209mrawimage.py:estimate_readnoise:359[0m - Estimated readnoise of amplifier 1 = 3.976 e-
[1;38;2;49;54;149m    [INFO][0m - [38;2;116;173;209mrawimage.py:estimate_readnoise:359[0m - Estimated readnoise of amplifier 2 = 3.958 e-
[1;38;2;49;54;149m    [INFO][0m - [38;2;116;173;209mkeck_kcwi.py:get_rawimage:1426[0m - Reading KCWI file: /Users/kaiwenzhang/PycharmProjects/KCWI/KCWI_RED_channel_characterization/fits/by_night/RH1/2023-11-07/KR.20231108.12073.30.fits
[1;38;2;49;54;149m    [INFO][0m - [38;2;116;173;209mrawimage.py:process:564[0m - Performing basic image processing on KR.20231108.12073.30.fits.
[1;38;2;49;54;149m    [INFO][0m - [38;2;116;173;209mrawimage.py:estimate_readnoise:359[0m - Estimated readnoise of amplifier 1 = 3.983 e-
[1;38;2;49;54;149m    [INFO][0m - [38;2;116;173;209mrawimage.py:estimate_readnoise:359[0m - Estimated readnoise of amplifier 2 = 3.943 e-
[1;38;2;49;54;149m    [INFO][0m - [38;2;116;173;209mkeck_kcwi.py:get_rawimage:1426[0m - Reading KCWI file: /Users/kaiwenzhang/PycharmProjects/KCWI/KCWI_RED_channel_characterization/fits/by_night/RH1/2023-11-07/KR.20231108.12217.12.fits
[1;38;2;49;54;149m    [INFO][0m - [38;2;116;173;209mrawimage.py:process:564[0m - Performing basic image processing on KR.20231108.12217.12.fits.
[1;38;2;49;54;149m    [INFO][0m - [38;2;116;173;209mrawimage.py:estimate_readnoise:359[0m - Estimated readnoise of amplifier 1 = 3.989 e-
[1;38;2;49;54;149m    [INFO][0m - [38;2;116;173;209mrawimage.py:estimate_readnoise:359[0m - Estimated readnoise of amplifier 2 = 3.960 e-
[1;38;2;49;54;149m    [INFO][0m - [38;2;116;173;209medgetrace.py:initial_trace:901[0m - --------------------------------------------------
[1;38;2;49;54;149m    [INFO][0m - [38;2;116;173;209medgetrace.py:initial_trace:902[0m -              Initialize Edge Tracing              
[1;38;2;49;54;149m    [INFO][0m - [38;2;116;173;209medgetrace.py:initial_trace:903[0m - --------------------------------------------------
[1;38;2;49;54;149m    [INFO][0m - [38;2;116;173;209mtrace.py:detect_slit_edges:90[0m - Detecting slit edges in the trace image
[1;38;2;49;54;149m    [INFO][0m - [38;2;116;173;209mtrace.py:detect_slit_edges:133[0m - Applying bad pixel mask
[1;38;2;49;54;149m    [INFO][0m - [38;2;116;173;209mtrace.py:identify_traces:174[0m - Finding unique traces among detected edges.
[1;38;2;49;54;149m    [INFO][0m - [38;2;116;173;209medgetrace.py:centroid_refine:1782[0m - --------------------------------------------------
[1;38;2;49;54;149m    [INFO][0m - [38;2;116;173;209medgetrace.py:centroid_refine:1783[0m -              Edge Centroid Refinement             
[1;38;2;49;54;149m    [INFO][0m - [38;2;116;173;209medgetrace.py:centroid_refine:1784[0m - --------------------------------------------------
[1;38;2;49;54;149m    [INFO][0m - [38;2;116;173;209medgetrace.py:centroid_refine:1785[0m - Width of window for centroiding the edges: 6.0
[1;38;2;49;54;149m    [INFO][0m - [38;2;116;173;209medgetrace.py:centroid_refine:1786[0m - Max shift between spectrally adjacent pixels: 0.15
[1;38;2;49;54;149m    [INFO][0m - [38;2;116;173;209medgetrace.py:centroid_refine:1787[0m - Max centroid error: None
[1;38;2;49;54;149m    [INFO][0m - [38;2;116;173;209medgetrace.py:centroid_refine:1788[0m - Minimum spectral pixels for a valid trace: 681.12
[1;38;2;49;54;149m    [INFO][0m - [38;2;116;173;209medgetrace.py:centroid_refine:1827[0m - Found 25 left edge trace(s) to refine
[1;38;2;49;54;149m    [INFO][0m - [38;2;116;173;209medgetrace.py:centroid_refine:1847[0m - Following 25 left edge(s) from row 1032; 0 trace(s) remain.
[1;38;2;49;54;149m    [INFO][0m - [38;2;116;173;209medgetrace.py:check_traces:2024[0m - Tolerance for finding repeat traces: 3.0
[1;38;2;49;54;149m    [INFO][0m - [38;2;116;173;209medgetrace.py:check_traces:2045[0m - Minimum spectral length of any trace (pixels): 681.12
[1;38;2;49;54;149m    [INFO][0m - [38;2;116;173;209medgetrace.py:check_traces:2050[0m - Found 1 short trace(s).
[1;38;2;49;54;149m    [INFO][0m - [38;2;116;173;209medgetrace.py:check_traces:2086[0m - Identified 1 bad trace(s) in all.
[1;38;2;49;54;149m    [INFO][0m - [38;2;116;173;209medgetrace.py:centroid_refine:1827[0m - Found 25 right edge trace(s) to refine
[1;38;2;49;54;149m    [INFO][0m - [38;2;116;173;209medgetrace.py:centroid_refine:1847[0m - Following 25 right edge(s) from row 0; 0 trace(s) remain.
[1;38;2;49;54;149m    [INFO][0m - [38;2;116;173;209medgetrace.py:check_traces:2024[0m - Tolerance for finding repeat traces: 3.0
[1;38;2;49;54;149m    [INFO][0m - [38;2;116;173;209medgetrace.py:check_traces:2045[0m - Minimum spectral length of any trace (pixels): 681.12
[1;38;2;49;54;149m    [INFO][0m - [38;2;116;173;209medgetrace.py:check_traces:2050[0m - Found 1 short trace(s).
[1;38;2;49;54;149m    [INFO][0m - [38;2;116;173;209medgetrace.py:check_traces:2086[0m - Identified 1 bad trace(s) in all.
[1;38;2;49;54;149m    [INFO][0m - [38;2;116;173;209medgetrace.py:remove_traces:2735[0m - Removing 2 edge traces.
[1;38;2;253;174;97m [WARNING][0m - [38;2;116;173;209medgetrace.py:spatial_sort:2908[0m - Fit data is not available; cannot use it for spatially sorting the edges.
[1;38;2;49;54;149m    [INFO][0m - [38;2;116;173;209medgetrace.py:spatial_sort:2928[0m - Re-sorting edges based on where they cross row 688
[1;38;2;49;54;149m    [INFO][0m - [38;2;116;173;209medgetrace.py:fit_refine:3032[0m - --------------------------------------------------
[1;38;2;49;54;149m    [INFO][0m - [38;2;116;173;209medgetrace.py:fit_refine:3033[0m -          Fitting Polynomial to Edge Trace         
[1;38;2;49;54;149m    [INFO][0m - [38;2;116;173;209medgetrace.py:fit_refine:3034[0m - --------------------------------------------------
[1;38;2;49;54;149m    [INFO][0m - [38;2;116;173;209medgetrace.py:fit_refine:3035[0m - Max shift btwn input and remeasured edge centroids: 0.50
[1;38;2;49;54;149m    [INFO][0m - [38;2;116;173;209medgetrace.py:fit_refine:3036[0m - Max centroid error: None
[1;38;2;49;54;149m    [INFO][0m - [38;2;116;173;209medgetrace.py:fit_refine:3037[0m - Trace fitting function: legendre
[1;38;2;49;54;149m    [INFO][0m - [38;2;116;173;209medgetrace.py:fit_refine:3038[0m - Trace fitting order: 4
[1;38;2;49;54;149m    [INFO][0m - [38;2;116;173;209medgetrace.py:fit_refine:3039[0m - Weighting for remeasuring edge centroids: uniform
[1;38;2;49;54;149m    [INFO][0m - [38;2;116;173;209medgetrace.py:fit_refine:3040[0m - FWHM parameter for remeasuring edge centroids: 3.0
[1;38;2;49;54;149m    [INFO][0m - [38;2;116;173;209medgetrace.py:fit_refine:3041[0m - Maximum deviation for fitted data: 5.0
[1;38;2;49;54;149m    [INFO][0m - [38;2;116;173;209medgetrace.py:fit_refine:3042[0m - Maximum number of rejection iterations: 25
[1;38;2;49;54;149m    [INFO][0m - [38;2;116;173;209medgetrace.py:fit_refine:3043[0m - Number of remeasuring and refitting iterations: 1
[1;38;2;49;54;149m    [INFO][0m - [38;2;116;173;209medgetrace.py:check_traces:2045[0m - Minimum spectral length of any trace (pixels): 1238.40
[1;38;2;49;54;149m    [INFO][0m - [38;2;116;173;209medgetrace.py:check_traces:2086[0m - Identified 0 bad trace(s) in all.
[1;38;2;253;174;97m [WARNING][0m - [38;2;116;173;209mpolyutils.py:_fit:662[0m - RankWarning: The fit may be poorly conditioned
[1;38;2;49;54;149m    [INFO][0m - [38;2;116;173;209medgetrace.py:merge_traces:2179[0m - No traces merged.
[1;38;2;49;54;149m    [INFO][0m - [38;2;116;173;209medgetrace.py:can_pca:3133[0m - Minimum length of traces to include in the PCA: 1238.3999999999999
[1;38;2;49;54;149m    [INFO][0m - [38;2;116;173;209medgetrace.py:check_traces:2045[0m - Minimum spectral length of any trace (pixels): 1238.40
[1;38;2;49;54;149m    [INFO][0m - [38;2;116;173;209medgetrace.py:check_traces:2086[0m - Identified 0 bad trace(s) in all.
[1;38;2;49;54;149m    [INFO][0m - [38;2;116;173;209medgetrace.py:build_pca:3262[0m - --------------------------------------------------
[1;38;2;49;54;149m    [INFO][0m - [38;2;116;173;209medgetrace.py:build_pca:3263[0m -           Constructing PCA interpolator           
[1;38;2;49;54;149m    [INFO][0m - [38;2;116;173;209medgetrace.py:build_pca:3264[0m - --------------------------------------------------
[1;38;2;49;54;149m    [INFO][0m - [38;2;116;173;209medgetrace.py:build_pca:3265[0m - PCA composition of the left and right traces is done simultaneously.
[1;38;2;49;54;149m    [INFO][0m - [38;2;116;173;209medgetrace.py:build_pca:3270[0m - Requested pecentage of variance explained by PCA: 99.8
[1;38;2;49;54;149m    [INFO][0m - [38;2;116;173;209medgetrace.py:build_pca:3272[0m - Function fit to PCA coefficients: polynomial
[1;38;2;49;54;149m    [INFO][0m - [38;2;116;173;209medgetrace.py:build_pca:3273[0m - Lower sigma rejection: 2.0
[1;38;2;49;54;149m    [INFO][0m - [38;2;116;173;209medgetrace.py:build_pca:3274[0m - Upper sigma rejection: 2.0
[1;38;2;49;54;149m    [INFO][0m - [38;2;116;173;209medgetrace.py:build_pca:3275[0m - Maximum number of rejections per iteration: 1
[1;38;2;49;54;149m    [INFO][0m - [38;2;116;173;209medgetrace.py:build_pca:3276[0m - Maximum number of rejection iterations: 25
[1;38;2;49;54;149m    [INFO][0m - [38;2;116;173;209medgetrace.py:can_pca:3133[0m - Minimum length of traces to include in the PCA: 1238.3999999999999
[1;38;2;49;54;149m    [INFO][0m - [38;2;116;173;209medgetrace.py:check_traces:2045[0m - Minimum spectral length of any trace (pixels): 1238.40
[1;38;2;49;54;149m    [INFO][0m - [38;2;116;173;209medgetrace.py:check_traces:2086[0m - Identified 0 bad trace(s) in all.
[1;38;2;49;54;149m    [INFO][0m - [38;2;116;173;209mpca.py:pca_decomposition:101[0m - The unconstrained PCA yields 48 components.
[1;38;2;49;54;149m    [INFO][0m - [38;2;116;173;209mpca.py:pca_decomposition:115[0m - PCA will include 1 component(s), containing 99.862% of the total variance.
[1;38;2;49;54;149m    [INFO][0m - [38;2;116;173;209medgetrace.py:build_pca:3335[0m - Order of function fit to each component: [2]
[1;38;2;49;54;149m    [INFO][0m - [38;2;116;173;209medgetrace.py:peak_refine:3492[0m - --------------------------------------------------
[1;38;2;49;54;149m    [INFO][0m - [38;2;116;173;209medgetrace.py:peak_refine:3493[0m -    Refining traces using collapsed Sobel image    
[1;38;2;49;54;149m    [INFO][0m - [38;2;116;173;209medgetrace.py:peak_refine:3494[0m - --------------------------------------------------
[1;38;2;49;54;149m    [INFO][0m - [38;2;116;173;209medgetrace.py:peak_refine:3495[0m - Threshold for peak detection: 5.0
[1;38;2;49;54;149m    [INFO][0m - [38;2;116;173;209medgetrace.py:peak_refine:3496[0m - Detector range (spectral axis) collapsed: [0.0, 1.0]
[1;38;2;49;54;149m    [INFO][0m - [38;2;116;173;209medgetrace.py:peak_refine:3497[0m - Image fraction for trace mask filter: None
[1;38;2;49;54;149m    [INFO][0m - [38;2;116;173;209medgetrace.py:peak_refine:3498[0m - Threshold for trace masking: None
[1;38;2;49;54;149m    [INFO][0m - [38;2;116;173;209medgetrace.py:peak_refine:3499[0m - Trace fitting function: legendre
[1;38;2;49;54;149m    [INFO][0m - [38;2;116;173;209medgetrace.py:peak_refine:3500[0m - Trace fitting order: 4
[1;38;2;49;54;149m    [INFO][0m - [38;2;116;173;209medgetrace.py:peak_refine:3501[0m - FWHM parameter for uniform-weighted centroids: 3.0
[1;38;2;49;54;149m    [INFO][0m - [38;2;116;173;209medgetrace.py:peak_refine:3502[0m - Number of uniform-weighted iterations: 9.0
[1;38;2;49;54;149m    [INFO][0m - [38;2;116;173;209medgetrace.py:peak_refine:3503[0m - FWHM parameter for Gaussian-weighted centroids: 3.0
[1;38;2;49;54;149m    [INFO][0m - [38;2;116;173;209medgetrace.py:peak_refine:3504[0m - Number of Gaussian-weighted iterations: 6.0
[1;38;2;49;54;149m    [INFO][0m - [38;2;116;173;209medgetrace.py:peak_refine:3505[0m - Minimum separation between any two subsequent edges of the same side: 15.0 pixels
[1;38;2;49;54;149m    [INFO][0m - [38;2;116;173;209medgetrace.py:peak_refine:3507[0m - Maximum deviation for fitted data: 5.0
[1;38;2;49;54;149m    [INFO][0m - [38;2;116;173;209medgetrace.py:peak_refine:3508[0m - Maximum number of rejection iterations: 25
[1;38;2;49;54;149m    [INFO][0m - [38;2;116;173;209mtrace.py:peak_trace:1426[0m - Rectifying image by extracting along trace for each spatial pixel
[1;38;2;49;54;149m    [INFO][0m - [38;2;116;173;209mtrace.py:peak_trace:1434[0m - Collapsing image spectrally between pixels 0:2064
[1;38;2;49;54;149m    [INFO][0m - [38;2;116;173;209mtrace.py:peak_trace:1463[0m - Searching for peaks.
[1;38;2;49;54;149m    [INFO][0m - [38;2;116;173;209mtrace.py:peak_trace:1472[0m - Found 25 good peak(s) in the rectified, collapsed image
[1;38;2;253;174;97m [WARNING][0m - [38;2;116;173;209mpolyutils.py:_fit:662[0m - RankWarning: The fit may be poorly conditioned
[1;38;2;49;54;149m    [INFO][0m - [38;2;116;173;209mtrace.py:peak_trace:1463[0m - Searching for peaks.
[1;38;2;49;54;149m    [INFO][0m - [38;2;116;173;209mtrace.py:peak_trace:1472[0m - Found 24 good trough(s) in the rectified, collapsed image
[1;38;2;49;54;149m    [INFO][0m - [38;2;116;173;209medgetrace.py:spatial_sort:2928[0m - Re-sorting edges based on where they cross row 688
[1;38;2;49;54;149m    [INFO][0m - [38;2;116;173;209medgetrace.py:can_pca:3133[0m - Minimum length of traces to include in the PCA: 1238.3999999999999
[1;38;2;49;54;149m    [INFO][0m - [38;2;116;173;209medgetrace.py:check_traces:2045[0m - Minimum spectral length of any trace (pixels): 1238.40
[1;38;2;49;54;149m    [INFO][0m - [38;2;116;173;209medgetrace.py:check_traces:2086[0m - Identified 1 bad trace(s) in all.
[1;38;2;49;54;149m    [INFO][0m - [38;2;116;173;209medgetrace.py:build_pca:3262[0m - --------------------------------------------------
[1;38;2;49;54;149m    [INFO][0m - [38;2;116;173;209medgetrace.py:build_pca:3263[0m -           Constructing PCA interpolator           
[1;38;2;49;54;149m    [INFO][0m - [38;2;116;173;209medgetrace.py:build_pca:3264[0m - --------------------------------------------------
[1;38;2;49;54;149m    [INFO][0m - [38;2;116;173;209medgetrace.py:build_pca:3265[0m - PCA composition of the left and right traces is done simultaneously.
[1;38;2;49;54;149m    [INFO][0m - [38;2;116;173;209medgetrace.py:build_pca:3270[0m - Requested pecentage of variance explained by PCA: 99.8
[1;38;2;49;54;149m    [INFO][0m - [38;2;116;173;209medgetrace.py:build_pca:3272[0m - Function fit to PCA coefficients: polynomial
[1;38;2;49;54;149m    [INFO][0m - [38;2;116;173;209medgetrace.py:build_pca:3273[0m - Lower sigma rejection: 2.0
[1;38;2;49;54;149m    [INFO][0m - [38;2;116;173;209medgetrace.py:build_pca:3274[0m - Upper sigma rejection: 2.0
[1;38;2;49;54;149m    [INFO][0m - [38;2;116;173;209medgetrace.py:build_pca:3275[0m - Maximum number of rejections per iteration: 1
[1;38;2;49;54;149m    [INFO][0m - [38;2;116;173;209medgetrace.py:build_pca:3276[0m - Maximum number of rejection iterations: 25
[1;38;2;253;174;97m [WARNING][0m - [38;2;116;173;209medgetrace.py:build_pca:3280[0m - PCA model already exists and will be overwritten.
[1;38;2;49;54;149m    [INFO][0m - [38;2;116;173;209medgetrace.py:can_pca:3133[0m - Minimum length of traces to include in the PCA: 1238.3999999999999
[1;38;2;49;54;149m    [INFO][0m - [38;2;116;173;209medgetrace.py:check_traces:2045[0m - Minimum spectral length of any trace (pixels): 1238.40
[1;38;2;49;54;149m    [INFO][0m - [38;2;116;173;209medgetrace.py:check_traces:2050[0m - Found 1 short trace(s).
[1;38;2;49;54;149m    [INFO][0m - [38;2;116;173;209medgetrace.py:check_traces:2086[0m - Identified 1 bad trace(s) in all.
[1;38;2;49;54;149m    [INFO][0m - [38;2;116;173;209mpca.py:pca_decomposition:101[0m - The unconstrained PCA yields 48 components.
[1;38;2;49;54;149m    [INFO][0m - [38;2;116;173;209mpca.py:pca_decomposition:115[0m - PCA will include 1 component(s), containing 99.931% of the total variance.
[1;38;2;49;54;149m    [INFO][0m - [38;2;116;173;209medgetrace.py:build_pca:3335[0m - Order of function fit to each component: [2]
[1;38;2;49;54;149m    [INFO][0m - [38;2;116;173;209medgetrace.py:can_pca:3133[0m - Minimum length of traces to include in the PCA: 1238.3999999999999
[1;38;2;49;54;149m    [INFO][0m - [38;2;116;173;209medgetrace.py:check_traces:2045[0m - Minimum spectral length of any trace (pixels): 1238.40
[1;38;2;49;54;149m    [INFO][0m - [38;2;116;173;209medgetrace.py:check_traces:2050[0m - Found 1 short trace(s).
[1;38;2;49;54;149m    [INFO][0m - [38;2;116;173;209medgetrace.py:check_traces:2086[0m - Identified 1 bad trace(s) in all.
[1;38;2;49;54;149m    [INFO][0m - [38;2;116;173;209medgetrace.py:remove_traces:2735[0m - Removing 1 edge traces.
[1;38;2;49;54;149m    [INFO][0m - [38;2;116;173;209medgetrace.py:spatial_sort:2928[0m - Re-sorting edges based on where they cross row 1032
[1;38;2;49;54;149m    [INFO][0m - [38;2;116;173;209medgetrace.py:can_pca:3133[0m - Minimum length of traces to include in the PCA: 1238.3999999999999
[1;38;2;49;54;149m    [INFO][0m - [38;2;116;173;209medgetrace.py:check_traces:2045[0m - Minimum spectral length of any trace (pixels): 1238.40
[1;38;2;49;54;149m    [INFO][0m - [38;2;116;173;209medgetrace.py:check_traces:2086[0m - Identified 0 bad trace(s) in all.
[1;38;2;49;54;149m    [INFO][0m - [38;2;116;173;209medgetrace.py:build_pca:3262[0m - --------------------------------------------------
[1;38;2;49;54;149m    [INFO][0m - [38;2;116;173;209medgetrace.py:build_pca:3263[0m -           Constructing PCA interpolator           
[1;38;2;49;54;149m    [INFO][0m - [38;2;116;173;209medgetrace.py:build_pca:3264[0m - --------------------------------------------------
[1;38;2;49;54;149m    [INFO][0m - [38;2;116;173;209medgetrace.py:build_pca:3265[0m - PCA composition of the left and right traces is done simultaneously.
[1;38;2;49;54;149m    [INFO][0m - [38;2;116;173;209medgetrace.py:build_pca:3270[0m - Requested pecentage of variance explained by PCA: 99.8
[1;38;2;49;54;149m    [INFO][0m - [38;2;116;173;209medgetrace.py:build_pca:3272[0m - Function fit to PCA coefficients: polynomial
[1;38;2;49;54;149m    [INFO][0m - [38;2;116;173;209medgetrace.py:build_pca:3273[0m - Lower sigma rejection: 2.0
[1;38;2;49;54;149m    [INFO][0m - [38;2;116;173;209medgetrace.py:build_pca:3274[0m - Upper sigma rejection: 2.0
[1;38;2;49;54;149m    [INFO][0m - [38;2;116;173;209medgetrace.py:build_pca:3275[0m - Maximum number of rejections per iteration: 1
[1;38;2;49;54;149m    [INFO][0m - [38;2;116;173;209medgetrace.py:build_pca:3276[0m - Maximum number of rejection iterations: 25
[1;38;2;253;174;97m [WARNING][0m - [38;2;116;173;209medgetrace.py:build_pca:3280[0m - PCA model already exists and will be overwritten.
[1;38;2;49;54;149m    [INFO][0m - [38;2;116;173;209medgetrace.py:can_pca:3133[0m - Minimum length of traces to include in the PCA: 1238.3999999999999
[1;38;2;49;54;149m    [INFO][0m - [38;2;116;173;209medgetrace.py:check_traces:2045[0m - Minimum spectral length of any trace (pixels): 1238.40
[1;38;2;49;54;149m    [INFO][0m - [38;2;116;173;209medgetrace.py:check_traces:2086[0m - Identified 0 bad trace(s) in all.
[1;38;2;49;54;149m    [INFO][0m - [38;2;116;173;209mpca.py:pca_decomposition:101[0m - The unconstrained PCA yields 48 components.
[1;38;2;49;54;149m    [INFO][0m - [38;2;116;173;209mpca.py:pca_decomposition:115[0m - PCA will include 1 component(s), containing 99.931% of the total variance.
[1;38;2;49;54;149m    [INFO][0m - [38;2;116;173;209medgetrace.py:build_pca:3335[0m - Order of function fit to each component: [2]
[1;38;2;49;54;149m    [INFO][0m - [38;2;116;173;209medgetrace.py:spatial_sort:2928[0m - Re-sorting edges based on where they cross row 1032
[1;38;2;49;54;149m    [INFO][0m - [38;2;116;173;209medgetrace.py:can_pca:3133[0m - Minimum length of traces to include in the PCA: 1238.3999999999999
[1;38;2;49;54;149m    [INFO][0m - [38;2;116;173;209medgetrace.py:check_traces:2045[0m - Minimum spectral length of any trace (pixels): 1238.40
[1;38;2;49;54;149m    [INFO][0m - [38;2;116;173;209medgetrace.py:check_traces:2086[0m - Identified 0 bad trace(s) in all.
[1;38;2;49;54;149m    [INFO][0m - [38;2;116;173;209medgetrace.py:check_synced:2466[0m - Minimum slit gap (binned pixels): None
[1;38;2;49;54;149m    [INFO][0m - [38;2;116;173;209medgetrace.py:check_synced:2467[0m - Minimum change in slit length (binned pixels): None
[1;38;2;49;54;149m    [INFO][0m - [38;2;116;173;209medgetrace.py:check_synced:2468[0m - Range in the change in slit length not limited
[1;38;2;49;54;149m    [INFO][0m - [38;2;116;173;209medgetrace.py:check_synced:2470[0m - Minimum slit length (binned pixels): None
[1;38;2;49;54;149m    [INFO][0m - [38;2;116;173;209medgetrace.py:check_synced:2471[0m - Minimum science slit length (binned pixels): None
[1;38;2;49;54;149m    [INFO][0m - [38;2;116;173;209medgetrace.py:check_synced:2472[0m - Range in slit length not limited
[1;38;2;253;174;97m [WARNING][0m - [38;2;116;173;209medgetrace.py:remove_traces:2727[0m - No trace to remove.
[1;38;2;49;54;149m    [INFO][0m - [38;2;116;173;209mio.py:write_to_fits:670[0m - Compressing file: /Users/kaiwenzhang/PycharmProjects/KCWI/KCWI_RED_channel_characterization/RH1 pypeit run/2023-11-07/pypeit_run/keck_kcrm_B/Calibrations/Edges_B_1_DET01.fits
[1;38;2;49;54;149m    [INFO][0m - [38;2;116;173;209mio.py:write_to_fits:672[0m - File written to: /Users/kaiwenzhang/PycharmProjects/KCWI/KCWI_RED_channel_characterization/RH1 pypeit run/2023-11-07/pypeit_run/keck_kcrm_B/Calibrations/Edges_B_1_DET01.fits.gz
[1;38;2;49;54;149m    [INFO][0m - [38;2;116;173;209mio.py:write_to_fits:670[0m - Compressing file: /Users/kaiwenzhang/PycharmProjects/KCWI/KCWI_RED_channel_characterization/RH1 pypeit run/2023-11-07/pypeit_run/keck_kcrm_B/Calibrations/Slits_B_1_DET01.fits
[1;38;2;49;54;149m    [INFO][0m - [38;2;116;173;209mio.py:write_to_fits:672[0m - File written to: /Users/kaiwenzhang/PycharmProjects/KCWI/KCWI_RED_channel_characterization/RH1 pypeit run/2023-11-07/pypeit_run/keck_kcrm_B/Calibrations/Slits_B_1_DET01.fits.gz
[1;38;2;49;54;149m    [INFO][0m - [38;2;116;173;209mcalibrations.py:get_wv_calib:1263[0m - Preparing a WaveCalib calibration frame.
[1;38;2;49;54;149m    [INFO][0m - [38;2;116;173;209marc.py:get_censpec:491[0m - Extracting approximate arc spectrum of slit 1/24
[1;38;2;49;54;149m    [INFO][0m - [38;2;116;173;209marc.py:get_censpec:491[0m - Extracting approximate arc spectrum of slit 2/24
[1;38;2;49;54;149m    [INFO][0m - [38;2;116;173;209marc.py:get_censpec:491[0m - Extracting approximate arc spectrum of slit 3/24
[1;38;2;49;54;149m    [INFO][0m - [38;2;116;173;209marc.py:get_censpec:491[0m - Extracting approximate arc spectrum of slit 4/24
[1;38;2;49;54;149m    [INFO][0m - [38;2;116;173;209marc.py:get_censpec:491[0m - Extracting approximate arc spectrum of slit 5/24
[1;38;2;49;54;149m    [INFO][0m - [38;2;116;173;209marc.py:get_censpec:491[0m - Extracting approximate arc spectrum of slit 6/24
[1;38;2;49;54;149m    [INFO][0m - [38;2;116;173;209marc.py:get_censpec:491[0m - Extracting approximate arc spectrum of slit 7/24
[1;38;2;49;54;149m    [INFO][0m - [38;2;116;173;209marc.py:get_censpec:491[0m - Extracting approximate arc spectrum of slit 8/24
[1;38;2;49;54;149m    [INFO][0m - [38;2;116;173;209marc.py:get_censpec:491[0m - Extracting approximate arc spectrum of slit 9/24
[1;38;2;49;54;149m    [INFO][0m - [38;2;116;173;209marc.py:get_censpec:491[0m - Extracting approximate arc spectrum of slit 10/24
[1;38;2;49;54;149m    [INFO][0m - [38;2;116;173;209marc.py:get_censpec:491[0m - Extracting approximate arc spectrum of slit 11/24
[1;38;2;49;54;149m    [INFO][0m - [38;2;116;173;209marc.py:get_censpec:491[0m - Extracting approximate arc spectrum of slit 12/24
[1;38;2;49;54;149m    [INFO][0m - [38;2;116;173;209marc.py:get_censpec:491[0m - Extracting approximate arc spectrum of slit 13/24
[1;38;2;49;54;149m    [INFO][0m - [38;2;116;173;209marc.py:get_censpec:491[0m - Extracting approximate arc spectrum of slit 14/24
[1;38;2;49;54;149m    [INFO][0m - [38;2;116;173;209marc.py:get_censpec:491[0m - Extracting approximate arc spectrum of slit 15/24
[1;38;2;49;54;149m    [INFO][0m - [38;2;116;173;209marc.py:get_censpec:491[0m - Extracting approximate arc spectrum of slit 16/24
[1;38;2;49;54;149m    [INFO][0m - [38;2;116;173;209marc.py:get_censpec:491[0m - Extracting approximate arc spectrum of slit 17/24
[1;38;2;49;54;149m    [INFO][0m - [38;2;116;173;209marc.py:get_censpec:491[0m - Extracting approximate arc spectrum of slit 18/24
[1;38;2;49;54;149m    [INFO][0m - [38;2;116;173;209marc.py:get_censpec:491[0m - Extracting approximate arc spectrum of slit 19/24
[1;38;2;49;54;149m    [INFO][0m - [38;2;116;173;209marc.py:get_censpec:491[0m - Extracting approximate arc spectrum of slit 20/24
[1;38;2;49;54;149m    [INFO][0m - [38;2;116;173;209marc.py:get_censpec:491[0m - Extracting approximate arc spectrum of slit 21/24
[1;38;2;49;54;149m    [INFO][0m - [38;2;116;173;209marc.py:get_censpec:491[0m - Extracting approximate arc spectrum of slit 22/24
[1;38;2;49;54;149m    [INFO][0m - [38;2;116;173;209marc.py:get_censpec:491[0m - Extracting approximate arc spectrum of slit 23/24
[1;38;2;49;54;149m    [INFO][0m - [38;2;116;173;209marc.py:get_censpec:491[0m - Extracting approximate arc spectrum of slit 24/24
[1;38;2;49;54;149m    [INFO][0m - [38;2;116;173;209mautoid.py:map_fwhm:931[0m - Calculating spectral resolution of slit 1/24
[1;38;2;253;174;97m [WARNING][0m - [38;2;116;173;209mfitting.py:robust_fit:456[0m - Maximum number of iterations maxiter=10 reached in robust_polyfit_djs
[1;38;2;49;54;149m    [INFO][0m - [38;2;116;173;209mautoid.py:map_fwhm:931[0m - Calculating spectral resolution of slit 2/24
[1;38;2;253;174;97m [WARNING][0m - [38;2;116;173;209mfitting.py:robust_fit:456[0m - Maximum number of iterations maxiter=10 reached in robust_polyfit_djs
[1;38;2;49;54;149m    [INFO][0m - [38;2;116;173;209mautoid.py:map_fwhm:931[0m - Calculating spectral resolution of slit 3/24
[1;38;2;253;174;97m [WARNING][0m - [38;2;116;173;209mfitting.py:robust_fit:456[0m - Maximum number of iterations maxiter=10 reached in robust_polyfit_djs
[1;38;2;49;54;149m    [INFO][0m - [38;2;116;173;209mautoid.py:map_fwhm:931[0m - Calculating spectral resolution of slit 4/24
[1;38;2;253;174;97m [WARNING][0m - [38;2;116;173;209mfitting.py:robust_fit:456[0m - Maximum number of iterations maxiter=10 reached in robust_polyfit_djs
[1;38;2;49;54;149m    [INFO][0m - [38;2;116;173;209mautoid.py:map_fwhm:931[0m - Calculating spectral resolution of slit 5/24
[1;38;2;253;174;97m [WARNING][0m - [38;2;116;173;209mfitting.py:robust_fit:456[0m - Maximum number of iterations maxiter=10 reached in robust_polyfit_djs
[1;38;2;49;54;149m    [INFO][0m - [38;2;116;173;209mautoid.py:map_fwhm:931[0m - Calculating spectral resolution of slit 6/24
[1;38;2;253;174;97m [WARNING][0m - [38;2;116;173;209mfitting.py:robust_fit:456[0m - Maximum number of iterations maxiter=10 reached in robust_polyfit_djs
[1;38;2;49;54;149m    [INFO][0m - [38;2;116;173;209mautoid.py:map_fwhm:931[0m - Calculating spectral resolution of slit 7/24
[1;38;2;49;54;149m    [INFO][0m - [38;2;116;173;209mautoid.py:map_fwhm:931[0m - Calculating spectral resolution of slit 8/24
[1;38;2;253;174;97m [WARNING][0m - [38;2;116;173;209mfitting.py:robust_fit:456[0m - Maximum number of iterations maxiter=10 reached in robust_polyfit_djs
[1;38;2;49;54;149m    [INFO][0m - [38;2;116;173;209mautoid.py:map_fwhm:931[0m - Calculating spectral resolution of slit 9/24
[1;38;2;253;174;97m [WARNING][0m - [38;2;116;173;209mfitting.py:robust_fit:456[0m - Maximum number of iterations maxiter=10 reached in robust_polyfit_djs
[1;38;2;49;54;149m    [INFO][0m - [38;2;116;173;209mautoid.py:map_fwhm:931[0m - Calculating spectral resolution of slit 10/24
[1;38;2;253;174;97m [WARNING][0m - [38;2;116;173;209mfitting.py:robust_fit:456[0m - Maximum number of iterations maxiter=10 reached in robust_polyfit_djs
[1;38;2;49;54;149m    [INFO][0m - [38;2;116;173;209mautoid.py:map_fwhm:931[0m - Calculating spectral resolution of slit 11/24
[1;38;2;253;174;97m [WARNING][0m - [38;2;116;173;209mfitting.py:robust_fit:456[0m - Maximum number of iterations maxiter=10 reached in robust_polyfit_djs
[1;38;2;49;54;149m    [INFO][0m - [38;2;116;173;209mautoid.py:map_fwhm:931[0m - Calculating spectral resolution of slit 12/24
[1;38;2;253;174;97m [WARNING][0m - [38;2;116;173;209mfitting.py:robust_fit:456[0m - Maximum number of iterations maxiter=10 reached in robust_polyfit_djs
[1;38;2;49;54;149m    [INFO][0m - [38;2;116;173;209mautoid.py:map_fwhm:931[0m - Calculating spectral resolution of slit 13/24
[1;38;2;253;174;97m [WARNING][0m - [38;2;116;173;209mfitting.py:robust_fit:456[0m - Maximum number of iterations maxiter=10 reached in robust_polyfit_djs
[1;38;2;49;54;149m    [INFO][0m - [38;2;116;173;209mautoid.py:map_fwhm:931[0m - Calculating spectral resolution of slit 14/24
[1;38;2;253;174;97m [WARNING][0m - [38;2;116;173;209mfitting.py:robust_fit:456[0m - Maximum number of iterations maxiter=10 reached in robust_polyfit_djs
[1;38;2;49;54;149m    [INFO][0m - [38;2;116;173;209mautoid.py:map_fwhm:931[0m - Calculating spectral resolution of slit 15/24
[1;38;2;253;174;97m [WARNING][0m - [38;2;116;173;209mfitting.py:robust_fit:456[0m - Maximum number of iterations maxiter=10 reached in robust_polyfit_djs
[1;38;2;49;54;149m    [INFO][0m - [38;2;116;173;209mautoid.py:map_fwhm:931[0m - Calculating spectral resolution of slit 16/24
[1;38;2;49;54;149m    [INFO][0m - [38;2;116;173;209mautoid.py:map_fwhm:931[0m - Calculating spectral resolution of slit 17/24
[1;38;2;253;174;97m [WARNING][0m - [38;2;116;173;209mfitting.py:robust_fit:456[0m - Maximum number of iterations maxiter=10 reached in robust_polyfit_djs
[1;38;2;49;54;149m    [INFO][0m - [38;2;116;173;209mautoid.py:map_fwhm:931[0m - Calculating spectral resolution of slit 18/24
[1;38;2;253;174;97m [WARNING][0m - [38;2;116;173;209mfitting.py:robust_fit:456[0m - Maximum number of iterations maxiter=10 reached in robust_polyfit_djs
[1;38;2;49;54;149m    [INFO][0m - [38;2;116;173;209mautoid.py:map_fwhm:931[0m - Calculating spectral resolution of slit 19/24
[1;38;2;253;174;97m [WARNING][0m - [38;2;116;173;209mfitting.py:robust_fit:456[0m - Maximum number of iterations maxiter=10 reached in robust_polyfit_djs
[1;38;2;49;54;149m    [INFO][0m - [38;2;116;173;209mautoid.py:map_fwhm:931[0m - Calculating spectral resolution of slit 20/24
[1;38;2;253;174;97m [WARNING][0m - [38;2;116;173;209mfitting.py:robust_fit:456[0m - Maximum number of iterations maxiter=10 reached in robust_polyfit_djs
[1;38;2;49;54;149m    [INFO][0m - [38;2;116;173;209mautoid.py:map_fwhm:931[0m - Calculating spectral resolution of slit 21/24
[1;38;2;253;174;97m [WARNING][0m - [38;2;116;173;209mfitting.py:robust_fit:456[0m - Maximum number of iterations maxiter=10 reached in robust_polyfit_djs
[1;38;2;49;54;149m    [INFO][0m - [38;2;116;173;209mautoid.py:map_fwhm:931[0m - Calculating spectral resolution of slit 22/24
[1;38;2;253;174;97m [WARNING][0m - [38;2;116;173;209mfitting.py:robust_fit:456[0m - Maximum number of iterations maxiter=10 reached in robust_polyfit_djs
[1;38;2;49;54;149m    [INFO][0m - [38;2;116;173;209mautoid.py:map_fwhm:931[0m - Calculating spectral resolution of slit 23/24
[1;38;2;253;174;97m [WARNING][0m - [38;2;116;173;209mfitting.py:robust_fit:456[0m - Maximum number of iterations maxiter=10 reached in robust_polyfit_djs
[1;38;2;49;54;149m    [INFO][0m - [38;2;116;173;209mautoid.py:map_fwhm:931[0m - Calculating spectral resolution of slit 24/24
[1;38;2;253;174;97m [WARNING][0m - [38;2;116;173;209mfitting.py:robust_fit:456[0m - Maximum number of iterations maxiter=10 reached in robust_polyfit_djs
[1;38;2;49;54;149m    [INFO][0m - [38;2;116;173;209mwaveio.py:load_line_lists:223[0m - Arc lamps used: FeI, ArI, ArII
[1;38;2;49;54;149m    [INFO][0m - [38;2;116;173;209mautoid.py:full_template:1142[0m - Processing slit/order 60 (1/24)
[1;38;2;49;54;149m    [INFO][0m - [38;2;116;173;209mautoid.py:full_template:1143[0m - Using sigdetect = 5.0
[1;38;2;49;54;149m    [INFO][0m - [38;2;116;173;209mautoid.py:set_fwhm:1029[0m - Measured arc lines FWHM: 3.6 pixels
[1;38;2;49;54;149m    [INFO][0m - [38;2;116;173;209mautoid.py:full_template:1244[0m - Shift = -631.21; cc = 0.5266
[1;38;2;49;54;149m    [INFO][0m - [38;2;116;173;209mautoid.py:reidentify:595[0m - Cross-correlating with arxiv slit # 0
[1;38;2;49;54;149m    [INFO][0m - [38;2;116;173;209mautoid.py:reidentify:603[0m - shift = 4.025, stretch = 0.994, cc = 0.972
[1;38;2;49;54;149m    [INFO][0m - [38;2;116;173;209mautoid.py:reidentify:595[0m - Cross-correlating with arxiv slit # 0
[1;38;2;49;54;149m    [INFO][0m - [38;2;116;173;209mautoid.py:reidentify:603[0m - shift = -0.256, stretch = 0.990, cc = 0.706
[1;38;2;253;174;97m [WARNING][0m - [38;2;116;173;209mfitting.py:robust_fit:456[0m - Maximum number of iterations maxiter=10 reached in robust_polyfit_djs
[1;38;2;49;54;149m    [INFO][0m - [38;2;116;173;209mwv_fitting.py:iterative_fitting:462[0m - RMS of the final wavelength fit: 0.129511 pixels
[1;38;2;49;54;149m    [INFO][0m - [38;2;116;173;209mautoid.py:full_template:1142[0m - Processing slit/order 140 (2/24)
[1;38;2;49;54;149m    [INFO][0m - [38;2;116;173;209mautoid.py:full_template:1143[0m - Using sigdetect = 5.0
[1;38;2;49;54;149m    [INFO][0m - [38;2;116;173;209mautoid.py:set_fwhm:1029[0m - Measured arc lines FWHM: 3.6 pixels
[1;38;2;49;54;149m    [INFO][0m - [38;2;116;173;209mautoid.py:full_template:1244[0m - Shift = -521.23; cc = 0.3538
[1;38;2;49;54;149m    [INFO][0m - [38;2;116;173;209mautoid.py:reidentify:595[0m - Cross-correlating with arxiv slit # 0
[1;38;2;49;54;149m    [INFO][0m - [38;2;116;173;209mautoid.py:reidentify:603[0m - shift = 8.055, stretch = 0.987, cc = 0.984
[1;38;2;49;54;149m    [INFO][0m - [38;2;116;173;209mautoid.py:reidentify:595[0m - Cross-correlating with arxiv slit # 0
[1;38;2;49;54;149m    [INFO][0m - [38;2;116;173;209mautoid.py:reidentify:603[0m - shift = -5.385, stretch = 0.976, cc = 0.617
[1;38;2;253;174;97m [WARNING][0m - [38;2;116;173;209mfitting.py:robust_fit:456[0m - Maximum number of iterations maxiter=10 reached in robust_polyfit_djs
[1;38;2;49;54;149m    [INFO][0m - [38;2;116;173;209mwv_fitting.py:iterative_fitting:462[0m - RMS of the final wavelength fit: 0.129639 pixels
[1;38;2;49;54;149m    [INFO][0m - [38;2;116;173;209mautoid.py:full_template:1142[0m - Processing slit/order 216 (3/24)
[1;38;2;49;54;149m    [INFO][0m - [38;2;116;173;209mautoid.py:full_template:1143[0m - Using sigdetect = 5.0
[1;38;2;49;54;149m    [INFO][0m - [38;2;116;173;209mautoid.py:set_fwhm:1029[0m - Measured arc lines FWHM: 3.6 pixels
[1;38;2;49;54;149m    [INFO][0m - [38;2;116;173;209mautoid.py:full_template:1244[0m - Shift = -629.45; cc = 0.4954
[1;38;2;49;54;149m    [INFO][0m - [38;2;116;173;209mautoid.py:reidentify:595[0m - Cross-correlating with arxiv slit # 0
[1;38;2;49;54;149m    [INFO][0m - [38;2;116;173;209mautoid.py:reidentify:603[0m - shift = 4.382, stretch = 0.995, cc = 0.975
[1;38;2;49;54;149m    [INFO][0m - [38;2;116;173;209mautoid.py:reidentify:595[0m - Cross-correlating with arxiv slit # 0
[1;38;2;49;54;149m    [INFO][0m - [38;2;116;173;209mautoid.py:reidentify:603[0m - shift = -0.469, stretch = 0.990, cc = 0.707
[1;38;2;253;174;97m [WARNING][0m - [38;2;116;173;209mfitting.py:robust_fit:456[0m - Maximum number of iterations maxiter=10 reached in robust_polyfit_djs
[1;38;2;49;54;149m    [INFO][0m - [38;2;116;173;209mwv_fitting.py:iterative_fitting:462[0m - RMS of the final wavelength fit: 0.113738 pixels
[1;38;2;49;54;149m    [INFO][0m - [38;2;116;173;209mautoid.py:full_template:1142[0m - Processing slit/order 294 (4/24)
[1;38;2;49;54;149m    [INFO][0m - [38;2;116;173;209mautoid.py:full_template:1143[0m - Using sigdetect = 5.0
[1;38;2;49;54;149m    [INFO][0m - [38;2;116;173;209mautoid.py:set_fwhm:1029[0m - Measured arc lines FWHM: 3.6 pixels
[1;38;2;49;54;149m    [INFO][0m - [38;2;116;173;209mautoid.py:full_template:1244[0m - Shift = -528.72; cc = 0.3588
[1;38;2;49;54;149m    [INFO][0m - [38;2;116;173;209mautoid.py:reidentify:595[0m - Cross-correlating with arxiv slit # 0
[1;38;2;49;54;149m    [INFO][0m - [38;2;116;173;209mautoid.py:reidentify:603[0m - shift = 8.307, stretch = 0.987, cc = 0.991
[1;38;2;49;54;149m    [INFO][0m - [38;2;116;173;209mautoid.py:reidentify:595[0m - Cross-correlating with arxiv slit # 0
[1;38;2;49;54;149m    [INFO][0m - [38;2;116;173;209mautoid.py:reidentify:603[0m - shift = -5.072, stretch = 0.976, cc = 0.628
[1;38;2;253;174;97m [WARNING][0m - [38;2;116;173;209mfitting.py:robust_fit:456[0m - Maximum number of iterations maxiter=10 reached in robust_polyfit_djs
[1;38;2;49;54;149m    [INFO][0m - [38;2;116;173;209mwv_fitting.py:iterative_fitting:462[0m - RMS of the final wavelength fit: 0.121572 pixels
[1;38;2;49;54;149m    [INFO][0m - [38;2;116;173;209mautoid.py:full_template:1142[0m - Processing slit/order 368 (5/24)
[1;38;2;49;54;149m    [INFO][0m - [38;2;116;173;209mautoid.py:full_template:1143[0m - Using sigdetect = 5.0
[1;38;2;49;54;149m    [INFO][0m - [38;2;116;173;209mautoid.py:set_fwhm:1029[0m - Measured arc lines FWHM: 3.6 pixels
[1;38;2;253;174;97m [WARNING][0m - [38;2;116;173;209m_minpack_py.py:curve_fit:1071[0m - OptimizeWarning: Covariance of the parameters could not be estimated
[1;38;2;49;54;149m    [INFO][0m - [38;2;116;173;209mautoid.py:full_template:1244[0m - Shift = -627.14; cc = 0.4507
[1;38;2;49;54;149m    [INFO][0m - [38;2;116;173;209mautoid.py:reidentify:595[0m - Cross-correlating with arxiv slit # 0
[1;38;2;49;54;149m    [INFO][0m - [38;2;116;173;209mautoid.py:reidentify:603[0m - shift = 4.296, stretch = 0.995, cc = 0.973
[1;38;2;49;54;149m    [INFO][0m - [38;2;116;173;209mautoid.py:reidentify:595[0m - Cross-correlating with arxiv slit # 0
[1;38;2;49;54;149m    [INFO][0m - [38;2;116;173;209mautoid.py:reidentify:603[0m - shift = -0.934, stretch = 0.988, cc = 0.702
[1;38;2;253;174;97m [WARNING][0m - [38;2;116;173;209mfitting.py:robust_fit:456[0m - Maximum number of iterations maxiter=10 reached in robust_polyfit_djs
[1;38;2;49;54;149m    [INFO][0m - [38;2;116;173;209mwv_fitting.py:iterative_fitting:462[0m - RMS of the final wavelength fit: 0.0854362 pixels
[1;38;2;49;54;149m    [INFO][0m - [38;2;116;173;209mautoid.py:full_template:1142[0m - Processing slit/order 443 (6/24)
[1;38;2;49;54;149m    [INFO][0m - [38;2;116;173;209mautoid.py:full_template:1143[0m - Using sigdetect = 5.0
[1;38;2;49;54;149m    [INFO][0m - [38;2;116;173;209mautoid.py:set_fwhm:1029[0m - Measured arc lines FWHM: 3.6 pixels
[1;38;2;49;54;149m    [INFO][0m - [38;2;116;173;209mautoid.py:full_template:1244[0m - Shift = -536.06; cc = 0.3651
[1;38;2;49;54;149m    [INFO][0m - [38;2;116;173;209mautoid.py:reidentify:595[0m - Cross-correlating with arxiv slit # 0
[1;38;2;49;54;149m    [INFO][0m - [38;2;116;173;209mautoid.py:reidentify:603[0m - shift = 7.412, stretch = 0.987, cc = 0.974
[1;38;2;49;54;149m    [INFO][0m - [38;2;116;173;209mautoid.py:reidentify:595[0m - Cross-correlating with arxiv slit # 0
[1;38;2;49;54;149m    [INFO][0m - [38;2;116;173;209mautoid.py:reidentify:603[0m - shift = -5.742, stretch = 0.976, cc = 0.611
[1;38;2;253;174;97m [WARNING][0m - [38;2;116;173;209mfitting.py:robust_fit:456[0m - Maximum number of iterations maxiter=10 reached in robust_polyfit_djs
[1;38;2;49;54;149m    [INFO][0m - [38;2;116;173;209mwv_fitting.py:iterative_fitting:462[0m - RMS of the final wavelength fit: 0.137409 pixels
[1;38;2;49;54;149m    [INFO][0m - [38;2;116;173;209mautoid.py:full_template:1142[0m - Processing slit/order 516 (7/24)
[1;38;2;49;54;149m    [INFO][0m - [38;2;116;173;209mautoid.py:full_template:1143[0m - Using sigdetect = 5.0
[1;38;2;49;54;149m    [INFO][0m - [38;2;116;173;209mautoid.py:set_fwhm:1029[0m - Measured arc lines FWHM: 3.6 pixels
[1;38;2;49;54;149m    [INFO][0m - [38;2;116;173;209mautoid.py:full_template:1244[0m - Shift = -625.46; cc = 0.4457
[1;38;2;49;54;149m    [INFO][0m - [38;2;116;173;209mautoid.py:reidentify:595[0m - Cross-correlating with arxiv slit # 0
[1;38;2;49;54;149m    [INFO][0m - [38;2;116;173;209mautoid.py:reidentify:603[0m - shift = 5.031, stretch = 0.994, cc = 0.977
[1;38;2;49;54;149m    [INFO][0m - [38;2;116;173;209mautoid.py:reidentify:595[0m - Cross-correlating with arxiv slit # 0
[1;38;2;49;54;149m    [INFO][0m - [38;2;116;173;209mautoid.py:reidentify:603[0m - shift = -0.866, stretch = 0.987, cc = 0.698
[1;38;2;253;174;97m [WARNING][0m - [38;2;116;173;209mfitting.py:robust_fit:456[0m - Maximum number of iterations maxiter=10 reached in robust_polyfit_djs
[1;38;2;49;54;149m    [INFO][0m - [38;2;116;173;209mwv_fitting.py:iterative_fitting:462[0m - RMS of the final wavelength fit: 0.192232 pixels
[1;38;2;49;54;149m    [INFO][0m - [38;2;116;173;209mautoid.py:full_template:1142[0m - Processing slit/order 590 (8/24)
[1;38;2;49;54;149m    [INFO][0m - [38;2;116;173;209mautoid.py:full_template:1143[0m - Using sigdetect = 5.0
[1;38;2;49;54;149m    [INFO][0m - [38;2;116;173;209mautoid.py:set_fwhm:1029[0m - Measured arc lines FWHM: 3.6 pixels
[1;38;2;49;54;149m    [INFO][0m - [38;2;116;173;209mautoid.py:full_template:1244[0m - Shift = -543.18; cc = 0.3651
[1;38;2;49;54;149m    [INFO][0m - [38;2;116;173;209mautoid.py:reidentify:595[0m - Cross-correlating with arxiv slit # 0
[1;38;2;49;54;149m    [INFO][0m - [38;2;116;173;209mautoid.py:reidentify:603[0m - shift = 7.326, stretch = 0.988, cc = 0.962
[1;38;2;49;54;149m    [INFO][0m - [38;2;116;173;209mautoid.py:reidentify:595[0m - Cross-correlating with arxiv slit # 0
[1;38;2;49;54;149m    [INFO][0m - [38;2;116;173;209mautoid.py:reidentify:603[0m - shift = -5.614, stretch = 0.977, cc = 0.640
[1;38;2;253;174;97m [WARNING][0m - [38;2;116;173;209mfitting.py:robust_fit:456[0m - Maximum number of iterations maxiter=10 reached in robust_polyfit_djs
[1;38;2;49;54;149m    [INFO][0m - [38;2;116;173;209mwv_fitting.py:iterative_fitting:462[0m - RMS of the final wavelength fit: 0.274889 pixels
[1;38;2;49;54;149m    [INFO][0m - [38;2;116;173;209mautoid.py:full_template:1142[0m - Processing slit/order 663 (9/24)
[1;38;2;49;54;149m    [INFO][0m - [38;2;116;173;209mautoid.py:full_template:1143[0m - Using sigdetect = 5.0
[1;38;2;49;54;149m    [INFO][0m - [38;2;116;173;209mautoid.py:set_fwhm:1029[0m - Measured arc lines FWHM: 3.6 pixels
[1;38;2;49;54;149m    [INFO][0m - [38;2;116;173;209mautoid.py:full_template:1244[0m - Shift = -623.74; cc = 0.4259
[1;38;2;49;54;149m    [INFO][0m - [38;2;116;173;209mautoid.py:reidentify:595[0m - Cross-correlating with arxiv slit # 0
[1;38;2;49;54;149m    [INFO][0m - [38;2;116;173;209mautoid.py:reidentify:603[0m - shift = 5.315, stretch = 0.994, cc = 0.987
[1;38;2;49;54;149m    [INFO][0m - [38;2;116;173;209mautoid.py:reidentify:595[0m - Cross-correlating with arxiv slit # 0
[1;38;2;49;54;149m    [INFO][0m - [38;2;116;173;209mautoid.py:reidentify:603[0m - shift = -1.181, stretch = 0.987, cc = 0.692
[1;38;2;253;174;97m [WARNING][0m - [38;2;116;173;209mfitting.py:robust_fit:456[0m - Maximum number of iterations maxiter=10 reached in robust_polyfit_djs
[1;38;2;49;54;149m    [INFO][0m - [38;2;116;173;209mwv_fitting.py:iterative_fitting:462[0m - RMS of the final wavelength fit: 0.16886 pixels
[1;38;2;49;54;149m    [INFO][0m - [38;2;116;173;209mautoid.py:full_template:1142[0m - Processing slit/order 737 (10/24)
[1;38;2;49;54;149m    [INFO][0m - [38;2;116;173;209mautoid.py:full_template:1143[0m - Using sigdetect = 5.0
[1;38;2;49;54;149m    [INFO][0m - [38;2;116;173;209mautoid.py:set_fwhm:1029[0m - Measured arc lines FWHM: 3.6 pixels
[1;38;2;49;54;149m    [INFO][0m - [38;2;116;173;209mautoid.py:full_template:1244[0m - Shift = -550.16; cc = 0.3790
[1;38;2;49;54;149m    [INFO][0m - [38;2;116;173;209mautoid.py:reidentify:595[0m - Cross-correlating with arxiv slit # 0
[1;38;2;49;54;149m    [INFO][0m - [38;2;116;173;209mautoid.py:reidentify:603[0m - shift = 7.010, stretch = 0.988, cc = 0.973
[1;38;2;49;54;149m    [INFO][0m - [38;2;116;173;209mautoid.py:reidentify:595[0m - Cross-correlating with arxiv slit # 0
[1;38;2;49;54;149m    [INFO][0m - [38;2;116;173;209mautoid.py:reidentify:603[0m - shift = -5.754, stretch = 0.977, cc = 0.645
[1;38;2;253;174;97m [WARNING][0m - [38;2;116;173;209mfitting.py:robust_fit:456[0m - Maximum number of iterations maxiter=10 reached in robust_polyfit_djs
[1;38;2;49;54;149m    [INFO][0m - [38;2;116;173;209mwv_fitting.py:iterative_fitting:462[0m - RMS of the final wavelength fit: 0.247839 pixels
[1;38;2;49;54;149m    [INFO][0m - [38;2;116;173;209mautoid.py:full_template:1142[0m - Processing slit/order 811 (11/24)
[1;38;2;49;54;149m    [INFO][0m - [38;2;116;173;209mautoid.py:full_template:1143[0m - Using sigdetect = 5.0
[1;38;2;49;54;149m    [INFO][0m - [38;2;116;173;209mautoid.py:set_fwhm:1029[0m - Measured arc lines FWHM: 3.6 pixels
[1;38;2;49;54;149m    [INFO][0m - [38;2;116;173;209mautoid.py:full_template:1244[0m - Shift = -622.50; cc = 0.4214
[1;38;2;49;54;149m    [INFO][0m - [38;2;116;173;209mautoid.py:reidentify:595[0m - Cross-correlating with arxiv slit # 0
[1;38;2;49;54;149m    [INFO][0m - [38;2;116;173;209mautoid.py:reidentify:603[0m - shift = 5.493, stretch = 0.994, cc = 0.984
[1;38;2;49;54;149m    [INFO][0m - [38;2;116;173;209mautoid.py:reidentify:595[0m - Cross-correlating with arxiv slit # 0
[1;38;2;49;54;149m    [INFO][0m - [38;2;116;173;209mautoid.py:reidentify:603[0m - shift = -1.350, stretch = 0.987, cc = 0.709
[1;38;2;49;54;149m    [INFO][0m - [38;2;116;173;209mwv_fitting.py:iterative_fitting:462[0m - RMS of the final wavelength fit: 0.126808 pixels
[1;38;2;49;54;149m    [INFO][0m - [38;2;116;173;209mautoid.py:full_template:1142[0m - Processing slit/order 885 (12/24)
[1;38;2;49;54;149m    [INFO][0m - [38;2;116;173;209mautoid.py:full_template:1143[0m - Using sigdetect = 5.0
[1;38;2;49;54;149m    [INFO][0m - [38;2;116;173;209mautoid.py:set_fwhm:1029[0m - Measured arc lines FWHM: 3.5 pixels
[1;38;2;49;54;149m    [INFO][0m - [38;2;116;173;209mautoid.py:full_template:1244[0m - Shift = -528.63; cc = 0.3315
[1;38;2;49;54;149m    [INFO][0m - [38;2;116;173;209mautoid.py:reidentify:595[0m - Cross-correlating with arxiv slit # 0
[1;38;2;49;54;149m    [INFO][0m - [38;2;116;173;209mautoid.py:reidentify:603[0m - shift = 9.447, stretch = 0.986, cc = 0.989
[1;38;2;49;54;149m    [INFO][0m - [38;2;116;173;209mautoid.py:reidentify:595[0m - Cross-correlating with arxiv slit # 0
[1;38;2;49;54;149m    [INFO][0m - [38;2;116;173;209mautoid.py:reidentify:603[0m - shift = -41.705, stretch = 1.050, cc = 0.601
[1;38;2;253;174;97m [WARNING][0m - [38;2;116;173;209mfitting.py:robust_fit:456[0m - Maximum number of iterations maxiter=10 reached in robust_polyfit_djs
[1;38;2;49;54;149m    [INFO][0m - [38;2;116;173;209mwv_fitting.py:iterative_fitting:462[0m - RMS of the final wavelength fit: 0.114571 pixels
[1;38;2;49;54;149m    [INFO][0m - [38;2;116;173;209mautoid.py:full_template:1142[0m - Processing slit/order 1163 (13/24)
[1;38;2;49;54;149m    [INFO][0m - [38;2;116;173;209mautoid.py:full_template:1143[0m - Using sigdetect = 5.0
[1;38;2;49;54;149m    [INFO][0m - [38;2;116;173;209mautoid.py:set_fwhm:1029[0m - Measured arc lines FWHM: 3.6 pixels
[1;38;2;49;54;149m    [INFO][0m - [38;2;116;173;209mautoid.py:full_template:1244[0m - Shift = -632.93; cc = 0.4498
[1;38;2;49;54;149m    [INFO][0m - [38;2;116;173;209mautoid.py:reidentify:595[0m - Cross-correlating with arxiv slit # 0
[1;38;2;49;54;149m    [INFO][0m - [38;2;116;173;209mautoid.py:reidentify:603[0m - shift = 5.338, stretch = 0.994, cc = 0.991
[1;38;2;49;54;149m    [INFO][0m - [38;2;116;173;209mautoid.py:reidentify:595[0m - Cross-correlating with arxiv slit # 0
[1;38;2;49;54;149m    [INFO][0m - [38;2;116;173;209mautoid.py:reidentify:603[0m - shift = -0.949, stretch = 0.988, cc = 0.709
[1;38;2;253;174;97m [WARNING][0m - [38;2;116;173;209mfitting.py:robust_fit:456[0m - Maximum number of iterations maxiter=10 reached in robust_polyfit_djs
[1;38;2;49;54;149m    [INFO][0m - [38;2;116;173;209mwv_fitting.py:iterative_fitting:462[0m - RMS of the final wavelength fit: 0.147653 pixels
[1;38;2;49;54;149m    [INFO][0m - [38;2;116;173;209mautoid.py:full_template:1142[0m - Processing slit/order 1237 (14/24)
[1;38;2;49;54;149m    [INFO][0m - [38;2;116;173;209mautoid.py:full_template:1143[0m - Using sigdetect = 5.0
[1;38;2;49;54;149m    [INFO][0m - [38;2;116;173;209mautoid.py:set_fwhm:1029[0m - Measured arc lines FWHM: 3.5 pixels
[1;38;2;49;54;149m    [INFO][0m - [38;2;116;173;209mautoid.py:full_template:1244[0m - Shift = -540.51; cc = 0.3459
[1;38;2;49;54;149m    [INFO][0m - [38;2;116;173;209mautoid.py:reidentify:595[0m - Cross-correlating with arxiv slit # 0
[1;38;2;49;54;149m    [INFO][0m - [38;2;116;173;209mautoid.py:reidentify:603[0m - shift = 8.351, stretch = 0.987, cc = 0.957
[1;38;2;49;54;149m    [INFO][0m - [38;2;116;173;209mautoid.py:reidentify:595[0m - Cross-correlating with arxiv slit # 0
[1;38;2;49;54;149m    [INFO][0m - [38;2;116;173;209mautoid.py:reidentify:603[0m - shift = -5.152, stretch = 0.976, cc = 0.626
[1;38;2;49;54;149m    [INFO][0m - [38;2;116;173;209mwv_fitting.py:iterative_fitting:462[0m - RMS of the final wavelength fit: 0.211478 pixels
[1;38;2;49;54;149m    [INFO][0m - [38;2;116;173;209mautoid.py:full_template:1142[0m - Processing slit/order 1311 (15/24)
[1;38;2;49;54;149m    [INFO][0m - [38;2;116;173;209mautoid.py:full_template:1143[0m - Using sigdetect = 5.0
[1;38;2;49;54;149m    [INFO][0m - [38;2;116;173;209mautoid.py:set_fwhm:1029[0m - Measured arc lines FWHM: 3.6 pixels
[1;38;2;49;54;149m    [INFO][0m - [38;2;116;173;209mautoid.py:full_template:1244[0m - Shift = -611.17; cc = 0.4023
[1;38;2;49;54;149m    [INFO][0m - [38;2;116;173;209mautoid.py:reidentify:595[0m - Cross-correlating with arxiv slit # 0
[1;38;2;49;54;149m    [INFO][0m - [38;2;116;173;209mautoid.py:reidentify:603[0m - shift = 4.816, stretch = 0.993, cc = 0.983
[1;38;2;49;54;149m    [INFO][0m - [38;2;116;173;209mautoid.py:reidentify:595[0m - Cross-correlating with arxiv slit # 0
[1;38;2;49;54;149m    [INFO][0m - [38;2;116;173;209mautoid.py:reidentify:603[0m - shift = -2.742, stretch = 0.985, cc = 0.696
[1;38;2;253;174;97m [WARNING][0m - [38;2;116;173;209mfitting.py:robust_fit:456[0m - Maximum number of iterations maxiter=10 reached in robust_polyfit_djs
[1;38;2;49;54;149m    [INFO][0m - [38;2;116;173;209mwv_fitting.py:iterative_fitting:462[0m - RMS of the final wavelength fit: 0.143156 pixels
[1;38;2;49;54;149m    [INFO][0m - [38;2;116;173;209mautoid.py:full_template:1142[0m - Processing slit/order 1385 (16/24)
[1;38;2;49;54;149m    [INFO][0m - [38;2;116;173;209mautoid.py:full_template:1143[0m - Using sigdetect = 5.0
[1;38;2;49;54;149m    [INFO][0m - [38;2;116;173;209mautoid.py:set_fwhm:1029[0m - Measured arc lines FWHM: 3.6 pixels
[1;38;2;49;54;149m    [INFO][0m - [38;2;116;173;209mautoid.py:full_template:1244[0m - Shift = -537.83; cc = 0.3598
[1;38;2;49;54;149m    [INFO][0m - [38;2;116;173;209mautoid.py:reidentify:595[0m - Cross-correlating with arxiv slit # 0
[1;38;2;49;54;149m    [INFO][0m - [38;2;116;173;209mautoid.py:reidentify:603[0m - shift = 8.502, stretch = 0.987, cc = 0.958
[1;38;2;49;54;149m    [INFO][0m - [38;2;116;173;209mautoid.py:reidentify:595[0m - Cross-correlating with arxiv slit # 0
[1;38;2;49;54;149m    [INFO][0m - [38;2;116;173;209mautoid.py:reidentify:603[0m - shift = -5.028, stretch = 0.976, cc = 0.645
[1;38;2;253;174;97m [WARNING][0m - [38;2;116;173;209mfitting.py:robust_fit:456[0m - Maximum number of iterations maxiter=10 reached in robust_polyfit_djs
[1;38;2;49;54;149m    [INFO][0m - [38;2;116;173;209mwv_fitting.py:iterative_fitting:462[0m - RMS of the final wavelength fit: 0.172012 pixels
[1;38;2;49;54;149m    [INFO][0m - [38;2;116;173;209mautoid.py:full_template:1142[0m - Processing slit/order 1458 (17/24)
[1;38;2;49;54;149m    [INFO][0m - [38;2;116;173;209mautoid.py:full_template:1143[0m - Using sigdetect = 5.0
[1;38;2;49;54;149m    [INFO][0m - [38;2;116;173;209mautoid.py:set_fwhm:1029[0m - Measured arc lines FWHM: 3.6 pixels
[1;38;2;49;54;149m    [INFO][0m - [38;2;116;173;209mautoid.py:full_template:1244[0m - Shift = -616.81; cc = 0.4257
[1;38;2;49;54;149m    [INFO][0m - [38;2;116;173;209mautoid.py:reidentify:595[0m - Cross-correlating with arxiv slit # 0
[1;38;2;49;54;149m    [INFO][0m - [38;2;116;173;209mautoid.py:reidentify:603[0m - shift = 5.601, stretch = 0.994, cc = 0.987
[1;38;2;49;54;149m    [INFO][0m - [38;2;116;173;209mautoid.py:reidentify:595[0m - Cross-correlating with arxiv slit # 0
[1;38;2;49;54;149m    [INFO][0m - [38;2;116;173;209mautoid.py:reidentify:603[0m - shift = -1.090, stretch = 0.986, cc = 0.696
[1;38;2;253;174;97m [WARNING][0m - [38;2;116;173;209mfitting.py:robust_fit:456[0m - Maximum number of iterations maxiter=10 reached in robust_polyfit_djs
[1;38;2;49;54;149m    [INFO][0m - [38;2;116;173;209mwv_fitting.py:iterative_fitting:462[0m - RMS of the final wavelength fit: 0.139823 pixels
[1;38;2;49;54;149m    [INFO][0m - [38;2;116;173;209mautoid.py:full_template:1142[0m - Processing slit/order 1533 (18/24)
[1;38;2;49;54;149m    [INFO][0m - [38;2;116;173;209mautoid.py:full_template:1143[0m - Using sigdetect = 5.0
[1;38;2;49;54;149m    [INFO][0m - [38;2;116;173;209mautoid.py:set_fwhm:1029[0m - Measured arc lines FWHM: 3.6 pixels
[1;38;2;49;54;149m    [INFO][0m - [38;2;116;173;209mautoid.py:full_template:1244[0m - Shift = -533.67; cc = 0.3524
[1;38;2;49;54;149m    [INFO][0m - [38;2;116;173;209mautoid.py:reidentify:595[0m - Cross-correlating with arxiv slit # 0
[1;38;2;49;54;149m    [INFO][0m - [38;2;116;173;209mautoid.py:reidentify:603[0m - shift = 8.284, stretch = 0.987, cc = 0.987
[1;38;2;49;54;149m    [INFO][0m - [38;2;116;173;209mautoid.py:reidentify:595[0m - Cross-correlating with arxiv slit # 0
[1;38;2;49;54;149m    [INFO][0m - [38;2;116;173;209mautoid.py:reidentify:603[0m - shift = -5.396, stretch = 0.976, cc = 0.607
[1;38;2;49;54;149m    [INFO][0m - [38;2;116;173;209mwv_fitting.py:iterative_fitting:462[0m - RMS of the final wavelength fit: 0.328376 pixels
[1;38;2;49;54;149m    [INFO][0m - [38;2;116;173;209mautoid.py:full_template:1142[0m - Processing slit/order 1606 (19/24)
[1;38;2;49;54;149m    [INFO][0m - [38;2;116;173;209mautoid.py:full_template:1143[0m - Using sigdetect = 5.0
[1;38;2;49;54;149m    [INFO][0m - [38;2;116;173;209mautoid.py:set_fwhm:1029[0m - Measured arc lines FWHM: 3.6 pixels
[1;38;2;49;54;149m    [INFO][0m - [38;2;116;173;209mautoid.py:full_template:1244[0m - Shift = -621.90; cc = 0.4130
[1;38;2;49;54;149m    [INFO][0m - [38;2;116;173;209mautoid.py:reidentify:595[0m - Cross-correlating with arxiv slit # 0
[1;38;2;49;54;149m    [INFO][0m - [38;2;116;173;209mautoid.py:reidentify:603[0m - shift = 5.187, stretch = 0.994, cc = 0.973
[1;38;2;49;54;149m    [INFO][0m - [38;2;116;173;209mautoid.py:reidentify:595[0m - Cross-correlating with arxiv slit # 0
[1;38;2;49;54;149m    [INFO][0m - [38;2;116;173;209mautoid.py:reidentify:603[0m - shift = -0.749, stretch = 0.988, cc = 0.714
[1;38;2;253;174;97m [WARNING][0m - [38;2;116;173;209mfitting.py:robust_fit:456[0m - Maximum number of iterations maxiter=10 reached in robust_polyfit_djs
[1;38;2;49;54;149m    [INFO][0m - [38;2;116;173;209mwv_fitting.py:iterative_fitting:462[0m - RMS of the final wavelength fit: 0.0764547 pixels
[1;38;2;49;54;149m    [INFO][0m - [38;2;116;173;209mautoid.py:full_template:1142[0m - Processing slit/order 1682 (20/24)
[1;38;2;49;54;149m    [INFO][0m - [38;2;116;173;209mautoid.py:full_template:1143[0m - Using sigdetect = 5.0
[1;38;2;49;54;149m    [INFO][0m - [38;2;116;173;209mautoid.py:set_fwhm:1029[0m - Measured arc lines FWHM: 3.5 pixels
[1;38;2;49;54;149m    [INFO][0m - [38;2;116;173;209mautoid.py:full_template:1244[0m - Shift = -527.13; cc = 0.3497
[1;38;2;49;54;149m    [INFO][0m - [38;2;116;173;209mautoid.py:reidentify:595[0m - Cross-correlating with arxiv slit # 0
[1;38;2;49;54;149m    [INFO][0m - [38;2;116;173;209mautoid.py:reidentify:603[0m - shift = 8.152, stretch = 0.987, cc = 0.987
[1;38;2;49;54;149m    [INFO][0m - [38;2;116;173;209mautoid.py:reidentify:595[0m - Cross-correlating with arxiv slit # 0
[1;38;2;49;54;149m    [INFO][0m - [38;2;116;173;209mautoid.py:reidentify:603[0m - shift = -5.590, stretch = 0.976, cc = 0.638
[1;38;2;253;174;97m [WARNING][0m - [38;2;116;173;209mfitting.py:robust_fit:456[0m - Maximum number of iterations maxiter=10 reached in robust_polyfit_djs
[1;38;2;49;54;149m    [INFO][0m - [38;2;116;173;209mwv_fitting.py:iterative_fitting:462[0m - RMS of the final wavelength fit: 0.105685 pixels
[1;38;2;49;54;149m    [INFO][0m - [38;2;116;173;209mautoid.py:full_template:1142[0m - Processing slit/order 1757 (21/24)
[1;38;2;49;54;149m    [INFO][0m - [38;2;116;173;209mautoid.py:full_template:1143[0m - Using sigdetect = 5.0
[1;38;2;49;54;149m    [INFO][0m - [38;2;116;173;209mautoid.py:set_fwhm:1029[0m - Measured arc lines FWHM: 3.6 pixels
[1;38;2;49;54;149m    [INFO][0m - [38;2;116;173;209mautoid.py:full_template:1244[0m - Shift = -624.89; cc = 0.4478
[1;38;2;49;54;149m    [INFO][0m - [38;2;116;173;209mautoid.py:reidentify:595[0m - Cross-correlating with arxiv slit # 0
[1;38;2;49;54;149m    [INFO][0m - [38;2;116;173;209mautoid.py:reidentify:603[0m - shift = 5.168, stretch = 0.995, cc = 0.988
[1;38;2;49;54;149m    [INFO][0m - [38;2;116;173;209mautoid.py:reidentify:595[0m - Cross-correlating with arxiv slit # 0
[1;38;2;49;54;149m    [INFO][0m - [38;2;116;173;209mautoid.py:reidentify:603[0m - shift = -0.171, stretch = 0.988, cc = 0.713
[1;38;2;253;174;97m [WARNING][0m - [38;2;116;173;209mfitting.py:robust_fit:456[0m - Maximum number of iterations maxiter=10 reached in robust_polyfit_djs
[1;38;2;49;54;149m    [INFO][0m - [38;2;116;173;209mwv_fitting.py:iterative_fitting:462[0m - RMS of the final wavelength fit: 0.0837307 pixels
[1;38;2;49;54;149m    [INFO][0m - [38;2;116;173;209mautoid.py:full_template:1142[0m - Processing slit/order 1836 (22/24)
[1;38;2;49;54;149m    [INFO][0m - [38;2;116;173;209mautoid.py:full_template:1143[0m - Using sigdetect = 5.0
[1;38;2;49;54;149m    [INFO][0m - [38;2;116;173;209mautoid.py:set_fwhm:1029[0m - Measured arc lines FWHM: 3.5 pixels
[1;38;2;49;54;149m    [INFO][0m - [38;2;116;173;209mautoid.py:full_template:1244[0m - Shift = -520.56; cc = 0.3413
[1;38;2;49;54;149m    [INFO][0m - [38;2;116;173;209mautoid.py:reidentify:595[0m - Cross-correlating with arxiv slit # 0
[1;38;2;49;54;149m    [INFO][0m - [38;2;116;173;209mautoid.py:reidentify:603[0m - shift = 8.447, stretch = 0.987, cc = 0.993
[1;38;2;49;54;149m    [INFO][0m - [38;2;116;173;209mautoid.py:reidentify:595[0m - Cross-correlating with arxiv slit # 0
[1;38;2;49;54;149m    [INFO][0m - [38;2;116;173;209mautoid.py:reidentify:603[0m - shift = -5.317, stretch = 0.975, cc = 0.624
[1;38;2;253;174;97m [WARNING][0m - [38;2;116;173;209mfitting.py:robust_fit:456[0m - Maximum number of iterations maxiter=10 reached in robust_polyfit_djs
[1;38;2;49;54;149m    [INFO][0m - [38;2;116;173;209mwv_fitting.py:iterative_fitting:462[0m - RMS of the final wavelength fit: 0.103006 pixels
[1;38;2;49;54;149m    [INFO][0m - [38;2;116;173;209mautoid.py:full_template:1142[0m - Processing slit/order 1913 (23/24)
[1;38;2;49;54;149m    [INFO][0m - [38;2;116;173;209mautoid.py:full_template:1143[0m - Using sigdetect = 5.0
[1;38;2;49;54;149m    [INFO][0m - [38;2;116;173;209mautoid.py:set_fwhm:1029[0m - Measured arc lines FWHM: 3.6 pixels
[1;38;2;49;54;149m    [INFO][0m - [38;2;116;173;209mautoid.py:full_template:1244[0m - Shift = -626.79; cc = 0.4947
[1;38;2;49;54;149m    [INFO][0m - [38;2;116;173;209mautoid.py:reidentify:595[0m - Cross-correlating with arxiv slit # 0
[1;38;2;49;54;149m    [INFO][0m - [38;2;116;173;209mautoid.py:reidentify:603[0m - shift = 5.026, stretch = 0.994, cc = 0.970
[1;38;2;49;54;149m    [INFO][0m - [38;2;116;173;209mautoid.py:reidentify:595[0m - Cross-correlating with arxiv slit # 0
[1;38;2;49;54;149m    [INFO][0m - [38;2;116;173;209mautoid.py:reidentify:603[0m - shift = 0.149, stretch = 0.989, cc = 0.703
[1;38;2;49;54;149m    [INFO][0m - [38;2;116;173;209mwv_fitting.py:iterative_fitting:462[0m - RMS of the final wavelength fit: 0.147478 pixels
[1;38;2;49;54;149m    [INFO][0m - [38;2;116;173;209mautoid.py:full_template:1142[0m - Processing slit/order 1995 (24/24)
[1;38;2;49;54;149m    [INFO][0m - [38;2;116;173;209mautoid.py:full_template:1143[0m - Using sigdetect = 5.0
[1;38;2;49;54;149m    [INFO][0m - [38;2;116;173;209mautoid.py:set_fwhm:1029[0m - Measured arc lines FWHM: 3.5 pixels
[1;38;2;49;54;149m    [INFO][0m - [38;2;116;173;209mautoid.py:full_template:1244[0m - Shift = -509.80; cc = 0.3398
[1;38;2;49;54;149m    [INFO][0m - [38;2;116;173;209mautoid.py:reidentify:595[0m - Cross-correlating with arxiv slit # 0
[1;38;2;49;54;149m    [INFO][0m - [38;2;116;173;209mautoid.py:reidentify:603[0m - shift = 8.880, stretch = 0.986, cc = 0.984
[1;38;2;49;54;149m    [INFO][0m - [38;2;116;173;209mautoid.py:reidentify:595[0m - Cross-correlating with arxiv slit # 0
[1;38;2;49;54;149m    [INFO][0m - [38;2;116;173;209mautoid.py:reidentify:603[0m - shift = -5.382, stretch = 0.975, cc = 0.623
[1;38;2;253;174;97m [WARNING][0m - [38;2;116;173;209mfitting.py:robust_fit:456[0m - Maximum number of iterations maxiter=10 reached in robust_polyfit_djs
[1;38;2;49;54;149m    [INFO][0m - [38;2;116;173;209mwv_fitting.py:iterative_fitting:462[0m - RMS of the final wavelength fit: 0.0987282 pixels
[1;38;2;49;54;149m    [INFO][0m - [38;2;116;173;209mwavecalib.py:build_wv_calib:795[0m - Preparing wavelength calibration QA for slit 1/24
[1;38;2;49;54;149m    [INFO][0m - [38;2;116;173;209mwavecalib.py:build_wv_calib:795[0m - Preparing wavelength calibration QA for slit 2/24
[1;38;2;49;54;149m    [INFO][0m - [38;2;116;173;209mwavecalib.py:build_wv_calib:795[0m - Preparing wavelength calibration QA for slit 3/24
[1;38;2;49;54;149m    [INFO][0m - [38;2;116;173;209mwavecalib.py:build_wv_calib:795[0m - Preparing wavelength calibration QA for slit 4/24
[1;38;2;49;54;149m    [INFO][0m - [38;2;116;173;209mwavecalib.py:build_wv_calib:795[0m - Preparing wavelength calibration QA for slit 5/24
[1;38;2;49;54;149m    [INFO][0m - [38;2;116;173;209mwavecalib.py:build_wv_calib:795[0m - Preparing wavelength calibration QA for slit 6/24
[1;38;2;49;54;149m    [INFO][0m - [38;2;116;173;209mwavecalib.py:build_wv_calib:795[0m - Preparing wavelength calibration QA for slit 7/24
[1;38;2;49;54;149m    [INFO][0m - [38;2;116;173;209mwavecalib.py:build_wv_calib:795[0m - Preparing wavelength calibration QA for slit 8/24
[1;38;2;49;54;149m    [INFO][0m - [38;2;116;173;209mwavecalib.py:build_wv_calib:795[0m - Preparing wavelength calibration QA for slit 9/24
[1;38;2;49;54;149m    [INFO][0m - [38;2;116;173;209mwavecalib.py:build_wv_calib:795[0m - Preparing wavelength calibration QA for slit 10/24
[1;38;2;49;54;149m    [INFO][0m - [38;2;116;173;209mwavecalib.py:build_wv_calib:795[0m - Preparing wavelength calibration QA for slit 11/24
[1;38;2;49;54;149m    [INFO][0m - [38;2;116;173;209mwavecalib.py:build_wv_calib:795[0m - Preparing wavelength calibration QA for slit 12/24
[1;38;2;49;54;149m    [INFO][0m - [38;2;116;173;209mwavecalib.py:build_wv_calib:795[0m - Preparing wavelength calibration QA for slit 13/24
[1;38;2;49;54;149m    [INFO][0m - [38;2;116;173;209mwavecalib.py:build_wv_calib:795[0m - Preparing wavelength calibration QA for slit 14/24
[1;38;2;49;54;149m    [INFO][0m - [38;2;116;173;209mwavecalib.py:build_wv_calib:795[0m - Preparing wavelength calibration QA for slit 15/24
[1;38;2;49;54;149m    [INFO][0m - [38;2;116;173;209mwavecalib.py:build_wv_calib:795[0m - Preparing wavelength calibration QA for slit 16/24
[1;38;2;49;54;149m    [INFO][0m - [38;2;116;173;209mwavecalib.py:build_wv_calib:795[0m - Preparing wavelength calibration QA for slit 17/24
[1;38;2;49;54;149m    [INFO][0m - [38;2;116;173;209mwavecalib.py:build_wv_calib:795[0m - Preparing wavelength calibration QA for slit 18/24
[1;38;2;49;54;149m    [INFO][0m - [38;2;116;173;209mwavecalib.py:build_wv_calib:795[0m - Preparing wavelength calibration QA for slit 19/24
[1;38;2;49;54;149m    [INFO][0m - [38;2;116;173;209mwavecalib.py:build_wv_calib:795[0m - Preparing wavelength calibration QA for slit 20/24
[1;38;2;49;54;149m    [INFO][0m - [38;2;116;173;209mwavecalib.py:build_wv_calib:795[0m - Preparing wavelength calibration QA for slit 21/24
[1;38;2;49;54;149m    [INFO][0m - [38;2;116;173;209mwavecalib.py:build_wv_calib:795[0m - Preparing wavelength calibration QA for slit 22/24
[1;38;2;49;54;149m    [INFO][0m - [38;2;116;173;209mwavecalib.py:build_wv_calib:795[0m - Preparing wavelength calibration QA for slit 23/24
[1;38;2;49;54;149m    [INFO][0m - [38;2;116;173;209mwavecalib.py:build_wv_calib:795[0m - Preparing wavelength calibration QA for slit 24/24
[1;38;2;49;54;149m    [INFO][0m - [38;2;116;173;209mio.py:write_to_fits:672[0m - File written to: /Users/kaiwenzhang/PycharmProjects/KCWI/KCWI_RED_channel_characterization/RH1 pypeit run/2023-11-07/pypeit_run/keck_kcrm_B/Calibrations/WaveCalib_B_1_DET01.fits
[1;38;2;49;54;149m    [INFO][0m - [38;2;116;173;209marc.py:get_censpec:491[0m - Extracting approximate arc spectrum of slit 1/24
[1;38;2;49;54;149m    [INFO][0m - [38;2;116;173;209marc.py:get_censpec:491[0m - Extracting approximate arc spectrum of slit 2/24
[1;38;2;49;54;149m    [INFO][0m - [38;2;116;173;209marc.py:get_censpec:491[0m - Extracting approximate arc spectrum of slit 3/24
[1;38;2;49;54;149m    [INFO][0m - [38;2;116;173;209marc.py:get_censpec:491[0m - Extracting approximate arc spectrum of slit 4/24
[1;38;2;49;54;149m    [INFO][0m - [38;2;116;173;209marc.py:get_censpec:491[0m - Extracting approximate arc spectrum of slit 5/24
[1;38;2;49;54;149m    [INFO][0m - [38;2;116;173;209marc.py:get_censpec:491[0m - Extracting approximate arc spectrum of slit 6/24
[1;38;2;49;54;149m    [INFO][0m - [38;2;116;173;209marc.py:get_censpec:491[0m - Extracting approximate arc spectrum of slit 7/24
[1;38;2;49;54;149m    [INFO][0m - [38;2;116;173;209marc.py:get_censpec:491[0m - Extracting approximate arc spectrum of slit 8/24
[1;38;2;49;54;149m    [INFO][0m - [38;2;116;173;209marc.py:get_censpec:491[0m - Extracting approximate arc spectrum of slit 9/24
[1;38;2;49;54;149m    [INFO][0m - [38;2;116;173;209marc.py:get_censpec:491[0m - Extracting approximate arc spectrum of slit 10/24
[1;38;2;49;54;149m    [INFO][0m - [38;2;116;173;209marc.py:get_censpec:491[0m - Extracting approximate arc spectrum of slit 11/24
[1;38;2;49;54;149m    [INFO][0m - [38;2;116;173;209marc.py:get_censpec:491[0m - Extracting approximate arc spectrum of slit 12/24
[1;38;2;49;54;149m    [INFO][0m - [38;2;116;173;209marc.py:get_censpec:491[0m - Extracting approximate arc spectrum of slit 13/24
[1;38;2;49;54;149m    [INFO][0m - [38;2;116;173;209marc.py:get_censpec:491[0m - Extracting approximate arc spectrum of slit 14/24
[1;38;2;49;54;149m    [INFO][0m - [38;2;116;173;209marc.py:get_censpec:491[0m - Extracting approximate arc spectrum of slit 15/24
[1;38;2;49;54;149m    [INFO][0m - [38;2;116;173;209marc.py:get_censpec:491[0m - Extracting approximate arc spectrum of slit 16/24
[1;38;2;49;54;149m    [INFO][0m - [38;2;116;173;209marc.py:get_censpec:491[0m - Extracting approximate arc spectrum of slit 17/24
[1;38;2;49;54;149m    [INFO][0m - [38;2;116;173;209marc.py:get_censpec:491[0m - Extracting approximate arc spectrum of slit 18/24
[1;38;2;49;54;149m    [INFO][0m - [38;2;116;173;209marc.py:get_censpec:491[0m - Extracting approximate arc spectrum of slit 19/24
[1;38;2;49;54;149m    [INFO][0m - [38;2;116;173;209marc.py:get_censpec:491[0m - Extracting approximate arc spectrum of slit 20/24
[1;38;2;49;54;149m    [INFO][0m - [38;2;116;173;209marc.py:get_censpec:491[0m - Extracting approximate arc spectrum of slit 21/24
[1;38;2;49;54;149m    [INFO][0m - [38;2;116;173;209marc.py:get_censpec:491[0m - Extracting approximate arc spectrum of slit 22/24
[1;38;2;49;54;149m    [INFO][0m - [38;2;116;173;209marc.py:get_censpec:491[0m - Extracting approximate arc spectrum of slit 23/24
[1;38;2;49;54;149m    [INFO][0m - [38;2;116;173;209marc.py:get_censpec:491[0m - Extracting approximate arc spectrum of slit 24/24
[1;38;2;49;54;149m    [INFO][0m - [38;2;116;173;209mwavetilts.py:run:748[0m - Computing tilts for slit/order 60 (1/24)
[1;38;2;49;54;149m    [INFO][0m - [38;2;116;173;209mautoid.py:set_fwhm:1029[0m - Measured arc lines FWHM: 3.6 pixels
[1;38;2;49;54;149m    [INFO][0m - [38;2;116;173;209mwavetilts.py:run:752[0m - Finding lines for tilt analysis
[1;38;2;49;54;149m    [INFO][0m - [38;2;116;173;209mtracewave.py:tilts_find_lines:82[0m - Rejecting 29 lines below sigma threshold.
[1;38;2;49;54;149m    [INFO][0m - [38;2;116;173;209mtracewave.py:tilts_find_lines:103[0m - Removed 4 lines that were too close to neighboring lines.
[1;38;2;49;54;149m    [INFO][0m - [38;2;116;173;209mtracewave.py:tilts_find_lines:125[0m - Modeling arc line tilts with 40 arc lines
[1;38;2;49;54;149m    [INFO][0m - [38;2;116;173;209mwavetilts.py:run:769[0m - Trace the tilts
[1;38;2;49;54;149m    [INFO][0m - [38;2;116;173;209mtracewave.py:trace_tilts_work:482[0m - Number of usable arc lines for tilts: 39/40
[1;38;2;49;54;149m    [INFO][0m - [38;2;116;173;209mtracewave.py:trace_tilts:638[0m - PCA modeling 39 good tilts
[1;38;2;49;54;149m    [INFO][0m - [38;2;116;173;209mpca.py:pca_decomposition:101[0m - The unconstrained PCA yields 39 components.
[1;38;2;49;54;149m    [INFO][0m - [38;2;116;173;209mpca.py:pca_decomposition:115[0m - PCA will include 2 component(s), containing 99.827% of the total variance.
[1;38;2;49;54;149m    [INFO][0m - [38;2;116;173;209mtracepca.py:pca_trace_object:410[0m - Order of function fit to each component: [2 1]
[1;38;2;49;54;149m    [INFO][0m - [38;2;116;173;209mtracewave.py:trace_tilts_work:482[0m - Number of usable arc lines for tilts: 39/40
[1;38;2;49;54;149m    [INFO][0m - [38;2;116;173;209mtracewave.py:fit_tilts:706[0m - Fitting tilts with a low order, 2D legendre2d
[1;38;2;49;54;149m    [INFO][0m - [38;2;116;173;209mtracewave.py:fit_tilts:743[0m - Residuals: 2D Legendre Fit
[1;38;2;49;54;149m    [INFO][0m - [38;2;116;173;209mtracewave.py:fit_tilts:744[0m - RMS (pixels): 0.019990380406897948
[1;38;2;49;54;149m    [INFO][0m - [38;2;116;173;209mtracewave.py:fit_tilts:745[0m - RMS/FWHM: 0.005555332661410464
[1;38;2;49;54;149m    [INFO][0m - [38;2;116;173;209mtracewave.py:fit_tilts:747[0m - Inverting the fit to generate the tilts image
[1;38;2;49;54;149m    [INFO][0m - [38;2;116;173;209mtracewave.py:fit_tilts:806[0m - Rejected 0/167345 pixels in final inversion tilts image fit
[1;38;2;253;174;97m [WARNING][0m - [38;2;116;173;209m_methods.py:_var:155[0m - RuntimeWarning: Degrees of freedom <= 0 for slice
[1;38;2;253;174;97m [WARNING][0m - [38;2;116;173;209m_methods.py:_var:178[0m - RuntimeWarning: invalid value encountered in divide
[1;38;2;253;174;97m [WARNING][0m - [38;2;116;173;209m_methods.py:_var:211[0m - RuntimeWarning: invalid value encountered in scalar divide
[1;38;2;49;54;149m    [INFO][0m - [38;2;116;173;209mwavetilts.py:run:748[0m - Computing tilts for slit/order 140 (2/24)
[1;38;2;49;54;149m    [INFO][0m - [38;2;116;173;209mautoid.py:set_fwhm:1029[0m - Measured arc lines FWHM: 3.6 pixels
[1;38;2;49;54;149m    [INFO][0m - [38;2;116;173;209mwavetilts.py:run:752[0m - Finding lines for tilt analysis
[1;38;2;49;54;149m    [INFO][0m - [38;2;116;173;209mtracewave.py:tilts_find_lines:82[0m - Rejecting 33 lines below sigma threshold.
[1;38;2;49;54;149m    [INFO][0m - [38;2;116;173;209mtracewave.py:tilts_find_lines:103[0m - Removed 2 lines that were too close to neighboring lines.
[1;38;2;49;54;149m    [INFO][0m - [38;2;116;173;209mtracewave.py:tilts_find_lines:125[0m - Modeling arc line tilts with 37 arc lines
[1;38;2;49;54;149m    [INFO][0m - [38;2;116;173;209mwavetilts.py:run:769[0m - Trace the tilts
[1;38;2;49;54;149m    [INFO][0m - [38;2;116;173;209mtracewave.py:trace_tilts_work:482[0m - Number of usable arc lines for tilts: 37/37
[1;38;2;49;54;149m    [INFO][0m - [38;2;116;173;209mtracewave.py:trace_tilts:638[0m - PCA modeling 37 good tilts
[1;38;2;49;54;149m    [INFO][0m - [38;2;116;173;209mpca.py:pca_decomposition:101[0m - The unconstrained PCA yields 37 components.
[1;38;2;49;54;149m    [INFO][0m - [38;2;116;173;209mpca.py:pca_decomposition:115[0m - PCA will include 2 component(s), containing 99.837% of the total variance.
[1;38;2;49;54;149m    [INFO][0m - [38;2;116;173;209mtracepca.py:pca_trace_object:410[0m - Order of function fit to each component: [2 1]
[1;38;2;49;54;149m    [INFO][0m - [38;2;116;173;209mtracewave.py:trace_tilts_work:482[0m - Number of usable arc lines for tilts: 37/37
[1;38;2;49;54;149m    [INFO][0m - [38;2;116;173;209mtracewave.py:fit_tilts:706[0m - Fitting tilts with a low order, 2D legendre2d
[1;38;2;49;54;149m    [INFO][0m - [38;2;116;173;209mtracewave.py:fit_tilts:743[0m - Residuals: 2D Legendre Fit
[1;38;2;49;54;149m    [INFO][0m - [38;2;116;173;209mtracewave.py:fit_tilts:744[0m - RMS (pixels): 0.022950612545920245
[1;38;2;49;54;149m    [INFO][0m - [38;2;116;173;209mtracewave.py:fit_tilts:745[0m - RMS/FWHM: 0.006460049229561965
[1;38;2;49;54;149m    [INFO][0m - [38;2;116;173;209mtracewave.py:fit_tilts:747[0m - Inverting the fit to generate the tilts image
[1;38;2;49;54;149m    [INFO][0m - [38;2;116;173;209mtracewave.py:fit_tilts:806[0m - Rejected 0/167716 pixels in final inversion tilts image fit
[1;38;2;49;54;149m    [INFO][0m - [38;2;116;173;209mwavetilts.py:run:748[0m - Computing tilts for slit/order 216 (3/24)
[1;38;2;49;54;149m    [INFO][0m - [38;2;116;173;209mautoid.py:set_fwhm:1029[0m - Measured arc lines FWHM: 3.6 pixels
[1;38;2;49;54;149m    [INFO][0m - [38;2;116;173;209mwavetilts.py:run:752[0m - Finding lines for tilt analysis
[1;38;2;49;54;149m    [INFO][0m - [38;2;116;173;209mtracewave.py:tilts_find_lines:82[0m - Rejecting 28 lines below sigma threshold.
[1;38;2;49;54;149m    [INFO][0m - [38;2;116;173;209mtracewave.py:tilts_find_lines:103[0m - Removed 2 lines that were too close to neighboring lines.
[1;38;2;49;54;149m    [INFO][0m - [38;2;116;173;209mtracewave.py:tilts_find_lines:125[0m - Modeling arc line tilts with 39 arc lines
[1;38;2;49;54;149m    [INFO][0m - [38;2;116;173;209mwavetilts.py:run:769[0m - Trace the tilts
[1;38;2;49;54;149m    [INFO][0m - [38;2;116;173;209mtracewave.py:trace_tilts_work:482[0m - Number of usable arc lines for tilts: 39/39
[1;38;2;49;54;149m    [INFO][0m - [38;2;116;173;209mtracewave.py:trace_tilts:638[0m - PCA modeling 39 good tilts
[1;38;2;49;54;149m    [INFO][0m - [38;2;116;173;209mpca.py:pca_decomposition:101[0m - The unconstrained PCA yields 39 components.
[1;38;2;49;54;149m    [INFO][0m - [38;2;116;173;209mpca.py:pca_decomposition:115[0m - PCA will include 2 component(s), containing 99.833% of the total variance.
[1;38;2;49;54;149m    [INFO][0m - [38;2;116;173;209mtracepca.py:pca_trace_object:410[0m - Order of function fit to each component: [2 1]
[1;38;2;49;54;149m    [INFO][0m - [38;2;116;173;209mtracewave.py:trace_tilts_work:482[0m - Number of usable arc lines for tilts: 39/39
[1;38;2;49;54;149m    [INFO][0m - [38;2;116;173;209mtracewave.py:fit_tilts:706[0m - Fitting tilts with a low order, 2D legendre2d
[1;38;2;49;54;149m    [INFO][0m - [38;2;116;173;209mtracewave.py:fit_tilts:743[0m - Residuals: 2D Legendre Fit
[1;38;2;49;54;149m    [INFO][0m - [38;2;116;173;209mtracewave.py:fit_tilts:744[0m - RMS (pixels): 0.01926482097053003
[1;38;2;49;54;149m    [INFO][0m - [38;2;116;173;209mtracewave.py:fit_tilts:745[0m - RMS/FWHM: 0.005351838046002946
[1;38;2;49;54;149m    [INFO][0m - [38;2;116;173;209mtracewave.py:fit_tilts:747[0m - Inverting the fit to generate the tilts image
[1;38;2;49;54;149m    [INFO][0m - [38;2;116;173;209mtracewave.py:fit_tilts:806[0m - Rejected 0/167992 pixels in final inversion tilts image fit
[1;38;2;49;54;149m    [INFO][0m - [38;2;116;173;209mwavetilts.py:run:748[0m - Computing tilts for slit/order 294 (4/24)
[1;38;2;49;54;149m    [INFO][0m - [38;2;116;173;209mautoid.py:set_fwhm:1029[0m - Measured arc lines FWHM: 3.6 pixels
[1;38;2;49;54;149m    [INFO][0m - [38;2;116;173;209mwavetilts.py:run:752[0m - Finding lines for tilt analysis
[1;38;2;49;54;149m    [INFO][0m - [38;2;116;173;209mtracewave.py:tilts_find_lines:82[0m - Rejecting 34 lines below sigma threshold.
[1;38;2;49;54;149m    [INFO][0m - [38;2;116;173;209mtracewave.py:tilts_find_lines:103[0m - Removed 2 lines that were too close to neighboring lines.
[1;38;2;49;54;149m    [INFO][0m - [38;2;116;173;209mtracewave.py:tilts_find_lines:125[0m - Modeling arc line tilts with 38 arc lines
[1;38;2;49;54;149m    [INFO][0m - [38;2;116;173;209mwavetilts.py:run:769[0m - Trace the tilts
[1;38;2;49;54;149m    [INFO][0m - [38;2;116;173;209mtracewave.py:trace_tilts_work:482[0m - Number of usable arc lines for tilts: 35/38
[1;38;2;49;54;149m    [INFO][0m - [38;2;116;173;209mtracewave.py:trace_tilts:638[0m - PCA modeling 35 good tilts
[1;38;2;49;54;149m    [INFO][0m - [38;2;116;173;209mpca.py:pca_decomposition:101[0m - The unconstrained PCA yields 35 components.
[1;38;2;49;54;149m    [INFO][0m - [38;2;116;173;209mpca.py:pca_decomposition:115[0m - PCA will include 2 component(s), containing 99.882% of the total variance.
[1;38;2;49;54;149m    [INFO][0m - [38;2;116;173;209mtracepca.py:pca_trace_object:410[0m - Order of function fit to each component: [2 1]
[1;38;2;49;54;149m    [INFO][0m - [38;2;116;173;209mtracewave.py:trace_tilts_work:482[0m - Number of usable arc lines for tilts: 35/38
[1;38;2;49;54;149m    [INFO][0m - [38;2;116;173;209mtracewave.py:fit_tilts:706[0m - Fitting tilts with a low order, 2D legendre2d
[1;38;2;49;54;149m    [INFO][0m - [38;2;116;173;209mtracewave.py:fit_tilts:743[0m - Residuals: 2D Legendre Fit
[1;38;2;49;54;149m    [INFO][0m - [38;2;116;173;209mtracewave.py:fit_tilts:744[0m - RMS (pixels): 0.018150227465899442
[1;38;2;49;54;149m    [INFO][0m - [38;2;116;173;209mtracewave.py:fit_tilts:745[0m - RMS/FWHM: 0.00511250921325527
[1;38;2;49;54;149m    [INFO][0m - [38;2;116;173;209mtracewave.py:fit_tilts:747[0m - Inverting the fit to generate the tilts image
[1;38;2;49;54;149m    [INFO][0m - [38;2;116;173;209mtracewave.py:fit_tilts:806[0m - Rejected 0/167965 pixels in final inversion tilts image fit
[1;38;2;253;174;97m [WARNING][0m - [38;2;116;173;209m_methods.py:_var:155[0m - RuntimeWarning: Degrees of freedom <= 0 for slice
[1;38;2;253;174;97m [WARNING][0m - [38;2;116;173;209m_methods.py:_var:178[0m - RuntimeWarning: invalid value encountered in divide
[1;38;2;253;174;97m [WARNING][0m - [38;2;116;173;209m_methods.py:_var:211[0m - RuntimeWarning: invalid value encountered in scalar divide
[1;38;2;49;54;149m    [INFO][0m - [38;2;116;173;209mwavetilts.py:run:748[0m - Computing tilts for slit/order 368 (5/24)
[1;38;2;49;54;149m    [INFO][0m - [38;2;116;173;209mautoid.py:set_fwhm:1029[0m - Measured arc lines FWHM: 3.6 pixels
[1;38;2;49;54;149m    [INFO][0m - [38;2;116;173;209mwavetilts.py:run:752[0m - Finding lines for tilt analysis
[1;38;2;49;54;149m    [INFO][0m - [38;2;116;173;209mtracewave.py:tilts_find_lines:82[0m - Rejecting 25 lines below sigma threshold.
[1;38;2;49;54;149m    [INFO][0m - [38;2;116;173;209mtracewave.py:tilts_find_lines:103[0m - Removed 2 lines that were too close to neighboring lines.
[1;38;2;49;54;149m    [INFO][0m - [38;2;116;173;209mtracewave.py:tilts_find_lines:125[0m - Modeling arc line tilts with 40 arc lines
[1;38;2;49;54;149m    [INFO][0m - [38;2;116;173;209mwavetilts.py:run:769[0m - Trace the tilts
[1;38;2;49;54;149m    [INFO][0m - [38;2;116;173;209mtracewave.py:trace_tilts_work:482[0m - Number of usable arc lines for tilts: 39/40
[1;38;2;49;54;149m    [INFO][0m - [38;2;116;173;209mtracewave.py:trace_tilts:638[0m - PCA modeling 39 good tilts
[1;38;2;49;54;149m    [INFO][0m - [38;2;116;173;209mpca.py:pca_decomposition:101[0m - The unconstrained PCA yields 39 components.
[1;38;2;49;54;149m    [INFO][0m - [38;2;116;173;209mpca.py:pca_decomposition:115[0m - PCA will include 2 component(s), containing 99.278% of the total variance.
[1;38;2;49;54;149m    [INFO][0m - [38;2;116;173;209mtracepca.py:pca_trace_object:410[0m - Order of function fit to each component: [2 1]
[1;38;2;49;54;149m    [INFO][0m - [38;2;116;173;209mtracewave.py:trace_tilts_work:482[0m - Number of usable arc lines for tilts: 39/40
[1;38;2;49;54;149m    [INFO][0m - [38;2;116;173;209mtracewave.py:fit_tilts:706[0m - Fitting tilts with a low order, 2D legendre2d
[1;38;2;49;54;149m    [INFO][0m - [38;2;116;173;209mtracewave.py:fit_tilts:743[0m - Residuals: 2D Legendre Fit
[1;38;2;49;54;149m    [INFO][0m - [38;2;116;173;209mtracewave.py:fit_tilts:744[0m - RMS (pixels): 0.017862241430766566
[1;38;2;49;54;149m    [INFO][0m - [38;2;116;173;209mtracewave.py:fit_tilts:745[0m - RMS/FWHM: 0.0049278915596593755
[1;38;2;49;54;149m    [INFO][0m - [38;2;116;173;209mtracewave.py:fit_tilts:747[0m - Inverting the fit to generate the tilts image
[1;38;2;49;54;149m    [INFO][0m - [38;2;116;173;209mtracewave.py:fit_tilts:806[0m - Rejected 0/168004 pixels in final inversion tilts image fit
[1;38;2;253;174;97m [WARNING][0m - [38;2;116;173;209m_methods.py:_var:155[0m - RuntimeWarning: Degrees of freedom <= 0 for slice
[1;38;2;253;174;97m [WARNING][0m - [38;2;116;173;209m_methods.py:_var:178[0m - RuntimeWarning: invalid value encountered in divide
[1;38;2;253;174;97m [WARNING][0m - [38;2;116;173;209m_methods.py:_var:211[0m - RuntimeWarning: invalid value encountered in scalar divide
[1;38;2;49;54;149m    [INFO][0m - [38;2;116;173;209mwavetilts.py:run:748[0m - Computing tilts for slit/order 443 (6/24)
[1;38;2;49;54;149m    [INFO][0m - [38;2;116;173;209mautoid.py:set_fwhm:1029[0m - Measured arc lines FWHM: 3.6 pixels
[1;38;2;49;54;149m    [INFO][0m - [38;2;116;173;209mwavetilts.py:run:752[0m - Finding lines for tilt analysis
[1;38;2;49;54;149m    [INFO][0m - [38;2;116;173;209mtracewave.py:tilts_find_lines:82[0m - Rejecting 34 lines below sigma threshold.
[1;38;2;49;54;149m    [INFO][0m - [38;2;116;173;209mtracewave.py:tilts_find_lines:103[0m - Removed 3 lines that were too close to neighboring lines.
[1;38;2;49;54;149m    [INFO][0m - [38;2;116;173;209mtracewave.py:tilts_find_lines:125[0m - Modeling arc line tilts with 40 arc lines
[1;38;2;49;54;149m    [INFO][0m - [38;2;116;173;209mwavetilts.py:run:769[0m - Trace the tilts
[1;38;2;49;54;149m    [INFO][0m - [38;2;116;173;209mtracewave.py:trace_tilts_work:482[0m - Number of usable arc lines for tilts: 38/40
[1;38;2;49;54;149m    [INFO][0m - [38;2;116;173;209mtracewave.py:trace_tilts:638[0m - PCA modeling 38 good tilts
[1;38;2;49;54;149m    [INFO][0m - [38;2;116;173;209mpca.py:pca_decomposition:101[0m - The unconstrained PCA yields 38 components.
[1;38;2;49;54;149m    [INFO][0m - [38;2;116;173;209mpca.py:pca_decomposition:115[0m - PCA will include 2 component(s), containing 99.918% of the total variance.
[1;38;2;49;54;149m    [INFO][0m - [38;2;116;173;209mtracepca.py:pca_trace_object:410[0m - Order of function fit to each component: [2 1]
[1;38;2;49;54;149m    [INFO][0m - [38;2;116;173;209mtracewave.py:trace_tilts_work:482[0m - Number of usable arc lines for tilts: 39/40
[1;38;2;49;54;149m    [INFO][0m - [38;2;116;173;209mtracewave.py:fit_tilts:706[0m - Fitting tilts with a low order, 2D legendre2d
[1;38;2;49;54;149m    [INFO][0m - [38;2;116;173;209mtracewave.py:fit_tilts:743[0m - Residuals: 2D Legendre Fit
[1;38;2;49;54;149m    [INFO][0m - [38;2;116;173;209mtracewave.py:fit_tilts:744[0m - RMS (pixels): 0.01857183701401094
[1;38;2;49;54;149m    [INFO][0m - [38;2;116;173;209mtracewave.py:fit_tilts:745[0m - RMS/FWHM: 0.005213470218045843
[1;38;2;49;54;149m    [INFO][0m - [38;2;116;173;209mtracewave.py:fit_tilts:747[0m - Inverting the fit to generate the tilts image
[1;38;2;49;54;149m    [INFO][0m - [38;2;116;173;209mtracewave.py:fit_tilts:806[0m - Rejected 0/167896 pixels in final inversion tilts image fit
[1;38;2;253;174;97m [WARNING][0m - [38;2;116;173;209m_methods.py:_var:155[0m - RuntimeWarning: Degrees of freedom <= 0 for slice
[1;38;2;253;174;97m [WARNING][0m - [38;2;116;173;209m_methods.py:_var:178[0m - RuntimeWarning: invalid value encountered in divide
[1;38;2;253;174;97m [WARNING][0m - [38;2;116;173;209m_methods.py:_var:211[0m - RuntimeWarning: invalid value encountered in scalar divide
[1;38;2;49;54;149m    [INFO][0m - [38;2;116;173;209mwavetilts.py:run:748[0m - Computing tilts for slit/order 516 (7/24)
[1;38;2;49;54;149m    [INFO][0m - [38;2;116;173;209mautoid.py:set_fwhm:1029[0m - Measured arc lines FWHM: 3.6 pixels
[1;38;2;49;54;149m    [INFO][0m - [38;2;116;173;209mwavetilts.py:run:752[0m - Finding lines for tilt analysis
[1;38;2;49;54;149m    [INFO][0m - [38;2;116;173;209mtracewave.py:tilts_find_lines:82[0m - Rejecting 28 lines below sigma threshold.
[1;38;2;49;54;149m    [INFO][0m - [38;2;116;173;209mtracewave.py:tilts_find_lines:103[0m - Removed 1 lines that were too close to neighboring lines.
[1;38;2;49;54;149m    [INFO][0m - [38;2;116;173;209mtracewave.py:tilts_find_lines:125[0m - Modeling arc line tilts with 40 arc lines
[1;38;2;49;54;149m    [INFO][0m - [38;2;116;173;209mwavetilts.py:run:769[0m - Trace the tilts
[1;38;2;49;54;149m    [INFO][0m - [38;2;116;173;209mtracewave.py:trace_tilts_work:482[0m - Number of usable arc lines for tilts: 40/40
[1;38;2;49;54;149m    [INFO][0m - [38;2;116;173;209mtracewave.py:trace_tilts:638[0m - PCA modeling 40 good tilts
[1;38;2;49;54;149m    [INFO][0m - [38;2;116;173;209mpca.py:pca_decomposition:101[0m - The unconstrained PCA yields 40 components.
[1;38;2;49;54;149m    [INFO][0m - [38;2;116;173;209mpca.py:pca_decomposition:115[0m - PCA will include 2 component(s), containing 99.937% of the total variance.
[1;38;2;49;54;149m    [INFO][0m - [38;2;116;173;209mtracepca.py:pca_trace_object:410[0m - Order of function fit to each component: [2 1]
[1;38;2;49;54;149m    [INFO][0m - [38;2;116;173;209mtracewave.py:trace_tilts_work:482[0m - Number of usable arc lines for tilts: 40/40
[1;38;2;49;54;149m    [INFO][0m - [38;2;116;173;209mtracewave.py:fit_tilts:706[0m - Fitting tilts with a low order, 2D legendre2d
[1;38;2;49;54;149m    [INFO][0m - [38;2;116;173;209mtracewave.py:fit_tilts:743[0m - Residuals: 2D Legendre Fit
[1;38;2;49;54;149m    [INFO][0m - [38;2;116;173;209mtracewave.py:fit_tilts:744[0m - RMS (pixels): 0.017666286150235435
[1;38;2;49;54;149m    [INFO][0m - [38;2;116;173;209mtracewave.py:fit_tilts:745[0m - RMS/FWHM: 0.004914567371436141
[1;38;2;49;54;149m    [INFO][0m - [38;2;116;173;209mtracewave.py:fit_tilts:747[0m - Inverting the fit to generate the tilts image
[1;38;2;49;54;149m    [INFO][0m - [38;2;116;173;209mtracewave.py:fit_tilts:806[0m - Rejected 0/167858 pixels in final inversion tilts image fit
[1;38;2;49;54;149m    [INFO][0m - [38;2;116;173;209mwavetilts.py:run:748[0m - Computing tilts for slit/order 590 (8/24)
[1;38;2;49;54;149m    [INFO][0m - [38;2;116;173;209mautoid.py:set_fwhm:1029[0m - Measured arc lines FWHM: 3.6 pixels
[1;38;2;49;54;149m    [INFO][0m - [38;2;116;173;209mwavetilts.py:run:752[0m - Finding lines for tilt analysis
[1;38;2;49;54;149m    [INFO][0m - [38;2;116;173;209mtracewave.py:tilts_find_lines:82[0m - Rejecting 34 lines below sigma threshold.
[1;38;2;49;54;149m    [INFO][0m - [38;2;116;173;209mtracewave.py:tilts_find_lines:103[0m - Removed 3 lines that were too close to neighboring lines.
[1;38;2;49;54;149m    [INFO][0m - [38;2;116;173;209mtracewave.py:tilts_find_lines:125[0m - Modeling arc line tilts with 40 arc lines
[1;38;2;49;54;149m    [INFO][0m - [38;2;116;173;209mwavetilts.py:run:769[0m - Trace the tilts
[1;38;2;49;54;149m    [INFO][0m - [38;2;116;173;209mtracewave.py:trace_tilts_work:482[0m - Number of usable arc lines for tilts: 39/40
[1;38;2;49;54;149m    [INFO][0m - [38;2;116;173;209mtracewave.py:trace_tilts:638[0m - PCA modeling 39 good tilts
[1;38;2;49;54;149m    [INFO][0m - [38;2;116;173;209mpca.py:pca_decomposition:101[0m - The unconstrained PCA yields 39 components.
[1;38;2;49;54;149m    [INFO][0m - [38;2;116;173;209mpca.py:pca_decomposition:115[0m - PCA will include 2 component(s), containing 99.930% of the total variance.
[1;38;2;49;54;149m    [INFO][0m - [38;2;116;173;209mtracepca.py:pca_trace_object:410[0m - Order of function fit to each component: [2 1]
[1;38;2;49;54;149m    [INFO][0m - [38;2;116;173;209mtracewave.py:trace_tilts_work:482[0m - Number of usable arc lines for tilts: 39/40
[1;38;2;49;54;149m    [INFO][0m - [38;2;116;173;209mtracewave.py:fit_tilts:706[0m - Fitting tilts with a low order, 2D legendre2d
[1;38;2;49;54;149m    [INFO][0m - [38;2;116;173;209mtracewave.py:fit_tilts:743[0m - Residuals: 2D Legendre Fit
[1;38;2;49;54;149m    [INFO][0m - [38;2;116;173;209mtracewave.py:fit_tilts:744[0m - RMS (pixels): 0.017253648208048037
[1;38;2;49;54;149m    [INFO][0m - [38;2;116;173;209mtracewave.py:fit_tilts:745[0m - RMS/FWHM: 0.004827316172876562
[1;38;2;49;54;149m    [INFO][0m - [38;2;116;173;209mtracewave.py:fit_tilts:747[0m - Inverting the fit to generate the tilts image
[1;38;2;49;54;149m    [INFO][0m - [38;2;116;173;209mtracewave.py:fit_tilts:806[0m - Rejected 0/167962 pixels in final inversion tilts image fit
[1;38;2;253;174;97m [WARNING][0m - [38;2;116;173;209m_methods.py:_var:155[0m - RuntimeWarning: Degrees of freedom <= 0 for slice
[1;38;2;253;174;97m [WARNING][0m - [38;2;116;173;209m_methods.py:_var:178[0m - RuntimeWarning: invalid value encountered in divide
[1;38;2;253;174;97m [WARNING][0m - [38;2;116;173;209m_methods.py:_var:211[0m - RuntimeWarning: invalid value encountered in scalar divide
[1;38;2;49;54;149m    [INFO][0m - [38;2;116;173;209mwavetilts.py:run:748[0m - Computing tilts for slit/order 663 (9/24)
[1;38;2;49;54;149m    [INFO][0m - [38;2;116;173;209mautoid.py:set_fwhm:1029[0m - Measured arc lines FWHM: 3.6 pixels
[1;38;2;49;54;149m    [INFO][0m - [38;2;116;173;209mwavetilts.py:run:752[0m - Finding lines for tilt analysis
[1;38;2;49;54;149m    [INFO][0m - [38;2;116;173;209mtracewave.py:tilts_find_lines:82[0m - Rejecting 30 lines below sigma threshold.
[1;38;2;49;54;149m    [INFO][0m - [38;2;116;173;209mtracewave.py:tilts_find_lines:103[0m - Removed 2 lines that were too close to neighboring lines.
[1;38;2;49;54;149m    [INFO][0m - [38;2;116;173;209mtracewave.py:tilts_find_lines:125[0m - Modeling arc line tilts with 40 arc lines
[1;38;2;49;54;149m    [INFO][0m - [38;2;116;173;209mwavetilts.py:run:769[0m - Trace the tilts
[1;38;2;49;54;149m    [INFO][0m - [38;2;116;173;209mtracewave.py:trace_tilts_work:482[0m - Number of usable arc lines for tilts: 39/40
[1;38;2;49;54;149m    [INFO][0m - [38;2;116;173;209mtracewave.py:trace_tilts:638[0m - PCA modeling 39 good tilts
[1;38;2;49;54;149m    [INFO][0m - [38;2;116;173;209mpca.py:pca_decomposition:101[0m - The unconstrained PCA yields 39 components.
[1;38;2;49;54;149m    [INFO][0m - [38;2;116;173;209mpca.py:pca_decomposition:115[0m - PCA will include 2 component(s), containing 99.947% of the total variance.
[1;38;2;49;54;149m    [INFO][0m - [38;2;116;173;209mtracepca.py:pca_trace_object:410[0m - Order of function fit to each component: [2 1]
[1;38;2;49;54;149m    [INFO][0m - [38;2;116;173;209mtracewave.py:trace_tilts_work:482[0m - Number of usable arc lines for tilts: 39/40
[1;38;2;49;54;149m    [INFO][0m - [38;2;116;173;209mtracewave.py:fit_tilts:706[0m - Fitting tilts with a low order, 2D legendre2d
[1;38;2;49;54;149m    [INFO][0m - [38;2;116;173;209mtracewave.py:fit_tilts:743[0m - Residuals: 2D Legendre Fit
[1;38;2;49;54;149m    [INFO][0m - [38;2;116;173;209mtracewave.py:fit_tilts:744[0m - RMS (pixels): 0.016725451101523892
[1;38;2;49;54;149m    [INFO][0m - [38;2;116;173;209mtracewave.py:fit_tilts:745[0m - RMS/FWHM: 0.004656814171976197
[1;38;2;49;54;149m    [INFO][0m - [38;2;116;173;209mtracewave.py:fit_tilts:747[0m - Inverting the fit to generate the tilts image
[1;38;2;49;54;149m    [INFO][0m - [38;2;116;173;209mtracewave.py:fit_tilts:806[0m - Rejected 0/167959 pixels in final inversion tilts image fit
[1;38;2;253;174;97m [WARNING][0m - [38;2;116;173;209m_methods.py:_var:155[0m - RuntimeWarning: Degrees of freedom <= 0 for slice
[1;38;2;253;174;97m [WARNING][0m - [38;2;116;173;209m_methods.py:_var:178[0m - RuntimeWarning: invalid value encountered in divide
[1;38;2;253;174;97m [WARNING][0m - [38;2;116;173;209m_methods.py:_var:211[0m - RuntimeWarning: invalid value encountered in scalar divide
[1;38;2;49;54;149m    [INFO][0m - [38;2;116;173;209mwavetilts.py:run:748[0m - Computing tilts for slit/order 737 (10/24)
[1;38;2;49;54;149m    [INFO][0m - [38;2;116;173;209mautoid.py:set_fwhm:1029[0m - Measured arc lines FWHM: 3.6 pixels
[1;38;2;49;54;149m    [INFO][0m - [38;2;116;173;209mwavetilts.py:run:752[0m - Finding lines for tilt analysis
[1;38;2;49;54;149m    [INFO][0m - [38;2;116;173;209mtracewave.py:tilts_find_lines:82[0m - Rejecting 33 lines below sigma threshold.
[1;38;2;49;54;149m    [INFO][0m - [38;2;116;173;209mtracewave.py:tilts_find_lines:103[0m - Removed 2 lines that were too close to neighboring lines.
[1;38;2;49;54;149m    [INFO][0m - [38;2;116;173;209mtracewave.py:tilts_find_lines:125[0m - Modeling arc line tilts with 38 arc lines
[1;38;2;49;54;149m    [INFO][0m - [38;2;116;173;209mwavetilts.py:run:769[0m - Trace the tilts
[1;38;2;49;54;149m    [INFO][0m - [38;2;116;173;209mtracewave.py:trace_tilts_work:482[0m - Number of usable arc lines for tilts: 35/38
[1;38;2;49;54;149m    [INFO][0m - [38;2;116;173;209mtracewave.py:trace_tilts:638[0m - PCA modeling 35 good tilts
[1;38;2;49;54;149m    [INFO][0m - [38;2;116;173;209mpca.py:pca_decomposition:101[0m - The unconstrained PCA yields 35 components.
[1;38;2;49;54;149m    [INFO][0m - [38;2;116;173;209mpca.py:pca_decomposition:115[0m - PCA will include 2 component(s), containing 99.913% of the total variance.
[1;38;2;49;54;149m    [INFO][0m - [38;2;116;173;209mtracepca.py:pca_trace_object:410[0m - Order of function fit to each component: [2 1]
[1;38;2;49;54;149m    [INFO][0m - [38;2;116;173;209mtracewave.py:trace_tilts_work:482[0m - Number of usable arc lines for tilts: 35/38
[1;38;2;49;54;149m    [INFO][0m - [38;2;116;173;209mtracewave.py:fit_tilts:706[0m - Fitting tilts with a low order, 2D legendre2d
[1;38;2;49;54;149m    [INFO][0m - [38;2;116;173;209mtracewave.py:fit_tilts:743[0m - Residuals: 2D Legendre Fit
[1;38;2;49;54;149m    [INFO][0m - [38;2;116;173;209mtracewave.py:fit_tilts:744[0m - RMS (pixels): 0.015449974241686136
[1;38;2;49;54;149m    [INFO][0m - [38;2;116;173;209mtracewave.py:fit_tilts:745[0m - RMS/FWHM: 0.00430035489256619
[1;38;2;49;54;149m    [INFO][0m - [38;2;116;173;209mtracewave.py:fit_tilts:747[0m - Inverting the fit to generate the tilts image
[1;38;2;49;54;149m    [INFO][0m - [38;2;116;173;209mtracewave.py:fit_tilts:806[0m - Rejected 0/167742 pixels in final inversion tilts image fit
[1;38;2;253;174;97m [WARNING][0m - [38;2;116;173;209m_methods.py:_var:155[0m - RuntimeWarning: Degrees of freedom <= 0 for slice
[1;38;2;253;174;97m [WARNING][0m - [38;2;116;173;209m_methods.py:_var:178[0m - RuntimeWarning: invalid value encountered in divide
[1;38;2;253;174;97m [WARNING][0m - [38;2;116;173;209m_methods.py:_var:211[0m - RuntimeWarning: invalid value encountered in scalar divide
[1;38;2;49;54;149m    [INFO][0m - [38;2;116;173;209mwavetilts.py:run:748[0m - Computing tilts for slit/order 811 (11/24)
[1;38;2;49;54;149m    [INFO][0m - [38;2;116;173;209mautoid.py:set_fwhm:1029[0m - Measured arc lines FWHM: 3.6 pixels
[1;38;2;49;54;149m    [INFO][0m - [38;2;116;173;209mwavetilts.py:run:752[0m - Finding lines for tilt analysis
[1;38;2;49;54;149m    [INFO][0m - [38;2;116;173;209mtracewave.py:tilts_find_lines:82[0m - Rejecting 30 lines below sigma threshold.
[1;38;2;49;54;149m    [INFO][0m - [38;2;116;173;209mtracewave.py:tilts_find_lines:103[0m - Removed 3 lines that were too close to neighboring lines.
[1;38;2;49;54;149m    [INFO][0m - [38;2;116;173;209mtracewave.py:tilts_find_lines:125[0m - Modeling arc line tilts with 39 arc lines
[1;38;2;49;54;149m    [INFO][0m - [38;2;116;173;209mwavetilts.py:run:769[0m - Trace the tilts
[1;38;2;49;54;149m    [INFO][0m - [38;2;116;173;209mtracewave.py:trace_tilts_work:482[0m - Number of usable arc lines for tilts: 39/39
[1;38;2;49;54;149m    [INFO][0m - [38;2;116;173;209mtracewave.py:trace_tilts:638[0m - PCA modeling 39 good tilts
[1;38;2;49;54;149m    [INFO][0m - [38;2;116;173;209mpca.py:pca_decomposition:101[0m - The unconstrained PCA yields 39 components.
[1;38;2;49;54;149m    [INFO][0m - [38;2;116;173;209mpca.py:pca_decomposition:115[0m - PCA will include 2 component(s), containing 99.882% of the total variance.
[1;38;2;49;54;149m    [INFO][0m - [38;2;116;173;209mtracepca.py:pca_trace_object:410[0m - Order of function fit to each component: [2 1]
[1;38;2;49;54;149m    [INFO][0m - [38;2;116;173;209mtracewave.py:trace_tilts_work:482[0m - Number of usable arc lines for tilts: 39/39
[1;38;2;49;54;149m    [INFO][0m - [38;2;116;173;209mtracewave.py:fit_tilts:706[0m - Fitting tilts with a low order, 2D legendre2d
[1;38;2;49;54;149m    [INFO][0m - [38;2;116;173;209mtracewave.py:fit_tilts:743[0m - Residuals: 2D Legendre Fit
[1;38;2;49;54;149m    [INFO][0m - [38;2;116;173;209mtracewave.py:fit_tilts:744[0m - RMS (pixels): 0.014859482356219637
[1;38;2;49;54;149m    [INFO][0m - [38;2;116;173;209mtracewave.py:fit_tilts:745[0m - RMS/FWHM: 0.00412851757397126
[1;38;2;49;54;149m    [INFO][0m - [38;2;116;173;209mtracewave.py:fit_tilts:747[0m - Inverting the fit to generate the tilts image
[1;38;2;49;54;149m    [INFO][0m - [38;2;116;173;209mtracewave.py:fit_tilts:806[0m - Rejected 0/167700 pixels in final inversion tilts image fit
[1;38;2;49;54;149m    [INFO][0m - [38;2;116;173;209mwavetilts.py:run:748[0m - Computing tilts for slit/order 885 (12/24)
[1;38;2;49;54;149m    [INFO][0m - [38;2;116;173;209mautoid.py:set_fwhm:1029[0m - Measured arc lines FWHM: 3.5 pixels
[1;38;2;49;54;149m    [INFO][0m - [38;2;116;173;209mwavetilts.py:run:752[0m - Finding lines for tilt analysis
[1;38;2;49;54;149m    [INFO][0m - [38;2;116;173;209mtracewave.py:tilts_find_lines:82[0m - Rejecting 34 lines below sigma threshold.
[1;38;2;49;54;149m    [INFO][0m - [38;2;116;173;209mtracewave.py:tilts_find_lines:103[0m - Removed 3 lines that were too close to neighboring lines.
[1;38;2;49;54;149m    [INFO][0m - [38;2;116;173;209mtracewave.py:tilts_find_lines:125[0m - Modeling arc line tilts with 39 arc lines
[1;38;2;49;54;149m    [INFO][0m - [38;2;116;173;209mwavetilts.py:run:769[0m - Trace the tilts
[1;38;2;49;54;149m    [INFO][0m - [38;2;116;173;209mtracewave.py:trace_tilts_work:482[0m - Number of usable arc lines for tilts: 38/39
[1;38;2;49;54;149m    [INFO][0m - [38;2;116;173;209mtracewave.py:trace_tilts:638[0m - PCA modeling 38 good tilts
[1;38;2;49;54;149m    [INFO][0m - [38;2;116;173;209mpca.py:pca_decomposition:101[0m - The unconstrained PCA yields 38 components.
[1;38;2;49;54;149m    [INFO][0m - [38;2;116;173;209mpca.py:pca_decomposition:115[0m - PCA will include 2 component(s), containing 99.926% of the total variance.
[1;38;2;49;54;149m    [INFO][0m - [38;2;116;173;209mtracepca.py:pca_trace_object:410[0m - Order of function fit to each component: [2 1]
[1;38;2;49;54;149m    [INFO][0m - [38;2;116;173;209mtracewave.py:trace_tilts_work:482[0m - Number of usable arc lines for tilts: 38/39
[1;38;2;49;54;149m    [INFO][0m - [38;2;116;173;209mtracewave.py:fit_tilts:706[0m - Fitting tilts with a low order, 2D legendre2d
[1;38;2;49;54;149m    [INFO][0m - [38;2;116;173;209mtracewave.py:fit_tilts:743[0m - Residuals: 2D Legendre Fit
[1;38;2;49;54;149m    [INFO][0m - [38;2;116;173;209mtracewave.py:fit_tilts:744[0m - RMS (pixels): 0.014705536289481553
[1;38;2;49;54;149m    [INFO][0m - [38;2;116;173;209mtracewave.py:fit_tilts:745[0m - RMS/FWHM: 0.004158754446445408
[1;38;2;49;54;149m    [INFO][0m - [38;2;116;173;209mtracewave.py:fit_tilts:747[0m - Inverting the fit to generate the tilts image
[1;38;2;49;54;149m    [INFO][0m - [38;2;116;173;209mtracewave.py:fit_tilts:806[0m - Rejected 0/167786 pixels in final inversion tilts image fit
[1;38;2;253;174;97m [WARNING][0m - [38;2;116;173;209m_methods.py:_var:155[0m - RuntimeWarning: Degrees of freedom <= 0 for slice
[1;38;2;253;174;97m [WARNING][0m - [38;2;116;173;209m_methods.py:_var:178[0m - RuntimeWarning: invalid value encountered in divide
[1;38;2;253;174;97m [WARNING][0m - [38;2;116;173;209m_methods.py:_var:211[0m - RuntimeWarning: invalid value encountered in scalar divide
[1;38;2;49;54;149m    [INFO][0m - [38;2;116;173;209mwavetilts.py:run:748[0m - Computing tilts for slit/order 1163 (13/24)
[1;38;2;49;54;149m    [INFO][0m - [38;2;116;173;209mautoid.py:set_fwhm:1029[0m - Measured arc lines FWHM: 3.6 pixels
[1;38;2;49;54;149m    [INFO][0m - [38;2;116;173;209mwavetilts.py:run:752[0m - Finding lines for tilt analysis
[1;38;2;49;54;149m    [INFO][0m - [38;2;116;173;209mtracewave.py:tilts_find_lines:82[0m - Rejecting 30 lines below sigma threshold.
[1;38;2;49;54;149m    [INFO][0m - [38;2;116;173;209mtracewave.py:tilts_find_lines:103[0m - Removed 3 lines that were too close to neighboring lines.
[1;38;2;49;54;149m    [INFO][0m - [38;2;116;173;209mtracewave.py:tilts_find_lines:125[0m - Modeling arc line tilts with 39 arc lines
[1;38;2;49;54;149m    [INFO][0m - [38;2;116;173;209mwavetilts.py:run:769[0m - Trace the tilts
[1;38;2;49;54;149m    [INFO][0m - [38;2;116;173;209mtracewave.py:trace_tilts_work:482[0m - Number of usable arc lines for tilts: 38/39
[1;38;2;49;54;149m    [INFO][0m - [38;2;116;173;209mtracewave.py:trace_tilts:638[0m - PCA modeling 38 good tilts
[1;38;2;49;54;149m    [INFO][0m - [38;2;116;173;209mpca.py:pca_decomposition:101[0m - The unconstrained PCA yields 38 components.
[1;38;2;49;54;149m    [INFO][0m - [38;2;116;173;209mpca.py:pca_decomposition:115[0m - PCA will include 2 component(s), containing 99.901% of the total variance.
[1;38;2;49;54;149m    [INFO][0m - [38;2;116;173;209mtracepca.py:pca_trace_object:410[0m - Order of function fit to each component: [2 1]
[1;38;2;49;54;149m    [INFO][0m - [38;2;116;173;209mtracewave.py:trace_tilts_work:482[0m - Number of usable arc lines for tilts: 38/39
[1;38;2;49;54;149m    [INFO][0m - [38;2;116;173;209mtracewave.py:fit_tilts:706[0m - Fitting tilts with a low order, 2D legendre2d
[1;38;2;49;54;149m    [INFO][0m - [38;2;116;173;209mtracewave.py:fit_tilts:743[0m - Residuals: 2D Legendre Fit
[1;38;2;49;54;149m    [INFO][0m - [38;2;116;173;209mtracewave.py:fit_tilts:744[0m - RMS (pixels): 0.0157126472807881
[1;38;2;49;54;149m    [INFO][0m - [38;2;116;173;209mtracewave.py:fit_tilts:745[0m - RMS/FWHM: 0.004393982468585976
[1;38;2;49;54;149m    [INFO][0m - [38;2;116;173;209mtracewave.py:fit_tilts:747[0m - Inverting the fit to generate the tilts image
[1;38;2;49;54;149m    [INFO][0m - [38;2;116;173;209mtracewave.py:fit_tilts:806[0m - Rejected 0/167913 pixels in final inversion tilts image fit
[1;38;2;253;174;97m [WARNING][0m - [38;2;116;173;209m_methods.py:_var:155[0m - RuntimeWarning: Degrees of freedom <= 0 for slice
[1;38;2;253;174;97m [WARNING][0m - [38;2;116;173;209m_methods.py:_var:178[0m - RuntimeWarning: invalid value encountered in divide
[1;38;2;253;174;97m [WARNING][0m - [38;2;116;173;209m_methods.py:_var:211[0m - RuntimeWarning: invalid value encountered in scalar divide
[1;38;2;49;54;149m    [INFO][0m - [38;2;116;173;209mwavetilts.py:run:748[0m - Computing tilts for slit/order 1237 (14/24)
[1;38;2;49;54;149m    [INFO][0m - [38;2;116;173;209mautoid.py:set_fwhm:1029[0m - Measured arc lines FWHM: 3.5 pixels
[1;38;2;49;54;149m    [INFO][0m - [38;2;116;173;209mwavetilts.py:run:752[0m - Finding lines for tilt analysis
[1;38;2;49;54;149m    [INFO][0m - [38;2;116;173;209mtracewave.py:tilts_find_lines:82[0m - Rejecting 30 lines below sigma threshold.
[1;38;2;49;54;149m    [INFO][0m - [38;2;116;173;209mtracewave.py:tilts_find_lines:103[0m - Removed 3 lines that were too close to neighboring lines.
[1;38;2;49;54;149m    [INFO][0m - [38;2;116;173;209mtracewave.py:tilts_find_lines:125[0m - Modeling arc line tilts with 40 arc lines
[1;38;2;49;54;149m    [INFO][0m - [38;2;116;173;209mwavetilts.py:run:769[0m - Trace the tilts
[1;38;2;49;54;149m    [INFO][0m - [38;2;116;173;209mtracewave.py:trace_tilts_work:482[0m - Number of usable arc lines for tilts: 40/40
[1;38;2;49;54;149m    [INFO][0m - [38;2;116;173;209mtracewave.py:trace_tilts:638[0m - PCA modeling 40 good tilts
[1;38;2;49;54;149m    [INFO][0m - [38;2;116;173;209mpca.py:pca_decomposition:101[0m - The unconstrained PCA yields 40 components.
[1;38;2;49;54;149m    [INFO][0m - [38;2;116;173;209mpca.py:pca_decomposition:115[0m - PCA will include 2 component(s), containing 99.855% of the total variance.
[1;38;2;49;54;149m    [INFO][0m - [38;2;116;173;209mtracepca.py:pca_trace_object:410[0m - Order of function fit to each component: [2 1]
[1;38;2;49;54;149m    [INFO][0m - [38;2;116;173;209mtracewave.py:trace_tilts_work:482[0m - Number of usable arc lines for tilts: 40/40
[1;38;2;49;54;149m    [INFO][0m - [38;2;116;173;209mtracewave.py:fit_tilts:706[0m - Fitting tilts with a low order, 2D legendre2d
[1;38;2;49;54;149m    [INFO][0m - [38;2;116;173;209mtracewave.py:fit_tilts:743[0m - Residuals: 2D Legendre Fit
[1;38;2;49;54;149m    [INFO][0m - [38;2;116;173;209mtracewave.py:fit_tilts:744[0m - RMS (pixels): 0.01693308595065075
[1;38;2;49;54;149m    [INFO][0m - [38;2;116;173;209mtracewave.py:fit_tilts:745[0m - RMS/FWHM: 0.004794780865910951
[1;38;2;49;54;149m    [INFO][0m - [38;2;116;173;209mtracewave.py:fit_tilts:747[0m - Inverting the fit to generate the tilts image
[1;38;2;49;54;149m    [INFO][0m - [38;2;116;173;209mtracewave.py:fit_tilts:806[0m - Rejected 0/167885 pixels in final inversion tilts image fit
[1;38;2;49;54;149m    [INFO][0m - [38;2;116;173;209mwavetilts.py:run:748[0m - Computing tilts for slit/order 1311 (15/24)
[1;38;2;49;54;149m    [INFO][0m - [38;2;116;173;209mautoid.py:set_fwhm:1029[0m - Measured arc lines FWHM: 3.6 pixels
[1;38;2;49;54;149m    [INFO][0m - [38;2;116;173;209mwavetilts.py:run:752[0m - Finding lines for tilt analysis
[1;38;2;49;54;149m    [INFO][0m - [38;2;116;173;209mtracewave.py:tilts_find_lines:82[0m - Rejecting 28 lines below sigma threshold.
[1;38;2;49;54;149m    [INFO][0m - [38;2;116;173;209mtracewave.py:tilts_find_lines:103[0m - Removed 3 lines that were too close to neighboring lines.
[1;38;2;49;54;149m    [INFO][0m - [38;2;116;173;209mtracewave.py:tilts_find_lines:125[0m - Modeling arc line tilts with 39 arc lines
[1;38;2;49;54;149m    [INFO][0m - [38;2;116;173;209mwavetilts.py:run:769[0m - Trace the tilts
[1;38;2;49;54;149m    [INFO][0m - [38;2;116;173;209mtracewave.py:trace_tilts_work:482[0m - Number of usable arc lines for tilts: 38/39
[1;38;2;49;54;149m    [INFO][0m - [38;2;116;173;209mtracewave.py:trace_tilts:638[0m - PCA modeling 38 good tilts
[1;38;2;49;54;149m    [INFO][0m - [38;2;116;173;209mpca.py:pca_decomposition:101[0m - The unconstrained PCA yields 38 components.
[1;38;2;49;54;149m    [INFO][0m - [38;2;116;173;209mpca.py:pca_decomposition:115[0m - PCA will include 2 component(s), containing 99.891% of the total variance.
[1;38;2;49;54;149m    [INFO][0m - [38;2;116;173;209mtracepca.py:pca_trace_object:410[0m - Order of function fit to each component: [2 1]
[1;38;2;49;54;149m    [INFO][0m - [38;2;116;173;209mtracewave.py:trace_tilts_work:482[0m - Number of usable arc lines for tilts: 37/39
[1;38;2;49;54;149m    [INFO][0m - [38;2;116;173;209mtracewave.py:fit_tilts:706[0m - Fitting tilts with a low order, 2D legendre2d
[1;38;2;49;54;149m    [INFO][0m - [38;2;116;173;209mtracewave.py:fit_tilts:743[0m - Residuals: 2D Legendre Fit
[1;38;2;49;54;149m    [INFO][0m - [38;2;116;173;209mtracewave.py:fit_tilts:744[0m - RMS (pixels): 0.01741152628208197
[1;38;2;49;54;149m    [INFO][0m - [38;2;116;173;209mtracewave.py:fit_tilts:745[0m - RMS/FWHM: 0.0048688901135620485
[1;38;2;49;54;149m    [INFO][0m - [38;2;116;173;209mtracewave.py:fit_tilts:747[0m - Inverting the fit to generate the tilts image
[1;38;2;49;54;149m    [INFO][0m - [38;2;116;173;209mtracewave.py:fit_tilts:806[0m - Rejected 0/167859 pixels in final inversion tilts image fit
[1;38;2;253;174;97m [WARNING][0m - [38;2;116;173;209m_methods.py:_var:155[0m - RuntimeWarning: Degrees of freedom <= 0 for slice
[1;38;2;253;174;97m [WARNING][0m - [38;2;116;173;209m_methods.py:_var:178[0m - RuntimeWarning: invalid value encountered in divide
[1;38;2;253;174;97m [WARNING][0m - [38;2;116;173;209m_methods.py:_var:211[0m - RuntimeWarning: invalid value encountered in scalar divide
[1;38;2;49;54;149m    [INFO][0m - [38;2;116;173;209mwavetilts.py:run:748[0m - Computing tilts for slit/order 1385 (16/24)
[1;38;2;49;54;149m    [INFO][0m - [38;2;116;173;209mautoid.py:set_fwhm:1029[0m - Measured arc lines FWHM: 3.6 pixels
[1;38;2;49;54;149m    [INFO][0m - [38;2;116;173;209mwavetilts.py:run:752[0m - Finding lines for tilt analysis
[1;38;2;49;54;149m    [INFO][0m - [38;2;116;173;209mtracewave.py:tilts_find_lines:82[0m - Rejecting 33 lines below sigma threshold.
[1;38;2;49;54;149m    [INFO][0m - [38;2;116;173;209mtracewave.py:tilts_find_lines:103[0m - Removed 2 lines that were too close to neighboring lines.
[1;38;2;49;54;149m    [INFO][0m - [38;2;116;173;209mtracewave.py:tilts_find_lines:125[0m - Modeling arc line tilts with 39 arc lines
[1;38;2;49;54;149m    [INFO][0m - [38;2;116;173;209mwavetilts.py:run:769[0m - Trace the tilts
[1;38;2;49;54;149m    [INFO][0m - [38;2;116;173;209mtracewave.py:trace_tilts_work:482[0m - Number of usable arc lines for tilts: 38/39
[1;38;2;49;54;149m    [INFO][0m - [38;2;116;173;209mtracewave.py:trace_tilts:638[0m - PCA modeling 38 good tilts
[1;38;2;49;54;149m    [INFO][0m - [38;2;116;173;209mpca.py:pca_decomposition:101[0m - The unconstrained PCA yields 38 components.
[1;38;2;49;54;149m    [INFO][0m - [38;2;116;173;209mpca.py:pca_decomposition:115[0m - PCA will include 2 component(s), containing 99.926% of the total variance.
[1;38;2;49;54;149m    [INFO][0m - [38;2;116;173;209mtracepca.py:pca_trace_object:410[0m - Order of function fit to each component: [2 1]
[1;38;2;49;54;149m    [INFO][0m - [38;2;116;173;209mtracewave.py:trace_tilts_work:482[0m - Number of usable arc lines for tilts: 36/39
[1;38;2;49;54;149m    [INFO][0m - [38;2;116;173;209mtracewave.py:fit_tilts:706[0m - Fitting tilts with a low order, 2D legendre2d
[1;38;2;49;54;149m    [INFO][0m - [38;2;116;173;209mtracewave.py:fit_tilts:743[0m - Residuals: 2D Legendre Fit
[1;38;2;49;54;149m    [INFO][0m - [38;2;116;173;209mtracewave.py:fit_tilts:744[0m - RMS (pixels): 0.018786802722053717
[1;38;2;49;54;149m    [INFO][0m - [38;2;116;173;209mtracewave.py:fit_tilts:745[0m - RMS/FWHM: 0.0052199997017761705
[1;38;2;49;54;149m    [INFO][0m - [38;2;116;173;209mtracewave.py:fit_tilts:747[0m - Inverting the fit to generate the tilts image
[1;38;2;49;54;149m    [INFO][0m - [38;2;116;173;209mtracewave.py:fit_tilts:806[0m - Rejected 0/167894 pixels in final inversion tilts image fit
[1;38;2;253;174;97m [WARNING][0m - [38;2;116;173;209m_methods.py:_var:155[0m - RuntimeWarning: Degrees of freedom <= 0 for slice
[1;38;2;253;174;97m [WARNING][0m - [38;2;116;173;209m_methods.py:_var:178[0m - RuntimeWarning: invalid value encountered in divide
[1;38;2;253;174;97m [WARNING][0m - [38;2;116;173;209m_methods.py:_var:211[0m - RuntimeWarning: invalid value encountered in scalar divide
[1;38;2;49;54;149m    [INFO][0m - [38;2;116;173;209mwavetilts.py:run:748[0m - Computing tilts for slit/order 1458 (17/24)
[1;38;2;49;54;149m    [INFO][0m - [38;2;116;173;209mautoid.py:set_fwhm:1029[0m - Measured arc lines FWHM: 3.6 pixels
[1;38;2;49;54;149m    [INFO][0m - [38;2;116;173;209mwavetilts.py:run:752[0m - Finding lines for tilt analysis
[1;38;2;49;54;149m    [INFO][0m - [38;2;116;173;209mtracewave.py:tilts_find_lines:82[0m - Rejecting 30 lines below sigma threshold.
[1;38;2;49;54;149m    [INFO][0m - [38;2;116;173;209mtracewave.py:tilts_find_lines:103[0m - Removed 3 lines that were too close to neighboring lines.
[1;38;2;49;54;149m    [INFO][0m - [38;2;116;173;209mtracewave.py:tilts_find_lines:125[0m - Modeling arc line tilts with 39 arc lines
[1;38;2;49;54;149m    [INFO][0m - [38;2;116;173;209mwavetilts.py:run:769[0m - Trace the tilts
[1;38;2;49;54;149m    [INFO][0m - [38;2;116;173;209mtracewave.py:trace_tilts_work:482[0m - Number of usable arc lines for tilts: 36/39
[1;38;2;49;54;149m    [INFO][0m - [38;2;116;173;209mtracewave.py:trace_tilts:638[0m - PCA modeling 36 good tilts
[1;38;2;49;54;149m    [INFO][0m - [38;2;116;173;209mpca.py:pca_decomposition:101[0m - The unconstrained PCA yields 36 components.
[1;38;2;49;54;149m    [INFO][0m - [38;2;116;173;209mpca.py:pca_decomposition:115[0m - PCA will include 2 component(s), containing 99.792% of the total variance.
[1;38;2;49;54;149m    [INFO][0m - [38;2;116;173;209mtracepca.py:pca_trace_object:410[0m - Order of function fit to each component: [2 1]
[1;38;2;49;54;149m    [INFO][0m - [38;2;116;173;209mtracewave.py:trace_tilts_work:482[0m - Number of usable arc lines for tilts: 37/39
[1;38;2;49;54;149m    [INFO][0m - [38;2;116;173;209mtracewave.py:fit_tilts:706[0m - Fitting tilts with a low order, 2D legendre2d
[1;38;2;49;54;149m    [INFO][0m - [38;2;116;173;209mtracewave.py:fit_tilts:743[0m - Residuals: 2D Legendre Fit
[1;38;2;49;54;149m    [INFO][0m - [38;2;116;173;209mtracewave.py:fit_tilts:744[0m - RMS (pixels): 0.016319773325188663
[1;38;2;49;54;149m    [INFO][0m - [38;2;116;173;209mtracewave.py:fit_tilts:745[0m - RMS/FWHM: 0.0045522501601780625
[1;38;2;49;54;149m    [INFO][0m - [38;2;116;173;209mtracewave.py:fit_tilts:747[0m - Inverting the fit to generate the tilts image
[1;38;2;49;54;149m    [INFO][0m - [38;2;116;173;209mtracewave.py:fit_tilts:806[0m - Rejected 0/167454 pixels in final inversion tilts image fit
[1;38;2;253;174;97m [WARNING][0m - [38;2;116;173;209m_methods.py:_var:155[0m - RuntimeWarning: Degrees of freedom <= 0 for slice
[1;38;2;253;174;97m [WARNING][0m - [38;2;116;173;209m_methods.py:_var:178[0m - RuntimeWarning: invalid value encountered in divide
[1;38;2;253;174;97m [WARNING][0m - [38;2;116;173;209m_methods.py:_var:211[0m - RuntimeWarning: invalid value encountered in scalar divide
[1;38;2;49;54;149m    [INFO][0m - [38;2;116;173;209mwavetilts.py:run:748[0m - Computing tilts for slit/order 1533 (18/24)
[1;38;2;49;54;149m    [INFO][0m - [38;2;116;173;209mautoid.py:set_fwhm:1029[0m - Measured arc lines FWHM: 3.6 pixels
[1;38;2;49;54;149m    [INFO][0m - [38;2;116;173;209mwavetilts.py:run:752[0m - Finding lines for tilt analysis
[1;38;2;49;54;149m    [INFO][0m - [38;2;116;173;209mtracewave.py:tilts_find_lines:82[0m - Rejecting 33 lines below sigma threshold.
[1;38;2;49;54;149m    [INFO][0m - [38;2;116;173;209mtracewave.py:tilts_find_lines:103[0m - Removed 3 lines that were too close to neighboring lines.
[1;38;2;49;54;149m    [INFO][0m - [38;2;116;173;209mtracewave.py:tilts_find_lines:125[0m - Modeling arc line tilts with 41 arc lines
[1;38;2;49;54;149m    [INFO][0m - [38;2;116;173;209mwavetilts.py:run:769[0m - Trace the tilts
[1;38;2;49;54;149m    [INFO][0m - [38;2;116;173;209mtracewave.py:trace_tilts_work:482[0m - Number of usable arc lines for tilts: 40/41
[1;38;2;49;54;149m    [INFO][0m - [38;2;116;173;209mtracewave.py:trace_tilts:638[0m - PCA modeling 40 good tilts
[1;38;2;49;54;149m    [INFO][0m - [38;2;116;173;209mpca.py:pca_decomposition:101[0m - The unconstrained PCA yields 40 components.
[1;38;2;49;54;149m    [INFO][0m - [38;2;116;173;209mpca.py:pca_decomposition:115[0m - PCA will include 2 component(s), containing 99.856% of the total variance.
[1;38;2;49;54;149m    [INFO][0m - [38;2;116;173;209mtracepca.py:pca_trace_object:410[0m - Order of function fit to each component: [2 1]
[1;38;2;49;54;149m    [INFO][0m - [38;2;116;173;209mtracewave.py:trace_tilts_work:482[0m - Number of usable arc lines for tilts: 40/41
[1;38;2;49;54;149m    [INFO][0m - [38;2;116;173;209mtracewave.py:fit_tilts:706[0m - Fitting tilts with a low order, 2D legendre2d
[1;38;2;49;54;149m    [INFO][0m - [38;2;116;173;209mtracewave.py:fit_tilts:743[0m - Residuals: 2D Legendre Fit
[1;38;2;49;54;149m    [INFO][0m - [38;2;116;173;209mtracewave.py:fit_tilts:744[0m - RMS (pixels): 0.018009531185979945
[1;38;2;49;54;149m    [INFO][0m - [38;2;116;173;209mtracewave.py:fit_tilts:745[0m - RMS/FWHM: 0.005040570282645708
[1;38;2;49;54;149m    [INFO][0m - [38;2;116;173;209mtracewave.py:fit_tilts:747[0m - Inverting the fit to generate the tilts image
[1;38;2;49;54;149m    [INFO][0m - [38;2;116;173;209mtracewave.py:fit_tilts:806[0m - Rejected 0/167772 pixels in final inversion tilts image fit
[1;38;2;253;174;97m [WARNING][0m - [38;2;116;173;209m_methods.py:_var:155[0m - RuntimeWarning: Degrees of freedom <= 0 for slice
[1;38;2;253;174;97m [WARNING][0m - [38;2;116;173;209m_methods.py:_var:178[0m - RuntimeWarning: invalid value encountered in divide
[1;38;2;253;174;97m [WARNING][0m - [38;2;116;173;209m_methods.py:_var:211[0m - RuntimeWarning: invalid value encountered in scalar divide
[1;38;2;49;54;149m    [INFO][0m - [38;2;116;173;209mwavetilts.py:run:748[0m - Computing tilts for slit/order 1606 (19/24)
[1;38;2;49;54;149m    [INFO][0m - [38;2;116;173;209mautoid.py:set_fwhm:1029[0m - Measured arc lines FWHM: 3.6 pixels
[1;38;2;49;54;149m    [INFO][0m - [38;2;116;173;209mwavetilts.py:run:752[0m - Finding lines for tilt analysis
[1;38;2;49;54;149m    [INFO][0m - [38;2;116;173;209mtracewave.py:tilts_find_lines:82[0m - Rejecting 23 lines below sigma threshold.
[1;38;2;49;54;149m    [INFO][0m - [38;2;116;173;209mtracewave.py:tilts_find_lines:103[0m - Removed 2 lines that were too close to neighboring lines.
[1;38;2;49;54;149m    [INFO][0m - [38;2;116;173;209mtracewave.py:tilts_find_lines:125[0m - Modeling arc line tilts with 40 arc lines
[1;38;2;49;54;149m    [INFO][0m - [38;2;116;173;209mwavetilts.py:run:769[0m - Trace the tilts
[1;38;2;49;54;149m    [INFO][0m - [38;2;116;173;209mtracewave.py:trace_tilts_work:482[0m - Number of usable arc lines for tilts: 39/40
[1;38;2;49;54;149m    [INFO][0m - [38;2;116;173;209mtracewave.py:trace_tilts:638[0m - PCA modeling 39 good tilts
[1;38;2;49;54;149m    [INFO][0m - [38;2;116;173;209mpca.py:pca_decomposition:101[0m - The unconstrained PCA yields 39 components.
[1;38;2;49;54;149m    [INFO][0m - [38;2;116;173;209mpca.py:pca_decomposition:115[0m - PCA will include 2 component(s), containing 99.735% of the total variance.
[1;38;2;49;54;149m    [INFO][0m - [38;2;116;173;209mtracepca.py:pca_trace_object:410[0m - Order of function fit to each component: [2 1]
[1;38;2;49;54;149m    [INFO][0m - [38;2;116;173;209mtracewave.py:trace_tilts_work:482[0m - Number of usable arc lines for tilts: 40/40
[1;38;2;49;54;149m    [INFO][0m - [38;2;116;173;209mtracewave.py:fit_tilts:706[0m - Fitting tilts with a low order, 2D legendre2d
[1;38;2;49;54;149m    [INFO][0m - [38;2;116;173;209mtracewave.py:fit_tilts:743[0m - Residuals: 2D Legendre Fit
[1;38;2;49;54;149m    [INFO][0m - [38;2;116;173;209mtracewave.py:fit_tilts:744[0m - RMS (pixels): 0.017599952517682645
[1;38;2;49;54;149m    [INFO][0m - [38;2;116;173;209mtracewave.py:fit_tilts:745[0m - RMS/FWHM: 0.004888562834801334
[1;38;2;49;54;149m    [INFO][0m - [38;2;116;173;209mtracewave.py:fit_tilts:747[0m - Inverting the fit to generate the tilts image
[1;38;2;49;54;149m    [INFO][0m - [38;2;116;173;209mtracewave.py:fit_tilts:806[0m - Rejected 0/167728 pixels in final inversion tilts image fit
[1;38;2;49;54;149m    [INFO][0m - [38;2;116;173;209mwavetilts.py:run:748[0m - Computing tilts for slit/order 1682 (20/24)
[1;38;2;49;54;149m    [INFO][0m - [38;2;116;173;209mautoid.py:set_fwhm:1029[0m - Measured arc lines FWHM: 3.5 pixels
[1;38;2;49;54;149m    [INFO][0m - [38;2;116;173;209mwavetilts.py:run:752[0m - Finding lines for tilt analysis
[1;38;2;49;54;149m    [INFO][0m - [38;2;116;173;209mtracewave.py:tilts_find_lines:82[0m - Rejecting 34 lines below sigma threshold.
[1;38;2;49;54;149m    [INFO][0m - [38;2;116;173;209mtracewave.py:tilts_find_lines:103[0m - Removed 3 lines that were too close to neighboring lines.
[1;38;2;49;54;149m    [INFO][0m - [38;2;116;173;209mtracewave.py:tilts_find_lines:125[0m - Modeling arc line tilts with 39 arc lines
[1;38;2;49;54;149m    [INFO][0m - [38;2;116;173;209mwavetilts.py:run:769[0m - Trace the tilts
[1;38;2;49;54;149m    [INFO][0m - [38;2;116;173;209mtracewave.py:trace_tilts_work:482[0m - Number of usable arc lines for tilts: 38/39
[1;38;2;49;54;149m    [INFO][0m - [38;2;116;173;209mtracewave.py:trace_tilts:638[0m - PCA modeling 38 good tilts
[1;38;2;49;54;149m    [INFO][0m - [38;2;116;173;209mpca.py:pca_decomposition:101[0m - The unconstrained PCA yields 38 components.
[1;38;2;49;54;149m    [INFO][0m - [38;2;116;173;209mpca.py:pca_decomposition:115[0m - PCA will include 2 component(s), containing 99.873% of the total variance.
[1;38;2;49;54;149m    [INFO][0m - [38;2;116;173;209mtracepca.py:pca_trace_object:410[0m - Order of function fit to each component: [2 1]
[1;38;2;49;54;149m    [INFO][0m - [38;2;116;173;209mtracewave.py:trace_tilts_work:482[0m - Number of usable arc lines for tilts: 38/39
[1;38;2;49;54;149m    [INFO][0m - [38;2;116;173;209mtracewave.py:fit_tilts:706[0m - Fitting tilts with a low order, 2D legendre2d
[1;38;2;49;54;149m    [INFO][0m - [38;2;116;173;209mtracewave.py:fit_tilts:743[0m - Residuals: 2D Legendre Fit
[1;38;2;49;54;149m    [INFO][0m - [38;2;116;173;209mtracewave.py:fit_tilts:744[0m - RMS (pixels): 0.017811270057452245
[1;38;2;49;54;149m    [INFO][0m - [38;2;116;173;209mtracewave.py:fit_tilts:745[0m - RMS/FWHM: 0.005037250188044663
[1;38;2;49;54;149m    [INFO][0m - [38;2;116;173;209mtracewave.py:fit_tilts:747[0m - Inverting the fit to generate the tilts image
[1;38;2;49;54;149m    [INFO][0m - [38;2;116;173;209mtracewave.py:fit_tilts:806[0m - Rejected 0/167608 pixels in final inversion tilts image fit
[1;38;2;253;174;97m [WARNING][0m - [38;2;116;173;209m_methods.py:_var:155[0m - RuntimeWarning: Degrees of freedom <= 0 for slice
[1;38;2;253;174;97m [WARNING][0m - [38;2;116;173;209m_methods.py:_var:178[0m - RuntimeWarning: invalid value encountered in divide
[1;38;2;253;174;97m [WARNING][0m - [38;2;116;173;209m_methods.py:_var:211[0m - RuntimeWarning: invalid value encountered in scalar divide
[1;38;2;49;54;149m    [INFO][0m - [38;2;116;173;209mwavetilts.py:run:748[0m - Computing tilts for slit/order 1757 (21/24)
[1;38;2;49;54;149m    [INFO][0m - [38;2;116;173;209mautoid.py:set_fwhm:1029[0m - Measured arc lines FWHM: 3.6 pixels
[1;38;2;49;54;149m    [INFO][0m - [38;2;116;173;209mwavetilts.py:run:752[0m - Finding lines for tilt analysis
[1;38;2;49;54;149m    [INFO][0m - [38;2;116;173;209mtracewave.py:tilts_find_lines:82[0m - Rejecting 24 lines below sigma threshold.
[1;38;2;49;54;149m    [INFO][0m - [38;2;116;173;209mtracewave.py:tilts_find_lines:103[0m - Removed 2 lines that were too close to neighboring lines.
[1;38;2;49;54;149m    [INFO][0m - [38;2;116;173;209mtracewave.py:tilts_find_lines:125[0m - Modeling arc line tilts with 40 arc lines
[1;38;2;49;54;149m    [INFO][0m - [38;2;116;173;209mwavetilts.py:run:769[0m - Trace the tilts
[1;38;2;49;54;149m    [INFO][0m - [38;2;116;173;209mtracewave.py:trace_tilts_work:482[0m - Number of usable arc lines for tilts: 39/40
[1;38;2;49;54;149m    [INFO][0m - [38;2;116;173;209mtracewave.py:trace_tilts:638[0m - PCA modeling 39 good tilts
[1;38;2;49;54;149m    [INFO][0m - [38;2;116;173;209mpca.py:pca_decomposition:101[0m - The unconstrained PCA yields 39 components.
[1;38;2;49;54;149m    [INFO][0m - [38;2;116;173;209mpca.py:pca_decomposition:115[0m - PCA will include 2 component(s), containing 99.776% of the total variance.
[1;38;2;49;54;149m    [INFO][0m - [38;2;116;173;209mtracepca.py:pca_trace_object:410[0m - Order of function fit to each component: [2 1]
[1;38;2;49;54;149m    [INFO][0m - [38;2;116;173;209mtracewave.py:trace_tilts_work:482[0m - Number of usable arc lines for tilts: 39/40
[1;38;2;49;54;149m    [INFO][0m - [38;2;116;173;209mtracewave.py:fit_tilts:706[0m - Fitting tilts with a low order, 2D legendre2d
[1;38;2;49;54;149m    [INFO][0m - [38;2;116;173;209mtracewave.py:fit_tilts:743[0m - Residuals: 2D Legendre Fit
[1;38;2;49;54;149m    [INFO][0m - [38;2;116;173;209mtracewave.py:fit_tilts:744[0m - RMS (pixels): 0.019122641700812952
[1;38;2;49;54;149m    [INFO][0m - [38;2;116;173;209mtracewave.py:fit_tilts:745[0m - RMS/FWHM: 0.005246185305395159
[1;38;2;49;54;149m    [INFO][0m - [38;2;116;173;209mtracewave.py:fit_tilts:747[0m - Inverting the fit to generate the tilts image
[1;38;2;49;54;149m    [INFO][0m - [38;2;116;173;209mtracewave.py:fit_tilts:806[0m - Rejected 0/167389 pixels in final inversion tilts image fit
[1;38;2;253;174;97m [WARNING][0m - [38;2;116;173;209m_methods.py:_var:155[0m - RuntimeWarning: Degrees of freedom <= 0 for slice
[1;38;2;253;174;97m [WARNING][0m - [38;2;116;173;209m_methods.py:_var:178[0m - RuntimeWarning: invalid value encountered in divide
[1;38;2;253;174;97m [WARNING][0m - [38;2;116;173;209m_methods.py:_var:211[0m - RuntimeWarning: invalid value encountered in scalar divide
[1;38;2;49;54;149m    [INFO][0m - [38;2;116;173;209mwavetilts.py:run:748[0m - Computing tilts for slit/order 1836 (22/24)
[1;38;2;49;54;149m    [INFO][0m - [38;2;116;173;209mautoid.py:set_fwhm:1029[0m - Measured arc lines FWHM: 3.5 pixels
[1;38;2;49;54;149m    [INFO][0m - [38;2;116;173;209mwavetilts.py:run:752[0m - Finding lines for tilt analysis
[1;38;2;49;54;149m    [INFO][0m - [38;2;116;173;209mtracewave.py:tilts_find_lines:82[0m - Rejecting 34 lines below sigma threshold.
[1;38;2;49;54;149m    [INFO][0m - [38;2;116;173;209mtracewave.py:tilts_find_lines:103[0m - Removed 2 lines that were too close to neighboring lines.
[1;38;2;49;54;149m    [INFO][0m - [38;2;116;173;209mtracewave.py:tilts_find_lines:125[0m - Modeling arc line tilts with 38 arc lines
[1;38;2;49;54;149m    [INFO][0m - [38;2;116;173;209mwavetilts.py:run:769[0m - Trace the tilts
[1;38;2;49;54;149m    [INFO][0m - [38;2;116;173;209mtracewave.py:trace_tilts_work:482[0m - Number of usable arc lines for tilts: 37/38
[1;38;2;49;54;149m    [INFO][0m - [38;2;116;173;209mtracewave.py:trace_tilts:638[0m - PCA modeling 37 good tilts
[1;38;2;49;54;149m    [INFO][0m - [38;2;116;173;209mpca.py:pca_decomposition:101[0m - The unconstrained PCA yields 37 components.
[1;38;2;49;54;149m    [INFO][0m - [38;2;116;173;209mpca.py:pca_decomposition:115[0m - PCA will include 2 component(s), containing 99.827% of the total variance.
[1;38;2;49;54;149m    [INFO][0m - [38;2;116;173;209mtracepca.py:pca_trace_object:410[0m - Order of function fit to each component: [2 1]
[1;38;2;49;54;149m    [INFO][0m - [38;2;116;173;209mtracewave.py:trace_tilts_work:482[0m - Number of usable arc lines for tilts: 38/38
[1;38;2;49;54;149m    [INFO][0m - [38;2;116;173;209mtracewave.py:fit_tilts:706[0m - Fitting tilts with a low order, 2D legendre2d
[1;38;2;49;54;149m    [INFO][0m - [38;2;116;173;209mtracewave.py:fit_tilts:743[0m - Residuals: 2D Legendre Fit
[1;38;2;49;54;149m    [INFO][0m - [38;2;116;173;209mtracewave.py:fit_tilts:744[0m - RMS (pixels): 0.02129765155063375
[1;38;2;49;54;149m    [INFO][0m - [38;2;116;173;209mtracewave.py:fit_tilts:745[0m - RMS/FWHM: 0.0060622133938586205
[1;38;2;49;54;149m    [INFO][0m - [38;2;116;173;209mtracewave.py:fit_tilts:747[0m - Inverting the fit to generate the tilts image
[1;38;2;49;54;149m    [INFO][0m - [38;2;116;173;209mtracewave.py:fit_tilts:806[0m - Rejected 0/167614 pixels in final inversion tilts image fit
[1;38;2;49;54;149m    [INFO][0m - [38;2;116;173;209mwavetilts.py:run:748[0m - Computing tilts for slit/order 1913 (23/24)
[1;38;2;49;54;149m    [INFO][0m - [38;2;116;173;209mautoid.py:set_fwhm:1029[0m - Measured arc lines FWHM: 3.6 pixels
[1;38;2;49;54;149m    [INFO][0m - [38;2;116;173;209mwavetilts.py:run:752[0m - Finding lines for tilt analysis
[1;38;2;49;54;149m    [INFO][0m - [38;2;116;173;209mtracewave.py:tilts_find_lines:82[0m - Rejecting 29 lines below sigma threshold.
[1;38;2;49;54;149m    [INFO][0m - [38;2;116;173;209mtracewave.py:tilts_find_lines:103[0m - Removed 3 lines that were too close to neighboring lines.
[1;38;2;49;54;149m    [INFO][0m - [38;2;116;173;209mtracewave.py:tilts_find_lines:125[0m - Modeling arc line tilts with 39 arc lines
[1;38;2;49;54;149m    [INFO][0m - [38;2;116;173;209mwavetilts.py:run:769[0m - Trace the tilts
[1;38;2;49;54;149m    [INFO][0m - [38;2;116;173;209mtracewave.py:trace_tilts_work:482[0m - Number of usable arc lines for tilts: 39/39
[1;38;2;49;54;149m    [INFO][0m - [38;2;116;173;209mtracewave.py:trace_tilts:638[0m - PCA modeling 39 good tilts
[1;38;2;49;54;149m    [INFO][0m - [38;2;116;173;209mpca.py:pca_decomposition:101[0m - The unconstrained PCA yields 39 components.
[1;38;2;49;54;149m    [INFO][0m - [38;2;116;173;209mpca.py:pca_decomposition:115[0m - PCA will include 2 component(s), containing 99.812% of the total variance.
[1;38;2;49;54;149m    [INFO][0m - [38;2;116;173;209mtracepca.py:pca_trace_object:410[0m - Order of function fit to each component: [2 1]
[1;38;2;49;54;149m    [INFO][0m - [38;2;116;173;209mtracewave.py:trace_tilts_work:482[0m - Number of usable arc lines for tilts: 39/39
[1;38;2;49;54;149m    [INFO][0m - [38;2;116;173;209mtracewave.py:fit_tilts:706[0m - Fitting tilts with a low order, 2D legendre2d
[1;38;2;49;54;149m    [INFO][0m - [38;2;116;173;209mtracewave.py:fit_tilts:743[0m - Residuals: 2D Legendre Fit
[1;38;2;49;54;149m    [INFO][0m - [38;2;116;173;209mtracewave.py:fit_tilts:744[0m - RMS (pixels): 0.01764753479687907
[1;38;2;49;54;149m    [INFO][0m - [38;2;116;173;209mtracewave.py:fit_tilts:745[0m - RMS/FWHM: 0.004924409307983331
[1;38;2;49;54;149m    [INFO][0m - [38;2;116;173;209mtracewave.py:fit_tilts:747[0m - Inverting the fit to generate the tilts image
[1;38;2;49;54;149m    [INFO][0m - [38;2;116;173;209mtracewave.py:fit_tilts:806[0m - Rejected 0/167373 pixels in final inversion tilts image fit
[1;38;2;49;54;149m    [INFO][0m - [38;2;116;173;209mwavetilts.py:run:748[0m - Computing tilts for slit/order 1995 (24/24)
[1;38;2;49;54;149m    [INFO][0m - [38;2;116;173;209mautoid.py:set_fwhm:1029[0m - Measured arc lines FWHM: 3.5 pixels
[1;38;2;49;54;149m    [INFO][0m - [38;2;116;173;209mwavetilts.py:run:752[0m - Finding lines for tilt analysis
[1;38;2;49;54;149m    [INFO][0m - [38;2;116;173;209mtracewave.py:tilts_find_lines:82[0m - Rejecting 35 lines below sigma threshold.
[1;38;2;49;54;149m    [INFO][0m - [38;2;116;173;209mtracewave.py:tilts_find_lines:103[0m - Removed 3 lines that were too close to neighboring lines.
[1;38;2;49;54;149m    [INFO][0m - [38;2;116;173;209mtracewave.py:tilts_find_lines:125[0m - Modeling arc line tilts with 37 arc lines
[1;38;2;49;54;149m    [INFO][0m - [38;2;116;173;209mwavetilts.py:run:769[0m - Trace the tilts
[1;38;2;49;54;149m    [INFO][0m - [38;2;116;173;209mtracewave.py:trace_tilts_work:482[0m - Number of usable arc lines for tilts: 35/37
[1;38;2;49;54;149m    [INFO][0m - [38;2;116;173;209mtracewave.py:trace_tilts:638[0m - PCA modeling 35 good tilts
[1;38;2;49;54;149m    [INFO][0m - [38;2;116;173;209mpca.py:pca_decomposition:101[0m - The unconstrained PCA yields 35 components.
[1;38;2;49;54;149m    [INFO][0m - [38;2;116;173;209mpca.py:pca_decomposition:115[0m - PCA will include 2 component(s), containing 99.865% of the total variance.
[1;38;2;49;54;149m    [INFO][0m - [38;2;116;173;209mtracepca.py:pca_trace_object:410[0m - Order of function fit to each component: [2 1]
[1;38;2;49;54;149m    [INFO][0m - [38;2;116;173;209mtracewave.py:trace_tilts_work:482[0m - Number of usable arc lines for tilts: 37/37
[1;38;2;49;54;149m    [INFO][0m - [38;2;116;173;209mtracewave.py:fit_tilts:706[0m - Fitting tilts with a low order, 2D legendre2d
[1;38;2;49;54;149m    [INFO][0m - [38;2;116;173;209mtracewave.py:fit_tilts:743[0m - Residuals: 2D Legendre Fit
[1;38;2;49;54;149m    [INFO][0m - [38;2;116;173;209mtracewave.py:fit_tilts:744[0m - RMS (pixels): 0.017777262102533758
[1;38;2;49;54;149m    [INFO][0m - [38;2;116;173;209mtracewave.py:fit_tilts:745[0m - RMS/FWHM: 0.005071827829471909
[1;38;2;49;54;149m    [INFO][0m - [38;2;116;173;209mtracewave.py:fit_tilts:747[0m - Inverting the fit to generate the tilts image
[1;38;2;49;54;149m    [INFO][0m - [38;2;116;173;209mtracewave.py:fit_tilts:806[0m - Rejected 0/166763 pixels in final inversion tilts image fit
[1;38;2;49;54;149m    [INFO][0m - [38;2;116;173;209mio.py:write_to_fits:672[0m - File written to: /Users/kaiwenzhang/PycharmProjects/KCWI/KCWI_RED_channel_characterization/RH1 pypeit run/2023-11-07/pypeit_run/keck_kcrm_B/Calibrations/Tilts_B_1_DET01.fits
[1;38;2;49;54;149m    [INFO][0m - [38;2;116;173;209mkeck_kcwi.py:get_rawimage:1426[0m - Reading KCWI file: /Users/kaiwenzhang/PycharmProjects/KCWI/KCWI_RED_channel_characterization/fits/by_night/RH1/2023-11-07/KR.20231108.10348.37.fits
[1;38;2;253;174;97m [WARNING][0m - [38;2;116;173;209mkeck_kcwi.py:bpm:820[0m - KCRM bad pixel mask is not available for ampmode=L2U2L1U1 binning=2,2
[1;38;2;49;54;149m    [INFO][0m - [38;2;116;173;209mcalibrations.py:get_align:499[0m - Preparing a Alignment calibration frame.
[1;38;2;49;54;149m    [INFO][0m - [38;2;116;173;209mkeck_kcwi.py:get_rawimage:1426[0m - Reading KCWI file: /Users/kaiwenzhang/PycharmProjects/KCWI/KCWI_RED_channel_characterization/fits/by_night/RH1/2023-11-07/KR.20231108.10348.37.fits
[1;38;2;49;54;149m    [INFO][0m - [38;2;116;173;209mrawimage.py:process:564[0m - Performing basic image processing on KR.20231108.10348.37.fits.
[1;38;2;49;54;149m    [INFO][0m - [38;2;116;173;209mrawimage.py:estimate_readnoise:359[0m - Estimated readnoise of amplifier 1 = 7.670 e-
[1;38;2;49;54;149m    [INFO][0m - [38;2;116;173;209mrawimage.py:estimate_readnoise:359[0m - Estimated readnoise of amplifier 2 = 7.811 e-
[1;38;2;49;54;149m    [INFO][0m - [38;2;116;173;209mrawimage.py:estimate_readnoise:359[0m - Estimated readnoise of amplifier 3 = 7.937 e-
[1;38;2;49;54;149m    [INFO][0m - [38;2;116;173;209mrawimage.py:estimate_readnoise:359[0m - Estimated readnoise of amplifier 4 = 7.493 e-
[1;38;2;49;54;149m    [INFO][0m - [38;2;116;173;209mkeck_kcwi.py:get_rawimage:1426[0m - Reading KCWI file: /Users/kaiwenzhang/PycharmProjects/KCWI/KCWI_RED_channel_characterization/fits/by_night/RH1/2023-11-07/KR.20231108.10383.50.fits
[1;38;2;49;54;149m    [INFO][0m - [38;2;116;173;209mrawimage.py:process:564[0m - Performing basic image processing on KR.20231108.10383.50.fits.
[1;38;2;49;54;149m    [INFO][0m - [38;2;116;173;209mrawimage.py:estimate_readnoise:359[0m - Estimated readnoise of amplifier 1 = 7.188 e-
[1;38;2;49;54;149m    [INFO][0m - [38;2;116;173;209mrawimage.py:estimate_readnoise:359[0m - Estimated readnoise of amplifier 2 = 7.370 e-
[1;38;2;49;54;149m    [INFO][0m - [38;2;116;173;209mrawimage.py:estimate_readnoise:359[0m - Estimated readnoise of amplifier 3 = 7.532 e-
[1;38;2;49;54;149m    [INFO][0m - [38;2;116;173;209mrawimage.py:estimate_readnoise:359[0m - Estimated readnoise of amplifier 4 = 7.091 e-
[1;38;2;49;54;149m    [INFO][0m - [38;2;116;173;209mkeck_kcwi.py:get_rawimage:1426[0m - Reading KCWI file: /Users/kaiwenzhang/PycharmProjects/KCWI/KCWI_RED_channel_characterization/fits/by_night/RH1/2023-11-07/KR.20231108.10417.73.fits
[1;38;2;49;54;149m    [INFO][0m - [38;2;116;173;209mrawimage.py:process:564[0m - Performing basic image processing on KR.20231108.10417.73.fits.
[1;38;2;49;54;149m    [INFO][0m - [38;2;116;173;209mrawimage.py:estimate_readnoise:359[0m - Estimated readnoise of amplifier 1 = 7.663 e-
[1;38;2;49;54;149m    [INFO][0m - [38;2;116;173;209mrawimage.py:estimate_readnoise:359[0m - Estimated readnoise of amplifier 2 = 7.829 e-
[1;38;2;49;54;149m    [INFO][0m - [38;2;116;173;209mrawimage.py:estimate_readnoise:359[0m - Estimated readnoise of amplifier 3 = 7.984 e-
[1;38;2;49;54;149m    [INFO][0m - [38;2;116;173;209mrawimage.py:estimate_readnoise:359[0m - Estimated readnoise of amplifier 4 = 7.455 e-
[1;38;2;49;54;149m    [INFO][0m - [38;2;116;173;209malignframe.py:build_traces:198[0m - Fitting alignment traces in slit 1/24
[1;38;2;49;54;149m    [INFO][0m - [38;2;116;173;209mfindobj_skymask.py:objs_in_slit:2073[0m - Using slit edges as crutch for object tracing
[1;38;2;49;54;149m    [INFO][0m - [38;2;116;173;209mfindobj_skymask.py:objs_in_slit:2098[0m - Automatic finding routine found 5 objects
[1;38;2;49;54;149m    [INFO][0m - [38;2;116;173;209mfindobj_skymask.py:objs_in_slit:2102[0m - Fitting the traces
[1;38;2;253;174;97m [WARNING][0m - [38;2;116;173;209mpolyutils.py:_fit:662[0m - RankWarning: The fit may be poorly conditioned
[1;38;2;49;54;149m    [INFO][0m - [38;2;116;173;209mfindobj_skymask.py:objs_in_slit:2254[0m - Successfully traced a total of 5 objects
[1;38;2;49;54;149m    [INFO][0m - [38;2;116;173;209malignframe.py:build_traces:198[0m - Fitting alignment traces in slit 2/24
[1;38;2;49;54;149m    [INFO][0m - [38;2;116;173;209mfindobj_skymask.py:objs_in_slit:2073[0m - Using slit edges as crutch for object tracing
[1;38;2;49;54;149m    [INFO][0m - [38;2;116;173;209mfindobj_skymask.py:objs_in_slit:2098[0m - Automatic finding routine found 5 objects
[1;38;2;49;54;149m    [INFO][0m - [38;2;116;173;209mfindobj_skymask.py:objs_in_slit:2102[0m - Fitting the traces
[1;38;2;253;174;97m [WARNING][0m - [38;2;116;173;209mpolyutils.py:_fit:662[0m - RankWarning: The fit may be poorly conditioned
[1;38;2;49;54;149m    [INFO][0m - [38;2;116;173;209mfindobj_skymask.py:objs_in_slit:2254[0m - Successfully traced a total of 5 objects
[1;38;2;49;54;149m    [INFO][0m - [38;2;116;173;209malignframe.py:build_traces:198[0m - Fitting alignment traces in slit 3/24
[1;38;2;49;54;149m    [INFO][0m - [38;2;116;173;209mfindobj_skymask.py:objs_in_slit:2073[0m - Using slit edges as crutch for object tracing
[1;38;2;49;54;149m    [INFO][0m - [38;2;116;173;209mfindobj_skymask.py:objs_in_slit:2098[0m - Automatic finding routine found 5 objects
[1;38;2;49;54;149m    [INFO][0m - [38;2;116;173;209mfindobj_skymask.py:objs_in_slit:2102[0m - Fitting the traces
[1;38;2;253;174;97m [WARNING][0m - [38;2;116;173;209mpolyutils.py:_fit:662[0m - RankWarning: The fit may be poorly conditioned
[1;38;2;49;54;149m    [INFO][0m - [38;2;116;173;209mfindobj_skymask.py:objs_in_slit:2254[0m - Successfully traced a total of 5 objects
[1;38;2;49;54;149m    [INFO][0m - [38;2;116;173;209malignframe.py:build_traces:198[0m - Fitting alignment traces in slit 4/24
[1;38;2;49;54;149m    [INFO][0m - [38;2;116;173;209mfindobj_skymask.py:objs_in_slit:2073[0m - Using slit edges as crutch for object tracing
[1;38;2;49;54;149m    [INFO][0m - [38;2;116;173;209mfindobj_skymask.py:objs_in_slit:2098[0m - Automatic finding routine found 5 objects
[1;38;2;49;54;149m    [INFO][0m - [38;2;116;173;209mfindobj_skymask.py:objs_in_slit:2102[0m - Fitting the traces
[1;38;2;253;174;97m [WARNING][0m - [38;2;116;173;209mpolyutils.py:_fit:662[0m - RankWarning: The fit may be poorly conditioned
[1;38;2;49;54;149m    [INFO][0m - [38;2;116;173;209mfindobj_skymask.py:objs_in_slit:2254[0m - Successfully traced a total of 5 objects
[1;38;2;49;54;149m    [INFO][0m - [38;2;116;173;209malignframe.py:build_traces:198[0m - Fitting alignment traces in slit 5/24
[1;38;2;49;54;149m    [INFO][0m - [38;2;116;173;209mfindobj_skymask.py:objs_in_slit:2073[0m - Using slit edges as crutch for object tracing
[1;38;2;49;54;149m    [INFO][0m - [38;2;116;173;209mfindobj_skymask.py:objs_in_slit:2098[0m - Automatic finding routine found 5 objects
[1;38;2;49;54;149m    [INFO][0m - [38;2;116;173;209mfindobj_skymask.py:objs_in_slit:2102[0m - Fitting the traces
[1;38;2;253;174;97m [WARNING][0m - [38;2;116;173;209mpolyutils.py:_fit:662[0m - RankWarning: The fit may be poorly conditioned
[1;38;2;49;54;149m    [INFO][0m - [38;2;116;173;209mfindobj_skymask.py:objs_in_slit:2254[0m - Successfully traced a total of 5 objects
[1;38;2;49;54;149m    [INFO][0m - [38;2;116;173;209malignframe.py:build_traces:198[0m - Fitting alignment traces in slit 6/24
[1;38;2;49;54;149m    [INFO][0m - [38;2;116;173;209mfindobj_skymask.py:objs_in_slit:2073[0m - Using slit edges as crutch for object tracing
[1;38;2;49;54;149m    [INFO][0m - [38;2;116;173;209mfindobj_skymask.py:objs_in_slit:2098[0m - Automatic finding routine found 5 objects
[1;38;2;49;54;149m    [INFO][0m - [38;2;116;173;209mfindobj_skymask.py:objs_in_slit:2102[0m - Fitting the traces
[1;38;2;253;174;97m [WARNING][0m - [38;2;116;173;209mpolyutils.py:_fit:662[0m - RankWarning: The fit may be poorly conditioned
[1;38;2;49;54;149m    [INFO][0m - [38;2;116;173;209mfindobj_skymask.py:objs_in_slit:2254[0m - Successfully traced a total of 5 objects
[1;38;2;49;54;149m    [INFO][0m - [38;2;116;173;209malignframe.py:build_traces:198[0m - Fitting alignment traces in slit 7/24
[1;38;2;49;54;149m    [INFO][0m - [38;2;116;173;209mfindobj_skymask.py:objs_in_slit:2073[0m - Using slit edges as crutch for object tracing
[1;38;2;49;54;149m    [INFO][0m - [38;2;116;173;209mfindobj_skymask.py:objs_in_slit:2098[0m - Automatic finding routine found 5 objects
[1;38;2;49;54;149m    [INFO][0m - [38;2;116;173;209mfindobj_skymask.py:objs_in_slit:2102[0m - Fitting the traces
[1;38;2;253;174;97m [WARNING][0m - [38;2;116;173;209mpolyutils.py:_fit:662[0m - RankWarning: The fit may be poorly conditioned
[1;38;2;49;54;149m    [INFO][0m - [38;2;116;173;209mfindobj_skymask.py:objs_in_slit:2254[0m - Successfully traced a total of 5 objects
[1;38;2;49;54;149m    [INFO][0m - [38;2;116;173;209malignframe.py:build_traces:198[0m - Fitting alignment traces in slit 8/24
[1;38;2;49;54;149m    [INFO][0m - [38;2;116;173;209mfindobj_skymask.py:objs_in_slit:2073[0m - Using slit edges as crutch for object tracing
[1;38;2;49;54;149m    [INFO][0m - [38;2;116;173;209mfindobj_skymask.py:objs_in_slit:2098[0m - Automatic finding routine found 5 objects
[1;38;2;49;54;149m    [INFO][0m - [38;2;116;173;209mfindobj_skymask.py:objs_in_slit:2102[0m - Fitting the traces
[1;38;2;253;174;97m [WARNING][0m - [38;2;116;173;209mpolyutils.py:_fit:662[0m - RankWarning: The fit may be poorly conditioned
[1;38;2;49;54;149m    [INFO][0m - [38;2;116;173;209mfindobj_skymask.py:objs_in_slit:2254[0m - Successfully traced a total of 5 objects
[1;38;2;49;54;149m    [INFO][0m - [38;2;116;173;209malignframe.py:build_traces:198[0m - Fitting alignment traces in slit 9/24
[1;38;2;49;54;149m    [INFO][0m - [38;2;116;173;209mfindobj_skymask.py:objs_in_slit:2073[0m - Using slit edges as crutch for object tracing
[1;38;2;49;54;149m    [INFO][0m - [38;2;116;173;209mfindobj_skymask.py:objs_in_slit:2098[0m - Automatic finding routine found 5 objects
[1;38;2;49;54;149m    [INFO][0m - [38;2;116;173;209mfindobj_skymask.py:objs_in_slit:2102[0m - Fitting the traces
[1;38;2;253;174;97m [WARNING][0m - [38;2;116;173;209mpolyutils.py:_fit:662[0m - RankWarning: The fit may be poorly conditioned
[1;38;2;49;54;149m    [INFO][0m - [38;2;116;173;209mfindobj_skymask.py:objs_in_slit:2254[0m - Successfully traced a total of 5 objects
[1;38;2;49;54;149m    [INFO][0m - [38;2;116;173;209malignframe.py:build_traces:198[0m - Fitting alignment traces in slit 10/24
[1;38;2;49;54;149m    [INFO][0m - [38;2;116;173;209mfindobj_skymask.py:objs_in_slit:2073[0m - Using slit edges as crutch for object tracing
[1;38;2;49;54;149m    [INFO][0m - [38;2;116;173;209mfindobj_skymask.py:objs_in_slit:2098[0m - Automatic finding routine found 5 objects
[1;38;2;49;54;149m    [INFO][0m - [38;2;116;173;209mfindobj_skymask.py:objs_in_slit:2102[0m - Fitting the traces
[1;38;2;253;174;97m [WARNING][0m - [38;2;116;173;209mpolyutils.py:_fit:662[0m - RankWarning: The fit may be poorly conditioned
[1;38;2;49;54;149m    [INFO][0m - [38;2;116;173;209mfindobj_skymask.py:objs_in_slit:2254[0m - Successfully traced a total of 5 objects
[1;38;2;49;54;149m    [INFO][0m - [38;2;116;173;209malignframe.py:build_traces:198[0m - Fitting alignment traces in slit 11/24
[1;38;2;49;54;149m    [INFO][0m - [38;2;116;173;209mfindobj_skymask.py:objs_in_slit:2073[0m - Using slit edges as crutch for object tracing
[1;38;2;49;54;149m    [INFO][0m - [38;2;116;173;209mfindobj_skymask.py:objs_in_slit:2098[0m - Automatic finding routine found 5 objects
[1;38;2;49;54;149m    [INFO][0m - [38;2;116;173;209mfindobj_skymask.py:objs_in_slit:2102[0m - Fitting the traces
[1;38;2;253;174;97m [WARNING][0m - [38;2;116;173;209mpolyutils.py:_fit:662[0m - RankWarning: The fit may be poorly conditioned
[1;38;2;49;54;149m    [INFO][0m - [38;2;116;173;209mfindobj_skymask.py:objs_in_slit:2254[0m - Successfully traced a total of 5 objects
[1;38;2;49;54;149m    [INFO][0m - [38;2;116;173;209malignframe.py:build_traces:198[0m - Fitting alignment traces in slit 12/24
[1;38;2;49;54;149m    [INFO][0m - [38;2;116;173;209mfindobj_skymask.py:objs_in_slit:2073[0m - Using slit edges as crutch for object tracing
[1;38;2;49;54;149m    [INFO][0m - [38;2;116;173;209mfindobj_skymask.py:objs_in_slit:2098[0m - Automatic finding routine found 5 objects
[1;38;2;49;54;149m    [INFO][0m - [38;2;116;173;209mfindobj_skymask.py:objs_in_slit:2102[0m - Fitting the traces
[1;38;2;253;174;97m [WARNING][0m - [38;2;116;173;209mpolyutils.py:_fit:662[0m - RankWarning: The fit may be poorly conditioned
[1;38;2;49;54;149m    [INFO][0m - [38;2;116;173;209mfindobj_skymask.py:objs_in_slit:2254[0m - Successfully traced a total of 5 objects
[1;38;2;49;54;149m    [INFO][0m - [38;2;116;173;209malignframe.py:build_traces:198[0m - Fitting alignment traces in slit 13/24
[1;38;2;49;54;149m    [INFO][0m - [38;2;116;173;209mfindobj_skymask.py:objs_in_slit:2073[0m - Using slit edges as crutch for object tracing
[1;38;2;49;54;149m    [INFO][0m - [38;2;116;173;209mfindobj_skymask.py:objs_in_slit:2098[0m - Automatic finding routine found 5 objects
[1;38;2;49;54;149m    [INFO][0m - [38;2;116;173;209mfindobj_skymask.py:objs_in_slit:2102[0m - Fitting the traces
[1;38;2;253;174;97m [WARNING][0m - [38;2;116;173;209mpolyutils.py:_fit:662[0m - RankWarning: The fit may be poorly conditioned
[1;38;2;49;54;149m    [INFO][0m - [38;2;116;173;209mfindobj_skymask.py:objs_in_slit:2254[0m - Successfully traced a total of 5 objects
[1;38;2;49;54;149m    [INFO][0m - [38;2;116;173;209malignframe.py:build_traces:198[0m - Fitting alignment traces in slit 14/24
[1;38;2;49;54;149m    [INFO][0m - [38;2;116;173;209mfindobj_skymask.py:objs_in_slit:2073[0m - Using slit edges as crutch for object tracing
[1;38;2;49;54;149m    [INFO][0m - [38;2;116;173;209mfindobj_skymask.py:objs_in_slit:2098[0m - Automatic finding routine found 5 objects
[1;38;2;49;54;149m    [INFO][0m - [38;2;116;173;209mfindobj_skymask.py:objs_in_slit:2102[0m - Fitting the traces
[1;38;2;253;174;97m [WARNING][0m - [38;2;116;173;209mpolyutils.py:_fit:662[0m - RankWarning: The fit may be poorly conditioned
[1;38;2;49;54;149m    [INFO][0m - [38;2;116;173;209mfindobj_skymask.py:objs_in_slit:2254[0m - Successfully traced a total of 5 objects
[1;38;2;49;54;149m    [INFO][0m - [38;2;116;173;209malignframe.py:build_traces:198[0m - Fitting alignment traces in slit 15/24
[1;38;2;49;54;149m    [INFO][0m - [38;2;116;173;209mfindobj_skymask.py:objs_in_slit:2073[0m - Using slit edges as crutch for object tracing
[1;38;2;49;54;149m    [INFO][0m - [38;2;116;173;209mfindobj_skymask.py:objs_in_slit:2098[0m - Automatic finding routine found 5 objects
[1;38;2;49;54;149m    [INFO][0m - [38;2;116;173;209mfindobj_skymask.py:objs_in_slit:2102[0m - Fitting the traces
[1;38;2;253;174;97m [WARNING][0m - [38;2;116;173;209mpolyutils.py:_fit:662[0m - RankWarning: The fit may be poorly conditioned
[1;38;2;49;54;149m    [INFO][0m - [38;2;116;173;209mfindobj_skymask.py:objs_in_slit:2254[0m - Successfully traced a total of 5 objects
[1;38;2;49;54;149m    [INFO][0m - [38;2;116;173;209malignframe.py:build_traces:198[0m - Fitting alignment traces in slit 16/24
[1;38;2;49;54;149m    [INFO][0m - [38;2;116;173;209mfindobj_skymask.py:objs_in_slit:2073[0m - Using slit edges as crutch for object tracing
[1;38;2;49;54;149m    [INFO][0m - [38;2;116;173;209mfindobj_skymask.py:objs_in_slit:2098[0m - Automatic finding routine found 5 objects
[1;38;2;49;54;149m    [INFO][0m - [38;2;116;173;209mfindobj_skymask.py:objs_in_slit:2102[0m - Fitting the traces
[1;38;2;253;174;97m [WARNING][0m - [38;2;116;173;209mpolyutils.py:_fit:662[0m - RankWarning: The fit may be poorly conditioned
[1;38;2;49;54;149m    [INFO][0m - [38;2;116;173;209mfindobj_skymask.py:objs_in_slit:2254[0m - Successfully traced a total of 5 objects
[1;38;2;49;54;149m    [INFO][0m - [38;2;116;173;209malignframe.py:build_traces:198[0m - Fitting alignment traces in slit 17/24
[1;38;2;49;54;149m    [INFO][0m - [38;2;116;173;209mfindobj_skymask.py:objs_in_slit:2073[0m - Using slit edges as crutch for object tracing
[1;38;2;49;54;149m    [INFO][0m - [38;2;116;173;209mfindobj_skymask.py:objs_in_slit:2098[0m - Automatic finding routine found 5 objects
[1;38;2;49;54;149m    [INFO][0m - [38;2;116;173;209mfindobj_skymask.py:objs_in_slit:2102[0m - Fitting the traces
[1;38;2;253;174;97m [WARNING][0m - [38;2;116;173;209mpolyutils.py:_fit:662[0m - RankWarning: The fit may be poorly conditioned
[1;38;2;49;54;149m    [INFO][0m - [38;2;116;173;209mfindobj_skymask.py:objs_in_slit:2254[0m - Successfully traced a total of 5 objects
[1;38;2;49;54;149m    [INFO][0m - [38;2;116;173;209malignframe.py:build_traces:198[0m - Fitting alignment traces in slit 18/24
[1;38;2;49;54;149m    [INFO][0m - [38;2;116;173;209mfindobj_skymask.py:objs_in_slit:2073[0m - Using slit edges as crutch for object tracing
[1;38;2;49;54;149m    [INFO][0m - [38;2;116;173;209mfindobj_skymask.py:objs_in_slit:2098[0m - Automatic finding routine found 5 objects
[1;38;2;49;54;149m    [INFO][0m - [38;2;116;173;209mfindobj_skymask.py:objs_in_slit:2102[0m - Fitting the traces
[1;38;2;253;174;97m [WARNING][0m - [38;2;116;173;209mpolyutils.py:_fit:662[0m - RankWarning: The fit may be poorly conditioned
[1;38;2;49;54;149m    [INFO][0m - [38;2;116;173;209mfindobj_skymask.py:objs_in_slit:2254[0m - Successfully traced a total of 5 objects
[1;38;2;49;54;149m    [INFO][0m - [38;2;116;173;209malignframe.py:build_traces:198[0m - Fitting alignment traces in slit 19/24
[1;38;2;49;54;149m    [INFO][0m - [38;2;116;173;209mfindobj_skymask.py:objs_in_slit:2073[0m - Using slit edges as crutch for object tracing
[1;38;2;49;54;149m    [INFO][0m - [38;2;116;173;209mfindobj_skymask.py:objs_in_slit:2098[0m - Automatic finding routine found 5 objects
[1;38;2;49;54;149m    [INFO][0m - [38;2;116;173;209mfindobj_skymask.py:objs_in_slit:2102[0m - Fitting the traces
[1;38;2;253;174;97m [WARNING][0m - [38;2;116;173;209mpolyutils.py:_fit:662[0m - RankWarning: The fit may be poorly conditioned
[1;38;2;49;54;149m    [INFO][0m - [38;2;116;173;209mfindobj_skymask.py:objs_in_slit:2254[0m - Successfully traced a total of 5 objects
[1;38;2;49;54;149m    [INFO][0m - [38;2;116;173;209malignframe.py:build_traces:198[0m - Fitting alignment traces in slit 20/24
[1;38;2;49;54;149m    [INFO][0m - [38;2;116;173;209mfindobj_skymask.py:objs_in_slit:2073[0m - Using slit edges as crutch for object tracing
[1;38;2;49;54;149m    [INFO][0m - [38;2;116;173;209mfindobj_skymask.py:objs_in_slit:2098[0m - Automatic finding routine found 5 objects
[1;38;2;49;54;149m    [INFO][0m - [38;2;116;173;209mfindobj_skymask.py:objs_in_slit:2102[0m - Fitting the traces
[1;38;2;253;174;97m [WARNING][0m - [38;2;116;173;209mpolyutils.py:_fit:662[0m - RankWarning: The fit may be poorly conditioned
[1;38;2;49;54;149m    [INFO][0m - [38;2;116;173;209mfindobj_skymask.py:objs_in_slit:2254[0m - Successfully traced a total of 5 objects
[1;38;2;49;54;149m    [INFO][0m - [38;2;116;173;209malignframe.py:build_traces:198[0m - Fitting alignment traces in slit 21/24
[1;38;2;49;54;149m    [INFO][0m - [38;2;116;173;209mfindobj_skymask.py:objs_in_slit:2073[0m - Using slit edges as crutch for object tracing
[1;38;2;49;54;149m    [INFO][0m - [38;2;116;173;209mfindobj_skymask.py:objs_in_slit:2098[0m - Automatic finding routine found 5 objects
[1;38;2;49;54;149m    [INFO][0m - [38;2;116;173;209mfindobj_skymask.py:objs_in_slit:2102[0m - Fitting the traces
[1;38;2;253;174;97m [WARNING][0m - [38;2;116;173;209mpolyutils.py:_fit:662[0m - RankWarning: The fit may be poorly conditioned
[1;38;2;49;54;149m    [INFO][0m - [38;2;116;173;209mfindobj_skymask.py:objs_in_slit:2254[0m - Successfully traced a total of 5 objects
[1;38;2;49;54;149m    [INFO][0m - [38;2;116;173;209malignframe.py:build_traces:198[0m - Fitting alignment traces in slit 22/24
[1;38;2;49;54;149m    [INFO][0m - [38;2;116;173;209mfindobj_skymask.py:objs_in_slit:2073[0m - Using slit edges as crutch for object tracing
[1;38;2;49;54;149m    [INFO][0m - [38;2;116;173;209mfindobj_skymask.py:objs_in_slit:2098[0m - Automatic finding routine found 5 objects
[1;38;2;49;54;149m    [INFO][0m - [38;2;116;173;209mfindobj_skymask.py:objs_in_slit:2102[0m - Fitting the traces
[1;38;2;253;174;97m [WARNING][0m - [38;2;116;173;209mpolyutils.py:_fit:662[0m - RankWarning: The fit may be poorly conditioned
[1;38;2;49;54;149m    [INFO][0m - [38;2;116;173;209mfindobj_skymask.py:objs_in_slit:2254[0m - Successfully traced a total of 5 objects
[1;38;2;49;54;149m    [INFO][0m - [38;2;116;173;209malignframe.py:build_traces:198[0m - Fitting alignment traces in slit 23/24
[1;38;2;49;54;149m    [INFO][0m - [38;2;116;173;209mfindobj_skymask.py:objs_in_slit:2073[0m - Using slit edges as crutch for object tracing
[1;38;2;49;54;149m    [INFO][0m - [38;2;116;173;209mfindobj_skymask.py:objs_in_slit:2098[0m - Automatic finding routine found 5 objects
[1;38;2;49;54;149m    [INFO][0m - [38;2;116;173;209mfindobj_skymask.py:objs_in_slit:2102[0m - Fitting the traces
[1;38;2;253;174;97m [WARNING][0m - [38;2;116;173;209mpolyutils.py:_fit:662[0m - RankWarning: The fit may be poorly conditioned
[1;38;2;49;54;149m    [INFO][0m - [38;2;116;173;209mfindobj_skymask.py:objs_in_slit:2254[0m - Successfully traced a total of 5 objects
[1;38;2;49;54;149m    [INFO][0m - [38;2;116;173;209malignframe.py:build_traces:198[0m - Fitting alignment traces in slit 24/24
[1;38;2;49;54;149m    [INFO][0m - [38;2;116;173;209mfindobj_skymask.py:objs_in_slit:2073[0m - Using slit edges as crutch for object tracing
[1;38;2;49;54;149m    [INFO][0m - [38;2;116;173;209mfindobj_skymask.py:objs_in_slit:2098[0m - Automatic finding routine found 5 objects
[1;38;2;49;54;149m    [INFO][0m - [38;2;116;173;209mfindobj_skymask.py:objs_in_slit:2102[0m - Fitting the traces
[1;38;2;253;174;97m [WARNING][0m - [38;2;116;173;209mpolyutils.py:_fit:662[0m - RankWarning: The fit may be poorly conditioned
[1;38;2;49;54;149m    [INFO][0m - [38;2;116;173;209mfindobj_skymask.py:objs_in_slit:2254[0m - Successfully traced a total of 5 objects
[1;38;2;49;54;149m    [INFO][0m - [38;2;116;173;209mio.py:write_to_fits:672[0m - File written to: /Users/kaiwenzhang/PycharmProjects/KCWI/KCWI_RED_channel_characterization/RH1 pypeit run/2023-11-07/pypeit_run/keck_kcrm_B/Calibrations/Alignment_B_1_DET01.fits
[1;38;2;49;54;149m    [INFO][0m - [38;2;116;173;209mcalibrations.py:get_scattlight:710[0m - Creating scattered light calibration frame using files: 
[1;38;2;49;54;149m    [INFO][0m - [38;2;116;173;209mcalibrations.py:get_scattlight:712[0m -         KR.20231108.11400.60.fits
[1;38;2;49;54;149m    [INFO][0m - [38;2;116;173;209mcalibrations.py:get_scattlight:712[0m -         KR.20231108.11454.12.fits
[1;38;2;49;54;149m    [INFO][0m - [38;2;116;173;209mcalibrations.py:get_scattlight:712[0m -         KR.20231108.11508.20.fits
[1;38;2;49;54;149m    [INFO][0m - [38;2;116;173;209mcalibrations.py:get_scattlight:712[0m -         KR.20231108.11562.27.fits
[1;38;2;49;54;149m    [INFO][0m - [38;2;116;173;209mcalibrations.py:get_scattlight:712[0m -         KR.20231108.11616.33.fits
[1;38;2;49;54;149m    [INFO][0m - [38;2;116;173;209mcalibrations.py:get_scattlight:712[0m -         KR.20231108.11670.39.fits
[1;38;2;49;54;149m    [INFO][0m - [38;2;116;173;209mkeck_kcwi.py:get_rawimage:1426[0m - Reading KCWI file: /Users/kaiwenzhang/PycharmProjects/KCWI/KCWI_RED_channel_characterization/fits/by_night/RH1/2023-11-07/KR.20231108.11400.60.fits
[1;38;2;49;54;149m    [INFO][0m - [38;2;116;173;209mkeck_kcwi.py:get_rawimage:1426[0m - Reading KCWI file: /Users/kaiwenzhang/PycharmProjects/KCWI/KCWI_RED_channel_characterization/fits/by_night/RH1/2023-11-07/KR.20231108.11400.60.fits
[1;38;2;49;54;149m    [INFO][0m - [38;2;116;173;209mrawimage.py:process:564[0m - Performing basic image processing on KR.20231108.11400.60.fits.
[1;38;2;49;54;149m    [INFO][0m - [38;2;116;173;209mrawimage.py:estimate_readnoise:359[0m - Estimated readnoise of amplifier 1 = 3.992 e-
[1;38;2;49;54;149m    [INFO][0m - [38;2;116;173;209mrawimage.py:estimate_readnoise:359[0m - Estimated readnoise of amplifier 2 = 3.973 e-
[1;38;2;49;54;149m    [INFO][0m - [38;2;116;173;209mkeck_kcwi.py:get_rawimage:1426[0m - Reading KCWI file: /Users/kaiwenzhang/PycharmProjects/KCWI/KCWI_RED_channel_characterization/fits/by_night/RH1/2023-11-07/KR.20231108.11454.12.fits
[1;38;2;49;54;149m    [INFO][0m - [38;2;116;173;209mrawimage.py:process:564[0m - Performing basic image processing on KR.20231108.11454.12.fits.
[1;38;2;49;54;149m    [INFO][0m - [38;2;116;173;209mrawimage.py:estimate_readnoise:359[0m - Estimated readnoise of amplifier 1 = 3.978 e-
[1;38;2;49;54;149m    [INFO][0m - [38;2;116;173;209mrawimage.py:estimate_readnoise:359[0m - Estimated readnoise of amplifier 2 = 3.961 e-
[1;38;2;49;54;149m    [INFO][0m - [38;2;116;173;209mkeck_kcwi.py:get_rawimage:1426[0m - Reading KCWI file: /Users/kaiwenzhang/PycharmProjects/KCWI/KCWI_RED_channel_characterization/fits/by_night/RH1/2023-11-07/KR.20231108.11508.20.fits
[1;38;2;49;54;149m    [INFO][0m - [38;2;116;173;209mrawimage.py:process:564[0m - Performing basic image processing on KR.20231108.11508.20.fits.
[1;38;2;49;54;149m    [INFO][0m - [38;2;116;173;209mrawimage.py:estimate_readnoise:359[0m - Estimated readnoise of amplifier 1 = 4.006 e-
[1;38;2;49;54;149m    [INFO][0m - [38;2;116;173;209mrawimage.py:estimate_readnoise:359[0m - Estimated readnoise of amplifier 2 = 3.985 e-
[1;38;2;49;54;149m    [INFO][0m - [38;2;116;173;209mkeck_kcwi.py:get_rawimage:1426[0m - Reading KCWI file: /Users/kaiwenzhang/PycharmProjects/KCWI/KCWI_RED_channel_characterization/fits/by_night/RH1/2023-11-07/KR.20231108.11562.27.fits
[1;38;2;49;54;149m    [INFO][0m - [38;2;116;173;209mrawimage.py:process:564[0m - Performing basic image processing on KR.20231108.11562.27.fits.
[1;38;2;49;54;149m    [INFO][0m - [38;2;116;173;209mrawimage.py:estimate_readnoise:359[0m - Estimated readnoise of amplifier 1 = 3.971 e-
[1;38;2;49;54;149m    [INFO][0m - [38;2;116;173;209mrawimage.py:estimate_readnoise:359[0m - Estimated readnoise of amplifier 2 = 3.944 e-
[1;38;2;49;54;149m    [INFO][0m - [38;2;116;173;209mkeck_kcwi.py:get_rawimage:1426[0m - Reading KCWI file: /Users/kaiwenzhang/PycharmProjects/KCWI/KCWI_RED_channel_characterization/fits/by_night/RH1/2023-11-07/KR.20231108.11616.33.fits
[1;38;2;49;54;149m    [INFO][0m - [38;2;116;173;209mrawimage.py:process:564[0m - Performing basic image processing on KR.20231108.11616.33.fits.
[1;38;2;49;54;149m    [INFO][0m - [38;2;116;173;209mrawimage.py:estimate_readnoise:359[0m - Estimated readnoise of amplifier 1 = 3.986 e-
[1;38;2;49;54;149m    [INFO][0m - [38;2;116;173;209mrawimage.py:estimate_readnoise:359[0m - Estimated readnoise of amplifier 2 = 3.976 e-
[1;38;2;49;54;149m    [INFO][0m - [38;2;116;173;209mkeck_kcwi.py:get_rawimage:1426[0m - Reading KCWI file: /Users/kaiwenzhang/PycharmProjects/KCWI/KCWI_RED_channel_characterization/fits/by_night/RH1/2023-11-07/KR.20231108.11670.39.fits
[1;38;2;49;54;149m    [INFO][0m - [38;2;116;173;209mrawimage.py:process:564[0m - Performing basic image processing on KR.20231108.11670.39.fits.
[1;38;2;49;54;149m    [INFO][0m - [38;2;116;173;209mrawimage.py:estimate_readnoise:359[0m - Estimated readnoise of amplifier 1 = 3.976 e-
[1;38;2;49;54;149m    [INFO][0m - [38;2;116;173;209mrawimage.py:estimate_readnoise:359[0m - Estimated readnoise of amplifier 2 = 3.953 e-
[1;38;2;253;174;97m [WARNING][0m - [38;2;116;173;209mspectrograph.py:scattered_light_archive:2221[0m - Initial scattered light model parameters have not been setup for grating RH1 of keck_kcrm
[1;38;2;49;54;149m    [INFO][0m - [38;2;116;173;209mutils.py:replace_bad:1503[0m - Replacing bad pixels
[1;38;2;49;54;149m    [INFO][0m - [38;2;116;173;209mscattlight.py:scattered_light:224[0m - Performing a least-squares fit to the scattered light
[1;38;2;49;54;149m    [INFO][0m - [38;2;116;173;209mscattlight.py:scattered_light:231[0m - Generating best-fitting scattered light model
[1;38;2;49;54;149m    [INFO][0m - [38;2;116;173;209mio.py:write_to_fits:670[0m - Compressing file: /Users/kaiwenzhang/PycharmProjects/KCWI/KCWI_RED_channel_characterization/RH1 pypeit run/2023-11-07/pypeit_run/keck_kcrm_B/Calibrations/ScatteredLight_B_1_DET01.fits
[1;38;2;49;54;149m    [INFO][0m - [38;2;116;173;209mio.py:write_to_fits:672[0m - File written to: /Users/kaiwenzhang/PycharmProjects/KCWI/KCWI_RED_channel_characterization/RH1 pypeit run/2023-11-07/pypeit_run/keck_kcrm_B/Calibrations/ScatteredLight_B_1_DET01.fits.gz
[1;38;2;49;54;149m    [INFO][0m - [38;2;116;173;209mkeck_kcwi.py:get_rawimage:1426[0m - Reading KCWI file: /Users/kaiwenzhang/PycharmProjects/KCWI/KCWI_RED_channel_characterization/fits/by_night/RH1/2023-11-07/KR.20231108.11400.60.fits
[1;38;2;49;54;149m    [INFO][0m - [38;2;116;173;209mcalibrations.py:get_flats:888[0m - Creating pixel-flat calibration frame using files: 
[1;38;2;49;54;149m    [INFO][0m - [38;2;116;173;209mcalibrations.py:get_flats:890[0m -         KR.20231108.11400.60.fits
[1;38;2;49;54;149m    [INFO][0m - [38;2;116;173;209mcalibrations.py:get_flats:890[0m -         KR.20231108.11454.12.fits
[1;38;2;49;54;149m    [INFO][0m - [38;2;116;173;209mcalibrations.py:get_flats:890[0m -         KR.20231108.11508.20.fits
[1;38;2;49;54;149m    [INFO][0m - [38;2;116;173;209mcalibrations.py:get_flats:890[0m -         KR.20231108.11562.27.fits
[1;38;2;49;54;149m    [INFO][0m - [38;2;116;173;209mcalibrations.py:get_flats:890[0m -         KR.20231108.11616.33.fits
[1;38;2;49;54;149m    [INFO][0m - [38;2;116;173;209mcalibrations.py:get_flats:890[0m -         KR.20231108.11670.39.fits
[1;38;2;49;54;149m    [INFO][0m - [38;2;116;173;209mkeck_kcwi.py:get_rawimage:1426[0m - Reading KCWI file: /Users/kaiwenzhang/PycharmProjects/KCWI/KCWI_RED_channel_characterization/fits/by_night/RH1/2023-11-07/KR.20231108.11400.60.fits
[1;38;2;49;54;149m    [INFO][0m - [38;2;116;173;209mrawimage.py:process:564[0m - Performing basic image processing on KR.20231108.11400.60.fits.
[1;38;2;49;54;149m    [INFO][0m - [38;2;116;173;209mrawimage.py:estimate_readnoise:359[0m - Estimated readnoise of amplifier 1 = 3.992 e-
[1;38;2;49;54;149m    [INFO][0m - [38;2;116;173;209mrawimage.py:estimate_readnoise:359[0m - Estimated readnoise of amplifier 2 = 3.973 e-
[1;38;2;49;54;149m    [INFO][0m - [38;2;116;173;209mkeck_kcwi.py:get_rawimage:1426[0m - Reading KCWI file: /Users/kaiwenzhang/PycharmProjects/KCWI/KCWI_RED_channel_characterization/fits/by_night/RH1/2023-11-07/KR.20231108.11454.12.fits
[1;38;2;49;54;149m    [INFO][0m - [38;2;116;173;209mrawimage.py:process:564[0m - Performing basic image processing on KR.20231108.11454.12.fits.
[1;38;2;49;54;149m    [INFO][0m - [38;2;116;173;209mrawimage.py:estimate_readnoise:359[0m - Estimated readnoise of amplifier 1 = 3.978 e-
[1;38;2;49;54;149m    [INFO][0m - [38;2;116;173;209mrawimage.py:estimate_readnoise:359[0m - Estimated readnoise of amplifier 2 = 3.961 e-
[1;38;2;49;54;149m    [INFO][0m - [38;2;116;173;209mkeck_kcwi.py:get_rawimage:1426[0m - Reading KCWI file: /Users/kaiwenzhang/PycharmProjects/KCWI/KCWI_RED_channel_characterization/fits/by_night/RH1/2023-11-07/KR.20231108.11508.20.fits
[1;38;2;49;54;149m    [INFO][0m - [38;2;116;173;209mrawimage.py:process:564[0m - Performing basic image processing on KR.20231108.11508.20.fits.
[1;38;2;49;54;149m    [INFO][0m - [38;2;116;173;209mrawimage.py:estimate_readnoise:359[0m - Estimated readnoise of amplifier 1 = 4.006 e-
[1;38;2;49;54;149m    [INFO][0m - [38;2;116;173;209mrawimage.py:estimate_readnoise:359[0m - Estimated readnoise of amplifier 2 = 3.985 e-
[1;38;2;49;54;149m    [INFO][0m - [38;2;116;173;209mkeck_kcwi.py:get_rawimage:1426[0m - Reading KCWI file: /Users/kaiwenzhang/PycharmProjects/KCWI/KCWI_RED_channel_characterization/fits/by_night/RH1/2023-11-07/KR.20231108.11562.27.fits
[1;38;2;49;54;149m    [INFO][0m - [38;2;116;173;209mrawimage.py:process:564[0m - Performing basic image processing on KR.20231108.11562.27.fits.
[1;38;2;49;54;149m    [INFO][0m - [38;2;116;173;209mrawimage.py:estimate_readnoise:359[0m - Estimated readnoise of amplifier 1 = 3.971 e-
[1;38;2;49;54;149m    [INFO][0m - [38;2;116;173;209mrawimage.py:estimate_readnoise:359[0m - Estimated readnoise of amplifier 2 = 3.944 e-
[1;38;2;49;54;149m    [INFO][0m - [38;2;116;173;209mkeck_kcwi.py:get_rawimage:1426[0m - Reading KCWI file: /Users/kaiwenzhang/PycharmProjects/KCWI/KCWI_RED_channel_characterization/fits/by_night/RH1/2023-11-07/KR.20231108.11616.33.fits
[1;38;2;49;54;149m    [INFO][0m - [38;2;116;173;209mrawimage.py:process:564[0m - Performing basic image processing on KR.20231108.11616.33.fits.
[1;38;2;49;54;149m    [INFO][0m - [38;2;116;173;209mrawimage.py:estimate_readnoise:359[0m - Estimated readnoise of amplifier 1 = 3.986 e-
[1;38;2;49;54;149m    [INFO][0m - [38;2;116;173;209mrawimage.py:estimate_readnoise:359[0m - Estimated readnoise of amplifier 2 = 3.976 e-
[1;38;2;49;54;149m    [INFO][0m - [38;2;116;173;209mkeck_kcwi.py:get_rawimage:1426[0m - Reading KCWI file: /Users/kaiwenzhang/PycharmProjects/KCWI/KCWI_RED_channel_characterization/fits/by_night/RH1/2023-11-07/KR.20231108.11670.39.fits
[1;38;2;49;54;149m    [INFO][0m - [38;2;116;173;209mrawimage.py:process:564[0m - Performing basic image processing on KR.20231108.11670.39.fits.
[1;38;2;49;54;149m    [INFO][0m - [38;2;116;173;209mrawimage.py:estimate_readnoise:359[0m - Estimated readnoise of amplifier 1 = 3.976 e-
[1;38;2;49;54;149m    [INFO][0m - [38;2;116;173;209mrawimage.py:estimate_readnoise:359[0m - Estimated readnoise of amplifier 2 = 3.953 e-
[1;38;2;49;54;149m    [INFO][0m - [38;2;116;173;209mflatfield.py:build_waveimg:704[0m - Generating wavelength image
[1;38;2;49;54;149m    [INFO][0m - [38;2;116;173;209mwavetilts.py:fit2tiltimg:143[0m - Generating a tilts image from the fit parameters
[1;38;2;49;54;149m    [INFO][0m - [38;2;116;173;209mflatfield.py:fit:924[0m - Modeling the flat-field response for slit spat_id=60: 1/24
[1;38;2;49;54;149m    [INFO][0m - [38;2;116;173;209mflatfield.py:fit:1008[0m - Spectral fit of flatfield for 131488/143872  pixels in the slit.
[1;38;2;49;54;149m    [INFO][0m - [38;2;116;173;209mfitting.py:bspline_profile:1156[0m - B-spline fit:
[1;38;2;49;54;149m    [INFO][0m - [38;2;116;173;209mfitting.py:bspline_profile:1157[0m -     npoly = 1 profile basis functions
[1;38;2;49;54;149m    [INFO][0m - [38;2;116;173;209mfitting.py:bspline_profile:1158[0m -     ngood = 131488/131488 measurements
[1;38;2;49;54;149m    [INFO][0m - [38;2;116;173;209mfitting.py:bspline_profile:1159[0m - ***************** Iter     Chi^2    N Rej  R. Fac *****************
[1;38;2;49;54;149m    [INFO][0m - [38;2;116;173;209mfitting.py:bspline_profile:1163[0m -                   ----  --------  -------  ------                  
[1;38;2;49;54;149m    [INFO][0m - [38;2;116;173;209mfitting.py:bspline_profile:1257[0m -                      1     0.006       26    1.00                  
[1;38;2;49;54;149m    [INFO][0m - [38;2;116;173;209mfitting.py:bspline_profile:1257[0m -                      2     0.006       36    1.00                  
[1;38;2;49;54;149m    [INFO][0m - [38;2;116;173;209mfitting.py:bspline_profile:1257[0m -                      3     0.006       42    1.00                  
[1;38;2;49;54;149m    [INFO][0m - [38;2;116;173;209mfitting.py:bspline_profile:1257[0m -                      4     0.006       45    1.00                  
[1;38;2;49;54;149m    [INFO][0m - [38;2;116;173;209mfitting.py:bspline_profile:1257[0m -                      5     0.006       46    1.00                  
[1;38;2;49;54;149m    [INFO][0m - [38;2;116;173;209mfitting.py:bspline_profile:1257[0m -                      6     0.006       46    1.00                  
[1;38;2;49;54;149m    [INFO][0m - [38;2;116;173;209mfitting.py:bspline_profile:1272[0m -                   DONE     0.006       46    1.00                  
[1;38;2;49;54;149m    [INFO][0m - [38;2;116;173;209mfitting.py:bspline_profile:1275[0m - *******************************************************************
[1;38;2;49;54;149m    [INFO][0m - [38;2;116;173;209mflatfield.py:fit:1097[0m - Spatial fit of flatfield for 164512/164512  pixels in the slit.
[1;38;2;49;54;149m    [INFO][0m - [38;2;116;173;209mfitting.py:bspline_profile:1156[0m - B-spline fit:
[1;38;2;49;54;149m    [INFO][0m - [38;2;116;173;209mfitting.py:bspline_profile:1157[0m -     npoly = 1 profile basis functions
[1;38;2;49;54;149m    [INFO][0m - [38;2;116;173;209mfitting.py:bspline_profile:1158[0m -     ngood = 164512/164512 measurements
[1;38;2;49;54;149m    [INFO][0m - [38;2;116;173;209mfitting.py:bspline_profile:1159[0m - ***************** Iter     Chi^2    N Rej  R. Fac *****************
[1;38;2;49;54;149m    [INFO][0m - [38;2;116;173;209mfitting.py:bspline_profile:1163[0m -                   ----  --------  -------  ------                  
[1;38;2;49;54;149m    [INFO][0m - [38;2;116;173;209mfitting.py:bspline_profile:1257[0m -                      1     0.000        0    1.00                  
[1;38;2;49;54;149m    [INFO][0m - [38;2;116;173;209mfitting.py:bspline_profile:1272[0m -                   DONE     0.000        0    1.00                  
[1;38;2;49;54;149m    [INFO][0m - [38;2;116;173;209mfitting.py:bspline_profile:1275[0m - *******************************************************************
[1;38;2;253;174;97m [WARNING][0m - [38;2;116;173;209mflat.py:tweak_slit_edges_gradient:538[0m - Left slit edge shift of 0.9% exceeds the maximum allowed of 0.0%
The left edge will not be tweaked.
[1;38;2;253;174;97m [WARNING][0m - [38;2;116;173;209mflat.py:tweak_slit_edges_gradient:547[0m - Right slit edge shift of -1.1% exceeds the maximum allowed of 0.0%
The right edge will not be tweaked.
[1;38;2;49;54;149m    [INFO][0m - [38;2;116;173;209mfitting.py:bspline_profile:1156[0m - B-spline fit:
[1;38;2;49;54;149m    [INFO][0m - [38;2;116;173;209mfitting.py:bspline_profile:1157[0m -     npoly = 1 profile basis functions
[1;38;2;49;54;149m    [INFO][0m - [38;2;116;173;209mfitting.py:bspline_profile:1158[0m -     ngood = 164512/164512 measurements
[1;38;2;49;54;149m    [INFO][0m - [38;2;116;173;209mfitting.py:bspline_profile:1159[0m - ***************** Iter     Chi^2    N Rej  R. Fac *****************
[1;38;2;49;54;149m    [INFO][0m - [38;2;116;173;209mfitting.py:bspline_profile:1163[0m -                   ----  --------  -------  ------                  
[1;38;2;49;54;149m    [INFO][0m - [38;2;116;173;209mfitting.py:bspline_profile:1257[0m -                      1     0.000        0    1.00                  
[1;38;2;49;54;149m    [INFO][0m - [38;2;116;173;209mfitting.py:bspline_profile:1272[0m -                   DONE     0.000        0    1.00                  
[1;38;2;49;54;149m    [INFO][0m - [38;2;116;173;209mfitting.py:bspline_profile:1275[0m - *******************************************************************
[1;38;2;49;54;149m    [INFO][0m - [38;2;116;173;209mflatfield.py:spatial_fit_finecorr:1477[0m - Performing a fine correction to the spatial illumination (slit 60)
[1;38;2;253;174;97m [WARNING][0m - [38;2;116;173;209mfitting.py:robust_fit:456[0m - Maximum number of iterations maxiter=10 reached in robust_polyfit_djs
[1;38;2;49;54;149m    [INFO][0m - [38;2;116;173;209mflatfield.py:spatillum_finecorr_qa:1966[0m - Generating QA for spatial illumination fine correction
[1;38;2;49;54;149m    [INFO][0m - [38;2;116;173;209mflatfield.py:spatillum_finecorr_qa:2047[0m - Saved QA:
/Users/kaiwenzhang/PycharmProjects/KCWI/KCWI_RED_channel_characterization/RH1 pypeit run/2023-11-07/pypeit_run/keck_kcrm_B/QA/PNGs/Spatillum_FineCorr_B_1_DET01_S0060_spatillum_finecorr.png
[1;38;2;49;54;149m    [INFO][0m - [38;2;116;173;209mflatfield.py:fit:1218[0m - Performing 2D illumination + scattered light flat field fit
[1;38;2;49;54;149m    [INFO][0m - [38;2;116;173;209mfitting.py:bspline_profile:1156[0m - B-spline fit:
[1;38;2;49;54;149m    [INFO][0m - [38;2;116;173;209mfitting.py:bspline_profile:1157[0m -     npoly = 7 profile basis functions
[1;38;2;49;54;149m    [INFO][0m - [38;2;116;173;209mfitting.py:bspline_profile:1158[0m -     ngood = 143837/143872 measurements
[1;38;2;49;54;149m    [INFO][0m - [38;2;116;173;209mfitting.py:bspline_profile:1159[0m - ***************** Iter     Chi^2    N Rej  R. Fac *****************
[1;38;2;49;54;149m    [INFO][0m - [38;2;116;173;209mfitting.py:bspline_profile:1163[0m -                   ----  --------  -------  ------                  
[1;38;2;49;54;149m    [INFO][0m - [38;2;116;173;209mfitting.py:bspline_profile:1257[0m -                      1     1.967     3596    1.00                  
[1;38;2;49;54;149m    [INFO][0m - [38;2;116;173;209mfitting.py:bspline_profile:1257[0m -                      2     0.647     3923    1.00                  
[1;38;2;49;54;149m    [INFO][0m - [38;2;116;173;209mfitting.py:bspline_profile:1257[0m -                      3     0.574     4065    1.00                  
[1;38;2;49;54;149m    [INFO][0m - [38;2;116;173;209mfitting.py:bspline_profile:1257[0m -                      4     0.551     4163    1.00                  
[1;38;2;49;54;149m    [INFO][0m - [38;2;116;173;209mfitting.py:bspline_profile:1257[0m -                      5     0.536     4222    1.00                  
[1;38;2;49;54;149m    [INFO][0m - [38;2;116;173;209mfitting.py:bspline_profile:1257[0m -                      6     0.528     4259    1.00                  
[1;38;2;49;54;149m    [INFO][0m - [38;2;116;173;209mfitting.py:bspline_profile:1257[0m -                      7     0.523     4274    1.00                  
[1;38;2;49;54;149m    [INFO][0m - [38;2;116;173;209mfitting.py:bspline_profile:1257[0m -                      8     0.521     4281    1.00                  
[1;38;2;49;54;149m    [INFO][0m - [38;2;116;173;209mfitting.py:bspline_profile:1257[0m -                      9     0.520     4286    1.00                  
[1;38;2;49;54;149m    [INFO][0m - [38;2;116;173;209mfitting.py:bspline_profile:1257[0m -                     10     0.519     4289    1.00                  
[1;38;2;49;54;149m    [INFO][0m - [38;2;116;173;209mfitting.py:bspline_profile:1257[0m -                     11     0.519     4290    1.00                  
[1;38;2;49;54;149m    [INFO][0m - [38;2;116;173;209mfitting.py:bspline_profile:1257[0m -                     12     0.519     4291    1.00                  
[1;38;2;49;54;149m    [INFO][0m - [38;2;116;173;209mfitting.py:bspline_profile:1257[0m -                     13     0.519     4291    1.00                  
[1;38;2;49;54;149m    [INFO][0m - [38;2;116;173;209mfitting.py:bspline_profile:1272[0m -                   DONE     0.519     4291    1.00                  
[1;38;2;49;54;149m    [INFO][0m - [38;2;116;173;209mfitting.py:bspline_profile:1275[0m - *******************************************************************
[1;38;2;49;54;149m    [INFO][0m - [38;2;116;173;209mflatfield.py:fit:924[0m - Modeling the flat-field response for slit spat_id=140: 2/24
[1;38;2;49;54;149m    [INFO][0m - [38;2;116;173;209mflatfield.py:fit:1008[0m - Spectral fit of flatfield for 131859/144243  pixels in the slit.
[1;38;2;49;54;149m    [INFO][0m - [38;2;116;173;209mfitting.py:bspline_profile:1156[0m - B-spline fit:
[1;38;2;49;54;149m    [INFO][0m - [38;2;116;173;209mfitting.py:bspline_profile:1157[0m -     npoly = 1 profile basis functions
[1;38;2;49;54;149m    [INFO][0m - [38;2;116;173;209mfitting.py:bspline_profile:1158[0m -     ngood = 131859/131859 measurements
[1;38;2;49;54;149m    [INFO][0m - [38;2;116;173;209mfitting.py:bspline_profile:1159[0m - ***************** Iter     Chi^2    N Rej  R. Fac *****************
[1;38;2;49;54;149m    [INFO][0m - [38;2;116;173;209mfitting.py:bspline_profile:1163[0m -                   ----  --------  -------  ------                  
[1;38;2;49;54;149m    [INFO][0m - [38;2;116;173;209mfitting.py:bspline_profile:1257[0m -                      1     0.004       20    1.00                  
[1;38;2;49;54;149m    [INFO][0m - [38;2;116;173;209mfitting.py:bspline_profile:1257[0m -                      2     0.004       28    1.00                  
[1;38;2;49;54;149m    [INFO][0m - [38;2;116;173;209mfitting.py:bspline_profile:1257[0m -                      3     0.004       32    1.00                  
[1;38;2;49;54;149m    [INFO][0m - [38;2;116;173;209mfitting.py:bspline_profile:1257[0m -                      4     0.004       34    1.00                  
[1;38;2;49;54;149m    [INFO][0m - [38;2;116;173;209mfitting.py:bspline_profile:1257[0m -                      5     0.004       35    1.00                  
[1;38;2;49;54;149m    [INFO][0m - [38;2;116;173;209mfitting.py:bspline_profile:1257[0m -                      6     0.004       35    1.00                  
[1;38;2;49;54;149m    [INFO][0m - [38;2;116;173;209mfitting.py:bspline_profile:1272[0m -                   DONE     0.004       35    1.00                  
[1;38;2;49;54;149m    [INFO][0m - [38;2;116;173;209mfitting.py:bspline_profile:1275[0m - *******************************************************************
[1;38;2;49;54;149m    [INFO][0m - [38;2;116;173;209mflatfield.py:fit:1097[0m - Spatial fit of flatfield for 156410/156410  pixels in the slit.
[1;38;2;49;54;149m    [INFO][0m - [38;2;116;173;209mfitting.py:bspline_profile:1156[0m - B-spline fit:
[1;38;2;49;54;149m    [INFO][0m - [38;2;116;173;209mfitting.py:bspline_profile:1157[0m -     npoly = 1 profile basis functions
[1;38;2;49;54;149m    [INFO][0m - [38;2;116;173;209mfitting.py:bspline_profile:1158[0m -     ngood = 156410/156410 measurements
[1;38;2;49;54;149m    [INFO][0m - [38;2;116;173;209mfitting.py:bspline_profile:1159[0m - ***************** Iter     Chi^2    N Rej  R. Fac *****************
[1;38;2;49;54;149m    [INFO][0m - [38;2;116;173;209mfitting.py:bspline_profile:1163[0m -                   ----  --------  -------  ------                  
[1;38;2;49;54;149m    [INFO][0m - [38;2;116;173;209mfitting.py:bspline_profile:1257[0m -                      1     0.000        0    1.00                  
[1;38;2;49;54;149m    [INFO][0m - [38;2;116;173;209mfitting.py:bspline_profile:1272[0m -                   DONE     0.000        0    1.00                  
[1;38;2;49;54;149m    [INFO][0m - [38;2;116;173;209mfitting.py:bspline_profile:1275[0m - *******************************************************************
[1;38;2;253;174;97m [WARNING][0m - [38;2;116;173;209mflat.py:tweak_slit_edges_gradient:538[0m - Left slit edge shift of 0.8% exceeds the maximum allowed of 0.0%
The left edge will not be tweaked.
[1;38;2;253;174;97m [WARNING][0m - [38;2;116;173;209mflat.py:tweak_slit_edges_gradient:547[0m - Right slit edge shift of -1.6% exceeds the maximum allowed of 0.0%
The right edge will not be tweaked.
[1;38;2;49;54;149m    [INFO][0m - [38;2;116;173;209mfitting.py:bspline_profile:1156[0m - B-spline fit:
[1;38;2;49;54;149m    [INFO][0m - [38;2;116;173;209mfitting.py:bspline_profile:1157[0m -     npoly = 1 profile basis functions
[1;38;2;49;54;149m    [INFO][0m - [38;2;116;173;209mfitting.py:bspline_profile:1158[0m -     ngood = 156410/156410 measurements
[1;38;2;49;54;149m    [INFO][0m - [38;2;116;173;209mfitting.py:bspline_profile:1159[0m - ***************** Iter     Chi^2    N Rej  R. Fac *****************
[1;38;2;49;54;149m    [INFO][0m - [38;2;116;173;209mfitting.py:bspline_profile:1163[0m -                   ----  --------  -------  ------                  
[1;38;2;49;54;149m    [INFO][0m - [38;2;116;173;209mfitting.py:bspline_profile:1257[0m -                      1     0.000        0    1.00                  
[1;38;2;49;54;149m    [INFO][0m - [38;2;116;173;209mfitting.py:bspline_profile:1272[0m -                   DONE     0.000        0    1.00                  
[1;38;2;49;54;149m    [INFO][0m - [38;2;116;173;209mfitting.py:bspline_profile:1275[0m - *******************************************************************
[1;38;2;49;54;149m    [INFO][0m - [38;2;116;173;209mflatfield.py:spatial_fit_finecorr:1477[0m - Performing a fine correction to the spatial illumination (slit 140)
[1;38;2;253;174;97m [WARNING][0m - [38;2;116;173;209mfitting.py:robust_fit:456[0m - Maximum number of iterations maxiter=10 reached in robust_polyfit_djs
[1;38;2;49;54;149m    [INFO][0m - [38;2;116;173;209mflatfield.py:spatillum_finecorr_qa:1966[0m - Generating QA for spatial illumination fine correction
[1;38;2;49;54;149m    [INFO][0m - [38;2;116;173;209mflatfield.py:spatillum_finecorr_qa:2047[0m - Saved QA:
/Users/kaiwenzhang/PycharmProjects/KCWI/KCWI_RED_channel_characterization/RH1 pypeit run/2023-11-07/pypeit_run/keck_kcrm_B/QA/PNGs/Spatillum_FineCorr_B_1_DET01_S0140_spatillum_finecorr.png
[1;38;2;49;54;149m    [INFO][0m - [38;2;116;173;209mflatfield.py:fit:1218[0m - Performing 2D illumination + scattered light flat field fit
[1;38;2;49;54;149m    [INFO][0m - [38;2;116;173;209mfitting.py:bspline_profile:1156[0m - B-spline fit:
[1;38;2;49;54;149m    [INFO][0m - [38;2;116;173;209mfitting.py:bspline_profile:1157[0m -     npoly = 7 profile basis functions
[1;38;2;49;54;149m    [INFO][0m - [38;2;116;173;209mfitting.py:bspline_profile:1158[0m -     ngood = 143878/144243 measurements
[1;38;2;49;54;149m    [INFO][0m - [38;2;116;173;209mfitting.py:bspline_profile:1159[0m - ***************** Iter     Chi^2    N Rej  R. Fac *****************
[1;38;2;49;54;149m    [INFO][0m - [38;2;116;173;209mfitting.py:bspline_profile:1163[0m -                   ----  --------  -------  ------                  
[1;38;2;49;54;149m    [INFO][0m - [38;2;116;173;209mfitting.py:bspline_profile:1257[0m -                      1     2.453     4376    1.00                  
[1;38;2;49;54;149m    [INFO][0m - [38;2;116;173;209mfitting.py:bspline_profile:1257[0m -                      2     0.543     4589    1.00                  
[1;38;2;49;54;149m    [INFO][0m - [38;2;116;173;209mfitting.py:bspline_profile:1257[0m -                      3     0.491     4652    1.00                  
[1;38;2;49;54;149m    [INFO][0m - [38;2;116;173;209mfitting.py:bspline_profile:1257[0m -                      4     0.478     4688    1.00                  
[1;38;2;49;54;149m    [INFO][0m - [38;2;116;173;209mfitting.py:bspline_profile:1257[0m -                      5     0.473     4713    1.00                  
[1;38;2;49;54;149m    [INFO][0m - [38;2;116;173;209mfitting.py:bspline_profile:1257[0m -                      6     0.469     4722    1.00                  
[1;38;2;49;54;149m    [INFO][0m - [38;2;116;173;209mfitting.py:bspline_profile:1257[0m -                      7     0.467     4727    1.00                  
[1;38;2;49;54;149m    [INFO][0m - [38;2;116;173;209mfitting.py:bspline_profile:1257[0m -                      8     0.467     4730    1.00                  
[1;38;2;49;54;149m    [INFO][0m - [38;2;116;173;209mfitting.py:bspline_profile:1257[0m -                      9     0.466     4731    1.00                  
[1;38;2;49;54;149m    [INFO][0m - [38;2;116;173;209mfitting.py:bspline_profile:1257[0m -                     10     0.466     4732    1.00                  
[1;38;2;49;54;149m    [INFO][0m - [38;2;116;173;209mfitting.py:bspline_profile:1257[0m -                     11     0.466     4732    1.00                  
[1;38;2;49;54;149m    [INFO][0m - [38;2;116;173;209mfitting.py:bspline_profile:1272[0m -                   DONE     0.466     4732    1.00                  
[1;38;2;49;54;149m    [INFO][0m - [38;2;116;173;209mfitting.py:bspline_profile:1275[0m - *******************************************************************
[1;38;2;49;54;149m    [INFO][0m - [38;2;116;173;209mflatfield.py:fit:924[0m - Modeling the flat-field response for slit spat_id=216: 3/24
[1;38;2;49;54;149m    [INFO][0m - [38;2;116;173;209mflatfield.py:fit:1008[0m - Spectral fit of flatfield for 132076/144460  pixels in the slit.
[1;38;2;49;54;149m    [INFO][0m - [38;2;116;173;209mfitting.py:bspline_profile:1156[0m - B-spline fit:
[1;38;2;49;54;149m    [INFO][0m - [38;2;116;173;209mfitting.py:bspline_profile:1157[0m -     npoly = 1 profile basis functions
[1;38;2;49;54;149m    [INFO][0m - [38;2;116;173;209mfitting.py:bspline_profile:1158[0m -     ngood = 132076/132076 measurements
[1;38;2;49;54;149m    [INFO][0m - [38;2;116;173;209mfitting.py:bspline_profile:1159[0m - ***************** Iter     Chi^2    N Rej  R. Fac *****************
[1;38;2;49;54;149m    [INFO][0m - [38;2;116;173;209mfitting.py:bspline_profile:1163[0m -                   ----  --------  -------  ------                  
[1;38;2;49;54;149m    [INFO][0m - [38;2;116;173;209mfitting.py:bspline_profile:1257[0m -                      1     0.005        5    1.00                  
[1;38;2;49;54;149m    [INFO][0m - [38;2;116;173;209mfitting.py:bspline_profile:1257[0m -                      2     0.005        6    1.00                  
[1;38;2;49;54;149m    [INFO][0m - [38;2;116;173;209mfitting.py:bspline_profile:1257[0m -                      3     0.005        7    1.00                  
[1;38;2;49;54;149m    [INFO][0m - [38;2;116;173;209mfitting.py:bspline_profile:1257[0m -                      4     0.005        7    1.00                  
[1;38;2;49;54;149m    [INFO][0m - [38;2;116;173;209mfitting.py:bspline_profile:1272[0m -                   DONE     0.005        7    1.00                  
[1;38;2;49;54;149m    [INFO][0m - [38;2;116;173;209mfitting.py:bspline_profile:1275[0m - *******************************************************************
[1;38;2;49;54;149m    [INFO][0m - [38;2;116;173;209mflatfield.py:fit:1097[0m - Spatial fit of flatfield for 161477/161477  pixels in the slit.
[1;38;2;49;54;149m    [INFO][0m - [38;2;116;173;209mfitting.py:bspline_profile:1156[0m - B-spline fit:
[1;38;2;49;54;149m    [INFO][0m - [38;2;116;173;209mfitting.py:bspline_profile:1157[0m -     npoly = 1 profile basis functions
[1;38;2;49;54;149m    [INFO][0m - [38;2;116;173;209mfitting.py:bspline_profile:1158[0m -     ngood = 161477/161477 measurements
[1;38;2;49;54;149m    [INFO][0m - [38;2;116;173;209mfitting.py:bspline_profile:1159[0m - ***************** Iter     Chi^2    N Rej  R. Fac *****************
[1;38;2;49;54;149m    [INFO][0m - [38;2;116;173;209mfitting.py:bspline_profile:1163[0m -                   ----  --------  -------  ------                  
[1;38;2;49;54;149m    [INFO][0m - [38;2;116;173;209mfitting.py:bspline_profile:1257[0m -                      1     0.000        0    1.00                  
[1;38;2;49;54;149m    [INFO][0m - [38;2;116;173;209mfitting.py:bspline_profile:1272[0m -                   DONE     0.000        0    1.00                  
[1;38;2;49;54;149m    [INFO][0m - [38;2;116;173;209mfitting.py:bspline_profile:1275[0m - *******************************************************************
[1;38;2;253;174;97m [WARNING][0m - [38;2;116;173;209mflat.py:tweak_slit_edges_gradient:538[0m - Left slit edge shift of 0.9% exceeds the maximum allowed of 0.0%
The left edge will not be tweaked.
[1;38;2;253;174;97m [WARNING][0m - [38;2;116;173;209mflat.py:tweak_slit_edges_gradient:547[0m - Right slit edge shift of -1.0% exceeds the maximum allowed of 0.0%
The right edge will not be tweaked.
[1;38;2;49;54;149m    [INFO][0m - [38;2;116;173;209mfitting.py:bspline_profile:1156[0m - B-spline fit:
[1;38;2;49;54;149m    [INFO][0m - [38;2;116;173;209mfitting.py:bspline_profile:1157[0m -     npoly = 1 profile basis functions
[1;38;2;49;54;149m    [INFO][0m - [38;2;116;173;209mfitting.py:bspline_profile:1158[0m -     ngood = 161477/161477 measurements
[1;38;2;49;54;149m    [INFO][0m - [38;2;116;173;209mfitting.py:bspline_profile:1159[0m - ***************** Iter     Chi^2    N Rej  R. Fac *****************
[1;38;2;49;54;149m    [INFO][0m - [38;2;116;173;209mfitting.py:bspline_profile:1163[0m -                   ----  --------  -------  ------                  
[1;38;2;49;54;149m    [INFO][0m - [38;2;116;173;209mfitting.py:bspline_profile:1257[0m -                      1     0.000        0    1.00                  
[1;38;2;49;54;149m    [INFO][0m - [38;2;116;173;209mfitting.py:bspline_profile:1272[0m -                   DONE     0.000        0    1.00                  
[1;38;2;49;54;149m    [INFO][0m - [38;2;116;173;209mfitting.py:bspline_profile:1275[0m - *******************************************************************
[1;38;2;49;54;149m    [INFO][0m - [38;2;116;173;209mflatfield.py:spatial_fit_finecorr:1477[0m - Performing a fine correction to the spatial illumination (slit 216)
[1;38;2;49;54;149m    [INFO][0m - [38;2;116;173;209mflatfield.py:spatillum_finecorr_qa:1966[0m - Generating QA for spatial illumination fine correction
[1;38;2;49;54;149m    [INFO][0m - [38;2;116;173;209mflatfield.py:spatillum_finecorr_qa:2047[0m - Saved QA:
/Users/kaiwenzhang/PycharmProjects/KCWI/KCWI_RED_channel_characterization/RH1 pypeit run/2023-11-07/pypeit_run/keck_kcrm_B/QA/PNGs/Spatillum_FineCorr_B_1_DET01_S0216_spatillum_finecorr.png
[1;38;2;49;54;149m    [INFO][0m - [38;2;116;173;209mflatfield.py:fit:1218[0m - Performing 2D illumination + scattered light flat field fit
[1;38;2;49;54;149m    [INFO][0m - [38;2;116;173;209mfitting.py:bspline_profile:1156[0m - B-spline fit:
[1;38;2;49;54;149m    [INFO][0m - [38;2;116;173;209mfitting.py:bspline_profile:1157[0m -     npoly = 7 profile basis functions
[1;38;2;49;54;149m    [INFO][0m - [38;2;116;173;209mfitting.py:bspline_profile:1158[0m -     ngood = 144441/144460 measurements
[1;38;2;49;54;149m    [INFO][0m - [38;2;116;173;209mfitting.py:bspline_profile:1159[0m - ***************** Iter     Chi^2    N Rej  R. Fac *****************
[1;38;2;49;54;149m    [INFO][0m - [38;2;116;173;209mfitting.py:bspline_profile:1163[0m -                   ----  --------  -------  ------                  
[1;38;2;49;54;149m    [INFO][0m - [38;2;116;173;209mfitting.py:bspline_profile:1257[0m -                      1     1.948     3654    1.00                  
[1;38;2;49;54;149m    [INFO][0m - [38;2;116;173;209mfitting.py:bspline_profile:1257[0m -                      2     0.559     3892    1.00                  
[1;38;2;49;54;149m    [INFO][0m - [38;2;116;173;209mfitting.py:bspline_profile:1257[0m -                      3     0.509     3990    1.00                  
[1;38;2;49;54;149m    [INFO][0m - [38;2;116;173;209mfitting.py:bspline_profile:1257[0m -                      4     0.493     4035    1.00                  
[1;38;2;49;54;149m    [INFO][0m - [38;2;116;173;209mfitting.py:bspline_profile:1257[0m -                      5     0.486     4061    1.00                  
[1;38;2;49;54;149m    [INFO][0m - [38;2;116;173;209mfitting.py:bspline_profile:1257[0m -                      6     0.483     4079    1.00                  
[1;38;2;49;54;149m    [INFO][0m - [38;2;116;173;209mfitting.py:bspline_profile:1257[0m -                      7     0.481     4092    1.00                  
[1;38;2;49;54;149m    [INFO][0m - [38;2;116;173;209mfitting.py:bspline_profile:1257[0m -                      8     0.478     4101    1.00                  
[1;38;2;49;54;149m    [INFO][0m - [38;2;116;173;209mfitting.py:bspline_profile:1257[0m -                      9     0.477     4107    1.00                  
[1;38;2;49;54;149m    [INFO][0m - [38;2;116;173;209mfitting.py:bspline_profile:1257[0m -                     10     0.476     4109    1.00                  
[1;38;2;49;54;149m    [INFO][0m - [38;2;116;173;209mfitting.py:bspline_profile:1257[0m -                     11     0.476     4110    1.00                  
[1;38;2;49;54;149m    [INFO][0m - [38;2;116;173;209mfitting.py:bspline_profile:1257[0m -                     12     0.476     4111    1.00                  
[1;38;2;49;54;149m    [INFO][0m - [38;2;116;173;209mfitting.py:bspline_profile:1257[0m -                     13     0.476     4114    1.00                  
[1;38;2;49;54;149m    [INFO][0m - [38;2;116;173;209mfitting.py:bspline_profile:1257[0m -                     14     0.475     4117    1.00                  
[1;38;2;49;54;149m    [INFO][0m - [38;2;116;173;209mfitting.py:bspline_profile:1257[0m -                     15     0.475     4121    1.00                  
[1;38;2;49;54;149m    [INFO][0m - [38;2;116;173;209mfitting.py:bspline_profile:1257[0m -                     16     0.474     4125    1.00                  
[1;38;2;49;54;149m    [INFO][0m - [38;2;116;173;209mfitting.py:bspline_profile:1257[0m -                     17     0.473     4126    1.00                  
[1;38;2;49;54;149m    [INFO][0m - [38;2;116;173;209mfitting.py:bspline_profile:1257[0m -                     18     0.473     4126    1.00                  
[1;38;2;49;54;149m    [INFO][0m - [38;2;116;173;209mfitting.py:bspline_profile:1272[0m -                   DONE     0.473     4126    1.00                  
[1;38;2;49;54;149m    [INFO][0m - [38;2;116;173;209mfitting.py:bspline_profile:1275[0m - *******************************************************************
[1;38;2;49;54;149m    [INFO][0m - [38;2;116;173;209mflatfield.py:fit:924[0m - Modeling the flat-field response for slit spat_id=294: 4/24
[1;38;2;49;54;149m    [INFO][0m - [38;2;116;173;209mflatfield.py:fit:1008[0m - Spectral fit of flatfield for 131800/144492  pixels in the slit.
[1;38;2;49;54;149m    [INFO][0m - [38;2;116;173;209mfitting.py:bspline_profile:1156[0m - B-spline fit:
[1;38;2;49;54;149m    [INFO][0m - [38;2;116;173;209mfitting.py:bspline_profile:1157[0m -     npoly = 1 profile basis functions
[1;38;2;49;54;149m    [INFO][0m - [38;2;116;173;209mfitting.py:bspline_profile:1158[0m -     ngood = 131800/131800 measurements
[1;38;2;49;54;149m    [INFO][0m - [38;2;116;173;209mfitting.py:bspline_profile:1159[0m - ***************** Iter     Chi^2    N Rej  R. Fac *****************
[1;38;2;49;54;149m    [INFO][0m - [38;2;116;173;209mfitting.py:bspline_profile:1163[0m -                   ----  --------  -------  ------                  
[1;38;2;49;54;149m    [INFO][0m - [38;2;116;173;209mfitting.py:bspline_profile:1257[0m -                      1     0.007      221    1.00                  
[1;38;2;49;54;149m    [INFO][0m - [38;2;116;173;209mfitting.py:bspline_profile:1257[0m -                      2     0.004      221    1.00                  
[1;38;2;49;54;149m    [INFO][0m - [38;2;116;173;209mfitting.py:bspline_profile:1272[0m -                   DONE     0.004      221    1.00                  
[1;38;2;49;54;149m    [INFO][0m - [38;2;116;173;209mfitting.py:bspline_profile:1275[0m - *******************************************************************
[1;38;2;49;54;149m    [INFO][0m - [38;2;116;173;209mflatfield.py:fit:1097[0m - Spatial fit of flatfield for 152610/152918  pixels in the slit.
[1;38;2;49;54;149m    [INFO][0m - [38;2;116;173;209mfitting.py:bspline_profile:1156[0m - B-spline fit:
[1;38;2;49;54;149m    [INFO][0m - [38;2;116;173;209mfitting.py:bspline_profile:1157[0m -     npoly = 1 profile basis functions
[1;38;2;49;54;149m    [INFO][0m - [38;2;116;173;209mfitting.py:bspline_profile:1158[0m -     ngood = 152610/152610 measurements
[1;38;2;49;54;149m    [INFO][0m - [38;2;116;173;209mfitting.py:bspline_profile:1159[0m - ***************** Iter     Chi^2    N Rej  R. Fac *****************
[1;38;2;49;54;149m    [INFO][0m - [38;2;116;173;209mfitting.py:bspline_profile:1163[0m -                   ----  --------  -------  ------                  
[1;38;2;49;54;149m    [INFO][0m - [38;2;116;173;209mfitting.py:bspline_profile:1257[0m -                      1     0.000        0    1.00                  
[1;38;2;49;54;149m    [INFO][0m - [38;2;116;173;209mfitting.py:bspline_profile:1272[0m -                   DONE     0.000        0    1.00                  
[1;38;2;49;54;149m    [INFO][0m - [38;2;116;173;209mfitting.py:bspline_profile:1275[0m - *******************************************************************
[1;38;2;253;174;97m [WARNING][0m - [38;2;116;173;209mflat.py:tweak_slit_edges_gradient:538[0m - Left slit edge shift of 0.8% exceeds the maximum allowed of 0.0%
The left edge will not be tweaked.
[1;38;2;253;174;97m [WARNING][0m - [38;2;116;173;209mflat.py:tweak_slit_edges_gradient:547[0m - Right slit edge shift of -4.1% exceeds the maximum allowed of 0.0%
The right edge will not be tweaked.
[1;38;2;49;54;149m    [INFO][0m - [38;2;116;173;209mfitting.py:bspline_profile:1156[0m - B-spline fit:
[1;38;2;49;54;149m    [INFO][0m - [38;2;116;173;209mfitting.py:bspline_profile:1157[0m -     npoly = 1 profile basis functions
[1;38;2;49;54;149m    [INFO][0m - [38;2;116;173;209mfitting.py:bspline_profile:1158[0m -     ngood = 152610/152610 measurements
[1;38;2;49;54;149m    [INFO][0m - [38;2;116;173;209mfitting.py:bspline_profile:1159[0m - ***************** Iter     Chi^2    N Rej  R. Fac *****************
[1;38;2;49;54;149m    [INFO][0m - [38;2;116;173;209mfitting.py:bspline_profile:1163[0m -                   ----  --------  -------  ------                  
[1;38;2;49;54;149m    [INFO][0m - [38;2;116;173;209mfitting.py:bspline_profile:1257[0m -                      1     0.000        0    1.00                  
[1;38;2;49;54;149m    [INFO][0m - [38;2;116;173;209mfitting.py:bspline_profile:1272[0m -                   DONE     0.000        0    1.00                  
[1;38;2;49;54;149m    [INFO][0m - [38;2;116;173;209mfitting.py:bspline_profile:1275[0m - *******************************************************************
[1;38;2;49;54;149m    [INFO][0m - [38;2;116;173;209mflatfield.py:spatial_fit_finecorr:1477[0m - Performing a fine correction to the spatial illumination (slit 294)
[1;38;2;253;174;97m [WARNING][0m - [38;2;116;173;209mfitting.py:robust_fit:456[0m - Maximum number of iterations maxiter=10 reached in robust_polyfit_djs
[1;38;2;49;54;149m    [INFO][0m - [38;2;116;173;209mflatfield.py:spatillum_finecorr_qa:1966[0m - Generating QA for spatial illumination fine correction
[1;38;2;49;54;149m    [INFO][0m - [38;2;116;173;209mflatfield.py:spatillum_finecorr_qa:2047[0m - Saved QA:
/Users/kaiwenzhang/PycharmProjects/KCWI/KCWI_RED_channel_characterization/RH1 pypeit run/2023-11-07/pypeit_run/keck_kcrm_B/QA/PNGs/Spatillum_FineCorr_B_1_DET01_S0294_spatillum_finecorr.png
[1;38;2;49;54;149m    [INFO][0m - [38;2;116;173;209mflatfield.py:fit:1218[0m - Performing 2D illumination + scattered light flat field fit
[1;38;2;49;54;149m    [INFO][0m - [38;2;116;173;209mfitting.py:bspline_profile:1156[0m - B-spline fit:
[1;38;2;49;54;149m    [INFO][0m - [38;2;116;173;209mfitting.py:bspline_profile:1157[0m -     npoly = 7 profile basis functions
[1;38;2;49;54;149m    [INFO][0m - [38;2;116;173;209mfitting.py:bspline_profile:1158[0m -     ngood = 141931/144492 measurements
[1;38;2;49;54;149m    [INFO][0m - [38;2;116;173;209mfitting.py:bspline_profile:1159[0m - ***************** Iter     Chi^2    N Rej  R. Fac *****************
[1;38;2;49;54;149m    [INFO][0m - [38;2;116;173;209mfitting.py:bspline_profile:1163[0m -                   ----  --------  -------  ------                  
[1;38;2;49;54;149m    [INFO][0m - [38;2;116;173;209mfitting.py:bspline_profile:1257[0m -                      1     2.388     6696    1.00                  
[1;38;2;49;54;149m    [INFO][0m - [38;2;116;173;209mfitting.py:bspline_profile:1257[0m -                      2     0.594     7014    1.00                  
[1;38;2;49;54;149m    [INFO][0m - [38;2;116;173;209mfitting.py:bspline_profile:1257[0m -                      3     0.511     7160    1.00                  
[1;38;2;49;54;149m    [INFO][0m - [38;2;116;173;209mfitting.py:bspline_profile:1257[0m -                      4     0.480     7203    1.00                  
[1;38;2;49;54;149m    [INFO][0m - [38;2;116;173;209mfitting.py:bspline_profile:1257[0m -                      5     0.472     7230    1.00                  
[1;38;2;49;54;149m    [INFO][0m - [38;2;116;173;209mfitting.py:bspline_profile:1257[0m -                      6     0.468     7259    1.00                  
[1;38;2;49;54;149m    [INFO][0m - [38;2;116;173;209mfitting.py:bspline_profile:1257[0m -                      7     0.464     7287    1.00                  
[1;38;2;49;54;149m    [INFO][0m - [38;2;116;173;209mfitting.py:bspline_profile:1257[0m -                      8     0.459     7307    1.00                  
[1;38;2;49;54;149m    [INFO][0m - [38;2;116;173;209mfitting.py:bspline_profile:1257[0m -                      9     0.456     7313    1.00                  
[1;38;2;49;54;149m    [INFO][0m - [38;2;116;173;209mfitting.py:bspline_profile:1257[0m -                     10     0.455     7319    1.00                  
[1;38;2;49;54;149m    [INFO][0m - [38;2;116;173;209mfitting.py:bspline_profile:1257[0m -                     11     0.455     7324    1.00                  
[1;38;2;49;54;149m    [INFO][0m - [38;2;116;173;209mfitting.py:bspline_profile:1257[0m -                     12     0.454     7329    1.00                  
[1;38;2;49;54;149m    [INFO][0m - [38;2;116;173;209mfitting.py:bspline_profile:1257[0m -                     13     0.453     7335    1.00                  
[1;38;2;49;54;149m    [INFO][0m - [38;2;116;173;209mfitting.py:bspline_profile:1257[0m -                     14     0.452     7343    1.00                  
[1;38;2;49;54;149m    [INFO][0m - [38;2;116;173;209mfitting.py:bspline_profile:1257[0m -                     15     0.451     7347    1.00                  
[1;38;2;49;54;149m    [INFO][0m - [38;2;116;173;209mfitting.py:bspline_profile:1257[0m -                     16     0.451     7348    1.00                  
[1;38;2;49;54;149m    [INFO][0m - [38;2;116;173;209mfitting.py:bspline_profile:1257[0m -                     17     0.450     7349    1.00                  
[1;38;2;49;54;149m    [INFO][0m - [38;2;116;173;209mfitting.py:bspline_profile:1257[0m -                     18     0.450     7352    1.00                  
[1;38;2;49;54;149m    [INFO][0m - [38;2;116;173;209mfitting.py:bspline_profile:1257[0m -                     19     0.450     7353    1.00                  
[1;38;2;49;54;149m    [INFO][0m - [38;2;116;173;209mfitting.py:bspline_profile:1257[0m -                     20     0.450     7354    1.00                  
[1;38;2;49;54;149m    [INFO][0m - [38;2;116;173;209mfitting.py:bspline_profile:1257[0m -                     21     0.450     7354    1.00                  
[1;38;2;49;54;149m    [INFO][0m - [38;2;116;173;209mfitting.py:bspline_profile:1272[0m -                   DONE     0.450     7354    1.00                  
[1;38;2;49;54;149m    [INFO][0m - [38;2;116;173;209mfitting.py:bspline_profile:1275[0m - *******************************************************************
[1;38;2;49;54;149m    [INFO][0m - [38;2;116;173;209mflatfield.py:fit:924[0m - Modeling the flat-field response for slit spat_id=368: 5/24
[1;38;2;49;54;149m    [INFO][0m - [38;2;116;173;209mflatfield.py:fit:1008[0m - Spectral fit of flatfield for 132147/144531  pixels in the slit.
[1;38;2;49;54;149m    [INFO][0m - [38;2;116;173;209mfitting.py:bspline_profile:1156[0m - B-spline fit:
[1;38;2;49;54;149m    [INFO][0m - [38;2;116;173;209mfitting.py:bspline_profile:1157[0m -     npoly = 1 profile basis functions
[1;38;2;49;54;149m    [INFO][0m - [38;2;116;173;209mfitting.py:bspline_profile:1158[0m -     ngood = 132147/132147 measurements
[1;38;2;49;54;149m    [INFO][0m - [38;2;116;173;209mfitting.py:bspline_profile:1159[0m - ***************** Iter     Chi^2    N Rej  R. Fac *****************
[1;38;2;49;54;149m    [INFO][0m - [38;2;116;173;209mfitting.py:bspline_profile:1163[0m -                   ----  --------  -------  ------                  
[1;38;2;49;54;149m    [INFO][0m - [38;2;116;173;209mfitting.py:bspline_profile:1257[0m -                      1     0.005        1    1.00                  
[1;38;2;49;54;149m    [INFO][0m - [38;2;116;173;209mfitting.py:bspline_profile:1257[0m -                      2     0.005        2    1.00                  
[1;38;2;49;54;149m    [INFO][0m - [38;2;116;173;209mfitting.py:bspline_profile:1257[0m -                      3     0.005        3    1.00                  
[1;38;2;49;54;149m    [INFO][0m - [38;2;116;173;209mfitting.py:bspline_profile:1257[0m -                      4     0.005        4    1.00                  
[1;38;2;49;54;149m    [INFO][0m - [38;2;116;173;209mfitting.py:bspline_profile:1257[0m -                      5     0.005        4    1.00                  
[1;38;2;49;54;149m    [INFO][0m - [38;2;116;173;209mfitting.py:bspline_profile:1272[0m -                   DONE     0.005        4    1.00                  
[1;38;2;49;54;149m    [INFO][0m - [38;2;116;173;209mfitting.py:bspline_profile:1275[0m - *******************************************************************
[1;38;2;49;54;149m    [INFO][0m - [38;2;116;173;209mflatfield.py:fit:1097[0m - Spatial fit of flatfield for 154943/154943  pixels in the slit.
[1;38;2;49;54;149m    [INFO][0m - [38;2;116;173;209mfitting.py:bspline_profile:1156[0m - B-spline fit:
[1;38;2;49;54;149m    [INFO][0m - [38;2;116;173;209mfitting.py:bspline_profile:1157[0m -     npoly = 1 profile basis functions
[1;38;2;49;54;149m    [INFO][0m - [38;2;116;173;209mfitting.py:bspline_profile:1158[0m -     ngood = 154943/154943 measurements
[1;38;2;49;54;149m    [INFO][0m - [38;2;116;173;209mfitting.py:bspline_profile:1159[0m - ***************** Iter     Chi^2    N Rej  R. Fac *****************
[1;38;2;49;54;149m    [INFO][0m - [38;2;116;173;209mfitting.py:bspline_profile:1163[0m -                   ----  --------  -------  ------                  
[1;38;2;49;54;149m    [INFO][0m - [38;2;116;173;209mfitting.py:bspline_profile:1257[0m -                      1     0.000        0    1.00                  
[1;38;2;49;54;149m    [INFO][0m - [38;2;116;173;209mfitting.py:bspline_profile:1272[0m -                   DONE     0.000        0    1.00                  
[1;38;2;49;54;149m    [INFO][0m - [38;2;116;173;209mfitting.py:bspline_profile:1275[0m - *******************************************************************
[1;38;2;253;174;97m [WARNING][0m - [38;2;116;173;209mflat.py:tweak_slit_edges_gradient:538[0m - Left slit edge shift of 0.7% exceeds the maximum allowed of 0.0%
The left edge will not be tweaked.
[1;38;2;253;174;97m [WARNING][0m - [38;2;116;173;209mflat.py:tweak_slit_edges_gradient:547[0m - Right slit edge shift of -2.3% exceeds the maximum allowed of 0.0%
The right edge will not be tweaked.
[1;38;2;49;54;149m    [INFO][0m - [38;2;116;173;209mfitting.py:bspline_profile:1156[0m - B-spline fit:
[1;38;2;49;54;149m    [INFO][0m - [38;2;116;173;209mfitting.py:bspline_profile:1157[0m -     npoly = 1 profile basis functions
[1;38;2;49;54;149m    [INFO][0m - [38;2;116;173;209mfitting.py:bspline_profile:1158[0m -     ngood = 154943/154943 measurements
[1;38;2;49;54;149m    [INFO][0m - [38;2;116;173;209mfitting.py:bspline_profile:1159[0m - ***************** Iter     Chi^2    N Rej  R. Fac *****************
[1;38;2;49;54;149m    [INFO][0m - [38;2;116;173;209mfitting.py:bspline_profile:1163[0m -                   ----  --------  -------  ------                  
[1;38;2;49;54;149m    [INFO][0m - [38;2;116;173;209mfitting.py:bspline_profile:1257[0m -                      1     0.000        0    1.00                  
[1;38;2;49;54;149m    [INFO][0m - [38;2;116;173;209mfitting.py:bspline_profile:1272[0m -                   DONE     0.000        0    1.00                  
[1;38;2;49;54;149m    [INFO][0m - [38;2;116;173;209mfitting.py:bspline_profile:1275[0m - *******************************************************************
[1;38;2;49;54;149m    [INFO][0m - [38;2;116;173;209mflatfield.py:spatial_fit_finecorr:1477[0m - Performing a fine correction to the spatial illumination (slit 368)
[1;38;2;49;54;149m    [INFO][0m - [38;2;116;173;209mflatfield.py:spatillum_finecorr_qa:1966[0m - Generating QA for spatial illumination fine correction
[1;38;2;49;54;149m    [INFO][0m - [38;2;116;173;209mflatfield.py:spatillum_finecorr_qa:2047[0m - Saved QA:
/Users/kaiwenzhang/PycharmProjects/KCWI/KCWI_RED_channel_characterization/RH1 pypeit run/2023-11-07/pypeit_run/keck_kcrm_B/QA/PNGs/Spatillum_FineCorr_B_1_DET01_S0368_spatillum_finecorr.png
[1;38;2;49;54;149m    [INFO][0m - [38;2;116;173;209mflatfield.py:fit:1218[0m - Performing 2D illumination + scattered light flat field fit
[1;38;2;49;54;149m    [INFO][0m - [38;2;116;173;209mfitting.py:bspline_profile:1156[0m - B-spline fit:
[1;38;2;49;54;149m    [INFO][0m - [38;2;116;173;209mfitting.py:bspline_profile:1157[0m -     npoly = 7 profile basis functions
[1;38;2;49;54;149m    [INFO][0m - [38;2;116;173;209mfitting.py:bspline_profile:1158[0m -     ngood = 142652/144531 measurements
[1;38;2;49;54;149m    [INFO][0m - [38;2;116;173;209mfitting.py:bspline_profile:1159[0m - ***************** Iter     Chi^2    N Rej  R. Fac *****************
[1;38;2;49;54;149m    [INFO][0m - [38;2;116;173;209mfitting.py:bspline_profile:1163[0m -                   ----  --------  -------  ------                  
[1;38;2;49;54;149m    [INFO][0m - [38;2;116;173;209mfitting.py:bspline_profile:1257[0m -                      1     1.906     5052    1.00                  
[1;38;2;49;54;149m    [INFO][0m - [38;2;116;173;209mfitting.py:bspline_profile:1257[0m -                      2     0.503     5236    1.00                  
[1;38;2;49;54;149m    [INFO][0m - [38;2;116;173;209mfitting.py:bspline_profile:1257[0m -                      3     0.456     5307    1.00                  
[1;38;2;49;54;149m    [INFO][0m - [38;2;116;173;209mfitting.py:bspline_profile:1257[0m -                      4     0.444     5343    1.00                  
[1;38;2;49;54;149m    [INFO][0m - [38;2;116;173;209mfitting.py:bspline_profile:1257[0m -                      5     0.438     5375    1.00                  
[1;38;2;49;54;149m    [INFO][0m - [38;2;116;173;209mfitting.py:bspline_profile:1257[0m -                      6     0.433     5395    1.00                  
[1;38;2;49;54;149m    [INFO][0m - [38;2;116;173;209mfitting.py:bspline_profile:1257[0m -                      7     0.430     5408    1.00                  
[1;38;2;49;54;149m    [INFO][0m - [38;2;116;173;209mfitting.py:bspline_profile:1257[0m -                      8     0.428     5420    1.00                  
[1;38;2;49;54;149m    [INFO][0m - [38;2;116;173;209mfitting.py:bspline_profile:1257[0m -                      9     0.426     5432    1.00                  
[1;38;2;49;54;149m    [INFO][0m - [38;2;116;173;209mfitting.py:bspline_profile:1257[0m -                     10     0.424     5441    1.00                  
[1;38;2;49;54;149m    [INFO][0m - [38;2;116;173;209mfitting.py:bspline_profile:1257[0m -                     11     0.423     5445    1.00                  
[1;38;2;49;54;149m    [INFO][0m - [38;2;116;173;209mfitting.py:bspline_profile:1257[0m -                     12     0.423     5446    1.00                  
[1;38;2;49;54;149m    [INFO][0m - [38;2;116;173;209mfitting.py:bspline_profile:1257[0m -                     13     0.422     5446    1.00                  
[1;38;2;49;54;149m    [INFO][0m - [38;2;116;173;209mfitting.py:bspline_profile:1272[0m -                   DONE     0.422     5446    1.00                  
[1;38;2;49;54;149m    [INFO][0m - [38;2;116;173;209mfitting.py:bspline_profile:1275[0m - *******************************************************************
[1;38;2;49;54;149m    [INFO][0m - [38;2;116;173;209mflatfield.py:fit:924[0m - Modeling the flat-field response for slit spat_id=443: 6/24
[1;38;2;49;54;149m    [INFO][0m - [38;2;116;173;209mflatfield.py:fit:1008[0m - Spectral fit of flatfield for 132098/144482  pixels in the slit.
[1;38;2;49;54;149m    [INFO][0m - [38;2;116;173;209mfitting.py:bspline_profile:1156[0m - B-spline fit:
[1;38;2;49;54;149m    [INFO][0m - [38;2;116;173;209mfitting.py:bspline_profile:1157[0m -     npoly = 1 profile basis functions
[1;38;2;49;54;149m    [INFO][0m - [38;2;116;173;209mfitting.py:bspline_profile:1158[0m -     ngood = 132098/132098 measurements
[1;38;2;49;54;149m    [INFO][0m - [38;2;116;173;209mfitting.py:bspline_profile:1159[0m - ***************** Iter     Chi^2    N Rej  R. Fac *****************
[1;38;2;49;54;149m    [INFO][0m - [38;2;116;173;209mfitting.py:bspline_profile:1163[0m -                   ----  --------  -------  ------                  
[1;38;2;49;54;149m    [INFO][0m - [38;2;116;173;209mfitting.py:bspline_profile:1257[0m -                      1     0.004        7    1.00                  
[1;38;2;49;54;149m    [INFO][0m - [38;2;116;173;209mfitting.py:bspline_profile:1257[0m -                      2     0.004        7    1.00                  
[1;38;2;49;54;149m    [INFO][0m - [38;2;116;173;209mfitting.py:bspline_profile:1272[0m -                   DONE     0.004        7    1.00                  
[1;38;2;49;54;149m    [INFO][0m - [38;2;116;173;209mfitting.py:bspline_profile:1275[0m - *******************************************************************
[1;38;2;49;54;149m    [INFO][0m - [38;2;116;173;209mflatfield.py:fit:1097[0m - Spatial fit of flatfield for 150633/150633  pixels in the slit.
[1;38;2;49;54;149m    [INFO][0m - [38;2;116;173;209mfitting.py:bspline_profile:1156[0m - B-spline fit:
[1;38;2;49;54;149m    [INFO][0m - [38;2;116;173;209mfitting.py:bspline_profile:1157[0m -     npoly = 1 profile basis functions
[1;38;2;49;54;149m    [INFO][0m - [38;2;116;173;209mfitting.py:bspline_profile:1158[0m -     ngood = 150633/150633 measurements
[1;38;2;49;54;149m    [INFO][0m - [38;2;116;173;209mfitting.py:bspline_profile:1159[0m - ***************** Iter     Chi^2    N Rej  R. Fac *****************
[1;38;2;49;54;149m    [INFO][0m - [38;2;116;173;209mfitting.py:bspline_profile:1163[0m -                   ----  --------  -------  ------                  
[1;38;2;49;54;149m    [INFO][0m - [38;2;116;173;209mfitting.py:bspline_profile:1257[0m -                      1     0.000        0    1.00                  
[1;38;2;49;54;149m    [INFO][0m - [38;2;116;173;209mfitting.py:bspline_profile:1272[0m -                   DONE     0.000        0    1.00                  
[1;38;2;49;54;149m    [INFO][0m - [38;2;116;173;209mfitting.py:bspline_profile:1275[0m - *******************************************************************
[1;38;2;253;174;97m [WARNING][0m - [38;2;116;173;209mflat.py:tweak_slit_edges_gradient:538[0m - Left slit edge shift of 0.7% exceeds the maximum allowed of 0.0%
The left edge will not be tweaked.
[1;38;2;253;174;97m [WARNING][0m - [38;2;116;173;209mflat.py:tweak_slit_edges_gradient:547[0m - Right slit edge shift of -6.7% exceeds the maximum allowed of 0.0%
The right edge will not be tweaked.
[1;38;2;49;54;149m    [INFO][0m - [38;2;116;173;209mfitting.py:bspline_profile:1156[0m - B-spline fit:
[1;38;2;49;54;149m    [INFO][0m - [38;2;116;173;209mfitting.py:bspline_profile:1157[0m -     npoly = 1 profile basis functions
[1;38;2;49;54;149m    [INFO][0m - [38;2;116;173;209mfitting.py:bspline_profile:1158[0m -     ngood = 150633/150633 measurements
[1;38;2;49;54;149m    [INFO][0m - [38;2;116;173;209mfitting.py:bspline_profile:1159[0m - ***************** Iter     Chi^2    N Rej  R. Fac *****************
[1;38;2;49;54;149m    [INFO][0m - [38;2;116;173;209mfitting.py:bspline_profile:1163[0m -                   ----  --------  -------  ------                  
[1;38;2;49;54;149m    [INFO][0m - [38;2;116;173;209mfitting.py:bspline_profile:1257[0m -                      1     0.000        0    1.00                  
[1;38;2;49;54;149m    [INFO][0m - [38;2;116;173;209mfitting.py:bspline_profile:1272[0m -                   DONE     0.000        0    1.00                  
[1;38;2;49;54;149m    [INFO][0m - [38;2;116;173;209mfitting.py:bspline_profile:1275[0m - *******************************************************************
[1;38;2;49;54;149m    [INFO][0m - [38;2;116;173;209mflatfield.py:spatial_fit_finecorr:1477[0m - Performing a fine correction to the spatial illumination (slit 443)
[1;38;2;253;174;97m [WARNING][0m - [38;2;116;173;209mfitting.py:robust_fit:456[0m - Maximum number of iterations maxiter=10 reached in robust_polyfit_djs
[1;38;2;49;54;149m    [INFO][0m - [38;2;116;173;209mflatfield.py:spatillum_finecorr_qa:1966[0m - Generating QA for spatial illumination fine correction
[1;38;2;49;54;149m    [INFO][0m - [38;2;116;173;209mflatfield.py:spatillum_finecorr_qa:2047[0m - Saved QA:
/Users/kaiwenzhang/PycharmProjects/KCWI/KCWI_RED_channel_characterization/RH1 pypeit run/2023-11-07/pypeit_run/keck_kcrm_B/QA/PNGs/Spatillum_FineCorr_B_1_DET01_S0443_spatillum_finecorr.png
[1;38;2;49;54;149m    [INFO][0m - [38;2;116;173;209mflatfield.py:fit:1218[0m - Performing 2D illumination + scattered light flat field fit
[1;38;2;49;54;149m    [INFO][0m - [38;2;116;173;209mfitting.py:bspline_profile:1156[0m - B-spline fit:
[1;38;2;49;54;149m    [INFO][0m - [38;2;116;173;209mfitting.py:bspline_profile:1157[0m -     npoly = 7 profile basis functions
[1;38;2;49;54;149m    [INFO][0m - [38;2;116;173;209mfitting.py:bspline_profile:1158[0m -     ngood = 140280/144482 measurements
[1;38;2;49;54;149m    [INFO][0m - [38;2;116;173;209mfitting.py:bspline_profile:1159[0m - ***************** Iter     Chi^2    N Rej  R. Fac *****************
[1;38;2;49;54;149m    [INFO][0m - [38;2;116;173;209mfitting.py:bspline_profile:1163[0m -                   ----  --------  -------  ------                  
[1;38;2;49;54;149m    [INFO][0m - [38;2;116;173;209mfitting.py:bspline_profile:1257[0m -                      1     0.854     5256    1.00                  
[1;38;2;49;54;149m    [INFO][0m - [38;2;116;173;209mfitting.py:bspline_profile:1257[0m -                      2     0.472     5394    1.00                  
[1;38;2;49;54;149m    [INFO][0m - [38;2;116;173;209mfitting.py:bspline_profile:1257[0m -                      3     0.437     5438    1.00                  
[1;38;2;49;54;149m    [INFO][0m - [38;2;116;173;209mfitting.py:bspline_profile:1257[0m -                      4     0.429     5460    1.00                  
[1;38;2;49;54;149m    [INFO][0m - [38;2;116;173;209mfitting.py:bspline_profile:1257[0m -                      5     0.426     5470    1.00                  
[1;38;2;49;54;149m    [INFO][0m - [38;2;116;173;209mfitting.py:bspline_profile:1257[0m -                      6     0.425     5475    1.00                  
[1;38;2;49;54;149m    [INFO][0m - [38;2;116;173;209mfitting.py:bspline_profile:1257[0m -                      7     0.424     5480    1.00                  
[1;38;2;49;54;149m    [INFO][0m - [38;2;116;173;209mfitting.py:bspline_profile:1257[0m -                      8     0.424     5486    1.00                  
[1;38;2;49;54;149m    [INFO][0m - [38;2;116;173;209mfitting.py:bspline_profile:1257[0m -                      9     0.423     5488    1.00                  
[1;38;2;49;54;149m    [INFO][0m - [38;2;116;173;209mfitting.py:bspline_profile:1257[0m -                     10     0.422     5491    1.00                  
[1;38;2;49;54;149m    [INFO][0m - [38;2;116;173;209mfitting.py:bspline_profile:1257[0m -                     11     0.422     5492    1.00                  
[1;38;2;49;54;149m    [INFO][0m - [38;2;116;173;209mfitting.py:bspline_profile:1257[0m -                     12     0.422     5494    1.00                  
[1;38;2;49;54;149m    [INFO][0m - [38;2;116;173;209mfitting.py:bspline_profile:1257[0m -                     13     0.422     5495    1.00                  
[1;38;2;49;54;149m    [INFO][0m - [38;2;116;173;209mfitting.py:bspline_profile:1257[0m -                     14     0.422     5496    1.00                  
[1;38;2;49;54;149m    [INFO][0m - [38;2;116;173;209mfitting.py:bspline_profile:1257[0m -                     15     0.421     5497    1.00                  
[1;38;2;49;54;149m    [INFO][0m - [38;2;116;173;209mfitting.py:bspline_profile:1257[0m -                     16     0.421     5497    1.00                  
[1;38;2;49;54;149m    [INFO][0m - [38;2;116;173;209mfitting.py:bspline_profile:1272[0m -                   DONE     0.421     5497    1.00                  
[1;38;2;49;54;149m    [INFO][0m - [38;2;116;173;209mfitting.py:bspline_profile:1275[0m - *******************************************************************
[1;38;2;49;54;149m    [INFO][0m - [38;2;116;173;209mflatfield.py:fit:924[0m - Modeling the flat-field response for slit spat_id=516: 7/24
[1;38;2;49;54;149m    [INFO][0m - [38;2;116;173;209mflatfield.py:fit:1008[0m - Spectral fit of flatfield for 132060/144444  pixels in the slit.
[1;38;2;49;54;149m    [INFO][0m - [38;2;116;173;209mfitting.py:bspline_profile:1156[0m - B-spline fit:
[1;38;2;49;54;149m    [INFO][0m - [38;2;116;173;209mfitting.py:bspline_profile:1157[0m -     npoly = 1 profile basis functions
[1;38;2;49;54;149m    [INFO][0m - [38;2;116;173;209mfitting.py:bspline_profile:1158[0m -     ngood = 132060/132060 measurements
[1;38;2;49;54;149m    [INFO][0m - [38;2;116;173;209mfitting.py:bspline_profile:1159[0m - ***************** Iter     Chi^2    N Rej  R. Fac *****************
[1;38;2;49;54;149m    [INFO][0m - [38;2;116;173;209mfitting.py:bspline_profile:1163[0m -                   ----  --------  -------  ------                  
[1;38;2;49;54;149m    [INFO][0m - [38;2;116;173;209mfitting.py:bspline_profile:1257[0m -                      1     0.005        1    1.00                  
[1;38;2;49;54;149m    [INFO][0m - [38;2;116;173;209mfitting.py:bspline_profile:1257[0m -                      2     0.005        2    1.00                  
[1;38;2;49;54;149m    [INFO][0m - [38;2;116;173;209mfitting.py:bspline_profile:1257[0m -                      3     0.005        2    1.00                  
[1;38;2;49;54;149m    [INFO][0m - [38;2;116;173;209mfitting.py:bspline_profile:1272[0m -                   DONE     0.005        2    1.00                  
[1;38;2;49;54;149m    [INFO][0m - [38;2;116;173;209mfitting.py:bspline_profile:1275[0m - *******************************************************************
[1;38;2;49;54;149m    [INFO][0m - [38;2;116;173;209mflatfield.py:fit:1097[0m - Spatial fit of flatfield for 152367/152367  pixels in the slit.
[1;38;2;49;54;149m    [INFO][0m - [38;2;116;173;209mfitting.py:bspline_profile:1156[0m - B-spline fit:
[1;38;2;49;54;149m    [INFO][0m - [38;2;116;173;209mfitting.py:bspline_profile:1157[0m -     npoly = 1 profile basis functions
[1;38;2;49;54;149m    [INFO][0m - [38;2;116;173;209mfitting.py:bspline_profile:1158[0m -     ngood = 152367/152367 measurements
[1;38;2;49;54;149m    [INFO][0m - [38;2;116;173;209mfitting.py:bspline_profile:1159[0m - ***************** Iter     Chi^2    N Rej  R. Fac *****************
[1;38;2;49;54;149m    [INFO][0m - [38;2;116;173;209mfitting.py:bspline_profile:1163[0m -                   ----  --------  -------  ------                  
[1;38;2;49;54;149m    [INFO][0m - [38;2;116;173;209mfitting.py:bspline_profile:1257[0m -                      1     0.000        0    1.00                  
[1;38;2;49;54;149m    [INFO][0m - [38;2;116;173;209mfitting.py:bspline_profile:1272[0m -                   DONE     0.000        0    1.00                  
[1;38;2;49;54;149m    [INFO][0m - [38;2;116;173;209mfitting.py:bspline_profile:1275[0m - *******************************************************************
[1;38;2;253;174;97m [WARNING][0m - [38;2;116;173;209mflat.py:tweak_slit_edges_gradient:538[0m - Left slit edge shift of 0.7% exceeds the maximum allowed of 0.0%
The left edge will not be tweaked.
[1;38;2;253;174;97m [WARNING][0m - [38;2;116;173;209mflat.py:tweak_slit_edges_gradient:547[0m - Right slit edge shift of -104.7% exceeds the maximum allowed of 0.0%
The right edge will not be tweaked.
[1;38;2;49;54;149m    [INFO][0m - [38;2;116;173;209mfitting.py:bspline_profile:1156[0m - B-spline fit:
[1;38;2;49;54;149m    [INFO][0m - [38;2;116;173;209mfitting.py:bspline_profile:1157[0m -     npoly = 1 profile basis functions
[1;38;2;49;54;149m    [INFO][0m - [38;2;116;173;209mfitting.py:bspline_profile:1158[0m -     ngood = 152367/152367 measurements
[1;38;2;49;54;149m    [INFO][0m - [38;2;116;173;209mfitting.py:bspline_profile:1159[0m - ***************** Iter     Chi^2    N Rej  R. Fac *****************
[1;38;2;49;54;149m    [INFO][0m - [38;2;116;173;209mfitting.py:bspline_profile:1163[0m -                   ----  --------  -------  ------                  
[1;38;2;49;54;149m    [INFO][0m - [38;2;116;173;209mfitting.py:bspline_profile:1257[0m -                      1     0.000        0    1.00                  
[1;38;2;49;54;149m    [INFO][0m - [38;2;116;173;209mfitting.py:bspline_profile:1272[0m -                   DONE     0.000        0    1.00                  
[1;38;2;49;54;149m    [INFO][0m - [38;2;116;173;209mfitting.py:bspline_profile:1275[0m - *******************************************************************
[1;38;2;49;54;149m    [INFO][0m - [38;2;116;173;209mflatfield.py:spatial_fit_finecorr:1477[0m - Performing a fine correction to the spatial illumination (slit 516)
[1;38;2;253;174;97m [WARNING][0m - [38;2;116;173;209mfitting.py:robust_fit:456[0m - Maximum number of iterations maxiter=10 reached in robust_polyfit_djs
[1;38;2;49;54;149m    [INFO][0m - [38;2;116;173;209mflatfield.py:spatillum_finecorr_qa:1966[0m - Generating QA for spatial illumination fine correction
[1;38;2;49;54;149m    [INFO][0m - [38;2;116;173;209mflatfield.py:spatillum_finecorr_qa:2047[0m - Saved QA:
/Users/kaiwenzhang/PycharmProjects/KCWI/KCWI_RED_channel_characterization/RH1 pypeit run/2023-11-07/pypeit_run/keck_kcrm_B/QA/PNGs/Spatillum_FineCorr_B_1_DET01_S0516_spatillum_finecorr.png
[1;38;2;49;54;149m    [INFO][0m - [38;2;116;173;209mflatfield.py:fit:1218[0m - Performing 2D illumination + scattered light flat field fit
[1;38;2;49;54;149m    [INFO][0m - [38;2;116;173;209mfitting.py:bspline_profile:1156[0m - B-spline fit:
[1;38;2;49;54;149m    [INFO][0m - [38;2;116;173;209mfitting.py:bspline_profile:1157[0m -     npoly = 7 profile basis functions
[1;38;2;49;54;149m    [INFO][0m - [38;2;116;173;209mfitting.py:bspline_profile:1158[0m -     ngood = 142027/144444 measurements
[1;38;2;49;54;149m    [INFO][0m - [38;2;116;173;209mfitting.py:bspline_profile:1159[0m - ***************** Iter     Chi^2    N Rej  R. Fac *****************
[1;38;2;49;54;149m    [INFO][0m - [38;2;116;173;209mfitting.py:bspline_profile:1163[0m -                   ----  --------  -------  ------                  
[1;38;2;49;54;149m    [INFO][0m - [38;2;116;173;209mfitting.py:bspline_profile:1257[0m -                      1     1.158     3973    1.00                  
[1;38;2;49;54;149m    [INFO][0m - [38;2;116;173;209mfitting.py:bspline_profile:1257[0m -                      2     0.610     4274    1.00                  
[1;38;2;49;54;149m    [INFO][0m - [38;2;116;173;209mfitting.py:bspline_profile:1257[0m -                      3     0.542     4416    1.00                  
[1;38;2;49;54;149m    [INFO][0m - [38;2;116;173;209mfitting.py:bspline_profile:1257[0m -                      4     0.515     4499    1.00                  
[1;38;2;49;54;149m    [INFO][0m - [38;2;116;173;209mfitting.py:bspline_profile:1257[0m -                      5     0.500     4548    1.00                  
[1;38;2;49;54;149m    [INFO][0m - [38;2;116;173;209mfitting.py:bspline_profile:1257[0m -                      6     0.493     4597    1.00                  
[1;38;2;49;54;149m    [INFO][0m - [38;2;116;173;209mfitting.py:bspline_profile:1257[0m -                      7     0.485     4627    1.00                  
[1;38;2;49;54;149m    [INFO][0m - [38;2;116;173;209mfitting.py:bspline_profile:1257[0m -                      8     0.480     4647    1.00                  
[1;38;2;49;54;149m    [INFO][0m - [38;2;116;173;209mfitting.py:bspline_profile:1257[0m -                      9     0.477     4664    1.00                  
[1;38;2;49;54;149m    [INFO][0m - [38;2;116;173;209mfitting.py:bspline_profile:1257[0m -                     10     0.475     4673    1.00                  
[1;38;2;49;54;149m    [INFO][0m - [38;2;116;173;209mfitting.py:bspline_profile:1257[0m -                     11     0.474     4675    1.00                  
[1;38;2;49;54;149m    [INFO][0m - [38;2;116;173;209mfitting.py:bspline_profile:1257[0m -                     12     0.473     4675    1.00                  
[1;38;2;49;54;149m    [INFO][0m - [38;2;116;173;209mfitting.py:bspline_profile:1272[0m -                   DONE     0.473     4675    1.00                  
[1;38;2;49;54;149m    [INFO][0m - [38;2;116;173;209mfitting.py:bspline_profile:1275[0m - *******************************************************************
[1;38;2;49;54;149m    [INFO][0m - [38;2;116;173;209mflatfield.py:fit:924[0m - Modeling the flat-field response for slit spat_id=590: 8/24
[1;38;2;49;54;149m    [INFO][0m - [38;2;116;173;209mflatfield.py:fit:1008[0m - Spectral fit of flatfield for 132105/144489  pixels in the slit.
[1;38;2;49;54;149m    [INFO][0m - [38;2;116;173;209mfitting.py:bspline_profile:1156[0m - B-spline fit:
[1;38;2;49;54;149m    [INFO][0m - [38;2;116;173;209mfitting.py:bspline_profile:1157[0m -     npoly = 1 profile basis functions
[1;38;2;49;54;149m    [INFO][0m - [38;2;116;173;209mfitting.py:bspline_profile:1158[0m -     ngood = 132105/132105 measurements
[1;38;2;49;54;149m    [INFO][0m - [38;2;116;173;209mfitting.py:bspline_profile:1159[0m - ***************** Iter     Chi^2    N Rej  R. Fac *****************
[1;38;2;49;54;149m    [INFO][0m - [38;2;116;173;209mfitting.py:bspline_profile:1163[0m -                   ----  --------  -------  ------                  
[1;38;2;49;54;149m    [INFO][0m - [38;2;116;173;209mfitting.py:bspline_profile:1257[0m -                      1     0.003        4    1.00                  
[1;38;2;49;54;149m    [INFO][0m - [38;2;116;173;209mfitting.py:bspline_profile:1257[0m -                      2     0.003        4    1.00                  
[1;38;2;49;54;149m    [INFO][0m - [38;2;116;173;209mfitting.py:bspline_profile:1272[0m -                   DONE     0.003        4    1.00                  
[1;38;2;49;54;149m    [INFO][0m - [38;2;116;173;209mfitting.py:bspline_profile:1275[0m - *******************************************************************
[1;38;2;49;54;149m    [INFO][0m - [38;2;116;173;209mflatfield.py:fit:1097[0m - Spatial fit of flatfield for 150987/150987  pixels in the slit.
[1;38;2;49;54;149m    [INFO][0m - [38;2;116;173;209mfitting.py:bspline_profile:1156[0m - B-spline fit:
[1;38;2;49;54;149m    [INFO][0m - [38;2;116;173;209mfitting.py:bspline_profile:1157[0m -     npoly = 1 profile basis functions
[1;38;2;49;54;149m    [INFO][0m - [38;2;116;173;209mfitting.py:bspline_profile:1158[0m -     ngood = 150987/150987 measurements
[1;38;2;49;54;149m    [INFO][0m - [38;2;116;173;209mfitting.py:bspline_profile:1159[0m - ***************** Iter     Chi^2    N Rej  R. Fac *****************
[1;38;2;49;54;149m    [INFO][0m - [38;2;116;173;209mfitting.py:bspline_profile:1163[0m -                   ----  --------  -------  ------                  
[1;38;2;49;54;149m    [INFO][0m - [38;2;116;173;209mfitting.py:bspline_profile:1257[0m -                      1     0.000        0    1.00                  
[1;38;2;49;54;149m    [INFO][0m - [38;2;116;173;209mfitting.py:bspline_profile:1272[0m -                   DONE     0.000        0    1.00                  
[1;38;2;49;54;149m    [INFO][0m - [38;2;116;173;209mfitting.py:bspline_profile:1275[0m - *******************************************************************
[1;38;2;253;174;97m [WARNING][0m - [38;2;116;173;209mflat.py:tweak_slit_edges_gradient:538[0m - Left slit edge shift of 0.9% exceeds the maximum allowed of 0.0%
The left edge will not be tweaked.
[1;38;2;253;174;97m [WARNING][0m - [38;2;116;173;209mflat.py:tweak_slit_edges_gradient:547[0m - Right slit edge shift of -105.0% exceeds the maximum allowed of 0.0%
The right edge will not be tweaked.
[1;38;2;49;54;149m    [INFO][0m - [38;2;116;173;209mfitting.py:bspline_profile:1156[0m - B-spline fit:
[1;38;2;49;54;149m    [INFO][0m - [38;2;116;173;209mfitting.py:bspline_profile:1157[0m -     npoly = 1 profile basis functions
[1;38;2;49;54;149m    [INFO][0m - [38;2;116;173;209mfitting.py:bspline_profile:1158[0m -     ngood = 150987/150987 measurements
[1;38;2;49;54;149m    [INFO][0m - [38;2;116;173;209mfitting.py:bspline_profile:1159[0m - ***************** Iter     Chi^2    N Rej  R. Fac *****************
[1;38;2;49;54;149m    [INFO][0m - [38;2;116;173;209mfitting.py:bspline_profile:1163[0m -                   ----  --------  -------  ------                  
[1;38;2;49;54;149m    [INFO][0m - [38;2;116;173;209mfitting.py:bspline_profile:1257[0m -                      1     0.000        0    1.00                  
[1;38;2;49;54;149m    [INFO][0m - [38;2;116;173;209mfitting.py:bspline_profile:1272[0m -                   DONE     0.000        0    1.00                  
[1;38;2;49;54;149m    [INFO][0m - [38;2;116;173;209mfitting.py:bspline_profile:1275[0m - *******************************************************************
[1;38;2;49;54;149m    [INFO][0m - [38;2;116;173;209mflatfield.py:spatial_fit_finecorr:1477[0m - Performing a fine correction to the spatial illumination (slit 590)
[1;38;2;49;54;149m    [INFO][0m - [38;2;116;173;209mflatfield.py:spatillum_finecorr_qa:1966[0m - Generating QA for spatial illumination fine correction
[1;38;2;49;54;149m    [INFO][0m - [38;2;116;173;209mflatfield.py:spatillum_finecorr_qa:2047[0m - Saved QA:
/Users/kaiwenzhang/PycharmProjects/KCWI/KCWI_RED_channel_characterization/RH1 pypeit run/2023-11-07/pypeit_run/keck_kcrm_B/QA/PNGs/Spatillum_FineCorr_B_1_DET01_S0590_spatillum_finecorr.png
[1;38;2;49;54;149m    [INFO][0m - [38;2;116;173;209mflatfield.py:fit:1218[0m - Performing 2D illumination + scattered light flat field fit
[1;38;2;49;54;149m    [INFO][0m - [38;2;116;173;209mfitting.py:bspline_profile:1156[0m - B-spline fit:
[1;38;2;49;54;149m    [INFO][0m - [38;2;116;173;209mfitting.py:bspline_profile:1157[0m -     npoly = 7 profile basis functions
[1;38;2;49;54;149m    [INFO][0m - [38;2;116;173;209mfitting.py:bspline_profile:1158[0m -     ngood = 140667/144489 measurements
[1;38;2;49;54;149m    [INFO][0m - [38;2;116;173;209mfitting.py:bspline_profile:1159[0m - ***************** Iter     Chi^2    N Rej  R. Fac *****************
[1;38;2;49;54;149m    [INFO][0m - [38;2;116;173;209mfitting.py:bspline_profile:1163[0m -                   ----  --------  -------  ------                  
[1;38;2;49;54;149m    [INFO][0m - [38;2;116;173;209mfitting.py:bspline_profile:1257[0m -                      1     1.196     5507    1.00                  
[1;38;2;49;54;149m    [INFO][0m - [38;2;116;173;209mfitting.py:bspline_profile:1257[0m -                      2     0.427     5617    1.00                  
[1;38;2;49;54;149m    [INFO][0m - [38;2;116;173;209mfitting.py:bspline_profile:1257[0m -                      3     0.396     5646    1.00                  
[1;38;2;49;54;149m    [INFO][0m - [38;2;116;173;209mfitting.py:bspline_profile:1257[0m -                      4     0.391     5663    1.00                  
[1;38;2;49;54;149m    [INFO][0m - [38;2;116;173;209mfitting.py:bspline_profile:1257[0m -                      5     0.388     5669    1.00                  
[1;38;2;49;54;149m    [INFO][0m - [38;2;116;173;209mfitting.py:bspline_profile:1257[0m -                      6     0.388     5674    1.00                  
[1;38;2;49;54;149m    [INFO][0m - [38;2;116;173;209mfitting.py:bspline_profile:1257[0m -                      7     0.387     5676    1.00                  
[1;38;2;49;54;149m    [INFO][0m - [38;2;116;173;209mfitting.py:bspline_profile:1257[0m -                      8     0.387     5677    1.00                  
[1;38;2;49;54;149m    [INFO][0m - [38;2;116;173;209mfitting.py:bspline_profile:1257[0m -                      9     0.387     5678    1.00                  
[1;38;2;49;54;149m    [INFO][0m - [38;2;116;173;209mfitting.py:bspline_profile:1257[0m -                     10     0.387     5678    1.00                  
[1;38;2;49;54;149m    [INFO][0m - [38;2;116;173;209mfitting.py:bspline_profile:1272[0m -                   DONE     0.387     5678    1.00                  
[1;38;2;49;54;149m    [INFO][0m - [38;2;116;173;209mfitting.py:bspline_profile:1275[0m - *******************************************************************
[1;38;2;49;54;149m    [INFO][0m - [38;2;116;173;209mflatfield.py:fit:924[0m - Modeling the flat-field response for slit spat_id=663: 9/24
[1;38;2;49;54;149m    [INFO][0m - [38;2;116;173;209mflatfield.py:fit:1008[0m - Spectral fit of flatfield for 132161/144545  pixels in the slit.
[1;38;2;49;54;149m    [INFO][0m - [38;2;116;173;209mfitting.py:bspline_profile:1156[0m - B-spline fit:
[1;38;2;49;54;149m    [INFO][0m - [38;2;116;173;209mfitting.py:bspline_profile:1157[0m -     npoly = 1 profile basis functions
[1;38;2;49;54;149m    [INFO][0m - [38;2;116;173;209mfitting.py:bspline_profile:1158[0m -     ngood = 132161/132161 measurements
[1;38;2;49;54;149m    [INFO][0m - [38;2;116;173;209mfitting.py:bspline_profile:1159[0m - ***************** Iter     Chi^2    N Rej  R. Fac *****************
[1;38;2;49;54;149m    [INFO][0m - [38;2;116;173;209mfitting.py:bspline_profile:1163[0m -                   ----  --------  -------  ------                  
[1;38;2;49;54;149m    [INFO][0m - [38;2;116;173;209mfitting.py:bspline_profile:1257[0m -                      1     0.005        1    1.00                  
[1;38;2;49;54;149m    [INFO][0m - [38;2;116;173;209mfitting.py:bspline_profile:1257[0m -                      2     0.005        2    1.00                  
[1;38;2;49;54;149m    [INFO][0m - [38;2;116;173;209mfitting.py:bspline_profile:1257[0m -                      3     0.005        2    1.00                  
[1;38;2;49;54;149m    [INFO][0m - [38;2;116;173;209mfitting.py:bspline_profile:1272[0m -                   DONE     0.005        2    1.00                  
[1;38;2;49;54;149m    [INFO][0m - [38;2;116;173;209mfitting.py:bspline_profile:1275[0m - *******************************************************************
[1;38;2;49;54;149m    [INFO][0m - [38;2;116;173;209mflatfield.py:fit:1097[0m - Spatial fit of flatfield for 152962/152962  pixels in the slit.
[1;38;2;49;54;149m    [INFO][0m - [38;2;116;173;209mfitting.py:bspline_profile:1156[0m - B-spline fit:
[1;38;2;49;54;149m    [INFO][0m - [38;2;116;173;209mfitting.py:bspline_profile:1157[0m -     npoly = 1 profile basis functions
[1;38;2;49;54;149m    [INFO][0m - [38;2;116;173;209mfitting.py:bspline_profile:1158[0m -     ngood = 152962/152962 measurements
[1;38;2;49;54;149m    [INFO][0m - [38;2;116;173;209mfitting.py:bspline_profile:1159[0m - ***************** Iter     Chi^2    N Rej  R. Fac *****************
[1;38;2;49;54;149m    [INFO][0m - [38;2;116;173;209mfitting.py:bspline_profile:1163[0m -                   ----  --------  -------  ------                  
[1;38;2;49;54;149m    [INFO][0m - [38;2;116;173;209mfitting.py:bspline_profile:1257[0m -                      1     0.000        0    1.00                  
[1;38;2;49;54;149m    [INFO][0m - [38;2;116;173;209mfitting.py:bspline_profile:1272[0m -                   DONE     0.000        0    1.00                  
[1;38;2;49;54;149m    [INFO][0m - [38;2;116;173;209mfitting.py:bspline_profile:1275[0m - *******************************************************************
[1;38;2;253;174;97m [WARNING][0m - [38;2;116;173;209mflat.py:tweak_slit_edges_gradient:538[0m - Left slit edge shift of 0.8% exceeds the maximum allowed of 0.0%
The left edge will not be tweaked.
[1;38;2;253;174;97m [WARNING][0m - [38;2;116;173;209mflat.py:tweak_slit_edges_gradient:547[0m - Right slit edge shift of -104.8% exceeds the maximum allowed of 0.0%
The right edge will not be tweaked.
[1;38;2;49;54;149m    [INFO][0m - [38;2;116;173;209mfitting.py:bspline_profile:1156[0m - B-spline fit:
[1;38;2;49;54;149m    [INFO][0m - [38;2;116;173;209mfitting.py:bspline_profile:1157[0m -     npoly = 1 profile basis functions
[1;38;2;49;54;149m    [INFO][0m - [38;2;116;173;209mfitting.py:bspline_profile:1158[0m -     ngood = 152962/152962 measurements
[1;38;2;49;54;149m    [INFO][0m - [38;2;116;173;209mfitting.py:bspline_profile:1159[0m - ***************** Iter     Chi^2    N Rej  R. Fac *****************
[1;38;2;49;54;149m    [INFO][0m - [38;2;116;173;209mfitting.py:bspline_profile:1163[0m -                   ----  --------  -------  ------                  
[1;38;2;49;54;149m    [INFO][0m - [38;2;116;173;209mfitting.py:bspline_profile:1257[0m -                      1     0.000        0    1.00                  
[1;38;2;49;54;149m    [INFO][0m - [38;2;116;173;209mfitting.py:bspline_profile:1272[0m -                   DONE     0.000        0    1.00                  
[1;38;2;49;54;149m    [INFO][0m - [38;2;116;173;209mfitting.py:bspline_profile:1275[0m - *******************************************************************
[1;38;2;49;54;149m    [INFO][0m - [38;2;116;173;209mflatfield.py:spatial_fit_finecorr:1477[0m - Performing a fine correction to the spatial illumination (slit 663)
[1;38;2;253;174;97m [WARNING][0m - [38;2;116;173;209mfitting.py:robust_fit:456[0m - Maximum number of iterations maxiter=10 reached in robust_polyfit_djs
[1;38;2;49;54;149m    [INFO][0m - [38;2;116;173;209mflatfield.py:spatillum_finecorr_qa:1966[0m - Generating QA for spatial illumination fine correction
[1;38;2;49;54;149m    [INFO][0m - [38;2;116;173;209mflatfield.py:spatillum_finecorr_qa:2047[0m - Saved QA:
/Users/kaiwenzhang/PycharmProjects/KCWI/KCWI_RED_channel_characterization/RH1 pypeit run/2023-11-07/pypeit_run/keck_kcrm_B/QA/PNGs/Spatillum_FineCorr_B_1_DET01_S0663_spatillum_finecorr.png
[1;38;2;49;54;149m    [INFO][0m - [38;2;116;173;209mflatfield.py:fit:1218[0m - Performing 2D illumination + scattered light flat field fit
[1;38;2;49;54;149m    [INFO][0m - [38;2;116;173;209mfitting.py:bspline_profile:1156[0m - B-spline fit:
[1;38;2;49;54;149m    [INFO][0m - [38;2;116;173;209mfitting.py:bspline_profile:1157[0m -     npoly = 7 profile basis functions
[1;38;2;49;54;149m    [INFO][0m - [38;2;116;173;209mfitting.py:bspline_profile:1158[0m -     ngood = 142641/144545 measurements
[1;38;2;49;54;149m    [INFO][0m - [38;2;116;173;209mfitting.py:bspline_profile:1159[0m - ***************** Iter     Chi^2    N Rej  R. Fac *****************
[1;38;2;49;54;149m    [INFO][0m - [38;2;116;173;209mfitting.py:bspline_profile:1163[0m -                   ----  --------  -------  ------                  
[1;38;2;49;54;149m    [INFO][0m - [38;2;116;173;209mfitting.py:bspline_profile:1257[0m -                      1     1.713     4641    1.00                  
[1;38;2;49;54;149m    [INFO][0m - [38;2;116;173;209mfitting.py:bspline_profile:1257[0m -                      2     0.576     4811    1.00                  
[1;38;2;49;54;149m    [INFO][0m - [38;2;116;173;209mfitting.py:bspline_profile:1257[0m -                      3     0.530     4859    1.00                  
[1;38;2;49;54;149m    [INFO][0m - [38;2;116;173;209mfitting.py:bspline_profile:1257[0m -                      4     0.522     4877    1.00                  
[1;38;2;49;54;149m    [INFO][0m - [38;2;116;173;209mfitting.py:bspline_profile:1257[0m -                      5     0.519     4890    1.00                  
[1;38;2;49;54;149m    [INFO][0m - [38;2;116;173;209mfitting.py:bspline_profile:1257[0m -                      6     0.517     4900    1.00                  
[1;38;2;49;54;149m    [INFO][0m - [38;2;116;173;209mfitting.py:bspline_profile:1257[0m -                      7     0.516     4910    1.00                  
[1;38;2;49;54;149m    [INFO][0m - [38;2;116;173;209mfitting.py:bspline_profile:1257[0m -                      8     0.515     4920    1.00                  
[1;38;2;49;54;149m    [INFO][0m - [38;2;116;173;209mfitting.py:bspline_profile:1257[0m -                      9     0.513     4932    1.00                  
[1;38;2;49;54;149m    [INFO][0m - [38;2;116;173;209mfitting.py:bspline_profile:1257[0m -                     10     0.511     4942    1.00                  
[1;38;2;49;54;149m    [INFO][0m - [38;2;116;173;209mfitting.py:bspline_profile:1257[0m -                     11     0.510     4956    1.00                  
[1;38;2;49;54;149m    [INFO][0m - [38;2;116;173;209mfitting.py:bspline_profile:1257[0m -                     12     0.508     4971    1.00                  
[1;38;2;49;54;149m    [INFO][0m - [38;2;116;173;209mfitting.py:bspline_profile:1257[0m -                     13     0.506     4981    1.00                  
[1;38;2;49;54;149m    [INFO][0m - [38;2;116;173;209mfitting.py:bspline_profile:1257[0m -                     14     0.504     4989    1.00                  
[1;38;2;49;54;149m    [INFO][0m - [38;2;116;173;209mfitting.py:bspline_profile:1257[0m -                     15     0.503     4993    1.00                  
[1;38;2;49;54;149m    [INFO][0m - [38;2;116;173;209mfitting.py:bspline_profile:1257[0m -                     16     0.503     4995    1.00                  
[1;38;2;49;54;149m    [INFO][0m - [38;2;116;173;209mfitting.py:bspline_profile:1257[0m -                     17     0.503     4997    1.00                  
[1;38;2;49;54;149m    [INFO][0m - [38;2;116;173;209mfitting.py:bspline_profile:1257[0m -                     18     0.502     5000    1.00                  
[1;38;2;49;54;149m    [INFO][0m - [38;2;116;173;209mfitting.py:bspline_profile:1257[0m -                     19     0.502     5003    1.00                  
[1;38;2;49;54;149m    [INFO][0m - [38;2;116;173;209mfitting.py:bspline_profile:1257[0m -                     20     0.502     5005    1.00                  
[1;38;2;49;54;149m    [INFO][0m - [38;2;116;173;209mfitting.py:bspline_profile:1257[0m -                     21     0.501     5006    1.00                  
[1;38;2;49;54;149m    [INFO][0m - [38;2;116;173;209mfitting.py:bspline_profile:1257[0m -                     22     0.501     5007    1.00                  
[1;38;2;49;54;149m    [INFO][0m - [38;2;116;173;209mfitting.py:bspline_profile:1257[0m -                     23     0.501     5009    1.00                  
[1;38;2;49;54;149m    [INFO][0m - [38;2;116;173;209mfitting.py:bspline_profile:1257[0m -                     24     0.501     5014    1.00                  
[1;38;2;49;54;149m    [INFO][0m - [38;2;116;173;209mfitting.py:bspline_profile:1257[0m -                     25     0.500     5020    1.00                  
[1;38;2;49;54;149m    [INFO][0m - [38;2;116;173;209mfitting.py:bspline_profile:1257[0m -                     26     0.499     5028    1.00                  
[1;38;2;49;54;149m    [INFO][0m - [38;2;116;173;209mfitting.py:bspline_profile:1272[0m -                   DONE     0.499     5028    1.00                  
[1;38;2;49;54;149m    [INFO][0m - [38;2;116;173;209mfitting.py:bspline_profile:1275[0m - *******************************************************************
[1;38;2;49;54;149m    [INFO][0m - [38;2;116;173;209mflatfield.py:fit:924[0m - Modeling the flat-field response for slit spat_id=737: 10/24
[1;38;2;49;54;149m    [INFO][0m - [38;2;116;173;209mflatfield.py:fit:1008[0m - Spectral fit of flatfield for 132003/144387  pixels in the slit.
[1;38;2;49;54;149m    [INFO][0m - [38;2;116;173;209mfitting.py:bspline_profile:1156[0m - B-spline fit:
[1;38;2;49;54;149m    [INFO][0m - [38;2;116;173;209mfitting.py:bspline_profile:1157[0m -     npoly = 1 profile basis functions
[1;38;2;49;54;149m    [INFO][0m - [38;2;116;173;209mfitting.py:bspline_profile:1158[0m -     ngood = 132003/132003 measurements
[1;38;2;49;54;149m    [INFO][0m - [38;2;116;173;209mfitting.py:bspline_profile:1159[0m - ***************** Iter     Chi^2    N Rej  R. Fac *****************
[1;38;2;49;54;149m    [INFO][0m - [38;2;116;173;209mfitting.py:bspline_profile:1163[0m -                   ----  --------  -------  ------                  
[1;38;2;49;54;149m    [INFO][0m - [38;2;116;173;209mfitting.py:bspline_profile:1257[0m -                      1     0.003        0    1.00                  
[1;38;2;49;54;149m    [INFO][0m - [38;2;116;173;209mfitting.py:bspline_profile:1272[0m -                   DONE     0.003        0    1.00                  
[1;38;2;49;54;149m    [INFO][0m - [38;2;116;173;209mfitting.py:bspline_profile:1275[0m - *******************************************************************
[1;38;2;49;54;149m    [INFO][0m - [38;2;116;173;209mflatfield.py:fit:1097[0m - Spatial fit of flatfield for 152423/152423  pixels in the slit.
[1;38;2;49;54;149m    [INFO][0m - [38;2;116;173;209mfitting.py:bspline_profile:1156[0m - B-spline fit:
[1;38;2;49;54;149m    [INFO][0m - [38;2;116;173;209mfitting.py:bspline_profile:1157[0m -     npoly = 1 profile basis functions
[1;38;2;49;54;149m    [INFO][0m - [38;2;116;173;209mfitting.py:bspline_profile:1158[0m -     ngood = 152423/152423 measurements
[1;38;2;49;54;149m    [INFO][0m - [38;2;116;173;209mfitting.py:bspline_profile:1159[0m - ***************** Iter     Chi^2    N Rej  R. Fac *****************
[1;38;2;49;54;149m    [INFO][0m - [38;2;116;173;209mfitting.py:bspline_profile:1163[0m -                   ----  --------  -------  ------                  
[1;38;2;49;54;149m    [INFO][0m - [38;2;116;173;209mfitting.py:bspline_profile:1257[0m -                      1     0.000        0    1.00                  
[1;38;2;49;54;149m    [INFO][0m - [38;2;116;173;209mfitting.py:bspline_profile:1272[0m -                   DONE     0.000        0    1.00                  
[1;38;2;49;54;149m    [INFO][0m - [38;2;116;173;209mfitting.py:bspline_profile:1275[0m - *******************************************************************
[1;38;2;253;174;97m [WARNING][0m - [38;2;116;173;209mflat.py:tweak_slit_edges_gradient:538[0m - Left slit edge shift of 0.6% exceeds the maximum allowed of 0.0%
The left edge will not be tweaked.
[1;38;2;253;174;97m [WARNING][0m - [38;2;116;173;209mflat.py:tweak_slit_edges_gradient:547[0m - Right slit edge shift of -105.2% exceeds the maximum allowed of 0.0%
The right edge will not be tweaked.
[1;38;2;49;54;149m    [INFO][0m - [38;2;116;173;209mfitting.py:bspline_profile:1156[0m - B-spline fit:
[1;38;2;49;54;149m    [INFO][0m - [38;2;116;173;209mfitting.py:bspline_profile:1157[0m -     npoly = 1 profile basis functions
[1;38;2;49;54;149m    [INFO][0m - [38;2;116;173;209mfitting.py:bspline_profile:1158[0m -     ngood = 152423/152423 measurements
[1;38;2;49;54;149m    [INFO][0m - [38;2;116;173;209mfitting.py:bspline_profile:1159[0m - ***************** Iter     Chi^2    N Rej  R. Fac *****************
[1;38;2;49;54;149m    [INFO][0m - [38;2;116;173;209mfitting.py:bspline_profile:1163[0m -                   ----  --------  -------  ------                  
[1;38;2;49;54;149m    [INFO][0m - [38;2;116;173;209mfitting.py:bspline_profile:1257[0m -                      1     0.000        0    1.00                  
[1;38;2;49;54;149m    [INFO][0m - [38;2;116;173;209mfitting.py:bspline_profile:1272[0m -                   DONE     0.000        0    1.00                  
[1;38;2;49;54;149m    [INFO][0m - [38;2;116;173;209mfitting.py:bspline_profile:1275[0m - *******************************************************************
[1;38;2;49;54;149m    [INFO][0m - [38;2;116;173;209mflatfield.py:spatial_fit_finecorr:1477[0m - Performing a fine correction to the spatial illumination (slit 737)
[1;38;2;253;174;97m [WARNING][0m - [38;2;116;173;209mfitting.py:robust_fit:456[0m - Maximum number of iterations maxiter=10 reached in robust_polyfit_djs
[1;38;2;49;54;149m    [INFO][0m - [38;2;116;173;209mflatfield.py:spatillum_finecorr_qa:1966[0m - Generating QA for spatial illumination fine correction
[1;38;2;49;54;149m    [INFO][0m - [38;2;116;173;209mflatfield.py:spatillum_finecorr_qa:2047[0m - Saved QA:
/Users/kaiwenzhang/PycharmProjects/KCWI/KCWI_RED_channel_characterization/RH1 pypeit run/2023-11-07/pypeit_run/keck_kcrm_B/QA/PNGs/Spatillum_FineCorr_B_1_DET01_S0737_spatillum_finecorr.png
[1;38;2;49;54;149m    [INFO][0m - [38;2;116;173;209mflatfield.py:fit:1218[0m - Performing 2D illumination + scattered light flat field fit
[1;38;2;49;54;149m    [INFO][0m - [38;2;116;173;209mfitting.py:bspline_profile:1156[0m - B-spline fit:
[1;38;2;49;54;149m    [INFO][0m - [38;2;116;173;209mfitting.py:bspline_profile:1157[0m -     npoly = 7 profile basis functions
[1;38;2;49;54;149m    [INFO][0m - [38;2;116;173;209mfitting.py:bspline_profile:1158[0m -     ngood = 142081/144387 measurements
[1;38;2;49;54;149m    [INFO][0m - [38;2;116;173;209mfitting.py:bspline_profile:1159[0m - ***************** Iter     Chi^2    N Rej  R. Fac *****************
[1;38;2;49;54;149m    [INFO][0m - [38;2;116;173;209mfitting.py:bspline_profile:1163[0m -                   ----  --------  -------  ------                  
[1;38;2;49;54;149m    [INFO][0m - [38;2;116;173;209mfitting.py:bspline_profile:1257[0m -                      1     1.041     3707    1.00                  
[1;38;2;49;54;149m    [INFO][0m - [38;2;116;173;209mfitting.py:bspline_profile:1257[0m -                      2     0.580     3953    1.00                  
[1;38;2;49;54;149m    [INFO][0m - [38;2;116;173;209mfitting.py:bspline_profile:1257[0m -                      3     0.519     4042    1.00                  
[1;38;2;49;54;149m    [INFO][0m - [38;2;116;173;209mfitting.py:bspline_profile:1257[0m -                      4     0.505     4096    1.00                  
[1;38;2;49;54;149m    [INFO][0m - [38;2;116;173;209mfitting.py:bspline_profile:1257[0m -                      5     0.496     4144    1.00                  
[1;38;2;49;54;149m    [INFO][0m - [38;2;116;173;209mfitting.py:bspline_profile:1257[0m -                      6     0.489     4172    1.00                  
[1;38;2;49;54;149m    [INFO][0m - [38;2;116;173;209mfitting.py:bspline_profile:1257[0m -                      7     0.485     4195    1.00                  
[1;38;2;49;54;149m    [INFO][0m - [38;2;116;173;209mfitting.py:bspline_profile:1257[0m -                      8     0.481     4213    1.00                  
[1;38;2;49;54;149m    [INFO][0m - [38;2;116;173;209mfitting.py:bspline_profile:1257[0m -                      9     0.479     4229    1.00                  
[1;38;2;49;54;149m    [INFO][0m - [38;2;116;173;209mfitting.py:bspline_profile:1257[0m -                     10     0.476     4245    1.00                  
[1;38;2;49;54;149m    [INFO][0m - [38;2;116;173;209mfitting.py:bspline_profile:1257[0m -                     11     0.474     4257    1.00                  
[1;38;2;49;54;149m    [INFO][0m - [38;2;116;173;209mfitting.py:bspline_profile:1257[0m -                     12     0.473     4265    1.00                  
[1;38;2;49;54;149m    [INFO][0m - [38;2;116;173;209mfitting.py:bspline_profile:1257[0m -                     13     0.472     4273    1.00                  
[1;38;2;49;54;149m    [INFO][0m - [38;2;116;173;209mfitting.py:bspline_profile:1257[0m -                     14     0.471     4276    1.00                  
[1;38;2;49;54;149m    [INFO][0m - [38;2;116;173;209mfitting.py:bspline_profile:1257[0m -                     15     0.470     4282    1.00                  
[1;38;2;49;54;149m    [INFO][0m - [38;2;116;173;209mfitting.py:bspline_profile:1257[0m -                     16     0.469     4287    1.00                  
[1;38;2;49;54;149m    [INFO][0m - [38;2;116;173;209mfitting.py:bspline_profile:1257[0m -                     17     0.469     4290    1.00                  
[1;38;2;49;54;149m    [INFO][0m - [38;2;116;173;209mfitting.py:bspline_profile:1257[0m -                     18     0.468     4293    1.00                  
[1;38;2;49;54;149m    [INFO][0m - [38;2;116;173;209mfitting.py:bspline_profile:1257[0m -                     19     0.468     4293    1.00                  
[1;38;2;49;54;149m    [INFO][0m - [38;2;116;173;209mfitting.py:bspline_profile:1272[0m -                   DONE     0.468     4293    1.00                  
[1;38;2;49;54;149m    [INFO][0m - [38;2;116;173;209mfitting.py:bspline_profile:1275[0m - *******************************************************************
[1;38;2;49;54;149m    [INFO][0m - [38;2;116;173;209mflatfield.py:fit:924[0m - Modeling the flat-field response for slit spat_id=811: 11/24
[1;38;2;49;54;149m    [INFO][0m - [38;2;116;173;209mflatfield.py:fit:1008[0m - Spectral fit of flatfield for 131902/144286  pixels in the slit.
[1;38;2;49;54;149m    [INFO][0m - [38;2;116;173;209mfitting.py:bspline_profile:1156[0m - B-spline fit:
[1;38;2;49;54;149m    [INFO][0m - [38;2;116;173;209mfitting.py:bspline_profile:1157[0m -     npoly = 1 profile basis functions
[1;38;2;49;54;149m    [INFO][0m - [38;2;116;173;209mfitting.py:bspline_profile:1158[0m -     ngood = 131902/131902 measurements
[1;38;2;49;54;149m    [INFO][0m - [38;2;116;173;209mfitting.py:bspline_profile:1159[0m - ***************** Iter     Chi^2    N Rej  R. Fac *****************
[1;38;2;49;54;149m    [INFO][0m - [38;2;116;173;209mfitting.py:bspline_profile:1163[0m -                   ----  --------  -------  ------                  
[1;38;2;49;54;149m    [INFO][0m - [38;2;116;173;209mfitting.py:bspline_profile:1257[0m -                      1     0.004        0    1.00                  
[1;38;2;49;54;149m    [INFO][0m - [38;2;116;173;209mfitting.py:bspline_profile:1272[0m -                   DONE     0.004        0    1.00                  
[1;38;2;49;54;149m    [INFO][0m - [38;2;116;173;209mfitting.py:bspline_profile:1275[0m - *******************************************************************
[1;38;2;49;54;149m    [INFO][0m - [38;2;116;173;209mflatfield.py:fit:1097[0m - Spatial fit of flatfield for 152427/152427  pixels in the slit.
[1;38;2;49;54;149m    [INFO][0m - [38;2;116;173;209mfitting.py:bspline_profile:1156[0m - B-spline fit:
[1;38;2;49;54;149m    [INFO][0m - [38;2;116;173;209mfitting.py:bspline_profile:1157[0m -     npoly = 1 profile basis functions
[1;38;2;49;54;149m    [INFO][0m - [38;2;116;173;209mfitting.py:bspline_profile:1158[0m -     ngood = 152427/152427 measurements
[1;38;2;49;54;149m    [INFO][0m - [38;2;116;173;209mfitting.py:bspline_profile:1159[0m - ***************** Iter     Chi^2    N Rej  R. Fac *****************
[1;38;2;49;54;149m    [INFO][0m - [38;2;116;173;209mfitting.py:bspline_profile:1163[0m -                   ----  --------  -------  ------                  
[1;38;2;49;54;149m    [INFO][0m - [38;2;116;173;209mfitting.py:bspline_profile:1257[0m -                      1     0.000        0    1.00                  
[1;38;2;49;54;149m    [INFO][0m - [38;2;116;173;209mfitting.py:bspline_profile:1272[0m -                   DONE     0.000        0    1.00                  
[1;38;2;49;54;149m    [INFO][0m - [38;2;116;173;209mfitting.py:bspline_profile:1275[0m - *******************************************************************
[1;38;2;253;174;97m [WARNING][0m - [38;2;116;173;209mflat.py:tweak_slit_edges_gradient:538[0m - Left slit edge shift of 0.7% exceeds the maximum allowed of 0.0%
The left edge will not be tweaked.
[1;38;2;253;174;97m [WARNING][0m - [38;2;116;173;209mflat.py:tweak_slit_edges_gradient:547[0m - Right slit edge shift of -105.0% exceeds the maximum allowed of 0.0%
The right edge will not be tweaked.
[1;38;2;49;54;149m    [INFO][0m - [38;2;116;173;209mfitting.py:bspline_profile:1156[0m - B-spline fit:
[1;38;2;49;54;149m    [INFO][0m - [38;2;116;173;209mfitting.py:bspline_profile:1157[0m -     npoly = 1 profile basis functions
[1;38;2;49;54;149m    [INFO][0m - [38;2;116;173;209mfitting.py:bspline_profile:1158[0m -     ngood = 152427/152427 measurements
[1;38;2;49;54;149m    [INFO][0m - [38;2;116;173;209mfitting.py:bspline_profile:1159[0m - ***************** Iter     Chi^2    N Rej  R. Fac *****************
[1;38;2;49;54;149m    [INFO][0m - [38;2;116;173;209mfitting.py:bspline_profile:1163[0m -                   ----  --------  -------  ------                  
[1;38;2;49;54;149m    [INFO][0m - [38;2;116;173;209mfitting.py:bspline_profile:1257[0m -                      1     0.000        0    1.00                  
[1;38;2;49;54;149m    [INFO][0m - [38;2;116;173;209mfitting.py:bspline_profile:1272[0m -                   DONE     0.000        0    1.00                  
[1;38;2;49;54;149m    [INFO][0m - [38;2;116;173;209mfitting.py:bspline_profile:1275[0m - *******************************************************************
[1;38;2;49;54;149m    [INFO][0m - [38;2;116;173;209mflatfield.py:spatial_fit_finecorr:1477[0m - Performing a fine correction to the spatial illumination (slit 811)
[1;38;2;253;174;97m [WARNING][0m - [38;2;116;173;209mfitting.py:robust_fit:456[0m - Maximum number of iterations maxiter=10 reached in robust_polyfit_djs
[1;38;2;49;54;149m    [INFO][0m - [38;2;116;173;209mflatfield.py:spatillum_finecorr_qa:1966[0m - Generating QA for spatial illumination fine correction
[1;38;2;49;54;149m    [INFO][0m - [38;2;116;173;209mflatfield.py:spatillum_finecorr_qa:2047[0m - Saved QA:
/Users/kaiwenzhang/PycharmProjects/KCWI/KCWI_RED_channel_characterization/RH1 pypeit run/2023-11-07/pypeit_run/keck_kcrm_B/QA/PNGs/Spatillum_FineCorr_B_1_DET01_S0811_spatillum_finecorr.png
[1;38;2;49;54;149m    [INFO][0m - [38;2;116;173;209mflatfield.py:fit:1218[0m - Performing 2D illumination + scattered light flat field fit
[1;38;2;49;54;149m    [INFO][0m - [38;2;116;173;209mfitting.py:bspline_profile:1156[0m - B-spline fit:
[1;38;2;49;54;149m    [INFO][0m - [38;2;116;173;209mfitting.py:bspline_profile:1157[0m -     npoly = 7 profile basis functions
[1;38;2;49;54;149m    [INFO][0m - [38;2;116;173;209mfitting.py:bspline_profile:1158[0m -     ngood = 142107/144286 measurements
[1;38;2;49;54;149m    [INFO][0m - [38;2;116;173;209mfitting.py:bspline_profile:1159[0m - ***************** Iter     Chi^2    N Rej  R. Fac *****************
[1;38;2;49;54;149m    [INFO][0m - [38;2;116;173;209mfitting.py:bspline_profile:1163[0m -                   ----  --------  -------  ------                  
[1;38;2;49;54;149m    [INFO][0m - [38;2;116;173;209mfitting.py:bspline_profile:1257[0m -                      1     1.214     4108    1.00                  
[1;38;2;49;54;149m    [INFO][0m - [38;2;116;173;209mfitting.py:bspline_profile:1257[0m -                      2     0.526     4336    1.00                  
[1;38;2;49;54;149m    [INFO][0m - [38;2;116;173;209mfitting.py:bspline_profile:1257[0m -                      3     0.474     4452    1.00                  
[1;38;2;49;54;149m    [INFO][0m - [38;2;116;173;209mfitting.py:bspline_profile:1257[0m -                      4     0.452     4496    1.00                  
[1;38;2;49;54;149m    [INFO][0m - [38;2;116;173;209mfitting.py:bspline_profile:1257[0m -                      5     0.444     4522    1.00                  
[1;38;2;49;54;149m    [INFO][0m - [38;2;116;173;209mfitting.py:bspline_profile:1257[0m -                      6     0.440     4534    1.00                  
[1;38;2;49;54;149m    [INFO][0m - [38;2;116;173;209mfitting.py:bspline_profile:1257[0m -                      7     0.438     4539    1.00                  
[1;38;2;49;54;149m    [INFO][0m - [38;2;116;173;209mfitting.py:bspline_profile:1257[0m -                      8     0.437     4541    1.00                  
[1;38;2;49;54;149m    [INFO][0m - [38;2;116;173;209mfitting.py:bspline_profile:1257[0m -                      9     0.437     4541    1.00                  
[1;38;2;49;54;149m    [INFO][0m - [38;2;116;173;209mfitting.py:bspline_profile:1272[0m -                   DONE     0.437     4541    1.00                  
[1;38;2;49;54;149m    [INFO][0m - [38;2;116;173;209mfitting.py:bspline_profile:1275[0m - *******************************************************************
[1;38;2;49;54;149m    [INFO][0m - [38;2;116;173;209mflatfield.py:fit:924[0m - Modeling the flat-field response for slit spat_id=885: 12/24
[1;38;2;49;54;149m    [INFO][0m - [38;2;116;173;209mflatfield.py:fit:1008[0m - Spectral fit of flatfield for 132047/144431  pixels in the slit.
[1;38;2;49;54;149m    [INFO][0m - [38;2;116;173;209mfitting.py:bspline_profile:1156[0m - B-spline fit:
[1;38;2;49;54;149m    [INFO][0m - [38;2;116;173;209mfitting.py:bspline_profile:1157[0m -     npoly = 1 profile basis functions
[1;38;2;49;54;149m    [INFO][0m - [38;2;116;173;209mfitting.py:bspline_profile:1158[0m -     ngood = 132047/132047 measurements
[1;38;2;49;54;149m    [INFO][0m - [38;2;116;173;209mfitting.py:bspline_profile:1159[0m - ***************** Iter     Chi^2    N Rej  R. Fac *****************
[1;38;2;49;54;149m    [INFO][0m - [38;2;116;173;209mfitting.py:bspline_profile:1163[0m -                   ----  --------  -------  ------                  
[1;38;2;49;54;149m    [INFO][0m - [38;2;116;173;209mfitting.py:bspline_profile:1257[0m -                      1     0.003        0    1.00                  
[1;38;2;49;54;149m    [INFO][0m - [38;2;116;173;209mfitting.py:bspline_profile:1272[0m -                   DONE     0.003        0    1.00                  
[1;38;2;49;54;149m    [INFO][0m - [38;2;116;173;209mfitting.py:bspline_profile:1275[0m - *******************************************************************
[1;38;2;49;54;149m    [INFO][0m - [38;2;116;173;209mflatfield.py:fit:1097[0m - Spatial fit of flatfield for 165071/165071  pixels in the slit.
[1;38;2;49;54;149m    [INFO][0m - [38;2;116;173;209mfitting.py:bspline_profile:1156[0m - B-spline fit:
[1;38;2;49;54;149m    [INFO][0m - [38;2;116;173;209mfitting.py:bspline_profile:1157[0m -     npoly = 1 profile basis functions
[1;38;2;49;54;149m    [INFO][0m - [38;2;116;173;209mfitting.py:bspline_profile:1158[0m -     ngood = 165071/165071 measurements
[1;38;2;49;54;149m    [INFO][0m - [38;2;116;173;209mfitting.py:bspline_profile:1159[0m - ***************** Iter     Chi^2    N Rej  R. Fac *****************
[1;38;2;49;54;149m    [INFO][0m - [38;2;116;173;209mfitting.py:bspline_profile:1163[0m -                   ----  --------  -------  ------                  
[1;38;2;49;54;149m    [INFO][0m - [38;2;116;173;209mfitting.py:bspline_profile:1257[0m -                      1     0.000        0    1.00                  
[1;38;2;49;54;149m    [INFO][0m - [38;2;116;173;209mfitting.py:bspline_profile:1272[0m -                   DONE     0.000        0    1.00                  
[1;38;2;49;54;149m    [INFO][0m - [38;2;116;173;209mfitting.py:bspline_profile:1275[0m - *******************************************************************
[1;38;2;253;174;97m [WARNING][0m - [38;2;116;173;209mflat.py:tweak_slit_edges_gradient:538[0m - Left slit edge shift of 0.8% exceeds the maximum allowed of 0.0%
The left edge will not be tweaked.
[1;38;2;253;174;97m [WARNING][0m - [38;2;116;173;209mflat.py:tweak_slit_edges_gradient:547[0m - Right slit edge shift of -0.8% exceeds the maximum allowed of 0.0%
The right edge will not be tweaked.
[1;38;2;49;54;149m    [INFO][0m - [38;2;116;173;209mfitting.py:bspline_profile:1156[0m - B-spline fit:
[1;38;2;49;54;149m    [INFO][0m - [38;2;116;173;209mfitting.py:bspline_profile:1157[0m -     npoly = 1 profile basis functions
[1;38;2;49;54;149m    [INFO][0m - [38;2;116;173;209mfitting.py:bspline_profile:1158[0m -     ngood = 165071/165071 measurements
[1;38;2;49;54;149m    [INFO][0m - [38;2;116;173;209mfitting.py:bspline_profile:1159[0m - ***************** Iter     Chi^2    N Rej  R. Fac *****************
[1;38;2;49;54;149m    [INFO][0m - [38;2;116;173;209mfitting.py:bspline_profile:1163[0m -                   ----  --------  -------  ------                  
[1;38;2;49;54;149m    [INFO][0m - [38;2;116;173;209mfitting.py:bspline_profile:1257[0m -                      1     0.000        0    1.00                  
[1;38;2;49;54;149m    [INFO][0m - [38;2;116;173;209mfitting.py:bspline_profile:1272[0m -                   DONE     0.000        0    1.00                  
[1;38;2;49;54;149m    [INFO][0m - [38;2;116;173;209mfitting.py:bspline_profile:1275[0m - *******************************************************************
[1;38;2;49;54;149m    [INFO][0m - [38;2;116;173;209mflatfield.py:spatial_fit_finecorr:1477[0m - Performing a fine correction to the spatial illumination (slit 885)
[1;38;2;49;54;149m    [INFO][0m - [38;2;116;173;209mflatfield.py:spatillum_finecorr_qa:1966[0m - Generating QA for spatial illumination fine correction
[1;38;2;49;54;149m    [INFO][0m - [38;2;116;173;209mflatfield.py:spatillum_finecorr_qa:2047[0m - Saved QA:
/Users/kaiwenzhang/PycharmProjects/KCWI/KCWI_RED_channel_characterization/RH1 pypeit run/2023-11-07/pypeit_run/keck_kcrm_B/QA/PNGs/Spatillum_FineCorr_B_1_DET01_S0885_spatillum_finecorr.png
[1;38;2;49;54;149m    [INFO][0m - [38;2;116;173;209mflatfield.py:fit:1218[0m - Performing 2D illumination + scattered light flat field fit
[1;38;2;49;54;149m    [INFO][0m - [38;2;116;173;209mfitting.py:bspline_profile:1156[0m - B-spline fit:
[1;38;2;49;54;149m    [INFO][0m - [38;2;116;173;209mfitting.py:bspline_profile:1157[0m -     npoly = 7 profile basis functions
[1;38;2;49;54;149m    [INFO][0m - [38;2;116;173;209mfitting.py:bspline_profile:1158[0m -     ngood = 144431/144431 measurements
[1;38;2;49;54;149m    [INFO][0m - [38;2;116;173;209mfitting.py:bspline_profile:1159[0m - ***************** Iter     Chi^2    N Rej  R. Fac *****************
[1;38;2;49;54;149m    [INFO][0m - [38;2;116;173;209mfitting.py:bspline_profile:1163[0m -                   ----  --------  -------  ------                  
[1;38;2;49;54;149m    [INFO][0m - [38;2;116;173;209mfitting.py:bspline_profile:1257[0m -                      1     1.133     1953    1.00                  
[1;38;2;49;54;149m    [INFO][0m - [38;2;116;173;209mfitting.py:bspline_profile:1257[0m -                      2     0.520     2222    1.00                  
[1;38;2;49;54;149m    [INFO][0m - [38;2;116;173;209mfitting.py:bspline_profile:1257[0m -                      3     0.457     2308    1.00                  
[1;38;2;49;54;149m    [INFO][0m - [38;2;116;173;209mfitting.py:bspline_profile:1257[0m -                      4     0.442     2339    1.00                  
[1;38;2;49;54;149m    [INFO][0m - [38;2;116;173;209mfitting.py:bspline_profile:1257[0m -                      5     0.437     2357    1.00                  
[1;38;2;49;54;149m    [INFO][0m - [38;2;116;173;209mfitting.py:bspline_profile:1257[0m -                      6     0.434     2369    1.00                  
[1;38;2;49;54;149m    [INFO][0m - [38;2;116;173;209mfitting.py:bspline_profile:1257[0m -                      7     0.433     2372    1.00                  
[1;38;2;49;54;149m    [INFO][0m - [38;2;116;173;209mfitting.py:bspline_profile:1257[0m -                      8     0.432     2377    1.00                  
[1;38;2;49;54;149m    [INFO][0m - [38;2;116;173;209mfitting.py:bspline_profile:1257[0m -                      9     0.432     2382    1.00                  
[1;38;2;49;54;149m    [INFO][0m - [38;2;116;173;209mfitting.py:bspline_profile:1257[0m -                     10     0.431     2382    1.00                  
[1;38;2;49;54;149m    [INFO][0m - [38;2;116;173;209mfitting.py:bspline_profile:1272[0m -                   DONE     0.431     2382    1.00                  
[1;38;2;49;54;149m    [INFO][0m - [38;2;116;173;209mfitting.py:bspline_profile:1275[0m - *******************************************************************
[1;38;2;49;54;149m    [INFO][0m - [38;2;116;173;209mflatfield.py:fit:924[0m - Modeling the flat-field response for slit spat_id=1163: 13/24
[1;38;2;49;54;149m    [INFO][0m - [38;2;116;173;209mflatfield.py:fit:1008[0m - Spectral fit of flatfield for 132115/144499  pixels in the slit.
[1;38;2;49;54;149m    [INFO][0m - [38;2;116;173;209mfitting.py:bspline_profile:1156[0m - B-spline fit:
[1;38;2;49;54;149m    [INFO][0m - [38;2;116;173;209mfitting.py:bspline_profile:1157[0m -     npoly = 1 profile basis functions
[1;38;2;49;54;149m    [INFO][0m - [38;2;116;173;209mfitting.py:bspline_profile:1158[0m -     ngood = 132115/132115 measurements
[1;38;2;49;54;149m    [INFO][0m - [38;2;116;173;209mfitting.py:bspline_profile:1159[0m - ***************** Iter     Chi^2    N Rej  R. Fac *****************
[1;38;2;49;54;149m    [INFO][0m - [38;2;116;173;209mfitting.py:bspline_profile:1163[0m -                   ----  --------  -------  ------                  
[1;38;2;49;54;149m    [INFO][0m - [38;2;116;173;209mfitting.py:bspline_profile:1257[0m -                      1     0.005        0    1.00                  
[1;38;2;49;54;149m    [INFO][0m - [38;2;116;173;209mfitting.py:bspline_profile:1272[0m -                   DONE     0.005        0    1.00                  
[1;38;2;49;54;149m    [INFO][0m - [38;2;116;173;209mfitting.py:bspline_profile:1275[0m - *******************************************************************
[1;38;2;49;54;149m    [INFO][0m - [38;2;116;173;209mflatfield.py:fit:1097[0m - Spatial fit of flatfield for 152058/152058  pixels in the slit.
[1;38;2;49;54;149m    [INFO][0m - [38;2;116;173;209mfitting.py:bspline_profile:1156[0m - B-spline fit:
[1;38;2;49;54;149m    [INFO][0m - [38;2;116;173;209mfitting.py:bspline_profile:1157[0m -     npoly = 1 profile basis functions
[1;38;2;49;54;149m    [INFO][0m - [38;2;116;173;209mfitting.py:bspline_profile:1158[0m -     ngood = 152058/152058 measurements
[1;38;2;49;54;149m    [INFO][0m - [38;2;116;173;209mfitting.py:bspline_profile:1159[0m - ***************** Iter     Chi^2    N Rej  R. Fac *****************
[1;38;2;49;54;149m    [INFO][0m - [38;2;116;173;209mfitting.py:bspline_profile:1163[0m -                   ----  --------  -------  ------                  
[1;38;2;49;54;149m    [INFO][0m - [38;2;116;173;209mfitting.py:bspline_profile:1257[0m -                      1     0.000        0    1.00                  
[1;38;2;49;54;149m    [INFO][0m - [38;2;116;173;209mfitting.py:bspline_profile:1272[0m -                   DONE     0.000        0    1.00                  
[1;38;2;49;54;149m    [INFO][0m - [38;2;116;173;209mfitting.py:bspline_profile:1275[0m - *******************************************************************
[1;38;2;253;174;97m [WARNING][0m - [38;2;116;173;209mflat.py:tweak_slit_edges_gradient:538[0m - Left slit edge shift of 0.6% exceeds the maximum allowed of 0.0%
The left edge will not be tweaked.
[1;38;2;253;174;97m [WARNING][0m - [38;2;116;173;209mflat.py:tweak_slit_edges_gradient:547[0m - Right slit edge shift of -5.5% exceeds the maximum allowed of 0.0%
The right edge will not be tweaked.
[1;38;2;49;54;149m    [INFO][0m - [38;2;116;173;209mfitting.py:bspline_profile:1156[0m - B-spline fit:
[1;38;2;49;54;149m    [INFO][0m - [38;2;116;173;209mfitting.py:bspline_profile:1157[0m -     npoly = 1 profile basis functions
[1;38;2;49;54;149m    [INFO][0m - [38;2;116;173;209mfitting.py:bspline_profile:1158[0m -     ngood = 152058/152058 measurements
[1;38;2;49;54;149m    [INFO][0m - [38;2;116;173;209mfitting.py:bspline_profile:1159[0m - ***************** Iter     Chi^2    N Rej  R. Fac *****************
[1;38;2;49;54;149m    [INFO][0m - [38;2;116;173;209mfitting.py:bspline_profile:1163[0m -                   ----  --------  -------  ------                  
[1;38;2;49;54;149m    [INFO][0m - [38;2;116;173;209mfitting.py:bspline_profile:1257[0m -                      1     0.000        0    1.00                  
[1;38;2;49;54;149m    [INFO][0m - [38;2;116;173;209mfitting.py:bspline_profile:1272[0m -                   DONE     0.000        0    1.00                  
[1;38;2;49;54;149m    [INFO][0m - [38;2;116;173;209mfitting.py:bspline_profile:1275[0m - *******************************************************************
[1;38;2;49;54;149m    [INFO][0m - [38;2;116;173;209mflatfield.py:spatial_fit_finecorr:1477[0m - Performing a fine correction to the spatial illumination (slit 1163)
[1;38;2;253;174;97m [WARNING][0m - [38;2;116;173;209mfitting.py:robust_fit:456[0m - Maximum number of iterations maxiter=10 reached in robust_polyfit_djs
[1;38;2;49;54;149m    [INFO][0m - [38;2;116;173;209mflatfield.py:spatillum_finecorr_qa:1966[0m - Generating QA for spatial illumination fine correction
[1;38;2;49;54;149m    [INFO][0m - [38;2;116;173;209mflatfield.py:spatillum_finecorr_qa:2047[0m - Saved QA:
/Users/kaiwenzhang/PycharmProjects/KCWI/KCWI_RED_channel_characterization/RH1 pypeit run/2023-11-07/pypeit_run/keck_kcrm_B/QA/PNGs/Spatillum_FineCorr_B_1_DET01_S1163_spatillum_finecorr.png
[1;38;2;49;54;149m    [INFO][0m - [38;2;116;173;209mflatfield.py:fit:1218[0m - Performing 2D illumination + scattered light flat field fit
[1;38;2;49;54;149m    [INFO][0m - [38;2;116;173;209mfitting.py:bspline_profile:1156[0m - B-spline fit:
[1;38;2;49;54;149m    [INFO][0m - [38;2;116;173;209mfitting.py:bspline_profile:1157[0m -     npoly = 7 profile basis functions
[1;38;2;49;54;149m    [INFO][0m - [38;2;116;173;209mfitting.py:bspline_profile:1158[0m -     ngood = 141738/144499 measurements
[1;38;2;49;54;149m    [INFO][0m - [38;2;116;173;209mfitting.py:bspline_profile:1159[0m - ***************** Iter     Chi^2    N Rej  R. Fac *****************
[1;38;2;49;54;149m    [INFO][0m - [38;2;116;173;209mfitting.py:bspline_profile:1163[0m -                   ----  --------  -------  ------                  
[1;38;2;49;54;149m    [INFO][0m - [38;2;116;173;209mfitting.py:bspline_profile:1257[0m -                      1     0.566     3207    1.00                  
[1;38;2;49;54;149m    [INFO][0m - [38;2;116;173;209mfitting.py:bspline_profile:1257[0m -                      2     0.474     3259    1.00                  
[1;38;2;49;54;149m    [INFO][0m - [38;2;116;173;209mfitting.py:bspline_profile:1257[0m -                      3     0.466     3282    1.00                  
[1;38;2;49;54;149m    [INFO][0m - [38;2;116;173;209mfitting.py:bspline_profile:1257[0m -                      4     0.463     3296    1.00                  
[1;38;2;49;54;149m    [INFO][0m - [38;2;116;173;209mfitting.py:bspline_profile:1257[0m -                      5     0.462     3315    1.00                  
[1;38;2;49;54;149m    [INFO][0m - [38;2;116;173;209mfitting.py:bspline_profile:1257[0m -                      6     0.459     3329    1.00                  
[1;38;2;49;54;149m    [INFO][0m - [38;2;116;173;209mfitting.py:bspline_profile:1257[0m -                      7     0.457     3338    1.00                  
[1;38;2;49;54;149m    [INFO][0m - [38;2;116;173;209mfitting.py:bspline_profile:1257[0m -                      8     0.456     3346    1.00                  
[1;38;2;49;54;149m    [INFO][0m - [38;2;116;173;209mfitting.py:bspline_profile:1257[0m -                      9     0.455     3351    1.00                  
[1;38;2;49;54;149m    [INFO][0m - [38;2;116;173;209mfitting.py:bspline_profile:1257[0m -                     10     0.454     3354    1.00                  
[1;38;2;49;54;149m    [INFO][0m - [38;2;116;173;209mfitting.py:bspline_profile:1257[0m -                     11     0.454     3360    1.00                  
[1;38;2;49;54;149m    [INFO][0m - [38;2;116;173;209mfitting.py:bspline_profile:1257[0m -                     12     0.453     3363    1.00                  
[1;38;2;49;54;149m    [INFO][0m - [38;2;116;173;209mfitting.py:bspline_profile:1257[0m -                     13     0.452     3367    1.00                  
[1;38;2;49;54;149m    [INFO][0m - [38;2;116;173;209mfitting.py:bspline_profile:1257[0m -                     14     0.452     3371    1.00                  
[1;38;2;49;54;149m    [INFO][0m - [38;2;116;173;209mfitting.py:bspline_profile:1257[0m -                     15     0.451     3375    1.00                  
[1;38;2;49;54;149m    [INFO][0m - [38;2;116;173;209mfitting.py:bspline_profile:1257[0m -                     16     0.451     3380    1.00                  
[1;38;2;49;54;149m    [INFO][0m - [38;2;116;173;209mfitting.py:bspline_profile:1257[0m -                     17     0.450     3384    1.00                  
[1;38;2;49;54;149m    [INFO][0m - [38;2;116;173;209mfitting.py:bspline_profile:1257[0m -                     18     0.450     3386    1.00                  
[1;38;2;49;54;149m    [INFO][0m - [38;2;116;173;209mfitting.py:bspline_profile:1257[0m -                     19     0.449     3386    1.00                  
[1;38;2;49;54;149m    [INFO][0m - [38;2;116;173;209mfitting.py:bspline_profile:1272[0m -                   DONE     0.449     3386    1.00                  
[1;38;2;49;54;149m    [INFO][0m - [38;2;116;173;209mfitting.py:bspline_profile:1275[0m - *******************************************************************
[1;38;2;49;54;149m    [INFO][0m - [38;2;116;173;209mflatfield.py:fit:924[0m - Modeling the flat-field response for slit spat_id=1237: 14/24
[1;38;2;49;54;149m    [INFO][0m - [38;2;116;173;209mflatfield.py:fit:1008[0m - Spectral fit of flatfield for 132087/144471  pixels in the slit.
[1;38;2;49;54;149m    [INFO][0m - [38;2;116;173;209mfitting.py:bspline_profile:1156[0m - B-spline fit:
[1;38;2;49;54;149m    [INFO][0m - [38;2;116;173;209mfitting.py:bspline_profile:1157[0m -     npoly = 1 profile basis functions
[1;38;2;49;54;149m    [INFO][0m - [38;2;116;173;209mfitting.py:bspline_profile:1158[0m -     ngood = 132087/132087 measurements
[1;38;2;49;54;149m    [INFO][0m - [38;2;116;173;209mfitting.py:bspline_profile:1159[0m - ***************** Iter     Chi^2    N Rej  R. Fac *****************
[1;38;2;49;54;149m    [INFO][0m - [38;2;116;173;209mfitting.py:bspline_profile:1163[0m -                   ----  --------  -------  ------                  
[1;38;2;49;54;149m    [INFO][0m - [38;2;116;173;209mfitting.py:bspline_profile:1257[0m -                      1     0.003        1    1.00                  
[1;38;2;49;54;149m    [INFO][0m - [38;2;116;173;209mfitting.py:bspline_profile:1257[0m -                      2     0.003        2    1.00                  
[1;38;2;49;54;149m    [INFO][0m - [38;2;116;173;209mfitting.py:bspline_profile:1257[0m -                      3     0.003        3    1.00                  
[1;38;2;49;54;149m    [INFO][0m - [38;2;116;173;209mfitting.py:bspline_profile:1257[0m -                      4     0.003        3    1.00                  
[1;38;2;49;54;149m    [INFO][0m - [38;2;116;173;209mfitting.py:bspline_profile:1272[0m -                   DONE     0.003        3    1.00                  
[1;38;2;49;54;149m    [INFO][0m - [38;2;116;173;209mfitting.py:bspline_profile:1275[0m - *******************************************************************
[1;38;2;49;54;149m    [INFO][0m - [38;2;116;173;209mflatfield.py:fit:1097[0m - Spatial fit of flatfield for 152993/152993  pixels in the slit.
[1;38;2;49;54;149m    [INFO][0m - [38;2;116;173;209mfitting.py:bspline_profile:1156[0m - B-spline fit:
[1;38;2;49;54;149m    [INFO][0m - [38;2;116;173;209mfitting.py:bspline_profile:1157[0m -     npoly = 1 profile basis functions
[1;38;2;49;54;149m    [INFO][0m - [38;2;116;173;209mfitting.py:bspline_profile:1158[0m -     ngood = 152993/152993 measurements
[1;38;2;49;54;149m    [INFO][0m - [38;2;116;173;209mfitting.py:bspline_profile:1159[0m - ***************** Iter     Chi^2    N Rej  R. Fac *****************
[1;38;2;49;54;149m    [INFO][0m - [38;2;116;173;209mfitting.py:bspline_profile:1163[0m -                   ----  --------  -------  ------                  
[1;38;2;49;54;149m    [INFO][0m - [38;2;116;173;209mfitting.py:bspline_profile:1257[0m -                      1     0.000        0    1.00                  
[1;38;2;49;54;149m    [INFO][0m - [38;2;116;173;209mfitting.py:bspline_profile:1272[0m -                   DONE     0.000        0    1.00                  
[1;38;2;49;54;149m    [INFO][0m - [38;2;116;173;209mfitting.py:bspline_profile:1275[0m - *******************************************************************
[1;38;2;253;174;97m [WARNING][0m - [38;2;116;173;209mflat.py:tweak_slit_edges_gradient:538[0m - Left slit edge shift of 0.8% exceeds the maximum allowed of 0.0%
The left edge will not be tweaked.
[1;38;2;253;174;97m [WARNING][0m - [38;2;116;173;209mflat.py:tweak_slit_edges_gradient:547[0m - Right slit edge shift of -104.9% exceeds the maximum allowed of 0.0%
The right edge will not be tweaked.
[1;38;2;49;54;149m    [INFO][0m - [38;2;116;173;209mfitting.py:bspline_profile:1156[0m - B-spline fit:
[1;38;2;49;54;149m    [INFO][0m - [38;2;116;173;209mfitting.py:bspline_profile:1157[0m -     npoly = 1 profile basis functions
[1;38;2;49;54;149m    [INFO][0m - [38;2;116;173;209mfitting.py:bspline_profile:1158[0m -     ngood = 152993/152993 measurements
[1;38;2;49;54;149m    [INFO][0m - [38;2;116;173;209mfitting.py:bspline_profile:1159[0m - ***************** Iter     Chi^2    N Rej  R. Fac *****************
[1;38;2;49;54;149m    [INFO][0m - [38;2;116;173;209mfitting.py:bspline_profile:1163[0m -                   ----  --------  -------  ------                  
[1;38;2;49;54;149m    [INFO][0m - [38;2;116;173;209mfitting.py:bspline_profile:1257[0m -                      1     0.000        0    1.00                  
[1;38;2;49;54;149m    [INFO][0m - [38;2;116;173;209mfitting.py:bspline_profile:1272[0m -                   DONE     0.000        0    1.00                  
[1;38;2;49;54;149m    [INFO][0m - [38;2;116;173;209mfitting.py:bspline_profile:1275[0m - *******************************************************************
[1;38;2;49;54;149m    [INFO][0m - [38;2;116;173;209mflatfield.py:spatial_fit_finecorr:1477[0m - Performing a fine correction to the spatial illumination (slit 1237)
[1;38;2;49;54;149m    [INFO][0m - [38;2;116;173;209mflatfield.py:spatillum_finecorr_qa:1966[0m - Generating QA for spatial illumination fine correction
[1;38;2;49;54;149m    [INFO][0m - [38;2;116;173;209mflatfield.py:spatillum_finecorr_qa:2047[0m - Saved QA:
/Users/kaiwenzhang/PycharmProjects/KCWI/KCWI_RED_channel_characterization/RH1 pypeit run/2023-11-07/pypeit_run/keck_kcrm_B/QA/PNGs/Spatillum_FineCorr_B_1_DET01_S1237_spatillum_finecorr.png
[1;38;2;49;54;149m    [INFO][0m - [38;2;116;173;209mflatfield.py:fit:1218[0m - Performing 2D illumination + scattered light flat field fit
[1;38;2;49;54;149m    [INFO][0m - [38;2;116;173;209mfitting.py:bspline_profile:1156[0m - B-spline fit:
[1;38;2;49;54;149m    [INFO][0m - [38;2;116;173;209mfitting.py:bspline_profile:1157[0m -     npoly = 7 profile basis functions
[1;38;2;49;54;149m    [INFO][0m - [38;2;116;173;209mfitting.py:bspline_profile:1158[0m -     ngood = 142673/144471 measurements
[1;38;2;49;54;149m    [INFO][0m - [38;2;116;173;209mfitting.py:bspline_profile:1159[0m - ***************** Iter     Chi^2    N Rej  R. Fac *****************
[1;38;2;49;54;149m    [INFO][0m - [38;2;116;173;209mfitting.py:bspline_profile:1163[0m -                   ----  --------  -------  ------                  
[1;38;2;49;54;149m    [INFO][0m - [38;2;116;173;209mfitting.py:bspline_profile:1257[0m -                      1     1.204     3405    1.00                  
[1;38;2;49;54;149m    [INFO][0m - [38;2;116;173;209mfitting.py:bspline_profile:1257[0m -                      2     0.511     3492    1.00                  
[1;38;2;49;54;149m    [INFO][0m - [38;2;116;173;209mfitting.py:bspline_profile:1257[0m -                      3     0.490     3523    1.00                  
[1;38;2;49;54;149m    [INFO][0m - [38;2;116;173;209mfitting.py:bspline_profile:1257[0m -                      4     0.485     3539    1.00                  
[1;38;2;49;54;149m    [INFO][0m - [38;2;116;173;209mfitting.py:bspline_profile:1257[0m -                      5     0.483     3553    1.00                  
[1;38;2;49;54;149m    [INFO][0m - [38;2;116;173;209mfitting.py:bspline_profile:1257[0m -                      6     0.481     3564    1.00                  
[1;38;2;49;54;149m    [INFO][0m - [38;2;116;173;209mfitting.py:bspline_profile:1257[0m -                      7     0.479     3571    1.00                  
[1;38;2;49;54;149m    [INFO][0m - [38;2;116;173;209mfitting.py:bspline_profile:1257[0m -                      8     0.478     3574    1.00                  
[1;38;2;49;54;149m    [INFO][0m - [38;2;116;173;209mfitting.py:bspline_profile:1257[0m -                      9     0.478     3578    1.00                  
[1;38;2;49;54;149m    [INFO][0m - [38;2;116;173;209mfitting.py:bspline_profile:1257[0m -                     10     0.477     3581    1.00                  
[1;38;2;49;54;149m    [INFO][0m - [38;2;116;173;209mfitting.py:bspline_profile:1257[0m -                     11     0.477     3584    1.00                  
[1;38;2;49;54;149m    [INFO][0m - [38;2;116;173;209mfitting.py:bspline_profile:1257[0m -                     12     0.477     3587    1.00                  
[1;38;2;49;54;149m    [INFO][0m - [38;2;116;173;209mfitting.py:bspline_profile:1257[0m -                     13     0.476     3589    1.00                  
[1;38;2;49;54;149m    [INFO][0m - [38;2;116;173;209mfitting.py:bspline_profile:1257[0m -                     14     0.476     3590    1.00                  
[1;38;2;49;54;149m    [INFO][0m - [38;2;116;173;209mfitting.py:bspline_profile:1257[0m -                     15     0.476     3591    1.00                  
[1;38;2;49;54;149m    [INFO][0m - [38;2;116;173;209mfitting.py:bspline_profile:1257[0m -                     16     0.476     3592    1.00                  
[1;38;2;49;54;149m    [INFO][0m - [38;2;116;173;209mfitting.py:bspline_profile:1257[0m -                     17     0.476     3592    1.00                  
[1;38;2;49;54;149m    [INFO][0m - [38;2;116;173;209mfitting.py:bspline_profile:1272[0m -                   DONE     0.476     3592    1.00                  
[1;38;2;49;54;149m    [INFO][0m - [38;2;116;173;209mfitting.py:bspline_profile:1275[0m - *******************************************************************
[1;38;2;49;54;149m    [INFO][0m - [38;2;116;173;209mflatfield.py:fit:924[0m - Modeling the flat-field response for slit spat_id=1311: 15/24
[1;38;2;49;54;149m    [INFO][0m - [38;2;116;173;209mflatfield.py:fit:1008[0m - Spectral fit of flatfield for 132061/144445  pixels in the slit.
[1;38;2;49;54;149m    [INFO][0m - [38;2;116;173;209mfitting.py:bspline_profile:1156[0m - B-spline fit:
[1;38;2;49;54;149m    [INFO][0m - [38;2;116;173;209mfitting.py:bspline_profile:1157[0m -     npoly = 1 profile basis functions
[1;38;2;49;54;149m    [INFO][0m - [38;2;116;173;209mfitting.py:bspline_profile:1158[0m -     ngood = 132061/132061 measurements
[1;38;2;49;54;149m    [INFO][0m - [38;2;116;173;209mfitting.py:bspline_profile:1159[0m - ***************** Iter     Chi^2    N Rej  R. Fac *****************
[1;38;2;49;54;149m    [INFO][0m - [38;2;116;173;209mfitting.py:bspline_profile:1163[0m -                   ----  --------  -------  ------                  
[1;38;2;49;54;149m    [INFO][0m - [38;2;116;173;209mfitting.py:bspline_profile:1257[0m -                      1     0.004        3    1.00                  
[1;38;2;49;54;149m    [INFO][0m - [38;2;116;173;209mfitting.py:bspline_profile:1257[0m -                      2     0.004        3    1.00                  
[1;38;2;49;54;149m    [INFO][0m - [38;2;116;173;209mfitting.py:bspline_profile:1272[0m -                   DONE     0.004        3    1.00                  
[1;38;2;49;54;149m    [INFO][0m - [38;2;116;173;209mfitting.py:bspline_profile:1275[0m - *******************************************************************
[1;38;2;49;54;149m    [INFO][0m - [38;2;116;173;209mflatfield.py:fit:1097[0m - Spatial fit of flatfield for 152283/152283  pixels in the slit.
[1;38;2;49;54;149m    [INFO][0m - [38;2;116;173;209mfitting.py:bspline_profile:1156[0m - B-spline fit:
[1;38;2;49;54;149m    [INFO][0m - [38;2;116;173;209mfitting.py:bspline_profile:1157[0m -     npoly = 1 profile basis functions
[1;38;2;49;54;149m    [INFO][0m - [38;2;116;173;209mfitting.py:bspline_profile:1158[0m -     ngood = 152283/152283 measurements
[1;38;2;49;54;149m    [INFO][0m - [38;2;116;173;209mfitting.py:bspline_profile:1159[0m - ***************** Iter     Chi^2    N Rej  R. Fac *****************
[1;38;2;49;54;149m    [INFO][0m - [38;2;116;173;209mfitting.py:bspline_profile:1163[0m -                   ----  --------  -------  ------                  
[1;38;2;49;54;149m    [INFO][0m - [38;2;116;173;209mfitting.py:bspline_profile:1257[0m -                      1     0.000        0    1.00                  
[1;38;2;49;54;149m    [INFO][0m - [38;2;116;173;209mfitting.py:bspline_profile:1272[0m -                   DONE     0.000        0    1.00                  
[1;38;2;49;54;149m    [INFO][0m - [38;2;116;173;209mfitting.py:bspline_profile:1275[0m - *******************************************************************
[1;38;2;253;174;97m [WARNING][0m - [38;2;116;173;209mflat.py:tweak_slit_edges_gradient:538[0m - Left slit edge shift of 0.6% exceeds the maximum allowed of 0.0%
The left edge will not be tweaked.
[1;38;2;253;174;97m [WARNING][0m - [38;2;116;173;209mflat.py:tweak_slit_edges_gradient:547[0m - Right slit edge shift of -105.6% exceeds the maximum allowed of 0.0%
The right edge will not be tweaked.
[1;38;2;49;54;149m    [INFO][0m - [38;2;116;173;209mfitting.py:bspline_profile:1156[0m - B-spline fit:
[1;38;2;49;54;149m    [INFO][0m - [38;2;116;173;209mfitting.py:bspline_profile:1157[0m -     npoly = 1 profile basis functions
[1;38;2;49;54;149m    [INFO][0m - [38;2;116;173;209mfitting.py:bspline_profile:1158[0m -     ngood = 152283/152283 measurements
[1;38;2;49;54;149m    [INFO][0m - [38;2;116;173;209mfitting.py:bspline_profile:1159[0m - ***************** Iter     Chi^2    N Rej  R. Fac *****************
[1;38;2;49;54;149m    [INFO][0m - [38;2;116;173;209mfitting.py:bspline_profile:1163[0m -                   ----  --------  -------  ------                  
[1;38;2;49;54;149m    [INFO][0m - [38;2;116;173;209mfitting.py:bspline_profile:1257[0m -                      1     0.000        0    1.00                  
[1;38;2;49;54;149m    [INFO][0m - [38;2;116;173;209mfitting.py:bspline_profile:1272[0m -                   DONE     0.000        0    1.00                  
[1;38;2;49;54;149m    [INFO][0m - [38;2;116;173;209mfitting.py:bspline_profile:1275[0m - *******************************************************************
[1;38;2;49;54;149m    [INFO][0m - [38;2;116;173;209mflatfield.py:spatial_fit_finecorr:1477[0m - Performing a fine correction to the spatial illumination (slit 1311)
[1;38;2;49;54;149m    [INFO][0m - [38;2;116;173;209mflatfield.py:spatillum_finecorr_qa:1966[0m - Generating QA for spatial illumination fine correction
[1;38;2;49;54;149m    [INFO][0m - [38;2;116;173;209mflatfield.py:spatillum_finecorr_qa:2047[0m - Saved QA:
/Users/kaiwenzhang/PycharmProjects/KCWI/KCWI_RED_channel_characterization/RH1 pypeit run/2023-11-07/pypeit_run/keck_kcrm_B/QA/PNGs/Spatillum_FineCorr_B_1_DET01_S1311_spatillum_finecorr.png
[1;38;2;49;54;149m    [INFO][0m - [38;2;116;173;209mflatfield.py:fit:1218[0m - Performing 2D illumination + scattered light flat field fit
[1;38;2;49;54;149m    [INFO][0m - [38;2;116;173;209mfitting.py:bspline_profile:1156[0m - B-spline fit:
[1;38;2;49;54;149m    [INFO][0m - [38;2;116;173;209mfitting.py:bspline_profile:1157[0m -     npoly = 7 profile basis functions
[1;38;2;49;54;149m    [INFO][0m - [38;2;116;173;209mfitting.py:bspline_profile:1158[0m -     ngood = 141962/144445 measurements
[1;38;2;49;54;149m    [INFO][0m - [38;2;116;173;209mfitting.py:bspline_profile:1159[0m - ***************** Iter     Chi^2    N Rej  R. Fac *****************
[1;38;2;49;54;149m    [INFO][0m - [38;2;116;173;209mfitting.py:bspline_profile:1163[0m -                   ----  --------  -------  ------                  
[1;38;2;49;54;149m    [INFO][0m - [38;2;116;173;209mfitting.py:bspline_profile:1257[0m -                      1     0.743     3307    1.00                  
[1;38;2;49;54;149m    [INFO][0m - [38;2;116;173;209mfitting.py:bspline_profile:1257[0m -                      2     0.504     3480    1.00                  
[1;38;2;49;54;149m    [INFO][0m - [38;2;116;173;209mfitting.py:bspline_profile:1257[0m -                      3     0.460     3539    1.00                  
[1;38;2;49;54;149m    [INFO][0m - [38;2;116;173;209mfitting.py:bspline_profile:1257[0m -                      4     0.450     3574    1.00                  
[1;38;2;49;54;149m    [INFO][0m - [38;2;116;173;209mfitting.py:bspline_profile:1257[0m -                      5     0.445     3588    1.00                  
[1;38;2;49;54;149m    [INFO][0m - [38;2;116;173;209mfitting.py:bspline_profile:1257[0m -                      6     0.443     3592    1.00                  
[1;38;2;49;54;149m    [INFO][0m - [38;2;116;173;209mfitting.py:bspline_profile:1257[0m -                      7     0.443     3594    1.00                  
[1;38;2;49;54;149m    [INFO][0m - [38;2;116;173;209mfitting.py:bspline_profile:1257[0m -                      8     0.443     3598    1.00                  
[1;38;2;49;54;149m    [INFO][0m - [38;2;116;173;209mfitting.py:bspline_profile:1257[0m -                      9     0.442     3601    1.00                  
[1;38;2;49;54;149m    [INFO][0m - [38;2;116;173;209mfitting.py:bspline_profile:1257[0m -                     10     0.442     3603    1.00                  
[1;38;2;49;54;149m    [INFO][0m - [38;2;116;173;209mfitting.py:bspline_profile:1257[0m -                     11     0.441     3605    1.00                  
[1;38;2;49;54;149m    [INFO][0m - [38;2;116;173;209mfitting.py:bspline_profile:1257[0m -                     12     0.441     3608    1.00                  
[1;38;2;49;54;149m    [INFO][0m - [38;2;116;173;209mfitting.py:bspline_profile:1257[0m -                     13     0.441     3609    1.00                  
[1;38;2;49;54;149m    [INFO][0m - [38;2;116;173;209mfitting.py:bspline_profile:1257[0m -                     14     0.441     3610    1.00                  
[1;38;2;49;54;149m    [INFO][0m - [38;2;116;173;209mfitting.py:bspline_profile:1257[0m -                     15     0.441     3610    1.00                  
[1;38;2;49;54;149m    [INFO][0m - [38;2;116;173;209mfitting.py:bspline_profile:1272[0m -                   DONE     0.441     3610    1.00                  
[1;38;2;49;54;149m    [INFO][0m - [38;2;116;173;209mfitting.py:bspline_profile:1275[0m - *******************************************************************
[1;38;2;49;54;149m    [INFO][0m - [38;2;116;173;209mflatfield.py:fit:924[0m - Modeling the flat-field response for slit spat_id=1385: 16/24
[1;38;2;49;54;149m    [INFO][0m - [38;2;116;173;209mflatfield.py:fit:1008[0m - Spectral fit of flatfield for 132096/144480  pixels in the slit.
[1;38;2;49;54;149m    [INFO][0m - [38;2;116;173;209mfitting.py:bspline_profile:1156[0m - B-spline fit:
[1;38;2;49;54;149m    [INFO][0m - [38;2;116;173;209mfitting.py:bspline_profile:1157[0m -     npoly = 1 profile basis functions
[1;38;2;49;54;149m    [INFO][0m - [38;2;116;173;209mfitting.py:bspline_profile:1158[0m -     ngood = 132096/132096 measurements
[1;38;2;49;54;149m    [INFO][0m - [38;2;116;173;209mfitting.py:bspline_profile:1159[0m - ***************** Iter     Chi^2    N Rej  R. Fac *****************
[1;38;2;49;54;149m    [INFO][0m - [38;2;116;173;209mfitting.py:bspline_profile:1163[0m -                   ----  --------  -------  ------                  
[1;38;2;49;54;149m    [INFO][0m - [38;2;116;173;209mfitting.py:bspline_profile:1257[0m -                      1     0.003        5    1.00                  
[1;38;2;49;54;149m    [INFO][0m - [38;2;116;173;209mfitting.py:bspline_profile:1257[0m -                      2     0.003        5    1.00                  
[1;38;2;49;54;149m    [INFO][0m - [38;2;116;173;209mfitting.py:bspline_profile:1272[0m -                   DONE     0.003        5    1.00                  
[1;38;2;49;54;149m    [INFO][0m - [38;2;116;173;209mfitting.py:bspline_profile:1275[0m - *******************************************************************
[1;38;2;49;54;149m    [INFO][0m - [38;2;116;173;209mflatfield.py:fit:1097[0m - Spatial fit of flatfield for 152631/152631  pixels in the slit.
[1;38;2;49;54;149m    [INFO][0m - [38;2;116;173;209mfitting.py:bspline_profile:1156[0m - B-spline fit:
[1;38;2;49;54;149m    [INFO][0m - [38;2;116;173;209mfitting.py:bspline_profile:1157[0m -     npoly = 1 profile basis functions
[1;38;2;49;54;149m    [INFO][0m - [38;2;116;173;209mfitting.py:bspline_profile:1158[0m -     ngood = 152631/152631 measurements
[1;38;2;49;54;149m    [INFO][0m - [38;2;116;173;209mfitting.py:bspline_profile:1159[0m - ***************** Iter     Chi^2    N Rej  R. Fac *****************
[1;38;2;49;54;149m    [INFO][0m - [38;2;116;173;209mfitting.py:bspline_profile:1163[0m -                   ----  --------  -------  ------                  
[1;38;2;49;54;149m    [INFO][0m - [38;2;116;173;209mfitting.py:bspline_profile:1257[0m -                      1     0.000        0    1.00                  
[1;38;2;49;54;149m    [INFO][0m - [38;2;116;173;209mfitting.py:bspline_profile:1272[0m -                   DONE     0.000        0    1.00                  
[1;38;2;49;54;149m    [INFO][0m - [38;2;116;173;209mfitting.py:bspline_profile:1275[0m - *******************************************************************
[1;38;2;253;174;97m [WARNING][0m - [38;2;116;173;209mflat.py:tweak_slit_edges_gradient:538[0m - Left slit edge shift of 0.8% exceeds the maximum allowed of 0.0%
The left edge will not be tweaked.
[1;38;2;253;174;97m [WARNING][0m - [38;2;116;173;209mflat.py:tweak_slit_edges_gradient:547[0m - Right slit edge shift of -105.0% exceeds the maximum allowed of 0.0%
The right edge will not be tweaked.
[1;38;2;49;54;149m    [INFO][0m - [38;2;116;173;209mfitting.py:bspline_profile:1156[0m - B-spline fit:
[1;38;2;49;54;149m    [INFO][0m - [38;2;116;173;209mfitting.py:bspline_profile:1157[0m -     npoly = 1 profile basis functions
[1;38;2;49;54;149m    [INFO][0m - [38;2;116;173;209mfitting.py:bspline_profile:1158[0m -     ngood = 152631/152631 measurements
[1;38;2;49;54;149m    [INFO][0m - [38;2;116;173;209mfitting.py:bspline_profile:1159[0m - ***************** Iter     Chi^2    N Rej  R. Fac *****************
[1;38;2;49;54;149m    [INFO][0m - [38;2;116;173;209mfitting.py:bspline_profile:1163[0m -                   ----  --------  -------  ------                  
[1;38;2;49;54;149m    [INFO][0m - [38;2;116;173;209mfitting.py:bspline_profile:1257[0m -                      1     0.000        0    1.00                  
[1;38;2;49;54;149m    [INFO][0m - [38;2;116;173;209mfitting.py:bspline_profile:1272[0m -                   DONE     0.000        0    1.00                  
[1;38;2;49;54;149m    [INFO][0m - [38;2;116;173;209mfitting.py:bspline_profile:1275[0m - *******************************************************************
[1;38;2;49;54;149m    [INFO][0m - [38;2;116;173;209mflatfield.py:spatial_fit_finecorr:1477[0m - Performing a fine correction to the spatial illumination (slit 1385)
[1;38;2;253;174;97m [WARNING][0m - [38;2;116;173;209mfitting.py:robust_fit:456[0m - Maximum number of iterations maxiter=10 reached in robust_polyfit_djs
[1;38;2;49;54;149m    [INFO][0m - [38;2;116;173;209mflatfield.py:spatillum_finecorr_qa:1966[0m - Generating QA for spatial illumination fine correction
[1;38;2;49;54;149m    [INFO][0m - [38;2;116;173;209mflatfield.py:spatillum_finecorr_qa:2047[0m - Saved QA:
/Users/kaiwenzhang/PycharmProjects/KCWI/KCWI_RED_channel_characterization/RH1 pypeit run/2023-11-07/pypeit_run/keck_kcrm_B/QA/PNGs/Spatillum_FineCorr_B_1_DET01_S1385_spatillum_finecorr.png
[1;38;2;49;54;149m    [INFO][0m - [38;2;116;173;209mflatfield.py:fit:1218[0m - Performing 2D illumination + scattered light flat field fit
[1;38;2;49;54;149m    [INFO][0m - [38;2;116;173;209mfitting.py:bspline_profile:1156[0m - B-spline fit:
[1;38;2;49;54;149m    [INFO][0m - [38;2;116;173;209mfitting.py:bspline_profile:1157[0m -     npoly = 7 profile basis functions
[1;38;2;49;54;149m    [INFO][0m - [38;2;116;173;209mfitting.py:bspline_profile:1158[0m -     ngood = 142309/144480 measurements
[1;38;2;49;54;149m    [INFO][0m - [38;2;116;173;209mfitting.py:bspline_profile:1159[0m - ***************** Iter     Chi^2    N Rej  R. Fac *****************
[1;38;2;49;54;149m    [INFO][0m - [38;2;116;173;209mfitting.py:bspline_profile:1163[0m -                   ----  --------  -------  ------                  
[1;38;2;49;54;149m    [INFO][0m - [38;2;116;173;209mfitting.py:bspline_profile:1257[0m -                      1     0.914     3106    1.00                  
[1;38;2;49;54;149m    [INFO][0m - [38;2;116;173;209mfitting.py:bspline_profile:1257[0m -                      2     0.590     3295    1.00                  
[1;38;2;49;54;149m    [INFO][0m - [38;2;116;173;209mfitting.py:bspline_profile:1257[0m -                      3     0.556     3434    1.00                  
[1;38;2;49;54;149m    [INFO][0m - [38;2;116;173;209mfitting.py:bspline_profile:1257[0m -                      4     0.530     3524    1.00                  
[1;38;2;49;54;149m    [INFO][0m - [38;2;116;173;209mfitting.py:bspline_profile:1257[0m -                      5     0.514     3577    1.00                  
[1;38;2;49;54;149m    [INFO][0m - [38;2;116;173;209mfitting.py:bspline_profile:1257[0m -                      6     0.505     3618    1.00                  
[1;38;2;49;54;149m    [INFO][0m - [38;2;116;173;209mfitting.py:bspline_profile:1257[0m -                      7     0.499     3653    1.00                  
[1;38;2;49;54;149m    [INFO][0m - [38;2;116;173;209mfitting.py:bspline_profile:1257[0m -                      8     0.493     3671    1.00                  
[1;38;2;49;54;149m    [INFO][0m - [38;2;116;173;209mfitting.py:bspline_profile:1257[0m -                      9     0.490     3684    1.00                  
[1;38;2;49;54;149m    [INFO][0m - [38;2;116;173;209mfitting.py:bspline_profile:1257[0m -                     10     0.489     3698    1.00                  
[1;38;2;49;54;149m    [INFO][0m - [38;2;116;173;209mfitting.py:bspline_profile:1257[0m -                     11     0.487     3709    1.00                  
[1;38;2;49;54;149m    [INFO][0m - [38;2;116;173;209mfitting.py:bspline_profile:1257[0m -                     12     0.485     3724    1.00                  
[1;38;2;49;54;149m    [INFO][0m - [38;2;116;173;209mfitting.py:bspline_profile:1257[0m -                     13     0.483     3737    1.00                  
[1;38;2;49;54;149m    [INFO][0m - [38;2;116;173;209mfitting.py:bspline_profile:1257[0m -                     14     0.481     3746    1.00                  
[1;38;2;49;54;149m    [INFO][0m - [38;2;116;173;209mfitting.py:bspline_profile:1257[0m -                     15     0.480     3755    1.00                  
[1;38;2;49;54;149m    [INFO][0m - [38;2;116;173;209mfitting.py:bspline_profile:1257[0m -                     16     0.478     3765    1.00                  
[1;38;2;49;54;149m    [INFO][0m - [38;2;116;173;209mfitting.py:bspline_profile:1257[0m -                     17     0.477     3770    1.00                  
[1;38;2;49;54;149m    [INFO][0m - [38;2;116;173;209mfitting.py:bspline_profile:1257[0m -                     18     0.476     3771    1.00                  
[1;38;2;49;54;149m    [INFO][0m - [38;2;116;173;209mfitting.py:bspline_profile:1257[0m -                     19     0.476     3772    1.00                  
[1;38;2;49;54;149m    [INFO][0m - [38;2;116;173;209mfitting.py:bspline_profile:1257[0m -                     20     0.476     3775    1.00                  
[1;38;2;49;54;149m    [INFO][0m - [38;2;116;173;209mfitting.py:bspline_profile:1257[0m -                     21     0.476     3780    1.00                  
[1;38;2;49;54;149m    [INFO][0m - [38;2;116;173;209mfitting.py:bspline_profile:1257[0m -                     22     0.475     3783    1.00                  
[1;38;2;49;54;149m    [INFO][0m - [38;2;116;173;209mfitting.py:bspline_profile:1257[0m -                     23     0.475     3787    1.00                  
[1;38;2;49;54;149m    [INFO][0m - [38;2;116;173;209mfitting.py:bspline_profile:1257[0m -                     24     0.474     3789    1.00                  
[1;38;2;49;54;149m    [INFO][0m - [38;2;116;173;209mfitting.py:bspline_profile:1257[0m -                     25     0.474     3790    1.00                  
[1;38;2;49;54;149m    [INFO][0m - [38;2;116;173;209mfitting.py:bspline_profile:1257[0m -                     26     0.474     3790    1.00                  
[1;38;2;49;54;149m    [INFO][0m - [38;2;116;173;209mfitting.py:bspline_profile:1272[0m -                   DONE     0.474     3790    1.00                  
[1;38;2;49;54;149m    [INFO][0m - [38;2;116;173;209mfitting.py:bspline_profile:1275[0m - *******************************************************************
[1;38;2;49;54;149m    [INFO][0m - [38;2;116;173;209mflatfield.py:fit:924[0m - Modeling the flat-field response for slit spat_id=1458: 17/24
[1;38;2;49;54;149m    [INFO][0m - [38;2;116;173;209mflatfield.py:fit:1008[0m - Spectral fit of flatfield for 131597/143981  pixels in the slit.
[1;38;2;49;54;149m    [INFO][0m - [38;2;116;173;209mfitting.py:bspline_profile:1156[0m - B-spline fit:
[1;38;2;49;54;149m    [INFO][0m - [38;2;116;173;209mfitting.py:bspline_profile:1157[0m -     npoly = 1 profile basis functions
[1;38;2;49;54;149m    [INFO][0m - [38;2;116;173;209mfitting.py:bspline_profile:1158[0m -     ngood = 131597/131597 measurements
[1;38;2;49;54;149m    [INFO][0m - [38;2;116;173;209mfitting.py:bspline_profile:1159[0m - ***************** Iter     Chi^2    N Rej  R. Fac *****************
[1;38;2;49;54;149m    [INFO][0m - [38;2;116;173;209mfitting.py:bspline_profile:1163[0m -                   ----  --------  -------  ------                  
[1;38;2;49;54;149m    [INFO][0m - [38;2;116;173;209mfitting.py:bspline_profile:1257[0m -                      1     0.003        5    1.00                  
[1;38;2;49;54;149m    [INFO][0m - [38;2;116;173;209mfitting.py:bspline_profile:1257[0m -                      2     0.003        9    1.00                  
[1;38;2;49;54;149m    [INFO][0m - [38;2;116;173;209mfitting.py:bspline_profile:1257[0m -                      3     0.003       13    1.00                  
[1;38;2;49;54;149m    [INFO][0m - [38;2;116;173;209mfitting.py:bspline_profile:1257[0m -                      4     0.003       13    1.00                  
[1;38;2;49;54;149m    [INFO][0m - [38;2;116;173;209mfitting.py:bspline_profile:1272[0m -                   DONE     0.003       13    1.00                  
[1;38;2;49;54;149m    [INFO][0m - [38;2;116;173;209mfitting.py:bspline_profile:1275[0m - *******************************************************************
[1;38;2;49;54;149m    [INFO][0m - [38;2;116;173;209mflatfield.py:fit:1097[0m - Spatial fit of flatfield for 153164/153164  pixels in the slit.
[1;38;2;49;54;149m    [INFO][0m - [38;2;116;173;209mfitting.py:bspline_profile:1156[0m - B-spline fit:
[1;38;2;49;54;149m    [INFO][0m - [38;2;116;173;209mfitting.py:bspline_profile:1157[0m -     npoly = 1 profile basis functions
[1;38;2;49;54;149m    [INFO][0m - [38;2;116;173;209mfitting.py:bspline_profile:1158[0m -     ngood = 153164/153164 measurements
[1;38;2;49;54;149m    [INFO][0m - [38;2;116;173;209mfitting.py:bspline_profile:1159[0m - ***************** Iter     Chi^2    N Rej  R. Fac *****************
[1;38;2;49;54;149m    [INFO][0m - [38;2;116;173;209mfitting.py:bspline_profile:1163[0m -                   ----  --------  -------  ------                  
[1;38;2;49;54;149m    [INFO][0m - [38;2;116;173;209mfitting.py:bspline_profile:1257[0m -                      1     0.000        0    1.00                  
[1;38;2;49;54;149m    [INFO][0m - [38;2;116;173;209mfitting.py:bspline_profile:1272[0m -                   DONE     0.000        0    1.00                  
[1;38;2;49;54;149m    [INFO][0m - [38;2;116;173;209mfitting.py:bspline_profile:1275[0m - *******************************************************************
[1;38;2;253;174;97m [WARNING][0m - [38;2;116;173;209mflat.py:tweak_slit_edges_gradient:538[0m - Left slit edge shift of 0.8% exceeds the maximum allowed of 0.0%
The left edge will not be tweaked.
[1;38;2;253;174;97m [WARNING][0m - [38;2;116;173;209mflat.py:tweak_slit_edges_gradient:547[0m - Right slit edge shift of -105.7% exceeds the maximum allowed of 0.0%
The right edge will not be tweaked.
[1;38;2;49;54;149m    [INFO][0m - [38;2;116;173;209mfitting.py:bspline_profile:1156[0m - B-spline fit:
[1;38;2;49;54;149m    [INFO][0m - [38;2;116;173;209mfitting.py:bspline_profile:1157[0m -     npoly = 1 profile basis functions
[1;38;2;49;54;149m    [INFO][0m - [38;2;116;173;209mfitting.py:bspline_profile:1158[0m -     ngood = 153164/153164 measurements
[1;38;2;49;54;149m    [INFO][0m - [38;2;116;173;209mfitting.py:bspline_profile:1159[0m - ***************** Iter     Chi^2    N Rej  R. Fac *****************
[1;38;2;49;54;149m    [INFO][0m - [38;2;116;173;209mfitting.py:bspline_profile:1163[0m -                   ----  --------  -------  ------                  
[1;38;2;49;54;149m    [INFO][0m - [38;2;116;173;209mfitting.py:bspline_profile:1257[0m -                      1     0.000        0    1.00                  
[1;38;2;49;54;149m    [INFO][0m - [38;2;116;173;209mfitting.py:bspline_profile:1272[0m -                   DONE     0.000        0    1.00                  
[1;38;2;49;54;149m    [INFO][0m - [38;2;116;173;209mfitting.py:bspline_profile:1275[0m - *******************************************************************
[1;38;2;49;54;149m    [INFO][0m - [38;2;116;173;209mflatfield.py:spatial_fit_finecorr:1477[0m - Performing a fine correction to the spatial illumination (slit 1458)
[1;38;2;253;174;97m [WARNING][0m - [38;2;116;173;209mfitting.py:robust_fit:456[0m - Maximum number of iterations maxiter=10 reached in robust_polyfit_djs
[1;38;2;49;54;149m    [INFO][0m - [38;2;116;173;209mflatfield.py:spatillum_finecorr_qa:1966[0m - Generating QA for spatial illumination fine correction
[1;38;2;49;54;149m    [INFO][0m - [38;2;116;173;209mflatfield.py:spatillum_finecorr_qa:2047[0m - Saved QA:
/Users/kaiwenzhang/PycharmProjects/KCWI/KCWI_RED_channel_characterization/RH1 pypeit run/2023-11-07/pypeit_run/keck_kcrm_B/QA/PNGs/Spatillum_FineCorr_B_1_DET01_S1458_spatillum_finecorr.png
[1;38;2;49;54;149m    [INFO][0m - [38;2;116;173;209mflatfield.py:fit:1218[0m - Performing 2D illumination + scattered light flat field fit
[1;38;2;49;54;149m    [INFO][0m - [38;2;116;173;209mfitting.py:bspline_profile:1156[0m - B-spline fit:
[1;38;2;49;54;149m    [INFO][0m - [38;2;116;173;209mfitting.py:bspline_profile:1157[0m -     npoly = 7 profile basis functions
[1;38;2;49;54;149m    [INFO][0m - [38;2;116;173;209mfitting.py:bspline_profile:1158[0m -     ngood = 142642/143981 measurements
[1;38;2;49;54;149m    [INFO][0m - [38;2;116;173;209mfitting.py:bspline_profile:1159[0m - ***************** Iter     Chi^2    N Rej  R. Fac *****************
[1;38;2;49;54;149m    [INFO][0m - [38;2;116;173;209mfitting.py:bspline_profile:1163[0m -                   ----  --------  -------  ------                  
[1;38;2;49;54;149m    [INFO][0m - [38;2;116;173;209mfitting.py:bspline_profile:1257[0m -                      1     1.794     4491    1.00                  
[1;38;2;49;54;149m    [INFO][0m - [38;2;116;173;209mfitting.py:bspline_profile:1257[0m -                      2     0.523     4700    1.00                  
[1;38;2;49;54;149m    [INFO][0m - [38;2;116;173;209mfitting.py:bspline_profile:1257[0m -                      3     0.474     4791    1.00                  
[1;38;2;49;54;149m    [INFO][0m - [38;2;116;173;209mfitting.py:bspline_profile:1257[0m -                      4     0.456     4830    1.00                  
[1;38;2;49;54;149m    [INFO][0m - [38;2;116;173;209mfitting.py:bspline_profile:1257[0m -                      5     0.450     4860    1.00                  
[1;38;2;49;54;149m    [INFO][0m - [38;2;116;173;209mfitting.py:bspline_profile:1257[0m -                      6     0.446     4879    1.00                  
[1;38;2;49;54;149m    [INFO][0m - [38;2;116;173;209mfitting.py:bspline_profile:1257[0m -                      7     0.443     4894    1.00                  
[1;38;2;49;54;149m    [INFO][0m - [38;2;116;173;209mfitting.py:bspline_profile:1257[0m -                      8     0.441     4907    1.00                  
[1;38;2;49;54;149m    [INFO][0m - [38;2;116;173;209mfitting.py:bspline_profile:1257[0m -                      9     0.439     4918    1.00                  
[1;38;2;49;54;149m    [INFO][0m - [38;2;116;173;209mfitting.py:bspline_profile:1257[0m -                     10     0.438     4928    1.00                  
[1;38;2;49;54;149m    [INFO][0m - [38;2;116;173;209mfitting.py:bspline_profile:1257[0m -                     11     0.436     4932    1.00                  
[1;38;2;49;54;149m    [INFO][0m - [38;2;116;173;209mfitting.py:bspline_profile:1257[0m -                     12     0.436     4934    1.00                  
[1;38;2;49;54;149m    [INFO][0m - [38;2;116;173;209mfitting.py:bspline_profile:1257[0m -                     13     0.436     4935    1.00                  
[1;38;2;49;54;149m    [INFO][0m - [38;2;116;173;209mfitting.py:bspline_profile:1257[0m -                     14     0.436     4935    1.00                  
[1;38;2;49;54;149m    [INFO][0m - [38;2;116;173;209mfitting.py:bspline_profile:1272[0m -                   DONE     0.436     4935    1.00                  
[1;38;2;49;54;149m    [INFO][0m - [38;2;116;173;209mfitting.py:bspline_profile:1275[0m - *******************************************************************
[1;38;2;49;54;149m    [INFO][0m - [38;2;116;173;209mflatfield.py:fit:924[0m - Modeling the flat-field response for slit spat_id=1533: 18/24
[1;38;2;49;54;149m    [INFO][0m - [38;2;116;173;209mflatfield.py:fit:1008[0m - Spectral fit of flatfield for 131974/144358  pixels in the slit.
[1;38;2;49;54;149m    [INFO][0m - [38;2;116;173;209mfitting.py:bspline_profile:1156[0m - B-spline fit:
[1;38;2;49;54;149m    [INFO][0m - [38;2;116;173;209mfitting.py:bspline_profile:1157[0m -     npoly = 1 profile basis functions
[1;38;2;49;54;149m    [INFO][0m - [38;2;116;173;209mfitting.py:bspline_profile:1158[0m -     ngood = 131974/131974 measurements
[1;38;2;49;54;149m    [INFO][0m - [38;2;116;173;209mfitting.py:bspline_profile:1159[0m - ***************** Iter     Chi^2    N Rej  R. Fac *****************
[1;38;2;49;54;149m    [INFO][0m - [38;2;116;173;209mfitting.py:bspline_profile:1163[0m -                   ----  --------  -------  ------                  
[1;38;2;49;54;149m    [INFO][0m - [38;2;116;173;209mfitting.py:bspline_profile:1257[0m -                      1     0.003        8    1.00                  
[1;38;2;49;54;149m    [INFO][0m - [38;2;116;173;209mfitting.py:bspline_profile:1257[0m -                      2     0.003       10    1.00                  
[1;38;2;49;54;149m    [INFO][0m - [38;2;116;173;209mfitting.py:bspline_profile:1257[0m -                      3     0.003       11    1.00                  
[1;38;2;49;54;149m    [INFO][0m - [38;2;116;173;209mfitting.py:bspline_profile:1257[0m -                      4     0.003       11    1.00                  
[1;38;2;49;54;149m    [INFO][0m - [38;2;116;173;209mfitting.py:bspline_profile:1272[0m -                   DONE     0.003       11    1.00                  
[1;38;2;49;54;149m    [INFO][0m - [38;2;116;173;209mfitting.py:bspline_profile:1275[0m - *******************************************************************
[1;38;2;49;54;149m    [INFO][0m - [38;2;116;173;209mflatfield.py:fit:1097[0m - Spatial fit of flatfield for 152647/152647  pixels in the slit.
[1;38;2;49;54;149m    [INFO][0m - [38;2;116;173;209mfitting.py:bspline_profile:1156[0m - B-spline fit:
[1;38;2;49;54;149m    [INFO][0m - [38;2;116;173;209mfitting.py:bspline_profile:1157[0m -     npoly = 1 profile basis functions
[1;38;2;49;54;149m    [INFO][0m - [38;2;116;173;209mfitting.py:bspline_profile:1158[0m -     ngood = 152647/152647 measurements
[1;38;2;49;54;149m    [INFO][0m - [38;2;116;173;209mfitting.py:bspline_profile:1159[0m - ***************** Iter     Chi^2    N Rej  R. Fac *****************
[1;38;2;49;54;149m    [INFO][0m - [38;2;116;173;209mfitting.py:bspline_profile:1163[0m -                   ----  --------  -------  ------                  
[1;38;2;49;54;149m    [INFO][0m - [38;2;116;173;209mfitting.py:bspline_profile:1257[0m -                      1     0.000        0    1.00                  
[1;38;2;49;54;149m    [INFO][0m - [38;2;116;173;209mfitting.py:bspline_profile:1272[0m -                   DONE     0.000        0    1.00                  
[1;38;2;49;54;149m    [INFO][0m - [38;2;116;173;209mfitting.py:bspline_profile:1275[0m - *******************************************************************
[1;38;2;253;174;97m [WARNING][0m - [38;2;116;173;209mflat.py:tweak_slit_edges_gradient:538[0m - Left slit edge shift of 0.7% exceeds the maximum allowed of 0.0%
The left edge will not be tweaked.
[1;38;2;253;174;97m [WARNING][0m - [38;2;116;173;209mflat.py:tweak_slit_edges_gradient:547[0m - Right slit edge shift of -5.2% exceeds the maximum allowed of 0.0%
The right edge will not be tweaked.
[1;38;2;49;54;149m    [INFO][0m - [38;2;116;173;209mfitting.py:bspline_profile:1156[0m - B-spline fit:
[1;38;2;49;54;149m    [INFO][0m - [38;2;116;173;209mfitting.py:bspline_profile:1157[0m -     npoly = 1 profile basis functions
[1;38;2;49;54;149m    [INFO][0m - [38;2;116;173;209mfitting.py:bspline_profile:1158[0m -     ngood = 152647/152647 measurements
[1;38;2;49;54;149m    [INFO][0m - [38;2;116;173;209mfitting.py:bspline_profile:1159[0m - ***************** Iter     Chi^2    N Rej  R. Fac *****************
[1;38;2;49;54;149m    [INFO][0m - [38;2;116;173;209mfitting.py:bspline_profile:1163[0m -                   ----  --------  -------  ------                  
[1;38;2;49;54;149m    [INFO][0m - [38;2;116;173;209mfitting.py:bspline_profile:1257[0m -                      1     0.000        0    1.00                  
[1;38;2;49;54;149m    [INFO][0m - [38;2;116;173;209mfitting.py:bspline_profile:1272[0m -                   DONE     0.000        0    1.00                  
[1;38;2;49;54;149m    [INFO][0m - [38;2;116;173;209mfitting.py:bspline_profile:1275[0m - *******************************************************************
[1;38;2;49;54;149m    [INFO][0m - [38;2;116;173;209mflatfield.py:spatial_fit_finecorr:1477[0m - Performing a fine correction to the spatial illumination (slit 1533)
[1;38;2;49;54;149m    [INFO][0m - [38;2;116;173;209mflatfield.py:spatillum_finecorr_qa:1966[0m - Generating QA for spatial illumination fine correction
[1;38;2;49;54;149m    [INFO][0m - [38;2;116;173;209mflatfield.py:spatillum_finecorr_qa:2047[0m - Saved QA:
/Users/kaiwenzhang/PycharmProjects/KCWI/KCWI_RED_channel_characterization/RH1 pypeit run/2023-11-07/pypeit_run/keck_kcrm_B/QA/PNGs/Spatillum_FineCorr_B_1_DET01_S1533_spatillum_finecorr.png
[1;38;2;49;54;149m    [INFO][0m - [38;2;116;173;209mflatfield.py:fit:1218[0m - Performing 2D illumination + scattered light flat field fit
[1;38;2;49;54;149m    [INFO][0m - [38;2;116;173;209mfitting.py:bspline_profile:1156[0m - B-spline fit:
[1;38;2;49;54;149m    [INFO][0m - [38;2;116;173;209mfitting.py:bspline_profile:1157[0m -     npoly = 7 profile basis functions
[1;38;2;49;54;149m    [INFO][0m - [38;2;116;173;209mfitting.py:bspline_profile:1158[0m -     ngood = 142318/144358 measurements
[1;38;2;49;54;149m    [INFO][0m - [38;2;116;173;209mfitting.py:bspline_profile:1159[0m - ***************** Iter     Chi^2    N Rej  R. Fac *****************
[1;38;2;49;54;149m    [INFO][0m - [38;2;116;173;209mfitting.py:bspline_profile:1163[0m -                   ----  --------  -------  ------                  
[1;38;2;49;54;149m    [INFO][0m - [38;2;116;173;209mfitting.py:bspline_profile:1257[0m -                      1     0.870     3031    1.00                  
[1;38;2;49;54;149m    [INFO][0m - [38;2;116;173;209mfitting.py:bspline_profile:1257[0m -                      2     0.548     3153    1.00                  
[1;38;2;49;54;149m    [INFO][0m - [38;2;116;173;209mfitting.py:bspline_profile:1257[0m -                      3     0.521     3206    1.00                  
[1;38;2;49;54;149m    [INFO][0m - [38;2;116;173;209mfitting.py:bspline_profile:1257[0m -                      4     0.512     3234    1.00                  
[1;38;2;49;54;149m    [INFO][0m - [38;2;116;173;209mfitting.py:bspline_profile:1257[0m -                      5     0.508     3249    1.00                  
[1;38;2;49;54;149m    [INFO][0m - [38;2;116;173;209mfitting.py:bspline_profile:1257[0m -                      6     0.506     3258    1.00                  
[1;38;2;49;54;149m    [INFO][0m - [38;2;116;173;209mfitting.py:bspline_profile:1257[0m -                      7     0.505     3261    1.00                  
[1;38;2;49;54;149m    [INFO][0m - [38;2;116;173;209mfitting.py:bspline_profile:1257[0m -                      8     0.504     3266    1.00                  
[1;38;2;49;54;149m    [INFO][0m - [38;2;116;173;209mfitting.py:bspline_profile:1257[0m -                      9     0.504     3268    1.00                  
[1;38;2;49;54;149m    [INFO][0m - [38;2;116;173;209mfitting.py:bspline_profile:1257[0m -                     10     0.503     3272    1.00                  
[1;38;2;49;54;149m    [INFO][0m - [38;2;116;173;209mfitting.py:bspline_profile:1257[0m -                     11     0.503     3275    1.00                  
[1;38;2;49;54;149m    [INFO][0m - [38;2;116;173;209mfitting.py:bspline_profile:1257[0m -                     12     0.502     3275    1.00                  
[1;38;2;49;54;149m    [INFO][0m - [38;2;116;173;209mfitting.py:bspline_profile:1272[0m -                   DONE     0.502     3275    1.00                  
[1;38;2;49;54;149m    [INFO][0m - [38;2;116;173;209mfitting.py:bspline_profile:1275[0m - *******************************************************************
[1;38;2;49;54;149m    [INFO][0m - [38;2;116;173;209mflatfield.py:fit:924[0m - Modeling the flat-field response for slit spat_id=1606: 19/24
[1;38;2;49;54;149m    [INFO][0m - [38;2;116;173;209mflatfield.py:fit:1008[0m - Spectral fit of flatfield for 131930/144314  pixels in the slit.
[1;38;2;49;54;149m    [INFO][0m - [38;2;116;173;209mfitting.py:bspline_profile:1156[0m - B-spline fit:
[1;38;2;49;54;149m    [INFO][0m - [38;2;116;173;209mfitting.py:bspline_profile:1157[0m -     npoly = 1 profile basis functions
[1;38;2;49;54;149m    [INFO][0m - [38;2;116;173;209mfitting.py:bspline_profile:1158[0m -     ngood = 131930/131930 measurements
[1;38;2;49;54;149m    [INFO][0m - [38;2;116;173;209mfitting.py:bspline_profile:1159[0m - ***************** Iter     Chi^2    N Rej  R. Fac *****************
[1;38;2;49;54;149m    [INFO][0m - [38;2;116;173;209mfitting.py:bspline_profile:1163[0m -                   ----  --------  -------  ------                  
[1;38;2;49;54;149m    [INFO][0m - [38;2;116;173;209mfitting.py:bspline_profile:1257[0m -                      1     0.003       14    1.00                  
[1;38;2;49;54;149m    [INFO][0m - [38;2;116;173;209mfitting.py:bspline_profile:1257[0m -                      2     0.003       18    1.00                  
[1;38;2;49;54;149m    [INFO][0m - [38;2;116;173;209mfitting.py:bspline_profile:1257[0m -                      3     0.003       21    1.00                  
[1;38;2;49;54;149m    [INFO][0m - [38;2;116;173;209mfitting.py:bspline_profile:1257[0m -                      4     0.003       25    1.00                  
[1;38;2;49;54;149m    [INFO][0m - [38;2;116;173;209mfitting.py:bspline_profile:1257[0m -                      5     0.003       27    1.00                  
[1;38;2;49;54;149m    [INFO][0m - [38;2;116;173;209mfitting.py:bspline_profile:1257[0m -                      6     0.003       28    1.00                  
[1;38;2;49;54;149m    [INFO][0m - [38;2;116;173;209mfitting.py:bspline_profile:1257[0m -                      7     0.003       28    1.00                  
[1;38;2;49;54;149m    [INFO][0m - [38;2;116;173;209mfitting.py:bspline_profile:1272[0m -                   DONE     0.003       28    1.00                  
[1;38;2;49;54;149m    [INFO][0m - [38;2;116;173;209mfitting.py:bspline_profile:1275[0m - *******************************************************************
[1;38;2;49;54;149m    [INFO][0m - [38;2;116;173;209mflatfield.py:fit:1097[0m - Spatial fit of flatfield for 155579/155579  pixels in the slit.
[1;38;2;49;54;149m    [INFO][0m - [38;2;116;173;209mfitting.py:bspline_profile:1156[0m - B-spline fit:
[1;38;2;49;54;149m    [INFO][0m - [38;2;116;173;209mfitting.py:bspline_profile:1157[0m -     npoly = 1 profile basis functions
[1;38;2;49;54;149m    [INFO][0m - [38;2;116;173;209mfitting.py:bspline_profile:1158[0m -     ngood = 155579/155579 measurements
[1;38;2;49;54;149m    [INFO][0m - [38;2;116;173;209mfitting.py:bspline_profile:1159[0m - ***************** Iter     Chi^2    N Rej  R. Fac *****************
[1;38;2;49;54;149m    [INFO][0m - [38;2;116;173;209mfitting.py:bspline_profile:1163[0m -                   ----  --------  -------  ------                  
[1;38;2;49;54;149m    [INFO][0m - [38;2;116;173;209mfitting.py:bspline_profile:1257[0m -                      1     0.000        0    1.00                  
[1;38;2;49;54;149m    [INFO][0m - [38;2;116;173;209mfitting.py:bspline_profile:1272[0m -                   DONE     0.000        0    1.00                  
[1;38;2;49;54;149m    [INFO][0m - [38;2;116;173;209mfitting.py:bspline_profile:1275[0m - *******************************************************************
[1;38;2;253;174;97m [WARNING][0m - [38;2;116;173;209mflat.py:tweak_slit_edges_gradient:538[0m - Left slit edge shift of 0.7% exceeds the maximum allowed of 0.0%
The left edge will not be tweaked.
[1;38;2;253;174;97m [WARNING][0m - [38;2;116;173;209mflat.py:tweak_slit_edges_gradient:547[0m - Right slit edge shift of -1.6% exceeds the maximum allowed of 0.0%
The right edge will not be tweaked.
[1;38;2;49;54;149m    [INFO][0m - [38;2;116;173;209mfitting.py:bspline_profile:1156[0m - B-spline fit:
[1;38;2;49;54;149m    [INFO][0m - [38;2;116;173;209mfitting.py:bspline_profile:1157[0m -     npoly = 1 profile basis functions
[1;38;2;49;54;149m    [INFO][0m - [38;2;116;173;209mfitting.py:bspline_profile:1158[0m -     ngood = 155579/155579 measurements
[1;38;2;49;54;149m    [INFO][0m - [38;2;116;173;209mfitting.py:bspline_profile:1159[0m - ***************** Iter     Chi^2    N Rej  R. Fac *****************
[1;38;2;49;54;149m    [INFO][0m - [38;2;116;173;209mfitting.py:bspline_profile:1163[0m -                   ----  --------  -------  ------                  
[1;38;2;49;54;149m    [INFO][0m - [38;2;116;173;209mfitting.py:bspline_profile:1257[0m -                      1     0.000        0    1.00                  
[1;38;2;49;54;149m    [INFO][0m - [38;2;116;173;209mfitting.py:bspline_profile:1272[0m -                   DONE     0.000        0    1.00                  
[1;38;2;49;54;149m    [INFO][0m - [38;2;116;173;209mfitting.py:bspline_profile:1275[0m - *******************************************************************
[1;38;2;49;54;149m    [INFO][0m - [38;2;116;173;209mflatfield.py:spatial_fit_finecorr:1477[0m - Performing a fine correction to the spatial illumination (slit 1606)
[1;38;2;49;54;149m    [INFO][0m - [38;2;116;173;209mflatfield.py:spatillum_finecorr_qa:1966[0m - Generating QA for spatial illumination fine correction
[1;38;2;49;54;149m    [INFO][0m - [38;2;116;173;209mflatfield.py:spatillum_finecorr_qa:2047[0m - Saved QA:
/Users/kaiwenzhang/PycharmProjects/KCWI/KCWI_RED_channel_characterization/RH1 pypeit run/2023-11-07/pypeit_run/keck_kcrm_B/QA/PNGs/Spatillum_FineCorr_B_1_DET01_S1606_spatillum_finecorr.png
[1;38;2;49;54;149m    [INFO][0m - [38;2;116;173;209mflatfield.py:fit:1218[0m - Performing 2D illumination + scattered light flat field fit
[1;38;2;49;54;149m    [INFO][0m - [38;2;116;173;209mfitting.py:bspline_profile:1156[0m - B-spline fit:
[1;38;2;49;54;149m    [INFO][0m - [38;2;116;173;209mfitting.py:bspline_profile:1157[0m -     npoly = 7 profile basis functions
[1;38;2;49;54;149m    [INFO][0m - [38;2;116;173;209mfitting.py:bspline_profile:1158[0m -     ngood = 143003/144314 measurements
[1;38;2;49;54;149m    [INFO][0m - [38;2;116;173;209mfitting.py:bspline_profile:1159[0m - ***************** Iter     Chi^2    N Rej  R. Fac *****************
[1;38;2;49;54;149m    [INFO][0m - [38;2;116;173;209mfitting.py:bspline_profile:1163[0m -                   ----  --------  -------  ------                  
[1;38;2;49;54;149m    [INFO][0m - [38;2;116;173;209mfitting.py:bspline_profile:1257[0m -                      1     1.481     3181    1.00                  
[1;38;2;49;54;149m    [INFO][0m - [38;2;116;173;209mfitting.py:bspline_profile:1257[0m -                      2     0.494     3276    1.00                  
[1;38;2;49;54;149m    [INFO][0m - [38;2;116;173;209mfitting.py:bspline_profile:1257[0m -                      3     0.473     3339    1.00                  
[1;38;2;49;54;149m    [INFO][0m - [38;2;116;173;209mfitting.py:bspline_profile:1257[0m -                      4     0.463     3380    1.00                  
[1;38;2;49;54;149m    [INFO][0m - [38;2;116;173;209mfitting.py:bspline_profile:1257[0m -                      5     0.456     3404    1.00                  
[1;38;2;49;54;149m    [INFO][0m - [38;2;116;173;209mfitting.py:bspline_profile:1257[0m -                      6     0.453     3415    1.00                  
[1;38;2;49;54;149m    [INFO][0m - [38;2;116;173;209mfitting.py:bspline_profile:1257[0m -                      7     0.451     3423    1.00                  
[1;38;2;49;54;149m    [INFO][0m - [38;2;116;173;209mfitting.py:bspline_profile:1257[0m -                      8     0.450     3429    1.00                  
[1;38;2;49;54;149m    [INFO][0m - [38;2;116;173;209mfitting.py:bspline_profile:1257[0m -                      9     0.449     3431    1.00                  
[1;38;2;49;54;149m    [INFO][0m - [38;2;116;173;209mfitting.py:bspline_profile:1257[0m -                     10     0.449     3431    1.00                  
[1;38;2;49;54;149m    [INFO][0m - [38;2;116;173;209mfitting.py:bspline_profile:1272[0m -                   DONE     0.449     3431    1.00                  
[1;38;2;49;54;149m    [INFO][0m - [38;2;116;173;209mfitting.py:bspline_profile:1275[0m - *******************************************************************
[1;38;2;49;54;149m    [INFO][0m - [38;2;116;173;209mflatfield.py:fit:924[0m - Modeling the flat-field response for slit spat_id=1682: 20/24
[1;38;2;49;54;149m    [INFO][0m - [38;2;116;173;209mflatfield.py:fit:1008[0m - Spectral fit of flatfield for 131751/144135  pixels in the slit.
[1;38;2;49;54;149m    [INFO][0m - [38;2;116;173;209mfitting.py:bspline_profile:1156[0m - B-spline fit:
[1;38;2;49;54;149m    [INFO][0m - [38;2;116;173;209mfitting.py:bspline_profile:1157[0m -     npoly = 1 profile basis functions
[1;38;2;49;54;149m    [INFO][0m - [38;2;116;173;209mfitting.py:bspline_profile:1158[0m -     ngood = 131751/131751 measurements
[1;38;2;49;54;149m    [INFO][0m - [38;2;116;173;209mfitting.py:bspline_profile:1159[0m - ***************** Iter     Chi^2    N Rej  R. Fac *****************
[1;38;2;49;54;149m    [INFO][0m - [38;2;116;173;209mfitting.py:bspline_profile:1163[0m -                   ----  --------  -------  ------                  
[1;38;2;49;54;149m    [INFO][0m - [38;2;116;173;209mfitting.py:bspline_profile:1257[0m -                      1     0.003       16    1.00                  
[1;38;2;49;54;149m    [INFO][0m - [38;2;116;173;209mfitting.py:bspline_profile:1257[0m -                      2     0.003       20    1.00                  
[1;38;2;49;54;149m    [INFO][0m - [38;2;116;173;209mfitting.py:bspline_profile:1257[0m -                      3     0.003       21    1.00                  
[1;38;2;49;54;149m    [INFO][0m - [38;2;116;173;209mfitting.py:bspline_profile:1257[0m -                      4     0.003       24    1.00                  
[1;38;2;49;54;149m    [INFO][0m - [38;2;116;173;209mfitting.py:bspline_profile:1257[0m -                      5     0.003       25    1.00                  
[1;38;2;49;54;149m    [INFO][0m - [38;2;116;173;209mfitting.py:bspline_profile:1257[0m -                      6     0.003       25    1.00                  
[1;38;2;49;54;149m    [INFO][0m - [38;2;116;173;209mfitting.py:bspline_profile:1272[0m -                   DONE     0.003       25    1.00                  
[1;38;2;49;54;149m    [INFO][0m - [38;2;116;173;209mfitting.py:bspline_profile:1275[0m - *******************************************************************
[1;38;2;49;54;149m    [INFO][0m - [38;2;116;173;209mflatfield.py:fit:1097[0m - Spatial fit of flatfield for 155297/155297  pixels in the slit.
[1;38;2;49;54;149m    [INFO][0m - [38;2;116;173;209mfitting.py:bspline_profile:1156[0m - B-spline fit:
[1;38;2;49;54;149m    [INFO][0m - [38;2;116;173;209mfitting.py:bspline_profile:1157[0m -     npoly = 1 profile basis functions
[1;38;2;49;54;149m    [INFO][0m - [38;2;116;173;209mfitting.py:bspline_profile:1158[0m -     ngood = 155297/155297 measurements
[1;38;2;49;54;149m    [INFO][0m - [38;2;116;173;209mfitting.py:bspline_profile:1159[0m - ***************** Iter     Chi^2    N Rej  R. Fac *****************
[1;38;2;49;54;149m    [INFO][0m - [38;2;116;173;209mfitting.py:bspline_profile:1163[0m -                   ----  --------  -------  ------                  
[1;38;2;49;54;149m    [INFO][0m - [38;2;116;173;209mfitting.py:bspline_profile:1257[0m -                      1     0.000        0    1.00                  
[1;38;2;49;54;149m    [INFO][0m - [38;2;116;173;209mfitting.py:bspline_profile:1272[0m -                   DONE     0.000        0    1.00                  
[1;38;2;49;54;149m    [INFO][0m - [38;2;116;173;209mfitting.py:bspline_profile:1275[0m - *******************************************************************
[1;38;2;253;174;97m [WARNING][0m - [38;2;116;173;209mflat.py:tweak_slit_edges_gradient:538[0m - Left slit edge shift of 0.5% exceeds the maximum allowed of 0.0%
The left edge will not be tweaked.
[1;38;2;253;174;97m [WARNING][0m - [38;2;116;173;209mflat.py:tweak_slit_edges_gradient:547[0m - Right slit edge shift of -1.8% exceeds the maximum allowed of 0.0%
The right edge will not be tweaked.
[1;38;2;49;54;149m    [INFO][0m - [38;2;116;173;209mfitting.py:bspline_profile:1156[0m - B-spline fit:
[1;38;2;49;54;149m    [INFO][0m - [38;2;116;173;209mfitting.py:bspline_profile:1157[0m -     npoly = 1 profile basis functions
[1;38;2;49;54;149m    [INFO][0m - [38;2;116;173;209mfitting.py:bspline_profile:1158[0m -     ngood = 155297/155297 measurements
[1;38;2;49;54;149m    [INFO][0m - [38;2;116;173;209mfitting.py:bspline_profile:1159[0m - ***************** Iter     Chi^2    N Rej  R. Fac *****************
[1;38;2;49;54;149m    [INFO][0m - [38;2;116;173;209mfitting.py:bspline_profile:1163[0m -                   ----  --------  -------  ------                  
[1;38;2;49;54;149m    [INFO][0m - [38;2;116;173;209mfitting.py:bspline_profile:1257[0m -                      1     0.000        0    1.00                  
[1;38;2;49;54;149m    [INFO][0m - [38;2;116;173;209mfitting.py:bspline_profile:1272[0m -                   DONE     0.000        0    1.00                  
[1;38;2;49;54;149m    [INFO][0m - [38;2;116;173;209mfitting.py:bspline_profile:1275[0m - *******************************************************************
[1;38;2;49;54;149m    [INFO][0m - [38;2;116;173;209mflatfield.py:spatial_fit_finecorr:1477[0m - Performing a fine correction to the spatial illumination (slit 1682)
[1;38;2;253;174;97m [WARNING][0m - [38;2;116;173;209mfitting.py:robust_fit:456[0m - Maximum number of iterations maxiter=10 reached in robust_polyfit_djs
[1;38;2;49;54;149m    [INFO][0m - [38;2;116;173;209mflatfield.py:spatillum_finecorr_qa:1966[0m - Generating QA for spatial illumination fine correction
[1;38;2;49;54;149m    [INFO][0m - [38;2;116;173;209mflatfield.py:spatillum_finecorr_qa:2047[0m - Saved QA:
/Users/kaiwenzhang/PycharmProjects/KCWI/KCWI_RED_channel_characterization/RH1 pypeit run/2023-11-07/pypeit_run/keck_kcrm_B/QA/PNGs/Spatillum_FineCorr_B_1_DET01_S1682_spatillum_finecorr.png
[1;38;2;49;54;149m    [INFO][0m - [38;2;116;173;209mflatfield.py:fit:1218[0m - Performing 2D illumination + scattered light flat field fit
[1;38;2;49;54;149m    [INFO][0m - [38;2;116;173;209mfitting.py:bspline_profile:1156[0m - B-spline fit:
[1;38;2;49;54;149m    [INFO][0m - [38;2;116;173;209mfitting.py:bspline_profile:1157[0m -     npoly = 7 profile basis functions
[1;38;2;49;54;149m    [INFO][0m - [38;2;116;173;209mfitting.py:bspline_profile:1158[0m -     ngood = 143293/144135 measurements
[1;38;2;49;54;149m    [INFO][0m - [38;2;116;173;209mfitting.py:bspline_profile:1159[0m - ***************** Iter     Chi^2    N Rej  R. Fac *****************
[1;38;2;49;54;149m    [INFO][0m - [38;2;116;173;209mfitting.py:bspline_profile:1163[0m -                   ----  --------  -------  ------                  
[1;38;2;49;54;149m    [INFO][0m - [38;2;116;173;209mfitting.py:bspline_profile:1257[0m -                      1     2.447     4228    1.00                  
[1;38;2;49;54;149m    [INFO][0m - [38;2;116;173;209mfitting.py:bspline_profile:1257[0m -                      2     0.542     4457    1.00                  
[1;38;2;49;54;149m    [INFO][0m - [38;2;116;173;209mfitting.py:bspline_profile:1257[0m -                      3     0.481     4574    1.00                  
[1;38;2;49;54;149m    [INFO][0m - [38;2;116;173;209mfitting.py:bspline_profile:1257[0m -                      4     0.458     4629    1.00                  
[1;38;2;49;54;149m    [INFO][0m - [38;2;116;173;209mfitting.py:bspline_profile:1257[0m -                      5     0.448     4657    1.00                  
[1;38;2;49;54;149m    [INFO][0m - [38;2;116;173;209mfitting.py:bspline_profile:1257[0m -                      6     0.444     4676    1.00                  
[1;38;2;49;54;149m    [INFO][0m - [38;2;116;173;209mfitting.py:bspline_profile:1257[0m -                      7     0.441     4684    1.00                  
[1;38;2;49;54;149m    [INFO][0m - [38;2;116;173;209mfitting.py:bspline_profile:1257[0m -                      8     0.440     4687    1.00                  
[1;38;2;49;54;149m    [INFO][0m - [38;2;116;173;209mfitting.py:bspline_profile:1257[0m -                      9     0.440     4690    1.00                  
[1;38;2;49;54;149m    [INFO][0m - [38;2;116;173;209mfitting.py:bspline_profile:1257[0m -                     10     0.439     4690    1.00                  
[1;38;2;49;54;149m    [INFO][0m - [38;2;116;173;209mfitting.py:bspline_profile:1272[0m -                   DONE     0.439     4690    1.00                  
[1;38;2;49;54;149m    [INFO][0m - [38;2;116;173;209mfitting.py:bspline_profile:1275[0m - *******************************************************************
[1;38;2;49;54;149m    [INFO][0m - [38;2;116;173;209mflatfield.py:fit:924[0m - Modeling the flat-field response for slit spat_id=1757: 21/24
[1;38;2;49;54;149m    [INFO][0m - [38;2;116;173;209mflatfield.py:fit:1008[0m - Spectral fit of flatfield for 131473/143857  pixels in the slit.
[1;38;2;49;54;149m    [INFO][0m - [38;2;116;173;209mfitting.py:bspline_profile:1156[0m - B-spline fit:
[1;38;2;49;54;149m    [INFO][0m - [38;2;116;173;209mfitting.py:bspline_profile:1157[0m -     npoly = 1 profile basis functions
[1;38;2;49;54;149m    [INFO][0m - [38;2;116;173;209mfitting.py:bspline_profile:1158[0m -     ngood = 131473/131473 measurements
[1;38;2;49;54;149m    [INFO][0m - [38;2;116;173;209mfitting.py:bspline_profile:1159[0m - ***************** Iter     Chi^2    N Rej  R. Fac *****************
[1;38;2;49;54;149m    [INFO][0m - [38;2;116;173;209mfitting.py:bspline_profile:1163[0m -                   ----  --------  -------  ------                  
[1;38;2;49;54;149m    [INFO][0m - [38;2;116;173;209mfitting.py:bspline_profile:1257[0m -                      1     0.004       24    1.00                  
[1;38;2;49;54;149m    [INFO][0m - [38;2;116;173;209mfitting.py:bspline_profile:1257[0m -                      2     0.004       31    1.00                  
[1;38;2;49;54;149m    [INFO][0m - [38;2;116;173;209mfitting.py:bspline_profile:1257[0m -                      3     0.004       34    1.00                  
[1;38;2;49;54;149m    [INFO][0m - [38;2;116;173;209mfitting.py:bspline_profile:1257[0m -                      4     0.004       36    1.00                  
[1;38;2;49;54;149m    [INFO][0m - [38;2;116;173;209mfitting.py:bspline_profile:1257[0m -                      5     0.004       38    1.00                  
[1;38;2;49;54;149m    [INFO][0m - [38;2;116;173;209mfitting.py:bspline_profile:1257[0m -                      6     0.004       38    1.00                  
[1;38;2;49;54;149m    [INFO][0m - [38;2;116;173;209mfitting.py:bspline_profile:1272[0m -                   DONE     0.004       38    1.00                  
[1;38;2;49;54;149m    [INFO][0m - [38;2;116;173;209mfitting.py:bspline_profile:1275[0m - *******************************************************************
[1;38;2;49;54;149m    [INFO][0m - [38;2;116;173;209mflatfield.py:fit:1097[0m - Spatial fit of flatfield for 162256/162256  pixels in the slit.
[1;38;2;49;54;149m    [INFO][0m - [38;2;116;173;209mfitting.py:bspline_profile:1156[0m - B-spline fit:
[1;38;2;49;54;149m    [INFO][0m - [38;2;116;173;209mfitting.py:bspline_profile:1157[0m -     npoly = 1 profile basis functions
[1;38;2;49;54;149m    [INFO][0m - [38;2;116;173;209mfitting.py:bspline_profile:1158[0m -     ngood = 162256/162256 measurements
[1;38;2;49;54;149m    [INFO][0m - [38;2;116;173;209mfitting.py:bspline_profile:1159[0m - ***************** Iter     Chi^2    N Rej  R. Fac *****************
[1;38;2;49;54;149m    [INFO][0m - [38;2;116;173;209mfitting.py:bspline_profile:1163[0m -                   ----  --------  -------  ------                  
[1;38;2;49;54;149m    [INFO][0m - [38;2;116;173;209mfitting.py:bspline_profile:1257[0m -                      1     0.000        0    1.00                  
[1;38;2;49;54;149m    [INFO][0m - [38;2;116;173;209mfitting.py:bspline_profile:1272[0m -                   DONE     0.000        0    1.00                  
[1;38;2;49;54;149m    [INFO][0m - [38;2;116;173;209mfitting.py:bspline_profile:1275[0m - *******************************************************************
[1;38;2;253;174;97m [WARNING][0m - [38;2;116;173;209mflat.py:tweak_slit_edges_gradient:538[0m - Left slit edge shift of 0.7% exceeds the maximum allowed of 0.0%
The left edge will not be tweaked.
[1;38;2;253;174;97m [WARNING][0m - [38;2;116;173;209mflat.py:tweak_slit_edges_gradient:547[0m - Right slit edge shift of -0.8% exceeds the maximum allowed of 0.0%
The right edge will not be tweaked.
[1;38;2;49;54;149m    [INFO][0m - [38;2;116;173;209mfitting.py:bspline_profile:1156[0m - B-spline fit:
[1;38;2;49;54;149m    [INFO][0m - [38;2;116;173;209mfitting.py:bspline_profile:1157[0m -     npoly = 1 profile basis functions
[1;38;2;49;54;149m    [INFO][0m - [38;2;116;173;209mfitting.py:bspline_profile:1158[0m -     ngood = 162256/162256 measurements
[1;38;2;49;54;149m    [INFO][0m - [38;2;116;173;209mfitting.py:bspline_profile:1159[0m - ***************** Iter     Chi^2    N Rej  R. Fac *****************
[1;38;2;49;54;149m    [INFO][0m - [38;2;116;173;209mfitting.py:bspline_profile:1163[0m -                   ----  --------  -------  ------                  
[1;38;2;49;54;149m    [INFO][0m - [38;2;116;173;209mfitting.py:bspline_profile:1257[0m -                      1     0.000        0    1.00                  
[1;38;2;49;54;149m    [INFO][0m - [38;2;116;173;209mfitting.py:bspline_profile:1272[0m -                   DONE     0.000        0    1.00                  
[1;38;2;49;54;149m    [INFO][0m - [38;2;116;173;209mfitting.py:bspline_profile:1275[0m - *******************************************************************
[1;38;2;49;54;149m    [INFO][0m - [38;2;116;173;209mflatfield.py:spatial_fit_finecorr:1477[0m - Performing a fine correction to the spatial illumination (slit 1757)
[1;38;2;49;54;149m    [INFO][0m - [38;2;116;173;209mflatfield.py:spatillum_finecorr_qa:1966[0m - Generating QA for spatial illumination fine correction
[1;38;2;49;54;149m    [INFO][0m - [38;2;116;173;209mflatfield.py:spatillum_finecorr_qa:2047[0m - Saved QA:
/Users/kaiwenzhang/PycharmProjects/KCWI/KCWI_RED_channel_characterization/RH1 pypeit run/2023-11-07/pypeit_run/keck_kcrm_B/QA/PNGs/Spatillum_FineCorr_B_1_DET01_S1757_spatillum_finecorr.png
[1;38;2;49;54;149m    [INFO][0m - [38;2;116;173;209mflatfield.py:fit:1218[0m - Performing 2D illumination + scattered light flat field fit
[1;38;2;49;54;149m    [INFO][0m - [38;2;116;173;209mfitting.py:bspline_profile:1156[0m - B-spline fit:
[1;38;2;49;54;149m    [INFO][0m - [38;2;116;173;209mfitting.py:bspline_profile:1157[0m -     npoly = 7 profile basis functions
[1;38;2;49;54;149m    [INFO][0m - [38;2;116;173;209mfitting.py:bspline_profile:1158[0m -     ngood = 143793/143857 measurements
[1;38;2;49;54;149m    [INFO][0m - [38;2;116;173;209mfitting.py:bspline_profile:1159[0m - ***************** Iter     Chi^2    N Rej  R. Fac *****************
[1;38;2;49;54;149m    [INFO][0m - [38;2;116;173;209mfitting.py:bspline_profile:1163[0m -                   ----  --------  -------  ------                  
[1;38;2;49;54;149m    [INFO][0m - [38;2;116;173;209mfitting.py:bspline_profile:1257[0m -                      1     1.797     3019    1.00                  
[1;38;2;49;54;149m    [INFO][0m - [38;2;116;173;209mfitting.py:bspline_profile:1257[0m -                      2     0.603     3325    1.00                  
[1;38;2;49;54;149m    [INFO][0m - [38;2;116;173;209mfitting.py:bspline_profile:1257[0m -                      3     0.532     3431    1.00                  
[1;38;2;49;54;149m    [INFO][0m - [38;2;116;173;209mfitting.py:bspline_profile:1257[0m -                      4     0.513     3484    1.00                  
[1;38;2;49;54;149m    [INFO][0m - [38;2;116;173;209mfitting.py:bspline_profile:1257[0m -                      5     0.505     3519    1.00                  
[1;38;2;49;54;149m    [INFO][0m - [38;2;116;173;209mfitting.py:bspline_profile:1257[0m -                      6     0.501     3544    1.00                  
[1;38;2;49;54;149m    [INFO][0m - [38;2;116;173;209mfitting.py:bspline_profile:1257[0m -                      7     0.497     3558    1.00                  
[1;38;2;49;54;149m    [INFO][0m - [38;2;116;173;209mfitting.py:bspline_profile:1257[0m -                      8     0.495     3571    1.00                  
[1;38;2;49;54;149m    [INFO][0m - [38;2;116;173;209mfitting.py:bspline_profile:1257[0m -                      9     0.494     3587    1.00                  
[1;38;2;49;54;149m    [INFO][0m - [38;2;116;173;209mfitting.py:bspline_profile:1257[0m -                     10     0.491     3600    1.00                  
[1;38;2;49;54;149m    [INFO][0m - [38;2;116;173;209mfitting.py:bspline_profile:1257[0m -                     11     0.490     3613    1.00                  
[1;38;2;49;54;149m    [INFO][0m - [38;2;116;173;209mfitting.py:bspline_profile:1257[0m -                     12     0.488     3619    1.00                  
[1;38;2;49;54;149m    [INFO][0m - [38;2;116;173;209mfitting.py:bspline_profile:1257[0m -                     13     0.487     3622    1.00                  
[1;38;2;49;54;149m    [INFO][0m - [38;2;116;173;209mfitting.py:bspline_profile:1257[0m -                     14     0.486     3626    1.00                  
[1;38;2;49;54;149m    [INFO][0m - [38;2;116;173;209mfitting.py:bspline_profile:1257[0m -                     15     0.486     3630    1.00                  
[1;38;2;49;54;149m    [INFO][0m - [38;2;116;173;209mfitting.py:bspline_profile:1257[0m -                     16     0.485     3633    1.00                  
[1;38;2;49;54;149m    [INFO][0m - [38;2;116;173;209mfitting.py:bspline_profile:1257[0m -                     17     0.485     3637    1.00                  
[1;38;2;49;54;149m    [INFO][0m - [38;2;116;173;209mfitting.py:bspline_profile:1257[0m -                     18     0.484     3639    1.00                  
[1;38;2;49;54;149m    [INFO][0m - [38;2;116;173;209mfitting.py:bspline_profile:1257[0m -                     19     0.484     3641    1.00                  
[1;38;2;49;54;149m    [INFO][0m - [38;2;116;173;209mfitting.py:bspline_profile:1257[0m -                     20     0.484     3641    1.00                  
[1;38;2;49;54;149m    [INFO][0m - [38;2;116;173;209mfitting.py:bspline_profile:1272[0m -                   DONE     0.484     3641    1.00                  
[1;38;2;49;54;149m    [INFO][0m - [38;2;116;173;209mfitting.py:bspline_profile:1275[0m - *******************************************************************
[1;38;2;49;54;149m    [INFO][0m - [38;2;116;173;209mflatfield.py:fit:924[0m - Modeling the flat-field response for slit spat_id=1836: 22/24
[1;38;2;49;54;149m    [INFO][0m - [38;2;116;173;209mflatfield.py:fit:1008[0m - Spectral fit of flatfield for 131757/144141  pixels in the slit.
[1;38;2;49;54;149m    [INFO][0m - [38;2;116;173;209mfitting.py:bspline_profile:1156[0m - B-spline fit:
[1;38;2;49;54;149m    [INFO][0m - [38;2;116;173;209mfitting.py:bspline_profile:1157[0m -     npoly = 1 profile basis functions
[1;38;2;49;54;149m    [INFO][0m - [38;2;116;173;209mfitting.py:bspline_profile:1158[0m -     ngood = 131757/131757 measurements
[1;38;2;49;54;149m    [INFO][0m - [38;2;116;173;209mfitting.py:bspline_profile:1159[0m - ***************** Iter     Chi^2    N Rej  R. Fac *****************
[1;38;2;49;54;149m    [INFO][0m - [38;2;116;173;209mfitting.py:bspline_profile:1163[0m -                   ----  --------  -------  ------                  
[1;38;2;49;54;149m    [INFO][0m - [38;2;116;173;209mfitting.py:bspline_profile:1257[0m -                      1     0.003       19    1.00                  
[1;38;2;49;54;149m    [INFO][0m - [38;2;116;173;209mfitting.py:bspline_profile:1257[0m -                      2     0.003       26    1.00                  
[1;38;2;49;54;149m    [INFO][0m - [38;2;116;173;209mfitting.py:bspline_profile:1257[0m -                      3     0.003       28    1.00                  
[1;38;2;49;54;149m    [INFO][0m - [38;2;116;173;209mfitting.py:bspline_profile:1257[0m -                      4     0.003       30    1.00                  
[1;38;2;49;54;149m    [INFO][0m - [38;2;116;173;209mfitting.py:bspline_profile:1257[0m -                      5     0.003       30    1.00                  
[1;38;2;49;54;149m    [INFO][0m - [38;2;116;173;209mfitting.py:bspline_profile:1272[0m -                   DONE     0.003       30    1.00                  
[1;38;2;49;54;149m    [INFO][0m - [38;2;116;173;209mfitting.py:bspline_profile:1275[0m - *******************************************************************
[1;38;2;49;54;149m    [INFO][0m - [38;2;116;173;209mflatfield.py:fit:1097[0m - Spatial fit of flatfield for 159092/159092  pixels in the slit.
[1;38;2;49;54;149m    [INFO][0m - [38;2;116;173;209mfitting.py:bspline_profile:1156[0m - B-spline fit:
[1;38;2;49;54;149m    [INFO][0m - [38;2;116;173;209mfitting.py:bspline_profile:1157[0m -     npoly = 1 profile basis functions
[1;38;2;49;54;149m    [INFO][0m - [38;2;116;173;209mfitting.py:bspline_profile:1158[0m -     ngood = 159092/159092 measurements
[1;38;2;49;54;149m    [INFO][0m - [38;2;116;173;209mfitting.py:bspline_profile:1159[0m - ***************** Iter     Chi^2    N Rej  R. Fac *****************
[1;38;2;49;54;149m    [INFO][0m - [38;2;116;173;209mfitting.py:bspline_profile:1163[0m -                   ----  --------  -------  ------                  
[1;38;2;49;54;149m    [INFO][0m - [38;2;116;173;209mfitting.py:bspline_profile:1257[0m -                      1     0.000        0    1.00                  
[1;38;2;49;54;149m    [INFO][0m - [38;2;116;173;209mfitting.py:bspline_profile:1272[0m -                   DONE     0.000        0    1.00                  
[1;38;2;49;54;149m    [INFO][0m - [38;2;116;173;209mfitting.py:bspline_profile:1275[0m - *******************************************************************
[1;38;2;253;174;97m [WARNING][0m - [38;2;116;173;209mflat.py:tweak_slit_edges_gradient:538[0m - Left slit edge shift of 0.7% exceeds the maximum allowed of 0.0%
The left edge will not be tweaked.
[1;38;2;253;174;97m [WARNING][0m - [38;2;116;173;209mflat.py:tweak_slit_edges_gradient:547[0m - Right slit edge shift of -0.6% exceeds the maximum allowed of 0.0%
The right edge will not be tweaked.
[1;38;2;49;54;149m    [INFO][0m - [38;2;116;173;209mfitting.py:bspline_profile:1156[0m - B-spline fit:
[1;38;2;49;54;149m    [INFO][0m - [38;2;116;173;209mfitting.py:bspline_profile:1157[0m -     npoly = 1 profile basis functions
[1;38;2;49;54;149m    [INFO][0m - [38;2;116;173;209mfitting.py:bspline_profile:1158[0m -     ngood = 159092/159092 measurements
[1;38;2;49;54;149m    [INFO][0m - [38;2;116;173;209mfitting.py:bspline_profile:1159[0m - ***************** Iter     Chi^2    N Rej  R. Fac *****************
[1;38;2;49;54;149m    [INFO][0m - [38;2;116;173;209mfitting.py:bspline_profile:1163[0m -                   ----  --------  -------  ------                  
[1;38;2;49;54;149m    [INFO][0m - [38;2;116;173;209mfitting.py:bspline_profile:1257[0m -                      1     0.000        0    1.00                  
[1;38;2;49;54;149m    [INFO][0m - [38;2;116;173;209mfitting.py:bspline_profile:1272[0m -                   DONE     0.000        0    1.00                  
[1;38;2;49;54;149m    [INFO][0m - [38;2;116;173;209mfitting.py:bspline_profile:1275[0m - *******************************************************************
[1;38;2;49;54;149m    [INFO][0m - [38;2;116;173;209mflatfield.py:spatial_fit_finecorr:1477[0m - Performing a fine correction to the spatial illumination (slit 1836)
[1;38;2;49;54;149m    [INFO][0m - [38;2;116;173;209mflatfield.py:spatillum_finecorr_qa:1966[0m - Generating QA for spatial illumination fine correction
[1;38;2;49;54;149m    [INFO][0m - [38;2;116;173;209mflatfield.py:spatillum_finecorr_qa:2047[0m - Saved QA:
/Users/kaiwenzhang/PycharmProjects/KCWI/KCWI_RED_channel_characterization/RH1 pypeit run/2023-11-07/pypeit_run/keck_kcrm_B/QA/PNGs/Spatillum_FineCorr_B_1_DET01_S1836_spatillum_finecorr.png
[1;38;2;49;54;149m    [INFO][0m - [38;2;116;173;209mflatfield.py:fit:1218[0m - Performing 2D illumination + scattered light flat field fit
[1;38;2;49;54;149m    [INFO][0m - [38;2;116;173;209mfitting.py:bspline_profile:1156[0m - B-spline fit:
[1;38;2;49;54;149m    [INFO][0m - [38;2;116;173;209mfitting.py:bspline_profile:1157[0m -     npoly = 7 profile basis functions
[1;38;2;49;54;149m    [INFO][0m - [38;2;116;173;209mfitting.py:bspline_profile:1158[0m -     ngood = 144093/144141 measurements
[1;38;2;49;54;149m    [INFO][0m - [38;2;116;173;209mfitting.py:bspline_profile:1159[0m - ***************** Iter     Chi^2    N Rej  R. Fac *****************
[1;38;2;49;54;149m    [INFO][0m - [38;2;116;173;209mfitting.py:bspline_profile:1163[0m -                   ----  --------  -------  ------                  
[1;38;2;49;54;149m    [INFO][0m - [38;2;116;173;209mfitting.py:bspline_profile:1257[0m -                      1     1.231     1868    1.00                  
[1;38;2;49;54;149m    [INFO][0m - [38;2;116;173;209mfitting.py:bspline_profile:1257[0m -                      2     0.617     2043    1.00                  
[1;38;2;49;54;149m    [INFO][0m - [38;2;116;173;209mfitting.py:bspline_profile:1257[0m -                      3     0.578     2132    1.00                  
[1;38;2;49;54;149m    [INFO][0m - [38;2;116;173;209mfitting.py:bspline_profile:1257[0m -                      4     0.563     2188    1.00                  
[1;38;2;49;54;149m    [INFO][0m - [38;2;116;173;209mfitting.py:bspline_profile:1257[0m -                      5     0.555     2226    1.00                  
[1;38;2;49;54;149m    [INFO][0m - [38;2;116;173;209mfitting.py:bspline_profile:1257[0m -                      6     0.549     2250    1.00                  
[1;38;2;49;54;149m    [INFO][0m - [38;2;116;173;209mfitting.py:bspline_profile:1257[0m -                      7     0.546     2259    1.00                  
[1;38;2;49;54;149m    [INFO][0m - [38;2;116;173;209mfitting.py:bspline_profile:1257[0m -                      8     0.545     2267    1.00                  
[1;38;2;49;54;149m    [INFO][0m - [38;2;116;173;209mfitting.py:bspline_profile:1257[0m -                      9     0.544     2272    1.00                  
[1;38;2;49;54;149m    [INFO][0m - [38;2;116;173;209mfitting.py:bspline_profile:1257[0m -                     10     0.544     2274    1.00                  
[1;38;2;49;54;149m    [INFO][0m - [38;2;116;173;209mfitting.py:bspline_profile:1257[0m -                     11     0.543     2275    1.00                  
[1;38;2;49;54;149m    [INFO][0m - [38;2;116;173;209mfitting.py:bspline_profile:1257[0m -                     12     0.543     2275    1.00                  
[1;38;2;49;54;149m    [INFO][0m - [38;2;116;173;209mfitting.py:bspline_profile:1272[0m -                   DONE     0.543     2275    1.00                  
[1;38;2;49;54;149m    [INFO][0m - [38;2;116;173;209mfitting.py:bspline_profile:1275[0m - *******************************************************************
[1;38;2;49;54;149m    [INFO][0m - [38;2;116;173;209mflatfield.py:fit:924[0m - Modeling the flat-field response for slit spat_id=1913: 23/24
[1;38;2;49;54;149m    [INFO][0m - [38;2;116;173;209mflatfield.py:fit:1008[0m - Spectral fit of flatfield for 131516/143900  pixels in the slit.
[1;38;2;49;54;149m    [INFO][0m - [38;2;116;173;209mfitting.py:bspline_profile:1156[0m - B-spline fit:
[1;38;2;49;54;149m    [INFO][0m - [38;2;116;173;209mfitting.py:bspline_profile:1157[0m -     npoly = 1 profile basis functions
[1;38;2;49;54;149m    [INFO][0m - [38;2;116;173;209mfitting.py:bspline_profile:1158[0m -     ngood = 131516/131516 measurements
[1;38;2;49;54;149m    [INFO][0m - [38;2;116;173;209mfitting.py:bspline_profile:1159[0m - ***************** Iter     Chi^2    N Rej  R. Fac *****************
[1;38;2;49;54;149m    [INFO][0m - [38;2;116;173;209mfitting.py:bspline_profile:1163[0m -                   ----  --------  -------  ------                  
[1;38;2;49;54;149m    [INFO][0m - [38;2;116;173;209mfitting.py:bspline_profile:1257[0m -                      1     0.003       29    1.00                  
[1;38;2;49;54;149m    [INFO][0m - [38;2;116;173;209mfitting.py:bspline_profile:1257[0m -                      2     0.003       34    1.00                  
[1;38;2;49;54;149m    [INFO][0m - [38;2;116;173;209mfitting.py:bspline_profile:1257[0m -                      3     0.003       36    1.00                  
[1;38;2;49;54;149m    [INFO][0m - [38;2;116;173;209mfitting.py:bspline_profile:1257[0m -                      4     0.003       38    1.00                  
[1;38;2;49;54;149m    [INFO][0m - [38;2;116;173;209mfitting.py:bspline_profile:1257[0m -                      5     0.003       40    1.00                  
[1;38;2;49;54;149m    [INFO][0m - [38;2;116;173;209mfitting.py:bspline_profile:1257[0m -                      6     0.003       41    1.00                  
[1;38;2;49;54;149m    [INFO][0m - [38;2;116;173;209mfitting.py:bspline_profile:1257[0m -                      7     0.003       42    1.00                  
[1;38;2;49;54;149m    [INFO][0m - [38;2;116;173;209mfitting.py:bspline_profile:1257[0m -                      8     0.003       42    1.00                  
[1;38;2;49;54;149m    [INFO][0m - [38;2;116;173;209mfitting.py:bspline_profile:1272[0m -                   DONE     0.003       42    1.00                  
[1;38;2;49;54;149m    [INFO][0m - [38;2;116;173;209mfitting.py:bspline_profile:1275[0m - *******************************************************************
[1;38;2;49;54;149m    [INFO][0m - [38;2;116;173;209mflatfield.py:fit:1097[0m - Spatial fit of flatfield for 164540/164540  pixels in the slit.
[1;38;2;49;54;149m    [INFO][0m - [38;2;116;173;209mfitting.py:bspline_profile:1156[0m - B-spline fit:
[1;38;2;49;54;149m    [INFO][0m - [38;2;116;173;209mfitting.py:bspline_profile:1157[0m -     npoly = 1 profile basis functions
[1;38;2;49;54;149m    [INFO][0m - [38;2;116;173;209mfitting.py:bspline_profile:1158[0m -     ngood = 164540/164540 measurements
[1;38;2;49;54;149m    [INFO][0m - [38;2;116;173;209mfitting.py:bspline_profile:1159[0m - ***************** Iter     Chi^2    N Rej  R. Fac *****************
[1;38;2;49;54;149m    [INFO][0m - [38;2;116;173;209mfitting.py:bspline_profile:1163[0m -                   ----  --------  -------  ------                  
[1;38;2;49;54;149m    [INFO][0m - [38;2;116;173;209mfitting.py:bspline_profile:1257[0m -                      1     0.000        0    1.00                  
[1;38;2;49;54;149m    [INFO][0m - [38;2;116;173;209mfitting.py:bspline_profile:1272[0m -                   DONE     0.000        0    1.00                  
[1;38;2;49;54;149m    [INFO][0m - [38;2;116;173;209mfitting.py:bspline_profile:1275[0m - *******************************************************************
[1;38;2;253;174;97m [WARNING][0m - [38;2;116;173;209mflat.py:tweak_slit_edges_gradient:538[0m - Left slit edge shift of 0.6% exceeds the maximum allowed of 0.0%
The left edge will not be tweaked.
[1;38;2;253;174;97m [WARNING][0m - [38;2;116;173;209mflat.py:tweak_slit_edges_gradient:547[0m - Right slit edge shift of -0.6% exceeds the maximum allowed of 0.0%
The right edge will not be tweaked.
[1;38;2;49;54;149m    [INFO][0m - [38;2;116;173;209mfitting.py:bspline_profile:1156[0m - B-spline fit:
[1;38;2;49;54;149m    [INFO][0m - [38;2;116;173;209mfitting.py:bspline_profile:1157[0m -     npoly = 1 profile basis functions
[1;38;2;49;54;149m    [INFO][0m - [38;2;116;173;209mfitting.py:bspline_profile:1158[0m -     ngood = 164540/164540 measurements
[1;38;2;49;54;149m    [INFO][0m - [38;2;116;173;209mfitting.py:bspline_profile:1159[0m - ***************** Iter     Chi^2    N Rej  R. Fac *****************
[1;38;2;49;54;149m    [INFO][0m - [38;2;116;173;209mfitting.py:bspline_profile:1163[0m -                   ----  --------  -------  ------                  
[1;38;2;49;54;149m    [INFO][0m - [38;2;116;173;209mfitting.py:bspline_profile:1257[0m -                      1     0.000        0    1.00                  
[1;38;2;49;54;149m    [INFO][0m - [38;2;116;173;209mfitting.py:bspline_profile:1272[0m -                   DONE     0.000        0    1.00                  
[1;38;2;49;54;149m    [INFO][0m - [38;2;116;173;209mfitting.py:bspline_profile:1275[0m - *******************************************************************
[1;38;2;49;54;149m    [INFO][0m - [38;2;116;173;209mflatfield.py:spatial_fit_finecorr:1477[0m - Performing a fine correction to the spatial illumination (slit 1913)
[1;38;2;49;54;149m    [INFO][0m - [38;2;116;173;209mflatfield.py:spatillum_finecorr_qa:1966[0m - Generating QA for spatial illumination fine correction
[1;38;2;49;54;149m    [INFO][0m - [38;2;116;173;209mflatfield.py:spatillum_finecorr_qa:2047[0m - Saved QA:
/Users/kaiwenzhang/PycharmProjects/KCWI/KCWI_RED_channel_characterization/RH1 pypeit run/2023-11-07/pypeit_run/keck_kcrm_B/QA/PNGs/Spatillum_FineCorr_B_1_DET01_S1913_spatillum_finecorr.png
[1;38;2;49;54;149m    [INFO][0m - [38;2;116;173;209mflatfield.py:fit:1218[0m - Performing 2D illumination + scattered light flat field fit
[1;38;2;49;54;149m    [INFO][0m - [38;2;116;173;209mfitting.py:bspline_profile:1156[0m - B-spline fit:
[1;38;2;49;54;149m    [INFO][0m - [38;2;116;173;209mfitting.py:bspline_profile:1157[0m -     npoly = 7 profile basis functions
[1;38;2;49;54;149m    [INFO][0m - [38;2;116;173;209mfitting.py:bspline_profile:1158[0m -     ngood = 143849/143900 measurements
[1;38;2;49;54;149m    [INFO][0m - [38;2;116;173;209mfitting.py:bspline_profile:1159[0m - ***************** Iter     Chi^2    N Rej  R. Fac *****************
[1;38;2;49;54;149m    [INFO][0m - [38;2;116;173;209mfitting.py:bspline_profile:1163[0m -                   ----  --------  -------  ------                  
[1;38;2;49;54;149m    [INFO][0m - [38;2;116;173;209mfitting.py:bspline_profile:1257[0m -                      1     1.167     1793    1.00                  
[1;38;2;49;54;149m    [INFO][0m - [38;2;116;173;209mfitting.py:bspline_profile:1257[0m -                      2     0.599     1996    1.00                  
[1;38;2;49;54;149m    [INFO][0m - [38;2;116;173;209mfitting.py:bspline_profile:1257[0m -                      3     0.559     2103    1.00                  
[1;38;2;49;54;149m    [INFO][0m - [38;2;116;173;209mfitting.py:bspline_profile:1257[0m -                      4     0.541     2160    1.00                  
[1;38;2;49;54;149m    [INFO][0m - [38;2;116;173;209mfitting.py:bspline_profile:1257[0m -                      5     0.532     2188    1.00                  
[1;38;2;49;54;149m    [INFO][0m - [38;2;116;173;209mfitting.py:bspline_profile:1257[0m -                      6     0.528     2201    1.00                  
[1;38;2;49;54;149m    [INFO][0m - [38;2;116;173;209mfitting.py:bspline_profile:1257[0m -                      7     0.526     2207    1.00                  
[1;38;2;49;54;149m    [INFO][0m - [38;2;116;173;209mfitting.py:bspline_profile:1257[0m -                      8     0.525     2211    1.00                  
[1;38;2;49;54;149m    [INFO][0m - [38;2;116;173;209mfitting.py:bspline_profile:1257[0m -                      9     0.525     2215    1.00                  
[1;38;2;49;54;149m    [INFO][0m - [38;2;116;173;209mfitting.py:bspline_profile:1257[0m -                     10     0.524     2216    1.00                  
[1;38;2;49;54;149m    [INFO][0m - [38;2;116;173;209mfitting.py:bspline_profile:1257[0m -                     11     0.524     2216    1.00                  
[1;38;2;49;54;149m    [INFO][0m - [38;2;116;173;209mfitting.py:bspline_profile:1272[0m -                   DONE     0.524     2216    1.00                  
[1;38;2;49;54;149m    [INFO][0m - [38;2;116;173;209mfitting.py:bspline_profile:1275[0m - *******************************************************************
[1;38;2;49;54;149m    [INFO][0m - [38;2;116;173;209mflatfield.py:fit:924[0m - Modeling the flat-field response for slit spat_id=1995: 24/24
[1;38;2;49;54;149m    [INFO][0m - [38;2;116;173;209mflatfield.py:fit:1008[0m - Spectral fit of flatfield for 130906/143290  pixels in the slit.
[1;38;2;49;54;149m    [INFO][0m - [38;2;116;173;209mfitting.py:bspline_profile:1156[0m - B-spline fit:
[1;38;2;49;54;149m    [INFO][0m - [38;2;116;173;209mfitting.py:bspline_profile:1157[0m -     npoly = 1 profile basis functions
[1;38;2;49;54;149m    [INFO][0m - [38;2;116;173;209mfitting.py:bspline_profile:1158[0m -     ngood = 130906/130906 measurements
[1;38;2;49;54;149m    [INFO][0m - [38;2;116;173;209mfitting.py:bspline_profile:1159[0m - ***************** Iter     Chi^2    N Rej  R. Fac *****************
[1;38;2;49;54;149m    [INFO][0m - [38;2;116;173;209mfitting.py:bspline_profile:1163[0m -                   ----  --------  -------  ------                  
[1;38;2;49;54;149m    [INFO][0m - [38;2;116;173;209mfitting.py:bspline_profile:1257[0m -                      1     0.004       33    1.00                  
[1;38;2;49;54;149m    [INFO][0m - [38;2;116;173;209mfitting.py:bspline_profile:1257[0m -                      2     0.004       38    1.00                  
[1;38;2;49;54;149m    [INFO][0m - [38;2;116;173;209mfitting.py:bspline_profile:1257[0m -                      3     0.004       39    1.00                  
[1;38;2;49;54;149m    [INFO][0m - [38;2;116;173;209mfitting.py:bspline_profile:1257[0m -                      4     0.004       40    1.00                  
[1;38;2;49;54;149m    [INFO][0m - [38;2;116;173;209mfitting.py:bspline_profile:1257[0m -                      5     0.004       42    1.00                  
[1;38;2;49;54;149m    [INFO][0m - [38;2;116;173;209mfitting.py:bspline_profile:1257[0m -                      6     0.004       44    1.00                  
[1;38;2;49;54;149m    [INFO][0m - [38;2;116;173;209mfitting.py:bspline_profile:1257[0m -                      7     0.004       46    1.00                  
[1;38;2;49;54;149m    [INFO][0m - [38;2;116;173;209mfitting.py:bspline_profile:1257[0m -                      8     0.004       47    1.00                  
[1;38;2;49;54;149m    [INFO][0m - [38;2;116;173;209mfitting.py:bspline_profile:1257[0m -                      9     0.004       47    1.00                  
[1;38;2;49;54;149m    [INFO][0m - [38;2;116;173;209mfitting.py:bspline_profile:1272[0m -                   DONE     0.004       47    1.00                  
[1;38;2;49;54;149m    [INFO][0m - [38;2;116;173;209mfitting.py:bspline_profile:1275[0m - *******************************************************************
[1;38;2;49;54;149m    [INFO][0m - [38;2;116;173;209mflatfield.py:fit:1097[0m - Spatial fit of flatfield for 163930/163930  pixels in the slit.
[1;38;2;49;54;149m    [INFO][0m - [38;2;116;173;209mfitting.py:bspline_profile:1156[0m - B-spline fit:
[1;38;2;49;54;149m    [INFO][0m - [38;2;116;173;209mfitting.py:bspline_profile:1157[0m -     npoly = 1 profile basis functions
[1;38;2;49;54;149m    [INFO][0m - [38;2;116;173;209mfitting.py:bspline_profile:1158[0m -     ngood = 163930/163930 measurements
[1;38;2;49;54;149m    [INFO][0m - [38;2;116;173;209mfitting.py:bspline_profile:1159[0m - ***************** Iter     Chi^2    N Rej  R. Fac *****************
[1;38;2;49;54;149m    [INFO][0m - [38;2;116;173;209mfitting.py:bspline_profile:1163[0m -                   ----  --------  -------  ------                  
[1;38;2;49;54;149m    [INFO][0m - [38;2;116;173;209mfitting.py:bspline_profile:1257[0m -                      1     0.000        0    1.00                  
[1;38;2;49;54;149m    [INFO][0m - [38;2;116;173;209mfitting.py:bspline_profile:1272[0m -                   DONE     0.000        0    1.00                  
[1;38;2;49;54;149m    [INFO][0m - [38;2;116;173;209mfitting.py:bspline_profile:1275[0m - *******************************************************************
[1;38;2;253;174;97m [WARNING][0m - [38;2;116;173;209mflat.py:tweak_slit_edges_gradient:538[0m - Left slit edge shift of 0.8% exceeds the maximum allowed of 0.0%
The left edge will not be tweaked.
[1;38;2;253;174;97m [WARNING][0m - [38;2;116;173;209mflat.py:tweak_slit_edges_gradient:547[0m - Right slit edge shift of -0.8% exceeds the maximum allowed of 0.0%
The right edge will not be tweaked.
[1;38;2;49;54;149m    [INFO][0m - [38;2;116;173;209mfitting.py:bspline_profile:1156[0m - B-spline fit:
[1;38;2;49;54;149m    [INFO][0m - [38;2;116;173;209mfitting.py:bspline_profile:1157[0m -     npoly = 1 profile basis functions
[1;38;2;49;54;149m    [INFO][0m - [38;2;116;173;209mfitting.py:bspline_profile:1158[0m -     ngood = 163930/163930 measurements
[1;38;2;49;54;149m    [INFO][0m - [38;2;116;173;209mfitting.py:bspline_profile:1159[0m - ***************** Iter     Chi^2    N Rej  R. Fac *****************
[1;38;2;49;54;149m    [INFO][0m - [38;2;116;173;209mfitting.py:bspline_profile:1163[0m -                   ----  --------  -------  ------                  
[1;38;2;49;54;149m    [INFO][0m - [38;2;116;173;209mfitting.py:bspline_profile:1257[0m -                      1     0.000        0    1.00                  
[1;38;2;49;54;149m    [INFO][0m - [38;2;116;173;209mfitting.py:bspline_profile:1272[0m -                   DONE     0.000        0    1.00                  
[1;38;2;49;54;149m    [INFO][0m - [38;2;116;173;209mfitting.py:bspline_profile:1275[0m - *******************************************************************
[1;38;2;49;54;149m    [INFO][0m - [38;2;116;173;209mflatfield.py:spatial_fit_finecorr:1477[0m - Performing a fine correction to the spatial illumination (slit 1995)
[1;38;2;253;174;97m [WARNING][0m - [38;2;116;173;209mfitting.py:robust_fit:456[0m - Maximum number of iterations maxiter=10 reached in robust_polyfit_djs
[1;38;2;49;54;149m    [INFO][0m - [38;2;116;173;209mflatfield.py:spatillum_finecorr_qa:1966[0m - Generating QA for spatial illumination fine correction
[1;38;2;49;54;149m    [INFO][0m - [38;2;116;173;209mflatfield.py:spatillum_finecorr_qa:2047[0m - Saved QA:
/Users/kaiwenzhang/PycharmProjects/KCWI/KCWI_RED_channel_characterization/RH1 pypeit run/2023-11-07/pypeit_run/keck_kcrm_B/QA/PNGs/Spatillum_FineCorr_B_1_DET01_S1995_spatillum_finecorr.png
[1;38;2;49;54;149m    [INFO][0m - [38;2;116;173;209mflatfield.py:fit:1218[0m - Performing 2D illumination + scattered light flat field fit
[1;38;2;49;54;149m    [INFO][0m - [38;2;116;173;209mfitting.py:bspline_profile:1156[0m - B-spline fit:
[1;38;2;49;54;149m    [INFO][0m - [38;2;116;173;209mfitting.py:bspline_profile:1157[0m -     npoly = 7 profile basis functions
[1;38;2;49;54;149m    [INFO][0m - [38;2;116;173;209mfitting.py:bspline_profile:1158[0m -     ngood = 143232/143290 measurements
[1;38;2;49;54;149m    [INFO][0m - [38;2;116;173;209mfitting.py:bspline_profile:1159[0m - ***************** Iter     Chi^2    N Rej  R. Fac *****************
[1;38;2;49;54;149m    [INFO][0m - [38;2;116;173;209mfitting.py:bspline_profile:1163[0m -                   ----  --------  -------  ------                  
[1;38;2;49;54;149m    [INFO][0m - [38;2;116;173;209mfitting.py:bspline_profile:1257[0m -                      1     1.493     2092    1.00                  
[1;38;2;49;54;149m    [INFO][0m - [38;2;116;173;209mfitting.py:bspline_profile:1257[0m -                      2     0.605     2265    1.00                  
[1;38;2;49;54;149m    [INFO][0m - [38;2;116;173;209mfitting.py:bspline_profile:1257[0m -                      3     0.574     2388    1.00                  
[1;38;2;49;54;149m    [INFO][0m - [38;2;116;173;209mfitting.py:bspline_profile:1257[0m -                      4     0.555     2486    1.00                  
[1;38;2;49;54;149m    [INFO][0m - [38;2;116;173;209mfitting.py:bspline_profile:1257[0m -                      5     0.538     2525    1.00                  
[1;38;2;49;54;149m    [INFO][0m - [38;2;116;173;209mfitting.py:bspline_profile:1257[0m -                      6     0.533     2551    1.00                  
[1;38;2;49;54;149m    [INFO][0m - [38;2;116;173;209mfitting.py:bspline_profile:1257[0m -                      7     0.529     2569    1.00                  
[1;38;2;49;54;149m    [INFO][0m - [38;2;116;173;209mfitting.py:bspline_profile:1257[0m -                      8     0.527     2579    1.00                  
[1;38;2;49;54;149m    [INFO][0m - [38;2;116;173;209mfitting.py:bspline_profile:1257[0m -                      9     0.525     2585    1.00                  
[1;38;2;49;54;149m    [INFO][0m - [38;2;116;173;209mfitting.py:bspline_profile:1257[0m -                     10     0.524     2590    1.00                  
[1;38;2;49;54;149m    [INFO][0m - [38;2;116;173;209mfitting.py:bspline_profile:1257[0m -                     11     0.524     2593    1.00                  
[1;38;2;49;54;149m    [INFO][0m - [38;2;116;173;209mfitting.py:bspline_profile:1257[0m -                     12     0.523     2594    1.00                  
[1;38;2;49;54;149m    [INFO][0m - [38;2;116;173;209mfitting.py:bspline_profile:1257[0m -                     13     0.523     2594    1.00                  
[1;38;2;49;54;149m    [INFO][0m - [38;2;116;173;209mfitting.py:bspline_profile:1272[0m -                   DONE     0.523     2594    1.00                  
[1;38;2;49;54;149m    [INFO][0m - [38;2;116;173;209mfitting.py:bspline_profile:1275[0m - *******************************************************************
[1;38;2;49;54;149m    [INFO][0m - [38;2;116;173;209mflatfield.py:spectral_illumination:1640[0m - Deriving spectral illumination profile
[1;38;2;49;54;149m    [INFO][0m - [38;2;116;173;209mflatfield.py:spectral_illumination:1645[0m - Performing a joint fit to the flat-field response
[1;38;2;49;54;149m    [INFO][0m - [38;2;116;173;209mflatfield.py:illum_profile_spectral:2202[0m - Performing relative spectral sensitivity correction (reference slit = 14)
[1;38;2;49;54;149m    [INFO][0m - [38;2;116;173;209mflatfield.py:illum_profile_spectral:2206[0m - Using 'smooth_weights' algorithm for relative spectral sensitivity
[1;38;2;49;54;149m    [INFO][0m - [38;2;116;173;209mflatfield.py:illum_profile_spectral:2300[0m - Iteration 1 :: Minimum/Maximum scales = 0.69138, 1.19579
[1;38;2;49;54;149m    [INFO][0m - [38;2;116;173;209mflatfield.py:illum_profile_spectral:2300[0m - Iteration 2 :: Minimum/Maximum scales = 0.99185, 1.00507
[1;38;2;49;54;149m    [INFO][0m - [38;2;116;173;209mflatfield.py:illum_profile_spectral:2300[0m - Iteration 3 :: Minimum/Maximum scales = 0.99382, 1.00184
[1;38;2;49;54;149m    [INFO][0m - [38;2;116;173;209mflatfield.py:illum_profile_spectral:2300[0m - Iteration 4 :: Minimum/Maximum scales = 0.99485, 1.00047
[1;38;2;49;54;149m    [INFO][0m - [38;2;116;173;209mflatfield.py:illum_profile_spectral:2300[0m - Iteration 5 :: Minimum/Maximum scales = 0.99524, 1.00028
[1;38;2;49;54;149m    [INFO][0m - [38;2;116;173;209mkeck_kcwi.py:get_rawimage:1426[0m - Reading KCWI file: /Users/kaiwenzhang/PycharmProjects/KCWI/KCWI_RED_channel_characterization/fits/by_night/RH1/2023-11-07/KR.20231108.11929.47.fits
[1;38;2;49;54;149m    [INFO][0m - [38;2;116;173;209mcalibrations.py:get_flats:942[0m - Creating slit-illumination flat calibration frame using files: 
[1;38;2;49;54;149m    [INFO][0m - [38;2;116;173;209mcalibrations.py:get_flats:944[0m -         KR.20231108.11929.47.fits
[1;38;2;49;54;149m    [INFO][0m - [38;2;116;173;209mcalibrations.py:get_flats:944[0m -         KR.20231108.12073.30.fits
[1;38;2;49;54;149m    [INFO][0m - [38;2;116;173;209mcalibrations.py:get_flats:944[0m -         KR.20231108.12217.12.fits
[1;38;2;49;54;149m    [INFO][0m - [38;2;116;173;209mkeck_kcwi.py:get_rawimage:1426[0m - Reading KCWI file: /Users/kaiwenzhang/PycharmProjects/KCWI/KCWI_RED_channel_characterization/fits/by_night/RH1/2023-11-07/KR.20231108.11929.47.fits
[1;38;2;49;54;149m    [INFO][0m - [38;2;116;173;209mrawimage.py:process:564[0m - Performing basic image processing on KR.20231108.11929.47.fits.
[1;38;2;49;54;149m    [INFO][0m - [38;2;116;173;209mrawimage.py:estimate_readnoise:359[0m - Estimated readnoise of amplifier 1 = 3.976 e-
[1;38;2;49;54;149m    [INFO][0m - [38;2;116;173;209mrawimage.py:estimate_readnoise:359[0m - Estimated readnoise of amplifier 2 = 3.958 e-
[1;38;2;49;54;149m    [INFO][0m - [38;2;116;173;209mkeck_kcwi.py:get_rawimage:1426[0m - Reading KCWI file: /Users/kaiwenzhang/PycharmProjects/KCWI/KCWI_RED_channel_characterization/fits/by_night/RH1/2023-11-07/KR.20231108.12073.30.fits
[1;38;2;49;54;149m    [INFO][0m - [38;2;116;173;209mrawimage.py:process:564[0m - Performing basic image processing on KR.20231108.12073.30.fits.
[1;38;2;49;54;149m    [INFO][0m - [38;2;116;173;209mrawimage.py:estimate_readnoise:359[0m - Estimated readnoise of amplifier 1 = 3.983 e-
[1;38;2;49;54;149m    [INFO][0m - [38;2;116;173;209mrawimage.py:estimate_readnoise:359[0m - Estimated readnoise of amplifier 2 = 3.943 e-
[1;38;2;49;54;149m    [INFO][0m - [38;2;116;173;209mkeck_kcwi.py:get_rawimage:1426[0m - Reading KCWI file: /Users/kaiwenzhang/PycharmProjects/KCWI/KCWI_RED_channel_characterization/fits/by_night/RH1/2023-11-07/KR.20231108.12217.12.fits
[1;38;2;49;54;149m    [INFO][0m - [38;2;116;173;209mrawimage.py:process:564[0m - Performing basic image processing on KR.20231108.12217.12.fits.
[1;38;2;49;54;149m    [INFO][0m - [38;2;116;173;209mrawimage.py:estimate_readnoise:359[0m - Estimated readnoise of amplifier 1 = 3.989 e-
[1;38;2;49;54;149m    [INFO][0m - [38;2;116;173;209mrawimage.py:estimate_readnoise:359[0m - Estimated readnoise of amplifier 2 = 3.960 e-
[1;38;2;49;54;149m    [INFO][0m - [38;2;116;173;209mflatfield.py:build_waveimg:704[0m - Generating wavelength image
[1;38;2;49;54;149m    [INFO][0m - [38;2;116;173;209mwavetilts.py:fit2tiltimg:143[0m - Generating a tilts image from the fit parameters
[1;38;2;49;54;149m    [INFO][0m - [38;2;116;173;209mflatfield.py:fit:924[0m - Modeling the flat-field response for slit spat_id=60: 1/24
[1;38;2;49;54;149m    [INFO][0m - [38;2;116;173;209mflatfield.py:fit:1008[0m - Spectral fit of flatfield for 131488/143872  pixels in the slit.
[1;38;2;49;54;149m    [INFO][0m - [38;2;116;173;209mfitting.py:bspline_profile:1156[0m - B-spline fit:
[1;38;2;49;54;149m    [INFO][0m - [38;2;116;173;209mfitting.py:bspline_profile:1157[0m -     npoly = 1 profile basis functions
[1;38;2;49;54;149m    [INFO][0m - [38;2;116;173;209mfitting.py:bspline_profile:1158[0m -     ngood = 131488/131488 measurements
[1;38;2;49;54;149m    [INFO][0m - [38;2;116;173;209mfitting.py:bspline_profile:1159[0m - ***************** Iter     Chi^2    N Rej  R. Fac *****************
[1;38;2;49;54;149m    [INFO][0m - [38;2;116;173;209mfitting.py:bspline_profile:1163[0m -                   ----  --------  -------  ------                  
[1;38;2;49;54;149m    [INFO][0m - [38;2;116;173;209mfitting.py:bspline_profile:1257[0m -                      1     0.001        0    1.00                  
[1;38;2;49;54;149m    [INFO][0m - [38;2;116;173;209mfitting.py:bspline_profile:1272[0m -                   DONE     0.001        0    1.00                  
[1;38;2;49;54;149m    [INFO][0m - [38;2;116;173;209mfitting.py:bspline_profile:1275[0m - *******************************************************************
[1;38;2;49;54;149m    [INFO][0m - [38;2;116;173;209mflatfield.py:fit:1097[0m - Spatial fit of flatfield for 164512/164512  pixels in the slit.
[1;38;2;49;54;149m    [INFO][0m - [38;2;116;173;209mfitting.py:bspline_profile:1156[0m - B-spline fit:
[1;38;2;49;54;149m    [INFO][0m - [38;2;116;173;209mfitting.py:bspline_profile:1157[0m -     npoly = 1 profile basis functions
[1;38;2;49;54;149m    [INFO][0m - [38;2;116;173;209mfitting.py:bspline_profile:1158[0m -     ngood = 164512/164512 measurements
[1;38;2;49;54;149m    [INFO][0m - [38;2;116;173;209mfitting.py:bspline_profile:1159[0m - ***************** Iter     Chi^2    N Rej  R. Fac *****************
[1;38;2;49;54;149m    [INFO][0m - [38;2;116;173;209mfitting.py:bspline_profile:1163[0m -                   ----  --------  -------  ------                  
[1;38;2;49;54;149m    [INFO][0m - [38;2;116;173;209mfitting.py:bspline_profile:1257[0m -                      1     0.000        0    1.00                  
[1;38;2;49;54;149m    [INFO][0m - [38;2;116;173;209mfitting.py:bspline_profile:1272[0m -                   DONE     0.000        0    1.00                  
[1;38;2;49;54;149m    [INFO][0m - [38;2;116;173;209mfitting.py:bspline_profile:1275[0m - *******************************************************************
[1;38;2;253;174;97m [WARNING][0m - [38;2;116;173;209mflat.py:tweak_slit_edges_gradient:538[0m - Left slit edge shift of 0.8% exceeds the maximum allowed of 0.0%
The left edge will not be tweaked.
[1;38;2;253;174;97m [WARNING][0m - [38;2;116;173;209mflat.py:tweak_slit_edges_gradient:547[0m - Right slit edge shift of -0.9% exceeds the maximum allowed of 0.0%
The right edge will not be tweaked.
[1;38;2;49;54;149m    [INFO][0m - [38;2;116;173;209mfitting.py:bspline_profile:1156[0m - B-spline fit:
[1;38;2;49;54;149m    [INFO][0m - [38;2;116;173;209mfitting.py:bspline_profile:1157[0m -     npoly = 1 profile basis functions
[1;38;2;49;54;149m    [INFO][0m - [38;2;116;173;209mfitting.py:bspline_profile:1158[0m -     ngood = 164512/164512 measurements
[1;38;2;49;54;149m    [INFO][0m - [38;2;116;173;209mfitting.py:bspline_profile:1159[0m - ***************** Iter     Chi^2    N Rej  R. Fac *****************
[1;38;2;49;54;149m    [INFO][0m - [38;2;116;173;209mfitting.py:bspline_profile:1163[0m -                   ----  --------  -------  ------                  
[1;38;2;49;54;149m    [INFO][0m - [38;2;116;173;209mfitting.py:bspline_profile:1257[0m -                      1     0.000        0    1.00                  
[1;38;2;49;54;149m    [INFO][0m - [38;2;116;173;209mfitting.py:bspline_profile:1272[0m -                   DONE     0.000        0    1.00                  
[1;38;2;49;54;149m    [INFO][0m - [38;2;116;173;209mfitting.py:bspline_profile:1275[0m - *******************************************************************
[1;38;2;49;54;149m    [INFO][0m - [38;2;116;173;209mflatfield.py:spatial_fit_finecorr:1477[0m - Performing a fine correction to the spatial illumination (slit 60)
[1;38;2;49;54;149m    [INFO][0m - [38;2;116;173;209mflatfield.py:spatillum_finecorr_qa:1966[0m - Generating QA for spatial illumination fine correction
[1;38;2;49;54;149m    [INFO][0m - [38;2;116;173;209mflatfield.py:spatillum_finecorr_qa:2047[0m - Saved QA:
/Users/kaiwenzhang/PycharmProjects/KCWI/KCWI_RED_channel_characterization/RH1 pypeit run/2023-11-07/pypeit_run/keck_kcrm_B/QA/PNGs/Spatillum_FineCorr_illumflat_B_1_DET01_S0060_spatillum_finecorr.png
[1;38;2;49;54;149m    [INFO][0m - [38;2;116;173;209mflatfield.py:fit:924[0m - Modeling the flat-field response for slit spat_id=140: 2/24
[1;38;2;49;54;149m    [INFO][0m - [38;2;116;173;209mflatfield.py:fit:1008[0m - Spectral fit of flatfield for 131859/144243  pixels in the slit.
[1;38;2;49;54;149m    [INFO][0m - [38;2;116;173;209mfitting.py:bspline_profile:1156[0m - B-spline fit:
[1;38;2;49;54;149m    [INFO][0m - [38;2;116;173;209mfitting.py:bspline_profile:1157[0m -     npoly = 1 profile basis functions
[1;38;2;49;54;149m    [INFO][0m - [38;2;116;173;209mfitting.py:bspline_profile:1158[0m -     ngood = 131859/131859 measurements
[1;38;2;49;54;149m    [INFO][0m - [38;2;116;173;209mfitting.py:bspline_profile:1159[0m - ***************** Iter     Chi^2    N Rej  R. Fac *****************
[1;38;2;49;54;149m    [INFO][0m - [38;2;116;173;209mfitting.py:bspline_profile:1163[0m -                   ----  --------  -------  ------                  
[1;38;2;49;54;149m    [INFO][0m - [38;2;116;173;209mfitting.py:bspline_profile:1257[0m -                      1     0.000        0    1.00                  
[1;38;2;49;54;149m    [INFO][0m - [38;2;116;173;209mfitting.py:bspline_profile:1272[0m -                   DONE     0.000        0    1.00                  
[1;38;2;49;54;149m    [INFO][0m - [38;2;116;173;209mfitting.py:bspline_profile:1275[0m - *******************************************************************
[1;38;2;49;54;149m    [INFO][0m - [38;2;116;173;209mflatfield.py:fit:1097[0m - Spatial fit of flatfield for 156410/156410  pixels in the slit.
[1;38;2;49;54;149m    [INFO][0m - [38;2;116;173;209mfitting.py:bspline_profile:1156[0m - B-spline fit:
[1;38;2;49;54;149m    [INFO][0m - [38;2;116;173;209mfitting.py:bspline_profile:1157[0m -     npoly = 1 profile basis functions
[1;38;2;49;54;149m    [INFO][0m - [38;2;116;173;209mfitting.py:bspline_profile:1158[0m -     ngood = 156410/156410 measurements
[1;38;2;49;54;149m    [INFO][0m - [38;2;116;173;209mfitting.py:bspline_profile:1159[0m - ***************** Iter     Chi^2    N Rej  R. Fac *****************
[1;38;2;49;54;149m    [INFO][0m - [38;2;116;173;209mfitting.py:bspline_profile:1163[0m -                   ----  --------  -------  ------                  
[1;38;2;49;54;149m    [INFO][0m - [38;2;116;173;209mfitting.py:bspline_profile:1257[0m -                      1     0.000        0    1.00                  
[1;38;2;49;54;149m    [INFO][0m - [38;2;116;173;209mfitting.py:bspline_profile:1272[0m -                   DONE     0.000        0    1.00                  
[1;38;2;49;54;149m    [INFO][0m - [38;2;116;173;209mfitting.py:bspline_profile:1275[0m - *******************************************************************
[1;38;2;253;174;97m [WARNING][0m - [38;2;116;173;209mflat.py:tweak_slit_edges_gradient:538[0m - Left slit edge shift of 0.8% exceeds the maximum allowed of 0.0%
The left edge will not be tweaked.
[1;38;2;253;174;97m [WARNING][0m - [38;2;116;173;209mflat.py:tweak_slit_edges_gradient:547[0m - Right slit edge shift of -1.5% exceeds the maximum allowed of 0.0%
The right edge will not be tweaked.
[1;38;2;49;54;149m    [INFO][0m - [38;2;116;173;209mfitting.py:bspline_profile:1156[0m - B-spline fit:
[1;38;2;49;54;149m    [INFO][0m - [38;2;116;173;209mfitting.py:bspline_profile:1157[0m -     npoly = 1 profile basis functions
[1;38;2;49;54;149m    [INFO][0m - [38;2;116;173;209mfitting.py:bspline_profile:1158[0m -     ngood = 156410/156410 measurements
[1;38;2;49;54;149m    [INFO][0m - [38;2;116;173;209mfitting.py:bspline_profile:1159[0m - ***************** Iter     Chi^2    N Rej  R. Fac *****************
[1;38;2;49;54;149m    [INFO][0m - [38;2;116;173;209mfitting.py:bspline_profile:1163[0m -                   ----  --------  -------  ------                  
[1;38;2;49;54;149m    [INFO][0m - [38;2;116;173;209mfitting.py:bspline_profile:1257[0m -                      1     0.000        0    1.00                  
[1;38;2;49;54;149m    [INFO][0m - [38;2;116;173;209mfitting.py:bspline_profile:1272[0m -                   DONE     0.000        0    1.00                  
[1;38;2;49;54;149m    [INFO][0m - [38;2;116;173;209mfitting.py:bspline_profile:1275[0m - *******************************************************************
[1;38;2;49;54;149m    [INFO][0m - [38;2;116;173;209mflatfield.py:spatial_fit_finecorr:1477[0m - Performing a fine correction to the spatial illumination (slit 140)
[1;38;2;253;174;97m [WARNING][0m - [38;2;116;173;209mfitting.py:robust_fit:456[0m - Maximum number of iterations maxiter=10 reached in robust_polyfit_djs
[1;38;2;49;54;149m    [INFO][0m - [38;2;116;173;209mflatfield.py:spatillum_finecorr_qa:1966[0m - Generating QA for spatial illumination fine correction
[1;38;2;49;54;149m    [INFO][0m - [38;2;116;173;209mflatfield.py:spatillum_finecorr_qa:2047[0m - Saved QA:
/Users/kaiwenzhang/PycharmProjects/KCWI/KCWI_RED_channel_characterization/RH1 pypeit run/2023-11-07/pypeit_run/keck_kcrm_B/QA/PNGs/Spatillum_FineCorr_illumflat_B_1_DET01_S0140_spatillum_finecorr.png
[1;38;2;49;54;149m    [INFO][0m - [38;2;116;173;209mflatfield.py:fit:924[0m - Modeling the flat-field response for slit spat_id=216: 3/24
[1;38;2;49;54;149m    [INFO][0m - [38;2;116;173;209mflatfield.py:fit:1008[0m - Spectral fit of flatfield for 132076/144460  pixels in the slit.
[1;38;2;49;54;149m    [INFO][0m - [38;2;116;173;209mfitting.py:bspline_profile:1156[0m - B-spline fit:
[1;38;2;49;54;149m    [INFO][0m - [38;2;116;173;209mfitting.py:bspline_profile:1157[0m -     npoly = 1 profile basis functions
[1;38;2;49;54;149m    [INFO][0m - [38;2;116;173;209mfitting.py:bspline_profile:1158[0m -     ngood = 132076/132076 measurements
[1;38;2;49;54;149m    [INFO][0m - [38;2;116;173;209mfitting.py:bspline_profile:1159[0m - ***************** Iter     Chi^2    N Rej  R. Fac *****************
[1;38;2;49;54;149m    [INFO][0m - [38;2;116;173;209mfitting.py:bspline_profile:1163[0m -                   ----  --------  -------  ------                  
[1;38;2;49;54;149m    [INFO][0m - [38;2;116;173;209mfitting.py:bspline_profile:1257[0m -                      1     0.000        0    1.00                  
[1;38;2;49;54;149m    [INFO][0m - [38;2;116;173;209mfitting.py:bspline_profile:1272[0m -                   DONE     0.000        0    1.00                  
[1;38;2;49;54;149m    [INFO][0m - [38;2;116;173;209mfitting.py:bspline_profile:1275[0m - *******************************************************************
[1;38;2;49;54;149m    [INFO][0m - [38;2;116;173;209mflatfield.py:fit:1097[0m - Spatial fit of flatfield for 161477/161477  pixels in the slit.
[1;38;2;49;54;149m    [INFO][0m - [38;2;116;173;209mfitting.py:bspline_profile:1156[0m - B-spline fit:
[1;38;2;49;54;149m    [INFO][0m - [38;2;116;173;209mfitting.py:bspline_profile:1157[0m -     npoly = 1 profile basis functions
[1;38;2;49;54;149m    [INFO][0m - [38;2;116;173;209mfitting.py:bspline_profile:1158[0m -     ngood = 161477/161477 measurements
[1;38;2;49;54;149m    [INFO][0m - [38;2;116;173;209mfitting.py:bspline_profile:1159[0m - ***************** Iter     Chi^2    N Rej  R. Fac *****************
[1;38;2;49;54;149m    [INFO][0m - [38;2;116;173;209mfitting.py:bspline_profile:1163[0m -                   ----  --------  -------  ------                  
[1;38;2;49;54;149m    [INFO][0m - [38;2;116;173;209mfitting.py:bspline_profile:1257[0m -                      1     0.000        0    1.00                  
[1;38;2;49;54;149m    [INFO][0m - [38;2;116;173;209mfitting.py:bspline_profile:1272[0m -                   DONE     0.000        0    1.00                  
[1;38;2;49;54;149m    [INFO][0m - [38;2;116;173;209mfitting.py:bspline_profile:1275[0m - *******************************************************************
[1;38;2;253;174;97m [WARNING][0m - [38;2;116;173;209mflat.py:tweak_slit_edges_gradient:538[0m - Left slit edge shift of 0.9% exceeds the maximum allowed of 0.0%
The left edge will not be tweaked.
[1;38;2;253;174;97m [WARNING][0m - [38;2;116;173;209mflat.py:tweak_slit_edges_gradient:547[0m - Right slit edge shift of -0.7% exceeds the maximum allowed of 0.0%
The right edge will not be tweaked.
[1;38;2;49;54;149m    [INFO][0m - [38;2;116;173;209mfitting.py:bspline_profile:1156[0m - B-spline fit:
[1;38;2;49;54;149m    [INFO][0m - [38;2;116;173;209mfitting.py:bspline_profile:1157[0m -     npoly = 1 profile basis functions
[1;38;2;49;54;149m    [INFO][0m - [38;2;116;173;209mfitting.py:bspline_profile:1158[0m -     ngood = 161477/161477 measurements
[1;38;2;49;54;149m    [INFO][0m - [38;2;116;173;209mfitting.py:bspline_profile:1159[0m - ***************** Iter     Chi^2    N Rej  R. Fac *****************
[1;38;2;49;54;149m    [INFO][0m - [38;2;116;173;209mfitting.py:bspline_profile:1163[0m -                   ----  --------  -------  ------                  
[1;38;2;49;54;149m    [INFO][0m - [38;2;116;173;209mfitting.py:bspline_profile:1257[0m -                      1     0.000        0    1.00                  
[1;38;2;49;54;149m    [INFO][0m - [38;2;116;173;209mfitting.py:bspline_profile:1272[0m -                   DONE     0.000        0    1.00                  
[1;38;2;49;54;149m    [INFO][0m - [38;2;116;173;209mfitting.py:bspline_profile:1275[0m - *******************************************************************
[1;38;2;49;54;149m    [INFO][0m - [38;2;116;173;209mflatfield.py:spatial_fit_finecorr:1477[0m - Performing a fine correction to the spatial illumination (slit 216)
[1;38;2;253;174;97m [WARNING][0m - [38;2;116;173;209mfitting.py:robust_fit:456[0m - Maximum number of iterations maxiter=10 reached in robust_polyfit_djs
[1;38;2;49;54;149m    [INFO][0m - [38;2;116;173;209mflatfield.py:spatillum_finecorr_qa:1966[0m - Generating QA for spatial illumination fine correction
[1;38;2;49;54;149m    [INFO][0m - [38;2;116;173;209mflatfield.py:spatillum_finecorr_qa:2047[0m - Saved QA:
/Users/kaiwenzhang/PycharmProjects/KCWI/KCWI_RED_channel_characterization/RH1 pypeit run/2023-11-07/pypeit_run/keck_kcrm_B/QA/PNGs/Spatillum_FineCorr_illumflat_B_1_DET01_S0216_spatillum_finecorr.png
[1;38;2;49;54;149m    [INFO][0m - [38;2;116;173;209mflatfield.py:fit:924[0m - Modeling the flat-field response for slit spat_id=294: 4/24
[1;38;2;49;54;149m    [INFO][0m - [38;2;116;173;209mflatfield.py:fit:1008[0m - Spectral fit of flatfield for 131800/144492  pixels in the slit.
[1;38;2;49;54;149m    [INFO][0m - [38;2;116;173;209mfitting.py:bspline_profile:1156[0m - B-spline fit:
[1;38;2;49;54;149m    [INFO][0m - [38;2;116;173;209mfitting.py:bspline_profile:1157[0m -     npoly = 1 profile basis functions
[1;38;2;49;54;149m    [INFO][0m - [38;2;116;173;209mfitting.py:bspline_profile:1158[0m -     ngood = 131800/131800 measurements
[1;38;2;49;54;149m    [INFO][0m - [38;2;116;173;209mfitting.py:bspline_profile:1159[0m - ***************** Iter     Chi^2    N Rej  R. Fac *****************
[1;38;2;49;54;149m    [INFO][0m - [38;2;116;173;209mfitting.py:bspline_profile:1163[0m -                   ----  --------  -------  ------                  
[1;38;2;49;54;149m    [INFO][0m - [38;2;116;173;209mfitting.py:bspline_profile:1257[0m -                      1     0.000        0    1.00                  
[1;38;2;49;54;149m    [INFO][0m - [38;2;116;173;209mfitting.py:bspline_profile:1272[0m -                   DONE     0.000        0    1.00                  
[1;38;2;49;54;149m    [INFO][0m - [38;2;116;173;209mfitting.py:bspline_profile:1275[0m - *******************************************************************
[1;38;2;49;54;149m    [INFO][0m - [38;2;116;173;209mflatfield.py:fit:1097[0m - Spatial fit of flatfield for 152610/152918  pixels in the slit.
[1;38;2;49;54;149m    [INFO][0m - [38;2;116;173;209mfitting.py:bspline_profile:1156[0m - B-spline fit:
[1;38;2;49;54;149m    [INFO][0m - [38;2;116;173;209mfitting.py:bspline_profile:1157[0m -     npoly = 1 profile basis functions
[1;38;2;49;54;149m    [INFO][0m - [38;2;116;173;209mfitting.py:bspline_profile:1158[0m -     ngood = 152610/152610 measurements
[1;38;2;49;54;149m    [INFO][0m - [38;2;116;173;209mfitting.py:bspline_profile:1159[0m - ***************** Iter     Chi^2    N Rej  R. Fac *****************
[1;38;2;49;54;149m    [INFO][0m - [38;2;116;173;209mfitting.py:bspline_profile:1163[0m -                   ----  --------  -------  ------                  
[1;38;2;49;54;149m    [INFO][0m - [38;2;116;173;209mfitting.py:bspline_profile:1257[0m -                      1     0.000        0    1.00                  
[1;38;2;49;54;149m    [INFO][0m - [38;2;116;173;209mfitting.py:bspline_profile:1272[0m -                   DONE     0.000        0    1.00                  
[1;38;2;49;54;149m    [INFO][0m - [38;2;116;173;209mfitting.py:bspline_profile:1275[0m - *******************************************************************
[1;38;2;253;174;97m [WARNING][0m - [38;2;116;173;209mflat.py:tweak_slit_edges_gradient:538[0m - Left slit edge shift of 0.8% exceeds the maximum allowed of 0.0%
The left edge will not be tweaked.
[1;38;2;253;174;97m [WARNING][0m - [38;2;116;173;209mflat.py:tweak_slit_edges_gradient:547[0m - Right slit edge shift of -4.9% exceeds the maximum allowed of 0.0%
The right edge will not be tweaked.
[1;38;2;49;54;149m    [INFO][0m - [38;2;116;173;209mfitting.py:bspline_profile:1156[0m - B-spline fit:
[1;38;2;49;54;149m    [INFO][0m - [38;2;116;173;209mfitting.py:bspline_profile:1157[0m -     npoly = 1 profile basis functions
[1;38;2;49;54;149m    [INFO][0m - [38;2;116;173;209mfitting.py:bspline_profile:1158[0m -     ngood = 152610/152610 measurements
[1;38;2;49;54;149m    [INFO][0m - [38;2;116;173;209mfitting.py:bspline_profile:1159[0m - ***************** Iter     Chi^2    N Rej  R. Fac *****************
[1;38;2;49;54;149m    [INFO][0m - [38;2;116;173;209mfitting.py:bspline_profile:1163[0m -                   ----  --------  -------  ------                  
[1;38;2;49;54;149m    [INFO][0m - [38;2;116;173;209mfitting.py:bspline_profile:1257[0m -                      1     0.000        0    1.00                  
[1;38;2;49;54;149m    [INFO][0m - [38;2;116;173;209mfitting.py:bspline_profile:1272[0m -                   DONE     0.000        0    1.00                  
[1;38;2;49;54;149m    [INFO][0m - [38;2;116;173;209mfitting.py:bspline_profile:1275[0m - *******************************************************************
[1;38;2;49;54;149m    [INFO][0m - [38;2;116;173;209mflatfield.py:spatial_fit_finecorr:1477[0m - Performing a fine correction to the spatial illumination (slit 294)
[1;38;2;253;174;97m [WARNING][0m - [38;2;116;173;209mfitting.py:robust_fit:456[0m - Maximum number of iterations maxiter=10 reached in robust_polyfit_djs
[1;38;2;49;54;149m    [INFO][0m - [38;2;116;173;209mflatfield.py:spatillum_finecorr_qa:1966[0m - Generating QA for spatial illumination fine correction
[1;38;2;49;54;149m    [INFO][0m - [38;2;116;173;209mflatfield.py:spatillum_finecorr_qa:2047[0m - Saved QA:
/Users/kaiwenzhang/PycharmProjects/KCWI/KCWI_RED_channel_characterization/RH1 pypeit run/2023-11-07/pypeit_run/keck_kcrm_B/QA/PNGs/Spatillum_FineCorr_illumflat_B_1_DET01_S0294_spatillum_finecorr.png
[1;38;2;49;54;149m    [INFO][0m - [38;2;116;173;209mflatfield.py:fit:924[0m - Modeling the flat-field response for slit spat_id=368: 5/24
[1;38;2;49;54;149m    [INFO][0m - [38;2;116;173;209mflatfield.py:fit:1008[0m - Spectral fit of flatfield for 132147/144531  pixels in the slit.
[1;38;2;49;54;149m    [INFO][0m - [38;2;116;173;209mfitting.py:bspline_profile:1156[0m - B-spline fit:
[1;38;2;49;54;149m    [INFO][0m - [38;2;116;173;209mfitting.py:bspline_profile:1157[0m -     npoly = 1 profile basis functions
[1;38;2;49;54;149m    [INFO][0m - [38;2;116;173;209mfitting.py:bspline_profile:1158[0m -     ngood = 132147/132147 measurements
[1;38;2;49;54;149m    [INFO][0m - [38;2;116;173;209mfitting.py:bspline_profile:1159[0m - ***************** Iter     Chi^2    N Rej  R. Fac *****************
[1;38;2;49;54;149m    [INFO][0m - [38;2;116;173;209mfitting.py:bspline_profile:1163[0m -                   ----  --------  -------  ------                  
[1;38;2;49;54;149m    [INFO][0m - [38;2;116;173;209mfitting.py:bspline_profile:1257[0m -                      1     0.000        0    1.00                  
[1;38;2;49;54;149m    [INFO][0m - [38;2;116;173;209mfitting.py:bspline_profile:1272[0m -                   DONE     0.000        0    1.00                  
[1;38;2;49;54;149m    [INFO][0m - [38;2;116;173;209mfitting.py:bspline_profile:1275[0m - *******************************************************************
[1;38;2;49;54;149m    [INFO][0m - [38;2;116;173;209mflatfield.py:fit:1097[0m - Spatial fit of flatfield for 154943/154943  pixels in the slit.
[1;38;2;49;54;149m    [INFO][0m - [38;2;116;173;209mfitting.py:bspline_profile:1156[0m - B-spline fit:
[1;38;2;49;54;149m    [INFO][0m - [38;2;116;173;209mfitting.py:bspline_profile:1157[0m -     npoly = 1 profile basis functions
[1;38;2;49;54;149m    [INFO][0m - [38;2;116;173;209mfitting.py:bspline_profile:1158[0m -     ngood = 154943/154943 measurements
[1;38;2;49;54;149m    [INFO][0m - [38;2;116;173;209mfitting.py:bspline_profile:1159[0m - ***************** Iter     Chi^2    N Rej  R. Fac *****************
[1;38;2;49;54;149m    [INFO][0m - [38;2;116;173;209mfitting.py:bspline_profile:1163[0m -                   ----  --------  -------  ------                  
[1;38;2;49;54;149m    [INFO][0m - [38;2;116;173;209mfitting.py:bspline_profile:1257[0m -                      1     0.000        0    1.00                  
[1;38;2;49;54;149m    [INFO][0m - [38;2;116;173;209mfitting.py:bspline_profile:1272[0m -                   DONE     0.000        0    1.00                  
[1;38;2;49;54;149m    [INFO][0m - [38;2;116;173;209mfitting.py:bspline_profile:1275[0m - *******************************************************************
[1;38;2;253;174;97m [WARNING][0m - [38;2;116;173;209mflat.py:tweak_slit_edges_gradient:538[0m - Left slit edge shift of 0.7% exceeds the maximum allowed of 0.0%
The left edge will not be tweaked.
[1;38;2;253;174;97m [WARNING][0m - [38;2;116;173;209mflat.py:tweak_slit_edges_gradient:547[0m - Right slit edge shift of -2.3% exceeds the maximum allowed of 0.0%
The right edge will not be tweaked.
[1;38;2;49;54;149m    [INFO][0m - [38;2;116;173;209mfitting.py:bspline_profile:1156[0m - B-spline fit:
[1;38;2;49;54;149m    [INFO][0m - [38;2;116;173;209mfitting.py:bspline_profile:1157[0m -     npoly = 1 profile basis functions
[1;38;2;49;54;149m    [INFO][0m - [38;2;116;173;209mfitting.py:bspline_profile:1158[0m -     ngood = 154943/154943 measurements
[1;38;2;49;54;149m    [INFO][0m - [38;2;116;173;209mfitting.py:bspline_profile:1159[0m - ***************** Iter     Chi^2    N Rej  R. Fac *****************
[1;38;2;49;54;149m    [INFO][0m - [38;2;116;173;209mfitting.py:bspline_profile:1163[0m -                   ----  --------  -------  ------                  
[1;38;2;49;54;149m    [INFO][0m - [38;2;116;173;209mfitting.py:bspline_profile:1257[0m -                      1     0.000        0    1.00                  
[1;38;2;49;54;149m    [INFO][0m - [38;2;116;173;209mfitting.py:bspline_profile:1272[0m -                   DONE     0.000        0    1.00                  
[1;38;2;49;54;149m    [INFO][0m - [38;2;116;173;209mfitting.py:bspline_profile:1275[0m - *******************************************************************
[1;38;2;49;54;149m    [INFO][0m - [38;2;116;173;209mflatfield.py:spatial_fit_finecorr:1477[0m - Performing a fine correction to the spatial illumination (slit 368)
[1;38;2;49;54;149m    [INFO][0m - [38;2;116;173;209mflatfield.py:spatillum_finecorr_qa:1966[0m - Generating QA for spatial illumination fine correction
[1;38;2;49;54;149m    [INFO][0m - [38;2;116;173;209mflatfield.py:spatillum_finecorr_qa:2047[0m - Saved QA:
/Users/kaiwenzhang/PycharmProjects/KCWI/KCWI_RED_channel_characterization/RH1 pypeit run/2023-11-07/pypeit_run/keck_kcrm_B/QA/PNGs/Spatillum_FineCorr_illumflat_B_1_DET01_S0368_spatillum_finecorr.png
[1;38;2;49;54;149m    [INFO][0m - [38;2;116;173;209mflatfield.py:fit:924[0m - Modeling the flat-field response for slit spat_id=443: 6/24
[1;38;2;49;54;149m    [INFO][0m - [38;2;116;173;209mflatfield.py:fit:1008[0m - Spectral fit of flatfield for 132098/144482  pixels in the slit.
[1;38;2;49;54;149m    [INFO][0m - [38;2;116;173;209mfitting.py:bspline_profile:1156[0m - B-spline fit:
[1;38;2;49;54;149m    [INFO][0m - [38;2;116;173;209mfitting.py:bspline_profile:1157[0m -     npoly = 1 profile basis functions
[1;38;2;49;54;149m    [INFO][0m - [38;2;116;173;209mfitting.py:bspline_profile:1158[0m -     ngood = 132098/132098 measurements
[1;38;2;49;54;149m    [INFO][0m - [38;2;116;173;209mfitting.py:bspline_profile:1159[0m - ***************** Iter     Chi^2    N Rej  R. Fac *****************
[1;38;2;49;54;149m    [INFO][0m - [38;2;116;173;209mfitting.py:bspline_profile:1163[0m -                   ----  --------  -------  ------                  
[1;38;2;49;54;149m    [INFO][0m - [38;2;116;173;209mfitting.py:bspline_profile:1257[0m -                      1     0.000        1    1.00                  
[1;38;2;49;54;149m    [INFO][0m - [38;2;116;173;209mfitting.py:bspline_profile:1257[0m -                      2     0.000        1    1.00                  
[1;38;2;49;54;149m    [INFO][0m - [38;2;116;173;209mfitting.py:bspline_profile:1272[0m -                   DONE     0.000        1    1.00                  
[1;38;2;49;54;149m    [INFO][0m - [38;2;116;173;209mfitting.py:bspline_profile:1275[0m - *******************************************************************
[1;38;2;49;54;149m    [INFO][0m - [38;2;116;173;209mflatfield.py:fit:1097[0m - Spatial fit of flatfield for 150633/150633  pixels in the slit.
[1;38;2;49;54;149m    [INFO][0m - [38;2;116;173;209mfitting.py:bspline_profile:1156[0m - B-spline fit:
[1;38;2;49;54;149m    [INFO][0m - [38;2;116;173;209mfitting.py:bspline_profile:1157[0m -     npoly = 1 profile basis functions
[1;38;2;49;54;149m    [INFO][0m - [38;2;116;173;209mfitting.py:bspline_profile:1158[0m -     ngood = 150633/150633 measurements
[1;38;2;49;54;149m    [INFO][0m - [38;2;116;173;209mfitting.py:bspline_profile:1159[0m - ***************** Iter     Chi^2    N Rej  R. Fac *****************
[1;38;2;49;54;149m    [INFO][0m - [38;2;116;173;209mfitting.py:bspline_profile:1163[0m -                   ----  --------  -------  ------                  
[1;38;2;49;54;149m    [INFO][0m - [38;2;116;173;209mfitting.py:bspline_profile:1257[0m -                      1     0.000        0    1.00                  
[1;38;2;49;54;149m    [INFO][0m - [38;2;116;173;209mfitting.py:bspline_profile:1272[0m -                   DONE     0.000        0    1.00                  
[1;38;2;49;54;149m    [INFO][0m - [38;2;116;173;209mfitting.py:bspline_profile:1275[0m - *******************************************************************
[1;38;2;253;174;97m [WARNING][0m - [38;2;116;173;209mflat.py:tweak_slit_edges_gradient:538[0m - Left slit edge shift of 0.7% exceeds the maximum allowed of 0.0%
The left edge will not be tweaked.
[1;38;2;253;174;97m [WARNING][0m - [38;2;116;173;209mflat.py:tweak_slit_edges_gradient:547[0m - Right slit edge shift of -7.2% exceeds the maximum allowed of 0.0%
The right edge will not be tweaked.
[1;38;2;49;54;149m    [INFO][0m - [38;2;116;173;209mfitting.py:bspline_profile:1156[0m - B-spline fit:
[1;38;2;49;54;149m    [INFO][0m - [38;2;116;173;209mfitting.py:bspline_profile:1157[0m -     npoly = 1 profile basis functions
[1;38;2;49;54;149m    [INFO][0m - [38;2;116;173;209mfitting.py:bspline_profile:1158[0m -     ngood = 150633/150633 measurements
[1;38;2;49;54;149m    [INFO][0m - [38;2;116;173;209mfitting.py:bspline_profile:1159[0m - ***************** Iter     Chi^2    N Rej  R. Fac *****************
[1;38;2;49;54;149m    [INFO][0m - [38;2;116;173;209mfitting.py:bspline_profile:1163[0m -                   ----  --------  -------  ------                  
[1;38;2;49;54;149m    [INFO][0m - [38;2;116;173;209mfitting.py:bspline_profile:1257[0m -                      1     0.000        0    1.00                  
[1;38;2;49;54;149m    [INFO][0m - [38;2;116;173;209mfitting.py:bspline_profile:1272[0m -                   DONE     0.000        0    1.00                  
[1;38;2;49;54;149m    [INFO][0m - [38;2;116;173;209mfitting.py:bspline_profile:1275[0m - *******************************************************************
[1;38;2;49;54;149m    [INFO][0m - [38;2;116;173;209mflatfield.py:spatial_fit_finecorr:1477[0m - Performing a fine correction to the spatial illumination (slit 443)
[1;38;2;49;54;149m    [INFO][0m - [38;2;116;173;209mflatfield.py:spatillum_finecorr_qa:1966[0m - Generating QA for spatial illumination fine correction
[1;38;2;49;54;149m    [INFO][0m - [38;2;116;173;209mflatfield.py:spatillum_finecorr_qa:2047[0m - Saved QA:
/Users/kaiwenzhang/PycharmProjects/KCWI/KCWI_RED_channel_characterization/RH1 pypeit run/2023-11-07/pypeit_run/keck_kcrm_B/QA/PNGs/Spatillum_FineCorr_illumflat_B_1_DET01_S0443_spatillum_finecorr.png
[1;38;2;49;54;149m    [INFO][0m - [38;2;116;173;209mflatfield.py:fit:924[0m - Modeling the flat-field response for slit spat_id=516: 7/24
[1;38;2;49;54;149m    [INFO][0m - [38;2;116;173;209mflatfield.py:fit:1008[0m - Spectral fit of flatfield for 132060/144444  pixels in the slit.
[1;38;2;49;54;149m    [INFO][0m - [38;2;116;173;209mfitting.py:bspline_profile:1156[0m - B-spline fit:
[1;38;2;49;54;149m    [INFO][0m - [38;2;116;173;209mfitting.py:bspline_profile:1157[0m -     npoly = 1 profile basis functions
[1;38;2;49;54;149m    [INFO][0m - [38;2;116;173;209mfitting.py:bspline_profile:1158[0m -     ngood = 132060/132060 measurements
[1;38;2;49;54;149m    [INFO][0m - [38;2;116;173;209mfitting.py:bspline_profile:1159[0m - ***************** Iter     Chi^2    N Rej  R. Fac *****************
[1;38;2;49;54;149m    [INFO][0m - [38;2;116;173;209mfitting.py:bspline_profile:1163[0m -                   ----  --------  -------  ------                  
[1;38;2;49;54;149m    [INFO][0m - [38;2;116;173;209mfitting.py:bspline_profile:1257[0m -                      1     0.000        0    1.00                  
[1;38;2;49;54;149m    [INFO][0m - [38;2;116;173;209mfitting.py:bspline_profile:1272[0m -                   DONE     0.000        0    1.00                  
[1;38;2;49;54;149m    [INFO][0m - [38;2;116;173;209mfitting.py:bspline_profile:1275[0m - *******************************************************************
[1;38;2;49;54;149m    [INFO][0m - [38;2;116;173;209mflatfield.py:fit:1097[0m - Spatial fit of flatfield for 152367/152367  pixels in the slit.
[1;38;2;49;54;149m    [INFO][0m - [38;2;116;173;209mfitting.py:bspline_profile:1156[0m - B-spline fit:
[1;38;2;49;54;149m    [INFO][0m - [38;2;116;173;209mfitting.py:bspline_profile:1157[0m -     npoly = 1 profile basis functions
[1;38;2;49;54;149m    [INFO][0m - [38;2;116;173;209mfitting.py:bspline_profile:1158[0m -     ngood = 152367/152367 measurements
[1;38;2;49;54;149m    [INFO][0m - [38;2;116;173;209mfitting.py:bspline_profile:1159[0m - ***************** Iter     Chi^2    N Rej  R. Fac *****************
[1;38;2;49;54;149m    [INFO][0m - [38;2;116;173;209mfitting.py:bspline_profile:1163[0m -                   ----  --------  -------  ------                  
[1;38;2;49;54;149m    [INFO][0m - [38;2;116;173;209mfitting.py:bspline_profile:1257[0m -                      1     0.000        0    1.00                  
[1;38;2;49;54;149m    [INFO][0m - [38;2;116;173;209mfitting.py:bspline_profile:1272[0m -                   DONE     0.000        0    1.00                  
[1;38;2;49;54;149m    [INFO][0m - [38;2;116;173;209mfitting.py:bspline_profile:1275[0m - *******************************************************************
[1;38;2;253;174;97m [WARNING][0m - [38;2;116;173;209mflat.py:tweak_slit_edges_gradient:538[0m - Left slit edge shift of 0.7% exceeds the maximum allowed of 0.0%
The left edge will not be tweaked.
[1;38;2;253;174;97m [WARNING][0m - [38;2;116;173;209mflat.py:tweak_slit_edges_gradient:547[0m - Right slit edge shift of -104.7% exceeds the maximum allowed of 0.0%
The right edge will not be tweaked.
[1;38;2;49;54;149m    [INFO][0m - [38;2;116;173;209mfitting.py:bspline_profile:1156[0m - B-spline fit:
[1;38;2;49;54;149m    [INFO][0m - [38;2;116;173;209mfitting.py:bspline_profile:1157[0m -     npoly = 1 profile basis functions
[1;38;2;49;54;149m    [INFO][0m - [38;2;116;173;209mfitting.py:bspline_profile:1158[0m -     ngood = 152367/152367 measurements
[1;38;2;49;54;149m    [INFO][0m - [38;2;116;173;209mfitting.py:bspline_profile:1159[0m - ***************** Iter     Chi^2    N Rej  R. Fac *****************
[1;38;2;49;54;149m    [INFO][0m - [38;2;116;173;209mfitting.py:bspline_profile:1163[0m -                   ----  --------  -------  ------                  
[1;38;2;49;54;149m    [INFO][0m - [38;2;116;173;209mfitting.py:bspline_profile:1257[0m -                      1     0.000        0    1.00                  
[1;38;2;49;54;149m    [INFO][0m - [38;2;116;173;209mfitting.py:bspline_profile:1272[0m -                   DONE     0.000        0    1.00                  
[1;38;2;49;54;149m    [INFO][0m - [38;2;116;173;209mfitting.py:bspline_profile:1275[0m - *******************************************************************
[1;38;2;49;54;149m    [INFO][0m - [38;2;116;173;209mflatfield.py:spatial_fit_finecorr:1477[0m - Performing a fine correction to the spatial illumination (slit 516)
[1;38;2;253;174;97m [WARNING][0m - [38;2;116;173;209mfitting.py:robust_fit:456[0m - Maximum number of iterations maxiter=10 reached in robust_polyfit_djs
[1;38;2;49;54;149m    [INFO][0m - [38;2;116;173;209mflatfield.py:spatillum_finecorr_qa:1966[0m - Generating QA for spatial illumination fine correction
[1;38;2;49;54;149m    [INFO][0m - [38;2;116;173;209mflatfield.py:spatillum_finecorr_qa:2047[0m - Saved QA:
/Users/kaiwenzhang/PycharmProjects/KCWI/KCWI_RED_channel_characterization/RH1 pypeit run/2023-11-07/pypeit_run/keck_kcrm_B/QA/PNGs/Spatillum_FineCorr_illumflat_B_1_DET01_S0516_spatillum_finecorr.png
[1;38;2;49;54;149m    [INFO][0m - [38;2;116;173;209mflatfield.py:fit:924[0m - Modeling the flat-field response for slit spat_id=590: 8/24
[1;38;2;49;54;149m    [INFO][0m - [38;2;116;173;209mflatfield.py:fit:1008[0m - Spectral fit of flatfield for 132105/144489  pixels in the slit.
[1;38;2;49;54;149m    [INFO][0m - [38;2;116;173;209mfitting.py:bspline_profile:1156[0m - B-spline fit:
[1;38;2;49;54;149m    [INFO][0m - [38;2;116;173;209mfitting.py:bspline_profile:1157[0m -     npoly = 1 profile basis functions
[1;38;2;49;54;149m    [INFO][0m - [38;2;116;173;209mfitting.py:bspline_profile:1158[0m -     ngood = 132105/132105 measurements
[1;38;2;49;54;149m    [INFO][0m - [38;2;116;173;209mfitting.py:bspline_profile:1159[0m - ***************** Iter     Chi^2    N Rej  R. Fac *****************
[1;38;2;49;54;149m    [INFO][0m - [38;2;116;173;209mfitting.py:bspline_profile:1163[0m -                   ----  --------  -------  ------                  
[1;38;2;49;54;149m    [INFO][0m - [38;2;116;173;209mfitting.py:bspline_profile:1257[0m -                      1     0.000        0    1.00                  
[1;38;2;49;54;149m    [INFO][0m - [38;2;116;173;209mfitting.py:bspline_profile:1272[0m -                   DONE     0.000        0    1.00                  
[1;38;2;49;54;149m    [INFO][0m - [38;2;116;173;209mfitting.py:bspline_profile:1275[0m - *******************************************************************
[1;38;2;49;54;149m    [INFO][0m - [38;2;116;173;209mflatfield.py:fit:1097[0m - Spatial fit of flatfield for 150987/150987  pixels in the slit.
[1;38;2;49;54;149m    [INFO][0m - [38;2;116;173;209mfitting.py:bspline_profile:1156[0m - B-spline fit:
[1;38;2;49;54;149m    [INFO][0m - [38;2;116;173;209mfitting.py:bspline_profile:1157[0m -     npoly = 1 profile basis functions
[1;38;2;49;54;149m    [INFO][0m - [38;2;116;173;209mfitting.py:bspline_profile:1158[0m -     ngood = 150987/150987 measurements
[1;38;2;49;54;149m    [INFO][0m - [38;2;116;173;209mfitting.py:bspline_profile:1159[0m - ***************** Iter     Chi^2    N Rej  R. Fac *****************
[1;38;2;49;54;149m    [INFO][0m - [38;2;116;173;209mfitting.py:bspline_profile:1163[0m -                   ----  --------  -------  ------                  
[1;38;2;49;54;149m    [INFO][0m - [38;2;116;173;209mfitting.py:bspline_profile:1257[0m -                      1     0.000        0    1.00                  
[1;38;2;49;54;149m    [INFO][0m - [38;2;116;173;209mfitting.py:bspline_profile:1272[0m -                   DONE     0.000        0    1.00                  
[1;38;2;49;54;149m    [INFO][0m - [38;2;116;173;209mfitting.py:bspline_profile:1275[0m - *******************************************************************
[1;38;2;253;174;97m [WARNING][0m - [38;2;116;173;209mflat.py:tweak_slit_edges_gradient:538[0m - Left slit edge shift of 0.9% exceeds the maximum allowed of 0.0%
The left edge will not be tweaked.
[1;38;2;253;174;97m [WARNING][0m - [38;2;116;173;209mflat.py:tweak_slit_edges_gradient:547[0m - Right slit edge shift of -105.0% exceeds the maximum allowed of 0.0%
The right edge will not be tweaked.
[1;38;2;49;54;149m    [INFO][0m - [38;2;116;173;209mfitting.py:bspline_profile:1156[0m - B-spline fit:
[1;38;2;49;54;149m    [INFO][0m - [38;2;116;173;209mfitting.py:bspline_profile:1157[0m -     npoly = 1 profile basis functions
[1;38;2;49;54;149m    [INFO][0m - [38;2;116;173;209mfitting.py:bspline_profile:1158[0m -     ngood = 150987/150987 measurements
[1;38;2;49;54;149m    [INFO][0m - [38;2;116;173;209mfitting.py:bspline_profile:1159[0m - ***************** Iter     Chi^2    N Rej  R. Fac *****************
[1;38;2;49;54;149m    [INFO][0m - [38;2;116;173;209mfitting.py:bspline_profile:1163[0m -                   ----  --------  -------  ------                  
[1;38;2;49;54;149m    [INFO][0m - [38;2;116;173;209mfitting.py:bspline_profile:1257[0m -                      1     0.000        0    1.00                  
[1;38;2;49;54;149m    [INFO][0m - [38;2;116;173;209mfitting.py:bspline_profile:1272[0m -                   DONE     0.000        0    1.00                  
[1;38;2;49;54;149m    [INFO][0m - [38;2;116;173;209mfitting.py:bspline_profile:1275[0m - *******************************************************************
[1;38;2;49;54;149m    [INFO][0m - [38;2;116;173;209mflatfield.py:spatial_fit_finecorr:1477[0m - Performing a fine correction to the spatial illumination (slit 590)
[1;38;2;49;54;149m    [INFO][0m - [38;2;116;173;209mflatfield.py:spatillum_finecorr_qa:1966[0m - Generating QA for spatial illumination fine correction
[1;38;2;49;54;149m    [INFO][0m - [38;2;116;173;209mflatfield.py:spatillum_finecorr_qa:2047[0m - Saved QA:
/Users/kaiwenzhang/PycharmProjects/KCWI/KCWI_RED_channel_characterization/RH1 pypeit run/2023-11-07/pypeit_run/keck_kcrm_B/QA/PNGs/Spatillum_FineCorr_illumflat_B_1_DET01_S0590_spatillum_finecorr.png
[1;38;2;49;54;149m    [INFO][0m - [38;2;116;173;209mflatfield.py:fit:924[0m - Modeling the flat-field response for slit spat_id=663: 9/24
[1;38;2;49;54;149m    [INFO][0m - [38;2;116;173;209mflatfield.py:fit:1008[0m - Spectral fit of flatfield for 132161/144545  pixels in the slit.
[1;38;2;49;54;149m    [INFO][0m - [38;2;116;173;209mfitting.py:bspline_profile:1156[0m - B-spline fit:
[1;38;2;49;54;149m    [INFO][0m - [38;2;116;173;209mfitting.py:bspline_profile:1157[0m -     npoly = 1 profile basis functions
[1;38;2;49;54;149m    [INFO][0m - [38;2;116;173;209mfitting.py:bspline_profile:1158[0m -     ngood = 132161/132161 measurements
[1;38;2;49;54;149m    [INFO][0m - [38;2;116;173;209mfitting.py:bspline_profile:1159[0m - ***************** Iter     Chi^2    N Rej  R. Fac *****************
[1;38;2;49;54;149m    [INFO][0m - [38;2;116;173;209mfitting.py:bspline_profile:1163[0m -                   ----  --------  -------  ------                  
[1;38;2;49;54;149m    [INFO][0m - [38;2;116;173;209mfitting.py:bspline_profile:1257[0m -                      1     0.000        0    1.00                  
[1;38;2;49;54;149m    [INFO][0m - [38;2;116;173;209mfitting.py:bspline_profile:1272[0m -                   DONE     0.000        0    1.00                  
[1;38;2;49;54;149m    [INFO][0m - [38;2;116;173;209mfitting.py:bspline_profile:1275[0m - *******************************************************************
[1;38;2;49;54;149m    [INFO][0m - [38;2;116;173;209mflatfield.py:fit:1097[0m - Spatial fit of flatfield for 152962/152962  pixels in the slit.
[1;38;2;49;54;149m    [INFO][0m - [38;2;116;173;209mfitting.py:bspline_profile:1156[0m - B-spline fit:
[1;38;2;49;54;149m    [INFO][0m - [38;2;116;173;209mfitting.py:bspline_profile:1157[0m -     npoly = 1 profile basis functions
[1;38;2;49;54;149m    [INFO][0m - [38;2;116;173;209mfitting.py:bspline_profile:1158[0m -     ngood = 152962/152962 measurements
[1;38;2;49;54;149m    [INFO][0m - [38;2;116;173;209mfitting.py:bspline_profile:1159[0m - ***************** Iter     Chi^2    N Rej  R. Fac *****************
[1;38;2;49;54;149m    [INFO][0m - [38;2;116;173;209mfitting.py:bspline_profile:1163[0m -                   ----  --------  -------  ------                  
[1;38;2;49;54;149m    [INFO][0m - [38;2;116;173;209mfitting.py:bspline_profile:1257[0m -                      1     0.000        0    1.00                  
[1;38;2;49;54;149m    [INFO][0m - [38;2;116;173;209mfitting.py:bspline_profile:1272[0m -                   DONE     0.000        0    1.00                  
[1;38;2;49;54;149m    [INFO][0m - [38;2;116;173;209mfitting.py:bspline_profile:1275[0m - *******************************************************************
[1;38;2;253;174;97m [WARNING][0m - [38;2;116;173;209mflat.py:tweak_slit_edges_gradient:538[0m - Left slit edge shift of 0.8% exceeds the maximum allowed of 0.0%
The left edge will not be tweaked.
[1;38;2;253;174;97m [WARNING][0m - [38;2;116;173;209mflat.py:tweak_slit_edges_gradient:547[0m - Right slit edge shift of -104.7% exceeds the maximum allowed of 0.0%
The right edge will not be tweaked.
[1;38;2;49;54;149m    [INFO][0m - [38;2;116;173;209mfitting.py:bspline_profile:1156[0m - B-spline fit:
[1;38;2;49;54;149m    [INFO][0m - [38;2;116;173;209mfitting.py:bspline_profile:1157[0m -     npoly = 1 profile basis functions
[1;38;2;49;54;149m    [INFO][0m - [38;2;116;173;209mfitting.py:bspline_profile:1158[0m -     ngood = 152962/152962 measurements
[1;38;2;49;54;149m    [INFO][0m - [38;2;116;173;209mfitting.py:bspline_profile:1159[0m - ***************** Iter     Chi^2    N Rej  R. Fac *****************
[1;38;2;49;54;149m    [INFO][0m - [38;2;116;173;209mfitting.py:bspline_profile:1163[0m -                   ----  --------  -------  ------                  
[1;38;2;49;54;149m    [INFO][0m - [38;2;116;173;209mfitting.py:bspline_profile:1257[0m -                      1     0.000        0    1.00                  
[1;38;2;49;54;149m    [INFO][0m - [38;2;116;173;209mfitting.py:bspline_profile:1272[0m -                   DONE     0.000        0    1.00                  
[1;38;2;49;54;149m    [INFO][0m - [38;2;116;173;209mfitting.py:bspline_profile:1275[0m - *******************************************************************
[1;38;2;49;54;149m    [INFO][0m - [38;2;116;173;209mflatfield.py:spatial_fit_finecorr:1477[0m - Performing a fine correction to the spatial illumination (slit 663)
[1;38;2;253;174;97m [WARNING][0m - [38;2;116;173;209mfitting.py:robust_fit:456[0m - Maximum number of iterations maxiter=10 reached in robust_polyfit_djs
[1;38;2;49;54;149m    [INFO][0m - [38;2;116;173;209mflatfield.py:spatillum_finecorr_qa:1966[0m - Generating QA for spatial illumination fine correction
[1;38;2;49;54;149m    [INFO][0m - [38;2;116;173;209mflatfield.py:spatillum_finecorr_qa:2047[0m - Saved QA:
/Users/kaiwenzhang/PycharmProjects/KCWI/KCWI_RED_channel_characterization/RH1 pypeit run/2023-11-07/pypeit_run/keck_kcrm_B/QA/PNGs/Spatillum_FineCorr_illumflat_B_1_DET01_S0663_spatillum_finecorr.png
[1;38;2;49;54;149m    [INFO][0m - [38;2;116;173;209mflatfield.py:fit:924[0m - Modeling the flat-field response for slit spat_id=737: 10/24
[1;38;2;49;54;149m    [INFO][0m - [38;2;116;173;209mflatfield.py:fit:1008[0m - Spectral fit of flatfield for 132003/144387  pixels in the slit.
[1;38;2;49;54;149m    [INFO][0m - [38;2;116;173;209mfitting.py:bspline_profile:1156[0m - B-spline fit:
[1;38;2;49;54;149m    [INFO][0m - [38;2;116;173;209mfitting.py:bspline_profile:1157[0m -     npoly = 1 profile basis functions
[1;38;2;49;54;149m    [INFO][0m - [38;2;116;173;209mfitting.py:bspline_profile:1158[0m -     ngood = 132003/132003 measurements
[1;38;2;49;54;149m    [INFO][0m - [38;2;116;173;209mfitting.py:bspline_profile:1159[0m - ***************** Iter     Chi^2    N Rej  R. Fac *****************
[1;38;2;49;54;149m    [INFO][0m - [38;2;116;173;209mfitting.py:bspline_profile:1163[0m -                   ----  --------  -------  ------                  
[1;38;2;49;54;149m    [INFO][0m - [38;2;116;173;209mfitting.py:bspline_profile:1257[0m -                      1     0.000        0    1.00                  
[1;38;2;49;54;149m    [INFO][0m - [38;2;116;173;209mfitting.py:bspline_profile:1272[0m -                   DONE     0.000        0    1.00                  
[1;38;2;49;54;149m    [INFO][0m - [38;2;116;173;209mfitting.py:bspline_profile:1275[0m - *******************************************************************
[1;38;2;49;54;149m    [INFO][0m - [38;2;116;173;209mflatfield.py:fit:1097[0m - Spatial fit of flatfield for 152423/152423  pixels in the slit.
[1;38;2;49;54;149m    [INFO][0m - [38;2;116;173;209mfitting.py:bspline_profile:1156[0m - B-spline fit:
[1;38;2;49;54;149m    [INFO][0m - [38;2;116;173;209mfitting.py:bspline_profile:1157[0m -     npoly = 1 profile basis functions
[1;38;2;49;54;149m    [INFO][0m - [38;2;116;173;209mfitting.py:bspline_profile:1158[0m -     ngood = 152423/152423 measurements
[1;38;2;49;54;149m    [INFO][0m - [38;2;116;173;209mfitting.py:bspline_profile:1159[0m - ***************** Iter     Chi^2    N Rej  R. Fac *****************
[1;38;2;49;54;149m    [INFO][0m - [38;2;116;173;209mfitting.py:bspline_profile:1163[0m -                   ----  --------  -------  ------                  
[1;38;2;49;54;149m    [INFO][0m - [38;2;116;173;209mfitting.py:bspline_profile:1257[0m -                      1     0.000        0    1.00                  
[1;38;2;49;54;149m    [INFO][0m - [38;2;116;173;209mfitting.py:bspline_profile:1272[0m -                   DONE     0.000        0    1.00                  
[1;38;2;49;54;149m    [INFO][0m - [38;2;116;173;209mfitting.py:bspline_profile:1275[0m - *******************************************************************
[1;38;2;253;174;97m [WARNING][0m - [38;2;116;173;209mflat.py:tweak_slit_edges_gradient:538[0m - Left slit edge shift of 0.6% exceeds the maximum allowed of 0.0%
The left edge will not be tweaked.
[1;38;2;253;174;97m [WARNING][0m - [38;2;116;173;209mflat.py:tweak_slit_edges_gradient:547[0m - Right slit edge shift of -105.2% exceeds the maximum allowed of 0.0%
The right edge will not be tweaked.
[1;38;2;49;54;149m    [INFO][0m - [38;2;116;173;209mfitting.py:bspline_profile:1156[0m - B-spline fit:
[1;38;2;49;54;149m    [INFO][0m - [38;2;116;173;209mfitting.py:bspline_profile:1157[0m -     npoly = 1 profile basis functions
[1;38;2;49;54;149m    [INFO][0m - [38;2;116;173;209mfitting.py:bspline_profile:1158[0m -     ngood = 152423/152423 measurements
[1;38;2;49;54;149m    [INFO][0m - [38;2;116;173;209mfitting.py:bspline_profile:1159[0m - ***************** Iter     Chi^2    N Rej  R. Fac *****************
[1;38;2;49;54;149m    [INFO][0m - [38;2;116;173;209mfitting.py:bspline_profile:1163[0m -                   ----  --------  -------  ------                  
[1;38;2;49;54;149m    [INFO][0m - [38;2;116;173;209mfitting.py:bspline_profile:1257[0m -                      1     0.000        0    1.00                  
[1;38;2;49;54;149m    [INFO][0m - [38;2;116;173;209mfitting.py:bspline_profile:1272[0m -                   DONE     0.000        0    1.00                  
[1;38;2;49;54;149m    [INFO][0m - [38;2;116;173;209mfitting.py:bspline_profile:1275[0m - *******************************************************************
[1;38;2;49;54;149m    [INFO][0m - [38;2;116;173;209mflatfield.py:spatial_fit_finecorr:1477[0m - Performing a fine correction to the spatial illumination (slit 737)
[1;38;2;253;174;97m [WARNING][0m - [38;2;116;173;209mfitting.py:robust_fit:456[0m - Maximum number of iterations maxiter=10 reached in robust_polyfit_djs
[1;38;2;49;54;149m    [INFO][0m - [38;2;116;173;209mflatfield.py:spatillum_finecorr_qa:1966[0m - Generating QA for spatial illumination fine correction
[1;38;2;49;54;149m    [INFO][0m - [38;2;116;173;209mflatfield.py:spatillum_finecorr_qa:2047[0m - Saved QA:
/Users/kaiwenzhang/PycharmProjects/KCWI/KCWI_RED_channel_characterization/RH1 pypeit run/2023-11-07/pypeit_run/keck_kcrm_B/QA/PNGs/Spatillum_FineCorr_illumflat_B_1_DET01_S0737_spatillum_finecorr.png
[1;38;2;49;54;149m    [INFO][0m - [38;2;116;173;209mflatfield.py:fit:924[0m - Modeling the flat-field response for slit spat_id=811: 11/24
[1;38;2;49;54;149m    [INFO][0m - [38;2;116;173;209mflatfield.py:fit:1008[0m - Spectral fit of flatfield for 131902/144286  pixels in the slit.
[1;38;2;49;54;149m    [INFO][0m - [38;2;116;173;209mfitting.py:bspline_profile:1156[0m - B-spline fit:
[1;38;2;49;54;149m    [INFO][0m - [38;2;116;173;209mfitting.py:bspline_profile:1157[0m -     npoly = 1 profile basis functions
[1;38;2;49;54;149m    [INFO][0m - [38;2;116;173;209mfitting.py:bspline_profile:1158[0m -     ngood = 131902/131902 measurements
[1;38;2;49;54;149m    [INFO][0m - [38;2;116;173;209mfitting.py:bspline_profile:1159[0m - ***************** Iter     Chi^2    N Rej  R. Fac *****************
[1;38;2;49;54;149m    [INFO][0m - [38;2;116;173;209mfitting.py:bspline_profile:1163[0m -                   ----  --------  -------  ------                  
[1;38;2;49;54;149m    [INFO][0m - [38;2;116;173;209mfitting.py:bspline_profile:1257[0m -                      1     0.000        0    1.00                  
[1;38;2;49;54;149m    [INFO][0m - [38;2;116;173;209mfitting.py:bspline_profile:1272[0m -                   DONE     0.000        0    1.00                  
[1;38;2;49;54;149m    [INFO][0m - [38;2;116;173;209mfitting.py:bspline_profile:1275[0m - *******************************************************************
[1;38;2;49;54;149m    [INFO][0m - [38;2;116;173;209mflatfield.py:fit:1097[0m - Spatial fit of flatfield for 152427/152427  pixels in the slit.
[1;38;2;49;54;149m    [INFO][0m - [38;2;116;173;209mfitting.py:bspline_profile:1156[0m - B-spline fit:
[1;38;2;49;54;149m    [INFO][0m - [38;2;116;173;209mfitting.py:bspline_profile:1157[0m -     npoly = 1 profile basis functions
[1;38;2;49;54;149m    [INFO][0m - [38;2;116;173;209mfitting.py:bspline_profile:1158[0m -     ngood = 152427/152427 measurements
[1;38;2;49;54;149m    [INFO][0m - [38;2;116;173;209mfitting.py:bspline_profile:1159[0m - ***************** Iter     Chi^2    N Rej  R. Fac *****************
[1;38;2;49;54;149m    [INFO][0m - [38;2;116;173;209mfitting.py:bspline_profile:1163[0m -                   ----  --------  -------  ------                  
[1;38;2;49;54;149m    [INFO][0m - [38;2;116;173;209mfitting.py:bspline_profile:1257[0m -                      1     0.000        0    1.00                  
[1;38;2;49;54;149m    [INFO][0m - [38;2;116;173;209mfitting.py:bspline_profile:1272[0m -                   DONE     0.000        0    1.00                  
[1;38;2;49;54;149m    [INFO][0m - [38;2;116;173;209mfitting.py:bspline_profile:1275[0m - *******************************************************************
[1;38;2;253;174;97m [WARNING][0m - [38;2;116;173;209mflat.py:tweak_slit_edges_gradient:538[0m - Left slit edge shift of 0.7% exceeds the maximum allowed of 0.0%
The left edge will not be tweaked.
[1;38;2;253;174;97m [WARNING][0m - [38;2;116;173;209mflat.py:tweak_slit_edges_gradient:547[0m - Right slit edge shift of -105.0% exceeds the maximum allowed of 0.0%
The right edge will not be tweaked.
[1;38;2;49;54;149m    [INFO][0m - [38;2;116;173;209mfitting.py:bspline_profile:1156[0m - B-spline fit:
[1;38;2;49;54;149m    [INFO][0m - [38;2;116;173;209mfitting.py:bspline_profile:1157[0m -     npoly = 1 profile basis functions
[1;38;2;49;54;149m    [INFO][0m - [38;2;116;173;209mfitting.py:bspline_profile:1158[0m -     ngood = 152427/152427 measurements
[1;38;2;49;54;149m    [INFO][0m - [38;2;116;173;209mfitting.py:bspline_profile:1159[0m - ***************** Iter     Chi^2    N Rej  R. Fac *****************
[1;38;2;49;54;149m    [INFO][0m - [38;2;116;173;209mfitting.py:bspline_profile:1163[0m -                   ----  --------  -------  ------                  
[1;38;2;49;54;149m    [INFO][0m - [38;2;116;173;209mfitting.py:bspline_profile:1257[0m -                      1     0.000        0    1.00                  
[1;38;2;49;54;149m    [INFO][0m - [38;2;116;173;209mfitting.py:bspline_profile:1272[0m -                   DONE     0.000        0    1.00                  
[1;38;2;49;54;149m    [INFO][0m - [38;2;116;173;209mfitting.py:bspline_profile:1275[0m - *******************************************************************
[1;38;2;49;54;149m    [INFO][0m - [38;2;116;173;209mflatfield.py:spatial_fit_finecorr:1477[0m - Performing a fine correction to the spatial illumination (slit 811)
[1;38;2;253;174;97m [WARNING][0m - [38;2;116;173;209mfitting.py:robust_fit:456[0m - Maximum number of iterations maxiter=10 reached in robust_polyfit_djs
[1;38;2;49;54;149m    [INFO][0m - [38;2;116;173;209mflatfield.py:spatillum_finecorr_qa:1966[0m - Generating QA for spatial illumination fine correction
[1;38;2;49;54;149m    [INFO][0m - [38;2;116;173;209mflatfield.py:spatillum_finecorr_qa:2047[0m - Saved QA:
/Users/kaiwenzhang/PycharmProjects/KCWI/KCWI_RED_channel_characterization/RH1 pypeit run/2023-11-07/pypeit_run/keck_kcrm_B/QA/PNGs/Spatillum_FineCorr_illumflat_B_1_DET01_S0811_spatillum_finecorr.png
[1;38;2;49;54;149m    [INFO][0m - [38;2;116;173;209mflatfield.py:fit:924[0m - Modeling the flat-field response for slit spat_id=885: 12/24
[1;38;2;49;54;149m    [INFO][0m - [38;2;116;173;209mflatfield.py:fit:1008[0m - Spectral fit of flatfield for 132047/144431  pixels in the slit.
[1;38;2;49;54;149m    [INFO][0m - [38;2;116;173;209mfitting.py:bspline_profile:1156[0m - B-spline fit:
[1;38;2;49;54;149m    [INFO][0m - [38;2;116;173;209mfitting.py:bspline_profile:1157[0m -     npoly = 1 profile basis functions
[1;38;2;49;54;149m    [INFO][0m - [38;2;116;173;209mfitting.py:bspline_profile:1158[0m -     ngood = 132047/132047 measurements
[1;38;2;49;54;149m    [INFO][0m - [38;2;116;173;209mfitting.py:bspline_profile:1159[0m - ***************** Iter     Chi^2    N Rej  R. Fac *****************
[1;38;2;49;54;149m    [INFO][0m - [38;2;116;173;209mfitting.py:bspline_profile:1163[0m -                   ----  --------  -------  ------                  
[1;38;2;49;54;149m    [INFO][0m - [38;2;116;173;209mfitting.py:bspline_profile:1257[0m -                      1     0.000        0    1.00                  
[1;38;2;49;54;149m    [INFO][0m - [38;2;116;173;209mfitting.py:bspline_profile:1272[0m -                   DONE     0.000        0    1.00                  
[1;38;2;49;54;149m    [INFO][0m - [38;2;116;173;209mfitting.py:bspline_profile:1275[0m - *******************************************************************
[1;38;2;49;54;149m    [INFO][0m - [38;2;116;173;209mflatfield.py:fit:1097[0m - Spatial fit of flatfield for 165071/165071  pixels in the slit.
[1;38;2;49;54;149m    [INFO][0m - [38;2;116;173;209mfitting.py:bspline_profile:1156[0m - B-spline fit:
[1;38;2;49;54;149m    [INFO][0m - [38;2;116;173;209mfitting.py:bspline_profile:1157[0m -     npoly = 1 profile basis functions
[1;38;2;49;54;149m    [INFO][0m - [38;2;116;173;209mfitting.py:bspline_profile:1158[0m -     ngood = 165071/165071 measurements
[1;38;2;49;54;149m    [INFO][0m - [38;2;116;173;209mfitting.py:bspline_profile:1159[0m - ***************** Iter     Chi^2    N Rej  R. Fac *****************
[1;38;2;49;54;149m    [INFO][0m - [38;2;116;173;209mfitting.py:bspline_profile:1163[0m -                   ----  --------  -------  ------                  
[1;38;2;49;54;149m    [INFO][0m - [38;2;116;173;209mfitting.py:bspline_profile:1257[0m -                      1     0.000        0    1.00                  
[1;38;2;49;54;149m    [INFO][0m - [38;2;116;173;209mfitting.py:bspline_profile:1272[0m -                   DONE     0.000        0    1.00                  
[1;38;2;49;54;149m    [INFO][0m - [38;2;116;173;209mfitting.py:bspline_profile:1275[0m - *******************************************************************
[1;38;2;253;174;97m [WARNING][0m - [38;2;116;173;209mflat.py:tweak_slit_edges_gradient:538[0m - Left slit edge shift of 0.8% exceeds the maximum allowed of 0.0%
The left edge will not be tweaked.
[1;38;2;253;174;97m [WARNING][0m - [38;2;116;173;209mflat.py:tweak_slit_edges_gradient:547[0m - Right slit edge shift of -0.7% exceeds the maximum allowed of 0.0%
The right edge will not be tweaked.
[1;38;2;49;54;149m    [INFO][0m - [38;2;116;173;209mfitting.py:bspline_profile:1156[0m - B-spline fit:
[1;38;2;49;54;149m    [INFO][0m - [38;2;116;173;209mfitting.py:bspline_profile:1157[0m -     npoly = 1 profile basis functions
[1;38;2;49;54;149m    [INFO][0m - [38;2;116;173;209mfitting.py:bspline_profile:1158[0m -     ngood = 165071/165071 measurements
[1;38;2;49;54;149m    [INFO][0m - [38;2;116;173;209mfitting.py:bspline_profile:1159[0m - ***************** Iter     Chi^2    N Rej  R. Fac *****************
[1;38;2;49;54;149m    [INFO][0m - [38;2;116;173;209mfitting.py:bspline_profile:1163[0m -                   ----  --------  -------  ------                  
[1;38;2;49;54;149m    [INFO][0m - [38;2;116;173;209mfitting.py:bspline_profile:1257[0m -                      1     0.000        0    1.00                  
[1;38;2;49;54;149m    [INFO][0m - [38;2;116;173;209mfitting.py:bspline_profile:1272[0m -                   DONE     0.000        0    1.00                  
[1;38;2;49;54;149m    [INFO][0m - [38;2;116;173;209mfitting.py:bspline_profile:1275[0m - *******************************************************************
[1;38;2;49;54;149m    [INFO][0m - [38;2;116;173;209mflatfield.py:spatial_fit_finecorr:1477[0m - Performing a fine correction to the spatial illumination (slit 885)
[1;38;2;49;54;149m    [INFO][0m - [38;2;116;173;209mflatfield.py:spatillum_finecorr_qa:1966[0m - Generating QA for spatial illumination fine correction
[1;38;2;49;54;149m    [INFO][0m - [38;2;116;173;209mflatfield.py:spatillum_finecorr_qa:2047[0m - Saved QA:
/Users/kaiwenzhang/PycharmProjects/KCWI/KCWI_RED_channel_characterization/RH1 pypeit run/2023-11-07/pypeit_run/keck_kcrm_B/QA/PNGs/Spatillum_FineCorr_illumflat_B_1_DET01_S0885_spatillum_finecorr.png
[1;38;2;49;54;149m    [INFO][0m - [38;2;116;173;209mflatfield.py:fit:924[0m - Modeling the flat-field response for slit spat_id=1163: 13/24
[1;38;2;49;54;149m    [INFO][0m - [38;2;116;173;209mflatfield.py:fit:1008[0m - Spectral fit of flatfield for 132115/144499  pixels in the slit.
[1;38;2;49;54;149m    [INFO][0m - [38;2;116;173;209mfitting.py:bspline_profile:1156[0m - B-spline fit:
[1;38;2;49;54;149m    [INFO][0m - [38;2;116;173;209mfitting.py:bspline_profile:1157[0m -     npoly = 1 profile basis functions
[1;38;2;49;54;149m    [INFO][0m - [38;2;116;173;209mfitting.py:bspline_profile:1158[0m -     ngood = 132115/132115 measurements
[1;38;2;49;54;149m    [INFO][0m - [38;2;116;173;209mfitting.py:bspline_profile:1159[0m - ***************** Iter     Chi^2    N Rej  R. Fac *****************
[1;38;2;49;54;149m    [INFO][0m - [38;2;116;173;209mfitting.py:bspline_profile:1163[0m -                   ----  --------  -------  ------                  
[1;38;2;49;54;149m    [INFO][0m - [38;2;116;173;209mfitting.py:bspline_profile:1257[0m -                      1     0.000        0    1.00                  
[1;38;2;49;54;149m    [INFO][0m - [38;2;116;173;209mfitting.py:bspline_profile:1272[0m -                   DONE     0.000        0    1.00                  
[1;38;2;49;54;149m    [INFO][0m - [38;2;116;173;209mfitting.py:bspline_profile:1275[0m - *******************************************************************
[1;38;2;49;54;149m    [INFO][0m - [38;2;116;173;209mflatfield.py:fit:1097[0m - Spatial fit of flatfield for 152058/152058  pixels in the slit.
[1;38;2;49;54;149m    [INFO][0m - [38;2;116;173;209mfitting.py:bspline_profile:1156[0m - B-spline fit:
[1;38;2;49;54;149m    [INFO][0m - [38;2;116;173;209mfitting.py:bspline_profile:1157[0m -     npoly = 1 profile basis functions
[1;38;2;49;54;149m    [INFO][0m - [38;2;116;173;209mfitting.py:bspline_profile:1158[0m -     ngood = 152058/152058 measurements
[1;38;2;49;54;149m    [INFO][0m - [38;2;116;173;209mfitting.py:bspline_profile:1159[0m - ***************** Iter     Chi^2    N Rej  R. Fac *****************
[1;38;2;49;54;149m    [INFO][0m - [38;2;116;173;209mfitting.py:bspline_profile:1163[0m -                   ----  --------  -------  ------                  
[1;38;2;49;54;149m    [INFO][0m - [38;2;116;173;209mfitting.py:bspline_profile:1257[0m -                      1     0.000        0    1.00                  
[1;38;2;49;54;149m    [INFO][0m - [38;2;116;173;209mfitting.py:bspline_profile:1272[0m -                   DONE     0.000        0    1.00                  
[1;38;2;49;54;149m    [INFO][0m - [38;2;116;173;209mfitting.py:bspline_profile:1275[0m - *******************************************************************
[1;38;2;253;174;97m [WARNING][0m - [38;2;116;173;209mflat.py:tweak_slit_edges_gradient:538[0m - Left slit edge shift of 0.6% exceeds the maximum allowed of 0.0%
The left edge will not be tweaked.
[1;38;2;253;174;97m [WARNING][0m - [38;2;116;173;209mflat.py:tweak_slit_edges_gradient:547[0m - Right slit edge shift of -5.9% exceeds the maximum allowed of 0.0%
The right edge will not be tweaked.
[1;38;2;49;54;149m    [INFO][0m - [38;2;116;173;209mfitting.py:bspline_profile:1156[0m - B-spline fit:
[1;38;2;49;54;149m    [INFO][0m - [38;2;116;173;209mfitting.py:bspline_profile:1157[0m -     npoly = 1 profile basis functions
[1;38;2;49;54;149m    [INFO][0m - [38;2;116;173;209mfitting.py:bspline_profile:1158[0m -     ngood = 152058/152058 measurements
[1;38;2;49;54;149m    [INFO][0m - [38;2;116;173;209mfitting.py:bspline_profile:1159[0m - ***************** Iter     Chi^2    N Rej  R. Fac *****************
[1;38;2;49;54;149m    [INFO][0m - [38;2;116;173;209mfitting.py:bspline_profile:1163[0m -                   ----  --------  -------  ------                  
[1;38;2;49;54;149m    [INFO][0m - [38;2;116;173;209mfitting.py:bspline_profile:1257[0m -                      1     0.000        0    1.00                  
[1;38;2;49;54;149m    [INFO][0m - [38;2;116;173;209mfitting.py:bspline_profile:1272[0m -                   DONE     0.000        0    1.00                  
[1;38;2;49;54;149m    [INFO][0m - [38;2;116;173;209mfitting.py:bspline_profile:1275[0m - *******************************************************************
[1;38;2;49;54;149m    [INFO][0m - [38;2;116;173;209mflatfield.py:spatial_fit_finecorr:1477[0m - Performing a fine correction to the spatial illumination (slit 1163)
[1;38;2;253;174;97m [WARNING][0m - [38;2;116;173;209mfitting.py:robust_fit:456[0m - Maximum number of iterations maxiter=10 reached in robust_polyfit_djs
[1;38;2;49;54;149m    [INFO][0m - [38;2;116;173;209mflatfield.py:spatillum_finecorr_qa:1966[0m - Generating QA for spatial illumination fine correction
[1;38;2;49;54;149m    [INFO][0m - [38;2;116;173;209mflatfield.py:spatillum_finecorr_qa:2047[0m - Saved QA:
/Users/kaiwenzhang/PycharmProjects/KCWI/KCWI_RED_channel_characterization/RH1 pypeit run/2023-11-07/pypeit_run/keck_kcrm_B/QA/PNGs/Spatillum_FineCorr_illumflat_B_1_DET01_S1163_spatillum_finecorr.png
[1;38;2;49;54;149m    [INFO][0m - [38;2;116;173;209mflatfield.py:fit:924[0m - Modeling the flat-field response for slit spat_id=1237: 14/24
[1;38;2;49;54;149m    [INFO][0m - [38;2;116;173;209mflatfield.py:fit:1008[0m - Spectral fit of flatfield for 132087/144471  pixels in the slit.
[1;38;2;49;54;149m    [INFO][0m - [38;2;116;173;209mfitting.py:bspline_profile:1156[0m - B-spline fit:
[1;38;2;49;54;149m    [INFO][0m - [38;2;116;173;209mfitting.py:bspline_profile:1157[0m -     npoly = 1 profile basis functions
[1;38;2;49;54;149m    [INFO][0m - [38;2;116;173;209mfitting.py:bspline_profile:1158[0m -     ngood = 132087/132087 measurements
[1;38;2;49;54;149m    [INFO][0m - [38;2;116;173;209mfitting.py:bspline_profile:1159[0m - ***************** Iter     Chi^2    N Rej  R. Fac *****************
[1;38;2;49;54;149m    [INFO][0m - [38;2;116;173;209mfitting.py:bspline_profile:1163[0m -                   ----  --------  -------  ------                  
[1;38;2;49;54;149m    [INFO][0m - [38;2;116;173;209mfitting.py:bspline_profile:1257[0m -                      1     0.000        0    1.00                  
[1;38;2;49;54;149m    [INFO][0m - [38;2;116;173;209mfitting.py:bspline_profile:1272[0m -                   DONE     0.000        0    1.00                  
[1;38;2;49;54;149m    [INFO][0m - [38;2;116;173;209mfitting.py:bspline_profile:1275[0m - *******************************************************************
[1;38;2;49;54;149m    [INFO][0m - [38;2;116;173;209mflatfield.py:fit:1097[0m - Spatial fit of flatfield for 152993/152993  pixels in the slit.
[1;38;2;49;54;149m    [INFO][0m - [38;2;116;173;209mfitting.py:bspline_profile:1156[0m - B-spline fit:
[1;38;2;49;54;149m    [INFO][0m - [38;2;116;173;209mfitting.py:bspline_profile:1157[0m -     npoly = 1 profile basis functions
[1;38;2;49;54;149m    [INFO][0m - [38;2;116;173;209mfitting.py:bspline_profile:1158[0m -     ngood = 152993/152993 measurements
[1;38;2;49;54;149m    [INFO][0m - [38;2;116;173;209mfitting.py:bspline_profile:1159[0m - ***************** Iter     Chi^2    N Rej  R. Fac *****************
[1;38;2;49;54;149m    [INFO][0m - [38;2;116;173;209mfitting.py:bspline_profile:1163[0m -                   ----  --------  -------  ------                  
[1;38;2;49;54;149m    [INFO][0m - [38;2;116;173;209mfitting.py:bspline_profile:1257[0m -                      1     0.000        0    1.00                  
[1;38;2;49;54;149m    [INFO][0m - [38;2;116;173;209mfitting.py:bspline_profile:1272[0m -                   DONE     0.000        0    1.00                  
[1;38;2;49;54;149m    [INFO][0m - [38;2;116;173;209mfitting.py:bspline_profile:1275[0m - *******************************************************************
[1;38;2;253;174;97m [WARNING][0m - [38;2;116;173;209mflat.py:tweak_slit_edges_gradient:538[0m - Left slit edge shift of 0.8% exceeds the maximum allowed of 0.0%
The left edge will not be tweaked.
[1;38;2;253;174;97m [WARNING][0m - [38;2;116;173;209mflat.py:tweak_slit_edges_gradient:547[0m - Right slit edge shift of -104.9% exceeds the maximum allowed of 0.0%
The right edge will not be tweaked.
[1;38;2;49;54;149m    [INFO][0m - [38;2;116;173;209mfitting.py:bspline_profile:1156[0m - B-spline fit:
[1;38;2;49;54;149m    [INFO][0m - [38;2;116;173;209mfitting.py:bspline_profile:1157[0m -     npoly = 1 profile basis functions
[1;38;2;49;54;149m    [INFO][0m - [38;2;116;173;209mfitting.py:bspline_profile:1158[0m -     ngood = 152993/152993 measurements
[1;38;2;49;54;149m    [INFO][0m - [38;2;116;173;209mfitting.py:bspline_profile:1159[0m - ***************** Iter     Chi^2    N Rej  R. Fac *****************
[1;38;2;49;54;149m    [INFO][0m - [38;2;116;173;209mfitting.py:bspline_profile:1163[0m -                   ----  --------  -------  ------                  
[1;38;2;49;54;149m    [INFO][0m - [38;2;116;173;209mfitting.py:bspline_profile:1257[0m -                      1     0.000        0    1.00                  
[1;38;2;49;54;149m    [INFO][0m - [38;2;116;173;209mfitting.py:bspline_profile:1272[0m -                   DONE     0.000        0    1.00                  
[1;38;2;49;54;149m    [INFO][0m - [38;2;116;173;209mfitting.py:bspline_profile:1275[0m - *******************************************************************
[1;38;2;49;54;149m    [INFO][0m - [38;2;116;173;209mflatfield.py:spatial_fit_finecorr:1477[0m - Performing a fine correction to the spatial illumination (slit 1237)
[1;38;2;253;174;97m [WARNING][0m - [38;2;116;173;209mfitting.py:robust_fit:456[0m - Maximum number of iterations maxiter=10 reached in robust_polyfit_djs
[1;38;2;49;54;149m    [INFO][0m - [38;2;116;173;209mflatfield.py:spatillum_finecorr_qa:1966[0m - Generating QA for spatial illumination fine correction
[1;38;2;49;54;149m    [INFO][0m - [38;2;116;173;209mflatfield.py:spatillum_finecorr_qa:2047[0m - Saved QA:
/Users/kaiwenzhang/PycharmProjects/KCWI/KCWI_RED_channel_characterization/RH1 pypeit run/2023-11-07/pypeit_run/keck_kcrm_B/QA/PNGs/Spatillum_FineCorr_illumflat_B_1_DET01_S1237_spatillum_finecorr.png
[1;38;2;49;54;149m    [INFO][0m - [38;2;116;173;209mflatfield.py:fit:924[0m - Modeling the flat-field response for slit spat_id=1311: 15/24
[1;38;2;49;54;149m    [INFO][0m - [38;2;116;173;209mflatfield.py:fit:1008[0m - Spectral fit of flatfield for 132061/144445  pixels in the slit.
[1;38;2;49;54;149m    [INFO][0m - [38;2;116;173;209mfitting.py:bspline_profile:1156[0m - B-spline fit:
[1;38;2;49;54;149m    [INFO][0m - [38;2;116;173;209mfitting.py:bspline_profile:1157[0m -     npoly = 1 profile basis functions
[1;38;2;49;54;149m    [INFO][0m - [38;2;116;173;209mfitting.py:bspline_profile:1158[0m -     ngood = 132061/132061 measurements
[1;38;2;49;54;149m    [INFO][0m - [38;2;116;173;209mfitting.py:bspline_profile:1159[0m - ***************** Iter     Chi^2    N Rej  R. Fac *****************
[1;38;2;49;54;149m    [INFO][0m - [38;2;116;173;209mfitting.py:bspline_profile:1163[0m -                   ----  --------  -------  ------                  
[1;38;2;49;54;149m    [INFO][0m - [38;2;116;173;209mfitting.py:bspline_profile:1257[0m -                      1     0.000        0    1.00                  
[1;38;2;49;54;149m    [INFO][0m - [38;2;116;173;209mfitting.py:bspline_profile:1272[0m -                   DONE     0.000        0    1.00                  
[1;38;2;49;54;149m    [INFO][0m - [38;2;116;173;209mfitting.py:bspline_profile:1275[0m - *******************************************************************
[1;38;2;49;54;149m    [INFO][0m - [38;2;116;173;209mflatfield.py:fit:1097[0m - Spatial fit of flatfield for 152283/152283  pixels in the slit.
[1;38;2;49;54;149m    [INFO][0m - [38;2;116;173;209mfitting.py:bspline_profile:1156[0m - B-spline fit:
[1;38;2;49;54;149m    [INFO][0m - [38;2;116;173;209mfitting.py:bspline_profile:1157[0m -     npoly = 1 profile basis functions
[1;38;2;49;54;149m    [INFO][0m - [38;2;116;173;209mfitting.py:bspline_profile:1158[0m -     ngood = 152283/152283 measurements
[1;38;2;49;54;149m    [INFO][0m - [38;2;116;173;209mfitting.py:bspline_profile:1159[0m - ***************** Iter     Chi^2    N Rej  R. Fac *****************
[1;38;2;49;54;149m    [INFO][0m - [38;2;116;173;209mfitting.py:bspline_profile:1163[0m -                   ----  --------  -------  ------                  
[1;38;2;49;54;149m    [INFO][0m - [38;2;116;173;209mfitting.py:bspline_profile:1257[0m -                      1     0.000        0    1.00                  
[1;38;2;49;54;149m    [INFO][0m - [38;2;116;173;209mfitting.py:bspline_profile:1272[0m -                   DONE     0.000        0    1.00                  
[1;38;2;49;54;149m    [INFO][0m - [38;2;116;173;209mfitting.py:bspline_profile:1275[0m - *******************************************************************
[1;38;2;253;174;97m [WARNING][0m - [38;2;116;173;209mflat.py:tweak_slit_edges_gradient:538[0m - Left slit edge shift of 0.7% exceeds the maximum allowed of 0.0%
The left edge will not be tweaked.
[1;38;2;253;174;97m [WARNING][0m - [38;2;116;173;209mflat.py:tweak_slit_edges_gradient:547[0m - Right slit edge shift of -105.4% exceeds the maximum allowed of 0.0%
The right edge will not be tweaked.
[1;38;2;49;54;149m    [INFO][0m - [38;2;116;173;209mfitting.py:bspline_profile:1156[0m - B-spline fit:
[1;38;2;49;54;149m    [INFO][0m - [38;2;116;173;209mfitting.py:bspline_profile:1157[0m -     npoly = 1 profile basis functions
[1;38;2;49;54;149m    [INFO][0m - [38;2;116;173;209mfitting.py:bspline_profile:1158[0m -     ngood = 152283/152283 measurements
[1;38;2;49;54;149m    [INFO][0m - [38;2;116;173;209mfitting.py:bspline_profile:1159[0m - ***************** Iter     Chi^2    N Rej  R. Fac *****************
[1;38;2;49;54;149m    [INFO][0m - [38;2;116;173;209mfitting.py:bspline_profile:1163[0m -                   ----  --------  -------  ------                  
[1;38;2;49;54;149m    [INFO][0m - [38;2;116;173;209mfitting.py:bspline_profile:1257[0m -                      1     0.000        0    1.00                  
[1;38;2;49;54;149m    [INFO][0m - [38;2;116;173;209mfitting.py:bspline_profile:1272[0m -                   DONE     0.000        0    1.00                  
[1;38;2;49;54;149m    [INFO][0m - [38;2;116;173;209mfitting.py:bspline_profile:1275[0m - *******************************************************************
[1;38;2;49;54;149m    [INFO][0m - [38;2;116;173;209mflatfield.py:spatial_fit_finecorr:1477[0m - Performing a fine correction to the spatial illumination (slit 1311)
[1;38;2;253;174;97m [WARNING][0m - [38;2;116;173;209mfitting.py:robust_fit:456[0m - Maximum number of iterations maxiter=10 reached in robust_polyfit_djs
[1;38;2;49;54;149m    [INFO][0m - [38;2;116;173;209mflatfield.py:spatillum_finecorr_qa:1966[0m - Generating QA for spatial illumination fine correction
[1;38;2;49;54;149m    [INFO][0m - [38;2;116;173;209mflatfield.py:spatillum_finecorr_qa:2047[0m - Saved QA:
/Users/kaiwenzhang/PycharmProjects/KCWI/KCWI_RED_channel_characterization/RH1 pypeit run/2023-11-07/pypeit_run/keck_kcrm_B/QA/PNGs/Spatillum_FineCorr_illumflat_B_1_DET01_S1311_spatillum_finecorr.png
[1;38;2;49;54;149m    [INFO][0m - [38;2;116;173;209mflatfield.py:fit:924[0m - Modeling the flat-field response for slit spat_id=1385: 16/24
[1;38;2;49;54;149m    [INFO][0m - [38;2;116;173;209mflatfield.py:fit:1008[0m - Spectral fit of flatfield for 132096/144480  pixels in the slit.
[1;38;2;49;54;149m    [INFO][0m - [38;2;116;173;209mfitting.py:bspline_profile:1156[0m - B-spline fit:
[1;38;2;49;54;149m    [INFO][0m - [38;2;116;173;209mfitting.py:bspline_profile:1157[0m -     npoly = 1 profile basis functions
[1;38;2;49;54;149m    [INFO][0m - [38;2;116;173;209mfitting.py:bspline_profile:1158[0m -     ngood = 132096/132096 measurements
[1;38;2;49;54;149m    [INFO][0m - [38;2;116;173;209mfitting.py:bspline_profile:1159[0m - ***************** Iter     Chi^2    N Rej  R. Fac *****************
[1;38;2;49;54;149m    [INFO][0m - [38;2;116;173;209mfitting.py:bspline_profile:1163[0m -                   ----  --------  -------  ------                  
[1;38;2;49;54;149m    [INFO][0m - [38;2;116;173;209mfitting.py:bspline_profile:1257[0m -                      1     0.000        0    1.00                  
[1;38;2;49;54;149m    [INFO][0m - [38;2;116;173;209mfitting.py:bspline_profile:1272[0m -                   DONE     0.000        0    1.00                  
[1;38;2;49;54;149m    [INFO][0m - [38;2;116;173;209mfitting.py:bspline_profile:1275[0m - *******************************************************************
[1;38;2;49;54;149m    [INFO][0m - [38;2;116;173;209mflatfield.py:fit:1097[0m - Spatial fit of flatfield for 152631/152631  pixels in the slit.
[1;38;2;49;54;149m    [INFO][0m - [38;2;116;173;209mfitting.py:bspline_profile:1156[0m - B-spline fit:
[1;38;2;49;54;149m    [INFO][0m - [38;2;116;173;209mfitting.py:bspline_profile:1157[0m -     npoly = 1 profile basis functions
[1;38;2;49;54;149m    [INFO][0m - [38;2;116;173;209mfitting.py:bspline_profile:1158[0m -     ngood = 152631/152631 measurements
[1;38;2;49;54;149m    [INFO][0m - [38;2;116;173;209mfitting.py:bspline_profile:1159[0m - ***************** Iter     Chi^2    N Rej  R. Fac *****************
[1;38;2;49;54;149m    [INFO][0m - [38;2;116;173;209mfitting.py:bspline_profile:1163[0m -                   ----  --------  -------  ------                  
[1;38;2;49;54;149m    [INFO][0m - [38;2;116;173;209mfitting.py:bspline_profile:1257[0m -                      1     0.000        0    1.00                  
[1;38;2;49;54;149m    [INFO][0m - [38;2;116;173;209mfitting.py:bspline_profile:1272[0m -                   DONE     0.000        0    1.00                  
[1;38;2;49;54;149m    [INFO][0m - [38;2;116;173;209mfitting.py:bspline_profile:1275[0m - *******************************************************************
[1;38;2;253;174;97m [WARNING][0m - [38;2;116;173;209mflat.py:tweak_slit_edges_gradient:538[0m - Left slit edge shift of 0.9% exceeds the maximum allowed of 0.0%
The left edge will not be tweaked.
[1;38;2;253;174;97m [WARNING][0m - [38;2;116;173;209mflat.py:tweak_slit_edges_gradient:547[0m - Right slit edge shift of -105.0% exceeds the maximum allowed of 0.0%
The right edge will not be tweaked.
[1;38;2;49;54;149m    [INFO][0m - [38;2;116;173;209mfitting.py:bspline_profile:1156[0m - B-spline fit:
[1;38;2;49;54;149m    [INFO][0m - [38;2;116;173;209mfitting.py:bspline_profile:1157[0m -     npoly = 1 profile basis functions
[1;38;2;49;54;149m    [INFO][0m - [38;2;116;173;209mfitting.py:bspline_profile:1158[0m -     ngood = 152631/152631 measurements
[1;38;2;49;54;149m    [INFO][0m - [38;2;116;173;209mfitting.py:bspline_profile:1159[0m - ***************** Iter     Chi^2    N Rej  R. Fac *****************
[1;38;2;49;54;149m    [INFO][0m - [38;2;116;173;209mfitting.py:bspline_profile:1163[0m -                   ----  --------  -------  ------                  
[1;38;2;49;54;149m    [INFO][0m - [38;2;116;173;209mfitting.py:bspline_profile:1257[0m -                      1     0.000        0    1.00                  
[1;38;2;49;54;149m    [INFO][0m - [38;2;116;173;209mfitting.py:bspline_profile:1272[0m -                   DONE     0.000        0    1.00                  
[1;38;2;49;54;149m    [INFO][0m - [38;2;116;173;209mfitting.py:bspline_profile:1275[0m - *******************************************************************
[1;38;2;49;54;149m    [INFO][0m - [38;2;116;173;209mflatfield.py:spatial_fit_finecorr:1477[0m - Performing a fine correction to the spatial illumination (slit 1385)
[1;38;2;49;54;149m    [INFO][0m - [38;2;116;173;209mflatfield.py:spatillum_finecorr_qa:1966[0m - Generating QA for spatial illumination fine correction
[1;38;2;49;54;149m    [INFO][0m - [38;2;116;173;209mflatfield.py:spatillum_finecorr_qa:2047[0m - Saved QA:
/Users/kaiwenzhang/PycharmProjects/KCWI/KCWI_RED_channel_characterization/RH1 pypeit run/2023-11-07/pypeit_run/keck_kcrm_B/QA/PNGs/Spatillum_FineCorr_illumflat_B_1_DET01_S1385_spatillum_finecorr.png
[1;38;2;49;54;149m    [INFO][0m - [38;2;116;173;209mflatfield.py:fit:924[0m - Modeling the flat-field response for slit spat_id=1458: 17/24
[1;38;2;49;54;149m    [INFO][0m - [38;2;116;173;209mflatfield.py:fit:1008[0m - Spectral fit of flatfield for 131597/143981  pixels in the slit.
[1;38;2;49;54;149m    [INFO][0m - [38;2;116;173;209mfitting.py:bspline_profile:1156[0m - B-spline fit:
[1;38;2;49;54;149m    [INFO][0m - [38;2;116;173;209mfitting.py:bspline_profile:1157[0m -     npoly = 1 profile basis functions
[1;38;2;49;54;149m    [INFO][0m - [38;2;116;173;209mfitting.py:bspline_profile:1158[0m -     ngood = 131597/131597 measurements
[1;38;2;49;54;149m    [INFO][0m - [38;2;116;173;209mfitting.py:bspline_profile:1159[0m - ***************** Iter     Chi^2    N Rej  R. Fac *****************
[1;38;2;49;54;149m    [INFO][0m - [38;2;116;173;209mfitting.py:bspline_profile:1163[0m -                   ----  --------  -------  ------                  
[1;38;2;49;54;149m    [INFO][0m - [38;2;116;173;209mfitting.py:bspline_profile:1257[0m -                      1     0.000        0    1.00                  
[1;38;2;49;54;149m    [INFO][0m - [38;2;116;173;209mfitting.py:bspline_profile:1272[0m -                   DONE     0.000        0    1.00                  
[1;38;2;49;54;149m    [INFO][0m - [38;2;116;173;209mfitting.py:bspline_profile:1275[0m - *******************************************************************
[1;38;2;49;54;149m    [INFO][0m - [38;2;116;173;209mflatfield.py:fit:1097[0m - Spatial fit of flatfield for 153164/153164  pixels in the slit.
[1;38;2;49;54;149m    [INFO][0m - [38;2;116;173;209mfitting.py:bspline_profile:1156[0m - B-spline fit:
[1;38;2;49;54;149m    [INFO][0m - [38;2;116;173;209mfitting.py:bspline_profile:1157[0m -     npoly = 1 profile basis functions
[1;38;2;49;54;149m    [INFO][0m - [38;2;116;173;209mfitting.py:bspline_profile:1158[0m -     ngood = 153164/153164 measurements
[1;38;2;49;54;149m    [INFO][0m - [38;2;116;173;209mfitting.py:bspline_profile:1159[0m - ***************** Iter     Chi^2    N Rej  R. Fac *****************
[1;38;2;49;54;149m    [INFO][0m - [38;2;116;173;209mfitting.py:bspline_profile:1163[0m -                   ----  --------  -------  ------                  
[1;38;2;49;54;149m    [INFO][0m - [38;2;116;173;209mfitting.py:bspline_profile:1257[0m -                      1     0.000        0    1.00                  
[1;38;2;49;54;149m    [INFO][0m - [38;2;116;173;209mfitting.py:bspline_profile:1272[0m -                   DONE     0.000        0    1.00                  
[1;38;2;49;54;149m    [INFO][0m - [38;2;116;173;209mfitting.py:bspline_profile:1275[0m - *******************************************************************
[1;38;2;253;174;97m [WARNING][0m - [38;2;116;173;209mflat.py:tweak_slit_edges_gradient:538[0m - Left slit edge shift of 0.8% exceeds the maximum allowed of 0.0%
The left edge will not be tweaked.
[1;38;2;253;174;97m [WARNING][0m - [38;2;116;173;209mflat.py:tweak_slit_edges_gradient:547[0m - Right slit edge shift of -105.5% exceeds the maximum allowed of 0.0%
The right edge will not be tweaked.
[1;38;2;49;54;149m    [INFO][0m - [38;2;116;173;209mfitting.py:bspline_profile:1156[0m - B-spline fit:
[1;38;2;49;54;149m    [INFO][0m - [38;2;116;173;209mfitting.py:bspline_profile:1157[0m -     npoly = 1 profile basis functions
[1;38;2;49;54;149m    [INFO][0m - [38;2;116;173;209mfitting.py:bspline_profile:1158[0m -     ngood = 153164/153164 measurements
[1;38;2;49;54;149m    [INFO][0m - [38;2;116;173;209mfitting.py:bspline_profile:1159[0m - ***************** Iter     Chi^2    N Rej  R. Fac *****************
[1;38;2;49;54;149m    [INFO][0m - [38;2;116;173;209mfitting.py:bspline_profile:1163[0m -                   ----  --------  -------  ------                  
[1;38;2;49;54;149m    [INFO][0m - [38;2;116;173;209mfitting.py:bspline_profile:1257[0m -                      1     0.000        0    1.00                  
[1;38;2;49;54;149m    [INFO][0m - [38;2;116;173;209mfitting.py:bspline_profile:1272[0m -                   DONE     0.000        0    1.00                  
[1;38;2;49;54;149m    [INFO][0m - [38;2;116;173;209mfitting.py:bspline_profile:1275[0m - *******************************************************************
[1;38;2;49;54;149m    [INFO][0m - [38;2;116;173;209mflatfield.py:spatial_fit_finecorr:1477[0m - Performing a fine correction to the spatial illumination (slit 1458)
[1;38;2;49;54;149m    [INFO][0m - [38;2;116;173;209mflatfield.py:spatillum_finecorr_qa:1966[0m - Generating QA for spatial illumination fine correction
[1;38;2;49;54;149m    [INFO][0m - [38;2;116;173;209mflatfield.py:spatillum_finecorr_qa:2047[0m - Saved QA:
/Users/kaiwenzhang/PycharmProjects/KCWI/KCWI_RED_channel_characterization/RH1 pypeit run/2023-11-07/pypeit_run/keck_kcrm_B/QA/PNGs/Spatillum_FineCorr_illumflat_B_1_DET01_S1458_spatillum_finecorr.png
[1;38;2;49;54;149m    [INFO][0m - [38;2;116;173;209mflatfield.py:fit:924[0m - Modeling the flat-field response for slit spat_id=1533: 18/24
[1;38;2;49;54;149m    [INFO][0m - [38;2;116;173;209mflatfield.py:fit:1008[0m - Spectral fit of flatfield for 131974/144358  pixels in the slit.
[1;38;2;49;54;149m    [INFO][0m - [38;2;116;173;209mfitting.py:bspline_profile:1156[0m - B-spline fit:
[1;38;2;49;54;149m    [INFO][0m - [38;2;116;173;209mfitting.py:bspline_profile:1157[0m -     npoly = 1 profile basis functions
[1;38;2;49;54;149m    [INFO][0m - [38;2;116;173;209mfitting.py:bspline_profile:1158[0m -     ngood = 131974/131974 measurements
[1;38;2;49;54;149m    [INFO][0m - [38;2;116;173;209mfitting.py:bspline_profile:1159[0m - ***************** Iter     Chi^2    N Rej  R. Fac *****************
[1;38;2;49;54;149m    [INFO][0m - [38;2;116;173;209mfitting.py:bspline_profile:1163[0m -                   ----  --------  -------  ------                  
[1;38;2;49;54;149m    [INFO][0m - [38;2;116;173;209mfitting.py:bspline_profile:1257[0m -                      1     0.001        0    1.00                  
[1;38;2;49;54;149m    [INFO][0m - [38;2;116;173;209mfitting.py:bspline_profile:1272[0m -                   DONE     0.001        0    1.00                  
[1;38;2;49;54;149m    [INFO][0m - [38;2;116;173;209mfitting.py:bspline_profile:1275[0m - *******************************************************************
[1;38;2;49;54;149m    [INFO][0m - [38;2;116;173;209mflatfield.py:fit:1097[0m - Spatial fit of flatfield for 152647/152647  pixels in the slit.
[1;38;2;49;54;149m    [INFO][0m - [38;2;116;173;209mfitting.py:bspline_profile:1156[0m - B-spline fit:
[1;38;2;49;54;149m    [INFO][0m - [38;2;116;173;209mfitting.py:bspline_profile:1157[0m -     npoly = 1 profile basis functions
[1;38;2;49;54;149m    [INFO][0m - [38;2;116;173;209mfitting.py:bspline_profile:1158[0m -     ngood = 152647/152647 measurements
[1;38;2;49;54;149m    [INFO][0m - [38;2;116;173;209mfitting.py:bspline_profile:1159[0m - ***************** Iter     Chi^2    N Rej  R. Fac *****************
[1;38;2;49;54;149m    [INFO][0m - [38;2;116;173;209mfitting.py:bspline_profile:1163[0m -                   ----  --------  -------  ------                  
[1;38;2;49;54;149m    [INFO][0m - [38;2;116;173;209mfitting.py:bspline_profile:1257[0m -                      1     0.000        0    1.00                  
[1;38;2;49;54;149m    [INFO][0m - [38;2;116;173;209mfitting.py:bspline_profile:1272[0m -                   DONE     0.000        0    1.00                  
[1;38;2;49;54;149m    [INFO][0m - [38;2;116;173;209mfitting.py:bspline_profile:1275[0m - *******************************************************************
[1;38;2;253;174;97m [WARNING][0m - [38;2;116;173;209mflat.py:tweak_slit_edges_gradient:538[0m - Left slit edge shift of 0.8% exceeds the maximum allowed of 0.0%
The left edge will not be tweaked.
[1;38;2;253;174;97m [WARNING][0m - [38;2;116;173;209mflat.py:tweak_slit_edges_gradient:547[0m - Right slit edge shift of -6.2% exceeds the maximum allowed of 0.0%
The right edge will not be tweaked.
[1;38;2;49;54;149m    [INFO][0m - [38;2;116;173;209mfitting.py:bspline_profile:1156[0m - B-spline fit:
[1;38;2;49;54;149m    [INFO][0m - [38;2;116;173;209mfitting.py:bspline_profile:1157[0m -     npoly = 1 profile basis functions
[1;38;2;49;54;149m    [INFO][0m - [38;2;116;173;209mfitting.py:bspline_profile:1158[0m -     ngood = 152647/152647 measurements
[1;38;2;49;54;149m    [INFO][0m - [38;2;116;173;209mfitting.py:bspline_profile:1159[0m - ***************** Iter     Chi^2    N Rej  R. Fac *****************
[1;38;2;49;54;149m    [INFO][0m - [38;2;116;173;209mfitting.py:bspline_profile:1163[0m -                   ----  --------  -------  ------                  
[1;38;2;49;54;149m    [INFO][0m - [38;2;116;173;209mfitting.py:bspline_profile:1257[0m -                      1     0.000        0    1.00                  
[1;38;2;49;54;149m    [INFO][0m - [38;2;116;173;209mfitting.py:bspline_profile:1272[0m -                   DONE     0.000        0    1.00                  
[1;38;2;49;54;149m    [INFO][0m - [38;2;116;173;209mfitting.py:bspline_profile:1275[0m - *******************************************************************
[1;38;2;49;54;149m    [INFO][0m - [38;2;116;173;209mflatfield.py:spatial_fit_finecorr:1477[0m - Performing a fine correction to the spatial illumination (slit 1533)
[1;38;2;253;174;97m [WARNING][0m - [38;2;116;173;209mfitting.py:robust_fit:456[0m - Maximum number of iterations maxiter=10 reached in robust_polyfit_djs
[1;38;2;49;54;149m    [INFO][0m - [38;2;116;173;209mflatfield.py:spatillum_finecorr_qa:1966[0m - Generating QA for spatial illumination fine correction
[1;38;2;49;54;149m    [INFO][0m - [38;2;116;173;209mflatfield.py:spatillum_finecorr_qa:2047[0m - Saved QA:
/Users/kaiwenzhang/PycharmProjects/KCWI/KCWI_RED_channel_characterization/RH1 pypeit run/2023-11-07/pypeit_run/keck_kcrm_B/QA/PNGs/Spatillum_FineCorr_illumflat_B_1_DET01_S1533_spatillum_finecorr.png
[1;38;2;49;54;149m    [INFO][0m - [38;2;116;173;209mflatfield.py:fit:924[0m - Modeling the flat-field response for slit spat_id=1606: 19/24
[1;38;2;49;54;149m    [INFO][0m - [38;2;116;173;209mflatfield.py:fit:1008[0m - Spectral fit of flatfield for 131930/144314  pixels in the slit.
[1;38;2;49;54;149m    [INFO][0m - [38;2;116;173;209mfitting.py:bspline_profile:1156[0m - B-spline fit:
[1;38;2;49;54;149m    [INFO][0m - [38;2;116;173;209mfitting.py:bspline_profile:1157[0m -     npoly = 1 profile basis functions
[1;38;2;49;54;149m    [INFO][0m - [38;2;116;173;209mfitting.py:bspline_profile:1158[0m -     ngood = 131930/131930 measurements
[1;38;2;49;54;149m    [INFO][0m - [38;2;116;173;209mfitting.py:bspline_profile:1159[0m - ***************** Iter     Chi^2    N Rej  R. Fac *****************
[1;38;2;49;54;149m    [INFO][0m - [38;2;116;173;209mfitting.py:bspline_profile:1163[0m -                   ----  --------  -------  ------                  
[1;38;2;49;54;149m    [INFO][0m - [38;2;116;173;209mfitting.py:bspline_profile:1257[0m -                      1     0.000        0    1.00                  
[1;38;2;49;54;149m    [INFO][0m - [38;2;116;173;209mfitting.py:bspline_profile:1272[0m -                   DONE     0.000        0    1.00                  
[1;38;2;49;54;149m    [INFO][0m - [38;2;116;173;209mfitting.py:bspline_profile:1275[0m - *******************************************************************
[1;38;2;49;54;149m    [INFO][0m - [38;2;116;173;209mflatfield.py:fit:1097[0m - Spatial fit of flatfield for 155579/155579  pixels in the slit.
[1;38;2;49;54;149m    [INFO][0m - [38;2;116;173;209mfitting.py:bspline_profile:1156[0m - B-spline fit:
[1;38;2;49;54;149m    [INFO][0m - [38;2;116;173;209mfitting.py:bspline_profile:1157[0m -     npoly = 1 profile basis functions
[1;38;2;49;54;149m    [INFO][0m - [38;2;116;173;209mfitting.py:bspline_profile:1158[0m -     ngood = 155579/155579 measurements
[1;38;2;49;54;149m    [INFO][0m - [38;2;116;173;209mfitting.py:bspline_profile:1159[0m - ***************** Iter     Chi^2    N Rej  R. Fac *****************
[1;38;2;49;54;149m    [INFO][0m - [38;2;116;173;209mfitting.py:bspline_profile:1163[0m -                   ----  --------  -------  ------                  
[1;38;2;49;54;149m    [INFO][0m - [38;2;116;173;209mfitting.py:bspline_profile:1257[0m -                      1     0.000        0    1.00                  
[1;38;2;49;54;149m    [INFO][0m - [38;2;116;173;209mfitting.py:bspline_profile:1272[0m -                   DONE     0.000        0    1.00                  
[1;38;2;49;54;149m    [INFO][0m - [38;2;116;173;209mfitting.py:bspline_profile:1275[0m - *******************************************************************
[1;38;2;253;174;97m [WARNING][0m - [38;2;116;173;209mflat.py:tweak_slit_edges_gradient:538[0m - Left slit edge shift of 0.8% exceeds the maximum allowed of 0.0%
The left edge will not be tweaked.
[1;38;2;253;174;97m [WARNING][0m - [38;2;116;173;209mflat.py:tweak_slit_edges_gradient:547[0m - Right slit edge shift of -1.6% exceeds the maximum allowed of 0.0%
The right edge will not be tweaked.
[1;38;2;49;54;149m    [INFO][0m - [38;2;116;173;209mfitting.py:bspline_profile:1156[0m - B-spline fit:
[1;38;2;49;54;149m    [INFO][0m - [38;2;116;173;209mfitting.py:bspline_profile:1157[0m -     npoly = 1 profile basis functions
[1;38;2;49;54;149m    [INFO][0m - [38;2;116;173;209mfitting.py:bspline_profile:1158[0m -     ngood = 155579/155579 measurements
[1;38;2;49;54;149m    [INFO][0m - [38;2;116;173;209mfitting.py:bspline_profile:1159[0m - ***************** Iter     Chi^2    N Rej  R. Fac *****************
[1;38;2;49;54;149m    [INFO][0m - [38;2;116;173;209mfitting.py:bspline_profile:1163[0m -                   ----  --------  -------  ------                  
[1;38;2;49;54;149m    [INFO][0m - [38;2;116;173;209mfitting.py:bspline_profile:1257[0m -                      1     0.000        0    1.00                  
[1;38;2;49;54;149m    [INFO][0m - [38;2;116;173;209mfitting.py:bspline_profile:1272[0m -                   DONE     0.000        0    1.00                  
[1;38;2;49;54;149m    [INFO][0m - [38;2;116;173;209mfitting.py:bspline_profile:1275[0m - *******************************************************************
[1;38;2;49;54;149m    [INFO][0m - [38;2;116;173;209mflatfield.py:spatial_fit_finecorr:1477[0m - Performing a fine correction to the spatial illumination (slit 1606)
[1;38;2;253;174;97m [WARNING][0m - [38;2;116;173;209mfitting.py:robust_fit:456[0m - Maximum number of iterations maxiter=10 reached in robust_polyfit_djs
[1;38;2;49;54;149m    [INFO][0m - [38;2;116;173;209mflatfield.py:spatillum_finecorr_qa:1966[0m - Generating QA for spatial illumination fine correction
[1;38;2;49;54;149m    [INFO][0m - [38;2;116;173;209mflatfield.py:spatillum_finecorr_qa:2047[0m - Saved QA:
/Users/kaiwenzhang/PycharmProjects/KCWI/KCWI_RED_channel_characterization/RH1 pypeit run/2023-11-07/pypeit_run/keck_kcrm_B/QA/PNGs/Spatillum_FineCorr_illumflat_B_1_DET01_S1606_spatillum_finecorr.png
[1;38;2;49;54;149m    [INFO][0m - [38;2;116;173;209mflatfield.py:fit:924[0m - Modeling the flat-field response for slit spat_id=1682: 20/24
[1;38;2;49;54;149m    [INFO][0m - [38;2;116;173;209mflatfield.py:fit:1008[0m - Spectral fit of flatfield for 131751/144135  pixels in the slit.
[1;38;2;49;54;149m    [INFO][0m - [38;2;116;173;209mfitting.py:bspline_profile:1156[0m - B-spline fit:
[1;38;2;49;54;149m    [INFO][0m - [38;2;116;173;209mfitting.py:bspline_profile:1157[0m -     npoly = 1 profile basis functions
[1;38;2;49;54;149m    [INFO][0m - [38;2;116;173;209mfitting.py:bspline_profile:1158[0m -     ngood = 131751/131751 measurements
[1;38;2;49;54;149m    [INFO][0m - [38;2;116;173;209mfitting.py:bspline_profile:1159[0m - ***************** Iter     Chi^2    N Rej  R. Fac *****************
[1;38;2;49;54;149m    [INFO][0m - [38;2;116;173;209mfitting.py:bspline_profile:1163[0m -                   ----  --------  -------  ------                  
[1;38;2;49;54;149m    [INFO][0m - [38;2;116;173;209mfitting.py:bspline_profile:1257[0m -                      1     0.001        0    1.00                  
[1;38;2;49;54;149m    [INFO][0m - [38;2;116;173;209mfitting.py:bspline_profile:1272[0m -                   DONE     0.001        0    1.00                  
[1;38;2;49;54;149m    [INFO][0m - [38;2;116;173;209mfitting.py:bspline_profile:1275[0m - *******************************************************************
[1;38;2;49;54;149m    [INFO][0m - [38;2;116;173;209mflatfield.py:fit:1097[0m - Spatial fit of flatfield for 155297/155297  pixels in the slit.
[1;38;2;49;54;149m    [INFO][0m - [38;2;116;173;209mfitting.py:bspline_profile:1156[0m - B-spline fit:
[1;38;2;49;54;149m    [INFO][0m - [38;2;116;173;209mfitting.py:bspline_profile:1157[0m -     npoly = 1 profile basis functions
[1;38;2;49;54;149m    [INFO][0m - [38;2;116;173;209mfitting.py:bspline_profile:1158[0m -     ngood = 155297/155297 measurements
[1;38;2;49;54;149m    [INFO][0m - [38;2;116;173;209mfitting.py:bspline_profile:1159[0m - ***************** Iter     Chi^2    N Rej  R. Fac *****************
[1;38;2;49;54;149m    [INFO][0m - [38;2;116;173;209mfitting.py:bspline_profile:1163[0m -                   ----  --------  -------  ------                  
[1;38;2;49;54;149m    [INFO][0m - [38;2;116;173;209mfitting.py:bspline_profile:1257[0m -                      1     0.000        0    1.00                  
[1;38;2;49;54;149m    [INFO][0m - [38;2;116;173;209mfitting.py:bspline_profile:1272[0m -                   DONE     0.000        0    1.00                  
[1;38;2;49;54;149m    [INFO][0m - [38;2;116;173;209mfitting.py:bspline_profile:1275[0m - *******************************************************************
[1;38;2;253;174;97m [WARNING][0m - [38;2;116;173;209mflat.py:tweak_slit_edges_gradient:538[0m - Left slit edge shift of 0.7% exceeds the maximum allowed of 0.0%
The left edge will not be tweaked.
[1;38;2;253;174;97m [WARNING][0m - [38;2;116;173;209mflat.py:tweak_slit_edges_gradient:547[0m - Right slit edge shift of -1.8% exceeds the maximum allowed of 0.0%
The right edge will not be tweaked.
[1;38;2;49;54;149m    [INFO][0m - [38;2;116;173;209mfitting.py:bspline_profile:1156[0m - B-spline fit:
[1;38;2;49;54;149m    [INFO][0m - [38;2;116;173;209mfitting.py:bspline_profile:1157[0m -     npoly = 1 profile basis functions
[1;38;2;49;54;149m    [INFO][0m - [38;2;116;173;209mfitting.py:bspline_profile:1158[0m -     ngood = 155297/155297 measurements
[1;38;2;49;54;149m    [INFO][0m - [38;2;116;173;209mfitting.py:bspline_profile:1159[0m - ***************** Iter     Chi^2    N Rej  R. Fac *****************
[1;38;2;49;54;149m    [INFO][0m - [38;2;116;173;209mfitting.py:bspline_profile:1163[0m -                   ----  --------  -------  ------                  
[1;38;2;49;54;149m    [INFO][0m - [38;2;116;173;209mfitting.py:bspline_profile:1257[0m -                      1     0.000        0    1.00                  
[1;38;2;49;54;149m    [INFO][0m - [38;2;116;173;209mfitting.py:bspline_profile:1272[0m -                   DONE     0.000        0    1.00                  
[1;38;2;49;54;149m    [INFO][0m - [38;2;116;173;209mfitting.py:bspline_profile:1275[0m - *******************************************************************
[1;38;2;49;54;149m    [INFO][0m - [38;2;116;173;209mflatfield.py:spatial_fit_finecorr:1477[0m - Performing a fine correction to the spatial illumination (slit 1682)
[1;38;2;253;174;97m [WARNING][0m - [38;2;116;173;209mfitting.py:robust_fit:456[0m - Maximum number of iterations maxiter=10 reached in robust_polyfit_djs
[1;38;2;49;54;149m    [INFO][0m - [38;2;116;173;209mflatfield.py:spatillum_finecorr_qa:1966[0m - Generating QA for spatial illumination fine correction
[1;38;2;49;54;149m    [INFO][0m - [38;2;116;173;209mflatfield.py:spatillum_finecorr_qa:2047[0m - Saved QA:
/Users/kaiwenzhang/PycharmProjects/KCWI/KCWI_RED_channel_characterization/RH1 pypeit run/2023-11-07/pypeit_run/keck_kcrm_B/QA/PNGs/Spatillum_FineCorr_illumflat_B_1_DET01_S1682_spatillum_finecorr.png
[1;38;2;49;54;149m    [INFO][0m - [38;2;116;173;209mflatfield.py:fit:924[0m - Modeling the flat-field response for slit spat_id=1757: 21/24
[1;38;2;49;54;149m    [INFO][0m - [38;2;116;173;209mflatfield.py:fit:1008[0m - Spectral fit of flatfield for 131473/143857  pixels in the slit.
[1;38;2;49;54;149m    [INFO][0m - [38;2;116;173;209mfitting.py:bspline_profile:1156[0m - B-spline fit:
[1;38;2;49;54;149m    [INFO][0m - [38;2;116;173;209mfitting.py:bspline_profile:1157[0m -     npoly = 1 profile basis functions
[1;38;2;49;54;149m    [INFO][0m - [38;2;116;173;209mfitting.py:bspline_profile:1158[0m -     ngood = 131473/131473 measurements
[1;38;2;49;54;149m    [INFO][0m - [38;2;116;173;209mfitting.py:bspline_profile:1159[0m - ***************** Iter     Chi^2    N Rej  R. Fac *****************
[1;38;2;49;54;149m    [INFO][0m - [38;2;116;173;209mfitting.py:bspline_profile:1163[0m -                   ----  --------  -------  ------                  
[1;38;2;49;54;149m    [INFO][0m - [38;2;116;173;209mfitting.py:bspline_profile:1257[0m -                      1     0.000        0    1.00                  
[1;38;2;49;54;149m    [INFO][0m - [38;2;116;173;209mfitting.py:bspline_profile:1272[0m -                   DONE     0.000        0    1.00                  
[1;38;2;49;54;149m    [INFO][0m - [38;2;116;173;209mfitting.py:bspline_profile:1275[0m - *******************************************************************
[1;38;2;49;54;149m    [INFO][0m - [38;2;116;173;209mflatfield.py:fit:1097[0m - Spatial fit of flatfield for 162256/162256  pixels in the slit.
[1;38;2;49;54;149m    [INFO][0m - [38;2;116;173;209mfitting.py:bspline_profile:1156[0m - B-spline fit:
[1;38;2;49;54;149m    [INFO][0m - [38;2;116;173;209mfitting.py:bspline_profile:1157[0m -     npoly = 1 profile basis functions
[1;38;2;49;54;149m    [INFO][0m - [38;2;116;173;209mfitting.py:bspline_profile:1158[0m -     ngood = 162256/162256 measurements
[1;38;2;49;54;149m    [INFO][0m - [38;2;116;173;209mfitting.py:bspline_profile:1159[0m - ***************** Iter     Chi^2    N Rej  R. Fac *****************
[1;38;2;49;54;149m    [INFO][0m - [38;2;116;173;209mfitting.py:bspline_profile:1163[0m -                   ----  --------  -------  ------                  
[1;38;2;49;54;149m    [INFO][0m - [38;2;116;173;209mfitting.py:bspline_profile:1257[0m -                      1     0.000        0    1.00                  
[1;38;2;49;54;149m    [INFO][0m - [38;2;116;173;209mfitting.py:bspline_profile:1272[0m -                   DONE     0.000        0    1.00                  
[1;38;2;49;54;149m    [INFO][0m - [38;2;116;173;209mfitting.py:bspline_profile:1275[0m - *******************************************************************
[1;38;2;253;174;97m [WARNING][0m - [38;2;116;173;209mflat.py:tweak_slit_edges_gradient:538[0m - Left slit edge shift of 0.8% exceeds the maximum allowed of 0.0%
The left edge will not be tweaked.
[1;38;2;253;174;97m [WARNING][0m - [38;2;116;173;209mflat.py:tweak_slit_edges_gradient:547[0m - Right slit edge shift of -0.9% exceeds the maximum allowed of 0.0%
The right edge will not be tweaked.
[1;38;2;49;54;149m    [INFO][0m - [38;2;116;173;209mfitting.py:bspline_profile:1156[0m - B-spline fit:
[1;38;2;49;54;149m    [INFO][0m - [38;2;116;173;209mfitting.py:bspline_profile:1157[0m -     npoly = 1 profile basis functions
[1;38;2;49;54;149m    [INFO][0m - [38;2;116;173;209mfitting.py:bspline_profile:1158[0m -     ngood = 162256/162256 measurements
[1;38;2;49;54;149m    [INFO][0m - [38;2;116;173;209mfitting.py:bspline_profile:1159[0m - ***************** Iter     Chi^2    N Rej  R. Fac *****************
[1;38;2;49;54;149m    [INFO][0m - [38;2;116;173;209mfitting.py:bspline_profile:1163[0m -                   ----  --------  -------  ------                  
[1;38;2;49;54;149m    [INFO][0m - [38;2;116;173;209mfitting.py:bspline_profile:1257[0m -                      1     0.000        0    1.00                  
[1;38;2;49;54;149m    [INFO][0m - [38;2;116;173;209mfitting.py:bspline_profile:1272[0m -                   DONE     0.000        0    1.00                  
[1;38;2;49;54;149m    [INFO][0m - [38;2;116;173;209mfitting.py:bspline_profile:1275[0m - *******************************************************************
[1;38;2;49;54;149m    [INFO][0m - [38;2;116;173;209mflatfield.py:spatial_fit_finecorr:1477[0m - Performing a fine correction to the spatial illumination (slit 1757)
[1;38;2;253;174;97m [WARNING][0m - [38;2;116;173;209mfitting.py:robust_fit:456[0m - Maximum number of iterations maxiter=10 reached in robust_polyfit_djs
[1;38;2;49;54;149m    [INFO][0m - [38;2;116;173;209mflatfield.py:spatillum_finecorr_qa:1966[0m - Generating QA for spatial illumination fine correction
[1;38;2;49;54;149m    [INFO][0m - [38;2;116;173;209mflatfield.py:spatillum_finecorr_qa:2047[0m - Saved QA:
/Users/kaiwenzhang/PycharmProjects/KCWI/KCWI_RED_channel_characterization/RH1 pypeit run/2023-11-07/pypeit_run/keck_kcrm_B/QA/PNGs/Spatillum_FineCorr_illumflat_B_1_DET01_S1757_spatillum_finecorr.png
[1;38;2;49;54;149m    [INFO][0m - [38;2;116;173;209mflatfield.py:fit:924[0m - Modeling the flat-field response for slit spat_id=1836: 22/24
[1;38;2;49;54;149m    [INFO][0m - [38;2;116;173;209mflatfield.py:fit:1008[0m - Spectral fit of flatfield for 131757/144141  pixels in the slit.
[1;38;2;49;54;149m    [INFO][0m - [38;2;116;173;209mfitting.py:bspline_profile:1156[0m - B-spline fit:
[1;38;2;49;54;149m    [INFO][0m - [38;2;116;173;209mfitting.py:bspline_profile:1157[0m -     npoly = 1 profile basis functions
[1;38;2;49;54;149m    [INFO][0m - [38;2;116;173;209mfitting.py:bspline_profile:1158[0m -     ngood = 131757/131757 measurements
[1;38;2;49;54;149m    [INFO][0m - [38;2;116;173;209mfitting.py:bspline_profile:1159[0m - ***************** Iter     Chi^2    N Rej  R. Fac *****************
[1;38;2;49;54;149m    [INFO][0m - [38;2;116;173;209mfitting.py:bspline_profile:1163[0m -                   ----  --------  -------  ------                  
[1;38;2;49;54;149m    [INFO][0m - [38;2;116;173;209mfitting.py:bspline_profile:1257[0m -                      1     0.001        0    1.00                  
[1;38;2;49;54;149m    [INFO][0m - [38;2;116;173;209mfitting.py:bspline_profile:1272[0m -                   DONE     0.001        0    1.00                  
[1;38;2;49;54;149m    [INFO][0m - [38;2;116;173;209mfitting.py:bspline_profile:1275[0m - *******************************************************************
[1;38;2;49;54;149m    [INFO][0m - [38;2;116;173;209mflatfield.py:fit:1097[0m - Spatial fit of flatfield for 159092/159092  pixels in the slit.
[1;38;2;49;54;149m    [INFO][0m - [38;2;116;173;209mfitting.py:bspline_profile:1156[0m - B-spline fit:
[1;38;2;49;54;149m    [INFO][0m - [38;2;116;173;209mfitting.py:bspline_profile:1157[0m -     npoly = 1 profile basis functions
[1;38;2;49;54;149m    [INFO][0m - [38;2;116;173;209mfitting.py:bspline_profile:1158[0m -     ngood = 159092/159092 measurements
[1;38;2;49;54;149m    [INFO][0m - [38;2;116;173;209mfitting.py:bspline_profile:1159[0m - ***************** Iter     Chi^2    N Rej  R. Fac *****************
[1;38;2;49;54;149m    [INFO][0m - [38;2;116;173;209mfitting.py:bspline_profile:1163[0m -                   ----  --------  -------  ------                  
[1;38;2;49;54;149m    [INFO][0m - [38;2;116;173;209mfitting.py:bspline_profile:1257[0m -                      1     0.000        0    1.00                  
[1;38;2;49;54;149m    [INFO][0m - [38;2;116;173;209mfitting.py:bspline_profile:1272[0m -                   DONE     0.000        0    1.00                  
[1;38;2;49;54;149m    [INFO][0m - [38;2;116;173;209mfitting.py:bspline_profile:1275[0m - *******************************************************************
[1;38;2;253;174;97m [WARNING][0m - [38;2;116;173;209mflat.py:tweak_slit_edges_gradient:538[0m - Left slit edge shift of 0.7% exceeds the maximum allowed of 0.0%
The left edge will not be tweaked.
[1;38;2;253;174;97m [WARNING][0m - [38;2;116;173;209mflat.py:tweak_slit_edges_gradient:547[0m - Right slit edge shift of -0.6% exceeds the maximum allowed of 0.0%
The right edge will not be tweaked.
[1;38;2;49;54;149m    [INFO][0m - [38;2;116;173;209mfitting.py:bspline_profile:1156[0m - B-spline fit:
[1;38;2;49;54;149m    [INFO][0m - [38;2;116;173;209mfitting.py:bspline_profile:1157[0m -     npoly = 1 profile basis functions
[1;38;2;49;54;149m    [INFO][0m - [38;2;116;173;209mfitting.py:bspline_profile:1158[0m -     ngood = 159092/159092 measurements
[1;38;2;49;54;149m    [INFO][0m - [38;2;116;173;209mfitting.py:bspline_profile:1159[0m - ***************** Iter     Chi^2    N Rej  R. Fac *****************
[1;38;2;49;54;149m    [INFO][0m - [38;2;116;173;209mfitting.py:bspline_profile:1163[0m -                   ----  --------  -------  ------                  
[1;38;2;49;54;149m    [INFO][0m - [38;2;116;173;209mfitting.py:bspline_profile:1257[0m -                      1     0.000        0    1.00                  
[1;38;2;49;54;149m    [INFO][0m - [38;2;116;173;209mfitting.py:bspline_profile:1272[0m -                   DONE     0.000        0    1.00                  
[1;38;2;49;54;149m    [INFO][0m - [38;2;116;173;209mfitting.py:bspline_profile:1275[0m - *******************************************************************
[1;38;2;49;54;149m    [INFO][0m - [38;2;116;173;209mflatfield.py:spatial_fit_finecorr:1477[0m - Performing a fine correction to the spatial illumination (slit 1836)
[1;38;2;253;174;97m [WARNING][0m - [38;2;116;173;209mfitting.py:robust_fit:456[0m - Maximum number of iterations maxiter=10 reached in robust_polyfit_djs
[1;38;2;49;54;149m    [INFO][0m - [38;2;116;173;209mflatfield.py:spatillum_finecorr_qa:1966[0m - Generating QA for spatial illumination fine correction
[1;38;2;49;54;149m    [INFO][0m - [38;2;116;173;209mflatfield.py:spatillum_finecorr_qa:2047[0m - Saved QA:
/Users/kaiwenzhang/PycharmProjects/KCWI/KCWI_RED_channel_characterization/RH1 pypeit run/2023-11-07/pypeit_run/keck_kcrm_B/QA/PNGs/Spatillum_FineCorr_illumflat_B_1_DET01_S1836_spatillum_finecorr.png
[1;38;2;49;54;149m    [INFO][0m - [38;2;116;173;209mflatfield.py:fit:924[0m - Modeling the flat-field response for slit spat_id=1913: 23/24
[1;38;2;49;54;149m    [INFO][0m - [38;2;116;173;209mflatfield.py:fit:1008[0m - Spectral fit of flatfield for 131516/143900  pixels in the slit.
[1;38;2;49;54;149m    [INFO][0m - [38;2;116;173;209mfitting.py:bspline_profile:1156[0m - B-spline fit:
[1;38;2;49;54;149m    [INFO][0m - [38;2;116;173;209mfitting.py:bspline_profile:1157[0m -     npoly = 1 profile basis functions
[1;38;2;49;54;149m    [INFO][0m - [38;2;116;173;209mfitting.py:bspline_profile:1158[0m -     ngood = 131516/131516 measurements
[1;38;2;49;54;149m    [INFO][0m - [38;2;116;173;209mfitting.py:bspline_profile:1159[0m - ***************** Iter     Chi^2    N Rej  R. Fac *****************
[1;38;2;49;54;149m    [INFO][0m - [38;2;116;173;209mfitting.py:bspline_profile:1163[0m -                   ----  --------  -------  ------                  
[1;38;2;49;54;149m    [INFO][0m - [38;2;116;173;209mfitting.py:bspline_profile:1257[0m -                      1     0.000        0    1.00                  
[1;38;2;49;54;149m    [INFO][0m - [38;2;116;173;209mfitting.py:bspline_profile:1272[0m -                   DONE     0.000        0    1.00                  
[1;38;2;49;54;149m    [INFO][0m - [38;2;116;173;209mfitting.py:bspline_profile:1275[0m - *******************************************************************
[1;38;2;49;54;149m    [INFO][0m - [38;2;116;173;209mflatfield.py:fit:1097[0m - Spatial fit of flatfield for 164540/164540  pixels in the slit.
[1;38;2;49;54;149m    [INFO][0m - [38;2;116;173;209mfitting.py:bspline_profile:1156[0m - B-spline fit:
[1;38;2;49;54;149m    [INFO][0m - [38;2;116;173;209mfitting.py:bspline_profile:1157[0m -     npoly = 1 profile basis functions
[1;38;2;49;54;149m    [INFO][0m - [38;2;116;173;209mfitting.py:bspline_profile:1158[0m -     ngood = 164540/164540 measurements
[1;38;2;49;54;149m    [INFO][0m - [38;2;116;173;209mfitting.py:bspline_profile:1159[0m - ***************** Iter     Chi^2    N Rej  R. Fac *****************
[1;38;2;49;54;149m    [INFO][0m - [38;2;116;173;209mfitting.py:bspline_profile:1163[0m -                   ----  --------  -------  ------                  
[1;38;2;49;54;149m    [INFO][0m - [38;2;116;173;209mfitting.py:bspline_profile:1257[0m -                      1     0.000        0    1.00                  
[1;38;2;49;54;149m    [INFO][0m - [38;2;116;173;209mfitting.py:bspline_profile:1272[0m -                   DONE     0.000        0    1.00                  
[1;38;2;49;54;149m    [INFO][0m - [38;2;116;173;209mfitting.py:bspline_profile:1275[0m - *******************************************************************
[1;38;2;253;174;97m [WARNING][0m - [38;2;116;173;209mflat.py:tweak_slit_edges_gradient:538[0m - Left slit edge shift of 0.6% exceeds the maximum allowed of 0.0%
The left edge will not be tweaked.
[1;38;2;253;174;97m [WARNING][0m - [38;2;116;173;209mflat.py:tweak_slit_edges_gradient:547[0m - Right slit edge shift of -0.7% exceeds the maximum allowed of 0.0%
The right edge will not be tweaked.
[1;38;2;49;54;149m    [INFO][0m - [38;2;116;173;209mfitting.py:bspline_profile:1156[0m - B-spline fit:
[1;38;2;49;54;149m    [INFO][0m - [38;2;116;173;209mfitting.py:bspline_profile:1157[0m -     npoly = 1 profile basis functions
[1;38;2;49;54;149m    [INFO][0m - [38;2;116;173;209mfitting.py:bspline_profile:1158[0m -     ngood = 164540/164540 measurements
[1;38;2;49;54;149m    [INFO][0m - [38;2;116;173;209mfitting.py:bspline_profile:1159[0m - ***************** Iter     Chi^2    N Rej  R. Fac *****************
[1;38;2;49;54;149m    [INFO][0m - [38;2;116;173;209mfitting.py:bspline_profile:1163[0m -                   ----  --------  -------  ------                  
[1;38;2;49;54;149m    [INFO][0m - [38;2;116;173;209mfitting.py:bspline_profile:1257[0m -                      1     0.000        0    1.00                  
[1;38;2;49;54;149m    [INFO][0m - [38;2;116;173;209mfitting.py:bspline_profile:1272[0m -                   DONE     0.000        0    1.00                  
[1;38;2;49;54;149m    [INFO][0m - [38;2;116;173;209mfitting.py:bspline_profile:1275[0m - *******************************************************************
[1;38;2;49;54;149m    [INFO][0m - [38;2;116;173;209mflatfield.py:spatial_fit_finecorr:1477[0m - Performing a fine correction to the spatial illumination (slit 1913)
[1;38;2;253;174;97m [WARNING][0m - [38;2;116;173;209mfitting.py:robust_fit:456[0m - Maximum number of iterations maxiter=10 reached in robust_polyfit_djs
[1;38;2;49;54;149m    [INFO][0m - [38;2;116;173;209mflatfield.py:spatillum_finecorr_qa:1966[0m - Generating QA for spatial illumination fine correction
[1;38;2;49;54;149m    [INFO][0m - [38;2;116;173;209mflatfield.py:spatillum_finecorr_qa:2047[0m - Saved QA:
/Users/kaiwenzhang/PycharmProjects/KCWI/KCWI_RED_channel_characterization/RH1 pypeit run/2023-11-07/pypeit_run/keck_kcrm_B/QA/PNGs/Spatillum_FineCorr_illumflat_B_1_DET01_S1913_spatillum_finecorr.png
[1;38;2;49;54;149m    [INFO][0m - [38;2;116;173;209mflatfield.py:fit:924[0m - Modeling the flat-field response for slit spat_id=1995: 24/24
[1;38;2;49;54;149m    [INFO][0m - [38;2;116;173;209mflatfield.py:fit:1008[0m - Spectral fit of flatfield for 130906/143290  pixels in the slit.
[1;38;2;49;54;149m    [INFO][0m - [38;2;116;173;209mfitting.py:bspline_profile:1156[0m - B-spline fit:
[1;38;2;49;54;149m    [INFO][0m - [38;2;116;173;209mfitting.py:bspline_profile:1157[0m -     npoly = 1 profile basis functions
[1;38;2;49;54;149m    [INFO][0m - [38;2;116;173;209mfitting.py:bspline_profile:1158[0m -     ngood = 130906/130906 measurements
[1;38;2;49;54;149m    [INFO][0m - [38;2;116;173;209mfitting.py:bspline_profile:1159[0m - ***************** Iter     Chi^2    N Rej  R. Fac *****************
[1;38;2;49;54;149m    [INFO][0m - [38;2;116;173;209mfitting.py:bspline_profile:1163[0m -                   ----  --------  -------  ------                  
[1;38;2;49;54;149m    [INFO][0m - [38;2;116;173;209mfitting.py:bspline_profile:1257[0m -                      1     0.002        0    1.00                  
[1;38;2;49;54;149m    [INFO][0m - [38;2;116;173;209mfitting.py:bspline_profile:1272[0m -                   DONE     0.002        0    1.00                  
[1;38;2;49;54;149m    [INFO][0m - [38;2;116;173;209mfitting.py:bspline_profile:1275[0m - *******************************************************************
[1;38;2;49;54;149m    [INFO][0m - [38;2;116;173;209mflatfield.py:fit:1097[0m - Spatial fit of flatfield for 163930/163930  pixels in the slit.
[1;38;2;49;54;149m    [INFO][0m - [38;2;116;173;209mfitting.py:bspline_profile:1156[0m - B-spline fit:
[1;38;2;49;54;149m    [INFO][0m - [38;2;116;173;209mfitting.py:bspline_profile:1157[0m -     npoly = 1 profile basis functions
[1;38;2;49;54;149m    [INFO][0m - [38;2;116;173;209mfitting.py:bspline_profile:1158[0m -     ngood = 163930/163930 measurements
[1;38;2;49;54;149m    [INFO][0m - [38;2;116;173;209mfitting.py:bspline_profile:1159[0m - ***************** Iter     Chi^2    N Rej  R. Fac *****************
[1;38;2;49;54;149m    [INFO][0m - [38;2;116;173;209mfitting.py:bspline_profile:1163[0m -                   ----  --------  -------  ------                  
[1;38;2;49;54;149m    [INFO][0m - [38;2;116;173;209mfitting.py:bspline_profile:1257[0m -                      1     0.000        0    1.00                  
[1;38;2;49;54;149m    [INFO][0m - [38;2;116;173;209mfitting.py:bspline_profile:1272[0m -                   DONE     0.000        0    1.00                  
[1;38;2;49;54;149m    [INFO][0m - [38;2;116;173;209mfitting.py:bspline_profile:1275[0m - *******************************************************************
[1;38;2;253;174;97m [WARNING][0m - [38;2;116;173;209mflat.py:tweak_slit_edges_gradient:538[0m - Left slit edge shift of 1.0% exceeds the maximum allowed of 0.0%
The left edge will not be tweaked.
[1;38;2;253;174;97m [WARNING][0m - [38;2;116;173;209mflat.py:tweak_slit_edges_gradient:547[0m - Right slit edge shift of -0.9% exceeds the maximum allowed of 0.0%
The right edge will not be tweaked.
[1;38;2;49;54;149m    [INFO][0m - [38;2;116;173;209mfitting.py:bspline_profile:1156[0m - B-spline fit:
[1;38;2;49;54;149m    [INFO][0m - [38;2;116;173;209mfitting.py:bspline_profile:1157[0m -     npoly = 1 profile basis functions
[1;38;2;49;54;149m    [INFO][0m - [38;2;116;173;209mfitting.py:bspline_profile:1158[0m -     ngood = 163930/163930 measurements
[1;38;2;49;54;149m    [INFO][0m - [38;2;116;173;209mfitting.py:bspline_profile:1159[0m - ***************** Iter     Chi^2    N Rej  R. Fac *****************
[1;38;2;49;54;149m    [INFO][0m - [38;2;116;173;209mfitting.py:bspline_profile:1163[0m -                   ----  --------  -------  ------                  
[1;38;2;49;54;149m    [INFO][0m - [38;2;116;173;209mfitting.py:bspline_profile:1257[0m -                      1     0.000        0    1.00                  
[1;38;2;49;54;149m    [INFO][0m - [38;2;116;173;209mfitting.py:bspline_profile:1272[0m -                   DONE     0.000        0    1.00                  
[1;38;2;49;54;149m    [INFO][0m - [38;2;116;173;209mfitting.py:bspline_profile:1275[0m - *******************************************************************
[1;38;2;49;54;149m    [INFO][0m - [38;2;116;173;209mflatfield.py:spatial_fit_finecorr:1477[0m - Performing a fine correction to the spatial illumination (slit 1995)
[1;38;2;253;174;97m [WARNING][0m - [38;2;116;173;209mfitting.py:robust_fit:456[0m - Maximum number of iterations maxiter=10 reached in robust_polyfit_djs
[1;38;2;49;54;149m    [INFO][0m - [38;2;116;173;209mflatfield.py:spatillum_finecorr_qa:1966[0m - Generating QA for spatial illumination fine correction
[1;38;2;49;54;149m    [INFO][0m - [38;2;116;173;209mflatfield.py:spatillum_finecorr_qa:2047[0m - Saved QA:
/Users/kaiwenzhang/PycharmProjects/KCWI/KCWI_RED_channel_characterization/RH1 pypeit run/2023-11-07/pypeit_run/keck_kcrm_B/QA/PNGs/Spatillum_FineCorr_illumflat_B_1_DET01_S1995_spatillum_finecorr.png
[1;38;2;49;54;149m    [INFO][0m - [38;2;116;173;209mio.py:write_to_fits:672[0m - File written to: /Users/kaiwenzhang/PycharmProjects/KCWI/KCWI_RED_channel_characterization/RH1 pypeit run/2023-11-07/pypeit_run/keck_kcrm_B/Calibrations/Flat_B_1_DET01.fits
[1;38;2;49;54;149m    [INFO][0m - [38;2;116;173;209mio.py:write_to_fits:670[0m - Compressing file: /Users/kaiwenzhang/PycharmProjects/KCWI/KCWI_RED_channel_characterization/RH1 pypeit run/2023-11-07/pypeit_run/keck_kcrm_B/Calibrations/Slits_B_1_DET01.fits
[1;38;2;49;54;149m    [INFO][0m - [38;2;116;173;209mio.py:write_to_fits:672[0m - File written to: /Users/kaiwenzhang/PycharmProjects/KCWI/KCWI_RED_channel_characterization/RH1 pypeit run/2023-11-07/pypeit_run/keck_kcrm_B/Calibrations/Slits_B_1_DET01.fits.gz
[1;38;2;49;54;149m    [INFO][0m - [38;2;116;173;209mcalibrations.py:run_the_steps:1459[0m - Calibration complete and/or fully loaded!
[1;38;2;49;54;149m    [INFO][0m - [38;2;116;173;209mcalibrations.py:run_the_steps:1460[0m - #######################################################################
[1;38;2;49;54;149m    [INFO][0m - [38;2;116;173;209mpypeit.py:print_end_time:243[0m - Execution time: 9m 32.18s
[1;38;2;49;54;149m    [INFO][0m - [38;2;116;173;209mrun_pypeit.py:main:97[0m - Data reduction complete
[1;38;2;49;54;149m    [INFO][0m - [38;2;116;173;209mrun_pypeit.py:main:100[0m - Generating QA HTML
   Iteration     Total nfev        Cost      Cost reduction    Step norm     Optimality   
       0              1         5.1878e+10                                    2.43e+11    
       1              2         5.9057e+09      4.60e+10       2.92e+02       5.03e+10    
       2              3         1.6986e+09      4.21e+09       1.19e+02       6.27e+09    
       3              4         1.6072e+09      9.14e+07       1.71e+01       1.73e+08    
       4              5         1.6071e+09      7.35e+04       4.99e-01       1.47e+05    
`ftol` termination condition is satisfied.
Function evaluations 5, initial cost 5.1878e+10, final cost 1.6071e+09, first-order optimality 1.47e+05.
Wrote: /Users/kaiwenzhang/PycharmProjects/KCWI/KCWI_RED_channel_characterization/RH1 pypeit run/2023-11-07/pypeit_run/keck_kcrm_B/QA/MF_B.html

=== /Users/kaiwenzhang/PycharmProjects/KCWI/KCWI_RED_channel_characterization/RH1 pypeit run/2023-11-07/pypeit_run/keck_kcrm_B/Calibrations/WaveCalib_B_1_DET01.fits
  24 usable of 24 slices  (rms median 0.134, max 0.328 px)
  PASS slit  0 spat   60: rms=0.130 nlines= 66 5860.6-6488.6 A  disp=0.3050 A/px
  PASS slit  1 spat  140: rms=0.130 nlines= 69 5895.4-6523.5 A  disp=0.3052 A/px
  PASS slit  2 spat  216: rms=0.114 nlines= 67 5861.1-6489.4 A  disp=0.3053 A/px
  PASS slit  3 spat  294: rms=0.122 nlines= 67 5893.0-6521.5 A  disp=0.3054 A/px
  PASS slit  4 spat  368: rms=0.085 nlines= 64 5861.8-6490.3 A  disp=0.3055 A/px
  PASS slit  5 spat  443: rms=0.137 nlines= 68 5890.7-6519.3 A  disp=0.3056 A/px
  PASS slit  6 spat  516: rms=0.192 nlines= 62 5862.3-6493.2 A  disp=0.3055 A/px
  PASS slit  7 spat  590: rms=0.275 nlines= 66 5888.5-6519.7 A  disp=0.3055 A/px
  PASS slit  8 spat  663: rms=0.169 nlines= 61 5862.9-6493.9 A  disp=0.3056 A/px
  PASS slit  9 spat  737: rms=0.248 nlines= 64 5886.3-6517.8 A  disp=0.3057 A/px
  PASS slit 10 spat  811: rms=0.127 nlines= 64 5863.1-6492.2 A  disp=0.3059 A/px
  PASS slit 11 spat  885: rms=0.115 nlines= 64 5892.8-6521.9 A  disp=0.3060 A/px
  PASS slit 12 spat 1163: rms=0.148 nlines= 67 5859.8-6489.0 A  disp=0.3059 A/px
  PASS slit 13 spat 1237: rms=0.211 nlines= 72 5889.0-6518.2 A  disp=0.3059 A/px
  PASS slit 14 spat 1311: rms=0.143 nlines= 67 5867.0-6495.9 A  disp=0.3059 A/px
  PASS slit 15 spat 1385: rms=0.172 nlines= 61 5890.3-6521.4 A  disp=0.3057 A/px
  PASS slit 16 spat 1458: rms=0.140 nlines= 60 5865.1-6496.1 A  disp=0.3056 A/px
  PASS slit 17 spat 1533: rms=0.328 nlines= 64 5891.7-6522.7 A  disp=0.3053 A/px
  PASS slit 18 spat 1606: rms=0.076 nlines= 62 5863.5-6492.1 A  disp=0.3056 A/px
  PASS slit 19 spat 1682: rms=0.106 nlines= 67 5893.5-6522.0 A  disp=0.3055 A/px
  PASS slit 20 spat 1757: rms=0.084 nlines= 65 5862.5-6490.9 A  disp=0.3054 A/px
  PASS slit 21 spat 1836: rms=0.103 nlines= 68 5895.6-6523.9 A  disp=0.3053 A/px
  PASS slit 22 spat 1913: rms=0.147 nlines= 68 5861.9-6490.1 A  disp=0.3052 A/px
  PASS slit 23 spat 1995: rms=0.099 nlines= 67 5899.0-6527.0 A  disp=0.3050 A/px
  24 of those meet the stricter seed criteria for template building
  best seed = spat 1606 (5863.5-6492.1 A, rms 0.076)
[1;38;2;49;54;149m    [INFO][0m - [38;2;116;173;209mdatamodel.py:from_file:1558[0m - Loading WaveCalib from /Users/kaiwenzhang/PycharmProjects/KCWI/KCWI_RED_channel_characterization/RH1 pypeit run/2023-11-07/pypeit_run/keck_kcrm_B/Calibrations/WaveCalib_B_1_DET01.fits
[1;38;2;49;54;149m    [INFO][0m - [38;2;116;173;209mdatamodel.py:from_file:1558[0m - Loading SlitTraceSet from /Users/kaiwenzhang/PycharmProjects/KCWI/KCWI_RED_channel_characterization/RH1 pypeit run/2023-11-07/pypeit_run/keck_kcrm_B/Calibrations/Slits_B_1_DET01.fits.gz
[1;38;2;49;54;149m    [INFO][0m - [38;2;116;173;209mdatamodel.py:from_file:1558[0m - Loading WaveCalib from /Users/kaiwenzhang/PycharmProjects/KCWI/KCWI_RED_channel_characterization/RH1 pypeit run/2023-11-07/pypeit_run/keck_kcrm_B/Calibrations/WaveCalib_B_1_DET01.fits

=== KR.20231108.54426.46.fits ===
image (2064, 2056)   nslits 24

slice  flux frac   peak S/N      
    0     0.0007       22.8   <-- contaminated
    1     0.0004        7.5  
    2     0.0009       35.6   <-- contaminated
    3     0.0005       28.7   <-- contaminated
    4     0.0002        3.1  
    5     0.0003        4.3  
    6     0.0003        3.8  
    7     0.0002        4.0  
    8     0.0004        7.6  
    9     0.0014       34.9   <-- contaminated
   10     0.0095      256.1   <-- contaminated
   11     0.2206    12382.7  ############### <-- contaminated
   12     0.7135    42854.1  ################################################## <-- contaminated
   13     0.0305     1052.8  ## <-- contaminated
   14     0.0048       87.5   <-- contaminated
   15     0.0073      424.5   <-- contaminated
   16     0.0015       89.5   <-- contaminated
   17     0.0006       28.0   <-- contaminated
   18     0.0010       62.2   <-- contaminated
   19     0.0032      214.2   <-- contaminated
   20     0.0002        4.2  
   21     0.0012       60.5   <-- contaminated
   22     0.0002        2.7  
   23     0.0007       25.5   <-- contaminated

brightest slice: 12   object spans 43%-54% along the slice (peak at 49%)
slices carrying >2% of flux: 16 of 24

  suggested:  user_regions = :35,62:
[1;38;2;49;54;149m    [INFO][0m - [38;2;116;173;209mkeck_kcwi.py:get_rawimage:1426[0m - Reading KCWI file: /Users/kaiwenzhang/PycharmProjects/KCWI/KCWI_RED_channel_characterization/fits/by_night/RH1/2023-11-07/KR.20231108.54426.46.fits
[1;38;2;49;54;149m    [INFO][0m - [38;2;116;173;209mrawimage.py:process:564[0m - Performing basic image processing on KR.20231108.54426.46.fits.
[1;38;2;49;54;149m    [INFO][0m - [38;2;116;173;209mrawimage.py:estimate_readnoise:359[0m - Estimated readnoise of amplifier 1 = 3.902 e-
[1;38;2;49;54;149m    [INFO][0m - [38;2;116;173;209mrawimage.py:estimate_readnoise:359[0m - Estimated readnoise of amplifier 2 = 3.898 e-
[1;38;2;49;54;149m    [INFO][0m - [38;2;116;173;209mkeck_kcwi.py:get_rawimage:1426[0m - Reading KCWI file: /Users/kaiwenzhang/PycharmProjects/KCWI/KCWI_RED_channel_characterization/fits/by_night/RH1/2023-11-07/KR.20231108.54426.46.fits
[1;38;2;49;54;149m    [INFO][0m - [38;2;116;173;209mdatamodel.py:from_file:1558[0m - Loading SlitTraceSet from /Users/kaiwenzhang/PycharmProjects/KCWI/KCWI_RED_channel_characterization/RH1 pypeit run/2023-11-07/pypeit_run/keck_kcrm_B/Calibrations/Slits_B_1_DET01.fits.gz

$ /opt/miniconda3/envs/pypeit/bin/run_pypeit keck_kcrm_B.pypeit
[1;38;2;49;54;149m    [INFO][0m - [38;2;116;173;209minputfiles.py:from_file:136[0m - Loading the reduction file
[1;38;2;49;54;149m    [INFO][0m - [38;2;116;173;209minputfiles.py:from_file:214[0m - PypeIt input file loaded successfully.
[1;38;2;49;54;149m    [INFO][0m - [38;2;116;173;209minputfiles.py:vet:685[0m - PypeIt file successfully vetted.
[1;38;2;253;174;97m [WARNING][0m - [38;2;116;173;209mkeck_kcwi.py:config_specific_par:156[0m - Full template solution is unavailable
[1;38;2;49;54;149m    [INFO][0m - [38;2;116;173;209mkeck_kcwi.py:config_specific_par:157[0m - Adopting holy-grail algorithm - Check the wavelength solution!
[1;38;2;49;54;149m    [INFO][0m - [38;2;116;173;209mpypeit.py:__init__:82[0m - Loaded spectrograph keck_kcrm
[1;38;2;49;54;149m    [INFO][0m - [38;2;116;173;209mpypeit.py:__init__:83[0m - Setting configuration-specific parameters using KR.20231108.54426.46.fits.
[1;38;2;253;174;97m [WARNING][0m - [38;2;116;173;209mparset.py:to_config:662[0m - Selected configuration file already exists and will be overwritten!
[1;38;2;49;54;149m    [INFO][0m - [38;2;116;173;209mpypeit.py:__init__:99[0m - Compiling metadata
[1;38;2;49;54;149m    [INFO][0m - [38;2;116;173;209mmetadata.py:_build:206[0m - Building metadata for 29 files.
[1;38;2;49;54;149m    [INFO][0m - [38;2;116;173;209mmetadata.py:_build:235[0m - Adding metadata for KR.20231108.10348.37.fits
[1;38;2;49;54;149m    [INFO][0m - [38;2;116;173;209mmetadata.py:_build:235[0m - Adding metadata for KR.20231108.10383.50.fits
[1;38;2;49;54;149m    [INFO][0m - [38;2;116;173;209mmetadata.py:_build:235[0m - Adding metadata for KR.20231108.10417.73.fits
[1;38;2;49;54;149m    [INFO][0m - [38;2;116;173;209mmetadata.py:_build:235[0m - Adding metadata for KR.20231108.10600.31.fits
[1;38;2;49;54;149m    [INFO][0m - [38;2;116;173;209mmetadata.py:_build:235[0m - Adding metadata for KR.20231108.10745.16.fits
[1;38;2;49;54;149m    [INFO][0m - [38;2;116;173;209mmetadata.py:_build:235[0m - Adding metadata for KR.20231108.10888.99.fits
[1;38;2;49;54;149m    [INFO][0m - [38;2;116;173;209mmetadata.py:_build:235[0m - Adding metadata for KR.20231108.06687.43.fits
[1;38;2;49;54;149m    [INFO][0m - [38;2;116;173;209mmetadata.py:_build:235[0m - Adding metadata for KR.20231108.06731.29.fits
[1;38;2;49;54;149m    [INFO][0m - [38;2;116;173;209mmetadata.py:_build:235[0m - Adding metadata for KR.20231108.06775.16.fits
[1;38;2;49;54;149m    [INFO][0m - [38;2;116;173;209mmetadata.py:_build:235[0m - Adding metadata for KR.20231108.06819.20.fits
[1;38;2;49;54;149m    [INFO][0m - [38;2;116;173;209mmetadata.py:_build:235[0m - Adding metadata for KR.20231108.06862.88.fits
[1;38;2;49;54;149m    [INFO][0m - [38;2;116;173;209mmetadata.py:_build:235[0m - Adding metadata for KR.20231108.06906.75.fits
[1;38;2;49;54;149m    [INFO][0m - [38;2;116;173;209mmetadata.py:_build:235[0m - Adding metadata for KR.20231108.06950.61.fits
[1;38;2;49;54;149m    [INFO][0m - [38;2;116;173;209mmetadata.py:_build:235[0m - Adding metadata for KR.20231108.11929.47.fits
[1;38;2;49;54;149m    [INFO][0m - [38;2;116;173;209mmetadata.py:_build:235[0m - Adding metadata for KR.20231108.12073.30.fits
[1;38;2;49;54;149m    [INFO][0m - [38;2;116;173;209mmetadata.py:_build:235[0m - Adding metadata for KR.20231108.12217.12.fits
[1;38;2;49;54;149m    [INFO][0m - [38;2;116;173;209mmetadata.py:_build:235[0m - Adding metadata for KR.20231108.11400.60.fits
[1;38;2;49;54;149m    [INFO][0m - [38;2;116;173;209mmetadata.py:_build:235[0m - Adding metadata for KR.20231108.11454.12.fits
[1;38;2;49;54;149m    [INFO][0m - [38;2;116;173;209mmetadata.py:_build:235[0m - Adding metadata for KR.20231108.11508.20.fits
[1;38;2;49;54;149m    [INFO][0m - [38;2;116;173;209mmetadata.py:_build:235[0m - Adding metadata for KR.20231108.11562.27.fits
[1;38;2;49;54;149m    [INFO][0m - [38;2;116;173;209mmetadata.py:_build:235[0m - Adding metadata for KR.20231108.11616.33.fits
[1;38;2;49;54;149m    [INFO][0m - [38;2;116;173;209mmetadata.py:_build:235[0m - Adding metadata for KR.20231108.11670.39.fits
[1;38;2;49;54;149m    [INFO][0m - [38;2;116;173;209mmetadata.py:_build:235[0m - Adding metadata for KR.20231108.54426.46.fits
[1;38;2;49;54;149m    [INFO][0m - [38;2;116;173;209mmetadata.py:_build:235[0m - Adding metadata for KR.20231108.54563.16.fits
[1;38;2;49;54;149m    [INFO][0m - [38;2;116;173;209mmetadata.py:_build:235[0m - Adding metadata for KR.20231108.54678.43.fits
[1;38;2;49;54;149m    [INFO][0m - [38;2;116;173;209mmetadata.py:_build:235[0m - Adding metadata for KR.20231108.54782.48.fits
[1;38;2;49;54;149m    [INFO][0m - [38;2;116;173;209mmetadata.py:_build:235[0m - Adding metadata for KR.20231108.11052.21.fits
[1;38;2;49;54;149m    [INFO][0m - [38;2;116;173;209mmetadata.py:_build:235[0m - Adding metadata for KR.20231108.11196.40.fits
[1;38;2;49;54;149m    [INFO][0m - [38;2;116;173;209mmetadata.py:_build:235[0m - Adding metadata for KR.20231108.11340.89.fits
[1;38;2;253;174;97m [WARNING][0m - [38;2;116;173;209mmetadata.py:_vet_instrument:180[0m - The instrument name in the headers of the raw files does not match the expected one! Found KCWI, expected KCRM.  You may have chosen the wrong PypeIt spectrograph name!
[1;38;2;253;174;97m [WARNING][0m - [38;2;116;173;209mmetadata.py:get_frame_types:1384[0m - Removing existing frametype and framebit columns.
[1;38;2;49;54;149m    [INFO][0m - [38;2;116;173;209mmetadata.py:get_frame_types:1391[0m - Typing files
[1;38;2;49;54;149m    [INFO][0m - [38;2;116;173;209mmetadata.py:get_frame_types:1401[0m - Using user-provided frame types.
[1;38;2;49;54;149m    [INFO][0m - [38;2;116;173;209mcalibrations.py:check_for_calibs:1862[0m - Congrats!!  You passed the calibrations inspection!!
[1;38;2;49;54;149m    [INFO][0m - [38;2;116;173;209mmetadata.py:unique_configurations:696[0m - Setup column already set.  Finding unique configurations.
[1;38;2;49;54;149m    [INFO][0m - [38;2;116;173;209mmetadata.py:unique_configurations:706[0m - Found 1 unique configurations.
[1;38;2;49;54;149m    [INFO][0m - [38;2;116;173;209mcalibrations.py:association_summary:1731[0m - Calibration association file written to: /Users/kaiwenzhang/PycharmProjects/KCWI/KCWI_RED_channel_characterization/RH1 pypeit run/2023-11-07/pypeit_run/keck_kcrm_B/keck_kcrm_B.calib
[1;38;2;49;54;149m    [INFO][0m - [38;2;116;173;209mpypeit.py:__init__:133[0m - Setting reduction path to /Users/kaiwenzhang/PycharmProjects/KCWI/KCWI_RED_channel_characterization/RH1 pypeit run/2023-11-07/pypeit_run/keck_kcrm_B
[1;38;2;49;54;149m    [INFO][0m - [38;2;116;173;209mpypeit.py:__init__:134[0m - Calibration frames saved to: /Users/kaiwenzhang/PycharmProjects/KCWI/KCWI_RED_channel_characterization/RH1 pypeit run/2023-11-07/pypeit_run/keck_kcrm_B/Calibrations
[1;38;2;49;54;149m    [INFO][0m - [38;2;116;173;209mpypeit.py:__init__:135[0m - Science data output to: /Users/kaiwenzhang/PycharmProjects/KCWI/KCWI_RED_channel_characterization/RH1 pypeit run/2023-11-07/pypeit_run/keck_kcrm_B/Science
[1;38;2;49;54;149m    [INFO][0m - [38;2;116;173;209mpypeit.py:__init__:136[0m - Quality assessment plots output to: /Users/kaiwenzhang/PycharmProjects/KCWI/KCWI_RED_channel_characterization/RH1 pypeit run/2023-11-07/pypeit_run/keck_kcrm_B/QA
[1;38;2;49;54;149m    [INFO][0m - [38;2;116;173;209mpypeit.py:reduce_calibID:311[0m - Found 4 science frames in calibration group 1.
[1;38;2;49;54;149m    [INFO][0m - [38;2;116;173;209mexposure.py:reduce_exposure:406[0m - Reducing target g191b2b
Combining frames:
KR.20231108.54426.46.fits

[1;38;2;49;54;149m    [INFO][0m - [38;2;116;173;209mexposure.py:reduce_exposure:417[0m - Detectors to work on: [1]
[1;38;2;49;54;149m    [INFO][0m - [38;2;116;173;209mexposure.py:reduce_exposure:422[0m - Calibrating detector 1
[1;38;2;49;54;149m    [INFO][0m - [38;2;116;173;209mpypeit_steps.py:calib_one:173[0m - Building/loading calibrations for detector 1
[1;38;2;49;54;149m    [INFO][0m - [38;2;116;173;209mdatamodel.py:from_file:1558[0m - Loading BiasImage from /Users/kaiwenzhang/PycharmProjects/KCWI/KCWI_RED_channel_characterization/RH1 pypeit run/2023-11-07/pypeit_run/keck_kcrm_B/Calibrations/Bias_B_1_DET01.fits
[1;38;2;253;174;97m [WARNING][0m - [38;2;116;173;209mcalibrations.py:get_dark:606[0m - No raw dark frames found and unable to identify a relevant processed calibration frame.  Continuing...
[1;38;2;49;54;149m    [INFO][0m - [38;2;116;173;209mkeck_kcwi.py:get_rawimage:1426[0m - Reading KCWI file: /Users/kaiwenzhang/PycharmProjects/KCWI/KCWI_RED_channel_characterization/fits/by_night/RH1/2023-11-07/KR.20231108.10348.37.fits
[1;38;2;253;174;97m [WARNING][0m - [38;2;116;173;209mkeck_kcwi.py:bpm:820[0m - KCRM bad pixel mask is not available for ampmode=L2U2L1U1 binning=2,2
[1;38;2;49;54;149m    [INFO][0m - [38;2;116;173;209mdatamodel.py:from_file:1558[0m - Loading ArcImage from /Users/kaiwenzhang/PycharmProjects/KCWI/KCWI_RED_channel_characterization/RH1 pypeit run/2023-11-07/pypeit_run/keck_kcrm_B/Calibrations/Arc_B_1_DET01.fits
[1;38;2;49;54;149m    [INFO][0m - [38;2;116;173;209mdatamodel.py:from_file:1558[0m - Loading TiltImage from /Users/kaiwenzhang/PycharmProjects/KCWI/KCWI_RED_channel_characterization/RH1 pypeit run/2023-11-07/pypeit_run/keck_kcrm_B/Calibrations/Tiltimg_B_1_DET01.fits
[1;38;2;49;54;149m    [INFO][0m - [38;2;116;173;209mdatamodel.py:from_file:1558[0m - Loading SlitTraceSet from /Users/kaiwenzhang/PycharmProjects/KCWI/KCWI_RED_channel_characterization/RH1 pypeit run/2023-11-07/pypeit_run/keck_kcrm_B/Calibrations/Slits_B_1_DET01.fits.gz
[1;38;2;49;54;149m    [INFO][0m - [38;2;116;173;209mdatamodel.py:from_file:1558[0m - Loading WaveCalib from /Users/kaiwenzhang/PycharmProjects/KCWI/KCWI_RED_channel_characterization/RH1 pypeit run/2023-11-07/pypeit_run/keck_kcrm_B/Calibrations/WaveCalib_B_1_DET01.fits
[1;38;2;49;54;149m    [INFO][0m - [38;2;116;173;209mdatamodel.py:from_file:1558[0m - Loading WaveTilts from /Users/kaiwenzhang/PycharmProjects/KCWI/KCWI_RED_channel_characterization/RH1 pypeit run/2023-11-07/pypeit_run/keck_kcrm_B/Calibrations/Tilts_B_1_DET01.fits
[1;38;2;49;54;149m    [INFO][0m - [38;2;116;173;209mdatamodel.py:from_file:1558[0m - Loading Alignments from /Users/kaiwenzhang/PycharmProjects/KCWI/KCWI_RED_channel_characterization/RH1 pypeit run/2023-11-07/pypeit_run/keck_kcrm_B/Calibrations/Alignment_B_1_DET01.fits
[1;38;2;49;54;149m    [INFO][0m - [38;2;116;173;209mdatamodel.py:from_file:1558[0m - Loading ScatteredLight from /Users/kaiwenzhang/PycharmProjects/KCWI/KCWI_RED_channel_characterization/RH1 pypeit run/2023-11-07/pypeit_run/keck_kcrm_B/Calibrations/ScatteredLight_B_1_DET01.fits.gz
[1;38;2;49;54;149m    [INFO][0m - [38;2;116;173;209mdatamodel.py:from_file:1558[0m - Loading FlatImages from /Users/kaiwenzhang/PycharmProjects/KCWI/KCWI_RED_channel_characterization/RH1 pypeit run/2023-11-07/pypeit_run/keck_kcrm_B/Calibrations/Flat_B_1_DET01.fits
[1;38;2;49;54;149m    [INFO][0m - [38;2;116;173;209mcalibrations.py:run_the_steps:1459[0m - Calibration complete and/or fully loaded!
[1;38;2;49;54;149m    [INFO][0m - [38;2;116;173;209mcalibrations.py:run_the_steps:1460[0m - #######################################################################
[1;38;2;49;54;149m    [INFO][0m - [38;2;116;173;209mexposure.py:process_exposure:126[0m - Reducing detector 1
[1;38;2;49;54;149m    [INFO][0m - [38;2;116;173;209mdatamodel.py:from_file:1558[0m - Loading BiasImage from /Users/kaiwenzhang/PycharmProjects/KCWI/KCWI_RED_channel_characterization/RH1 pypeit run/2023-11-07/pypeit_run/keck_kcrm_B/Calibrations/Bias_B_1_DET01.fits
[1;38;2;253;174;97m [WARNING][0m - [38;2;116;173;209mcalibrations.py:get_dark:606[0m - No raw dark frames found and unable to identify a relevant processed calibration frame.  Continuing...
[1;38;2;49;54;149m    [INFO][0m - [38;2;116;173;209mkeck_kcwi.py:get_rawimage:1426[0m - Reading KCWI file: /Users/kaiwenzhang/PycharmProjects/KCWI/KCWI_RED_channel_characterization/fits/by_night/RH1/2023-11-07/KR.20231108.54426.46.fits
[1;38;2;49;54;149m    [INFO][0m - [38;2;116;173;209mdatamodel.py:from_file:1558[0m - Loading ArcImage from /Users/kaiwenzhang/PycharmProjects/KCWI/KCWI_RED_channel_characterization/RH1 pypeit run/2023-11-07/pypeit_run/keck_kcrm_B/Calibrations/Arc_B_1_DET01.fits
[1;38;2;49;54;149m    [INFO][0m - [38;2;116;173;209mdatamodel.py:from_file:1558[0m - Loading TiltImage from /Users/kaiwenzhang/PycharmProjects/KCWI/KCWI_RED_channel_characterization/RH1 pypeit run/2023-11-07/pypeit_run/keck_kcrm_B/Calibrations/Tiltimg_B_1_DET01.fits
[1;38;2;49;54;149m    [INFO][0m - [38;2;116;173;209mdatamodel.py:from_file:1558[0m - Loading SlitTraceSet from /Users/kaiwenzhang/PycharmProjects/KCWI/KCWI_RED_channel_characterization/RH1 pypeit run/2023-11-07/pypeit_run/keck_kcrm_B/Calibrations/Slits_B_1_DET01.fits.gz
[1;38;2;49;54;149m    [INFO][0m - [38;2;116;173;209mdatamodel.py:from_file:1558[0m - Loading WaveCalib from /Users/kaiwenzhang/PycharmProjects/KCWI/KCWI_RED_channel_characterization/RH1 pypeit run/2023-11-07/pypeit_run/keck_kcrm_B/Calibrations/WaveCalib_B_1_DET01.fits
[1;38;2;49;54;149m    [INFO][0m - [38;2;116;173;209mdatamodel.py:from_file:1558[0m - Loading WaveTilts from /Users/kaiwenzhang/PycharmProjects/KCWI/KCWI_RED_channel_characterization/RH1 pypeit run/2023-11-07/pypeit_run/keck_kcrm_B/Calibrations/Tilts_B_1_DET01.fits
[1;38;2;49;54;149m    [INFO][0m - [38;2;116;173;209mdatamodel.py:from_file:1558[0m - Loading Alignments from /Users/kaiwenzhang/PycharmProjects/KCWI/KCWI_RED_channel_characterization/RH1 pypeit run/2023-11-07/pypeit_run/keck_kcrm_B/Calibrations/Alignment_B_1_DET01.fits
[1;38;2;49;54;149m    [INFO][0m - [38;2;116;173;209mdatamodel.py:from_file:1558[0m - Loading ScatteredLight from /Users/kaiwenzhang/PycharmProjects/KCWI/KCWI_RED_channel_characterization/RH1 pypeit run/2023-11-07/pypeit_run/keck_kcrm_B/Calibrations/ScatteredLight_B_1_DET01.fits.gz
[1;38;2;49;54;149m    [INFO][0m - [38;2;116;173;209mdatamodel.py:from_file:1558[0m - Loading FlatImages from /Users/kaiwenzhang/PycharmProjects/KCWI/KCWI_RED_channel_characterization/RH1 pypeit run/2023-11-07/pypeit_run/keck_kcrm_B/Calibrations/Flat_B_1_DET01.fits
[1;38;2;49;54;149m    [INFO][0m - [38;2;116;173;209mcalibrations.py:run_the_steps:1459[0m - Calibration complete and/or fully loaded!
[1;38;2;49;54;149m    [INFO][0m - [38;2;116;173;209mcalibrations.py:run_the_steps:1460[0m - #######################################################################
[1;38;2;49;54;149m    [INFO][0m - [38;2;116;173;209mpypeit_steps.py:process_one_det:260[0m - Image processing begins for KR.20231108.54426.46-g191b2b_KCRM_20231108T150706.470 on det=1
[1;38;2;49;54;149m    [INFO][0m - [38;2;116;173;209mkeck_kcwi.py:get_rawimage:1426[0m - Reading KCWI file: /Users/kaiwenzhang/PycharmProjects/KCWI/KCWI_RED_channel_characterization/fits/by_night/RH1/2023-11-07/KR.20231108.54426.46.fits
[1;38;2;49;54;149m    [INFO][0m - [38;2;116;173;209mrawimage.py:process:564[0m - Performing basic image processing on KR.20231108.54426.46.fits.
[1;38;2;49;54;149m    [INFO][0m - [38;2;116;173;209mrawimage.py:estimate_readnoise:359[0m - Estimated readnoise of amplifier 1 = 3.902 e-
[1;38;2;49;54;149m    [INFO][0m - [38;2;116;173;209mrawimage.py:estimate_readnoise:359[0m - Estimated readnoise of amplifier 2 = 3.898 e-
[1;38;2;49;54;149m    [INFO][0m - [38;2;116;173;209mprocimg.py:lacosmic:170[0m - Detecting cosmic rays with the L.A.Cosmic algorithm
[1;38;2;49;54;149m    [INFO][0m - [38;2;116;173;209mprocimg.py:lacosmic:218[0m - Convolving image with Laplacian kernel
[1;38;2;49;54;149m    [INFO][0m - [38;2;116;173;209mprocimg.py:lacosmic:229[0m - Found 2732 candidate cosmic-ray pixels
[1;38;2;49;54;149m    [INFO][0m - [38;2;116;173;209mprocimg.py:lacosmic:235[0m - Reduced to 2732 candidates after excluding known bad pixels.
[1;38;2;49;54;149m    [INFO][0m - [38;2;116;173;209mprocimg.py:lacosmic:246[0m - Reduced to 1238 candidates after excluding compact objects.
[1;38;2;49;54;149m    [INFO][0m - [38;2;116;173;209mprocimg.py:lacosmic:250[0m - Finding neighboring pixels affected by cosmic rays
[1;38;2;49;54;149m    [INFO][0m - [38;2;116;173;209mprocimg.py:lacosmic:260[0m - Changed to 3459 candidates after evaluating neighboring pixels.
[1;38;2;49;54;149m    [INFO][0m - [38;2;116;173;209mprocimg.py:lacosmic:266[0m - Reduced to 3459 candidates after excluding known bad pixels.
[1;38;2;49;54;149m    [INFO][0m - [38;2;116;173;209mprocimg.py:lacosmic:271[0m - Iteration 1: 3459 pixels identified as cosmic rays (3459 are new)
[1;38;2;49;54;149m    [INFO][0m - [38;2;116;173;209mprocimg.py:lacosmic:300[0m - 3451 pixels identified as cosmic rays after removing false positives
[1;38;2;49;54;149m    [INFO][0m - [38;2;116;173;209mpypeit_steps.py:findobj_on_det:381[0m - Object finding begins for KR.20231108.54426.46-g191b2b_KCRM_20231108T150706.470 on det=1
[1;38;2;49;54;149m    [INFO][0m - [38;2;116;173;209mdatamodel.py:from_file:1558[0m - Loading BiasImage from /Users/kaiwenzhang/PycharmProjects/KCWI/KCWI_RED_channel_characterization/RH1 pypeit run/2023-11-07/pypeit_run/keck_kcrm_B/Calibrations/Bias_B_1_DET01.fits
[1;38;2;253;174;97m [WARNING][0m - [38;2;116;173;209mcalibrations.py:get_dark:606[0m - No raw dark frames found and unable to identify a relevant processed calibration frame.  Continuing...
[1;38;2;49;54;149m    [INFO][0m - [38;2;116;173;209mkeck_kcwi.py:get_rawimage:1426[0m - Reading KCWI file: /Users/kaiwenzhang/PycharmProjects/KCWI/KCWI_RED_channel_characterization/fits/by_night/RH1/2023-11-07/KR.20231108.54426.46.fits
[1;38;2;49;54;149m    [INFO][0m - [38;2;116;173;209mdatamodel.py:from_file:1558[0m - Loading ArcImage from /Users/kaiwenzhang/PycharmProjects/KCWI/KCWI_RED_channel_characterization/RH1 pypeit run/2023-11-07/pypeit_run/keck_kcrm_B/Calibrations/Arc_B_1_DET01.fits
[1;38;2;49;54;149m    [INFO][0m - [38;2;116;173;209mdatamodel.py:from_file:1558[0m - Loading TiltImage from /Users/kaiwenzhang/PycharmProjects/KCWI/KCWI_RED_channel_characterization/RH1 pypeit run/2023-11-07/pypeit_run/keck_kcrm_B/Calibrations/Tiltimg_B_1_DET01.fits
[1;38;2;49;54;149m    [INFO][0m - [38;2;116;173;209mdatamodel.py:from_file:1558[0m - Loading SlitTraceSet from /Users/kaiwenzhang/PycharmProjects/KCWI/KCWI_RED_channel_characterization/RH1 pypeit run/2023-11-07/pypeit_run/keck_kcrm_B/Calibrations/Slits_B_1_DET01.fits.gz
[1;38;2;49;54;149m    [INFO][0m - [38;2;116;173;209mdatamodel.py:from_file:1558[0m - Loading WaveCalib from /Users/kaiwenzhang/PycharmProjects/KCWI/KCWI_RED_channel_characterization/RH1 pypeit run/2023-11-07/pypeit_run/keck_kcrm_B/Calibrations/WaveCalib_B_1_DET01.fits
[1;38;2;49;54;149m    [INFO][0m - [38;2;116;173;209mdatamodel.py:from_file:1558[0m - Loading WaveTilts from /Users/kaiwenzhang/PycharmProjects/KCWI/KCWI_RED_channel_characterization/RH1 pypeit run/2023-11-07/pypeit_run/keck_kcrm_B/Calibrations/Tilts_B_1_DET01.fits
[1;38;2;49;54;149m    [INFO][0m - [38;2;116;173;209mdatamodel.py:from_file:1558[0m - Loading Alignments from /Users/kaiwenzhang/PycharmProjects/KCWI/KCWI_RED_channel_characterization/RH1 pypeit run/2023-11-07/pypeit_run/keck_kcrm_B/Calibrations/Alignment_B_1_DET01.fits
[1;38;2;49;54;149m    [INFO][0m - [38;2;116;173;209mdatamodel.py:from_file:1558[0m - Loading ScatteredLight from /Users/kaiwenzhang/PycharmProjects/KCWI/KCWI_RED_channel_characterization/RH1 pypeit run/2023-11-07/pypeit_run/keck_kcrm_B/Calibrations/ScatteredLight_B_1_DET01.fits.gz
[1;38;2;49;54;149m    [INFO][0m - [38;2;116;173;209mdatamodel.py:from_file:1558[0m - Loading FlatImages from /Users/kaiwenzhang/PycharmProjects/KCWI/KCWI_RED_channel_characterization/RH1 pypeit run/2023-11-07/pypeit_run/keck_kcrm_B/Calibrations/Flat_B_1_DET01.fits
[1;38;2;49;54;149m    [INFO][0m - [38;2;116;173;209mcalibrations.py:run_the_steps:1459[0m - Calibration complete and/or fully loaded!
[1;38;2;49;54;149m    [INFO][0m - [38;2;116;173;209mcalibrations.py:run_the_steps:1460[0m - #######################################################################
[1;38;2;49;54;149m    [INFO][0m - [38;2;116;173;209mpypeit_steps.py:findobj_on_det:387[0m - Reducing detector 1
[1;38;2;49;54;149m    [INFO][0m - [38;2;116;173;209mpypeit_steps.py:load_skyregions:606[0m - Generating skysub mask based on the user defined regions: :35,62:
[1;38;2;49;54;149m    [INFO][0m - [38;2;116;173;209mfind_objects.py:__init__:164[0m - Initializing slits
[1;38;2;49;54;149m    [INFO][0m - [38;2;116;173;209mfind_objects.py:__init__:232[0m - Generating tilts image from fit in waveTilts
[1;38;2;49;54;149m    [INFO][0m - [38;2;116;173;209mwavetilts.py:fit2tiltimg:143[0m - Generating a tilts image from the fit parameters
[1;38;2;49;54;149m    [INFO][0m - [38;2;116;173;209mfind_objects.py:global_skysub:583[0m - Global sky subtraction for slit: 60
[1;38;2;49;54;149m    [INFO][0m - [38;2;116;173;209mskysub.py:global_skysub:195[0m - Full fit in global sky sub.
[1;38;2;49;54;149m    [INFO][0m - [38;2;116;173;209mfitting.py:bspline_profile:1156[0m - B-spline fit:
[1;38;2;49;54;149m    [INFO][0m - [38;2;116;173;209mfitting.py:bspline_profile:1157[0m -     npoly = 2 profile basis functions
[1;38;2;49;54;149m    [INFO][0m - [38;2;116;173;209mfitting.py:bspline_profile:1158[0m -     ngood = 92204/143872 measurements
[1;38;2;49;54;149m    [INFO][0m - [38;2;116;173;209mfitting.py:bspline_profile:1159[0m - ***************** Iter     Chi^2    N Rej  R. Fac *****************
[1;38;2;49;54;149m    [INFO][0m - [38;2;116;173;209mfitting.py:bspline_profile:1163[0m -                   ----  --------  -------  ------                  
[1;38;2;49;54;149m    [INFO][0m - [38;2;116;173;209mfitting.py:bspline_profile:1257[0m -                      1     0.949    51774    1.00                  
[1;38;2;49;54;149m    [INFO][0m - [38;2;116;173;209mfitting.py:bspline_profile:1257[0m -                      2     0.934    51777    1.00                  
[1;38;2;49;54;149m    [INFO][0m - [38;2;116;173;209mfitting.py:bspline_profile:1257[0m -                      3     0.934    51777    1.00                  
[1;38;2;49;54;149m    [INFO][0m - [38;2;116;173;209mfitting.py:bspline_profile:1272[0m -                   DONE     0.934    51777    1.00                  
[1;38;2;49;54;149m    [INFO][0m - [38;2;116;173;209mfitting.py:bspline_profile:1275[0m - *******************************************************************
[1;38;2;49;54;149m    [INFO][0m - [38;2;116;173;209mfind_objects.py:global_skysub:583[0m - Global sky subtraction for slit: 140
[1;38;2;49;54;149m    [INFO][0m - [38;2;116;173;209mskysub.py:global_skysub:195[0m - Full fit in global sky sub.
[1;38;2;49;54;149m    [INFO][0m - [38;2;116;173;209mfitting.py:bspline_profile:1156[0m - B-spline fit:
[1;38;2;49;54;149m    [INFO][0m - [38;2;116;173;209mfitting.py:bspline_profile:1157[0m -     npoly = 2 profile basis functions
[1;38;2;49;54;149m    [INFO][0m - [38;2;116;173;209mfitting.py:bspline_profile:1158[0m -     ngood = 92633/144243 measurements
[1;38;2;49;54;149m    [INFO][0m - [38;2;116;173;209mfitting.py:bspline_profile:1159[0m - ***************** Iter     Chi^2    N Rej  R. Fac *****************
[1;38;2;49;54;149m    [INFO][0m - [38;2;116;173;209mfitting.py:bspline_profile:1163[0m -                   ----  --------  -------  ------                  
[1;38;2;49;54;149m    [INFO][0m - [38;2;116;173;209mfitting.py:bspline_profile:1257[0m -                      1     0.929    51681    1.00                  
[1;38;2;49;54;149m    [INFO][0m - [38;2;116;173;209mfitting.py:bspline_profile:1257[0m -                      2     0.919    51682    1.00                  
[1;38;2;49;54;149m    [INFO][0m - [38;2;116;173;209mfitting.py:bspline_profile:1257[0m -                      3     0.919    51682    1.00                  
[1;38;2;49;54;149m    [INFO][0m - [38;2;116;173;209mfitting.py:bspline_profile:1272[0m -                   DONE     0.919    51682    1.00                  
[1;38;2;49;54;149m    [INFO][0m - [38;2;116;173;209mfitting.py:bspline_profile:1275[0m - *******************************************************************
[1;38;2;49;54;149m    [INFO][0m - [38;2;116;173;209mfind_objects.py:global_skysub:583[0m - Global sky subtraction for slit: 216
[1;38;2;49;54;149m    [INFO][0m - [38;2;116;173;209mskysub.py:global_skysub:195[0m - Full fit in global sky sub.
[1;38;2;49;54;149m    [INFO][0m - [38;2;116;173;209mfitting.py:bspline_profile:1156[0m - B-spline fit:
[1;38;2;49;54;149m    [INFO][0m - [38;2;116;173;209mfitting.py:bspline_profile:1157[0m -     npoly = 2 profile basis functions
[1;38;2;49;54;149m    [INFO][0m - [38;2;116;173;209mfitting.py:bspline_profile:1158[0m -     ngood = 92844/144460 measurements
[1;38;2;49;54;149m    [INFO][0m - [38;2;116;173;209mfitting.py:bspline_profile:1159[0m - ***************** Iter     Chi^2    N Rej  R. Fac *****************
[1;38;2;49;54;149m    [INFO][0m - [38;2;116;173;209mfitting.py:bspline_profile:1163[0m -                   ----  --------  -------  ------                  
[1;38;2;49;54;149m    [INFO][0m - [38;2;116;173;209mfitting.py:bspline_profile:1257[0m -                      1     0.936    51697    1.00                  
[1;38;2;49;54;149m    [INFO][0m - [38;2;116;173;209mfitting.py:bspline_profile:1257[0m -                      2     0.925    51697    1.00                  
[1;38;2;49;54;149m    [INFO][0m - [38;2;116;173;209mfitting.py:bspline_profile:1272[0m -                   DONE     0.925    51697    1.00                  
[1;38;2;49;54;149m    [INFO][0m - [38;2;116;173;209mfitting.py:bspline_profile:1275[0m - *******************************************************************
[1;38;2;49;54;149m    [INFO][0m - [38;2;116;173;209mfind_objects.py:global_skysub:583[0m - Global sky subtraction for slit: 294
[1;38;2;49;54;149m    [INFO][0m - [38;2;116;173;209mskysub.py:global_skysub:195[0m - Full fit in global sky sub.
[1;38;2;49;54;149m    [INFO][0m - [38;2;116;173;209mfitting.py:bspline_profile:1156[0m - B-spline fit:
[1;38;2;49;54;149m    [INFO][0m - [38;2;116;173;209mfitting.py:bspline_profile:1157[0m -     npoly = 2 profile basis functions
[1;38;2;49;54;149m    [INFO][0m - [38;2;116;173;209mfitting.py:bspline_profile:1158[0m -     ngood = 92486/144492 measurements
[1;38;2;49;54;149m    [INFO][0m - [38;2;116;173;209mfitting.py:bspline_profile:1159[0m - ***************** Iter     Chi^2    N Rej  R. Fac *****************
[1;38;2;49;54;149m    [INFO][0m - [38;2;116;173;209mfitting.py:bspline_profile:1163[0m -                   ----  --------  -------  ------                  
[1;38;2;49;54;149m    [INFO][0m - [38;2;116;173;209mfitting.py:bspline_profile:1257[0m -                      1     0.924    52088    1.00                  
[1;38;2;49;54;149m    [INFO][0m - [38;2;116;173;209mfitting.py:bspline_profile:1257[0m -                      2     0.913    52088    1.00                  
[1;38;2;49;54;149m    [INFO][0m - [38;2;116;173;209mfitting.py:bspline_profile:1272[0m -                   DONE     0.913    52088    1.00                  
[1;38;2;49;54;149m    [INFO][0m - [38;2;116;173;209mfitting.py:bspline_profile:1275[0m - *******************************************************************
[1;38;2;49;54;149m    [INFO][0m - [38;2;116;173;209mfind_objects.py:global_skysub:583[0m - Global sky subtraction for slit: 368
[1;38;2;49;54;149m    [INFO][0m - [38;2;116;173;209mskysub.py:global_skysub:195[0m - Full fit in global sky sub.
[1;38;2;49;54;149m    [INFO][0m - [38;2;116;173;209mfitting.py:bspline_profile:1156[0m - B-spline fit:
[1;38;2;49;54;149m    [INFO][0m - [38;2;116;173;209mfitting.py:bspline_profile:1157[0m -     npoly = 2 profile basis functions
[1;38;2;49;54;149m    [INFO][0m - [38;2;116;173;209mfitting.py:bspline_profile:1158[0m -     ngood = 92679/144531 measurements
[1;38;2;49;54;149m    [INFO][0m - [38;2;116;173;209mfitting.py:bspline_profile:1159[0m - ***************** Iter     Chi^2    N Rej  R. Fac *****************
[1;38;2;49;54;149m    [INFO][0m - [38;2;116;173;209mfitting.py:bspline_profile:1163[0m -                   ----  --------  -------  ------                  
[1;38;2;49;54;149m    [INFO][0m - [38;2;116;173;209mfitting.py:bspline_profile:1257[0m -                      1     0.989    51945    1.00                  
[1;38;2;49;54;149m    [INFO][0m - [38;2;116;173;209mfitting.py:bspline_profile:1257[0m -                      2     0.909    51945    1.00                  
[1;38;2;49;54;149m    [INFO][0m - [38;2;116;173;209mfitting.py:bspline_profile:1272[0m -                   DONE     0.909    51945    1.00                  
[1;38;2;49;54;149m    [INFO][0m - [38;2;116;173;209mfitting.py:bspline_profile:1275[0m - *******************************************************************
[1;38;2;49;54;149m    [INFO][0m - [38;2;116;173;209mfind_objects.py:global_skysub:583[0m - Global sky subtraction for slit: 443
[1;38;2;49;54;149m    [INFO][0m - [38;2;116;173;209mskysub.py:global_skysub:195[0m - Full fit in global sky sub.
[1;38;2;49;54;149m    [INFO][0m - [38;2;116;173;209mfitting.py:bspline_profile:1156[0m - B-spline fit:
[1;38;2;49;54;149m    [INFO][0m - [38;2;116;173;209mfitting.py:bspline_profile:1157[0m -     npoly = 2 profile basis functions
[1;38;2;49;54;149m    [INFO][0m - [38;2;116;173;209mfitting.py:bspline_profile:1158[0m -     ngood = 92699/144482 measurements
[1;38;2;49;54;149m    [INFO][0m - [38;2;116;173;209mfitting.py:bspline_profile:1159[0m - ***************** Iter     Chi^2    N Rej  R. Fac *****************
[1;38;2;49;54;149m    [INFO][0m - [38;2;116;173;209mfitting.py:bspline_profile:1163[0m -                   ----  --------  -------  ------                  
[1;38;2;49;54;149m    [INFO][0m - [38;2;116;173;209mfitting.py:bspline_profile:1257[0m -                      1     0.943    51866    1.00                  
[1;38;2;49;54;149m    [INFO][0m - [38;2;116;173;209mfitting.py:bspline_profile:1257[0m -                      2     0.902    51866    1.00                  
[1;38;2;49;54;149m    [INFO][0m - [38;2;116;173;209mfitting.py:bspline_profile:1272[0m -                   DONE     0.902    51866    1.00                  
[1;38;2;49;54;149m    [INFO][0m - [38;2;116;173;209mfitting.py:bspline_profile:1275[0m - *******************************************************************
[1;38;2;49;54;149m    [INFO][0m - [38;2;116;173;209mfind_objects.py:global_skysub:583[0m - Global sky subtraction for slit: 516
[1;38;2;49;54;149m    [INFO][0m - [38;2;116;173;209mskysub.py:global_skysub:195[0m - Full fit in global sky sub.
[1;38;2;49;54;149m    [INFO][0m - [38;2;116;173;209mfitting.py:bspline_profile:1156[0m - B-spline fit:
[1;38;2;49;54;149m    [INFO][0m - [38;2;116;173;209mfitting.py:bspline_profile:1157[0m -     npoly = 2 profile basis functions
[1;38;2;49;54;149m    [INFO][0m - [38;2;116;173;209mfitting.py:bspline_profile:1158[0m -     ngood = 92454/144444 measurements
[1;38;2;49;54;149m    [INFO][0m - [38;2;116;173;209mfitting.py:bspline_profile:1159[0m - ***************** Iter     Chi^2    N Rej  R. Fac *****************
[1;38;2;49;54;149m    [INFO][0m - [38;2;116;173;209mfitting.py:bspline_profile:1163[0m -                   ----  --------  -------  ------                  
[1;38;2;49;54;149m    [INFO][0m - [38;2;116;173;209mfitting.py:bspline_profile:1257[0m -                      1     1.179    52125    1.00                  
[1;38;2;49;54;149m    [INFO][0m - [38;2;116;173;209mfitting.py:bspline_profile:1257[0m -                      2     0.913    52128    1.00                  
[1;38;2;49;54;149m    [INFO][0m - [38;2;116;173;209mfitting.py:bspline_profile:1257[0m -                      3     0.912    52128    1.00                  
[1;38;2;49;54;149m    [INFO][0m - [38;2;116;173;209mfitting.py:bspline_profile:1272[0m -                   DONE     0.912    52128    1.00                  
[1;38;2;49;54;149m    [INFO][0m - [38;2;116;173;209mfitting.py:bspline_profile:1275[0m - *******************************************************************
[1;38;2;49;54;149m    [INFO][0m - [38;2;116;173;209mfind_objects.py:global_skysub:583[0m - Global sky subtraction for slit: 590
[1;38;2;49;54;149m    [INFO][0m - [38;2;116;173;209mskysub.py:global_skysub:195[0m - Full fit in global sky sub.
[1;38;2;49;54;149m    [INFO][0m - [38;2;116;173;209mfitting.py:bspline_profile:1156[0m - B-spline fit:
[1;38;2;49;54;149m    [INFO][0m - [38;2;116;173;209mfitting.py:bspline_profile:1157[0m -     npoly = 2 profile basis functions
[1;38;2;49;54;149m    [INFO][0m - [38;2;116;173;209mfitting.py:bspline_profile:1158[0m -     ngood = 92662/144489 measurements
[1;38;2;49;54;149m    [INFO][0m - [38;2;116;173;209mfitting.py:bspline_profile:1159[0m - ***************** Iter     Chi^2    N Rej  R. Fac *****************
[1;38;2;49;54;149m    [INFO][0m - [38;2;116;173;209mfitting.py:bspline_profile:1163[0m -                   ----  --------  -------  ------                  
[1;38;2;49;54;149m    [INFO][0m - [38;2;116;173;209mfitting.py:bspline_profile:1257[0m -                      1     0.925    51920    1.00                  
[1;38;2;49;54;149m    [INFO][0m - [38;2;116;173;209mfitting.py:bspline_profile:1257[0m -                      2     0.912    51923    1.00                  
[1;38;2;49;54;149m    [INFO][0m - [38;2;116;173;209mfitting.py:bspline_profile:1257[0m -                      3     0.912    51923    1.00                  
[1;38;2;49;54;149m    [INFO][0m - [38;2;116;173;209mfitting.py:bspline_profile:1272[0m -                   DONE     0.912    51923    1.00                  
[1;38;2;49;54;149m    [INFO][0m - [38;2;116;173;209mfitting.py:bspline_profile:1275[0m - *******************************************************************
[1;38;2;49;54;149m    [INFO][0m - [38;2;116;173;209mfind_objects.py:global_skysub:583[0m - Global sky subtraction for slit: 663
[1;38;2;49;54;149m    [INFO][0m - [38;2;116;173;209mskysub.py:global_skysub:195[0m - Full fit in global sky sub.
[1;38;2;49;54;149m    [INFO][0m - [38;2;116;173;209mfitting.py:bspline_profile:1156[0m - B-spline fit:
[1;38;2;49;54;149m    [INFO][0m - [38;2;116;173;209mfitting.py:bspline_profile:1157[0m -     npoly = 2 profile basis functions
[1;38;2;49;54;149m    [INFO][0m - [38;2;116;173;209mfitting.py:bspline_profile:1158[0m -     ngood = 92664/144545 measurements
[1;38;2;49;54;149m    [INFO][0m - [38;2;116;173;209mfitting.py:bspline_profile:1159[0m - ***************** Iter     Chi^2    N Rej  R. Fac *****************
[1;38;2;49;54;149m    [INFO][0m - [38;2;116;173;209mfitting.py:bspline_profile:1163[0m -                   ----  --------  -------  ------                  
[1;38;2;49;54;149m    [INFO][0m - [38;2;116;173;209mfitting.py:bspline_profile:1257[0m -                      1     0.925    51963    1.00                  
[1;38;2;49;54;149m    [INFO][0m - [38;2;116;173;209mfitting.py:bspline_profile:1257[0m -                      2     0.914    51965    1.00                  
[1;38;2;49;54;149m    [INFO][0m - [38;2;116;173;209mfitting.py:bspline_profile:1257[0m -                      3     0.914    51965    1.00                  
[1;38;2;49;54;149m    [INFO][0m - [38;2;116;173;209mfitting.py:bspline_profile:1272[0m -                   DONE     0.914    51965    1.00                  
[1;38;2;49;54;149m    [INFO][0m - [38;2;116;173;209mfitting.py:bspline_profile:1275[0m - *******************************************************************
[1;38;2;49;54;149m    [INFO][0m - [38;2;116;173;209mfind_objects.py:global_skysub:583[0m - Global sky subtraction for slit: 737
[1;38;2;49;54;149m    [INFO][0m - [38;2;116;173;209mskysub.py:global_skysub:195[0m - Full fit in global sky sub.
[1;38;2;49;54;149m    [INFO][0m - [38;2;116;173;209mfitting.py:bspline_profile:1156[0m - B-spline fit:
[1;38;2;49;54;149m    [INFO][0m - [38;2;116;173;209mfitting.py:bspline_profile:1157[0m -     npoly = 2 profile basis functions
[1;38;2;49;54;149m    [INFO][0m - [38;2;116;173;209mfitting.py:bspline_profile:1158[0m -     ngood = 92619/144387 measurements
[1;38;2;49;54;149m    [INFO][0m - [38;2;116;173;209mfitting.py:bspline_profile:1159[0m - ***************** Iter     Chi^2    N Rej  R. Fac *****************
[1;38;2;49;54;149m    [INFO][0m - [38;2;116;173;209mfitting.py:bspline_profile:1163[0m -                   ----  --------  -------  ------                  
[1;38;2;49;54;149m    [INFO][0m - [38;2;116;173;209mfitting.py:bspline_profile:1257[0m -                      1     0.931    51867    1.00                  
[1;38;2;49;54;149m    [INFO][0m - [38;2;116;173;209mfitting.py:bspline_profile:1257[0m -                      2     0.918    51868    1.00                  
[1;38;2;49;54;149m    [INFO][0m - [38;2;116;173;209mfitting.py:bspline_profile:1257[0m -                      3     0.918    51868    1.00                  
[1;38;2;49;54;149m    [INFO][0m - [38;2;116;173;209mfitting.py:bspline_profile:1272[0m -                   DONE     0.918    51868    1.00                  
[1;38;2;49;54;149m    [INFO][0m - [38;2;116;173;209mfitting.py:bspline_profile:1275[0m - *******************************************************************
[1;38;2;49;54;149m    [INFO][0m - [38;2;116;173;209mfind_objects.py:global_skysub:583[0m - Global sky subtraction for slit: 811
[1;38;2;49;54;149m    [INFO][0m - [38;2;116;173;209mskysub.py:global_skysub:195[0m - Full fit in global sky sub.
[1;38;2;49;54;149m    [INFO][0m - [38;2;116;173;209mfitting.py:bspline_profile:1156[0m - B-spline fit:
[1;38;2;49;54;149m    [INFO][0m - [38;2;116;173;209mfitting.py:bspline_profile:1157[0m -     npoly = 2 profile basis functions
[1;38;2;49;54;149m    [INFO][0m - [38;2;116;173;209mfitting.py:bspline_profile:1158[0m -     ngood = 92424/144286 measurements
[1;38;2;49;54;149m    [INFO][0m - [38;2;116;173;209mfitting.py:bspline_profile:1159[0m - ***************** Iter     Chi^2    N Rej  R. Fac *****************
[1;38;2;49;54;149m    [INFO][0m - [38;2;116;173;209mfitting.py:bspline_profile:1163[0m -                   ----  --------  -------  ------                  
[1;38;2;49;54;149m    [INFO][0m - [38;2;116;173;209mfitting.py:bspline_profile:1257[0m -                      1     0.950    51961    1.00                  
[1;38;2;49;54;149m    [INFO][0m - [38;2;116;173;209mfitting.py:bspline_profile:1257[0m -                      2     0.937    51963    1.00                  
[1;38;2;49;54;149m    [INFO][0m - [38;2;116;173;209mfitting.py:bspline_profile:1257[0m -                      3     0.936    51963    1.00                  
[1;38;2;49;54;149m    [INFO][0m - [38;2;116;173;209mfitting.py:bspline_profile:1272[0m -                   DONE     0.936    51963    1.00                  
[1;38;2;49;54;149m    [INFO][0m - [38;2;116;173;209mfitting.py:bspline_profile:1275[0m - *******************************************************************
[1;38;2;49;54;149m    [INFO][0m - [38;2;116;173;209mfind_objects.py:global_skysub:583[0m - Global sky subtraction for slit: 885
[1;38;2;49;54;149m    [INFO][0m - [38;2;116;173;209mskysub.py:global_skysub:195[0m - Full fit in global sky sub.
[1;38;2;49;54;149m    [INFO][0m - [38;2;116;173;209mfitting.py:bspline_profile:1156[0m - B-spline fit:
[1;38;2;49;54;149m    [INFO][0m - [38;2;116;173;209mfitting.py:bspline_profile:1157[0m -     npoly = 2 profile basis functions
[1;38;2;49;54;149m    [INFO][0m - [38;2;116;173;209mfitting.py:bspline_profile:1158[0m -     ngood = 92756/144431 measurements
[1;38;2;49;54;149m    [INFO][0m - [38;2;116;173;209mfitting.py:bspline_profile:1159[0m - ***************** Iter     Chi^2    N Rej  R. Fac *****************
[1;38;2;49;54;149m    [INFO][0m - [38;2;116;173;209mfitting.py:bspline_profile:1163[0m -                   ----  --------  -------  ------                  
[1;38;2;49;54;149m    [INFO][0m - [38;2;116;173;209mfitting.py:bspline_profile:1257[0m -                      1     1.103    51941    1.00                  
[1;38;2;49;54;149m    [INFO][0m - [38;2;116;173;209mfitting.py:bspline_profile:1257[0m -                      2     1.068    51946    1.00                  
[1;38;2;49;54;149m    [INFO][0m - [38;2;116;173;209mfitting.py:bspline_profile:1257[0m -                      3     1.067    51946    1.00                  
[1;38;2;49;54;149m    [INFO][0m - [38;2;116;173;209mfitting.py:bspline_profile:1272[0m -                   DONE     1.067    51946    1.00                  
[1;38;2;49;54;149m    [INFO][0m - [38;2;116;173;209mfitting.py:bspline_profile:1275[0m - *******************************************************************
[1;38;2;49;54;149m    [INFO][0m - [38;2;116;173;209mfind_objects.py:global_skysub:583[0m - Global sky subtraction for slit: 1163
[1;38;2;49;54;149m    [INFO][0m - [38;2;116;173;209mskysub.py:global_skysub:195[0m - Full fit in global sky sub.
[1;38;2;49;54;149m    [INFO][0m - [38;2;116;173;209mfitting.py:bspline_profile:1156[0m - B-spline fit:
[1;38;2;49;54;149m    [INFO][0m - [38;2;116;173;209mfitting.py:bspline_profile:1157[0m -     npoly = 2 profile basis functions
[1;38;2;49;54;149m    [INFO][0m - [38;2;116;173;209mfitting.py:bspline_profile:1158[0m -     ngood = 92720/144499 measurements
[1;38;2;49;54;149m    [INFO][0m - [38;2;116;173;209mfitting.py:bspline_profile:1159[0m - ***************** Iter     Chi^2    N Rej  R. Fac *****************
[1;38;2;49;54;149m    [INFO][0m - [38;2;116;173;209mfitting.py:bspline_profile:1163[0m -                   ----  --------  -------  ------                  
[1;38;2;49;54;149m    [INFO][0m - [38;2;116;173;209mfitting.py:bspline_profile:1257[0m -                      1     0.994    51912    1.00                  
[1;38;2;49;54;149m    [INFO][0m - [38;2;116;173;209mfitting.py:bspline_profile:1257[0m -                      2     0.976    51914    1.00                  
[1;38;2;49;54;149m    [INFO][0m - [38;2;116;173;209mfitting.py:bspline_profile:1257[0m -                      3     0.975    51915    1.00                  
[1;38;2;49;54;149m    [INFO][0m - [38;2;116;173;209mfitting.py:bspline_profile:1257[0m -                      4     0.975    51915    1.00                  
[1;38;2;49;54;149m    [INFO][0m - [38;2;116;173;209mfitting.py:bspline_profile:1272[0m -                   DONE     0.975    51915    1.00                  
[1;38;2;49;54;149m    [INFO][0m - [38;2;116;173;209mfitting.py:bspline_profile:1275[0m - *******************************************************************
[1;38;2;49;54;149m    [INFO][0m - [38;2;116;173;209mfind_objects.py:global_skysub:583[0m - Global sky subtraction for slit: 1237
[1;38;2;49;54;149m    [INFO][0m - [38;2;116;173;209mskysub.py:global_skysub:195[0m - Full fit in global sky sub.
[1;38;2;49;54;149m    [INFO][0m - [38;2;116;173;209mfitting.py:bspline_profile:1156[0m - B-spline fit:
[1;38;2;49;54;149m    [INFO][0m - [38;2;116;173;209mfitting.py:bspline_profile:1157[0m -     npoly = 2 profile basis functions
[1;38;2;49;54;149m    [INFO][0m - [38;2;116;173;209mfitting.py:bspline_profile:1158[0m -     ngood = 92862/144471 measurements
[1;38;2;49;54;149m    [INFO][0m - [38;2;116;173;209mfitting.py:bspline_profile:1159[0m - ***************** Iter     Chi^2    N Rej  R. Fac *****************
[1;38;2;49;54;149m    [INFO][0m - [38;2;116;173;209mfitting.py:bspline_profile:1163[0m -                   ----  --------  -------  ------                  
[1;38;2;49;54;149m    [INFO][0m - [38;2;116;173;209mfitting.py:bspline_profile:1257[0m -                      1     0.951    51711    1.00                  
[1;38;2;49;54;149m    [INFO][0m - [38;2;116;173;209mfitting.py:bspline_profile:1257[0m -                      2     0.937    51711    1.00                  
[1;38;2;49;54;149m    [INFO][0m - [38;2;116;173;209mfitting.py:bspline_profile:1272[0m -                   DONE     0.937    51711    1.00                  
[1;38;2;49;54;149m    [INFO][0m - [38;2;116;173;209mfitting.py:bspline_profile:1275[0m - *******************************************************************
[1;38;2;49;54;149m    [INFO][0m - [38;2;116;173;209mfind_objects.py:global_skysub:583[0m - Global sky subtraction for slit: 1311
[1;38;2;49;54;149m    [INFO][0m - [38;2;116;173;209mskysub.py:global_skysub:195[0m - Full fit in global sky sub.
[1;38;2;49;54;149m    [INFO][0m - [38;2;116;173;209mfitting.py:bspline_profile:1156[0m - B-spline fit:
[1;38;2;49;54;149m    [INFO][0m - [38;2;116;173;209mfitting.py:bspline_profile:1157[0m -     npoly = 2 profile basis functions
[1;38;2;49;54;149m    [INFO][0m - [38;2;116;173;209mfitting.py:bspline_profile:1158[0m -     ngood = 93029/144445 measurements
[1;38;2;49;54;149m    [INFO][0m - [38;2;116;173;209mfitting.py:bspline_profile:1159[0m - ***************** Iter     Chi^2    N Rej  R. Fac *****************
[1;38;2;49;54;149m    [INFO][0m - [38;2;116;173;209mfitting.py:bspline_profile:1163[0m -                   ----  --------  -------  ------                  
[1;38;2;49;54;149m    [INFO][0m - [38;2;116;173;209mfitting.py:bspline_profile:1257[0m -                      1     0.956    51553    1.00                  
[1;38;2;49;54;149m    [INFO][0m - [38;2;116;173;209mfitting.py:bspline_profile:1257[0m -                      2     0.937    51554    1.00                  
[1;38;2;49;54;149m    [INFO][0m - [38;2;116;173;209mfitting.py:bspline_profile:1257[0m -                      3     0.937    51554    1.00                  
[1;38;2;49;54;149m    [INFO][0m - [38;2;116;173;209mfitting.py:bspline_profile:1272[0m -                   DONE     0.937    51554    1.00                  
[1;38;2;49;54;149m    [INFO][0m - [38;2;116;173;209mfitting.py:bspline_profile:1275[0m - *******************************************************************
[1;38;2;49;54;149m    [INFO][0m - [38;2;116;173;209mfind_objects.py:global_skysub:583[0m - Global sky subtraction for slit: 1385
[1;38;2;49;54;149m    [INFO][0m - [38;2;116;173;209mskysub.py:global_skysub:195[0m - Full fit in global sky sub.
[1;38;2;49;54;149m    [INFO][0m - [38;2;116;173;209mfitting.py:bspline_profile:1156[0m - B-spline fit:
[1;38;2;49;54;149m    [INFO][0m - [38;2;116;173;209mfitting.py:bspline_profile:1157[0m -     npoly = 2 profile basis functions
[1;38;2;49;54;149m    [INFO][0m - [38;2;116;173;209mfitting.py:bspline_profile:1158[0m -     ngood = 92821/144480 measurements
[1;38;2;49;54;149m    [INFO][0m - [38;2;116;173;209mfitting.py:bspline_profile:1159[0m - ***************** Iter     Chi^2    N Rej  R. Fac *****************
[1;38;2;49;54;149m    [INFO][0m - [38;2;116;173;209mfitting.py:bspline_profile:1163[0m -                   ----  --------  -------  ------                  
[1;38;2;49;54;149m    [INFO][0m - [38;2;116;173;209mfitting.py:bspline_profile:1257[0m -                      1     1.458    53214    1.00                  
[1;38;2;49;54;149m    [INFO][0m - [38;2;116;173;209mfitting.py:bspline_profile:1257[0m -                      2     1.230    53419    1.00                  
[1;38;2;49;54;149m    [INFO][0m - [38;2;116;173;209mfitting.py:bspline_profile:1257[0m -                      3     1.207    53444    1.00                  
[1;38;2;49;54;149m    [INFO][0m - [38;2;116;173;209mfitting.py:bspline_profile:1257[0m -                      4     1.205    53445    1.00                  
[1;38;2;49;54;149m    [INFO][0m - [38;2;116;173;209mfitting.py:bspline_profile:1257[0m -                      5     1.205    53445    1.00                  
[1;38;2;49;54;149m    [INFO][0m - [38;2;116;173;209mfitting.py:bspline_profile:1272[0m -                   DONE     1.205    53445    1.00                  
[1;38;2;49;54;149m    [INFO][0m - [38;2;116;173;209mfitting.py:bspline_profile:1275[0m - *******************************************************************
[1;38;2;49;54;149m    [INFO][0m - [38;2;116;173;209mfind_objects.py:global_skysub:583[0m - Global sky subtraction for slit: 1458
[1;38;2;49;54;149m    [INFO][0m - [38;2;116;173;209mskysub.py:global_skysub:195[0m - Full fit in global sky sub.
[1;38;2;49;54;149m    [INFO][0m - [38;2;116;173;209mfitting.py:bspline_profile:1156[0m - B-spline fit:
[1;38;2;49;54;149m    [INFO][0m - [38;2;116;173;209mfitting.py:bspline_profile:1157[0m -     npoly = 2 profile basis functions
[1;38;2;49;54;149m    [INFO][0m - [38;2;116;173;209mfitting.py:bspline_profile:1158[0m -     ngood = 92439/143981 measurements
[1;38;2;49;54;149m    [INFO][0m - [38;2;116;173;209mfitting.py:bspline_profile:1159[0m - ***************** Iter     Chi^2    N Rej  R. Fac *****************
[1;38;2;49;54;149m    [INFO][0m - [38;2;116;173;209mfitting.py:bspline_profile:1163[0m -                   ----  --------  -------  ------                  
[1;38;2;49;54;149m    [INFO][0m - [38;2;116;173;209mfitting.py:bspline_profile:1257[0m -                      1     0.963    51648    1.00                  
[1;38;2;49;54;149m    [INFO][0m - [38;2;116;173;209mfitting.py:bspline_profile:1257[0m -                      2     0.948    51649    1.00                  
[1;38;2;49;54;149m    [INFO][0m - [38;2;116;173;209mfitting.py:bspline_profile:1257[0m -                      3     0.948    51649    1.00                  
[1;38;2;49;54;149m    [INFO][0m - [38;2;116;173;209mfitting.py:bspline_profile:1272[0m -                   DONE     0.948    51649    1.00                  
[1;38;2;49;54;149m    [INFO][0m - [38;2;116;173;209mfitting.py:bspline_profile:1275[0m - *******************************************************************
[1;38;2;49;54;149m    [INFO][0m - [38;2;116;173;209mfind_objects.py:global_skysub:583[0m - Global sky subtraction for slit: 1533
[1;38;2;49;54;149m    [INFO][0m - [38;2;116;173;209mskysub.py:global_skysub:195[0m - Full fit in global sky sub.
[1;38;2;49;54;149m    [INFO][0m - [38;2;116;173;209mfitting.py:bspline_profile:1156[0m - B-spline fit:
[1;38;2;49;54;149m    [INFO][0m - [38;2;116;173;209mfitting.py:bspline_profile:1157[0m -     npoly = 2 profile basis functions
[1;38;2;49;54;149m    [INFO][0m - [38;2;116;173;209mfitting.py:bspline_profile:1158[0m -     ngood = 92615/144358 measurements
[1;38;2;49;54;149m    [INFO][0m - [38;2;116;173;209mfitting.py:bspline_profile:1159[0m - ***************** Iter     Chi^2    N Rej  R. Fac *****************
[1;38;2;49;54;149m    [INFO][0m - [38;2;116;173;209mfitting.py:bspline_profile:1163[0m -                   ----  --------  -------  ------                  
[1;38;2;49;54;149m    [INFO][0m - [38;2;116;173;209mfitting.py:bspline_profile:1257[0m -                      1     0.935    51822    1.00                  
[1;38;2;49;54;149m    [INFO][0m - [38;2;116;173;209mfitting.py:bspline_profile:1257[0m -                      2     0.924    51822    1.00                  
[1;38;2;49;54;149m    [INFO][0m - [38;2;116;173;209mfitting.py:bspline_profile:1272[0m -                   DONE     0.924    51822    1.00                  
[1;38;2;49;54;149m    [INFO][0m - [38;2;116;173;209mfitting.py:bspline_profile:1275[0m - *******************************************************************
[1;38;2;49;54;149m    [INFO][0m - [38;2;116;173;209mfind_objects.py:global_skysub:583[0m - Global sky subtraction for slit: 1606
[1;38;2;49;54;149m    [INFO][0m - [38;2;116;173;209mskysub.py:global_skysub:195[0m - Full fit in global sky sub.
[1;38;2;49;54;149m    [INFO][0m - [38;2;116;173;209mfitting.py:bspline_profile:1156[0m - B-spline fit:
[1;38;2;49;54;149m    [INFO][0m - [38;2;116;173;209mfitting.py:bspline_profile:1157[0m -     npoly = 2 profile basis functions
[1;38;2;49;54;149m    [INFO][0m - [38;2;116;173;209mfitting.py:bspline_profile:1158[0m -     ngood = 92501/144314 measurements
[1;38;2;49;54;149m    [INFO][0m - [38;2;116;173;209mfitting.py:bspline_profile:1159[0m - ***************** Iter     Chi^2    N Rej  R. Fac *****************
[1;38;2;49;54;149m    [INFO][0m - [38;2;116;173;209mfitting.py:bspline_profile:1163[0m -                   ----  --------  -------  ------                  
[1;38;2;49;54;149m    [INFO][0m - [38;2;116;173;209mfitting.py:bspline_profile:1257[0m -                      1     0.989    51930    1.00                  
[1;38;2;49;54;149m    [INFO][0m - [38;2;116;173;209mfitting.py:bspline_profile:1257[0m -                      2     0.934    51933    1.00                  
[1;38;2;49;54;149m    [INFO][0m - [38;2;116;173;209mfitting.py:bspline_profile:1257[0m -                      3     0.934    51933    1.00                  
[1;38;2;49;54;149m    [INFO][0m - [38;2;116;173;209mfitting.py:bspline_profile:1272[0m -                   DONE     0.934    51933    1.00                  
[1;38;2;49;54;149m    [INFO][0m - [38;2;116;173;209mfitting.py:bspline_profile:1275[0m - *******************************************************************
[1;38;2;49;54;149m    [INFO][0m - [38;2;116;173;209mfind_objects.py:global_skysub:583[0m - Global sky subtraction for slit: 1682
[1;38;2;49;54;149m    [INFO][0m - [38;2;116;173;209mskysub.py:global_skysub:195[0m - Full fit in global sky sub.
[1;38;2;49;54;149m    [INFO][0m - [38;2;116;173;209mfitting.py:bspline_profile:1156[0m - B-spline fit:
[1;38;2;49;54;149m    [INFO][0m - [38;2;116;173;209mfitting.py:bspline_profile:1157[0m -     npoly = 2 profile basis functions
[1;38;2;49;54;149m    [INFO][0m - [38;2;116;173;209mfitting.py:bspline_profile:1158[0m -     ngood = 92326/144135 measurements
[1;38;2;49;54;149m    [INFO][0m - [38;2;116;173;209mfitting.py:bspline_profile:1159[0m - ***************** Iter     Chi^2    N Rej  R. Fac *****************
[1;38;2;49;54;149m    [INFO][0m - [38;2;116;173;209mfitting.py:bspline_profile:1163[0m -                   ----  --------  -------  ------                  
[1;38;2;49;54;149m    [INFO][0m - [38;2;116;173;209mfitting.py:bspline_profile:1257[0m -                      1     1.073    52065    1.00                  
[1;38;2;49;54;149m    [INFO][0m - [38;2;116;173;209mfitting.py:bspline_profile:1257[0m -                      2     1.038    52070    1.00                  
[1;38;2;49;54;149m    [INFO][0m - [38;2;116;173;209mfitting.py:bspline_profile:1257[0m -                      3     1.037    52070    1.00                  
[1;38;2;49;54;149m    [INFO][0m - [38;2;116;173;209mfitting.py:bspline_profile:1272[0m -                   DONE     1.037    52070    1.00                  
[1;38;2;49;54;149m    [INFO][0m - [38;2;116;173;209mfitting.py:bspline_profile:1275[0m - *******************************************************************
[1;38;2;49;54;149m    [INFO][0m - [38;2;116;173;209mfind_objects.py:global_skysub:583[0m - Global sky subtraction for slit: 1757
[1;38;2;49;54;149m    [INFO][0m - [38;2;116;173;209mskysub.py:global_skysub:195[0m - Full fit in global sky sub.
[1;38;2;49;54;149m    [INFO][0m - [38;2;116;173;209mfitting.py:bspline_profile:1156[0m - B-spline fit:
[1;38;2;49;54;149m    [INFO][0m - [38;2;116;173;209mfitting.py:bspline_profile:1157[0m -     npoly = 2 profile basis functions
[1;38;2;49;54;149m    [INFO][0m - [38;2;116;173;209mfitting.py:bspline_profile:1158[0m -     ngood = 92155/143857 measurements
[1;38;2;49;54;149m    [INFO][0m - [38;2;116;173;209mfitting.py:bspline_profile:1159[0m - ***************** Iter     Chi^2    N Rej  R. Fac *****************
[1;38;2;49;54;149m    [INFO][0m - [38;2;116;173;209mfitting.py:bspline_profile:1163[0m -                   ----  --------  -------  ------                  
[1;38;2;49;54;149m    [INFO][0m - [38;2;116;173;209mfitting.py:bspline_profile:1257[0m -                      1     1.008    51828    1.00                  
[1;38;2;49;54;149m    [INFO][0m - [38;2;116;173;209mfitting.py:bspline_profile:1257[0m -                      2     0.919    51830    1.00                  
[1;38;2;49;54;149m    [INFO][0m - [38;2;116;173;209mfitting.py:bspline_profile:1257[0m -                      3     0.919    51830    1.00                  
[1;38;2;49;54;149m    [INFO][0m - [38;2;116;173;209mfitting.py:bspline_profile:1272[0m -                   DONE     0.919    51830    1.00                  
[1;38;2;49;54;149m    [INFO][0m - [38;2;116;173;209mfitting.py:bspline_profile:1275[0m - *******************************************************************
[1;38;2;49;54;149m    [INFO][0m - [38;2;116;173;209mfind_objects.py:global_skysub:583[0m - Global sky subtraction for slit: 1836
[1;38;2;49;54;149m    [INFO][0m - [38;2;116;173;209mskysub.py:global_skysub:195[0m - Full fit in global sky sub.
[1;38;2;49;54;149m    [INFO][0m - [38;2;116;173;209mfitting.py:bspline_profile:1156[0m - B-spline fit:
[1;38;2;49;54;149m    [INFO][0m - [38;2;116;173;209mfitting.py:bspline_profile:1157[0m -     npoly = 2 profile basis functions
[1;38;2;49;54;149m    [INFO][0m - [38;2;116;173;209mfitting.py:bspline_profile:1158[0m -     ngood = 92550/144141 measurements
[1;38;2;49;54;149m    [INFO][0m - [38;2;116;173;209mfitting.py:bspline_profile:1159[0m - ***************** Iter     Chi^2    N Rej  R. Fac *****************
[1;38;2;49;54;149m    [INFO][0m - [38;2;116;173;209mfitting.py:bspline_profile:1163[0m -                   ----  --------  -------  ------                  
[1;38;2;49;54;149m    [INFO][0m - [38;2;116;173;209mfitting.py:bspline_profile:1257[0m -                      1     0.953    51693    1.00                  
[1;38;2;49;54;149m    [INFO][0m - [38;2;116;173;209mfitting.py:bspline_profile:1257[0m -                      2     0.939    51693    1.00                  
[1;38;2;49;54;149m    [INFO][0m - [38;2;116;173;209mfitting.py:bspline_profile:1272[0m -                   DONE     0.939    51693    1.00                  
[1;38;2;49;54;149m    [INFO][0m - [38;2;116;173;209mfitting.py:bspline_profile:1275[0m - *******************************************************************
[1;38;2;49;54;149m    [INFO][0m - [38;2;116;173;209mfind_objects.py:global_skysub:583[0m - Global sky subtraction for slit: 1913
[1;38;2;49;54;149m    [INFO][0m - [38;2;116;173;209mskysub.py:global_skysub:195[0m - Full fit in global sky sub.
[1;38;2;49;54;149m    [INFO][0m - [38;2;116;173;209mfitting.py:bspline_profile:1156[0m - B-spline fit:
[1;38;2;49;54;149m    [INFO][0m - [38;2;116;173;209mfitting.py:bspline_profile:1157[0m -     npoly = 2 profile basis functions
[1;38;2;49;54;149m    [INFO][0m - [38;2;116;173;209mfitting.py:bspline_profile:1158[0m -     ngood = 92388/143900 measurements
[1;38;2;49;54;149m    [INFO][0m - [38;2;116;173;209mfitting.py:bspline_profile:1159[0m - ***************** Iter     Chi^2    N Rej  R. Fac *****************
[1;38;2;49;54;149m    [INFO][0m - [38;2;116;173;209mfitting.py:bspline_profile:1163[0m -                   ----  --------  -------  ------                  
[1;38;2;49;54;149m    [INFO][0m - [38;2;116;173;209mfitting.py:bspline_profile:1257[0m -                      1     0.935    51620    1.00                  
[1;38;2;49;54;149m    [INFO][0m - [38;2;116;173;209mfitting.py:bspline_profile:1257[0m -                      2     0.920    51621    1.00                  
[1;38;2;49;54;149m    [INFO][0m - [38;2;116;173;209mfitting.py:bspline_profile:1257[0m -                      3     0.919    51621    1.00                  
[1;38;2;49;54;149m    [INFO][0m - [38;2;116;173;209mfitting.py:bspline_profile:1272[0m -                   DONE     0.919    51621    1.00                  
[1;38;2;49;54;149m    [INFO][0m - [38;2;116;173;209mfitting.py:bspline_profile:1275[0m - *******************************************************************
[1;38;2;49;54;149m    [INFO][0m - [38;2;116;173;209mfind_objects.py:global_skysub:583[0m - Global sky subtraction for slit: 1995
[1;38;2;49;54;149m    [INFO][0m - [38;2;116;173;209mskysub.py:global_skysub:195[0m - Full fit in global sky sub.
[1;38;2;49;54;149m    [INFO][0m - [38;2;116;173;209mfitting.py:bspline_profile:1156[0m - B-spline fit:
[1;38;2;49;54;149m    [INFO][0m - [38;2;116;173;209mfitting.py:bspline_profile:1157[0m -     npoly = 2 profile basis functions
[1;38;2;49;54;149m    [INFO][0m - [38;2;116;173;209mfitting.py:bspline_profile:1158[0m -     ngood = 91734/143290 measurements
[1;38;2;49;54;149m    [INFO][0m - [38;2;116;173;209mfitting.py:bspline_profile:1159[0m - ***************** Iter     Chi^2    N Rej  R. Fac *****************
[1;38;2;49;54;149m    [INFO][0m - [38;2;116;173;209mfitting.py:bspline_profile:1163[0m -                   ----  --------  -------  ------                  
[1;38;2;49;54;149m    [INFO][0m - [38;2;116;173;209mfitting.py:bspline_profile:1257[0m -                      1     0.975    51636    1.00                  
[1;38;2;49;54;149m    [INFO][0m - [38;2;116;173;209mfitting.py:bspline_profile:1257[0m -                      2     0.932    51636    1.00                  
[1;38;2;49;54;149m    [INFO][0m - [38;2;116;173;209mfitting.py:bspline_profile:1272[0m -                   DONE     0.932    51636    1.00                  
[1;38;2;49;54;149m    [INFO][0m - [38;2;116;173;209mfitting.py:bspline_profile:1275[0m - *******************************************************************
[1;38;2;49;54;149m    [INFO][0m - [38;2;116;173;209mfind_objects.py:find_objects_pypeline:788[0m - Finding objects on slit # 60
[1;38;2;49;54;149m    [INFO][0m - [38;2;116;173;209mfindobj_skymask.py:objs_in_slit:2095[0m - No objects found automatically.  Consider manual extraction.
[1;38;2;49;54;149m    [INFO][0m - [38;2;116;173;209mfind_objects.py:find_objects_pypeline:788[0m - Finding objects on slit # 140
[1;38;2;49;54;149m    [INFO][0m - [38;2;116;173;209mfindobj_skymask.py:objs_in_slit:2095[0m - No objects found automatically.  Consider manual extraction.
[1;38;2;49;54;149m    [INFO][0m - [38;2;116;173;209mfind_objects.py:find_objects_pypeline:788[0m - Finding objects on slit # 216
[1;38;2;49;54;149m    [INFO][0m - [38;2;116;173;209mfindobj_skymask.py:objs_in_slit:2095[0m - No objects found automatically.  Consider manual extraction.
[1;38;2;49;54;149m    [INFO][0m - [38;2;116;173;209mfind_objects.py:find_objects_pypeline:788[0m - Finding objects on slit # 294
[1;38;2;49;54;149m    [INFO][0m - [38;2;116;173;209mfindobj_skymask.py:objs_in_slit:2095[0m - No objects found automatically.  Consider manual extraction.
[1;38;2;49;54;149m    [INFO][0m - [38;2;116;173;209mfind_objects.py:find_objects_pypeline:788[0m - Finding objects on slit # 368
[1;38;2;49;54;149m    [INFO][0m - [38;2;116;173;209mfindobj_skymask.py:objs_in_slit:2095[0m - No objects found automatically.  Consider manual extraction.
[1;38;2;49;54;149m    [INFO][0m - [38;2;116;173;209mfind_objects.py:find_objects_pypeline:788[0m - Finding objects on slit # 443
[1;38;2;49;54;149m    [INFO][0m - [38;2;116;173;209mfindobj_skymask.py:objs_in_slit:2095[0m - No objects found automatically.  Consider manual extraction.
[1;38;2;49;54;149m    [INFO][0m - [38;2;116;173;209mfind_objects.py:find_objects_pypeline:788[0m - Finding objects on slit # 516
[1;38;2;49;54;149m    [INFO][0m - [38;2;116;173;209mfindobj_skymask.py:objs_in_slit:2095[0m - No objects found automatically.  Consider manual extraction.
[1;38;2;49;54;149m    [INFO][0m - [38;2;116;173;209mfind_objects.py:find_objects_pypeline:788[0m - Finding objects on slit # 590
[1;38;2;49;54;149m    [INFO][0m - [38;2;116;173;209mfindobj_skymask.py:objs_in_slit:2095[0m - No objects found automatically.  Consider manual extraction.
[1;38;2;49;54;149m    [INFO][0m - [38;2;116;173;209mfind_objects.py:find_objects_pypeline:788[0m - Finding objects on slit # 663
[1;38;2;49;54;149m    [INFO][0m - [38;2;116;173;209mfindobj_skymask.py:objs_in_slit:2095[0m - No objects found automatically.  Consider manual extraction.
[1;38;2;49;54;149m    [INFO][0m - [38;2;116;173;209mfind_objects.py:find_objects_pypeline:788[0m - Finding objects on slit # 737
[1;38;2;49;54;149m    [INFO][0m - [38;2;116;173;209mfindobj_skymask.py:objs_in_slit:2095[0m - No objects found automatically.  Consider manual extraction.
[1;38;2;49;54;149m    [INFO][0m - [38;2;116;173;209mfind_objects.py:find_objects_pypeline:788[0m - Finding objects on slit # 811
[1;38;2;49;54;149m    [INFO][0m - [38;2;116;173;209mfindobj_skymask.py:objs_in_slit:2073[0m - Using slit edges as crutch for object tracing
[1;38;2;49;54;149m    [INFO][0m - [38;2;116;173;209mfindobj_skymask.py:objs_in_slit:2098[0m - Automatic finding routine found 1 objects
[1;38;2;49;54;149m    [INFO][0m - [38;2;116;173;209mfindobj_skymask.py:objs_in_slit:2102[0m - Fitting the traces
[1;38;2;253;174;97m [WARNING][0m - [38;2;116;173;209mpolyutils.py:_fit:662[0m - RankWarning: The fit may be poorly conditioned
[1;38;2;49;54;149m    [INFO][0m - [38;2;116;173;209mfindobj_skymask.py:objs_in_slit:2254[0m - Successfully traced a total of 1 objects
[1;38;2;49;54;149m    [INFO][0m - [38;2;116;173;209mfind_objects.py:find_objects_pypeline:788[0m - Finding objects on slit # 885
[1;38;2;49;54;149m    [INFO][0m - [38;2;116;173;209mfindobj_skymask.py:objs_in_slit:2073[0m - Using slit edges as crutch for object tracing
[1;38;2;49;54;149m    [INFO][0m - [38;2;116;173;209mfindobj_skymask.py:objs_in_slit:2098[0m - Automatic finding routine found 2 objects
[1;38;2;49;54;149m    [INFO][0m - [38;2;116;173;209mfindobj_skymask.py:objs_in_slit:2102[0m - Fitting the traces
[1;38;2;253;174;97m [WARNING][0m - [38;2;116;173;209mpolyutils.py:_fit:662[0m - RankWarning: The fit may be poorly conditioned
[1;38;2;49;54;149m    [INFO][0m - [38;2;116;173;209mfindobj_skymask.py:objs_in_slit:2254[0m - Successfully traced a total of 2 objects
[1;38;2;49;54;149m    [INFO][0m - [38;2;116;173;209mfind_objects.py:find_objects_pypeline:788[0m - Finding objects on slit # 1163
[1;38;2;49;54;149m    [INFO][0m - [38;2;116;173;209mfindobj_skymask.py:objs_in_slit:2073[0m - Using slit edges as crutch for object tracing
[1;38;2;49;54;149m    [INFO][0m - [38;2;116;173;209mfindobj_skymask.py:objs_in_slit:2098[0m - Automatic finding routine found 1 objects
[1;38;2;49;54;149m    [INFO][0m - [38;2;116;173;209mfindobj_skymask.py:objs_in_slit:2102[0m - Fitting the traces
[1;38;2;253;174;97m [WARNING][0m - [38;2;116;173;209mpolyutils.py:_fit:662[0m - RankWarning: The fit may be poorly conditioned
[1;38;2;49;54;149m    [INFO][0m - [38;2;116;173;209mfindobj_skymask.py:objs_in_slit:2254[0m - Successfully traced a total of 1 objects
[1;38;2;49;54;149m    [INFO][0m - [38;2;116;173;209mfind_objects.py:find_objects_pypeline:788[0m - Finding objects on slit # 1237
[1;38;2;49;54;149m    [INFO][0m - [38;2;116;173;209mfindobj_skymask.py:objs_in_slit:2073[0m - Using slit edges as crutch for object tracing
[1;38;2;49;54;149m    [INFO][0m - [38;2;116;173;209mfindobj_skymask.py:objs_in_slit:2098[0m - Automatic finding routine found 1 objects
[1;38;2;49;54;149m    [INFO][0m - [38;2;116;173;209mfindobj_skymask.py:objs_in_slit:2102[0m - Fitting the traces
[1;38;2;253;174;97m [WARNING][0m - [38;2;116;173;209mpolyutils.py:_fit:662[0m - RankWarning: The fit may be poorly conditioned
[1;38;2;49;54;149m    [INFO][0m - [38;2;116;173;209mfindobj_skymask.py:objs_in_slit:2254[0m - Successfully traced a total of 1 objects
[1;38;2;49;54;149m    [INFO][0m - [38;2;116;173;209mfind_objects.py:find_objects_pypeline:788[0m - Finding objects on slit # 1311
[1;38;2;49;54;149m    [INFO][0m - [38;2;116;173;209mfindobj_skymask.py:objs_in_slit:2073[0m - Using slit edges as crutch for object tracing
[1;38;2;49;54;149m    [INFO][0m - [38;2;116;173;209mfindobj_skymask.py:objs_in_slit:2098[0m - Automatic finding routine found 1 objects
[1;38;2;49;54;149m    [INFO][0m - [38;2;116;173;209mfindobj_skymask.py:objs_in_slit:2102[0m - Fitting the traces
[1;38;2;253;174;97m [WARNING][0m - [38;2;116;173;209mpolyutils.py:_fit:662[0m - RankWarning: The fit may be poorly conditioned
[1;38;2;49;54;149m    [INFO][0m - [38;2;116;173;209mfindobj_skymask.py:objs_in_slit:2254[0m - Successfully traced a total of 1 objects
[1;38;2;49;54;149m    [INFO][0m - [38;2;116;173;209mfind_objects.py:find_objects_pypeline:788[0m - Finding objects on slit # 1385
[1;38;2;49;54;149m    [INFO][0m - [38;2;116;173;209mfindobj_skymask.py:objs_in_slit:2073[0m - Using slit edges as crutch for object tracing
[1;38;2;49;54;149m    [INFO][0m - [38;2;116;173;209mfindobj_skymask.py:objs_in_slit:2098[0m - Automatic finding routine found 2 objects
[1;38;2;49;54;149m    [INFO][0m - [38;2;116;173;209mfindobj_skymask.py:objs_in_slit:2102[0m - Fitting the traces
[1;38;2;253;174;97m [WARNING][0m - [38;2;116;173;209mpolyutils.py:_fit:662[0m - RankWarning: The fit may be poorly conditioned
[1;38;2;49;54;149m    [INFO][0m - [38;2;116;173;209mfindobj_skymask.py:objs_in_slit:2254[0m - Successfully traced a total of 2 objects
[1;38;2;49;54;149m    [INFO][0m - [38;2;116;173;209mfind_objects.py:find_objects_pypeline:788[0m - Finding objects on slit # 1458
[1;38;2;49;54;149m    [INFO][0m - [38;2;116;173;209mfindobj_skymask.py:objs_in_slit:2073[0m - Using slit edges as crutch for object tracing
[1;38;2;49;54;149m    [INFO][0m - [38;2;116;173;209mfindobj_skymask.py:objs_in_slit:2098[0m - Automatic finding routine found 1 objects
[1;38;2;49;54;149m    [INFO][0m - [38;2;116;173;209mfindobj_skymask.py:objs_in_slit:2102[0m - Fitting the traces
[1;38;2;253;174;97m [WARNING][0m - [38;2;116;173;209mpolyutils.py:_fit:662[0m - RankWarning: The fit may be poorly conditioned
[1;38;2;49;54;149m    [INFO][0m - [38;2;116;173;209mfindobj_skymask.py:objs_in_slit:2254[0m - Successfully traced a total of 1 objects
[1;38;2;49;54;149m    [INFO][0m - [38;2;116;173;209mfind_objects.py:find_objects_pypeline:788[0m - Finding objects on slit # 1533
[1;38;2;49;54;149m    [INFO][0m - [38;2;116;173;209mfindobj_skymask.py:objs_in_slit:2095[0m - No objects found automatically.  Consider manual extraction.
[1;38;2;49;54;149m    [INFO][0m - [38;2;116;173;209mfind_objects.py:find_objects_pypeline:788[0m - Finding objects on slit # 1606
[1;38;2;253;174;97m [WARNING][0m - [38;2;116;173;209mfindobj_skymask.py:objs_in_slit:2000[0m - Discarding 1 at spatial pixels spat = [67.20696706] which land within trim_edg = (left, right) = [5, 5] pixels from the slit boundary for this nsamp = 70.00 wide slit
[1;38;2;253;174;97m [WARNING][0m - [38;2;116;173;209mfindobj_skymask.py:objs_in_slit:2004[0m - You must decrease from the current value of trim_edg in order to keep them
[1;38;2;253;174;97m [WARNING][0m - [38;2;116;173;209mfindobj_skymask.py:objs_in_slit:2005[0m - Such edge objects are often spurious
[1;38;2;49;54;149m    [INFO][0m - [38;2;116;173;209mfindobj_skymask.py:objs_in_slit:2095[0m - No objects found automatically.  Consider manual extraction.
[1;38;2;49;54;149m    [INFO][0m - [38;2;116;173;209mfind_objects.py:find_objects_pypeline:788[0m - Finding objects on slit # 1682
[1;38;2;253;174;97m [WARNING][0m - [38;2;116;173;209mfindobj_skymask.py:objs_in_slit:2000[0m - Discarding 1 at spatial pixels spat = [66.53846777] which land within trim_edg = (left, right) = [5, 5] pixels from the slit boundary for this nsamp = 70.00 wide slit
[1;38;2;253;174;97m [WARNING][0m - [38;2;116;173;209mfindobj_skymask.py:objs_in_slit:2004[0m - You must decrease from the current value of trim_edg in order to keep them
[1;38;2;253;174;97m [WARNING][0m - [38;2;116;173;209mfindobj_skymask.py:objs_in_slit:2005[0m - Such edge objects are often spurious
[1;38;2;49;54;149m    [INFO][0m - [38;2;116;173;209mfindobj_skymask.py:objs_in_slit:2095[0m - No objects found automatically.  Consider manual extraction.
[1;38;2;49;54;149m    [INFO][0m - [38;2;116;173;209mfind_objects.py:find_objects_pypeline:788[0m - Finding objects on slit # 1757
[1;38;2;49;54;149m    [INFO][0m - [38;2;116;173;209mfindobj_skymask.py:objs_in_slit:2095[0m - No objects found automatically.  Consider manual extraction.
[1;38;2;49;54;149m    [INFO][0m - [38;2;116;173;209mfind_objects.py:find_objects_pypeline:788[0m - Finding objects on slit # 1836
[1;38;2;49;54;149m    [INFO][0m - [38;2;116;173;209mfindobj_skymask.py:objs_in_slit:2095[0m - No objects found automatically.  Consider manual extraction.
[1;38;2;49;54;149m    [INFO][0m - [38;2;116;173;209mfind_objects.py:find_objects_pypeline:788[0m - Finding objects on slit # 1913
[1;38;2;49;54;149m    [INFO][0m - [38;2;116;173;209mfindobj_skymask.py:objs_in_slit:2095[0m - No objects found automatically.  Consider manual extraction.
[1;38;2;49;54;149m    [INFO][0m - [38;2;116;173;209mfind_objects.py:find_objects_pypeline:788[0m - Finding objects on slit # 1995
[1;38;2;49;54;149m    [INFO][0m - [38;2;116;173;209mfindobj_skymask.py:objs_in_slit:2095[0m - No objects found automatically.  Consider manual extraction.
[1;38;2;49;54;149m    [INFO][0m - [38;2;116;173;209mfind_objects.py:run:373[0m - Either no objects were found or a user-provided sky mask was used.  Skipping second pass of sky-subtraction and object finding.
[1;38;2;49;54;149m    [INFO][0m - [38;2;116;173;209mdatamodel.py:from_file:1558[0m - Loading BiasImage from /Users/kaiwenzhang/PycharmProjects/KCWI/KCWI_RED_channel_characterization/RH1 pypeit run/2023-11-07/pypeit_run/keck_kcrm_B/Calibrations/Bias_B_1_DET01.fits
[1;38;2;253;174;97m [WARNING][0m - [38;2;116;173;209mcalibrations.py:get_dark:606[0m - No raw dark frames found and unable to identify a relevant processed calibration frame.  Continuing...
[1;38;2;49;54;149m    [INFO][0m - [38;2;116;173;209mkeck_kcwi.py:get_rawimage:1426[0m - Reading KCWI file: /Users/kaiwenzhang/PycharmProjects/KCWI/KCWI_RED_channel_characterization/fits/by_night/RH1/2023-11-07/KR.20231108.54426.46.fits
[1;38;2;49;54;149m    [INFO][0m - [38;2;116;173;209mdatamodel.py:from_file:1558[0m - Loading ArcImage from /Users/kaiwenzhang/PycharmProjects/KCWI/KCWI_RED_channel_characterization/RH1 pypeit run/2023-11-07/pypeit_run/keck_kcrm_B/Calibrations/Arc_B_1_DET01.fits
[1;38;2;49;54;149m    [INFO][0m - [38;2;116;173;209mdatamodel.py:from_file:1558[0m - Loading TiltImage from /Users/kaiwenzhang/PycharmProjects/KCWI/KCWI_RED_channel_characterization/RH1 pypeit run/2023-11-07/pypeit_run/keck_kcrm_B/Calibrations/Tiltimg_B_1_DET01.fits
[1;38;2;49;54;149m    [INFO][0m - [38;2;116;173;209mdatamodel.py:from_file:1558[0m - Loading SlitTraceSet from /Users/kaiwenzhang/PycharmProjects/KCWI/KCWI_RED_channel_characterization/RH1 pypeit run/2023-11-07/pypeit_run/keck_kcrm_B/Calibrations/Slits_B_1_DET01.fits.gz
[1;38;2;49;54;149m    [INFO][0m - [38;2;116;173;209mdatamodel.py:from_file:1558[0m - Loading WaveCalib from /Users/kaiwenzhang/PycharmProjects/KCWI/KCWI_RED_channel_characterization/RH1 pypeit run/2023-11-07/pypeit_run/keck_kcrm_B/Calibrations/WaveCalib_B_1_DET01.fits
[1;38;2;49;54;149m    [INFO][0m - [38;2;116;173;209mdatamodel.py:from_file:1558[0m - Loading WaveTilts from /Users/kaiwenzhang/PycharmProjects/KCWI/KCWI_RED_channel_characterization/RH1 pypeit run/2023-11-07/pypeit_run/keck_kcrm_B/Calibrations/Tilts_B_1_DET01.fits
[1;38;2;49;54;149m    [INFO][0m - [38;2;116;173;209mdatamodel.py:from_file:1558[0m - Loading Alignments from /Users/kaiwenzhang/PycharmProjects/KCWI/KCWI_RED_channel_characterization/RH1 pypeit run/2023-11-07/pypeit_run/keck_kcrm_B/Calibrations/Alignment_B_1_DET01.fits
[1;38;2;49;54;149m    [INFO][0m - [38;2;116;173;209mdatamodel.py:from_file:1558[0m - Loading ScatteredLight from /Users/kaiwenzhang/PycharmProjects/KCWI/KCWI_RED_channel_characterization/RH1 pypeit run/2023-11-07/pypeit_run/keck_kcrm_B/Calibrations/ScatteredLight_B_1_DET01.fits.gz
[1;38;2;49;54;149m    [INFO][0m - [38;2;116;173;209mdatamodel.py:from_file:1558[0m - Loading FlatImages from /Users/kaiwenzhang/PycharmProjects/KCWI/KCWI_RED_channel_characterization/RH1 pypeit run/2023-11-07/pypeit_run/keck_kcrm_B/Calibrations/Flat_B_1_DET01.fits
[1;38;2;49;54;149m    [INFO][0m - [38;2;116;173;209mcalibrations.py:run_the_steps:1459[0m - Calibration complete and/or fully loaded!
[1;38;2;49;54;149m    [INFO][0m - [38;2;116;173;209mcalibrations.py:run_the_steps:1460[0m - #######################################################################
[1;38;2;49;54;149m    [INFO][0m - [38;2;116;173;209mpypeit_steps.py:extract_det:732[0m - Extraction skipped for KR.20231108.54426.46-g191b2b_KCRM_20231108T150706.470 on det=1
[1;38;2;49;54;149m    [INFO][0m - [38;2;116;173;209mwavetilts.py:fit2tiltimg:143[0m - Generating a tilts image from the fit parameters
[1;38;2;49;54;149m    [INFO][0m - [38;2;116;173;209mpypeit_steps.py:refframe_correct:906[0m - Performing a heliocentric correction
[1;38;2;49;54;149m    [INFO][0m - [38;2;116;173;209mpypeit_steps.py:refframe_correct:915[0m - Applying heliocentric correction = 14.44726 km/s
WARNING: VerifyWarning: Keyword name 'FRAMETYPE' is greater than 8 characters or contains characters not allowed by the FITS standard; a HIERARCH card will be created. [astropy.io.fits.card]
WARNING: VerifyWarning: Keyword name 'TEMPERATURE' is greater than 8 characters or contains characters not allowed by the FITS standard; a HIERARCH card will be created. [astropy.io.fits.card]
WARNING: VerifyWarning: Keyword name 'ALLSPEC2D_BKG_REDUX' is greater than 8 characters or contains characters not allowed by the FITS standard; a HIERARCH card will be created. [astropy.io.fits.card]
WARNING: VerifyWarning: Keyword name 'ALLSPEC2D_FIND_NEGATIVE' is greater than 8 characters or contains characters not allowed by the FITS standard; a HIERARCH card will be created. [astropy.io.fits.card]
WARNING: VerifyWarning: Keyword name 'CLBS_ALIGNMENT' is greater than 8 characters or contains characters not allowed by the FITS standard; a HIERARCH card will be created. [astropy.io.fits.card]
WARNING: VerifyWarning: Keyword name 'CLBS_WAVECALIB' is greater than 8 characters or contains characters not allowed by the FITS standard; a HIERARCH card will be created. [astropy.io.fits.card]
WARNING: VerifyWarning: Keyword name 'CLBS_BIAS' is greater than 8 characters or contains characters not allowed by the FITS standard; a HIERARCH card will be created. [astropy.io.fits.card]
WARNING: VerifyWarning: Keyword name 'CLBS_FLAT' is greater than 8 characters or contains characters not allowed by the FITS standard; a HIERARCH card will be created. [astropy.io.fits.card]
WARNING: VerifyWarning: Keyword name 'CLBS_EDGES' is greater than 8 characters or contains characters not allowed by the FITS standard; a HIERARCH card will be created. [astropy.io.fits.card]
WARNING: VerifyWarning: Keyword name 'CLBS_SLITS' is greater than 8 characters or contains characters not allowed by the FITS standard; a HIERARCH card will be created. [astropy.io.fits.card]
WARNING: VerifyWarning: Keyword name 'CLBS_TILTIMG' is greater than 8 characters or contains characters not allowed by the FITS standard; a HIERARCH card will be created. [astropy.io.fits.card]
WARNING: VerifyWarning: Keyword name 'CLBS_TILTS' is greater than 8 characters or contains characters not allowed by the FITS standard; a HIERARCH card will be created. [astropy.io.fits.card]
WARNING: Format d cannot be mapped to the accepted TDISPn keyword values.  Format will not be moved into TDISPn keyword. [astropy.io.fits.column]
WARNING: Format 0.1f cannot be mapped to the accepted TDISPn keyword values.  Format will not be moved into TDISPn keyword. [astropy.io.fits.column]
WARNING: Format 0.3f cannot be mapped to the accepted TDISPn keyword values.  Format will not be moved into TDISPn keyword. [astropy.io.fits.column]
[1;38;2;49;54;149m    [INFO][0m - [38;2;116;173;209mspec2dobj.py:write_to_fits:721[0m - Wrote: /Users/kaiwenzhang/PycharmProjects/KCWI/KCWI_RED_channel_characterization/RH1 pypeit run/2023-11-07/pypeit_run/keck_kcrm_B/Science/spec2d_KR.20231108.54426.46-g191b2b_KCRM_20231108T150706.470.fits
[1;38;2;49;54;149m    [INFO][0m - [38;2;116;173;209mexposure.py:reduce_exposure:406[0m - Reducing target g191b2b
Combining frames:
KR.20231108.54563.16.fits

[1;38;2;49;54;149m    [INFO][0m - [38;2;116;173;209mexposure.py:reduce_exposure:417[0m - Detectors to work on: [1]
[1;38;2;49;54;149m    [INFO][0m - [38;2;116;173;209mexposure.py:reduce_exposure:422[0m - Calibrating detector 1
[1;38;2;49;54;149m    [INFO][0m - [38;2;116;173;209mpypeit_steps.py:calib_one:173[0m - Building/loading calibrations for detector 1
[1;38;2;49;54;149m    [INFO][0m - [38;2;116;173;209mdatamodel.py:from_file:1558[0m - Loading BiasImage from /Users/kaiwenzhang/PycharmProjects/KCWI/KCWI_RED_channel_characterization/RH1 pypeit run/2023-11-07/pypeit_run/keck_kcrm_B/Calibrations/Bias_B_1_DET01.fits
[1;38;2;253;174;97m [WARNING][0m - [38;2;116;173;209mcalibrations.py:get_dark:606[0m - No raw dark frames found and unable to identify a relevant processed calibration frame.  Continuing...
[1;38;2;49;54;149m    [INFO][0m - [38;2;116;173;209mkeck_kcwi.py:get_rawimage:1426[0m - Reading KCWI file: /Users/kaiwenzhang/PycharmProjects/KCWI/KCWI_RED_channel_characterization/fits/by_night/RH1/2023-11-07/KR.20231108.10348.37.fits
[1;38;2;253;174;97m [WARNING][0m - [38;2;116;173;209mkeck_kcwi.py:bpm:820[0m - KCRM bad pixel mask is not available for ampmode=L2U2L1U1 binning=2,2
[1;38;2;49;54;149m    [INFO][0m - [38;2;116;173;209mdatamodel.py:from_file:1558[0m - Loading ArcImage from /Users/kaiwenzhang/PycharmProjects/KCWI/KCWI_RED_channel_characterization/RH1 pypeit run/2023-11-07/pypeit_run/keck_kcrm_B/Calibrations/Arc_B_1_DET01.fits
[1;38;2;49;54;149m    [INFO][0m - [38;2;116;173;209mdatamodel.py:from_file:1558[0m - Loading TiltImage from /Users/kaiwenzhang/PycharmProjects/KCWI/KCWI_RED_channel_characterization/RH1 pypeit run/2023-11-07/pypeit_run/keck_kcrm_B/Calibrations/Tiltimg_B_1_DET01.fits
[1;38;2;49;54;149m    [INFO][0m - [38;2;116;173;209mdatamodel.py:from_file:1558[0m - Loading SlitTraceSet from /Users/kaiwenzhang/PycharmProjects/KCWI/KCWI_RED_channel_characterization/RH1 pypeit run/2023-11-07/pypeit_run/keck_kcrm_B/Calibrations/Slits_B_1_DET01.fits.gz
[1;38;2;49;54;149m    [INFO][0m - [38;2;116;173;209mdatamodel.py:from_file:1558[0m - Loading WaveCalib from /Users/kaiwenzhang/PycharmProjects/KCWI/KCWI_RED_channel_characterization/RH1 pypeit run/2023-11-07/pypeit_run/keck_kcrm_B/Calibrations/WaveCalib_B_1_DET01.fits
[1;38;2;49;54;149m    [INFO][0m - [38;2;116;173;209mdatamodel.py:from_file:1558[0m - Loading WaveTilts from /Users/kaiwenzhang/PycharmProjects/KCWI/KCWI_RED_channel_characterization/RH1 pypeit run/2023-11-07/pypeit_run/keck_kcrm_B/Calibrations/Tilts_B_1_DET01.fits
[1;38;2;49;54;149m    [INFO][0m - [38;2;116;173;209mdatamodel.py:from_file:1558[0m - Loading Alignments from /Users/kaiwenzhang/PycharmProjects/KCWI/KCWI_RED_channel_characterization/RH1 pypeit run/2023-11-07/pypeit_run/keck_kcrm_B/Calibrations/Alignment_B_1_DET01.fits
[1;38;2;49;54;149m    [INFO][0m - [38;2;116;173;209mdatamodel.py:from_file:1558[0m - Loading ScatteredLight from /Users/kaiwenzhang/PycharmProjects/KCWI/KCWI_RED_channel_characterization/RH1 pypeit run/2023-11-07/pypeit_run/keck_kcrm_B/Calibrations/ScatteredLight_B_1_DET01.fits.gz
[1;38;2;49;54;149m    [INFO][0m - [38;2;116;173;209mdatamodel.py:from_file:1558[0m - Loading FlatImages from /Users/kaiwenzhang/PycharmProjects/KCWI/KCWI_RED_channel_characterization/RH1 pypeit run/2023-11-07/pypeit_run/keck_kcrm_B/Calibrations/Flat_B_1_DET01.fits
[1;38;2;49;54;149m    [INFO][0m - [38;2;116;173;209mcalibrations.py:run_the_steps:1459[0m - Calibration complete and/or fully loaded!
[1;38;2;49;54;149m    [INFO][0m - [38;2;116;173;209mcalibrations.py:run_the_steps:1460[0m - #######################################################################
[1;38;2;49;54;149m    [INFO][0m - [38;2;116;173;209mexposure.py:process_exposure:126[0m - Reducing detector 1
[1;38;2;49;54;149m    [INFO][0m - [38;2;116;173;209mdatamodel.py:from_file:1558[0m - Loading BiasImage from /Users/kaiwenzhang/PycharmProjects/KCWI/KCWI_RED_channel_characterization/RH1 pypeit run/2023-11-07/pypeit_run/keck_kcrm_B/Calibrations/Bias_B_1_DET01.fits
[1;38;2;253;174;97m [WARNING][0m - [38;2;116;173;209mcalibrations.py:get_dark:606[0m - No raw dark frames found and unable to identify a relevant processed calibration frame.  Continuing...
[1;38;2;49;54;149m    [INFO][0m - [38;2;116;173;209mkeck_kcwi.py:get_rawimage:1426[0m - Reading KCWI file: /Users/kaiwenzhang/PycharmProjects/KCWI/KCWI_RED_channel_characterization/fits/by_night/RH1/2023-11-07/KR.20231108.54563.16.fits
[1;38;2;49;54;149m    [INFO][0m - [38;2;116;173;209mdatamodel.py:from_file:1558[0m - Loading ArcImage from /Users/kaiwenzhang/PycharmProjects/KCWI/KCWI_RED_channel_characterization/RH1 pypeit run/2023-11-07/pypeit_run/keck_kcrm_B/Calibrations/Arc_B_1_DET01.fits
[1;38;2;49;54;149m    [INFO][0m - [38;2;116;173;209mdatamodel.py:from_file:1558[0m - Loading TiltImage from /Users/kaiwenzhang/PycharmProjects/KCWI/KCWI_RED_channel_characterization/RH1 pypeit run/2023-11-07/pypeit_run/keck_kcrm_B/Calibrations/Tiltimg_B_1_DET01.fits
[1;38;2;49;54;149m    [INFO][0m - [38;2;116;173;209mdatamodel.py:from_file:1558[0m - Loading SlitTraceSet from /Users/kaiwenzhang/PycharmProjects/KCWI/KCWI_RED_channel_characterization/RH1 pypeit run/2023-11-07/pypeit_run/keck_kcrm_B/Calibrations/Slits_B_1_DET01.fits.gz
[1;38;2;49;54;149m    [INFO][0m - [38;2;116;173;209mdatamodel.py:from_file:1558[0m - Loading WaveCalib from /Users/kaiwenzhang/PycharmProjects/KCWI/KCWI_RED_channel_characterization/RH1 pypeit run/2023-11-07/pypeit_run/keck_kcrm_B/Calibrations/WaveCalib_B_1_DET01.fits
[1;38;2;49;54;149m    [INFO][0m - [38;2;116;173;209mdatamodel.py:from_file:1558[0m - Loading WaveTilts from /Users/kaiwenzhang/PycharmProjects/KCWI/KCWI_RED_channel_characterization/RH1 pypeit run/2023-11-07/pypeit_run/keck_kcrm_B/Calibrations/Tilts_B_1_DET01.fits
[1;38;2;49;54;149m    [INFO][0m - [38;2;116;173;209mdatamodel.py:from_file:1558[0m - Loading Alignments from /Users/kaiwenzhang/PycharmProjects/KCWI/KCWI_RED_channel_characterization/RH1 pypeit run/2023-11-07/pypeit_run/keck_kcrm_B/Calibrations/Alignment_B_1_DET01.fits
[1;38;2;49;54;149m    [INFO][0m - [38;2;116;173;209mdatamodel.py:from_file:1558[0m - Loading ScatteredLight from /Users/kaiwenzhang/PycharmProjects/KCWI/KCWI_RED_channel_characterization/RH1 pypeit run/2023-11-07/pypeit_run/keck_kcrm_B/Calibrations/ScatteredLight_B_1_DET01.fits.gz
[1;38;2;49;54;149m    [INFO][0m - [38;2;116;173;209mdatamodel.py:from_file:1558[0m - Loading FlatImages from /Users/kaiwenzhang/PycharmProjects/KCWI/KCWI_RED_channel_characterization/RH1 pypeit run/2023-11-07/pypeit_run/keck_kcrm_B/Calibrations/Flat_B_1_DET01.fits
[1;38;2;49;54;149m    [INFO][0m - [38;2;116;173;209mcalibrations.py:run_the_steps:1459[0m - Calibration complete and/or fully loaded!
[1;38;2;49;54;149m    [INFO][0m - [38;2;116;173;209mcalibrations.py:run_the_steps:1460[0m - #######################################################################
[1;38;2;49;54;149m    [INFO][0m - [38;2;116;173;209mpypeit_steps.py:process_one_det:260[0m - Image processing begins for KR.20231108.54563.16-g191b2b_KCRM_20231108T150923.155 on det=1
[1;38;2;49;54;149m    [INFO][0m - [38;2;116;173;209mkeck_kcwi.py:get_rawimage:1426[0m - Reading KCWI file: /Users/kaiwenzhang/PycharmProjects/KCWI/KCWI_RED_channel_characterization/fits/by_night/RH1/2023-11-07/KR.20231108.54563.16.fits
[1;38;2;49;54;149m    [INFO][0m - [38;2;116;173;209mrawimage.py:process:564[0m - Performing basic image processing on KR.20231108.54563.16.fits.
[1;38;2;49;54;149m    [INFO][0m - [38;2;116;173;209mrawimage.py:estimate_readnoise:359[0m - Estimated readnoise of amplifier 1 = 3.936 e-
[1;38;2;49;54;149m    [INFO][0m - [38;2;116;173;209mrawimage.py:estimate_readnoise:359[0m - Estimated readnoise of amplifier 2 = 3.925 e-
[1;38;2;49;54;149m    [INFO][0m - [38;2;116;173;209mprocimg.py:lacosmic:170[0m - Detecting cosmic rays with the L.A.Cosmic algorithm
[1;38;2;49;54;149m    [INFO][0m - [38;2;116;173;209mprocimg.py:lacosmic:218[0m - Convolving image with Laplacian kernel
[1;38;2;49;54;149m    [INFO][0m - [38;2;116;173;209mprocimg.py:lacosmic:229[0m - Found 4462 candidate cosmic-ray pixels
[1;38;2;49;54;149m    [INFO][0m - [38;2;116;173;209mprocimg.py:lacosmic:235[0m - Reduced to 4462 candidates after excluding known bad pixels.
[1;38;2;49;54;149m    [INFO][0m - [38;2;116;173;209mprocimg.py:lacosmic:246[0m - Reduced to 2132 candidates after excluding compact objects.
[1;38;2;49;54;149m    [INFO][0m - [38;2;116;173;209mprocimg.py:lacosmic:250[0m - Finding neighboring pixels affected by cosmic rays
[1;38;2;49;54;149m    [INFO][0m - [38;2;116;173;209mprocimg.py:lacosmic:260[0m - Changed to 5697 candidates after evaluating neighboring pixels.
[1;38;2;49;54;149m    [INFO][0m - [38;2;116;173;209mprocimg.py:lacosmic:266[0m - Reduced to 5697 candidates after excluding known bad pixels.
[1;38;2;49;54;149m    [INFO][0m - [38;2;116;173;209mprocimg.py:lacosmic:271[0m - Iteration 1: 5697 pixels identified as cosmic rays (5697 are new)
[1;38;2;49;54;149m    [INFO][0m - [38;2;116;173;209mprocimg.py:lacosmic:300[0m - 5675 pixels identified as cosmic rays after removing false positives
[1;38;2;49;54;149m    [INFO][0m - [38;2;116;173;209mpypeit_steps.py:findobj_on_det:381[0m - Object finding begins for KR.20231108.54563.16-g191b2b_KCRM_20231108T150923.155 on det=1
[1;38;2;49;54;149m    [INFO][0m - [38;2;116;173;209mdatamodel.py:from_file:1558[0m - Loading BiasImage from /Users/kaiwenzhang/PycharmProjects/KCWI/KCWI_RED_channel_characterization/RH1 pypeit run/2023-11-07/pypeit_run/keck_kcrm_B/Calibrations/Bias_B_1_DET01.fits
[1;38;2;253;174;97m [WARNING][0m - [38;2;116;173;209mcalibrations.py:get_dark:606[0m - No raw dark frames found and unable to identify a relevant processed calibration frame.  Continuing...
[1;38;2;49;54;149m    [INFO][0m - [38;2;116;173;209mkeck_kcwi.py:get_rawimage:1426[0m - Reading KCWI file: /Users/kaiwenzhang/PycharmProjects/KCWI/KCWI_RED_channel_characterization/fits/by_night/RH1/2023-11-07/KR.20231108.54563.16.fits
[1;38;2;49;54;149m    [INFO][0m - [38;2;116;173;209mdatamodel.py:from_file:1558[0m - Loading ArcImage from /Users/kaiwenzhang/PycharmProjects/KCWI/KCWI_RED_channel_characterization/RH1 pypeit run/2023-11-07/pypeit_run/keck_kcrm_B/Calibrations/Arc_B_1_DET01.fits
[1;38;2;49;54;149m    [INFO][0m - [38;2;116;173;209mdatamodel.py:from_file:1558[0m - Loading TiltImage from /Users/kaiwenzhang/PycharmProjects/KCWI/KCWI_RED_channel_characterization/RH1 pypeit run/2023-11-07/pypeit_run/keck_kcrm_B/Calibrations/Tiltimg_B_1_DET01.fits
[1;38;2;49;54;149m    [INFO][0m - [38;2;116;173;209mdatamodel.py:from_file:1558[0m - Loading SlitTraceSet from /Users/kaiwenzhang/PycharmProjects/KCWI/KCWI_RED_channel_characterization/RH1 pypeit run/2023-11-07/pypeit_run/keck_kcrm_B/Calibrations/Slits_B_1_DET01.fits.gz
[1;38;2;49;54;149m    [INFO][0m - [38;2;116;173;209mdatamodel.py:from_file:1558[0m - Loading WaveCalib from /Users/kaiwenzhang/PycharmProjects/KCWI/KCWI_RED_channel_characterization/RH1 pypeit run/2023-11-07/pypeit_run/keck_kcrm_B/Calibrations/WaveCalib_B_1_DET01.fits
[1;38;2;49;54;149m    [INFO][0m - [38;2;116;173;209mdatamodel.py:from_file:1558[0m - Loading WaveTilts from /Users/kaiwenzhang/PycharmProjects/KCWI/KCWI_RED_channel_characterization/RH1 pypeit run/2023-11-07/pypeit_run/keck_kcrm_B/Calibrations/Tilts_B_1_DET01.fits
[1;38;2;49;54;149m    [INFO][0m - [38;2;116;173;209mdatamodel.py:from_file:1558[0m - Loading Alignments from /Users/kaiwenzhang/PycharmProjects/KCWI/KCWI_RED_channel_characterization/RH1 pypeit run/2023-11-07/pypeit_run/keck_kcrm_B/Calibrations/Alignment_B_1_DET01.fits
[1;38;2;49;54;149m    [INFO][0m - [38;2;116;173;209mdatamodel.py:from_file:1558[0m - Loading ScatteredLight from /Users/kaiwenzhang/PycharmProjects/KCWI/KCWI_RED_channel_characterization/RH1 pypeit run/2023-11-07/pypeit_run/keck_kcrm_B/Calibrations/ScatteredLight_B_1_DET01.fits.gz
[1;38;2;49;54;149m    [INFO][0m - [38;2;116;173;209mdatamodel.py:from_file:1558[0m - Loading FlatImages from /Users/kaiwenzhang/PycharmProjects/KCWI/KCWI_RED_channel_characterization/RH1 pypeit run/2023-11-07/pypeit_run/keck_kcrm_B/Calibrations/Flat_B_1_DET01.fits
[1;38;2;49;54;149m    [INFO][0m - [38;2;116;173;209mcalibrations.py:run_the_steps:1459[0m - Calibration complete and/or fully loaded!
[1;38;2;49;54;149m    [INFO][0m - [38;2;116;173;209mcalibrations.py:run_the_steps:1460[0m - #######################################################################
[1;38;2;49;54;149m    [INFO][0m - [38;2;116;173;209mpypeit_steps.py:findobj_on_det:387[0m - Reducing detector 1
[1;38;2;49;54;149m    [INFO][0m - [38;2;116;173;209mpypeit_steps.py:load_skyregions:606[0m - Generating skysub mask based on the user defined regions: :35,62:
[1;38;2;49;54;149m    [INFO][0m - [38;2;116;173;209mfind_objects.py:__init__:164[0m - Initializing slits
[1;38;2;49;54;149m    [INFO][0m - [38;2;116;173;209mfind_objects.py:__init__:232[0m - Generating tilts image from fit in waveTilts
[1;38;2;49;54;149m    [INFO][0m - [38;2;116;173;209mwavetilts.py:fit2tiltimg:143[0m - Generating a tilts image from the fit parameters
[1;38;2;49;54;149m    [INFO][0m - [38;2;116;173;209mfind_objects.py:global_skysub:583[0m - Global sky subtraction for slit: 60
[1;38;2;49;54;149m    [INFO][0m - [38;2;116;173;209mskysub.py:global_skysub:195[0m - Full fit in global sky sub.
[1;38;2;49;54;149m    [INFO][0m - [38;2;116;173;209mfitting.py:bspline_profile:1156[0m - B-spline fit:
[1;38;2;49;54;149m    [INFO][0m - [38;2;116;173;209mfitting.py:bspline_profile:1157[0m -     npoly = 2 profile basis functions
[1;38;2;49;54;149m    [INFO][0m - [38;2;116;173;209mfitting.py:bspline_profile:1158[0m -     ngood = 92275/143872 measurements
[1;38;2;49;54;149m    [INFO][0m - [38;2;116;173;209mfitting.py:bspline_profile:1159[0m - ***************** Iter     Chi^2    N Rej  R. Fac *****************
[1;38;2;49;54;149m    [INFO][0m - [38;2;116;173;209mfitting.py:bspline_profile:1163[0m -                   ----  --------  -------  ------                  
[1;38;2;49;54;149m    [INFO][0m - [38;2;116;173;209mfitting.py:bspline_profile:1257[0m -                      1     0.990    51738    1.00                  
[1;38;2;49;54;149m    [INFO][0m - [38;2;116;173;209mfitting.py:bspline_profile:1257[0m -                      2     0.970    51742    1.00                  
[1;38;2;49;54;149m    [INFO][0m - [38;2;116;173;209mfitting.py:bspline_profile:1257[0m -                      3     0.970    51742    1.00                  
[1;38;2;49;54;149m    [INFO][0m - [38;2;116;173;209mfitting.py:bspline_profile:1272[0m -                   DONE     0.970    51742    1.00                  
[1;38;2;49;54;149m    [INFO][0m - [38;2;116;173;209mfitting.py:bspline_profile:1275[0m - *******************************************************************
[1;38;2;49;54;149m    [INFO][0m - [38;2;116;173;209mfind_objects.py:global_skysub:583[0m - Global sky subtraction for slit: 140
[1;38;2;49;54;149m    [INFO][0m - [38;2;116;173;209mskysub.py:global_skysub:195[0m - Full fit in global sky sub.
[1;38;2;49;54;149m    [INFO][0m - [38;2;116;173;209mfitting.py:bspline_profile:1156[0m - B-spline fit:
[1;38;2;49;54;149m    [INFO][0m - [38;2;116;173;209mfitting.py:bspline_profile:1157[0m -     npoly = 2 profile basis functions
[1;38;2;49;54;149m    [INFO][0m - [38;2;116;173;209mfitting.py:bspline_profile:1158[0m -     ngood = 92536/144243 measurements
[1;38;2;49;54;149m    [INFO][0m - [38;2;116;173;209mfitting.py:bspline_profile:1159[0m - ***************** Iter     Chi^2    N Rej  R. Fac *****************
[1;38;2;49;54;149m    [INFO][0m - [38;2;116;173;209mfitting.py:bspline_profile:1163[0m -                   ----  --------  -------  ------                  
[1;38;2;49;54;149m    [INFO][0m - [38;2;116;173;209mfitting.py:bspline_profile:1257[0m -                      1     0.990    51849    1.00                  
[1;38;2;49;54;149m    [INFO][0m - [38;2;116;173;209mfitting.py:bspline_profile:1257[0m -                      2     0.970    51849    1.00                  
[1;38;2;49;54;149m    [INFO][0m - [38;2;116;173;209mfitting.py:bspline_profile:1272[0m -                   DONE     0.970    51849    1.00                  
[1;38;2;49;54;149m    [INFO][0m - [38;2;116;173;209mfitting.py:bspline_profile:1275[0m - *******************************************************************
[1;38;2;49;54;149m    [INFO][0m - [38;2;116;173;209mfind_objects.py:global_skysub:583[0m - Global sky subtraction for slit: 216
[1;38;2;49;54;149m    [INFO][0m - [38;2;116;173;209mskysub.py:global_skysub:195[0m - Full fit in global sky sub.
[1;38;2;49;54;149m    [INFO][0m - [38;2;116;173;209mfitting.py:bspline_profile:1156[0m - B-spline fit:
[1;38;2;49;54;149m    [INFO][0m - [38;2;116;173;209mfitting.py:bspline_profile:1157[0m -     npoly = 2 profile basis functions
[1;38;2;49;54;149m    [INFO][0m - [38;2;116;173;209mfitting.py:bspline_profile:1158[0m -     ngood = 92745/144460 measurements
[1;38;2;49;54;149m    [INFO][0m - [38;2;116;173;209mfitting.py:bspline_profile:1159[0m - ***************** Iter     Chi^2    N Rej  R. Fac *****************
[1;38;2;49;54;149m    [INFO][0m - [38;2;116;173;209mfitting.py:bspline_profile:1163[0m -                   ----  --------  -------  ------                  
[1;38;2;49;54;149m    [INFO][0m - [38;2;116;173;209mfitting.py:bspline_profile:1257[0m -                      1     1.047    51890    1.00                  
[1;38;2;49;54;149m    [INFO][0m - [38;2;116;173;209mfitting.py:bspline_profile:1257[0m -                      2     1.022    51894    1.00                  
[1;38;2;49;54;149m    [INFO][0m - [38;2;116;173;209mfitting.py:bspline_profile:1257[0m -                      3     1.021    51894    1.00                  
[1;38;2;49;54;149m    [INFO][0m - [38;2;116;173;209mfitting.py:bspline_profile:1272[0m -                   DONE     1.021    51894    1.00                  
[1;38;2;49;54;149m    [INFO][0m - [38;2;116;173;209mfitting.py:bspline_profile:1275[0m - *******************************************************************
[1;38;2;49;54;149m    [INFO][0m - [38;2;116;173;209mfind_objects.py:global_skysub:583[0m - Global sky subtraction for slit: 294
[1;38;2;49;54;149m    [INFO][0m - [38;2;116;173;209mskysub.py:global_skysub:195[0m - Full fit in global sky sub.
[1;38;2;49;54;149m    [INFO][0m - [38;2;116;173;209mfitting.py:bspline_profile:1156[0m - B-spline fit:
[1;38;2;49;54;149m    [INFO][0m - [38;2;116;173;209mfitting.py:bspline_profile:1157[0m -     npoly = 2 profile basis functions
[1;38;2;49;54;149m    [INFO][0m - [38;2;116;173;209mfitting.py:bspline_profile:1158[0m -     ngood = 92483/144492 measurements
[1;38;2;49;54;149m    [INFO][0m - [38;2;116;173;209mfitting.py:bspline_profile:1159[0m - ***************** Iter     Chi^2    N Rej  R. Fac *****************
[1;38;2;49;54;149m    [INFO][0m - [38;2;116;173;209mfitting.py:bspline_profile:1163[0m -                   ----  --------  -------  ------                  
[1;38;2;49;54;149m    [INFO][0m - [38;2;116;173;209mfitting.py:bspline_profile:1257[0m -                      1     0.983    52133    1.00                  
[1;38;2;49;54;149m    [INFO][0m - [38;2;116;173;209mfitting.py:bspline_profile:1257[0m -                      2     0.965    52135    1.00                  
[1;38;2;49;54;149m    [INFO][0m - [38;2;116;173;209mfitting.py:bspline_profile:1257[0m -                      3     0.964    52135    1.00                  
[1;38;2;49;54;149m    [INFO][0m - [38;2;116;173;209mfitting.py:bspline_profile:1272[0m -                   DONE     0.964    52135    1.00                  
[1;38;2;49;54;149m    [INFO][0m - [38;2;116;173;209mfitting.py:bspline_profile:1275[0m - *******************************************************************
[1;38;2;49;54;149m    [INFO][0m - [38;2;116;173;209mfind_objects.py:global_skysub:583[0m - Global sky subtraction for slit: 368
[1;38;2;49;54;149m    [INFO][0m - [38;2;116;173;209mskysub.py:global_skysub:195[0m - Full fit in global sky sub.
[1;38;2;49;54;149m    [INFO][0m - [38;2;116;173;209mfitting.py:bspline_profile:1156[0m - B-spline fit:
[1;38;2;49;54;149m    [INFO][0m - [38;2;116;173;209mfitting.py:bspline_profile:1157[0m -     npoly = 2 profile basis functions
[1;38;2;49;54;149m    [INFO][0m - [38;2;116;173;209mfitting.py:bspline_profile:1158[0m -     ngood = 92713/144531 measurements
[1;38;2;49;54;149m    [INFO][0m - [38;2;116;173;209mfitting.py:bspline_profile:1159[0m - ***************** Iter     Chi^2    N Rej  R. Fac *****************
[1;38;2;49;54;149m    [INFO][0m - [38;2;116;173;209mfitting.py:bspline_profile:1163[0m -                   ----  --------  -------  ------                  
[1;38;2;49;54;149m    [INFO][0m - [38;2;116;173;209mfitting.py:bspline_profile:1257[0m -                      1     0.982    51936    1.00                  
[1;38;2;49;54;149m    [INFO][0m - [38;2;116;173;209mfitting.py:bspline_profile:1257[0m -                      2     0.965    51937    1.00                  
[1;38;2;49;54;149m    [INFO][0m - [38;2;116;173;209mfitting.py:bspline_profile:1257[0m -                      3     0.965    51937    1.00                  
[1;38;2;49;54;149m    [INFO][0m - [38;2;116;173;209mfitting.py:bspline_profile:1272[0m -                   DONE     0.965    51937    1.00                  
[1;38;2;49;54;149m    [INFO][0m - [38;2;116;173;209mfitting.py:bspline_profile:1275[0m - *******************************************************************
[1;38;2;49;54;149m    [INFO][0m - [38;2;116;173;209mfind_objects.py:global_skysub:583[0m - Global sky subtraction for slit: 443
[1;38;2;49;54;149m    [INFO][0m - [38;2;116;173;209mskysub.py:global_skysub:195[0m - Full fit in global sky sub.
[1;38;2;49;54;149m    [INFO][0m - [38;2;116;173;209mfitting.py:bspline_profile:1156[0m - B-spline fit:
[1;38;2;49;54;149m    [INFO][0m - [38;2;116;173;209mfitting.py:bspline_profile:1157[0m -     npoly = 2 profile basis functions
[1;38;2;49;54;149m    [INFO][0m - [38;2;116;173;209mfitting.py:bspline_profile:1158[0m -     ngood = 92576/144482 measurements
[1;38;2;49;54;149m    [INFO][0m - [38;2;116;173;209mfitting.py:bspline_profile:1159[0m - ***************** Iter     Chi^2    N Rej  R. Fac *****************
[1;38;2;49;54;149m    [INFO][0m - [38;2;116;173;209mfitting.py:bspline_profile:1163[0m -                   ----  --------  -------  ------                  
[1;38;2;49;54;149m    [INFO][0m - [38;2;116;173;209mfitting.py:bspline_profile:1257[0m -                      1     0.984    52046    1.00                  
[1;38;2;49;54;149m    [INFO][0m - [38;2;116;173;209mfitting.py:bspline_profile:1257[0m -                      2     0.962    52047    1.00                  
[1;38;2;49;54;149m    [INFO][0m - [38;2;116;173;209mfitting.py:bspline_profile:1257[0m -                      3     0.962    52047    1.00                  
[1;38;2;49;54;149m    [INFO][0m - [38;2;116;173;209mfitting.py:bspline_profile:1272[0m -                   DONE     0.962    52047    1.00                  
[1;38;2;49;54;149m    [INFO][0m - [38;2;116;173;209mfitting.py:bspline_profile:1275[0m - *******************************************************************
[1;38;2;49;54;149m    [INFO][0m - [38;2;116;173;209mfind_objects.py:global_skysub:583[0m - Global sky subtraction for slit: 516
[1;38;2;49;54;149m    [INFO][0m - [38;2;116;173;209mskysub.py:global_skysub:195[0m - Full fit in global sky sub.
[1;38;2;49;54;149m    [INFO][0m - [38;2;116;173;209mfitting.py:bspline_profile:1156[0m - B-spline fit:
[1;38;2;49;54;149m    [INFO][0m - [38;2;116;173;209mfitting.py:bspline_profile:1157[0m -     npoly = 2 profile basis functions
[1;38;2;49;54;149m    [INFO][0m - [38;2;116;173;209mfitting.py:bspline_profile:1158[0m -     ngood = 92245/144444 measurements
[1;38;2;49;54;149m    [INFO][0m - [38;2;116;173;209mfitting.py:bspline_profile:1159[0m - ***************** Iter     Chi^2    N Rej  R. Fac *****************
[1;38;2;49;54;149m    [INFO][0m - [38;2;116;173;209mfitting.py:bspline_profile:1163[0m -                   ----  --------  -------  ------                  
[1;38;2;49;54;149m    [INFO][0m - [38;2;116;173;209mfitting.py:bspline_profile:1257[0m -                      1     1.192    52404    1.00                  
[1;38;2;49;54;149m    [INFO][0m - [38;2;116;173;209mfitting.py:bspline_profile:1257[0m -                      2     0.967    52405    1.00                  
[1;38;2;49;54;149m    [INFO][0m - [38;2;116;173;209mfitting.py:bspline_profile:1257[0m -                      3     0.966    52405    1.00                  
[1;38;2;49;54;149m    [INFO][0m - [38;2;116;173;209mfitting.py:bspline_profile:1272[0m -                   DONE     0.966    52405    1.00                  
[1;38;2;49;54;149m    [INFO][0m - [38;2;116;173;209mfitting.py:bspline_profile:1275[0m - *******************************************************************
[1;38;2;49;54;149m    [INFO][0m - [38;2;116;173;209mfind_objects.py:global_skysub:583[0m - Global sky subtraction for slit: 590
[1;38;2;49;54;149m    [INFO][0m - [38;2;116;173;209mskysub.py:global_skysub:195[0m - Full fit in global sky sub.
[1;38;2;49;54;149m    [INFO][0m - [38;2;116;173;209mfitting.py:bspline_profile:1156[0m - B-spline fit:
[1;38;2;49;54;149m    [INFO][0m - [38;2;116;173;209mfitting.py:bspline_profile:1157[0m -     npoly = 2 profile basis functions
[1;38;2;49;54;149m    [INFO][0m - [38;2;116;173;209mfitting.py:bspline_profile:1158[0m -     ngood = 92622/144489 measurements
[1;38;2;49;54;149m    [INFO][0m - [38;2;116;173;209mfitting.py:bspline_profile:1159[0m - ***************** Iter     Chi^2    N Rej  R. Fac *****************
[1;38;2;49;54;149m    [INFO][0m - [38;2;116;173;209mfitting.py:bspline_profile:1163[0m -                   ----  --------  -------  ------                  
[1;38;2;49;54;149m    [INFO][0m - [38;2;116;173;209mfitting.py:bspline_profile:1257[0m -                      1     0.983    52013    1.00                  
[1;38;2;49;54;149m    [INFO][0m - [38;2;116;173;209mfitting.py:bspline_profile:1257[0m -                      2     0.963    52016    1.00                  
[1;38;2;49;54;149m    [INFO][0m - [38;2;116;173;209mfitting.py:bspline_profile:1257[0m -                      3     0.962    52016    1.00                  
[1;38;2;49;54;149m    [INFO][0m - [38;2;116;173;209mfitting.py:bspline_profile:1272[0m -                   DONE     0.962    52016    1.00                  
[1;38;2;49;54;149m    [INFO][0m - [38;2;116;173;209mfitting.py:bspline_profile:1275[0m - *******************************************************************
[1;38;2;49;54;149m    [INFO][0m - [38;2;116;173;209mfind_objects.py:global_skysub:583[0m - Global sky subtraction for slit: 663
[1;38;2;49;54;149m    [INFO][0m - [38;2;116;173;209mskysub.py:global_skysub:195[0m - Full fit in global sky sub.
[1;38;2;49;54;149m    [INFO][0m - [38;2;116;173;209mfitting.py:bspline_profile:1156[0m - B-spline fit:
[1;38;2;49;54;149m    [INFO][0m - [38;2;116;173;209mfitting.py:bspline_profile:1157[0m -     npoly = 2 profile basis functions
[1;38;2;49;54;149m    [INFO][0m - [38;2;116;173;209mfitting.py:bspline_profile:1158[0m -     ngood = 92769/144545 measurements
[1;38;2;49;54;149m    [INFO][0m - [38;2;116;173;209mfitting.py:bspline_profile:1159[0m - ***************** Iter     Chi^2    N Rej  R. Fac *****************
[1;38;2;49;54;149m    [INFO][0m - [38;2;116;173;209mfitting.py:bspline_profile:1163[0m -                   ----  --------  -------  ------                  
[1;38;2;49;54;149m    [INFO][0m - [38;2;116;173;209mfitting.py:bspline_profile:1257[0m -                      1     0.987    51927    1.00                  
[1;38;2;49;54;149m    [INFO][0m - [38;2;116;173;209mfitting.py:bspline_profile:1257[0m -                      2     0.964    51931    1.00                  
[1;38;2;49;54;149m    [INFO][0m - [38;2;116;173;209mfitting.py:bspline_profile:1257[0m -                      3     0.964    51931    1.00                  
[1;38;2;49;54;149m    [INFO][0m - [38;2;116;173;209mfitting.py:bspline_profile:1272[0m -                   DONE     0.964    51931    1.00                  
[1;38;2;49;54;149m    [INFO][0m - [38;2;116;173;209mfitting.py:bspline_profile:1275[0m - *******************************************************************
[1;38;2;49;54;149m    [INFO][0m - [38;2;116;173;209mfind_objects.py:global_skysub:583[0m - Global sky subtraction for slit: 737
[1;38;2;49;54;149m    [INFO][0m - [38;2;116;173;209mskysub.py:global_skysub:195[0m - Full fit in global sky sub.
[1;38;2;49;54;149m    [INFO][0m - [38;2;116;173;209mfitting.py:bspline_profile:1156[0m - B-spline fit:
[1;38;2;49;54;149m    [INFO][0m - [38;2;116;173;209mfitting.py:bspline_profile:1157[0m -     npoly = 2 profile basis functions
[1;38;2;49;54;149m    [INFO][0m - [38;2;116;173;209mfitting.py:bspline_profile:1158[0m -     ngood = 92620/144387 measurements
[1;38;2;49;54;149m    [INFO][0m - [38;2;116;173;209mfitting.py:bspline_profile:1159[0m - ***************** Iter     Chi^2    N Rej  R. Fac *****************
[1;38;2;49;54;149m    [INFO][0m - [38;2;116;173;209mfitting.py:bspline_profile:1163[0m -                   ----  --------  -------  ------                  
[1;38;2;49;54;149m    [INFO][0m - [38;2;116;173;209mfitting.py:bspline_profile:1257[0m -                      1     0.992    51916    1.00                  
[1;38;2;49;54;149m    [INFO][0m - [38;2;116;173;209mfitting.py:bspline_profile:1257[0m -                      2     0.971    51918    1.00                  
[1;38;2;49;54;149m    [INFO][0m - [38;2;116;173;209mfitting.py:bspline_profile:1257[0m -                      3     0.971    51918    1.00                  
[1;38;2;49;54;149m    [INFO][0m - [38;2;116;173;209mfitting.py:bspline_profile:1272[0m -                   DONE     0.971    51918    1.00                  
[1;38;2;49;54;149m    [INFO][0m - [38;2;116;173;209mfitting.py:bspline_profile:1275[0m - *******************************************************************
[1;38;2;49;54;149m    [INFO][0m - [38;2;116;173;209mfind_objects.py:global_skysub:583[0m - Global sky subtraction for slit: 811
[1;38;2;49;54;149m    [INFO][0m - [38;2;116;173;209mskysub.py:global_skysub:195[0m - Full fit in global sky sub.
[1;38;2;49;54;149m    [INFO][0m - [38;2;116;173;209mfitting.py:bspline_profile:1156[0m - B-spline fit:
[1;38;2;49;54;149m    [INFO][0m - [38;2;116;173;209mfitting.py:bspline_profile:1157[0m -     npoly = 2 profile basis functions
[1;38;2;49;54;149m    [INFO][0m - [38;2;116;173;209mfitting.py:bspline_profile:1158[0m -     ngood = 92546/144286 measurements
[1;38;2;49;54;149m    [INFO][0m - [38;2;116;173;209mfitting.py:bspline_profile:1159[0m - ***************** Iter     Chi^2    N Rej  R. Fac *****************
[1;38;2;49;54;149m    [INFO][0m - [38;2;116;173;209mfitting.py:bspline_profile:1163[0m -                   ----  --------  -------  ------                  
[1;38;2;49;54;149m    [INFO][0m - [38;2;116;173;209mfitting.py:bspline_profile:1257[0m -                      1     1.013    51909    1.00                  
[1;38;2;49;54;149m    [INFO][0m - [38;2;116;173;209mfitting.py:bspline_profile:1257[0m -                      2     0.989    51911    1.00                  
[1;38;2;49;54;149m    [INFO][0m - [38;2;116;173;209mfitting.py:bspline_profile:1257[0m -                      3     0.989    51911    1.00                  
[1;38;2;49;54;149m    [INFO][0m - [38;2;116;173;209mfitting.py:bspline_profile:1272[0m -                   DONE     0.989    51911    1.00                  
[1;38;2;49;54;149m    [INFO][0m - [38;2;116;173;209mfitting.py:bspline_profile:1275[0m - *******************************************************************
[1;38;2;49;54;149m    [INFO][0m - [38;2;116;173;209mfind_objects.py:global_skysub:583[0m - Global sky subtraction for slit: 885
[1;38;2;49;54;149m    [INFO][0m - [38;2;116;173;209mskysub.py:global_skysub:195[0m - Full fit in global sky sub.
[1;38;2;49;54;149m    [INFO][0m - [38;2;116;173;209mfitting.py:bspline_profile:1156[0m - B-spline fit:
[1;38;2;49;54;149m    [INFO][0m - [38;2;116;173;209mfitting.py:bspline_profile:1157[0m -     npoly = 2 profile basis functions
[1;38;2;49;54;149m    [INFO][0m - [38;2;116;173;209mfitting.py:bspline_profile:1158[0m -     ngood = 92260/144431 measurements
[1;38;2;49;54;149m    [INFO][0m - [38;2;116;173;209mfitting.py:bspline_profile:1159[0m - ***************** Iter     Chi^2    N Rej  R. Fac *****************
[1;38;2;49;54;149m    [INFO][0m - [38;2;116;173;209mfitting.py:bspline_profile:1163[0m -                   ----  --------  -------  ------                  
[1;38;2;49;54;149m    [INFO][0m - [38;2;116;173;209mfitting.py:bspline_profile:1257[0m -                      1     2.099    56121    1.00                  
[1;38;2;49;54;149m    [INFO][0m - [38;2;116;173;209mfitting.py:bspline_profile:1257[0m -                      2     1.326    56616    1.00                  
[1;38;2;49;54;149m    [INFO][0m - [38;2;116;173;209mfitting.py:bspline_profile:1257[0m -                      3     1.263    56666    1.00                  
[1;38;2;49;54;149m    [INFO][0m - [38;2;116;173;209mfitting.py:bspline_profile:1257[0m -                      4     1.257    56667    1.00                  
[1;38;2;49;54;149m    [INFO][0m - [38;2;116;173;209mfitting.py:bspline_profile:1257[0m -                      5     1.257    56667    1.00                  
[1;38;2;49;54;149m    [INFO][0m - [38;2;116;173;209mfitting.py:bspline_profile:1272[0m -                   DONE     1.257    56667    1.00                  
[1;38;2;49;54;149m    [INFO][0m - [38;2;116;173;209mfitting.py:bspline_profile:1275[0m - *******************************************************************
[1;38;2;49;54;149m    [INFO][0m - [38;2;116;173;209mfind_objects.py:global_skysub:583[0m - Global sky subtraction for slit: 1163
[1;38;2;49;54;149m    [INFO][0m - [38;2;116;173;209mskysub.py:global_skysub:195[0m - Full fit in global sky sub.
[1;38;2;49;54;149m    [INFO][0m - [38;2;116;173;209mfitting.py:bspline_profile:1156[0m - B-spline fit:
[1;38;2;49;54;149m    [INFO][0m - [38;2;116;173;209mfitting.py:bspline_profile:1157[0m -     npoly = 2 profile basis functions
[1;38;2;49;54;149m    [INFO][0m - [38;2;116;173;209mfitting.py:bspline_profile:1158[0m -     ngood = 92605/144499 measurements
[1;38;2;49;54;149m    [INFO][0m - [38;2;116;173;209mfitting.py:bspline_profile:1159[0m - ***************** Iter     Chi^2    N Rej  R. Fac *****************
[1;38;2;49;54;149m    [INFO][0m - [38;2;116;173;209mfitting.py:bspline_profile:1163[0m -                   ----  --------  -------  ------                  
[1;38;2;49;54;149m    [INFO][0m - [38;2;116;173;209mfitting.py:bspline_profile:1257[0m -                      1     1.154    52288    1.00                  
[1;38;2;49;54;149m    [INFO][0m - [38;2;116;173;209mfitting.py:bspline_profile:1257[0m -                      2     1.098    52295    1.00                  
[1;38;2;49;54;149m    [INFO][0m - [38;2;116;173;209mfitting.py:bspline_profile:1257[0m -                      3     1.097    52295    1.00                  
[1;38;2;49;54;149m    [INFO][0m - [38;2;116;173;209mfitting.py:bspline_profile:1272[0m -                   DONE     1.097    52295    1.00                  
[1;38;2;49;54;149m    [INFO][0m - [38;2;116;173;209mfitting.py:bspline_profile:1275[0m - *******************************************************************
[1;38;2;49;54;149m    [INFO][0m - [38;2;116;173;209mfind_objects.py:global_skysub:583[0m - Global sky subtraction for slit: 1237
[1;38;2;49;54;149m    [INFO][0m - [38;2;116;173;209mskysub.py:global_skysub:195[0m - Full fit in global sky sub.
[1;38;2;49;54;149m    [INFO][0m - [38;2;116;173;209mfitting.py:bspline_profile:1156[0m - B-spline fit:
[1;38;2;49;54;149m    [INFO][0m - [38;2;116;173;209mfitting.py:bspline_profile:1157[0m -     npoly = 2 profile basis functions
[1;38;2;49;54;149m    [INFO][0m - [38;2;116;173;209mfitting.py:bspline_profile:1158[0m -     ngood = 91930/144471 measurements
[1;38;2;49;54;149m    [INFO][0m - [38;2;116;173;209mfitting.py:bspline_profile:1159[0m - ***************** Iter     Chi^2    N Rej  R. Fac *****************
[1;38;2;49;54;149m    [INFO][0m - [38;2;116;173;209mfitting.py:bspline_profile:1163[0m -                   ----  --------  -------  ------                  
[1;38;2;49;54;149m    [INFO][0m - [38;2;116;173;209mfitting.py:bspline_profile:1257[0m -                      1     1.033    52735    1.00                  
[1;38;2;49;54;149m    [INFO][0m - [38;2;116;173;209mfitting.py:bspline_profile:1257[0m -                      2     1.005    52737    1.00                  
[1;38;2;49;54;149m    [INFO][0m - [38;2;116;173;209mfitting.py:bspline_profile:1257[0m -                      3     1.005    52737    1.00                  
[1;38;2;49;54;149m    [INFO][0m - [38;2;116;173;209mfitting.py:bspline_profile:1272[0m -                   DONE     1.005    52737    1.00                  
[1;38;2;49;54;149m    [INFO][0m - [38;2;116;173;209mfitting.py:bspline_profile:1275[0m - *******************************************************************
[1;38;2;49;54;149m    [INFO][0m - [38;2;116;173;209mfind_objects.py:global_skysub:583[0m - Global sky subtraction for slit: 1311
[1;38;2;49;54;149m    [INFO][0m - [38;2;116;173;209mskysub.py:global_skysub:195[0m - Full fit in global sky sub.
[1;38;2;49;54;149m    [INFO][0m - [38;2;116;173;209mfitting.py:bspline_profile:1156[0m - B-spline fit:
[1;38;2;49;54;149m    [INFO][0m - [38;2;116;173;209mfitting.py:bspline_profile:1157[0m -     npoly = 2 profile basis functions
[1;38;2;49;54;149m    [INFO][0m - [38;2;116;173;209mfitting.py:bspline_profile:1158[0m -     ngood = 92730/144445 measurements
[1;38;2;49;54;149m    [INFO][0m - [38;2;116;173;209mfitting.py:bspline_profile:1159[0m - ***************** Iter     Chi^2    N Rej  R. Fac *****************
[1;38;2;49;54;149m    [INFO][0m - [38;2;116;173;209mfitting.py:bspline_profile:1163[0m -                   ----  --------  -------  ------                  
[1;38;2;49;54;149m    [INFO][0m - [38;2;116;173;209mfitting.py:bspline_profile:1257[0m -                      1     1.045    51933    1.00                  
[1;38;2;49;54;149m    [INFO][0m - [38;2;116;173;209mfitting.py:bspline_profile:1257[0m -                      2     1.004    51939    1.00                  
[1;38;2;49;54;149m    [INFO][0m - [38;2;116;173;209mfitting.py:bspline_profile:1257[0m -                      3     1.003    51939    1.00                  
[1;38;2;49;54;149m    [INFO][0m - [38;2;116;173;209mfitting.py:bspline_profile:1272[0m -                   DONE     1.003    51939    1.00                  
[1;38;2;49;54;149m    [INFO][0m - [38;2;116;173;209mfitting.py:bspline_profile:1275[0m - *******************************************************************
[1;38;2;49;54;149m    [INFO][0m - [38;2;116;173;209mfind_objects.py:global_skysub:583[0m - Global sky subtraction for slit: 1385
[1;38;2;49;54;149m    [INFO][0m - [38;2;116;173;209mskysub.py:global_skysub:195[0m - Full fit in global sky sub.
[1;38;2;49;54;149m    [INFO][0m - [38;2;116;173;209mfitting.py:bspline_profile:1156[0m - B-spline fit:
[1;38;2;49;54;149m    [INFO][0m - [38;2;116;173;209mfitting.py:bspline_profile:1157[0m -     npoly = 2 profile basis functions
[1;38;2;49;54;149m    [INFO][0m - [38;2;116;173;209mfitting.py:bspline_profile:1158[0m -     ngood = 92649/144480 measurements
[1;38;2;49;54;149m    [INFO][0m - [38;2;116;173;209mfitting.py:bspline_profile:1159[0m - ***************** Iter     Chi^2    N Rej  R. Fac *****************
[1;38;2;49;54;149m    [INFO][0m - [38;2;116;173;209mfitting.py:bspline_profile:1163[0m -                   ----  --------  -------  ------                  
[1;38;2;49;54;149m    [INFO][0m - [38;2;116;173;209mfitting.py:bspline_profile:1257[0m -                      1     4.017    59630    1.00                  
[1;38;2;49;54;149m    [INFO][0m - [38;2;116;173;209mfitting.py:bspline_profile:1257[0m -                      2     1.262    60427    1.00                  
[1;38;2;49;54;149m    [INFO][0m - [38;2;116;173;209mfitting.py:bspline_profile:1257[0m -                      3     1.142    60519    1.00                  
[1;38;2;49;54;149m    [INFO][0m - [38;2;116;173;209mfitting.py:bspline_profile:1257[0m -                      4     1.131    60530    1.00                  
[1;38;2;49;54;149m    [INFO][0m - [38;2;116;173;209mfitting.py:bspline_profile:1257[0m -                      5     1.129    60532    1.00                  
[1;38;2;49;54;149m    [INFO][0m - [38;2;116;173;209mfitting.py:bspline_profile:1257[0m -                      6     1.129    60532    1.00                  
[1;38;2;49;54;149m    [INFO][0m - [38;2;116;173;209mfitting.py:bspline_profile:1272[0m -                   DONE     1.129    60532    1.00                  
[1;38;2;49;54;149m    [INFO][0m - [38;2;116;173;209mfitting.py:bspline_profile:1275[0m - *******************************************************************
[1;38;2;49;54;149m    [INFO][0m - [38;2;116;173;209mfind_objects.py:global_skysub:583[0m - Global sky subtraction for slit: 1458
[1;38;2;49;54;149m    [INFO][0m - [38;2;116;173;209mskysub.py:global_skysub:195[0m - Full fit in global sky sub.
[1;38;2;49;54;149m    [INFO][0m - [38;2;116;173;209mfitting.py:bspline_profile:1156[0m - B-spline fit:
[1;38;2;49;54;149m    [INFO][0m - [38;2;116;173;209mfitting.py:bspline_profile:1157[0m -     npoly = 2 profile basis functions
[1;38;2;49;54;149m    [INFO][0m - [38;2;116;173;209mfitting.py:bspline_profile:1158[0m -     ngood = 92230/143981 measurements
[1;38;2;49;54;149m    [INFO][0m - [38;2;116;173;209mfitting.py:bspline_profile:1159[0m - ***************** Iter     Chi^2    N Rej  R. Fac *****************
[1;38;2;49;54;149m    [INFO][0m - [38;2;116;173;209mfitting.py:bspline_profile:1163[0m -                   ----  --------  -------  ------                  
[1;38;2;49;54;149m    [INFO][0m - [38;2;116;173;209mfitting.py:bspline_profile:1257[0m -                      1     1.111    52036    1.00                  
[1;38;2;49;54;149m    [INFO][0m - [38;2;116;173;209mfitting.py:bspline_profile:1257[0m -                      2     1.071    52050    1.00                  
[1;38;2;49;54;149m    [INFO][0m - [38;2;116;173;209mfitting.py:bspline_profile:1257[0m -                      3     1.069    52050    1.00                  
[1;38;2;49;54;149m    [INFO][0m - [38;2;116;173;209mfitting.py:bspline_profile:1272[0m -                   DONE     1.069    52050    1.00                  
[1;38;2;49;54;149m    [INFO][0m - [38;2;116;173;209mfitting.py:bspline_profile:1275[0m - *******************************************************************
[1;38;2;49;54;149m    [INFO][0m - [38;2;116;173;209mfind_objects.py:global_skysub:583[0m - Global sky subtraction for slit: 1533
[1;38;2;49;54;149m    [INFO][0m - [38;2;116;173;209mskysub.py:global_skysub:195[0m - Full fit in global sky sub.
[1;38;2;49;54;149m    [INFO][0m - [38;2;116;173;209mfitting.py:bspline_profile:1156[0m - B-spline fit:
[1;38;2;49;54;149m    [INFO][0m - [38;2;116;173;209mfitting.py:bspline_profile:1157[0m -     npoly = 2 profile basis functions
[1;38;2;49;54;149m    [INFO][0m - [38;2;116;173;209mfitting.py:bspline_profile:1158[0m -     ngood = 92571/144358 measurements
[1;38;2;49;54;149m    [INFO][0m - [38;2;116;173;209mfitting.py:bspline_profile:1159[0m - ***************** Iter     Chi^2    N Rej  R. Fac *****************
[1;38;2;49;54;149m    [INFO][0m - [38;2;116;173;209mfitting.py:bspline_profile:1163[0m -                   ----  --------  -------  ------                  
[1;38;2;49;54;149m    [INFO][0m - [38;2;116;173;209mfitting.py:bspline_profile:1257[0m -                      1     0.997    51935    1.00                  
[1;38;2;49;54;149m    [INFO][0m - [38;2;116;173;209mfitting.py:bspline_profile:1257[0m -                      2     0.976    51938    1.00                  
[1;38;2;49;54;149m    [INFO][0m - [38;2;116;173;209mfitting.py:bspline_profile:1257[0m -                      3     0.975    51938    1.00                  
[1;38;2;49;54;149m    [INFO][0m - [38;2;116;173;209mfitting.py:bspline_profile:1272[0m -                   DONE     0.975    51938    1.00                  
[1;38;2;49;54;149m    [INFO][0m - [38;2;116;173;209mfitting.py:bspline_profile:1275[0m - *******************************************************************
[1;38;2;49;54;149m    [INFO][0m - [38;2;116;173;209mfind_objects.py:global_skysub:583[0m - Global sky subtraction for slit: 1606
[1;38;2;49;54;149m    [INFO][0m - [38;2;116;173;209mskysub.py:global_skysub:195[0m - Full fit in global sky sub.
[1;38;2;49;54;149m    [INFO][0m - [38;2;116;173;209mfitting.py:bspline_profile:1156[0m - B-spline fit:
[1;38;2;49;54;149m    [INFO][0m - [38;2;116;173;209mfitting.py:bspline_profile:1157[0m -     npoly = 2 profile basis functions
[1;38;2;49;54;149m    [INFO][0m - [38;2;116;173;209mfitting.py:bspline_profile:1158[0m -     ngood = 92645/144314 measurements
[1;38;2;49;54;149m    [INFO][0m - [38;2;116;173;209mfitting.py:bspline_profile:1159[0m - ***************** Iter     Chi^2    N Rej  R. Fac *****************
[1;38;2;49;54;149m    [INFO][0m - [38;2;116;173;209mfitting.py:bspline_profile:1163[0m -                   ----  --------  -------  ------                  
[1;38;2;49;54;149m    [INFO][0m - [38;2;116;173;209mfitting.py:bspline_profile:1257[0m -                      1     1.128    51943    1.00                  
[1;38;2;49;54;149m    [INFO][0m - [38;2;116;173;209mfitting.py:bspline_profile:1257[0m -                      2     1.018    51949    1.00                  
[1;38;2;49;54;149m    [INFO][0m - [38;2;116;173;209mfitting.py:bspline_profile:1257[0m -                      3     1.017    51950    1.00                  
[1;38;2;49;54;149m    [INFO][0m - [38;2;116;173;209mfitting.py:bspline_profile:1257[0m -                      4     1.017    51950    1.00                  
[1;38;2;49;54;149m    [INFO][0m - [38;2;116;173;209mfitting.py:bspline_profile:1272[0m -                   DONE     1.017    51950    1.00                  
[1;38;2;49;54;149m    [INFO][0m - [38;2;116;173;209mfitting.py:bspline_profile:1275[0m - *******************************************************************
[1;38;2;49;54;149m    [INFO][0m - [38;2;116;173;209mfind_objects.py:global_skysub:583[0m - Global sky subtraction for slit: 1682
[1;38;2;49;54;149m    [INFO][0m - [38;2;116;173;209mskysub.py:global_skysub:195[0m - Full fit in global sky sub.
[1;38;2;49;54;149m    [INFO][0m - [38;2;116;173;209mfitting.py:bspline_profile:1156[0m - B-spline fit:
[1;38;2;49;54;149m    [INFO][0m - [38;2;116;173;209mfitting.py:bspline_profile:1157[0m -     npoly = 2 profile basis functions
[1;38;2;49;54;149m    [INFO][0m - [38;2;116;173;209mfitting.py:bspline_profile:1158[0m -     ngood = 91940/144135 measurements
[1;38;2;49;54;149m    [INFO][0m - [38;2;116;173;209mfitting.py:bspline_profile:1159[0m - ***************** Iter     Chi^2    N Rej  R. Fac *****************
[1;38;2;49;54;149m    [INFO][0m - [38;2;116;173;209mfitting.py:bspline_profile:1163[0m -                   ----  --------  -------  ------                  
[1;38;2;49;54;149m    [INFO][0m - [38;2;116;173;209mfitting.py:bspline_profile:1257[0m -                      1     1.783    54930    1.00                  
[1;38;2;49;54;149m    [INFO][0m - [38;2;116;173;209mfitting.py:bspline_profile:1257[0m -                      2     1.118    55217    1.00                  
[1;38;2;49;54;149m    [INFO][0m - [38;2;116;173;209mfitting.py:bspline_profile:1257[0m -                      3     1.081    55233    1.00                  
[1;38;2;49;54;149m    [INFO][0m - [38;2;116;173;209mfitting.py:bspline_profile:1257[0m -                      4     1.079    55234    1.00                  
[1;38;2;49;54;149m    [INFO][0m - [38;2;116;173;209mfitting.py:bspline_profile:1257[0m -                      5     1.079    55234    1.00                  
[1;38;2;49;54;149m    [INFO][0m - [38;2;116;173;209mfitting.py:bspline_profile:1272[0m -                   DONE     1.079    55234    1.00                  
[1;38;2;49;54;149m    [INFO][0m - [38;2;116;173;209mfitting.py:bspline_profile:1275[0m - *******************************************************************
[1;38;2;49;54;149m    [INFO][0m - [38;2;116;173;209mfind_objects.py:global_skysub:583[0m - Global sky subtraction for slit: 1757
[1;38;2;49;54;149m    [INFO][0m - [38;2;116;173;209mskysub.py:global_skysub:195[0m - Full fit in global sky sub.
[1;38;2;49;54;149m    [INFO][0m - [38;2;116;173;209mfitting.py:bspline_profile:1156[0m - B-spline fit:
[1;38;2;49;54;149m    [INFO][0m - [38;2;116;173;209mfitting.py:bspline_profile:1157[0m -     npoly = 2 profile basis functions
[1;38;2;49;54;149m    [INFO][0m - [38;2;116;173;209mfitting.py:bspline_profile:1158[0m -     ngood = 92256/143857 measurements
[1;38;2;49;54;149m    [INFO][0m - [38;2;116;173;209mfitting.py:bspline_profile:1159[0m - ***************** Iter     Chi^2    N Rej  R. Fac *****************
[1;38;2;49;54;149m    [INFO][0m - [38;2;116;173;209mfitting.py:bspline_profile:1163[0m -                   ----  --------  -------  ------                  
[1;38;2;49;54;149m    [INFO][0m - [38;2;116;173;209mfitting.py:bspline_profile:1257[0m -                      1     1.002    51763    1.00                  
[1;38;2;49;54;149m    [INFO][0m - [38;2;116;173;209mfitting.py:bspline_profile:1257[0m -                      2     0.979    51764    1.00                  
[1;38;2;49;54;149m    [INFO][0m - [38;2;116;173;209mfitting.py:bspline_profile:1257[0m -                      3     0.979    51764    1.00                  
[1;38;2;49;54;149m    [INFO][0m - [38;2;116;173;209mfitting.py:bspline_profile:1272[0m -                   DONE     0.979    51764    1.00                  
[1;38;2;49;54;149m    [INFO][0m - [38;2;116;173;209mfitting.py:bspline_profile:1275[0m - *******************************************************************
[1;38;2;49;54;149m    [INFO][0m - [38;2;116;173;209mfind_objects.py:global_skysub:583[0m - Global sky subtraction for slit: 1836
[1;38;2;49;54;149m    [INFO][0m - [38;2;116;173;209mskysub.py:global_skysub:195[0m - Full fit in global sky sub.
[1;38;2;49;54;149m    [INFO][0m - [38;2;116;173;209mfitting.py:bspline_profile:1156[0m - B-spline fit:
[1;38;2;49;54;149m    [INFO][0m - [38;2;116;173;209mfitting.py:bspline_profile:1157[0m -     npoly = 2 profile basis functions
[1;38;2;49;54;149m    [INFO][0m - [38;2;116;173;209mfitting.py:bspline_profile:1158[0m -     ngood = 92306/144141 measurements
[1;38;2;49;54;149m    [INFO][0m - [38;2;116;173;209mfitting.py:bspline_profile:1159[0m - ***************** Iter     Chi^2    N Rej  R. Fac *****************
[1;38;2;49;54;149m    [INFO][0m - [38;2;116;173;209mfitting.py:bspline_profile:1163[0m -                   ----  --------  -------  ------                  
[1;38;2;49;54;149m    [INFO][0m - [38;2;116;173;209mfitting.py:bspline_profile:1257[0m -                      1     1.011    51997    1.00                  
[1;38;2;49;54;149m    [INFO][0m - [38;2;116;173;209mfitting.py:bspline_profile:1257[0m -                      2     0.979    51999    1.00                  
[1;38;2;49;54;149m    [INFO][0m - [38;2;116;173;209mfitting.py:bspline_profile:1257[0m -                      3     0.979    51999    1.00                  
[1;38;2;49;54;149m    [INFO][0m - [38;2;116;173;209mfitting.py:bspline_profile:1272[0m -                   DONE     0.979    51999    1.00                  
[1;38;2;49;54;149m    [INFO][0m - [38;2;116;173;209mfitting.py:bspline_profile:1275[0m - *******************************************************************
[1;38;2;49;54;149m    [INFO][0m - [38;2;116;173;209mfind_objects.py:global_skysub:583[0m - Global sky subtraction for slit: 1913
[1;38;2;49;54;149m    [INFO][0m - [38;2;116;173;209mskysub.py:global_skysub:195[0m - Full fit in global sky sub.
[1;38;2;49;54;149m    [INFO][0m - [38;2;116;173;209mfitting.py:bspline_profile:1156[0m - B-spline fit:
[1;38;2;49;54;149m    [INFO][0m - [38;2;116;173;209mfitting.py:bspline_profile:1157[0m -     npoly = 2 profile basis functions
[1;38;2;49;54;149m    [INFO][0m - [38;2;116;173;209mfitting.py:bspline_profile:1158[0m -     ngood = 92453/143900 measurements
[1;38;2;49;54;149m    [INFO][0m - [38;2;116;173;209mfitting.py:bspline_profile:1159[0m - ***************** Iter     Chi^2    N Rej  R. Fac *****************
[1;38;2;49;54;149m    [INFO][0m - [38;2;116;173;209mfitting.py:bspline_profile:1163[0m -                   ----  --------  -------  ------                  
[1;38;2;49;54;149m    [INFO][0m - [38;2;116;173;209mfitting.py:bspline_profile:1257[0m -                      1     1.047    51620    1.00                  
[1;38;2;49;54;149m    [INFO][0m - [38;2;116;173;209mfitting.py:bspline_profile:1257[0m -                      2     0.974    51623    1.00                  
[1;38;2;49;54;149m    [INFO][0m - [38;2;116;173;209mfitting.py:bspline_profile:1257[0m -                      3     0.974    51623    1.00                  
[1;38;2;49;54;149m    [INFO][0m - [38;2;116;173;209mfitting.py:bspline_profile:1272[0m -                   DONE     0.974    51623    1.00                  
[1;38;2;49;54;149m    [INFO][0m - [38;2;116;173;209mfitting.py:bspline_profile:1275[0m - *******************************************************************
[1;38;2;49;54;149m    [INFO][0m - [38;2;116;173;209mfind_objects.py:global_skysub:583[0m - Global sky subtraction for slit: 1995
[1;38;2;49;54;149m    [INFO][0m - [38;2;116;173;209mskysub.py:global_skysub:195[0m - Full fit in global sky sub.
[1;38;2;49;54;149m    [INFO][0m - [38;2;116;173;209mfitting.py:bspline_profile:1156[0m - B-spline fit:
[1;38;2;49;54;149m    [INFO][0m - [38;2;116;173;209mfitting.py:bspline_profile:1157[0m -     npoly = 2 profile basis functions
[1;38;2;49;54;149m    [INFO][0m - [38;2;116;173;209mfitting.py:bspline_profile:1158[0m -     ngood = 91574/143290 measurements
[1;38;2;49;54;149m    [INFO][0m - [38;2;116;173;209mfitting.py:bspline_profile:1159[0m - ***************** Iter     Chi^2    N Rej  R. Fac *****************
[1;38;2;49;54;149m    [INFO][0m - [38;2;116;173;209mfitting.py:bspline_profile:1163[0m -                   ----  --------  -------  ------                  
[1;38;2;49;54;149m    [INFO][0m - [38;2;116;173;209mfitting.py:bspline_profile:1257[0m -                      1     1.016    51864    1.00                  
[1;38;2;49;54;149m    [INFO][0m - [38;2;116;173;209mfitting.py:bspline_profile:1257[0m -                      2     0.994    51867    1.00                  
[1;38;2;49;54;149m    [INFO][0m - [38;2;116;173;209mfitting.py:bspline_profile:1257[0m -                      3     0.994    51867    1.00                  
[1;38;2;49;54;149m    [INFO][0m - [38;2;116;173;209mfitting.py:bspline_profile:1272[0m -                   DONE     0.994    51867    1.00                  
[1;38;2;49;54;149m    [INFO][0m - [38;2;116;173;209mfitting.py:bspline_profile:1275[0m - *******************************************************************
[1;38;2;49;54;149m    [INFO][0m - [38;2;116;173;209mfind_objects.py:find_objects_pypeline:788[0m - Finding objects on slit # 60
[1;38;2;49;54;149m    [INFO][0m - [38;2;116;173;209mfindobj_skymask.py:objs_in_slit:2095[0m - No objects found automatically.  Consider manual extraction.
[1;38;2;49;54;149m    [INFO][0m - [38;2;116;173;209mfind_objects.py:find_objects_pypeline:788[0m - Finding objects on slit # 140
[1;38;2;49;54;149m    [INFO][0m - [38;2;116;173;209mfindobj_skymask.py:objs_in_slit:2095[0m - No objects found automatically.  Consider manual extraction.
[1;38;2;49;54;149m    [INFO][0m - [38;2;116;173;209mfind_objects.py:find_objects_pypeline:788[0m - Finding objects on slit # 216
[1;38;2;49;54;149m    [INFO][0m - [38;2;116;173;209mfindobj_skymask.py:objs_in_slit:2073[0m - Using slit edges as crutch for object tracing
[1;38;2;49;54;149m    [INFO][0m - [38;2;116;173;209mfindobj_skymask.py:objs_in_slit:2098[0m - Automatic finding routine found 1 objects
[1;38;2;49;54;149m    [INFO][0m - [38;2;116;173;209mfindobj_skymask.py:objs_in_slit:2102[0m - Fitting the traces
[1;38;2;253;174;97m [WARNING][0m - [38;2;116;173;209mpolyutils.py:_fit:662[0m - RankWarning: The fit may be poorly conditioned
[1;38;2;49;54;149m    [INFO][0m - [38;2;116;173;209mfindobj_skymask.py:objs_in_slit:2254[0m - Successfully traced a total of 1 objects
[1;38;2;49;54;149m    [INFO][0m - [38;2;116;173;209mfind_objects.py:find_objects_pypeline:788[0m - Finding objects on slit # 294
[1;38;2;49;54;149m    [INFO][0m - [38;2;116;173;209mfindobj_skymask.py:objs_in_slit:2095[0m - No objects found automatically.  Consider manual extraction.
[1;38;2;49;54;149m    [INFO][0m - [38;2;116;173;209mfind_objects.py:find_objects_pypeline:788[0m - Finding objects on slit # 368
[1;38;2;49;54;149m    [INFO][0m - [38;2;116;173;209mfindobj_skymask.py:objs_in_slit:2095[0m - No objects found automatically.  Consider manual extraction.
[1;38;2;49;54;149m    [INFO][0m - [38;2;116;173;209mfind_objects.py:find_objects_pypeline:788[0m - Finding objects on slit # 443
[1;38;2;49;54;149m    [INFO][0m - [38;2;116;173;209mfindobj_skymask.py:objs_in_slit:2095[0m - No objects found automatically.  Consider manual extraction.
[1;38;2;49;54;149m    [INFO][0m - [38;2;116;173;209mfind_objects.py:find_objects_pypeline:788[0m - Finding objects on slit # 516
[1;38;2;49;54;149m    [INFO][0m - [38;2;116;173;209mfindobj_skymask.py:objs_in_slit:2095[0m - No objects found automatically.  Consider manual extraction.
[1;38;2;49;54;149m    [INFO][0m - [38;2;116;173;209mfind_objects.py:find_objects_pypeline:788[0m - Finding objects on slit # 590
[1;38;2;49;54;149m    [INFO][0m - [38;2;116;173;209mfindobj_skymask.py:objs_in_slit:2095[0m - No objects found automatically.  Consider manual extraction.
[1;38;2;49;54;149m    [INFO][0m - [38;2;116;173;209mfind_objects.py:find_objects_pypeline:788[0m - Finding objects on slit # 663
[1;38;2;49;54;149m    [INFO][0m - [38;2;116;173;209mfindobj_skymask.py:objs_in_slit:2073[0m - Using slit edges as crutch for object tracing
[1;38;2;49;54;149m    [INFO][0m - [38;2;116;173;209mfindobj_skymask.py:objs_in_slit:2098[0m - Automatic finding routine found 1 objects
[1;38;2;49;54;149m    [INFO][0m - [38;2;116;173;209mfindobj_skymask.py:objs_in_slit:2102[0m - Fitting the traces
[1;38;2;253;174;97m [WARNING][0m - [38;2;116;173;209mpolyutils.py:_fit:662[0m - RankWarning: The fit may be poorly conditioned
[1;38;2;49;54;149m    [INFO][0m - [38;2;116;173;209mfindobj_skymask.py:objs_in_slit:2254[0m - Successfully traced a total of 1 objects
[1;38;2;49;54;149m    [INFO][0m - [38;2;116;173;209mfind_objects.py:find_objects_pypeline:788[0m - Finding objects on slit # 737
[1;38;2;49;54;149m    [INFO][0m - [38;2;116;173;209mfindobj_skymask.py:objs_in_slit:2073[0m - Using slit edges as crutch for object tracing
[1;38;2;49;54;149m    [INFO][0m - [38;2;116;173;209mfindobj_skymask.py:objs_in_slit:2098[0m - Automatic finding routine found 1 objects
[1;38;2;49;54;149m    [INFO][0m - [38;2;116;173;209mfindobj_skymask.py:objs_in_slit:2102[0m - Fitting the traces
[1;38;2;253;174;97m [WARNING][0m - [38;2;116;173;209mpolyutils.py:_fit:662[0m - RankWarning: The fit may be poorly conditioned
[1;38;2;49;54;149m    [INFO][0m - [38;2;116;173;209mfindobj_skymask.py:objs_in_slit:2254[0m - Successfully traced a total of 1 objects
[1;38;2;49;54;149m    [INFO][0m - [38;2;116;173;209mfind_objects.py:find_objects_pypeline:788[0m - Finding objects on slit # 811
[1;38;2;49;54;149m    [INFO][0m - [38;2;116;173;209mfindobj_skymask.py:objs_in_slit:2073[0m - Using slit edges as crutch for object tracing
[1;38;2;49;54;149m    [INFO][0m - [38;2;116;173;209mfindobj_skymask.py:objs_in_slit:2098[0m - Automatic finding routine found 1 objects
[1;38;2;49;54;149m    [INFO][0m - [38;2;116;173;209mfindobj_skymask.py:objs_in_slit:2102[0m - Fitting the traces
[1;38;2;253;174;97m [WARNING][0m - [38;2;116;173;209mpolyutils.py:_fit:662[0m - RankWarning: The fit may be poorly conditioned
[1;38;2;49;54;149m    [INFO][0m - [38;2;116;173;209mfindobj_skymask.py:objs_in_slit:2254[0m - Successfully traced a total of 1 objects
[1;38;2;49;54;149m    [INFO][0m - [38;2;116;173;209mfind_objects.py:find_objects_pypeline:788[0m - Finding objects on slit # 885
[1;38;2;49;54;149m    [INFO][0m - [38;2;116;173;209mfindobj_skymask.py:objs_in_slit:2073[0m - Using slit edges as crutch for object tracing
[1;38;2;49;54;149m    [INFO][0m - [38;2;116;173;209mfindobj_skymask.py:objs_in_slit:2098[0m - Automatic finding routine found 2 objects
[1;38;2;49;54;149m    [INFO][0m - [38;2;116;173;209mfindobj_skymask.py:objs_in_slit:2102[0m - Fitting the traces
[1;38;2;253;174;97m [WARNING][0m - [38;2;116;173;209mpolyutils.py:_fit:662[0m - RankWarning: The fit may be poorly conditioned
[1;38;2;49;54;149m    [INFO][0m - [38;2;116;173;209mfindobj_skymask.py:objs_in_slit:2254[0m - Successfully traced a total of 2 objects
[1;38;2;49;54;149m    [INFO][0m - [38;2;116;173;209mfind_objects.py:find_objects_pypeline:788[0m - Finding objects on slit # 1163
[1;38;2;49;54;149m    [INFO][0m - [38;2;116;173;209mfindobj_skymask.py:objs_in_slit:2073[0m - Using slit edges as crutch for object tracing
[1;38;2;49;54;149m    [INFO][0m - [38;2;116;173;209mfindobj_skymask.py:objs_in_slit:2098[0m - Automatic finding routine found 1 objects
[1;38;2;49;54;149m    [INFO][0m - [38;2;116;173;209mfindobj_skymask.py:objs_in_slit:2102[0m - Fitting the traces
[1;38;2;253;174;97m [WARNING][0m - [38;2;116;173;209mpolyutils.py:_fit:662[0m - RankWarning: The fit may be poorly conditioned
[1;38;2;49;54;149m    [INFO][0m - [38;2;116;173;209mfindobj_skymask.py:objs_in_slit:2254[0m - Successfully traced a total of 1 objects
[1;38;2;49;54;149m    [INFO][0m - [38;2;116;173;209mfind_objects.py:find_objects_pypeline:788[0m - Finding objects on slit # 1237
[1;38;2;49;54;149m    [INFO][0m - [38;2;116;173;209mfindobj_skymask.py:objs_in_slit:2073[0m - Using slit edges as crutch for object tracing
[1;38;2;49;54;149m    [INFO][0m - [38;2;116;173;209mfindobj_skymask.py:objs_in_slit:2098[0m - Automatic finding routine found 1 objects
[1;38;2;49;54;149m    [INFO][0m - [38;2;116;173;209mfindobj_skymask.py:objs_in_slit:2102[0m - Fitting the traces
[1;38;2;253;174;97m [WARNING][0m - [38;2;116;173;209mpolyutils.py:_fit:662[0m - RankWarning: The fit may be poorly conditioned
[1;38;2;49;54;149m    [INFO][0m - [38;2;116;173;209mfindobj_skymask.py:objs_in_slit:2254[0m - Successfully traced a total of 1 objects
[1;38;2;49;54;149m    [INFO][0m - [38;2;116;173;209mfind_objects.py:find_objects_pypeline:788[0m - Finding objects on slit # 1311
[1;38;2;49;54;149m    [INFO][0m - [38;2;116;173;209mfindobj_skymask.py:objs_in_slit:2073[0m - Using slit edges as crutch for object tracing
[1;38;2;49;54;149m    [INFO][0m - [38;2;116;173;209mfindobj_skymask.py:objs_in_slit:2098[0m - Automatic finding routine found 1 objects
[1;38;2;49;54;149m    [INFO][0m - [38;2;116;173;209mfindobj_skymask.py:objs_in_slit:2102[0m - Fitting the traces
[1;38;2;253;174;97m [WARNING][0m - [38;2;116;173;209mpolyutils.py:_fit:662[0m - RankWarning: The fit may be poorly conditioned
[1;38;2;49;54;149m    [INFO][0m - [38;2;116;173;209mfindobj_skymask.py:objs_in_slit:2254[0m - Successfully traced a total of 1 objects
[1;38;2;49;54;149m    [INFO][0m - [38;2;116;173;209mfind_objects.py:find_objects_pypeline:788[0m - Finding objects on slit # 1385
[1;38;2;49;54;149m    [INFO][0m - [38;2;116;173;209mfindobj_skymask.py:objs_in_slit:2073[0m - Using slit edges as crutch for object tracing
[1;38;2;49;54;149m    [INFO][0m - [38;2;116;173;209mfindobj_skymask.py:objs_in_slit:2098[0m - Automatic finding routine found 2 objects
[1;38;2;49;54;149m    [INFO][0m - [38;2;116;173;209mfindobj_skymask.py:objs_in_slit:2102[0m - Fitting the traces
[1;38;2;253;174;97m [WARNING][0m - [38;2;116;173;209mpolyutils.py:_fit:662[0m - RankWarning: The fit may be poorly conditioned
[1;38;2;49;54;149m    [INFO][0m - [38;2;116;173;209mfindobj_skymask.py:objs_in_slit:2254[0m - Successfully traced a total of 2 objects
[1;38;2;49;54;149m    [INFO][0m - [38;2;116;173;209mfind_objects.py:find_objects_pypeline:788[0m - Finding objects on slit # 1458
[1;38;2;49;54;149m    [INFO][0m - [38;2;116;173;209mfindobj_skymask.py:objs_in_slit:2073[0m - Using slit edges as crutch for object tracing
[1;38;2;49;54;149m    [INFO][0m - [38;2;116;173;209mfindobj_skymask.py:objs_in_slit:2098[0m - Automatic finding routine found 2 objects
[1;38;2;49;54;149m    [INFO][0m - [38;2;116;173;209mfindobj_skymask.py:objs_in_slit:2102[0m - Fitting the traces
[1;38;2;253;174;97m [WARNING][0m - [38;2;116;173;209mpolyutils.py:_fit:662[0m - RankWarning: The fit may be poorly conditioned
[1;38;2;49;54;149m    [INFO][0m - [38;2;116;173;209mfindobj_skymask.py:objs_in_slit:2254[0m - Successfully traced a total of 2 objects
[1;38;2;49;54;149m    [INFO][0m - [38;2;116;173;209mfind_objects.py:find_objects_pypeline:788[0m - Finding objects on slit # 1533
[1;38;2;49;54;149m    [INFO][0m - [38;2;116;173;209mfindobj_skymask.py:objs_in_slit:2095[0m - No objects found automatically.  Consider manual extraction.
[1;38;2;49;54;149m    [INFO][0m - [38;2;116;173;209mfind_objects.py:find_objects_pypeline:788[0m - Finding objects on slit # 1606
[1;38;2;253;174;97m [WARNING][0m - [38;2;116;173;209mfindobj_skymask.py:objs_in_slit:2000[0m - Discarding 1 at spatial pixels spat = [67.27931542] which land within trim_edg = (left, right) = [5, 5] pixels from the slit boundary for this nsamp = 70.00 wide slit
[1;38;2;253;174;97m [WARNING][0m - [38;2;116;173;209mfindobj_skymask.py:objs_in_slit:2004[0m - You must decrease from the current value of trim_edg in order to keep them
[1;38;2;253;174;97m [WARNING][0m - [38;2;116;173;209mfindobj_skymask.py:objs_in_slit:2005[0m - Such edge objects are often spurious
[1;38;2;49;54;149m    [INFO][0m - [38;2;116;173;209mfindobj_skymask.py:objs_in_slit:2095[0m - No objects found automatically.  Consider manual extraction.
[1;38;2;49;54;149m    [INFO][0m - [38;2;116;173;209mfind_objects.py:find_objects_pypeline:788[0m - Finding objects on slit # 1682
[1;38;2;253;174;97m [WARNING][0m - [38;2;116;173;209mfindobj_skymask.py:objs_in_slit:2000[0m - Discarding 1 at spatial pixels spat = [66.73476035] which land within trim_edg = (left, right) = [5, 5] pixels from the slit boundary for this nsamp = 70.00 wide slit
[1;38;2;253;174;97m [WARNING][0m - [38;2;116;173;209mfindobj_skymask.py:objs_in_slit:2004[0m - You must decrease from the current value of trim_edg in order to keep them
[1;38;2;253;174;97m [WARNING][0m - [38;2;116;173;209mfindobj_skymask.py:objs_in_slit:2005[0m - Such edge objects are often spurious
[1;38;2;49;54;149m    [INFO][0m - [38;2;116;173;209mfindobj_skymask.py:objs_in_slit:2095[0m - No objects found automatically.  Consider manual extraction.
[1;38;2;49;54;149m    [INFO][0m - [38;2;116;173;209mfind_objects.py:find_objects_pypeline:788[0m - Finding objects on slit # 1757
[1;38;2;49;54;149m    [INFO][0m - [38;2;116;173;209mfindobj_skymask.py:objs_in_slit:2095[0m - No objects found automatically.  Consider manual extraction.
[1;38;2;49;54;149m    [INFO][0m - [38;2;116;173;209mfind_objects.py:find_objects_pypeline:788[0m - Finding objects on slit # 1836
[1;38;2;49;54;149m    [INFO][0m - [38;2;116;173;209mfindobj_skymask.py:objs_in_slit:2095[0m - No objects found automatically.  Consider manual extraction.
[1;38;2;49;54;149m    [INFO][0m - [38;2;116;173;209mfind_objects.py:find_objects_pypeline:788[0m - Finding objects on slit # 1913
[1;38;2;49;54;149m    [INFO][0m - [38;2;116;173;209mfindobj_skymask.py:objs_in_slit:2095[0m - No objects found automatically.  Consider manual extraction.
[1;38;2;49;54;149m    [INFO][0m - [38;2;116;173;209mfind_objects.py:find_objects_pypeline:788[0m - Finding objects on slit # 1995
[1;38;2;49;54;149m    [INFO][0m - [38;2;116;173;209mfindobj_skymask.py:objs_in_slit:2095[0m - No objects found automatically.  Consider manual extraction.
[1;38;2;49;54;149m    [INFO][0m - [38;2;116;173;209mfind_objects.py:run:373[0m - Either no objects were found or a user-provided sky mask was used.  Skipping second pass of sky-subtraction and object finding.
[1;38;2;49;54;149m    [INFO][0m - [38;2;116;173;209mdatamodel.py:from_file:1558[0m - Loading BiasImage from /Users/kaiwenzhang/PycharmProjects/KCWI/KCWI_RED_channel_characterization/RH1 pypeit run/2023-11-07/pypeit_run/keck_kcrm_B/Calibrations/Bias_B_1_DET01.fits
[1;38;2;253;174;97m [WARNING][0m - [38;2;116;173;209mcalibrations.py:get_dark:606[0m - No raw dark frames found and unable to identify a relevant processed calibration frame.  Continuing...
[1;38;2;49;54;149m    [INFO][0m - [38;2;116;173;209mkeck_kcwi.py:get_rawimage:1426[0m - Reading KCWI file: /Users/kaiwenzhang/PycharmProjects/KCWI/KCWI_RED_channel_characterization/fits/by_night/RH1/2023-11-07/KR.20231108.54563.16.fits
[1;38;2;49;54;149m    [INFO][0m - [38;2;116;173;209mdatamodel.py:from_file:1558[0m - Loading ArcImage from /Users/kaiwenzhang/PycharmProjects/KCWI/KCWI_RED_channel_characterization/RH1 pypeit run/2023-11-07/pypeit_run/keck_kcrm_B/Calibrations/Arc_B_1_DET01.fits
[1;38;2;49;54;149m    [INFO][0m - [38;2;116;173;209mdatamodel.py:from_file:1558[0m - Loading TiltImage from /Users/kaiwenzhang/PycharmProjects/KCWI/KCWI_RED_channel_characterization/RH1 pypeit run/2023-11-07/pypeit_run/keck_kcrm_B/Calibrations/Tiltimg_B_1_DET01.fits
[1;38;2;49;54;149m    [INFO][0m - [38;2;116;173;209mdatamodel.py:from_file:1558[0m - Loading SlitTraceSet from /Users/kaiwenzhang/PycharmProjects/KCWI/KCWI_RED_channel_characterization/RH1 pypeit run/2023-11-07/pypeit_run/keck_kcrm_B/Calibrations/Slits_B_1_DET01.fits.gz
[1;38;2;49;54;149m    [INFO][0m - [38;2;116;173;209mdatamodel.py:from_file:1558[0m - Loading WaveCalib from /Users/kaiwenzhang/PycharmProjects/KCWI/KCWI_RED_channel_characterization/RH1 pypeit run/2023-11-07/pypeit_run/keck_kcrm_B/Calibrations/WaveCalib_B_1_DET01.fits
[1;38;2;49;54;149m    [INFO][0m - [38;2;116;173;209mdatamodel.py:from_file:1558[0m - Loading WaveTilts from /Users/kaiwenzhang/PycharmProjects/KCWI/KCWI_RED_channel_characterization/RH1 pypeit run/2023-11-07/pypeit_run/keck_kcrm_B/Calibrations/Tilts_B_1_DET01.fits
[1;38;2;49;54;149m    [INFO][0m - [38;2;116;173;209mdatamodel.py:from_file:1558[0m - Loading Alignments from /Users/kaiwenzhang/PycharmProjects/KCWI/KCWI_RED_channel_characterization/RH1 pypeit run/2023-11-07/pypeit_run/keck_kcrm_B/Calibrations/Alignment_B_1_DET01.fits
[1;38;2;49;54;149m    [INFO][0m - [38;2;116;173;209mdatamodel.py:from_file:1558[0m - Loading ScatteredLight from /Users/kaiwenzhang/PycharmProjects/KCWI/KCWI_RED_channel_characterization/RH1 pypeit run/2023-11-07/pypeit_run/keck_kcrm_B/Calibrations/ScatteredLight_B_1_DET01.fits.gz
[1;38;2;49;54;149m    [INFO][0m - [38;2;116;173;209mdatamodel.py:from_file:1558[0m - Loading FlatImages from /Users/kaiwenzhang/PycharmProjects/KCWI/KCWI_RED_channel_characterization/RH1 pypeit run/2023-11-07/pypeit_run/keck_kcrm_B/Calibrations/Flat_B_1_DET01.fits
[1;38;2;49;54;149m    [INFO][0m - [38;2;116;173;209mcalibrations.py:run_the_steps:1459[0m - Calibration complete and/or fully loaded!
[1;38;2;49;54;149m    [INFO][0m - [38;2;116;173;209mcalibrations.py:run_the_steps:1460[0m - #######################################################################
[1;38;2;49;54;149m    [INFO][0m - [38;2;116;173;209mpypeit_steps.py:extract_det:732[0m - Extraction skipped for KR.20231108.54563.16-g191b2b_KCRM_20231108T150923.155 on det=1
[1;38;2;49;54;149m    [INFO][0m - [38;2;116;173;209mwavetilts.py:fit2tiltimg:143[0m - Generating a tilts image from the fit parameters
[1;38;2;49;54;149m    [INFO][0m - [38;2;116;173;209mpypeit_steps.py:refframe_correct:906[0m - Performing a heliocentric correction
[1;38;2;49;54;149m    [INFO][0m - [38;2;116;173;209mpypeit_steps.py:refframe_correct:915[0m - Applying heliocentric correction = 14.44472 km/s
WARNING: Format d cannot be mapped to the accepted TDISPn keyword values.  Format will not be moved into TDISPn keyword. [astropy.io.fits.column]
WARNING: Format 0.1f cannot be mapped to the accepted TDISPn keyword values.  Format will not be moved into TDISPn keyword. [astropy.io.fits.column]
WARNING: Format 0.3f cannot be mapped to the accepted TDISPn keyword values.  Format will not be moved into TDISPn keyword. [astropy.io.fits.column]
[1;38;2;49;54;149m    [INFO][0m - [38;2;116;173;209mspec2dobj.py:write_to_fits:721[0m - Wrote: /Users/kaiwenzhang/PycharmProjects/KCWI/KCWI_RED_channel_characterization/RH1 pypeit run/2023-11-07/pypeit_run/keck_kcrm_B/Science/spec2d_KR.20231108.54563.16-g191b2b_KCRM_20231108T150923.155.fits
[1;38;2;49;54;149m    [INFO][0m - [38;2;116;173;209mexposure.py:reduce_exposure:406[0m - Reducing target g191b2b
Combining frames:
KR.20231108.54678.43.fits

[1;38;2;49;54;149m    [INFO][0m - [38;2;116;173;209mexposure.py:reduce_exposure:417[0m - Detectors to work on: [1]
[1;38;2;49;54;149m    [INFO][0m - [38;2;116;173;209mexposure.py:reduce_exposure:422[0m - Calibrating detector 1
[1;38;2;49;54;149m    [INFO][0m - [38;2;116;173;209mpypeit_steps.py:calib_one:173[0m - Building/loading calibrations for detector 1
[1;38;2;49;54;149m    [INFO][0m - [38;2;116;173;209mdatamodel.py:from_file:1558[0m - Loading BiasImage from /Users/kaiwenzhang/PycharmProjects/KCWI/KCWI_RED_channel_characterization/RH1 pypeit run/2023-11-07/pypeit_run/keck_kcrm_B/Calibrations/Bias_B_1_DET01.fits
[1;38;2;253;174;97m [WARNING][0m - [38;2;116;173;209mcalibrations.py:get_dark:606[0m - No raw dark frames found and unable to identify a relevant processed calibration frame.  Continuing...
[1;38;2;49;54;149m    [INFO][0m - [38;2;116;173;209mkeck_kcwi.py:get_rawimage:1426[0m - Reading KCWI file: /Users/kaiwenzhang/PycharmProjects/KCWI/KCWI_RED_channel_characterization/fits/by_night/RH1/2023-11-07/KR.20231108.10348.37.fits
[1;38;2;253;174;97m [WARNING][0m - [38;2;116;173;209mkeck_kcwi.py:bpm:820[0m - KCRM bad pixel mask is not available for ampmode=L2U2L1U1 binning=2,2
[1;38;2;49;54;149m    [INFO][0m - [38;2;116;173;209mdatamodel.py:from_file:1558[0m - Loading ArcImage from /Users/kaiwenzhang/PycharmProjects/KCWI/KCWI_RED_channel_characterization/RH1 pypeit run/2023-11-07/pypeit_run/keck_kcrm_B/Calibrations/Arc_B_1_DET01.fits
[1;38;2;49;54;149m    [INFO][0m - [38;2;116;173;209mdatamodel.py:from_file:1558[0m - Loading TiltImage from /Users/kaiwenzhang/PycharmProjects/KCWI/KCWI_RED_channel_characterization/RH1 pypeit run/2023-11-07/pypeit_run/keck_kcrm_B/Calibrations/Tiltimg_B_1_DET01.fits
[1;38;2;49;54;149m    [INFO][0m - [38;2;116;173;209mdatamodel.py:from_file:1558[0m - Loading SlitTraceSet from /Users/kaiwenzhang/PycharmProjects/KCWI/KCWI_RED_channel_characterization/RH1 pypeit run/2023-11-07/pypeit_run/keck_kcrm_B/Calibrations/Slits_B_1_DET01.fits.gz
[1;38;2;49;54;149m    [INFO][0m - [38;2;116;173;209mdatamodel.py:from_file:1558[0m - Loading WaveCalib from /Users/kaiwenzhang/PycharmProjects/KCWI/KCWI_RED_channel_characterization/RH1 pypeit run/2023-11-07/pypeit_run/keck_kcrm_B/Calibrations/WaveCalib_B_1_DET01.fits
[1;38;2;49;54;149m    [INFO][0m - [38;2;116;173;209mdatamodel.py:from_file:1558[0m - Loading WaveTilts from /Users/kaiwenzhang/PycharmProjects/KCWI/KCWI_RED_channel_characterization/RH1 pypeit run/2023-11-07/pypeit_run/keck_kcrm_B/Calibrations/Tilts_B_1_DET01.fits
[1;38;2;49;54;149m    [INFO][0m - [38;2;116;173;209mdatamodel.py:from_file:1558[0m - Loading Alignments from /Users/kaiwenzhang/PycharmProjects/KCWI/KCWI_RED_channel_characterization/RH1 pypeit run/2023-11-07/pypeit_run/keck_kcrm_B/Calibrations/Alignment_B_1_DET01.fits
[1;38;2;49;54;149m    [INFO][0m - [38;2;116;173;209mdatamodel.py:from_file:1558[0m - Loading ScatteredLight from /Users/kaiwenzhang/PycharmProjects/KCWI/KCWI_RED_channel_characterization/RH1 pypeit run/2023-11-07/pypeit_run/keck_kcrm_B/Calibrations/ScatteredLight_B_1_DET01.fits.gz
[1;38;2;49;54;149m    [INFO][0m - [38;2;116;173;209mdatamodel.py:from_file:1558[0m - Loading FlatImages from /Users/kaiwenzhang/PycharmProjects/KCWI/KCWI_RED_channel_characterization/RH1 pypeit run/2023-11-07/pypeit_run/keck_kcrm_B/Calibrations/Flat_B_1_DET01.fits
[1;38;2;49;54;149m    [INFO][0m - [38;2;116;173;209mcalibrations.py:run_the_steps:1459[0m - Calibration complete and/or fully loaded!
[1;38;2;49;54;149m    [INFO][0m - [38;2;116;173;209mcalibrations.py:run_the_steps:1460[0m - #######################################################################
[1;38;2;49;54;149m    [INFO][0m - [38;2;116;173;209mexposure.py:process_exposure:126[0m - Reducing detector 1
[1;38;2;49;54;149m    [INFO][0m - [38;2;116;173;209mdatamodel.py:from_file:1558[0m - Loading BiasImage from /Users/kaiwenzhang/PycharmProjects/KCWI/KCWI_RED_channel_characterization/RH1 pypeit run/2023-11-07/pypeit_run/keck_kcrm_B/Calibrations/Bias_B_1_DET01.fits
[1;38;2;253;174;97m [WARNING][0m - [38;2;116;173;209mcalibrations.py:get_dark:606[0m - No raw dark frames found and unable to identify a relevant processed calibration frame.  Continuing...
[1;38;2;49;54;149m    [INFO][0m - [38;2;116;173;209mkeck_kcwi.py:get_rawimage:1426[0m - Reading KCWI file: /Users/kaiwenzhang/PycharmProjects/KCWI/KCWI_RED_channel_characterization/fits/by_night/RH1/2023-11-07/KR.20231108.54678.43.fits
[1;38;2;49;54;149m    [INFO][0m - [38;2;116;173;209mdatamodel.py:from_file:1558[0m - Loading ArcImage from /Users/kaiwenzhang/PycharmProjects/KCWI/KCWI_RED_channel_characterization/RH1 pypeit run/2023-11-07/pypeit_run/keck_kcrm_B/Calibrations/Arc_B_1_DET01.fits
[1;38;2;49;54;149m    [INFO][0m - [38;2;116;173;209mdatamodel.py:from_file:1558[0m - Loading TiltImage from /Users/kaiwenzhang/PycharmProjects/KCWI/KCWI_RED_channel_characterization/RH1 pypeit run/2023-11-07/pypeit_run/keck_kcrm_B/Calibrations/Tiltimg_B_1_DET01.fits
[1;38;2;49;54;149m    [INFO][0m - [38;2;116;173;209mdatamodel.py:from_file:1558[0m - Loading SlitTraceSet from /Users/kaiwenzhang/PycharmProjects/KCWI/KCWI_RED_channel_characterization/RH1 pypeit run/2023-11-07/pypeit_run/keck_kcrm_B/Calibrations/Slits_B_1_DET01.fits.gz
[1;38;2;49;54;149m    [INFO][0m - [38;2;116;173;209mdatamodel.py:from_file:1558[0m - Loading WaveCalib from /Users/kaiwenzhang/PycharmProjects/KCWI/KCWI_RED_channel_characterization/RH1 pypeit run/2023-11-07/pypeit_run/keck_kcrm_B/Calibrations/WaveCalib_B_1_DET01.fits
[1;38;2;49;54;149m    [INFO][0m - [38;2;116;173;209mdatamodel.py:from_file:1558[0m - Loading WaveTilts from /Users/kaiwenzhang/PycharmProjects/KCWI/KCWI_RED_channel_characterization/RH1 pypeit run/2023-11-07/pypeit_run/keck_kcrm_B/Calibrations/Tilts_B_1_DET01.fits
[1;38;2;49;54;149m    [INFO][0m - [38;2;116;173;209mdatamodel.py:from_file:1558[0m - Loading Alignments from /Users/kaiwenzhang/PycharmProjects/KCWI/KCWI_RED_channel_characterization/RH1 pypeit run/2023-11-07/pypeit_run/keck_kcrm_B/Calibrations/Alignment_B_1_DET01.fits
[1;38;2;49;54;149m    [INFO][0m - [38;2;116;173;209mdatamodel.py:from_file:1558[0m - Loading ScatteredLight from /Users/kaiwenzhang/PycharmProjects/KCWI/KCWI_RED_channel_characterization/RH1 pypeit run/2023-11-07/pypeit_run/keck_kcrm_B/Calibrations/ScatteredLight_B_1_DET01.fits.gz
[1;38;2;49;54;149m    [INFO][0m - [38;2;116;173;209mdatamodel.py:from_file:1558[0m - Loading FlatImages from /Users/kaiwenzhang/PycharmProjects/KCWI/KCWI_RED_channel_characterization/RH1 pypeit run/2023-11-07/pypeit_run/keck_kcrm_B/Calibrations/Flat_B_1_DET01.fits
[1;38;2;49;54;149m    [INFO][0m - [38;2;116;173;209mcalibrations.py:run_the_steps:1459[0m - Calibration complete and/or fully loaded!
[1;38;2;49;54;149m    [INFO][0m - [38;2;116;173;209mcalibrations.py:run_the_steps:1460[0m - #######################################################################
[1;38;2;49;54;149m    [INFO][0m - [38;2;116;173;209mpypeit_steps.py:process_one_det:260[0m - Image processing begins for KR.20231108.54678.43-g191b2b_KCRM_20231108T151118.413 on det=1
[1;38;2;49;54;149m    [INFO][0m - [38;2;116;173;209mkeck_kcwi.py:get_rawimage:1426[0m - Reading KCWI file: /Users/kaiwenzhang/PycharmProjects/KCWI/KCWI_RED_channel_characterization/fits/by_night/RH1/2023-11-07/KR.20231108.54678.43.fits
[1;38;2;49;54;149m    [INFO][0m - [38;2;116;173;209mrawimage.py:process:564[0m - Performing basic image processing on KR.20231108.54678.43.fits.
[1;38;2;49;54;149m    [INFO][0m - [38;2;116;173;209mrawimage.py:estimate_readnoise:359[0m - Estimated readnoise of amplifier 1 = 3.917 e-
[1;38;2;49;54;149m    [INFO][0m - [38;2;116;173;209mrawimage.py:estimate_readnoise:359[0m - Estimated readnoise of amplifier 2 = 3.884 e-
[1;38;2;49;54;149m    [INFO][0m - [38;2;116;173;209mprocimg.py:lacosmic:170[0m - Detecting cosmic rays with the L.A.Cosmic algorithm
[1;38;2;49;54;149m    [INFO][0m - [38;2;116;173;209mprocimg.py:lacosmic:218[0m - Convolving image with Laplacian kernel
[1;38;2;49;54;149m    [INFO][0m - [38;2;116;173;209mprocimg.py:lacosmic:229[0m - Found 4747 candidate cosmic-ray pixels
[1;38;2;49;54;149m    [INFO][0m - [38;2;116;173;209mprocimg.py:lacosmic:235[0m - Reduced to 4747 candidates after excluding known bad pixels.
[1;38;2;49;54;149m    [INFO][0m - [38;2;116;173;209mprocimg.py:lacosmic:246[0m - Reduced to 2252 candidates after excluding compact objects.
[1;38;2;49;54;149m    [INFO][0m - [38;2;116;173;209mprocimg.py:lacosmic:250[0m - Finding neighboring pixels affected by cosmic rays
[1;38;2;49;54;149m    [INFO][0m - [38;2;116;173;209mprocimg.py:lacosmic:260[0m - Changed to 5879 candidates after evaluating neighboring pixels.
[1;38;2;49;54;149m    [INFO][0m - [38;2;116;173;209mprocimg.py:lacosmic:266[0m - Reduced to 5879 candidates after excluding known bad pixels.
[1;38;2;49;54;149m    [INFO][0m - [38;2;116;173;209mprocimg.py:lacosmic:271[0m - Iteration 1: 5879 pixels identified as cosmic rays (5879 are new)
[1;38;2;49;54;149m    [INFO][0m - [38;2;116;173;209mprocimg.py:lacosmic:300[0m - 5860 pixels identified as cosmic rays after removing false positives
[1;38;2;49;54;149m    [INFO][0m - [38;2;116;173;209mpypeit_steps.py:findobj_on_det:381[0m - Object finding begins for KR.20231108.54678.43-g191b2b_KCRM_20231108T151118.413 on det=1
[1;38;2;49;54;149m    [INFO][0m - [38;2;116;173;209mdatamodel.py:from_file:1558[0m - Loading BiasImage from /Users/kaiwenzhang/PycharmProjects/KCWI/KCWI_RED_channel_characterization/RH1 pypeit run/2023-11-07/pypeit_run/keck_kcrm_B/Calibrations/Bias_B_1_DET01.fits
[1;38;2;253;174;97m [WARNING][0m - [38;2;116;173;209mcalibrations.py:get_dark:606[0m - No raw dark frames found and unable to identify a relevant processed calibration frame.  Continuing...
[1;38;2;49;54;149m    [INFO][0m - [38;2;116;173;209mkeck_kcwi.py:get_rawimage:1426[0m - Reading KCWI file: /Users/kaiwenzhang/PycharmProjects/KCWI/KCWI_RED_channel_characterization/fits/by_night/RH1/2023-11-07/KR.20231108.54678.43.fits
[1;38;2;49;54;149m    [INFO][0m - [38;2;116;173;209mdatamodel.py:from_file:1558[0m - Loading ArcImage from /Users/kaiwenzhang/PycharmProjects/KCWI/KCWI_RED_channel_characterization/RH1 pypeit run/2023-11-07/pypeit_run/keck_kcrm_B/Calibrations/Arc_B_1_DET01.fits
[1;38;2;49;54;149m    [INFO][0m - [38;2;116;173;209mdatamodel.py:from_file:1558[0m - Loading TiltImage from /Users/kaiwenzhang/PycharmProjects/KCWI/KCWI_RED_channel_characterization/RH1 pypeit run/2023-11-07/pypeit_run/keck_kcrm_B/Calibrations/Tiltimg_B_1_DET01.fits
[1;38;2;49;54;149m    [INFO][0m - [38;2;116;173;209mdatamodel.py:from_file:1558[0m - Loading SlitTraceSet from /Users/kaiwenzhang/PycharmProjects/KCWI/KCWI_RED_channel_characterization/RH1 pypeit run/2023-11-07/pypeit_run/keck_kcrm_B/Calibrations/Slits_B_1_DET01.fits.gz
[1;38;2;49;54;149m    [INFO][0m - [38;2;116;173;209mdatamodel.py:from_file:1558[0m - Loading WaveCalib from /Users/kaiwenzhang/PycharmProjects/KCWI/KCWI_RED_channel_characterization/RH1 pypeit run/2023-11-07/pypeit_run/keck_kcrm_B/Calibrations/WaveCalib_B_1_DET01.fits
[1;38;2;49;54;149m    [INFO][0m - [38;2;116;173;209mdatamodel.py:from_file:1558[0m - Loading WaveTilts from /Users/kaiwenzhang/PycharmProjects/KCWI/KCWI_RED_channel_characterization/RH1 pypeit run/2023-11-07/pypeit_run/keck_kcrm_B/Calibrations/Tilts_B_1_DET01.fits
[1;38;2;49;54;149m    [INFO][0m - [38;2;116;173;209mdatamodel.py:from_file:1558[0m - Loading Alignments from /Users/kaiwenzhang/PycharmProjects/KCWI/KCWI_RED_channel_characterization/RH1 pypeit run/2023-11-07/pypeit_run/keck_kcrm_B/Calibrations/Alignment_B_1_DET01.fits
[1;38;2;49;54;149m    [INFO][0m - [38;2;116;173;209mdatamodel.py:from_file:1558[0m - Loading ScatteredLight from /Users/kaiwenzhang/PycharmProjects/KCWI/KCWI_RED_channel_characterization/RH1 pypeit run/2023-11-07/pypeit_run/keck_kcrm_B/Calibrations/ScatteredLight_B_1_DET01.fits.gz
[1;38;2;49;54;149m    [INFO][0m - [38;2;116;173;209mdatamodel.py:from_file:1558[0m - Loading FlatImages from /Users/kaiwenzhang/PycharmProjects/KCWI/KCWI_RED_channel_characterization/RH1 pypeit run/2023-11-07/pypeit_run/keck_kcrm_B/Calibrations/Flat_B_1_DET01.fits
[1;38;2;49;54;149m    [INFO][0m - [38;2;116;173;209mcalibrations.py:run_the_steps:1459[0m - Calibration complete and/or fully loaded!
[1;38;2;49;54;149m    [INFO][0m - [38;2;116;173;209mcalibrations.py:run_the_steps:1460[0m - #######################################################################
[1;38;2;49;54;149m    [INFO][0m - [38;2;116;173;209mpypeit_steps.py:findobj_on_det:387[0m - Reducing detector 1
[1;38;2;49;54;149m    [INFO][0m - [38;2;116;173;209mpypeit_steps.py:load_skyregions:606[0m - Generating skysub mask based on the user defined regions: :35,62:
[1;38;2;49;54;149m    [INFO][0m - [38;2;116;173;209mfind_objects.py:__init__:164[0m - Initializing slits
[1;38;2;49;54;149m    [INFO][0m - [38;2;116;173;209mfind_objects.py:__init__:232[0m - Generating tilts image from fit in waveTilts
[1;38;2;49;54;149m    [INFO][0m - [38;2;116;173;209mwavetilts.py:fit2tiltimg:143[0m - Generating a tilts image from the fit parameters
[1;38;2;49;54;149m    [INFO][0m - [38;2;116;173;209mfind_objects.py:global_skysub:583[0m - Global sky subtraction for slit: 60
[1;38;2;49;54;149m    [INFO][0m - [38;2;116;173;209mskysub.py:global_skysub:195[0m - Full fit in global sky sub.
[1;38;2;49;54;149m    [INFO][0m - [38;2;116;173;209mfitting.py:bspline_profile:1156[0m - B-spline fit:
[1;38;2;49;54;149m    [INFO][0m - [38;2;116;173;209mfitting.py:bspline_profile:1157[0m -     npoly = 2 profile basis functions
[1;38;2;49;54;149m    [INFO][0m - [38;2;116;173;209mfitting.py:bspline_profile:1158[0m -     ngood = 92382/143872 measurements
[1;38;2;49;54;149m    [INFO][0m - [38;2;116;173;209mfitting.py:bspline_profile:1159[0m - ***************** Iter     Chi^2    N Rej  R. Fac *****************
[1;38;2;49;54;149m    [INFO][0m - [38;2;116;173;209mfitting.py:bspline_profile:1163[0m -                   ----  --------  -------  ------                  
[1;38;2;49;54;149m    [INFO][0m - [38;2;116;173;209mfitting.py:bspline_profile:1257[0m -                      1     1.009    51634    1.00                  
[1;38;2;49;54;149m    [INFO][0m - [38;2;116;173;209mfitting.py:bspline_profile:1257[0m -                      2     0.989    51637    1.00                  
[1;38;2;49;54;149m    [INFO][0m - [38;2;116;173;209mfitting.py:bspline_profile:1257[0m -                      3     0.988    51637    1.00                  
[1;38;2;49;54;149m    [INFO][0m - [38;2;116;173;209mfitting.py:bspline_profile:1272[0m -                   DONE     0.988    51637    1.00                  
[1;38;2;49;54;149m    [INFO][0m - [38;2;116;173;209mfitting.py:bspline_profile:1275[0m - *******************************************************************
[1;38;2;49;54;149m    [INFO][0m - [38;2;116;173;209mfind_objects.py:global_skysub:583[0m - Global sky subtraction for slit: 140
[1;38;2;49;54;149m    [INFO][0m - [38;2;116;173;209mskysub.py:global_skysub:195[0m - Full fit in global sky sub.
[1;38;2;49;54;149m    [INFO][0m - [38;2;116;173;209mfitting.py:bspline_profile:1156[0m - B-spline fit:
[1;38;2;49;54;149m    [INFO][0m - [38;2;116;173;209mfitting.py:bspline_profile:1157[0m -     npoly = 2 profile basis functions
[1;38;2;49;54;149m    [INFO][0m - [38;2;116;173;209mfitting.py:bspline_profile:1158[0m -     ngood = 92422/144243 measurements
[1;38;2;49;54;149m    [INFO][0m - [38;2;116;173;209mfitting.py:bspline_profile:1159[0m - ***************** Iter     Chi^2    N Rej  R. Fac *****************
[1;38;2;49;54;149m    [INFO][0m - [38;2;116;173;209mfitting.py:bspline_profile:1163[0m -                   ----  --------  -------  ------                  
[1;38;2;49;54;149m    [INFO][0m - [38;2;116;173;209mfitting.py:bspline_profile:1257[0m -                      1     0.994    51964    1.00                  
[1;38;2;49;54;149m    [INFO][0m - [38;2;116;173;209mfitting.py:bspline_profile:1257[0m -                      2     0.973    51967    1.00                  
[1;38;2;49;54;149m    [INFO][0m - [38;2;116;173;209mfitting.py:bspline_profile:1257[0m -                      3     0.973    51967    1.00                  
[1;38;2;49;54;149m    [INFO][0m - [38;2;116;173;209mfitting.py:bspline_profile:1272[0m -                   DONE     0.973    51967    1.00                  
[1;38;2;49;54;149m    [INFO][0m - [38;2;116;173;209mfitting.py:bspline_profile:1275[0m - *******************************************************************
[1;38;2;49;54;149m    [INFO][0m - [38;2;116;173;209mfind_objects.py:global_skysub:583[0m - Global sky subtraction for slit: 216
[1;38;2;49;54;149m    [INFO][0m - [38;2;116;173;209mskysub.py:global_skysub:195[0m - Full fit in global sky sub.
[1;38;2;49;54;149m    [INFO][0m - [38;2;116;173;209mfitting.py:bspline_profile:1156[0m - B-spline fit:
[1;38;2;49;54;149m    [INFO][0m - [38;2;116;173;209mfitting.py:bspline_profile:1157[0m -     npoly = 2 profile basis functions
[1;38;2;49;54;149m    [INFO][0m - [38;2;116;173;209mfitting.py:bspline_profile:1158[0m -     ngood = 92636/144460 measurements
[1;38;2;49;54;149m    [INFO][0m - [38;2;116;173;209mfitting.py:bspline_profile:1159[0m - ***************** Iter     Chi^2    N Rej  R. Fac *****************
[1;38;2;49;54;149m    [INFO][0m - [38;2;116;173;209mfitting.py:bspline_profile:1163[0m -                   ----  --------  -------  ------                  
[1;38;2;49;54;149m    [INFO][0m - [38;2;116;173;209mfitting.py:bspline_profile:1257[0m -                      1     1.038    51995    1.00                  
[1;38;2;49;54;149m    [INFO][0m - [38;2;116;173;209mfitting.py:bspline_profile:1257[0m -                      2     1.014    52000    1.00                  
[1;38;2;49;54;149m    [INFO][0m - [38;2;116;173;209mfitting.py:bspline_profile:1257[0m -                      3     1.014    52000    1.00                  
[1;38;2;49;54;149m    [INFO][0m - [38;2;116;173;209mfitting.py:bspline_profile:1272[0m -                   DONE     1.014    52000    1.00                  
[1;38;2;49;54;149m    [INFO][0m - [38;2;116;173;209mfitting.py:bspline_profile:1275[0m - *******************************************************************
[1;38;2;49;54;149m    [INFO][0m - [38;2;116;173;209mfind_objects.py:global_skysub:583[0m - Global sky subtraction for slit: 294
[1;38;2;49;54;149m    [INFO][0m - [38;2;116;173;209mskysub.py:global_skysub:195[0m - Full fit in global sky sub.
[1;38;2;49;54;149m    [INFO][0m - [38;2;116;173;209mfitting.py:bspline_profile:1156[0m - B-spline fit:
[1;38;2;49;54;149m    [INFO][0m - [38;2;116;173;209mfitting.py:bspline_profile:1157[0m -     npoly = 2 profile basis functions
[1;38;2;49;54;149m    [INFO][0m - [38;2;116;173;209mfitting.py:bspline_profile:1158[0m -     ngood = 92470/144492 measurements
[1;38;2;49;54;149m    [INFO][0m - [38;2;116;173;209mfitting.py:bspline_profile:1159[0m - ***************** Iter     Chi^2    N Rej  R. Fac *****************
[1;38;2;49;54;149m    [INFO][0m - [38;2;116;173;209mfitting.py:bspline_profile:1163[0m -                   ----  --------  -------  ------                  
[1;38;2;49;54;149m    [INFO][0m - [38;2;116;173;209mfitting.py:bspline_profile:1257[0m -                      1     1.351    52259    1.00                  
[1;38;2;49;54;149m    [INFO][0m - [38;2;116;173;209mfitting.py:bspline_profile:1257[0m -                      2     0.972    52261    1.00                  
[1;38;2;49;54;149m    [INFO][0m - [38;2;116;173;209mfitting.py:bspline_profile:1257[0m -                      3     0.972    52261    1.00                  
[1;38;2;49;54;149m    [INFO][0m - [38;2;116;173;209mfitting.py:bspline_profile:1272[0m -                   DONE     0.972    52261    1.00                  
[1;38;2;49;54;149m    [INFO][0m - [38;2;116;173;209mfitting.py:bspline_profile:1275[0m - *******************************************************************
[1;38;2;49;54;149m    [INFO][0m - [38;2;116;173;209mfind_objects.py:global_skysub:583[0m - Global sky subtraction for slit: 368
[1;38;2;49;54;149m    [INFO][0m - [38;2;116;173;209mskysub.py:global_skysub:195[0m - Full fit in global sky sub.
[1;38;2;49;54;149m    [INFO][0m - [38;2;116;173;209mfitting.py:bspline_profile:1156[0m - B-spline fit:
[1;38;2;49;54;149m    [INFO][0m - [38;2;116;173;209mfitting.py:bspline_profile:1157[0m -     npoly = 2 profile basis functions
[1;38;2;49;54;149m    [INFO][0m - [38;2;116;173;209mfitting.py:bspline_profile:1158[0m -     ngood = 92560/144531 measurements
[1;38;2;49;54;149m    [INFO][0m - [38;2;116;173;209mfitting.py:bspline_profile:1159[0m - ***************** Iter     Chi^2    N Rej  R. Fac *****************
[1;38;2;49;54;149m    [INFO][0m - [38;2;116;173;209mfitting.py:bspline_profile:1163[0m -                   ----  --------  -------  ------                  
[1;38;2;49;54;149m    [INFO][0m - [38;2;116;173;209mfitting.py:bspline_profile:1257[0m -                      1     1.162    52110    1.00                  
[1;38;2;49;54;149m    [INFO][0m - [38;2;116;173;209mfitting.py:bspline_profile:1257[0m -                      2     0.971    52110    1.00                  
[1;38;2;49;54;149m    [INFO][0m - [38;2;116;173;209mfitting.py:bspline_profile:1272[0m -                   DONE     0.971    52110    1.00                  
[1;38;2;49;54;149m    [INFO][0m - [38;2;116;173;209mfitting.py:bspline_profile:1275[0m - *******************************************************************
[1;38;2;49;54;149m    [INFO][0m - [38;2;116;173;209mfind_objects.py:global_skysub:583[0m - Global sky subtraction for slit: 443
[1;38;2;49;54;149m    [INFO][0m - [38;2;116;173;209mskysub.py:global_skysub:195[0m - Full fit in global sky sub.
[1;38;2;49;54;149m    [INFO][0m - [38;2;116;173;209mfitting.py:bspline_profile:1156[0m - B-spline fit:
[1;38;2;49;54;149m    [INFO][0m - [38;2;116;173;209mfitting.py:bspline_profile:1157[0m -     npoly = 2 profile basis functions
[1;38;2;49;54;149m    [INFO][0m - [38;2;116;173;209mfitting.py:bspline_profile:1158[0m -     ngood = 92538/144482 measurements
[1;38;2;49;54;149m    [INFO][0m - [38;2;116;173;209mfitting.py:bspline_profile:1159[0m - ***************** Iter     Chi^2    N Rej  R. Fac *****************
[1;38;2;49;54;149m    [INFO][0m - [38;2;116;173;209mfitting.py:bspline_profile:1163[0m -                   ----  --------  -------  ------                  
[1;38;2;49;54;149m    [INFO][0m - [38;2;116;173;209mfitting.py:bspline_profile:1257[0m -                      1     0.984    52060    1.00                  
[1;38;2;49;54;149m    [INFO][0m - [38;2;116;173;209mfitting.py:bspline_profile:1257[0m -                      2     0.968    52061    1.00                  
[1;38;2;49;54;149m    [INFO][0m - [38;2;116;173;209mfitting.py:bspline_profile:1257[0m -                      3     0.968    52061    1.00                  
[1;38;2;49;54;149m    [INFO][0m - [38;2;116;173;209mfitting.py:bspline_profile:1272[0m -                   DONE     0.968    52061    1.00                  
[1;38;2;49;54;149m    [INFO][0m - [38;2;116;173;209mfitting.py:bspline_profile:1275[0m - *******************************************************************
[1;38;2;49;54;149m    [INFO][0m - [38;2;116;173;209mfind_objects.py:global_skysub:583[0m - Global sky subtraction for slit: 516
[1;38;2;49;54;149m    [INFO][0m - [38;2;116;173;209mskysub.py:global_skysub:195[0m - Full fit in global sky sub.
[1;38;2;49;54;149m    [INFO][0m - [38;2;116;173;209mfitting.py:bspline_profile:1156[0m - B-spline fit:
[1;38;2;49;54;149m    [INFO][0m - [38;2;116;173;209mfitting.py:bspline_profile:1157[0m -     npoly = 2 profile basis functions
[1;38;2;49;54;149m    [INFO][0m - [38;2;116;173;209mfitting.py:bspline_profile:1158[0m -     ngood = 92784/144444 measurements
[1;38;2;49;54;149m    [INFO][0m - [38;2;116;173;209mfitting.py:bspline_profile:1159[0m - ***************** Iter     Chi^2    N Rej  R. Fac *****************
[1;38;2;49;54;149m    [INFO][0m - [38;2;116;173;209mfitting.py:bspline_profile:1163[0m -                   ----  --------  -------  ------                  
[1;38;2;49;54;149m    [INFO][0m - [38;2;116;173;209mfitting.py:bspline_profile:1257[0m -                      1     0.997    51775    1.00                  
[1;38;2;49;54;149m    [INFO][0m - [38;2;116;173;209mfitting.py:bspline_profile:1257[0m -                      2     0.981    51776    1.00                  
[1;38;2;49;54;149m    [INFO][0m - [38;2;116;173;209mfitting.py:bspline_profile:1257[0m -                      3     0.981    51776    1.00                  
[1;38;2;49;54;149m    [INFO][0m - [38;2;116;173;209mfitting.py:bspline_profile:1272[0m -                   DONE     0.981    51776    1.00                  
[1;38;2;49;54;149m    [INFO][0m - [38;2;116;173;209mfitting.py:bspline_profile:1275[0m - *******************************************************************
[1;38;2;49;54;149m    [INFO][0m - [38;2;116;173;209mfind_objects.py:global_skysub:583[0m - Global sky subtraction for slit: 590
[1;38;2;49;54;149m    [INFO][0m - [38;2;116;173;209mskysub.py:global_skysub:195[0m - Full fit in global sky sub.
[1;38;2;49;54;149m    [INFO][0m - [38;2;116;173;209mfitting.py:bspline_profile:1156[0m - B-spline fit:
[1;38;2;49;54;149m    [INFO][0m - [38;2;116;173;209mfitting.py:bspline_profile:1157[0m -     npoly = 2 profile basis functions
[1;38;2;49;54;149m    [INFO][0m - [38;2;116;173;209mfitting.py:bspline_profile:1158[0m -     ngood = 92695/144489 measurements
[1;38;2;49;54;149m    [INFO][0m - [38;2;116;173;209mfitting.py:bspline_profile:1159[0m - ***************** Iter     Chi^2    N Rej  R. Fac *****************
[1;38;2;49;54;149m    [INFO][0m - [38;2;116;173;209mfitting.py:bspline_profile:1163[0m -                   ----  --------  -------  ------                  
[1;38;2;49;54;149m    [INFO][0m - [38;2;116;173;209mfitting.py:bspline_profile:1257[0m -                      1     0.989    51918    1.00                  
[1;38;2;49;54;149m    [INFO][0m - [38;2;116;173;209mfitting.py:bspline_profile:1257[0m -                      2     0.972    51921    1.00                  
[1;38;2;49;54;149m    [INFO][0m - [38;2;116;173;209mfitting.py:bspline_profile:1257[0m -                      3     0.972    51921    1.00                  
[1;38;2;49;54;149m    [INFO][0m - [38;2;116;173;209mfitting.py:bspline_profile:1272[0m -                   DONE     0.972    51921    1.00                  
[1;38;2;49;54;149m    [INFO][0m - [38;2;116;173;209mfitting.py:bspline_profile:1275[0m - *******************************************************************
[1;38;2;49;54;149m    [INFO][0m - [38;2;116;173;209mfind_objects.py:global_skysub:583[0m - Global sky subtraction for slit: 663
[1;38;2;49;54;149m    [INFO][0m - [38;2;116;173;209mskysub.py:global_skysub:195[0m - Full fit in global sky sub.
[1;38;2;49;54;149m    [INFO][0m - [38;2;116;173;209mfitting.py:bspline_profile:1156[0m - B-spline fit:
[1;38;2;49;54;149m    [INFO][0m - [38;2;116;173;209mfitting.py:bspline_profile:1157[0m -     npoly = 2 profile basis functions
[1;38;2;49;54;149m    [INFO][0m - [38;2;116;173;209mfitting.py:bspline_profile:1158[0m -     ngood = 92784/144545 measurements
[1;38;2;49;54;149m    [INFO][0m - [38;2;116;173;209mfitting.py:bspline_profile:1159[0m - ***************** Iter     Chi^2    N Rej  R. Fac *****************
[1;38;2;49;54;149m    [INFO][0m - [38;2;116;173;209mfitting.py:bspline_profile:1163[0m -                   ----  --------  -------  ------                  
[1;38;2;49;54;149m    [INFO][0m - [38;2;116;173;209mfitting.py:bspline_profile:1257[0m -                      1     0.993    51899    1.00                  
[1;38;2;49;54;149m    [INFO][0m - [38;2;116;173;209mfitting.py:bspline_profile:1257[0m -                      2     0.974    51901    1.00                  
[1;38;2;49;54;149m    [INFO][0m - [38;2;116;173;209mfitting.py:bspline_profile:1257[0m -                      3     0.974    51901    1.00                  
[1;38;2;49;54;149m    [INFO][0m - [38;2;116;173;209mfitting.py:bspline_profile:1272[0m -                   DONE     0.974    51901    1.00                  
[1;38;2;49;54;149m    [INFO][0m - [38;2;116;173;209mfitting.py:bspline_profile:1275[0m - *******************************************************************
[1;38;2;49;54;149m    [INFO][0m - [38;2;116;173;209mfind_objects.py:global_skysub:583[0m - Global sky subtraction for slit: 737
[1;38;2;49;54;149m    [INFO][0m - [38;2;116;173;209mskysub.py:global_skysub:195[0m - Full fit in global sky sub.
[1;38;2;49;54;149m    [INFO][0m - [38;2;116;173;209mfitting.py:bspline_profile:1156[0m - B-spline fit:
[1;38;2;49;54;149m    [INFO][0m - [38;2;116;173;209mfitting.py:bspline_profile:1157[0m -     npoly = 2 profile basis functions
[1;38;2;49;54;149m    [INFO][0m - [38;2;116;173;209mfitting.py:bspline_profile:1158[0m -     ngood = 92716/144387 measurements
[1;38;2;49;54;149m    [INFO][0m - [38;2;116;173;209mfitting.py:bspline_profile:1159[0m - ***************** Iter     Chi^2    N Rej  R. Fac *****************
[1;38;2;49;54;149m    [INFO][0m - [38;2;116;173;209mfitting.py:bspline_profile:1163[0m -                   ----  --------  -------  ------                  
[1;38;2;49;54;149m    [INFO][0m - [38;2;116;173;209mfitting.py:bspline_profile:1257[0m -                      1     1.002    51795    1.00                  
[1;38;2;49;54;149m    [INFO][0m - [38;2;116;173;209mfitting.py:bspline_profile:1257[0m -                      2     0.984    51798    1.00                  
[1;38;2;49;54;149m    [INFO][0m - [38;2;116;173;209mfitting.py:bspline_profile:1257[0m -                      3     0.984    51798    1.00                  
[1;38;2;49;54;149m    [INFO][0m - [38;2;116;173;209mfitting.py:bspline_profile:1272[0m -                   DONE     0.984    51798    1.00                  
[1;38;2;49;54;149m    [INFO][0m - [38;2;116;173;209mfitting.py:bspline_profile:1275[0m - *******************************************************************
[1;38;2;49;54;149m    [INFO][0m - [38;2;116;173;209mfind_objects.py:global_skysub:583[0m - Global sky subtraction for slit: 811
[1;38;2;49;54;149m    [INFO][0m - [38;2;116;173;209mskysub.py:global_skysub:195[0m - Full fit in global sky sub.
[1;38;2;49;54;149m    [INFO][0m - [38;2;116;173;209mfitting.py:bspline_profile:1156[0m - B-spline fit:
[1;38;2;49;54;149m    [INFO][0m - [38;2;116;173;209mfitting.py:bspline_profile:1157[0m -     npoly = 2 profile basis functions
[1;38;2;49;54;149m    [INFO][0m - [38;2;116;173;209mfitting.py:bspline_profile:1158[0m -     ngood = 92451/144286 measurements
[1;38;2;49;54;149m    [INFO][0m - [38;2;116;173;209mfitting.py:bspline_profile:1159[0m - ***************** Iter     Chi^2    N Rej  R. Fac *****************
[1;38;2;49;54;149m    [INFO][0m - [38;2;116;173;209mfitting.py:bspline_profile:1163[0m -                   ----  --------  -------  ------                  
[1;38;2;49;54;149m    [INFO][0m - [38;2;116;173;209mfitting.py:bspline_profile:1257[0m -                      1     1.030    51982    1.00                  
[1;38;2;49;54;149m    [INFO][0m - [38;2;116;173;209mfitting.py:bspline_profile:1257[0m -                      2     1.009    51988    1.00                  
[1;38;2;49;54;149m    [INFO][0m - [38;2;116;173;209mfitting.py:bspline_profile:1257[0m -                      3     1.009    51988    1.00                  
[1;38;2;49;54;149m    [INFO][0m - [38;2;116;173;209mfitting.py:bspline_profile:1272[0m -                   DONE     1.009    51988    1.00                  
[1;38;2;49;54;149m    [INFO][0m - [38;2;116;173;209mfitting.py:bspline_profile:1275[0m - *******************************************************************
[1;38;2;49;54;149m    [INFO][0m - [38;2;116;173;209mfind_objects.py:global_skysub:583[0m - Global sky subtraction for slit: 885
[1;38;2;49;54;149m    [INFO][0m - [38;2;116;173;209mskysub.py:global_skysub:195[0m - Full fit in global sky sub.
[1;38;2;49;54;149m    [INFO][0m - [38;2;116;173;209mfitting.py:bspline_profile:1156[0m - B-spline fit:
[1;38;2;49;54;149m    [INFO][0m - [38;2;116;173;209mfitting.py:bspline_profile:1157[0m -     npoly = 2 profile basis functions
[1;38;2;49;54;149m    [INFO][0m - [38;2;116;173;209mfitting.py:bspline_profile:1158[0m -     ngood = 92249/144431 measurements
[1;38;2;49;54;149m    [INFO][0m - [38;2;116;173;209mfitting.py:bspline_profile:1159[0m - ***************** Iter     Chi^2    N Rej  R. Fac *****************
[1;38;2;49;54;149m    [INFO][0m - [38;2;116;173;209mfitting.py:bspline_profile:1163[0m -                   ----  --------  -------  ------                  
[1;38;2;49;54;149m    [INFO][0m - [38;2;116;173;209mfitting.py:bspline_profile:1257[0m -                      1     1.947    55488    1.00                  
[1;38;2;49;54;149m    [INFO][0m - [38;2;116;173;209mfitting.py:bspline_profile:1257[0m -                      2     1.387    55904    1.00                  
[1;38;2;49;54;149m    [INFO][0m - [38;2;116;173;209mfitting.py:bspline_profile:1257[0m -                      3     1.336    55956    1.00                  
[1;38;2;49;54;149m    [INFO][0m - [38;2;116;173;209mfitting.py:bspline_profile:1257[0m -                      4     1.329    55962    1.00                  
[1;38;2;49;54;149m    [INFO][0m - [38;2;116;173;209mfitting.py:bspline_profile:1257[0m -                      5     1.329    55962    1.00                  
[1;38;2;49;54;149m    [INFO][0m - [38;2;116;173;209mfitting.py:bspline_profile:1272[0m -                   DONE     1.329    55962    1.00                  
[1;38;2;49;54;149m    [INFO][0m - [38;2;116;173;209mfitting.py:bspline_profile:1275[0m - *******************************************************************
[1;38;2;49;54;149m    [INFO][0m - [38;2;116;173;209mfind_objects.py:global_skysub:583[0m - Global sky subtraction for slit: 1163
[1;38;2;49;54;149m    [INFO][0m - [38;2;116;173;209mskysub.py:global_skysub:195[0m - Full fit in global sky sub.
[1;38;2;49;54;149m    [INFO][0m - [38;2;116;173;209mfitting.py:bspline_profile:1156[0m - B-spline fit:
[1;38;2;49;54;149m    [INFO][0m - [38;2;116;173;209mfitting.py:bspline_profile:1157[0m -     npoly = 2 profile basis functions
[1;38;2;49;54;149m    [INFO][0m - [38;2;116;173;209mfitting.py:bspline_profile:1158[0m -     ngood = 92468/144499 measurements
[1;38;2;49;54;149m    [INFO][0m - [38;2;116;173;209mfitting.py:bspline_profile:1159[0m - ***************** Iter     Chi^2    N Rej  R. Fac *****************
[1;38;2;49;54;149m    [INFO][0m - [38;2;116;173;209mfitting.py:bspline_profile:1163[0m -                   ----  --------  -------  ------                  
[1;38;2;49;54;149m    [INFO][0m - [38;2;116;173;209mfitting.py:bspline_profile:1257[0m -                      1     1.327    52534    1.00                  
[1;38;2;49;54;149m    [INFO][0m - [38;2;116;173;209mfitting.py:bspline_profile:1257[0m -                      2     1.128    52552    1.00                  
[1;38;2;49;54;149m    [INFO][0m - [38;2;116;173;209mfitting.py:bspline_profile:1257[0m -                      3     1.126    52552    1.00                  
[1;38;2;49;54;149m    [INFO][0m - [38;2;116;173;209mfitting.py:bspline_profile:1272[0m -                   DONE     1.126    52552    1.00                  
[1;38;2;49;54;149m    [INFO][0m - [38;2;116;173;209mfitting.py:bspline_profile:1275[0m - *******************************************************************
[1;38;2;49;54;149m    [INFO][0m - [38;2;116;173;209mfind_objects.py:global_skysub:583[0m - Global sky subtraction for slit: 1237
[1;38;2;49;54;149m    [INFO][0m - [38;2;116;173;209mskysub.py:global_skysub:195[0m - Full fit in global sky sub.
[1;38;2;49;54;149m    [INFO][0m - [38;2;116;173;209mfitting.py:bspline_profile:1156[0m - B-spline fit:
[1;38;2;49;54;149m    [INFO][0m - [38;2;116;173;209mfitting.py:bspline_profile:1157[0m -     npoly = 2 profile basis functions
[1;38;2;49;54;149m    [INFO][0m - [38;2;116;173;209mfitting.py:bspline_profile:1158[0m -     ngood = 91897/144471 measurements
[1;38;2;49;54;149m    [INFO][0m - [38;2;116;173;209mfitting.py:bspline_profile:1159[0m - ***************** Iter     Chi^2    N Rej  R. Fac *****************
[1;38;2;49;54;149m    [INFO][0m - [38;2;116;173;209mfitting.py:bspline_profile:1163[0m -                   ----  --------  -------  ------                  
[1;38;2;49;54;149m    [INFO][0m - [38;2;116;173;209mfitting.py:bspline_profile:1257[0m -                      1     1.198    52821    1.00                  
[1;38;2;49;54;149m    [INFO][0m - [38;2;116;173;209mfitting.py:bspline_profile:1257[0m -                      2     1.012    52830    1.00                  
[1;38;2;49;54;149m    [INFO][0m - [38;2;116;173;209mfitting.py:bspline_profile:1257[0m -                      3     1.010    52830    1.00                  
[1;38;2;49;54;149m    [INFO][0m - [38;2;116;173;209mfitting.py:bspline_profile:1272[0m -                   DONE     1.010    52830    1.00                  
[1;38;2;49;54;149m    [INFO][0m - [38;2;116;173;209mfitting.py:bspline_profile:1275[0m - *******************************************************************
[1;38;2;49;54;149m    [INFO][0m - [38;2;116;173;209mfind_objects.py:global_skysub:583[0m - Global sky subtraction for slit: 1311
[1;38;2;49;54;149m    [INFO][0m - [38;2;116;173;209mskysub.py:global_skysub:195[0m - Full fit in global sky sub.
[1;38;2;49;54;149m    [INFO][0m - [38;2;116;173;209mfitting.py:bspline_profile:1156[0m - B-spline fit:
[1;38;2;49;54;149m    [INFO][0m - [38;2;116;173;209mfitting.py:bspline_profile:1157[0m -     npoly = 2 profile basis functions
[1;38;2;49;54;149m    [INFO][0m - [38;2;116;173;209mfitting.py:bspline_profile:1158[0m -     ngood = 92739/144445 measurements
[1;38;2;49;54;149m    [INFO][0m - [38;2;116;173;209mfitting.py:bspline_profile:1159[0m - ***************** Iter     Chi^2    N Rej  R. Fac *****************
[1;38;2;49;54;149m    [INFO][0m - [38;2;116;173;209mfitting.py:bspline_profile:1163[0m -                   ----  --------  -------  ------                  
[1;38;2;49;54;149m    [INFO][0m - [38;2;116;173;209mfitting.py:bspline_profile:1257[0m -                      1     1.045    51889    1.00                  
[1;38;2;49;54;149m    [INFO][0m - [38;2;116;173;209mfitting.py:bspline_profile:1257[0m -                      2     1.019    51890    1.00                  
[1;38;2;49;54;149m    [INFO][0m - [38;2;116;173;209mfitting.py:bspline_profile:1257[0m -                      3     1.019    51890    1.00                  
[1;38;2;49;54;149m    [INFO][0m - [38;2;116;173;209mfitting.py:bspline_profile:1272[0m -                   DONE     1.019    51890    1.00                  
[1;38;2;49;54;149m    [INFO][0m - [38;2;116;173;209mfitting.py:bspline_profile:1275[0m - *******************************************************************
[1;38;2;49;54;149m    [INFO][0m - [38;2;116;173;209mfind_objects.py:global_skysub:583[0m - Global sky subtraction for slit: 1385
[1;38;2;49;54;149m    [INFO][0m - [38;2;116;173;209mskysub.py:global_skysub:195[0m - Full fit in global sky sub.
[1;38;2;49;54;149m    [INFO][0m - [38;2;116;173;209mfitting.py:bspline_profile:1156[0m - B-spline fit:
[1;38;2;49;54;149m    [INFO][0m - [38;2;116;173;209mfitting.py:bspline_profile:1157[0m -     npoly = 2 profile basis functions
[1;38;2;49;54;149m    [INFO][0m - [38;2;116;173;209mfitting.py:bspline_profile:1158[0m -     ngood = 92394/144480 measurements
[1;38;2;49;54;149m    [INFO][0m - [38;2;116;173;209mfitting.py:bspline_profile:1159[0m - ***************** Iter     Chi^2    N Rej  R. Fac *****************
[1;38;2;49;54;149m    [INFO][0m - [38;2;116;173;209mfitting.py:bspline_profile:1163[0m -                   ----  --------  -------  ------                  
[1;38;2;49;54;149m    [INFO][0m - [38;2;116;173;209mfitting.py:bspline_profile:1257[0m -                      1     3.385    59367    1.00                  
[1;38;2;49;54;149m    [INFO][0m - [38;2;116;173;209mfitting.py:bspline_profile:1257[0m -                      2     1.324    60262    1.00                  
[1;38;2;49;54;149m    [INFO][0m - [38;2;116;173;209mfitting.py:bspline_profile:1257[0m -                      3     1.193    60387    1.00                  
[1;38;2;49;54;149m    [INFO][0m - [38;2;116;173;209mfitting.py:bspline_profile:1257[0m -                      4     1.178    60398    1.00                  
[1;38;2;49;54;149m    [INFO][0m - [38;2;116;173;209mfitting.py:bspline_profile:1257[0m -                      5     1.177    60400    1.00                  
[1;38;2;49;54;149m    [INFO][0m - [38;2;116;173;209mfitting.py:bspline_profile:1257[0m -                      6     1.176    60401    1.00                  
[1;38;2;49;54;149m    [INFO][0m - [38;2;116;173;209mfitting.py:bspline_profile:1257[0m -                      7     1.176    60401    1.00                  
[1;38;2;49;54;149m    [INFO][0m - [38;2;116;173;209mfitting.py:bspline_profile:1272[0m -                   DONE     1.176    60401    1.00                  
[1;38;2;49;54;149m    [INFO][0m - [38;2;116;173;209mfitting.py:bspline_profile:1275[0m - *******************************************************************
[1;38;2;49;54;149m    [INFO][0m - [38;2;116;173;209mfind_objects.py:global_skysub:583[0m - Global sky subtraction for slit: 1458
[1;38;2;49;54;149m    [INFO][0m - [38;2;116;173;209mskysub.py:global_skysub:195[0m - Full fit in global sky sub.
[1;38;2;49;54;149m    [INFO][0m - [38;2;116;173;209mfitting.py:bspline_profile:1156[0m - B-spline fit:
[1;38;2;49;54;149m    [INFO][0m - [38;2;116;173;209mfitting.py:bspline_profile:1157[0m -     npoly = 2 profile basis functions
[1;38;2;49;54;149m    [INFO][0m - [38;2;116;173;209mfitting.py:bspline_profile:1158[0m -     ngood = 92305/143981 measurements
[1;38;2;49;54;149m    [INFO][0m - [38;2;116;173;209mfitting.py:bspline_profile:1159[0m - ***************** Iter     Chi^2    N Rej  R. Fac *****************
[1;38;2;49;54;149m    [INFO][0m - [38;2;116;173;209mfitting.py:bspline_profile:1163[0m -                   ----  --------  -------  ------                  
[1;38;2;49;54;149m    [INFO][0m - [38;2;116;173;209mfitting.py:bspline_profile:1257[0m -                      1     1.136    51994    1.00                  
[1;38;2;49;54;149m    [INFO][0m - [38;2;116;173;209mfitting.py:bspline_profile:1257[0m -                      2     1.092    52007    1.00                  
[1;38;2;49;54;149m    [INFO][0m - [38;2;116;173;209mfitting.py:bspline_profile:1257[0m -                      3     1.090    52007    1.00                  
[1;38;2;49;54;149m    [INFO][0m - [38;2;116;173;209mfitting.py:bspline_profile:1272[0m -                   DONE     1.090    52007    1.00                  
[1;38;2;49;54;149m    [INFO][0m - [38;2;116;173;209mfitting.py:bspline_profile:1275[0m - *******************************************************************
[1;38;2;49;54;149m    [INFO][0m - [38;2;116;173;209mfind_objects.py:global_skysub:583[0m - Global sky subtraction for slit: 1533
[1;38;2;49;54;149m    [INFO][0m - [38;2;116;173;209mskysub.py:global_skysub:195[0m - Full fit in global sky sub.
[1;38;2;49;54;149m    [INFO][0m - [38;2;116;173;209mfitting.py:bspline_profile:1156[0m - B-spline fit:
[1;38;2;49;54;149m    [INFO][0m - [38;2;116;173;209mfitting.py:bspline_profile:1157[0m -     npoly = 2 profile basis functions
[1;38;2;49;54;149m    [INFO][0m - [38;2;116;173;209mfitting.py:bspline_profile:1158[0m -     ngood = 92266/144358 measurements
[1;38;2;49;54;149m    [INFO][0m - [38;2;116;173;209mfitting.py:bspline_profile:1159[0m - ***************** Iter     Chi^2    N Rej  R. Fac *****************
[1;38;2;49;54;149m    [INFO][0m - [38;2;116;173;209mfitting.py:bspline_profile:1163[0m -                   ----  --------  -------  ------                  
[1;38;2;49;54;149m    [INFO][0m - [38;2;116;173;209mfitting.py:bspline_profile:1257[0m -                      1     1.044    52251    1.00                  
[1;38;2;49;54;149m    [INFO][0m - [38;2;116;173;209mfitting.py:bspline_profile:1257[0m -                      2     0.982    52251    1.00                  
[1;38;2;49;54;149m    [INFO][0m - [38;2;116;173;209mfitting.py:bspline_profile:1272[0m -                   DONE     0.982    52251    1.00                  
[1;38;2;49;54;149m    [INFO][0m - [38;2;116;173;209mfitting.py:bspline_profile:1275[0m - *******************************************************************
[1;38;2;49;54;149m    [INFO][0m - [38;2;116;173;209mfind_objects.py:global_skysub:583[0m - Global sky subtraction for slit: 1606
[1;38;2;49;54;149m    [INFO][0m - [38;2;116;173;209mskysub.py:global_skysub:195[0m - Full fit in global sky sub.
[1;38;2;49;54;149m    [INFO][0m - [38;2;116;173;209mfitting.py:bspline_profile:1156[0m - B-spline fit:
[1;38;2;49;54;149m    [INFO][0m - [38;2;116;173;209mfitting.py:bspline_profile:1157[0m -     npoly = 2 profile basis functions
[1;38;2;49;54;149m    [INFO][0m - [38;2;116;173;209mfitting.py:bspline_profile:1158[0m -     ngood = 92573/144314 measurements
[1;38;2;49;54;149m    [INFO][0m - [38;2;116;173;209mfitting.py:bspline_profile:1159[0m - ***************** Iter     Chi^2    N Rej  R. Fac *****************
[1;38;2;49;54;149m    [INFO][0m - [38;2;116;173;209mfitting.py:bspline_profile:1163[0m -                   ----  --------  -------  ------                  
[1;38;2;49;54;149m    [INFO][0m - [38;2;116;173;209mfitting.py:bspline_profile:1257[0m -                      1     1.060    51946    1.00                  
[1;38;2;49;54;149m    [INFO][0m - [38;2;116;173;209mfitting.py:bspline_profile:1257[0m -                      2     1.031    51952    1.00                  
[1;38;2;49;54;149m    [INFO][0m - [38;2;116;173;209mfitting.py:bspline_profile:1257[0m -                      3     1.030    51952    1.00                  
[1;38;2;49;54;149m    [INFO][0m - [38;2;116;173;209mfitting.py:bspline_profile:1272[0m -                   DONE     1.030    51952    1.00                  
[1;38;2;49;54;149m    [INFO][0m - [38;2;116;173;209mfitting.py:bspline_profile:1275[0m - *******************************************************************
[1;38;2;49;54;149m    [INFO][0m - [38;2;116;173;209mfind_objects.py:global_skysub:583[0m - Global sky subtraction for slit: 1682
[1;38;2;49;54;149m    [INFO][0m - [38;2;116;173;209mskysub.py:global_skysub:195[0m - Full fit in global sky sub.
[1;38;2;49;54;149m    [INFO][0m - [38;2;116;173;209mfitting.py:bspline_profile:1156[0m - B-spline fit:
[1;38;2;49;54;149m    [INFO][0m - [38;2;116;173;209mfitting.py:bspline_profile:1157[0m -     npoly = 2 profile basis functions
[1;38;2;49;54;149m    [INFO][0m - [38;2;116;173;209mfitting.py:bspline_profile:1158[0m -     ngood = 92458/144135 measurements
[1;38;2;49;54;149m    [INFO][0m - [38;2;116;173;209mfitting.py:bspline_profile:1159[0m - ***************** Iter     Chi^2    N Rej  R. Fac *****************
[1;38;2;49;54;149m    [INFO][0m - [38;2;116;173;209mfitting.py:bspline_profile:1163[0m -                   ----  --------  -------  ------                  
[1;38;2;49;54;149m    [INFO][0m - [38;2;116;173;209mfitting.py:bspline_profile:1257[0m -                      1     1.606    53970    1.00                  
[1;38;2;49;54;149m    [INFO][0m - [38;2;116;173;209mfitting.py:bspline_profile:1257[0m -                      2     1.142    54256    1.00                  
[1;38;2;49;54;149m    [INFO][0m - [38;2;116;173;209mfitting.py:bspline_profile:1257[0m -                      3     1.106    54275    1.00                  
[1;38;2;49;54;149m    [INFO][0m - [38;2;116;173;209mfitting.py:bspline_profile:1257[0m -                      4     1.104    54275    1.00                  
[1;38;2;49;54;149m    [INFO][0m - [38;2;116;173;209mfitting.py:bspline_profile:1272[0m -                   DONE     1.104    54275    1.00                  
[1;38;2;49;54;149m    [INFO][0m - [38;2;116;173;209mfitting.py:bspline_profile:1275[0m - *******************************************************************
[1;38;2;49;54;149m    [INFO][0m - [38;2;116;173;209mfind_objects.py:global_skysub:583[0m - Global sky subtraction for slit: 1757
[1;38;2;49;54;149m    [INFO][0m - [38;2;116;173;209mskysub.py:global_skysub:195[0m - Full fit in global sky sub.
[1;38;2;49;54;149m    [INFO][0m - [38;2;116;173;209mfitting.py:bspline_profile:1156[0m - B-spline fit:
[1;38;2;49;54;149m    [INFO][0m - [38;2;116;173;209mfitting.py:bspline_profile:1157[0m -     npoly = 2 profile basis functions
[1;38;2;49;54;149m    [INFO][0m - [38;2;116;173;209mfitting.py:bspline_profile:1158[0m -     ngood = 92070/143857 measurements
[1;38;2;49;54;149m    [INFO][0m - [38;2;116;173;209mfitting.py:bspline_profile:1159[0m - ***************** Iter     Chi^2    N Rej  R. Fac *****************
[1;38;2;49;54;149m    [INFO][0m - [38;2;116;173;209mfitting.py:bspline_profile:1163[0m -                   ----  --------  -------  ------                  
[1;38;2;49;54;149m    [INFO][0m - [38;2;116;173;209mfitting.py:bspline_profile:1257[0m -                      1     0.999    51933    1.00                  
[1;38;2;49;54;149m    [INFO][0m - [38;2;116;173;209mfitting.py:bspline_profile:1257[0m -                      2     0.978    51938    1.00                  
[1;38;2;49;54;149m    [INFO][0m - [38;2;116;173;209mfitting.py:bspline_profile:1257[0m -                      3     0.977    51938    1.00                  
[1;38;2;49;54;149m    [INFO][0m - [38;2;116;173;209mfitting.py:bspline_profile:1272[0m -                   DONE     0.977    51938    1.00                  
[1;38;2;49;54;149m    [INFO][0m - [38;2;116;173;209mfitting.py:bspline_profile:1275[0m - *******************************************************************
[1;38;2;49;54;149m    [INFO][0m - [38;2;116;173;209mfind_objects.py:global_skysub:583[0m - Global sky subtraction for slit: 1836
[1;38;2;49;54;149m    [INFO][0m - [38;2;116;173;209mskysub.py:global_skysub:195[0m - Full fit in global sky sub.
[1;38;2;49;54;149m    [INFO][0m - [38;2;116;173;209mfitting.py:bspline_profile:1156[0m - B-spline fit:
[1;38;2;49;54;149m    [INFO][0m - [38;2;116;173;209mfitting.py:bspline_profile:1157[0m -     npoly = 2 profile basis functions
[1;38;2;49;54;149m    [INFO][0m - [38;2;116;173;209mfitting.py:bspline_profile:1158[0m -     ngood = 92404/144141 measurements
[1;38;2;49;54;149m    [INFO][0m - [38;2;116;173;209mfitting.py:bspline_profile:1159[0m - ***************** Iter     Chi^2    N Rej  R. Fac *****************
[1;38;2;49;54;149m    [INFO][0m - [38;2;116;173;209mfitting.py:bspline_profile:1163[0m -                   ----  --------  -------  ------                  
[1;38;2;49;54;149m    [INFO][0m - [38;2;116;173;209mfitting.py:bspline_profile:1257[0m -                      1     1.009    51871    1.00                  
[1;38;2;49;54;149m    [INFO][0m - [38;2;116;173;209mfitting.py:bspline_profile:1257[0m -                      2     0.989    51872    1.00                  
[1;38;2;49;54;149m    [INFO][0m - [38;2;116;173;209mfitting.py:bspline_profile:1257[0m -                      3     0.989    51872    1.00                  
[1;38;2;49;54;149m    [INFO][0m - [38;2;116;173;209mfitting.py:bspline_profile:1272[0m -                   DONE     0.989    51872    1.00                  
[1;38;2;49;54;149m    [INFO][0m - [38;2;116;173;209mfitting.py:bspline_profile:1275[0m - *******************************************************************
[1;38;2;49;54;149m    [INFO][0m - [38;2;116;173;209mfind_objects.py:global_skysub:583[0m - Global sky subtraction for slit: 1913
[1;38;2;49;54;149m    [INFO][0m - [38;2;116;173;209mskysub.py:global_skysub:195[0m - Full fit in global sky sub.
[1;38;2;49;54;149m    [INFO][0m - [38;2;116;173;209mfitting.py:bspline_profile:1156[0m - B-spline fit:
[1;38;2;49;54;149m    [INFO][0m - [38;2;116;173;209mfitting.py:bspline_profile:1157[0m -     npoly = 2 profile basis functions
[1;38;2;49;54;149m    [INFO][0m - [38;2;116;173;209mfitting.py:bspline_profile:1158[0m -     ngood = 92277/143900 measurements
[1;38;2;49;54;149m    [INFO][0m - [38;2;116;173;209mfitting.py:bspline_profile:1159[0m - ***************** Iter     Chi^2    N Rej  R. Fac *****************
[1;38;2;49;54;149m    [INFO][0m - [38;2;116;173;209mfitting.py:bspline_profile:1163[0m -                   ----  --------  -------  ------                  
[1;38;2;49;54;149m    [INFO][0m - [38;2;116;173;209mfitting.py:bspline_profile:1257[0m -                      1     1.058    51793    1.00                  
[1;38;2;49;54;149m    [INFO][0m - [38;2;116;173;209mfitting.py:bspline_profile:1257[0m -                      2     0.984    51793    1.00                  
[1;38;2;49;54;149m    [INFO][0m - [38;2;116;173;209mfitting.py:bspline_profile:1272[0m -                   DONE     0.984    51793    1.00                  
[1;38;2;49;54;149m    [INFO][0m - [38;2;116;173;209mfitting.py:bspline_profile:1275[0m - *******************************************************************
[1;38;2;49;54;149m    [INFO][0m - [38;2;116;173;209mfind_objects.py:global_skysub:583[0m - Global sky subtraction for slit: 1995
[1;38;2;49;54;149m    [INFO][0m - [38;2;116;173;209mskysub.py:global_skysub:195[0m - Full fit in global sky sub.
[1;38;2;49;54;149m    [INFO][0m - [38;2;116;173;209mfitting.py:bspline_profile:1156[0m - B-spline fit:
[1;38;2;49;54;149m    [INFO][0m - [38;2;116;173;209mfitting.py:bspline_profile:1157[0m -     npoly = 2 profile basis functions
[1;38;2;49;54;149m    [INFO][0m - [38;2;116;173;209mfitting.py:bspline_profile:1158[0m -     ngood = 91540/143290 measurements
[1;38;2;49;54;149m    [INFO][0m - [38;2;116;173;209mfitting.py:bspline_profile:1159[0m - ***************** Iter     Chi^2    N Rej  R. Fac *****************
[1;38;2;49;54;149m    [INFO][0m - [38;2;116;173;209mfitting.py:bspline_profile:1163[0m -                   ----  --------  -------  ------                  
[1;38;2;49;54;149m    [INFO][0m - [38;2;116;173;209mfitting.py:bspline_profile:1257[0m -                      1     1.004    51890    1.00                  
[1;38;2;49;54;149m    [INFO][0m - [38;2;116;173;209mfitting.py:bspline_profile:1257[0m -                      2     0.984    51894    1.00                  
[1;38;2;49;54;149m    [INFO][0m - [38;2;116;173;209mfitting.py:bspline_profile:1257[0m -                      3     0.983    51894    1.00                  
[1;38;2;49;54;149m    [INFO][0m - [38;2;116;173;209mfitting.py:bspline_profile:1272[0m -                   DONE     0.983    51894    1.00                  
[1;38;2;49;54;149m    [INFO][0m - [38;2;116;173;209mfitting.py:bspline_profile:1275[0m - *******************************************************************
[1;38;2;49;54;149m    [INFO][0m - [38;2;116;173;209mfind_objects.py:find_objects_pypeline:788[0m - Finding objects on slit # 60
[1;38;2;49;54;149m    [INFO][0m - [38;2;116;173;209mfindobj_skymask.py:objs_in_slit:2095[0m - No objects found automatically.  Consider manual extraction.
[1;38;2;49;54;149m    [INFO][0m - [38;2;116;173;209mfind_objects.py:find_objects_pypeline:788[0m - Finding objects on slit # 140
[1;38;2;49;54;149m    [INFO][0m - [38;2;116;173;209mfindobj_skymask.py:objs_in_slit:2095[0m - No objects found automatically.  Consider manual extraction.
[1;38;2;49;54;149m    [INFO][0m - [38;2;116;173;209mfind_objects.py:find_objects_pypeline:788[0m - Finding objects on slit # 216
[1;38;2;49;54;149m    [INFO][0m - [38;2;116;173;209mfindobj_skymask.py:objs_in_slit:2073[0m - Using slit edges as crutch for object tracing
[1;38;2;49;54;149m    [INFO][0m - [38;2;116;173;209mfindobj_skymask.py:objs_in_slit:2098[0m - Automatic finding routine found 1 objects
[1;38;2;49;54;149m    [INFO][0m - [38;2;116;173;209mfindobj_skymask.py:objs_in_slit:2102[0m - Fitting the traces
[1;38;2;253;174;97m [WARNING][0m - [38;2;116;173;209mpolyutils.py:_fit:662[0m - RankWarning: The fit may be poorly conditioned
[1;38;2;49;54;149m    [INFO][0m - [38;2;116;173;209mfindobj_skymask.py:objs_in_slit:2254[0m - Successfully traced a total of 1 objects
[1;38;2;49;54;149m    [INFO][0m - [38;2;116;173;209mfind_objects.py:find_objects_pypeline:788[0m - Finding objects on slit # 294
[1;38;2;49;54;149m    [INFO][0m - [38;2;116;173;209mfindobj_skymask.py:objs_in_slit:2095[0m - No objects found automatically.  Consider manual extraction.
[1;38;2;49;54;149m    [INFO][0m - [38;2;116;173;209mfind_objects.py:find_objects_pypeline:788[0m - Finding objects on slit # 368
[1;38;2;49;54;149m    [INFO][0m - [38;2;116;173;209mfindobj_skymask.py:objs_in_slit:2095[0m - No objects found automatically.  Consider manual extraction.
[1;38;2;49;54;149m    [INFO][0m - [38;2;116;173;209mfind_objects.py:find_objects_pypeline:788[0m - Finding objects on slit # 443
[1;38;2;49;54;149m    [INFO][0m - [38;2;116;173;209mfindobj_skymask.py:objs_in_slit:2095[0m - No objects found automatically.  Consider manual extraction.
[1;38;2;49;54;149m    [INFO][0m - [38;2;116;173;209mfind_objects.py:find_objects_pypeline:788[0m - Finding objects on slit # 516
[1;38;2;49;54;149m    [INFO][0m - [38;2;116;173;209mfindobj_skymask.py:objs_in_slit:2095[0m - No objects found automatically.  Consider manual extraction.
[1;38;2;49;54;149m    [INFO][0m - [38;2;116;173;209mfind_objects.py:find_objects_pypeline:788[0m - Finding objects on slit # 590
[1;38;2;49;54;149m    [INFO][0m - [38;2;116;173;209mfindobj_skymask.py:objs_in_slit:2095[0m - No objects found automatically.  Consider manual extraction.
[1;38;2;49;54;149m    [INFO][0m - [38;2;116;173;209mfind_objects.py:find_objects_pypeline:788[0m - Finding objects on slit # 663
[1;38;2;49;54;149m    [INFO][0m - [38;2;116;173;209mfindobj_skymask.py:objs_in_slit:2073[0m - Using slit edges as crutch for object tracing
[1;38;2;49;54;149m    [INFO][0m - [38;2;116;173;209mfindobj_skymask.py:objs_in_slit:2098[0m - Automatic finding routine found 1 objects
[1;38;2;49;54;149m    [INFO][0m - [38;2;116;173;209mfindobj_skymask.py:objs_in_slit:2102[0m - Fitting the traces
[1;38;2;253;174;97m [WARNING][0m - [38;2;116;173;209mpolyutils.py:_fit:662[0m - RankWarning: The fit may be poorly conditioned
[1;38;2;49;54;149m    [INFO][0m - [38;2;116;173;209mfindobj_skymask.py:objs_in_slit:2254[0m - Successfully traced a total of 1 objects
[1;38;2;49;54;149m    [INFO][0m - [38;2;116;173;209mfind_objects.py:find_objects_pypeline:788[0m - Finding objects on slit # 737
[1;38;2;49;54;149m    [INFO][0m - [38;2;116;173;209mfindobj_skymask.py:objs_in_slit:2073[0m - Using slit edges as crutch for object tracing
[1;38;2;49;54;149m    [INFO][0m - [38;2;116;173;209mfindobj_skymask.py:objs_in_slit:2098[0m - Automatic finding routine found 1 objects
[1;38;2;49;54;149m    [INFO][0m - [38;2;116;173;209mfindobj_skymask.py:objs_in_slit:2102[0m - Fitting the traces
[1;38;2;253;174;97m [WARNING][0m - [38;2;116;173;209mpolyutils.py:_fit:662[0m - RankWarning: The fit may be poorly conditioned
[1;38;2;49;54;149m    [INFO][0m - [38;2;116;173;209mfindobj_skymask.py:objs_in_slit:2254[0m - Successfully traced a total of 1 objects
[1;38;2;49;54;149m    [INFO][0m - [38;2;116;173;209mfind_objects.py:find_objects_pypeline:788[0m - Finding objects on slit # 811
[1;38;2;49;54;149m    [INFO][0m - [38;2;116;173;209mfindobj_skymask.py:objs_in_slit:2073[0m - Using slit edges as crutch for object tracing
[1;38;2;49;54;149m    [INFO][0m - [38;2;116;173;209mfindobj_skymask.py:objs_in_slit:2098[0m - Automatic finding routine found 1 objects
[1;38;2;49;54;149m    [INFO][0m - [38;2;116;173;209mfindobj_skymask.py:objs_in_slit:2102[0m - Fitting the traces
[1;38;2;253;174;97m [WARNING][0m - [38;2;116;173;209mpolyutils.py:_fit:662[0m - RankWarning: The fit may be poorly conditioned
[1;38;2;49;54;149m    [INFO][0m - [38;2;116;173;209mfindobj_skymask.py:objs_in_slit:2254[0m - Successfully traced a total of 1 objects
[1;38;2;49;54;149m    [INFO][0m - [38;2;116;173;209mfind_objects.py:find_objects_pypeline:788[0m - Finding objects on slit # 885
[1;38;2;49;54;149m    [INFO][0m - [38;2;116;173;209mfindobj_skymask.py:objs_in_slit:2073[0m - Using slit edges as crutch for object tracing
[1;38;2;49;54;149m    [INFO][0m - [38;2;116;173;209mfindobj_skymask.py:objs_in_slit:2098[0m - Automatic finding routine found 2 objects
[1;38;2;49;54;149m    [INFO][0m - [38;2;116;173;209mfindobj_skymask.py:objs_in_slit:2102[0m - Fitting the traces
[1;38;2;253;174;97m [WARNING][0m - [38;2;116;173;209mpolyutils.py:_fit:662[0m - RankWarning: The fit may be poorly conditioned
[1;38;2;49;54;149m    [INFO][0m - [38;2;116;173;209mfindobj_skymask.py:objs_in_slit:2254[0m - Successfully traced a total of 2 objects
[1;38;2;49;54;149m    [INFO][0m - [38;2;116;173;209mfind_objects.py:find_objects_pypeline:788[0m - Finding objects on slit # 1163
[1;38;2;49;54;149m    [INFO][0m - [38;2;116;173;209mfindobj_skymask.py:objs_in_slit:2073[0m - Using slit edges as crutch for object tracing
[1;38;2;49;54;149m    [INFO][0m - [38;2;116;173;209mfindobj_skymask.py:objs_in_slit:2098[0m - Automatic finding routine found 1 objects
[1;38;2;49;54;149m    [INFO][0m - [38;2;116;173;209mfindobj_skymask.py:objs_in_slit:2102[0m - Fitting the traces
[1;38;2;253;174;97m [WARNING][0m - [38;2;116;173;209mpolyutils.py:_fit:662[0m - RankWarning: The fit may be poorly conditioned
[1;38;2;49;54;149m    [INFO][0m - [38;2;116;173;209mfindobj_skymask.py:objs_in_slit:2254[0m - Successfully traced a total of 1 objects
[1;38;2;49;54;149m    [INFO][0m - [38;2;116;173;209mfind_objects.py:find_objects_pypeline:788[0m - Finding objects on slit # 1237
[1;38;2;49;54;149m    [INFO][0m - [38;2;116;173;209mfindobj_skymask.py:objs_in_slit:2073[0m - Using slit edges as crutch for object tracing
[1;38;2;49;54;149m    [INFO][0m - [38;2;116;173;209mfindobj_skymask.py:objs_in_slit:2098[0m - Automatic finding routine found 1 objects
[1;38;2;49;54;149m    [INFO][0m - [38;2;116;173;209mfindobj_skymask.py:objs_in_slit:2102[0m - Fitting the traces
[1;38;2;253;174;97m [WARNING][0m - [38;2;116;173;209mpolyutils.py:_fit:662[0m - RankWarning: The fit may be poorly conditioned
[1;38;2;49;54;149m    [INFO][0m - [38;2;116;173;209mfindobj_skymask.py:objs_in_slit:2254[0m - Successfully traced a total of 1 objects
[1;38;2;49;54;149m    [INFO][0m - [38;2;116;173;209mfind_objects.py:find_objects_pypeline:788[0m - Finding objects on slit # 1311
[1;38;2;49;54;149m    [INFO][0m - [38;2;116;173;209mfindobj_skymask.py:objs_in_slit:2073[0m - Using slit edges as crutch for object tracing
[1;38;2;49;54;149m    [INFO][0m - [38;2;116;173;209mfindobj_skymask.py:objs_in_slit:2098[0m - Automatic finding routine found 1 objects
[1;38;2;49;54;149m    [INFO][0m - [38;2;116;173;209mfindobj_skymask.py:objs_in_slit:2102[0m - Fitting the traces
[1;38;2;253;174;97m [WARNING][0m - [38;2;116;173;209mpolyutils.py:_fit:662[0m - RankWarning: The fit may be poorly conditioned
[1;38;2;49;54;149m    [INFO][0m - [38;2;116;173;209mfindobj_skymask.py:objs_in_slit:2254[0m - Successfully traced a total of 1 objects
[1;38;2;49;54;149m    [INFO][0m - [38;2;116;173;209mfind_objects.py:find_objects_pypeline:788[0m - Finding objects on slit # 1385
[1;38;2;49;54;149m    [INFO][0m - [38;2;116;173;209mfindobj_skymask.py:objs_in_slit:2073[0m - Using slit edges as crutch for object tracing
[1;38;2;49;54;149m    [INFO][0m - [38;2;116;173;209mfindobj_skymask.py:objs_in_slit:2098[0m - Automatic finding routine found 2 objects
[1;38;2;49;54;149m    [INFO][0m - [38;2;116;173;209mfindobj_skymask.py:objs_in_slit:2102[0m - Fitting the traces
[1;38;2;253;174;97m [WARNING][0m - [38;2;116;173;209mpolyutils.py:_fit:662[0m - RankWarning: The fit may be poorly conditioned
[1;38;2;49;54;149m    [INFO][0m - [38;2;116;173;209mfindobj_skymask.py:objs_in_slit:2254[0m - Successfully traced a total of 2 objects
[1;38;2;49;54;149m    [INFO][0m - [38;2;116;173;209mfind_objects.py:find_objects_pypeline:788[0m - Finding objects on slit # 1458
[1;38;2;49;54;149m    [INFO][0m - [38;2;116;173;209mfindobj_skymask.py:objs_in_slit:2073[0m - Using slit edges as crutch for object tracing
[1;38;2;49;54;149m    [INFO][0m - [38;2;116;173;209mfindobj_skymask.py:objs_in_slit:2098[0m - Automatic finding routine found 2 objects
[1;38;2;49;54;149m    [INFO][0m - [38;2;116;173;209mfindobj_skymask.py:objs_in_slit:2102[0m - Fitting the traces
[1;38;2;253;174;97m [WARNING][0m - [38;2;116;173;209mpolyutils.py:_fit:662[0m - RankWarning: The fit may be poorly conditioned
[1;38;2;49;54;149m    [INFO][0m - [38;2;116;173;209mfindobj_skymask.py:objs_in_slit:2254[0m - Successfully traced a total of 2 objects
[1;38;2;49;54;149m    [INFO][0m - [38;2;116;173;209mfind_objects.py:find_objects_pypeline:788[0m - Finding objects on slit # 1533
[1;38;2;49;54;149m    [INFO][0m - [38;2;116;173;209mfindobj_skymask.py:objs_in_slit:2095[0m - No objects found automatically.  Consider manual extraction.
[1;38;2;49;54;149m    [INFO][0m - [38;2;116;173;209mfind_objects.py:find_objects_pypeline:788[0m - Finding objects on slit # 1606
[1;38;2;253;174;97m [WARNING][0m - [38;2;116;173;209mfindobj_skymask.py:objs_in_slit:2000[0m - Discarding 1 at spatial pixels spat = [67.45890065] which land within trim_edg = (left, right) = [5, 5] pixels from the slit boundary for this nsamp = 70.00 wide slit
[1;38;2;253;174;97m [WARNING][0m - [38;2;116;173;209mfindobj_skymask.py:objs_in_slit:2004[0m - You must decrease from the current value of trim_edg in order to keep them
[1;38;2;253;174;97m [WARNING][0m - [38;2;116;173;209mfindobj_skymask.py:objs_in_slit:2005[0m - Such edge objects are often spurious
[1;38;2;49;54;149m    [INFO][0m - [38;2;116;173;209mfindobj_skymask.py:objs_in_slit:2095[0m - No objects found automatically.  Consider manual extraction.
[1;38;2;49;54;149m    [INFO][0m - [38;2;116;173;209mfind_objects.py:find_objects_pypeline:788[0m - Finding objects on slit # 1682
[1;38;2;253;174;97m [WARNING][0m - [38;2;116;173;209mfindobj_skymask.py:objs_in_slit:2000[0m - Discarding 1 at spatial pixels spat = [66.96662727] which land within trim_edg = (left, right) = [5, 5] pixels from the slit boundary for this nsamp = 70.00 wide slit
[1;38;2;253;174;97m [WARNING][0m - [38;2;116;173;209mfindobj_skymask.py:objs_in_slit:2004[0m - You must decrease from the current value of trim_edg in order to keep them
[1;38;2;253;174;97m [WARNING][0m - [38;2;116;173;209mfindobj_skymask.py:objs_in_slit:2005[0m - Such edge objects are often spurious
[1;38;2;49;54;149m    [INFO][0m - [38;2;116;173;209mfindobj_skymask.py:objs_in_slit:2095[0m - No objects found automatically.  Consider manual extraction.
[1;38;2;49;54;149m    [INFO][0m - [38;2;116;173;209mfind_objects.py:find_objects_pypeline:788[0m - Finding objects on slit # 1757
[1;38;2;49;54;149m    [INFO][0m - [38;2;116;173;209mfindobj_skymask.py:objs_in_slit:2095[0m - No objects found automatically.  Consider manual extraction.
[1;38;2;49;54;149m    [INFO][0m - [38;2;116;173;209mfind_objects.py:find_objects_pypeline:788[0m - Finding objects on slit # 1836
[1;38;2;49;54;149m    [INFO][0m - [38;2;116;173;209mfindobj_skymask.py:objs_in_slit:2095[0m - No objects found automatically.  Consider manual extraction.
[1;38;2;49;54;149m    [INFO][0m - [38;2;116;173;209mfind_objects.py:find_objects_pypeline:788[0m - Finding objects on slit # 1913
[1;38;2;49;54;149m    [INFO][0m - [38;2;116;173;209mfindobj_skymask.py:objs_in_slit:2095[0m - No objects found automatically.  Consider manual extraction.
[1;38;2;49;54;149m    [INFO][0m - [38;2;116;173;209mfind_objects.py:find_objects_pypeline:788[0m - Finding objects on slit # 1995
[1;38;2;49;54;149m    [INFO][0m - [38;2;116;173;209mfindobj_skymask.py:objs_in_slit:2095[0m - No objects found automatically.  Consider manual extraction.
[1;38;2;49;54;149m    [INFO][0m - [38;2;116;173;209mfind_objects.py:run:373[0m - Either no objects were found or a user-provided sky mask was used.  Skipping second pass of sky-subtraction and object finding.
[1;38;2;49;54;149m    [INFO][0m - [38;2;116;173;209mdatamodel.py:from_file:1558[0m - Loading BiasImage from /Users/kaiwenzhang/PycharmProjects/KCWI/KCWI_RED_channel_characterization/RH1 pypeit run/2023-11-07/pypeit_run/keck_kcrm_B/Calibrations/Bias_B_1_DET01.fits
[1;38;2;253;174;97m [WARNING][0m - [38;2;116;173;209mcalibrations.py:get_dark:606[0m - No raw dark frames found and unable to identify a relevant processed calibration frame.  Continuing...
[1;38;2;49;54;149m    [INFO][0m - [38;2;116;173;209mkeck_kcwi.py:get_rawimage:1426[0m - Reading KCWI file: /Users/kaiwenzhang/PycharmProjects/KCWI/KCWI_RED_channel_characterization/fits/by_night/RH1/2023-11-07/KR.20231108.54678.43.fits
[1;38;2;49;54;149m    [INFO][0m - [38;2;116;173;209mdatamodel.py:from_file:1558[0m - Loading ArcImage from /Users/kaiwenzhang/PycharmProjects/KCWI/KCWI_RED_channel_characterization/RH1 pypeit run/2023-11-07/pypeit_run/keck_kcrm_B/Calibrations/Arc_B_1_DET01.fits
[1;38;2;49;54;149m    [INFO][0m - [38;2;116;173;209mdatamodel.py:from_file:1558[0m - Loading TiltImage from /Users/kaiwenzhang/PycharmProjects/KCWI/KCWI_RED_channel_characterization/RH1 pypeit run/2023-11-07/pypeit_run/keck_kcrm_B/Calibrations/Tiltimg_B_1_DET01.fits
[1;38;2;49;54;149m    [INFO][0m - [38;2;116;173;209mdatamodel.py:from_file:1558[0m - Loading SlitTraceSet from /Users/kaiwenzhang/PycharmProjects/KCWI/KCWI_RED_channel_characterization/RH1 pypeit run/2023-11-07/pypeit_run/keck_kcrm_B/Calibrations/Slits_B_1_DET01.fits.gz
[1;38;2;49;54;149m    [INFO][0m - [38;2;116;173;209mdatamodel.py:from_file:1558[0m - Loading WaveCalib from /Users/kaiwenzhang/PycharmProjects/KCWI/KCWI_RED_channel_characterization/RH1 pypeit run/2023-11-07/pypeit_run/keck_kcrm_B/Calibrations/WaveCalib_B_1_DET01.fits
[1;38;2;49;54;149m    [INFO][0m - [38;2;116;173;209mdatamodel.py:from_file:1558[0m - Loading WaveTilts from /Users/kaiwenzhang/PycharmProjects/KCWI/KCWI_RED_channel_characterization/RH1 pypeit run/2023-11-07/pypeit_run/keck_kcrm_B/Calibrations/Tilts_B_1_DET01.fits
[1;38;2;49;54;149m    [INFO][0m - [38;2;116;173;209mdatamodel.py:from_file:1558[0m - Loading Alignments from /Users/kaiwenzhang/PycharmProjects/KCWI/KCWI_RED_channel_characterization/RH1 pypeit run/2023-11-07/pypeit_run/keck_kcrm_B/Calibrations/Alignment_B_1_DET01.fits
[1;38;2;49;54;149m    [INFO][0m - [38;2;116;173;209mdatamodel.py:from_file:1558[0m - Loading ScatteredLight from /Users/kaiwenzhang/PycharmProjects/KCWI/KCWI_RED_channel_characterization/RH1 pypeit run/2023-11-07/pypeit_run/keck_kcrm_B/Calibrations/ScatteredLight_B_1_DET01.fits.gz
[1;38;2;49;54;149m    [INFO][0m - [38;2;116;173;209mdatamodel.py:from_file:1558[0m - Loading FlatImages from /Users/kaiwenzhang/PycharmProjects/KCWI/KCWI_RED_channel_characterization/RH1 pypeit run/2023-11-07/pypeit_run/keck_kcrm_B/Calibrations/Flat_B_1_DET01.fits
[1;38;2;49;54;149m    [INFO][0m - [38;2;116;173;209mcalibrations.py:run_the_steps:1459[0m - Calibration complete and/or fully loaded!
[1;38;2;49;54;149m    [INFO][0m - [38;2;116;173;209mcalibrations.py:run_the_steps:1460[0m - #######################################################################
[1;38;2;49;54;149m    [INFO][0m - [38;2;116;173;209mpypeit_steps.py:extract_det:732[0m - Extraction skipped for KR.20231108.54678.43-g191b2b_KCRM_20231108T151118.413 on det=1
[1;38;2;49;54;149m    [INFO][0m - [38;2;116;173;209mwavetilts.py:fit2tiltimg:143[0m - Generating a tilts image from the fit parameters
[1;38;2;49;54;149m    [INFO][0m - [38;2;116;173;209mpypeit_steps.py:refframe_correct:906[0m - Performing a heliocentric correction
[1;38;2;49;54;149m    [INFO][0m - [38;2;116;173;209mpypeit_steps.py:refframe_correct:915[0m - Applying heliocentric correction = 14.44260 km/s
WARNING: Format d cannot be mapped to the accepted TDISPn keyword values.  Format will not be moved into TDISPn keyword. [astropy.io.fits.column]
WARNING: Format 0.1f cannot be mapped to the accepted TDISPn keyword values.  Format will not be moved into TDISPn keyword. [astropy.io.fits.column]
WARNING: Format 0.3f cannot be mapped to the accepted TDISPn keyword values.  Format will not be moved into TDISPn keyword. [astropy.io.fits.column]
[1;38;2;49;54;149m    [INFO][0m - [38;2;116;173;209mspec2dobj.py:write_to_fits:721[0m - Wrote: /Users/kaiwenzhang/PycharmProjects/KCWI/KCWI_RED_channel_characterization/RH1 pypeit run/2023-11-07/pypeit_run/keck_kcrm_B/Science/spec2d_KR.20231108.54678.43-g191b2b_KCRM_20231108T151118.413.fits
[1;38;2;49;54;149m    [INFO][0m - [38;2;116;173;209mexposure.py:reduce_exposure:406[0m - Reducing target g191b2b
Combining frames:
KR.20231108.54782.48.fits

[1;38;2;49;54;149m    [INFO][0m - [38;2;116;173;209mexposure.py:reduce_exposure:417[0m - Detectors to work on: [1]
[1;38;2;49;54;149m    [INFO][0m - [38;2;116;173;209mexposure.py:reduce_exposure:422[0m - Calibrating detector 1
[1;38;2;49;54;149m    [INFO][0m - [38;2;116;173;209mpypeit_steps.py:calib_one:173[0m - Building/loading calibrations for detector 1
[1;38;2;49;54;149m    [INFO][0m - [38;2;116;173;209mdatamodel.py:from_file:1558[0m - Loading BiasImage from /Users/kaiwenzhang/PycharmProjects/KCWI/KCWI_RED_channel_characterization/RH1 pypeit run/2023-11-07/pypeit_run/keck_kcrm_B/Calibrations/Bias_B_1_DET01.fits
[1;38;2;253;174;97m [WARNING][0m - [38;2;116;173;209mcalibrations.py:get_dark:606[0m - No raw dark frames found and unable to identify a relevant processed calibration frame.  Continuing...
[1;38;2;49;54;149m    [INFO][0m - [38;2;116;173;209mkeck_kcwi.py:get_rawimage:1426[0m - Reading KCWI file: /Users/kaiwenzhang/PycharmProjects/KCWI/KCWI_RED_channel_characterization/fits/by_night/RH1/2023-11-07/KR.20231108.10348.37.fits
[1;38;2;253;174;97m [WARNING][0m - [38;2;116;173;209mkeck_kcwi.py:bpm:820[0m - KCRM bad pixel mask is not available for ampmode=L2U2L1U1 binning=2,2
[1;38;2;49;54;149m    [INFO][0m - [38;2;116;173;209mdatamodel.py:from_file:1558[0m - Loading ArcImage from /Users/kaiwenzhang/PycharmProjects/KCWI/KCWI_RED_channel_characterization/RH1 pypeit run/2023-11-07/pypeit_run/keck_kcrm_B/Calibrations/Arc_B_1_DET01.fits
[1;38;2;49;54;149m    [INFO][0m - [38;2;116;173;209mdatamodel.py:from_file:1558[0m - Loading TiltImage from /Users/kaiwenzhang/PycharmProjects/KCWI/KCWI_RED_channel_characterization/RH1 pypeit run/2023-11-07/pypeit_run/keck_kcrm_B/Calibrations/Tiltimg_B_1_DET01.fits
[1;38;2;49;54;149m    [INFO][0m - [38;2;116;173;209mdatamodel.py:from_file:1558[0m - Loading SlitTraceSet from /Users/kaiwenzhang/PycharmProjects/KCWI/KCWI_RED_channel_characterization/RH1 pypeit run/2023-11-07/pypeit_run/keck_kcrm_B/Calibrations/Slits_B_1_DET01.fits.gz
[1;38;2;49;54;149m    [INFO][0m - [38;2;116;173;209mdatamodel.py:from_file:1558[0m - Loading WaveCalib from /Users/kaiwenzhang/PycharmProjects/KCWI/KCWI_RED_channel_characterization/RH1 pypeit run/2023-11-07/pypeit_run/keck_kcrm_B/Calibrations/WaveCalib_B_1_DET01.fits
[1;38;2;49;54;149m    [INFO][0m - [38;2;116;173;209mdatamodel.py:from_file:1558[0m - Loading WaveTilts from /Users/kaiwenzhang/PycharmProjects/KCWI/KCWI_RED_channel_characterization/RH1 pypeit run/2023-11-07/pypeit_run/keck_kcrm_B/Calibrations/Tilts_B_1_DET01.fits
[1;38;2;49;54;149m    [INFO][0m - [38;2;116;173;209mdatamodel.py:from_file:1558[0m - Loading Alignments from /Users/kaiwenzhang/PycharmProjects/KCWI/KCWI_RED_channel_characterization/RH1 pypeit run/2023-11-07/pypeit_run/keck_kcrm_B/Calibrations/Alignment_B_1_DET01.fits
[1;38;2;49;54;149m    [INFO][0m - [38;2;116;173;209mdatamodel.py:from_file:1558[0m - Loading ScatteredLight from /Users/kaiwenzhang/PycharmProjects/KCWI/KCWI_RED_channel_characterization/RH1 pypeit run/2023-11-07/pypeit_run/keck_kcrm_B/Calibrations/ScatteredLight_B_1_DET01.fits.gz
[1;38;2;49;54;149m    [INFO][0m - [38;2;116;173;209mdatamodel.py:from_file:1558[0m - Loading FlatImages from /Users/kaiwenzhang/PycharmProjects/KCWI/KCWI_RED_channel_characterization/RH1 pypeit run/2023-11-07/pypeit_run/keck_kcrm_B/Calibrations/Flat_B_1_DET01.fits
[1;38;2;49;54;149m    [INFO][0m - [38;2;116;173;209mcalibrations.py:run_the_steps:1459[0m - Calibration complete and/or fully loaded!
[1;38;2;49;54;149m    [INFO][0m - [38;2;116;173;209mcalibrations.py:run_the_steps:1460[0m - #######################################################################
[1;38;2;49;54;149m    [INFO][0m - [38;2;116;173;209mexposure.py:process_exposure:126[0m - Reducing detector 1
[1;38;2;49;54;149m    [INFO][0m - [38;2;116;173;209mdatamodel.py:from_file:1558[0m - Loading BiasImage from /Users/kaiwenzhang/PycharmProjects/KCWI/KCWI_RED_channel_characterization/RH1 pypeit run/2023-11-07/pypeit_run/keck_kcrm_B/Calibrations/Bias_B_1_DET01.fits
[1;38;2;253;174;97m [WARNING][0m - [38;2;116;173;209mcalibrations.py:get_dark:606[0m - No raw dark frames found and unable to identify a relevant processed calibration frame.  Continuing...
[1;38;2;49;54;149m    [INFO][0m - [38;2;116;173;209mkeck_kcwi.py:get_rawimage:1426[0m - Reading KCWI file: /Users/kaiwenzhang/PycharmProjects/KCWI/KCWI_RED_channel_characterization/fits/by_night/RH1/2023-11-07/KR.20231108.54782.48.fits
[1;38;2;49;54;149m    [INFO][0m - [38;2;116;173;209mdatamodel.py:from_file:1558[0m - Loading ArcImage from /Users/kaiwenzhang/PycharmProjects/KCWI/KCWI_RED_channel_characterization/RH1 pypeit run/2023-11-07/pypeit_run/keck_kcrm_B/Calibrations/Arc_B_1_DET01.fits
[1;38;2;49;54;149m    [INFO][0m - [38;2;116;173;209mdatamodel.py:from_file:1558[0m - Loading TiltImage from /Users/kaiwenzhang/PycharmProjects/KCWI/KCWI_RED_channel_characterization/RH1 pypeit run/2023-11-07/pypeit_run/keck_kcrm_B/Calibrations/Tiltimg_B_1_DET01.fits
[1;38;2;49;54;149m    [INFO][0m - [38;2;116;173;209mdatamodel.py:from_file:1558[0m - Loading SlitTraceSet from /Users/kaiwenzhang/PycharmProjects/KCWI/KCWI_RED_channel_characterization/RH1 pypeit run/2023-11-07/pypeit_run/keck_kcrm_B/Calibrations/Slits_B_1_DET01.fits.gz
[1;38;2;49;54;149m    [INFO][0m - [38;2;116;173;209mdatamodel.py:from_file:1558[0m - Loading WaveCalib from /Users/kaiwenzhang/PycharmProjects/KCWI/KCWI_RED_channel_characterization/RH1 pypeit run/2023-11-07/pypeit_run/keck_kcrm_B/Calibrations/WaveCalib_B_1_DET01.fits
[1;38;2;49;54;149m    [INFO][0m - [38;2;116;173;209mdatamodel.py:from_file:1558[0m - Loading WaveTilts from /Users/kaiwenzhang/PycharmProjects/KCWI/KCWI_RED_channel_characterization/RH1 pypeit run/2023-11-07/pypeit_run/keck_kcrm_B/Calibrations/Tilts_B_1_DET01.fits
[1;38;2;49;54;149m    [INFO][0m - [38;2;116;173;209mdatamodel.py:from_file:1558[0m - Loading Alignments from /Users/kaiwenzhang/PycharmProjects/KCWI/KCWI_RED_channel_characterization/RH1 pypeit run/2023-11-07/pypeit_run/keck_kcrm_B/Calibrations/Alignment_B_1_DET01.fits
[1;38;2;49;54;149m    [INFO][0m - [38;2;116;173;209mdatamodel.py:from_file:1558[0m - Loading ScatteredLight from /Users/kaiwenzhang/PycharmProjects/KCWI/KCWI_RED_channel_characterization/RH1 pypeit run/2023-11-07/pypeit_run/keck_kcrm_B/Calibrations/ScatteredLight_B_1_DET01.fits.gz
[1;38;2;49;54;149m    [INFO][0m - [38;2;116;173;209mdatamodel.py:from_file:1558[0m - Loading FlatImages from /Users/kaiwenzhang/PycharmProjects/KCWI/KCWI_RED_channel_characterization/RH1 pypeit run/2023-11-07/pypeit_run/keck_kcrm_B/Calibrations/Flat_B_1_DET01.fits
[1;38;2;49;54;149m    [INFO][0m - [38;2;116;173;209mcalibrations.py:run_the_steps:1459[0m - Calibration complete and/or fully loaded!
[1;38;2;49;54;149m    [INFO][0m - [38;2;116;173;209mcalibrations.py:run_the_steps:1460[0m - #######################################################################
[1;38;2;49;54;149m    [INFO][0m - [38;2;116;173;209mpypeit_steps.py:process_one_det:260[0m - Image processing begins for KR.20231108.54782.48-g191b2b_KCRM_20231108T151302.525 on det=1
[1;38;2;49;54;149m    [INFO][0m - [38;2;116;173;209mkeck_kcwi.py:get_rawimage:1426[0m - Reading KCWI file: /Users/kaiwenzhang/PycharmProjects/KCWI/KCWI_RED_channel_characterization/fits/by_night/RH1/2023-11-07/KR.20231108.54782.48.fits
[1;38;2;49;54;149m    [INFO][0m - [38;2;116;173;209mrawimage.py:process:564[0m - Performing basic image processing on KR.20231108.54782.48.fits.
[1;38;2;49;54;149m    [INFO][0m - [38;2;116;173;209mrawimage.py:estimate_readnoise:359[0m - Estimated readnoise of amplifier 1 = 3.934 e-
[1;38;2;49;54;149m    [INFO][0m - [38;2;116;173;209mrawimage.py:estimate_readnoise:359[0m - Estimated readnoise of amplifier 2 = 3.904 e-
[1;38;2;49;54;149m    [INFO][0m - [38;2;116;173;209mprocimg.py:lacosmic:170[0m - Detecting cosmic rays with the L.A.Cosmic algorithm
[1;38;2;49;54;149m    [INFO][0m - [38;2;116;173;209mprocimg.py:lacosmic:218[0m - Convolving image with Laplacian kernel
[1;38;2;49;54;149m    [INFO][0m - [38;2;116;173;209mprocimg.py:lacosmic:229[0m - Found 5045 candidate cosmic-ray pixels
[1;38;2;49;54;149m    [INFO][0m - [38;2;116;173;209mprocimg.py:lacosmic:235[0m - Reduced to 5045 candidates after excluding known bad pixels.
[1;38;2;49;54;149m    [INFO][0m - [38;2;116;173;209mprocimg.py:lacosmic:246[0m - Reduced to 2377 candidates after excluding compact objects.
[1;38;2;49;54;149m    [INFO][0m - [38;2;116;173;209mprocimg.py:lacosmic:250[0m - Finding neighboring pixels affected by cosmic rays
[1;38;2;49;54;149m    [INFO][0m - [38;2;116;173;209mprocimg.py:lacosmic:260[0m - Changed to 6314 candidates after evaluating neighboring pixels.
[1;38;2;49;54;149m    [INFO][0m - [38;2;116;173;209mprocimg.py:lacosmic:266[0m - Reduced to 6314 candidates after excluding known bad pixels.
[1;38;2;49;54;149m    [INFO][0m - [38;2;116;173;209mprocimg.py:lacosmic:271[0m - Iteration 1: 6314 pixels identified as cosmic rays (6314 are new)
[1;38;2;49;54;149m    [INFO][0m - [38;2;116;173;209mprocimg.py:lacosmic:300[0m - 6237 pixels identified as cosmic rays after removing false positives
[1;38;2;49;54;149m    [INFO][0m - [38;2;116;173;209mpypeit_steps.py:findobj_on_det:381[0m - Object finding begins for KR.20231108.54782.48-g191b2b_KCRM_20231108T151302.525 on det=1
[1;38;2;49;54;149m    [INFO][0m - [38;2;116;173;209mdatamodel.py:from_file:1558[0m - Loading BiasImage from /Users/kaiwenzhang/PycharmProjects/KCWI/KCWI_RED_channel_characterization/RH1 pypeit run/2023-11-07/pypeit_run/keck_kcrm_B/Calibrations/Bias_B_1_DET01.fits
[1;38;2;253;174;97m [WARNING][0m - [38;2;116;173;209mcalibrations.py:get_dark:606[0m - No raw dark frames found and unable to identify a relevant processed calibration frame.  Continuing...
[1;38;2;49;54;149m    [INFO][0m - [38;2;116;173;209mkeck_kcwi.py:get_rawimage:1426[0m - Reading KCWI file: /Users/kaiwenzhang/PycharmProjects/KCWI/KCWI_RED_channel_characterization/fits/by_night/RH1/2023-11-07/KR.20231108.54782.48.fits
[1;38;2;49;54;149m    [INFO][0m - [38;2;116;173;209mdatamodel.py:from_file:1558[0m - Loading ArcImage from /Users/kaiwenzhang/PycharmProjects/KCWI/KCWI_RED_channel_characterization/RH1 pypeit run/2023-11-07/pypeit_run/keck_kcrm_B/Calibrations/Arc_B_1_DET01.fits
[1;38;2;49;54;149m    [INFO][0m - [38;2;116;173;209mdatamodel.py:from_file:1558[0m - Loading TiltImage from /Users/kaiwenzhang/PycharmProjects/KCWI/KCWI_RED_channel_characterization/RH1 pypeit run/2023-11-07/pypeit_run/keck_kcrm_B/Calibrations/Tiltimg_B_1_DET01.fits
[1;38;2;49;54;149m    [INFO][0m - [38;2;116;173;209mdatamodel.py:from_file:1558[0m - Loading SlitTraceSet from /Users/kaiwenzhang/PycharmProjects/KCWI/KCWI_RED_channel_characterization/RH1 pypeit run/2023-11-07/pypeit_run/keck_kcrm_B/Calibrations/Slits_B_1_DET01.fits.gz
[1;38;2;49;54;149m    [INFO][0m - [38;2;116;173;209mdatamodel.py:from_file:1558[0m - Loading WaveCalib from /Users/kaiwenzhang/PycharmProjects/KCWI/KCWI_RED_channel_characterization/RH1 pypeit run/2023-11-07/pypeit_run/keck_kcrm_B/Calibrations/WaveCalib_B_1_DET01.fits
[1;38;2;49;54;149m    [INFO][0m - [38;2;116;173;209mdatamodel.py:from_file:1558[0m - Loading WaveTilts from /Users/kaiwenzhang/PycharmProjects/KCWI/KCWI_RED_channel_characterization/RH1 pypeit run/2023-11-07/pypeit_run/keck_kcrm_B/Calibrations/Tilts_B_1_DET01.fits
[1;38;2;49;54;149m    [INFO][0m - [38;2;116;173;209mdatamodel.py:from_file:1558[0m - Loading Alignments from /Users/kaiwenzhang/PycharmProjects/KCWI/KCWI_RED_channel_characterization/RH1 pypeit run/2023-11-07/pypeit_run/keck_kcrm_B/Calibrations/Alignment_B_1_DET01.fits
[1;38;2;49;54;149m    [INFO][0m - [38;2;116;173;209mdatamodel.py:from_file:1558[0m - Loading ScatteredLight from /Users/kaiwenzhang/PycharmProjects/KCWI/KCWI_RED_channel_characterization/RH1 pypeit run/2023-11-07/pypeit_run/keck_kcrm_B/Calibrations/ScatteredLight_B_1_DET01.fits.gz
[1;38;2;49;54;149m    [INFO][0m - [38;2;116;173;209mdatamodel.py:from_file:1558[0m - Loading FlatImages from /Users/kaiwenzhang/PycharmProjects/KCWI/KCWI_RED_channel_characterization/RH1 pypeit run/2023-11-07/pypeit_run/keck_kcrm_B/Calibrations/Flat_B_1_DET01.fits
[1;38;2;49;54;149m    [INFO][0m - [38;2;116;173;209mcalibrations.py:run_the_steps:1459[0m - Calibration complete and/or fully loaded!
[1;38;2;49;54;149m    [INFO][0m - [38;2;116;173;209mcalibrations.py:run_the_steps:1460[0m - #######################################################################
[1;38;2;49;54;149m    [INFO][0m - [38;2;116;173;209mpypeit_steps.py:findobj_on_det:387[0m - Reducing detector 1
[1;38;2;49;54;149m    [INFO][0m - [38;2;116;173;209mpypeit_steps.py:load_skyregions:606[0m - Generating skysub mask based on the user defined regions: :35,62:
[1;38;2;49;54;149m    [INFO][0m - [38;2;116;173;209mfind_objects.py:__init__:164[0m - Initializing slits
[1;38;2;49;54;149m    [INFO][0m - [38;2;116;173;209mfind_objects.py:__init__:232[0m - Generating tilts image from fit in waveTilts
[1;38;2;49;54;149m    [INFO][0m - [38;2;116;173;209mwavetilts.py:fit2tiltimg:143[0m - Generating a tilts image from the fit parameters
[1;38;2;49;54;149m    [INFO][0m - [38;2;116;173;209mfind_objects.py:global_skysub:583[0m - Global sky subtraction for slit: 60
[1;38;2;49;54;149m    [INFO][0m - [38;2;116;173;209mskysub.py:global_skysub:195[0m - Full fit in global sky sub.
[1;38;2;49;54;149m    [INFO][0m - [38;2;116;173;209mfitting.py:bspline_profile:1156[0m - B-spline fit:
[1;38;2;49;54;149m    [INFO][0m - [38;2;116;173;209mfitting.py:bspline_profile:1157[0m -     npoly = 2 profile basis functions
[1;38;2;49;54;149m    [INFO][0m - [38;2;116;173;209mfitting.py:bspline_profile:1158[0m -     ngood = 91981/143872 measurements
[1;38;2;49;54;149m    [INFO][0m - [38;2;116;173;209mfitting.py:bspline_profile:1159[0m - ***************** Iter     Chi^2    N Rej  R. Fac *****************
[1;38;2;49;54;149m    [INFO][0m - [38;2;116;173;209mfitting.py:bspline_profile:1163[0m -                   ----  --------  -------  ------                  
[1;38;2;49;54;149m    [INFO][0m - [38;2;116;173;209mfitting.py:bspline_profile:1257[0m -                      1     1.066    52049    1.00                  
[1;38;2;49;54;149m    [INFO][0m - [38;2;116;173;209mfitting.py:bspline_profile:1257[0m -                      2     0.988    52051    1.00                  
[1;38;2;49;54;149m    [INFO][0m - [38;2;116;173;209mfitting.py:bspline_profile:1257[0m -                      3     0.988    52051    1.00                  
[1;38;2;49;54;149m    [INFO][0m - [38;2;116;173;209mfitting.py:bspline_profile:1272[0m -                   DONE     0.988    52051    1.00                  
[1;38;2;49;54;149m    [INFO][0m - [38;2;116;173;209mfitting.py:bspline_profile:1275[0m - *******************************************************************
[1;38;2;49;54;149m    [INFO][0m - [38;2;116;173;209mfind_objects.py:global_skysub:583[0m - Global sky subtraction for slit: 140
[1;38;2;49;54;149m    [INFO][0m - [38;2;116;173;209mskysub.py:global_skysub:195[0m - Full fit in global sky sub.
[1;38;2;49;54;149m    [INFO][0m - [38;2;116;173;209mfitting.py:bspline_profile:1156[0m - B-spline fit:
[1;38;2;49;54;149m    [INFO][0m - [38;2;116;173;209mfitting.py:bspline_profile:1157[0m -     npoly = 2 profile basis functions
[1;38;2;49;54;149m    [INFO][0m - [38;2;116;173;209mfitting.py:bspline_profile:1158[0m -     ngood = 91907/144243 measurements
[1;38;2;49;54;149m    [INFO][0m - [38;2;116;173;209mfitting.py:bspline_profile:1159[0m - ***************** Iter     Chi^2    N Rej  R. Fac *****************
[1;38;2;49;54;149m    [INFO][0m - [38;2;116;173;209mfitting.py:bspline_profile:1163[0m -                   ----  --------  -------  ------                  
[1;38;2;49;54;149m    [INFO][0m - [38;2;116;173;209mfitting.py:bspline_profile:1257[0m -                      1     1.339    52517    1.00                  
[1;38;2;49;54;149m    [INFO][0m - [38;2;116;173;209mfitting.py:bspline_profile:1257[0m -                      2     0.976    52521    1.00                  
[1;38;2;49;54;149m    [INFO][0m - [38;2;116;173;209mfitting.py:bspline_profile:1257[0m -                      3     0.976    52521    1.00                  
[1;38;2;49;54;149m    [INFO][0m - [38;2;116;173;209mfitting.py:bspline_profile:1272[0m -                   DONE     0.976    52521    1.00                  
[1;38;2;49;54;149m    [INFO][0m - [38;2;116;173;209mfitting.py:bspline_profile:1275[0m - *******************************************************************
[1;38;2;49;54;149m    [INFO][0m - [38;2;116;173;209mfind_objects.py:global_skysub:583[0m - Global sky subtraction for slit: 216
[1;38;2;49;54;149m    [INFO][0m - [38;2;116;173;209mskysub.py:global_skysub:195[0m - Full fit in global sky sub.
[1;38;2;49;54;149m    [INFO][0m - [38;2;116;173;209mfitting.py:bspline_profile:1156[0m - B-spline fit:
[1;38;2;49;54;149m    [INFO][0m - [38;2;116;173;209mfitting.py:bspline_profile:1157[0m -     npoly = 2 profile basis functions
[1;38;2;49;54;149m    [INFO][0m - [38;2;116;173;209mfitting.py:bspline_profile:1158[0m -     ngood = 92637/144460 measurements
[1;38;2;49;54;149m    [INFO][0m - [38;2;116;173;209mfitting.py:bspline_profile:1159[0m - ***************** Iter     Chi^2    N Rej  R. Fac *****************
[1;38;2;49;54;149m    [INFO][0m - [38;2;116;173;209mfitting.py:bspline_profile:1163[0m -                   ----  --------  -------  ------                  
[1;38;2;49;54;149m    [INFO][0m - [38;2;116;173;209mfitting.py:bspline_profile:1257[0m -                      1     1.016    52005    1.00                  
[1;38;2;49;54;149m    [INFO][0m - [38;2;116;173;209mfitting.py:bspline_profile:1257[0m -                      2     0.990    52006    1.00                  
[1;38;2;49;54;149m    [INFO][0m - [38;2;116;173;209mfitting.py:bspline_profile:1257[0m -                      3     0.990    52006    1.00                  
[1;38;2;49;54;149m    [INFO][0m - [38;2;116;173;209mfitting.py:bspline_profile:1272[0m -                   DONE     0.990    52006    1.00                  
[1;38;2;49;54;149m    [INFO][0m - [38;2;116;173;209mfitting.py:bspline_profile:1275[0m - *******************************************************************
[1;38;2;49;54;149m    [INFO][0m - [38;2;116;173;209mfind_objects.py:global_skysub:583[0m - Global sky subtraction for slit: 294
[1;38;2;49;54;149m    [INFO][0m - [38;2;116;173;209mskysub.py:global_skysub:195[0m - Full fit in global sky sub.
[1;38;2;49;54;149m    [INFO][0m - [38;2;116;173;209mfitting.py:bspline_profile:1156[0m - B-spline fit:
[1;38;2;49;54;149m    [INFO][0m - [38;2;116;173;209mfitting.py:bspline_profile:1157[0m -     npoly = 2 profile basis functions
[1;38;2;49;54;149m    [INFO][0m - [38;2;116;173;209mfitting.py:bspline_profile:1158[0m -     ngood = 92278/144492 measurements
[1;38;2;49;54;149m    [INFO][0m - [38;2;116;173;209mfitting.py:bspline_profile:1159[0m - ***************** Iter     Chi^2    N Rej  R. Fac *****************
[1;38;2;49;54;149m    [INFO][0m - [38;2;116;173;209mfitting.py:bspline_profile:1163[0m -                   ----  --------  -------  ------                  
[1;38;2;49;54;149m    [INFO][0m - [38;2;116;173;209mfitting.py:bspline_profile:1257[0m -                      1     0.995    52345    1.00                  
[1;38;2;49;54;149m    [INFO][0m - [38;2;116;173;209mfitting.py:bspline_profile:1257[0m -                      2     0.976    52346    1.00                  
[1;38;2;49;54;149m    [INFO][0m - [38;2;116;173;209mfitting.py:bspline_profile:1257[0m -                      3     0.976    52346    1.00                  
[1;38;2;49;54;149m    [INFO][0m - [38;2;116;173;209mfitting.py:bspline_profile:1272[0m -                   DONE     0.976    52346    1.00                  
[1;38;2;49;54;149m    [INFO][0m - [38;2;116;173;209mfitting.py:bspline_profile:1275[0m - *******************************************************************
[1;38;2;49;54;149m    [INFO][0m - [38;2;116;173;209mfind_objects.py:global_skysub:583[0m - Global sky subtraction for slit: 368
[1;38;2;49;54;149m    [INFO][0m - [38;2;116;173;209mskysub.py:global_skysub:195[0m - Full fit in global sky sub.
[1;38;2;49;54;149m    [INFO][0m - [38;2;116;173;209mfitting.py:bspline_profile:1156[0m - B-spline fit:
[1;38;2;49;54;149m    [INFO][0m - [38;2;116;173;209mfitting.py:bspline_profile:1157[0m -     npoly = 2 profile basis functions
[1;38;2;49;54;149m    [INFO][0m - [38;2;116;173;209mfitting.py:bspline_profile:1158[0m -     ngood = 92592/144531 measurements
[1;38;2;49;54;149m    [INFO][0m - [38;2;116;173;209mfitting.py:bspline_profile:1159[0m - ***************** Iter     Chi^2    N Rej  R. Fac *****************
[1;38;2;49;54;149m    [INFO][0m - [38;2;116;173;209mfitting.py:bspline_profile:1163[0m -                   ----  --------  -------  ------                  
[1;38;2;49;54;149m    [INFO][0m - [38;2;116;173;209mfitting.py:bspline_profile:1257[0m -                      1     0.993    52095    1.00                  
[1;38;2;49;54;149m    [INFO][0m - [38;2;116;173;209mfitting.py:bspline_profile:1257[0m -                      2     0.971    52098    1.00                  
[1;38;2;49;54;149m    [INFO][0m - [38;2;116;173;209mfitting.py:bspline_profile:1257[0m -                      3     0.970    52098    1.00                  
[1;38;2;49;54;149m    [INFO][0m - [38;2;116;173;209mfitting.py:bspline_profile:1272[0m -                   DONE     0.970    52098    1.00                  
[1;38;2;49;54;149m    [INFO][0m - [38;2;116;173;209mfitting.py:bspline_profile:1275[0m - *******************************************************************
[1;38;2;49;54;149m    [INFO][0m - [38;2;116;173;209mfind_objects.py:global_skysub:583[0m - Global sky subtraction for slit: 443
[1;38;2;49;54;149m    [INFO][0m - [38;2;116;173;209mskysub.py:global_skysub:195[0m - Full fit in global sky sub.
[1;38;2;49;54;149m    [INFO][0m - [38;2;116;173;209mfitting.py:bspline_profile:1156[0m - B-spline fit:
[1;38;2;49;54;149m    [INFO][0m - [38;2;116;173;209mfitting.py:bspline_profile:1157[0m -     npoly = 2 profile basis functions
[1;38;2;49;54;149m    [INFO][0m - [38;2;116;173;209mfitting.py:bspline_profile:1158[0m -     ngood = 92721/144482 measurements
[1;38;2;49;54;149m    [INFO][0m - [38;2;116;173;209mfitting.py:bspline_profile:1159[0m - ***************** Iter     Chi^2    N Rej  R. Fac *****************
[1;38;2;49;54;149m    [INFO][0m - [38;2;116;173;209mfitting.py:bspline_profile:1163[0m -                   ----  --------  -------  ------                  
[1;38;2;49;54;149m    [INFO][0m - [38;2;116;173;209mfitting.py:bspline_profile:1257[0m -                      1     1.019    51908    1.00                  
[1;38;2;49;54;149m    [INFO][0m - [38;2;116;173;209mfitting.py:bspline_profile:1257[0m -                      2     0.968    51910    1.00                  
[1;38;2;49;54;149m    [INFO][0m - [38;2;116;173;209mfitting.py:bspline_profile:1257[0m -                      3     0.968    51910    1.00                  
[1;38;2;49;54;149m    [INFO][0m - [38;2;116;173;209mfitting.py:bspline_profile:1272[0m -                   DONE     0.968    51910    1.00                  
[1;38;2;49;54;149m    [INFO][0m - [38;2;116;173;209mfitting.py:bspline_profile:1275[0m - *******************************************************************
[1;38;2;49;54;149m    [INFO][0m - [38;2;116;173;209mfind_objects.py:global_skysub:583[0m - Global sky subtraction for slit: 516
[1;38;2;49;54;149m    [INFO][0m - [38;2;116;173;209mskysub.py:global_skysub:195[0m - Full fit in global sky sub.
[1;38;2;49;54;149m    [INFO][0m - [38;2;116;173;209mfitting.py:bspline_profile:1156[0m - B-spline fit:
[1;38;2;49;54;149m    [INFO][0m - [38;2;116;173;209mfitting.py:bspline_profile:1157[0m -     npoly = 2 profile basis functions
[1;38;2;49;54;149m    [INFO][0m - [38;2;116;173;209mfitting.py:bspline_profile:1158[0m -     ngood = 92441/144444 measurements
[1;38;2;49;54;149m    [INFO][0m - [38;2;116;173;209mfitting.py:bspline_profile:1159[0m - ***************** Iter     Chi^2    N Rej  R. Fac *****************
[1;38;2;49;54;149m    [INFO][0m - [38;2;116;173;209mfitting.py:bspline_profile:1163[0m -                   ----  --------  -------  ------                  
[1;38;2;49;54;149m    [INFO][0m - [38;2;116;173;209mfitting.py:bspline_profile:1257[0m -                      1     0.991    52158    1.00                  
[1;38;2;49;54;149m    [INFO][0m - [38;2;116;173;209mfitting.py:bspline_profile:1257[0m -                      2     0.968    52161    1.00                  
[1;38;2;49;54;149m    [INFO][0m - [38;2;116;173;209mfitting.py:bspline_profile:1257[0m -                      3     0.968    52161    1.00                  
[1;38;2;49;54;149m    [INFO][0m - [38;2;116;173;209mfitting.py:bspline_profile:1272[0m -                   DONE     0.968    52161    1.00                  
[1;38;2;49;54;149m    [INFO][0m - [38;2;116;173;209mfitting.py:bspline_profile:1275[0m - *******************************************************************
[1;38;2;49;54;149m    [INFO][0m - [38;2;116;173;209mfind_objects.py:global_skysub:583[0m - Global sky subtraction for slit: 590
[1;38;2;49;54;149m    [INFO][0m - [38;2;116;173;209mskysub.py:global_skysub:195[0m - Full fit in global sky sub.
[1;38;2;49;54;149m    [INFO][0m - [38;2;116;173;209mfitting.py:bspline_profile:1156[0m - B-spline fit:
[1;38;2;49;54;149m    [INFO][0m - [38;2;116;173;209mfitting.py:bspline_profile:1157[0m -     npoly = 2 profile basis functions
[1;38;2;49;54;149m    [INFO][0m - [38;2;116;173;209mfitting.py:bspline_profile:1158[0m -     ngood = 92620/144489 measurements
[1;38;2;49;54;149m    [INFO][0m - [38;2;116;173;209mfitting.py:bspline_profile:1159[0m - ***************** Iter     Chi^2    N Rej  R. Fac *****************
[1;38;2;49;54;149m    [INFO][0m - [38;2;116;173;209mfitting.py:bspline_profile:1163[0m -                   ----  --------  -------  ------                  
[1;38;2;49;54;149m    [INFO][0m - [38;2;116;173;209mfitting.py:bspline_profile:1257[0m -                      1     0.989    52016    1.00                  
[1;38;2;49;54;149m    [INFO][0m - [38;2;116;173;209mfitting.py:bspline_profile:1257[0m -                      2     0.968    52016    1.00                  
[1;38;2;49;54;149m    [INFO][0m - [38;2;116;173;209mfitting.py:bspline_profile:1272[0m -                   DONE     0.968    52016    1.00                  
[1;38;2;49;54;149m    [INFO][0m - [38;2;116;173;209mfitting.py:bspline_profile:1275[0m - *******************************************************************
[1;38;2;49;54;149m    [INFO][0m - [38;2;116;173;209mfind_objects.py:global_skysub:583[0m - Global sky subtraction for slit: 663
[1;38;2;49;54;149m    [INFO][0m - [38;2;116;173;209mskysub.py:global_skysub:195[0m - Full fit in global sky sub.
[1;38;2;49;54;149m    [INFO][0m - [38;2;116;173;209mfitting.py:bspline_profile:1156[0m - B-spline fit:
[1;38;2;49;54;149m    [INFO][0m - [38;2;116;173;209mfitting.py:bspline_profile:1157[0m -     npoly = 2 profile basis functions
[1;38;2;49;54;149m    [INFO][0m - [38;2;116;173;209mfitting.py:bspline_profile:1158[0m -     ngood = 92656/144545 measurements
[1;38;2;49;54;149m    [INFO][0m - [38;2;116;173;209mfitting.py:bspline_profile:1159[0m - ***************** Iter     Chi^2    N Rej  R. Fac *****************
[1;38;2;49;54;149m    [INFO][0m - [38;2;116;173;209mfitting.py:bspline_profile:1163[0m -                   ----  --------  -------  ------                  
[1;38;2;49;54;149m    [INFO][0m - [38;2;116;173;209mfitting.py:bspline_profile:1257[0m -                      1     0.999    52023    1.00                  
[1;38;2;49;54;149m    [INFO][0m - [38;2;116;173;209mfitting.py:bspline_profile:1257[0m -                      2     0.980    52026    1.00                  
[1;38;2;49;54;149m    [INFO][0m - [38;2;116;173;209mfitting.py:bspline_profile:1257[0m -                      3     0.980    52026    1.00                  
[1;38;2;49;54;149m    [INFO][0m - [38;2;116;173;209mfitting.py:bspline_profile:1272[0m -                   DONE     0.980    52026    1.00                  
[1;38;2;49;54;149m    [INFO][0m - [38;2;116;173;209mfitting.py:bspline_profile:1275[0m - *******************************************************************
[1;38;2;49;54;149m    [INFO][0m - [38;2;116;173;209mfind_objects.py:global_skysub:583[0m - Global sky subtraction for slit: 737
[1;38;2;49;54;149m    [INFO][0m - [38;2;116;173;209mskysub.py:global_skysub:195[0m - Full fit in global sky sub.
[1;38;2;49;54;149m    [INFO][0m - [38;2;116;173;209mfitting.py:bspline_profile:1156[0m - B-spline fit:
[1;38;2;49;54;149m    [INFO][0m - [38;2;116;173;209mfitting.py:bspline_profile:1157[0m -     npoly = 2 profile basis functions
[1;38;2;49;54;149m    [INFO][0m - [38;2;116;173;209mfitting.py:bspline_profile:1158[0m -     ngood = 92384/144387 measurements
[1;38;2;49;54;149m    [INFO][0m - [38;2;116;173;209mfitting.py:bspline_profile:1159[0m - ***************** Iter     Chi^2    N Rej  R. Fac *****************
[1;38;2;49;54;149m    [INFO][0m - [38;2;116;173;209mfitting.py:bspline_profile:1163[0m -                   ----  --------  -------  ------                  
[1;38;2;49;54;149m    [INFO][0m - [38;2;116;173;209mfitting.py:bspline_profile:1257[0m -                      1     1.001    52149    1.00                  
[1;38;2;49;54;149m    [INFO][0m - [38;2;116;173;209mfitting.py:bspline_profile:1257[0m -                      2     0.980    52151    1.00                  
[1;38;2;49;54;149m    [INFO][0m - [38;2;116;173;209mfitting.py:bspline_profile:1257[0m -                      3     0.980    52151    1.00                  
[1;38;2;49;54;149m    [INFO][0m - [38;2;116;173;209mfitting.py:bspline_profile:1272[0m -                   DONE     0.980    52151    1.00                  
[1;38;2;49;54;149m    [INFO][0m - [38;2;116;173;209mfitting.py:bspline_profile:1275[0m - *******************************************************************
[1;38;2;49;54;149m    [INFO][0m - [38;2;116;173;209mfind_objects.py:global_skysub:583[0m - Global sky subtraction for slit: 811
[1;38;2;49;54;149m    [INFO][0m - [38;2;116;173;209mskysub.py:global_skysub:195[0m - Full fit in global sky sub.
[1;38;2;49;54;149m    [INFO][0m - [38;2;116;173;209mfitting.py:bspline_profile:1156[0m - B-spline fit:
[1;38;2;49;54;149m    [INFO][0m - [38;2;116;173;209mfitting.py:bspline_profile:1157[0m -     npoly = 2 profile basis functions
[1;38;2;49;54;149m    [INFO][0m - [38;2;116;173;209mfitting.py:bspline_profile:1158[0m -     ngood = 92362/144286 measurements
[1;38;2;49;54;149m    [INFO][0m - [38;2;116;173;209mfitting.py:bspline_profile:1159[0m - ***************** Iter     Chi^2    N Rej  R. Fac *****************
[1;38;2;49;54;149m    [INFO][0m - [38;2;116;173;209mfitting.py:bspline_profile:1163[0m -                   ----  --------  -------  ------                  
[1;38;2;49;54;149m    [INFO][0m - [38;2;116;173;209mfitting.py:bspline_profile:1257[0m -                      1     1.036    52096    1.00                  
[1;38;2;49;54;149m    [INFO][0m - [38;2;116;173;209mfitting.py:bspline_profile:1257[0m -                      2     1.012    52096    1.00                  
[1;38;2;49;54;149m    [INFO][0m - [38;2;116;173;209mfitting.py:bspline_profile:1272[0m -                   DONE     1.012    52096    1.00                  
[1;38;2;49;54;149m    [INFO][0m - [38;2;116;173;209mfitting.py:bspline_profile:1275[0m - *******************************************************************
[1;38;2;49;54;149m    [INFO][0m - [38;2;116;173;209mfind_objects.py:global_skysub:583[0m - Global sky subtraction for slit: 885
[1;38;2;49;54;149m    [INFO][0m - [38;2;116;173;209mskysub.py:global_skysub:195[0m - Full fit in global sky sub.
[1;38;2;49;54;149m    [INFO][0m - [38;2;116;173;209mfitting.py:bspline_profile:1156[0m - B-spline fit:
[1;38;2;49;54;149m    [INFO][0m - [38;2;116;173;209mfitting.py:bspline_profile:1157[0m -     npoly = 2 profile basis functions
[1;38;2;49;54;149m    [INFO][0m - [38;2;116;173;209mfitting.py:bspline_profile:1158[0m -     ngood = 92574/144431 measurements
[1;38;2;49;54;149m    [INFO][0m - [38;2;116;173;209mfitting.py:bspline_profile:1159[0m - ***************** Iter     Chi^2    N Rej  R. Fac *****************
[1;38;2;49;54;149m    [INFO][0m - [38;2;116;173;209mfitting.py:bspline_profile:1163[0m -                   ----  --------  -------  ------                  
[1;38;2;49;54;149m    [INFO][0m - [38;2;116;173;209mfitting.py:bspline_profile:1257[0m -                      1     1.828    54289    1.00                  
[1;38;2;49;54;149m    [INFO][0m - [38;2;116;173;209mfitting.py:bspline_profile:1257[0m -                      2     1.456    54582    1.00                  
[1;38;2;49;54;149m    [INFO][0m - [38;2;116;173;209mfitting.py:bspline_profile:1257[0m -                      3     1.421    54624    1.00                  
[1;38;2;49;54;149m    [INFO][0m - [38;2;116;173;209mfitting.py:bspline_profile:1257[0m -                      4     1.416    54627    1.00                  
[1;38;2;49;54;149m    [INFO][0m - [38;2;116;173;209mfitting.py:bspline_profile:1257[0m -                      5     1.416    54627    1.00                  
[1;38;2;49;54;149m    [INFO][0m - [38;2;116;173;209mfitting.py:bspline_profile:1272[0m -                   DONE     1.416    54627    1.00                  
[1;38;2;49;54;149m    [INFO][0m - [38;2;116;173;209mfitting.py:bspline_profile:1275[0m - *******************************************************************
[1;38;2;49;54;149m    [INFO][0m - [38;2;116;173;209mfind_objects.py:global_skysub:583[0m - Global sky subtraction for slit: 1163
[1;38;2;49;54;149m    [INFO][0m - [38;2;116;173;209mskysub.py:global_skysub:195[0m - Full fit in global sky sub.
[1;38;2;49;54;149m    [INFO][0m - [38;2;116;173;209mfitting.py:bspline_profile:1156[0m - B-spline fit:
[1;38;2;49;54;149m    [INFO][0m - [38;2;116;173;209mfitting.py:bspline_profile:1157[0m -     npoly = 2 profile basis functions
[1;38;2;49;54;149m    [INFO][0m - [38;2;116;173;209mfitting.py:bspline_profile:1158[0m -     ngood = 92317/144499 measurements
[1;38;2;49;54;149m    [INFO][0m - [38;2;116;173;209mfitting.py:bspline_profile:1159[0m - ***************** Iter     Chi^2    N Rej  R. Fac *****************
[1;38;2;49;54;149m    [INFO][0m - [38;2;116;173;209mfitting.py:bspline_profile:1163[0m -                   ----  --------  -------  ------                  
[1;38;2;49;54;149m    [INFO][0m - [38;2;116;173;209mfitting.py:bspline_profile:1257[0m -                      1     1.286    52824    1.00                  
[1;38;2;49;54;149m    [INFO][0m - [38;2;116;173;209mfitting.py:bspline_profile:1257[0m -                      2     1.180    52850    1.00                  
[1;38;2;49;54;149m    [INFO][0m - [38;2;116;173;209mfitting.py:bspline_profile:1257[0m -                      3     1.177    52850    1.00                  
[1;38;2;49;54;149m    [INFO][0m - [38;2;116;173;209mfitting.py:bspline_profile:1272[0m -                   DONE     1.177    52850    1.00                  
[1;38;2;49;54;149m    [INFO][0m - [38;2;116;173;209mfitting.py:bspline_profile:1275[0m - *******************************************************************
[1;38;2;49;54;149m    [INFO][0m - [38;2;116;173;209mfind_objects.py:global_skysub:583[0m - Global sky subtraction for slit: 1237
[1;38;2;49;54;149m    [INFO][0m - [38;2;116;173;209mskysub.py:global_skysub:195[0m - Full fit in global sky sub.
[1;38;2;49;54;149m    [INFO][0m - [38;2;116;173;209mfitting.py:bspline_profile:1156[0m - B-spline fit:
[1;38;2;49;54;149m    [INFO][0m - [38;2;116;173;209mfitting.py:bspline_profile:1157[0m -     npoly = 2 profile basis functions
[1;38;2;49;54;149m    [INFO][0m - [38;2;116;173;209mfitting.py:bspline_profile:1158[0m -     ngood = 92659/144471 measurements
[1;38;2;49;54;149m    [INFO][0m - [38;2;116;173;209mfitting.py:bspline_profile:1159[0m - ***************** Iter     Chi^2    N Rej  R. Fac *****************
[1;38;2;49;54;149m    [INFO][0m - [38;2;116;173;209mfitting.py:bspline_profile:1163[0m -                   ----  --------  -------  ------                  
[1;38;2;49;54;149m    [INFO][0m - [38;2;116;173;209mfitting.py:bspline_profile:1257[0m -                      1     1.069    52053    1.00                  
[1;38;2;49;54;149m    [INFO][0m - [38;2;116;173;209mfitting.py:bspline_profile:1257[0m -                      2     1.022    52056    1.00                  
[1;38;2;49;54;149m    [INFO][0m - [38;2;116;173;209mfitting.py:bspline_profile:1257[0m -                      3     1.022    52056    1.00                  
[1;38;2;49;54;149m    [INFO][0m - [38;2;116;173;209mfitting.py:bspline_profile:1272[0m -                   DONE     1.022    52056    1.00                  
[1;38;2;49;54;149m    [INFO][0m - [38;2;116;173;209mfitting.py:bspline_profile:1275[0m - *******************************************************************
[1;38;2;49;54;149m    [INFO][0m - [38;2;116;173;209mfind_objects.py:global_skysub:583[0m - Global sky subtraction for slit: 1311
[1;38;2;49;54;149m    [INFO][0m - [38;2;116;173;209mskysub.py:global_skysub:195[0m - Full fit in global sky sub.
[1;38;2;49;54;149m    [INFO][0m - [38;2;116;173;209mfitting.py:bspline_profile:1156[0m - B-spline fit:
[1;38;2;49;54;149m    [INFO][0m - [38;2;116;173;209mfitting.py:bspline_profile:1157[0m -     npoly = 2 profile basis functions
[1;38;2;49;54;149m    [INFO][0m - [38;2;116;173;209mfitting.py:bspline_profile:1158[0m -     ngood = 92580/144445 measurements
[1;38;2;49;54;149m    [INFO][0m - [38;2;116;173;209mfitting.py:bspline_profile:1159[0m - ***************** Iter     Chi^2    N Rej  R. Fac *****************
[1;38;2;49;54;149m    [INFO][0m - [38;2;116;173;209mfitting.py:bspline_profile:1163[0m -                   ----  --------  -------  ------                  
[1;38;2;49;54;149m    [INFO][0m - [38;2;116;173;209mfitting.py:bspline_profile:1257[0m -                      1     3.532    52165    1.00                  
[1;38;2;49;54;149m    [INFO][0m - [38;2;116;173;209mfitting.py:bspline_profile:1257[0m -                      2     1.018    52171    1.00                  
[1;38;2;49;54;149m    [INFO][0m - [38;2;116;173;209mfitting.py:bspline_profile:1257[0m -                      3     1.018    52171    1.00                  
[1;38;2;49;54;149m    [INFO][0m - [38;2;116;173;209mfitting.py:bspline_profile:1272[0m -                   DONE     1.018    52171    1.00                  
[1;38;2;49;54;149m    [INFO][0m - [38;2;116;173;209mfitting.py:bspline_profile:1275[0m - *******************************************************************
[1;38;2;49;54;149m    [INFO][0m - [38;2;116;173;209mfind_objects.py:global_skysub:583[0m - Global sky subtraction for slit: 1385
[1;38;2;49;54;149m    [INFO][0m - [38;2;116;173;209mskysub.py:global_skysub:195[0m - Full fit in global sky sub.
[1;38;2;49;54;149m    [INFO][0m - [38;2;116;173;209mfitting.py:bspline_profile:1156[0m - B-spline fit:
[1;38;2;49;54;149m    [INFO][0m - [38;2;116;173;209mfitting.py:bspline_profile:1157[0m -     npoly = 2 profile basis functions
[1;38;2;49;54;149m    [INFO][0m - [38;2;116;173;209mfitting.py:bspline_profile:1158[0m -     ngood = 92646/144480 measurements
[1;38;2;49;54;149m    [INFO][0m - [38;2;116;173;209mfitting.py:bspline_profile:1159[0m - ***************** Iter     Chi^2    N Rej  R. Fac *****************
[1;38;2;49;54;149m    [INFO][0m - [38;2;116;173;209mfitting.py:bspline_profile:1163[0m -                   ----  --------  -------  ------                  
[1;38;2;49;54;149m    [INFO][0m - [38;2;116;173;209mfitting.py:bspline_profile:1257[0m -                      1     2.993    58450    1.00                  
[1;38;2;49;54;149m    [INFO][0m - [38;2;116;173;209mfitting.py:bspline_profile:1257[0m -                      2     1.381    59364    1.00                  
[1;38;2;49;54;149m    [INFO][0m - [38;2;116;173;209mfitting.py:bspline_profile:1257[0m -                      3     1.254    59554    1.00                  
[1;38;2;49;54;149m    [INFO][0m - [38;2;116;173;209mfitting.py:bspline_profile:1257[0m -                      4     1.231    59581    1.00                  
[1;38;2;49;54;149m    [INFO][0m - [38;2;116;173;209mfitting.py:bspline_profile:1257[0m -                      5     1.227    59582    1.00                  
[1;38;2;49;54;149m    [INFO][0m - [38;2;116;173;209mfitting.py:bspline_profile:1257[0m -                      6     1.227    59582    1.00                  
[1;38;2;49;54;149m    [INFO][0m - [38;2;116;173;209mfitting.py:bspline_profile:1272[0m -                   DONE     1.227    59582    1.00                  
[1;38;2;49;54;149m    [INFO][0m - [38;2;116;173;209mfitting.py:bspline_profile:1275[0m - *******************************************************************
[1;38;2;49;54;149m    [INFO][0m - [38;2;116;173;209mfind_objects.py:global_skysub:583[0m - Global sky subtraction for slit: 1458
[1;38;2;49;54;149m    [INFO][0m - [38;2;116;173;209mskysub.py:global_skysub:195[0m - Full fit in global sky sub.
[1;38;2;49;54;149m    [INFO][0m - [38;2;116;173;209mfitting.py:bspline_profile:1156[0m - B-spline fit:
[1;38;2;49;54;149m    [INFO][0m - [38;2;116;173;209mfitting.py:bspline_profile:1157[0m -     npoly = 2 profile basis functions
[1;38;2;49;54;149m    [INFO][0m - [38;2;116;173;209mfitting.py:bspline_profile:1158[0m -     ngood = 92362/143981 measurements
[1;38;2;49;54;149m    [INFO][0m - [38;2;116;173;209mfitting.py:bspline_profile:1159[0m - ***************** Iter     Chi^2    N Rej  R. Fac *****************
[1;38;2;49;54;149m    [INFO][0m - [38;2;116;173;209mfitting.py:bspline_profile:1163[0m -                   ----  --------  -------  ------                  
[1;38;2;49;54;149m    [INFO][0m - [38;2;116;173;209mfitting.py:bspline_profile:1257[0m -                      1     1.266    51965    1.00                  
[1;38;2;49;54;149m    [INFO][0m - [38;2;116;173;209mfitting.py:bspline_profile:1257[0m -                      2     1.080    51968    1.00                  
[1;38;2;49;54;149m    [INFO][0m - [38;2;116;173;209mfitting.py:bspline_profile:1257[0m -                      3     1.080    51968    1.00                  
[1;38;2;49;54;149m    [INFO][0m - [38;2;116;173;209mfitting.py:bspline_profile:1272[0m -                   DONE     1.080    51968    1.00                  
[1;38;2;49;54;149m    [INFO][0m - [38;2;116;173;209mfitting.py:bspline_profile:1275[0m - *******************************************************************
[1;38;2;49;54;149m    [INFO][0m - [38;2;116;173;209mfind_objects.py:global_skysub:583[0m - Global sky subtraction for slit: 1533
[1;38;2;49;54;149m    [INFO][0m - [38;2;116;173;209mskysub.py:global_skysub:195[0m - Full fit in global sky sub.
[1;38;2;49;54;149m    [INFO][0m - [38;2;116;173;209mfitting.py:bspline_profile:1156[0m - B-spline fit:
[1;38;2;49;54;149m    [INFO][0m - [38;2;116;173;209mfitting.py:bspline_profile:1157[0m -     npoly = 2 profile basis functions
[1;38;2;49;54;149m    [INFO][0m - [38;2;116;173;209mfitting.py:bspline_profile:1158[0m -     ngood = 92819/144358 measurements
[1;38;2;49;54;149m    [INFO][0m - [38;2;116;173;209mfitting.py:bspline_profile:1159[0m - ***************** Iter     Chi^2    N Rej  R. Fac *****************
[1;38;2;49;54;149m    [INFO][0m - [38;2;116;173;209mfitting.py:bspline_profile:1163[0m -                   ----  --------  -------  ------                  
[1;38;2;49;54;149m    [INFO][0m - [38;2;116;173;209mfitting.py:bspline_profile:1257[0m -                      1     1.001    51704    1.00                  
[1;38;2;49;54;149m    [INFO][0m - [38;2;116;173;209mfitting.py:bspline_profile:1257[0m -                      2     0.977    51708    1.00                  
[1;38;2;49;54;149m    [INFO][0m - [38;2;116;173;209mfitting.py:bspline_profile:1257[0m -                      3     0.976    51708    1.00                  
[1;38;2;49;54;149m    [INFO][0m - [38;2;116;173;209mfitting.py:bspline_profile:1272[0m -                   DONE     0.976    51708    1.00                  
[1;38;2;49;54;149m    [INFO][0m - [38;2;116;173;209mfitting.py:bspline_profile:1275[0m - *******************************************************************
[1;38;2;49;54;149m    [INFO][0m - [38;2;116;173;209mfind_objects.py:global_skysub:583[0m - Global sky subtraction for slit: 1606
[1;38;2;49;54;149m    [INFO][0m - [38;2;116;173;209mskysub.py:global_skysub:195[0m - Full fit in global sky sub.
[1;38;2;49;54;149m    [INFO][0m - [38;2;116;173;209mfitting.py:bspline_profile:1156[0m - B-spline fit:
[1;38;2;49;54;149m    [INFO][0m - [38;2;116;173;209mfitting.py:bspline_profile:1157[0m -     npoly = 2 profile basis functions
[1;38;2;49;54;149m    [INFO][0m - [38;2;116;173;209mfitting.py:bspline_profile:1158[0m -     ngood = 92517/144314 measurements
[1;38;2;49;54;149m    [INFO][0m - [38;2;116;173;209mfitting.py:bspline_profile:1159[0m - ***************** Iter     Chi^2    N Rej  R. Fac *****************
[1;38;2;49;54;149m    [INFO][0m - [38;2;116;173;209mfitting.py:bspline_profile:1163[0m -                   ----  --------  -------  ------                  
[1;38;2;49;54;149m    [INFO][0m - [38;2;116;173;209mfitting.py:bspline_profile:1257[0m -                      1     1.067    52003    1.00                  
[1;38;2;49;54;149m    [INFO][0m - [38;2;116;173;209mfitting.py:bspline_profile:1257[0m -                      2     1.037    52008    1.00                  
[1;38;2;49;54;149m    [INFO][0m - [38;2;116;173;209mfitting.py:bspline_profile:1257[0m -                      3     1.037    52008    1.00                  
[1;38;2;49;54;149m    [INFO][0m - [38;2;116;173;209mfitting.py:bspline_profile:1272[0m -                   DONE     1.037    52008    1.00                  
[1;38;2;49;54;149m    [INFO][0m - [38;2;116;173;209mfitting.py:bspline_profile:1275[0m - *******************************************************************
[1;38;2;49;54;149m    [INFO][0m - [38;2;116;173;209mfind_objects.py:global_skysub:583[0m - Global sky subtraction for slit: 1682
[1;38;2;49;54;149m    [INFO][0m - [38;2;116;173;209mskysub.py:global_skysub:195[0m - Full fit in global sky sub.
[1;38;2;49;54;149m    [INFO][0m - [38;2;116;173;209mfitting.py:bspline_profile:1156[0m - B-spline fit:
[1;38;2;49;54;149m    [INFO][0m - [38;2;116;173;209mfitting.py:bspline_profile:1157[0m -     npoly = 2 profile basis functions
[1;38;2;49;54;149m    [INFO][0m - [38;2;116;173;209mfitting.py:bspline_profile:1158[0m -     ngood = 92412/144135 measurements
[1;38;2;49;54;149m    [INFO][0m - [38;2;116;173;209mfitting.py:bspline_profile:1159[0m - ***************** Iter     Chi^2    N Rej  R. Fac *****************
[1;38;2;49;54;149m    [INFO][0m - [38;2;116;173;209mfitting.py:bspline_profile:1163[0m -                   ----  --------  -------  ------                  
[1;38;2;49;54;149m    [INFO][0m - [38;2;116;173;209mfitting.py:bspline_profile:1257[0m -                      1     1.453    53501    1.00                  
[1;38;2;49;54;149m    [INFO][0m - [38;2;116;173;209mfitting.py:bspline_profile:1257[0m -                      2     1.148    53698    1.00                  
[1;38;2;49;54;149m    [INFO][0m - [38;2;116;173;209mfitting.py:bspline_profile:1257[0m -                      3     1.124    53713    1.00                  
[1;38;2;49;54;149m    [INFO][0m - [38;2;116;173;209mfitting.py:bspline_profile:1257[0m -                      4     1.122    53713    1.00                  
[1;38;2;49;54;149m    [INFO][0m - [38;2;116;173;209mfitting.py:bspline_profile:1272[0m -                   DONE     1.122    53713    1.00                  
[1;38;2;49;54;149m    [INFO][0m - [38;2;116;173;209mfitting.py:bspline_profile:1275[0m - *******************************************************************
[1;38;2;49;54;149m    [INFO][0m - [38;2;116;173;209mfind_objects.py:global_skysub:583[0m - Global sky subtraction for slit: 1757
[1;38;2;49;54;149m    [INFO][0m - [38;2;116;173;209mskysub.py:global_skysub:195[0m - Full fit in global sky sub.
[1;38;2;49;54;149m    [INFO][0m - [38;2;116;173;209mfitting.py:bspline_profile:1156[0m - B-spline fit:
[1;38;2;49;54;149m    [INFO][0m - [38;2;116;173;209mfitting.py:bspline_profile:1157[0m -     npoly = 2 profile basis functions
[1;38;2;49;54;149m    [INFO][0m - [38;2;116;173;209mfitting.py:bspline_profile:1158[0m -     ngood = 92345/143857 measurements
[1;38;2;49;54;149m    [INFO][0m - [38;2;116;173;209mfitting.py:bspline_profile:1159[0m - ***************** Iter     Chi^2    N Rej  R. Fac *****************
[1;38;2;49;54;149m    [INFO][0m - [38;2;116;173;209mfitting.py:bspline_profile:1163[0m -                   ----  --------  -------  ------                  
[1;38;2;49;54;149m    [INFO][0m - [38;2;116;173;209mfitting.py:bspline_profile:1257[0m -                      1     1.012    51704    1.00                  
[1;38;2;49;54;149m    [INFO][0m - [38;2;116;173;209mfitting.py:bspline_profile:1257[0m -                      2     0.984    51705    1.00                  
[1;38;2;49;54;149m    [INFO][0m - [38;2;116;173;209mfitting.py:bspline_profile:1257[0m -                      3     0.984    51705    1.00                  
[1;38;2;49;54;149m    [INFO][0m - [38;2;116;173;209mfitting.py:bspline_profile:1272[0m -                   DONE     0.984    51705    1.00                  
[1;38;2;49;54;149m    [INFO][0m - [38;2;116;173;209mfitting.py:bspline_profile:1275[0m - *******************************************************************
[1;38;2;49;54;149m    [INFO][0m - [38;2;116;173;209mfind_objects.py:global_skysub:583[0m - Global sky subtraction for slit: 1836
[1;38;2;49;54;149m    [INFO][0m - [38;2;116;173;209mskysub.py:global_skysub:195[0m - Full fit in global sky sub.
[1;38;2;49;54;149m    [INFO][0m - [38;2;116;173;209mfitting.py:bspline_profile:1156[0m - B-spline fit:
[1;38;2;49;54;149m    [INFO][0m - [38;2;116;173;209mfitting.py:bspline_profile:1157[0m -     npoly = 2 profile basis functions
[1;38;2;49;54;149m    [INFO][0m - [38;2;116;173;209mfitting.py:bspline_profile:1158[0m -     ngood = 92388/144141 measurements
[1;38;2;49;54;149m    [INFO][0m - [38;2;116;173;209mfitting.py:bspline_profile:1159[0m - ***************** Iter     Chi^2    N Rej  R. Fac *****************
[1;38;2;49;54;149m    [INFO][0m - [38;2;116;173;209mfitting.py:bspline_profile:1163[0m -                   ----  --------  -------  ------                  
[1;38;2;49;54;149m    [INFO][0m - [38;2;116;173;209mfitting.py:bspline_profile:1257[0m -                      1     1.149    51961    1.00                  
[1;38;2;49;54;149m    [INFO][0m - [38;2;116;173;209mfitting.py:bspline_profile:1257[0m -                      2     0.981    51963    1.00                  
[1;38;2;49;54;149m    [INFO][0m - [38;2;116;173;209mfitting.py:bspline_profile:1257[0m -                      3     0.980    51963    1.00                  
[1;38;2;49;54;149m    [INFO][0m - [38;2;116;173;209mfitting.py:bspline_profile:1272[0m -                   DONE     0.980    51963    1.00                  
[1;38;2;49;54;149m    [INFO][0m - [38;2;116;173;209mfitting.py:bspline_profile:1275[0m - *******************************************************************
[1;38;2;49;54;149m    [INFO][0m - [38;2;116;173;209mfind_objects.py:global_skysub:583[0m - Global sky subtraction for slit: 1913
[1;38;2;49;54;149m    [INFO][0m - [38;2;116;173;209mskysub.py:global_skysub:195[0m - Full fit in global sky sub.
[1;38;2;49;54;149m    [INFO][0m - [38;2;116;173;209mfitting.py:bspline_profile:1156[0m - B-spline fit:
[1;38;2;49;54;149m    [INFO][0m - [38;2;116;173;209mfitting.py:bspline_profile:1157[0m -     npoly = 2 profile basis functions
[1;38;2;49;54;149m    [INFO][0m - [38;2;116;173;209mfitting.py:bspline_profile:1158[0m -     ngood = 92379/143900 measurements
[1;38;2;49;54;149m    [INFO][0m - [38;2;116;173;209mfitting.py:bspline_profile:1159[0m - ***************** Iter     Chi^2    N Rej  R. Fac *****************
[1;38;2;49;54;149m    [INFO][0m - [38;2;116;173;209mfitting.py:bspline_profile:1163[0m -                   ----  --------  -------  ------                  
[1;38;2;49;54;149m    [INFO][0m - [38;2;116;173;209mfitting.py:bspline_profile:1257[0m -                      1     1.003    51682    1.00                  
[1;38;2;49;54;149m    [INFO][0m - [38;2;116;173;209mfitting.py:bspline_profile:1257[0m -                      2     0.979    51684    1.00                  
[1;38;2;49;54;149m    [INFO][0m - [38;2;116;173;209mfitting.py:bspline_profile:1257[0m -                      3     0.978    51684    1.00                  
[1;38;2;49;54;149m    [INFO][0m - [38;2;116;173;209mfitting.py:bspline_profile:1272[0m -                   DONE     0.978    51684    1.00                  
[1;38;2;49;54;149m    [INFO][0m - [38;2;116;173;209mfitting.py:bspline_profile:1275[0m - *******************************************************************
[1;38;2;49;54;149m    [INFO][0m - [38;2;116;173;209mfind_objects.py:global_skysub:583[0m - Global sky subtraction for slit: 1995
[1;38;2;49;54;149m    [INFO][0m - [38;2;116;173;209mskysub.py:global_skysub:195[0m - Full fit in global sky sub.
[1;38;2;49;54;149m    [INFO][0m - [38;2;116;173;209mfitting.py:bspline_profile:1156[0m - B-spline fit:
[1;38;2;49;54;149m    [INFO][0m - [38;2;116;173;209mfitting.py:bspline_profile:1157[0m -     npoly = 2 profile basis functions
[1;38;2;49;54;149m    [INFO][0m - [38;2;116;173;209mfitting.py:bspline_profile:1158[0m -     ngood = 91773/143290 measurements
[1;38;2;49;54;149m    [INFO][0m - [38;2;116;173;209mfitting.py:bspline_profile:1159[0m - ***************** Iter     Chi^2    N Rej  R. Fac *****************
[1;38;2;49;54;149m    [INFO][0m - [38;2;116;173;209mfitting.py:bspline_profile:1163[0m -                   ----  --------  -------  ------                  
[1;38;2;49;54;149m    [INFO][0m - [38;2;116;173;209mfitting.py:bspline_profile:1257[0m -                      1     1.004    51671    1.00                  
[1;38;2;49;54;149m    [INFO][0m - [38;2;116;173;209mfitting.py:bspline_profile:1257[0m -                      2     0.982    51673    1.00                  
[1;38;2;49;54;149m    [INFO][0m - [38;2;116;173;209mfitting.py:bspline_profile:1257[0m -                      3     0.982    51673    1.00                  
[1;38;2;49;54;149m    [INFO][0m - [38;2;116;173;209mfitting.py:bspline_profile:1272[0m -                   DONE     0.982    51673    1.00                  
[1;38;2;49;54;149m    [INFO][0m - [38;2;116;173;209mfitting.py:bspline_profile:1275[0m - *******************************************************************
[1;38;2;49;54;149m    [INFO][0m - [38;2;116;173;209mfind_objects.py:find_objects_pypeline:788[0m - Finding objects on slit # 60
[1;38;2;49;54;149m    [INFO][0m - [38;2;116;173;209mfindobj_skymask.py:objs_in_slit:2095[0m - No objects found automatically.  Consider manual extraction.
[1;38;2;49;54;149m    [INFO][0m - [38;2;116;173;209mfind_objects.py:find_objects_pypeline:788[0m - Finding objects on slit # 140
[1;38;2;49;54;149m    [INFO][0m - [38;2;116;173;209mfindobj_skymask.py:objs_in_slit:2095[0m - No objects found automatically.  Consider manual extraction.
[1;38;2;49;54;149m    [INFO][0m - [38;2;116;173;209mfind_objects.py:find_objects_pypeline:788[0m - Finding objects on slit # 216
[1;38;2;49;54;149m    [INFO][0m - [38;2;116;173;209mfindobj_skymask.py:objs_in_slit:2095[0m - No objects found automatically.  Consider manual extraction.
[1;38;2;49;54;149m    [INFO][0m - [38;2;116;173;209mfind_objects.py:find_objects_pypeline:788[0m - Finding objects on slit # 294
[1;38;2;49;54;149m    [INFO][0m - [38;2;116;173;209mfindobj_skymask.py:objs_in_slit:2095[0m - No objects found automatically.  Consider manual extraction.
[1;38;2;49;54;149m    [INFO][0m - [38;2;116;173;209mfind_objects.py:find_objects_pypeline:788[0m - Finding objects on slit # 368
[1;38;2;49;54;149m    [INFO][0m - [38;2;116;173;209mfindobj_skymask.py:objs_in_slit:2095[0m - No objects found automatically.  Consider manual extraction.
[1;38;2;49;54;149m    [INFO][0m - [38;2;116;173;209mfind_objects.py:find_objects_pypeline:788[0m - Finding objects on slit # 443
[1;38;2;49;54;149m    [INFO][0m - [38;2;116;173;209mfindobj_skymask.py:objs_in_slit:2095[0m - No objects found automatically.  Consider manual extraction.
[1;38;2;49;54;149m    [INFO][0m - [38;2;116;173;209mfind_objects.py:find_objects_pypeline:788[0m - Finding objects on slit # 516
[1;38;2;49;54;149m    [INFO][0m - [38;2;116;173;209mfindobj_skymask.py:objs_in_slit:2095[0m - No objects found automatically.  Consider manual extraction.
[1;38;2;49;54;149m    [INFO][0m - [38;2;116;173;209mfind_objects.py:find_objects_pypeline:788[0m - Finding objects on slit # 590
[1;38;2;49;54;149m    [INFO][0m - [38;2;116;173;209mfindobj_skymask.py:objs_in_slit:2095[0m - No objects found automatically.  Consider manual extraction.
[1;38;2;49;54;149m    [INFO][0m - [38;2;116;173;209mfind_objects.py:find_objects_pypeline:788[0m - Finding objects on slit # 663
[1;38;2;49;54;149m    [INFO][0m - [38;2;116;173;209mfindobj_skymask.py:objs_in_slit:2073[0m - Using slit edges as crutch for object tracing
[1;38;2;49;54;149m    [INFO][0m - [38;2;116;173;209mfindobj_skymask.py:objs_in_slit:2098[0m - Automatic finding routine found 1 objects
[1;38;2;49;54;149m    [INFO][0m - [38;2;116;173;209mfindobj_skymask.py:objs_in_slit:2102[0m - Fitting the traces
[1;38;2;253;174;97m [WARNING][0m - [38;2;116;173;209mpolyutils.py:_fit:662[0m - RankWarning: The fit may be poorly conditioned
[1;38;2;49;54;149m    [INFO][0m - [38;2;116;173;209mfindobj_skymask.py:objs_in_slit:2254[0m - Successfully traced a total of 1 objects
[1;38;2;49;54;149m    [INFO][0m - [38;2;116;173;209mfind_objects.py:find_objects_pypeline:788[0m - Finding objects on slit # 737
[1;38;2;49;54;149m    [INFO][0m - [38;2;116;173;209mfindobj_skymask.py:objs_in_slit:2073[0m - Using slit edges as crutch for object tracing
[1;38;2;49;54;149m    [INFO][0m - [38;2;116;173;209mfindobj_skymask.py:objs_in_slit:2098[0m - Automatic finding routine found 1 objects
[1;38;2;49;54;149m    [INFO][0m - [38;2;116;173;209mfindobj_skymask.py:objs_in_slit:2102[0m - Fitting the traces
[1;38;2;253;174;97m [WARNING][0m - [38;2;116;173;209mpolyutils.py:_fit:662[0m - RankWarning: The fit may be poorly conditioned
[1;38;2;49;54;149m    [INFO][0m - [38;2;116;173;209mfindobj_skymask.py:objs_in_slit:2254[0m - Successfully traced a total of 1 objects
[1;38;2;49;54;149m    [INFO][0m - [38;2;116;173;209mfind_objects.py:find_objects_pypeline:788[0m - Finding objects on slit # 811
[1;38;2;49;54;149m    [INFO][0m - [38;2;116;173;209mfindobj_skymask.py:objs_in_slit:2073[0m - Using slit edges as crutch for object tracing
[1;38;2;49;54;149m    [INFO][0m - [38;2;116;173;209mfindobj_skymask.py:objs_in_slit:2098[0m - Automatic finding routine found 1 objects
[1;38;2;49;54;149m    [INFO][0m - [38;2;116;173;209mfindobj_skymask.py:objs_in_slit:2102[0m - Fitting the traces
[1;38;2;253;174;97m [WARNING][0m - [38;2;116;173;209mpolyutils.py:_fit:662[0m - RankWarning: The fit may be poorly conditioned
[1;38;2;49;54;149m    [INFO][0m - [38;2;116;173;209mfindobj_skymask.py:objs_in_slit:2254[0m - Successfully traced a total of 1 objects
[1;38;2;49;54;149m    [INFO][0m - [38;2;116;173;209mfind_objects.py:find_objects_pypeline:788[0m - Finding objects on slit # 885
[1;38;2;49;54;149m    [INFO][0m - [38;2;116;173;209mfindobj_skymask.py:objs_in_slit:2073[0m - Using slit edges as crutch for object tracing
[1;38;2;49;54;149m    [INFO][0m - [38;2;116;173;209mfindobj_skymask.py:objs_in_slit:2098[0m - Automatic finding routine found 2 objects
[1;38;2;49;54;149m    [INFO][0m - [38;2;116;173;209mfindobj_skymask.py:objs_in_slit:2102[0m - Fitting the traces
[1;38;2;253;174;97m [WARNING][0m - [38;2;116;173;209mpolyutils.py:_fit:662[0m - RankWarning: The fit may be poorly conditioned
[1;38;2;49;54;149m    [INFO][0m - [38;2;116;173;209mfindobj_skymask.py:objs_in_slit:2254[0m - Successfully traced a total of 2 objects
[1;38;2;49;54;149m    [INFO][0m - [38;2;116;173;209mfind_objects.py:find_objects_pypeline:788[0m - Finding objects on slit # 1163
[1;38;2;49;54;149m    [INFO][0m - [38;2;116;173;209mfindobj_skymask.py:objs_in_slit:2073[0m - Using slit edges as crutch for object tracing
[1;38;2;49;54;149m    [INFO][0m - [38;2;116;173;209mfindobj_skymask.py:objs_in_slit:2098[0m - Automatic finding routine found 1 objects
[1;38;2;49;54;149m    [INFO][0m - [38;2;116;173;209mfindobj_skymask.py:objs_in_slit:2102[0m - Fitting the traces
[1;38;2;253;174;97m [WARNING][0m - [38;2;116;173;209mpolyutils.py:_fit:662[0m - RankWarning: The fit may be poorly conditioned
[1;38;2;49;54;149m    [INFO][0m - [38;2;116;173;209mfindobj_skymask.py:objs_in_slit:2254[0m - Successfully traced a total of 1 objects
[1;38;2;49;54;149m    [INFO][0m - [38;2;116;173;209mfind_objects.py:find_objects_pypeline:788[0m - Finding objects on slit # 1237
[1;38;2;49;54;149m    [INFO][0m - [38;2;116;173;209mfindobj_skymask.py:objs_in_slit:2073[0m - Using slit edges as crutch for object tracing
[1;38;2;49;54;149m    [INFO][0m - [38;2;116;173;209mfindobj_skymask.py:objs_in_slit:2098[0m - Automatic finding routine found 1 objects
[1;38;2;49;54;149m    [INFO][0m - [38;2;116;173;209mfindobj_skymask.py:objs_in_slit:2102[0m - Fitting the traces
[1;38;2;253;174;97m [WARNING][0m - [38;2;116;173;209mpolyutils.py:_fit:662[0m - RankWarning: The fit may be poorly conditioned
[1;38;2;49;54;149m    [INFO][0m - [38;2;116;173;209mfindobj_skymask.py:objs_in_slit:2254[0m - Successfully traced a total of 1 objects
[1;38;2;49;54;149m    [INFO][0m - [38;2;116;173;209mfind_objects.py:find_objects_pypeline:788[0m - Finding objects on slit # 1311
[1;38;2;49;54;149m    [INFO][0m - [38;2;116;173;209mfindobj_skymask.py:objs_in_slit:2073[0m - Using slit edges as crutch for object tracing
[1;38;2;49;54;149m    [INFO][0m - [38;2;116;173;209mfindobj_skymask.py:objs_in_slit:2098[0m - Automatic finding routine found 1 objects
[1;38;2;49;54;149m    [INFO][0m - [38;2;116;173;209mfindobj_skymask.py:objs_in_slit:2102[0m - Fitting the traces
[1;38;2;253;174;97m [WARNING][0m - [38;2;116;173;209mpolyutils.py:_fit:662[0m - RankWarning: The fit may be poorly conditioned
[1;38;2;49;54;149m    [INFO][0m - [38;2;116;173;209mfindobj_skymask.py:objs_in_slit:2254[0m - Successfully traced a total of 1 objects
[1;38;2;49;54;149m    [INFO][0m - [38;2;116;173;209mfind_objects.py:find_objects_pypeline:788[0m - Finding objects on slit # 1385
[1;38;2;49;54;149m    [INFO][0m - [38;2;116;173;209mfindobj_skymask.py:objs_in_slit:2073[0m - Using slit edges as crutch for object tracing
[1;38;2;49;54;149m    [INFO][0m - [38;2;116;173;209mfindobj_skymask.py:objs_in_slit:2098[0m - Automatic finding routine found 2 objects
[1;38;2;49;54;149m    [INFO][0m - [38;2;116;173;209mfindobj_skymask.py:objs_in_slit:2102[0m - Fitting the traces
[1;38;2;253;174;97m [WARNING][0m - [38;2;116;173;209mpolyutils.py:_fit:662[0m - RankWarning: The fit may be poorly conditioned
[1;38;2;49;54;149m    [INFO][0m - [38;2;116;173;209mfindobj_skymask.py:objs_in_slit:2254[0m - Successfully traced a total of 2 objects
[1;38;2;49;54;149m    [INFO][0m - [38;2;116;173;209mfind_objects.py:find_objects_pypeline:788[0m - Finding objects on slit # 1458
[1;38;2;49;54;149m    [INFO][0m - [38;2;116;173;209mfindobj_skymask.py:objs_in_slit:2073[0m - Using slit edges as crutch for object tracing
[1;38;2;49;54;149m    [INFO][0m - [38;2;116;173;209mfindobj_skymask.py:objs_in_slit:2098[0m - Automatic finding routine found 2 objects
[1;38;2;49;54;149m    [INFO][0m - [38;2;116;173;209mfindobj_skymask.py:objs_in_slit:2102[0m - Fitting the traces
[1;38;2;253;174;97m [WARNING][0m - [38;2;116;173;209mpolyutils.py:_fit:662[0m - RankWarning: The fit may be poorly conditioned
[1;38;2;49;54;149m    [INFO][0m - [38;2;116;173;209mfindobj_skymask.py:objs_in_slit:2254[0m - Successfully traced a total of 2 objects
[1;38;2;49;54;149m    [INFO][0m - [38;2;116;173;209mfind_objects.py:find_objects_pypeline:788[0m - Finding objects on slit # 1533
[1;38;2;49;54;149m    [INFO][0m - [38;2;116;173;209mfindobj_skymask.py:objs_in_slit:2095[0m - No objects found automatically.  Consider manual extraction.
[1;38;2;49;54;149m    [INFO][0m - [38;2;116;173;209mfind_objects.py:find_objects_pypeline:788[0m - Finding objects on slit # 1606
[1;38;2;253;174;97m [WARNING][0m - [38;2;116;173;209mfindobj_skymask.py:objs_in_slit:2000[0m - Discarding 1 at spatial pixels spat = [67.75050942] which land within trim_edg = (left, right) = [5, 5] pixels from the slit boundary for this nsamp = 70.00 wide slit
[1;38;2;253;174;97m [WARNING][0m - [38;2;116;173;209mfindobj_skymask.py:objs_in_slit:2004[0m - You must decrease from the current value of trim_edg in order to keep them
[1;38;2;253;174;97m [WARNING][0m - [38;2;116;173;209mfindobj_skymask.py:objs_in_slit:2005[0m - Such edge objects are often spurious
[1;38;2;49;54;149m    [INFO][0m - [38;2;116;173;209mfindobj_skymask.py:objs_in_slit:2095[0m - No objects found automatically.  Consider manual extraction.
[1;38;2;49;54;149m    [INFO][0m - [38;2;116;173;209mfind_objects.py:find_objects_pypeline:788[0m - Finding objects on slit # 1682
[1;38;2;253;174;97m [WARNING][0m - [38;2;116;173;209mfindobj_skymask.py:objs_in_slit:2000[0m - Discarding 1 at spatial pixels spat = [67.12381991] which land within trim_edg = (left, right) = [5, 5] pixels from the slit boundary for this nsamp = 70.00 wide slit
[1;38;2;253;174;97m [WARNING][0m - [38;2;116;173;209mfindobj_skymask.py:objs_in_slit:2004[0m - You must decrease from the current value of trim_edg in order to keep them
[1;38;2;253;174;97m [WARNING][0m - [38;2;116;173;209mfindobj_skymask.py:objs_in_slit:2005[0m - Such edge objects are often spurious
[1;38;2;49;54;149m    [INFO][0m - [38;2;116;173;209mfindobj_skymask.py:objs_in_slit:2095[0m - No objects found automatically.  Consider manual extraction.
[1;38;2;49;54;149m    [INFO][0m - [38;2;116;173;209mfind_objects.py:find_objects_pypeline:788[0m - Finding objects on slit # 1757
[1;38;2;49;54;149m    [INFO][0m - [38;2;116;173;209mfindobj_skymask.py:objs_in_slit:2095[0m - No objects found automatically.  Consider manual extraction.
[1;38;2;49;54;149m    [INFO][0m - [38;2;116;173;209mfind_objects.py:find_objects_pypeline:788[0m - Finding objects on slit # 1836
[1;38;2;49;54;149m    [INFO][0m - [38;2;116;173;209mfindobj_skymask.py:objs_in_slit:2095[0m - No objects found automatically.  Consider manual extraction.
[1;38;2;49;54;149m    [INFO][0m - [38;2;116;173;209mfind_objects.py:find_objects_pypeline:788[0m - Finding objects on slit # 1913
[1;38;2;49;54;149m    [INFO][0m - [38;2;116;173;209mfindobj_skymask.py:objs_in_slit:2095[0m - No objects found automatically.  Consider manual extraction.
[1;38;2;49;54;149m    [INFO][0m - [38;2;116;173;209mfind_objects.py:find_objects_pypeline:788[0m - Finding objects on slit # 1995
[1;38;2;49;54;149m    [INFO][0m - [38;2;116;173;209mfindobj_skymask.py:objs_in_slit:2095[0m - No objects found automatically.  Consider manual extraction.
[1;38;2;49;54;149m    [INFO][0m - [38;2;116;173;209mfind_objects.py:run:373[0m - Either no objects were found or a user-provided sky mask was used.  Skipping second pass of sky-subtraction and object finding.
[1;38;2;49;54;149m    [INFO][0m - [38;2;116;173;209mdatamodel.py:from_file:1558[0m - Loading BiasImage from /Users/kaiwenzhang/PycharmProjects/KCWI/KCWI_RED_channel_characterization/RH1 pypeit run/2023-11-07/pypeit_run/keck_kcrm_B/Calibrations/Bias_B_1_DET01.fits
[1;38;2;253;174;97m [WARNING][0m - [38;2;116;173;209mcalibrations.py:get_dark:606[0m - No raw dark frames found and unable to identify a relevant processed calibration frame.  Continuing...
[1;38;2;49;54;149m    [INFO][0m - [38;2;116;173;209mkeck_kcwi.py:get_rawimage:1426[0m - Reading KCWI file: /Users/kaiwenzhang/PycharmProjects/KCWI/KCWI_RED_channel_characterization/fits/by_night/RH1/2023-11-07/KR.20231108.54782.48.fits
[1;38;2;49;54;149m    [INFO][0m - [38;2;116;173;209mdatamodel.py:from_file:1558[0m - Loading ArcImage from /Users/kaiwenzhang/PycharmProjects/KCWI/KCWI_RED_channel_characterization/RH1 pypeit run/2023-11-07/pypeit_run/keck_kcrm_B/Calibrations/Arc_B_1_DET01.fits
[1;38;2;49;54;149m    [INFO][0m - [38;2;116;173;209mdatamodel.py:from_file:1558[0m - Loading TiltImage from /Users/kaiwenzhang/PycharmProjects/KCWI/KCWI_RED_channel_characterization/RH1 pypeit run/2023-11-07/pypeit_run/keck_kcrm_B/Calibrations/Tiltimg_B_1_DET01.fits
[1;38;2;49;54;149m    [INFO][0m - [38;2;116;173;209mdatamodel.py:from_file:1558[0m - Loading SlitTraceSet from /Users/kaiwenzhang/PycharmProjects/KCWI/KCWI_RED_channel_characterization/RH1 pypeit run/2023-11-07/pypeit_run/keck_kcrm_B/Calibrations/Slits_B_1_DET01.fits.gz
[1;38;2;49;54;149m    [INFO][0m - [38;2;116;173;209mdatamodel.py:from_file:1558[0m - Loading WaveCalib from /Users/kaiwenzhang/PycharmProjects/KCWI/KCWI_RED_channel_characterization/RH1 pypeit run/2023-11-07/pypeit_run/keck_kcrm_B/Calibrations/WaveCalib_B_1_DET01.fits
[1;38;2;49;54;149m    [INFO][0m - [38;2;116;173;209mdatamodel.py:from_file:1558[0m - Loading WaveTilts from /Users/kaiwenzhang/PycharmProjects/KCWI/KCWI_RED_channel_characterization/RH1 pypeit run/2023-11-07/pypeit_run/keck_kcrm_B/Calibrations/Tilts_B_1_DET01.fits
[1;38;2;49;54;149m    [INFO][0m - [38;2;116;173;209mdatamodel.py:from_file:1558[0m - Loading Alignments from /Users/kaiwenzhang/PycharmProjects/KCWI/KCWI_RED_channel_characterization/RH1 pypeit run/2023-11-07/pypeit_run/keck_kcrm_B/Calibrations/Alignment_B_1_DET01.fits
[1;38;2;49;54;149m    [INFO][0m - [38;2;116;173;209mdatamodel.py:from_file:1558[0m - Loading ScatteredLight from /Users/kaiwenzhang/PycharmProjects/KCWI/KCWI_RED_channel_characterization/RH1 pypeit run/2023-11-07/pypeit_run/keck_kcrm_B/Calibrations/ScatteredLight_B_1_DET01.fits.gz
[1;38;2;49;54;149m    [INFO][0m - [38;2;116;173;209mdatamodel.py:from_file:1558[0m - Loading FlatImages from /Users/kaiwenzhang/PycharmProjects/KCWI/KCWI_RED_channel_characterization/RH1 pypeit run/2023-11-07/pypeit_run/keck_kcrm_B/Calibrations/Flat_B_1_DET01.fits
[1;38;2;49;54;149m    [INFO][0m - [38;2;116;173;209mcalibrations.py:run_the_steps:1459[0m - Calibration complete and/or fully loaded!
[1;38;2;49;54;149m    [INFO][0m - [38;2;116;173;209mcalibrations.py:run_the_steps:1460[0m - #######################################################################
[1;38;2;49;54;149m    [INFO][0m - [38;2;116;173;209mpypeit_steps.py:extract_det:732[0m - Extraction skipped for KR.20231108.54782.48-g191b2b_KCRM_20231108T151302.525 on det=1
[1;38;2;49;54;149m    [INFO][0m - [38;2;116;173;209mwavetilts.py:fit2tiltimg:143[0m - Generating a tilts image from the fit parameters
[1;38;2;49;54;149m    [INFO][0m - [38;2;116;173;209mpypeit_steps.py:refframe_correct:906[0m - Performing a heliocentric correction
[1;38;2;49;54;149m    [INFO][0m - [38;2;116;173;209mpypeit_steps.py:refframe_correct:915[0m - Applying heliocentric correction = 14.44069 km/s
WARNING: Format d cannot be mapped to the accepted TDISPn keyword values.  Format will not be moved into TDISPn keyword. [astropy.io.fits.column]
WARNING: Format 0.1f cannot be mapped to the accepted TDISPn keyword values.  Format will not be moved into TDISPn keyword. [astropy.io.fits.column]
WARNING: Format 0.3f cannot be mapped to the accepted TDISPn keyword values.  Format will not be moved into TDISPn keyword. [astropy.io.fits.column]
[1;38;2;49;54;149m    [INFO][0m - [38;2;116;173;209mspec2dobj.py:write_to_fits:721[0m - Wrote: /Users/kaiwenzhang/PycharmProjects/KCWI/KCWI_RED_channel_characterization/RH1 pypeit run/2023-11-07/pypeit_run/keck_kcrm_B/Science/spec2d_KR.20231108.54782.48-g191b2b_KCRM_20231108T151302.525.fits
[1;38;2;49;54;149m    [INFO][0m - [38;2;116;173;209mpypeit.py:reduce_all:232[0m - Finished calibration group 1
[1;38;2;49;54;149m    [INFO][0m - [38;2;116;173;209mpypeit.py:print_end_time:243[0m - Execution time: 3m 26.48s
[1;38;2;49;54;149m    [INFO][0m - [38;2;116;173;209mrun_pypeit.py:main:97[0m - Data reduction complete
[1;38;2;49;54;149m    [INFO][0m - [38;2;116;173;209mrun_pypeit.py:main:100[0m - Generating QA HTML
Wrote: /Users/kaiwenzhang/PycharmProjects/KCWI/KCWI_RED_channel_characterization/RH1 pypeit run/2023-11-07/pypeit_run/keck_kcrm_B/QA/MF_B.html
Wrote: QA/KR.20231108.54426.46-g191b2b_KCRM_20231108T150706.470.html
Wrote: QA/KR.20231108.54563.16-g191b2b_KCRM_20231108T150923.155.html
Wrote: QA/KR.20231108.54678.43-g191b2b_KCRM_20231108T151118.413.html
Wrote: QA/KR.20231108.54782.48-g191b2b_KCRM_20231108T151302.525.html
